SKU;Назва;Статус;Ціна постач. стара;Ціна постач. нова;Зміна постач. %;Наша ціна стара;Наша ціна нова;Зміна нашої %;CPA %;Джерело CPA;Наявність;Залишок;Алерт;Причина алерту
103201518;Передні поворотні платформи (2шт);ok;26400.00;26400.00;+0.00%;32830.00;30280.00;-7.77%;14.69%;Подъемники автомобильные;Ні;*;Так;відсутній у фіді
103260037;Ультразвукова ванна 100W місткість 1 літр;ok;8800.00;8800.00;+0.00%;10960.00;10120.00;-7.66%;15.00%;default;Так;*;Ні;
1129502952;Компресор поршневий Vрес=24л 170л/хв 220V 1,5кВт FIAC - AIR ;ok;7394.00;7394.00;+0.00%;9210.00;8070.00;-12.38%;9.05%;Компрессоры поршневые;Так;*;Ні;
1129502953;Компресор поршневий Vрес=50л 170л/хв 220V 1,5кВт FIAC - AIR ;ok;9504.00;9504.00;+0.00%;11840.00;10370.00;-12.42%;9.05%;Компрессоры поршневые;Так;*;Ні;
1129510212;Безмасляний компресор поршневий Vрес=6л 160л/хв 220V 1,1кВт ;ok;7156.00;7156.00;+0.00%;8920.00;7810.00;-12.44%;9.05%;Компрессоры поршневые;Ні;*;Так;відсутній у фіді
1129510917;Безмасляний компресор поршневий Vрес=24л 160л/хв 220V 1,1кВт;ok;8386.00;8386.00;+0.00%;10450.00;9150.00;-12.44%;9.05%;Компрессоры поршневые;Ні;*;Так;відсутній у фіді
114-COIL;"Індукційна котушка (спіраль діам 1-1/4 "") для IND-1000W";ok;616.00;616.00;+0.00%;790.00;710.00;-10.13%;15.00%;default;Так;*;Ні;
2-1450X2F50-220;Компресор безмасляний поршневий 50 л 2*1,45 кВт 220 В 280 л/;ok;14614.00;14614.00;+0.00%;18180.00;15940.00;-12.32%;9.05%;Компрессоры поршневые;Так;*;Ні;
201021526;Траверса пневмо-гідравлічна;ok;52800.00;52800.00;+0.00%;65620.00;60720.00;-7.47%;15.00%;default;Ні;*;Так;відсутній у фіді
21PRO;"Степлер пневматичний під скобу (PROFI) (12.7; 0.65 * 0.95; 6";ok;1998.00;1998.00;+0.00%;3270.00;2220.00;-32.11%;10.63%;Пневматические степлеры;Так;*;Так;подешевшало на 32.1%
301180746;Грузовий комплект адаптерів та ПЗ для X-431 PADV / PADV II L;ok;61600.00;61600.00;+0.00%;76560.00;70640.00;-7.73%;14.66%;Автомобильные диагностические сканеры;Так;*;Ні;
3020401000;Компресорна головка AB580 (580л/хв);ok;20372.00;20372.00;+0.00%;25340.00;22540.00;-11.05%;10.63%;Комплектующие для компрессоров;Так;*;Ні;
3021080000;Компресорна головка AB998 (998л/хв);ok;44288.00;44288.00;+0.00%;55050.00;49000.00;-10.99%;10.63%;Комплектующие для компрессоров;Так;*;Ні;
34-COIL;"Індукційна котушка (спіраль діам 3/4"") для IND-1000W";ok;484.00;484.00;+0.00%;860.00;560.00;-34.88%;14.73%;Паяльники;Так;*;Так;подешевшало на 34.9%
5000-01;Кабель USB для передачі даних на ПК (EXCEL) PROTESTER 5000-0;ok;1764.00;1901.00;+7.77%;3060.00;2190.00;-28.43%;15.00%;default;Так;*;Так;подешевшало на 28.4%
5110-150;Штангенциркуль електронний 150мм 0,01мм PROTESTER 5110-150;ok;1564.00;1564.00;+0.00%;1970.00;1800.00;-8.63%;14.65%;Штангенинструмент;Так;*;Ні;
5202-100;Мікрометр цифровий (75-100мм/0,001мм) PROTESTER 5202-100;ok;3318.00;3318.00;+0.00%;4150.00;3780.00;-8.92%;13.86%;Микрометры;Так;*;Ні;
5202-25;Мікрометр цифровий (0-25мм/0,001мм) PROTESTER 5202-25;ok;2127.00;2127.00;+0.00%;2670.00;2430.00;-8.99%;13.86%;Микрометры;Ні;*;Так;відсутній у фіді
5202-50;Мікрометр цифровий (25-50мм/0,001мм) PROTESTER 5202-50;ok;2328.00;2328.00;+0.00%;2920.00;2660.00;-8.90%;13.86%;Микрометры;Так;*;Ні;
5202-75;Мікрометр цифровий (50-75мм/0,001мм) PROTESTER 5202-75;ok;2829.00;2829.00;+0.00%;3720.00;3230.00;-13.17%;13.86%;Микрометры;Так;*;Ні;
5304-200A;Цифрова лінійна шкала 200мм з дистанційним дисплеєм PROTESTE;ok;1764.00;1764.00;+0.00%;2220.00;2030.00;-8.56%;14.65%;Угломеры;Так;*;Ні;
5304-300A;Цифрова лінійна шкала 300мм з дистанційним дисплеєм PROTESTE;ok;1896.00;1896.00;+0.00%;2380.00;2180.00;-8.40%;14.65%;Угломеры;Так;*;Ні;
5304-500A;Цифрова лінійна шкала 500мм з дистанційним дисплеєм PROTESTE;ok;2442.00;2442.00;+0.00%;3060.00;2800.00;-8.50%;14.65%;Угломеры;Так;*;Ні;
5307-10;Цифровий індикатор годинного типу (0-12,7мм) PROTESTER 5307-;ok;1764.00;1764.00;+0.00%;2220.00;2030.00;-8.56%;14.65%;Циферблатные индикаторы;Так;*;Ні;
5307-25;Цифровий індикатор годинного типу (0-25,4мм) PROTESTER 5307-;ok;2131.00;2131.00;+0.00%;2680.00;2450.00;-8.58%;14.65%;Циферблатные индикаторы;Так;*;Ні;
5312-08;Індикатор важiльно-зубчастий (0-0.8мм) PROTESTER 5312-08;ok;2103.00;2156.00;+2.52%;2640.00;2480.00;-6.06%;14.65%;Циферблатные индикаторы;Так;*;Ні;
5317-10;Цифровий індикатор 0-12.7 mm PROTESTER 5317-10;ok;2847.00;2847.00;+0.00%;3570.00;3240.00;-9.24%;13.71%;Толщиномеры;Так;*;Ні;
5317-25;Цифровий індикатор 0-25.4 mm PROTESTER 5317-25;ok;2983.00;2983.00;+0.00%;3730.00;3400.00;-8.85%;13.71%;Толщиномеры;Так;*;Ні;
5318-10;Цифровий індикатор 0-10 mm PROTESTER 5318-10;ok;7361.00;7361.00;+0.00%;9170.00;8380.00;-8.62%;13.71%;Толщиномеры;Так;*;Ні;
5336-160;Нутромір цифровий з індикатором 50-160мм PROTESTER 5336-160;ok;5094.00;5094.00;+0.00%;6360.00;5810.00;-8.65%;13.86%;Микрометры;Так;*;Ні;
5336-35;Нутромір цифровий з індикатором 18-35мм PROTESTER 5336-35;ok;4774.00;4774.00;+0.00%;5960.00;5440.00;-8.72%;13.86%;Микрометры;Так;*;Ні;
5336-50;Нутромір цифровий з індикатором 35-50мм PROTESTER 5336-50;ok;4774.00;4774.00;+0.00%;5960.00;5440.00;-8.72%;13.86%;Микрометры;Так;*;Ні;
5401-200;Цифрова лінійна шкала 200мм з дисплеєм PROTESTER 5401-200;ok;2882.00;2882.00;+0.00%;3610.00;3320.00;-8.03%;15.00%;default;Так;*;Ні;
5415-90B;Цифровий кутомір (інклінометр) на магнітному підставі (4х90°;ok;928.00;928.00;+0.00%;1180.00;1070.00;-9.32%;14.65%;Угломеры;Так;*;Ні;
5419-400D;Цифровий багатофункціональний вимірювач рівня (4 * 90°/400мм;ok;1566.00;1566.00;+0.00%;1970.00;1800.00;-8.63%;14.91%;Строительные уровни;Так;*;Ні;
5422-200;Цифровий кутомір з лінійкою 200мм PROTESTER 5422-200;ok;774.00;774.00;+0.00%;990.00;890.00;-10.10%;14.65%;Угломеры;Так;*;Ні;
5422-300;Цифровий кутомір з лінійкою 300мм PROTESTER 5422-300;ok;1008.00;1008.00;+0.00%;1280.00;1160.00;-9.38%;14.65%;Угломеры;Так;*;Ні;
5422-500;Цифровий кутомір з лінійкою 500мм PROTESTER 5422-500;ok;1302.00;1302.00;+0.00%;1650.00;1500.00;-9.09%;14.65%;Угломеры;Так;*;Ні;
5423-200;Цифровий кутомір з лінійкою 200мм PROTESTER 5423-200;ok;678.00;678.00;+0.00%;3700.00;780.00;-78.92%;14.65%;Угломеры;Так;*;Так;подешевшало на 78.9%
5423-300;Цифровий кутомір з лінійкою 300мм PROTESTER 5423-300;ok;1204.00;1204.00;+0.00%;1520.00;1390.00;-8.55%;14.65%;Угломеры;Так;*;Ні;
5423-500;Цифровий кутомір з лінійкою 500мм PROTESTER 5423-500;ok;1399.00;1399.00;+0.00%;1770.00;1610.00;-9.04%;14.65%;Угломеры;Так;*;Ні;
5PCS-2;Набір фарбувальний пневматичний 5 од AUARITA 5PCS-2;ok;1392.00;1392.00;+0.00%;1760.00;1580.00;-10.23%;13.20%;Пневматические краскопульты;Так;*;Ні;
65005610;Аерозольне консистентне брудовідштовхуюче мастило 500 мл S47;ok;616.00;616.00;+0.00%;790.00;710.00;-10.13%;15.00%;default;Так;*;Ні;
7212521000;Фільтр попереднього очищення (3 мкм) FQ2000 для гвинтового к;ok;8504.00;8504.00;+0.00%;10590.00;9780.00;-7.65%;15.00%;default;Ні;*;Так;відсутній у фіді
7212611000;Фільтр тонкого очищення (1 мкм - 0,1 мг/м3) FP2000 для гвинт;ok;8504.00;8504.00;+0.00%;10590.00;9780.00;-7.65%;15.00%;default;Так;*;Ні;
8016;"Степлер пневматичний під скобу (12.7;0.65*0.95;6-16) Ga21 (з";ok;1615.00;1615.00;+0.00%;3710.00;1790.00;-51.75%;10.63%;Пневматические степлеры;Так;*;Так;подешевшало на 51.8%
8016-DC407;"Степлер пневматический под скобу (12.7;0.65*0.95;6-16) Ga21 ";ok;1460.00;1460.00;+0.00%;1840.00;1620.00;-11.96%;10.63%;Пневматические степлеры;Так;*;Ні;
818C;Фарбувальний пістолет для безповітряного розпилювача з форсу;ok;3414.00;3414.00;+0.00%;4270.00;3930.00;-7.96%;15.00%;default;Так;*;Ні;
9100281000;Компресорна головка AB380 (380л/хв);ok;11770.00;11770.00;+0.00%;14650.00;13030.00;-11.06%;10.63%;Комплектующие для компрессоров;Так;*;Ні;
9995260000;Компресор 24 л поршневий 220В COSMOS 2420 CE ROSSO FIAC 9995;ok;6863.00;6863.00;+0.00%;8550.00;7490.00;-12.40%;9.05%;Компрессоры поршневые;Ні;*;Так;відсутній у фіді
A301;"Пневмогайковерт 1/2"" (1350N/m max 1700N/m; 7000об/хв) AEROPR";ok;4747.00;4747.00;+0.00%;5930.00;5240.00;-11.64%;10.38%;Пневматические гайковерты;Так;*;Ні;
A398;"Пневмогайковерт 1/2"" (850N/m max 1350N/m; 7800об/хв) AEROPRO";ok;3843.00;3843.00;+0.00%;5280.00;4250.00;-19.51%;10.38%;Пневматические гайковерты;Так;*;Ні;
A750R;Стенд для РУУК технологія 3-D 2-х камерний ПЗ Nexion (Італія;ok;365200.00;365200.00;+0.00%;417820.00;418740.00;+0.22%;14.66%;Стенды регулировки развал-схождения колес;Так;*;Ні;
A8016-21GA;"Степлер пневматичний під скобу професійний (12.7;0.65*0.95;6";ok;2735.00;2735.00;+0.00%;3430.00;3030.00;-11.66%;10.63%;Пневматические степлеры;Так;*;Ні;
AAAC0809;Ключ накидний С-подібний 8x9 (стартерний) TOPTUL AAAC0809;ok;153.00;153.00;+0.00%;220.00;180.00;-18.18%;15.08%;Накидные ключи;Так;*;Ні;
AAAC1012;Ключ накидний С-подібний 10x12 (стартерний) TOPTUL AAAC1012;ok;162.00;162.00;+0.00%;230.00;190.00;-17.39%;15.08%;Накидные ключи;Так;*;Ні;
AAAC1113;Ключ накидний С-подібний 11x13 (стартерний) TOPTUL AAAC1113;ok;184.00;184.00;+0.00%;260.00;220.00;-15.38%;15.08%;Накидные ключи;Так;*;Ні;
AAAC1417;Ключ накидний С-подібний 14x17 (стартерний) TOPTUL AAAC1417;ok;211.00;211.00;+0.00%;290.00;250.00;-13.79%;15.08%;Накидные ключи;Так;*;Ні;
AAAC1618;Ключ накидний С-подібний 16x18 (стартерний) TOPTUL AAAC1618;ok;242.00;242.00;+0.00%;330.00;280.00;-15.15%;15.08%;Накидные ключи;Так;*;Ні;
AAAC1922;Ключ накидний С-подібний 19x22 (стартерний) TOPTUL AAAC1922;ok;317.00;317.00;+0.00%;420.00;370.00;-11.90%;15.08%;Накидные ключи;Так;*;Ні;
AAAF0707;Ключ комбінований вкорочений 7мм(полірований) TOPTUL AAAF070;ok;60.00;60.00;+0.00%;100.00;70.00;-30.00%;15.21%;Комбинированные ключи;Так;*;Так;подешевшало на 30.0%
AAAF0808;Ключ комбінований вкорочений 8мм (полірований) TOPTUL AAAF08;ok;60.00;60.00;+0.00%;100.00;70.00;-30.00%;15.21%;Комбинированные ключи;Так;*;Так;подешевшало на 30.0%
AAAF0909;Ключ комбінований вкорочений 9мм (полірований) TOPTUL AAAF09;ok;70.00;70.00;+0.00%;120.00;90.00;-25.00%;15.21%;Комбинированные ключи;Так;*;Так;подешевшало на 25.0%
AAAF1010;Ключ комбінований вкорочений 10мм (полірований) TOPTUL AAAF1;ok;70.00;70.00;+0.00%;120.00;90.00;-25.00%;15.21%;Комбинированные ключи;Так;*;Так;подешевшало на 25.0%
AAAF1111;Ключ комбінований вкорочений 11мм (полірований) TOPTUL AAAF1;ok;73.00;73.00;+0.00%;120.00;90.00;-25.00%;15.21%;Комбинированные ключи;Так;*;Так;подешевшало на 25.0%
AAAF1212;Ключ комбінований вкорочений 12мм (полірований) TOPTUL AAAF1;ok;75.00;75.00;+0.00%;120.00;90.00;-25.00%;15.21%;Комбинированные ключи;Так;*;Так;подешевшало на 25.0%
AAAF1313;Ключ комбінований вкорочений 13мм (полірований) TOPTUL AAAF1;ok;84.00;84.00;+0.00%;130.00;100.00;-23.08%;15.21%;Комбинированные ключи;Так;*;Так;подешевшало на 23.1%
AAAF1414;Ключ комбінований вкорочений 14мм (полірований) TOPTUL AAAF1;ok;92.00;92.00;+0.00%;140.00;110.00;-21.43%;15.21%;Комбинированные ключи;Так;*;Так;подешевшало на 21.4%
AAAF1515;Ключ комбінований вкорочений 15мм (полірований) TOPTUL AAAF1;ok;97.00;97.00;+0.00%;150.00;120.00;-20.00%;15.21%;Комбинированные ключи;Так;*;Так;подешевшало на 20.0%
AAAF1616;Ключ комбінований вкорочений 16мм (полірований) TOPTUL AAAF1;ok;107.00;107.00;+0.00%;160.00;130.00;-18.75%;15.21%;Комбинированные ключи;Так;*;Ні;
AAAF1717;Ключ комбінований вкорочений 17мм (полірований) TOPTUL AAAF1;ok;115.00;115.00;+0.00%;170.00;140.00;-17.65%;15.21%;Комбинированные ключи;Так;*;Ні;
AAAF1818;Ключ комбінований вкорочений 18мм (полірований) TOPTUL AAAF1;ok;126.00;126.00;+0.00%;180.00;150.00;-16.67%;15.21%;Комбинированные ключи;Так;*;Ні;
AAAF1919;Ключ комбінований вкорочений 19мм (полірований) TOPTUL AAAF1;ok;145.00;145.00;+0.00%;210.00;170.00;-19.05%;15.21%;Комбинированные ключи;Так;*;Ні;
AAAK0809;Ключ накидний укорочений (кут 45°) 8х9мм TOPTUL AAAK0809;ok;103.00;103.00;+0.00%;160.00;120.00;-25.00%;15.08%;Накидные ключи;Так;*;Так;подешевшало на 25.0%
AAAK1011;Ключ накидний укорочений (кут 45°) 10х11мм TOPTUL AAAK1011;ok;103.00;103.00;+0.00%;160.00;120.00;-25.00%;15.08%;Накидные ключи;Так;*;Так;подешевшало на 25.0%
AAAK1213;Ключ накидний укорочений (кут 45°) 12х13мм TOPTUL AAAK1213;ok;123.00;123.00;+0.00%;180.00;150.00;-16.67%;15.08%;Накидные ключи;Так;*;Ні;
AAAP0810;Ключ накидний прямий супердовгий 8х10мм посилений TOPTUL AAA;ok;274.00;274.00;+0.00%;370.00;320.00;-13.51%;15.08%;Накидные ключи;Так;*;Ні;
AAAP1012;Ключ накидний прямий супердовгий 10х12мм посилений TOPTUL AA;ok;333.00;333.00;+0.00%;440.00;390.00;-11.36%;15.08%;Накидные ключи;Так;*;Ні;
AAAP1214;Ключ накидний прямий супердовгий 12х14мм посилений TOPTUL AA;ok;414.00;414.00;+0.00%;540.00;480.00;-11.11%;15.08%;Накидные ключи;Так;*;Ні;
AAAP1417;Ключ накидний прямий супердовгий 14х17мм посилений TOPTUL AA;ok;510.00;510.00;+0.00%;660.00;590.00;-10.61%;15.08%;Накидные ключи;Ні;*;Так;відсутній у фіді
AAAP1719;Ключ накидний прямий супердовгий 17х19мм посилений TOPTUL AA;ok;619.00;619.00;+0.00%;800.00;720.00;-10.00%;15.08%;Накидные ключи;Так;*;Ні;
AAAP2224;Ключ накидний прямий супердовгий 22х24мм посилений TOPTUL AA;ok;764.00;764.00;+0.00%;980.00;880.00;-10.20%;15.08%;Накидные ключи;Так;*;Ні;
AAAR2222;Ключ накидний односторонній (ударний) 22мм TOPTUL AAAR2222;ok;301.00;301.00;+0.00%;400.00;350.00;-12.50%;15.08%;Накидные ключи;Так;*;Ні;
AAAR2424;Ключ накидний односторонній (ударний) 24мм TOPTUL AAAR2424;ok;301.00;301.00;+0.00%;400.00;350.00;-12.50%;15.08%;Накидные ключи;Так;*;Ні;
AAAR2626;Ключ накидний односторонній (ударний) 26мм TOPTUL AAAR2626;ok;350.00;350.00;+0.00%;460.00;410.00;-10.87%;15.08%;Накидные ключи;Так;*;Ні;
AAAR2727;Ключ накидний односторонній (ударний) 27мм TOPTUL AAAR2727;ok;350.00;350.00;+0.00%;460.00;410.00;-10.87%;15.08%;Накидные ключи;Так;*;Ні;
AAAR3030;Ключ накидний односторонній (ударний) 30мм TOPTUL AAAR3030;ok;451.00;451.00;+0.00%;590.00;520.00;-11.86%;15.08%;Накидные ключи;Так;*;Ні;
AAAR3232;Ключ накидний односторонній (ударний) 32мм TOPTUL AAAR3232;ok;451.00;451.00;+0.00%;590.00;520.00;-11.86%;15.08%;Накидные ключи;Так;*;Ні;
AAAR3333;Ключ накидний односторонній (ударний) 33мм TOPTUL AAAR3333;ok;467.00;467.00;+0.00%;610.00;540.00;-11.48%;15.08%;Накидные ключи;Так;*;Ні;
AAAR3434;Ключ накидний односторонній (ударний) 34мм TOPTUL AAAR3434;ok;575.00;575.00;+0.00%;740.00;670.00;-9.46%;15.08%;Накидные ключи;Так;*;Ні;
AAAR3636;Ключ накидний односторонній (ударний) 36мм TOPTUL AAAR3636;ok;575.00;575.00;+0.00%;740.00;670.00;-9.46%;15.08%;Накидные ключи;Так;*;Ні;
AAAR3838;Ключ накидний односторонній (ударний) 38мм TOPTUL AAAR3838;ok;575.00;575.00;+0.00%;740.00;670.00;-9.46%;15.08%;Накидные ключи;Так;*;Ні;
AAAR4141;Ключ накидний односторонній (ударний) 41мм TOPTUL AAAR4141;ok;722.00;722.00;+0.00%;930.00;840.00;-9.68%;15.08%;Накидные ключи;Так;*;Ні;
AAAR4242;Ключ накидний односторонній (ударний) 42мм TOPTUL AAAR4242;ok;688.00;688.00;+0.00%;880.00;800.00;-9.09%;15.08%;Накидные ключи;Ні;*;Так;відсутній у фіді
AAAR4646;Ключ накидний односторонній (ударний) 46мм TOPTUL AAAR4646;ok;941.00;941.00;+0.00%;1200.00;1090.00;-9.17%;15.08%;Накидные ключи;Так;*;Ні;
AAAR5050;Ключ накидний односторонній (ударний) 50мм TOPTUL AAAR5050;ok;1353.00;1353.00;+0.00%;1710.00;1560.00;-8.77%;15.08%;Накидные ключи;Так;*;Ні;
AAAR5252;Ключ накидний односторонній (ударний) 52мм TOPTUL AAAR5252;ok;1353.00;1353.00;+0.00%;1710.00;1560.00;-8.77%;15.08%;Накидные ключи;Так;*;Ні;
AAAR5555;Ключ накидний односторонній (ударний) 55мм TOPTUL AAAR5555;ok;2039.00;2039.00;+0.00%;2560.00;2350.00;-8.20%;15.08%;Накидные ключи;Так;*;Ні;
AAAR6060;Ключ накидний односторонній (ударний) 60мм TOPTUL AAAR6060;ok;2241.00;2241.00;+0.00%;2810.00;2580.00;-8.19%;15.08%;Накидные ключи;Так;*;Ні;
AAAR6565;Ключ накидний односторонній (ударний) 65мм TOPTUL AAAR6565;ok;2241.00;2241.00;+0.00%;2810.00;2580.00;-8.19%;15.08%;Накидные ключи;Так;*;Ні;
AAAR7070;Ключ накидний односторонній (ударний) 70мм TOPTUL AAAR7070;ok;5717.00;5717.00;+0.00%;7130.00;6580.00;-7.71%;15.08%;Накидные ключи;Так;*;Ні;
AAAR7575;Ключ накидний односторонній (ударний) 75мм TOPTUL AAAR7575;ok;5717.00;5717.00;+0.00%;7130.00;6580.00;-7.71%;15.08%;Накидные ключи;Так;*;Ні;
AAAR8080;Ключ накидний односторонній (ударний) 80мм TOPTUL AAAR8080;ok;8449.00;8449.00;+0.00%;10520.00;9730.00;-7.51%;15.08%;Накидные ключи;Так;*;Ні;
AAAR8585;Ключ накидний односторонній (ударний) 85мм (шт) TOPTUL AAAR8;ok;8151.00;8151.00;+0.00%;10150.00;9390.00;-7.49%;15.08%;Накидные ключи;Так;*;Ні;
AAAR9090;Ключ накидний односторонній (ударний) 90мм TOPTUL AAAR9090;ok;11432.00;11432.00;+0.00%;14230.00;13160.00;-7.52%;15.08%;Накидные ключи;Ні;*;Так;відсутній у фіді
AAAR9595;Ключ накидний односторонній (ударний) 95мм TOPTUL AAAR9595;ok;11432.00;11432.00;+0.00%;14230.00;13160.00;-7.52%;15.08%;Накидные ключи;Так;*;Ні;
AAARA0A0;Ключ накидний односторонній (ударний) 100мм TOPTUL AAARA0A0;ok;15107.00;15107.00;+0.00%;18800.00;17390.00;-7.50%;15.08%;Накидные ключи;Так;*;Ні;
AAARA5A5;Ключ накидний односторонній (ударний) 105мм TOPTUL AAARA5A5;ok;15107.00;15107.00;+0.00%;18800.00;17390.00;-7.50%;15.08%;Накидные ключи;Так;*;Ні;
AAAS1717;Ключ накидний односторонній (ударний під трубу) кут 45° 17мм;ok;370.00;370.00;+0.00%;490.00;430.00;-12.24%;15.08%;Накидные ключи;Так;*;Ні;
AAAS1919;Ключ накидний односторонній (ударний під трубу) кут 45° 19мм;ok;370.00;370.00;+0.00%;490.00;430.00;-12.24%;15.08%;Накидные ключи;Так;*;Ні;
AAAS2121;Ключ накидний односторонній (ударний під трубу) кут 45° 21мм;ok;462.00;462.00;+0.00%;600.00;540.00;-10.00%;15.08%;Накидные ключи;Так;*;Ні;
AAAS2222;Ключ накидний односторонній (ударний під трубу) кут 45° 22мм;ok;462.00;462.00;+0.00%;600.00;540.00;-10.00%;15.08%;Накидные ключи;Так;*;Ні;
AAAS2323;Ключ накидний односторонній (ударний під трубу) кут 45° 23мм;ok;462.00;462.00;+0.00%;600.00;540.00;-10.00%;15.08%;Накидные ключи;Так;*;Ні;
AAAS2424;Ключ накидний односторонній (ударний під трубу) кут 45° 24мм;ok;607.00;607.00;+0.00%;780.00;700.00;-10.26%;15.08%;Накидные ключи;Так;*;Ні;
AAAS2727;Ключ накидний односторонній (ударний під трубу) кут 45° 27мм;ok;682.00;682.00;+0.00%;880.00;790.00;-10.23%;15.08%;Накидные ключи;Так;*;Ні;
AAAS3030;Ключ накидний односторонній (ударний під трубу) кут 45° 30мм;ok;819.00;819.00;+0.00%;1050.00;950.00;-9.52%;15.08%;Накидные ключи;Так;*;Ні;
AAAS3232;Ключ накидний односторонній (ударний під трубу) кут 45° 32мм;ok;819.00;819.00;+0.00%;1050.00;950.00;-9.52%;15.08%;Накидные ключи;Так;*;Ні;
AAAS3636;Ключ накидний односторонній (ударний під трубу) кут 45° 36мм;ok;1268.00;1268.00;+0.00%;1600.00;1460.00;-8.75%;15.08%;Накидные ключи;Так;*;Ні;
AAAS4141;Ключ накидний односторонній (ударний під трубу) кут 45° 41мм;ok;1541.00;1541.00;+0.00%;1940.00;1780.00;-8.25%;15.08%;Накидные ключи;Так;*;Ні;
AAAS4343;Ключ накидний односторонній (ударний під трубу) кут 45° 43мм;ok;2028.00;2028.00;+0.00%;2550.00;2340.00;-8.24%;15.08%;Накидные ключи;Так;*;Ні;
AAAS4646;Ключ накидний односторонній (ударний під трубу) кут 45° 46мм;ok;2028.00;2028.00;+0.00%;2550.00;2340.00;-8.24%;15.08%;Накидные ключи;Так;*;Ні;
AAAS5050;Ключ накидний односторонній (ударний під трубу) кут 45° 50мм;ok;2905.00;2905.00;+0.00%;3640.00;3350.00;-7.97%;15.08%;Накидные ключи;Так;*;Ні;
AAAS5555;Ключ накидний односторонній (ударний під трубу) кут 45°55мм ;ok;2855.00;2855.00;+0.00%;3580.00;3290.00;-8.10%;15.08%;Накидные ключи;Так;*;Ні;
AAAS6060;Ключ накидний односторонній (ударний під трубу) кут 45° 60мм;ok;4269.00;4269.00;+0.00%;5330.00;4920.00;-7.69%;15.08%;Накидные ключи;Так;*;Ні;
AAAS6565;Ключ накидний односторонній (ударний під трубу) кут 45° 65мм;ok;4194.00;4194.00;+0.00%;5240.00;4830.00;-7.82%;15.08%;Накидные ключи;Так;*;Ні;
AAAT0808V4;Ключ ріжковий односторонній 8мм 1000V VDE TOPTUL AAAT0808V4;ok;531.00;531.00;+0.00%;690.00;620.00;-10.14%;15.21%;Рожковые ключи;Так;*;Ні;
AAAT0909V4;Ключ ріжковий односторонній 9мм 1000V VDE TOPTUL AAAT0909V4;ok;531.00;531.00;+0.00%;690.00;620.00;-10.14%;15.21%;Рожковые ключи;Так;*;Ні;
AAAT1010V4;Ключ ріжковий односторонній 10мм 1000V VDE TOPTUL AAAT1010V4;ok;546.00;546.00;+0.00%;710.00;630.00;-11.27%;15.21%;Рожковые ключи;Ні;*;Так;відсутній у фіді
AAAT1111V4;Ключ ріжковий односторонній 11мм 1000V VDE TOPTUL AAAT1111V4;ok;588.00;588.00;+0.00%;760.00;680.00;-10.53%;15.21%;Рожковые ключи;Так;*;Ні;
AAAT1212V4;Ключ ріжковий односторонній 12мм 1000V VDE TOPTUL AAAT1212V4;ok;588.00;588.00;+0.00%;760.00;680.00;-10.53%;15.21%;Рожковые ключи;Так;*;Ні;
AAAT1313V4;Ключ ріжковий односторонній 13мм 1000V VDE TOPTUL AAAT1313V4;ok;621.00;621.00;+0.00%;800.00;720.00;-10.00%;15.21%;Рожковые ключи;Так;*;Ні;
AAAT1414V4;Ключ ріжковий односторонній 14мм 1000V VDE TOPTUL AAAT1414V4;ok;621.00;621.00;+0.00%;800.00;720.00;-10.00%;15.21%;Рожковые ключи;Так;*;Ні;
AAAT1515V4;Ключ ріжковий односторонній 15мм 1000V VDE TOPTUL AAAT1515V4;ok;687.00;687.00;+0.00%;880.00;800.00;-9.09%;15.21%;Рожковые ключи;Так;*;Ні;
AAAT1616V4;Ключ ріжковий односторонній 16мм 1000V VDE TOPTUL AAAT1616V4;ok;687.00;687.00;+0.00%;880.00;800.00;-9.09%;15.21%;Рожковые ключи;Так;*;Ні;
AAAT1717;Ключ ріжковий односторонній (посилений) 17мм TOPTUL AAAT1717;ok;211.00;211.00;+0.00%;480.00;250.00;-47.92%;15.21%;Рожковые ключи;Так;*;Так;подешевшало на 47.9%
AAAT1717V4;Ключ ріжковий односторонній 17мм 1000V VDE TOPTUL AAAT1717V4;ok;687.00;687.00;+0.00%;880.00;800.00;-9.09%;15.21%;Рожковые ключи;Так;*;Ні;
AAAT1818V4;Ключ ріжковий односторонній 18мм 1000V VDE TOPTUL AAAT1818V4;ok;782.00;782.00;+0.00%;1000.00;910.00;-9.00%;15.21%;Рожковые ключи;Так;*;Ні;
AAAT1919;Ключ ріжковий односторонній (посилений) 19мм TOPTUL AAAT1919;ok;213.00;213.00;+0.00%;480.00;250.00;-47.92%;15.21%;Рожковые ключи;Так;*;Так;подешевшало на 47.9%
AAAT1919V4;Ключ ріжковий односторонній 19мм 1000V VDE TOPTUL AAAT1919V4;ok;782.00;782.00;+0.00%;1000.00;910.00;-9.00%;15.21%;Рожковые ключи;Так;*;Ні;
AAAT2121;Ключ ріжковий односторонній (посилений) 21мм TOPTUL AAAT2121;ok;213.00;213.00;+0.00%;570.00;250.00;-56.14%;15.21%;Рожковые ключи;Так;*;Так;подешевшало на 56.1%
AAAT2121V4;Ключ ріжковий односторонній 21мм 1000V VDE TOPTUL AAAT2121V4;ok;979.00;979.00;+0.00%;1240.00;1130.00;-8.87%;15.21%;Рожковые ключи;Так;*;Ні;
AAAT2222;Ключ ріжковий односторонній (посилений) 22мм TOPTUL AAAT2222;ok;265.00;265.00;+0.00%;680.00;310.00;-54.41%;15.21%;Рожковые ключи;Так;*;Так;подешевшало на 54.4%
AAAT2222V4;Ключ ріжковий односторонній 22мм 1000V VDE TOPTUL AAAT2222V4;ok;979.00;979.00;+0.00%;1240.00;1130.00;-8.87%;15.21%;Рожковые ключи;Так;*;Ні;
AAAT2424;Ключ ріжковий односторонній (посилений) 24мм TOPTUL AAAT2424;ok;265.00;265.00;+0.00%;590.00;310.00;-47.46%;15.21%;Рожковые ключи;Так;*;Так;подешевшало на 47.5%
AAAT2424V4;Ключ ріжковий односторонній 24мм 1000V VDE TOPTUL AAAT2424V4;ok;1052.00;1052.00;+0.00%;1340.00;1220.00;-8.96%;15.21%;Рожковые ключи;Так;*;Ні;
AAAT2727;Ключ ріжковий односторонній (посилений) 27мм TOPTUL AAAT2727;ok;369.00;369.00;+0.00%;490.00;430.00;-12.24%;15.21%;Рожковые ключи;Так;*;Ні;
AAAT3030;Ключ ріжковий односторонній (посилений) 30мм TOPTUL AAAT3030;ok;433.00;433.00;+0.00%;570.00;500.00;-12.28%;15.21%;Рожковые ключи;Так;*;Ні;
AAAT3232;Ключ ріжковий односторонній (посилений) 32мм TOPTUL AAAT3232;ok;532.00;532.00;+0.00%;690.00;620.00;-10.14%;15.21%;Рожковые ключи;Так;*;Ні;
AAAT3333;Ключ ріжковий односторонній (посилений) 33мм TOPTUL AAAT3333;ok;549.00;549.00;+0.00%;710.00;640.00;-9.86%;15.21%;Рожковые ключи;Так;*;Ні;
AAAT3434;Ключ ріжковий односторонній (посилений) 34мм TOPTUL AAAT3434;ok;549.00;549.00;+0.00%;710.00;640.00;-9.86%;15.21%;Рожковые ключи;Так;*;Ні;
AAAT3636;Ключ ріжковий односторонній (посилений) 36мм TOPTUL AAAT3636;ok;819.00;819.00;+0.00%;1050.00;950.00;-9.52%;15.21%;Рожковые ключи;Так;*;Ні;
AAAT3838;Ключ ріжковий односторонній (посилений) 38мм TOPTUL AAAT3838;ok;819.00;819.00;+0.00%;1050.00;950.00;-9.52%;15.21%;Рожковые ключи;Так;*;Ні;
AAAT4141;Ключ ріжковий односторонній (посилений) 41мм TOPTUL AAAT4141;ok;1133.00;1133.00;+0.00%;1440.00;1310.00;-9.03%;15.21%;Рожковые ключи;Так;*;Ні;
AAAT4646;Ключ ріжковий односторонній (посилений) 46мм TOPTUL AAAT4646;ok;1401.00;1401.00;+0.00%;1770.00;1620.00;-8.47%;15.21%;Рожковые ключи;Ні;*;Так;відсутній у фіді
AAAT5050;Ключ ріжковий односторонній (посилений) 50мм TOPTUL AAAT5050;ok;1690.00;1690.00;+0.00%;2130.00;1950.00;-8.45%;15.21%;Рожковые ключи;Так;*;Ні;
AAAT5555;Ключ ріжковий односторонній (посилений) 55мм TOPTUL AAAT5555;ok;2358.00;2358.00;+0.00%;2960.00;2720.00;-8.11%;15.21%;Рожковые ключи;Так;*;Ні;
AAAT6060;Ключ ріжковий односторонній (посилений) 60мм TOPTUL AAAT6060;ok;2358.00;2358.00;+0.00%;2960.00;2720.00;-8.11%;15.21%;Рожковые ключи;Так;*;Ні;
AAAU3030;Ключ накидний односторонній (ударний під монтировку) кут 45°;ok;1447.00;1447.00;+0.00%;1830.00;1670.00;-8.74%;15.08%;Накидные ключи;Так;*;Ні;
AAAU3232;Ключ накидний односторонній (ударний під монтировку) кут 45°;ok;1447.00;1447.00;+0.00%;1830.00;1670.00;-8.74%;15.08%;Накидные ключи;Так;*;Ні;
AAAU3636;Ключ накидний односторонній (ударний під монтировку) кут 45°;ok;1486.00;1486.00;+0.00%;1870.00;1720.00;-8.02%;15.08%;Накидные ключи;Так;*;Ні;
AAAU4141;Ключ накидний односторонній (ударний під монтировку) кут 45°;ok;1742.00;1742.00;+0.00%;2190.00;2010.00;-8.22%;15.08%;Накидные ключи;Так;*;Ні;
AAAU4646;Ключ накидний односторонній (ударний під монтировку) кут 45°;ok;2138.00;2138.00;+0.00%;2680.00;2470.00;-7.84%;15.08%;Накидные ключи;Так;*;Ні;
AAAU5050;Ключ накидний односторонній (ударний під монтировку) кут 45°;ok;2036.00;2036.00;+0.00%;2560.00;2350.00;-8.20%;15.08%;Накидные ключи;Так;*;Ні;
AAAU5555;Ключ накидний односторонній (ударний під монтировку) кут 45°;ok;2258.00;2258.00;+0.00%;2830.00;2600.00;-8.13%;15.08%;Накидные ключи;Ні;*;Так;відсутній у фіді
AAAU6060;Ключ накидний односторонній (ударний під монтировку) кут 45°;ok;2149.00;2149.00;+0.00%;2700.00;2480.00;-8.15%;15.08%;Накидные ключи;Так;*;Ні;
AAAU6565;Ключ накидний односторонній (ударний під монтировку) кут 45°;ok;3517.00;3517.00;+0.00%;4400.00;4050.00;-7.95%;15.08%;Накидные ключи;Так;*;Ні;
AAAV2424;Ключ накидний односторонній (ударний під подовжувач) кут 45°;ok;1379.00;1379.00;+0.00%;1740.00;1590.00;-8.62%;15.08%;Накидные ключи;Так;*;Ні;
AAAV2727;Ключ накидний односторонній (ударний під подовжувач) кут 45°;ok;1379.00;1379.00;+0.00%;1740.00;1590.00;-8.62%;15.08%;Накидные ключи;Так;*;Ні;
AAAV3030;Ключ накидний односторонній (ударний під подовжувач) кут 45°;ok;1447.00;1447.00;+0.00%;1830.00;1670.00;-8.74%;15.08%;Накидные ключи;Ні;*;Так;відсутній у фіді
AAAV3232;Ключ накидний односторонній (ударний під подовжувач) кут 45°;ok;1447.00;1447.00;+0.00%;1830.00;1670.00;-8.74%;15.08%;Накидные ключи;Ні;*;Так;відсутній у фіді
AAAV3636;Ключ накидний односторонній (ударний під подовжувач) кут 45°;ok;1617.00;1617.00;+0.00%;2040.00;1870.00;-8.33%;15.08%;Накидные ключи;Ні;*;Так;відсутній у фіді
AAAV3838;Ключ накидний односторонній (ударний під подовжувач) кут 45°;ok;1617.00;1617.00;+0.00%;2040.00;1870.00;-8.33%;15.08%;Накидные ключи;Так;*;Ні;
AAAV4141;Ключ накидний односторонній (ударний під подовжувач) кут 45°;ok;1890.00;1890.00;+0.00%;2380.00;2180.00;-8.40%;15.08%;Накидные ключи;Так;*;Ні;
AAAV4343;Ключ накидний односторонній (ударний під подовжувач) кут 45°;ok;1798.00;1798.00;+0.00%;2260.00;2070.00;-8.41%;15.08%;Накидные ключи;Так;*;Ні;
AAAV4646;Ключ накидний односторонній (ударний під подовжувач) кут 45°;ok;2224.00;2224.00;+0.00%;2790.00;2560.00;-8.24%;15.08%;Накидные ключи;Так;*;Ні;
AAAV5050;Ключ накидний односторонній (ударний під подовжувач) кут 45°;ok;2100.00;2100.00;+0.00%;2640.00;2420.00;-8.33%;15.08%;Накидные ключи;Ні;*;Так;відсутній у фіді
AAAV5555;Ключ накидний односторонній (ударний під подовжувач) кут 45°;ok;2231.00;2231.00;+0.00%;2800.00;2570.00;-8.21%;15.08%;Накидные ключи;Ні;*;Так;відсутній у фіді
AAAV6060;Ключ накидний односторонній (ударний під подовжувач) кут 45°;ok;2403.00;2403.00;+0.00%;3010.00;2770.00;-7.97%;15.08%;Накидные ключи;Так;*;Ні;
AAAV6565;Ключ накидний односторонній (ударний під подовжувач) кут 45°;ok;3517.00;3517.00;+0.00%;4400.00;4050.00;-7.95%;15.08%;Накидные ключи;Так;*;Ні;
AAAV7070;Ключ накидний односторонній (ударний під подовжувач) кут 45°;ok;3941.00;3941.00;+0.00%;4920.00;4540.00;-7.72%;15.08%;Накидные ключи;Так;*;Ні;
AAAV7575;Ключ накидний односторонній (ударний під подовжувач) кут 45°;ok;6921.00;6921.00;+0.00%;8630.00;7970.00;-7.65%;15.08%;Накидные ключи;Так;*;Ні;
AAAV8080;Ключ накидний односторонній (ударний під подовжувач) кут 45°;ok;7489.00;7489.00;+0.00%;9330.00;8620.00;-7.61%;15.08%;Накидные ключи;Так;*;Ні;
AAAV8585;Ключ накидний односторонній (ударний під подовжувач) кут 45°;ok;7669.00;7669.00;+0.00%;9560.00;8830.00;-7.64%;15.08%;Накидные ключи;Так;*;Ні;
AAAV9090;Ключ накидний односторонній (ударний під подовжувач) кут 45°;ok;8624.00;8624.00;+0.00%;10740.00;9930.00;-7.54%;15.08%;Накидные ключи;Так;*;Ні;
AAAV9595;Ключ накидний односторонній (ударний під подовжувач) кут 45°;ok;9528.00;9528.00;+0.00%;11870.00;10970.00;-7.58%;15.08%;Накидные ключи;Так;*;Ні;
AAAVA0A0;Ключ накидний односторонній (ударний під подовжувач) кут 45°;ok;9288.00;9288.00;+0.00%;11570.00;10690.00;-7.61%;15.08%;Накидные ключи;Так;*;Ні;
AAAVA5A5;Ключ накидний односторонній (ударний під подовжувач) кут 45°;ok;9828.00;9828.00;+0.00%;12240.00;11320.00;-7.52%;15.08%;Накидные ключи;Так;*;Ні;
AAAW0808V4;Ключ накидний односторонній (кут 75°) 8мм 1000V VDE TOPTUL A;ok;742.00;742.00;+0.00%;950.00;860.00;-9.47%;15.08%;Накидные ключи;Так;*;Ні;
AAAW0909V4;Ключ накидний односторонній (кут 75°) 9мм 1000V VDE TOPTUL A;ok;743.00;743.00;+0.00%;950.00;860.00;-9.47%;15.08%;Накидные ключи;Так;*;Ні;
AAAW1010V4;Ключ накидний односторонній (кут 75°) 10мм 1000V VDE TOPTUL ;ok;775.00;775.00;+0.00%;990.00;900.00;-9.09%;15.08%;Накидные ключи;Так;*;Ні;
AAAW1111V4;Ключ накидний односторонній (кут 75°) 11мм 1000V VDE TOPTUL ;ok;808.00;808.00;+0.00%;1030.00;930.00;-9.71%;15.08%;Накидные ключи;Так;*;Ні;
AAAW1212V4;Ключ накидний односторонній (кут 75°) 12мм 1000V VDE TOPTUL ;ok;808.00;808.00;+0.00%;1030.00;930.00;-9.71%;15.08%;Накидные ключи;Так;*;Ні;
AAAW1313V4;Ключ накидний односторонній (кут 75°) 13мм 1000V VDE TOPTUL ;ok;880.00;880.00;+0.00%;1120.00;1020.00;-8.93%;15.08%;Накидные ключи;Так;*;Ні;
AAAW1414V4;Ключ накидний односторонній (кут 75°) 14мм 1000V VDE TOPTUL ;ok;880.00;880.00;+0.00%;1120.00;1020.00;-8.93%;15.08%;Накидные ключи;Так;*;Ні;
AAAW1515V4;Ключ накидний односторонній (кут 75°) 15мм 1000V VDE TOPTUL ;ok;978.00;978.00;+0.00%;1240.00;1130.00;-8.87%;15.08%;Накидные ключи;Так;*;Ні;
AAAW1616V4;Ключ накидний односторонній (кут 75°) 16мм 1000V VDE TOPTUL ;ok;979.00;979.00;+0.00%;1240.00;1130.00;-8.87%;15.08%;Накидные ключи;Так;*;Ні;
AAAW1717V4;Ключ накидний односторонній (кут 75°) 17мм 1000V VDE TOPTUL ;ok;979.00;979.00;+0.00%;1240.00;1130.00;-8.87%;15.08%;Накидные ключи;Так;*;Ні;
AAAW1818V4;Ключ накидний односторонній (кут 75°) 18мм 1000V VDE TOPTUL ;ok;1128.00;1128.00;+0.00%;1430.00;1300.00;-9.09%;15.08%;Накидные ключи;Так;*;Ні;
AAAW1919V4;Ключ накидний односторонній (кут 75°) 19мм 1000V VDE TOPTUL ;ok;1128.00;1128.00;+0.00%;1430.00;1300.00;-9.09%;15.08%;Накидные ключи;Так;*;Ні;
AAAW2121V4;Ключ накидний односторонній (кут 75°) 21мм 1000V VDE TOPTUL ;ok;1239.00;1239.00;+0.00%;1570.00;1430.00;-8.92%;15.08%;Накидные ключи;Так;*;Ні;
AAAW2222V4;Ключ накидний односторонній (кут 75°) 22мм 1000V VDE TOPTUL ;ok;1245.00;1245.00;+0.00%;1570.00;1440.00;-8.28%;15.08%;Накидные ключи;Так;*;Ні;
AAAW2424V4;Ключ накидний односторонній (кут 75°) 24мм 1000V VDE TOPTUL ;ok;1471.00;1471.00;+0.00%;1860.00;1700.00;-8.60%;15.08%;Накидные ключи;Так;*;Ні;
AAEA2121;Ключ комбінований подовжений 21мм TOPTUL AAEA2121;ok;286.00;286.00;+0.00%;380.00;330.00;-13.16%;15.21%;Комбинированные ключи;Так;*;Ні;
AAEA2222;Ключ комбінований подовжений 22мм TOPTUL AAEA2222;ok;317.00;317.00;+0.00%;420.00;370.00;-11.90%;15.21%;Комбинированные ключи;Так;*;Ні;
AAEA2424;Ключ комбінований подовжений 24мм TOPTUL AAEA2424;ok;391.00;391.00;+0.00%;510.00;460.00;-9.80%;15.21%;Комбинированные ключи;Так;*;Ні;
AAEB0606;Ключ комбінований 6мм TOPTUL AAEB0606;ok;77.00;77.00;+0.00%;120.00;90.00;-25.00%;15.21%;Комбинированные ключи;Так;*;Так;подешевшало на 25.0%
AAEB0707;Ключ комбінований 7мм TOPTUL AAEB0707;ok;77.00;77.00;+0.00%;120.00;90.00;-25.00%;15.21%;Комбинированные ключи;Так;*;Так;подешевшало на 25.0%
AAEB0808;Ключ комбінований 8мм TOPTUL AAEB0808;ok;85.00;85.00;+0.00%;130.00;100.00;-23.08%;15.21%;Комбинированные ключи;Так;*;Так;подешевшало на 23.1%
AAEB0909;Ключ комбінований 9мм TOPTUL AAEB0909;ok;92.00;92.00;+0.00%;140.00;110.00;-21.43%;15.21%;Комбинированные ключи;Так;*;Так;подешевшало на 21.4%
AAEB1010;Ключ комбінований 10мм TOPTUL AAEB1010;ok;92.00;92.00;+0.00%;220.00;110.00;-50.00%;15.21%;Комбинированные ключи;Так;*;Так;подешевшало на 50.0%
AAEB1111;Ключ комбінований 11мм TOPTUL AAEB1111;ok;101.00;101.00;+0.00%;150.00;120.00;-20.00%;15.21%;Комбинированные ключи;Так;*;Так;подешевшало на 20.0%
AAEB1212;Ключ комбінований 12мм TOPTUL AAEB1212;ok;118.00;118.00;+0.00%;170.00;140.00;-17.65%;15.21%;Комбинированные ключи;Так;*;Ні;
AAEB1313;Ключ комбінований 13мм TOPTUL AAEB1313;ok;124.00;124.00;+0.00%;180.00;150.00;-16.67%;15.21%;Комбинированные ключи;Так;*;Ні;
AAEB1414;Ключ комбінований 14мм TOPTUL AAEB1414;ok;135.00;135.00;+0.00%;200.00;160.00;-20.00%;15.21%;Комбинированные ключи;Так;*;Так;подешевшало на 20.0%
AAEB1515;Ключ комбінований 15мм TOPTUL AAEB1515;ok;145.00;145.00;+0.00%;210.00;170.00;-19.05%;15.21%;Комбинированные ключи;Так;*;Ні;
AAEB1616;Ключ комбінований 16мм TOPTUL AAEB1616;ok;166.00;166.00;+0.00%;230.00;200.00;-13.04%;15.21%;Комбинированные ключи;Так;*;Ні;
AAEB1717;Ключ комбінований 17мм TOPTUL AAEB1717;ok;185.00;185.00;+0.00%;260.00;220.00;-15.38%;15.21%;Комбинированные ключи;Так;*;Ні;
AAEB1818;Ключ комбінований 18мм TOPTUL AAEB1818;ok;210.00;210.00;+0.00%;290.00;250.00;-13.79%;15.21%;Комбинированные ключи;Так;*;Ні;
AAEB1919;Ключ комбінований 19мм TOPTUL AAEB1919;ok;222.00;222.00;+0.00%;300.00;260.00;-13.33%;15.21%;Комбинированные ключи;Так;*;Ні;
AAEB2020;Ключ комбінований 20мм TOPTUL AAEB2020;ok;250.00;250.00;+0.00%;340.00;290.00;-14.71%;15.21%;Комбинированные ключи;Так;*;Ні;
AAEB2121;Ключ комбінований 21мм TOPTUL AAEB2121;ok;270.00;270.00;+0.00%;360.00;320.00;-11.11%;15.21%;Комбинированные ключи;Так;*;Ні;
AAEB2222;Ключ комбінований 22мм TOPTUL AAEB2222;ok;276.00;276.00;+0.00%;370.00;320.00;-13.51%;15.21%;Комбинированные ключи;Так;*;Ні;
AAEB2323;Ключ комбінований 23мм TOPTUL AAEB2323;ok;298.00;298.00;+0.00%;400.00;350.00;-12.50%;15.21%;Комбинированные ключи;Так;*;Ні;
AAEB2424;Ключ комбінований 24мм TOPTUL AAEB2424;ok;328.00;328.00;+0.00%;440.00;380.00;-13.64%;15.21%;Комбинированные ключи;Так;*;Ні;
AAEB2525;Ключ комбінований 25мм TOPTUL AAEB2525;ok;355.00;355.00;+0.00%;470.00;410.00;-12.77%;15.21%;Комбинированные ключи;Так;*;Ні;
AAEB2626;Ключ комбінований 26мм TOPTUL AAEB2626;ok;384.00;384.00;+0.00%;510.00;450.00;-11.76%;15.21%;Комбинированные ключи;Так;*;Ні;
AAEB2727;Ключ комбінований 27мм TOPTUL AAEB2727;ok;426.00;426.00;+0.00%;560.00;500.00;-10.71%;15.21%;Комбинированные ключи;Так;*;Ні;
AAEB2828;Ключ комбінований 28мм TOPTUL AAEB2828;ok;473.00;473.00;+0.00%;620.00;550.00;-11.29%;15.21%;Комбинированные ключи;Так;*;Ні;
AAEB2929;Ключ комбінований 29мм TOPTUL AAEB2929;ok;507.00;507.00;+0.00%;660.00;590.00;-10.61%;15.21%;Комбинированные ключи;Так;*;Ні;
AAEB3030;Ключ комбінований 30мм TOPTUL AAEB3030;ok;550.00;550.00;+0.00%;710.00;640.00;-9.86%;15.21%;Комбинированные ключи;Так;*;Ні;
AAEB3232;Ключ комбінований 32мм TOPTUL AAEB3232;ok;621.00;621.00;+0.00%;800.00;720.00;-10.00%;15.21%;Комбинированные ключи;Так;*;Ні;
AAEB3333;Ключ комбінований 33мм TOPTUL AAEB3333;ok;892.00;892.00;+0.00%;1140.00;1030.00;-9.65%;15.21%;Комбинированные ключи;Так;*;Ні;
AAEB3434;Ключ комбінований 34мм TOPTUL AAEB3434;ok;892.00;892.00;+0.00%;1140.00;1030.00;-9.65%;15.21%;Комбинированные ключи;Так;*;Ні;
AAEB3535;Ключ комбінований 35мм TOPTUL AAEB3535;ok;892.00;892.00;+0.00%;1140.00;1030.00;-9.65%;15.21%;Комбинированные ключи;Так;*;Ні;
AAEB3636;Ключ комбінований 36мм TOPTUL AAEB3636;ok;1040.00;1040.00;+0.00%;1320.00;1200.00;-9.09%;15.21%;Комбинированные ключи;Так;*;Ні;
AAEB3838;Ключ комбінований 38мм TOPTUL AAEB3838;ok;1040.00;1040.00;+0.00%;1320.00;1200.00;-9.09%;15.21%;Комбинированные ключи;Так;*;Ні;
AAEB4141;Ключ комбінований 41мм TOPTUL AAEB4141;ok;1438.00;1438.00;+0.00%;1810.00;1660.00;-8.29%;15.21%;Комбинированные ключи;Так;*;Ні;
AAEB4646;Ключ комбінований 46мм TOPTUL AAEB4646;ok;2130.00;2130.00;+0.00%;2670.00;2460.00;-7.87%;15.21%;Комбинированные ключи;Так;*;Ні;
AAEB4848;Ключ комбінований 48мм TOPTUL AAEB4848;ok;2130.00;2130.00;+0.00%;2670.00;2460.00;-7.87%;15.21%;Комбинированные ключи;Так;*;Ні;
AAEB5050;Ключ комбінований 50мм TOPTUL AAEB5050;ok;2130.00;2130.00;+0.00%;2670.00;2460.00;-7.87%;15.21%;Комбинированные ключи;Так;*;Ні;
AAEB5555;Ключ комбінований 55мм TOPTUL AAEB5555;ok;3328.00;3328.00;+0.00%;4160.00;3840.00;-7.69%;15.21%;Комбинированные ключи;Так;*;Ні;
AAEB6060;Ключ комбінований 60мм TOPTUL AAEB6060;ok;4330.00;4330.00;+0.00%;5410.00;4990.00;-7.76%;15.21%;Комбинированные ключи;Так;*;Ні;
AAEB6565;Ключ комбінований 65мм TOPTUL AAEB6565;ok;4330.00;4330.00;+0.00%;5410.00;4990.00;-7.76%;15.21%;Комбинированные ключи;Так;*;Ні;
AAEB7070;Ключ комбінований 70мм TOPTUL AAEB7070;ok;7771.00;7771.00;+0.00%;9680.00;8960.00;-7.44%;15.21%;Комбинированные ключи;Так;*;Ні;
AAEB7575;Ключ комбінований 75мм TOPTUL AAEB7575;ok;8707.00;8707.00;+0.00%;10850.00;10040.00;-7.47%;15.21%;Комбинированные ключи;Так;*;Ні;
AAEB8080;Ключ комбінований 80мм TOPTUL AAEB8080;ok;8707.00;8707.00;+0.00%;10850.00;10040.00;-7.47%;15.21%;Комбинированные ключи;Так;*;Ні;
AAEE0608;Ключ накидний прямий E6xE8 TOPTUL AAEE0608;ok;148.00;148.00;+0.00%;210.00;180.00;-14.29%;15.08%;Накидные ключи;Так;*;Ні;
AAEE0711;Ключ накидний прямий E7xE11 TOPTUL AAEE0711;ok;155.00;155.00;+0.00%;220.00;180.00;-18.18%;15.08%;Накидные ключи;Так;*;Ні;
AAEE1012;Ключ накидний прямий E10xE12 TOPTUL AAEE1012;ok;176.00;176.00;+0.00%;250.00;210.00;-16.00%;15.08%;Накидные ключи;Так;*;Ні;
AAEE1418;Ключ накидний прямий E14xE18 TOPTUL AAEE1418;ok;213.00;213.00;+0.00%;290.00;250.00;-13.79%;15.08%;Накидные ключи;Так;*;Ні;
AAEE1622;Ключ накидний прямий EE16xE22 TOPTUL AAEE1622;ok;239.00;239.00;+0.00%;330.00;280.00;-15.15%;15.08%;Накидные ключи;Так;*;Ні;
AAEE2024;Ключ накидний прямий E20xE24 TOPTUL AAEE2024;ok;271.00;271.00;+0.00%;360.00;320.00;-11.11%;15.08%;Накидные ключи;Так;*;Ні;
AAEH0607;Ключ накидний (кут 45°) 6х7мм TOPTUL AAEH0607;ok;108.00;108.00;+0.00%;160.00;130.00;-18.75%;15.08%;Накидные ключи;Так;*;Ні;
AAEH0708;Ключ накидний (кут 45°) 7х8мм TOPTUL AAEH0708;ok;108.00;108.00;+0.00%;160.00;130.00;-18.75%;15.08%;Накидные ключи;Так;*;Ні;
AAEH0810;Ключ накидний (кут 45°) 8х10мм TOPTUL AAEH0810;ok;115.00;115.00;+0.00%;170.00;140.00;-17.65%;15.08%;Накидные ключи;Так;*;Ні;
AAEH1011;Ключ накидний (кут 45°) 10х11мм TOPTUL AAEH1011;ok;127.00;127.00;+0.00%;190.00;150.00;-21.05%;15.08%;Накидные ключи;Так;*;Так;подешевшало на 21.1%
AAEH1213;Ключ накидний (кут 45°) 12х13мм TOPTUL AAEH1213;ok;150.00;150.00;+0.00%;210.00;180.00;-14.29%;15.08%;Накидные ключи;Так;*;Ні;
AAEH1317;Ключ накидний (кут 45°) 13х17мм TOPTUL AAEH1317;ok;192.00;192.00;+0.00%;270.00;230.00;-14.81%;15.08%;Накидные ключи;Ні;*;Так;відсутній у фіді
AAEH1415;Ключ накидний (кут 45°) 14х15мм TOPTUL AAEH1415;ok;170.00;170.00;+0.00%;240.00;200.00;-16.67%;15.08%;Накидные ключи;Так;*;Ні;
AAEH1417;Ключ накидний (кут 45°) 14х17мм TOPTUL AAEH1417;ok;192.00;192.00;+0.00%;270.00;230.00;-14.81%;15.08%;Накидные ключи;Так;*;Ні;
AAEH1617;Ключ накидний (кут 45°) 16х17мм TOPTUL AAEH1617;ok;192.00;192.00;+0.00%;270.00;230.00;-14.81%;15.08%;Накидные ключи;Так;*;Ні;
AAEH1719;Ключ накидний (кут 45°) 17х19мм TOPTUL AAEH1719;ok;230.00;230.00;+0.00%;310.00;270.00;-12.90%;15.08%;Накидные ключи;Так;*;Ні;
AAEH1819;Ключ накидний (кут 45°) 18х19мм TOPTUL AAEH1819;ok;230.00;230.00;+0.00%;310.00;270.00;-12.90%;15.08%;Накидные ключи;Так;*;Ні;
AAEH1921;Ключ накидний (кут 45°) 19х21мм TOPTUL AAEH1921;ok;283.00;283.00;+0.00%;380.00;330.00;-13.16%;15.08%;Накидные ключи;Так;*;Ні;
AAEH1922;Ключ накидний (кут 45°) 19х22мм TOPTUL AAEH1922;ok;283.00;283.00;+0.00%;380.00;330.00;-13.16%;15.08%;Накидные ключи;Так;*;Ні;
AAEH2224;Ключ накидний (кут 45°) 22х24мм TOPTUL AAEH2224;ok;342.00;342.00;+0.00%;450.00;400.00;-11.11%;15.08%;Накидные ключи;Так;*;Ні;
AAEH2427;Ключ накидний (кут 45°) 24х27мм TOPTUL AAEH2427;ok;430.00;430.00;+0.00%;560.00;500.00;-10.71%;15.08%;Накидные ключи;Так;*;Ні;
AAEH2730;Ключ накидний (кут 45°) 27х30мм TOPTUL AAEH2730;ok;571.00;571.00;+0.00%;740.00;660.00;-10.81%;15.08%;Накидные ключи;Так;*;Ні;
AAEH3032;Ключ накидний (кут 45°) 30х32мм TOPTUL AAEH3032;ok;728.00;728.00;+0.00%;930.00;840.00;-9.68%;15.08%;Накидные ключи;Так;*;Ні;
AAEH3236;Ключ накидний (кут 45°) 32х36мм TOPTUL AAEH3236;ok;1016.00;1016.00;+0.00%;1290.00;1170.00;-9.30%;15.08%;Накидные ключи;Так;*;Ні;
AAEH3641;Ключ накидний (кут 45°) 36х41мм TOPTUL AAEH3641;ok;1379.00;1379.00;+0.00%;1740.00;1590.00;-8.62%;15.08%;Накидные ключи;Так;*;Ні;
AAEH4146;Ключ накидний (кут 45°) 41х46мм TOPTUL AAEH4146;ok;1704.00;1704.00;+0.00%;2150.00;1970.00;-8.37%;15.08%;Накидные ключи;Так;*;Ні;
AAEH4650;Ключ накидний (кут 45°) 46х50мм TOPTUL AAEH4650;ok;1802.00;1802.00;+0.00%;2980.00;2080.00;-30.20%;15.08%;Накидные ключи;Ні;*;Так;відсутній у фіді + подешевшало на 30.2%
AAEH5560;Ключ накидний (кут 45°) 55х60мм TOPTUL AAEH5560;ok;3071.00;3071.00;+0.00%;3840.00;3540.00;-7.81%;15.08%;Накидные ключи;Ні;*;Так;відсутній у фіді
AAEI0708;Ключ накидний (кут 75°) 7х8мм TOPTUL AAEI0708;ok;157.00;157.00;+0.00%;220.00;190.00;-13.64%;15.08%;Накидные ключи;Так;*;Ні;
AAEI0810;Ключ накидний (кут 75°) 8х10мм TOPTUL AAEI0810;ok;158.00;158.00;+0.00%;220.00;190.00;-13.64%;15.08%;Накидные ключи;Так;*;Ні;
AAEI1012;Ключ накидний (кут 75°) 10х12мм TOPTUL AAEI1012;ok;189.00;189.00;+0.00%;260.00;220.00;-15.38%;15.08%;Накидные ключи;Так;*;Ні;
AAEI1213;Ключ накидний (кут 75°) 12х13мм TOPTUL AAEI1213;ok;187.00;187.00;+0.00%;260.00;220.00;-15.38%;15.08%;Накидные ключи;Так;*;Ні;
AAEI1317;Ключ накидний (кут 75°) 13х17мм TOPTUL AAEI1317;ok;235.00;235.00;+0.00%;320.00;280.00;-12.50%;15.08%;Накидные ключи;Так;*;Ні;
AAEI1415;Ключ накидний (кут 75°) 14х15мм TOPTUL AAEI1415;ok;212.00;212.00;+0.00%;290.00;250.00;-13.79%;15.08%;Накидные ключи;Так;*;Ні;
AAEI1617;Ключ накидний (кут 75°) 16х17мм TOPTUL AAEI1617;ok;265.00;265.00;+0.00%;360.00;310.00;-13.89%;15.08%;Накидные ключи;Так;*;Ні;
AAEI1618;Ключ накидний (кут 75°) 16х18мм TOPTUL AAEI1618;ok;265.00;265.00;+0.00%;360.00;310.00;-13.89%;15.08%;Накидные ключи;Так;*;Ні;
AAEI1719;Ключ накидний (кут 75°) 17х19мм TOPTUL AAEI1719;ok;316.00;316.00;+0.00%;420.00;370.00;-11.90%;15.08%;Накидные ключи;Так;*;Ні;
AAEI1819;Ключ накидний (кут 75°) 18х19мм TOPTUL AAEI1819;ok;316.00;316.00;+0.00%;420.00;370.00;-11.90%;15.08%;Накидные ключи;Так;*;Ні;
AAEI1922;Ключ накидний (кут 75°) 19х22мм TOPTUL AAEI1922;ok;324.00;324.00;+0.00%;430.00;380.00;-11.63%;15.08%;Накидные ключи;Так;*;Ні;
AAEI2224;Ключ накидний (кут 75°) 22х24мм TOPTUL AAEI2224;ok;395.00;395.00;+0.00%;520.00;460.00;-11.54%;15.08%;Накидные ключи;Так;*;Ні;
AAEI2427;Ключ накидний (кут 75°) 24х27мм TOPTUL AAEI2427;ok;450.00;450.00;+0.00%;590.00;520.00;-11.86%;15.08%;Накидные ключи;Так;*;Ні;
AAEI2730;Ключ накидний (кут 75°) 27х30мм TOPTUL AAEI2730;ok;617.00;617.00;+0.00%;790.00;720.00;-8.86%;15.08%;Накидные ключи;Так;*;Ні;
AAEI3032;Ключ накидний (кут 75°) 30х32мм TOPTUL AAEI3032;ok;691.00;691.00;+0.00%;890.00;800.00;-10.11%;15.08%;Накидные ключи;Так;*;Ні;
AAEI3236;Ключ накидний (кут 75°) 32х36мм TOPTUL AAEI3236;ok;950.00;950.00;+0.00%;1210.00;1100.00;-9.09%;15.08%;Накидные ключи;Так;*;Ні;
AAEI3641;Ключ накидний (кут 75°) 36х41мм TOPTUL AAEI3641;ok;1353.00;1353.00;+0.00%;1710.00;1560.00;-8.77%;15.08%;Накидные ключи;Так;*;Ні;
AAEI4146;Ключ накидний (кут 75°) 41х46мм TOPTUL AAEI4146;ok;1660.00;1660.00;+0.00%;2090.00;1920.00;-8.13%;15.08%;Накидные ключи;Так;*;Ні;
AAEJ0405;Ключ ріжковий 4x5мм TOPTUL AAEJ0405;ok;86.00;86.00;+0.00%;140.00;100.00;-28.57%;15.21%;Рожковые ключи;Так;*;Так;подешевшало на 28.6%
AAEJ0607;Ключ ріжковий 6x7мм TOPTUL AAEJ0607;ok;84.00;84.00;+0.00%;140.00;100.00;-28.57%;15.21%;Рожковые ключи;Так;*;Так;подешевшало на 28.6%
AAEJ0608;Ключ ріжковий 6x8мм TOPTUL AAEJ0608;ok;84.00;84.00;+0.00%;130.00;100.00;-23.08%;15.21%;Рожковые ключи;Так;*;Так;подешевшало на 23.1%
AAEJ0809;Ключ ріжковий 8x9мм TOPTUL AAEJ0809;ok;99.00;99.00;+0.00%;150.00;120.00;-20.00%;15.21%;Рожковые ключи;Так;*;Так;подешевшало на 20.0%
AAEJ0810;Ключ ріжковий 8х10мм TOPTUL AAEJ0810;ok;99.00;99.00;+0.00%;150.00;120.00;-20.00%;15.21%;Рожковые ключи;Так;*;Так;подешевшало на 20.0%
AAEJ1011;Ключ ріжковий 10x11мм TOPTUL AAEJ1011;ok;103.00;103.00;+0.00%;160.00;120.00;-25.00%;15.21%;Рожковые ключи;Так;*;Так;подешевшало на 25.0%
AAEJ1012;Ключ ріжковий 10x12мм TOPTUL AAEJ1012;ok;103.00;103.00;+0.00%;160.00;120.00;-25.00%;15.21%;Рожковые ключи;Так;*;Так;подешевшало на 25.0%
AAEJ1013;Ключ ріжковий 10x13мм TOPTUL AAEJ1013;ok;126.00;126.00;+0.00%;180.00;150.00;-16.67%;15.21%;Рожковые ключи;Так;*;Ні;
AAEJ1113;Ключ ріжковий 11x13мм TOPTUL AAEJ1113;ok;126.00;126.00;+0.00%;180.00;150.00;-16.67%;15.21%;Рожковые ключи;Так;*;Ні;
AAEJ1213;Ключ ріжковий 12х13мм TOPTUL AAEJ1213;ok;126.00;126.00;+0.00%;180.00;150.00;-16.67%;15.21%;Рожковые ключи;Так;*;Ні;
AAEJ1214;Ключ ріжковий 12x14мм TOPTUL AAEJ1214;ok;126.00;126.00;+0.00%;180.00;150.00;-16.67%;15.21%;Рожковые ключи;Так;*;Ні;
AAEJ1317;Ключ ріжковий 13х17мм TOPTUL AAEJ1317;ok;153.00;153.00;+0.00%;220.00;180.00;-18.18%;15.21%;Рожковые ключи;Так;*;Ні;
AAEJ1415;Ключ ріжковий 14x15мм TOPTUL AAEJ1415;ok;147.00;147.00;+0.00%;210.00;170.00;-19.05%;15.21%;Рожковые ключи;Так;*;Ні;
AAEJ1617;Ключ ріжковий 16x17мм TOPTUL AAEJ1617;ok;183.00;183.00;+0.00%;260.00;220.00;-15.38%;15.21%;Рожковые ключи;Так;*;Ні;
AAEJ1719;Ключ ріжковий 17х19мм TOPTUL AAEJ1719;ok;207.00;207.00;+0.00%;290.00;240.00;-17.24%;15.21%;Рожковые ключи;Так;*;Ні;
AAEJ1819;Ключ ріжковий 18x19мм TOPTUL AAEJ1819;ok;207.00;207.00;+0.00%;290.00;240.00;-17.24%;15.21%;Рожковые ключи;Так;*;Ні;
AAEJ1921;Ключ ріжковий 19x21мм TOPTUL AAEJ1921;ok;261.00;261.00;+0.00%;350.00;310.00;-11.43%;15.21%;Рожковые ключи;Так;*;Ні;
AAEJ1922;Ключ ріжковий 19x22мм TOPTUL AAEJ1922;ok;261.00;261.00;+0.00%;350.00;310.00;-11.43%;15.21%;Рожковые ключи;Так;*;Ні;
AAEJ2224;Ключ ріжковий 22x24мм TOPTUL AAEJ2224;ok;260.00;260.00;+0.00%;350.00;300.00;-14.29%;15.21%;Рожковые ключи;Так;*;Ні;
AAEJ2427;Ключ ріжковий 24x27мм TOPTUL AAEJ2427;ok;357.00;357.00;+0.00%;470.00;420.00;-10.64%;15.21%;Рожковые ключи;Так;*;Ні;
AAEJ2730;Ключ ріжковий 27x30мм TOPTUL AAEJ2730;ok;427.00;427.00;+0.00%;560.00;500.00;-10.71%;15.21%;Рожковые ключи;Так;*;Ні;
AAEJ3032;Ключ ріжковий 30x32мм TOPTUL AAEJ3032;ok;487.00;487.00;+0.00%;630.00;570.00;-9.52%;15.21%;Рожковые ключи;Так;*;Ні;
AAEJ3236;Ключ ріжковий 32x36мм TOPTUL AAEJ3236;ok;791.00;791.00;+0.00%;1010.00;920.00;-8.91%;15.21%;Рожковые ключи;Так;*;Ні;
AAEJ3641;Ключ ріжковий 36x41мм TOPTUL AAEJ3641;ok;1012.00;1012.00;+0.00%;1290.00;1170.00;-9.30%;15.21%;Рожковые ключи;Так;*;Ні;
AAEJ4146;Ключ ріжковий 41x46мм TOPTUL AAEJ4146;ok;1421.00;1421.00;+0.00%;1790.00;1640.00;-8.38%;15.21%;Рожковые ключи;Так;*;Ні;
AAEJ4650;Ключ ріжковий 46x50мм TOPTUL AAEJ4650;ok;1767.00;1767.00;+0.00%;2220.00;2040.00;-8.11%;15.21%;Рожковые ключи;Так;*;Ні;
AAEJ5055;Ключ ріжковий 50x55мм TOPTUL AAEJ5055;ok;2453.00;2453.00;+0.00%;3080.00;2830.00;-8.12%;15.21%;Рожковые ключи;Так;*;Ні;
AAEJ5560;Ключ ріжковий 55x60мм TOPTUL AAEJ5560;ok;2453.00;2453.00;+0.00%;3080.00;2830.00;-8.12%;15.21%;Рожковые ключи;Так;*;Ні;
AAEJE507;Ключ ріжковий 5,5 x7мм TOPTUL AAEJE507;ok;84.00;84.00;+0.00%;130.00;100.00;-23.08%;15.21%;Рожковые ключи;Так;*;Так;подешевшало на 23.1%
AAEL1010;Ключ комбінований супердовгий 10мм AAAL1010 TOPTUL AAEL1010;ok;113.00;113.00;+0.00%;170.00;140.00;-17.65%;15.21%;Комбинированные ключи;Так;*;Ні;
AAEL1111;Ключ комбінований супердовгий 11мм AAAL1111 TOPTUL AAEL1111;ok;127.00;127.00;+0.00%;190.00;150.00;-21.05%;15.21%;Комбинированные ключи;Так;*;Так;подешевшало на 21.1%
AAEL1212;Ключ комбінований супердовгий 12мм AAAL1212 TOPTUL AAEL1212;ok;146.00;146.00;+0.00%;210.00;170.00;-19.05%;15.21%;Комбинированные ключи;Так;*;Ні;
AAEL1313;Ключ комбінований супердовгий 13мм AAAL1313 TOPTUL AAEL1313;ok;156.00;156.00;+0.00%;220.00;180.00;-18.18%;15.21%;Комбинированные ключи;Так;*;Ні;
AAEL1414;Ключ комбінований супердовгий 14мм AAAL1414 TOPTUL AAEL1414;ok;199.00;199.00;+0.00%;280.00;230.00;-17.86%;15.21%;Комбинированные ключи;Так;*;Ні;
AAEL1515;Ключ комбінований супердовгий 15мм AAAL1515 TOPTUL AAEL1515;ok;209.00;209.00;+0.00%;290.00;250.00;-13.79%;15.21%;Комбинированные ключи;Так;*;Ні;
AAEL1616;Ключ комбінований супердовгий 16мм AАAL1616 TOPTUL AAEL1616;ok;227.00;227.00;+0.00%;310.00;270.00;-12.90%;15.21%;Комбинированные ключи;Так;*;Ні;
AAEL1717;Ключ комбінований супердовгий 17мм AAAL1717 TOPTUL AAEL1717;ok;277.00;277.00;+0.00%;370.00;320.00;-13.51%;15.21%;Комбинированные ключи;Так;*;Ні;
AAEL1818;Ключ комбінований супердовгий 18мм AAAL 1818 TOPTUL AAEL1818;ok;315.00;315.00;+0.00%;420.00;370.00;-11.90%;15.21%;Комбинированные ключи;Так;*;Ні;
AAEL1919;Ключ комбінований супердовгий 19мм AAAL1919 TOPTUL AAEL1919;ok;349.00;349.00;+0.00%;460.00;410.00;-10.87%;15.21%;Комбинированные ключи;Так;*;Ні;
AAEN0808;Ключ комбінований (кут 75°) 8мм TOPTUL AAEN0808;ok;95.00;95.00;+0.00%;150.00;110.00;-26.67%;15.21%;Комбинированные ключи;Так;*;Так;подешевшало на 26.7%
AAEN1010;Ключ комбінований (кут 75°) 10мм TOPTUL AAEN1010;ok;106.00;106.00;+0.00%;220.00;130.00;-40.91%;15.21%;Комбинированные ключи;Так;*;Так;подешевшало на 40.9%
AAEN1212;Ключ комбінований (кут 75°) 12мм TOPTUL AAEN1212;ok;133.00;133.00;+0.00%;190.00;160.00;-15.79%;15.21%;Комбинированные ключи;Так;*;Ні;
AAEN1313;Ключ комбінований (кут 75°) 13мм TOPTUL AAEN1313;ok;139.00;139.00;+0.00%;200.00;170.00;-15.00%;15.21%;Комбинированные ключи;Так;*;Ні;
AAEN1414;Ключ комбінований (кут 75°) 14мм TOPTUL AAEN1414;ok;156.00;156.00;+0.00%;220.00;180.00;-18.18%;15.21%;Комбинированные ключи;Так;*;Ні;
AAEN1515;Ключ комбінований (кут 75°) 15мм TOPTUL AAEN1515;ok;170.00;170.00;+0.00%;240.00;200.00;-16.67%;15.21%;Комбинированные ключи;Так;*;Ні;
AAEN1616;Ключ комбінований (кут 75°) 16мм TOPTUL AAEN1616;ok;192.00;192.00;+0.00%;270.00;230.00;-14.81%;15.21%;Комбинированные ключи;Так;*;Ні;
AAEN1717;Ключ комбінований (кут 75°) 17мм TOPTUL AAEN1717;ok;207.00;207.00;+0.00%;290.00;240.00;-17.24%;15.21%;Комбинированные ключи;Так;*;Ні;
AAEN1818;Ключ комбінований (кут 75°) 18мм TOPTUL AAEN1818;ok;215.00;215.00;+0.00%;300.00;250.00;-16.67%;15.21%;Комбинированные ключи;Так;*;Ні;
AAEN1919;Ключ комбінований (кут 75°) 19мм TOPTUL AAEN1919;ok;267.00;267.00;+0.00%;360.00;310.00;-13.89%;15.21%;Комбинированные ключи;Так;*;Ні;
AAEN2121;Ключ комбінований (кут 75°) 21мм TOPTUL AAEN2121;ok;315.00;315.00;+0.00%;420.00;370.00;-11.90%;15.21%;Комбинированные ключи;Так;*;Ні;
AAEN2222;Ключ комбінований (кут 75°) 22мм TOPTUL AAEN2222;ok;315.00;315.00;+0.00%;420.00;370.00;-11.90%;15.21%;Комбинированные ключи;Так;*;Ні;
AAEX0606;"Ключ комбінований 6мм ""Hi-Performance"" TOPTUL AAEX0606";ok;75.00;75.00;+0.00%;120.00;90.00;-25.00%;15.21%;Комбинированные ключи;Так;*;Так;подешевшало на 25.0%
AAEX0707;"Ключ комбінований 7мм ""Hi-Performance"" TOPTUL AAEX0707";ok;77.00;77.00;+0.00%;120.00;90.00;-25.00%;15.21%;Комбинированные ключи;Так;*;Так;подешевшало на 25.0%
AAEX0808;"Ключ комбінований 8мм ""Hi-Performance"" TOPTUL AAEX0808";ok;81.00;81.00;+0.00%;130.00;100.00;-23.08%;15.21%;Комбинированные ключи;Так;*;Так;подешевшало на 23.1%
AAEX0909;"Ключ комбінований 9мм ""Hi-Performance"" TOPTUL AAEX0909";ok;86.00;86.00;+0.00%;140.00;100.00;-28.57%;15.21%;Комбинированные ключи;Так;*;Так;подешевшало на 28.6%
AAEX1010;"Ключ комбінований 10мм ""Hi-Performance"" TOPTUL AAEX1010";ok;85.00;85.00;+0.00%;130.00;100.00;-23.08%;15.21%;Комбинированные ключи;Так;*;Так;подешевшало на 23.1%
AAEX1111;"Ключ комбінований 11мм ""Hi-Performance"" TOPTUL AAEX1111";ok;95.00;95.00;+0.00%;150.00;110.00;-26.67%;15.21%;Комбинированные ключи;Так;*;Так;подешевшало на 26.7%
AAEX1212;"Ключ комбінований 12мм ""Hi-Performance"" TOPTUL AAEX1212";ok;104.00;104.00;+0.00%;160.00;120.00;-25.00%;15.21%;Комбинированные ключи;Так;*;Так;подешевшало на 25.0%
AAEX1313;"Ключ комбінований 13мм ""Hi-Performance"" TOPTUL AAEX1313";ok;111.00;111.00;+0.00%;170.00;130.00;-23.53%;15.21%;Комбинированные ключи;Так;*;Так;подешевшало на 23.5%
AAEX1414;"Ключ комбінований 14мм ""Hi-Performance"" TOPTUL AAEX1414";ok;121.00;121.00;+0.00%;180.00;140.00;-22.22%;15.21%;Комбинированные ключи;Так;*;Так;подешевшало на 22.2%
AAEX1515;"Ключ комбінований 15мм ""Hi-Performance"" TOPTUL AAEX1515";ok;129.00;129.00;+0.00%;190.00;150.00;-21.05%;15.21%;Комбинированные ключи;Так;*;Так;подешевшало на 21.1%
AAEX1616;"Ключ комбінований 16мм ""Hi-Performance"" TOPTUL AAEX1616";ok;156.00;156.00;+0.00%;220.00;180.00;-18.18%;15.21%;Комбинированные ключи;Так;*;Ні;
AAEX1717;"Ключ комбінований 17мм ""Hi-Performance"" TOPTUL AAEX1717";ok;161.00;161.00;+0.00%;230.00;190.00;-17.39%;15.21%;Комбинированные ключи;Так;*;Ні;
AAEX1818;"Ключ комбінований 18мм ""Hi-Performance"" TOPTUL AAEX1818";ok;181.00;181.00;+0.00%;250.00;210.00;-16.00%;15.21%;Комбинированные ключи;Так;*;Ні;
AAEX1919;"Ключ комбінований 19мм ""Hi-Performance"" TOPTUL AAEX1919";ok;204.00;204.00;+0.00%;280.00;240.00;-14.29%;15.21%;Комбинированные ключи;Так;*;Ні;
AAEX2020;"Ключ комбінований 20мм ""Hi-Performance"" TOPTUL AAEX2020";ok;210.00;210.00;+0.00%;290.00;250.00;-13.79%;15.21%;Комбинированные ключи;Так;*;Ні;
AAEX2121;"Ключ комбінований 21мм ""Hi-Performance"" TOPTUL AAEX2121";ok;209.00;209.00;+0.00%;290.00;250.00;-13.79%;15.21%;Комбинированные ключи;Так;*;Ні;
AAEX2222;"Ключ комбінований 22мм ""Hi-Performance"" TOPTUL AAEX2222";ok;237.00;237.00;+0.00%;320.00;280.00;-12.50%;15.21%;Комбинированные ключи;Так;*;Ні;
AAEX2323;"Ключ комбінований 23мм ""Hi-Performance"" TOPTUL AAEX2323";ok;268.00;268.00;+0.00%;360.00;310.00;-13.89%;15.21%;Комбинированные ключи;Так;*;Ні;
AAEX2424;"Ключ комбінований 24мм ""Hi-Performance"" TOPTUL AAEX2424";ok;290.00;290.00;+0.00%;390.00;340.00;-12.82%;15.21%;Комбинированные ключи;Так;*;Ні;
AAEX2525;"Ключ комбінований 25мм ""Hi-Performance"" TOPTUL AAEX2525";ok;327.00;327.00;+0.00%;430.00;380.00;-11.63%;15.21%;Комбинированные ключи;Так;*;Ні;
AAEX2626;"Ключ комбінований 26мм ""Hi-Performance"" TOPTUL AAEX2626";ok;357.00;357.00;+0.00%;470.00;420.00;-10.64%;15.21%;Комбинированные ключи;Так;*;Ні;
AAEX2727;"Ключ комбінований 27мм ""Hi-Performance"" TOPTUL AAEX2727";ok;384.00;384.00;+0.00%;510.00;450.00;-11.76%;15.21%;Комбинированные ключи;Так;*;Ні;
AAEX2828;"Ключ комбінований 28мм ""Hi-Performance"" TOPTUL AAEX2828";ok;420.00;420.00;+0.00%;550.00;490.00;-10.91%;15.21%;Комбинированные ключи;Так;*;Ні;
AAEX2929;"Ключ комбінований 29мм ""Hi-Performance"" TOPTUL AAEX2929";ok;436.00;436.00;+0.00%;570.00;510.00;-10.53%;15.21%;Комбинированные ключи;Так;*;Ні;
AAEX3030;"Ключ комбінований 30мм ""Hi-Performance"" TOPTUL AAEX3030";ok;524.00;524.00;+0.00%;680.00;610.00;-10.29%;15.21%;Комбинированные ключи;Так;*;Ні;
AAEX3232;"Ключ комбінований 32мм ""Hi-Performance"" TOPTUL AAEX3232";ok;559.00;559.00;+0.00%;720.00;650.00;-9.72%;15.21%;Комбинированные ключи;Так;*;Ні;
AAEX5E5E;"Ключ комбінований 5,5мм ""Hi-Performance"" TOPTUL AAEX5E5E";ok;75.00;75.00;+0.00%;800.00;90.00;-88.75%;15.21%;Комбинированные ключи;Так;*;Так;подешевшало на 88.8%
AB-17-PT-1.4;Пістолет фарбувальний пневматичний HVLP для роботи з фарбува;ok;1609.00;1609.00;+0.00%;2030.00;1830.00;-9.85%;13.20%;Пневматические краскопульты;Ні;*;Так;відсутній у фіді
AB-17G-1.3;Пістолет фарбувальний пневматичний HVLP верхній пластиковий ;ok;1122.00;1122.00;+0.00%;1420.00;1280.00;-9.86%;13.20%;Пневматические краскопульты;Так;*;Ні;
AB-17G-1.4;Пістолет фарбувальний пневматичний HVLP верхній пластиковий ;ok;1122.00;1122.00;+0.00%;1420.00;1280.00;-9.86%;13.20%;Пневматические краскопульты;Так;*;Ні;
AB-17G-1.7;Пістолет фарбувальний пневматичний HVLP верхній пластиковий ;ok;1122.00;1122.00;+0.00%;1420.00;1280.00;-9.86%;13.20%;Пневматические краскопульты;Так;*;Ні;
AB-17G-2.0;Пістолет фарбувальний пневматичний HVLP верхній пластиковий ;ok;1122.00;1122.00;+0.00%;1420.00;1280.00;-9.86%;13.20%;Пневматические краскопульты;Так;*;Ні;
AB-17G-2.5;Пістолет фарбувальний пневматичний HVLP верхній пластиковий ;ok;1122.00;1122.00;+0.00%;1420.00;1280.00;-9.86%;13.20%;Пневматические краскопульты;Так;*;Ні;
AB150-360-220;Компресор поршневий з ремінним приводом Vрес=150л 360л/хв 22;ok;37380.00;37380.00;+0.00%;46470.00;40770.00;-12.27%;9.05%;Компрессоры поршневые;Ні;*;Так;відсутній у фіді
AB200-360-220;Компресор поршневий з ремінним приводом Vрес=200л 360л/хв 22;ok;41160.00;41160.00;+0.00%;51160.00;44890.00;-12.26%;9.05%;Компрессоры поршневые;Ні;*;Так;відсутній у фіді
ABAF0606;Ключ комбінований 6мм (з тріскачкою реверсивною) TOPTUL ABAF;ok;412.00;412.00;+0.00%;540.00;480.00;-11.11%;15.21%;Комбинированные ключи;Так;*;Ні;
ABAF0808;Ключ комбінований 8мм (з тріскачкою реверсивною) ABEA0808 TO;ok;394.00;394.00;+0.00%;520.00;460.00;-11.54%;15.21%;Комбинированные ключи;Так;*;Ні;
ABAF0909;Ключ комбінований 9мм (з тріскачкою реверсивною) ABEA0909 TO;ok;397.00;397.00;+0.00%;520.00;460.00;-11.54%;15.21%;Комбинированные ключи;Так;*;Ні;
ABAF1010;Ключ комбінований 10мм (з тріскачкою реверсивної) ABEA1010 T;ok;423.00;423.00;+0.00%;550.00;490.00;-10.91%;15.21%;Комбинированные ключи;Так;*;Ні;
ABAF1111;Ключ комбінований 11мм (з тріскачкою реверсивною) ABEA1111 T;ok;446.00;446.00;+0.00%;580.00;520.00;-10.34%;15.21%;Комбинированные ключи;Так;*;Ні;
ABAF1212;Ключ комбінований 12мм (з тріскачкою реверсивної) ABEA1212 T;ok;466.00;466.00;+0.00%;610.00;540.00;-11.48%;15.21%;Комбинированные ключи;Так;*;Ні;
ABAF1313;Ключ комбінований 13мм (з тріскачкою реверсивною) ABEA1313 T;ok;479.00;479.00;+0.00%;620.00;560.00;-9.68%;15.21%;Комбинированные ключи;Так;*;Ні;
ABAF1414;Ключ комбінований 14мм (з тріскачкою реверсивною) ABEA1414 T;ok;508.00;508.00;+0.00%;660.00;590.00;-10.61%;15.21%;Комбинированные ключи;Так;*;Ні;
ABAF1515;Ключ комбінований 15мм (з тріскачкою реверсивної) ABEA1515 T;ok;535.00;535.00;+0.00%;690.00;620.00;-10.14%;15.21%;Комбинированные ключи;Так;*;Ні;
ABAF1616;Ключ комбінований 16мм (з тріскачкою реверсивної) ABEA1616 T;ok;574.00;574.00;+0.00%;740.00;670.00;-9.46%;15.21%;Комбинированные ключи;Так;*;Ні;
ABAF1717;Ключ комбінований 17мм (з тріскачкою реверсивною) TOPTUL ABA;ok;603.00;603.00;+0.00%;780.00;700.00;-10.26%;15.21%;Комбинированные ключи;Так;*;Ні;
ABAF1818;Ключ комбінований 18мм (з тріскачкою реверсивною) ABEA1818 T;ok;634.00;634.00;+0.00%;820.00;740.00;-9.76%;15.21%;Комбинированные ключи;Так;*;Ні;
ABAF1919;Ключ комбінований 19мм (з тріскачкою реверсивної) ABEA1919 T;ok;653.00;653.00;+0.00%;840.00;760.00;-9.52%;15.21%;Комбинированные ключи;Так;*;Ні;
ABAF2222;Ключ комбінований 22мм (з тріскачкою реверсивною) TOPTUL ABA;ok;943.00;943.00;+0.00%;1200.00;1090.00;-9.17%;15.21%;Комбинированные ключи;Так;*;Ні;
ABAF2424;Ключ комбінований 24мм (з тріскачкою реверсивною) TOPTUL ABA;ok;1140.00;1140.00;+0.00%;1440.00;1320.00;-8.33%;15.21%;Комбинированные ключи;Так;*;Ні;
ABAF2727;Ключ комбінований 27мм (з тріскачкою реверсивною) TOPTUL ABA;ok;1873.00;1873.00;+0.00%;2360.00;2160.00;-8.47%;15.21%;Комбинированные ключи;Так;*;Ні;
ABAF3030;Ключ комбінований 30мм (з тріскачкою реверсивною) TOPTUL ABA;ok;2248.00;2248.00;+0.00%;2820.00;2590.00;-8.16%;15.21%;Комбинированные ключи;Так;*;Ні;
ABAF3232;Ключ комбінований 32мм (з тріскачкою реверсивною) TOPTUL ABA;ok;2552.00;2552.00;+0.00%;3200.00;2950.00;-7.81%;15.21%;Комбинированные ключи;Так;*;Ні;
ABG-01;Пистолет продувочный 100мм (пластиковая ручка) AIRKRAFT ABG-;ok;158.00;158.00;+0.00%;240.00;180.00;-25.00%;10.63%;Пневматические продувочные пистолеты;Так;*;Так;подешевшало на 25.0%
ABG-01A;Пистолет продувочный 300мм (пластиковая ручка) AIRKRAFT ABG-;ok;187.00;187.00;+0.00%;260.00;210.00;-19.23%;10.63%;Пневматические продувочные пистолеты;Так;*;Ні;
AC1X34-3;Станція для заправлення кондиціонерів на базі R-1234YF автом;ok;140448.00;140448.00;+0.00%;185390.00;161520.00;-12.88%;15.00%;default;Ні;*;Так;відсутній у фіді
AC6000-347;Фільтр змінний AC6000-347 для AC6001/AC6002/AC6003 ITALCO;ok;2732.00;2732.00;+0.00%;3420.00;3130.00;-8.48%;14.33%;Комплектующие и запчасти для инструмента;Так;*;Ні;
AC6000-366;Фільтр змінний AC6000-366 для AC6002/AC6003 ITALCO;ok;2139.00;2139.00;+0.00%;2690.00;2450.00;-8.92%;14.33%;Комплектующие и запчасти для инструмента;Так;*;Ні;
AC6000-369;Фільтр змінний AC6000-369 для AC6002/AC6003 ITALCO;ok;2139.00;2139.00;+0.00%;2690.00;2450.00;-8.92%;14.33%;Комплектующие и запчасти для инструмента;Так;*;Ні;
AC6001;Блок підготовки повітря професійний (1 ступінь) ITALCO;ok;10693.00;10693.00;+0.00%;13310.00;11830.00;-11.12%;10.63%;Компоненты пневматики;Так;*;Ні;
AC6002;Блок підготовки повітря професійний (2 ступені) ITALCO;ok;14987.00;14987.00;+0.00%;18650.00;16590.00;-11.05%;10.63%;Компоненты пневматики;Так;*;Ні;
AC6003;Блок підготовки повітря професійний (3 ступені) ITALCO;ok;18734.00;18734.00;+0.00%;23300.00;20730.00;-11.03%;10.63%;Компоненты пневматики;Так;*;Ні;
AC690PRO;Станція для заправлення кондиціонерів автомат з принтером RO;ok;163800.00;163800.00;+0.00%;187420.00;188370.00;+0.51%;15.00%;default;Ні;*;Так;відсутній у фіді
AC790PRO;Установка для обслуговування кондиціонерів (автоматична) AC7;ok;267410.00;267410.00;+0.00%;305950.00;307530.00;+0.52%;15.00%;default;Ні;*;Так;відсутній у фіді
ACM3000;Стенд заправки кондиціонера автомат ROBINAIR ACM3000;ok;121800.00;121800.00;+0.00%;151350.00;140070.00;-7.45%;15.00%;default;Ні;*;Так;відсутній у фіді
ACT550-SFK;Комплект для промивання системи кондиціонування (для AC690PR;ok;61600.00;61600.00;+0.00%;76560.00;70840.00;-7.47%;15.00%;default;Ні;*;Так;відсутній у фіді
ACW-001;Відрізний диск для AT-6027N/RP17620 (5 шт) ACW-001;ok;123.00;123.00;+0.00%;340.00;150.00;-55.88%;15.00%;default;Ні;*;Так;відсутній у фіді + подешевшало на 55.9%
AEAE0606;Ключ торцевий Г-подібний 6x6мм TOPTUL AEAE0606;ok;334.00;334.00;+0.00%;440.00;390.00;-11.36%;15.14%;Торцевые ключи;Так;*;Ні;
AEAE0707;Ключ торцевий Г-подібний 7x7мм TOPTUL AEAE0707;ok;334.00;334.00;+0.00%;440.00;390.00;-11.36%;15.14%;Торцевые ключи;Так;*;Ні;
AEAE0808;Ключ торцевий Г-подібний 8x8мм TOPTUL AEAE0808;ok;328.00;328.00;+0.00%;440.00;380.00;-13.64%;15.14%;Торцевые ключи;Так;*;Ні;
AEAE0909;Ключ торцевий Г-подібний 9x9мм TOPTUL AEAE0909;ok;341.00;341.00;+0.00%;450.00;400.00;-11.11%;15.14%;Торцевые ключи;Так;*;Ні;
AEAE1010;Ключ торцевий Г-подібний 10x10мм TOPTUL AEAE1010;ok;387.00;387.00;+0.00%;510.00;450.00;-11.76%;15.14%;Торцевые ключи;Так;*;Ні;
AEAE1111;Ключ торцевий Г-подібний 11x11мм TOPTUL AEAE1111;ok;423.00;423.00;+0.00%;550.00;490.00;-10.91%;15.14%;Торцевые ключи;Так;*;Ні;
AEAE1212;Ключ торцевий Г-подібний 12x12мм TOPTUL AEAE1212;ok;418.00;418.00;+0.00%;550.00;490.00;-10.91%;15.14%;Торцевые ключи;Так;*;Ні;
AEAE1313;Ключ торцевий Г-подібний 13x13мм TOPTUL AEAE1313;ok;460.00;460.00;+0.00%;600.00;530.00;-11.67%;15.14%;Торцевые ключи;Так;*;Ні;
AEAE1414;Ключ торцевий Г-подібний 14x14мм TOPTUL AEAE1414;ok;622.00;622.00;+0.00%;800.00;720.00;-10.00%;15.14%;Торцевые ключи;Так;*;Ні;
AEAE1515;Ключ торцевий Г-подібний 15x15мм TOPTUL AEAE1515;ok;622.00;622.00;+0.00%;800.00;720.00;-10.00%;15.14%;Торцевые ключи;Так;*;Ні;
AEAE1616;Ключ торцевий Г-подібний 16x16мм TOPTUL AEAE1616;ok;618.00;618.00;+0.00%;800.00;720.00;-10.00%;15.14%;Торцевые ключи;Ні;*;Так;відсутній у фіді
AEAE1717;Ключ торцевий Г-подібний 17x17мм TOPTUL AEAE1717;ok;738.00;738.00;+0.00%;950.00;850.00;-10.53%;15.14%;Торцевые ключи;Так;*;Ні;
AEAE1818;Ключ торцевий Г-подібний 18x18мм TOPTUL AEAE1818;ok;739.00;739.00;+0.00%;950.00;860.00;-9.47%;15.14%;Торцевые ключи;Так;*;Ні;
AEAE1919;Ключ торцевий Г-подібний 19x19мм TOPTUL AEAE1919;ok;790.00;790.00;+0.00%;1010.00;910.00;-9.90%;15.14%;Торцевые ключи;Так;*;Ні;
AEAE2121;Ключ торцевий Г-подібний 21x21мм TOPTUL AEAE2121;ok;890.00;890.00;+0.00%;1130.00;1030.00;-8.85%;15.14%;Торцевые ключи;Так;*;Ні;
AEAE2222;Ключ торцевий Г-подібний 22x22мм TOPTUL AEAE2222;ok;962.00;962.00;+0.00%;1220.00;1110.00;-9.02%;15.14%;Торцевые ключи;Так;*;Ні;
AEAH1013;Ключ з тріскачкою силовий з подвійною головкою 10x13мм TOPTU;ok;1000.00;1000.00;+0.00%;1270.00;1160.00;-8.66%;15.08%;Накидные ключи;Так;*;Ні;
AEAH1317;Ключ з тріскачкою силовий з подвійною головкою 13x17мм TOPTU;ok;1042.00;1042.00;+0.00%;1320.00;1200.00;-9.09%;15.08%;Накидные ключи;Так;*;Ні;
AEAH1417;Ключ з тріскачкою силовий з подвійною головкою 14x17мм TOPTU;ok;1042.00;1042.00;+0.00%;1320.00;1200.00;-9.09%;15.08%;Накидные ключи;Так;*;Ні;
AEAH1719;Ключ з тріскачкою силовий з подвійною головкою 17x19мм TOPTU;ok;1110.00;1110.00;+0.00%;1410.00;1280.00;-9.22%;15.08%;Накидные ключи;Так;*;Ні;
AEAH1922;Ключ з тріскачкою силовий з подвійною головкою 19x22мм TOPTU;ok;1110.00;1110.00;+0.00%;1410.00;1280.00;-9.22%;15.08%;Накидные ключи;Так;*;Ні;
AEAH2224;Ключ з тріскачкою силовий з подвійною головкою 22x24мм TOPTU;ok;1493.00;1493.00;+0.00%;1880.00;1720.00;-8.51%;15.08%;Накидные ключи;Так;*;Ні;
AEAH2427;Ключ з тріскачкою силовий з подвійною головкою 24x27мм TOPTU;ok;1493.00;1493.00;+0.00%;1880.00;1720.00;-8.51%;15.08%;Накидные ключи;Так;*;Ні;
AEAL1616;"Ключ балонний хрестовий 17,19,21mm & 1/2"" зміцнений TOPTUL A";ok;815.00;815.00;+0.00%;1040.00;950.00;-8.65%;15.34%;Балонные ключи;Так;*;Ні;
AEAL2401;"Ключ балонний хрестовий 24,27,32 mm & 3/4"" L700 TOPTUL AEAL2";ok;3200.00;3200.00;+0.00%;4000.00;3700.00;-7.50%;15.34%;Балонные ключи;Так;*;Ні;
AEAQ2214;Ключ балонний хрестовий 17,19,21,22 складаний TOPTUL AEAQ221;ok;959.00;959.00;+0.00%;1220.00;1110.00;-9.02%;15.34%;Балонные ключи;Так;*;Ні;
AEAT1010;Розкривний ключ з тріскачкою 10мм TOPTUL AEAT1010;ok;494.00;494.00;+0.00%;640.00;570.00;-10.94%;15.08%;Накидные ключи;Так;*;Ні;
AEAT1111;Розкривний ключ з тріскачкою 11мм TOPTUL AEAT1111;ok;494.00;494.00;+0.00%;640.00;570.00;-10.94%;15.08%;Накидные ключи;Так;*;Ні;
AEAT1313;Розкривний ключ з тріскачкою 13мм TOPTUL AEAT1313;ok;497.00;497.00;+0.00%;650.00;580.00;-10.77%;15.08%;Накидные ключи;Так;*;Ні;
AEAT1717;Розкривний ключ з тріскачкою 17мм TOPTUL AEAT1717;ok;556.00;556.00;+0.00%;720.00;640.00;-11.11%;15.08%;Накидные ключи;Так;*;Ні;
AEAT1919;Розкривний ключ з тріскачкою 19мм TOPTUL AEAT1919;ok;576.00;576.00;+0.00%;740.00;670.00;-9.46%;15.08%;Накидные ключи;Так;*;Ні;
AEAT2222;Розкривний ключ з тріскачкою 22мм TOPTUL AEAT2222;ok;608.00;608.00;+0.00%;780.00;700.00;-10.26%;15.08%;Накидные ключи;Так;*;Ні;
AEBE0607;Ключ торцевий трубчастий 6x7мм TOPTUL AEBE0607;ok;425.00;425.00;+0.00%;560.00;490.00;-12.50%;15.14%;Торцевые ключи;Так;*;Ні;
AEBE0809;Ключ торцевий трубчастий 8x9мм TOPTUL AEBE0809;ok;463.00;463.00;+0.00%;600.00;540.00;-10.00%;15.14%;Торцевые ключи;Так;*;Ні;
AEBE1011;Ключ торцевий трубчастий 10x11мм TOPTUL AEBE1011;ok;546.00;546.00;+0.00%;710.00;630.00;-11.27%;15.14%;Торцевые ключи;Так;*;Ні;
AEBE1213;Ключ торцевий трубчастий 12x13мм TOPTUL AEBE1213;ok;595.00;595.00;+0.00%;770.00;690.00;-10.39%;15.14%;Торцевые ключи;Так;*;Ні;
AEBE1415;Ключ торцевий трубчастий 14x15мм TOPTUL AEBE1415;ok;689.00;689.00;+0.00%;880.00;800.00;-9.09%;15.14%;Торцевые ключи;Так;*;Ні;
AEBE1617;Ключ торцевий трубчастий 16x17мм TOPTUL AEBE1617;ok;801.00;801.00;+0.00%;1020.00;930.00;-8.82%;15.14%;Торцевые ключи;Так;*;Ні;
AEBE1819;Ключ торцевий трубчастий 18x19мм TOPTUL AEBE1819;ok;1001.00;1001.00;+0.00%;1270.00;1160.00;-8.66%;15.14%;Торцевые ключи;Так;*;Ні;
AEEA0809;Ключ розрізний 8х9 TOPTUL AEEA0809;ok;169.00;169.00;+0.00%;240.00;200.00;-16.67%;15.14%;Разрезные ключи;Так;*;Ні;
AEEA0810;Ключ розрізний 8х10 TOPTUL AEEA0810;ok;169.00;169.00;+0.00%;240.00;200.00;-16.67%;15.14%;Разрезные ключи;Так;*;Ні;
AEEA0911;Ключ розрізний 9х11 TOPTUL AEEA0911;ok;217.00;217.00;+0.00%;300.00;250.00;-16.67%;15.14%;Разрезные ключи;Так;*;Ні;
AEEA1011;Ключ розрізний 10х11 TOPTUL AEEA1011;ok;197.00;197.00;+0.00%;270.00;230.00;-14.81%;15.14%;Разрезные ключи;Так;*;Ні;
AEEA1012;Ключ розрізний 10х12 TOPTUL AEEA1012;ok;197.00;197.00;+0.00%;270.00;230.00;-14.81%;15.14%;Разрезные ключи;Так;*;Ні;
AEEA1113;Ключ розрізний 11х13 TOPTUL AEEA1113;ok;220.00;220.00;+0.00%;300.00;260.00;-13.33%;15.14%;Разрезные ключи;Так;*;Ні;
AEEA1213;Ключ розрізний 12х13 TOPTUL AEEA1213;ok;220.00;220.00;+0.00%;300.00;260.00;-13.33%;15.14%;Разрезные ключи;Так;*;Ні;
AEEA1214;Ключ розрізний 12х14 TOPTUL AEEA1214;ok;220.00;220.00;+0.00%;300.00;260.00;-13.33%;15.14%;Разрезные ключи;Так;*;Ні;
AEEA1314;Ключ розрізний професійний TOPTUL 13х14 AEEA1314;ok;177.00;177.00;+0.00%;250.00;210.00;-16.00%;15.14%;Разрезные ключи;Ні;*;Так;відсутній у фіді
AEEA1417;Ключ розрізний 14х17 TOPTUL AEEA1417;ok;269.00;269.00;+0.00%;360.00;310.00;-13.89%;15.14%;Разрезные ключи;Так;*;Ні;
AEEA1517;Ключ розрізної професійний TOPTUL 15х17 AEEA1517;ok;247.00;247.00;+0.00%;340.00;290.00;-14.71%;15.14%;Разрезные ключи;Ні;*;Так;відсутній у фіді
AEEA1618;Ключ розрізний 16х18 TOPTUL AEEA1618;ok;359.00;359.00;+0.00%;470.00;420.00;-10.64%;15.14%;Разрезные ключи;Так;*;Ні;
AEEA1719;Ключ розрізний 17х19 TOPTUL AEEA1719;ok;359.00;359.00;+0.00%;470.00;420.00;-10.64%;15.14%;Разрезные ключи;Так;*;Ні;
AEEA1922;Ключ розрізний 19х22 TOPTUL AEEA1922;ok;421.00;421.00;+0.00%;550.00;490.00;-10.91%;15.14%;Разрезные ключи;Так;*;Ні;
AEEA2224;Ключ розрізний 22х24 TOPTUL AEEA2224;ok;505.00;505.00;+0.00%;660.00;590.00;-10.61%;15.14%;Разрезные ключи;Так;*;Ні;
AEEA2427;Ключ розрізний 24х27 TOPTUL AEEA2427;ok;594.00;594.00;+0.00%;770.00;690.00;-10.39%;15.14%;Разрезные ключи;Так;*;Ні;
AEEA3032;Ключ розрізний 30х32 TOPTUL AEEA3032;ok;718.00;718.00;+0.00%;920.00;830.00;-9.78%;15.14%;Разрезные ключи;Так;*;Ні;
AEEA3641;Ключ розрізний 36х41 TOPTUL AEEA3641;ok;1214.00;1214.00;+0.00%;1540.00;1400.00;-9.09%;15.14%;Разрезные ключи;Так;*;Ні;
AEEB0808;Ключ ріжково-шарнірний 8мм TOPTUL AEEB0808;ok;212.00;212.00;+0.00%;290.00;250.00;-13.79%;15.21%;Комбинированные ключи;Так;*;Ні;
AEEB0909;Ключ ріжково-шарнірний 9мм TOPTUL AEEB0909;ok;213.00;213.00;+0.00%;290.00;250.00;-13.79%;15.21%;Комбинированные ключи;Так;*;Ні;
AEEB1010;Ключ ріжково-шарнірний 10мм TOPTUL AEEB1010;ok;221.00;221.00;+0.00%;300.00;260.00;-13.33%;15.21%;Комбинированные ключи;Так;*;Ні;
AEEB1111;Ключ ріжково-шарнірний 11мм TOPTUL AEEB1111;ok;248.00;248.00;+0.00%;340.00;290.00;-14.71%;15.21%;Комбинированные ключи;Так;*;Ні;
AEEB1212;Ключ ріжково-шарнірний 12мм TOPTUL AEEB1212;ok;257.00;257.00;+0.00%;350.00;300.00;-14.29%;15.21%;Комбинированные ключи;Так;*;Ні;
AEEB1313;Ключ ріжково-шарнірний 13мм TOPTUL AEEB1313;ok;272.00;272.00;+0.00%;370.00;320.00;-13.51%;15.21%;Комбинированные ключи;Так;*;Ні;
AEEB1414;Ключ ріжково-шарнірний 14мм TOPTUL AEEB1414;ok;333.00;333.00;+0.00%;440.00;390.00;-11.36%;15.21%;Комбинированные ключи;Так;*;Ні;
AEEB1515;Ключ ріжково-шарнірний 15мм TOPTUL AEEB1515;ok;340.00;340.00;+0.00%;450.00;400.00;-11.11%;15.21%;Комбинированные ключи;Так;*;Ні;
AEEB1616;Ключ ріжково-шарнірний 16мм TOPTUL AEEB1616;ok;397.00;397.00;+0.00%;520.00;460.00;-11.54%;15.21%;Комбинированные ключи;Так;*;Ні;
AEEB1717;Ключ ріжково-шарнірний 17мм TOPTUL AEEB1717;ok;397.00;397.00;+0.00%;520.00;460.00;-11.54%;15.21%;Комбинированные ключи;Так;*;Ні;
AEEB1818;Ключ ріжково-шарнірний 18мм TOPTUL AEEB1818;ok;451.00;451.00;+0.00%;590.00;520.00;-11.86%;15.21%;Комбинированные ключи;Так;*;Ні;
AEEB1919;Ключ ріжково-шарнірний 19мм TOPTUL AEEB1919;ok;451.00;451.00;+0.00%;590.00;520.00;-11.86%;15.21%;Комбинированные ключи;Так;*;Ні;
AEEC0607;Ключ шарнірний 6х7мм TOPTUL AEEC0607;ok;249.00;249.00;+0.00%;340.00;290.00;-14.71%;15.14%;Торцевые ключи;Так;*;Ні;
AEEC0809;Ключ шарнірний 8х9мм TOPTUL AEEC0809;ok;235.00;235.00;+0.00%;320.00;280.00;-12.50%;15.14%;Торцевые ключи;Так;*;Ні;
AEEC0810;Ключ шарнірний 8х10мм TOPTUL AEEC0810;ok;240.00;240.00;+0.00%;330.00;280.00;-15.15%;15.14%;Трубные ключи;Так;*;Ні;
AEEC1011;Ключ шарнірний 10х11мм TOPTUL AEEC1011;ok;252.00;252.00;+0.00%;340.00;300.00;-11.76%;15.14%;Торцевые ключи;Так;*;Ні;
AEEC1213;Ключ шарнірний 12х13мм TOPTUL AEEC1213;ok;300.00;300.00;+0.00%;400.00;350.00;-12.50%;15.14%;Торцевые ключи;Так;*;Ні;
AEEC1415;Ключ шарнірний 14х15мм TOPTUL AEEC1415;ok;339.00;339.00;+0.00%;450.00;400.00;-11.11%;15.14%;Торцевые ключи;Так;*;Ні;
AEEC1417;Ключ шарнірний 14х17мм TOPTUL AEEC1417;ok;361.00;361.00;+0.00%;480.00;420.00;-12.50%;15.14%;Торцевые ключи;Так;*;Ні;
AEEC1617;Ключ шарнірний 16х17мм TOPTUL AEEC1617;ok;395.00;395.00;+0.00%;520.00;460.00;-11.54%;15.14%;Торцевые ключи;Так;*;Ні;
AEEC1719;Ключ шарнірний 17х19мм TOPTUL AEEC1719;ok;405.00;405.00;+0.00%;530.00;470.00;-11.32%;15.14%;Торцевые ключи;Так;*;Ні;
AEEC1819;Ключ шарнірний 18х19мм TOPTUL AEEC1819;ok;458.00;458.00;+0.00%;600.00;530.00;-11.67%;15.14%;Трубные ключи;Так;*;Ні;
AEEX1A35;Ключ шарнірний для круглих шліцевих гайок 13-35мм TOPTUL AEE;ok;668.00;668.00;+0.00%;860.00;770.00;-10.47%;15.14%;Трубные ключи;Так;*;Ні;
AEEX1A50;Ключ шарнірний для круглих шліцевих гайок 35-50мм TOPTUL AEE;ok;858.00;858.00;+0.00%;1090.00;990.00;-9.17%;15.14%;Серповидные ключи;Так;*;Ні;
AEEX1A80;Ключ шарнірний для круглих шліцевих гайок 50-80мм TOPTUL AEE;ok;1190.00;1190.00;+0.00%;1510.00;1380.00;-8.61%;15.14%;Серповидные ключи;Так;*;Ні;
AEEX1AA2;Ключ шарнірний для круглих шліцевихх гайок 80-120мм TOPTUL A;ok;1646.00;1646.00;+0.00%;2070.00;1900.00;-8.21%;15.14%;Серповидные ключи;Так;*;Ні;
AEEX1AA8;Ключ шарнірний для круглих шліцевих гайок 120-180мм TOPTUL A;ok;2219.00;2219.00;+0.00%;2790.00;2560.00;-8.24%;15.14%;Серповидные ключи;Так;*;Ні;
AF-2;"Мини-фильтр для пневмоинструмента 1/4"" AIRKRAFT AF-2";ok;183.00;183.00;+0.00%;9320.00;210.00;-97.75%;10.63%;Компоненты пневматики;Так;*;Так;подешевшало на 97.7%
AF2500;"Фильтр очистки воздуха 1/4"" AIRKRAFT AF2500";ok;194.00;194.00;+0.00%;24010.00;220.00;-99.08%;10.63%;Компоненты пневматики;Так;*;Так;подешевшало на 99.1%
AF804;"Фильтр очистки воздуха (PROFI) 1/2"" AIRKRAFT AF804";ok;555.00;555.00;+0.00%;820.00;640.00;-21.95%;15.00%;default;Так;*;Так;подешевшало на 22.0%
AFAN1208;"Вороток Г-подібний 3/8"" 200мм TOPTUL AFAN1208";ok;209.00;209.00;+0.00%;290.00;250.00;-13.79%;14.92%;Воротки, трещотки;Так;*;Ні;
AFAN1610;"Вороток Г-подібний 1/2"" 260мм TOPTUL AFAN1610";ok;283.00;283.00;+0.00%;380.00;330.00;-13.16%;14.92%;Воротки, трещотки;Так;*;Ні;
AFAN1612;"Вороток Г-подібний 1/2"" 300мм TOPTUL AFAN1612";ok;308.00;308.00;+0.00%;410.00;360.00;-12.20%;14.92%;Воротки, трещотки;Так;*;Ні;
AFAN1614;"Вороток Г-подібний 1/2"" 360х120мм TOPTUL AFAN1614";ok;409.00;409.00;+0.00%;540.00;480.00;-11.11%;14.92%;Воротки, трещотки;Так;*;Ні;
AFAN1614B;"Вороток Г-подібний 1/2"" 360х120мм Black Finish TOPTUL AFAN16";ok;458.00;458.00;+0.00%;600.00;530.00;-11.67%;14.92%;Воротки, трещотки;Так;*;Ні;
AFAN2416;"Вороток Г-подібний 3/4"" 400х150мм TOPTUL AFAN2416";ok;881.00;881.00;+0.00%;1120.00;1020.00;-8.93%;14.92%;Воротки, трещотки;Так;*;Ні;
AFAO2412;"Вороток Г-подібний 3/4"" 300мм TOPTUL AFAO2412";ok;702.00;702.00;+0.00%;900.00;810.00;-10.00%;14.92%;Воротки, трещотки;Так;*;Ні;
AFAO2414;"Вороток Г-подібний 3/4"" 350мм TOPTUL AFAO2414";ok;782.00;782.00;+0.00%;1000.00;900.00;-10.00%;14.92%;Воротки, трещотки;Так;*;Ні;
AFAO2418;"Вороток Г-подібний 3/4"" 450мм TOPTUL AFAO2418";ok;912.00;912.00;+0.00%;1160.00;1050.00;-9.48%;14.92%;Воротки, трещотки;Так;*;Ні;
AFAO3226;"Вороток Г-подібний 1"" 650мм TOPTUL AFAO3226";ok;2934.00;2934.00;+0.00%;3670.00;3380.00;-7.90%;14.92%;Воротки, трещотки;Так;*;Ні;
AFAS1612;"Вороток Г-подібний (кут 135°) 1/2"" 300мм TOPTUL AFAS1612";ok;310.00;310.00;+0.00%;410.00;360.00;-12.20%;14.92%;Воротки, трещотки;Так;*;Ні;
AFC2500;"Блок подготовки воздуха 1/4"" AIRKRAFT AFC2500";ok;680.00;680.00;+0.00%;870.00;790.00;-9.20%;14.74%;Комплектующие для шиномонтажа;Так;*;Ні;
AFR2500;"Фильтр очистки воздуха с регулятором 1/4"" AIRKRAFT AFR2500";ok;394.00;394.00;+0.00%;520.00;440.00;-15.38%;10.63%;Компоненты пневматики;Так;*;Ні;
AFR804;"Фильтр очистки воздуха с редуктором (PROFI) 1/2"" AIRKRAFT SF";ok;762.00;762.00;+0.00%;970.00;850.00;-12.37%;10.63%;Компоненты пневматики;Так;*;Ні;
AFRL804;"Блок подготовки воздуха (PROFI) 1/2"" AIRKRAFT SFC400 AFRL804";ok;1592.00;1592.00;+0.00%;2010.00;1830.00;-8.96%;14.74%;Комплектующие для шиномонтажа;Так;*;Ні;
AGAE0210;Ключ шестигранний Г-подібний 2мм супердовгий TOPTUL AGAE0210;ok;43.00;43.00;+0.00%;80.00;50.00;-37.50%;15.27%;Шестигранные ключи;Так;*;Так;подешевшало на 37.5%
AGAE0313;Ключ шестигранний Г-подібний 3мм супердовгий TOPTUL AGAE0313;ok;54.00;54.00;+0.00%;100.00;70.00;-30.00%;15.27%;Шестигранные ключи;Так;*;Так;подешевшало на 30.0%
AGAE0414;Ключ шестигранний Г-подібний 4мм супердовгий TOPTUL AGAE0414;ok;61.00;61.00;+0.00%;100.00;80.00;-20.00%;15.27%;Шестигранные ключи;Так;*;Так;подешевшало на 20.0%
AGAE0517;Ключ шестигранний Г-подібний 5мм супердовгий TOPTUL AGAE0517;ok;68.00;68.00;+0.00%;110.00;80.00;-27.27%;15.27%;Шестигранные ключи;Так;*;Так;подешевшало на 27.3%
AGAE0619;Ключ шестигранний Г-подібний 6мм супердовгий TOPTUL AGAE0619;ok;83.00;83.00;+0.00%;130.00;100.00;-23.08%;15.27%;Шестигранные ключи;Так;*;Так;подешевшало на 23.1%
AGAE0720;Ключ шестигранний Г-подібний 7мм супердовгий TOPTUL AGAE0720;ok;106.00;106.00;+0.00%;160.00;130.00;-18.75%;15.27%;Шестигранные ключи;Так;*;Ні;
AGAE0821;Ключ шестигранний Г-подібний 8мм супердовгий TOPTUL AGAE0821;ok;118.00;118.00;+0.00%;170.00;140.00;-17.65%;15.27%;Шестигранные ключи;Так;*;Ні;
AGAE1023;Ключ шестигранний Г-подібний 10мм супердовгий TOPTUL AGAE102;ok;170.00;170.00;+0.00%;240.00;200.00;-16.67%;15.27%;Шестигранные ключи;Так;*;Ні;
AGAE1226;Ключ шестигранний Г-подібний 12мм супердовгий TOPTUL AGAE122;ok;280.00;280.00;+0.00%;380.00;330.00;-13.16%;15.27%;Шестигранные ключи;Так;*;Ні;
AGAE1429;Ключ шестигранний Г-подібний 14мм супердовгий TOPTUL AGAE142;ok;407.00;407.00;+0.00%;530.00;470.00;-11.32%;15.27%;Шестигранные ключи;Так;*;Ні;
AGAE1734;Ключ шестигранний Г-подібний 17мм супердовгий TOPTUL AGAE173;ok;648.00;648.00;+0.00%;830.00;750.00;-9.64%;15.27%;Шестигранные ключи;Так;*;Ні;
AGAE1938;Ключ шестигранний Г-подібний 19мм супердовгий TOPTUL AGAE193;ok;847.00;847.00;+0.00%;1080.00;980.00;-9.26%;15.27%;Шестигранные ключи;Так;*;Ні;
AGAE1E09;Ключ шестигранний Г-подібний 1,5мм супердовгий TOPTUL AGAE1E;ok;36.00;36.00;+0.00%;70.00;50.00;-28.57%;15.27%;Шестигранные ключи;Так;*;Так;подешевшало на 28.6%
AGAE2E11;Ключ шестигранний Г-подібний 2,5мм супердовгий TOPTUL AGAE2E;ok;48.00;48.00;+0.00%;90.00;60.00;-33.33%;15.27%;Шестигранные ключи;Так;*;Так;подешевшало на 33.3%
AGAS0205;Ключ шестигранний Г-подібний 2мм (сталь SNCM+V) TOPTUL AGAS0;ok;26.00;26.00;+0.00%;60.00;40.00;-33.33%;15.27%;Шестигранные ключи;Так;*;Так;подешевшало на 33.3%
AGAS0307;Ключ шестигранний Г-подібний 3мм (сталь SNCM+ V) TOPTUL AGAS;ok;29.00;29.00;+0.00%;60.00;40.00;-33.33%;15.27%;Шестигранные ключи;Так;*;Так;подешевшало на 33.3%
AGAS0407;Ключ шестигранний Г-подібний 4мм (сталь SNCM+V) TOPTUL AGAS0;ok;35.00;35.00;+0.00%;70.00;50.00;-28.57%;15.27%;Шестигранные ключи;Так;*;Так;подешевшало на 28.6%
AGAS0509;Ключ шестигранний Г-подібний 5мм (сталь SNCM+V) TOPTUL AGAS0;ok;44.00;44.00;+0.00%;80.00;60.00;-25.00%;15.27%;Шестигранные ключи;Так;*;Так;подешевшало на 25.0%
AGAS0610;Ключ шестигранний Г-подібний 6мм (сталь SNCM+V) TOPTUL AGAS0;ok;54.00;54.00;+0.00%;100.00;70.00;-30.00%;15.27%;Шестигранные ключи;Так;*;Так;подешевшало на 30.0%
AGAS0710;Ключ шестигранний Г-подібний 7мм (сталь SNCM+V) TOPTUL AGAS0;ok;67.00;67.00;+0.00%;110.00;80.00;-27.27%;15.27%;Шестигранные ключи;Так;*;Так;подешевшало на 27.3%
AGAS0811;Ключ шестигранний Г-подібний 8мм (сталь SNCM+V) TOPTUL AGAS0;ok;82.00;82.00;+0.00%;130.00;100.00;-23.08%;15.27%;Шестигранные ключи;Так;*;Так;подешевшало на 23.1%
AGAS0912;Ключ шестигранний Г-подібний 9мм (сталь SNCM+V) TOPTUL AGAS0;ok;106.00;106.00;+0.00%;160.00;130.00;-18.75%;15.27%;Шестигранные ключи;Так;*;Ні;
AGAS1012;Ключ шестигранний Г-подібний 10мм (сталь SNCM+V) TOPTUL AGAS;ok;117.00;117.00;+0.00%;170.00;140.00;-17.65%;15.27%;Шестигранные ключи;Так;*;Ні;
AGAS1214;Ключ шестигранний Г-подібний 12мм (сталь SNCM+V) TOPTUL AGAS;ok;188.00;188.00;+0.00%;260.00;220.00;-15.38%;15.27%;Шестигранные ключи;Так;*;Ні;
AGAS1415;Ключ шестигранний Г-подібний 14мм (сталь SNCM+V) TOPTUL AGAS;ok;276.00;276.00;+0.00%;370.00;320.00;-13.51%;15.27%;Шестигранные ключи;Так;*;Ні;
AGAS1718;Ключ шестигранний Г-подібний 17мм (сталь SNCM+V) TOPTUL AGAS;ok;446.00;446.00;+0.00%;580.00;520.00;-10.34%;15.27%;Шестигранные ключи;Так;*;Ні;
AGAS1920;Ключ шестигранний Г-подібний 19мм (сталь SNCM+V) TOPTUL AGAS;ok;541.00;541.00;+0.00%;700.00;630.00;-10.00%;15.27%;Шестигранные ключи;Так;*;Ні;
AGAS1E05;Ключ шестигранний Г-подібний 1,5мм (сталь SNCM+V) TOPTUL AGA;ok;19.00;19.00;+0.00%;50.00;40.00;-20.00%;15.27%;Шестигранные ключи;Так;*;Так;подешевшало на 20.0%
AGAS2E06;Ключ шестигранний Г-подібний 2,5мм (сталь SNCM+V) TOPTUL AGA;ok;28.00;28.00;+0.00%;60.00;40.00;-33.33%;15.27%;Шестигранные ключи;Так;*;Так;подешевшало на 33.3%
AGCD0827;Ключ шестигранний з ручкою L-подібний 8мм L265x116 TOPTUL AG;ok;331.00;331.00;+0.00%;440.00;390.00;-11.36%;15.27%;Шестигранные ключи;Так;*;Ні;
AGFB0701;Набір складаний ключів HEX: 2,2.5,3,4,5,6,8мм (матеріал CRV-;ok;309.00;309.00;+0.00%;410.00;360.00;-12.20%;15.00%;default;Так;*;Ні;
AGGS1414;Ключ Г-подібний SPLINE М14 TOPTUL AGGS1414;ok;253.00;253.00;+0.00%;340.00;300.00;-11.76%;15.27%;Шестигранные ключи;Так;*;Ні;
AGL-12;Нагнітач консистентного мастила з пневмоприводом (12л) GI KR;ok;6270.00;6270.00;+0.00%;7820.00;7150.00;-8.57%;13.94%;Оборудование для замены масел и смазок;Так;*;Ні;
AGL-15;Нагнітач консистентного мастила з пневмоприводом (15л) GI KR;ok;9475.00;9475.00;+0.00%;11800.00;10800.00;-8.47%;13.94%;Оборудование для замены масел и смазок;Так;*;Ні;
AHC-10-A;Шланг резиновый воздушный армированный 20 атм 6x13мм 10м с б;ok;770.00;770.00;+0.00%;1070.00;890.00;-16.82%;15.00%;default;Так;*;Ні;
AHC-10-B;Шланг резиновый воздушный армированный 20 атм 6x13мм 20м с б;ok;1351.00;1351.00;+0.00%;1710.00;1560.00;-8.77%;15.00%;default;Так;*;Ні;
AHC-10-C;Шланг резиновый воздушный армированный 20 атм 6x13мм 15м с б;ok;824.00;824.00;+0.00%;1050.00;950.00;-9.52%;15.00%;default;Так;*;Ні;
AHC-10-D;Шланг резиновый воздушный армированный 20 атм 8x15мм 10м с б;ok;880.00;880.00;+0.00%;1120.00;1020.00;-8.93%;15.00%;default;Так;*;Ні;
AHC-10-E;Шланг резиновый воздушный армированный 20 атм 8x15мм 20м с б;ok;1529.00;1529.00;+0.00%;1930.00;1760.00;-8.81%;15.00%;default;Так;*;Ні;
AHC-10-F;Шланг резиновый воздушный армированный 20 атм 8x15мм 50м с б;ok;2859.00;2859.00;+0.00%;3580.00;3290.00;-8.10%;15.00%;default;Так;*;Ні;
AHC-10-G;Шланг резиновый воздушный армированный 20 атм 8x15мм 15м с б;ok;921.00;921.00;+0.00%;1170.00;1060.00;-9.40%;15.00%;default;Так;*;Ні;
AHC-10-H;Шланг резиновый воздушный армированный 20 атм 10x17мм 20м с ;ok;1442.00;1442.00;+0.00%;1820.00;1660.00;-8.79%;15.00%;default;Так;*;Ні;
AHC-10-I;Шланг резиновый воздушный армированный 20 атм 10x17мм 10м с ;ok;843.00;843.00;+0.00%;1080.00;970.00;-10.19%;15.00%;default;Так;*;Ні;
AHC-10-J;Шланг резиновый воздушный армированный 20 атм 10x17мм 15м с ;ok;1147.00;1147.00;+0.00%;1450.00;1320.00;-8.97%;15.00%;default;Так;*;Ні;
AHC-10-W;Шланг резиновый воздушный армированный 20 атм 8x15мм 50м AIR;ok;2454.00;2454.00;+0.00%;3080.00;2830.00;-8.12%;15.00%;default;Ні;*;Так;відсутній у фіді
AHC-16-E;Шланг резиновый воздушный армированный (PROFI) 20 атм 8x15мм;ok;1380.00;1380.00;+0.00%;3300.00;1590.00;-51.82%;15.00%;default;Так;*;Так;подешевшало на 51.8%
AHC-34A;Шланг воздушный полиуретановый на катушке 5x8мм 15м с быстро;ok;2724.00;2724.00;+0.00%;3410.00;3140.00;-7.92%;15.00%;default;Так;*;Ні;
AHC-35A;Шланг воздушный полиуретановый армированный на катушке 6,5x1;ok;3091.00;3091.00;+0.00%;3870.00;3560.00;-8.01%;15.00%;default;Так;*;Ні;
AHC-35B;Шланг воздушный полиуретановый армированный на катушке 8x12м;ok;3091.00;3091.00;+0.00%;3870.00;3560.00;-8.01%;15.00%;default;Так;*;Ні;
AHC-35C;Шланг воздушный полиуретановый армированный на катушке 8x12м;ok;4396.00;4396.00;+0.00%;5490.00;5060.00;-7.83%;15.00%;default;Так;*;Ні;
AHC-35D;Шланг воздушный полиуретановый армированный на катушке 10x14;ok;5077.00;5077.00;+0.00%;6340.00;5840.00;-7.89%;15.00%;default;Так;*;Ні;
AHC-35E;Шланг воздушный полиуретановый армированный на катушке 12x16;ok;5944.00;5944.00;+0.00%;7410.00;6840.00;-7.69%;15.00%;default;Так;*;Ні;
AHC46-A;Шланг спиральный полиуретановый 5,5*8мм L=5м AIRKRAFT AHC46-;ok;313.00;313.00;+0.00%;420.00;360.00;-14.29%;15.00%;default;Так;*;Ні;
AHC46-B;Шланг спиральный полиуретановый 5,5*8мм L=10м AIRKRAFT AHC46;ok;467.00;467.00;+0.00%;610.00;540.00;-11.48%;15.00%;default;Так;*;Ні;
AHC46-C;Шланг спиральный полиуретановый 5,5*8мм L=15м AIRKRAFT AHC46;ok;610.00;610.00;+0.00%;790.00;710.00;-10.13%;15.00%;default;Так;*;Ні;
AHC46-D;Шланг спиральный полиуретановый 5,5*8мм L=20м AIRKRAFT AHC46;ok;760.00;760.00;+0.00%;970.00;880.00;-9.28%;15.00%;default;Так;*;Ні;
AHC46-E;Шланг спиральный полиуретановый 6,5*10мм L=5м AIRKRAFT AHC46;ok;435.00;435.00;+0.00%;570.00;510.00;-10.53%;15.00%;default;Так;*;Ні;
AHC46-F;Шланг спиральный полиуретановый 6,5*10мм L=10м AIRKRAFT AHC4;ok;639.00;639.00;+0.00%;820.00;740.00;-9.76%;15.00%;default;Так;*;Ні;
AHC46-G;Шланг спиральный полиуретановый 6,5*10мм L=15м AIRKRAFT AHC4;ok;828.00;828.00;+0.00%;1060.00;960.00;-9.43%;15.00%;default;Так;*;Ні;
AHC46-H;Шланг спиральный полиуретановый 6,5*10мм L=20м AIRKRAFT AHC4;ok;1069.00;1069.00;+0.00%;1360.00;1230.00;-9.56%;15.00%;default;Так;*;Ні;
AHC48-I;Шланг спиральный полиуретановый (PROFI) 8*12мм L=5м AIRKRAFT;ok;723.00;723.00;+0.00%;930.00;840.00;-9.68%;15.00%;default;Так;*;Ні;
AHC48-J;Шланг спиральный полиуретановый (PROFI) 8*12мм L=10м AIRKRAF;ok;995.00;995.00;+0.00%;1260.00;1150.00;-8.73%;15.00%;default;Так;*;Ні;
AHC48-K;Шланг спиральный полиуретановый (PROFI) 8*12мм L=15м AIRKRAF;ok;1320.00;1320.00;+0.00%;1670.00;1520.00;-8.98%;15.00%;default;Так;*;Ні;
AHC48-L;Шланг спиральный полиуретановый (PROFI) 8*12мм L=20м AIRKRAF;ok;1561.00;1561.00;+0.00%;1970.00;1800.00;-8.63%;15.00%;default;Так;*;Ні;
AI94382801;Кейс для Набіру GCAI094R TOPTUL AI94382801;ok;531.00;531.00;+0.00%;690.00;620.00;-10.14%;14.95%;Ящики, сумки для инструментов;Так;*;Ні;
AIA3059000;Кейс для Набіру GCAI130T TOPTUL AIA3059000;ok;1250.00;1250.00;+0.00%;1580.00;1440.00;-8.86%;14.95%;Ящики, сумки для инструментов;Так;*;Ні;
AIAE3017;Ключ TORX Г-подібний T30 довгий TOPTUL AIAE3017;ok;77.00;77.00;+0.00%;120.00;90.00;-25.00%;15.27%;Шестигранные ключи;Так;*;Так;подешевшало на 25.0%
AIAE4018;Ключ TORX Г-подібний T-40 довгий TOPTUL AIAE4018;ok;104.00;104.00;+0.00%;160.00;120.00;-25.00%;15.27%;Шестигранные ключи;Так;*;Так;подешевшало на 25.0%
AIAS4010;Ключ TORX Г-подібний T-40 TOPTUL AIAS4010;ok;68.00;68.00;+0.00%;110.00;80.00;-27.27%;15.27%;Шестигранные ключи;Так;*;Так;подешевшало на 27.3%
AIBE3017;Ключ TORX Г-подібний T-30 довгий з отвором TOPTUL AIBE3017;ok;87.00;87.00;+0.00%;140.00;110.00;-21.43%;15.27%;Шестигранные ключи;Так;*;Так;подешевшало на 21.4%
AIBE4018;Ключ TORX Г-подібний T-40 довгий з отвором TOPTUL AIBE4018;ok;109.00;109.00;+0.00%;160.00;130.00;-18.75%;15.27%;Шестигранные ключи;Так;*;Ні;
AIFB0801;Набір складаний ключів TORX: T9-T40 (матеріал CRV-6150) TOPT;ok;343.00;343.00;+0.00%;450.00;400.00;-11.11%;15.27%;Шестигранные ключи;Так;*;Ні;
AIFB0802;Набір складаний ключів TORX: T6-T25 (матеріал CRV-6150) TOPT;ok;315.00;315.00;+0.00%;540.00;370.00;-31.48%;15.27%;Шестигранные ключи;Так;*;Так;подешевшало на 31.5%
AK100-360M-220-ITALY;Компресор поршневий з ремінним приводом Vрес=100л 360л/хв 22;ok;35775.00;35775.00;+0.00%;44470.00;39020.00;-12.26%;9.05%;Компрессоры поршневые;Так;*;Ні;
AK100-360T-380-ITALY;Компресор поршневий с ременним приводом Vрес=100л 360л/хв 38;ok;34718.00;34718.00;+0.00%;43160.00;37860.00;-12.28%;9.05%;Компрессоры поршневые;Ні;*;Так;відсутній у фіді
AK200-510-380;Компресор поршневий з ремінним приводом Vрес=200л 510л/хв 38;ok;56353.00;56353.00;+0.00%;70040.00;61460.00;-12.25%;9.05%;Компрессоры поршневые;Так;*;Ні;
AK300-15BAR-858-380;Компресор високого тиску 15bar Vрес=300л 858л/хв 380V 5,5кВт;ok;117486.00;117486.00;+0.00%;145990.00;128120.00;-12.24%;9.05%;Компрессоры поршневые;Так;*;Ні;
AK300-800-380;Компресор поршневий з ремінним приводом Vрес=300л 800л/хв 38;ok;95222.00;95222.00;+0.00%;118330.00;103840.00;-12.25%;9.05%;Компрессоры поршневые;Так;*;Ні;
AK50-170-ITALY;Компресор поршневий Vрес=50л 170л/хв 220V AIRKRAFT AK50-170-;ok;15220.00;15220.00;+0.00%;18940.00;16600.00;-12.35%;9.05%;Компрессоры поршневые;Ні;*;Так;відсутній у фіді
AK500-988-380;Компресор поршневий з ремінним приводом Vрес=500л 1070л/хв 3;ok;118870.00;118870.00;+0.00%;147710.00;129630.00;-12.24%;9.05%;Компрессоры поршневые;Так;*;Ні;
AKS0210;Набір шестигранників Г-обр 2-10 мм 8 од СТАНДАРТ AKS0210;ok;47.00;47.00;+0.00%;90.00;60.00;-33.33%;15.27%;Шестигранные ключи;Ні;*;Так;відсутній у фіді + подешевшало на 33.3%
AL2500;"Лубрикатор для пневмоинструмента (масленка) 1/4"" AIRKRAFT AL";ok;249.00;249.00;+0.00%;3830.00;280.00;-92.69%;10.63%;Компоненты пневматики;Так;*;Так;подешевшало на 92.7%
ALAD0803;Ремкомплект до ANAF0803 TOPTUL ALAD0803;ok;348.00;348.00;+0.00%;460.00;410.00;-10.87%;15.00%;default;Так;*;Ні;
ALAD1203;Ремкомплект до ANAF1203 TOPTUL ALAD1203;ok;385.00;385.00;+0.00%;510.00;450.00;-11.76%;15.00%;default;Так;*;Ні;
ALAD1211;Ремкомплект до ANAF1211 TOPTUL ALAD1211;ok;407.00;407.00;+0.00%;530.00;470.00;-11.32%;15.00%;default;Так;*;Ні;
ALAD1621;Ремкомплект до ANAF1621 TOPTUL ALAD1621;ok;519.00;519.00;+0.00%;670.00;600.00;-10.45%;15.34%;Динамометрические ключи;Так;*;Ні;
ALAD1635;Ремкомплект до ANAF1635 TOPTUL ALAD1635;ok;642.00;642.00;+0.00%;830.00;750.00;-9.64%;15.34%;Динамометрические ключи;Так;*;Ні;
ALAD2450;Ремкомплект до ANAF2450 ANAF2470 ANAF2498 ANAA2470-2498 TOPT;ok;2770.00;2770.00;+0.00%;3470.00;3170.00;-8.65%;14.33%;Комплектующие и запчасти для инструмента;Так;*;Ні;
ALAD2470;Ремкомплект для динамометричного ключа ANAA2470 TOPTUL ALAD2;ok;1421.00;1421.00;+0.00%;1840.00;1640.00;-10.87%;15.00%;default;Ні;*;Так;відсутній у фіді
ALAD2498;Ремкомплект для динамометричного ключа ANAA2498 TOPTUL ALAD2;ok;1421.00;1421.00;+0.00%;1790.00;1640.00;-8.38%;15.00%;default;Ні;*;Так;відсутній у фіді
ALAD3298;Ремкомплект до ANAA3298 TOPTUL ALAD3298;ok;3189.00;3189.00;+0.00%;3990.00;3670.00;-8.02%;15.00%;default;Так;*;Ні;
ALAH0803;Ремкомплект до ANAM0803 TOPTUL ALAH0803;ok;458.00;458.00;+0.00%;600.00;530.00;-11.67%;15.34%;Динамометрические ключи;Так;*;Ні;
ALAH1205;Ремкомплект до ключа динамометричного ANAM1205 TOPTUL ALAH12;ok;493.00;493.00;+0.00%;640.00;570.00;-10.94%;15.34%;Динамометрические ключи;Так;*;Ні;
ALAH1610;Ремкомплект до ANAM1610/ANAM1620/ANAM1630/ANAM1640 TOPTUL AL;ok;501.00;501.00;+0.00%;650.00;580.00;-10.77%;15.00%;default;Так;*;Ні;
ALAL0803;Ремкомплект до ANAS0803/DT-030N TOPTUL ALAL0803;ok;414.00;414.00;+0.00%;540.00;480.00;-11.11%;15.00%;default;Так;*;Ні;
ALAL1211;Ремкомплект до ANAS1211/DT-100N TOPTUL ALAL1211;ok;470.00;470.00;+0.00%;610.00;550.00;-9.84%;15.00%;default;Так;*;Ні;
ALAL1621;Ремкомплект до ANAS1621/DT-200N0 TOPTUL ALAL1621;ok;708.00;708.00;+0.00%;910.00;820.00;-9.89%;15.00%;default;Ні;*;Так;відсутній у фіді
ALAL1635;Ремкомплект до ANAS1635 TOPTUL ALAL1635;ok;719.00;719.00;+0.00%;920.00;830.00;-9.78%;15.00%;default;Так;*;Ні;
ALAL2480;Ремкомплект до ANAS2480 TOPTUL ALAL2480;ok;2584.00;2584.00;+0.00%;3240.00;2980.00;-8.02%;15.00%;default;Так;*;Ні;
ALAM0803;Ремкомплект до ANAU0803 TOPTUL ALAM0803;ok;461.00;461.00;+0.00%;600.00;540.00;-10.00%;15.00%;default;Ні;*;Так;відсутній у фіді
ALAM1210;Ремкомплект до ANAU1210 TOPTUL ALAM1210;ok;609.00;609.00;+0.00%;780.00;710.00;-8.97%;15.34%;Динамометрические ключи;Так;*;Ні;
ALAM1620;Ремкомплект до ANAU1620 TOPTUL ALAM1620;ok;657.00;657.00;+0.00%;840.00;760.00;-9.52%;15.00%;default;Так;*;Ні;
ALAM1634;Ремкомплект до ANAU1634 TOPTUL ALAM1634;ok;647.00;647.00;+0.00%;830.00;750.00;-9.64%;15.00%;default;Так;*;Ні;
ALEA2430;Подовжувач (під ключ AAAV) 350мм TOPTUL ALEA2430;ok;695.00;695.00;+0.00%;890.00;810.00;-8.99%;15.14%;Торцевые головки;Так;*;Ні;
ALEA3255;Подовжувач (під ключ AAAV) 580мм TOPTUL ALEA3255;ok;1066.00;1066.00;+0.00%;1350.00;1230.00;-8.89%;15.14%;Торцевые головки;Так;*;Ні;
ALEA60A5;Подовжувач (під ключ AAAV) 850мм TOPTUL ALEA60A5;ok;1655.00;1655.00;+0.00%;2080.00;1910.00;-8.17%;15.14%;Торцевые головки;Ні;*;Так;відсутній у фіді
ALPHA35M-220;Підйомник 2-х стійковий 3,5т електрогідравлічний з нижньою с;ok;101200.00;101200.00;+0.00%;125750.00;116070.00;-7.70%;14.69%;Подъемники автомобильные;Ні;*;Так;відсутній у фіді
ALPHA35M-380;Підйомник 2-х стійковий 3,5т електрогідравлічний з нижньою с;ok;101200.00;101200.00;+0.00%;125750.00;116070.00;-7.70%;14.69%;Подъемники автомобильные;Так;*;Ні;
AM-8700;Стенд проточки гальмівних дисків на автомобілі AM-8700;ok;85800.00;77000.00;-10.26%;106620.00;88550.00;-16.95%;15.00%;default;Так;*;Ні;
AM-983;Верстат для проточки гальмівних дисків зі зняттям і без знят;ok;121000.00;93720.00;-22.55%;150350.00;107780.00;-28.31%;15.00%;default;Так;*;Так;подешевшало на 28.3%
AMAA2415;"Ключ розвідний 6"" - 162mm TOPTUL AMAA2415";ok;649.00;649.00;+0.00%;830.00;750.00;-9.64%;15.21%;Разводные ключи;Так;*;Ні;
AMAA2920;"Ключ розвідний 8""- 209mm TOPTUL AMAA2920";ok;853.00;853.00;+0.00%;1090.00;990.00;-9.17%;15.21%;Разводные ключи;Так;*;Ні;
AMAA3325;"Ключ розвідний 10"" - 256mm TOPTUL AMAA3325";ok;1053.00;1053.00;+0.00%;1340.00;1220.00;-8.96%;15.21%;Разводные ключи;Так;*;Ні;
AMAA3830;"Ключ розвідний 12"" - 309mm TOPTUL AMAA3830";ok;1290.00;1290.00;+0.00%;1630.00;1490.00;-8.59%;15.21%;Разводные ключи;Так;*;Ні;
AMAB5038;"Ключ розвідний 15"" - 380мм TOPTUL AMAB5038";ok;2036.00;2036.00;+0.00%;2560.00;2350.00;-8.20%;15.21%;Разводные ключи;Так;*;Ні;
AMAB6045;"Ключ розвідний 18"" - 455мм TOPTUL AMAB6045";ok;3561.00;3561.00;+0.00%;4450.00;4110.00;-7.64%;15.21%;Разводные ключи;Так;*;Ні;
AMAB7060;"Ключ розвідний 24"" - 600мм TOPTUL AMAB7060";ok;7701.00;7701.00;+0.00%;9600.00;8880.00;-7.50%;15.21%;Разводные ключи;Так;*;Ні;
AMAC2015;"Ключ розвідний 6"" - 150мм 20мм TOPTUL AMAC2015";ok;478.00;478.00;+0.00%;620.00;560.00;-9.68%;15.21%;Разводные ключи;Так;*;Ні;
AMAC2420;"Ключ розвідний 8"" - 200мм 24мм TOPTUL AMAC2420";ok;599.00;599.00;+0.00%;770.00;700.00;-9.09%;15.21%;Разводные ключи;Так;*;Ні;
AMAC2925;"Ключ розвідний 10"" - 250мм 29мм TOPTUL AMAC2925";ok;733.00;733.00;+0.00%;940.00;850.00;-9.57%;15.21%;Разводные ключи;Так;*;Ні;
AMAC3430;"Ключ розвідний 12"" - 300мм 34мм TOPTUL AMAC3430";ok;915.00;915.00;+0.00%;1160.00;1060.00;-8.62%;15.21%;Разводные ключи;Так;*;Ні;
AMAC4338;"Ключ розвідний 15"" - 375мм 43мм TOPTUL AMAC4338";ok;1808.00;1808.00;+0.00%;2270.00;2090.00;-7.93%;15.21%;Разводные ключи;Так;*;Ні;
AMAD2920;"Ключ розвідний 8""- 200мм 29мм діелектричний 1000V TOPTUL AMA";ok;1618.00;1618.00;+0.00%;2040.00;1870.00;-8.33%;15.21%;Разводные ключи;Так;*;Ні;
AMAD3325;"Ключ розвідний 10"" - 250мм 33мм діелектричний 1000V TOPTUL A";ok;1994.00;1994.00;+0.00%;2510.00;2300.00;-8.37%;15.21%;Разводные ключи;Так;*;Ні;
AMAD3830;"Ключ розвідний 12"" - 300мм 38мм діелектричний 1000V TOPTUL A";ok;2629.00;2629.00;+0.00%;3290.00;3030.00;-7.90%;15.21%;Разводные ключи;Так;*;Ні;
AMCS-10;Ваги ручні цифрові 10 kg PROTESTER AMCS-10;ok;1219.00;1219.00;+0.00%;1540.00;1410.00;-8.44%;15.00%;default;Ні;*;Так;відсутній у фіді
AMCS-20;Ваги ручні цифрові 20 kg PROTESTER AMCS-20;ok;1219.00;1219.00;+0.00%;1540.00;1410.00;-8.44%;15.00%;default;Ні;*;Так;відсутній у фіді
AMCS-30;Ваги ручні цифрові 30 kg PROTESTER AMCS-30;ok;1219.00;1219.00;+0.00%;1540.00;1410.00;-8.44%;15.00%;default;Ні;*;Так;відсутній у фіді
AMCS-50;Ваги ручні цифрові 50 kg PROTESTER AMCS-50;ok;1219.00;1219.00;+0.00%;1540.00;1410.00;-8.44%;15.00%;default;Ні;*;Так;відсутній у фіді
ANAE1624;"Редуктор-підсилювач 1/2"" х3 / 4"" 460Nm-> 1400Nm TOPTUL ANAE1";ok;12523.00;12523.00;+0.00%;15590.00;14410.00;-7.57%;15.00%;default;Так;*;Ні;
ANAE2432;"Редуктор-підсилювач 3 / 4 ""х1"" 900Nm-> 2700Nm TOPTUL ANAE243";ok;13074.00;13074.00;+0.00%;16270.00;15040.00;-7.56%;15.00%;default;Так;*;Ні;
ANAF0803;"Динамометричний ключ 1/4"" TOPTUL 350mm 6-30Nm ANAF0803";ok;2917.00;2917.00;+0.00%;3740.00;3370.00;-9.89%;15.34%;Динамометрические ключи;Ні;*;Так;відсутній у фіді
ANAF1203;"Динамометричний ключ 3/8"" TOPTUL 350mm 6-30Nm ANAF1203";ok;2775.00;2775.00;+0.00%;3480.00;3210.00;-7.76%;15.34%;Динамометрические ключи;Ні;*;Так;відсутній у фіді
ANAF1211;"Ключ динамометричний моментний TOPTUL 3/8""х385мм 19-110Nm AN";ok;2963.00;2963.00;+0.00%;3710.00;3420.00;-7.82%;15.34%;Динамометрические ключи;Ні;*;Так;відсутній у фіді
ANAF1621;"Динамометричний ключ 1/2"" TOPTUL 535mm 40-210Nm ANAF1621";ok;3629.00;3629.00;+0.00%;4540.00;4190.00;-7.71%;15.34%;Динамометрические ключи;Ні;*;Так;відсутній у фіді
ANAF1635;"Ключ динамометричний TOPTUL 1/2""x645mm 70-350Nm ANAF1635";ok;4510.00;4510.00;+0.00%;5630.00;5210.00;-7.46%;15.34%;Динамометрические ключи;Ні;*;Так;відсутній у фіді
ANAF2450;"Ключ динамометричний трещоточный TOPTUL 3/4""x865mm 100-500Nm";ok;6664.00;6664.00;+0.00%;8310.00;7690.00;-7.46%;15.34%;Динамометрические ключи;Ні;*;Так;відсутній у фіді
ANAF2470;"Ключ динамометричний моментний TOPTUL 3/4""x1092mm 140-700Nm ";ok;17223.00;17223.00;+0.00%;21430.00;19870.00;-7.28%;15.34%;Динамометрические ключи;Ні;*;Так;відсутній у фіді
ANAF2498;"Ключ динамометричний TOPTUL 3/4""x1230mm 140-980Nm ANAF2498";ok;22073.00;22073.00;+0.00%;27450.00;25460.00;-7.25%;15.34%;Динамометрические ключи;Ні;*;Так;відсутній у фіді
ANAF3298;"Динамометричний ключ для шиномонтажу авто TOPTUL 1""x1230 mm ";ok;21272.00;21272.00;+0.00%;26460.00;24540.00;-7.26%;15.34%;Динамометрические ключи;Ні;*;Так;відсутній у фіді
ANAM0803;"Ключ динамометричний 1/4""x290mm(L) 1-25Nm TOPTUL ANAM0803";ok;3960.00;3960.00;+0.00%;4950.00;4570.00;-7.68%;15.34%;Динамометрические ключи;Так;*;Ні;
ANAM1205;"Ключ динамометричний 3/8""x360mm(L) 5-50Nm TOPTUL ANAM1205";ok;4349.00;4349.00;+0.00%;5430.00;5020.00;-7.55%;15.34%;Динамометрические ключи;Так;*;Ні;
ANAM1610;"Ключ динамометричний 1/2""x405mm(L) 10-100Nm TOPTUL ANAM1610";ok;4470.00;4470.00;+0.00%;5580.00;5160.00;-7.53%;15.34%;Динамометрические ключи;Так;*;Ні;
ANAM1620;"Ключ динамометричний 1/2""x500mm(L) 40-200Nm TOPTUL ANAM1620";ok;4701.00;4701.00;+0.00%;5870.00;5430.00;-7.50%;15.34%;Динамометрические ключи;Так;*;Ні;
ANAM1630;"Ключ динамометричний 1/2""x595mm(L) 60-300Nm TOPTUL ANAM1630";ok;5381.00;5381.00;+0.00%;6710.00;6210.00;-7.45%;15.34%;Динамометрические ключи;Так;*;Ні;
ANAM1640;"Ключ динамометричний 1/2""x680mm(L) 80 400 Нм TOPTUL ANAM1640";ok;6760.00;6760.00;+0.00%;8430.00;7800.00;-7.47%;15.34%;Динамометрические ключи;Так;*;Ні;
ANAM2475;"Ключ динамометричний 3/4""x1150mm(L) 150-750Nm TOPTUL ANAM247";ok;30520.00;30520.00;+0.00%;37940.00;35210.00;-7.20%;15.34%;Динамометрические ключи;Так;*;Ні;
ANAM32A0;"Ключ динамометричний 1""x1250mm(L) 200-1000Nm TOPTUL ANAM32A0";ok;39439.00;39439.00;+0.00%;49030.00;45490.00;-7.22%;15.34%;Динамометрические ключи;Ні;*;Так;відсутній у фіді
ANAQ32B0;"Ключ динамометричний 1""x950-2350mm(L) 750-2000Nm алюмінієвий";ok;104155.00;104155.00;+0.00%;129430.00;120140.00;-7.18%;15.34%;Динамометрические ключи;Так;*;Ні;
ANAS0803;"Ключ динамометричний 1/4""x230mm(L) 6-30Nm TOPTUL ANAS0803";ok;4107.00;4107.00;+0.00%;5130.00;4740.00;-7.60%;15.34%;Динамометрические ключи;Так;*;Ні;
ANAS1211;"Ключ динамометричний 3/8""x435mm(L) 19-110Nm TOPTUL ANAS1211";ok;4337.00;4337.00;+0.00%;5420.00;5010.00;-7.56%;15.34%;Динамометрические ключи;Так;*;Ні;
ANAS1621;"Ключ динамометричний 1/2""x495mm(L) 40-210Nm TOPTUL ANAS1621";ok;4890.00;4890.00;+0.00%;6100.00;5650.00;-7.38%;15.34%;Динамометрические ключи;Так;*;Ні;
ANAS1635;"Ключ динамометричний 1/2""x560mm(L) 70-350Nm TOPTUL ANAS1635";ok;5555.00;5555.00;+0.00%;6930.00;6410.00;-7.50%;15.34%;Динамометрические ключи;Так;*;Ні;
ANAS2480;"Ключ динамометричний 3/4""x1000mm(L) 100-800Nm TOPTUL ANAS248";ok;21107.00;21107.00;+0.00%;26250.00;24350.00;-7.24%;15.34%;Динамометрические ключи;Так;*;Ні;
ANAU0803;"Ключ динамометричний 1/4""x323m(L) 5-25Nm TOPTUL ANAU0803";ok;4366.00;4366.00;+0.00%;5450.00;5040.00;-7.52%;15.34%;Динамометрические ключи;Так;*;Ні;
ANAU1210;"Ключ динамометричний 3/8""x400mm(L) 20-100Nm TOPTUL ANAU1210";ok;4660.00;4660.00;+0.00%;5820.00;5380.00;-7.56%;15.34%;Динамометрические ключи;Так;*;Ні;
ANAU1620;"Ключ динамометричний 1/2"" x517mm(L) 40-200Nm TOPTUL ANAU1620";ok;4944.00;4944.00;+0.00%;6170.00;5710.00;-7.46%;15.34%;Динамометрические ключи;Так;*;Ні;
ANAU1634;"Ключ динамометричний 1/2""x622mm(L) 60-340N/m TOPTUL ANAU1634";ok;6380.00;6380.00;+0.00%;7950.00;7360.00;-7.42%;15.34%;Динамометрические ключи;Так;*;Ні;
ANAU2475;"Ключ динамометричний 3/4""x1210mm(L) 150-750Nm TOPTUL ANAU247";ok;18095.00;18095.00;+0.00%;22510.00;20880.00;-7.24%;15.34%;Динамометрические ключи;Так;*;Ні;
ANAU32A0;"Ключ динамометричний 1""x1500mm(L) 200-1000Nm TOPTUL ANAU32A0";ok;26687.00;26687.00;+0.00%;33180.00;30790.00;-7.20%;15.34%;Динамометрические ключи;Так;*;Ні;
ANAV0802;"Ключ динамометричний 1/4""x280mm(L) 4-24 Nm TOPTUL ANAV0802";ok;1870.00;1870.00;+0.00%;2350.00;2160.00;-8.09%;15.34%;Динамометрические ключи;Так;*;Ні;
ANAV1211;"Ключ динамометричний 3/8""x355mm(L) 19-110 Nm TOPTUL ANAV1211";ok;1932.00;1932.00;+0.00%;2430.00;2230.00;-8.23%;15.34%;Динамометрические ключи;Так;*;Ні;
ANAV1621;"Ключ динамометричний 1/2""x470mm(L) 28-210 Nm TOPTUL ANAV1621";ok;1991.00;1991.00;+0.00%;2500.00;2300.00;-8.00%;15.34%;Динамометрические ключи;Так;*;Ні;
ANAV1637;"Ключ динамометричний 1/2""x635mm(L) 50-365 Nm TOPTUL ANAV1637";ok;3731.00;3731.00;+0.00%;4660.00;4310.00;-7.51%;15.34%;Динамометрические ключи;Так;*;Ні;
ANBE2432;"Редуктор-підсилювач 3/4 ""х1"" 758Nm-> 2500Nm TOPTUL ANBE2432";ok;20327.00;20327.00;+0.00%;25280.00;23410.00;-7.40%;15.14%;Мультипликаторы ключи;Так;*;Ні;
ANCD0806;Викрутка-бітотримач динамометрична 1-6Nm TOPTUL ANCD0806;ok;5356.00;5356.00;+0.00%;6680.00;6180.00;-7.49%;15.29%;Отвертки;Так;*;Ні;
ANCD081B;Викрутка - бітотримач динамометрична 10-120cNm TOPTUL ANCD08;ok;5066.00;5066.00;+0.00%;6320.00;5850.00;-7.44%;15.29%;Отвертки;Так;*;Ні;
ANCE1624;"Редуктор-підсилювач 1/2""х3/4"" 150Nm->1500Nm TOPTUL ANCE1624";ok;14788.00;14788.00;+0.00%;18400.00;17010.00;-7.55%;15.00%;default;Ні;*;Так;відсутній у фіді
ANCE1648;"Редуктор-підсилювач 1/2""х1-1/2"" 400Nm->4000Nm TOPTUL ANCE164";ok;45847.00;45847.00;+0.00%;56990.00;52790.00;-7.37%;15.14%;Мультипликаторы ключи;Ні;*;Так;відсутній у фіді
ANDE2448;"Редуктор-підсилювач 3/4""х1-1/2"" 938Nm->4500Nm TOPTUL ANDE244";ok;60591.00;60591.00;+0.00%;75300.00;69680.00;-7.46%;15.00%;default;Так;*;Ні;
ANEE3232;"Ключ колісний редукторний 1"" Мах 3200Nm 1:56 TOPTUL ANEE3232";ok;4719.00;4719.00;+0.00%;5890.00;5440.00;-7.64%;15.14%;Мультипликаторы ключи;Так;*;Ні;
ANS-R-2;Викрутка динамометрична цифрова 1/4 0.2-2Nm PROTESTER ANS-R-;ok;5042.00;5042.00;+0.00%;6290.00;5820.00;-7.47%;15.29%;Отвертки;Так;*;Ні;
ANS-R-8;Викрутка динамометрична цифрова 1/4 0.8-8Nm PROTESTER ANS-R-;ok;5042.00;5042.00;+0.00%;6290.00;5820.00;-7.47%;15.34%;Динамометрические ключи;Так;*;Ні;
AOAB0808;Ключ комбінований з тріскачкою вкорочений 8мм TOPTUL AOAB080;ok;308.00;308.00;+0.00%;410.00;360.00;-12.20%;15.21%;Комбинированные ключи;Так;*;Ні;
AOAB1010;Ключ комбінований з тріскачкою вкорочений 10мм TOPTUL AOAB10;ok;321.00;321.00;+0.00%;430.00;370.00;-13.95%;15.21%;Комбинированные ключи;Так;*;Ні;
AOAB1212;Ключ комбінований з тріскачкою вкорочений 12мм TOPTUL AOAB12;ok;345.00;345.00;+0.00%;460.00;400.00;-13.04%;15.21%;Комбинированные ключи;Так;*;Ні;
AOAB1313;Ключ комбінований з тріскачкою вкорочений 13мм TOPTUL AOAB13;ok;355.00;355.00;+0.00%;470.00;410.00;-12.77%;15.21%;Комбинированные ключи;Так;*;Ні;
AOAB1414;Ключ комбінований з тріскачкою укорочений 14мм TOPTUL AOAB14;ok;382.00;382.00;+0.00%;500.00;450.00;-10.00%;15.21%;Комбинированные ключи;Так;*;Ні;
AOAB1515;Ключ комбінований з тріскачкою вкорочений 15мм TOPTUL AOAB15;ok;418.00;418.00;+0.00%;550.00;490.00;-10.91%;15.21%;Комбинированные ключи;Так;*;Ні;
AOAB1616;Ключ комбінований з тріскачкою вкорочений 16мм TOPTUL AOAB16;ok;434.00;434.00;+0.00%;570.00;510.00;-10.53%;15.21%;Комбинированные ключи;Так;*;Ні;
AOAB1717;Ключ комбінований з тріскачкою вкорочений 17мм TOPTUL AOAB17;ok;460.00;460.00;+0.00%;600.00;530.00;-11.67%;15.21%;Комбинированные ключи;Так;*;Ні;
AOAB1818;Ключ комбінований з тріскачкою вкорочений 18мм TOPTUL AOAB18;ok;517.00;517.00;+0.00%;670.00;600.00;-10.45%;15.21%;Комбинированные ключи;Так;*;Ні;
AOAB1919;Ключ комбінований з тріскачкою вкорочений 19мм TOPTUL AOAB19;ok;517.00;517.00;+0.00%;670.00;600.00;-10.45%;15.21%;Комбинированные ключи;Так;*;Ні;
AOAE0809;Ключ накидний з тріскачкою і шарніром 8х9мм TOPTUL AOAE0809;ok;772.00;772.00;+0.00%;990.00;890.00;-10.10%;15.08%;Накидные ключи;Ні;*;Так;відсутній у фіді
AOAE1011;Ключ накидний з тріскачкою і шарніром 10х11мм TOPTUL AOAE101;ok;797.00;797.00;+0.00%;1020.00;920.00;-9.80%;15.08%;Накидные ключи;Ні;*;Так;відсутній у фіді
AOAE1618;Ключ накидний з тріскачкою і шарніром 16х18мм TOPTUL AOAE161;ok;1284.00;1284.00;+0.00%;1620.00;1480.00;-8.64%;15.08%;Накидные ключи;Так;*;Ні;
AOAE1719;Ключ накидний з тріскачкою і шарніром 17х19мм TOPTUL AOAE171;ok;1096.00;1096.00;+0.00%;1390.00;1270.00;-8.63%;15.08%;Накидные ключи;Ні;*;Так;відсутній у фіді
AOAF0808;Ключ комбінований з тріскачкою 8мм TOPTUL AOAF0808;ok;303.00;303.00;+0.00%;400.00;350.00;-12.50%;15.21%;Комбинированные ключи;Так;*;Ні;
AOAF0909;Ключ комбінований з тріскачкою 9мм TOPTUL AOAF0909;ok;303.00;303.00;+0.00%;400.00;350.00;-12.50%;15.21%;Комбинированные ключи;Так;*;Ні;
AOAF1010;Ключ комбінований з тріскачкою 10мм Toptul AOAF1010;ok;313.00;313.00;+0.00%;420.00;370.00;-11.90%;15.21%;Комбинированные ключи;Так;*;Ні;
AOAF1111;Ключ комбінований з тріскачкою 11мм TOPTUL AOAF1111;ok;316.00;316.00;+0.00%;420.00;370.00;-11.90%;15.21%;Комбинированные ключи;Так;*;Ні;
AOAF1212;Ключ комбінований з тріскачкою 12мм Toptul AOAF1212;ok;340.00;340.00;+0.00%;450.00;400.00;-11.11%;15.21%;Комбинированные ключи;Так;*;Ні;
AOAF1313;Ключ комбінований з тріскачкою 13мм Toptul AOAF1313;ok;358.00;358.00;+0.00%;470.00;420.00;-10.64%;15.21%;Комбинированные ключи;Так;*;Ні;
AOAF1414;Ключ комбінований з тріскачкою 14мм TOPTUL AOAF1414;ok;380.00;380.00;+0.00%;500.00;440.00;-12.00%;15.21%;Комбинированные ключи;Так;*;Ні;
AOAF1515;Ключ комбінований з тріскачкою 15мм TOPTUL AOAF1515;ok;403.00;403.00;+0.00%;530.00;470.00;-11.32%;15.21%;Комбинированные ключи;Так;*;Ні;
AOAF1616;Ключ комбінований з тріскачкою 16мм TOPTUL AOAF1616;ok;456.00;456.00;+0.00%;590.00;530.00;-10.17%;15.21%;Комбинированные ключи;Так;*;Ні;
AOAF1717;Ключ комбінований з тріскачкою 17мм Toptul AOAF1717;ok;472.00;472.00;+0.00%;610.00;550.00;-9.84%;15.21%;Комбинированные ключи;Так;*;Ні;
AOAF1818;Ключ комбінований з тріскачкою 18мм TOPTUL AOAF1818;ok;500.00;500.00;+0.00%;650.00;580.00;-10.77%;15.21%;Комбинированные ключи;Так;*;Ні;
AOAF1919;Ключ комбінований з тріскачкою 19мм Toptul AOAF1919;ok;517.00;517.00;+0.00%;670.00;600.00;-10.45%;15.21%;Комбинированные ключи;Так;*;Ні;
AOAF2222;Ключ комбінований з тріскачкою 22мм TOPTUL AOAF2222;ok;805.00;805.00;+0.00%;1030.00;930.00;-9.71%;15.21%;Комбинированные ключи;Так;*;Ні;
AOAF2424;Ключ комбінований з тріскачкою 24мм TOPTUL AOAF2424;ok;939.00;939.00;+0.00%;1190.00;1090.00;-8.40%;15.21%;Комбинированные ключи;Так;*;Ні;
AOAG0809;Ключ накидний з тріскачкою 8х9мм AEAR0809 TOPTUL AOAG0809;ok;465.00;465.00;+0.00%;610.00;540.00;-11.48%;15.08%;Накидные ключи;Ні;*;Так;відсутній у фіді
AOAG1011;Ключ накидний з тріскачкою 10х11мм AIR +1011 TOPTUL AOAG1011;ok;487.00;487.00;+0.00%;630.00;570.00;-9.52%;15.08%;Накидные ключи;Так;*;Ні;
AOAG1213;Ключ накидной з тріскачкою 12х13мм AEAR1213 TOPTUL AOAG1213;ok;539.00;539.00;+0.00%;700.00;630.00;-10.00%;15.08%;Накидные ключи;Так;*;Ні;
AOAG1415;Ключ накидний з тріскачкою 14х15мм AEAR1415 TOPTUL AOAG1415;ok;581.00;581.00;+0.00%;750.00;670.00;-10.67%;15.08%;Накидные ключи;Так;*;Ні;
AOAG1618;Ключ накидний з тріскачкою 16х18мм AEAR1618 TOPTUL AOAG1618;ok;660.00;660.00;+0.00%;850.00;760.00;-10.59%;15.08%;Накидные ключи;Так;*;Ні;
AOAG1719;Ключ накидний з тріскачкою 17х19мм AEAR1719 TOPTUL AOAG1719;ok;671.00;671.00;+0.00%;860.00;780.00;-9.30%;15.08%;Накидные ключи;Так;*;Ні;
AOAH0808;Ключ комбінований з тріскачкою і шарніром 8мм TOPTUL AOAH080;ok;455.00;455.00;+0.00%;590.00;530.00;-10.17%;15.21%;Комбинированные ключи;Так;*;Ні;
AOAH0909;Ключ комбінований з тріскачкою і шарніром 9мм TOPTUL AOAH090;ok;468.00;468.00;+0.00%;610.00;540.00;-11.48%;15.21%;Комбинированные ключи;Так;*;Ні;
AOAH1010;Ключ комбінований з тріскачкою і шарніром 10мм TOPTUL AOAH10;ok;488.00;488.00;+0.00%;630.00;570.00;-9.52%;15.21%;Комбинированные ключи;Так;*;Ні;
AOAH1111;Ключ комбінований з тріскачкою і шарніром 11мм TOPTUL AOAH11;ok;503.00;503.00;+0.00%;650.00;580.00;-10.77%;15.21%;Комбинированные ключи;Так;*;Ні;
AOAH1212;Ключ комбінований з тріскачкою і шарніром 12мм TOPTUL AOAH12;ok;539.00;539.00;+0.00%;700.00;630.00;-10.00%;15.21%;Комбинированные ключи;Так;*;Ні;
AOAH1313;Ключ комбінований з тріскачкою і шарніром 13мм TOPTUL AOAH13;ok;550.00;550.00;+0.00%;710.00;640.00;-9.86%;15.21%;Комбинированные ключи;Так;*;Ні;
AOAH1414;Ключ комбінований з тріскачкою і шарніром 14мм TOPTUL AOAH14;ok;581.00;581.00;+0.00%;750.00;670.00;-10.67%;15.21%;Комбинированные ключи;Так;*;Ні;
AOAH1515;Ключ комбінований з тріскачкою і шарніром 15мм TOPTUL AOAH15;ok;603.00;603.00;+0.00%;780.00;700.00;-10.26%;15.21%;Комбинированные ключи;Так;*;Ні;
AOAH1616;Ключ комбінований з тріскачкою і шарніром 16мм TOPTUL AOAH16;ok;645.00;645.00;+0.00%;830.00;750.00;-9.64%;15.21%;Комбинированные ключи;Так;*;Ні;
AOAH1717;Ключ комбінований з тріскачкою і шарніром 17мм TOPTUL AOAH17;ok;671.00;671.00;+0.00%;860.00;780.00;-9.30%;15.21%;Комбинированные ключи;Так;*;Ні;
AOAH1818;Ключ комбінований з тріскачкою і шарніром 18мм TOPTUL AOAH18;ok;719.00;719.00;+0.00%;920.00;830.00;-9.78%;15.21%;Комбинированные ключи;Так;*;Ні;
AOAH1919;Ключ комбінований з тріскачкою і шарніром 19мм TOPTUL AOAH19;ok;729.00;729.00;+0.00%;930.00;840.00;-9.68%;15.21%;Комбинированные ключи;Так;*;Ні;
AP7430L;"Пневмогайковерт 1/2"" (570N/m; 7500об/хв; довшпіндель) AEROPR";ok;3739.00;3739.00;+0.00%;4670.00;4130.00;-11.56%;10.38%;Пневматические гайковерты;Так;*;Ні;
AP8605-313;Форсунка для безповітряного розпилювача 818C (розмір сопла 0;ok;545.00;545.00;+0.00%;710.00;630.00;-11.27%;15.00%;default;Так;*;Ні;
AP8605-315;Форсунка для безповітряного розпилювача 818C (розмір сопла 0;ok;545.00;545.00;+0.00%;710.00;630.00;-11.27%;15.00%;default;Так;*;Ні;
AP8605-413;Форсунка для безповітряного розпилювача 818C (розмір сопла 0;ok;545.00;545.00;+0.00%;710.00;630.00;-11.27%;15.00%;default;Так;*;Ні;
AP8605-415;Форсунка для безповітряного розпилювача 818C (розмір сопла 0;ok;545.00;545.00;+0.00%;710.00;630.00;-11.27%;15.00%;default;Так;*;Ні;
AP8605-513;Форсунка для безповітряного розпилювача 818C (розмір сопла 0;ok;545.00;545.00;+0.00%;710.00;630.00;-11.27%;15.00%;default;Так;*;Ні;
AP8605-515;Форсунка для безповітряного розпилювача 818C (розмір сопла 0;ok;545.00;545.00;+0.00%;710.00;630.00;-11.27%;15.00%;default;Так;*;Ні;
AP8605-517;Форсунка для безповітряного розпилювача 818C (розмір сопла 0;ok;545.00;545.00;+0.00%;710.00;630.00;-11.27%;15.00%;default;Так;*;Ні;
AP8605-519;Форсунка для безповітряного розпилювача 818C (розмір сопла 0;ok;545.00;545.00;+0.00%;710.00;630.00;-11.27%;15.00%;default;Так;*;Ні;
AP8605-521;Форсунка для безповітряного розпилювача 818C (розмір сопла 0;ok;545.00;545.00;+0.00%;710.00;630.00;-11.27%;15.00%;default;Ні;*;Так;відсутній у фіді
AP8605-523;Форсунка для безповітряного розпилювача 818C (розмір сопла 0;ok;545.00;545.00;+0.00%;710.00;630.00;-11.27%;15.00%;default;Ні;*;Так;відсутній у фіді
AP8605-619;Форсунка для безповітряного розпилювача 818C (розмір сопла 0;ok;545.00;545.00;+0.00%;710.00;630.00;-11.27%;15.00%;default;Так;*;Ні;
AP8605-621;Форсунка для безповітряного розпилювача 818C (розмір сопла 0;ok;545.00;545.00;+0.00%;710.00;630.00;-11.27%;15.00%;default;Ні;*;Так;відсутній у фіді
AP8641;Подовжувач для безповітряного розпилювача 0.3м AEROPRO AP864;ok;348.00;348.00;+0.00%;460.00;410.00;-10.87%;15.00%;default;Так;*;Ні;
AP8641-1;Подовжувач для безповітряного розпилювача 0.45м AEROPRO AP86;ok;424.00;424.00;+0.00%;550.00;490.00;-10.91%;15.00%;default;Так;*;Ні;
AP8641-2;Подовжувач для безповітряного розпилювача 0.6м AEROPRO AP864;ok;425.00;425.00;+0.00%;560.00;490.00;-12.50%;15.00%;default;Так;*;Ні;
AP8641-4;Подовжувач для безповітряного розпилювача 1м AEROPRO AP8641-;ok;533.00;533.00;+0.00%;690.00;620.00;-10.14%;15.00%;default;Так;*;Ні;
AP8642;Тримач форсунки поворотний 360° безповітряного розпилювача 8;ok;1690.00;1690.00;+0.00%;2130.00;1950.00;-8.45%;15.00%;default;Так;*;Ні;
AP8645-1-100;Фільтр для безповітряного розпилювача 818C (сітка 0.149мм) A;ok;115.00;115.00;+0.00%;170.00;140.00;-17.65%;15.00%;default;Так;*;Ні;
AP8645-1-150;Фільтр для безповітряного розпилювача 818C (сітка 0,098мм) A;ok;115.00;115.00;+0.00%;170.00;140.00;-17.65%;15.00%;default;Так;*;Ні;
AP8645-1-60;Фільтр для безповітряного розпилювача 818C (сітка 0,25мм) AE;ok;115.00;115.00;+0.00%;170.00;140.00;-17.65%;15.00%;default;Так;*;Ні;
AP8645-1-80;Фільтр для безповітряного розпилювача 818C (сітка 0.177мм) A;ok;115.00;115.00;+0.00%;170.00;140.00;-17.65%;15.00%;default;Так;*;Ні;
AP8647-1;Тримач форсунки для безповітряного розпилювача 818C AEROPRO ;ok;510.00;510.00;+0.00%;660.00;590.00;-10.61%;15.00%;default;Так;*;Ні;
AP8648-15;Фарбувальний шланг високого тиску 15м AEROPRO AP8648-15;ok;3019.00;3019.00;+0.00%;3780.00;3480.00;-7.94%;15.00%;default;Так;*;Ні;
AP8648-30;Фарбувальний шланг високого тиску 30м AEROPRO AP8648-30;ok;5792.00;5792.00;+0.00%;7220.00;6670.00;-7.62%;15.00%;default;Так;*;Ні;
AP8648-7.6;Фарбувальний шланг високого тиску 7,6м AEROPRO AP8648-7.6;ok;1617.00;1617.00;+0.00%;2040.00;1860.00;-8.82%;15.00%;default;Так;*;Ні;
AP8656;Зовнішній фільтр очищення фарби для R470 R520 AEROPRO AP8656;ok;192.00;223.00;+16.15%;270.00;260.00;-3.70%;15.00%;default;Так;*;Ні;
AP8656-4;Зовнішній фільтр очищення фарби для RP8623N AEROPRO AP8656-4;ok;202.00;202.00;+0.00%;280.00;240.00;-14.29%;15.00%;default;Так;*;Ні;
AREA0808;"Вороток шарнірний (квадрат 1/4"" - бітотримач 1/4"") TOPTUL AR";ok;300.00;300.00;+0.00%;400.00;350.00;-12.50%;14.92%;Воротки, трещотки;Так;*;Ні;
ASGCS;Комплект для чищення пістолетів фарбувальних AUARITA ASGCS;ok;118.00;118.00;+0.00%;170.00;140.00;-17.65%;13.20%;Пневматические краскопульты;Так;*;Ні;
ASLS0110;"Ножиці по металу 10"" (ліві) СТАНДАРТ";ok;116.00;116.00;+0.00%;170.00;140.00;-17.65%;15.00%;default;Так;*;Ні;
ASRS0110;"Ножиці по металу 10"" (праві) СТАНДАРТ";ok;124.00;124.00;+0.00%;180.00;150.00;-16.67%;15.00%;default;Так;*;Ні;
ASSC0110;"Ножиці по металу 10"" (прямі) СТАНДАРТ";ok;150.00;150.00;+0.00%;210.00;180.00;-14.29%;15.00%;default;Так;*;Ні;
AT-010K;Зачисна машинка (гравер) пневматична з комплектом шліфувальн;ok;1060.00;1060.00;+0.00%;1350.00;1180.00;-12.59%;10.47%;Пневмошлифмашины;Ні;*;Так;відсутній у фіді
AT-193;Пістолет пневматичний для видавлювання силікону (CODE.00495);ok;762.00;762.00;+0.00%;1090.00;870.00;-20.18%;13.94%;Пневматические шприцы для смазки;Так;*;Так;подешевшало на 20.2%
AT-2010HSG;Молоток пневматичний з Набіром зубіл 4 од в комплекті (4500у;ok;759.00;759.00;+0.00%;970.00;840.00;-13.40%;10.38%;Пневматические отбойные молотки;Так;*;Ні;
AT-238LSG;"Пневмогайковерт 1/2"" (576N/m; 7500об/хв; довшпиндель) AIRKRA";ok;3205.00;3205.00;+0.00%;4010.00;3540.00;-11.72%;10.38%;Пневматические гайковерты;Так;*;Ні;
AT-3190P;Гравер пневматичний (1/4 13000уд/ хв) AIRKRAFT AT-3190P;ok;1838.00;1838.00;+0.00%;2310.00;2040.00;-11.69%;10.47%;Пневмошлифмашины;Так;*;Ні;
AT-4031B;"Дриль пневматичний 3/8 (1800об/хв; реверс) AIRKRAFT AT-4031B";ok;1376.00;1376.00;+0.00%;1740.00;1530.00;-12.07%;11.18%;Пневмодрели;Ні;*;Так;відсутній у фіді
AT-4031KLB;"Дриль пневматичний 3/8 (1800об/хв; реверс; самозажимний патр";ok;1395.00;1395.00;+0.00%;1760.00;1560.00;-11.36%;11.18%;Пневмодрели;Так;*;Ні;
AT-4038C;Дриль пневматичний прямий 3/8 (2500об/хв) AIRKRAFT AT-4038C;ok;1318.00;1318.00;+0.00%;2040.00;1470.00;-27.94%;11.18%;Пневмодрели;Ні;*;Так;відсутній у фіді + подешевшало на 27.9%
AT-4041B;"Дриль пневматичний 1/2 (700об/хв; реверс) AIRKRAFT AT-4041B";ok;1731.00;1731.00;+0.00%;2180.00;1930.00;-11.47%;11.18%;Пневмодрели;Так;*;Ні;
AT-480;"Напилок пневматичний (10мм*330мм;16000об/хв) AIRKRAFT AT-480";ok;1994.00;1994.00;+0.00%;10720.00;2210.00;-79.38%;10.47%;Пневмошлифмашины;Так;*;Так;подешевшало на 79.4%
AT-5002SG;"Тріскачка пневматична з Набіром інструменту 1/2 (68Н/м; 160о";ok;2000.00;2000.00;+0.00%;2510.00;2210.00;-11.95%;10.38%;Пневматические гайковерты;Так;*;Ні;
AT-5004SG;"Пневмогайковерт з Набіром пневмоінструменту 1/2"" (max 350Н/м";ok;2174.00;2174.00;+0.00%;2730.00;2400.00;-12.09%;10.38%;Пневматические гайковерты;Так;*;Ні;
AT-5056B;"Тріскачка пневматична 1/2"" (68Н/м; 160об/хв) AIRKRAFT AT-505";ok;1366.00;1366.00;+0.00%;1730.00;1510.00;-12.72%;10.38%;Пневматические гайковерты;Так;*;Ні;
AT-6015;"Заклепочник пневмогідравліний 3/16"" (2.4мм 3.2мм 4.0мм 4.8мм";ok;2490.00;2490.00;+0.00%;3120.00;2760.00;-11.54%;10.63%;Пневматические заклепочники;Так;*;Ні;
AT-6017;"Заклепочник пневмогідравлічний 1/4"" (3.2мм 4.0мм 4.8мм 6.0мм";ok;3343.00;3343.00;+0.00%;4180.00;3700.00;-11.48%;10.63%;Пневматические заклепочники;Ні;*;Так;відсутній у фіді
AT-6027N;"Пневматична відрізна машинка 3"" (композитний корпус поворотн";ok;1163.00;1163.00;+0.00%;1470.00;1290.00;-12.24%;10.47%;Пневмошлифмашины;Так;*;Ні;
AT-6036;"Шприц-маслянка пневматичний з гнучким шлангом 12"" AIRKRAFT A";ok;1083.00;1083.00;+0.00%;1370.00;1240.00;-9.49%;13.94%;Оборудование для замены масел и смазок;Так;*;Ні;
AT-6036N;Шприц-маслянка пневматичний (PROFI) AIRKRAFT AT-6036N;ok;1137.00;1137.00;+0.00%;1440.00;1300.00;-9.72%;13.94%;Пневматические шприцы для смазки;Так;*;Ні;
AT-7018;Шліфмашина пневматична вібраційна (8000об/хв) AIRKRAFT AT-70;ok;1702.00;1702.00;+0.00%;2140.00;1890.00;-11.68%;10.47%;Пневмошлифмашины;Так;*;Ні;
AT-7032B;Зачисна машинка пневматична (25000об/хв) AIRKRAFT AT-7032B;ok;656.00;656.00;+0.00%;850.00;730.00;-14.12%;10.47%;Пневмошлифмашины;Ні;*;Так;відсутній у фіді
AT-7034B;Зачисна машинка пневматична кутова (20000об/хв) AIRKRAFT AT-;ok;1338.00;1338.00;+0.00%;1690.00;1480.00;-12.43%;10.47%;Пневмошлифмашины;Так;*;Ні;
AT-7034N;Зачисна машинка пневматична кутова з регулюванням швидкості ;ok;1486.00;1486.00;+0.00%;1870.00;1650.00;-11.76%;10.47%;Пневмошлифмашины;Так;*;Ні;
AT-7038B;Ножиці вирубні пневматичні для різання листового металу (до ;ok;1555.00;1555.00;+0.00%;1960.00;1790.00;-8.67%;15.00%;default;Ні;*;Так;відсутній у фіді
AT-8039D;Голковий зачисний молоток пневматичний для очищення поверхон;ok;1518.00;1518.00;+0.00%;1910.00;1680.00;-12.04%;10.38%;Пневматические отбойные молотки;Так;*;Ні;
AT-8039P;Голчастий зачисний молоток пневматичний для очищення поверхо;ok;3441.00;3441.00;+0.00%;4300.00;3800.00;-11.63%;10.38%;Пневматические отбойные молотки;Ні;*;Так;відсутній у фіді
AT-980-5;Шліфувальна машинка пневматична орбітальна (Non-vacuum type);ok;1827.00;1827.00;+0.00%;2300.00;2020.00;-12.17%;10.47%;Пневмошлифмашины;Ні;*;Так;відсутній у фіді
AT-980-6V;Шліфувальна машинка пневматична орбітальна (Vacuum type) 150;ok;2255.00;2255.00;+0.00%;2830.00;2500.00;-11.66%;10.47%;Пневмошлифмашины;Так;*;Ні;
ATC-09;Насадка для пистолета подкачки колес 8мм AIRKRAFT ATC-09;ok;42.00;45.00;+7.14%;80.00;60.00;-25.00%;15.24%;Пневматические пистолеты подкачки шин;Так;*;Так;подешевшало на 25.0%
ATF-A6;Обладнання для обслуговування АКПП AOMAI ATF-A6;ok;78760.00;78760.00;+0.00%;103960.00;89740.00;-13.68%;13.94%;Оборудование для замены масел и смазок;Ні;*;Так;відсутній у фіді
AW-1150;Ключ розвідний 150мм СТАНДАРТ;ok;136.00;136.00;+0.00%;200.00;160.00;-20.00%;15.21%;Разводные ключи;Ні;*;Так;відсутній у фіді + подешевшало на 20.0%
AW-1200;Ключ розвідний 200мм СТАНДАРТ;ok;177.00;177.00;+0.00%;1020.00;210.00;-79.41%;15.21%;Разводные ключи;Так;*;Так;подешевшало на 79.4%
AW-1250;Ключ розвідний 250мм СТАНДАРТ;ok;256.00;256.00;+0.00%;350.00;300.00;-14.29%;15.21%;Разводные ключи;Ні;*;Так;відсутній у фіді
AW-1300;Ключ розвідний 300мм СТАНДАРТ;ok;353.00;353.00;+0.00%;470.00;410.00;-12.77%;15.21%;Разводные ключи;Ні;*;Так;відсутній у фіді
AW-1380;Ключ розвідний 380мм 0-47мм СТАНДАРТ AW-1380;ok;598.00;598.00;+0.00%;1750.00;690.00;-60.57%;15.21%;Разводные ключи;Ні;*;Так;відсутній у фіді + подешевшало на 60.6%
AW-1450;Ключ розвідний 450мм 0-58мм СТАНДАРТ AW-1450;ok;1052.00;1052.00;+0.00%;1340.00;1220.00;-8.96%;15.21%;Разводные ключи;Так;*;Ні;
AWG4200;Ключ розвідний з фіксатором 200мм 0-31мм СТАНДАРТ AWG4200;ok;873.00;873.00;+0.00%;1110.00;1010.00;-9.01%;15.21%;Разводные ключи;Так;*;Ні;
AWG4250;Ключ розвідний з фіксатором 250мм 0-35мм СТАНДАРТ AWG4250;ok;942.00;942.00;+0.00%;1200.00;1090.00;-9.17%;15.21%;Разводные ключи;Так;*;Ні;
AWJ3-085;Ключ динамометричний двосторонньої дії 3/8 4.25- 85Nm PROTES;ok;6754.00;6754.00;+0.00%;8420.00;7800.00;-7.36%;15.34%;Динамометрические ключи;Ні;*;Так;відсутній у фіді
AWJ3-135;Ключ динамометричний двосторонньої дії 3/8 6.75-135Nm PROTES;ok;7458.00;7458.00;+0.00%;9290.00;8610.00;-7.32%;15.34%;Динамометрические ключи;Ні;*;Так;відсутній у фіді
AWJ4-200;Ключ динамометричний двосторонньої дії 1/2 10-200Nm PROTESTE;ok;8136.00;8136.00;+0.00%;10140.00;9390.00;-7.40%;15.34%;Динамометрические ключи;Ні;*;Так;відсутній у фіді
AWJ4-340;Ключ динамометричний двосторонньої дії 1/2 17-340Nm PROTESTE;ok;7572.00;7572.00;+0.00%;9440.00;8740.00;-7.42%;15.34%;Динамометрические ключи;Ні;*;Так;відсутній у фіді
AWJ6-500;Ключ динамометричний двосторонньої дії 3/4 25-500Nm PROTESTE;ok;20148.00;20148.00;+0.00%;25060.00;23240.00;-7.26%;15.34%;Динамометрические ключи;Ні;*;Так;відсутній у фіді
AWM-10;Ключ динамометричний двосторонньої дії 1/4 (0.3-10Nm) PROTES;ok;4743.00;4743.00;+0.00%;5920.00;5480.00;-7.43%;15.34%;Динамометрические ключи;Ні;*;Так;відсутній у фіді
AWM-100;Ключ динамометричний двосторонньої дії 1/2 (3-100Nm) PROTEST;ok;5425.00;5425.00;+0.00%;7160.00;6260.00;-12.57%;15.34%;Динамометрические ключи;Ні;*;Так;відсутній у фіді
AWM-30;Ключ динамометричний двосторонньої дії 1/4 (0.9-30Nm) PROTES;ok;4748.00;4748.00;+0.00%;5930.00;5480.00;-7.59%;15.34%;Динамометрические ключи;Ні;*;Так;відсутній у фіді
AWM-60;Ключ динамометричний двосторонньої дії 3/8 (1.8 60Nm) PROTES;ok;5152.00;5152.00;+0.00%;6430.00;5950.00;-7.47%;15.34%;Динамометрические ключи;Ні;*;Так;відсутній у фіді
AWR2150;Ключ розвідний з прогумованою ручкою 150мм СТАНДАРТ;ok;141.00;141.00;+0.00%;200.00;170.00;-15.00%;15.21%;Разводные ключи;Ні;*;Так;відсутній у фіді
AWR2200;Ключ розвідний з прогумованою ручкою 200мм СТАНДАРТ;ok;227.00;227.00;+0.00%;310.00;270.00;-12.90%;15.21%;Разводные ключи;Так;*;Ні;
AWR2250;Ключ розвідний з прогумованою ручкою 250мм СТАНДАРТ;ok;300.00;300.00;+0.00%;400.00;350.00;-12.50%;15.21%;Разводные ключи;Ні;*;Так;відсутній у фіді
AWR2300;Ключ розвідний з прогумованою ручкою 300мм СТАНДАРТ;ok;382.00;382.00;+0.00%;500.00;450.00;-10.00%;15.21%;Разводные ключи;Так;*;Ні;
AWSJ3150;Ключ розвідний тонкі губки 150мм 0-35мм СТАНДАРТ AWSJ3150;ok;373.00;373.00;+0.00%;490.00;430.00;-12.24%;15.21%;Разводные ключи;Ні;*;Так;відсутній у фіді
AWSJ3200;Ключ розвідний тонкі губки 200мм 0-40мм СТАНДАРТ AWSJ3200;ok;480.00;480.00;+0.00%;620.00;560.00;-9.68%;15.21%;Разводные ключи;Ні;*;Так;відсутній у фіді
AWSJ3250;Ключ розвідний тонкі губки 250мм 0-50мм СТАНДАРТ AWSJ3250;ok;756.00;756.00;+0.00%;970.00;880.00;-9.28%;15.21%;Разводные ключи;Так;*;Ні;
AWSJ3300;Ключ розвідний тонкі губки 300мм 0-60мм СТАНДАРТ AWSJ3300;ok;1099.00;1099.00;+0.00%;1390.00;1270.00;-8.63%;15.21%;Разводные ключи;Ні;*;Так;відсутній у фіді
AXG00010001;Робочий комбінезон TOPTUL (розмір M);ok;4660.00;4660.00;+0.00%;5820.00;5360.00;-7.90%;15.00%;default;Так;*;Ні;
AXG00010002;Рабочий комбінезон TOPTUL (розмір L);ok;5280.00;5280.00;+0.00%;6590.00;6080.00;-7.74%;15.00%;default;Так;*;Ні;
AXG00010003;Робочий комбінезон TOPTUL (розмір XL);ok;4660.00;4660.00;+0.00%;5820.00;5360.00;-7.90%;15.00%;default;Ні;*;Так;відсутній у фіді
AXG00010004;Робочий комбінезон TOPTUL (розмір 2L);ok;4882.00;4882.00;+0.00%;6090.00;5620.00;-7.72%;15.00%;default;Ні;*;Так;відсутній у фіді
AXG00012201;Робочий комбінезон відкритий TOPTUL (розмір M);ok;4888.00;4888.00;+0.00%;6100.00;5630.00;-7.70%;15.00%;default;Ні;*;Так;відсутній у фіді
AXG00012202;Робочий комбінезон відкритий TOPTUL (розмір L);ok;5346.00;5346.00;+0.00%;6670.00;6150.00;-7.80%;15.00%;default;Ні;*;Так;відсутній у фіді
AXG00012203;Робочий комбінезон відкритий TOPTUL (розмір XL);ok;4888.00;4888.00;+0.00%;6100.00;5630.00;-7.70%;15.00%;default;Так;*;Ні;
AXG00012204;Робочий комбінезон відкритий TOPTUL (розмір 2XL);ok;4888.00;4888.00;+0.00%;6100.00;5630.00;-7.70%;15.00%;default;Так;*;Ні;
AXG00012205;Робочий комбінезон відкритий TOPTUL (розмір 3XL);ok;5346.00;5346.00;+0.00%;6670.00;6150.00;-7.80%;15.00%;default;Так;*;Ні;
AXG00020001;Рукавички робочі TOPTUL розмір S TOPTUL AXG00020001;ok;1300.00;1300.00;+0.00%;1640.00;1500.00;-8.54%;15.00%;default;Так;*;Ні;
AXG00020002;Рукавички робочі TOPTUL розмір M TOPTUL AXG00020002;ok;1430.00;1430.00;+0.00%;1800.00;1650.00;-8.33%;15.00%;default;Так;*;Ні;
AXG00020003;Рукавички робочі TOPTUL розмір L TOPTUL AXG00020003;ok;1481.00;1481.00;+0.00%;1870.00;1710.00;-8.56%;15.00%;default;Так;*;Ні;
AXG00020004;Рукавички робочі TOPTUL розмір XL TOPTUL AXG00020004;ok;1532.00;1532.00;+0.00%;1930.00;1770.00;-8.29%;15.00%;default;Так;*;Ні;
AXG00020005;Рукавички робочі TOPTUL розмір 2XL TOPTUL AXG00020005;ok;1487.00;1487.00;+0.00%;1880.00;1720.00;-8.51%;15.00%;default;Так;*;Ні;
AYQ-0.6;Викрутка динамометрична 0.1-0.6Nm PROTESTER AYQ-0.6;ok;3401.00;3401.00;+0.00%;4250.00;3930.00;-7.53%;15.29%;Отвертки;Так;*;Ні;
AYQ-1.2;Викрутка динамометрична 0.2-1.2Nm PROTESTER AYQ-1.2;ok;3401.00;3401.00;+0.00%;4250.00;3930.00;-7.53%;15.29%;Отвертки;Так;*;Ні;
AYQ-6;Викрутка динамометрична 1.0-6.0Nm PROTESTER AYQ-6;ok;3401.00;3401.00;+0.00%;4250.00;3930.00;-7.53%;15.29%;Отвертки;Ні;*;Так;відсутній у фіді
B-W-0600000;Перехідник для центрування коліс вантажних автомобілів BRIGH;ok;24200.00;24200.00;+0.00%;31940.00;27770.00;-13.06%;14.74%;Комплектующие для шиномонтажа;Так;*;Ні;
B24V;Установка для вакуумного відкачування масла (24л);ok;8655.00;8655.00;+0.00%;28840.00;9870.00;-65.78%;13.94%;Оборудование для замены масел и смазок;Так;*;Так;подешевшало на 65.8%
B8010KV;Установка для вакуумного відкачування масла з мірною колбою ;ok;10238.00;8190.00;-20.00%;12750.00;9340.00;-26.75%;13.94%;Оборудование для замены масел и смазок;Так;*;Так;подешевшало на 26.7%
B8010KVS;Установка для зливу і вакуумної відкачки масла з мірною колб;ok;12305.00;9843.00;-20.01%;15320.00;11220.00;-26.76%;13.94%;Оборудование для замены масел и смазок;Так;*;Так;подешевшало на 26.8%
B80S;Установка для зливу масла металева (80л);ok;4555.00;3644.00;-20.00%;7230.00;4160.00;-42.46%;13.94%;Оборудование для замены масел и смазок;Так;*;Так;подешевшало на 42.5%
B80VS;Установка для зливу і вакуумної відкачки масла (80л) B80VS G;ok;9904.00;7922.00;-20.01%;17970.00;9030.00;-49.75%;13.94%;Оборудование для замены масел и смазок;Так;*;Так;подешевшало на 49.7%
BAAK1610;"Головка для пошкоджених гайок 1/2"" 10мм TOPTUL BAAK1610";ok;280.00;280.00;+0.00%;380.00;330.00;-13.16%;15.01%;Отверточные биты;Так;*;Ні;
BAAK1612;"Головка для пошкоджених гайок 1/2"" 12мм TOPTUL BAAK1612";ok;280.00;280.00;+0.00%;380.00;330.00;-13.16%;15.14%;Торцевые головки;Так;*;Ні;
BAAK1613;"Головка для пошкоджених гайок 1/2"" 13мм TOPTUL BAAK1613";ok;280.00;280.00;+0.00%;380.00;330.00;-13.16%;15.14%;Торцевые головки;Так;*;Ні;
BAAK1614;"Головка для пошкоджених гайок 1/2"" 14мм TOPTUL BAAK1614";ok;292.00;292.00;+0.00%;390.00;340.00;-12.82%;15.01%;Отверточные биты;Так;*;Ні;
BAAK1615;"Головка для пошкоджених гайок 1/2"" 15мм TOPTUL BAAK1615";ok;292.00;292.00;+0.00%;390.00;340.00;-12.82%;15.01%;Отверточные биты;Так;*;Ні;
BAAK1616;"Головка для пошкоджених гайок 1/2"" 16мм TOPTUL BAAK1616";ok;292.00;292.00;+0.00%;390.00;340.00;-12.82%;15.01%;Отверточные биты;Так;*;Ні;
BAAK1617;"Головка для пошкоджених гайок 1/2"" 17мм TOPTUL BAAK1617";ok;292.00;292.00;+0.00%;390.00;340.00;-12.82%;15.01%;Отверточные биты;Так;*;Ні;
BAAK1618;"Головка для пошкоджених гайок 1/2"" 18мм TOPTUL BAAK1618";ok;299.00;299.00;+0.00%;400.00;350.00;-12.50%;15.01%;Отверточные биты;Так;*;Ні;
BAAK1619;"Головка для пошкоджених гайок 1/2"" 19мм TOPTUL BAAK1619";ok;297.00;297.00;+0.00%;400.00;350.00;-12.50%;15.14%;Торцевые головки;Так;*;Ні;
BAAK1621;"Головка для пошкоджених гайок 1/2"" 21мм TOPTUL BAAK1621";ok;309.00;309.00;+0.00%;410.00;360.00;-12.20%;15.14%;Торцевые головки;Так;*;Ні;
BAAK1622;"Головка для пошкоджених гайок 1/2"" 22мм TOPTUL BAAK1622";ok;309.00;309.00;+0.00%;410.00;360.00;-12.20%;15.14%;Торцевые головки;Так;*;Ні;
BAAK1624;"Головка для пошкоджених гайок 1/2"" 24мм TOPTUL BAAK1624";ok;357.00;357.00;+0.00%;470.00;420.00;-10.64%;15.14%;Торцевые головки;Так;*;Ні;
BAAK1627;"Головка для пошкоджених гайок 1/2"" 27мм TOPTUL BAAK1627";ok;357.00;357.00;+0.00%;470.00;420.00;-10.64%;15.14%;Торцевые головки;Так;*;Ні;
BAAM1606;Шпильковерти № 6 TOPTUL BAAM1606;ok;346.00;346.00;+0.00%;460.00;400.00;-13.04%;15.14%;Торцевые головки;Так;*;Ні;
BAAM1608;Шпильковерти № 8 TOPTUL BAAM1608;ok;346.00;346.00;+0.00%;460.00;400.00;-13.04%;15.14%;Торцевые головки;Так;*;Ні;
BAAM1610;Шпильковерти № 10 TOPTUL BAAM1610;ok;369.00;369.00;+0.00%;490.00;430.00;-12.24%;14.60%;Механические съемники;Так;*;Ні;
BAAM1612;Шпильковерти № 12 TOPTUL BAAM1612;ok;369.00;369.00;+0.00%;490.00;430.00;-12.24%;15.14%;Торцевые головки;Так;*;Ні;
BAAR1216;"Свічна головка 16мм 3/8"" TOPTUL BAAR1216";ok;92.00;92.00;+0.00%;140.00;110.00;-21.43%;15.14%;Торцевые головки;Так;*;Так;подешевшало на 21.4%
BAAR1218;"Свічна головка 18мм 3/8"" TOPTUL BAAR1218";ok;142.00;142.00;+0.00%;200.00;170.00;-15.00%;15.14%;Торцевые головки;Так;*;Ні;
BAAR1221;"Свічна головка 21мм 3/8"" TOPTUL BAAR1221";ok;108.00;108.00;+0.00%;160.00;130.00;-18.75%;15.01%;Отверточные биты;Так;*;Ні;
BAAR1616;"Свічна головка 16мм 1/2"" TOPTUL BAAR1616";ok;92.00;92.00;+0.00%;140.00;110.00;-21.43%;15.01%;Отверточные биты;Так;*;Так;подешевшало на 21.4%
BAAR1621;"Свічна головка 21мм 1/2"" TOPTUL BAAR1621";ok;108.00;108.00;+0.00%;160.00;130.00;-18.75%;15.14%;Торцевые головки;Так;*;Ні;
BAAT1216;"Свічна головка 16мм 3/8"" магнітна TOPTUL BAAT1216";ok;212.00;212.00;+0.00%;290.00;250.00;-13.79%;15.14%;Торцевые головки;Так;*;Ні;
BAAT1221;"Свічна головка 21мм 3/8"" магнітна TOPTUL BAAT1221";ok;266.00;266.00;+0.00%;360.00;310.00;-13.89%;15.14%;Торцевые головки;Так;*;Ні;
BAAT1614;"Свічна головка 14мм 1/2"" магнітна TOPTUL BAAT1614";ok;243.00;243.00;+0.00%;330.00;280.00;-15.15%;15.14%;Торцевые головки;Так;*;Ні;
BAAT1616;"Свічна головка 16мм 1/2"" магнітна TOPTUL BAAT1616";ok;215.00;215.00;+0.00%;300.00;250.00;-16.67%;15.14%;Торцевые головки;Так;*;Ні;
BAAT1621;"Свічна головка 21мм 1/2"" магнітна TOPTUL BAAT1621";ok;257.00;257.00;+0.00%;350.00;300.00;-14.29%;15.14%;Торцевые головки;Так;*;Ні;
BAAU1616;"Свічна головка 16мм 1/2"" (тонка) TOPTUL BAAU1616";ok;99.00;99.00;+0.00%;150.00;120.00;-20.00%;15.01%;Отверточные биты;Так;*;Так;подешевшало на 20.0%
BAAV1616;"Свічна головка 16мм 1/2"" магнітна (тонка) TOPTUL BAAV1616";ok;212.00;212.00;+0.00%;290.00;250.00;-13.79%;15.14%;Торцевые головки;Так;*;Ні;
BAAX1214;"Свічна головка 14мм 3/8"" 12 гр З пружинним фіксатором TOPTUL";ok;235.00;235.00;+0.00%;330.00;280.00;-15.15%;15.14%;Торцевые головки;Так;*;Ні;
BAEA0804;"Головка торцева 1/4"" 4мм TOPTUL BAEA0804";ok;18.00;18.00;+0.00%;50.00;40.00;-20.00%;15.14%;Торцевые головки;Так;*;Так;подешевшало на 20.0%
BAEA0805;"Головка торцева 1/4"" 5мм TOPTUL BAEA0805";ok;18.00;18.00;+0.00%;50.00;40.00;-20.00%;15.14%;Торцевые головки;Так;*;Так;подешевшало на 20.0%
BAEA0806;"Головка торцева 1/4"" 6мм TOPTUL BAEA0806";ok;18.00;18.00;+0.00%;50.00;40.00;-20.00%;15.14%;Торцевые головки;Так;*;Так;подешевшало на 20.0%
BAEA0807;"Головка торцева 1/4"" 7мм TOPTUL BAEA0807";ok;18.00;18.00;+0.00%;50.00;40.00;-20.00%;15.14%;Торцевые головки;Так;*;Так;подешевшало на 20.0%
BAEA0808;"Головка торцева 1/4"" 8мм TOPTUL BAEA0808";ok;21.00;21.00;+0.00%;50.00;40.00;-20.00%;15.14%;Торцевые головки;Так;*;Так;подешевшало на 20.0%
BAEA0809;"Головка торцева 1/4"" 9мм TOPTUL BAEA0809";ok;22.00;22.00;+0.00%;60.00;40.00;-33.33%;15.14%;Торцевые головки;Так;*;Так;подешевшало на 33.3%
BAEA0810;"Головка торцева 1/4"" 10мм TOPTUL BAEA0810";ok;24.00;24.00;+0.00%;60.00;40.00;-33.33%;15.14%;Торцевые головки;Так;*;Так;подешевшало на 33.3%
BAEA0811;"Головка торцева 1/4"" 11мм TOPTUL BAEA0811";ok;28.00;28.00;+0.00%;60.00;40.00;-33.33%;15.14%;Торцевые головки;Так;*;Так;подешевшало на 33.3%
BAEA0812;"Головка торцева 1/4"" 12мм TOPTUL BAEA0812";ok;29.00;29.00;+0.00%;60.00;40.00;-33.33%;15.14%;Торцевые головки;Так;*;Так;подешевшало на 33.3%
BAEA0813;"Головка торцева 1/4"" 13мм TOPTUL BAEA0813";ok;30.00;30.00;+0.00%;70.00;40.00;-42.86%;15.14%;Торцевые головки;Так;*;Так;подешевшало на 42.9%
BAEA0814;"Головка торцева 1/4"" 14мм TOPTUL BAEA0814";ok;35.00;35.00;+0.00%;70.00;50.00;-28.57%;15.14%;Торцевые головки;Так;*;Так;подешевшало на 28.6%
BAEA084E;"Головка торцева 1/4"" 4,5мм TOPTUL BAEA084E";ok;18.00;18.00;+0.00%;50.00;40.00;-20.00%;15.14%;Торцевые головки;Так;*;Так;подешевшало на 20.0%
BAEA085E;"Головка торцева 1/4"" 5,5мм TOPTUL BAEA085E";ok;18.00;18.00;+0.00%;50.00;40.00;-20.00%;15.14%;Торцевые головки;Так;*;Так;подешевшало на 20.0%
BAEA1206;"Головка торцева 3/8"" 6мм TOPTUL BAEA1206";ok;29.00;29.00;+0.00%;60.00;40.00;-33.33%;15.14%;Торцевые головки;Так;*;Так;подешевшало на 33.3%
BAEA1207;"Головка торцева 3/8"" 7мм TOPTUL BAEA1207";ok;29.00;29.00;+0.00%;60.00;40.00;-33.33%;15.14%;Торцевые головки;Так;*;Так;подешевшало на 33.3%
BAEA1208;"Головка торцева 3/8"" 8мм TOPTUL BAEA1208";ok;29.00;29.00;+0.00%;60.00;40.00;-33.33%;15.14%;Торцевые головки;Так;*;Так;подешевшало на 33.3%
BAEA1209;"Головка торцева 3/8"" 9мм TOPTUL BAEA1209";ok;29.00;29.00;+0.00%;60.00;40.00;-33.33%;15.14%;Торцевые головки;Так;*;Так;подешевшало на 33.3%
BAEA1210;"Головка торцева 3/8"" 10мм TOPTUL BAEA1210";ok;29.00;29.00;+0.00%;60.00;40.00;-33.33%;15.14%;Торцевые головки;Так;*;Так;подешевшало на 33.3%
BAEA1211;"Головка торцева 3/8"" 11мм TOPTUL BAEA1211";ok;29.00;29.00;+0.00%;60.00;40.00;-33.33%;15.14%;Торцевые головки;Так;*;Так;подешевшало на 33.3%
BAEA1212;"Головка торцева 3/8"" 12мм TOPTUL BAEA1212";ok;30.00;30.00;+0.00%;70.00;40.00;-42.86%;15.14%;Торцевые головки;Так;*;Так;подешевшало на 42.9%
BAEA1213;"Головка торцева 3/8"" 13мм TOPTUL BAEA1213";ok;31.00;31.00;+0.00%;70.00;40.00;-42.86%;15.14%;Торцевые головки;Так;*;Так;подешевшало на 42.9%
BAEA1214;"Головка торцева 3/8"" 14мм TOPTUL BAEA1214";ok;34.00;34.00;+0.00%;70.00;40.00;-42.86%;15.14%;Торцевые головки;Так;*;Так;подешевшало на 42.9%
BAEA1215;"Головка торцева 3/8"" 15мм TOPTUL BAEA1215";ok;39.00;39.00;+0.00%;80.00;50.00;-37.50%;15.14%;Торцевые головки;Так;*;Так;подешевшало на 37.5%
BAEA1216;"Головка торцева 3/8"" 16мм TOPTUL BAEA1216";ok;39.00;39.00;+0.00%;80.00;50.00;-37.50%;15.14%;Торцевые головки;Так;*;Так;подешевшало на 37.5%
BAEA1217;"Головка торцева 3/8"" 17мм TOPTUL BAEA1217";ok;47.00;47.00;+0.00%;90.00;60.00;-33.33%;15.14%;Торцевые головки;Так;*;Так;подешевшало на 33.3%
BAEA1218;"Головка торцева 3/8"" 18мм TOPTUL BAEA1218";ok;53.00;53.00;+0.00%;90.00;70.00;-22.22%;15.14%;Торцевые головки;Так;*;Так;подешевшало на 22.2%
BAEA1219;"Головка торцева 3/8"" 19мм TOPTUL BAEA1219";ok;50.00;50.00;+0.00%;90.00;60.00;-33.33%;15.14%;Торцевые головки;Так;*;Так;подешевшало на 33.3%
BAEA1221;"Головка торцева 3/8"" 21мм TOPTUL BAEA1221";ok;57.00;57.00;+0.00%;100.00;70.00;-30.00%;15.14%;Торцевые головки;Так;*;Так;подешевшало на 30.0%
BAEA1222;"Головка торцева 3/8"" 22мм TOPTUL BAEA1222";ok;64.00;64.00;+0.00%;110.00;80.00;-27.27%;15.14%;Торцевые головки;Так;*;Так;подешевшало на 27.3%
BAEA1224;"Головка торцева 3/8"" 24мм TOPTUL BAEA1224";ok;76.00;76.00;+0.00%;120.00;90.00;-25.00%;15.14%;Торцевые головки;Так;*;Так;подешевшало на 25.0%
BAEA1608;"Головка торцева 1/2"" 8мм TOPTUL BAEA1608";ok;51.00;51.00;+0.00%;90.00;60.00;-33.33%;15.14%;Торцевые головки;Так;*;Так;подешевшало на 33.3%
BAEA1609;"Головка торцева 1/2"" 9мм TOPTUL BAEA1609";ok;49.00;49.00;+0.00%;90.00;60.00;-33.33%;15.14%;Торцевые головки;Так;*;Так;подешевшало на 33.3%
BAEA1610;"Головка торцева 1/2"" 10мм TOPTUL BAEA1610";ok;49.00;49.00;+0.00%;90.00;60.00;-33.33%;15.14%;Торцевые головки;Так;*;Так;подешевшало на 33.3%
BAEA1611;"Головка торцева 1/2"" 11мм TOPTUL BAEA1611";ok;51.00;51.00;+0.00%;90.00;60.00;-33.33%;15.14%;Торцевые головки;Так;*;Так;подешевшало на 33.3%
BAEA1612;"Головка торцева 1/2"" 12мм TOPTUL BAEA1612";ok;51.00;51.00;+0.00%;90.00;60.00;-33.33%;15.14%;Торцевые головки;Так;*;Так;подешевшало на 33.3%
BAEA1613;"Головка торцева 1/2"" 13мм TOPTUL BAEA1613";ok;51.00;51.00;+0.00%;90.00;60.00;-33.33%;15.14%;Торцевые головки;Так;*;Так;подешевшало на 33.3%
BAEA1614;"Головка торцева 1/2"" 14мм TOPTUL BAEA1614";ok;51.00;51.00;+0.00%;90.00;60.00;-33.33%;15.14%;Торцевые головки;Так;*;Так;подешевшало на 33.3%
BAEA1615;"Головка торцева 1/2"" 15мм TOPTUL BAEA1615";ok;51.00;51.00;+0.00%;90.00;60.00;-33.33%;15.14%;Торцевые головки;Так;*;Так;подешевшало на 33.3%
BAEA1616;"Головка торцева 1/2"" 16мм TOPTUL BAEA1616";ok;63.00;63.00;+0.00%;110.00;80.00;-27.27%;15.14%;Торцевые головки;Так;*;Так;подешевшало на 27.3%
BAEA1617;"Головка торцева 1/2"" 17мм TOPTUL BAEA1617";ok;60.00;60.00;+0.00%;100.00;70.00;-30.00%;15.14%;Торцевые головки;Так;*;Так;подешевшало на 30.0%
BAEA1618;"Головка торцева 1/2"" 18мм TOPTUL BAEA1618";ok;65.00;65.00;+0.00%;110.00;80.00;-27.27%;15.14%;Торцевые головки;Так;*;Так;подешевшало на 27.3%
BAEA1619;"Головка торцева 1/2"" 19мм TOPTUL BAEA1619";ok;65.00;65.00;+0.00%;110.00;80.00;-27.27%;15.14%;Торцевые головки;Так;*;Так;подешевшало на 27.3%
BAEA1620;"Головка торцева 1/2"" 20мм TOPTUL BAEA1620";ok;76.00;76.00;+0.00%;120.00;90.00;-25.00%;15.14%;Торцевые головки;Так;*;Так;подешевшало на 25.0%
BAEA1621;"Головка торцева 1/2"" 21мм TOPTUL BAEA1621";ok;76.00;76.00;+0.00%;120.00;90.00;-25.00%;15.14%;Торцевые головки;Так;*;Так;подешевшало на 25.0%
BAEA1622;"Головка торцева 1/2"" 22мм TOPTUL BAEA1622";ok;92.00;92.00;+0.00%;140.00;110.00;-21.43%;15.14%;Торцевые головки;Так;*;Так;подешевшало на 21.4%
BAEA1623;"Головка торцева 1/2"" 23мм TOPTUL BAEA1623";ok;98.00;98.00;+0.00%;150.00;120.00;-20.00%;15.14%;Торцевые головки;Так;*;Так;подешевшало на 20.0%
BAEA1624;"Головка торцева 1/2"" 24мм TOPTUL BAEA1624";ok;98.00;98.00;+0.00%;150.00;120.00;-20.00%;15.14%;Торцевые головки;Так;*;Так;подешевшало на 20.0%
BAEA1625;"Головка торцева 1/2"" 25мм TOPTUL BAEA1625";ok;118.00;118.00;+0.00%;170.00;140.00;-17.65%;15.14%;Торцевые головки;Так;*;Ні;
BAEA1626;"Головка торцева 1/2"" 26мм TOPTUL BAEA1626";ok;118.00;118.00;+0.00%;170.00;140.00;-17.65%;15.14%;Торцевые головки;Так;*;Ні;
BAEA1627;"Головка торцева 1/2"" 27мм TOPTUL BAEA1627";ok;136.00;136.00;+0.00%;200.00;160.00;-20.00%;15.14%;Торцевые головки;Так;*;Так;подешевшало на 20.0%
BAEA1628;"Головка торцева 1/2"" 28мм TOPTUL BAEA1628";ok;155.00;155.00;+0.00%;220.00;180.00;-18.18%;15.14%;Торцевые головки;Так;*;Ні;
BAEA1629;"Головка торцева 1/2"" 29мм TOPTUL BAEA1629";ok;155.00;155.00;+0.00%;220.00;180.00;-18.18%;15.14%;Торцевые головки;Так;*;Ні;
BAEA1630;"Головка торцева 1/2"" 30мм TOPTUL BAEA1630";ok;163.00;163.00;+0.00%;230.00;190.00;-17.39%;15.14%;Торцевые головки;Так;*;Ні;
BAEA1631;"Головка торцева 1/2"" 31мм TOPTUL BAEA1631";ok;165.00;165.00;+0.00%;230.00;190.00;-17.39%;15.14%;Торцевые головки;Так;*;Ні;
BAEA1632;"Головка торцева 1/2"" 32мм TOPTUL BAEA1632";ok;171.00;171.00;+0.00%;240.00;200.00;-16.67%;15.14%;Торцевые головки;Так;*;Ні;
BAEA1634;"Головка торцева 1/2"" 34мм TOPTUL BAEA1634";ok;187.00;187.00;+0.00%;260.00;220.00;-15.38%;15.14%;Торцевые головки;Так;*;Ні;
BAEA2419;"Головка торцева 3/4"" 19мм TOPTUL BAEA2419";ok;205.00;205.00;+0.00%;280.00;240.00;-14.29%;15.14%;Торцевые головки;Так;*;Ні;
BAEA2421;"Головка торцева 3/4"" 21мм TOPTUL BAEA2421";ok;205.00;205.00;+0.00%;280.00;240.00;-14.29%;15.14%;Торцевые головки;Так;*;Ні;
BAEA2422;"Головка торцева 3/4"" 22мм TOPTUL BAEA2422";ok;205.00;205.00;+0.00%;280.00;240.00;-14.29%;15.14%;Торцевые головки;Так;*;Ні;
BAEA2423;"Головка торцева 3/4"" 23мм TOPTUL BAEA2423";ok;205.00;205.00;+0.00%;280.00;240.00;-14.29%;15.14%;Торцевые головки;Так;*;Ні;
BAEA2424;"Головка торцева 3/4"" 24мм TOPTUL BAEA2424";ok;205.00;205.00;+0.00%;280.00;240.00;-14.29%;15.14%;Торцевые головки;Так;*;Ні;
BAEA2426;"Головка торцева 3/4"" 26мм TOPTUL BAEA2426";ok;206.00;206.00;+0.00%;280.00;240.00;-14.29%;15.14%;Торцевые головки;Так;*;Ні;
BAEA2427;"Головка торцева 3/4"" 27мм TOPTUL BAEA2427";ok;206.00;206.00;+0.00%;280.00;240.00;-14.29%;15.14%;Торцевые головки;Так;*;Ні;
BAEA2428;"Головка торцева 3/4"" 28мм TOPTUL BAEA2428";ok;224.00;224.00;+0.00%;310.00;260.00;-16.13%;15.14%;Торцевые головки;Так;*;Ні;
BAEA2429;"Головка торцева 3/4"" 29мм TOPTUL BAEA2429";ok;224.00;224.00;+0.00%;310.00;260.00;-16.13%;15.14%;Торцевые головки;Так;*;Ні;
BAEA2430;"Головка торцева 3/4"" 30мм TOPTUL BAEA2430";ok;233.00;233.00;+0.00%;320.00;270.00;-15.62%;15.14%;Торцевые головки;Так;*;Ні;
BAEA2432;"Головка торцева 3/4"" 32мм TOPTUL BAEA2432";ok;253.00;253.00;+0.00%;340.00;300.00;-11.76%;15.14%;Торцевые головки;Так;*;Ні;
BAEA2433;"Головка торцева 3/4"" 33мм TOPTUL BAEA2433";ok;300.00;300.00;+0.00%;400.00;350.00;-12.50%;15.14%;Торцевые головки;Так;*;Ні;
BAEA2434;"Головка торцева 3/4"" 34мм TOPTUL BAEA2434";ok;300.00;300.00;+0.00%;400.00;350.00;-12.50%;15.14%;Торцевые головки;Так;*;Ні;
BAEA2435;"Головка торцева 3/4"" 35мм TOPTUL BAEA2435";ok;318.00;318.00;+0.00%;420.00;370.00;-11.90%;15.14%;Торцевые головки;Так;*;Ні;
BAEA2436;"Головка торцева 3/4"" 36мм TOPTUL BAEA2436";ok;330.00;330.00;+0.00%;440.00;380.00;-13.64%;15.14%;Торцевые головки;Так;*;Ні;
BAEA2438;"Головка торцева 3/4"" 38мм TOPTUL BAEA2438";ok;350.00;350.00;+0.00%;460.00;410.00;-10.87%;15.14%;Торцевые головки;Так;*;Ні;
BAEA2441;"Головка торцева 3/4"" 41мм TOPTUL BAEA2441";ok;426.00;426.00;+0.00%;560.00;500.00;-10.71%;15.14%;Торцевые головки;Так;*;Ні;
BAEA2446;"Головка торцева 3/4"" 46мм TOPTUL BAEA2446";ok;487.00;487.00;+0.00%;630.00;570.00;-9.52%;15.14%;Торцевые головки;Так;*;Ні;
BAEA2450;"Головка торцева 3/4"" 50мм TOPTUL BAEA2450";ok;544.00;544.00;+0.00%;700.00;630.00;-10.00%;15.14%;Торцевые головки;Так;*;Ні;
BAEA2452;"Головка торцева 3/4"" 52мм TOPTUL BAEA2452";ok;741.00;741.00;+0.00%;950.00;860.00;-9.47%;15.14%;Торцевые головки;Так;*;Ні;
BAEA2455;"Головка торцева 3/4"" 55мм TOPTUL BAEA2455";ok;734.00;734.00;+0.00%;940.00;850.00;-9.57%;15.14%;Торцевые головки;Так;*;Ні;
BAEA2460;"Головка торцева 3/4"" 60мм TOPTUL BAEA2460";ok;878.00;878.00;+0.00%;1120.00;1020.00;-8.93%;15.14%;Торцевые головки;Так;*;Ні;
BAEA2465;"Головка торцева 3/4"" 65мм TOPTUL BAEA2465";ok;1269.00;1269.00;+0.00%;1600.00;1470.00;-8.12%;15.14%;Торцевые головки;Так;*;Ні;
BAEA2470;"Головка торцева 3/4"" 70мм TOPTUL BAEA2470";ok;1396.00;1396.00;+0.00%;1760.00;1610.00;-8.52%;15.14%;Торцевые головки;Так;*;Ні;
BAEA3236;"Головка торцева 1"" 36мм TOPTUL BAEA3236";ok;503.00;503.00;+0.00%;650.00;580.00;-10.77%;15.14%;Торцевые головки;Так;*;Ні;
BAEA3238;"Головка торцева 1"" 38мм TOPTUL BAEA3238";ok;537.00;537.00;+0.00%;700.00;620.00;-11.43%;15.14%;Торцевые головки;Так;*;Ні;
BAEA3241;"Головка торцева 1"" 41мм TOPTUL BAEA3241";ok;580.00;580.00;+0.00%;750.00;670.00;-10.67%;15.14%;Торцевые головки;Так;*;Ні;
BAEA3246;"Головка торцева 1"" 46мм TOPTUL BAEA3246";ok;707.00;707.00;+0.00%;910.00;820.00;-9.89%;15.14%;Торцевые головки;Так;*;Ні;
BAEA3250;"Головка торцева 1"" 50мм TOPTUL BAEA3250";ok;821.00;821.00;+0.00%;1050.00;950.00;-9.52%;15.14%;Торцевые головки;Так;*;Ні;
BAEA3254;"Головка торцева 1"" 54мм TOPTUL BAEA3254";ok;1027.00;1027.00;+0.00%;1300.00;1190.00;-8.46%;15.14%;Торцевые головки;Так;*;Ні;
BAEA3255;"Головка торцева 1"" 55мм TOPTUL BAEA3255";ok;1064.00;1064.00;+0.00%;1350.00;1230.00;-8.89%;15.14%;Торцевые головки;Так;*;Ні;
BAEA3258;"Головка торцева 1"" 58мм TOPTUL BAEA3258";ok;1126.00;1126.00;+0.00%;1430.00;1300.00;-9.09%;15.14%;Торцевые головки;Так;*;Ні;
BAEA3260;"Головка торцева 1"" 60мм TOPTUL BAEA3260";ok;1228.00;1228.00;+0.00%;1550.00;1420.00;-8.39%;15.14%;Торцевые головки;Так;*;Ні;
BAEA3263;"Головка торцева 1"" 63мм TOPTUL BAEA3263";ok;1389.00;1389.00;+0.00%;1750.00;1600.00;-8.57%;15.14%;Торцевые головки;Так;*;Ні;
BAEA3265;"Головка торцева 1"" 65мм TOPTUL BAEA3265";ok;1540.00;1540.00;+0.00%;1940.00;1780.00;-8.25%;15.14%;Торцевые головки;Так;*;Ні;
BAEA3267;"Головка торцева 1"" 67мм TOPTUL BAEA3267";ok;1605.00;1605.00;+0.00%;2020.00;1850.00;-8.42%;15.14%;Торцевые головки;Так;*;Ні;
BAEA3270;"Головка торцева 1"" 70мм TOPTUL BAEA3270";ok;1794.00;1794.00;+0.00%;2260.00;2070.00;-8.41%;15.14%;Торцевые головки;Так;*;Ні;
BAEA3271;"Головка торцева 1"" 71мм TOPTUL BAEA3271";ok;1944.00;1944.00;+0.00%;2440.00;2240.00;-8.20%;15.14%;Торцевые головки;Так;*;Ні;
BAEA3275;"Головка торцева 1"" 75мм TOPTUL BAEA3275";ok;2044.00;2044.00;+0.00%;2570.00;2360.00;-8.17%;15.14%;Торцевые головки;Так;*;Ні;
BAEA3277;"Головка торцева 1"" 77мм TOPTUL BAEA3277";ok;2118.00;2118.00;+0.00%;2660.00;2440.00;-8.27%;15.14%;Торцевые головки;Так;*;Ні;
BAEA3280;"Головка торцева 1"" 80мм TOPTUL BAEA3280";ok;2191.00;2191.00;+0.00%;2750.00;2530.00;-8.00%;15.14%;Торцевые головки;Так;*;Ні;
BAEB0804;"Головка торцева 1/4"" 4мм 12-гранна TOPTUL BAEB0804";ok;18.00;18.00;+0.00%;50.00;40.00;-20.00%;15.14%;Торцевые головки;Так;*;Так;подешевшало на 20.0%
BAEB0805;"Головка торцева 1/4"" 5мм 12-гранна TOPTUL BAEB0805";ok;18.00;18.00;+0.00%;50.00;40.00;-20.00%;15.14%;Торцевые головки;Так;*;Так;подешевшало на 20.0%
BAEB0806;"Головка торцева 1/4"" 6мм 12-гранна TOPTUL BAEB0806";ok;18.00;18.00;+0.00%;50.00;40.00;-20.00%;15.14%;Торцевые головки;Так;*;Так;подешевшало на 20.0%
BAEB0807;"Головка торцева 1/4"" 7мм 12-гранна TOPTUL BAEB0807";ok;18.00;18.00;+0.00%;50.00;40.00;-20.00%;15.14%;Торцевые головки;Так;*;Так;подешевшало на 20.0%
BAEB0808;"Головка торцева 1/4"" 8мм 12-гранна TOPTUL BAEB0808";ok;21.00;21.00;+0.00%;50.00;40.00;-20.00%;15.14%;Торцевые головки;Так;*;Так;подешевшало на 20.0%
BAEB0809;"Головка торцева 1/4"" 9мм 12-гранна TOPTUL BAEB0809";ok;22.00;22.00;+0.00%;60.00;40.00;-33.33%;15.14%;Торцевые головки;Так;*;Так;подешевшало на 33.3%
BAEB0810;"Головка торцева 1/4"" 10мм 12-гранна TOPTUL BAEB0810";ok;24.00;24.00;+0.00%;60.00;40.00;-33.33%;15.14%;Торцевые головки;Так;*;Так;подешевшало на 33.3%
BAEB0811;"Головка торцева 1/4"" 11мм 12-гранна TOPTUL BAEB0811";ok;29.00;29.00;+0.00%;60.00;40.00;-33.33%;15.14%;Торцевые головки;Так;*;Так;подешевшало на 33.3%
BAEB0812;"Головка торцева 1/4"" 12мм 12-гранна TOPTUL BAEB0812";ok;31.00;31.00;+0.00%;70.00;40.00;-42.86%;15.14%;Торцевые головки;Так;*;Так;подешевшало на 42.9%
BAEB0813;"Головка торцева 1/4"" 13мм 12-гранна TOPTUL BAEB0813";ok;32.00;32.00;+0.00%;70.00;40.00;-42.86%;15.14%;Торцевые головки;Так;*;Так;подешевшало на 42.9%
BAEB0814;"Головка торцева 1/4"" 14мм 12-гранна TOPTUL BAEB0814";ok;37.00;37.00;+0.00%;70.00;50.00;-28.57%;15.14%;Торцевые головки;Так;*;Так;подешевшало на 28.6%
BAEB084E;"Головка торцева 1/4"" 4,5мм 12-гранна TOPTUL BAEB084E";ok;18.00;18.00;+0.00%;50.00;40.00;-20.00%;15.14%;Торцевые головки;Так;*;Так;подешевшало на 20.0%
BAEB085E;"Головка торцева 1/4"" 5,5мм 12-гранна TOPTUL BAEB085E";ok;18.00;18.00;+0.00%;50.00;40.00;-20.00%;15.14%;Торцевые головки;Так;*;Так;подешевшало на 20.0%
BAEB1608;"Головка торцева 1/2"" 8мм12-гранна TOPTUL BAEB1608";ok;51.00;51.00;+0.00%;90.00;60.00;-33.33%;15.14%;Торцевые головки;Так;*;Так;подешевшало на 33.3%
BAEB1609;"Головка торцева 1/2"" 9мм12-гранна TOPTUL BAEB1609";ok;49.00;49.00;+0.00%;90.00;60.00;-33.33%;15.14%;Торцевые головки;Так;*;Так;подешевшало на 33.3%
BAEB1610;"Головка торцева 1/2"" 10мм12-гранна TOPTUL BAEB1610";ok;49.00;49.00;+0.00%;90.00;60.00;-33.33%;15.14%;Торцевые головки;Так;*;Так;подешевшало на 33.3%
BAEB1611;"Головка торцева 1/2"" 11мм12-гранна TOPTUL BAEB1611";ok;51.00;51.00;+0.00%;90.00;60.00;-33.33%;15.14%;Торцевые головки;Так;*;Так;подешевшало на 33.3%
BAEB1612;"Головка торцева 1/2"" 12мм12-гранна TOPTUL BAEB1612";ok;51.00;51.00;+0.00%;90.00;60.00;-33.33%;15.14%;Торцевые головки;Так;*;Так;подешевшало на 33.3%
BAEB1613;"Головка торцева 1/2"" 13мм12-гранна TOPTUL BAEB1613";ok;51.00;51.00;+0.00%;90.00;60.00;-33.33%;15.14%;Торцевые головки;Так;*;Так;подешевшало на 33.3%
BAEB1614;"Головка торцева 1/2"" 14мм12-гранна TOPTUL BAEB1614";ok;51.00;51.00;+0.00%;90.00;60.00;-33.33%;15.14%;Торцевые головки;Так;*;Так;подешевшало на 33.3%
BAEB1615;"Головка торцева 1/2"" 15мм12-гранна TOPTUL BAEB1615";ok;51.00;51.00;+0.00%;90.00;60.00;-33.33%;15.14%;Торцевые головки;Так;*;Так;подешевшало на 33.3%
BAEB1616;"Головка торцева 1/2"" 16мм12-гранна TOPTUL BAEB1616";ok;63.00;63.00;+0.00%;110.00;80.00;-27.27%;15.14%;Торцевые головки;Так;*;Так;подешевшало на 27.3%
BAEB1617;"Головка торцева 1/2"" 17мм12-гранна TOPTUL BAEB1617";ok;61.00;61.00;+0.00%;100.00;80.00;-20.00%;15.14%;Торцевые головки;Так;*;Так;подешевшало на 20.0%
BAEB1618;"Головка торцева 1/2"" 18мм12-гранна TOPTUL BAEB1618";ok;67.00;67.00;+0.00%;110.00;80.00;-27.27%;15.14%;Торцевые головки;Так;*;Так;подешевшало на 27.3%
BAEB1619;"Головка торцева 1/2"" 19мм12-гранна TOPTUL BAEB1619";ok;67.00;67.00;+0.00%;110.00;80.00;-27.27%;15.14%;Торцевые головки;Так;*;Так;подешевшало на 27.3%
BAEB1620;"Головка торцева 1/2"" 20мм12-гранна TOPTUL BAEB1620";ok;77.00;77.00;+0.00%;120.00;90.00;-25.00%;15.14%;Торцевые головки;Так;*;Так;подешевшало на 25.0%
BAEB1621;"Головка торцева 1/2"" 21мм12-гранна TOPTUL BAEB1621";ok;77.00;77.00;+0.00%;120.00;90.00;-25.00%;15.14%;Торцевые головки;Так;*;Так;подешевшало на 25.0%
BAEB1622;"Головка торцева 1/2"" 22мм12-гранна TOPTUL BAEB1622";ok;93.00;93.00;+0.00%;140.00;110.00;-21.43%;15.14%;Торцевые головки;Так;*;Так;подешевшало на 21.4%
BAEB1623;"Головка торцева 1/2"" 23мм12-гранна TOPTUL BAEB1623";ok;99.00;99.00;+0.00%;150.00;120.00;-20.00%;15.14%;Торцевые головки;Так;*;Так;подешевшало на 20.0%
BAEB1624;"Головка торцева 1/2"" 24мм12-гранна TOPTUL BAEB1624";ok;99.00;99.00;+0.00%;150.00;120.00;-20.00%;15.14%;Торцевые головки;Так;*;Так;подешевшало на 20.0%
BAEB1625;"Головка торцева 1/2"" 25мм12-гранна TOPTUL BAEB1625";ok;114.00;114.00;+0.00%;170.00;140.00;-17.65%;15.14%;Торцевые головки;Так;*;Ні;
BAEB1626;"Головка торцева 1/2"" 26мм12-гранна TOPTUL BAEB1626";ok;113.00;113.00;+0.00%;170.00;140.00;-17.65%;15.14%;Торцевые головки;Так;*;Ні;
BAEB1627;"Головка торцева 1/2"" 27мм12-гранна TOPTUL BAEB1627";ok;136.00;136.00;+0.00%;200.00;160.00;-20.00%;15.14%;Торцевые головки;Так;*;Так;подешевшало на 20.0%
BAEB1628;"Головка торцева 1/2"" 28мм12-гранна TOPTUL BAEB1628";ok;155.00;155.00;+0.00%;220.00;180.00;-18.18%;15.14%;Торцевые головки;Так;*;Ні;
BAEB1629;"Головка торцева 1/2"" 29мм12-гранна TOPTUL BAEB1629";ok;155.00;155.00;+0.00%;220.00;180.00;-18.18%;15.14%;Торцевые головки;Так;*;Ні;
BAEB1630;"Головка торцева 1/2"" 30мм12-гранна TOPTUL BAEB1630";ok;163.00;163.00;+0.00%;230.00;190.00;-17.39%;15.14%;Торцевые головки;Так;*;Ні;
BAEB1632;"Головка торцева 1/2"" 32мм12-гранна TOPTUL BAEB1632";ok;171.00;171.00;+0.00%;240.00;200.00;-16.67%;15.14%;Торцевые головки;Так;*;Ні;
BAEB2419;"Головка торцева 3/4"" 19мм (12-гр) TOPTUL BAEB2419";ok;205.00;205.00;+0.00%;280.00;240.00;-14.29%;15.14%;Торцевые головки;Так;*;Ні;
BAEB2421;"Головка торцева 3/4"" 21мм (12-гр) TOPTUL BAEB2421";ok;205.00;205.00;+0.00%;280.00;240.00;-14.29%;15.14%;Торцевые головки;Так;*;Ні;
BAEB2422;"Головка торцева 3/4"" 22мм (12-гр) TOPTUL BAEB2422";ok;205.00;205.00;+0.00%;280.00;240.00;-14.29%;15.14%;Торцевые головки;Так;*;Ні;
BAEB2423;"Головка торцева 3/4"" 23мм (12-гр) TOPTUL BAEB2423";ok;205.00;205.00;+0.00%;280.00;240.00;-14.29%;15.14%;Торцевые головки;Так;*;Ні;
BAEB2424;"Головка торцева 3/4"" 24мм (12-гр) TOPTUL BAEB2424";ok;205.00;205.00;+0.00%;280.00;240.00;-14.29%;15.14%;Торцевые головки;Так;*;Ні;
BAEB2426;"Головка торцева 3/4"" 26мм (12-гр) TOPTUL BAEB2426";ok;206.00;206.00;+0.00%;280.00;240.00;-14.29%;15.14%;Торцевые головки;Так;*;Ні;
BAEB2427;"Головка торцева 3/4"" 27мм (12-гр) TOPTUL BAEB2427";ok;206.00;206.00;+0.00%;280.00;240.00;-14.29%;15.14%;Торцевые головки;Так;*;Ні;
BAEB2428;"Головка торцева 3/4"" 28мм (12-гр) TOPTUL BAEB2428";ok;224.00;224.00;+0.00%;310.00;260.00;-16.13%;15.14%;Торцевые головки;Так;*;Ні;
BAEB2429;"Головка торцева 3/4"" 29мм (12-гр) TOPTUL BAEB2429";ok;224.00;224.00;+0.00%;310.00;260.00;-16.13%;15.14%;Торцевые головки;Так;*;Ні;
BAEB2430;"Головка торцева 3/4"" 30мм (12-гр) TOPTUL BAEB2430";ok;233.00;233.00;+0.00%;320.00;270.00;-15.62%;15.14%;Торцевые головки;Так;*;Ні;
BAEB2432;"Головка торцева 3/4"" 32мм (12-гр) TOPTUL BAEB2432";ok;253.00;253.00;+0.00%;340.00;300.00;-11.76%;15.14%;Торцевые головки;Так;*;Ні;
BAEB2433;"Головка торцева 3/4"" 33мм (12-гр) TOPTUL BAEB2433";ok;300.00;300.00;+0.00%;400.00;350.00;-12.50%;15.14%;Торцевые головки;Так;*;Ні;
BAEB2434;"Головка торцева 3/4"" 34мм (12-гр) TOPTUL BAEB2434";ok;300.00;300.00;+0.00%;400.00;350.00;-12.50%;15.14%;Торцевые головки;Так;*;Ні;
BAEB2435;"Головка торцева 3/4"" 35мм (12-гр) TOPTUL BAEB2435";ok;318.00;318.00;+0.00%;420.00;370.00;-11.90%;15.14%;Торцевые головки;Так;*;Ні;
BAEB2436;"Головка торцева 3/4"" 36мм (12-гр) TOPTUL BAEB2436";ok;330.00;330.00;+0.00%;440.00;380.00;-13.64%;15.14%;Торцевые головки;Так;*;Ні;
BAEB2438;"Головка торцева 3/4"" 38мм (12-гр) TOPTUL BAEB2438";ok;350.00;350.00;+0.00%;460.00;410.00;-10.87%;15.14%;Торцевые головки;Так;*;Ні;
BAEB2441;"Головка торцева 3/4"" 41мм (12-гр) TOPTUL BAEB2441";ok;426.00;426.00;+0.00%;560.00;500.00;-10.71%;15.14%;Торцевые головки;Так;*;Ні;
BAEB2446;"Головка торцева 3/4"" 46мм (12-гр) TOPTUL BAEB2446";ok;487.00;487.00;+0.00%;630.00;570.00;-9.52%;15.14%;Торцевые головки;Так;*;Ні;
BAEB2450;"Головка торцева 3/4"" 50мм (12-гр) TOPTUL BAEB2450";ok;544.00;544.00;+0.00%;700.00;630.00;-10.00%;15.14%;Торцевые головки;Так;*;Ні;
BAEB2455;"Головка торцева 3/4"" 55мм (12-гр) TOPTUL BAEB2455";ok;734.00;734.00;+0.00%;940.00;850.00;-9.57%;15.14%;Торцевые головки;Так;*;Ні;
BAEB2460;"Головка торцева 3/4"" 60мм (12-гр) TOPTUL BAEB2460";ok;878.00;878.00;+0.00%;1120.00;1020.00;-8.93%;15.14%;Торцевые головки;Так;*;Ні;
BAEB2465;"Головка торцева 3/4"" 65мм (12-гр) TOPTUL BAEB2465";ok;1269.00;1269.00;+0.00%;1600.00;1470.00;-8.12%;15.14%;Торцевые головки;Так;*;Ні;
BAEB2470;"Головка торцева 3/4"" 70мм (12-гр) TOPTUL BAEB2470";ok;1396.00;1396.00;+0.00%;1760.00;1610.00;-8.52%;15.14%;Торцевые головки;Так;*;Ні;
BAED0804;"Головка торцева 1/4"" E4 TOPTUL BAED0804";ok;28.00;28.00;+0.00%;60.00;40.00;-33.33%;15.14%;Торцевые головки;Так;*;Так;подешевшало на 33.3%
BAED0805;"Головка торцева 1/4"" E5 TOPTUL BAED0805";ok;28.00;28.00;+0.00%;60.00;40.00;-33.33%;15.14%;Торцевые головки;Так;*;Так;подешевшало на 33.3%
BAED0806;"Головка торцева 1/4"" E6 TOPTUL BAED0806";ok;28.00;28.00;+0.00%;60.00;40.00;-33.33%;15.14%;Торцевые головки;Так;*;Так;подешевшало на 33.3%
BAED0807;"Головка торцева 1/4"" E7 TOPTUL BAED0807";ok;28.00;28.00;+0.00%;60.00;40.00;-33.33%;15.14%;Торцевые головки;Так;*;Так;подешевшало на 33.3%
BAED0808;"Головка торцева 1/4"" E8 TOPTUL BAED0808";ok;29.00;29.00;+0.00%;60.00;40.00;-33.33%;15.14%;Торцевые головки;Так;*;Так;подешевшало на 33.3%
BAED0810;"Головка торцева 1/4"" E10 TOPTUL BAED0810";ok;36.00;36.00;+0.00%;70.00;50.00;-28.57%;15.14%;Торцевые головки;Так;*;Так;подешевшало на 28.6%
BAED1208;"Головка торцева 3/8"" E8 TOPTUL BAED1208";ok;40.00;40.00;+0.00%;80.00;50.00;-37.50%;15.14%;Торцевые головки;Так;*;Так;подешевшало на 37.5%
BAED1610;"Головка торцева 1/2"" E10 TOPTUL BAED1610";ok;66.00;66.00;+0.00%;110.00;80.00;-27.27%;15.14%;Торцевые головки;Так;*;Так;подешевшало на 27.3%
BAED1611;"Головка торцева 1/2"" E11 TOPTUL BAED1611";ok;67.00;67.00;+0.00%;110.00;80.00;-27.27%;15.14%;Торцевые головки;Так;*;Так;подешевшало на 27.3%
BAED1612;"Головка торцева 1/2"" E12 TOPTUL BAED1612";ok;66.00;66.00;+0.00%;110.00;80.00;-27.27%;15.14%;Торцевые головки;Так;*;Так;подешевшало на 27.3%
BAED1614;"Головка торцева 1/2"" E14 TOPTUL BAED1614";ok;66.00;66.00;+0.00%;110.00;80.00;-27.27%;15.14%;Торцевые головки;Так;*;Так;подешевшало на 27.3%
BAED1616;"Головка торцева 1/2"" E16 TOPTUL BAED1616";ok;67.00;67.00;+0.00%;110.00;80.00;-27.27%;15.14%;Торцевые головки;Так;*;Так;подешевшало на 27.3%
BAED1618;"Головка торцева 1/2"" E18 TOPTUL BAED1618";ok;67.00;67.00;+0.00%;110.00;80.00;-27.27%;15.14%;Торцевые головки;Так;*;Так;подешевшало на 27.3%
BAED1620;"Головка торцева 1/2"" E20 TOPTUL BAED1620";ok;75.00;75.00;+0.00%;120.00;90.00;-25.00%;15.14%;Торцевые головки;Так;*;Так;подешевшало на 25.0%
BAED1622;"Головка торцева 1/2"" E22 TOPTUL BAED1622";ok;86.00;86.00;+0.00%;140.00;100.00;-28.57%;15.14%;Торцевые головки;Так;*;Так;подешевшало на 28.6%
BAED1624;"Головка торцева 1/2"" E24 TOPTUL BAED1624";ok;96.00;96.00;+0.00%;150.00;120.00;-20.00%;15.14%;Торцевые головки;Так;*;Так;подешевшало на 20.0%
BAEE0804;"Головка торцева довга 1/4"" 4мм TOPTUL BAEE0804";ok;52.00;52.00;+0.00%;90.00;60.00;-33.33%;15.14%;Торцевые головки;Так;*;Так;подешевшало на 33.3%
BAEE0805;"Головка торцева довга 1/4"" 5мм TOPTUL BAEE0805";ok;52.00;52.00;+0.00%;90.00;60.00;-33.33%;15.14%;Торцевые головки;Так;*;Так;подешевшало на 33.3%
BAEE0806;"Головка торцева довга 1/4"" 6мм TOPTUL BAEE0806";ok;47.00;47.00;+0.00%;90.00;60.00;-33.33%;15.14%;Торцевые головки;Так;*;Так;подешевшало на 33.3%
BAEE0807;"Головка торцева довга 1/4"" 7мм TOPTUL BAEE0807";ok;46.00;46.00;+0.00%;90.00;60.00;-33.33%;15.14%;Торцевые головки;Так;*;Так;подешевшало на 33.3%
BAEE0808;"Головка торцева довга 1/4"" 8мм TOPTUL BAEE0808";ok;48.00;48.00;+0.00%;90.00;60.00;-33.33%;15.14%;Торцевые головки;Так;*;Так;подешевшало на 33.3%
BAEE0809;"Головка торцева довга 1/4"" 9мм TOPTUL BAEE0809";ok;50.00;50.00;+0.00%;90.00;60.00;-33.33%;15.14%;Торцевые головки;Так;*;Так;подешевшало на 33.3%
BAEE0810;"Головка торцева довга 1/4"" 10мм TOPTUL BAEE0810";ok;54.00;54.00;+0.00%;100.00;70.00;-30.00%;15.14%;Торцевые головки;Так;*;Так;подешевшало на 30.0%
BAEE0811;"Головка торцева довга 1/4"" 11мм TOPTUL BAEE0811";ok;62.00;62.00;+0.00%;110.00;80.00;-27.27%;15.14%;Торцевые головки;Так;*;Так;подешевшало на 27.3%
BAEE0812;"Головка торцева довга 1/4"" 12мм TOPTUL BAEE0812";ok;64.00;64.00;+0.00%;110.00;80.00;-27.27%;15.14%;Торцевые головки;Так;*;Так;подешевшало на 27.3%
BAEE0813;"Головка торцева довга 1/4"" 13мм TOPTUL BAEE0813";ok;68.00;68.00;+0.00%;110.00;80.00;-27.27%;15.14%;Торцевые головки;Так;*;Так;подешевшало на 27.3%
BAEE0814;"Головка торцева довга 1/4"" 14мм TOPTUL BAEE0814";ok;73.00;73.00;+0.00%;120.00;90.00;-25.00%;15.14%;Торцевые головки;Так;*;Так;подешевшало на 25.0%
BAEE084E;"Головка торцева довга 1/4"" 4,5мм TOPTUL BAEE084E";ok;52.00;52.00;+0.00%;90.00;60.00;-33.33%;15.14%;Торцевые головки;Так;*;Так;подешевшало на 33.3%
BAEE085E;"Головка торцева довга 1/4"" 5,5мм TOPTUL BAEE085E";ok;52.00;52.00;+0.00%;90.00;60.00;-33.33%;15.14%;Торцевые головки;Так;*;Так;подешевшало на 33.3%
BAEE1206;"Головка торцева довга 3/8"" 6мм TOPTUL BAEE1206";ok;80.00;80.00;+0.00%;130.00;100.00;-23.08%;15.14%;Торцевые головки;Так;*;Так;подешевшало на 23.1%
BAEE1207;"Головка торцева довга 3/8"" 7мм TOPTUL BAEE1207";ok;81.00;81.00;+0.00%;130.00;100.00;-23.08%;15.14%;Торцевые головки;Так;*;Так;подешевшало на 23.1%
BAEE1208;"Головка торцева довга 3/8"" 8мм TOPTUL BAEE1208";ok;71.00;71.00;+0.00%;120.00;90.00;-25.00%;15.14%;Торцевые головки;Так;*;Так;подешевшало на 25.0%
BAEE1209;"Головка торцева довга 3/8"" 9мм TOPTUL BAEE1209";ok;75.00;75.00;+0.00%;120.00;90.00;-25.00%;15.14%;Торцевые головки;Так;*;Так;подешевшало на 25.0%
BAEE1210;"Головка торцева довга 3/8"" 10мм TOPTUL BAEE1210";ok;76.00;76.00;+0.00%;120.00;90.00;-25.00%;15.14%;Торцевые головки;Так;*;Так;подешевшало на 25.0%
BAEE1211;"Головка торцева довга 3/8"" 11мм TOPTUL BAEE1211";ok;76.00;76.00;+0.00%;120.00;90.00;-25.00%;15.14%;Торцевые головки;Так;*;Так;подешевшало на 25.0%
BAEE1212;"Головка торцева довга 3/8"" 12мм TOPTUL BAEE1212";ok;79.00;79.00;+0.00%;130.00;100.00;-23.08%;15.14%;Торцевые головки;Так;*;Так;подешевшало на 23.1%
BAEE1213;"Головка торцева довга 3/8"" 13мм TOPTUL BAEE1213";ok;81.00;81.00;+0.00%;130.00;100.00;-23.08%;15.14%;Торцевые головки;Так;*;Так;подешевшало на 23.1%
BAEE1214;"Головка торцева довга 3/8"" 14мм TOPTUL BAEE1214";ok;84.00;84.00;+0.00%;130.00;100.00;-23.08%;15.14%;Торцевые головки;Так;*;Так;подешевшало на 23.1%
BAEE1215;"Головка торцева довга 3/8"" 15мм TOPTUL BAEE1215";ok;93.00;93.00;+0.00%;140.00;110.00;-21.43%;15.14%;Торцевые головки;Так;*;Так;подешевшало на 21.4%
BAEE1216;"Головка торцева довга 3/8"" 16мм TOPTUL BAEE1216";ok;91.00;91.00;+0.00%;140.00;110.00;-21.43%;15.14%;Торцевые головки;Так;*;Так;подешевшало на 21.4%
BAEE1217;"Головка торцева довга 3/8"" 17мм TOPTUL BAEE1217";ok;100.00;100.00;+0.00%;160.00;120.00;-25.00%;15.14%;Торцевые головки;Так;*;Так;подешевшало на 25.0%
BAEE1218;"Головка торцева довга 3/8"" 18мм TOPTUL BAEE1218";ok;113.00;113.00;+0.00%;170.00;140.00;-17.65%;15.14%;Торцевые головки;Так;*;Ні;
BAEE1219;"Головка торцева довга 3/8"" 19мм TOPTUL BAEE1219";ok;114.00;114.00;+0.00%;170.00;140.00;-17.65%;15.14%;Торцевые головки;Так;*;Ні;
BAEE1221;"Головка торцева довга 3/8"" 21мм TOPTUL BAEE1221";ok;123.00;123.00;+0.00%;180.00;150.00;-16.67%;15.14%;Торцевые головки;Так;*;Ні;
BAEE1222;"Головка торцева довга 3/8"" 22мм TOPTUL BAEE1222";ok;141.00;141.00;+0.00%;200.00;170.00;-15.00%;15.14%;Торцевые головки;Так;*;Ні;
BAEE1608;"Головка торцева довга 1/2"" 8мм TOPTUL BAEE1608";ok;121.00;121.00;+0.00%;180.00;140.00;-22.22%;15.14%;Торцевые головки;Так;*;Так;подешевшало на 22.2%
BAEE1609;"Головка торцева довга 1/2"" 9мм TOPTUL BAEE1609";ok;112.00;112.00;+0.00%;170.00;130.00;-23.53%;15.14%;Торцевые головки;Так;*;Так;подешевшало на 23.5%
BAEE1610;"Головка торцева довга 1/2"" 10мм TOPTUL BAEE1610";ok;114.00;114.00;+0.00%;170.00;140.00;-17.65%;15.14%;Торцевые головки;Так;*;Ні;
BAEE1611;"Головка торцева довга 1/2"" 11мм TOPTUL BAEE1611";ok;110.00;110.00;+0.00%;160.00;130.00;-18.75%;15.14%;Торцевые головки;Так;*;Ні;
BAEE1612;"Головка торцева довга 1/2"" 12мм TOPTUL BAEE1612";ok;109.00;109.00;+0.00%;160.00;130.00;-18.75%;15.14%;Торцевые головки;Так;*;Ні;
BAEE1613;"Головка торцева довга 1/2"" 13мм TOPTUL BAEE1613";ok;109.00;109.00;+0.00%;160.00;130.00;-18.75%;15.14%;Торцевые головки;Так;*;Ні;
BAEE1614;"Головка торцева довга 1/2"" 14мм TOPTUL BAEE1614";ok;106.00;106.00;+0.00%;160.00;130.00;-18.75%;15.14%;Торцевые головки;Так;*;Ні;
BAEE1615;"Головка торцева довга 1/2"" 15мм TOPTUL BAEE1615";ok;109.00;109.00;+0.00%;160.00;130.00;-18.75%;15.14%;Торцевые головки;Так;*;Ні;
BAEE1616;"Головка торцева довга 1/2"" 16мм TOPTUL BAEE1616";ok;122.00;122.00;+0.00%;180.00;150.00;-16.67%;15.14%;Торцевые головки;Так;*;Ні;
BAEE1617;"Головка торцева довга 1/2"" 17мм TOPTUL BAEE1617";ok;112.00;112.00;+0.00%;170.00;130.00;-23.53%;15.14%;Торцевые головки;Так;*;Так;подешевшало на 23.5%
BAEE1618;"Головка торцева довга 1/2"" 18мм TOPTUL BAEE1618";ok;121.00;121.00;+0.00%;180.00;140.00;-22.22%;15.14%;Торцевые головки;Так;*;Так;подешевшало на 22.2%
BAEE1619;"Головка торцева довга 1/2"" 19мм TOPTUL BAEE1619";ok;122.00;122.00;+0.00%;180.00;150.00;-16.67%;15.14%;Торцевые головки;Так;*;Ні;
BAEE1620;"Головка торцева довга 1/2"" 20мм TOPTUL BAEE1620";ok;140.00;140.00;+0.00%;200.00;170.00;-15.00%;15.14%;Торцевые головки;Так;*;Ні;
BAEE1621;"Головка торцева довга 1/2"" 21мм TOPTUL BAEE1621";ok;140.00;140.00;+0.00%;200.00;170.00;-15.00%;15.14%;Торцевые головки;Так;*;Ні;
BAEE1622;"Головка торцева довга 1/2"" 22мм TOPTUL BAEE1622";ok;155.00;155.00;+0.00%;220.00;180.00;-18.18%;15.14%;Торцевые головки;Так;*;Ні;
BAEE1623;"Головка торцева довга 1/2"" 23мм TOPTUL BAEE1623";ok;175.00;175.00;+0.00%;250.00;210.00;-16.00%;15.14%;Торцевые головки;Так;*;Ні;
BAEE1624;"Головка торцева довга 1/2"" 24мм TOPTUL BAEE1624";ok;187.00;187.00;+0.00%;260.00;220.00;-15.38%;15.14%;Торцевые головки;Так;*;Ні;
BAEE1625;"Головка торцева довга 1/2"" 25мм TOPTUL BAEE1625";ok;202.00;202.00;+0.00%;280.00;240.00;-14.29%;15.14%;Торцевые головки;Так;*;Ні;
BAEE1626;"Головка торцева довга 1/2"" 26мм TOPTUL BAEE1626";ok;222.00;222.00;+0.00%;300.00;260.00;-13.33%;15.14%;Торцевые головки;Так;*;Ні;
BAEE1627;"Головка торцева довга 1/2"" 27мм TOPTUL BAEE1627";ok;248.00;248.00;+0.00%;340.00;290.00;-14.71%;15.14%;Торцевые головки;Так;*;Ні;
BAEE1628;"Головка торцева довга 1/2"" 28мм TOPTUL BAEE1628";ok;251.00;251.00;+0.00%;400.00;290.00;-27.50%;15.14%;Торцевые головки;Так;*;Так;подешевшало на 27.5%
BAEE1629;"Головка торцева довга 1/2"" 29мм TOPTUL BAEE1629";ok;251.00;251.00;+0.00%;390.00;290.00;-25.64%;15.14%;Торцевые головки;Так;*;Так;подешевшало на 25.6%
BAEE1630;"Головка торцева довга 1/2"" 30мм TOPTUL BAEE1630";ok;282.00;282.00;+0.00%;380.00;330.00;-13.16%;15.14%;Торцевые головки;Так;*;Ні;
BAEE1632;"Головка торцева довга 1/2"" 32мм TOPTUL BAEE1632";ok;290.00;290.00;+0.00%;390.00;340.00;-12.82%;15.14%;Торцевые головки;Так;*;Ні;
BAEF0806;"Головка торцева довга 1/4"" 6мм 12-гранна TOPTUL BAEF0806";ok;48.00;48.00;+0.00%;90.00;60.00;-33.33%;15.14%;Торцевые головки;Так;*;Так;подешевшало на 33.3%
BAEF0807;"Головка торцева довга 1/4"" 7мм 12-гранна TOPTUL BAEF0807";ok;48.00;48.00;+0.00%;90.00;60.00;-33.33%;15.14%;Торцевые головки;Так;*;Так;подешевшало на 33.3%
BAEF0808;"Головка торцева довга 1/4"" 8мм 12-гранна TOPTUL BAEF0808";ok;49.00;49.00;+0.00%;90.00;60.00;-33.33%;15.14%;Торцевые головки;Так;*;Так;подешевшало на 33.3%
BAEF0809;"Головка торцева довга 1/4"" 9мм 12-гранна TOPTUL BAEF0809";ok;51.00;51.00;+0.00%;90.00;60.00;-33.33%;15.14%;Торцевые головки;Так;*;Так;подешевшало на 33.3%
BAEF0810;"Головка торцева довга 1/4"" 10мм 12-гранна TOPTUL BAEF0810";ok;55.00;55.00;+0.00%;100.00;70.00;-30.00%;15.14%;Торцевые головки;Так;*;Так;подешевшало на 30.0%
BAEF0811;"Головка торцева довга 1/4"" 11мм 12-гранна TOPTUL BAEF0811";ok;62.00;62.00;+0.00%;110.00;80.00;-27.27%;15.14%;Торцевые головки;Так;*;Так;подешевшало на 27.3%
BAEF0812;"Головка торцева довга 1/4"" 12мм 12-гранна TOPTUL BAEF0812";ok;65.00;65.00;+0.00%;110.00;80.00;-27.27%;15.14%;Торцевые головки;Так;*;Так;подешевшало на 27.3%
BAEF0813;"Головка торцева довга 1/4"" 13мм 12-гранна TOPTUL BAEF0813";ok;69.00;69.00;+0.00%;110.00;80.00;-27.27%;15.14%;Торцевые головки;Так;*;Так;подешевшало на 27.3%
BAEF1608;"Головка торцева довга 1/2"" 8мм 12-гранна TOPTUL BAEF1608";ok;121.00;121.00;+0.00%;180.00;140.00;-22.22%;15.14%;Торцевые головки;Так;*;Так;подешевшало на 22.2%
BAEF1609;"Головка торцева довга 1/2"" 9мм 12-гранна TOPTUL BAEF1609";ok;112.00;112.00;+0.00%;170.00;130.00;-23.53%;15.14%;Торцевые головки;Так;*;Так;подешевшало на 23.5%
BAEF1610;"Головка торцева довга 1/2"" 10мм 12-гранна TOPTUL BAEF1610";ok;114.00;114.00;+0.00%;170.00;140.00;-17.65%;15.14%;Торцевые головки;Так;*;Ні;
BAEF1611;"Головка торцева довга 1/2"" 11мм 12-гранна TOPTUL BAEF1611";ok;110.00;110.00;+0.00%;160.00;130.00;-18.75%;15.14%;Торцевые головки;Так;*;Ні;
BAEF1612;"Головка торцева довга 1/2"" 12мм 12-гранна TOPTUL BAEF1612";ok;109.00;109.00;+0.00%;160.00;130.00;-18.75%;15.14%;Торцевые головки;Так;*;Ні;
BAEF1613;"Головка торцева довга 1/2"" 13мм 12-гранна TOPTUL BAEF1613";ok;109.00;109.00;+0.00%;160.00;130.00;-18.75%;15.14%;Торцевые головки;Так;*;Ні;
BAEF1614;"Головка торцева довга 1/2"" 14мм 12-гранна TOPTUL BAEF1614";ok;106.00;106.00;+0.00%;160.00;130.00;-18.75%;15.14%;Торцевые головки;Так;*;Ні;
BAEF1615;"Головка торцева довга 1/2"" 15мм 12-гранна TOPTUL BAEF1615";ok;109.00;109.00;+0.00%;160.00;130.00;-18.75%;15.14%;Торцевые головки;Так;*;Ні;
BAEF1616;"Головка торцева довга 1/2"" 16мм 12-гранна TOPTUL BAEF1616";ok;122.00;122.00;+0.00%;180.00;150.00;-16.67%;15.14%;Торцевые головки;Так;*;Ні;
BAEF1617;"Головка торцева довга 1/2"" 17мм 12-гранна TOPTUL BAEF1617";ok;112.00;112.00;+0.00%;170.00;130.00;-23.53%;15.14%;Торцевые головки;Так;*;Так;подешевшало на 23.5%
BAEF1618;"Головка торцева довга 1/2"" 18мм 12-гранна TOPTUL BAEF1618";ok;121.00;121.00;+0.00%;180.00;140.00;-22.22%;15.14%;Торцевые головки;Так;*;Так;подешевшало на 22.2%
BAEF1619;"Головка торцева довга 1/2"" 19мм 12-гранна TOPTUL BAEF1619";ok;122.00;122.00;+0.00%;180.00;150.00;-16.67%;15.14%;Торцевые головки;Так;*;Ні;
BAEF1620;"Головка торцева довга 1/2"" 20мм 12-гранна TOPTUL BAEF1620";ok;140.00;140.00;+0.00%;200.00;170.00;-15.00%;15.14%;Торцевые головки;Так;*;Ні;
BAEF1621;"Головка торцева довга 1/2"" 21мм 12-гранна TOPTUL BAEF1621";ok;140.00;140.00;+0.00%;200.00;170.00;-15.00%;15.14%;Торцевые головки;Так;*;Ні;
BAEF1622;"Головка торцева довга 1/2"" 22мм 12-гранна TOPTUL BAEF1622";ok;155.00;155.00;+0.00%;220.00;180.00;-18.18%;15.14%;Торцевые головки;Так;*;Ні;
BAEF1623;"Головка торцева довга 1/2"" 23мм 12-гранна TOPTUL BAEF1623";ok;175.00;175.00;+0.00%;250.00;210.00;-16.00%;15.14%;Торцевые головки;Так;*;Ні;
BAEF1624;"Головка торцева довга 1/2"" 24мм 12-гранна TOPTUL BAEF1624";ok;187.00;187.00;+0.00%;260.00;220.00;-15.38%;15.14%;Торцевые головки;Так;*;Ні;
BAEF1626;"Головка торцева довга 1/2"" 26мм 12-гранна TOPTUL BAEF1626";ok;222.00;222.00;+0.00%;300.00;260.00;-13.33%;15.14%;Торцевые головки;Так;*;Ні;
BAEF1627;"Головка торцева довга 1/2""27мм 12-гранна TOPTUL BAEF1627";ok;248.00;248.00;+0.00%;340.00;290.00;-14.71%;15.14%;Торцевые головки;Так;*;Ні;
BAEF1628;"Головка торцева довга 1/2"" 28мм 12-гранна TOPTUL BAEF1628";ok;251.00;251.00;+0.00%;340.00;290.00;-14.71%;15.14%;Торцевые головки;Так;*;Ні;
BAEF1629;"Головка торцева довга 1/2"" 29мм 12-гранна TOPTUL BAEF1629";ok;251.00;251.00;+0.00%;340.00;290.00;-14.71%;15.14%;Торцевые головки;Так;*;Ні;
BAEF1630;"Головка торцева довга 1/2"" 30мм 12-гранна TOPTUL BAEF1630";ok;282.00;282.00;+0.00%;380.00;330.00;-13.16%;15.14%;Торцевые головки;Так;*;Ні;
BAEF1632;"Головка торцева довга 1/2"" 32мм 12-гранна TOPTUL BAEF1632";ok;290.00;290.00;+0.00%;390.00;340.00;-12.82%;15.14%;Торцевые головки;Так;*;Ні;
BAEH0808;"Головка торцева довга 1/4"" E8 TOPTUL BAEH0808";ok;51.00;51.00;+0.00%;90.00;60.00;-33.33%;15.14%;Торцевые головки;Так;*;Так;подешевшало на 33.3%
BAEH0810;"Головка торцева довга 1/4"" E10 TOPTUL BAEH0810";ok;56.00;56.00;+0.00%;100.00;70.00;-30.00%;15.14%;Торцевые головки;Так;*;Так;подешевшало на 30.0%
BAEH1610;"Головка торцева довга 1/2"" E10 TOPTUL BAEH1610";ok;116.00;116.00;+0.00%;170.00;140.00;-17.65%;15.14%;Торцевые головки;Так;*;Ні;
BAEH1612;"Головка торцева довга 1/2"" E12 TOPTUL BAEH1612";ok;112.00;112.00;+0.00%;170.00;130.00;-23.53%;15.14%;Торцевые головки;Так;*;Так;подешевшало на 23.5%
BAEH1614;"Головка торцева довга 1/2"" E14 TOPTUL BAEH1614";ok;107.00;107.00;+0.00%;160.00;130.00;-18.75%;15.14%;Торцевые головки;Так;*;Ні;
BAEH1616;"Головка торцева довга 1/2"" E16 TOPTUL BAEH1616";ok;107.00;107.00;+0.00%;160.00;130.00;-18.75%;15.14%;Торцевые головки;Так;*;Ні;
BAEH1618;"Головка торцева довга 1/2"" E18 TOPTUL BAEH1618";ok;116.00;116.00;+0.00%;170.00;140.00;-17.65%;15.14%;Торцевые головки;Так;*;Ні;
BAEH1620;"Головка торцева довга 1/2"" E20 TOPTUL BAEH1620";ok;128.00;128.00;+0.00%;190.00;150.00;-21.05%;15.14%;Торцевые головки;Так;*;Так;подешевшало на 21.1%
BAEJ1612;"Головка 1/2 "" E12 L140мм для розбирання головки блоку цилінд";ok;264.00;264.00;+0.00%;360.00;310.00;-13.89%;15.14%;Торцевые головки;Так;*;Ні;
BAEJ1614;"Головка 1/2 "" E14 L140мм для розбирання головки блоку цилінд";ok;279.00;279.00;+0.00%;370.00;330.00;-10.81%;15.14%;Торцевые головки;Так;*;Ні;
BCAA08P1;"Головка з насадкою PH#1 37mm 1/4"" TOPTUL BCAA08P1";ok;39.00;39.00;+0.00%;80.00;50.00;-37.50%;15.14%;Торцевые головки;Так;*;Так;подешевшало на 37.5%
BCAA08P2;"Головка з насадкою PH # 2 37mm 1/4"" TOPTUL BCAA08P2";ok;39.00;39.00;+0.00%;80.00;50.00;-37.50%;15.14%;Торцевые головки;Так;*;Так;подешевшало на 37.5%
BCAA08P3;"Головка з насадкою PH # 3 37mm 1/4"" TOPTUL BCAA08P3";ok;39.00;39.00;+0.00%;80.00;50.00;-37.50%;15.14%;Торцевые головки;Так;*;Так;подешевшало на 37.5%
BCAA08P4;"Головка з насадкою PH#4 37mm 1/4"" TOPTUL BCAA08P4";ok;39.00;39.00;+0.00%;80.00;50.00;-37.50%;15.14%;Торцевые головки;Так;*;Так;подешевшало на 37.5%
BCAB08P1;"Головка PH1 1/4"" (цільна) TOPTUL BCAB08P1";ok;60.00;60.00;+0.00%;100.00;70.00;-30.00%;15.14%;Торцевые головки;Так;*;Так;подешевшало на 30.0%
BCAB08P2;"Головка PH2 1/4"" (цільна) TOPTUL BCAB08P2";ok;60.00;60.00;+0.00%;100.00;70.00;-30.00%;15.14%;Торцевые головки;Так;*;Так;подешевшало на 30.0%
BCAB08P3;"Головка PH3 1/4"" (цільна) TOPTUL BCAB08P3";ok;60.00;60.00;+0.00%;100.00;70.00;-30.00%;15.14%;Торцевые головки;Так;*;Так;подешевшало на 30.0%
BCBA08P1;"Головка з насадкою PZ1 37mm 1/4"" TOPTUL BCBA08P1";ok;39.00;39.00;+0.00%;80.00;50.00;-37.50%;15.01%;Отверточные биты;Так;*;Так;подешевшало на 37.5%
BCBA08P2;"Головка з насадкою PZ2 37mm 1/4"" TOPTUL BCBA08P2";ok;39.00;39.00;+0.00%;80.00;50.00;-37.50%;15.01%;Отверточные биты;Так;*;Так;подешевшало на 37.5%
BCCA0803;"Головка з шліцевою насадкою 3mm 37mm 1/4"" TOPTUL BCCA0803";ok;39.00;39.00;+0.00%;80.00;50.00;-37.50%;15.01%;Отверточные биты;Так;*;Так;подешевшало на 37.5%
BCCA0804;"Головка з шліцевою насадкою 4mm 37mm 1/4"" TOPTUL BCCA0804";ok;39.00;39.00;+0.00%;80.00;50.00;-37.50%;15.01%;Отверточные биты;Так;*;Так;подешевшало на 37.5%
BCCA0808;"Головка з шліцевою насадкою 8mm 37mm 1/4"" TOPTUL BCCA0808";ok;49.00;49.00;+0.00%;90.00;60.00;-33.33%;15.01%;Отверточные биты;Так;*;Так;подешевшало на 33.3%
BCCA085E;"Головка з шліцевою насадкою 5.5mm 37mm 1/4"" TOPTUL BCCA085E";ok;39.00;39.00;+0.00%;80.00;50.00;-37.50%;15.01%;Отверточные биты;Так;*;Так;подешевшало на 37.5%
BCCA086E;"Головка з шліцевою насадкою 6.5mm 37mm 1/4"" TOPTUL BCCA086E";ok;39.00;39.00;+0.00%;80.00;50.00;-37.50%;15.01%;Отверточные биты;Так;*;Так;подешевшало на 37.5%
BCCA1208;"Головка з шліцевою насадкою 1,2x8mm 48mm 3/8"" TOPTUL BCCA120";ok;73.00;73.00;+0.00%;120.00;90.00;-25.00%;15.01%;Отверточные биты;Так;*;Так;подешевшало на 25.0%
BCCA125E;"Головка з шліцевою насадкою 1,0x5,5mm 48mm 3/8 "" TOPTUL BCCA";ok;54.00;54.00;+0.00%;100.00;70.00;-30.00%;15.01%;Отверточные биты;Так;*;Так;подешевшало на 30.0%
BCDA0803;"Головка з насадкою HEX 3мм 1/4"" TOPTUL BCDA0803";ok;39.00;39.00;+0.00%;80.00;50.00;-37.50%;15.01%;Отверточные биты;Так;*;Так;подешевшало на 37.5%
BCDA0804;"Головка з насадкою HEX 4мм 1/4"" TOPTUL BCDA0804";ok;39.00;39.00;+0.00%;80.00;50.00;-37.50%;15.01%;Отверточные биты;Так;*;Так;подешевшало на 37.5%
BCDA0805;"Головка з насадкою HEX 5мм 1/4"" TOPTUL BCDA0805";ok;39.00;39.00;+0.00%;80.00;50.00;-37.50%;15.01%;Отверточные биты;Так;*;Так;подешевшало на 37.5%
BCDA0806;"Головка з насадкою HEX 6мм 1/4"" TOPTUL BCDA0806";ok;39.00;39.00;+0.00%;80.00;50.00;-37.50%;15.01%;Отверточные биты;Так;*;Так;подешевшало на 37.5%
BCDA0807;"Головка з насадкою HEX 7мм 1/4"" TOPTUL BCDA0807";ok;49.00;49.00;+0.00%;90.00;60.00;-33.33%;15.01%;Отверточные биты;Так;*;Так;подешевшало на 33.3%
BCDA0808;"Головка з насадкою HEX 8мм 1/4"" TOPTUL BCDA0808";ok;49.00;49.00;+0.00%;90.00;60.00;-33.33%;15.01%;Отверточные биты;Так;*;Так;подешевшало на 33.3%
BCDA1604;"Головка з насадкою HEX 4 mm 55mm 1/2"" TOPTUL BCDA1604";ok;120.00;120.00;+0.00%;180.00;140.00;-22.22%;15.01%;Отверточные биты;Так;*;Так;подешевшало на 22.2%
BCDA1605;"Головка з насадкою HEX 5 mm 55mm 1/2"" TOPTUL BCDA1605";ok;120.00;120.00;+0.00%;180.00;140.00;-22.22%;15.01%;Отверточные биты;Так;*;Так;подешевшало на 22.2%
BCDA1606;"Головка з насадкою HEX 6 mm 55mm 1/2"" TOPTUL BCDA1606";ok;120.00;120.00;+0.00%;180.00;140.00;-22.22%;15.01%;Отверточные биты;Так;*;Так;подешевшало на 22.2%
BCDA1607;"Головка з насадкою HEX 7 mm 55mm 1/2"" TOPTUL BCDA1607";ok;120.00;120.00;+0.00%;180.00;140.00;-22.22%;15.01%;Отверточные биты;Так;*;Так;подешевшало на 22.2%
BCDA1608;"Головка з насадкою HEX 8 mm 55mm 1/2"" TOPTUL BCDA1608";ok;120.00;120.00;+0.00%;180.00;140.00;-22.22%;15.01%;Отверточные биты;Так;*;Так;подешевшало на 22.2%
BCDA1610;"Головка з насадкою HEX 10 mm 55mm 1/2"" TOPTUL BCDA1610";ok;124.00;124.00;+0.00%;180.00;150.00;-16.67%;15.01%;Отверточные биты;Так;*;Ні;
BCDA1612;"Головка з насадкою HEX 12 mm 55mm 1/2"" TOPTUL BCDA1612";ok;136.00;136.00;+0.00%;200.00;160.00;-20.00%;15.01%;Отверточные биты;Так;*;Так;подешевшало на 20.0%
BCDA1614;"Головка з насадкою HEX 14 mm 55mm 1/2"" TOPTUL BCDA1614";ok;147.00;147.00;+0.00%;210.00;170.00;-19.05%;15.01%;Отверточные биты;Так;*;Ні;
BCDA1617;"Головка з насадкою HEX 17 mm 55mm 1/2"" TOPTUL BCDA1617";ok;168.00;168.00;+0.00%;240.00;200.00;-16.67%;15.01%;Отверточные биты;Так;*;Ні;
BCDA1619;"Головка з насадкою HEX 19 mm 55mm 1/2"" TOPTUL BCDA1619";ok;170.00;170.00;+0.00%;240.00;200.00;-16.67%;15.01%;Отверточные биты;Так;*;Ні;
BCDA2414;"Головка з насадкою HEX 14мм L79мм 3/4"" TOPTUL BCDA2414";ok;330.00;330.00;+0.00%;440.00;380.00;-13.64%;15.01%;Отверточные биты;Так;*;Ні;
BCDA2417;"Головка з насадкою HEX 17мм L79мм 3/4"" TOPTUL BCDA2417";ok;330.00;330.00;+0.00%;440.00;380.00;-13.64%;15.01%;Отверточные биты;Так;*;Ні;
BCDA2419;"Головка з насадкою HEX 19мм L79мм 3/4"" TOPTUL BCDA2419";ok;353.00;353.00;+0.00%;470.00;410.00;-12.77%;15.01%;Отверточные биты;Так;*;Ні;
BCDA2422;"Головка з насадкою HEX 22мм L79мм 3/4"" TOPTUL BCDA2422";ok;384.00;384.00;+0.00%;510.00;450.00;-11.76%;15.01%;Отверточные биты;Так;*;Ні;
BCDB0803;"Головка HEX 3мм 1/4"" (цільна) TOPTUL BCDB0803";ok;64.00;64.00;+0.00%;110.00;80.00;-27.27%;15.14%;Торцевые головки;Ні;*;Так;відсутній у фіді + подешевшало на 27.3%
BCDB0804;"Головка HEX 4мм 1/4"" (цільна) TOPTUL BCDB0804";ok;64.00;64.00;+0.00%;110.00;80.00;-27.27%;15.14%;Торцевые головки;Так;*;Так;подешевшало на 27.3%
BCDB0805;"Головка HEX 5мм 1/4"" (цільна) TOPTUL BCDB0805";ok;64.00;64.00;+0.00%;110.00;80.00;-27.27%;15.14%;Торцевые головки;Так;*;Так;подешевшало на 27.3%
BCDB0806;"Головка HEX 6мм 1/4"" (цільна) TOPTUL BCDB0806";ok;64.00;64.00;+0.00%;110.00;80.00;-27.27%;15.14%;Торцевые головки;Так;*;Так;подешевшало на 27.3%
BCDB0807;"Головка HEX 7мм 1/4"" (цільна) TOPTUL BCDB0807";ok;64.00;64.00;+0.00%;110.00;80.00;-27.27%;15.14%;Торцевые головки;Так;*;Так;подешевшало на 27.3%
BCDB0808;"Головка HEX 8мм 1/4"" (цільна) TOPTUL BCDB0808";ok;64.00;64.00;+0.00%;110.00;80.00;-27.27%;15.14%;Торцевые головки;Так;*;Так;подешевшало на 27.3%
BCEA1605;"Головка з насадкою HEX 5 mm 100mm 1/2"" TOPTUL BCEA1605";ok;162.00;162.00;+0.00%;230.00;190.00;-17.39%;15.01%;Отверточные биты;Так;*;Ні;
BCEA1607;"Головка з насадкою HEX 7 mm 100mm 1/2"" TOPTUL BCEA1607";ok;162.00;162.00;+0.00%;230.00;190.00;-17.39%;15.01%;Отверточные биты;Так;*;Ні;
BCEA1608;"Головка з насадкою HEX 8 mm 100mm 1/2"" TOPTUL BCEA1608";ok;162.00;162.00;+0.00%;230.00;190.00;-17.39%;15.01%;Отверточные биты;Так;*;Ні;
BCFA0808;"Головка з насадкою TORX T8 37mm 1/4"" TOPTUL BCFA0808";ok;39.00;39.00;+0.00%;80.00;50.00;-37.50%;15.01%;Отверточные биты;Так;*;Так;подешевшало на 37.5%
BCFA0810;"Головка з насадкою TORX T10 37mm 1/4"" TOPTUL BCFA0810";ok;39.00;39.00;+0.00%;80.00;50.00;-37.50%;15.14%;Торцевые головки;Так;*;Так;подешевшало на 37.5%
BCFA0815;"Головка з насадкою TORX T15 37mm 1/4"" TOPTUL BCFA0815";ok;39.00;39.00;+0.00%;80.00;50.00;-37.50%;15.14%;Торцевые головки;Так;*;Так;подешевшало на 37.5%
BCFA0820;"Головка з насадкою TORX T20 37mm 1/4"" TOPTUL BCFA0820";ok;39.00;39.00;+0.00%;80.00;50.00;-37.50%;15.14%;Торцевые головки;Так;*;Так;подешевшало на 37.5%
BCFA0825;"Головка з насадкою TORX T25 37mm 1/4"" TOPTUL BCFA0825";ok;39.00;39.00;+0.00%;80.00;50.00;-37.50%;15.14%;Торцевые головки;Так;*;Так;подешевшало на 37.5%
BCFA0827;"Головка з насадкою TORX T27 37mm 1/4"" TOPTUL BCFA0827";ok;39.00;39.00;+0.00%;80.00;50.00;-37.50%;15.14%;Торцевые головки;Так;*;Так;подешевшало на 37.5%
BCFA0830;"Головка з насадкою TORX T30 37mm 1/4"" TOPTUL BCFA0830";ok;39.00;39.00;+0.00%;80.00;50.00;-37.50%;15.01%;Отверточные биты;Так;*;Так;подешевшало на 37.5%
BCFA0840;"Головка з насадкою TORX T40 37mm 1/4"" TOPTUL BCFA0840";ok;40.00;40.00;+0.00%;80.00;50.00;-37.50%;15.01%;Отверточные биты;Так;*;Так;подешевшало на 37.5%
BCFA1630;"Головка з насадкою TORX T30 55mm 1/2"" TOPTUL BCFA1630";ok;111.00;111.00;+0.00%;170.00;130.00;-23.53%;15.01%;Отверточные биты;Так;*;Так;подешевшало на 23.5%
BCFA1640;"Головка з насадкою TORX T40 55mm 1/2"" TOPTUL BCFA1640";ok;111.00;111.00;+0.00%;170.00;130.00;-23.53%;15.01%;Отверточные биты;Так;*;Так;подешевшало на 23.5%
BCFA1645;"Головка з насадкою TORX T45 55mm 1/2"" TOPTUL BCFA1645";ok;111.00;111.00;+0.00%;170.00;130.00;-23.53%;15.01%;Отверточные биты;Так;*;Так;подешевшало на 23.5%
BCFA1650;"Головка з насадкою TORX T50 55mm 1/2"" TOPTUL BCFA1650";ok;111.00;111.00;+0.00%;170.00;130.00;-23.53%;15.01%;Отверточные биты;Так;*;Так;подешевшало на 23.5%
BCFA1655;"Головка з насадкою TORX T55 55mm 1/2"" TOPTUL BCFA1655";ok;118.00;118.00;+0.00%;170.00;140.00;-17.65%;15.01%;Отверточные биты;Так;*;Ні;
BCFA1660;"Головка з насадкою TORX T60 55mm 1/2"" TOPTUL BCFA1660";ok;130.00;130.00;+0.00%;190.00;150.00;-21.05%;15.01%;Отверточные биты;Так;*;Так;подешевшало на 21.1%
BCFA1670;"Головка з насадкою TORX T70 55mm 1/2"" TOPTUL BCFA1670";ok;164.00;164.00;+0.00%;230.00;190.00;-17.39%;15.14%;Торцевые головки;Так;*;Ні;
BCFB0808;"Головка TORX T8 1/4"" (цільна) TOPTUL BCFB0808";ok;64.00;64.00;+0.00%;110.00;80.00;-27.27%;15.14%;Торцевые головки;Так;*;Так;подешевшало на 27.3%
BCFB0810;"Головка TORX T10 1/4"" (цільна) TOPTUL BCFB0810";ok;64.00;64.00;+0.00%;110.00;80.00;-27.27%;15.14%;Торцевые головки;Ні;*;Так;відсутній у фіді + подешевшало на 27.3%
BCFB0815;"Головка TORX T15 1/4"" (цільна) TOPTUL BCFB0815";ok;64.00;64.00;+0.00%;110.00;80.00;-27.27%;15.14%;Торцевые головки;Так;*;Так;подешевшало на 27.3%
BCFB0820;"Головка TORX T20 1/4"" (цільна) TOPTUL BCFB0820";ok;64.00;64.00;+0.00%;110.00;80.00;-27.27%;15.14%;Торцевые головки;Так;*;Так;подешевшало на 27.3%
BCFB0825;"Головка TORX T25 1/4"" (цільна) TOPTUL BCFB0825";ok;64.00;64.00;+0.00%;110.00;80.00;-27.27%;15.14%;Торцевые головки;Так;*;Так;подешевшало на 27.3%
BCFB0827;"Головка TORX T27 1/4"" (цільна) TOPTUL BCFB0827";ok;64.00;64.00;+0.00%;110.00;80.00;-27.27%;15.14%;Торцевые головки;Так;*;Так;подешевшало на 27.3%
BCFB0830;"Головка TORX T30 1/4"" (цільна) TOPTUL BCFB0830";ok;64.00;64.00;+0.00%;110.00;80.00;-27.27%;15.14%;Торцевые головки;Так;*;Так;подешевшало на 27.3%
BCFB0840;"Головка TORX T40 1/4"" (цільна) TOPTUL BCFB0840";ok;64.00;64.00;+0.00%;110.00;80.00;-27.27%;15.14%;Торцевые головки;Так;*;Так;подешевшало на 27.3%
BCGA1640;"Головка з насадкою TORX T40 L120mm 1/2"" TOPTUL BCGA1640";ok;162.00;162.00;+0.00%;230.00;190.00;-17.39%;15.01%;Отверточные биты;Так;*;Ні;
BCGA1645;"Головка з насадкою TORX T45 L120mm 1/2"" TOPTUL BCGA1645";ok;162.00;162.00;+0.00%;230.00;190.00;-17.39%;15.01%;Отверточные биты;Так;*;Ні;
BCH-EXP;Борторозширювач (настільний) (ХЗСО) БРТ BCH-EXP;ok;1824.00;1824.00;+0.00%;2290.00;2100.00;-8.30%;14.74%;Комплектующие для шиномонтажа;Так;*;Ні;
BCHA1606;"Головка з насадкою SPLINE M6L55mm 1/2"" TOPTUL BCHA1606";ok;112.00;112.00;+0.00%;170.00;130.00;-23.53%;15.14%;Торцевые головки;Так;*;Так;подешевшало на 23.5%
BCHA1608;"Головка з насадкою SPLINE M8L55mm 1/2"" TOPTUL BCHA1608";ok;112.00;112.00;+0.00%;170.00;130.00;-23.53%;15.14%;Торцевые головки;Так;*;Так;подешевшало на 23.5%
BCHA1610;"Головка з насадкою SPLINE M10 L55mm 1/2"" TOPTUL BCHA1610";ok;121.00;121.00;+0.00%;180.00;140.00;-22.22%;15.14%;Торцевые головки;Так;*;Так;подешевшало на 22.2%
BCHA1612;"Головка з насадкою SPLINE M12 L55mm 1/2"" TOPTUL BCHA1612";ok;129.00;129.00;+0.00%;190.00;150.00;-21.05%;15.01%;Отверточные биты;Так;*;Так;подешевшало на 21.1%
BCHA1614;"Головка з насадкою SPLINE M14 L55mm 1/2"" TOPTUL BCHA1614";ok;140.00;140.00;+0.00%;200.00;170.00;-15.00%;15.14%;Торцевые головки;Так;*;Ні;
BCHA1616;"Головка з насадкою SPLINE M16 L55mm 1/2"" TOPTUL BCHA1616";ok;171.00;171.00;+0.00%;240.00;200.00;-16.67%;15.14%;Торцевые головки;Так;*;Ні;
BCIA1606;"Головка з насадкою HEX 6 mm 140mm 1/2"" TOPTUL BCIA1606";ok;175.00;175.00;+0.00%;250.00;210.00;-16.00%;15.01%;Отверточные биты;Так;*;Ні;
BCIA1610;"Головка з насадкою HEX 10 mm 140mm 1/2"" TOPTUL BCIA1610";ok;189.00;189.00;+0.00%;260.00;220.00;-15.38%;15.01%;Отверточные биты;Так;*;Ні;
BCIA1612;"Головка з насадкою HEX 12 mm 140mm 1/2"" TOPTUL BCIA1612";ok;206.00;206.00;+0.00%;280.00;240.00;-14.29%;15.01%;Отверточные биты;Так;*;Ні;
BCJA1606;"Головка з насадкою SPLINE M6 L100mm 1/2"" TOPTUL BCJA1606";ok;151.00;151.00;+0.00%;220.00;180.00;-18.18%;15.14%;Торцевые головки;Так;*;Ні;
BCJA1608;"Головка з насадкою SPLINE M8 L100mm 1/2"" TOPTUL BCJA1608";ok;151.00;151.00;+0.00%;220.00;180.00;-18.18%;15.14%;Торцевые головки;Так;*;Ні;
BCJA1610;"Головка з насадкою SPLINE M10 L100mm 1/2"" TOPTUL BCJA1610";ok;162.00;162.00;+0.00%;230.00;190.00;-17.39%;15.14%;Торцевые головки;Так;*;Ні;
BCJA1612;"Головка з насадкою SPLINE M12 L100mm 1/2"" TOPTUL BCJA1612";ok;179.00;179.00;+0.00%;250.00;210.00;-16.00%;15.14%;Торцевые головки;Так;*;Ні;
BCJD1614;"Головка з насадкою SPLINE M14 L100mm 1/2"" TOPTUL BCJD1614";ok;233.00;233.00;+0.00%;320.00;270.00;-15.62%;15.14%;Торцевые головки;Так;*;Ні;
BCMD1610;"Головка з насадкою SPLINE M10 L140mm 1/2"" TOPTUL BCMD1610";ok;198.00;198.00;+0.00%;270.00;230.00;-14.81%;15.01%;Отверточные биты;Так;*;Ні;
BCMD1612;"Головка з насадкою SPLINE M12 L140mm 1/2"" TOPTUL BCMD1612";ok;220.00;220.00;+0.00%;300.00;260.00;-13.33%;15.01%;Отверточные биты;Так;*;Ні;
BCMD1614;"Головка з насадкою SPLINE M14 L140mm 1/2"" TOPTUL BCMD1614";ok;263.00;263.00;+0.00%;350.00;310.00;-11.43%;15.01%;Отверточные биты;Так;*;Ні;
BCNA0820;"Головка з насадкою 5-ою TORX T20 37mm 1/4"" з отвором (для па";ok;45.00;45.00;+0.00%;80.00;60.00;-25.00%;15.14%;Торцевые головки;Так;*;Так;подешевшало на 25.0%
BCR0302;Пристосування для розведення гальмівних циліндрів права і лі;ok;990.00;990.00;+0.00%;1260.00;1140.00;-9.52%;14.60%;Механические съемники;Так;*;Ні;
BCRA1605;"Головка з насадкою RIBE M5x100mm 1/2"" TOPTUL BCRA1605";ok;161.00;161.00;+0.00%;230.00;190.00;-17.39%;15.14%;Торцевые головки;Так;*;Ні;
BCRA1606;"Головка з насадкою RIBE M6x100mm 1/2"" TOPTUL BCRA1606";ok;161.00;161.00;+0.00%;230.00;190.00;-17.39%;15.14%;Торцевые головки;Так;*;Ні;
BCRA1607;"Головка з насадкою RIBE M7x100mm 1/2"" TOPTUL BCRA1607";ok;161.00;161.00;+0.00%;230.00;190.00;-17.39%;15.14%;Торцевые головки;Так;*;Ні;
BCRA1608;"Головка з насадкою RIBE M8x100mm 1/2"" TOPTUL BCRA1608";ok;170.00;170.00;+0.00%;240.00;200.00;-16.67%;15.14%;Торцевые головки;Так;*;Ні;
BCRA1609;"Головка з насадкою RIBE M9x100mm 1/2"" TOPTUL BCRA1609";ok;170.00;170.00;+0.00%;240.00;200.00;-16.67%;15.14%;Торцевые головки;Так;*;Ні;
BCRA1610;"Головка з насадкою RIBE M10x100mm 1/2"" TOPTUL BCRA1610";ok;176.00;176.00;+0.00%;250.00;210.00;-16.00%;15.14%;Торцевые головки;Так;*;Ні;
BCRA1612;"Головка з насадкою RIBE M12x100mm 1/2"" TOPTUL BCRA1612";ok;194.00;194.00;+0.00%;270.00;230.00;-14.81%;15.14%;Торцевые головки;Так;*;Ні;
BCRA1613;"Головка з насадкою RIBE M13x100mm 1/2"" TOPTUL BCRA1613";ok;225.00;225.00;+0.00%;310.00;260.00;-16.13%;15.14%;Торцевые головки;Так;*;Ні;
BCRA1614;"Головка з насадкою RIBE M14x100mm 1/2"" TOPTUL BCRA1614";ok;225.00;225.00;+0.00%;310.00;260.00;-16.13%;15.14%;Торцевые головки;Так;*;Ні;
BCRA1616;"Головка з насадкою RIBE M16x100mm 1/2"" TOPTUL BCRA1616";ok;251.00;251.00;+0.00%;340.00;290.00;-14.71%;15.14%;Торцевые головки;Так;*;Ні;
BCSA1605;"Головка з насадкою HEX 5мм 140мм 1/2"" з кулею TOPTUL BCSA160";ok;206.00;206.00;+0.00%;280.00;240.00;-14.29%;15.01%;Отверточные биты;Так;*;Ні;
BCSA1606;"Головка з насадкою HEX 6 mm 140mm 1/2"" з кулею TOPTUL BCSA16";ok;196.00;196.00;+0.00%;270.00;230.00;-14.81%;15.01%;Отверточные биты;Так;*;Ні;
BCSA1608;"Головка з насадкою HEX 8 mm 140mm 1/2"" з кулею TOPTUL BCSA16";ok;206.00;206.00;+0.00%;280.00;240.00;-14.29%;15.01%;Отверточные биты;Так;*;Ні;
BCSA1610;"Головка з насадкою HEX 10 mm 140mm 1/2"" з кулею TOPTUL BCSA1";ok;209.00;209.00;+0.00%;290.00;250.00;-13.79%;15.01%;Отверточные биты;Так;*;Ні;
BCTA1605;"Головка з насадкою HEX 5mm 180mm 1/2"" TOPTUL BCTA1605";ok;209.00;209.00;+0.00%;290.00;250.00;-13.79%;15.01%;Отверточные биты;Так;*;Ні;
BCUA1655;"Головка з насадкою TORX T55 L140mm 1/2"" TOPTUL BCUA1655";ok;176.00;176.00;+0.00%;250.00;210.00;-16.00%;15.14%;Торцевые головки;Так;*;Ні;
BCUA1670;"Головка з насадкою TORX T70 L140mm 1/2"" TOPTUL BCUA1670";ok;220.00;220.00;+0.00%;300.00;260.00;-13.33%;15.01%;Отверточные биты;Так;*;Ні;
BCVA1655;"Головка з насадкою TORX T55 L140mm 1/2"" з отвором BCKA1655 T";ok;173.00;173.00;+0.00%;240.00;200.00;-16.67%;15.14%;Торцевые головки;Так;*;Ні;
BCVA1660;"Головка з насадкою TORX T60 L140mm 1/2"" з отвором TOPTUL BCV";ok;189.00;189.00;+0.00%;260.00;220.00;-15.38%;15.01%;Отверточные биты;Так;*;Ні;
BCWA1610;"Головка з насадкою HEX 10 mm 80mm 1/2"" TOPTUL BCWA1610";ok;144.00;144.00;+0.00%;210.00;170.00;-19.05%;15.01%;Отверточные биты;Так;*;Ні;
BCYA1610;Головка з насадкою M10S для розбирання головки блоку (VW AUD;ok;190.00;190.00;+0.00%;260.00;220.00;-15.38%;15.14%;Торцевые головки;Так;*;Ні;
BEAA0806;Головка на шуруповерт 6мм L=65мм магнітна TOPTUL BEAA0806;ok;79.00;79.00;+0.00%;130.00;100.00;-23.08%;15.01%;Отверточные биты;Так;*;Так;подешевшало на 23.1%
BEAA0807;Головка на шуруповерт 7мм L=65мм магнітна TOPTUL BEAA0807;ok;79.00;79.00;+0.00%;130.00;100.00;-23.08%;15.01%;Отверточные биты;Так;*;Так;подешевшало на 23.1%
BEAA0808;Головка на шуруповерт 8мм L=65мм магнітна TOPTUL BEAA0808;ok;79.00;79.00;+0.00%;130.00;100.00;-23.08%;15.01%;Отверточные биты;Так;*;Так;подешевшало на 23.1%
BEAA0810;Головка на шуруповерт 10мм L=65мм магнітна TOPTUL BEAA0810;ok;81.00;81.00;+0.00%;130.00;100.00;-23.08%;15.14%;Торцевые головки;Так;*;Так;подешевшало на 23.1%
BEAA0813;Головка на шуруповерт 13мм L=65мм магнітна TOPTUL BEAA0813;ok;110.00;110.00;+0.00%;160.00;130.00;-18.75%;15.01%;Отверточные биты;Так;*;Ні;
BEAB0808;Головка на шуруповерт 8мм L=100мм магнітна TOPTUL BEAB0808;ok;109.00;109.00;+0.00%;160.00;130.00;-18.75%;15.01%;Отверточные биты;Так;*;Ні;
BEAB0808G;Головка на шуруповерт 8мм L=100мм магнітна (на блістері) TOP;ok;123.00;123.00;+0.00%;180.00;150.00;-16.67%;15.01%;Отверточные биты;Так;*;Ні;
BEAD0808;Головка на шуруповерт 8мм L=200мм магнітна S2 TOPTUL BEAD080;ok;297.00;297.00;+0.00%;400.00;350.00;-12.50%;15.01%;Отверточные биты;Так;*;Ні;
BEAD0808G;Головка на шуруповерт 8мм L=200мм магнітна S2 (на блістері) ;ok;293.00;293.00;+0.00%;390.00;340.00;-12.82%;15.14%;Торцевые головки;Так;*;Ні;
BEBA0808;Головка на шуруповерт 8мм L=87мм з шарніром магнітна TOPTUL ;ok;553.00;553.00;+0.00%;720.00;640.00;-11.11%;15.01%;Отверточные биты;Так;*;Ні;
BEBA0810;Головка на шуруповерт 10мм L=87мм з шарніром магнітна TOPTUL;ok;559.00;559.00;+0.00%;720.00;650.00;-9.72%;15.14%;Торцевые головки;Так;*;Ні;
BETA45-220;Підйомник 2-х стійковий 4,5т електрогідравлічний з верхньою ;ok;132000.00;132000.00;+0.00%;164020.00;151400.00;-7.69%;14.69%;Подъемники автомобильные;Так;*;Ні;
BETA45-380;Підйомник 2-х стійковий 4,5т електрогідравлічний з верхньою ;ok;132000.00;132000.00;+0.00%;164020.00;151400.00;-7.69%;14.69%;Подъемники автомобильные;Так;*;Ні;
BETA55-380;Підйомник 2-х стійковий 5,5т електрогідравлічний з верхньою ;ok;154000.00;154000.00;+0.00%;191350.00;176630.00;-7.69%;14.69%;Подъемники автомобильные;Так;*;Ні;
BF4000;"Фильтр очистки воздуха 1/2"" AIRKRAFT BF4000";ok;499.00;499.00;+0.00%;1380.00;580.00;-57.97%;14.33%;Комплектующие и запчасти для инструмента;Так;*;Так;подешевшало на 58.0%
BFC4000;"Блок подготовки воздуха 1/2"" AIRKRAFT BFC4000";ok;1247.00;1247.00;+0.00%;1580.00;1440.00;-8.86%;14.74%;Комплектующие для шиномонтажа;Так;*;Ні;
BFR4000;"Фильтр очистки воздуха с редуктором 1/2"" AIRKRAFT BFR4000";ok;608.00;608.00;+0.00%;780.00;680.00;-12.82%;10.63%;Компоненты пневматики;Так;*;Ні;
BG-2;Пістолет продувний 300мм AUARITA BG-2;ok;166.00;166.00;+0.00%;910.00;190.00;-79.12%;10.63%;Пневматические продувочные пистолеты;Ні;*;Так;відсутній у фіді + подешевшало на 79.1%
BGDI1535;Нутромір з індикатором годинникового типу 18-35мм 0,01мм гли;ok;2425.00;2425.00;+0.00%;3040.00;2770.00;-8.88%;13.86%;Микрометры;Так;*;Ні;
BGDI3550;Нутромір з індикатором годинникового типу 35-50мм 0,01мм гли;ok;2425.00;2425.00;+0.00%;3040.00;2770.00;-8.88%;13.86%;Микрометры;Так;*;Ні;
BGDI5016;Нутромір з індикатором годинникового типу 50-160мм 0,01мм гл;ok;2425.00;2425.00;+0.00%;3040.00;2770.00;-8.88%;13.86%;Микрометры;Так;*;Ні;
BHP2108;Знімач підшипників маточини ВАЗ 2108-2109 (ХЗСО) ПОДШ08КрЛ B;ok;1076.00;1076.00;+0.00%;1370.00;1240.00;-9.49%;14.60%;Съемники подшипников;Так;*;Ні;
BJIR041MB;Пристосування для монтажу/демонтажу шарових опор (MB W211 W2;ok;5511.00;5511.00;+0.00%;6870.00;6320.00;-8.01%;14.60%;Механические съемники;Ні;*;Так;відсутній у фіді
BJP1801;Знімач р/тяг і кульових опор універсальний (ХЗСО) BallJoint ;ok;1597.00;1597.00;+0.00%;2010.00;1840.00;-8.46%;14.60%;Механические съемники;Так;*;Ні;
BKAC0812;"Тримач для головок (планка) 1/4"" * 260 * 12PCS TOPTUL BKAC08";ok;108.00;108.00;+0.00%;160.00;130.00;-18.75%;15.14%;Торцевые головки;Так;*;Ні;
BKAC1212;"Тримач для головок (планка) 3/8 ""* 260 * 12PCS TOPTUL BKAC12";ok;107.00;107.00;+0.00%;160.00;130.00;-18.75%;15.14%;Торцевые головки;Так;*;Ні;
BKAC1216;"Тримач для головок (планка) 3/8 ""* 560 * 16PCS TOPTUL BKAC12";ok;209.00;209.00;+0.00%;290.00;250.00;-13.79%;15.14%;Торцевые головки;Так;*;Ні;
BKAC1612;"Тримач для головок (планка) 1/2""*260*12PCS TOPTUL BKAC1612";ok;110.00;110.00;+0.00%;160.00;130.00;-18.75%;15.14%;Торцевые головки;Так;*;Ні;
BKAC1616;"Тримач для головок (планка) 1/2""*560*16PCS TOPTUL BKAC1616";ok;206.00;206.00;+0.00%;280.00;240.00;-14.29%;15.14%;Торцевые головки;Так;*;Ні;
BL24-RP7601;Полотно 24Т біметал для пневмоножівки 24T blade BL24-RP7601;ok;55.00;55.00;+0.00%;100.00;70.00;-30.00%;15.00%;default;Так;*;Так;подешевшало на 30.0%
BMR;"Комплект різців до стенду для проточки гальмівних дисків"" AM";ok;2904.00;2904.00;+0.00%;5040.00;3340.00;-33.73%;15.00%;default;Так;*;Так;подешевшало на 33.7%
BP3010B 220V;Балансувальний стенд BRIGHT BP3010B 220V;ok;64020.00;64020.00;+0.00%;79560.00;73460.00;-7.67%;14.74%;Балансировочные станки;Так;*;Ні;
BP3020B 220V;Балансувальний стенд автомат з LCD дисплеєм BRIGHT BP3020B 2;ok;80960.00;80960.00;+0.00%;100610.00;92900.00;-7.66%;14.74%;Балансировочные станки;Так;*;Ні;
BRIS2075;Набір для зняття та установки втулок універсальний СТАНДАРТ ;ok;7816.00;7816.00;+0.00%;9740.00;8960.00;-8.01%;14.60%;Механические съемники;Ні;*;Так;відсутній у фіді
BRSP1158;Знімач сепараторний малий 11-58мм (ХЗСО) СЕПАРХМ BRSP1158;ok;1591.00;1591.00;+0.00%;2000.00;1830.00;-8.50%;14.60%;Съемники подшипников;Ні;*;Так;відсутній у фіді
BRSP2373;Знімач сепараторний великий 23-73мм (ХЗСО) СЕПАРХБ BRSP2373;ok;2248.00;2248.00;+0.00%;2820.00;2580.00;-8.51%;14.60%;Съемники подшипников;Ні;*;Так;відсутній у фіді
BS-TP030;Комплект притиральних насадок 16мм 20мм 30мм 35 ​​мм AIRKRAF;ok;597.00;597.00;+0.00%;770.00;690.00;-10.39%;14.33%;Комплектующие и запчасти для инструмента;Так;*;Ні;
BSBA1214L;"Свічна головка 14мм 3/8"" 12 гр L 250мм TOPTUL BSBA1214L";ok;589.00;589.00;+0.00%;760.00;680.00;-10.53%;15.14%;Торцевые головки;Так;*;Ні;
BSBA1214S;"Свічна головка 14мм 3/8"" 12 гр L 90мм TOPTUL BSBA1214S";ok;233.00;233.00;+0.00%;320.00;270.00;-15.62%;15.14%;Торцевые головки;Так;*;Ні;
BSSW2108;Ключ для зняття задніх стійок ВАЗ 2108-2109 (ХЗСО);ok;256.00;256.00;+0.00%;350.00;300.00;-14.29%;15.00%;default;Ні;*;Так;відсутній у фіді
BST-360;Тестер акумуляторних батарей Bluetooth LAUNCH BST-360;ok;2640.00;2640.00;+0.00%;3310.00;3020.00;-8.76%;14.29%;Тестеры для аккумуляторов;Так;*;Ні;
BST-560;Тестер акумуляторних батарей LAUNCH BST-560;ok;5852.00;5852.00;+0.00%;7300.00;6690.00;-8.36%;14.29%;Тестеры для аккумуляторов;Так;*;Ні;
BST-860;Тестер акумуляторних батарей LAUNCH BST-860;ok;12100.00;12100.00;+0.00%;21640.00;13830.00;-36.09%;14.29%;Тестеры для аккумуляторов;Так;*;Так;подешевшало на 36.1%
BST580D;Тестер акумуляторних батарей + OBDII сканер (2в1) LAUNCH BST;ok;5720.00;5720.00;+0.00%;7130.00;6560.00;-7.99%;14.66%;Автомобильные диагностические сканеры;Ні;*;Так;відсутній у фіді
BST880D;Тестер акумуляторних батарей + діагностичний сканер (2в1) LA;ok;11000.00;11000.00;+0.00%;13850.00;12620.00;-8.88%;14.66%;Автомобильные диагностические сканеры;Ні;*;Так;відсутній у фіді
BTTP1403;"Ключ для підтягування ролика ""Пріора"" (ХЗСО) РОЛП BTTP1403";ok;190.00;190.00;+0.00%;260.00;220.00;-15.38%;14.60%;Механические съемники;Ні;*;Так;відсутній у фіді
BWPH0102;Щітка по металу (латунний дріт пластикова ручка) СТАНДАРТ BW;ok;27.00;27.00;+0.00%;60.00;40.00;-33.33%;15.00%;default;Так;*;Так;подешевшало на 33.3%
C-M-0400000;Комплект адаптеров для мотоколес на шиномонтажный стенд BRIG;ok;10736.00;10736.00;+0.00%;13370.00;12320.00;-7.85%;14.74%;Комплектующие для шиномонтажа;Ні;*;Так;відсутній у фіді
CAAA0802;"Подовжувач 1/4"" 50мм TOPTUL CAAA0802";ok;52.00;52.00;+0.00%;90.00;60.00;-33.33%;15.14%;Торцевые головки;Так;*;Так;подешевшало на 33.3%
CAAA0803;"Подовжувач 1/4"" 75мм TOPTUL CAAA0803";ok;58.00;58.00;+0.00%;100.00;70.00;-30.00%;15.14%;Торцевые головки;Так;*;Так;подешевшало на 30.0%
CAAA0804;"Подовжувач 1/4"" 100мм TOPTUL CAAA0804";ok;62.00;62.00;+0.00%;110.00;80.00;-27.27%;15.14%;Торцевые головки;Так;*;Так;подешевшало на 27.3%
CAAA0806;"Подовжувач 1/4"" 150мм TOPTUL CAAA0806";ok;83.00;83.00;+0.00%;130.00;100.00;-23.08%;15.14%;Торцевые головки;Так;*;Так;подешевшало на 23.1%
CAAA1203;"Подовжувач 3/8"" 75мм TOPTUL CAAA1203";ok;81.00;81.00;+0.00%;130.00;100.00;-23.08%;15.14%;Торцевые головки;Так;*;Так;подешевшало на 23.1%
CAAA1206;"Подовжувач 3/8"" 150мм TOPTUL CAAA1206";ok;108.00;108.00;+0.00%;160.00;130.00;-18.75%;15.14%;Торцевые головки;Так;*;Ні;
CAAA1210;"Подовжувач 3/8"" 250мм TOPTUL CAAA1210";ok;170.00;170.00;+0.00%;240.00;200.00;-16.67%;15.14%;Торцевые головки;Так;*;Ні;
CAAA1603;"Подовжувач 1/2"" 75мм TOPTUL CAAA1603";ok;117.00;117.00;+0.00%;170.00;140.00;-17.65%;15.14%;Торцевые головки;Так;*;Ні;
CAAA1605;"Подовжувач 1/2"" 125мм TOPTUL CAAA1605";ok;128.00;128.00;+0.00%;190.00;150.00;-21.05%;15.14%;Торцевые головки;Так;*;Так;подешевшало на 21.1%
CAAA1610;"Подовжувач 1/2"" 250мм TOPTUL CAAA1610";ok;220.00;220.00;+0.00%;300.00;260.00;-13.33%;15.14%;Торцевые головки;Так;*;Ні;
CAAF0802;"Подовжувач плаваючий 1/4"" 50мм TOPTUL CAAF0802";ok;79.00;79.00;+0.00%;130.00;100.00;-23.08%;15.14%;Торцевые головки;Так;*;Так;подешевшало на 23.1%
CAAF0803;"Подовжувач плаваючий 1/4"" 75мм TOPTUL CAAF0803";ok;84.00;84.00;+0.00%;130.00;100.00;-23.08%;15.14%;Торцевые головки;Так;*;Так;подешевшало на 23.1%
CAAF0804;"Подовжувач плаваючий 1/4"" 100мм TOPTUL CAAF0804";ok;88.00;88.00;+0.00%;140.00;110.00;-21.43%;15.14%;Торцевые головки;Так;*;Так;подешевшало на 21.4%
CAAF0806;"Подовжувач плаваючий 1/4"" 150мм TOPTUL CAAF0806";ok;108.00;108.00;+0.00%;160.00;130.00;-18.75%;15.14%;Торцевые головки;Так;*;Ні;
CAAF1203;"Подовжувач плаваючий 3/8"" 75мм TOPTUL CAAF1203";ok;101.00;101.00;+0.00%;150.00;120.00;-20.00%;15.14%;Торцевые головки;Так;*;Так;подешевшало на 20.0%
CAAF1206;"Подовжувач плаваючий 3/8"" 150мм TOPTUL CAAF1206";ok;125.00;125.00;+0.00%;180.00;150.00;-16.67%;15.14%;Торцевые головки;Так;*;Ні;
CAAF1209;"Подовжувач плаваючий 3/8"" 220мм TOPTUL CAAF1209";ok;185.00;185.00;+0.00%;260.00;220.00;-15.38%;15.14%;Торцевые головки;Так;*;Ні;
CAAF1602;"Подовжувач плаваючий 1/2"" 50мм TOPTUL CAAF1602";ok;115.00;115.00;+0.00%;170.00;140.00;-17.65%;15.14%;Торцевые головки;Так;*;Ні;
CAAF1605;"Подовжувач плаваючий 1/2"" 125мм TOPTUL CAAF1605";ok;154.00;154.00;+0.00%;220.00;180.00;-18.18%;15.14%;Торцевые головки;Так;*;Ні;
CAAF1610;"Подовжувач плаваючий 1/2"" 250мм TOPTUL CAAF1610";ok;236.00;236.00;+0.00%;320.00;280.00;-12.50%;15.14%;Торцевые головки;Так;*;Ні;
CAAH0809;"Подовжувач плаваючий 1/4"" 225мм під ключ TOPTUL CAAH0809";ok;154.00;154.00;+0.00%;220.00;180.00;-18.18%;15.14%;Торцевые головки;Так;*;Ні;
CAAJ1615;"Подовжувач плаваючий 1/2"" 380мм TOPTUL CAAJ1615";ok;425.00;425.00;+0.00%;560.00;490.00;-12.50%;15.14%;Торцевые головки;Так;*;Ні;
CAAJ1624;"Подовжувач плаваючий 1/2"" 600мм TOPTUL CAAJ1624";ok;646.00;646.00;+0.00%;830.00;750.00;-9.64%;15.14%;Торцевые головки;Так;*;Ні;
CAAO2404;"Подовжувач 3/4"" 100мм TOPTUL CAAO2404";ok;316.00;316.00;+0.00%;420.00;370.00;-11.90%;15.14%;Торцевые головки;Так;*;Ні;
CAAO2408;"Подовжувач 3/4"" 200мм TOPTUL CAAO2408";ok;491.00;491.00;+0.00%;640.00;570.00;-10.94%;15.14%;Торцевые головки;Так;*;Ні;
CAAO2416;"Подовжувач 3/4"" 400мм TOPTUL CAAO2416";ok;867.00;867.00;+0.00%;1110.00;1000.00;-9.91%;15.14%;Торцевые головки;Так;*;Ні;
CAAO3208;"Подовжувач 1"" 200мм TOPTUL CAAO3208";ok;1117.00;1117.00;+0.00%;1420.00;1290.00;-9.15%;15.14%;Торцевые головки;Так;*;Ні;
CAAO3216;"Подовжувач 1"" 400мм TOPTUL CAAO3216";ok;1814.00;1814.00;+0.00%;2280.00;2090.00;-8.33%;15.14%;Торцевые головки;Так;*;Ні;
CABA2404;"Подовжувач 3/4"" 100мм (з фіксацією) TOPTUL CABA2404";ok;494.00;494.00;+0.00%;650.00;570.00;-12.31%;15.14%;Торцевые головки;Так;*;Ні;
CABA2408;"Подовжувач 3/4"" 200мм (з фіксацією) TOPTUL CABA2408";ok;658.00;658.00;+0.00%;860.00;760.00;-11.63%;15.14%;Торцевые головки;Так;*;Ні;
CABA2416;"Подовжувач 3/4"" 400мм (з фіксацією) TOPTUL CABA2416";ok;1020.00;1020.00;+0.00%;1300.00;1180.00;-9.23%;15.14%;Торцевые головки;Так;*;Ні;
CABO2404;"Подовжувач 3/4"" 100мм (з фіксацією) TOPTUL CABO2404";ok;843.00;843.00;+0.00%;1080.00;980.00;-9.26%;15.14%;Торцевые головки;Так;*;Ні;
CABO2408;"Подовжувач 3/4"" 200мм (з фіксацією) TOPTUL CABO2404";ok;1094.00;1094.00;+0.00%;1390.00;1260.00;-9.35%;15.14%;Торцевые головки;Так;*;Ні;
CABO2416;"Подовжувач 3/4"" 400мм (з фіксацією) TOPTUL CABO2416";ok;1650.00;1650.00;+0.00%;2080.00;1900.00;-8.65%;15.14%;Торцевые головки;Так;*;Ні;
CADC0840;"Коловорот 1/4"" L430mm TOPTUL CADC0840";ok;320.00;320.00;+0.00%;430.00;370.00;-13.95%;14.92%;Воротки, трещотки;Так;*;Ні;
CADC1642;"Коловорот 1/2"" TOPTUL CADC1642";ok;367.00;367.00;+0.00%;480.00;430.00;-10.42%;14.92%;Воротки, трещотки;Так;*;Ні;
CAEA0812;"Перехідник 1/4""х3/8"" TOPTUL CAEA0812";ok;49.00;49.00;+0.00%;90.00;60.00;-33.33%;15.14%;Торцевые головки;Так;*;Так;подешевшало на 33.3%
CAEA1216;"Перехідник 3/8""х1/2"" TOPTUL CAEA1216";ok;70.00;70.00;+0.00%;120.00;90.00;-25.00%;15.14%;Торцевые головки;Так;*;Так;подешевшало на 25.0%
CAEA1624;"Перехідник 1/2"" х3/4"" TOPTUL CAEA1624";ok;191.00;191.00;+0.00%;270.00;220.00;-18.52%;15.14%;Торцевые головки;Так;*;Ні;
CAEA2416;"Перехідник 3/4""x1/2"" TOPTUL CAEA2416";ok;242.00;242.00;+0.00%;330.00;280.00;-15.15%;15.14%;Торцевые головки;Так;*;Ні;
CAEB0812;"Перехідник 1/4""х3/8"" TOPTUL CAEB0812";ok;52.00;52.00;+0.00%;90.00;60.00;-33.33%;15.14%;Торцевые головки;Так;*;Так;подешевшало на 33.3%
CAEB1208;"Перехідник 3/8"" х1/4"" TOPTUL CAEB1208";ok;62.00;62.00;+0.00%;110.00;80.00;-27.27%;15.14%;Торцевые головки;Так;*;Так;подешевшало на 27.3%
CAEB1612;"Перехідник 1/2"" х3/8"" TOPTUL CAEB1612";ok;73.00;73.00;+0.00%;120.00;90.00;-25.00%;15.14%;Торцевые головки;Так;*;Так;подешевшало на 25.0%
CAEC1216;"Перехідник 3/8""х1/2"" TOPTUL CAEC1216";ok;77.00;77.00;+0.00%;120.00;90.00;-25.00%;15.14%;Торцевые головки;Так;*;Так;подешевшало на 25.0%
CAED1612;"Перехідник-подовжувач 1/2"" х3/8"" з підсвічуванням TOPTUL CAE";ok;379.00;379.00;+0.00%;500.00;440.00;-12.00%;15.14%;Торцевые головки;Так;*;Ні;
CAED1616;"Перехідник-подовжувач 1/2"" х1/2"" з підсвічуванням TOPTUL CAE";ok;379.00;379.00;+0.00%;500.00;440.00;-12.00%;15.14%;Торцевые головки;Ні;*;Так;відсутній у фіді
CAEE0820;"Магнітний накінечник 1/4"" TOPTUL CAEE0820";ok;103.00;103.00;+0.00%;160.00;120.00;-25.00%;15.14%;Торцевые головки;Так;*;Так;подешевшало на 25.0%
CAGA1208;"Перехідник 3/8""х1/4"" з отвором TOPTUL CAGA1208";ok;80.00;80.00;+0.00%;130.00;100.00;-23.08%;15.14%;Торцевые головки;Так;*;Так;подешевшало на 23.1%
CAGA1216;"Перехідник 3/8""х1/2"" з отвором TOPTUL CAGA1216";ok;116.00;116.00;+0.00%;170.00;140.00;-17.65%;15.14%;Торцевые головки;Так;*;Ні;
CAGA1612;"Перехідник 1/2"" х3/8"" з отвором TOPTUL CAGA1612";ok;110.00;110.00;+0.00%;160.00;130.00;-18.75%;15.14%;Торцевые головки;Так;*;Ні;
CAGA3232;"Перехідник 1""х1"" з отвором 34мм TOPTUL CAGA3232";ok;713.00;713.00;+0.00%;910.00;830.00;-8.79%;15.14%;Торцевые головки;Так;*;Ні;
CAHA0840;"Кардан 1/4"" TOPTUL CAHA0840";ok;118.00;118.00;+0.00%;170.00;140.00;-17.65%;15.14%;Торцевые головки;Так;*;Ні;
CAHA1254;"Кардан 3/8"" TOPTUL CAHA1254";ok;156.00;156.00;+0.00%;220.00;180.00;-18.18%;15.14%;Торцевые головки;Так;*;Ні;
CAHA1678;"Кардан 1/2"" TOPTUL CAHA1678";ok;206.00;206.00;+0.00%;280.00;240.00;-14.29%;15.14%;Торцевые головки;Так;*;Ні;
CAHA24A0;"Кардан 3/4"" TOPTUL CAHA24A0";ok;869.00;869.00;+0.00%;1110.00;1010.00;-9.01%;15.14%;Торцевые головки;Так;*;Ні;
CAHD0834;"Кардан 1/4"" посилений TOPTUL CAHD0834";ok;185.00;185.00;+0.00%;260.00;220.00;-15.38%;15.14%;Торцевые головки;Так;*;Ні;
CAHD1246;"Кардан 3/8"" посилений TOPTUL CAHD1246";ok;233.00;233.00;+0.00%;320.00;270.00;-15.62%;15.14%;Торцевые головки;Так;*;Ні;
CAHD1662;"Кардан 1/2"" посилений TOPTUL CAHD1662";ok;320.00;320.00;+0.00%;430.00;370.00;-13.95%;15.14%;Торцевые головки;Так;*;Ні;
CAIA0815;"Вороток-викрутка 1/4"" 150мм TOPTUL CAIA0815";ok;96.00;96.00;+0.00%;150.00;120.00;-20.00%;14.92%;Воротки, трещотки;Так;*;Так;подешевшало на 20.0%
CAIP0814;"Вороток-викрутка 1/4"" 135мм (гумова ручка) TOPTUL CAIP0814";ok;148.00;148.00;+0.00%;210.00;180.00;-14.29%;14.92%;Воротки, трещотки;Так;*;Ні;
CAIP0816;"Вороток-викрутка 1/4"" 150мм (гумова ручка) TOPTUL CAIP0816";ok;139.00;139.00;+0.00%;200.00;160.00;-20.00%;14.92%;Воротки, трещотки;Так;*;Так;подешевшало на 20.0%
CAKA1924;Магнітний перехідник 1/4х1/2х19мм TOPTUL CAKA1924;ok;160.00;160.00;+0.00%;230.00;190.00;-17.39%;15.14%;Торцевые головки;Ні;*;Так;відсутній у фіді
CAKA1934;Магнітний перехідник 3/8х1/2х19мм TOPTUL CAKA1934;ok;169.00;169.00;+0.00%;240.00;200.00;-16.67%;15.14%;Торцевые головки;Так;*;Ні;
CANA0810;"Тримач торцевих головок (вставка в ключ) 1/4""х10мм TOPTUL CA";ok;147.00;147.00;+0.00%;210.00;170.00;-19.05%;15.14%;Торцевые головки;Так;*;Ні;
CANA1213;"Утримувач торцевих головок (вставка в ключ) 3/8"" х13мм TOPTU";ok;172.00;172.00;+0.00%;240.00;200.00;-16.67%;15.14%;Торцевые головки;Так;*;Ні;
CANA1619;"Тримач торцевих головок (вставка в ключ) 1/2"" х19мм TOPTUL C";ok;209.00;209.00;+0.00%;290.00;250.00;-13.79%;15.14%;Торцевые головки;Так;*;Ні;
CAQA1255;"Тріскачка торцева 3/8"" TOPTUL CAQA1255";ok;735.00;735.00;+0.00%;940.00;850.00;-9.57%;14.92%;Воротки, трещотки;Ні;*;Так;відсутній у фіді
CAQA1660;"Тріскачка торцева 1/2"" TOPTUL CAQA1660";ok;738.00;738.00;+0.00%;950.00;850.00;-10.53%;14.92%;Воротки, трещотки;Ні;*;Так;відсутній у фіді
CASA0806;"Гнучкий подовжувач 1/4"" L150mm TOPTUL CASA0806";ok;77.00;77.00;+0.00%;120.00;90.00;-25.00%;15.14%;Торцевые головки;Так;*;Так;подешевшало на 25.0%
CASA0818;"Гнучкий подовжувач 1/4"" L460mm TOPTUL CASA0818";ok;204.00;204.00;+0.00%;280.00;240.00;-14.29%;15.14%;Торцевые головки;Так;*;Ні;
CASP0829;"Рукоятка з гнучким валом 1/4"" TOPTUL CASP0829";ok;216.00;216.00;+0.00%;300.00;250.00;-16.67%;14.92%;Воротки, трещотки;Так;*;Ні;
CAT-501S;Установка для обслуговування АКПП LAUNCH CAT-501S;ok;101200.00;101200.00;+0.00%;125750.00;115310.00;-8.30%;13.94%;Оборудование для замены масел и смазок;Так;*;Ні;
CAUA0808;"Тріскачка-бітотримач 1/4"" міні TOPTUL CAUA0808";ok;345.00;345.00;+0.00%;460.00;400.00;-13.04%;14.92%;Воротки, трещотки;Так;*;Ні;
CAUB0826;"Тріскачка міні 1/4"" дискова 52 зубці TOPTUL CAUB0826";ok;411.00;411.00;+0.00%;540.00;480.00;-11.11%;14.92%;Воротки, трещотки;Так;*;Ні;
CAUB1229;"Тріскачка міні 3/8"" дискова 52 зубці TOPTUL CAUB1229";ok;422.00;422.00;+0.00%;550.00;490.00;-10.91%;14.92%;Воротки, трещотки;Так;*;Ні;
CAUB1633;"Тріскачка міні 1/2"" дискова 52 зубці TOPTUL CAUB1633";ok;444.00;444.00;+0.00%;580.00;520.00;-10.34%;14.92%;Воротки, трещотки;Так;*;Ні;
CB460XB;Балансувальний стенд BRIGHT CB460B для вантажних і легкових ;ok;117700.00;117700.00;+0.00%;146250.00;135050.00;-7.66%;14.74%;Балансировочные станки;Так;*;Ні;
CB66 220V;Балансувальний стенд BRIGHT CB66;ok;63096.00;63096.00;+0.00%;78420.00;72400.00;-7.68%;14.74%;Балансировочные станки;Так;*;Ні;
CB67 220V;Балансувальний стенд BRIGHT CB67;ok;77660.00;77660.00;+0.00%;96510.00;89110.00;-7.67%;14.74%;Балансировочные станки;Так;*;Ні;
CB68 220V;Балансувальний стенд автомат BRIGHT CB68 220V;ok;89452.00;89452.00;+0.00%;111160.00;102640.00;-7.66%;14.74%;Балансировочные станки;Так;*;Ні;
CB75P;Балансувальний стенд автомат з LCD дисплеєм BRIGHT CB75P;ok;112992.00;112992.00;+0.00%;140400.00;129650.00;-7.66%;14.74%;Балансировочные станки;Так;*;Ні;
CB910GBS 220V;Балансувальний стенд BRIGHT CB910GBS (вал d40);ok;43340.00;43340.00;+0.00%;53870.00;49730.00;-7.69%;14.74%;Балансировочные станки;Так;*;Ні;
CB953B 220V;Балансувальний стенд BRIGHT CB953B 220V (TK953 220V);ok;56496.00;56496.00;+0.00%;70220.00;64830.00;-7.68%;14.74%;Балансировочные станки;Так;*;Ні;
CCR0240;Кабелеріз 240мм СТАНДАРТ;ok;161.00;161.00;+0.00%;230.00;190.00;-17.39%;13.55%;Секторные ножницы, тросорезы;Так;*;Ні;
CDIR1701;Зенкер для CDI форсунок (ХЗСО) ШАРФОРС CDIR1701;ok;972.00;972.00;+0.00%;1240.00;1120.00;-9.68%;15.00%;default;Так;*;Ні;
CDRT0601;Знімач форсунок CDI з витяжним шпинделем (MB-Sprinter Vito) ;ok;1687.00;1687.00;+0.00%;2120.00;1940.00;-8.49%;14.60%;Механические съемники;Так;*;Ні;
CEAD1618;"Вороток з шарніром 1/2"" з тріскачкою TOPTUL CEAD1618";ok;1341.00;1341.00;+0.00%;1690.00;1550.00;-8.28%;14.92%;Воротки, трещотки;Так;*;Ні;
CFAC0806;"Вороток з шарніром 1/4"" 140мм TOPTUL CFAC0806";ok;190.00;190.00;+0.00%;260.00;220.00;-15.38%;14.92%;Воротки, трещотки;Так;*;Ні;
CFAC1210;"Вороток з шарніром 3/8"" 250мм TOPTUL CFAC1210";ok;288.00;288.00;+0.00%;390.00;340.00;-12.82%;14.92%;Воротки, трещотки;Так;*;Ні;
CFAC1610;"Вороток з шарніром 1/2"" 250мм TOPTUL CFAC1610";ok;371.00;371.00;+0.00%;490.00;430.00;-12.24%;14.92%;Воротки, трещотки;Так;*;Ні;
CFAC1615;"Вороток с шарніром 1/2"" 380мм TOPTUL CFAC1615";ok;476.00;476.00;+0.00%;620.00;550.00;-11.29%;14.92%;Воротки, трещотки;Так;*;Ні;
CFAC1618;"Вороток з шарніром 1/2"" 450мм TOPTUL CFAC1618";ok;786.00;786.00;+0.00%;1000.00;910.00;-9.00%;14.92%;Воротки, трещотки;Так;*;Ні;
CFAC1624;"Вороток з шарніром 1/2"" 600мм TOPTUL CFAC1624";ok;902.00;902.00;+0.00%;1150.00;1040.00;-9.57%;14.92%;Воротки, трещотки;Так;*;Ні;
CFAC2418;"Вороток 3/4"" з шарніром 460мм TOPTUL CFAC2418";ok;1213.00;1213.00;+0.00%;1540.00;1400.00;-9.09%;14.92%;Воротки, трещотки;Так;*;Ні;
CFAC2424;"Вороток 3/4"" з шарніром 600мм TOPTUL CFAC2424";ok;1478.00;1478.00;+0.00%;1860.00;1700.00;-8.60%;14.92%;Воротки, трещотки;Так;*;Ні;
CFAE0806;"Вороток з шарніром 1/4"" 150мм TOPTUL CFAE0806";ok;183.00;183.00;+0.00%;260.00;220.00;-15.38%;14.92%;Воротки, трещотки;Так;*;Ні;
CFAE1615;"Вороток з шарніром 1/2"" 380мм TOPTUL CFAE1615";ok;486.00;486.00;+0.00%;630.00;560.00;-11.11%;14.92%;Воротки, трещотки;Так;*;Ні;
CFAG3;Цанговий захват для зачисної машинки 3мм AIRKRAFT CFAG3;ok;51.00;51.00;+0.00%;90.00;60.00;-33.33%;15.00%;default;Так;*;Так;подешевшало на 33.3%
CFAG6;Цанговий захват для зачисної машинки 6мм AIRKRAFT CFAG6;ok;51.00;51.00;+0.00%;90.00;60.00;-33.33%;15.00%;default;Так;*;Так;подешевшало на 33.3%
CFBC1618;"Вороток з шарніром силовий 1/2"" 450мм TOPTUL CFBC1618";ok;953.00;953.00;+0.00%;1210.00;1100.00;-9.09%;14.92%;Воротки, трещотки;Так;*;Ні;
CFBC1624;"Вороток з шарніром силовий 1/2"" 600мм TOPTUL CFBC1624";ok;1099.00;1099.00;+0.00%;1390.00;1270.00;-8.63%;14.92%;Воротки, трещотки;Так;*;Ні;
CFBC1630;"Вороток з шарніром силовий 1/2"" 760мм TOPTUL CFBC1630";ok;1252.00;1252.00;+0.00%;1580.00;1440.00;-8.86%;14.92%;Воротки, трещотки;Так;*;Ні;
CFBC2440;"Вороток з шарніром силовий 3/4"" 1000мм TOPTUL CFBC2440";ok;3576.00;3576.00;+0.00%;4470.00;4110.00;-8.05%;14.92%;Воротки, трещотки;Так;*;Ні;
CFBC3240;"Вороток з шарніром силовий 1"" 1000мм TOPTUL CFBC3240";ok;3663.00;3663.00;+0.00%;4580.00;4210.00;-8.08%;14.92%;Воротки, трещотки;Так;*;Ні;
CFJB2419;"Вороток 3/4"" з шарніром (з фіксацією) TOPTUL CFJB2419";ok;1377.00;1377.00;+0.00%;1740.00;1590.00;-8.62%;14.92%;Воротки, трещотки;Так;*;Ні;
CFKA1615;"Вороток з шарніром 1/2"" L380мм з гумовою ручкою TOPTUL CFKA1";ok;599.00;599.00;+0.00%;770.00;690.00;-10.39%;14.92%;Воротки, трещотки;Так;*;Ні;
CFKA1618;"Вороток з шарніром 1/2"" L460мм з гумовою ручкою TOPTUL CFKA1";ok;808.00;808.00;+0.00%;1030.00;930.00;-9.71%;14.92%;Воротки, трещотки;Так;*;Ні;
CFKA1624;"Вороток з шарніром 1/2"" L600мм з гумовою ручкою TOPTUL CFKA1";ok;949.00;949.00;+0.00%;1210.00;1100.00;-9.09%;14.92%;Воротки, трещотки;Так;*;Ні;
CHAG0813;"Тріскачка 1/4"" 36 зубців (металева ручка) TOPTUL CHAG0813";ok;430.00;430.00;+0.00%;560.00;500.00;-10.71%;14.92%;Воротки, трещотки;Так;*;Ні;
CHAG1218;"Тріскачка 3/8"" 36 зубців (металева ручка) TOPTUL CHAG1218";ok;540.00;540.00;+0.00%;700.00;630.00;-10.00%;14.92%;Воротки, трещотки;Так;*;Ні;
CHAG1626;"Тріскачка 1/2"" 36 зубців (металева ручка) TOPTUL CHAG1626";ok;745.00;745.00;+0.00%;950.00;860.00;-9.47%;14.92%;Воротки, трещотки;Так;*;Ні;
CHAG1636;"Тріскачка 1/2"" 36 зубців під телескопічний подовжувач TOPTUL";ok;867.00;867.00;+0.00%;1110.00;1000.00;-9.91%;14.92%;Воротки, трещотки;Так;*;Ні;
CHAM0813;"Тріскачка 1/4"" 72 зубці (металева ручка) TOPTUL CHAM0813";ok;589.00;589.00;+0.00%;760.00;680.00;-10.53%;14.92%;Воротки, трещотки;Так;*;Ні;
CHAM1625;"Тріскачка 1/2"" 72 зубці (металева ручка) TOPTUL CHAM1625";ok;841.00;841.00;+0.00%;1070.00;970.00;-9.35%;14.92%;Воротки, трещотки;Так;*;Ні;
CHBW0107;Ключ для підтяжки головки ВАЗ 2101-2107 S19 (ХЗСО) КПГОЛ19Кр;ok;521.00;521.00;+0.00%;680.00;600.00;-11.76%;14.60%;Механические съемники;Ні;*;Так;відсутній у фіді
CHDI0809;"Тріскачка 1/4"" 45 зубців укорочена (мет ручка) TOPTUL CHDI08";ok;595.00;595.00;+0.00%;770.00;690.00;-10.39%;14.92%;Воротки, трещотки;Так;*;Ні;
CHDI1211;"Тріскачка 3/8"" 45 зубців укорочена (мет ручка) TOPTUL CHDI12";ok;663.00;663.00;+0.00%;850.00;770.00;-9.41%;14.92%;Воротки, трещотки;Так;*;Ні;
CHDI1613;"Тріскачка 1/2"" 45 зубців 110мм укорочена TOPTUL CHDI1613";ok;792.00;792.00;+0.00%;1010.00;920.00;-8.91%;14.92%;Воротки, трещотки;Так;*;Ні;
CHDU0801;"Тріскачка 1/4"" міні 60 зубців швидкий диск TOPTUL CHDU0801";ok;491.00;491.00;+0.00%;640.00;570.00;-10.94%;14.92%;Воротки, трещотки;Так;*;Ні;
CHDV0801;"Тріскачка-бітотримач 1/4"" міні 60 зубців швидкий диск TOPTUL";ok;470.00;470.00;+0.00%;610.00;550.00;-9.84%;14.92%;Воротки, трещотки;Так;*;Ні;
CHES2408;"Тріскачка 3/4"" 500-800мм TOPTUL CHES2408";ok;3342.00;3342.00;+0.00%;4180.00;3850.00;-7.89%;14.92%;Воротки, трещотки;Так;*;Ні;
CHES3208;"Тріскачка 1"" 500-800мм TOPTUL CHES3208";ok;4193.00;4193.00;+0.00%;5240.00;4820.00;-8.02%;14.92%;Воротки, трещотки;Так;*;Ні;
CHEV0811;"Тріскачка 1/4"" міні 60 зубців з шарніром (вик з FTDF0810) TO";ok;862.00;862.00;+0.00%;1100.00;1000.00;-9.09%;14.92%;Воротки, трещотки;Так;*;Ні;
CHF0450;Молоток столярний 450г ручка з фібергласу СТАНДАРТ;ok;245.00;245.00;+0.00%;330.00;280.00;-15.15%;13.55%;Молотки, кувалды, киянки;Так;*;Ні;
CHFS2451;"Тріскачка 3/4"" 43 зубці 500мм TOPTUL CHFS2451";ok;1853.00;1853.00;+0.00%;2330.00;2130.00;-8.58%;14.92%;Воротки, трещотки;Так;*;Ні;
CHHW2451;"Тріскачка 3/4"" 120 зубців 510мм TOPTUL CHHW2451";ok;4462.00;4462.00;+0.00%;5570.00;5130.00;-7.90%;14.92%;Воротки, трещотки;Так;*;Ні;
CHJM0815;"Тріскачка 1/4"" 72 зубці 145мм коловий перемикач TOPTUL CHJM0";ok;841.00;841.00;+0.00%;1070.00;970.00;-9.35%;14.92%;Воротки, трещотки;Так;*;Ні;
CHJM1625;"Тріскачка 1/2"" 72 зубці 250мм круговий перемикач TOPTUL CHJM";ok;1159.00;1159.00;+0.00%;1470.00;1340.00;-8.84%;14.92%;Воротки, трещотки;Так;*;Ні;
CHKX0810;"Тріскачка 1/4"" з шарніром (360°) 90 зубців міні TOPTUL CHKX0";ok;553.00;553.00;+0.00%;720.00;640.00;-11.11%;14.92%;Воротки, трещотки;Так;*;Ні;
CHNC2420;"Тріскачка 3/4"" 24 зубці 500мм TOPTUL CHNC2420";ok;2362.00;2362.00;+0.00%;2960.00;2720.00;-8.11%;14.92%;Воротки, трещотки;Так;*;Ні;
CHNC3232;"Тріскачка 1"" 24 зубці 820мм TOPTUL CHNC3232";ok;5448.00;5448.00;+0.00%;6800.00;6270.00;-7.79%;14.92%;Воротки, трещотки;Так;*;Ні;
CHND3226;"Тріскачка 1"" 24 зубці 660мм TOPTUL CHND3226";ok;3400.00;3400.00;+0.00%;4250.00;3910.00;-8.00%;14.92%;Воротки, трещотки;Так;*;Ні;
CHUG0812;"Тріскачка 1/4"" 36 зубців (металева ручка) TOPTUL CHUG0812";ok;430.00;430.00;+0.00%;560.00;500.00;-10.71%;14.92%;Воротки, трещотки;Так;*;Ні;
CHUG1626;"Тріскачка 1/2"" 36 зубців (металева ручка) TOPTUL CHUG1626";ok;745.00;745.00;+0.00%;950.00;860.00;-9.47%;14.92%;Воротки, трещотки;Так;*;Ні;
CHWM2451;"Тріскачка 3/4"" 72 зубці TOPTUL CHWM2451";ok;3633.00;3633.00;+0.00%;4540.00;4180.00;-7.93%;14.92%;Воротки, трещотки;Так;*;Ні;
CJBC1627;"Тріскачка 1/2"" 24 зубці (гумова ручка) TOPTUL CJBC1627";ok;697.00;697.00;+0.00%;890.00;810.00;-8.99%;14.92%;Воротки, трещотки;Так;*;Ні;
CJBG0815;"Тріскачка 1/4"" 36 зубців (гумова ручка) TOPTUL CJBG0815";ok;473.00;473.00;+0.00%;620.00;550.00;-11.29%;14.92%;Воротки, трещотки;Так;*;Ні;
CJBG1220;"Тріскачка 3/8"" 36 зубців (гумова ручка) TOPTUL CJBG1220";ok;594.00;594.00;+0.00%;770.00;690.00;-10.39%;14.92%;Воротки, трещотки;Так;*;Ні;
CJBG1627;"Тріскачка 1/2"" 36 зубців (гумова ручка) TOPTUL CJBG1627";ok;775.00;775.00;+0.00%;990.00;900.00;-9.09%;14.92%;Воротки, трещотки;Так;*;Ні;
CJBM0815;"Тріскачка 1/4"" 72 зубці (флажк перемикач) TOPTUL CJBM0815";ok;925.00;925.00;+0.00%;1180.00;1070.00;-9.32%;14.92%;Воротки, трещотки;Так;*;Ні;
CJBM1627;"Тріскачка 1/2"" 72 зубці (флажк перемикач) TOPTUL CJBM1627";ok;1182.00;1182.00;+0.00%;1500.00;1360.00;-9.33%;14.92%;Воротки, трещотки;Так;*;Ні;
CJBT0816;"Тріскачка 1/4"" фрикційна TOPTUL CJBT0816";ok;1407.00;1407.00;+0.00%;1780.00;1620.00;-8.99%;14.92%;Воротки, трещотки;Так;*;Ні;
CJBT1220;"Тріскачка 3/8"" фрикційна TOPTUL CJBT1220";ok;1690.00;1690.00;+0.00%;2130.00;1950.00;-8.45%;14.92%;Воротки, трещотки;Так;*;Ні;
CJBT1627;"Тріскачка 1/2"" фрикційна TOPTUL CJBT1627";ok;2082.00;2082.00;+0.00%;2610.00;2400.00;-8.05%;14.92%;Воротки, трещотки;Так;*;Ні;
CJCK0819;"Тріскачка 1/4"" 48 зубців (супердовга) TOPTUL CJCK0819";ok;819.00;819.00;+0.00%;1050.00;950.00;-9.52%;14.92%;Воротки, трещотки;Так;*;Ні;
CJCK1640;"Тріскачка 1/2"" 48 зубців супердовга TOPTUL CJCK1640";ok;1191.00;1191.00;+0.00%;1510.00;1370.00;-9.27%;14.92%;Воротки, трещотки;Так;*;Ні;
CJDI0812;"Тріскачка 1/4"" 45 зубців (укорочена) TOPTUL CJDI0812";ok;633.00;633.00;+0.00%;810.00;730.00;-9.88%;14.92%;Воротки, трещотки;Так;*;Ні;
CJEK0819;"Тріскачка 1/4"" з поворотною головкою 48 зубців TOPTUL CJEK08";ok;1321.00;1321.00;+0.00%;1670.00;1520.00;-8.98%;14.92%;Воротки, трещотки;Ні;*;Так;відсутній у фіді
CJEK1225;"Тріскачка 3/8"" з поворотною головкою 48 зубців TOPTUL CJEK12";ok;1386.00;1386.00;+0.00%;1750.00;1600.00;-8.57%;14.92%;Воротки, трещотки;Ні;*;Так;відсутній у фіді
CJEK1633;"Тріскачка 1/2"" 48 зубців з поворотною головкою TOPTUL CJEK16";ok;1701.00;1701.00;+0.00%;2140.00;1960.00;-8.41%;14.92%;Воротки, трещотки;Ні;*;Так;відсутній у фіді
CJFM0815;"Тріскачка 1/4"" 72 зубці 145мм круговий перемикач TOPTUL CJFM";ok;498.00;498.00;+0.00%;650.00;580.00;-10.77%;14.92%;Воротки, трещотки;Так;*;Ні;
CJFM1220;"Тріскачка 3/8"" 72 зубці 200мм круговий перемикач TOPTUL CJFM";ok;638.00;638.00;+0.00%;820.00;740.00;-9.76%;14.92%;Воротки, трещотки;Так;*;Ні;
CJFM1627;"Тріскачка 1/2"" 72 зубці 265мм круговий перемикач TOPTUL CJFM";ok;828.00;828.00;+0.00%;1060.00;960.00;-9.43%;14.92%;Воротки, трещотки;Так;*;Ні;
CJHM1631;"Тріскачка 1/2"" з шарніром 72 зубці TOPTUL CJHM1631";ok;1471.00;1471.00;+0.00%;1860.00;1700.00;-8.60%;14.92%;Воротки, трещотки;Так;*;Ні;
CJKN0818;"Тріскачка 1/4"" з шарніром 72 зубці супердовга TOPTUL CJKN081";ok;517.00;517.00;+0.00%;670.00;600.00;-10.45%;14.92%;Воротки, трещотки;Так;*;Ні;
CJKN1643;"Тріскачка 1/2"" з шарніром 72 зубці супердовга TOPTUL CJKN164";ok;1215.00;1215.00;+0.00%;1540.00;1400.00;-9.09%;14.92%;Воротки, трещотки;Так;*;Ні;
CJLN0816;"Тріскачка 1/4"" з шарніром (360°) 72 зубці (гумручка) TOPTUL ";ok;845.00;845.00;+0.00%;1080.00;980.00;-9.26%;14.92%;Воротки, трещотки;Так;*;Ні;
CJLN1224;"Тріскачка 3/8"" з шарніром (360°) 72 зубці (резручка) TOPTUL ";ok;1076.00;1076.00;+0.00%;1370.00;1240.00;-9.49%;14.92%;Воротки, трещотки;Так;*;Ні;
CJLN1632;"Тріскачка 1/2"" з шарніром (360°) 72 зубці (гум ручка) TOPTUL";ok;1294.00;1294.00;+0.00%;1640.00;1490.00;-9.15%;14.92%;Воротки, трещотки;Так;*;Ні;
CJMM1616;"Тріскачка 1/2"" з шарніром (360°) 72 з укорочена 1/4"" х1/2"" T";ok;1220.00;1220.00;+0.00%;1540.00;1410.00;-8.44%;14.92%;Воротки, трещотки;Так;*;Ні;
CJNM1616;"Тріскачка 1/2"" з шарніром (360°) 72 зубці укорочена TOPTUL C";ok;1099.00;1099.00;+0.00%;1390.00;1270.00;-8.63%;14.92%;Воротки, трещотки;Так;*;Ні;
CJOM1216;"Тріскачка 3/8"" + тримач біт з шарніром (360°) 72 з TOPTUL CJ";ok;1255.00;1255.00;+0.00%;1590.00;1450.00;-8.81%;14.92%;Воротки, трещотки;Так;*;Ні;
CJPI1627;"Тріскачка 1/2"" 45 зубців TOPTUL CJPI1627";ok;918.00;918.00;+0.00%;1170.00;1060.00;-9.40%;14.92%;Воротки, трещотки;Так;*;Ні;
CJTV0818;"Тріскачка 1/4"" ротаційна з переставним квадратом 60 зубців T";ok;1549.00;1549.00;+0.00%;1950.00;1790.00;-8.21%;14.92%;Воротки, трещотки;Так;*;Ні;
CJTV1224;"Тріскачка 3/8"" ротаційна з переставним квадратом 60 зубців T";ok;1694.00;1694.00;+0.00%;2130.00;1950.00;-8.45%;14.92%;Воротки, трещотки;Так;*;Ні;
CJTV1629;"Тріскачка 1/2"" ротаційна з переставним квадратом 60 зубців T";ok;1916.00;1916.00;+0.00%;2410.00;2210.00;-8.30%;14.92%;Воротки, трещотки;Так;*;Ні;
CK-AT-4031B;Ключ для затиску патрона дриля пневматичного 3/8 (для AT-403;ok;18.00;18.00;+0.00%;160.00;40.00;-75.00%;14.33%;Комплектующие и запчасти для инструмента;Так;*;Так;подешевшало на 75.0%
CK-AT-4041B;Ключ для затиску патрона дриля пневматичного 1/2 (для AT-404;ok;18.00;18.00;+0.00%;50.00;40.00;-20.00%;14.33%;Комплектующие и запчасти для инструмента;Так;*;Так;подешевшало на 20.0%
CKA0318;Ніж універсальний з автоматичною зміною лез 3 леза СТАНДАРТ ;ok;84.00;84.00;+0.00%;130.00;100.00;-23.08%;15.00%;default;Так;*;Так;подешевшало на 23.1%
CKE0101;Ніж універсальний СТАНДАРТ CKE0101;ok;17.00;17.00;+0.00%;50.00;40.00;-20.00%;15.00%;default;Так;*;Так;подешевшало на 20.0%
CKK0118;Ніж універсальний 18мм з металевою напрямною СТАНДАРТ CKK011;ok;48.00;48.00;+0.00%;90.00;60.00;-33.33%;15.00%;default;Так;*;Так;подешевшало на 33.3%
CLAA1212;Ремкомплект к CFAC1208 CFAC1210 CFKA1208 CFKA1210 CFAE1210 T;ok;179.00;179.00;+0.00%;250.00;210.00;-16.00%;14.92%;Воротки, трещотки;Так;*;Ні;
CLAA1616;"Ремкомплект до воротків з шарніром 1/2"" CFAC1610 CFAC1615 CF";ok;233.00;233.00;+0.00%;320.00;270.00;-15.62%;14.92%;Воротки, трещотки;Так;*;Ні;
CLAA2424;"Ремкомплект до воротків з шарніром 3/4"" CFAC2418 CFAC2424 TO";ok;390.00;390.00;+0.00%;510.00;450.00;-11.76%;14.92%;Воротки, трещотки;Так;*;Ні;
CLAC1616;"Ремкомплект до воротків з шарніром силовим 1/2"" TOPTUL CLAC1";ok;554.00;554.00;+0.00%;720.00;640.00;-11.11%;14.92%;Воротки, трещотки;Так;*;Ні;
CLAE1616;Ремкомплект до воротків CFAC1618 CFAC1624 CFKA1618 CFKA1624 ;ok;320.00;320.00;+0.00%;430.00;370.00;-13.95%;14.92%;Воротки, трещотки;Так;*;Ні;
CLBA0808;Ремкомплект до CJPI0815 CJDI0812 CHDI0809 TOPTUL CLBA0808;ok;531.00;531.00;+0.00%;690.00;620.00;-10.14%;14.92%;Воротки, трещотки;Ні;*;Так;відсутній у фіді
CLBA1616;Ремкомплект до CJPI1627 CJDI1628 TOPTUL CLBA1616;ok;625.00;625.00;+0.00%;800.00;720.00;-10.00%;14.92%;Воротки, трещотки;Так;*;Ні;
CLBB1616;Ремкомплект до CJCK1640 TOPTUL CLBB1616;ok;669.00;669.00;+0.00%;860.00;770.00;-10.47%;14.92%;Воротки, трещотки;Так;*;Ні;
CLBC0808;Ремкомплект до CJBM0815 CJHM0814 TOPTUL CLBC0808;ok;551.00;551.00;+0.00%;710.00;640.00;-9.86%;14.92%;Воротки, трещотки;Так;*;Ні;
CLBC1616;Ремкомплект к CJHM1631 CJHM1645 CJBM1627 TOPTUL CLBC1616;ok;755.00;755.00;+0.00%;970.00;870.00;-10.31%;14.92%;Воротки, трещотки;Так;*;Ні;
CLBC2424;"Ремкомплект до тріскачки 3/4"" CHNC2420 TOPTUL CLBC2424";ok;1520.00;1520.00;+0.00%;1920.00;1750.00;-8.85%;14.92%;Воротки, трещотки;Так;*;Ні;
CLBC3232;"Ремкомплект до тріскачки 1"" CHNC3232 TOPTUL CLBC3232";ok;1437.00;1437.00;+0.00%;1810.00;1660.00;-8.29%;14.92%;Воротки, трещотки;Так;*;Ні;
CLBD0808;Ремкомплект к CJLN0816 CYAN0815 CJKN0818 TOPTUL CLBD0808;ok;355.00;355.00;+0.00%;470.00;410.00;-12.77%;14.92%;Воротки, трещотки;Так;*;Ні;
CLBD1212;Ремкомплект до CJLN1224 CYAN1222 CJKN1224 CJNM1216 TOPTUL CL;ok;482.00;482.00;+0.00%;630.00;560.00;-11.11%;14.92%;Воротки, трещотки;Так;*;Ні;
CLBD1616;Ремкомплект до CJLN1632 CYAN1629 CJKN1643 CJNM1616 TOPTUL CL;ok;551.00;551.00;+0.00%;710.00;640.00;-9.86%;14.92%;Воротки, трещотки;Так;*;Ні;
CLBG0808;Ремкомплект до CHAG0813 CJBG0815 TOPTUL CLBG0808;ok;293.00;293.00;+0.00%;390.00;340.00;-12.82%;14.92%;Воротки, трещотки;Так;*;Ні;
CLBG1212;Ремкомплект до CHAG1218 CJBG1220 TOPTUL CLBG1212;ok;364.00;364.00;+0.00%;480.00;420.00;-12.50%;14.92%;Воротки, трещотки;Так;*;Ні;
CLBG1616;Ремкомплект до CHAG1626 CJBG1627 TOPTUL CLBG1616;ok;473.00;473.00;+0.00%;620.00;550.00;-11.29%;14.92%;Воротки, трещотки;Так;*;Ні;
CLBH2424;"Ремкомплект до тріскачки 3/4"" CHES2408 TOPTUL CLBH2424";ok;1398.00;1398.00;+0.00%;1770.00;1610.00;-9.04%;14.92%;Воротки, трещотки;Так;*;Ні;
CLBH3232;"Ремкомплект до тріскачки 1"" CHES3208 TOPTUL CLBH3232";ok;1994.00;1994.00;+0.00%;2510.00;2300.00;-8.37%;14.92%;Воротки, трещотки;Так;*;Ні;
CLBJ0808;"Ремкомплект до тріскачки 1/4"" CHAM0813 CJRM0815 TOPTUL CLBJ0";ok;510.00;510.00;+0.00%;660.00;590.00;-10.61%;14.92%;Воротки, трещотки;Так;*;Ні;
CLBJ1212;"Ремкомплект до тріскачки 3/8"" CHAM1220 CJRM1220 TOPTUL CLBJ1";ok;618.00;618.00;+0.00%;800.00;720.00;-10.00%;14.92%;Воротки, трещотки;Так;*;Ні;
CLBJ1616;"Ремкомплект до тріскачки 1/2"" CHAM1625 CJRM1626 CMRM1627 TOP";ok;720.00;720.00;+0.00%;920.00;830.00;-9.78%;14.92%;Воротки, трещотки;Так;*;Ні;
CLBN0808;"Ремкомплект до тріскачки 1/4"" CJFM0815 TOPTUL CLBN0808";ok;301.00;301.00;+0.00%;400.00;350.00;-12.50%;14.92%;Воротки, трещотки;Так;*;Ні;
CLBN1212;"Ремкомплект до тріскачки 3/8"" CJFM1220 TOPTUL CLBN1212";ok;363.00;363.00;+0.00%;480.00;420.00;-12.50%;14.92%;Воротки, трещотки;Так;*;Ні;
CLBN1616;"Ремкомплект до тріскачки 1/2"" CJFM1627 TOPTUL CLBN1616";ok;464.00;464.00;+0.00%;600.00;540.00;-10.00%;14.92%;Воротки, трещотки;Так;*;Ні;
CLDA0101;Направляюча диска зчеплення (ХЗСО) НАПРДС CLDA0101;ok;202.00;202.00;+0.00%;280.00;240.00;-14.29%;15.00%;default;Ні;*;Так;відсутній у фіді
CLDA2424;"Ремкомплект до тріскачки 3/4"" CHWM2451 TOPTUL CLDA2424";ok;1943.00;1943.00;+0.00%;2440.00;2240.00;-8.20%;14.92%;Воротки, трещотки;Так;*;Ні;
CMBG1627;"Тріскачка 1/2"" 36 зубців (гумова ручка) TOPTUL CMBG1627";ok;786.00;786.00;+0.00%;1000.00;910.00;-9.00%;14.92%;Воротки, трещотки;Так;*;Ні;
CMPR1601;Компресометр 16атм (ХЗСО) КОМПР16 CMPR1601;ok;472.00;472.00;+0.00%;610.00;550.00;-9.84%;15.12%;Компрессометры и масломеры автомобильные;Так;*;Ні;
CMPR1602;Компресометр 16атм подовжений (Газель 406дв) (ХЗСО) КОМПР16Г;ok;517.00;517.00;+0.00%;670.00;600.00;-10.45%;15.12%;Компрессометры и масломеры автомобильные;Ні;*;Так;відсутній у фіді
CMPR1603;Компресометр 16атм подовжений з ручкою (ХЗСО) КОМПР16РУЧ CMP;ok;701.00;701.00;+0.00%;900.00;810.00;-10.00%;15.12%;Компрессометры и масломеры автомобильные;Ні;*;Так;відсутній у фіді
CMPR1604;Компресометр 16атм для скутерів (ХЗСО) КОМПР16СКТ CMPR1604;ok;701.00;701.00;+0.00%;900.00;810.00;-10.00%;15.12%;Компрессометры и масломеры автомобильные;Так;*;Ні;
CMPR1605;Компресометр 16атм подовжений з клапаном (ХЗСО) КОМПР16УНКЛ ;ok;887.00;887.00;+0.00%;1130.00;1030.00;-8.85%;15.12%;Компрессометры и масломеры автомобильные;Так;*;Ні;
CMPR4001;Компресометр 40атм з ручкою (ХЗСО) КОМПР40РУЧ CMPR4001;ok;975.00;975.00;+0.00%;1240.00;1130.00;-8.87%;15.12%;Компрессометры и масломеры автомобильные;Так;*;Ні;
CMPR4002;Компресометр дизель+бензин з гнучким шлангом (ХЗСО) КОМПР40Ш;ok;1404.00;1404.00;+0.00%;1770.00;1620.00;-8.47%;15.12%;Компрессометры и масломеры автомобильные;Так;*;Ні;
CN45N;"Цвяхозабивний пістолет пневматичний (19-45; магазин 120 цвях";ok;8675.00;8675.00;+0.00%;10810.00;9600.00;-11.19%;10.63%;Пневматические степлеры;Так;*;Ні;
CNC-402A;Стенд для діагностики і чистки форсунок CNC-402A;ok;31680.00;31680.00;+0.00%;39390.00;36440.00;-7.49%;15.00%;default;Так;*;Ні;
CNC-601A;Стенд для діагностики і чистки форсунок CNC-601A;ok;57200.00;57200.00;+0.00%;71090.00;65780.00;-7.47%;15.00%;default;Так;*;Ні;
CNC-602A;Стенд для діагностики і чистки форсунок CNC-602A;ok;34320.00;34320.00;+0.00%;42670.00;39470.00;-7.50%;15.00%;default;Так;*;Ні;
CNC-603A;Стенд для діагностики і чистки форсунок LAUNCH CNC-603A;ok;37400.00;37400.00;+0.00%;46490.00;43010.00;-7.49%;15.00%;default;Так;*;Ні;
CNC-605A;Стенд для діагностики і чистки форсунок (GDI EFI SFI) LAUNCH;ok;52800.00;52800.00;+0.00%;65620.00;60720.00;-7.47%;15.00%;default;Так;*;Ні;
COAI1633;Подовжувач воротка TOPTUL COAI1633;ok;576.00;576.00;+0.00%;740.00;670.00;-9.46%;15.14%;Торцевые головки;Так;*;Ні;
COAJ0814;"Викрутка-бітотримач 1/4"" x 136mm з фіксатором (під двосторон";ok;225.00;225.00;+0.00%;310.00;260.00;-16.13%;15.29%;Отвертки;Так;*;Ні;
CPEB0107;"Круглогубці для зняття стопорних кілець 7"" (розжим загнуті) ";ok;113.00;113.00;+0.00%;170.00;130.00;-23.53%;14.60%;Съемники стопорных колец;Так;*;Так;подешевшало на 23.5%
CPES0107;"Круглогубці для зняття стопорних кілець 7"" (розжим прямі) СТ";ok;113.00;113.00;+0.00%;170.00;130.00;-23.53%;14.60%;Съемники стопорных колец;Так;*;Так;подешевшало на 23.5%
CPIB0107;"Круглогубці для зняття стопорних кілець 7"" (сжим загнуті) СТ";ok;113.00;113.00;+0.00%;170.00;130.00;-23.53%;14.60%;Съемники стопорных колец;Ні;*;Так;відсутній у фіді + подешевшало на 23.5%
CPIS0107;"Круглогубці для зняття стопорних кілець 7"" (сжим прямі) СТАН";ok;113.00;113.00;+0.00%;170.00;130.00;-23.53%;14.60%;Съемники стопорных колец;Так;*;Так;подешевшало на 23.5%
CR-EXP;Борторозширювач (стаціонарний) для легкових шин (ХЗСО) СR-EX;ok;8404.00;8404.00;+0.00%;10470.00;9650.00;-7.83%;14.74%;Комплектующие для шиномонтажа;Так;*;Ні;
CR301;Автомобільний сканер Creader CR301 LAUNCH;ok;1056.00;1056.00;+0.00%;11960.00;1220.00;-89.80%;14.66%;Автомобильные диагностические сканеры;Ні;*;Так;відсутній у фіді + подешевшало на 89.8%
CR501;Автомобільний сканер Creader CR501 LAUNCH;ok;3124.00;3124.00;+0.00%;8130.00;3590.00;-55.84%;14.66%;Автомобильные диагностические сканеры;Ні;*;Так;відсутній у фіді + подешевшало на 55.8%
CR601;Автомобільний сканер Creader CR601 LAUNCH;ok;3276.00;3276.00;+0.00%;14530.00;3760.00;-74.12%;14.66%;Автомобильные диагностические сканеры;Ні;*;Так;відсутній у фіді + подешевшало на 74.1%
CRE905;Автомобільний сканер Creader ELITE CRE905 LAUNCH;ok;14520.00;14520.00;+0.00%;18070.00;16650.00;-7.86%;14.66%;Автомобильные диагностические сканеры;Ні;*;Так;відсутній у фіді
CRE916;Автомобільний сканер Creader ELITE CRE916 LAUNCH;ok;13200.00;13200.00;+0.00%;16430.00;15140.00;-7.85%;14.66%;Автомобильные диагностические сканеры;Ні;*;Так;відсутній у фіді
CRP-123;Автомобільний сканер Creader Premium CRP-123 LAUNCH;ok;9460.00;9460.00;+0.00%;13250.00;10850.00;-18.11%;14.66%;Автомобильные диагностические сканеры;Ні;*;Так;відсутній у фіді
CRP-129;Автомобільний сканер Creader Premium CRP-129 LAUNCH;ok;8800.00;8800.00;+0.00%;17330.00;10100.00;-41.72%;14.66%;Автомобильные диагностические сканеры;Ні;*;Так;відсутній у фіді + подешевшало на 41.7%
CRP-233;Автомобільний сканер Creader Professional CRP-233 LAUNCH;ok;12100.00;12100.00;+0.00%;15060.00;13880.00;-7.84%;14.66%;Автомобильные диагностические сканеры;Так;*;Ні;
CRP-239;Автомобільний сканер Creader Professional CRP-239 LAUNCH;ok;16456.00;16456.00;+0.00%;20470.00;18870.00;-7.82%;14.66%;Автомобильные диагностические сканеры;Так;*;Ні;
CRP-349;Автомобільний сканер Creader Professional CRP-349 LAUNCH;ok;29040.00;29040.00;+0.00%;36110.00;33300.00;-7.78%;14.66%;Автомобильные диагностические сканеры;Так;*;Ні;
CRT-511;Автомобільний сканер для роботи з системою TPMS CRT-511 LAUN;ok;13200.00;13200.00;+0.00%;16430.00;15140.00;-7.85%;14.66%;Автомобильные диагностические сканеры;Ні;*;Так;відсутній у фіді
CRT-711;Автомобільний сканер для роботи з системою TPMS LAUNCH CRT-7;ok;22000.00;22000.00;+0.00%;27360.00;25230.00;-7.79%;14.66%;Автомобильные диагностические сканеры;Ні;*;Так;відсутній у фіді
CS300R1;Стяжки пружин двозахватні L300 1 різьблення (ХЗСО) СТ2Х300Р1;ok;873.00;873.00;+0.00%;1110.00;1010.00;-9.01%;14.60%;Механические съемники;Ні;*;Так;відсутній у фіді
CSC2101;Стяжка пружин центральна з підшипником ВАЗ (ХЗСО) СТЦП-ВАЗ C;ok;1555.00;1555.00;+0.00%;1960.00;1790.00;-8.67%;14.60%;Механические съемники;Ні;*;Так;відсутній у фіді
CSCS025R2;Стяжки пружин двозахватні L250 2 різьблення (ХЗСО) СТ2Х250Ж ;ok;792.00;792.00;+0.00%;1010.00;910.00;-9.90%;14.60%;Механические съемники;Ні;*;Так;відсутній у фіді
CSCS030R2;Стяжки пружин двозахватні L300 2 різьблення (ХЗСО) СТ2Х300Ж ;ok;873.00;873.00;+0.00%;1110.00;1010.00;-9.01%;14.60%;Механические съемники;Ні;*;Так;відсутній у фіді
CSWF0101;"Засухарювач рульових пальців"" Москвич"" струбциною (ХЗСО) ЗРП";ok;366.00;366.00;+0.00%;480.00;430.00;-10.42%;15.00%;default;Так;*;Ні;
CSWF02HS;"Засухарювач рульових пальців"" Москвич"" будиночком (ХЗСО) ЗРП";ok;338.00;338.00;+0.00%;450.00;390.00;-13.33%;15.00%;default;Так;*;Ні;
CT-S-0200000;Допоміжне пристосування для бортировки коліс (Tyre mounting ;ok;1628.00;1628.00;+0.00%;2050.00;1870.00;-8.78%;14.74%;Комплектующие для шиномонтажа;Так;*;Ні;
CTBA0832;Ключ торцевий Т-подібний з шарнірною головкою 8мм TOPTUL CTB;ok;504.00;504.00;+0.00%;650.00;590.00;-9.23%;15.14%;Торцевые ключи;Ні;*;Так;відсутній у фіді
CTBA1032;Ключ торцевий Т-подібний з шарнірною головкою 10мм TOPTUL CT;ok;530.00;530.00;+0.00%;690.00;620.00;-10.14%;15.14%;Торцевые ключи;Так;*;Ні;
CTBA1332;Ключ торцевий Т-подібний з шарнірною головкою 13мм TOPTUL CT;ok;540.00;540.00;+0.00%;700.00;630.00;-10.00%;15.14%;Торцевые ключи;Так;*;Ні;
CTCA2446;Вороток 3/4 з плаваючою головкою 460мм TOPTUL CTCA2446;ok;846.00;846.00;+0.00%;1080.00;980.00;-9.26%;14.92%;Воротки, трещотки;Так;*;Ні;
CTCA2451;"Вороток 3/4"" з плаваючою головкою 512мм TOPTUL CTCA2451";ok;912.00;912.00;+0.00%;1160.00;1050.00;-9.48%;14.92%;Воротки, трещотки;Так;*;Ні;
CTCJ1610;"Вороток 1/2"" з плаваючою головкою 250мм з фіксацією TOPTUL C";ok;365.00;365.00;+0.00%;480.00;420.00;-12.50%;14.92%;Воротки, трещотки;Так;*;Ні;
CTCK0811;"Вороток 1/4"" з плаваючою головкою 115мм TOPTUL CTCK0811";ok;93.00;93.00;+0.00%;140.00;110.00;-21.43%;14.92%;Воротки, трещотки;Так;*;Так;подешевшало на 21.4%
CTCK1220;"Вороток 3/8"" з плаваючою головкою 200мм TOPTUL CTCK1220";ok;182.00;182.00;+0.00%;250.00;210.00;-16.00%;14.92%;Воротки, трещотки;Так;*;Ні;
CTCK1625;"Вороток 1/2"" з плаваючою головкою 250мм TOPTUL CTCK1625";ok;237.00;237.00;+0.00%;320.00;280.00;-12.50%;14.92%;Воротки, трещотки;Так;*;Ні;
CTCK1630;"Вороток 1/2"" з плаваючою головкою 300мм TOPTUL CTCK1630";ok;263.00;263.00;+0.00%;350.00;310.00;-11.43%;14.92%;Воротки, трещотки;Так;*;Ні;
CTCK3222;"Вороток 1"" з плаваючою головкою 560мм TOPTUL CTCK3222";ok;1808.00;1808.00;+0.00%;2270.00;2080.00;-8.37%;14.92%;Воротки, трещотки;Так;*;Ні;
CTDA0831;Ключ торцевий Т-подібний 8мм TOPTUL CTDA0831;ok;376.00;376.00;+0.00%;500.00;440.00;-12.00%;15.14%;Торцевые ключи;Так;*;Ні;
CTDA1031;Ключ торцевий Т-подібний 10мм TOPTUL CTDA1031;ok;376.00;376.00;+0.00%;500.00;440.00;-12.00%;15.14%;Торцевые ключи;Так;*;Ні;
CTDA1131;Ключ торцевий Т-подібний 11мм TOPTUL CTDA1131;ok;396.00;396.00;+0.00%;520.00;460.00;-11.54%;15.14%;Торцевые ключи;Так;*;Ні;
CTDA1231;Ключ торцевий Т-подібний 12мм TOPTUL CTDA1231;ok;382.00;382.00;+0.00%;510.00;440.00;-13.73%;15.14%;Торцевые ключи;Так;*;Ні;
CTDA1331;Ключ торцевий Т-подібний 13мм TOPTUL CTDA1331;ok;392.00;392.00;+0.00%;520.00;460.00;-11.54%;15.14%;Торцевые ключи;Так;*;Ні;
CTDA1431;Ключ торцевий Т-подібний 14мм TOPTUL CTDA1431;ok;392.00;392.00;+0.00%;520.00;460.00;-11.54%;15.14%;Торцевые ключи;Так;*;Ні;
CTDA1731;Ключ торцевий Т-подібний 17мм TOPTUL CTDA1731;ok;482.00;482.00;+0.00%;630.00;560.00;-11.11%;15.14%;Торцевые ключи;Так;*;Ні;
CTDA1931;Ключ торцевий Т-подібний 19мм TOPTUL CTDA1931;ok;482.00;482.00;+0.00%;630.00;560.00;-11.11%;15.14%;Торцевые ключи;Так;*;Ні;
CTFB1635;Т-подібний магнітний свічковий ключ 16мм L350мм TOPTUL CTFB1;ok;546.00;546.00;+0.00%;710.00;630.00;-11.27%;15.14%;Торцевые ключи;Так;*;Ні;
CTFB2135;Т-подібний магнітний свічковий ключ 21мм L350мм TOPTUL CTFB2;ok;595.00;595.00;+0.00%;770.00;690.00;-10.39%;15.14%;Торцевые ключи;Так;*;Ні;
CTHA2145;Т-подібний магнітний свічковий ключ 21мм L450мм TOPTUL CTHA2;ok;535.00;535.00;+0.00%;690.00;620.00;-10.14%;15.14%;Торцевые ключи;Ні;*;Так;відсутній у фіді
CTHB1645;Т-подібний магнітний свічковий ключ 16мм L450мм TOPTUL CTHB1;ok;686.00;686.00;+0.00%;880.00;790.00;-10.23%;15.14%;Торцевые ключи;Так;*;Ні;
CTHB2145;Т-подібний магнітний свічковий ключ 21мм L450мм TOPTUL CTHB2;ok;728.00;728.00;+0.00%;930.00;840.00;-9.68%;15.14%;Торцевые ключи;Так;*;Ні;
CTIA2427;Ключ балонний 24х27мм з воротком TOPTUL CTIA2427;ok;1492.00;1492.00;+0.00%;1880.00;1730.00;-7.98%;15.34%;Балонные ключи;Так;*;Ні;
CTIA2427A;Ключ балонний 24х27мм TOPTUL CTIA2427A;ok;1184.00;1184.00;+0.00%;1500.00;1370.00;-8.67%;15.34%;Балонные ключи;Так;*;Ні;
CTIA2730;Ключ балонний 27х30мм з воротком TOPTUL CTIA2730;ok;1669.00;1669.00;+0.00%;2100.00;1930.00;-8.10%;15.34%;Балонные ключи;Так;*;Ні;
CTIA2732;Ключ балонний 27х32мм з воротком TOPTUL CTIA2732;ok;1688.00;1688.00;+0.00%;2130.00;1950.00;-8.45%;15.34%;Балонные ключи;Так;*;Ні;
CTIA3032;Ключ балонний 30х32мм з воротком TOPTUL CTIA3032;ok;1703.00;1703.00;+0.00%;2140.00;1970.00;-7.94%;15.34%;Балонные ключи;Так;*;Ні;
CTIA3032A;Ключ балонний 30х32мм TOPTUL CTIA3032A;ok;1490.00;1490.00;+0.00%;1880.00;1720.00;-8.51%;15.34%;Балонные ключи;Так;*;Ні;
CTIA3233A;Ключ балонний 32х33мм TOPTUL CTIA3233A;ok;1560.00;1560.00;+0.00%;1970.00;1800.00;-8.63%;15.34%;Балонные ключи;Так;*;Ні;
CTIA3238;Ключ балонний 32х38мм з воротком TOPTUL CTIA3238;ok;1907.00;1907.00;+0.00%;2400.00;2200.00;-8.33%;15.34%;Балонные ключи;Так;*;Ні;
CTIB3517;Ключ балонний 35х17(4-гр)мм з воротком TOPTUL CTIB3517;ok;1943.00;1943.00;+0.00%;2440.00;2250.00;-7.79%;15.34%;Балонные ключи;Ні;*;Так;відсутній у фіді
CTIB3821;Ключ балонний 38х21(4-гр)мм з воротком TOPTUL CTIB3821;ok;2303.00;2303.00;+0.00%;2890.00;2660.00;-7.96%;15.34%;Балонные ключи;Так;*;Ні;
CTIB4121;Ключ балонний 41х17(4-гр)мм з воротком TOPTUL CTIB4121;ok;3074.00;3074.00;+0.00%;3850.00;3550.00;-7.79%;15.34%;Балонные ключи;Так;*;Ні;
CTLA0840;"Вороток 1/4"" Т-подібний з карданом L 400мм TOPTUL CTLA0840";ok;551.00;551.00;+0.00%;710.00;640.00;-9.86%;14.92%;Воротки, трещотки;Так;*;Ні;
CTLA1245;"Вороток 3/8"" Т-подібний з карданом L 450мм TOPTUL CTLA1245";ok;678.00;678.00;+0.00%;870.00;780.00;-10.34%;14.92%;Воротки, трещотки;Так;*;Ні;
CTLA1650;"Вороток 1/2"" Т-подібний з карданом L 500мм TOPTUL CTLA1650";ok;869.00;869.00;+0.00%;1110.00;1000.00;-9.91%;14.92%;Воротки, трещотки;Так;*;Ні;
CTMA0810;Ключ торцевий Т-подібний 8х10х12мм TOPTUL CTMA0810;ok;272.00;272.00;+0.00%;370.00;320.00;-13.51%;15.14%;Торцевые ключи;Так;*;Ні;
CTRM0826;"Вороток Т-подібний з тріскачкою 1/4"" 72 зубці L1=132mm L=260";ok;819.00;819.00;+0.00%;1050.00;950.00;-9.52%;14.92%;Воротки, трещотки;Так;*;Ні;
CTRM1227;"Вороток Т-подібний з тріскачкою 3/8"" 72 зубці L1=134mm L=270";ok;993.00;993.00;+0.00%;1260.00;1150.00;-8.73%;14.92%;Воротки, трещотки;Так;*;Ні;
CVCP2201;Кліщі хомутів ШРУС (ХЗСО) КХШМ CVCP2201;ok;329.00;329.00;+0.00%;440.00;380.00;-13.64%;14.60%;Механические съемники;Ні;*;Так;відсутній у фіді
CX-4000;Зарядний пристрій;ok;2575.00;2575.00;+0.00%;11820.00;2970.00;-74.87%;15.00%;default;Так;*;Так;подешевшало на 74.9%
CREADER-981;Автомобільний сканер LAUNCH Creader-981;ok;13332.00;13332.00;+0.00%;16590.00;15290.00;-7.84%;14.66%;Автомобильные диагностические сканеры;Так;*;Ні;
D-929-1.3;Пістолет фарбувальний пневматичний HVLP (BLACK DIAMOND serie;ok;5584.00;5584.00;+0.00%;6970.00;6330.00;-9.18%;13.20%;Пневматические краскопульты;Так;*;Ні;
D-929-1.3LM;Пістолет фарбувальний пневматичний LVMP (BLACK DIAMOND serie;ok;5584.00;5584.00;+0.00%;6970.00;6330.00;-9.18%;13.20%;Пневматические краскопульты;Ні;*;Так;відсутній у фіді
D-929-1.4;Пістолет фарбувальний пневматичний HVLP (BLACK DIAMOND serie;ok;4855.00;4855.00;+0.00%;6060.00;5500.00;-9.24%;13.20%;Пневматические краскопульты;Так;*;Ні;
D-929-1.4LM;Пістолет фарбувальний пневматичний LVMP (BLACK DIAMOND serie;ok;5584.00;5584.00;+0.00%;6970.00;6330.00;-9.18%;13.20%;Пневматические краскопульты;Ні;*;Так;відсутній у фіді
D-951-MINI-0.8;Пістолет фарбувальний пневматичний тип HVLP (BLACK DIAMOND s;ok;2768.00;2768.00;+0.00%;3470.00;3140.00;-9.51%;13.20%;Пневматические краскопульты;Ні;*;Так;відсутній у фіді
D-951-MINI-0.8LM;Пістолет фарбувальний пневматичний тип LVMP (BLACK DIAMOND s;ok;2768.00;2768.00;+0.00%;3470.00;3140.00;-9.51%;13.20%;Пневматические краскопульты;Ні;*;Так;відсутній у фіді
D-951-MINI-1.0;Пістолет фарбувальний пневматичний тип HVLP (BLACK DIAMOND s;ok;2768.00;2768.00;+0.00%;3470.00;3140.00;-9.51%;13.20%;Пневматические краскопульты;Ні;*;Так;відсутній у фіді
D-951-MINI-1.0LM;Пістолет фарбувальний тип LVMP (BLACK DIAMOND series) верхні;ok;2768.00;2768.00;+0.00%;3470.00;3140.00;-9.51%;13.20%;Пневматические краскопульты;Ні;*;Так;відсутній у фіді
D30;Далекомір лазерний 30м mini PROTESTER D30;ok;1573.00;1573.00;+0.00%;4440.00;1810.00;-59.23%;14.97%;Лазерные дальномеры;Так;*;Так;подешевшало на 59.2%
D35;Далекомір лазерний 30м mini PROTESTER D35;ok;1209.00;1209.00;+0.00%;1940.00;1390.00;-28.35%;14.97%;Лазерные дальномеры;Ні;*;Так;відсутній у фіді + подешевшало на 28.4%
DA-3100D;Стробоскоп для дизельних і бензинових двигунів;ok;12523.00;12523.00;+0.00%;15590.00;14360.00;-7.89%;14.66%;Автомобильные диагностические сканеры;Ні;*;Так;відсутній у фіді
DA-3100NS;Цифровий стробоскоп з аналізатором оборотів/кута замкнутого ;ok;4092.00;4092.00;+0.00%;5110.00;4700.00;-8.02%;14.66%;Автомобильные диагностические сканеры;Ні;*;Так;відсутній у фіді
DA-400;Цифровий автомобільний мультиметр;ok;5481.00;5481.00;+0.00%;7010.00;6340.00;-9.56%;15.51%;Мультиметры;Так;*;Ні;
DA-5100;Стробоскоп з аналізатором обертів/кута замкнутого стану конт;ok;8221.00;8221.00;+0.00%;10240.00;9430.00;-7.91%;14.66%;Автомобильные диагностические сканеры;Ні;*;Так;відсутній у фіді
DA-830;Професійний автомобільний мультиметр;ok;14304.00;14304.00;+0.00%;17800.00;16530.00;-7.13%;15.51%;Мультиметры;Так;*;Ні;
DAAQ1A05;Кліщі затискні з фіксатором 130мм TOPTUL DAAQ1A05;ok;358.00;358.00;+0.00%;470.00;410.00;-12.77%;13.65%;Зажимные клещи;Так;*;Ні;
DAAQ1A07;Кліщі затискні з фіксатором 180мм TOPTUL DAAQ1A07;ok;450.00;450.00;+0.00%;590.00;520.00;-11.86%;13.65%;Зажимные клещи;Так;*;Ні;
DAAQ1A10;Кліщі затискні з фіксатором 250мм TOPTUL DAAQ1A10;ok;556.00;556.00;+0.00%;720.00;640.00;-11.11%;13.65%;Зажимные клещи;Так;*;Ні;
DAAR1A07;Кліщі затискні з фіксатором 180мм TOPTUL DAAR1A07;ok;487.00;487.00;+0.00%;630.00;560.00;-11.11%;13.65%;Зажимные клещи;Так;*;Ні;
DAAR1A10;Кліщі затискні з фіксатором 250мм TOPTUL DAAR1A10;ok;584.00;584.00;+0.00%;750.00;670.00;-10.67%;13.65%;Зажимные клещи;Так;*;Ні;
DAAS1A06;Кліщі затискні з фіксатором 150мм (довгі губки) TOPTUL DAAS1;ok;360.00;360.00;+0.00%;480.00;410.00;-14.58%;13.65%;Зажимные клещи;Так;*;Ні;
DAAS1A09;Кліщі затискні з фіксатором 230мм (довгі губки) TOPTUL DAAS1;ok;442.00;442.00;+0.00%;580.00;510.00;-12.07%;13.65%;Зажимные клещи;Так;*;Ні;
DAAT1A09;Кліщі затискні з фіксатором 230мм TOPTUL DAAT1A09;ok;583.00;583.00;+0.00%;750.00;670.00;-10.67%;13.65%;Зажимные клещи;Так;*;Ні;
DAAU1A06;Кліщі затискні з фіксатором 160мм (C - тип) TOPTUL DAAU1A06;ok;421.00;421.00;+0.00%;550.00;480.00;-12.73%;13.65%;Зажимные клещи;Так;*;Ні;
DAAU1A11;Кліщі затискні з фіксатором 280мм (C - тип) TOPTUL DAAU1A11;ok;705.00;705.00;+0.00%;900.00;810.00;-10.00%;13.65%;Зажимные клещи;Так;*;Ні;
DAAV1A08;Кліщі затискні з фіксатором 200мм (плоскі губки) TOPTUL DAAV;ok;523.00;523.00;+0.00%;680.00;600.00;-11.76%;13.65%;Зажимные клещи;Так;*;Ні;
DAAX1A12;Гайкоріз 9-12мм TOPTUL DAAX1A12;ok;380.00;380.00;+0.00%;500.00;440.00;-12.00%;13.55%;Секторные ножницы, тросорезы;Так;*;Ні;
DAAX1A16;Гайкоріз 12-16мм TOPTUL DAAX1A16;ok;414.00;414.00;+0.00%;540.00;480.00;-11.11%;13.55%;Секторные ножницы, тросорезы;Так;*;Ні;
DAAX1A22;Гайкоріз 16-22мм TOPTUL DAAX1A22;ok;477.00;477.00;+0.00%;620.00;550.00;-11.29%;13.55%;Секторные ножницы, тросорезы;Так;*;Ні;
DAAX1A27;Гайкоріз 22-27мм TOPTUL DAAX1A27;ok;659.00;659.00;+0.00%;850.00;750.00;-11.76%;13.55%;Секторные ножницы, тросорезы;Так;*;Ні;
DAAY1A10;Кліщі затискні з фіксатором 250мм TOPTUL DAAY1A10;ok;679.00;679.00;+0.00%;870.00;780.00;-10.34%;13.65%;Зажимные клещи;Так;*;Ні;
DBAB2206B;"Плоскогубці 6"" x 165mm TOPTUL DBAB2206B";ok;455.00;455.00;+0.00%;590.00;520.00;-11.86%;13.65%;Пассатижи, плоскогубцы, тонкогубцы;Так;*;Ні;
DBAB2207B;"Плоскогубці 7"" x 185mm TOPTUL DBAB2207B";ok;513.00;513.00;+0.00%;670.00;590.00;-11.94%;13.65%;Пассатижи, плоскогубцы, тонкогубцы;Так;*;Ні;
DBAB2208B;"Плоскогубці 8"" х 205мм TOPTUL DBAB2208B";ok;569.00;569.00;+0.00%;740.00;650.00;-12.16%;13.65%;Пассатижи, плоскогубцы, тонкогубцы;Так;*;Ні;
DBAC1209;"Плоскогубці 9"" (chrome molybdenum) TOPTUL DBAC1209";ok;699.00;699.00;+0.00%;900.00;800.00;-11.11%;13.65%;Пассатижи, плоскогубцы, тонкогубцы;Так;*;Ні;
DBBB2206;"Плоскогубці 6"" (chrome molybdenum) TOPTUL DBBB2206";ok;509.00;509.00;+0.00%;660.00;580.00;-12.12%;13.65%;Пассатижи, плоскогубцы, тонкогубцы;Так;*;Ні;
DBBB2207B;"Плоскогубці 7"" (chrome molybdenum) TOPTUL DBBB2207B";ok;606.00;606.00;+0.00%;780.00;690.00;-11.54%;13.65%;Пассатижи, плоскогубцы, тонкогубцы;Так;*;Ні;
DBBB2208;"Плоскогубці 8"" (chrome molybdenum) TOPTUL DBBB2208";ok;728.00;728.00;+0.00%;930.00;830.00;-10.75%;13.65%;Пассатижи, плоскогубцы, тонкогубцы;Так;*;Ні;
DBBE2208;"Плоскогубці 8"" (з подвоєним зусиллям) TOPTUL DBBE2208";ok;825.00;825.00;+0.00%;1050.00;940.00;-10.48%;13.65%;Пассатижи, плоскогубцы, тонкогубцы;Так;*;Ні;
DBCC2205;"Плоскогубці 5"" ( chrome molybdenum ) TOPTUL DBCC2205";ok;502.00;502.00;+0.00%;650.00;580.00;-10.77%;13.65%;Пассатижи, плоскогубцы, тонкогубцы;Так;*;Ні;
DCAA1205;"Круглогубці для зняття стопорних кілець 5"" TOPTUL DCAA1205";ok;473.00;473.00;+0.00%;620.00;550.00;-11.29%;14.60%;Съемники стопорных колец;Так;*;Ні;
DCAA1207;"Круглогубці для зняття стопорних кілець 7"" (розжим загнуті) ";ok;498.00;498.00;+0.00%;650.00;580.00;-10.77%;14.60%;Съемники стопорных колец;Так;*;Ні;
DCAA1209;"Круглогубці для зняття стопорних кілець 9"" (розжим загнуті) ";ok;683.00;683.00;+0.00%;880.00;790.00;-10.23%;14.60%;Съемники стопорных колец;Так;*;Ні;
DCAA1212;"Круглогубці для зняття стопорних кілець 12"" (разжим загнуті)";ok;1399.00;1399.00;+0.00%;1770.00;1610.00;-9.04%;14.60%;Съемники стопорных колец;Так;*;Ні;
DCAB1205;"Круглогубці для зняття стопорних кілець 5"" ( розжим прямі ) ";ok;460.00;460.00;+0.00%;600.00;530.00;-11.67%;14.60%;Съемники стопорных колец;Так;*;Ні;
DCAB1207;"Круглогубці для зняття стопорних кілець 7"" ( розжим прямі ) ";ok;486.00;486.00;+0.00%;630.00;560.00;-11.11%;14.60%;Съемники стопорных колец;Так;*;Ні;
DCAB1209;"Круглогубці для зняття стопорних кілець 9"" (розжим прямі ) T";ok;671.00;671.00;+0.00%;860.00;770.00;-10.47%;14.60%;Съемники стопорных колец;Так;*;Ні;
DCAB1212;"Круглогубці для зняття стопорних кілець 12"" (розжим прямі) T";ok;1391.00;1391.00;+0.00%;1760.00;1600.00;-9.09%;14.60%;Съемники стопорных колец;Так;*;Ні;
DCAC1205;"Круглогубці для зняття стопорних кілець 5"" (зжим загнуті) TO";ok;473.00;473.00;+0.00%;620.00;550.00;-11.29%;14.60%;Съемники стопорных колец;Так;*;Ні;
DCAC1207;"Круглогубці для зняття стопорних кілець 7"" (зжим загнуті) TO";ok;498.00;498.00;+0.00%;650.00;580.00;-10.77%;14.60%;Съемники стопорных колец;Так;*;Ні;
DCAC1209;"Круглогубці для зняття стопорних кілець 9"" (зжим загнуті) TO";ok;683.00;683.00;+0.00%;880.00;790.00;-10.23%;14.60%;Съемники стопорных колец;Так;*;Ні;
DCAC1212;"Круглогубці для зняття стопорних кілець 12"" (зжим загнуті) T";ok;1399.00;1399.00;+0.00%;1770.00;1610.00;-9.04%;14.60%;Съемники стопорных колец;Так;*;Ні;
DCAD1205;"Круглогубці для зняття стопорних кілець 5"" (зжим прямі) TOPT";ok;460.00;460.00;+0.00%;600.00;530.00;-11.67%;14.60%;Съемники стопорных колец;Так;*;Ні;
DCAD1207;"Круглогубці для зняття стопорних кілець 7"" (зжим прямі) TOPT";ok;486.00;486.00;+0.00%;630.00;560.00;-11.11%;14.60%;Съемники стопорных колец;Так;*;Ні;
DCAD1209;"Круглогубці для зняття стопорних кілець 9"" (зжим прямі) TOPT";ok;671.00;671.00;+0.00%;860.00;770.00;-10.47%;14.60%;Съемники стопорных колец;Так;*;Ні;
DCAD1212;"Круглогубці для зняття стопорних кілець 12"" (зжим прямі) TOP";ok;1391.00;1391.00;+0.00%;1760.00;1600.00;-9.09%;14.60%;Съемники стопорных колец;Так;*;Ні;
DCBA1307;"Круглогубці для зняття стопорних кілець 7"" (розтиск загнуті)";ok;719.00;719.00;+0.00%;920.00;830.00;-9.78%;14.60%;Съемники стопорных колец;Так;*;Ні;
DCBA1309;"Круглогубці для зняття стопорних кілець 9"" (розжим загнуті) ";ok;1073.00;1073.00;+0.00%;1360.00;1230.00;-9.56%;14.60%;Съемники стопорных колец;Так;*;Ні;
DCBB1307;"Круглогубці для зняття стопорних кілець 7"" (розжим прямі) по";ok;719.00;719.00;+0.00%;920.00;830.00;-9.78%;14.60%;Съемники стопорных колец;Так;*;Ні;
DCBB1309;"Круглогубці для зняття стопорних кілець 9"" (розжим прямі ) п";ok;1073.00;1073.00;+0.00%;1360.00;1230.00;-9.56%;14.60%;Съемники стопорных колец;Так;*;Ні;
DCBC1307;"Круглогубці для зняття стопорних кілець 7"" (стиск загнуті) п";ok;719.00;719.00;+0.00%;920.00;830.00;-9.78%;14.60%;Съемники стопорных колец;Так;*;Ні;
DCBC1309;"Круглогубці для зняття стопорних кілець 9"" (сжим загнуті) по";ok;1073.00;1073.00;+0.00%;1360.00;1230.00;-9.56%;14.60%;Съемники стопорных колец;Так;*;Ні;
DCBD1307;"Круглогубці для зняття стопорних кілець 7"" (зжим прямі) поси";ok;722.00;722.00;+0.00%;930.00;830.00;-10.75%;14.60%;Съемники стопорных колец;Так;*;Ні;
DCBD1309;"Круглогубці для зняття стопорних кілець 9"" (сжим прямі) поси";ok;1073.00;1073.00;+0.00%;1360.00;1230.00;-9.56%;14.60%;Съемники стопорных колец;Так;*;Ні;
DCBJ1307;"Круглогубці для зняття стопорних кілець 7"" (сжим загнуті 90°";ok;754.00;754.00;+0.00%;960.00;870.00;-9.38%;14.60%;Съемники стопорных колец;Так;*;Ні;
DDAA1210;"Плоскогубці переставні 10"" X 250mm TOPTUL DDAA1210";ok;766.00;766.00;+0.00%;980.00;890.00;-9.18%;15.00%;default;Так;*;Ні;
DDAA1212;"Плоскогубці переставні 12"" X 300mm TOPTUL DDAA1212";ok;1112.00;1112.00;+0.00%;1410.00;1270.00;-9.93%;13.65%;Пассатижи, плоскогубцы, тонкогубцы;Так;*;Ні;
DDAA1216;"Плоскогубці переставні 16"" X 400mm TOPTUL DDAA1216";ok;1661.00;1661.00;+0.00%;2090.00;1920.00;-8.13%;15.00%;default;Так;*;Ні;
DDAB1A08;Ключ трубний важільний 25мм L200 TOPTUL DDAB1A08;ok;712.00;712.00;+0.00%;910.00;820.00;-9.89%;15.14%;Трубные ключи;Так;*;Ні;
DDAB1A10;Ключ трубний важільний 38мм L250 TOPTUL DDAB1A10;ok;939.00;939.00;+0.00%;1190.00;1090.00;-8.40%;15.14%;Трубные ключи;Так;*;Ні;
DDAB1A12;Ключ трубний важільний 51мм L300 TOPTUL DDAB1A12;ok;1158.00;1158.00;+0.00%;1470.00;1340.00;-8.84%;15.14%;Трубные ключи;Так;*;Ні;
DDAB1A14;Ключ трубний важільний 51мм L360 TOPTUL DDAB1A14;ok;1402.00;1402.00;+0.00%;1770.00;1620.00;-8.47%;15.14%;Трубные ключи;Так;*;Ні;
DDAB1A18;Ключ трубний важільний 64мм L460 TOPTUL DDAB1A18;ok;2024.00;2024.00;+0.00%;2540.00;2340.00;-7.87%;15.14%;Трубные ключи;Так;*;Ні;
DDAB1A24;Ключ трубний важільний 76мм L610 TOPTUL DDAB1A24;ok;3146.00;3146.00;+0.00%;3940.00;3630.00;-7.87%;15.14%;Трубные ключи;Так;*;Ні;
DDAB1A36;Ключ трубний важільний 130мм L900 TOPTUL DDAB1A36;ok;6180.00;6180.00;+0.00%;7710.00;7120.00;-7.65%;15.14%;Трубные ключи;Так;*;Ні;
DDAB1A48;Ключ трубний важільний 155мм L1200 TOPTUL DDAB1A48;ok;11478.00;11478.00;+0.00%;14290.00;13220.00;-7.49%;15.14%;Трубные ключи;Так;*;Ні;
DDAC1A14;Ключ трубний важільний алюмінієвий 51мм L360 TOPTUL DDAC1A14;ok;1591.00;1591.00;+0.00%;2000.00;1840.00;-8.00%;15.14%;Трубные ключи;Так;*;Ні;
DDAC1A18;Ключ трубний важільний алюмінієвий 64мм L460 TOPTUL DDAC1A18;ok;2312.00;2312.00;+0.00%;2900.00;2670.00;-7.93%;15.14%;Трубные ключи;Так;*;Ні;
DDAC1A24;Ключ трубний важільний алюмінієвий 76мм L610 TOPTUL DDAC1A24;ok;3498.00;3498.00;+0.00%;4370.00;4030.00;-7.78%;15.14%;Трубные ключи;Так;*;Ні;
DDAC1A36;Ключ трубний важільний алюмінієвий 130мм L900 TOPTUL DDAC1A3;ok;6652.00;6652.00;+0.00%;8290.00;7660.00;-7.60%;15.14%;Трубные ключи;Так;*;Ні;
DDAC1A48;Ключ трубний важільний алюмінієвий 155мм L1200 TOPTUL DDAC1A;ok;11425.00;11425.00;+0.00%;14220.00;13160.00;-7.45%;15.14%;Трубные ключи;Ні;*;Так;відсутній у фіді
DDAD1A32;Ключ трубний важільний 40мм L345 TOPTUL DDAD1A32;ok;1348.00;1348.00;+0.00%;1700.00;1560.00;-8.24%;15.14%;Трубные ключи;Так;*;Ні;
DDAD1A48;Ключ трубний важільний 55мм L440 TOPTUL DDAD1A48;ok;1875.00;1875.00;+0.00%;2360.00;2160.00;-8.47%;15.14%;Трубные ключи;Так;*;Ні;
DDAD1A64;Ключ трубний важільний 65мм L560 TOPTUL DDAD1A64;ok;2942.00;2942.00;+0.00%;3680.00;3390.00;-7.88%;15.14%;Трубные ключи;Так;*;Ні;
DDAF1A32;Ключ трубний важільний 38мм L335 (90° шведський тип) TOPTUL ;ok;1364.00;1364.00;+0.00%;1720.00;1580.00;-8.14%;15.14%;Трубные ключи;Так;*;Ні;
DDAF1A48;Ключ трубний важільний 57мм L440 (90° шведський тип) TOPTUL ;ok;1910.00;1910.00;+0.00%;2400.00;2200.00;-8.33%;15.14%;Трубные ключи;Так;*;Ні;
DDAF1A64;Ключ трубний важільний 64мм L555 (90° шведський тип) TOPTUL ;ok;2937.00;2937.00;+0.00%;3680.00;3390.00;-7.88%;15.14%;Трубные ключи;Так;*;Ні;
DDAG1207;"Плоскогубці переставні 7"" з кнопкою Pro-Series TOPTUL DDAG12";ok;888.00;888.00;+0.00%;1130.00;1010.00;-10.62%;13.65%;Пассатижи, плоскогубцы, тонкогубцы;Так;*;Ні;
DDAG1210;"Плоскогубці переставні 10"" з кнопкою Pro-Series TOPTUL DDAG1";ok;979.00;979.00;+0.00%;1240.00;1130.00;-8.87%;15.00%;default;Так;*;Ні;
DDAG1212;"Плоскогубці переставні 12"" з кнопкою Pro-Series TOPTUL DDAG1";ok;1390.00;1390.00;+0.00%;1760.00;1580.00;-10.23%;13.65%;Пассатижи, плоскогубцы, тонкогубцы;Так;*;Ні;
DDAH1A08;Універсальний трубний ключ TOPTUL 11-27мм DDAH1A08;ok;1124.00;1124.00;+0.00%;1420.00;1300.00;-8.45%;15.14%;Трубные ключи;Ні;*;Так;відсутній у фіді
DDAH1A10;Універсальний трубний ключ TOPTUL 13-34мм DDAH1A10;ok;1381.00;1381.00;+0.00%;1740.00;1600.00;-8.05%;15.14%;Трубные ключи;Ні;*;Так;відсутній у фіді
DDAH1A12;Ключ унівесальний 16-42мм TOPTUL DDAH1A12;ok;1805.00;1805.00;+0.00%;2270.00;2080.00;-8.37%;15.14%;Трубные ключи;Ні;*;Так;відсутній у фіді
DDAH1A14;Універсальний ключ TOPTUL 19-48мм DDAH1A14;ok;1746.00;1746.00;+0.00%;2200.00;2020.00;-8.18%;15.14%;Трубные ключи;Ні;*;Так;відсутній у фіді
DDAH1A18;Ключ унівесальний 25-60мм TOPTUL DDAH1A18;ok;3415.00;3415.00;+0.00%;4270.00;3940.00;-7.73%;15.14%;Трубные ключи;Так;*;Ні;
DDBA2210;"Плоскогубці переставні 10"" X 250mm (chrome molybdenum) TOPTU";ok;835.00;835.00;+0.00%;1070.00;950.00;-11.21%;13.65%;Пассатижи, плоскогубцы, тонкогубцы;Так;*;Ні;
DEAA1206B;"Бокорізи 6"" (з отворами для зачистки проводів) TOPTUL DEAA12";ok;484.00;484.00;+0.00%;630.00;560.00;-11.11%;13.65%;Бокорезы, кусачки;Так;*;Ні;
DEAB2206;"Бокорізи 6"" X 164mm DAAP2206 TOPTUL DEAB2206";ok;541.00;541.00;+0.00%;700.00;620.00;-11.43%;13.65%;Бокорезы, кусачки;Так;*;Ні;
DEAC2207B;"Бокорізи 7"" X 173mm TOPTUL DEAC2207B";ok;519.00;519.00;+0.00%;670.00;590.00;-11.94%;13.65%;Бокорезы, кусачки;Так;*;Ні;
DEAC2208B;"Бокорізи 8"" X 202mm TOPTUL DEAC2208B";ok;564.00;564.00;+0.00%;730.00;650.00;-10.96%;13.65%;Бокорезы, кусачки;Так;*;Ні;
DEAD2206;"Бокорізи 6"" X 164mm TOPTUL DEAD2206";ok;414.00;414.00;+0.00%;540.00;480.00;-11.11%;13.65%;Бокорезы, кусачки;Так;*;Ні;
DEBB2206B;"Бокорізи 6"" (chrome molybdenum) TOPTUL DEBB2206B";ok;534.00;534.00;+0.00%;690.00;610.00;-11.59%;13.65%;Бокорезы, кусачки;Так;*;Ні;
DEBC2207B;"Бокорізи 7"" (chrome molybdenum) TOPTUL DEBC2207B";ok;681.00;681.00;+0.00%;870.00;780.00;-10.34%;13.65%;Бокорезы, кусачки;Так;*;Ні;
DEBC2208;"Бокорізи 8"" (chrome molybdenum) TOPTUL DEBC2208";ok;733.00;733.00;+0.00%;940.00;840.00;-10.64%;13.65%;Бокорезы, кусачки;Так;*;Ні;
DEBD224E;"Бокорізи для електроніки (радіомонтажні) 4,5"" (115мм) TOPTUL";ok;381.00;381.00;+0.00%;500.00;440.00;-12.00%;13.65%;Бокорезы, кусачки;Так;*;Ні;
DEBE204E;"Бокорізи 4,5"" TOPTUL DEBE204E";ok;216.00;216.00;+0.00%;300.00;250.00;-16.67%;13.65%;Бокорезы, кусачки;Так;*;Ні;
DEBF2207;"Бокорізи 7"" (з подвоєним зусиллям) TOPTUL DEBF2207";ok;694.00;694.00;+0.00%;890.00;790.00;-11.24%;13.65%;Бокорезы, кусачки;Ні;*;Так;відсутній у фіді
DEBF227E;"Бокорізи 7,5"" (з подвоєним зусиллям) TOPTUL DEBF227E";ok;825.00;825.00;+0.00%;1050.00;940.00;-10.48%;13.65%;Бокорезы, кусачки;Так;*;Ні;
DEC100-330M-220-ITALY;Компресор поршневий з ремінним приводом Vрес=100л 330л/хв 22;ok;34037.00;34037.00;+0.00%;42310.00;37120.00;-12.27%;9.05%;Компрессоры поршневые;Ні;*;Так;відсутній у фіді
DEC100-330T-380-ITALY;Компресор поршневий з ремінним приводом Vрес=100л 330л/хв 38;ok;35117.00;35117.00;+0.00%;43660.00;38300.00;-12.28%;9.05%;Компрессоры поршневые;Ні;*;Так;відсутній у фіді
DEC200-480-380-ITALY;Компресор поршневий з ремінним приводом Vрес=200л 480л/хв 38;ok;54003.00;54003.00;+0.00%;67120.00;58900.00;-12.25%;9.05%;Компрессоры поршневые;Ні;*;Так;відсутній у фіді
DEC270-840-380-ITALY;Компресор поршневий з ремінним приводом Vрес=270л 840л/хв 38;ok;91032.00;91032.00;+0.00%;113120.00;99280.00;-12.23%;9.05%;Компрессоры поршневые;Ні;*;Так;відсутній у фіді
DECD2205;"Бокорізи 5"" TOPTUL DECD2205";ok;502.00;502.00;+0.00%;650.00;580.00;-10.77%;13.65%;Бокорезы, кусачки;Так;*;Ні;
DEF500-840-380-ITALY;Компресор поршневий з ремінним приводом Vрес=500л 840л/хв 38;ok;111320.00;111320.00;+0.00%;138330.00;121400.00;-12.24%;9.05%;Компрессоры поршневые;Ні;*;Так;відсутній у фіді
DELTA;Гайковерт електричний DELTA TURBO MAXBOXER;ok;88000.00;88000.00;+0.00%;109360.00;97040.00;-11.27%;10.27%;Электрические гайковерты;Ні;*;Так;відсутній у фіді
DFAB2206B;"Плоскогубці з подовженими губками 6"" TOPTUL DFAB2206B";ok;460.00;460.00;+0.00%;600.00;530.00;-11.67%;13.65%;Пассатижи, плоскогубцы, тонкогубцы;Так;*;Ні;
DFAB2208B;"Плоскогубці з подовженими губками 8"" TOPTUL DFAB2208B";ok;569.00;569.00;+0.00%;740.00;650.00;-12.16%;13.65%;Пассатижи, плоскогубцы, тонкогубцы;Так;*;Ні;
DFAD1211;Кліщі з круглим захопленням L280mm d8 TOPTUL DFAD1211;ok;945.00;945.00;+0.00%;1200.00;1080.00;-10.00%;13.65%;Пассатижи, плоскогубцы, тонкогубцы;Так;*;Ні;
DFAE1211;Кліщі з круглим захопленням L280mm d13 TOPTUL DFAE1211;ok;945.00;945.00;+0.00%;1200.00;1080.00;-10.00%;13.65%;Пассатижи, плоскогубцы, тонкогубцы;Так;*;Ні;
DFAF1211;Кліщі з круглим захопленням L280mm d19 TOPTUL DFAF1211;ok;945.00;945.00;+0.00%;1200.00;1080.00;-10.00%;13.65%;Пассатижи, плоскогубцы, тонкогубцы;Так;*;Ні;
DFAG1211;Плоскогубці з подовженими губками L280mm прямі TOPTUL DFAG12;ok;836.00;836.00;+0.00%;1070.00;960.00;-10.28%;13.65%;Пассатижи, плоскогубцы, тонкогубцы;Так;*;Ні;
DFAH1211;Плоскогубці з подовженими губками L280mm загнуті (кут 45°) T;ok;836.00;836.00;+0.00%;1070.00;960.00;-10.28%;13.65%;Пассатижи, плоскогубцы, тонкогубцы;Так;*;Ні;
DFAI1211;Плоскогубці з подовженими губками L280mm загнуті (кут 90°) T;ok;836.00;836.00;+0.00%;1070.00;960.00;-10.28%;13.65%;Пассатижи, плоскогубцы, тонкогубцы;Так;*;Ні;
DFAL2206B;"Круглогубці 6"" TOPTUL DFAL2206B";ok;507.00;507.00;+0.00%;660.00;580.00;-12.12%;13.65%;Пассатижи, плоскогубцы, тонкогубцы;Так;*;Ні;
DFBA2206;"Плоскогубці з подовженими губками 6"" загнуті TOPTUL DFBA2206";ok;535.00;535.00;+0.00%;690.00;610.00;-11.59%;13.65%;Пассатижи, плоскогубцы, тонкогубцы;Так;*;Ні;
DFBA2208;"Плоскогубці з подовженими губками 8"" загнуті TOPTUL DFBA2208";ok;638.00;638.00;+0.00%;820.00;730.00;-10.98%;13.65%;Пассатижи, плоскогубцы, тонкогубцы;Так;*;Ні;
DFBB2206;"Плоскогубці з подовженими губками 6"" TOPTUL DFBB2206";ok;498.00;498.00;+0.00%;650.00;570.00;-12.31%;13.65%;Пассатижи, плоскогубцы, тонкогубцы;Так;*;Ні;
DFBB2208;"Плоскогубці з подовженими губками 8"" TOPTUL DFBB2208";ok;612.00;612.00;+0.00%;790.00;700.00;-11.39%;13.65%;Пассатижи, плоскогубцы, тонкогубцы;Так;*;Ні;
DFBC2206;"Плоскогубці 6"" (chrome molybdenum) TOPTUL DFBC2206";ok;473.00;473.00;+0.00%;620.00;540.00;-12.90%;13.65%;Пассатижи, плоскогубцы, тонкогубцы;Так;*;Ні;
DFBE228E;"Плоскогубці з подовженими губками 8,5"" (з подвоєним зусиллям";ok;825.00;825.00;+0.00%;1050.00;940.00;-10.48%;13.65%;Пассатижи, плоскогубцы, тонкогубцы;Ні;*;Так;відсутній у фіді
DFBG2208;"Плоскогубці електрика багатофункціональні 8"" (200мм) TOPTUL ";ok;1093.00;1093.00;+0.00%;1390.00;1250.00;-10.07%;13.65%;Пассатижи, плоскогубцы, тонкогубцы;Так;*;Ні;
DFBJ2205;"Плоскогубці з подовженими губками 130 мм 5"" TOPTUL DFBJ2205";ok;159.00;159.00;+0.00%;230.00;190.00;-17.39%;13.65%;Пассатижи, плоскогубцы, тонкогубцы;Ні;*;Так;відсутній у фіді
DFBK2205;"Прецизійні плоскогубці подовжені вигнуті 130 мм 5"" TOPTUL DF";ok;239.00;239.00;+0.00%;380.00;280.00;-26.32%;13.65%;Пассатижи, плоскогубцы, тонкогубцы;Ні;*;Так;відсутній у фіді + подешевшало на 26.3%
DFCC2206;"Плоскогубці з подовженими губками 6"" TOPTUL DFCC2206";ok;482.00;482.00;+0.00%;630.00;550.00;-12.70%;13.65%;Пассатижи, плоскогубцы, тонкогубцы;Так;*;Ні;
DFCJ2206;"Плоскогубці з подовженими губками 6"" TOPTUL DFCJ2206";ok;502.00;502.00;+0.00%;650.00;580.00;-10.77%;13.65%;Пассатижи, плоскогубцы, тонкогубцы;Так;*;Ні;
DFCK2206;"Плоскогубці з подовженгубками 6"" загнуті TOPTUL DFCK2206";ok;482.00;482.00;+0.00%;630.00;550.00;-12.70%;13.65%;Пассатижи, плоскогубцы, тонкогубцы;Так;*;Ні;
DFCL2205;"Круглогубці 5"" TOPTUL DFCL2205";ok;482.00;482.00;+0.00%;630.00;550.00;-12.70%;13.65%;Пассатижи, плоскогубцы, тонкогубцы;Так;*;Ні;
DFCN2206;"Плоскогубці з подовженими губками 6"" TOPTUL DFCN2206";ok;482.00;482.00;+0.00%;630.00;550.00;-12.70%;13.65%;Пассатижи, плоскогубцы, тонкогубцы;Ні;*;Так;відсутній у фіді
DFDC1208;"Плоскогубці з подовженими губками 8"" посилені TOPTUL DFDC120";ok;619.00;619.00;+0.00%;800.00;710.00;-11.25%;13.65%;Пассатижи, плоскогубцы, тонкогубцы;Ні;*;Так;відсутній у фіді
DFS0602;Викрутка переставна 2-в -1 СТАНДАРТ DFS0602;ok;71.00;71.00;+0.00%;120.00;90.00;-25.00%;15.29%;Отвертки;Так;*;Так;подешевшало на 25.0%
DG-10-1;Пистолет продувочный короткий AIRKRAFT DG-10-1;ok;143.00;143.00;+0.00%;210.00;160.00;-23.81%;10.63%;Пневматические продувочные пистолеты;Так;*;Так;подешевшало на 23.8%
DG-10-1-3;Пистолет продувочный короткий с дополнительным наконечником ;ok;134.00;134.00;+0.00%;250.00;150.00;-40.00%;10.63%;Пневматические продувочные пистолеты;Так;*;Так;подешевшало на 40.0%
DG-10-3;Пистолет продувочный длинный AIRKRAFT DG-10-3;ok;133.00;133.00;+0.00%;1160.00;150.00;-87.07%;10.63%;Пневматические продувочные пистолеты;Ні;*;Так;відсутній у фіді + подешевшало на 87.1%
DGBA2106;"Плоскогубці 6"" 1000V (chrome molybdenum) TOPTUL DGBA2106";ok;740.00;740.00;+0.00%;950.00;850.00;-10.53%;13.65%;Пассатижи, плоскогубцы, тонкогубцы;Ні;*;Так;відсутній у фіді
DGBA2107;"Плоскогубці 7"" 1000V (chrome molybdenum) TOPTUL DGBA2107";ok;827.00;827.00;+0.00%;1060.00;940.00;-11.32%;13.65%;Пассатижи, плоскогубцы, тонкогубцы;Ні;*;Так;відсутній у фіді
DGBA2108;"Плоскогубці 8"" 1000V (chrome molybdenum) TOPTUL DGBA2108";ok;905.00;905.00;+0.00%;1150.00;1030.00;-10.43%;13.65%;Пассатижи, плоскогубцы, тонкогубцы;Ні;*;Так;відсутній у фіді
DGBB2106;"Плоскогубці з подовженими губками 6"" 1000V (chrome molybdenu";ok;764.00;764.00;+0.00%;980.00;870.00;-11.22%;13.65%;Пассатижи, плоскогубцы, тонкогубцы;Ні;*;Так;відсутній у фіді
DGBB2108;"Плоскогубці з подовженими губками 8"" 1000V (chrome molybdenu";ok;821.00;821.00;+0.00%;1050.00;940.00;-10.48%;13.65%;Пассатижи, плоскогубцы, тонкогубцы;Ні;*;Так;відсутній у фіді
DGBC2106;Бокорізи ізольовані 160 мм TOPTUL 1000V DGBC2106;ok;697.00;697.00;+0.00%;890.00;800.00;-10.11%;13.65%;Бокорезы, кусачки;Ні;*;Так;відсутній у фіді
DGBD2106;"Кліщі для зняття ізоляції 6"" 1000V (chrome molybdenum) TOPTU";ok;752.00;752.00;+0.00%;960.00;870.00;-9.38%;15.00%;default;Ні;*;Так;відсутній у фіді
DGBE2110;"Плоскогубці переставні 10"" (1000V) TOPTUL DGBE2110";ok;1010.00;1010.00;+0.00%;1280.00;1170.00;-8.59%;15.00%;default;Ні;*;Так;відсутній у фіді
DGBF2108;"Бокорізи 8"" 1000V (chrome molybdenum) TOPTUL DGBF2108";ok;863.00;863.00;+0.00%;1100.00;990.00;-10.00%;13.65%;Бокорезы, кусачки;Ні;*;Так;відсутній у фіді
DGCA2206;"Плоскогубці 6"" 1000V VDE (chrome molybdenum) TOPTUL DGCA2206";ok;840.00;840.00;+0.00%;1070.00;960.00;-10.28%;13.65%;Пассатижи, плоскогубцы, тонкогубцы;Так;*;Ні;
DGCA2207;"Плоскогубці 7"" 1000V VDE (chrome molybdenum) TOPTUL DGCA2207";ok;936.00;936.00;+0.00%;1190.00;1070.00;-10.08%;13.65%;Пассатижи, плоскогубцы, тонкогубцы;Так;*;Ні;
DGCA2208;"Плоскогубці 8"" 1000V VDE (chrome molybdenum) TOPTUL DGCA2208";ok;1027.00;1027.00;+0.00%;1300.00;1170.00;-10.00%;13.65%;Пассатижи, плоскогубцы, тонкогубцы;Так;*;Ні;
DGCB2206;"Плоскогубці з подовженими губками 6"" 1000V VDE (chrome molyb";ok;865.00;865.00;+0.00%;1100.00;990.00;-10.00%;13.65%;Пассатижи, плоскогубцы, тонкогубцы;Так;*;Ні;
DGCB2208;"Плоскогубці з подовженими губками 8"" 1000V VDE (chrome molyb";ok;932.00;932.00;+0.00%;1190.00;1060.00;-10.92%;13.65%;Пассатижи, плоскогубцы, тонкогубцы;Ні;*;Так;відсутній у фіді
DGCC2206;"Бокорізи 6"" 1000V VDE (chrome molybdenum) TOPTUL DGCC2206";ok;839.00;839.00;+0.00%;1070.00;960.00;-10.28%;13.65%;Бокорезы, кусачки;Так;*;Ні;
DGCD2206;"Кліщі для зняття ізоляції 6"" 1000V VDE (chrome molybdenum) T";ok;896.00;896.00;+0.00%;1140.00;1040.00;-8.77%;15.00%;default;Так;*;Ні;
DGCE2210;"Плоскогубці переставні 10"" 1000V VDE (chrome molybdenum) TOP";ok;1202.00;1202.00;+0.00%;1520.00;1390.00;-8.55%;15.00%;default;Так;*;Ні;
DGCF2208;"Бокорізи 8"" 1000V VDE (chrome molybdenum) TOPTUL DGCF2208";ok;1016.00;1016.00;+0.00%;1290.00;1160.00;-10.08%;13.65%;Бокорезы, кусачки;Так;*;Ні;
DHBB2208;"Плоскогубці 8"" 2-поз (Chrome molybdenum) TOPTUL DHBB2208";ok;715.00;715.00;+0.00%;920.00;820.00;-10.87%;13.65%;Пассатижи, плоскогубцы, тонкогубцы;Так;*;Ні;
DHBB2210;"Плоскогубці 10"" 2-поз (Chrome molybdenum) TOPTUL DHBB2210";ok;905.00;905.00;+0.00%;1150.00;1030.00;-10.43%;13.65%;Пассатижи, плоскогубцы, тонкогубцы;Так;*;Ні;
DIAI0010;Цифровий індикатор годинного типу 0-10мм 0,01мм PROTESTER DI;ok;483.00;483.00;+0.00%;630.00;560.00;-11.11%;14.65%;Циферблатные индикаторы;Так;*;Ні;
DIAI0030;Цифровий індикатор годинного типу 0-30мм 0,01мм PROTESTER DI;ok;813.00;813.00;+0.00%;1040.00;940.00;-9.62%;14.65%;Циферблатные индикаторы;Так;*;Ні;
DIBA2206;"Кліщі для зняття ізоляції 6"" (chrome molybdenum) TOPTUL DIBA";ok;586.00;586.00;+0.00%;760.00;680.00;-10.53%;15.00%;default;Так;*;Ні;
DIBB1009;Кліщі для обтискача клем і зняття ізоляції TOPTUL DIBB1009;ok;709.00;709.00;+0.00%;910.00;790.00;-13.19%;10.63%;Ручные обжимные инструменты;Так;*;Ні;
DIBB2009;Кліщі для обтискача клем і зняття ізоляції TOPTUL DIBB2009;ok;709.00;709.00;+0.00%;910.00;790.00;-13.19%;10.63%;Ручные обжимные инструменты;Так;*;Ні;
DICA1306;Знімач ізоляції автоматичний TOPTUL DICA1306;ok;781.00;781.00;+0.00%;1000.00;900.00;-10.00%;15.00%;default;Так;*;Ні;
DIDA1020;Знімач ізоляції мультифункціональний d0.8-2.6мм TOPTUL DIDA1;ok;467.00;467.00;+0.00%;610.00;540.00;-11.48%;15.00%;default;Так;*;Ні;
DIDA1430;Знімач ізоляції мультифункціональний d0.8-2.6мм TOPTUL DIDA1;ok;494.00;494.00;+0.00%;640.00;570.00;-10.94%;15.00%;default;Так;*;Ні;
DIDW0101;Ключ для розбирання дизельних форсунок Ø10мм (ХЗСО) КРФШГР D;ok;263.00;263.00;+0.00%;2100.00;310.00;-85.24%;14.60%;Механические съемники;Ні;*;Так;відсутній у фіді + подешевшало на 85.2%
DIGI0012;Цифровий індикатор годинного типу 0-12,7 мм 0,01 мм PROTESTE;ok;948.00;948.00;+0.00%;1310.00;1090.00;-16.79%;14.65%;Циферблатные индикаторы;Так;*;Ні;
DIGI0025;Цифровий індикатор годинного типу 0-25,4мм 0,01мм PROTESTER ;ok;1192.00;1192.00;+0.00%;1540.00;1370.00;-11.04%;14.65%;Циферблатные индикаторы;Так;*;Ні;
DJAA0110;"Кусачки торцеві 10"" TOPTUL DJAA0110";ok;759.00;759.00;+0.00%;970.00;870.00;-10.31%;13.65%;Бокорезы, кусачки;Так;*;Ні;
DJAA1208;"Кусачки торцеві 8"" TOPTUL DJAA1208";ok;582.00;582.00;+0.00%;750.00;670.00;-10.67%;13.65%;Бокорезы, кусачки;Так;*;Ні;
DJAA1210;"Кусачки торцеві 10"" TOPTUL DJAA1210";ok;822.00;822.00;+0.00%;1050.00;940.00;-10.48%;13.65%;Бокорезы, кусачки;Так;*;Ні;
DJAB0106;"Лещата слюсарні поворотні 6"" багатоцільові TOPTUL DJAB0106";ok;15583.00;15583.00;+0.00%;19390.00;17700.00;-8.72%;13.55%;Тиски;Так;*;Ні;
DJAC0103;"Лещата слюсарні поворотні 3 "" TOPTUL DJAC0103";ok;4713.00;4713.00;+0.00%;5880.00;5360.00;-8.84%;13.55%;Тиски;Так;*;Ні;
DJAC0104;"Лещата слюсарні поворотні 4 ""100 мм TOPTUL DJAC0104";ok;5467.00;5467.00;+0.00%;6820.00;6210.00;-8.94%;13.55%;Тиски;Так;*;Ні;
DJAC0105;"Лещата слюсарні поворотні 5 "" TOPTUL DJAC0105";ok;6795.00;6795.00;+0.00%;8470.00;7720.00;-8.85%;13.55%;Тиски;Так;*;Ні;
DJAC0106;"Лещата слюсарні поворотні 6 "" TOPTUL DJAC0106";ok;8175.00;8175.00;+0.00%;10180.00;9290.00;-8.74%;13.55%;Тиски;Так;*;Ні;
DJAC0108;"Лещата слюсарні поворотні 8 "" TOPTUL DJAC0108";ok;11486.00;11486.00;+0.00%;14300.00;13050.00;-8.74%;13.55%;Тиски;Так;*;Ні;
DJAC0110;"Лещата слюсарні поворотні 10 "" TOPTUL DJAC0110";ok;16358.00;16358.00;+0.00%;20350.00;18580.00;-8.70%;13.55%;Тиски;Так;*;Ні;
DJAD0104;"Лещата слюсарні поворотні 4"" ковані TOPTUL DJAD0104";ok;7880.00;7880.00;+0.00%;9820.00;8950.00;-8.86%;13.55%;Тиски;Так;*;Ні;
DJAD0105;"Лещата слюсарні поворотні 5"" ковані TOPTUL DJAD0105";ok;10287.00;10287.00;+0.00%;12810.00;11690.00;-8.74%;13.55%;Тиски;Так;*;Ні;
DJAD0106;"Лещата слюсарні поворотні 6"" ковані TOPTUL DJAD0106";ok;14530.00;14530.00;+0.00%;18080.00;16500.00;-8.74%;13.55%;Тиски;Так;*;Ні;
DJAD0107;"Лещата слюсарні поворотні 7"" ковані TOPTUL DJAD0107";ok;17214.00;17214.00;+0.00%;21410.00;19550.00;-8.69%;13.55%;Тиски;Так;*;Ні;
DJBA2206;"Кусачки торцеві 6"" (chrome molybdenum) TOPTUL DJBA2206";ok;585.00;585.00;+0.00%;760.00;670.00;-11.84%;13.65%;Бокорезы, кусачки;Так;*;Ні;
DJBA2208;"Кусачки торцеві 8"" (chrome molybdenum) TOPTUL DJBA2208";ok;769.00;769.00;+0.00%;980.00;880.00;-10.20%;13.65%;Бокорезы, кусачки;Так;*;Ні;
DJBB2204;"Кусачки торцеві TOPTUL 4"" DJBB2204";ok;239.00;239.00;+0.00%;330.00;280.00;-15.15%;13.65%;Бокорезы, кусачки;Ні;*;Так;відсутній у фіді
DJCB2205;"Кусачки торцеві 5"" (chrome molybdenum) TOPTUL DJCB2205";ok;502.00;502.00;+0.00%;650.00;580.00;-10.77%;13.65%;Бокорезы, кусачки;Так;*;Ні;
DKAA2226;Кліщі для обтиску клем і зняття ізоляції посилені TOPTUL DKA;ok;892.00;892.00;+0.00%;1140.00;990.00;-13.16%;10.63%;Ручные обжимные инструменты;Так;*;Ні;
DKAC2420;Клещи для обжимки (RJ11/RJ12/RJ45) и снятия изоляции трещото;ok;1500.00;1500.00;+0.00%;1890.00;1660.00;-12.17%;10.63%;Ручные обжимные инструменты;Так;*;Ні;
DKBB2307;Кліщі для обтискача клем з тріскачкою 1,25-2-3,5 квмм L170мм;ok;1475.00;1475.00;+0.00%;1860.00;1640.00;-11.83%;10.63%;Ручные обжимные инструменты;Так;*;Ні;
DKBB2315;Кліщі для обтиску клем з тріскачкою 5,5-8-14-22-38 квмм L380;ok;3166.00;3166.00;+0.00%;3960.00;3510.00;-11.36%;10.63%;Ручные обжимные инструменты;Так;*;Ні;
DKCA2222;Кліщі для обтиску клем й зняття ізоляції з тріскачкою 2 в 1 ;ok;1770.00;1770.00;+0.00%;2230.00;1960.00;-12.11%;10.63%;Ручные обжимные инструменты;Так;*;Ні;
DKCB2567;Кліщі для обтиску клем L670mm Heavy Duty TOPTUL DKCB2567;ok;6405.00;6405.00;+0.00%;7990.00;7090.00;-11.26%;10.63%;Ручные обжимные инструменты;Так;*;Ні;
DL-H-2;Мастило літієве консистентне в тубі 400г (Ізраїль) DL-H-2;ok;230.00;230.00;+0.00%;1250.00;270.00;-78.40%;15.00%;default;Ні;*;Так;відсутній у фіді + подешевшало на 78.4%
DLAH2016;Змінні губки для кліщів обжимння клем (тип H2) TOPTUL DLAH20;ok;674.00;674.00;+0.00%;870.00;750.00;-13.79%;10.63%;Ручные обжимные инструменты;Ні;*;Так;відсутній у фіді
DLAH7012;Змінні губки для кліщів обжимння клем (тип H7) TOPTUL DLAH70;ok;674.00;674.00;+0.00%;870.00;750.00;-13.79%;10.63%;Ручные обжимные инструменты;Так;*;Ні;
DLAK2012;Змінні губки для кліщів обжимння клем (тип K2) TOPTUL DLAK20;ok;674.00;674.00;+0.00%;870.00;750.00;-13.79%;10.63%;Ручные обжимные инструменты;Ні;*;Так;відсутній у фіді
DLAK6012;Змінні губки для кліщів обжимння клем (тип K6) TOPTUL DLAK60;ok;674.00;674.00;+0.00%;870.00;750.00;-13.79%;10.63%;Ручные обжимные инструменты;Ні;*;Так;відсутній у фіді
DLK-HEP-2;Мастило літієве консистентне в тубі 400г Premium (Ізраїль) D;ok;285.00;285.00;+0.00%;380.00;330.00;-13.16%;15.00%;default;Ні;*;Так;відсутній у фіді
DMAA1A06;Кліщі затискні з фіксатором 160мм (C - тип) TOPTUL DMAA1A06;ok;392.00;392.00;+0.00%;520.00;450.00;-13.46%;13.65%;Зажимные клещи;Так;*;Ні;
DMAA1A11;Кліщі затискні з фіксатором 280мм (C - тип) TOPTUL DMAA1A11;ok;858.00;858.00;+0.00%;1090.00;980.00;-10.09%;13.65%;Зажимные клещи;Так;*;Ні;
DMAA1A18;Кліщі затискні з фіксатором 460мм (C - тип) TOPTUL DMAA1A18;ok;1344.00;1344.00;+0.00%;1700.00;1530.00;-10.00%;13.65%;Зажимные клещи;Так;*;Ні;
DMAB1A18;"Ключ ланцюговий (трубний) 18 "" TOPTUL DMAB1A18";ok;803.00;803.00;+0.00%;1030.00;930.00;-9.71%;15.14%;Трубные ключи;Так;*;Ні;
DMAC1A10;"Знімач м / фільтра ""стиск"" 53-118мм TOPTUL DMAC1A10";ok;703.00;703.00;+0.00%;900.00;810.00;-10.00%;14.60%;Съемники автомобильных фильтров;Так;*;Ні;
DMAD1A09;Кліщі затискні з фіксатором 230мм (R - тип) TOPTUL DMAD1A09;ok;814.00;814.00;+0.00%;1040.00;930.00;-10.58%;13.65%;Зажимные клещи;Так;*;Ні;
DMAE1A06;Кліщі затискні з фіксатором 150мм (G - тип) TOPTUL DMAE1A06;ok;384.00;384.00;+0.00%;510.00;440.00;-13.73%;13.65%;Зажимные клещи;Так;*;Ні;
DMAF1A06;Кліщі затискні з фіксатором 150мм (Go - тип) TOPTUL DMAF1A06;ok;384.00;384.00;+0.00%;510.00;440.00;-13.73%;13.65%;Зажимные клещи;Так;*;Ні;
DMAH1A10;Кліщі затискні з фіксатором 250мм TOPTUL DMAH1A10;ok;1085.00;1085.00;+0.00%;1380.00;1240.00;-10.14%;13.65%;Зажимные клещи;Так;*;Ні;
DMAI1A08;Кліщі затискні з фіксатором 200мм TOPTUL DMAI1A08;ok;1036.00;1036.00;+0.00%;1320.00;1180.00;-10.61%;13.65%;Зажимные клещи;Так;*;Ні;
DMAJ1A09;Кліщі затискні з фіксатором 230мм TOPTUL DMAJ1A09;ok;1040.00;1040.00;+0.00%;1320.00;1190.00;-9.85%;13.65%;Зажимные клещи;Так;*;Ні;
DMAK1A09;Кліщі затискні з фіксатором 215мм TOPTUL DMAK1A09;ok;1011.00;1011.00;+0.00%;1280.00;1150.00;-10.16%;13.65%;Зажимные клещи;Так;*;Ні;
DMAL1A09;Кліщі затискні з фіксатором 210мм TOPTUL DMAL1A09;ok;1033.00;1033.00;+0.00%;1310.00;1180.00;-9.92%;13.65%;Зажимные клещи;Так;*;Ні;
DMAM1A08;Кліщі затискні з фіксатором 195мм TOPTUL DMAM1A08;ok;1044.00;1044.00;+0.00%;1330.00;1190.00;-10.53%;13.65%;Зажимные клещи;Так;*;Ні;
DMAQ2210;Кліщі затискні з фіксатором і кусачками 250мм Pro-Series TOP;ok;792.00;792.00;+0.00%;1010.00;910.00;-9.90%;13.65%;Зажимные клещи;Так;*;Ні;
DNAA1206;"Кусачки 6"" (для відрізання кабелю) TOPTUL DNAA1206";ok;463.00;463.00;+0.00%;600.00;530.00;-11.67%;13.55%;Секторные ножницы, тросорезы;Так;*;Ні;
DNAA1208;"Кусачки 8"" (для відрізання кабелю) TOPTUL DNAA1208";ok;583.00;583.00;+0.00%;750.00;670.00;-10.67%;13.65%;Бокорезы, кусачки;Ні;*;Так;відсутній у фіді
DNAA1210;"Кусачки 10"" (для відрізання кабелю) TOPTUL DNAA1210";ok;795.00;795.00;+0.00%;1020.00;910.00;-10.78%;13.65%;Бокорезы, кусачки;Так;*;Ні;
DNAB1010;"Кусачки 10"" з трещіткою (для відрізання кабелю) TOPTUL DNAB1";ok;3213.00;3213.00;+0.00%;4020.00;3650.00;-9.20%;13.55%;Секторные ножницы, тросорезы;Так;*;Ні;
DNAC1218;"Кусачки 18"" (для відрізання кабелю d21мм) TOPTUL DNAC1218";ok;1998.00;1998.00;+0.00%;2510.00;2280.00;-9.16%;13.65%;Бокорезы, кусачки;Так;*;Ні;
DNAC1223;"Кусачки 23"" (для відрізання кабеля d32мм) TOPTUL DNAC1223";ok;3047.00;3047.00;+0.00%;3810.00;3460.00;-9.19%;13.55%;Секторные ножницы, тросорезы;Так;*;Ні;
DNCA227E;"Кусачки 7,5"" (для відрізання троса) TOPTUL DNCA227E";ok;1053.00;1053.00;+0.00%;1340.00;1200.00;-10.45%;13.65%;Бокорезы, кусачки;Так;*;Ні;
DO-10B;Пістолет пневматичний для розпилення рідин AUARITA DO-10B;ok;362.00;362.00;+0.00%;1600.00;410.00;-74.38%;10.63%;Пневматические продувочные пистолеты;Так;*;Так;подешевшало на 74.4%
DOAA1208;"Кусачки торцеві 8"" TOPTUL DOAA1208";ok;524.00;524.00;+0.00%;680.00;600.00;-11.76%;13.65%;Бокорезы, кусачки;Так;*;Ні;
DPA-2C;"Домкрат пневматичний DPA - 2C 2,8т"" AIR KRAFT""";ok;6100.00;6100.00;+0.00%;7610.00;7000.00;-8.02%;14.69%;Автомобильные домкраты, подставки;Так;*;Ні;
DPA-2RK;"Домкрат пневматичний коротка ручка DPA - 2RK 2,8т"" AIRKRAFT""";ok;6100.00;6100.00;+0.00%;7610.00;7000.00;-8.02%;14.69%;Автомобильные домкраты, подставки;Так;*;Ні;
DPA-3C;"Домкрат пневматичний DPA-3C 4,2т "" AIR KRAFT""";ok;7500.00;7500.00;+0.00%;9350.00;8610.00;-7.91%;14.69%;Автомобильные домкраты, подставки;Так;*;Ні;
DPA-3RK;"Домкрат пневматичний коротка ручка DPA-3RK 4,2т "" AIR KRAFT""";ok;7500.00;7500.00;+0.00%;9350.00;8610.00;-7.91%;14.69%;Автомобильные домкраты, подставки;Так;*;Ні;
DPAA2208;"Кусачки (болторіз) 8"" посилені TOPTUL DPAA2208";ok;1162.00;1162.00;+0.00%;1470.00;1330.00;-9.52%;13.65%;Бокорезы, кусачки;Так;*;Ні;
DRYING-A;Обдувний пістолет для сушіння лакофарбових матеріалів пневма;ok;1756.00;1756.00;+0.00%;2210.00;1950.00;-11.76%;10.63%;Пневматические продувочные пистолеты;Так;*;Ні;
DRYING-B;Обдувний пістолет для сушіння лакофарбових матеріалів пневма;ok;3616.00;3616.00;+0.00%;4520.00;4010.00;-11.28%;10.63%;Пневматические продувочные пистолеты;Так;*;Ні;
DRYING-C;Обдувний пістолет для сушіння лакофарбових матеріалів пневма;ok;2583.00;2583.00;+0.00%;3240.00;2860.00;-11.73%;10.63%;Пневматические продувочные пистолеты;Так;*;Ні;
DT-030I2;Ключ динамометричний двосторонньої дії 1.5-30Нм (цифровий) 1;ok;13653.00;13653.00;+0.00%;16990.00;15750.00;-7.30%;15.34%;Динамометрические ключи;Так;*;Ні;
DT-030S2;Ключ динамометричний двосторонньої дії 1.5-30Нм (цифровий) 1;ok;12143.00;12143.00;+0.00%;15110.00;14010.00;-7.28%;15.34%;Динамометрические ключи;Так;*;Ні;
DT-085S3;Ключ динамометричний двосторонньої дії 4.2-85Нм (цифровий) 3;ok;12363.00;12363.00;+0.00%;15390.00;14260.00;-7.34%;15.34%;Динамометрические ключи;Так;*;Ні;
DT-100N;Ключ динамометричний двосторонньої дії 10-100Нм (цифровий) 3;ok;11953.00;11953.00;+0.00%;14880.00;13790.00;-7.33%;15.34%;Динамометрические ключи;Ні;*;Так;відсутній у фіді
DT-135I3;Ключ динамометричний двосторонньої дії 6,8-135Нм (цифровий) ;ok;14137.00;14137.00;+0.00%;17590.00;16310.00;-7.28%;15.34%;Динамометрические ключи;Ні;*;Так;відсутній у фіді
DT-135S4;Ключ динамометричний двосторонньої дії 6.8-135Нм (цифровий) ;ok;13076.00;13076.00;+0.00%;16270.00;15090.00;-7.25%;15.34%;Динамометрические ключи;Так;*;Ні;
DT-200I4;Ключ динамометричний двосторонньої дії 10-200Нм (цифровий) 1;ok;15600.00;15600.00;+0.00%;19410.00;18000.00;-7.26%;15.34%;Динамометрические ключи;Так;*;Ні;
DT-200N0;Ключ динамометричний двосторонньої дії 20-200Нм (цифровий) 1;ok;12796.00;12796.00;+0.00%;15930.00;14760.00;-7.34%;15.34%;Динамометрические ключи;Так;*;Ні;
DT-340I4;Ключ динамометричний двосторонньої дії 17-340Нм (цифровий) 1;ok;16576.00;16576.00;+0.00%;20620.00;19120.00;-7.27%;15.34%;Динамометрические ключи;Так;*;Ні;
DTA-030N;"Цифровий динамометричний адаптер двосторонньої дії 1/4"" 6-30";ok;2748.00;2748.00;+0.00%;3440.00;3170.00;-7.85%;15.34%;Динамометрические ключи;Так;*;Ні;
DTA-135A4;"Цифровий динамометрический адаптер + шкала довороту 1/2"" 6.8";ok;10193.00;10193.00;+0.00%;12690.00;11760.00;-7.33%;15.34%;Динамометрические ключи;Так;*;Ні;
DTA-135N;"Цифровий динамометричний адаптер двосторонньої дії 3/8"" 27-1";ok;2748.00;2748.00;+0.00%;3440.00;3170.00;-7.85%;15.34%;Динамометрические ключи;Так;*;Ні;
DTA-200A4;"Цифровий динамометрический адаптер + шкала довороту 1/2"" 10-";ok;10461.00;10461.00;+0.00%;13020.00;12070.00;-7.30%;15.34%;Динамометрические ключи;Так;*;Ні;
DTA-200N;"Цифровий динамометричний адаптер двосторонньої дії 1/2"" 40-2";ok;2748.00;2748.00;+0.00%;3440.00;3170.00;-7.85%;15.34%;Динамометрические ключи;Так;*;Ні;
DTA-340A4;"Цифровий динамометрический адаптер + шкала довороту 1/2"" 17-";ok;10723.00;10723.00;+0.00%;13350.00;12370.00;-7.34%;15.34%;Динамометрические ключи;Так;*;Ні;
DTC-12;Насадка для подкачки колес 220ммAIRKRAFT DTC-12;ok;128.00;128.00;+0.00%;1040.00;150.00;-85.58%;15.24%;Пневматические пистолеты подкачки шин;Так;*;Так;подешевшало на 85.6%
DTD-360A;Шкала доворотная електронна з магнітним кріпленням 1°~360° T;ok;5686.00;5686.00;+0.00%;7090.00;6540.00;-7.76%;15.00%;default;Так;*;Ні;
DVC0115;Штангенциркуль цифровий 150мм СТАНДАРТ;ok;887.00;887.00;+0.00%;1130.00;1020.00;-9.73%;14.65%;Штангенинструмент;Так;*;Ні;
E102-5-1;Cоединитель на шланг (тройник латунь) Y-обр 6*6*6мм AIRKRAFT;ok;33.00;40.00;+21.21%;1310.00;50.00;-96.18%;15.00%;default;Так;*;Так;подешевшало на 96.2%
E102-5-2;Cоединитель на шланг (тройник латунь) Y-обр 8*8*8мм AIRKRAFT;ok;37.00;45.00;+21.62%;1150.00;60.00;-94.78%;15.00%;default;Так;*;Так;подешевшало на 94.8%
E102-5-3;Cоединитель на шланг (тройник латунь) Y-обр 10*10*10мм AIRKR;ok;43.00;52.00;+20.93%;2460.00;60.00;-97.56%;15.00%;default;Так;*;Так;подешевшало на 97.6%
E102-5-4;Cоединитель на шланг (тройник латунь) Y-обр 12*12*12мм AIRKR;ok;50.00;59.00;+18.00%;7790.00;70.00;-99.10%;15.00%;default;Так;*;Так;подешевшало на 99.1%
E102-6-1;Cоединитель на шланг (тройник латунь) T-обр 6*6*6мм AIRKRAFT;ok;33.00;40.00;+21.21%;500.00;50.00;-90.00%;10.63%;Компоненты пневматики;Так;*;Так;подешевшало на 90.0%
E102-6-2;Cоединитель на шланг (тройник латунь) T-обр 8*8*8мм AIRKRAFT;ok;37.00;42.00;+13.51%;850.00;50.00;-94.12%;10.63%;Компоненты пневматики;Так;*;Так;подешевшало на 94.1%
E102-6-3;Cоединитель на шланг (тройник латунь) T-обр 10*10*10мм AIRKR;ok;47.00;55.00;+17.02%;770.00;70.00;-90.91%;10.63%;Компоненты пневматики;Так;*;Так;подешевшало на 90.9%
E102-6-4;Cоединитель на шланг (тройник латунь) T-обр 12*12*12мм AIRKR;ok;51.00;60.00;+17.65%;3260.00;70.00;-97.85%;10.63%;Компоненты пневматики;Так;*;Так;подешевшало на 97.9%
E102-7-1;Cоединитель на шланг (крестовина латунь) X-обр 6*6*6мм AIRKR;ok;49.00;59.00;+20.41%;2790.00;70.00;-97.49%;15.00%;default;Так;*;Так;подешевшало на 97.5%
E102-7-2;Cоединитель на шланг (крестовина латунь) X-обр 8*8*8мм AIRKR;ok;52.00;52.00;+0.00%;1170.00;60.00;-94.87%;15.00%;default;Так;*;Так;подешевшало на 94.9%
E102-7-3;Cоединитель на шланг (крестовина латунь) X-обр 10*10*10мм AI;ok;59.00;59.00;+0.00%;27460.00;70.00;-99.75%;10.63%;Компоненты пневматики;Так;*;Так;подешевшало на 99.7%
E102-7-4;Cоединитель на шланг (крестовина латунь) X-обр 12*12*12мм AI;ok;70.00;70.00;+0.00%;8460.00;80.00;-99.05%;10.63%;Компоненты пневматики;Так;*;Так;подешевшало на 99.1%
EA-600;Датчик тиску масла;ok;2086.00;2086.00;+0.00%;2620.00;2410.00;-8.02%;15.12%;Компрессометры и масломеры автомобильные;Ні;*;Так;відсутній у фіді
EAAA0169;Тестер напруги мультифункціональний з цифровим дисплеєм 12~6;ok;2302.00;2302.00;+0.00%;2890.00;2660.00;-7.96%;15.51%;Мультиметры;Так;*;Ні;
EAAB0260E;Цифровий мультиметр TOPTUL EAAB0260E;ok;2586.00;2586.00;+0.00%;3240.00;2990.00;-7.72%;15.51%;Мультиметры;Так;*;Ні;
EAAC0260E;Струмовимірювальні кліщі з ЖК-дисплеєм (0-600А) TOPTUL EAAC0;ok;6707.00;6707.00;+0.00%;8360.00;7750.00;-7.30%;15.51%;Мультиметры;Так;*;Ні;
EAAD0112;Тестер акумуляторних батарей універсальний TOPTUL EAAD0112;ok;2682.00;2682.00;+0.00%;3360.00;3070.00;-8.63%;14.29%;Тестеры для аккумуляторов;Так;*;Ні;
EABA0155;Термометр інфрачервоний безконтактний (пірометр) TOPTUL EABA;ok;3582.00;3582.00;+0.00%;4480.00;4110.00;-8.26%;14.69%;Термометры, пирометры, тепловизоры;Так;*;Ні;
EBAA0110;Дріт паяльний олов'яний d1мм в тубі TOPTUL EBAA0110;ok;198.00;198.00;+0.00%;270.00;230.00;-14.81%;15.00%;default;Так;*;Ні;
EBAB0120;Помпа для видалення припою TOPTUL EBAB0120;ok;320.00;320.00;+0.00%;430.00;370.00;-13.95%;15.00%;default;Так;*;Ні;
EGAE0801;Паяльник газовий 150W з комплектом насадок 8од TOPTUL EGAE08;ok;1737.00;1737.00;+0.00%;2190.00;2000.00;-8.68%;14.73%;Паяльники;Так;*;Ні;
EHF0200;Молоток 200г ручка з фібергласа СТАНДАРТ;ok;126.00;126.00;+0.00%;180.00;150.00;-16.67%;13.55%;Молотки, кувалды, киянки;Ні;*;Так;відсутній у фіді
EHF0300;Молоток 300г ручка з фібергласу СТАНДАРТ;ok;166.00;166.00;+0.00%;230.00;190.00;-17.39%;13.55%;Молотки, кувалды, киянки;Так;*;Ні;
EHF0500;Молоток 500г ручка з фібергласу СТАНДАРТ;ok;203.00;203.00;+0.00%;280.00;240.00;-14.29%;13.55%;Молотки, кувалды, киянки;Ні;*;Так;відсутній у фіді
EHF0800;Молоток 800г ручка з фібергласу СТАНДАРТ;ok;301.00;301.00;+0.00%;400.00;350.00;-12.50%;13.55%;Молотки, кувалды, киянки;Ні;*;Так;відсутній у фіді
EHF1000;Молоток 1000г ручка з фібергласу СТАНДАРТ;ok;324.00;324.00;+0.00%;430.00;370.00;-13.95%;13.55%;Молотки, кувалды, киянки;Ні;*;Так;відсутній у фіді
EHW0200;Молоток 200г ручка з дерева СТАНДАРТ;ok;117.00;117.00;+0.00%;170.00;140.00;-17.65%;13.55%;Молотки, кувалды, киянки;Так;*;Ні;
EHW0300;Молоток 300г ручка з дерева СТАНДАРТ;ok;131.00;131.00;+0.00%;190.00;150.00;-21.05%;13.55%;Молотки, кувалды, киянки;Так;*;Так;подешевшало на 21.1%
EHW0500;Молоток 500г ручка з дерева СТАНДАРТ;ok;180.00;180.00;+0.00%;250.00;210.00;-16.00%;13.55%;Молотки, кувалды, киянки;Так;*;Ні;
EHW0800;Молоток 800г ручка з дерева СТАНДАРТ;ok;250.00;250.00;+0.00%;340.00;290.00;-14.71%;13.55%;Молотки, кувалды, киянки;Ні;*;Так;відсутній у фіді
EHW1000;Молоток 1000г ручка з дерева СТАНДАРТ;ok;299.00;299.00;+0.00%;400.00;340.00;-15.00%;13.55%;Молотки, кувалды, киянки;Ні;*;Так;відсутній у фіді
EPR10TXPL;"Головка торцева 1/4"" TORX PLUS 5гр EPR10 (TESLA) (ХЗСО) EPR1";ok;199.00;199.00;+0.00%;280.00;230.00;-17.86%;15.14%;Торцевые головки;Так;*;Ні;
ERPL0107;Знімач реактивних тяг ВАЗ 2101-2107 (ХЗСО) РЕАКТ ERPL0107;ok;697.00;697.00;+0.00%;890.00;800.00;-10.11%;14.60%;Механические съемники;Так;*;Ні;
ESP-150;Пусковий пристрій для автомобіля 12V (повербанк 15000 mAh + ;ok;8778.00;8778.00;+0.00%;10930.00;10100.00;-7.59%;15.00%;default;Ні;*;Так;відсутній у фіді
ETP1050;Викрутка -індикатор напруги ( фазометр ) 100-500В СТАНДАРТ;ok;29.00;29.00;+0.00%;60.00;40.00;-33.33%;15.29%;Отвертки;Так;*;Так;подешевшало на 33.3%
EXRP2101;Знімач реактивних тяг ВАЗ 2101-2107 (ХЗСО) РЕАКТ-Пуля EXRP21;ok;121.00;121.00;+0.00%;180.00;140.00;-22.22%;14.60%;Механические съемники;Так;*;Так;подешевшало на 22.2%
F-3-0.5;Пістолет фарбувальний пневматичний тип HP верхній металевий ;ok;553.00;553.00;+0.00%;7750.00;630.00;-91.87%;13.20%;Пневматические краскопульты;Так;*;Так;подешевшало на 91.9%
F-3-0.8;Пістолет фарбувальний пневматичний тип HP верхній металевий ;ok;580.00;580.00;+0.00%;6790.00;660.00;-90.28%;13.20%;Пневматические краскопульты;Так;*;Так;подешевшало на 90.3%
F-75G-1.5;Пістолет фарбувальний пневматичний тип HP верхній металевий ;ok;553.00;553.00;+0.00%;1350.00;630.00;-53.33%;13.20%;Пневматические краскопульты;Так;*;Так;подешевшало на 53.3%
F50Q;"Степлер пневматичний під цвяхи (1.00 * 1.25; 10-50) Ga18 (за";ok;2028.00;2028.00;+0.00%;3620.00;2250.00;-37.85%;10.63%;Пневматические степлеры;Так;*;Так;подешевшало на 37.8%
FAAB0308;Викрутка шліцева 3.0 x 75mm TOPTUL FAAB0308;ok;115.00;115.00;+0.00%;170.00;140.00;-17.65%;15.29%;Отвертки;Так;*;Ні;
FAAB0410;Викрутка шліцева 4.0 x 100mm TOPTUL FAAB0410;ok;131.00;131.00;+0.00%;190.00;160.00;-15.79%;15.29%;Отвертки;Так;*;Ні;
FAAB0818;Викрутка шліцева 8.0 x 175mm TOPTUL FAAB0818;ok;207.00;207.00;+0.00%;290.00;240.00;-17.24%;15.29%;Отвертки;Так;*;Ні;
FAAB1020;Викрутка шліцева 10.0 X 200mm TOPTUL FAAB1020;ok;278.00;278.00;+0.00%;370.00;330.00;-10.81%;15.29%;Отвертки;Так;*;Ні;
FAAB3E10;Викрутка шліцева 3.5 x 100mm TOPTUL FAAB3E10;ok;118.00;118.00;+0.00%;170.00;140.00;-17.65%;15.29%;Отвертки;Так;*;Ні;
FAAB5E10;Викрутка шліцева 5.5 x 100mm TOPTUL FAAB5E10;ok;140.00;140.00;+0.00%;200.00;170.00;-15.00%;15.29%;Отвертки;Так;*;Ні;
FAAB5E15;Викрутка шліцева 5.5 x 150mm TOPTUL FAAB5E15;ok;150.00;150.00;+0.00%;210.00;180.00;-14.29%;15.29%;Отвертки;Так;*;Ні;
FAAB6E10;Викрутка шліцева 6.5 x 100mm TOPTUL FAAB6E10;ok;155.00;155.00;+0.00%;220.00;180.00;-18.18%;15.29%;Отвертки;Так;*;Ні;
FAAB6E15;Викрутка шліцева 6.5 x 150mm TOPTUL FAAB6E15;ok;166.00;166.00;+0.00%;230.00;200.00;-13.04%;15.29%;Отвертки;Так;*;Ні;
FAAB6E20;Викрутка 6.5 x 200mm TOPTUL FAAB6E20;ok;194.00;194.00;+0.00%;270.00;230.00;-14.81%;15.29%;Отвертки;Так;*;Ні;
FAAD0410;Викрутка шліцева 4.0 x 100mm Anti-Slip TOPTUL FAAD0410;ok;166.00;166.00;+0.00%;230.00;200.00;-13.04%;15.29%;Отвертки;Так;*;Ні;
FAAD5E10;Викрутка 5.5 x 100mm Anti-Slip TOPTUL FAAD5E10;ok;170.00;170.00;+0.00%;240.00;200.00;-16.67%;15.29%;Отвертки;Так;*;Ні;
FAAD5E15;Викрутка 5.5 x 150mm Anti-Slip TOPTUL FAAD5E15;ok;180.00;180.00;+0.00%;250.00;210.00;-16.00%;15.29%;Отвертки;Так;*;Ні;
FAAD6E10;Викрутка 6.5 x 100mm Anti-Slip TOPTUL FAAD6E10;ok;176.00;176.00;+0.00%;250.00;210.00;-16.00%;15.29%;Отвертки;Так;*;Ні;
FAAD6E15;Викрутка 6.5 x 150mm Anti-Slip TOPTUL FAAD6E15;ok;187.00;187.00;+0.00%;260.00;220.00;-15.38%;15.29%;Отвертки;Так;*;Ні;
FABB0403;Викрутка шліцева 4.0 x 25mm TOPTUL FABB0403;ok;117.00;117.00;+0.00%;170.00;140.00;-17.65%;15.29%;Отвертки;Так;*;Ні;
FABB5E03;Викрутка шліцева 5.5 x 25mm TOPTUL FABB5E03;ok;117.00;117.00;+0.00%;170.00;140.00;-17.65%;15.29%;Отвертки;Так;*;Ні;
FABB6E03;Викрутка шліцева 6.5 x 25mm TOPTUL FABB6E03;ok;118.00;118.00;+0.00%;170.00;140.00;-17.65%;15.29%;Отвертки;Так;*;Ні;
FACB0440;Викрутка шліцева 4.0 x 400mm TOPTUL FACB0440;ok;248.00;248.00;+0.00%;340.00;290.00;-14.71%;15.29%;Отвертки;Так;*;Ні;
FACB1030;Викрутка шліцева 10.0 x 300mm TOPTUL FACB1030;ok;400.00;400.00;+0.00%;530.00;470.00;-11.32%;15.29%;Отвертки;Ні;*;Так;відсутній у фіді
FACB1040;Викрутка 10.0 x 400mm TOPTUL FACB1040;ok;467.00;467.00;+0.00%;610.00;540.00;-11.48%;15.29%;Отвертки;Ні;*;Так;відсутній у фіді
FACB5E40;Викрутка шліцева 5.5 x 400mm TOPTUL FACB5E40;ok;274.00;274.00;+0.00%;370.00;320.00;-13.51%;15.29%;Отвертки;Так;*;Ні;
FACB6E40;Викрутка шліцева 6.5 x 400mm TOPTUL FACB6E40;ok;283.00;283.00;+0.00%;380.00;330.00;-13.16%;15.29%;Отвертки;Так;*;Ні;
FAEB0308;Викрутка шліцева 3 x 75mm ізольована (1000V) TOPTUL FAEB0308;ok;135.00;135.00;+0.00%;200.00;160.00;-20.00%;15.29%;Отвертки;Так;*;Так;подешевшало на 20.0%
FAEB0410;Викрутка шліцева 4 x 100mm ізольована (1000V) TOPTUL FAEB041;ok;146.00;146.00;+0.00%;210.00;170.00;-19.05%;15.29%;Отвертки;Так;*;Ні;
FAEB0818;Викрутка шліцева 8 x 175mm ізольована TOPTUL FAEB0818;ok;220.00;220.00;+0.00%;300.00;260.00;-13.33%;15.29%;Отвертки;Так;*;Ні;
FAEB5E13;Викрутка шліцева 5.5 x 125mm ізольована (1000V) TOPTUL FAEB5;ok;167.00;167.00;+0.00%;240.00;200.00;-16.67%;15.29%;Отвертки;Так;*;Ні;
FAEB6E15;Викрутка шліцева 6.5 x 150mm ізольована TOPTUL FAEB6E15;ok;186.00;186.00;+0.00%;260.00;220.00;-15.38%;15.29%;Отвертки;Так;*;Ні;
FAEF0410V4;Викрутка шліцьова 4 x 100mm ізольована (1000V) VDE Pro-Plus ;ok;160.00;160.00;+0.00%;230.00;190.00;-17.39%;15.29%;Отвертки;Ні;*;Так;відсутній у фіді
FAEF5E13V4;Викрутка шліцьова 5.5 x 125mm ізольована (1000V) VDE Pro-Plu;ok;188.00;188.00;+0.00%;700.00;220.00;-68.57%;15.29%;Отвертки;Так;*;Так;подешевшало на 68.6%
FAGB0818;Викрутка шліцева 8.0 x 175mm (з шестигранником ударна) TOPTU;ok;305.00;305.00;+0.00%;410.00;360.00;-12.20%;15.29%;Отвертки;Так;*;Ні;
FAGB1020;Викрутка шліцева 10.0 x 200mm (з шестигранником ударна) TOPT;ok;338.00;338.00;+0.00%;450.00;390.00;-13.33%;15.29%;Отвертки;Так;*;Ні;
FAGB5E10;Викрутка шліцева 5.5 x 100mm (з шестигранником ударна) TOPTU;ok;222.00;222.00;+0.00%;300.00;260.00;-13.33%;15.29%;Отвертки;Так;*;Ні;
FAGB6E15;Викрутка шліцева 6.5 x 150mm (з шестигранником ударна) TOPTU;ok;250.00;250.00;+0.00%;340.00;290.00;-14.71%;15.29%;Отвертки;Так;*;Ні;
FAGE0510;Викрутка шліцева 5.0 x 100mm ударна SUPER GRIP TOPTUL FAGE05;ok;172.00;172.00;+0.00%;240.00;200.00;-16.67%;15.29%;Отвертки;Так;*;Ні;
FAGE5E13;Викрутка 5.5 x 125mm ударна SUPER GRIP FAGA5E13 TOPTUL FAGE5;ok;183.00;183.00;+0.00%;260.00;220.00;-15.38%;15.29%;Отвертки;Так;*;Ні;
FAGE6E15;Викрутка 6.5 x 150mm шліцева SUPER GRIP FAGA6E15 TOPTUL FAGE;ok;199.00;199.00;+0.00%;280.00;230.00;-17.86%;15.29%;Отвертки;Так;*;Ні;
FAIB0205;Викрутка прецизійна SL0.4x2x50 (L1 ) mm TOPTUL FAIB0205;ok;110.00;110.00;+0.00%;160.00;130.00;-18.75%;15.29%;Отвертки;Так;*;Ні;
FAIB0305;Викрутка прецизійна SL0.5x3x50 (L1) mm TOPTUL FAIB0305;ok;108.00;108.00;+0.00%;160.00;130.00;-18.75%;15.29%;Отвертки;Так;*;Ні;
FAIB1B05;Викрутка прецизійна SL0.25x1.2x50 (L1) mm TOPTUL FAIB1B05;ok;113.00;113.00;+0.00%;170.00;140.00;-17.65%;15.29%;Отвертки;Так;*;Ні;
FAIB1E05;Викрутка прецизійна SL0.25x1.5x50 (L1 ) mm TOPTUL FAIB1E05;ok;110.00;110.00;+0.00%;160.00;130.00;-18.75%;15.29%;Отвертки;Так;*;Ні;
FAIB2E05;Викрутка прецизійна SL0.4x2.5x50 (L1) mm TOPTUL FAIB2E05;ok;110.00;110.00;+0.00%;160.00;130.00;-18.75%;15.29%;Отвертки;Так;*;Ні;
FAJA0315;Викрутка-індикатор напруги TOPTUL FAJA0315;ok;108.00;108.00;+0.00%;160.00;130.00;-18.75%;15.29%;Отвертки;Так;*;Ні;
FAJC0816;Тестер напруги безконтактний 80-1000V AC (50-60Hz) TOPTUL FA;ok;646.00;646.00;+0.00%;830.00;750.00;-9.64%;15.00%;default;Так;*;Ні;
FAKA0404;Вороток-викрутка S-обр SL0.8x4.0 TOPTUL FAKA0404;ok;96.00;96.00;+0.00%;150.00;120.00;-20.00%;15.29%;Отвертки;Так;*;Так;подешевшало на 20.0%
FAKA5E5E;Вороток-викрутка S-обр SL1.0x5.5 TOPTUL FAKA5E5E;ok;107.00;107.00;+0.00%;780.00;130.00;-83.33%;15.29%;Отвертки;Так;*;Так;подешевшало на 83.3%
FALB1025;Викрутка 10.0 x 250mm (з шестигранником ударна) TOPTUL FALB1;ok;429.00;429.00;+0.00%;560.00;500.00;-10.71%;15.29%;Отвертки;Так;*;Ні;
FALB1030;Викрутка 10.0 x 300mm (з шестигранником ударна) TOPTUL FALB1;ok;477.00;477.00;+0.00%;620.00;550.00;-11.29%;15.29%;Отвертки;Так;*;Ні;
FALB1040;Викрутка 10.0 x 400mm (з шестигранником ударна) TOPTUL FALB1;ok;580.00;580.00;+0.00%;970.00;670.00;-30.93%;15.29%;Отвертки;Так;*;Так;подешевшало на 30.9%
FBAB0006;Викрутка хрестова PH0 x 60mm TOPTUL FBAB0006;ok;115.00;115.00;+0.00%;170.00;140.00;-17.65%;15.29%;Отвертки;Так;*;Ні;
FBAB0108;Викрутка хрестова PH1 x 80mm TOPTUL FBAB0108;ok;127.00;127.00;+0.00%;190.00;150.00;-21.05%;15.29%;Отвертки;Так;*;Так;подешевшало на 21.1%
FBAB0110;Викрутка хрестова PH1 x 100mm TOPTUL FBAB0110;ok;131.00;131.00;+0.00%;190.00;160.00;-15.79%;15.29%;Отвертки;Так;*;Ні;
FBAB0210;Викрутка хрестова PH2 x 100mm TOPTUL FBAB0210;ok;147.00;147.00;+0.00%;210.00;170.00;-19.05%;15.29%;Отвертки;Так;*;Ні;
FBAB0215;Викрутка хрестова PH2 x 150mm TOPTUL FBAB0215;ok;165.00;165.00;+0.00%;230.00;200.00;-13.04%;15.29%;Отвертки;Так;*;Ні;
FBAB0220;Викрутки PH2 x 200mm TOPTUL FBAB0220;ok;188.00;188.00;+0.00%;260.00;220.00;-15.38%;15.29%;Отвертки;Так;*;Ні;
FBAB0315;Викрутка хрестова PH3 x 150mm TOPTUL FBAB0315;ok;214.00;214.00;+0.00%;290.00;250.00;-13.79%;15.29%;Отвертки;Так;*;Ні;
FBAD0110;Викрутка хрестова PH1 x 100mm Anti-Slip TOPTUL FBAD0110;ok;167.00;167.00;+0.00%;240.00;200.00;-16.67%;15.29%;Отвертки;Так;*;Ні;
FBAD0210;Викрутка хрестова PH2 x 100mm Anti-Slip TOPTUL FBAD0210;ok;173.00;173.00;+0.00%;240.00;200.00;-16.67%;15.29%;Отвертки;Ні;*;Так;відсутній у фіді
FBAD0215;Викрутка хрестова PH2 x 150mm Anti-Slip TOPTUL FBAD0215;ok;186.00;186.00;+0.00%;260.00;220.00;-15.38%;15.29%;Отвертки;Так;*;Ні;
FBBB0103;Викрутка хрестова PH1 x 25mm TOPTUL FBBB0103;ok;117.00;117.00;+0.00%;170.00;140.00;-17.65%;15.29%;Отвертки;Так;*;Ні;
FBBB0203;Викрутка хрестова PH2 x 25mm TOPTUL FBBB0203;ok;118.00;118.00;+0.00%;170.00;140.00;-17.65%;15.29%;Отвертки;Так;*;Ні;
FBCB0225;Викрутка хрестова PH2 x 250mm TOPTUL FBCB0225;ok;207.00;207.00;+0.00%;290.00;240.00;-17.24%;15.29%;Отвертки;Так;*;Ні;
FBCB0240;Викрутка хрестова PH2 x 400mm TOPTUL FBCB0240;ok;278.00;278.00;+0.00%;370.00;330.00;-10.81%;15.29%;Отвертки;Так;*;Ні;
FBEB0008;Викрутка хрестова PH0 x 75mm ізольована (1000V) TOPTUL FBEB0;ok;135.00;135.00;+0.00%;200.00;160.00;-20.00%;15.29%;Отвертки;Так;*;Так;подешевшало на 20.0%
FBEB0110;Викрутка хрестова PH1 x 100mm ізольована (1000V) TOPTUL FBEB;ok;155.00;155.00;+0.00%;220.00;180.00;-18.18%;15.29%;Отвертки;Так;*;Ні;
FBEB0210;Викрутка хрестова PH2 x 100mm ізольована (1000V) TOPTUL FBEB;ok;168.00;168.00;+0.00%;240.00;200.00;-16.67%;15.29%;Отвертки;Так;*;Ні;
FBEB0315;Викрутка хрестова PH3 x 150mm ізольована (1000V) TOPTUL FBEB;ok;224.00;224.00;+0.00%;310.00;260.00;-16.13%;15.29%;Отвертки;Так;*;Ні;
FBEF0006V4;Викрутка хрестова PH0 x 60mm ізольована (1000V) VDE Pro-Plus;ok;153.00;153.00;+0.00%;220.00;180.00;-18.18%;15.29%;Отвертки;Так;*;Ні;
FBEF0108V4;Викрутка хрестова PH1 x 80mm ізольована (1000V) VDE Pro-Plus;ok;172.00;172.00;+0.00%;240.00;200.00;-16.67%;15.29%;Отвертки;Так;*;Ні;
FBEF0210V4;Викрутка хрестова PH2 x 100mm ізольована (1000V) VDE Pro-Plu;ok;195.00;195.00;+0.00%;270.00;230.00;-14.81%;15.29%;Отвертки;Так;*;Ні;
FBEF0315V4;Викрутка хрестова PH3 x 150mm ізольована (1000V) VDE Pro-Plu;ok;248.00;248.00;+0.00%;340.00;290.00;-14.71%;15.29%;Отвертки;Так;*;Ні;
FBGB0108;Викрутка PH1 x 75mm (з шестигранником ударна) TOPTUL FBGB010;ok;216.00;216.00;+0.00%;300.00;250.00;-16.67%;15.29%;Отвертки;Так;*;Ні;
FBGB0210;Викрутка хрестова PH2 x 100mm (з шестигранником ударна) TOPT;ok;230.00;230.00;+0.00%;310.00;270.00;-12.90%;15.29%;Отвертки;Так;*;Ні;
FBGB0315;Викрутка хрестова PH3 x 150mm (з шестигранником ударна) TOPT;ok;302.00;302.00;+0.00%;400.00;350.00;-12.50%;15.29%;Отвертки;Так;*;Ні;
FBGE0110;Викрутка хрестова PH1 x 100mm ударна SUPER GRIP TOPTUL FBGE0;ok;173.00;173.00;+0.00%;240.00;200.00;-16.67%;15.29%;Отвертки;Так;*;Ні;
FBGE0213;Викрутка хрестова PH2 x 125mm ударна SUPER GRIP TOPTUL FBGE0;ok;195.00;195.00;+0.00%;270.00;230.00;-14.81%;15.29%;Отвертки;Так;*;Ні;
FBIB1005;Викрутка прецизійна PH0x50 (L1) mm TOPTUL FBIB1005;ok;104.00;104.00;+0.00%;160.00;120.00;-25.00%;15.29%;Отвертки;Так;*;Так;подешевшало на 25.0%
FBIB2005;Викрутка прецизійна PH00x50 (L1) mm TOPTUL FBIB2005;ok;106.00;106.00;+0.00%;160.00;130.00;-18.75%;15.29%;Отвертки;Так;*;Ні;
FBIB3005;Викрутка прецизійна PH000x50 (L1) mm TOPTUL FBIB3005;ok;113.00;113.00;+0.00%;170.00;140.00;-17.65%;15.29%;Отвертки;Так;*;Ні;
FBKA0102;Вороток-викрутка S-обр PH1xPH2 TOPTUL FBKA0102;ok;107.00;107.00;+0.00%;160.00;130.00;-18.75%;14.92%;Воротки, трещотки;Так;*;Ні;
FC1210;"Струбцина столярна тип"" F"" 120 * 1000мм СТАНДАРТ";ok;740.00;740.00;+0.00%;1010.00;850.00;-15.84%;14.43%;Струбцины и зажимы;Так;*;Ні;
FC1215;"Струбцина столярна тип"" F"" 120*1500ммСТАНДАРТ";ok;1082.00;1082.00;+0.00%;1370.00;1240.00;-9.49%;14.43%;Струбцины и зажимы;Так;*;Ні;
FC1230;"Струбцина столярна тип"" F"" 120 * 300мм СТАНДАРТ";ok;469.00;469.00;+0.00%;660.00;540.00;-18.18%;14.43%;Струбцины и зажимы;Так;*;Ні;
FC1250;"Струбцина столярна тип"" F"" 120 * 500мм СТАНДАРТ";ok;528.00;528.00;+0.00%;7810.00;610.00;-92.19%;14.43%;Струбцины и зажимы;Так;*;Так;подешевшало на 92.2%
FC1280;"Струбцина столярна тип"" F"" 120 * 800мм СТАНДАРТ";ok;663.00;663.00;+0.00%;5170.00;760.00;-85.30%;14.43%;Струбцины и зажимы;Так;*;Так;подешевшало на 85.3%
FC14;"Швидкороз'ємне з'єднання 1/4"" внутрішнє різьблення AEROPRO F";ok;62.00;62.00;+0.00%;1880.00;80.00;-95.74%;14.33%;Комплектующие и запчасти для инструмента;Ні;*;Так;відсутній у фіді + подешевшало на 95.7%
FC5015;"Струбцина столярна тип"" F"" 50 * 150мм СТАНДАРТ";ok;124.00;124.00;+0.00%;180.00;150.00;-16.67%;14.43%;Струбцины и зажимы;Ні;*;Так;відсутній у фіді
FC5025;"Струбцина столярна тип"" F"" 50 * 250мм СТАНДАРТ";ok;158.00;158.00;+0.00%;220.00;190.00;-13.64%;14.43%;Струбцины и зажимы;Так;*;Ні;
FC5030;"Струбцина столярна тип"" F"" 50 * 300мм СТАНДАРТ";ok;167.00;167.00;+0.00%;240.00;200.00;-16.67%;14.43%;Струбцины и зажимы;Ні;*;Так;відсутній у фіді
FC8030;"Струбцина столярна тип"" F"" 80 * 300мм СТАНДАРТ";ok;257.00;257.00;+0.00%;350.00;300.00;-14.29%;14.43%;Струбцины и зажимы;Так;*;Ні;
FCAB0108;Викрутка хрестова PZ1 x 80mm TOPTUL FCAB0108;ok;129.00;129.00;+0.00%;190.00;150.00;-21.05%;15.29%;Отвертки;Так;*;Так;подешевшало на 21.1%
FCAB0210;Викрутка хрестова PZ2 x 100mm TOPTUL FCAB0210;ok;151.00;151.00;+0.00%;220.00;180.00;-18.18%;15.29%;Отвертки;Так;*;Ні;
FEAB0808;Викрутка TORX T8 з отвором TOPTUL FEAB0808;ok;131.00;131.00;+0.00%;190.00;160.00;-15.79%;15.29%;Отвертки;Так;*;Ні;
FEAB0908;Викрутка TORX T9 з отвором TOPTUL FEAB0908;ok;131.00;131.00;+0.00%;190.00;160.00;-15.79%;15.29%;Отвертки;Так;*;Ні;
FEAB1008;Викрутка TORX T10 з отвором TOPTUL FEAB1008;ok;131.00;131.00;+0.00%;190.00;160.00;-15.79%;15.29%;Отвертки;Так;*;Ні;
FEAB1508;Викрутка TORX T15 з отвором TOPTUL FEAB1508;ok;138.00;138.00;+0.00%;200.00;160.00;-20.00%;15.29%;Отвертки;Так;*;Так;подешевшало на 20.0%
FEAB2010;Викрутка TORX T20 з отвором TOPTUL FEAB2010;ok;145.00;145.00;+0.00%;210.00;170.00;-19.05%;15.29%;Отвертки;Так;*;Ні;
FEAB2510;Викрутка TORX T25 з отвором TOPTUL FEAB2510;ok;161.00;161.00;+0.00%;230.00;190.00;-17.39%;15.29%;Отвертки;Так;*;Ні;
FEAB2710;Викрутка TORX T27 з отвором TOPTUL FEAB2710;ok;170.00;170.00;+0.00%;240.00;200.00;-16.67%;15.29%;Отвертки;Так;*;Ні;
FEAB3013;Викрутка TORX T30 з отвором TOPTUL FEAB3013;ok;176.00;176.00;+0.00%;250.00;210.00;-16.00%;15.29%;Отвертки;Так;*;Ні;
FEAB4015;Викрутка TORX T40 з отвором TOPTUL FEAB4015;ok;220.00;220.00;+0.00%;300.00;260.00;-13.33%;15.29%;Отвертки;Так;*;Ні;
FFAB0808;Викрутка TORX T8 TOPTUL FFAB0808;ok;128.00;128.00;+0.00%;190.00;150.00;-21.05%;15.29%;Отвертки;Так;*;Так;подешевшало на 21.1%
FFAB0908;Викрутка TORX T9 TOPTUL FFAB0908;ok;128.00;128.00;+0.00%;190.00;150.00;-21.05%;15.29%;Отвертки;Так;*;Так;подешевшало на 21.1%
FFAB1008;Викрутка TORX T10 TOPTUL FFAB1008;ok;128.00;128.00;+0.00%;190.00;150.00;-21.05%;15.29%;Отвертки;Так;*;Так;подешевшало на 21.1%
FFAB1508;Викрутка TORX T15 TOPTUL FFAB1508;ok;136.00;136.00;+0.00%;200.00;160.00;-20.00%;15.29%;Отвертки;Так;*;Так;подешевшало на 20.0%
FFAB2010;Викрутка TORX T20 TOPTUL FFAB2010;ok;143.00;143.00;+0.00%;210.00;170.00;-19.05%;15.29%;Отвертки;Так;*;Ні;
FFAB2510;Викрутка TORX T25 TOPTUL FFAB2510;ok;157.00;157.00;+0.00%;220.00;190.00;-13.64%;15.29%;Отвертки;Так;*;Ні;
FFAB2710;Викрутка TORX T27 TOPTUL FFAB2710;ok;157.00;157.00;+0.00%;220.00;190.00;-13.64%;15.29%;Отвертки;Так;*;Ні;
FFAB3013;Викрутка TORX T30 TOPTUL FFAB3013;ok;164.00;164.00;+0.00%;230.00;190.00;-17.39%;15.29%;Отвертки;Так;*;Ні;
FFAB4015;Викрутка TORX T40 TOPTUL FFAB4015;ok;209.00;209.00;+0.00%;290.00;250.00;-13.79%;15.29%;Отвертки;Так;*;Ні;
FFAF3013;Викрутка TORX T30 Pro-Plus Series TOPTUL FFAF3013;ok;161.00;161.00;+0.00%;230.00;190.00;-17.39%;15.29%;Отвертки;Так;*;Ні;
FFIB0505;Викрутка прецизійна T5x50 (L1 ) mm TOPTUL FFIB0505;ok;104.00;104.00;+0.00%;160.00;120.00;-25.00%;15.29%;Отвертки;Так;*;Так;подешевшало на 25.0%
FFIB0605;Викрутка прецизійна T6x50 (L1) mm TOPTUL FFIB0605;ok;104.00;104.00;+0.00%;160.00;120.00;-25.00%;15.29%;Отвертки;Так;*;Так;подешевшало на 25.0%
FFIB0705;Викрутка прецизійна T7x50 (L1) mm TOPTUL FFIB0705;ok;108.00;108.00;+0.00%;160.00;130.00;-18.75%;15.29%;Отвертки;Так;*;Ні;
FFIB0805;Викрутка прецизійна T8x50(L1)mm TOPTUL FFIB0805;ok;108.00;108.00;+0.00%;160.00;130.00;-18.75%;15.29%;Отвертки;Так;*;Ні;
FFIB0905;Викрутка прецизійна T9x50(L1)mm TOPTUL FFIB0905;ok;108.00;108.00;+0.00%;160.00;130.00;-18.75%;15.29%;Отвертки;Так;*;Ні;
FFIB1005;Викрутка прецизійна T10x50(L1)mm TOPTUL FFIB1005;ok;108.00;108.00;+0.00%;160.00;130.00;-18.75%;15.29%;Отвертки;Так;*;Ні;
FFIB1505;Викрутка прецизійна T15x50(L1)mm TOPTUL FFIB1505;ok;108.00;108.00;+0.00%;160.00;130.00;-18.75%;15.29%;Отвертки;Так;*;Ні;
FFIB2005;Викрутка прецизійна T20x50(L1)mm TOPTUL FFIB2005;ok;108.00;108.00;+0.00%;160.00;130.00;-18.75%;15.29%;Отвертки;Так;*;Ні;
FGAB0413;Викрутка з торцевою головкою 4мм TOPTUL FGAB0413;ok;215.00;215.00;+0.00%;300.00;250.00;-16.67%;15.29%;Отвертки;Так;*;Ні;
FGAB0513;Викрутка з торцевою головкою 5мм TOPTUL FGAB0513;ok;216.00;216.00;+0.00%;300.00;250.00;-16.67%;15.29%;Отвертки;Так;*;Ні;
FGAB0613;Викрутка з торцевою головкою 6мм TOPTUL FGAB0613;ok;216.00;216.00;+0.00%;300.00;250.00;-16.67%;15.29%;Отвертки;Так;*;Ні;
FGAB0713;Викрутка з торцевою головкою 7мм TOPTUL FGAB0713;ok;216.00;216.00;+0.00%;300.00;250.00;-16.67%;15.29%;Отвертки;Так;*;Ні;
FGAB0813;Викрутка з торцевою головкою 8мм TOPTUL FGAB0813;ok;237.00;237.00;+0.00%;320.00;280.00;-12.50%;15.29%;Отвертки;Так;*;Ні;
FGAB1013;Викрутка з торцевою головкою 10мм TOPTUL FGAB1013;ok;237.00;237.00;+0.00%;320.00;280.00;-12.50%;15.29%;Отвертки;Так;*;Ні;
FGAB1213;Викрутка з торцевою головкою 12мм TOPTUL FGAB1213;ok;257.00;257.00;+0.00%;350.00;300.00;-14.29%;15.29%;Отвертки;Так;*;Ні;
FGAB1313;Викрутка з торцевою головкою 13мм TOPTUL FGAB1313;ok;249.00;249.00;+0.00%;340.00;290.00;-14.71%;15.29%;Отвертки;Так;*;Ні;
FJAB0110;Викрутка для гвинтів з внутрішнім квадратом SQ1 TOPTUL FJAB0;ok;147.00;147.00;+0.00%;210.00;170.00;-19.05%;15.29%;Отвертки;Так;*;Ні;
FJAB0213;Викрутка для гвинтів з внутрішнім квадратом SQ2 TOPTUL FJAB0;ok;165.00;165.00;+0.00%;230.00;200.00;-13.04%;15.29%;Отвертки;Ні;*;Так;відсутній у фіді
FJAB0315;Викрутка для гвинтів з внутрішнім квадратом SQ3 TOPTUL FJAB0;ok;158.00;158.00;+0.00%;220.00;190.00;-13.64%;15.29%;Отвертки;Ні;*;Так;відсутній у фіді
FKAA0105;"Насадка 1/4"" двостороння PH1хSL5 L75мм TOPTUL FKAA0105";ok;41.00;41.00;+0.00%;80.00;50.00;-37.50%;15.01%;Отверточные биты;Так;*;Так;подешевшало на 37.5%
FKAA0206;"Насадка 1/4"" двостороння PH2хSL6 L75мм TOPTUL FKAA0206";ok;41.00;41.00;+0.00%;80.00;50.00;-37.50%;15.01%;Отверточные биты;Так;*;Так;подешевшало на 37.5%
FKAB0206;"Насадка 5/16"" двостороння PH2хSL6 L75мм TOPTUL FKAB0206";ok;48.00;48.00;+0.00%;90.00;60.00;-33.33%;15.01%;Отверточные биты;Так;*;Так;подешевшало на 33.3%
FKAB0308;"Насадка 5/16"" двостороння PH3хSL8 L75мм TOPTUL FKAB0308";ok;45.00;45.00;+0.00%;80.00;60.00;-25.00%;15.01%;Отверточные биты;Так;*;Так;подешевшало на 25.0%
FKBA0102;"Насадка 1/4"" двостороння PZ1xPZ2 L75мм TOPTUL FKBA0102";ok;41.00;41.00;+0.00%;80.00;50.00;-37.50%;15.01%;Отверточные биты;Так;*;Так;подешевшало на 37.5%
FKCA1520;"Насадка 1/4"" двостороння T15xT20 L75мм TOPTUL FKCA1520";ok;41.00;41.00;+0.00%;80.00;50.00;-37.50%;15.01%;Отверточные биты;Так;*;Так;подешевшало на 37.5%
FKCA2530;"Насадка 1/4"" двостороння T25xT30 L75мм TOPTUL FKCA2530";ok;41.00;41.00;+0.00%;80.00;50.00;-37.50%;15.01%;Отверточные биты;Так;*;Так;подешевшало на 37.5%
FL-0313M;Ліхтар світлодіодний 3W LED гнучкий 2 магніта (Made in GERMA;ok;1137.00;1137.00;+0.00%;1440.00;1310.00;-9.03%;15.00%;default;Так;*;Ні;
FL-1002W;Прожектор світлодіодний акумуляторний 10W з POWERBANK 5000 m;ok;2058.00;2058.00;+0.00%;2580.00;2370.00;-8.14%;15.00%;default;Ні;*;Так;відсутній у фіді
FL-2001W;Прожектор світлодіодний акумуляторний 20W з POWERBANK 5000 m;ok;3124.00;3124.00;+0.00%;3910.00;3600.00;-7.93%;15.00%;default;Так;*;Ні;
FLEX-COIL;Індукційний кабель (гнучкий довжина 1000мм) для IND-1000W;ok;616.00;616.00;+0.00%;790.00;710.00;-10.13%;15.00%;default;Так;*;Ні;
FLST-LED;Ліхтар світлодіодний 100LED 28Вт (акумуляторний 4000мАч) STA;ok;580.00;580.00;+0.00%;750.00;670.00;-10.67%;15.00%;default;Так;*;Ні;
FN-50;Піногенератор пневматичний (50л) GI KRAFT FN-50;ok;9336.00;9336.00;+0.00%;12030.00;10740.00;-10.72%;15.00%;default;Так;*;Ні;
FNAB0308;Викрутка шліцева 3.0 x 75mm TOPTUL FNAB0308;ok;123.00;123.00;+0.00%;180.00;150.00;-16.67%;15.29%;Отвертки;Так;*;Ні;
FNAB0415;Викрутка шліцева 4.0 x 150mm TOPTUL FNAB0415;ok;153.00;153.00;+0.00%;220.00;180.00;-18.18%;15.29%;Отвертки;Так;*;Ні;
FNAB2E08;Викрутка шліцева 2.5 x 75mm TOPTUL FNAB2E08;ok;131.00;131.00;+0.00%;190.00;160.00;-15.79%;15.29%;Отвертки;Так;*;Ні;
FNAB3E10;Викрутка шліцева 3.5 x 100mm TOPTUL FNAB3E10;ok;126.00;126.00;+0.00%;180.00;150.00;-16.67%;15.29%;Отвертки;Так;*;Ні;
FNAB3E15;Викрутка шліцева 3.5 x 150mm TOPTUL FNAB3E15;ok;136.00;136.00;+0.00%;200.00;160.00;-20.00%;15.29%;Отвертки;Так;*;Так;подешевшало на 20.0%
FOCUS-DIESEL;Установка для перевірки та тестування дизельних форсунок FOC;ok;21450.00;21450.00;+0.00%;28310.00;24670.00;-12.86%;15.00%;default;Ні;*;Так;відсутній у фіді
FPKA0808;"Перехідник 1/4"" х1/4"" L50 (6-гр під шуруповерт Х квадрат) TO";ok;25.00;25.00;+0.00%;60.00;40.00;-33.33%;15.14%;Торцевые головки;Так;*;Так;подешевшало на 33.3%
FPKA0812;"Перехідник 1/4""х3/8"" L65 (6-гр під шуруповерт Х квадрат) TOP";ok;49.00;49.00;+0.00%;90.00;60.00;-33.33%;15.14%;Торцевые головки;Так;*;Так;подешевшало на 33.3%
FPKA0816;"Перехідник 1/4""х1/2"" L72 (6-гр під шуруповерт Х квадрат) TOP";ok;70.00;70.00;+0.00%;120.00;90.00;-25.00%;15.14%;Торцевые головки;Так;*;Так;подешевшало на 25.0%
FPTK0301;Тестер тиску масла 6 од (ХЗСО) FPTK0301;ok;1155.00;1155.00;+0.00%;1460.00;1330.00;-8.90%;15.12%;Компрессометры и масломеры автомобильные;Так;*;Ні;
FQBB0802;"Насадка 1/4"" 50мм PH2 під шуруповерт магнітна Quick Change T";ok;169.00;169.00;+0.00%;240.00;200.00;-16.67%;15.01%;Отверточные биты;Так;*;Ні;
FR-300;Розпилювач пневматичний для нанесення штукатурки металевий б;ok;1371.00;1371.00;+0.00%;2320.00;1560.00;-32.76%;13.20%;Пневматические штукатурные распылители;Так;*;Так;подешевшало на 32.8%
FR-301;Розпилювач пневматичний для нанесення штукатурки пластиковий;ok;1068.00;1068.00;+0.00%;1360.00;1210.00;-11.03%;13.20%;Пневматические штукатурные распылители;Так;*;Ні;
FR5;Регулятор тиску повітря для фарбопульта ITALCO FR5;ok;587.00;587.00;+0.00%;1600.00;670.00;-58.13%;13.20%;Пневматические краскопульты;Так;*;Так;подешевшало на 58.1%
FR7;Регулятор тиску повітря цифровий для фарбопульта ITALCO FR7;ok;2202.00;2202.00;+0.00%;41640.00;2500.00;-94.00%;13.20%;Пневматические краскопульты;Ні;*;Так;відсутній у фіді + подешевшало на 94.0%
FR8;Редуктор для фарбувального пістолета цифровий ITALCO FR8;ok;2202.00;2202.00;+0.00%;11770.00;2500.00;-78.76%;13.20%;Пневматические краскопульты;Ні;*;Так;відсутній у фіді + подешевшало на 78.8%
FSAA0803;"Насадка 1/4"" 25мм SL3x0,5 TOPTUL FSAA0803";ok;14.00;14.00;+0.00%;50.00;40.00;-20.00%;15.01%;Отверточные биты;Так;*;Так;подешевшало на 20.0%
FSAA085E;"Насадка 1/4"" 25мм SL5,5x1 TOPTUL FSAA085E";ok;14.00;14.00;+0.00%;50.00;40.00;-20.00%;15.01%;Отверточные биты;Так;*;Так;подешевшало на 20.0%
FSAA086E;"Насадка 1/4"" 25мм SL6,5x1,2 TOPTUL FSAA086E";ok;14.00;14.00;+0.00%;50.00;40.00;-20.00%;15.01%;Отверточные биты;Так;*;Так;подешевшало на 20.0%
FSAA1008;Насадка 5/16'' 30мм шліц 8 * 1.2мм для ударної викрутки TOPT;ok;24.00;24.00;+0.00%;60.00;40.00;-33.33%;15.01%;Отверточные биты;Так;*;Так;подешевшало на 33.3%
FSAA1010;Насадка 5/16'' 30мм шліц 10 * 1.6мм для ударної викрутки TOP;ok;32.00;32.00;+0.00%;70.00;40.00;-42.86%;15.01%;Отверточные биты;Так;*;Так;подешевшало на 42.9%
FSAA1012;Насадка 5/16'' 30мм шліц 12 * 1.8мм для ударної викрутки TOP;ok;41.00;41.00;+0.00%;50.00;50.00;+0.00%;15.01%;Отверточные биты;Так;*;Ні;
FSAD1008;Насадка 5/16'' L80мм шліц 8 * 1.2мм для ударної викрутки TOP;ok;52.00;52.00;+0.00%;90.00;60.00;-33.33%;15.01%;Отверточные биты;Так;*;Так;подешевшало на 33.3%
FSAD1010;Насадка 5/16'' L80мм шліц 10 * 1.6мм для ударної викрутки TO;ok;77.00;77.00;+0.00%;120.00;90.00;-25.00%;15.01%;Отверточные биты;Так;*;Так;подешевшало на 25.0%
FSBA0800;"Насадка 1/4"" 25мм PH0 TOPTUL FSBA0800";ok;14.00;14.00;+0.00%;50.00;40.00;-20.00%;15.01%;Отверточные биты;Так;*;Так;подешевшало на 20.0%
FSBA0801;"Насадка 1/4"" 25мм PH1 TOPTUL FSBA0801";ok;14.00;14.00;+0.00%;50.00;40.00;-20.00%;15.01%;Отверточные биты;Так;*;Так;подешевшало на 20.0%
FSBA0802;"Насадка 1/4"" 25мм PH2 TOPTUL FSBA0802";ok;14.00;14.00;+0.00%;60.00;40.00;-33.33%;15.01%;Отверточные биты;Так;*;Так;подешевшало на 33.3%
FSBA0802G;"Набір біт 1/4"" L25мм PH2 10од На блістері TOPTUL FSBA0802G";ok;123.00;123.00;+0.00%;180.00;150.00;-16.67%;15.01%;Отверточные биты;Так;*;Ні;
FSBA0803;"Насадка 1/4"" 25мм PH3 TOPTUL FSBA0803";ok;14.00;14.00;+0.00%;50.00;40.00;-20.00%;15.01%;Отверточные биты;Так;*;Так;подешевшало на 20.0%
FSBA1002;Насадка 5/16'' 32мм PH2 для ударної викрутки TOPTUL FSBA1002;ok;25.00;25.00;+0.00%;130.00;40.00;-69.23%;15.01%;Отверточные биты;Так;*;Так;подешевшало на 69.2%
FSBA1002G;"Набір біт 5/16"" L30мм PH2 10од На блістері TOPTUL FSBA1002G";ok;211.00;211.00;+0.00%;290.00;250.00;-13.79%;15.01%;Отверточные биты;Так;*;Ні;
FSBA1003;Насадка 5/16'' 32мм PH3 для ударної викрутки TOPTUL FSBA1003;ok;25.00;25.00;+0.00%;110.00;40.00;-63.64%;15.01%;Отверточные биты;Так;*;Так;подешевшало на 63.6%
FSBA1003G;"Набір біт 5/16"" L30мм PH3 10од На блістері TOPTUL FSBA1003G";ok;211.00;211.00;+0.00%;290.00;250.00;-13.79%;15.01%;Отверточные биты;Так;*;Ні;
FSBA1004;Насадка 5/16'' 32мм PH4 для ударної викрутки TOPTUL FSBA1004;ok;25.00;25.00;+0.00%;60.00;40.00;-33.33%;15.01%;Отверточные биты;Так;*;Так;подешевшало на 33.3%
FSBD1002;Насадка 5/16'' L80мм PH2 для ударної викрутки TOPTUL FSBD100;ok;52.00;52.00;+0.00%;90.00;60.00;-33.33%;15.01%;Отверточные биты;Так;*;Так;подешевшало на 33.3%
FSBD1003;Насадка 5/16'' L80мм PH3 для ударної викрутки TOPTUL FSBD100;ok;52.00;52.00;+0.00%;90.00;60.00;-33.33%;15.01%;Отверточные биты;Так;*;Так;подешевшало на 33.3%
FSBF1002;Насадка 5/16'' L90мм PH2 для ударної викрутки TOPTUL FSBF100;ok;64.00;64.00;+0.00%;110.00;80.00;-27.27%;15.01%;Отверточные биты;Так;*;Так;подешевшало на 27.3%
FSBF1003;Насадка 5/16'' L90мм PH3 для ударної викрутки TOPTUL FSBF100;ok;64.00;64.00;+0.00%;110.00;80.00;-27.27%;15.01%;Отверточные биты;Так;*;Так;подешевшало на 27.3%
FSCA0801;"Насадка 1/4"" 25мм PZ1 TOPTUL FSCA0801";ok;14.00;14.00;+0.00%;70.00;40.00;-42.86%;15.01%;Отверточные биты;Так;*;Так;подешевшало на 42.9%
FSCA0801G;"Набір біт 1/4"" L25мм PZ1 10од На блістері TOPTUL FSCA0801G";ok;123.00;123.00;+0.00%;180.00;150.00;-16.67%;15.01%;Отверточные биты;Так;*;Ні;
FSCA0802;"Насадка 1/4"" 25мм PZ2 TOPTUL FSCA0802";ok;14.00;14.00;+0.00%;60.00;40.00;-33.33%;15.01%;Отверточные биты;Так;*;Так;подешевшало на 33.3%
FSCA0802G;"Набір біт 1/4"" L25мм PZ2 10од На блістері TOPTUL FSCA0802G";ok;123.00;123.00;+0.00%;180.00;150.00;-16.67%;15.01%;Отверточные биты;Так;*;Ні;
FSCA0803;"Насадка 1/4"" 25мм PZ3 TOPTUL FSCA0803";ok;14.00;14.00;+0.00%;50.00;40.00;-20.00%;15.01%;Отверточные биты;Так;*;Так;подешевшало на 20.0%
FSCA1002;"Насадка 5/16"" L-30мм PZ2 TOPTUL FSCA1002";ok;25.00;25.00;+0.00%;60.00;40.00;-33.33%;15.01%;Отверточные биты;Так;*;Так;подешевшало на 33.3%
FSCA1003;"Насадка 5/16"" 30мм PZ3 TOPTUL FSCA1003";ok;25.00;25.00;+0.00%;60.00;40.00;-33.33%;15.01%;Отверточные биты;Так;*;Так;подешевшало на 33.3%
FSCA1004;"Насадка 5/16"" 30мм PZ4 TOPTUL FSCA1004";ok;25.00;25.00;+0.00%;60.00;40.00;-33.33%;15.01%;Отверточные биты;Так;*;Так;подешевшало на 33.3%
FSDA0802;"Насадка 1/4"" 25мм HEX 2мм TOPTUL FSDA0802";ok;14.00;14.00;+0.00%;50.00;40.00;-20.00%;15.01%;Отверточные биты;Так;*;Так;подешевшало на 20.0%
FSDA0803;"Насадка 1/4"" 25мм HEX 3мм TOPTUL FSDA0803";ok;14.00;14.00;+0.00%;50.00;40.00;-20.00%;15.01%;Отверточные биты;Так;*;Так;подешевшало на 20.0%
FSDA0804;"Насадка 1/4"" 25мм HEX 4мм TOPTUL FSDA0804";ok;14.00;14.00;+0.00%;50.00;40.00;-20.00%;15.01%;Отверточные биты;Так;*;Так;подешевшало на 20.0%
FSDA0805;"Насадка 1/4"" 25мм HEX 5мм TOPTUL FSDA0805";ok;14.00;14.00;+0.00%;50.00;40.00;-20.00%;15.01%;Отверточные биты;Так;*;Так;подешевшало на 20.0%
FSDA0806;"Насадка 1/4"" 25мм HEX 6мм TOPTUL FSDA0806";ok;14.00;14.00;+0.00%;50.00;40.00;-20.00%;15.01%;Отверточные биты;Так;*;Так;подешевшало на 20.0%
FSDA0807;"Насадка 1/4"" 25мм HEX 7мм TOPTUL FSDA0807";ok;24.00;24.00;+0.00%;60.00;40.00;-33.33%;15.01%;Отверточные биты;Так;*;Так;подешевшало на 33.3%
FSDA0808;"Насадка 1/4"" 25мм HEX 8мм TOPTUL FSDA0808";ok;24.00;24.00;+0.00%;60.00;40.00;-33.33%;15.01%;Отверточные биты;Так;*;Так;подешевшало на 33.3%
FSDA0810;"Насадка 1/4"" 25мм HEX 10мм TOPTUL FSDA0810";ok;31.00;31.00;+0.00%;70.00;40.00;-42.86%;15.01%;Отверточные биты;Так;*;Так;подешевшало на 42.9%
FSDA0812;"Насадка 1/4"" 25мм HEX 12мм TOPTUL FSDA0812";ok;42.00;42.00;+0.00%;80.00;50.00;-37.50%;15.01%;Отверточные биты;Так;*;Так;подешевшало на 37.5%
FSDA1008;"Насадка 5/16"" L-30мм HEX 8мм TOPTUL FSDA1008";ok;25.00;25.00;+0.00%;60.00;40.00;-33.33%;15.01%;Отверточные биты;Так;*;Так;подешевшало на 33.3%
FSDA1010;"Насадка 5/16"" L-30мм HEX 10мм TOPTUL FSDA1010";ok;29.00;29.00;+0.00%;60.00;40.00;-33.33%;15.01%;Отверточные биты;Так;*;Так;подешевшало на 33.3%
FSDA1012;"Насадка 5/16"" L-30мм HEX 12мм TOPTUL FSDA1012";ok;40.00;40.00;+0.00%;80.00;50.00;-37.50%;15.01%;Отверточные биты;Так;*;Так;подешевшало на 37.5%
FSDA1014;"Насадка 5/16"" L-30мм HEX 14мм TOPTUL FSDA1014";ok;47.00;47.00;+0.00%;90.00;60.00;-33.33%;15.01%;Отверточные биты;Так;*;Так;подешевшало на 33.3%
FSDA1204;Насадка 10мм L-30мм HEX 4мм TOPTUL FSDA1204;ok;31.00;31.00;+0.00%;70.00;40.00;-42.86%;15.01%;Отверточные биты;Так;*;Так;подешевшало на 42.9%
FSDA1205;Насадка 10мм L-30мм HEX 5мм TOPTUL FSDA1205;ok;31.00;31.00;+0.00%;70.00;40.00;-42.86%;15.01%;Отверточные биты;Так;*;Так;подешевшало на 42.9%
FSDA1206;Насадка 10мм L-30мм HEX 6мм TOPTUL FSDA1206;ok;31.00;31.00;+0.00%;70.00;40.00;-42.86%;15.01%;Отверточные биты;Так;*;Так;подешевшало на 42.9%
FSDA1207;Насадка 10мм L-30мм HEX 7мм TOPTUL FSDA1207;ok;31.00;31.00;+0.00%;70.00;40.00;-42.86%;15.01%;Отверточные биты;Так;*;Так;подешевшало на 42.9%
FSDA1208;Насадка 10мм L-30мм HEX 8мм TOPTUL FSDA1208;ok;31.00;31.00;+0.00%;70.00;40.00;-42.86%;15.01%;Отверточные биты;Так;*;Так;подешевшало на 42.9%
FSDA1210;Насадка 10мм L-30мм HEX 10мм TOPTUL FSDA1210;ok;32.00;32.00;+0.00%;70.00;40.00;-42.86%;15.01%;Отверточные биты;Так;*;Так;подешевшало на 42.9%
FSDA1212;Насадка 10мм L-30мм HEX 12мм TOPTUL FSDA1212;ok;41.00;41.00;+0.00%;80.00;50.00;-37.50%;15.01%;Отверточные биты;Так;*;Так;подешевшало на 37.5%
FSDB1204;Насадка 10мм L-75мм HEX 4мм TOPTUL FSDB1204;ok;65.00;65.00;+0.00%;110.00;80.00;-27.27%;15.01%;Отверточные биты;Так;*;Так;подешевшало на 27.3%
FSDB1205;Насадка 10мм L-75мм HEX 5мм TOPTUL FSDB1205;ok;65.00;65.00;+0.00%;110.00;80.00;-27.27%;15.01%;Отверточные биты;Так;*;Так;подешевшало на 27.3%
FSDB1206;Насадка 10мм L-75мм HEX 6мм TOPTUL FSDB1206;ok;65.00;65.00;+0.00%;260.00;80.00;-69.23%;15.01%;Отверточные биты;Так;*;Так;подешевшало на 69.2%
FSDB1206G;Набір біт 10мм L75мм HEX 6мм 10од на блістері TOPTUL FSDB120;ok;543.00;543.00;+0.00%;700.00;630.00;-10.00%;15.01%;Отверточные биты;Так;*;Ні;
FSDB1207;Насадка 10мм L-75мм HEX 7мм TOPTUL FSDB1207;ok;65.00;65.00;+0.00%;110.00;80.00;-27.27%;15.01%;Отверточные биты;Так;*;Так;подешевшало на 27.3%
FSDB1208;Насадка 10мм L-75мм HEX 8мм TOPTUL FSDB1208;ok;65.00;65.00;+0.00%;110.00;80.00;-27.27%;15.01%;Отверточные биты;Так;*;Так;подешевшало на 27.3%
FSDB1210;Насадка 10мм L-75мм HEX 10мм TOPTUL FSDB1210;ok;65.00;65.00;+0.00%;110.00;80.00;-27.27%;15.01%;Отверточные биты;Так;*;Так;подешевшало на 27.3%
FSDB1212;Насадка 10мм L-75мм HEX 12мм TOPTUL FSDB1212;ok;83.00;83.00;+0.00%;130.00;100.00;-23.08%;15.01%;Отверточные биты;Так;*;Так;подешевшало на 23.1%
FSEA0806;"Насадка 1/4"" 25мм TORX T6 TOPTUL FSEA0806";ok;18.00;18.00;+0.00%;50.00;40.00;-20.00%;15.01%;Отверточные биты;Так;*;Так;подешевшало на 20.0%
FSEA0807;"Насадка 1/4"" 25мм TORX T7 TOPTUL FSEA0807";ok;18.00;18.00;+0.00%;50.00;40.00;-20.00%;15.01%;Отверточные биты;Так;*;Так;подешевшало на 20.0%
FSEA0808;"Насадка 1/4"" 25мм TORX T8 TOPTUL FSEA0808";ok;15.00;15.00;+0.00%;50.00;40.00;-20.00%;15.01%;Отверточные биты;Так;*;Так;подешевшало на 20.0%
FSEA0809;"Насадка 1/4"" 25мм TORX T9 TOPTUL FSEA0809";ok;14.00;14.00;+0.00%;50.00;40.00;-20.00%;15.01%;Отверточные биты;Так;*;Так;подешевшало на 20.0%
FSEA0810;"Насадка 1/4"" 25мм TORX T10 TOPTUL FSEA0810";ok;14.00;14.00;+0.00%;50.00;40.00;-20.00%;15.01%;Отверточные биты;Так;*;Так;подешевшало на 20.0%
FSEA0815;"Насадка 1/4"" 25мм TORX T15 TOPTUL FSEA0815";ok;14.00;14.00;+0.00%;50.00;40.00;-20.00%;15.01%;Отверточные биты;Так;*;Так;подешевшало на 20.0%
FSEA0820;"Насадка 1/4"" 25мм TORX T20 TOPTUL FSEA0820";ok;14.00;14.00;+0.00%;50.00;40.00;-20.00%;15.01%;Отверточные биты;Так;*;Так;подешевшало на 20.0%
FSEA0825;"Насадка 1/4"" 25мм TORX T25 TOPTUL FSEA0825";ok;14.00;14.00;+0.00%;50.00;40.00;-20.00%;15.01%;Отверточные биты;Так;*;Так;подешевшало на 20.0%
FSEA0827;"Насадка 1/4"" 25мм TORX T27 TOPTUL FSEA0827";ok;14.00;14.00;+0.00%;50.00;40.00;-20.00%;15.01%;Отверточные биты;Так;*;Так;подешевшало на 20.0%
FSEA0830;"Насадка 1/4"" 25мм TORX T30 TOPTUL FSEA0830";ok;14.00;14.00;+0.00%;50.00;40.00;-20.00%;15.01%;Отверточные биты;Так;*;Так;подешевшало на 20.0%
FSEA0840;"Насадка 1/4"" 25мм TORX T40 TOPTUL FSEA0840";ok;14.00;14.00;+0.00%;70.00;40.00;-42.86%;15.01%;Отверточные биты;Так;*;Так;подешевшало на 42.9%
FSEA0840G;"Набір біт 1/4"" L25мм T40 10од На блістері TOPTUL FSEA0840G";ok;123.00;123.00;+0.00%;180.00;150.00;-16.67%;15.01%;Отверточные биты;Так;*;Ні;
FSEA0845;"Насадка 1/4"" 25мм TORX T45 TOPTUL FSEA0845";ok;29.00;29.00;+0.00%;60.00;40.00;-33.33%;15.01%;Отверточные биты;Так;*;Так;подешевшало на 33.3%
FSEA0850;"Насадка 1/4"" 25мм TORX T50 TOPTUL FSEA0850";ok;29.00;29.00;+0.00%;60.00;40.00;-33.33%;15.01%;Отверточные биты;Так;*;Так;подешевшало на 33.3%
FSEA1040;"Насадка 5/16"" L-30мм TORX T40 TOPTUL FSEA1040";ok;25.00;25.00;+0.00%;60.00;40.00;-33.33%;15.01%;Отверточные биты;Так;*;Так;подешевшало на 33.3%
FSEA1045;"Насадка 5/16"" L-30мм TORX T45 TOPTUL FSEA1045";ok;25.00;25.00;+0.00%;60.00;40.00;-33.33%;15.01%;Отверточные биты;Так;*;Так;подешевшало на 33.3%
FSEA1050;"Насадка 5/16"" L-30мм TORX T50 TOPTUL FSEA1050";ok;25.00;25.00;+0.00%;60.00;40.00;-33.33%;15.01%;Отверточные биты;Так;*;Так;подешевшало на 33.3%
FSEA1055;"Насадка 5/16"" L-30мм TORX T55 TOPTUL FSEA1055";ok;41.00;41.00;+0.00%;80.00;50.00;-37.50%;15.01%;Отверточные биты;Так;*;Так;подешевшало на 37.5%
FSEA1060;"Насадка 5/16"" L-30мм TORX T60 TOPTUL FSEA1060";ok;48.00;48.00;+0.00%;90.00;60.00;-33.33%;15.01%;Отверточные биты;Так;*;Так;подешевшало на 33.3%
FSEA1070;"Насадка 5/16"" L-30мм TORX T70 TOPTUL FSEA1070";ok;51.00;51.00;+0.00%;190.00;60.00;-68.42%;15.01%;Отверточные биты;Так;*;Так;подешевшало на 68.4%
FSEA1070G;"Набір бит 5/16"" L30мм T70 9од на блистері TOPTUL FSEA1070G";ok;396.00;396.00;+0.00%;520.00;460.00;-11.54%;15.01%;Отверточные биты;Так;*;Ні;
FSEA1220;Насадка 10мм L-30мм TORX T20 TOPTUL FSEA1220;ok;31.00;31.00;+0.00%;70.00;40.00;-42.86%;15.01%;Отверточные биты;Так;*;Так;подешевшало на 42.9%
FSEA1225;Насадка 10мм L-30мм TORX T25 TOPTUL FSEA1225;ok;31.00;31.00;+0.00%;70.00;40.00;-42.86%;15.01%;Отверточные биты;Так;*;Так;подешевшало на 42.9%
FSEA1227;Насадка 10мм L-30мм TORX T27 TOPTUL FSEA1227;ok;31.00;31.00;+0.00%;70.00;40.00;-42.86%;15.01%;Отверточные биты;Так;*;Так;подешевшало на 42.9%
FSEA1230;Насадка 10мм L-30мм TORX T30 TOPTUL FSEA1230;ok;31.00;31.00;+0.00%;140.00;40.00;-71.43%;15.01%;Отверточные биты;Так;*;Так;подешевшало на 71.4%
FSEA1230G;Набір біт 10мм L30мм T30 10од на блістері TOPTUL FSEA1230G;ok;269.00;269.00;+0.00%;360.00;310.00;-13.89%;15.01%;Отверточные биты;Так;*;Ні;
FSEA1240;Насадка 10мм L-30мм TORX T40 TOPTUL FSEA1240;ok;31.00;31.00;+0.00%;140.00;40.00;-71.43%;15.01%;Отверточные биты;Так;*;Так;подешевшало на 71.4%
FSEA1240G;Набір біт 10мм L30мм T40 10од на блістері TOPTUL FSEA1240G;ok;269.00;269.00;+0.00%;360.00;310.00;-13.89%;15.01%;Отверточные биты;Так;*;Ні;
FSEA1245;Насадка 10мм L-30мм TORX T45 TOPTUL FSEA1245;ok;31.00;31.00;+0.00%;70.00;40.00;-42.86%;15.01%;Отверточные биты;Так;*;Так;подешевшало на 42.9%
FSEA1247;Насадка 10мм L-30мм TORX T47 TOPTUL FSEA1247;ok;31.00;31.00;+0.00%;70.00;40.00;-42.86%;15.01%;Отверточные биты;Так;*;Так;подешевшало на 42.9%
FSEA1250;Насадка 10мм L-30мм TORX T50 TOPTUL FSEA1250;ok;31.00;31.00;+0.00%;70.00;40.00;-42.86%;15.01%;Отверточные биты;Так;*;Так;подешевшало на 42.9%
FSEA1255;Насадка 10мм L-30мм TORX T55 TOPTUL FSEA1255;ok;32.00;32.00;+0.00%;70.00;40.00;-42.86%;15.01%;Отверточные биты;Так;*;Так;подешевшало на 42.9%
FSEA1260;Насадка 10мм L-30мм TORX T60 TOPTUL FSEA1260;ok;40.00;40.00;+0.00%;80.00;50.00;-37.50%;15.01%;Отверточные биты;Так;*;Так;подешевшало на 37.5%
FSEB1220;Насадка 10мм L-75мм TORX T20 TOPTUL FSEB1220;ok;65.00;65.00;+0.00%;110.00;80.00;-27.27%;15.01%;Отверточные биты;Так;*;Так;подешевшало на 27.3%
FSEB1225;Насадка 10мм L-75мм TORX T25 TOPTUL FSEB1225;ok;65.00;65.00;+0.00%;110.00;80.00;-27.27%;15.01%;Отверточные биты;Так;*;Так;подешевшало на 27.3%
FSEB1227;Насадка 10мм L-75мм TORX T27 TOPTUL FSEB1227;ok;65.00;65.00;+0.00%;110.00;80.00;-27.27%;15.01%;Отверточные биты;Так;*;Так;подешевшало на 27.3%
FSEB1230;Насадка 10мм L-75мм TORX T30 TOPTUL FSEB1230;ok;65.00;65.00;+0.00%;240.00;80.00;-66.67%;15.01%;Отверточные биты;Так;*;Так;подешевшало на 66.7%
FSEB1230G;Набір біт 10мм L75мм T30 10од на блістері TOPTUL FSEB1230G;ok;543.00;543.00;+0.00%;700.00;630.00;-10.00%;15.01%;Отверточные биты;Так;*;Ні;
FSEB1240;Насадка 10мм L-75мм TORX T40 TOPTUL FSEB1240;ok;65.00;65.00;+0.00%;290.00;80.00;-72.41%;15.01%;Отверточные биты;Так;*;Так;подешевшало на 72.4%
FSEB1240G;Набір біт 10мм L75мм T40 10од на блістері TOPTUL FSEB1240G;ok;543.00;543.00;+0.00%;700.00;630.00;-10.00%;15.01%;Отверточные биты;Так;*;Ні;
FSEB1245;Насадка 10мм L-75мм TORX T45 TOPTUL FSEB1245;ok;65.00;65.00;+0.00%;110.00;80.00;-27.27%;15.01%;Отверточные биты;Так;*;Так;подешевшало на 27.3%
FSEB1250;Насадка 10мм L-75мм TORX T50 TOPTUL FSEB1250;ok;65.00;65.00;+0.00%;110.00;80.00;-27.27%;15.01%;Отверточные биты;Так;*;Так;подешевшало на 27.3%
FSEB1255;Насадка 10мм L-75мм TORX T55 TOPTUL FSEB1255;ok;65.00;65.00;+0.00%;110.00;80.00;-27.27%;15.01%;Отверточные биты;Так;*;Так;подешевшало на 27.3%
FSFA1205;Насадка 10мм L-30мм Spline M5 TOPTUL FSFA1205;ok;34.00;34.00;+0.00%;70.00;40.00;-42.86%;15.01%;Отверточные биты;Так;*;Так;подешевшало на 42.9%
FSFA1206;Насадка 10мм L-30мм Spline M6 TOPTUL FSFA1206;ok;34.00;34.00;+0.00%;70.00;40.00;-42.86%;15.01%;Отверточные биты;Так;*;Так;подешевшало на 42.9%
FSFA1208;Насадка 10мм L-30мм Spline M8 TOPTUL FSFA1208;ok;34.00;34.00;+0.00%;70.00;40.00;-42.86%;15.01%;Отверточные биты;Так;*;Так;подешевшало на 42.9%
FSFA1210;Насадка 10мм L-30мм Spline M10 TOPTUL FSFA1210;ok;35.00;35.00;+0.00%;70.00;50.00;-28.57%;15.01%;Отверточные биты;Так;*;Так;подешевшало на 28.6%
FSFA1212;Насадка 10мм L-30мм Spline M12 TOPTUL FSFA1212;ok;40.00;40.00;+0.00%;80.00;50.00;-37.50%;15.01%;Отверточные биты;Так;*;Так;подешевшало на 37.5%
FSFB1205;Насадка 10мм L-75мм Spline M5 TOPTUL FSFB1205;ok;68.00;68.00;+0.00%;110.00;80.00;-27.27%;15.01%;Отверточные биты;Так;*;Так;подешевшало на 27.3%
FSFB1206;Насадка 10мм L-75мм Spline M6 TOPTUL FSFB1206;ok;68.00;68.00;+0.00%;110.00;80.00;-27.27%;15.01%;Отверточные биты;Так;*;Так;подешевшало на 27.3%
FSFB1208;Насадка 10мм L-75мм Spline M8 TOPTUL FSFB1208;ok;68.00;68.00;+0.00%;110.00;80.00;-27.27%;15.01%;Отверточные биты;Так;*;Так;подешевшало на 27.3%
FSFB1210;Насадка 10мм L-75мм Spline M10 TOPTUL FSFB1210;ok;68.00;68.00;+0.00%;110.00;80.00;-27.27%;15.01%;Отверточные биты;Так;*;Так;подешевшало на 27.3%
FSFB1212;Насадка 10мм L-75мм Spline M12 TOPTUL FSFB1212;ok;89.00;89.00;+0.00%;140.00;110.00;-21.43%;15.01%;Отверточные биты;Так;*;Так;подешевшало на 21.4%
FSGA0810;"Насадка 1/4"" 25мм TORX T10 з отвором TOPTUL FSGA0810";ok;19.00;19.00;+0.00%;50.00;40.00;-20.00%;15.01%;Отверточные биты;Так;*;Так;подешевшало на 20.0%
FSGA0815;"Насадка 1/4"" 25мм TORX T15 з отвором TOPTUL FSGA0815";ok;18.00;18.00;+0.00%;50.00;40.00;-20.00%;15.01%;Отверточные биты;Так;*;Так;подешевшало на 20.0%
FSGA0820;"Насадка 1/4"" 25мм TORX T20 з отвором TOPTUL FSGA0820";ok;18.00;18.00;+0.00%;50.00;40.00;-20.00%;15.01%;Отверточные биты;Так;*;Так;подешевшало на 20.0%
FSGA0825;"Насадка 1/4"" 25мм TORX T25 з отвором TOPTUL FSGA0825";ok;18.00;18.00;+0.00%;50.00;40.00;-20.00%;15.01%;Отверточные биты;Так;*;Так;подешевшало на 20.0%
FSGA0827;"Насадка 1/4"" 25мм TORX T27 з отвором TOPTUL FSGA0827";ok;18.00;18.00;+0.00%;50.00;40.00;-20.00%;15.01%;Отверточные биты;Так;*;Так;подешевшало на 20.0%
FSGA0830;"Насадка 1/4"" 25мм TORX T30 з отвором TOPTUL FSGA0830";ok;18.00;18.00;+0.00%;50.00;40.00;-20.00%;15.01%;Отверточные биты;Так;*;Так;подешевшало на 20.0%
FSGA0840;"Насадка 1/4"" 25мм TORX T40 з отвором TOPTUL FSGA0840";ok;18.00;18.00;+0.00%;50.00;40.00;-20.00%;15.01%;Отверточные биты;Так;*;Так;подешевшало на 20.0%
FSGA1027;"Насадка 5/16"" 30мм TORX T27 з отвором TOPTUL FSGA1027";ok;33.00;33.00;+0.00%;70.00;40.00;-42.86%;15.01%;Отверточные биты;Так;*;Так;подешевшало на 42.9%
FSIA0801;"Насадка 1/4"" 50мм PH1 під шуруповерт TOPTUL FSIA0801";ok;25.00;25.00;+0.00%;60.00;40.00;-33.33%;15.01%;Отверточные биты;Так;*;Так;подешевшало на 33.3%
FSIA0802;"Насадка 1/4"" 50мм PH2 під шуруповерт TOPTUL FSIA0802";ok;24.00;24.00;+0.00%;60.00;40.00;-33.33%;15.01%;Отверточные биты;Так;*;Так;подешевшало на 33.3%
FSIA0803;"Насадка 1/4"" 50мм PH3 під шуруповерт TOPTUL FSIA0803";ok;24.00;24.00;+0.00%;60.00;40.00;-33.33%;15.01%;Отверточные биты;Так;*;Так;подешевшало на 33.3%
FSIB0802;"Насадка 1/4"" 100мм PH2 під шуруповерт TOPTUL FSIB0802";ok;51.00;51.00;+0.00%;170.00;60.00;-64.71%;15.01%;Отверточные биты;Так;*;Так;подешевшало на 64.7%
FSIB0802G;"Набір біт 1/4"" 100мм PH2 (для шуруповерта) 4шт на блистері T";ok;198.00;198.00;+0.00%;270.00;230.00;-14.81%;15.01%;Отверточные биты;Так;*;Ні;
FSIC0802;"Насадка 1/4"" 150мм PH2 під шуруповерт TOPTUL FSIC0802";ok;70.00;70.00;+0.00%;120.00;90.00;-25.00%;15.01%;Отверточные биты;Так;*;Так;подешевшало на 25.0%
FSKA0808;"Перехідник 1/4""х1/4"" L25 (6-гр х квадрат) TOPTUL FSKA0808";ok;16.00;16.00;+0.00%;50.00;40.00;-20.00%;15.14%;Торцевые головки;Так;*;Так;подешевшало на 20.0%
FSLA0802;"Насадка 1/4"" 50мм PH2 магнітна (під шуруповерт) TOPTUL FSLA0";ok;28.00;28.00;+0.00%;190.00;40.00;-78.95%;15.01%;Отверточные биты;Так;*;Так;подешевшало на 78.9%
FSLA0802G;"Набір біт 1/4"" 50мм PH2 магнітних (під шуруповерт) 10шт TOPT";ok;260.00;260.00;+0.00%;350.00;300.00;-14.29%;15.01%;Отверточные биты;Так;*;Ні;
FSLB0802;"Насадка 1/4"" 100мм PH2 магнітна (під шуруповерт) TOPTUL FSLB";ok;59.00;59.00;+0.00%;100.00;70.00;-30.00%;15.01%;Отверточные биты;Так;*;Так;подешевшало на 30.0%
FSLC0802;"Насадка 1/4"" 150мм PH2 магнітна (під шуруповерт) TOPTUL FSLC";ok;80.00;80.00;+0.00%;130.00;100.00;-23.08%;15.01%;Отверточные биты;Так;*;Так;подешевшало на 23.1%
FSMA0802;"Насадка 1/4"" 50мм PH2 магнітна Anti-Slip (під шуруповерт) TO";ok;36.00;36.00;+0.00%;220.00;50.00;-77.27%;15.01%;Отверточные биты;Так;*;Так;подешевшало на 77.3%
FSMA0802G;"Набір біт 1/4"" 50мм PH2 магнітних Anti-Slip (під шуруповерт)";ok;418.00;418.00;+0.00%;550.00;490.00;-10.91%;15.01%;Отверточные биты;Так;*;Ні;
FSMB0802;"Насадка 1/4"" 100мм PH2 магнітна Anti-Slip (під шуруповерт) T";ok;69.00;69.00;+0.00%;110.00;80.00;-27.27%;15.01%;Отверточные биты;Так;*;Так;подешевшало на 27.3%
FSMC0802;"Насадка 1/4"" 150мм PH2 магнітна Anti-Slip (під шуруповерт) T";ok;87.00;87.00;+0.00%;140.00;110.00;-21.43%;15.01%;Отверточные биты;Так;*;Так;подешевшало на 21.4%
FSRA0802;"Насадка 1/4"" 50мм PZ2 під шуруповерт TOPTUL FSRA0802";ok;23.00;23.00;+0.00%;60.00;40.00;-33.33%;15.01%;Отверточные биты;Так;*;Так;подешевшало на 33.3%
FSSW2108;Ключ для зняття передніх стійок ВАЗ 2108-2109 (ХЗСО);ok;278.00;278.00;+0.00%;370.00;330.00;-10.81%;15.14%;Торцевые головки;Ні;*;Так;відсутній у фіді
FT-310;Тестер для інжекторів універсальний;ok;1390.00;1390.00;+0.00%;9570.00;1600.00;-83.28%;15.00%;default;Так;*;Так;подешевшало на 83.3%
FTAB0808;"Бітотримач 1/4"" х1/4"" TOPTUL FTAB0808";ok;40.00;40.00;+0.00%;80.00;50.00;-37.50%;14.92%;Воротки, трещотки;Так;*;Так;подешевшало на 37.5%
FTAB0810;"Бітотримач 1/4"" (вставка в ключ 10мм) TOPTUL FTAB0810";ok;103.00;103.00;+0.00%;160.00;120.00;-25.00%;15.01%;Отверточные биты;Так;*;Так;подешевшало на 25.0%
FTAB1208;"Бітотримач 3/8"" х1/4"" TOPTUL FTAB1208";ok;75.00;75.00;+0.00%;120.00;90.00;-25.00%;15.01%;Отверточные биты;Так;*;Так;подешевшало на 25.0%
FTAB1210;"Тримач біт 3/8"" х5/16"" TOPTUL FTAB1210";ok;75.00;75.00;+0.00%;120.00;90.00;-25.00%;15.01%;Отверточные биты;Так;*;Так;подешевшало на 25.0%
FTAB1212;"Тримач біт 3/8"" х10мм TOPTUL FTAB1212";ok;75.00;75.00;+0.00%;120.00;90.00;-25.00%;15.01%;Отверточные биты;Так;*;Так;подешевшало на 25.0%
FTAB1610;"Тримач біт 1/2"" х5/16"" TOPTUL FTAB1610";ok;97.00;97.00;+0.00%;150.00;120.00;-20.00%;15.01%;Отверточные биты;Так;*;Так;подешевшало на 20.0%
FTAB1612;"Тримач біт 1/2""х10мм TOPTUL FTAB1612";ok;97.00;97.00;+0.00%;150.00;120.00;-20.00%;15.01%;Отверточные биты;Так;*;Так;подешевшало на 20.0%
FTBA0824;"Викрутка-бітотримач 1/4"" x 240mm з магнітом TOPTUL FTBA0824";ok;227.00;227.00;+0.00%;310.00;270.00;-12.90%;15.29%;Отвертки;Так;*;Ні;
FTCA0829;"Викрутка-бітотримач 1/4"" з гнучким валом TOPTUL FTCA0829";ok;216.00;216.00;+0.00%;300.00;250.00;-16.67%;15.29%;Отвертки;Так;*;Ні;
FTDC0808;"Бітотримач магнітний 1/4"" L60мм під шуруповерт TOPTUL FTDC08";ok;93.00;93.00;+0.00%;140.00;110.00;-21.43%;15.01%;Отверточные биты;Так;*;Так;подешевшало на 21.4%
FTDC0815;"Бітотримач магнітний 1/4"" L150мм під шуруповерт TOPTUL FTDC0";ok;146.00;146.00;+0.00%;210.00;170.00;-19.05%;15.01%;Отверточные биты;Так;*;Ні;
FTDE0833;"Гнучкий бітотримач магнітний 1/4"" L325мм під шуруповерт (з ф";ok;1132.00;1132.00;+0.00%;1430.00;1310.00;-8.39%;15.01%;Отверточные биты;Так;*;Ні;
FTDF0810;"Бітотримач магнітний 1/4"" L100мм (вик з CHEV0811) TOPTUL FTD";ok;194.00;194.00;+0.00%;590.00;230.00;-61.02%;15.01%;Отверточные биты;Так;*;Так;подешевшало на 61.0%
FTEA0806;"Викрутка-тріскачка бітотримач 1/4"" з магнітом TOPTUL FTEA080";ok;250.00;250.00;+0.00%;340.00;290.00;-14.71%;15.29%;Отвертки;Так;*;Ні;
FTEC1421;Викрутка-тріскачка бітотримач 1/4 5/16 7/17 TOPTUL FTEC1421;ok;385.00;385.00;+0.00%;510.00;450.00;-11.76%;15.29%;Отвертки;Ні;*;Так;відсутній у фіді
FTED1421;Викрутка-тріскачка бітотримач 1/4 5/16 7/16 TOPTUL FTED1421;ok;594.00;594.00;+0.00%;770.00;690.00;-10.39%;15.29%;Отвертки;Так;*;Ні;
FTFC0820;Бітотримач L-подібний з магнітом TOPTUL FTFC0820;ok;422.00;422.00;+0.00%;550.00;490.00;-10.91%;15.01%;Отверточные биты;Так;*;Ні;
FTGA0808;"Бітотримач магнітний 1/4"" з шарніром під шуруповерт (з фікса";ok;624.00;624.00;+0.00%;800.00;720.00;-10.00%;15.01%;Отверточные биты;Так;*;Ні;
FTGB0807;"Бітотримач магнітний 1/4"" під шуруповерт (з фіксатором) TOPT";ok;375.00;375.00;+0.00%;490.00;440.00;-10.20%;15.01%;Отверточные биты;Так;*;Ні;
FTGC0808;Перехідник кутовий 90 ° під шуруповерт TOPTUL FTGC0808;ok;895.00;895.00;+0.00%;1140.00;1030.00;-9.65%;15.01%;Отверточные биты;Так;*;Ні;
FTS0615;Набір для розвальцьовування трубок універсальний СТАНДАРТ;ok;268.00;268.00;+0.00%;360.00;310.00;-13.89%;15.00%;default;Так;*;Ні;
FWAA0802G;"Насадка 1/4"" 50мм PH2 2в1 (біта + Зенківка по дереву) 2шт TO";ok;195.00;195.00;+0.00%;270.00;230.00;-14.81%;15.01%;Отверточные биты;Так;*;Ні;
FWAM0505;Пристосування для намагнічування/розмагнічування інструменту;ok;157.00;157.00;+0.00%;220.00;180.00;-18.18%;13.94%;Магнитный инструмент;Так;*;Ні;
FYEF0108V4;Викрутка шліцьова PH/FL1 x 80mm ізольована (1000V) VDE Pro-P;ok;177.00;177.00;+0.00%;250.00;210.00;-16.00%;15.29%;Отвертки;Так;*;Ні;
FYEF0210V4;Викрутка шліцьова PH/FL2 x 100mm ізольована (1000V) VDE Pro-;ok;206.00;206.00;+0.00%;310.00;240.00;-22.58%;15.29%;Отвертки;Так;*;Так;подешевшало на 22.6%
G-310;Тестер вакуумної та паливної системи;ok;613.00;613.00;+0.00%;2100.00;710.00;-66.19%;15.24%;Манометры;Так;*;Так;подешевшало на 66.2%
G-311;Тестер вакуумної та паливної системи;ok;967.00;967.00;+0.00%;2140.00;1120.00;-47.66%;15.00%;default;Так;*;Так;подешевшало на 47.7%
G-320;Компресометр;ok;537.00;537.00;+0.00%;1210.00;620.00;-48.76%;15.12%;Компрессометры и масломеры автомобильные;Так;*;Так;подешевшало на 48.8%
G-320HD;Компресометр з гнучким шлангом;ok;690.00;690.00;+0.00%;890.00;800.00;-10.11%;15.12%;Компрессометры и масломеры автомобильные;Так;*;Ні;
G-324;Компресометр бензиновий зі змінним наконечником;ok;1217.00;1217.00;+0.00%;2960.00;1410.00;-52.36%;15.12%;Компрессометры и масломеры автомобильные;Так;*;Так;подешевшало на 52.4%
GAAA0704;Набір ключів шарнірних 7 шт 6-19 TOPTUL GAAA0704;ok;2545.00;2545.00;+0.00%;3190.00;2930.00;-8.15%;14.88%;Наборы ключей;Так;*;Ні;
GAAA0804;Набір ключів комбінованих 8 шт 10-19 TOPTUL GAAA0804;ok;1391.00;1391.00;+0.00%;1760.00;1600.00;-9.09%;14.88%;Наборы ключей;Так;*;Ні;
GAAA0810;Набір накидних ключів 6-22мм (кут 75°) 8од TOPTUL GAAA0810;ok;2160.00;2160.00;+0.00%;2710.00;2490.00;-8.12%;14.88%;Наборы ключей;Так;*;Ні;
GAAA0812;Набір ріжкових ключів 8 шт 6-22 TOPTUL GAAA0812;ok;1468.00;1468.00;+0.00%;1850.00;1690.00;-8.65%;14.88%;Наборы ключей;Так;*;Ні;
GAAA1002;Набір ключів комбінованих укорочених 10 шт 10-19 TOPTUL GAAA;ok;1195.00;1195.00;+0.00%;1510.00;1380.00;-8.61%;14.88%;Наборы ключей;Так;*;Ні;
GAAA1202;Набір накидних ключів 6-32мм (кут 45°) 12 од TOPTUL GAAA1202;ok;3871.00;3871.00;+0.00%;4840.00;4450.00;-8.06%;14.88%;Наборы ключей;Так;*;Ні;
GAAA1204;Набір накидних ключів 6-32мм (кут 75°) 12од TOPTUL GAAA1204;ok;4272.00;4272.00;+0.00%;5340.00;4910.00;-8.05%;14.88%;Наборы ключей;Так;*;Ні;
GAAA1206;Набір ріжкових ключів 12 шт 6-32 TOPTUL GAAA1206;ok;3099.00;3099.00;+0.00%;3880.00;3570.00;-7.99%;14.88%;Наборы ключей;Так;*;Ні;
GAAA2604;Набір ключів комбінованих 26 шт 6-32 TOPTUL GAAA2604;ok;6865.00;6865.00;+0.00%;8560.00;7890.00;-7.83%;14.88%;Наборы ключей;Так;*;Ні;
GAAC0901;Набір ключів комбінованих на холдери 9 шт TOPTUL GAAC0901;ok;982.00;982.00;+0.00%;1260.00;1130.00;-10.32%;14.88%;Наборы ключей;Так;*;Ні;
GAAC1201;Набір ключів комбінованих на холдери 12 шт TOPTUL GAAC1201;ok;1305.00;1305.00;+0.00%;1650.00;1500.00;-9.09%;14.88%;Наборы ключей;Так;*;Ні;
GAAC1401;Набір ключів комбінованих на холдері 14 шт 6-24мм TOPTUL GAA;ok;1803.00;1803.00;+0.00%;2270.00;2080.00;-8.37%;14.88%;Наборы ключей;Так;*;Ні;
GAAD0102;Клепальник під різьбові заклепки M3 M4 M5 M6 в кейсі 121ед T;ok;4873.00;4873.00;+0.00%;6080.00;5400.00;-11.18%;10.63%;Ручные заклепочники;Так;*;Ні;
GAAD0103;Клепальник JBAF2450 Pro-Series з Набіром заклепок 151ед TOPT;ok;2039.00;2039.00;+0.00%;2560.00;2260.00;-11.72%;10.63%;Ручные заклепочники;Так;*;Ні;
GAAD0501;Набір ключів Spline Г-подібних М5-М12 TOPTUL GAAD0501;ok;719.00;719.00;+0.00%;920.00;830.00;-9.78%;14.88%;Наборы ключей;Так;*;Ні;
GAAD0602;Ударно-поворотна викрутка TOPTUL GAAD0602;ok;1099.00;1099.00;+0.00%;1390.00;1270.00;-8.63%;15.29%;Отвертки;Так;*;Ні;
GAAD0808;Ударно-поворотна викрутка 8од TOPTUL GAAD0808;ok;1176.00;1176.00;+0.00%;1490.00;1360.00;-8.72%;15.29%;Отвертки;Так;*;Ні;
GAAD0903;"Набір біт впресованих в головку 1/2"" Т20-Т60 TOPTUL GAAD0903";ok;1197.00;1197.00;+0.00%;1520.00;1380.00;-9.21%;15.01%;Отверточные биты;Так;*;Ні;
GAAD0905;"Набір біт впресованих в головку 1/2"" Н4-Н17 80mm TOPTUL GAAD";ok;1431.00;1431.00;+0.00%;1810.00;1650.00;-8.84%;15.01%;Отверточные биты;Так;*;Ні;
GAAD0907;"Набір головок TORX 1/2"" E10-E24 9од (зірка Давида) TOPTUL GA";ok;869.00;869.00;+0.00%;1110.00;1010.00;-9.01%;15.14%;Торцевые головки;Так;*;Ні;
GAAD1007;"Набір біт впресовані в головку 1/2"" Н4-Н19 TOPTUL GAAD1007";ok;1381.00;1381.00;+0.00%;1740.00;1590.00;-8.62%;15.01%;Отверточные биты;Так;*;Ні;
GAAD1102;Набір біт 10мм SPLINE 11од TOPTUL GAAD1102;ok;789.00;789.00;+0.00%;1120.00;910.00;-18.75%;15.01%;Отверточные биты;Так;*;Ні;
GAAD1205;Набір ключів комбінованих з тріскачкою реверсивних 8-19мм 12;ok;6699.00;6699.00;+0.00%;8350.00;7700.00;-7.78%;14.88%;Наборы ключей;Так;*;Ні;
GAAD1506;Набір біт 10мм TORX 15од TOPTUL GAAD1506;ok;902.00;902.00;+0.00%;1540.00;1040.00;-32.47%;15.01%;Отверточные биты;Так;*;Так;подешевшало на 32.5%
GAAD1508;Набір біт 10мм HEX 15од TOPTUL GAAD1508;ok;925.00;925.00;+0.00%;1420.00;1070.00;-24.65%;15.01%;Отверточные биты;Так;*;Так;подешевшало на 24.6%
GAAD1509;Набір Г-подібних шестигранників1.5-14мм 9од супердовгих TOPT;ok;1688.00;1688.00;+0.00%;2130.00;1950.00;-8.45%;15.27%;Шестигранные ключи;Так;*;Ні;
GAAD1510;Набір ключів торцевих трубчастих 6-32мм 15 од TOPTUL GAAD151;ok;16259.00;16259.00;+0.00%;20230.00;18730.00;-7.41%;15.14%;Торцевые ключи;Так;*;Ні;
GAAD1602;Набір ключів комбінованих 16 шт 6-24мм (metal box) TOPTUL GA;ok;3147.00;3147.00;+0.00%;3940.00;3620.00;-8.12%;14.88%;Наборы ключей;Так;*;Ні;
GAAD1603;Набір ключів комбінованих 16 шт 6-24мм (metal box) TOPTUL GA;ok;2900.00;2900.00;+0.00%;3630.00;3340.00;-7.99%;14.88%;Наборы ключей;Так;*;Ні;
GAAD4002;Набір бит 10мм HEXTORXSPLINE 40од TOPTUL GAAD4002;ok;2224.00;2224.00;+0.00%;2790.00;2560.00;-8.24%;15.01%;Отверточные биты;Так;*;Ні;
GAAE0201;Зубило 29*250 (у захисному чохлі) TOPTUL GAAE0201;ok;772.00;772.00;+0.00%;990.00;900.00;-9.09%;15.34%;Пробойники, зубила, бородки;Так;*;Ні;
GAAE0202;Зубило 34 * 300 (в захисному чохлі) TOPTUL GAAE0202;ok;1088.00;1088.00;+0.00%;1380.00;1260.00;-8.70%;15.34%;Пробойники, зубила, бородки;Так;*;Ні;
GAAE0301;Набір пасатижів 3од (1000V) TOPTUL GAAE0301;ok;2747.00;2747.00;+0.00%;3440.00;3170.00;-7.85%;15.17%;Наборы инструментов;Так;*;Ні;
GAAE0302;Набір пасатижів 3од TOPTUL GAAE0302;ok;1792.00;1792.00;+0.00%;2250.00;2070.00;-8.00%;15.17%;Наборы инструментов;Так;*;Ні;
GAAE0303;Набір пасатижів 3од TOPTUL GAAE0303;ok;2093.00;2093.00;+0.00%;2630.00;2420.00;-7.98%;15.17%;Наборы инструментов;Так;*;Ні;
GAAE0304;Набір пасатижів 3од TOPTUL GAAE0304;ok;1934.00;1934.00;+0.00%;2430.00;2230.00;-8.23%;15.17%;Наборы инструментов;Так;*;Ні;
GAAE0305;Набір викруток довгих 3од (PH1x250 PH2x250 SL5 5x400) TOPTUL;ok;715.00;715.00;+0.00%;920.00;830.00;-9.78%;15.29%;Отвертки;Так;*;Ні;
GAAE0306;Набір викруток довгих 3од (PH2x400 SL5 5x400 SL6 5x400) TOPT;ok;850.00;850.00;+0.00%;1080.00;980.00;-9.26%;15.29%;Отвертки;Так;*;Ні;
GAAE0307;Набір пасатижів 3од TOPTUL GAAE0307;ok;2092.00;2092.00;+0.00%;2630.00;2410.00;-8.37%;15.17%;Наборы инструментов;Так;*;Ні;
GAAE0308;Набір щипців діелектричних 3ед 1000V VDE TOPTUL GAAE0308;ok;2994.00;2994.00;+0.00%;3750.00;3450.00;-8.00%;15.17%;Наборы инструментов;Так;*;Ні;
GAAE0401;Набір викруток 4 од TOPTUL GAAE0401;ok;591.00;591.00;+0.00%;970.00;690.00;-28.87%;15.29%;Отвертки;Так;*;Так;подешевшало на 28.9%
GAAE0402;Набір пасатижів 4од TOPTUL GAAE0402;ok;2763.00;2763.00;+0.00%;3460.00;3190.00;-7.80%;15.17%;Наборы инструментов;Так;*;Ні;
GAAE0406;Набір щипців діелектричних 4ед 1000V VDE TOPTUL GAAE0406;ok;3612.00;3612.00;+0.00%;4520.00;4160.00;-7.96%;15.17%;Наборы инструментов;Так;*;Ні;
GAAE0504;Набір викруток 5 од TOPTUL GAAE0504;ok;773.00;773.00;+0.00%;990.00;900.00;-9.09%;15.29%;Отвертки;Так;*;Ні;
GAAE0509;Набір викруток 5 од ударні SUPER GRIP TOPTUL GAAE0509;ok;855.00;855.00;+0.00%;1260.00;990.00;-21.43%;15.29%;Отвертки;Так;*;Так;подешевшало на 21.4%
GAAE0605;Набір викруток з шестигранником ударних 6 од (в ложементі) T;ok;1546.00;1546.00;+0.00%;1950.00;1790.00;-8.21%;15.29%;Отвертки;Так;*;Ні;
GAAE0610;Набір викруток TORX з отвором T10-T40 6од TOPTUL GAAE0610;ok;900.00;900.00;+0.00%;1150.00;1040.00;-9.57%;15.29%;Отвертки;Так;*;Ні;
GAAE0611;Набір викруток 6 од (PH1x80 PH2x100 PH3x150 SL4x100 SL6 5x15;ok;1028.00;1028.00;+0.00%;1310.00;1190.00;-9.16%;15.29%;Отвертки;Так;*;Ні;
GAAE0612;Набір викруток (1000V) 6од TOPTUL GAAE0612;ok;845.00;845.00;+0.00%;1080.00;980.00;-9.26%;15.29%;Отвертки;Так;*;Ні;
GAAE0613;Набір викруток (з шестигранником ударні) 6 од (PH1x75 PH2x10;ok;1494.00;1494.00;+0.00%;1880.00;1730.00;-7.98%;15.29%;Отвертки;Так;*;Ні;
GAAE0704;Набір викруток (1000V) 7од TOPTUL GAAE0704;ok;1074.00;1074.00;+0.00%;1360.00;1240.00;-8.82%;15.29%;Отвертки;Так;*;Ні;
GAAE0807;Набір викруток 8 од TOPTUL GAAE0807;ok;1077.00;1077.00;+0.00%;1370.00;1250.00;-8.76%;15.29%;Отвертки;Так;*;Ні;
GAAE1101;Набір викруток 11 од TOPTUL GAAE1101;ok;1629.00;1629.00;+0.00%;2050.00;1880.00;-8.29%;15.29%;Отвертки;Так;*;Ні;
GAAG0704;"Набір головок TORX 1/2"" E10-E24 7од (Зірка Давида) TOPTUL GA";ok;510.00;510.00;+0.00%;660.00;590.00;-10.61%;14.88%;Наборы ключей;Так;*;Ні;
GAAG0802;"Набір головок TORX 3/8"" E8-E20 8од (Зірка Давида) TOPTUL GAA";ok;380.00;380.00;+0.00%;500.00;440.00;-12.00%;14.88%;Наборы ключей;Так;*;Ні;
GAAG0805;"Набір біт п'ятигранних 1/4"" TORX T8-T40 з отвором 8од TOPTUL";ok;384.00;384.00;+0.00%;680.00;450.00;-33.82%;15.01%;Отверточные биты;Так;*;Так;подешевшало на 33.8%
GAAG0806;"Набір біт п'ятигранних впресованих в головку 1/2"" TORX T20-T";ok;980.00;980.00;+0.00%;1250.00;1130.00;-9.60%;15.01%;Отверточные биты;Так;*;Ні;
GAAG0901;"Набір головок TORX 1/2"" E10-E24 9од (Зірка Давида) TOPTUL GA";ok;649.00;649.00;+0.00%;830.00;750.00;-9.64%;14.88%;Наборы ключей;Так;*;Ні;
GAAG0903;"Набір головок для пошкоджених гайок 1/2 ""9 од TOPTUL GAAG090";ok;2668.00;2668.00;+0.00%;3340.00;3070.00;-8.08%;14.88%;Наборы ключей;Так;*;Ні;
GAAG1003;"Набір біт впресованих в головку 1/2"" RIBE M5-M16 10од довгих";ok;1881.00;1881.00;+0.00%;2370.00;2170.00;-8.44%;15.01%;Отверточные биты;Так;*;Ні;
GAAG1004;"Набір головок 12-гр з карданом 3/8 ""10ед 10 ~ 19мм (на планц";ok;1706.00;1706.00;+0.00%;2150.00;1960.00;-8.84%;14.88%;Наборы ключей;Так;*;Ні;
GAAG1007;"Набір головок 1/2 ""8-22мм на планці + Г-обр вороток TOPTUL G";ok;837.00;837.00;+0.00%;1070.00;970.00;-9.35%;14.88%;Наборы ключей;Так;*;Ні;
GAAG1010;"Набір головок 1/2"" 10-24мм на планці + Г-обр вороток TOPTUL ";ok;990.00;990.00;+0.00%;1260.00;1140.00;-9.52%;14.88%;Наборы ключей;Так;*;Ні;
GAAI0401;Набір шпильковертів 6,8,10,12 мм TOPTUL GAAI0401;ok;1553.00;1553.00;+0.00%;1960.00;1780.00;-9.18%;14.60%;Механические съемники;Так;*;Ні;
GAAI0402;Набір гайкоріз 4шт TOPTUL GAAI0402;ok;2140.00;2140.00;+0.00%;2690.00;2430.00;-9.67%;13.55%;Секторные ножницы, тросорезы;Так;*;Ні;
GAAI0502;"Ключ колесний редукторний 1"" Мах 4700Nm 1:64 (головки 32 та ";ok;6334.00;6334.00;+0.00%;7900.00;7300.00;-7.59%;15.14%;Мультипликаторы ключи;Так;*;Ні;
GAAI0605;Набір для обтискача клем універсальний TOPTUL GAAI0605;ok;3743.00;3743.00;+0.00%;4680.00;4150.00;-11.32%;10.63%;Ручные обжимные инструменты;Так;*;Ні;
GAAI0702;Набір рихтувальних пристосувань 7 од TOPTUL GAAI0702;ok;7468.00;7468.00;+0.00%;9310.00;8480.00;-8.92%;13.55%;Молотки, кувалды, киянки;Так;*;Ні;
GAAI0704;Набір для обтискання клем універсальний 7 од TOPTUL GAAI0704;ok;5001.00;5001.00;+0.00%;6240.00;5540.00;-11.22%;10.63%;Ручные обжимные инструменты;Так;*;Ні;
GAAI0801;"Набір динамометричний 1/2"" 8од 10-80Nm TOPTUL GAAI0801";ok;6586.00;6586.00;+0.00%;8210.00;7600.00;-7.43%;15.34%;Динамометрические ключи;Так;*;Ні;
GAAI1001;"Набір динамометричний 3/8"" 10 од 6-30Nm TOPTUL GAAI1001";ok;6651.00;6651.00;+0.00%;8290.00;7680.00;-7.36%;15.34%;Динамометрические ключи;Так;*;Ні;
GAAI1003;Набір ключів комбінованих з тріскачкою і шарніром 8-19мм + п;ok;4247.00;4247.00;+0.00%;5300.00;4880.00;-7.92%;14.88%;Наборы ключей;Так;*;Ні;
GAAI1004;Набір ключів комбінованих з тріскачкою 8-19мм + перехідники ;ok;3117.00;3117.00;+0.00%;3900.00;3590.00;-7.95%;14.88%;Наборы ключей;Так;*;Ні;
GAAI1101;Набір динамометричний 11од GAAI1101 TOPTUL;ok;8662.00;8662.00;+0.00%;10790.00;10000.00;-7.32%;15.34%;Динамометрические ключи;Так;*;Ні;
GAAI2101;Набір викруток 20 в 1 (PH PZ SL Hex Torx) TOPTUL GAAI2101;ok;1495.00;1495.00;+0.00%;1890.00;1730.00;-8.47%;15.29%;Отвертки;Так;*;Ні;
GAAI3001;Набір інструменту комбінований 30од TOPTUL GAAI3001;ok;6596.00;6596.00;+0.00%;8220.00;7600.00;-7.54%;15.17%;Наборы инструментов;Так;*;Ні;
GAAI3103;"Набір інструменту 1/2"" 31од TOPTUL GAAI3103";ok;4517.00;4517.00;+0.00%;5640.00;5210.00;-7.62%;15.17%;Наборы инструментов;Так;*;Ні;
GAAI4201;"Набір інструменту комбінований 1/2""&1/4"" 42 од TOPTUL GAAI42";ok;5086.00;5086.00;+0.00%;6350.00;5860.00;-7.72%;15.17%;Наборы инструментов;Так;*;Ні;
GAAI5401;"Набір головок торцевих і біт 1/4"" з викруткою тріскачкою піс";ok;1561.00;1561.00;+0.00%;1970.00;1800.00;-8.63%;15.01%;Отверточные биты;Так;*;Ні;
GAAI5502;"Набір інструменту 1/2"" 55од TOPTUL GAAI5502";ok;7046.00;7046.00;+0.00%;8780.00;8120.00;-7.52%;15.17%;Наборы инструментов;Так;*;Ні;
GAAI5801;Набір викруток і біт професійний 58од TOPTUL GAAI5801;ok;3860.00;3860.00;+0.00%;4820.00;4460.00;-7.47%;15.29%;Отвертки;Так;*;Ні;
GAAL0701;Набір Г-подібних шестигранників 2,5-10мм 7од TOPTUL GAAL0701;ok;431.00;431.00;+0.00%;560.00;500.00;-10.71%;14.88%;Наборы ключей;Так;*;Ні;
GAAL0704;Набір Г-подібний шестигранників 2,5-10мм 7од довгих з кулею ;ok;635.00;635.00;+0.00%;820.00;730.00;-10.98%;14.88%;Наборы ключей;Так;*;Ні;
GAAL0705;Набір Г-подібних ключів TORX T10-T40 7од TOPTUL GAAL0705;ok;421.00;421.00;+0.00%;550.00;490.00;-10.91%;14.88%;Наборы ключей;Так;*;Ні;
GAAL0801;"Набір біт 1/4"" TORX T10H-T40H + Гподібнийперех 8од TOPTUL GA";ok;241.00;241.00;+0.00%;330.00;280.00;-15.15%;15.01%;Отверточные биты;Так;*;Ні;
GAAL0802;"Набір біт 1/4"" + Г-подібнийперех 8од TOPTUL GAAL0802";ok;227.00;227.00;+0.00%;310.00;270.00;-12.90%;15.01%;Отверточные биты;Так;*;Ні;
GAAL0803;"Набір біт 1/4"" HEX 2-8мм + Гподібнийперех 8од TOPTUL GAAL080";ok;227.00;227.00;+0.00%;310.00;270.00;-12.90%;15.01%;Отверточные биты;Так;*;Ні;
GAAL0910;Набір шестигранників Р-обр TOPTUL 1,5-10мм 9ед GAAL0910;ok;481.00;481.00;+0.00%;630.00;560.00;-11.11%;15.27%;Шестигранные ключи;Ні;*;Так;відсутній у фіді
GAAL0911;Ключі шестигранні подовжені TOPTUL 1,5-10мм 9ед GAAL0911;ok;609.00;609.00;+0.00%;780.00;710.00;-8.97%;15.27%;Шестигранные ключи;Ні;*;Так;відсутній у фіді
GAAL0912;Набір шестигранників Р-обр TOPTUL 1,5-10мм 9ед супердлинных ;ok;678.00;678.00;+0.00%;870.00;790.00;-9.20%;15.27%;Шестигранные ключи;Ні;*;Так;відсутній у фіді
GAAL0913;Набір Г-подібних ключів TORX T10-T50 9од TOPTUL GAAL0913;ok;522.00;522.00;+0.00%;700.00;600.00;-14.29%;14.88%;Наборы ключей;Ні;*;Так;відсутній у фіді
GAAL0914;Набір Г-подібний ключів TORX T10-T50 9од довгих TOPTUL GAAL0;ok;634.00;634.00;+0.00%;820.00;730.00;-10.98%;14.88%;Наборы ключей;Ні;*;Так;відсутній у фіді
GAAL0915;Набір Г-подібний ключів TORX T10-T50 9од супердов з отвором ;ok;797.00;797.00;+0.00%;1020.00;920.00;-9.80%;14.88%;Наборы ключей;Так;*;Ні;
GAAL0916;Набір шестигранних ключів з кулею TOPTUL 1,5-10мм 9ед довгих;ok;619.00;619.00;+0.00%;800.00;720.00;-10.00%;14.88%;Наборы ключей;Ні;*;Так;відсутній у фіді
GAAL0917;Набір Г-подібних шестигранників 1,5-10мм 9од супердовгих з к;ok;835.00;835.00;+0.00%;1070.00;960.00;-10.28%;14.88%;Наборы ключей;Так;*;Ні;
GAAL0918;Набір Г-подібних шестигранників 1,5-10мм 9од різнокольорових;ok;1100.00;1100.00;+0.00%;1390.00;1270.00;-8.63%;14.88%;Наборы ключей;Так;*;Ні;
GAAL0919;Набір Г-подібний ключів TORX T10-T50 9од довгих з отвором TO;ok;699.00;699.00;+0.00%;900.00;810.00;-10.00%;14.88%;Наборы ключей;Ні;*;Так;відсутній у фіді
GAAL0922;Набір Г-подібних шестигранників 1,5-10мм 9од супердовгих з к;ok;864.00;864.00;+0.00%;1100.00;1000.00;-9.09%;14.88%;Наборы ключей;Так;*;Ні;
GAAL0923;Набір Г-подібний ключів TORX T10-T50 9од Супердовгих TOPTUL ;ok;758.00;758.00;+0.00%;970.00;880.00;-9.28%;14.88%;Наборы ключей;Так;*;Ні;
GAAL0927;Набір Г-подібних шестигранників 1,5-10мм 9од супердовгих з е;ok;1019.00;1019.00;+0.00%;1290.00;1180.00;-8.53%;15.27%;Шестигранные ключи;Так;*;Ні;
GAAL0928;Набір Г-подібний ключів TORX T10-T50 9од супердовгих з отвор;ok;1057.00;1057.00;+0.00%;1340.00;1220.00;-8.96%;14.88%;Наборы ключей;Так;*;Ні;
GAAM0706;Набір ключів комбінованих супердовг 7 шт 10-19 TOPTUL GAAM07;ok;1448.00;1448.00;+0.00%;1830.00;1670.00;-8.74%;14.88%;Наборы ключей;Так;*;Ні;
GAAQ0801U;"Набір головок 1/4"" 12ед 4~13мм (на планці) TOPTUL GAAQ0801U";ok;355.00;355.00;+0.00%;470.00;410.00;-12.77%;14.88%;Наборы ключей;Так;*;Ні;
GAAQ0801U-12;"Набір головок 12-гр 1/4"" 12од 4~13мм (на планці) TOPTUL GAAQ";ok;360.00;360.00;+0.00%;480.00;420.00;-12.50%;14.88%;Наборы ключей;Так;*;Ні;
GAAQ0802U;"Набір головок довгих 1/4"" 12од 4~13мм (на планці) TOPTUL GAA";ok;723.00;723.00;+0.00%;930.00;840.00;-9.68%;14.88%;Наборы ключей;Так;*;Ні;
GAAQ0804U-12;"Набір головок довгихх 12-гр 1/4"" 8од 6~13мм (на планці) TOPT";ok;532.00;532.00;+0.00%;690.00;620.00;-10.14%;14.88%;Наборы ключей;Так;*;Ні;
GAAQ1201U;"Набір головок 3/8"" 16од 6~22мм (на планці) TOPTUL GAAQ1201U";ok;802.00;802.00;+0.00%;1020.00;930.00;-8.82%;14.88%;Наборы ключей;Так;*;Ні;
GAAQ1202U;"Набір головок длинных 3/8"" 16ед 6~22мм (на планке) TOPTUL GA";ok;1608.00;1608.00;+0.00%;2030.00;1850.00;-8.87%;14.88%;Наборы ключей;Так;*;Ні;
GAAQ1208;"Набір шестигр дюймовых впрес в головку 1/4""-1/2"" 12ед TOPTUL";ok;1900.00;1900.00;+0.00%;2390.00;2190.00;-8.37%;15.01%;Отверточные биты;Так;*;Ні;
GAAQ1601U;"Набір головок 1/2"" 11од 8~15,17,19,22мм (на планці) TOPTUL G";ok;696.00;696.00;+0.00%;890.00;800.00;-10.11%;14.88%;Наборы ключей;Так;*;Ні;
GAAQ1601U-12;"Набір головок 12-гр 1/2"" 11од 8~15,17,19,22мм (на планці) TO";ok;696.00;696.00;+0.00%;890.00;810.00;-8.99%;15.14%;Торцевые головки;Так;*;Ні;
GAAQ1602U;"Набір головок 1/2"" 15од 8~19,21,22,24мм (на планці) TOPTUL G";ok;1098.00;1098.00;+0.00%;1390.00;1270.00;-8.63%;14.88%;Наборы ключей;Так;*;Ні;
GAAQ1602U-12;"Набір головок 12-гр 1/2"" 15од 8~19,21,22,24мм (на планці) TO";ok;1098.00;1098.00;+0.00%;1390.00;1270.00;-8.63%;15.14%;Торцевые головки;Так;*;Ні;
GAAQ1603U;"Набір головок 1/2"" 15од 8 ~ 15,17,19,22,24,27,30,32 мм (на п";ok;1371.00;1371.00;+0.00%;1730.00;1580.00;-8.67%;14.88%;Наборы ключей;Так;*;Ні;
GAAQ1603U-12;"Набір головок 12-гр 1/2"" 15од 8~15,17,19,22,24,27,30,32мм (н";ok;1371.00;1371.00;+0.00%;1730.00;1580.00;-8.67%;15.14%;Торцевые головки;Так;*;Ні;
GAAQ1604U;"Набір головок 1/2"" 23од 8 ~ 28,30,32 мм (на планці) TOPTUL G";ok;2223.00;2223.00;+0.00%;2790.00;2560.00;-8.24%;14.88%;Наборы ключей;Так;*;Ні;
GAAQ1604U-12;"Набір головок 12-гр 1/2 ""23од 8 ~ 28,30,32 мм (на планці) TO";ok;2223.00;2223.00;+0.00%;2790.00;2560.00;-8.24%;15.14%;Торцевые головки;Так;*;Ні;
GAAQ1605U;"Набір головок довгих 1/2 ""9од 8,10,12 ~ 15,17,19,22 мм (на п";ok;1137.00;1137.00;+0.00%;1440.00;1310.00;-9.03%;14.88%;Наборы ключей;Так;*;Ні;
GAAQ1605U-12;"Набір головок довгих 12-гр 1/2 ""9од 8,10,12 ~ 15,17,19,22 мм";ok;1137.00;1137.00;+0.00%;1440.00;1310.00;-9.03%;14.88%;Наборы ключей;Так;*;Ні;
GAAQ1606U;"Набір головок довгих 1/2"" 15од 8 ~ 19,21,22,24 мм (на планці";ok;2034.00;2034.00;+0.00%;2560.00;2340.00;-8.59%;14.88%;Наборы ключей;Так;*;Ні;
GAAQ1606U-12;"Набір головок довгих 12-гр 1/2 ""15од 8 ~ 19,21,22,24 мм (на ";ok;2034.00;2034.00;+0.00%;2560.00;2340.00;-8.59%;14.88%;Наборы ключей;Так;*;Ні;
GAAQ1607U;"Набір головок довгих 1/2 ""15од 8 ~ 15,17,19,22,24,27,30,32 м";ok;2470.00;2470.00;+0.00%;3100.00;2840.00;-8.39%;14.88%;Наборы ключей;Так;*;Ні;
GAAQ1607U-12;"Набір головок довгих 12-гр 1/2 ""15од 8 ~ 15,17,19,22,24,27,3";ok;2470.00;2470.00;+0.00%;3100.00;2840.00;-8.39%;14.88%;Наборы ключей;Так;*;Ні;
GAAQ1608U;"Набір дюймовых головок 1/2"" 19 ед (на планке) TOPTUL GAAQ160";ok;2472.00;2472.00;+0.00%;3100.00;2840.00;-8.39%;14.88%;Наборы ключей;Так;*;Ні;
GAAQ1612M;"Набір ударних головок 1/2"" 12 ед 8,10,12~19,21,22мм (на план";ok;1457.00;1457.00;+0.00%;1840.00;1680.00;-8.70%;15.14%;Торцевые головки;Так;*;Ні;
GAAQ1614D;"Набір ударних довгих головок 1/2"" 12 од 8,10,12~19,21,22мм (";ok;2606.00;2606.00;+0.00%;3270.00;3010.00;-7.95%;15.14%;Торцевые головки;Так;*;Ні;
GAAQ1623U-12;"Набір головок довгих 12-гр 1/2"" 23од 8~24 26~30 32мм (на пла";ok;3999.00;3999.00;+0.00%;5000.00;4600.00;-8.00%;14.88%;Наборы ключей;Так;*;Ні;
GAAR0301;"Набір перехідників 1/4"" під шуруповерт 3ед (1/4"" 3/8"" 1/2"") ";ok;136.00;136.00;+0.00%;200.00;160.00;-20.00%;15.14%;Торцевые головки;Так;*;Так;подешевшало на 20.0%
GAAR0302;"Набір міні тріскачок дискових 1/4-1/2"" 3од TOPTUL GAAR0302";ok;1298.00;1298.00;+0.00%;1640.00;1500.00;-8.54%;14.92%;Воротки, трещотки;Так;*;Ні;
GAAR0401;Набір мініатюрних гаків 4од TOPTUL GAAR0401;ok;440.00;440.00;+0.00%;570.00;510.00;-10.53%;15.17%;Наборы инструментов;Так;*;Ні;
GAAR0402;Викрутка-тріскачка 7-в-1 TOPTUL GAAR0402;ok;476.00;476.00;+0.00%;620.00;550.00;-11.29%;15.29%;Отвертки;Так;*;Ні;
GAAR0403;Набір знімачів стопорних кілець (міні) 4 од TOPTUL GAAR0403;ok;553.00;553.00;+0.00%;720.00;640.00;-11.11%;14.60%;Съемники стопорных колец;Так;*;Ні;
GAAR0404;"Набір перехідників магнітних 1/4 ""-1"" 4ед TOPTUL GAAR0404";ok;1646.00;1646.00;+0.00%;2070.00;1900.00;-8.21%;15.14%;Торцевые головки;Так;*;Ні;
GAAR0901;Викрутка-тріскачка пістолетного типу 8-в-1 TOPTUL GAAR0901;ok;722.00;722.00;+0.00%;930.00;840.00;-9.68%;15.29%;Отвертки;Так;*;Ні;
GAAR1001;"Набір розрізних ключів 3/8"" односторонніх 10шт 10-19мм TOPTU";ok;1535.00;1535.00;+0.00%;1940.00;1770.00;-8.76%;15.14%;Разрезные ключи;Так;*;Ні;
GAAR1002;Викрутка-тріскачка 19-в-1 TOPTUL GAAR1002;ok;881.00;881.00;+0.00%;1120.00;1020.00;-8.93%;15.29%;Отвертки;Так;*;Ні;
GAAR1101;"Викрутка-тріскачка"" міні"" 9-в-1 TOPTUL GAAR1101";ok;583.00;583.00;+0.00%;750.00;680.00;-9.33%;15.29%;Отвертки;Так;*;Ні;
GAAR1201;"Набір біт 1/4"" з тріскачкою-Бітотримачі 12од TOPTUL GAAR1201";ok;543.00;543.00;+0.00%;700.00;630.00;-10.00%;15.01%;Отверточные биты;Ні;*;Так;відсутній у фіді
GAAR1402;"Набір головок TORX 1/4"" -1/2"" E4-E24 14од (Зірка Давида) TOP";ok;645.00;645.00;+0.00%;830.00;750.00;-9.64%;14.88%;Наборы ключей;Так;*;Ні;
GAAT0101;Клепальник з Набіром клепок (в ложементі) TOPTUL GAAT0101;ok;1585.00;1585.00;+0.00%;2000.00;1760.00;-12.00%;10.63%;Ручные заклепочники;Ні;*;Так;відсутній у фіді
GAAT0402;Набір ключів накидних 21-32мм (кут 75 °) 4од (В ложементі) T;ok;1990.00;1990.00;+0.00%;2500.00;2300.00;-8.00%;15.17%;Наборы инструментов;Так;*;Ні;
GAAT0404;Набір ключів комбінованих 27-32мм 4од (В ложементі) TOPTUL G;ok;2192.00;2192.00;+0.00%;2750.00;2530.00;-8.00%;15.17%;Наборы инструментов;Так;*;Ні;
GAAT0408;Набір ключів комбінованих 27-32мм 4ед (В ложементі) TOPTUL G;ok;1988.00;1988.00;+0.00%;2500.00;2290.00;-8.40%;15.17%;Наборы инструментов;Так;*;Ні;
GAAT0502;Набір ключів розрізних 8-22мм 5од (В ложементі) TOPTUL GAAT0;ok;1375.00;1375.00;+0.00%;1740.00;1590.00;-8.62%;15.17%;Наборы инструментов;Так;*;Ні;
GAAT0504;Набір ключів накидних С- обр 10-22мм 5од ( в ложементі ) GAA;ok;1235.00;1235.00;+0.00%;1560.00;1430.00;-8.33%;15.17%;Наборы инструментов;Так;*;Ні;
GAAT0601;Набір викруток з шестигранником ударних 6 од (в ложементі) T;ok;1576.00;1576.00;+0.00%;1990.00;1820.00;-8.54%;15.17%;Наборы инструментов;Так;*;Ні;
GAAT0603;Набір викруток (1000V) 6од в ложементі TOPTUL GAAT0603;ok;920.00;920.00;+0.00%;1170.00;1060.00;-9.40%;15.17%;Наборы инструментов;Так;*;Ні;
GAAT0702;Набір ключів шарнірних 6-19мм 7од (В ложементі) TOPTUL GAAT0;ok;2329.00;2329.00;+0.00%;2920.00;2690.00;-7.88%;15.17%;Наборы инструментов;Так;*;Ні;
GAAT0705;Набір біт 10мм TORX T25-T55 7од TOPTUL GAAT0705;ok;268.00;268.00;+0.00%;360.00;310.00;-13.89%;15.01%;Отверточные биты;Так;*;Ні;
GAAT0707;Набір біт 10мм HEX 4-12мм 7од TOPTUL GAAT0707;ok;275.00;275.00;+0.00%;370.00;320.00;-13.51%;15.01%;Отверточные биты;Так;*;Ні;
GAAT0709;Набір біт 10мм 7од (PH1 PH2 PH3 SL5.5 SL6.5 SL8) TOPTUL GAAT;ok;217.00;217.00;+0.00%;300.00;250.00;-16.67%;15.01%;Отверточные биты;Ні;*;Так;відсутній у фіді
GAAT0802;Набір ключів накидних 6-22мм (кут 75 °) 8од (в ложементі) TO;ok;1872.00;1872.00;+0.00%;2350.00;2160.00;-8.09%;15.17%;Наборы инструментов;Так;*;Ні;
GAAT0803;Набір шестигранників з ручкою L-обр (В ложементі) TOPTUL GAA;ok;1592.00;1592.00;+0.00%;2010.00;1840.00;-8.46%;15.17%;Наборы инструментов;Так;*;Ні;
GAAT0804;Набір ключів TORX з ручкою L-обр (в ложементі) TOPTUL GAAT08;ok;1631.00;1631.00;+0.00%;2050.00;1880.00;-8.29%;15.17%;Наборы инструментов;Так;*;Ні;
GAAT0805;Набір викруток 8 од (в ложементі) TOPTUL GAAT0805;ok;1092.00;1092.00;+0.00%;1380.00;1260.00;-8.70%;15.17%;Наборы инструментов;Так;*;Ні;
GAAT0806;Набір ключів накидних 6-22мм (кут 45 °) 8од (в ложементі) TO;ok;1440.00;1440.00;+0.00%;1820.00;1660.00;-8.79%;15.17%;Наборы инструментов;Так;*;Ні;
GAAT0807;Набір викруток TORX з отвором T9-T40 8од (в ложементі) TOPTU;ok;1168.00;1168.00;+0.00%;1480.00;1350.00;-8.78%;15.17%;Наборы инструментов;Так;*;Ні;
GAAT0809;Набір інструменту (1000V) 8 од (у ложементі) TOPTUL GAAT0809;ok;3433.00;3433.00;+0.00%;4290.00;3960.00;-7.69%;15.17%;Наборы инструментов;Так;*;Ні;
GAAT0810;Набір інструменту (1000V) 8 од (В ложементі) TOPTUL GAAT0810;ok;3401.00;3401.00;+0.00%;4250.00;3920.00;-7.76%;15.17%;Наборы инструментов;Так;*;Ні;
GAAT0813;Набір викруток TORX T9-T40 8од (у ложементі) TOPTUL GAAT0813;ok;1151.00;1151.00;+0.00%;1460.00;1330.00;-8.90%;15.17%;Наборы инструментов;Так;*;Ні;
GAAT0817;Набір ключів комб з тріскачкою 8-19мм 8ед (В ложементі) TOPT;ok;3110.00;3110.00;+0.00%;3890.00;3590.00;-7.71%;15.17%;Наборы инструментов;Так;*;Ні;
GAAT1002;Набір ключів торцевих Г-обр 8-19мм 10од (в ложементі) TOPTUL;ok;5634.00;5634.00;+0.00%;7030.00;6490.00;-7.68%;15.17%;Наборы инструментов;Так;*;Ні;
GAAT1003;Набір ключів комбінованих 6-27мм 10 од (у ложементі) TOPTUL ;ok;1874.00;1874.00;+0.00%;2360.00;2160.00;-8.47%;15.17%;Наборы инструментов;Так;*;Ні;
GAAT1202;"Набір біт впрес в головку 1/2 ""12од (у ложементі) TOPTUL GAA";ok;1962.00;1962.00;+0.00%;2470.00;2260.00;-8.50%;15.01%;Отверточные биты;Так;*;Ні;
GAAT1205;Набір ключів комбінованих з тріскачкою 8-19мм 12од (в ложеме;ok;6206.00;6206.00;+0.00%;7740.00;7150.00;-7.62%;15.17%;Наборы инструментов;Так;*;Ні;
GAAT1301;Набір ключів комбінованих 8-24мм 13 од (В ложементі) TOPTUL ;ok;1964.00;1964.00;+0.00%;2470.00;2270.00;-8.10%;15.17%;Наборы инструментов;Так;*;Ні;
GAAT1303;Набір ключів комбінованих 8-24мм +13 од (в ложементі) TOPTUL;ok;2201.00;2201.00;+0.00%;2760.00;2540.00;-7.97%;15.17%;Наборы инструментов;Так;*;Ні;
GAAT1602;Набір ключів комбінованих 6-24мм 16 од (в ложементі) TOPTUL ;ok;2464.00;2464.00;+0.00%;3090.00;2840.00;-8.09%;15.17%;Наборы инструментов;Так;*;Ні;
GAAT1604;Набір ключів комбінованих 6-24мм 16 од (в ложементі) TOPTUL ;ok;2218.00;2218.00;+0.00%;2780.00;2560.00;-7.91%;15.17%;Наборы инструментов;Так;*;Ні;
GAAT1802;Набір інструменту комбінований (в ложементі) TOPTUL GAAT1802;ok;1976.00;1976.00;+0.00%;2480.00;2280.00;-8.06%;15.17%;Наборы инструментов;Так;*;Ні;
GAAT2202;"Набір головок довгих 1/2 ""8-32мм 22од (В ложементі) TOPTUL G";ok;3412.00;3412.00;+0.00%;4270.00;3930.00;-7.96%;15.17%;Наборы инструментов;Так;*;Ні;
GAAT2302;Набір інструменту TORX 23од (у ложементі) TOPTUL GAAT2302;ok;1847.00;1847.00;+0.00%;2320.00;2130.00;-8.19%;15.17%;Наборы инструментов;Так;*;Ні;
GAAT2402;"Набір біт впрес в головку 1/2 ""24од (в ложементі) TOPTUL GAA";ok;2662.00;2662.00;+0.00%;3340.00;3070.00;-8.08%;15.01%;Отверточные биты;Так;*;Ні;
GAAT6502;Набір інструменту TORX і біт в ложементі 65од TOPTUL GAAT650;ok;2843.00;2843.00;+0.00%;3560.00;3280.00;-7.87%;15.17%;Наборы инструментов;Так;*;Ні;
GAAV0501;Набір вибивачів і зубил 5 шт TOPTUL GAAV0501;ok;592.00;592.00;+0.00%;760.00;690.00;-9.21%;15.34%;Пробойники, зубила, бородки;Так;*;Ні;
GAAV0601;Набір виколоток 6 шт TOPTUL GAAV0601;ok;791.00;791.00;+0.00%;1010.00;920.00;-8.91%;15.34%;Пробойники, зубила, бородки;Так;*;Ні;
GAAV0701;Набір біт (Hex: 2 2.5 3 4 5 6 8mm) TOPTUL GAAV0701;ok;99.00;99.00;+0.00%;150.00;120.00;-20.00%;15.01%;Отверточные биты;Так;*;Так;подешевшало на 20.0%
GAAV0702;Набір біт (Torx: T10-T40) TOPTUL GAAV0702;ok;91.00;91.00;+0.00%;140.00;110.00;-21.43%;15.01%;Отверточные биты;Так;*;Так;подешевшало на 21.4%
GAAV0703;Набір біт (Torx: T10-T40 з отвором) TOPTUL GAAV0703;ok;110.00;110.00;+0.00%;160.00;130.00;-18.75%;15.01%;Отверточные биты;Так;*;Ні;
GAAV0704;"Набір біт (SL: 4 * 0.5 5.5 * 1 6.5 * 1.2; PH1 PH2; PZ1 PZ2) ";ok;95.00;95.00;+0.00%;150.00;110.00;-26.67%;15.01%;Отверточные биты;Так;*;Так;подешевшало на 26.7%
GAAV1001;"Набір біт 10од 1/4"" (PH SL Torx SQ) TOPTUL GAAV1001";ok;119.00;119.00;+0.00%;180.00;140.00;-22.22%;15.01%;Отверточные биты;Так;*;Так;подешевшало на 22.2%
GAAV1103;"Набір біт 1/4"" 11 од TOPTUL GAAV1103";ok;139.00;139.00;+0.00%;200.00;160.00;-20.00%;15.01%;Отверточные биты;Так;*;Так;подешевшало на 20.0%
GAAV1104;"Набір біт 1/4"" 11од TOPTUL GAAV1104";ok;171.00;171.00;+0.00%;240.00;200.00;-16.67%;15.01%;Отверточные биты;Так;*;Ні;
GAAW0801;Набір викруток (T5-T20) 8 од TOPTUL GAAW0801;ok;774.00;774.00;+0.00%;1130.00;900.00;-20.35%;15.29%;Отвертки;Так;*;Так;подешевшало на 20.4%
GAAW0802;Набір викруток (PH000-PH0 SL1.2-SL3) 8од TOPTUL GAAW0802;ok;806.00;806.00;+0.00%;1030.00;930.00;-9.71%;15.29%;Отвертки;Так;*;Ні;
GAAW0804;Набір викруток (T5-T20 PH SL) 14 в 1 TOPTUL GAAW0804;ok;571.00;571.00;+0.00%;740.00;660.00;-10.81%;15.29%;Отвертки;Так;*;Ні;
GAAW1001;"Набір біт 1/4"" PH2х65мм двосторонніх 10шт TOPTUL GAAW1001";ok;379.00;379.00;+0.00%;500.00;440.00;-12.00%;15.01%;Отверточные биты;Так;*;Ні;
GAAW1004;"Набір біт 1/4"" PH2хSL6 L65мм двосторонніх 10шт TOPTUL GAAW10";ok;351.00;351.00;+0.00%;460.00;410.00;-10.87%;15.01%;Отверточные биты;Так;*;Ні;
GAAW3101;"Набір біт 1/4"" SL; PH; PZ; TORX; HEX + магнітний утримувач 3";ok;558.00;558.00;+0.00%;720.00;650.00;-9.72%;15.01%;Отверточные биты;Так;*;Ні;
GAAX0801;Набір шестигранників з ручкою L-подібний 2-10мм 8од TOPTUL G;ok;2048.00;2048.00;+0.00%;2570.00;2370.00;-7.78%;15.27%;Шестигранные ключи;Так;*;Ні;
GAAX0901;Набір ключів TORX з ручкою L-подібний T10-T50 9од TOPTUL GAA;ok;2245.00;2245.00;+0.00%;2820.00;2580.00;-8.51%;14.88%;Наборы ключей;Так;*;Ні;
GABB2001;"Набір інструменту 1/2"" 20од 8-32мм на пластиковому холдері T";ok;2247.00;2247.00;+0.00%;2820.00;2590.00;-8.16%;15.17%;Наборы инструментов;Так;*;Ні;
GABF1601;"Набір голівок Torx Plus EPR 1/4""&3/8""&1/2"" 6EPR-32EPR 16од T";ok;2861.00;2861.00;+0.00%;3580.00;3300.00;-7.82%;15.17%;Наборы инструментов;Так;*;Ні;
GABW1301;"Набір головок з тріскачкою 1/4"" 13од TOPTUL GABW1301";ok;1005.00;1005.00;+0.00%;1280.00;1160.00;-9.38%;15.17%;Наборы инструментов;Так;*;Ні;
GABW3001;"Набір інструменту 1/4"" (головки біти + тріскачка) 30од TOPTU";ok;1113.00;1113.00;+0.00%;1410.00;1290.00;-8.51%;15.01%;Отверточные биты;Так;*;Ні;
GABW3101;"Набір біт з утримувачем 1/4"" 31од TOPTUL GABW3101";ok;1117.00;1117.00;+0.00%;1420.00;1290.00;-9.15%;15.01%;Отверточные биты;Ні;*;Так;відсутній у фіді
GABW3102;"Набір біт з утримувачем 1/4"" 31од TOPTUL GABW3102";ok;924.00;924.00;+0.00%;1180.00;1070.00;-9.32%;15.01%;Отверточные биты;Так;*;Ні;
GABW3103;"Набір біт з тріскачкою-бітотримачем 1/4"" 31од TOPTUL GABW310";ok;1112.00;1112.00;+0.00%;1410.00;1280.00;-9.22%;15.01%;Отверточные биты;Так;*;Ні;
GACW3501;"Набір біт 1/4"" 35од TOPTUL GACW3501";ok;1146.00;1146.00;+0.00%;1450.00;1320.00;-8.97%;15.01%;Отверточные биты;Так;*;Ні;
GACW3502;"Набір біт 1/4"" 35од TOPTUL GACW3502";ok;926.00;926.00;+0.00%;1180.00;1070.00;-9.32%;15.01%;Отверточные биты;Так;*;Ні;
GACW3503;"Набір біт 1/4"" 35 од Toptul GACW3503";ok;1098.00;1098.00;+0.00%;1390.00;1270.00;-8.63%;15.01%;Отверточные биты;Ні;*;Так;відсутній у фіді
GACW3504;"Набір біт 1/4"" 35 од TOPTUL GACW3504";ok;1123.00;1123.00;+0.00%;1420.00;1300.00;-8.45%;15.01%;Отверточные биты;Так;*;Ні;
GADW4101;"Набір інструменту 1/4"" 41од TOPTUL GADW4101";ok;1809.00;1809.00;+0.00%;2280.00;2090.00;-8.33%;15.17%;Наборы инструментов;Так;*;Ні;
GADW4502;"Набір інструменту 1/4"" 41од (12-гр) TOPTUL GADW4502";ok;2101.00;2101.00;+0.00%;2640.00;2420.00;-8.33%;15.01%;Отверточные биты;Так;*;Ні;
GAEW4001;"Набір біт та головок для шуруповерта 1/4"" 40од TOPTUL GAEW40";ok;1391.00;1391.00;+0.00%;1760.00;1600.00;-9.09%;15.01%;Отверточные биты;Так;*;Ні;
GBA54400;"Набір інструменту 1/4"" 54од TOPTUL GBA54400";ok;3656.00;3656.00;+0.00%;4570.00;4220.00;-7.66%;15.17%;Наборы инструментов;Так;*;Ні;
GBAA1604;"Набір ключів комбінованих дюймових 16 шт (1/4"" - 1-1/4"") TOP";ok;4481.00;4481.00;+0.00%;5600.00;5150.00;-8.04%;14.88%;Наборы ключей;Так;*;Ні;
GBAC1201;"Набір ключів комбінованих на холдері 12 шт дюймовий 1/4"" -7/";ok;1653.00;1653.00;+0.00%;2080.00;1900.00;-8.65%;14.88%;Наборы ключей;Так;*;Ні;
GBAE0201;"Тріскачка телескопічна 1/2"" 36 зубців TOPTUL GBAE0201";ok;1468.00;1468.00;+0.00%;1850.00;1690.00;-8.65%;14.92%;Воротки, трещотки;Так;*;Ні;
GBAE0202;"Вороток телескопічний 1/2"" Г-подібний (кут 135°) TOPTUL GBAE";ok;934.00;934.00;+0.00%;1190.00;1080.00;-9.24%;14.92%;Воротки, трещотки;Так;*;Ні;
GBAL0901;Набір дюймових Г-подібних шестигранників з кулею 1/16 од TOP;ok;656.00;656.00;+0.00%;840.00;760.00;-9.52%;15.27%;Шестигранные ключи;Так;*;Ні;
GBAQ1102;"Набір дюймових головок 12-гр 1/2"" 11 од (на планці) TOPTUL G";ok;790.00;790.00;+0.00%;1010.00;910.00;-9.90%;15.14%;Торцевые головки;Так;*;Ні;
GBAR0205;"Перехідник-подовжувач 1/2"" х1/2"" з підсв + перехідник TOPTUL";ok;394.00;394.00;+0.00%;520.00;460.00;-11.54%;15.14%;Торцевые головки;Ні;*;Так;відсутній у фіді
GBAT0201;Набір інструменту комбінований (в ложементі) TOPTUL GBAT0201;ok;2051.00;2051.00;+0.00%;2580.00;2370.00;-8.14%;15.17%;Наборы инструментов;Так;*;Ні;
GBAT0301;Набір інструменту комбінований (в ложементі) TOPTUL GBAT0301;ok;2413.00;2413.00;+0.00%;3030.00;2780.00;-8.25%;15.17%;Наборы инструментов;Так;*;Ні;
GBAT0303;Набір інструменту комбінований (в ложементі) TOPTUL GBAT0303;ok;2483.00;2483.00;+0.00%;3110.00;2860.00;-8.04%;15.17%;Наборы инструментов;Так;*;Ні;
GBAT0304;Набір щипців 3 од (у ложементі) TOPTUL GBAT0304;ok;1683.00;1683.00;+0.00%;2120.00;1940.00;-8.49%;15.17%;Наборы инструментов;Так;*;Ні;
GBAT0401;Набір знімачів стопорних кілець 4од (в ложементі) TOPTUL GBA;ok;2031.00;2031.00;+0.00%;2550.00;2340.00;-8.24%;15.17%;Наборы инструментов;Так;*;Ні;
GBAT0402;Набір пасатижів 4од (в ложементі) TOPTUL GBAT0402;ok;2586.00;2586.00;+0.00%;3240.00;2980.00;-8.02%;15.17%;Наборы инструментов;Так;*;Ні;
GBAT0403;Набір знімачів стопорних кілець 4од (в ложементі) TOPTUL GBA;ok;2938.00;2938.00;+0.00%;3680.00;3390.00;-7.88%;15.17%;Наборы инструментов;Так;*;Ні;
GBAT0501;Набір напилків 5од (в ложементі) TOPTUL GBAT0501;ok;1446.00;1446.00;+0.00%;1820.00;1670.00;-8.24%;15.17%;Наборы инструментов;Так;*;Ні;
GBAT1304;"Набір ключів комбінованихTOPTUL 1/4""-5/16""мм 13 од";ok;2182.00;2182.00;+0.00%;2740.00;2520.00;-8.03%;15.17%;Наборы инструментов;Так;*;Ні;
GBB35140;"Набір інструменту 3/8"" 35 од TOPTUL GBB35140";ok;4088.00;4088.00;+0.00%;5110.00;4710.00;-7.83%;15.17%;Наборы инструментов;Так;*;Ні;
GBB38190;"Набір інструменту 1/2"" (дюйм + метр) 38од TOPTUL GBB38190";ok;6628.00;6628.00;+0.00%;8260.00;7640.00;-7.51%;15.17%;Наборы инструментов;Так;*;Ні;
GBBA1001;"Набір ключів комбінованих мініатюрних 10 шт (5/32"" - 7/16"") ";ok;1180.00;1180.00;+0.00%;1490.00;1360.00;-8.72%;14.88%;Наборы ключей;Так;*;Ні;
GC1302;"Струбцина тип"" G"" 50мм СТАНДАРТ";ok;82.00;82.00;+0.00%;130.00;100.00;-23.08%;14.43%;Струбцины и зажимы;Ні;*;Так;відсутній у фіді + подешевшало на 23.1%
GC1303;"Струбцина тип"" G"" 75мм СТАНДАРТ";ok;143.00;143.00;+0.00%;210.00;170.00;-19.05%;14.43%;Струбцины и зажимы;Так;*;Ні;
GC1304;"Струбцина тип"" G"" 100мм СТАНДАРТ";ok;173.00;173.00;+0.00%;320.00;200.00;-37.50%;14.43%;Струбцины и зажимы;Ні;*;Так;відсутній у фіді + подешевшало на 37.5%
GC1306;"Струбцина тип"" G"" 150мм СТАНДАРТ";ok;284.00;284.00;+0.00%;5200.00;330.00;-93.65%;14.43%;Струбцины и зажимы;Так;*;Так;подешевшало на 93.7%
GC1308;"Струбцина тип"" G"" 200мм СТАНДАРТ";ok;396.00;396.00;+0.00%;520.00;460.00;-11.54%;14.43%;Струбцины и зажимы;Так;*;Ні;
GCAD1402;"Набір інструменту 1"" 14 од (6-гр) TOPTUL GCAD1402";ok;23837.00;23837.00;+0.00%;29640.00;27460.00;-7.35%;15.17%;Наборы инструментов;Так;*;Ні;
GCAD1405;Набір ручного інструменту комбінованого в металевому ящику з;ok;8218.00;8218.00;+0.00%;10240.00;9470.00;-7.52%;15.17%;Наборы инструментов;Так;*;Ні;
GCAD1406;"Набір інструменту 3/4"" 14од (12-гр) Metal case TOPTUL GCAD14";ok;8218.00;8218.00;+0.00%;10240.00;9470.00;-7.52%;15.17%;Наборы инструментов;Так;*;Ні;
GCAD1407;"Набір інструменту дюймового 3/4"" 14од (12-гр) Metal case TOP";ok;8100.00;8100.00;+0.00%;10090.00;9330.00;-7.53%;15.17%;Наборы инструментов;Ні;*;Так;відсутній у фіді
GCAD1502;"Набір інструменту 1/2"" 15од (6-гр) TOPTUL GCAD1502";ok;2829.00;2829.00;+0.00%;3540.00;3260.00;-7.91%;15.17%;Наборы инструментов;Так;*;Ні;
GCAD1508;"Набір инструменту 1/2"" 15од (6-гр) TOPTUL GCAD1508";ok;2540.00;2540.00;+0.00%;3180.00;2930.00;-7.86%;15.17%;Наборы инструментов;Так;*;Ні;
GCAD1512;"Набір інструменту дюймового 1/2"" 15 од TOPTUL GCAD1512";ok;3227.00;3227.00;+0.00%;4040.00;3720.00;-7.92%;15.17%;Наборы инструментов;Так;*;Ні;
GCAD1601;"Набір інструменту 1/2"" 16од (6-гр) TOPTUL GCAD1601";ok;2428.00;2428.00;+0.00%;3040.00;2800.00;-7.89%;15.17%;Наборы инструментов;Так;*;Ні;
GCAD1607;"Набір інструменту 1/2"" 16од (6pt) TOPTUL GCAD1607";ok;2770.00;2770.00;+0.00%;3470.00;3200.00;-7.78%;15.17%;Наборы инструментов;Ні;*;Так;відсутній у фіді
GCAD1701;"Набір інструменту 1/4"" 17од TOPTUL GCAD1701";ok;1174.00;1174.00;+0.00%;2500.00;1360.00;-45.60%;15.17%;Наборы инструментов;Так;*;Так;подешевшало на 45.6%
GCAD1802;"Набір інструменту 1/2"" 18од (6-гр) TOPTUL GCAD1802";ok;4091.00;4091.00;+0.00%;5110.00;4720.00;-7.63%;15.17%;Наборы инструментов;Так;*;Ні;
GCAD1806;"Набір інструменту 3/8"" 18од TOPTUL GCAD1806";ok;2653.00;2653.00;+0.00%;3320.00;3060.00;-7.83%;15.17%;Наборы инструментов;Так;*;Ні;
GCAD1807;"Набір головок ударних 1/2"" 10-32мм + подовжувач 18од TOPTUL ";ok;2833.00;2833.00;+0.00%;3550.00;3270.00;-7.89%;15.14%;Торцевые головки;Так;*;Ні;
GCAD1811;"Набір інструменту 1/4"" 18од дюймового 3/16"" -9/16"" TOPTUL GC";ok;1879.00;1879.00;+0.00%;2360.00;2170.00;-8.05%;15.17%;Наборы инструментов;Так;*;Ні;
GCAD1813;"Набір інструменту 1/4"" 18од дюймового 3/16"" -9/16"" (довгі го";ok;2134.00;2134.00;+0.00%;2680.00;2460.00;-8.21%;15.17%;Наборы инструментов;Так;*;Ні;
GCAD1821;"Набір інструменту 1/2"" 18од TOPTUL GCAD1821";ok;2452.00;2452.00;+0.00%;3070.00;2830.00;-7.82%;15.17%;Наборы инструментов;Так;*;Ні;
GCAD2001;"Набір інструменту 3/8"" 20 од TOPTUL GCAD2001";ok;2306.00;2306.00;+0.00%;2890.00;2660.00;-7.96%;15.17%;Наборы инструментов;Так;*;Ні;
GCAD2102;"Набір інструменту 3/8"" 21 од TOPTUL GCAD2102";ok;2064.00;2064.00;+0.00%;2590.00;2380.00;-8.11%;15.17%;Наборы инструментов;Так;*;Ні;
GCAD2401;"Набір інструменту 1/2"" 24од(6pt) TOPTUL GCAD2401";ok;3916.00;3916.00;+0.00%;5060.00;4520.00;-10.67%;15.17%;Наборы инструментов;Так;*;Ні;
GCAD2404;"Набір інструменту 1/2"" 24 од (12pt) TOPTUL GCAD2404";ok;4015.00;4015.00;+0.00%;5020.00;4630.00;-7.77%;15.17%;Наборы инструментов;Так;*;Ні;
GCAD2405;"Набір інструменту дюймового 3/4"" 24од (12- гр) Metal case TO";ok;12184.00;12184.00;+0.00%;15170.00;14040.00;-7.45%;15.17%;Наборы инструментов;Так;*;Ні;
GCAD2501;"Набір інструменту 3/8"" 25од TOPTUL GCAD2501";ok;2634.00;2634.00;+0.00%;4270.00;3040.00;-28.81%;15.17%;Наборы инструментов;Так;*;Так;подешевшало на 28.8%
GCAD2513;"Набір інструменту дюймового 1/2"" 25 од TOPTUL GCAD2513";ok;4178.00;4178.00;+0.00%;5220.00;4820.00;-7.66%;15.17%;Наборы инструментов;Так;*;Ні;
GCAD2514;"Набір інструменту дюймового 1/2"" 25од (12-гр) TOPTUL GCAD251";ok;4178.00;4178.00;+0.00%;5220.00;4820.00;-7.66%;15.17%;Наборы инструментов;Так;*;Ні;
GCAD2601;"Набір інструменту 1/2"" 26од(6pt) TOPTUL GCAD2601";ok;4053.00;4053.00;+0.00%;5060.00;4670.00;-7.71%;15.17%;Наборы инструментов;Так;*;Ні;
GCAD2602;"Набір інструменту 1/2"" 26од(12pt) TOPTUL GCAD2602";ok;4053.00;4053.00;+0.00%;5060.00;4670.00;-7.71%;15.17%;Наборы инструментов;Так;*;Ні;
GCAD2608;"Набір інструменту метр + дюймового 3/4"" 26 од (12-гр) Metal ";ok;11925.00;11925.00;+0.00%;14840.00;13740.00;-7.41%;15.17%;Наборы инструментов;Так;*;Ні;
GCAD2701;"Набір інструменту 1/4"" 27од TOPTUL GCAD2701";ok;1794.00;1794.00;+0.00%;2260.00;2070.00;-8.41%;15.17%;Наборы инструментов;Так;*;Ні;
GCAD2802;"Набір инструменту 1/4""&1/2"" 28од TOPTUL GCAD2802";ok;3004.00;3004.00;+0.00%;3760.00;3460.00;-7.98%;15.17%;Наборы инструментов;Так;*;Ні;
GCAD3101;"Набір інструменту 1/4"" 31од TOPTUL GCAD3101";ok;2299.00;2299.00;+0.00%;2880.00;2650.00;-7.99%;15.17%;Наборы инструментов;Так;*;Ні;
GCAD3202;"Набір інструменту 1/4"" 32 од TOPTUL GCAD3202";ok;2169.00;2169.00;+0.00%;2720.00;2500.00;-8.09%;15.17%;Наборы инструментов;Так;*;Ні;
GCAD3204;"Набір інструменту 1/4"" 32 од TOPTUL GCAD3204";ok;2169.00;2169.00;+0.00%;2720.00;2500.00;-8.09%;15.17%;Наборы инструментов;Так;*;Ні;
GCAD3401;"Набір інструменту 1/4"" & 1/2"" 34од TOPTUL GCAD3401";ok;4508.00;4508.00;+0.00%;5630.00;5200.00;-7.64%;15.17%;Наборы инструментов;Так;*;Ні;
GCAD3801;"Набір інструменту 1/4"" 38 од TOPTUL GCAD3801";ok;2734.00;2734.00;+0.00%;3420.00;3150.00;-7.89%;15.17%;Наборы инструментов;Так;*;Ні;
GCAD3803;"Набір інструменту 1/2"" (дюйм + метр) 38од TOPTUL GCAD3803";ok;5076.00;5076.00;+0.00%;6330.00;5850.00;-7.58%;15.17%;Наборы инструментов;Так;*;Ні;
GCAD4102;"Набір інструменту комбінований 1/2"" (короткі + довгі головки";ok;6380.00;6380.00;+0.00%;7950.00;7350.00;-7.55%;15.17%;Наборы инструментов;Так;*;Ні;
GCAD4303;"Набір інструменту 1/2"" (дюйм + метр) 43од TOPTUL GCAD4303";ok;6056.00;6056.00;+0.00%;7550.00;6980.00;-7.55%;15.17%;Наборы инструментов;Так;*;Ні;
GCAD4601;"Набір інструменту 1/2"" (дюйм + метр) 46од TOPTUL GCAD4601";ok;6809.00;6809.00;+0.00%;8490.00;7850.00;-7.54%;15.17%;Наборы инструментов;Так;*;Ні;
GCAD5003;"Набір інструменту 1/4"" 50 од TOPTUL GCAD5003";ok;2504.00;2504.00;+0.00%;3140.00;2890.00;-7.96%;15.17%;Наборы инструментов;Так;*;Ні;
GCAD5004;"Набір інструменту 1/4"" 50од (12-гр) TOPTUL GCAD5004";ok;2519.00;2519.00;+0.00%;3160.00;2910.00;-7.91%;15.17%;Наборы инструментов;Так;*;Ні;
GCAD7202;"Набір інструменту 1/4"" 72од TOPTUL GCAD7202";ok;4536.00;4536.00;+0.00%;5660.00;5230.00;-7.60%;15.17%;Наборы инструментов;Так;*;Ні;
GCAI0201;Викрутка динамометрична + бітотримач 1-8Nm TOPTUL GCAI0201;ok;3100.00;3100.00;+0.00%;3880.00;3580.00;-7.73%;15.29%;Отвертки;Так;*;Ні;
GCAI0202;Викрутка динамометрична + вороток 1,5-8Nm TOPTUL GCAI0202;ok;3795.00;3795.00;+0.00%;4740.00;4380.00;-7.59%;15.29%;Отвертки;Так;*;Ні;
GCAI094R;"Набір інструменту 1/4"" & 1/2"" 94од (6-гр) New box TOPTUL GCA";ok;5794.00;5794.00;+0.00%;7230.00;6680.00;-7.61%;15.17%;Наборы инструментов;Так;*;Ні;
GCAI094R1;"Набір інструменту 1/4"" & 1/2"" 94од (12-гр) New box TOPTUL GC";ok;5797.00;5797.00;+0.00%;7230.00;6680.00;-7.61%;15.17%;Наборы инструментов;Так;*;Ні;
GCAI106B;Набір інструменту комбінований 106од TOPTUL GCAI106B;ok;7684.00;7684.00;+0.00%;9570.00;8850.00;-7.52%;15.17%;Наборы инструментов;Так;*;Ні;
GCAI108R;"Набір інструменту 1/4"" & 1/2"" 108од (6-гр) New box TOPTUL GC";ok;6259.00;6259.00;+0.00%;7800.00;7210.00;-7.56%;15.17%;Наборы инструментов;Так;*;Ні;
GCAI108R1;"Набір інструменту 1/4"" & 1/2"" 108од (12-гр) New box TOPTUL G";ok;6274.00;6274.00;+0.00%;7820.00;7230.00;-7.54%;15.17%;Наборы инструментов;Так;*;Ні;
GCAI130B;Набір інструменту комбінований 130од TOPTUL GCAI130B;ok;9445.00;9445.00;+0.00%;11760.00;10880.00;-7.48%;15.17%;Наборы инструментов;Так;*;Ні;
GCAI130T;"Набір інструменту комбінований 1/4""&1/2"" ключі 6-32мм 130од ";ok;16353.00;16353.00;+0.00%;20340.00;18840.00;-7.37%;15.17%;Наборы инструментов;Так;*;Ні;
GCAI130T1;"Набір інструменту комбінований 1/4""&1/2"" ключі 6-32мм 130 од";ok;16353.00;16353.00;+0.00%;20340.00;18840.00;-7.37%;15.17%;Наборы инструментов;Так;*;Ні;
GCAI144R;"Набір інструменту комбінований 1/4"" & 3/8"" & 1/2"" 144од TOPT";ok;14229.00;14229.00;+0.00%;17710.00;16390.00;-7.45%;15.17%;Наборы инструментов;Так;*;Ні;
GCAI150R;Набір інструменту комбінований 150од TOPTUL GCAI150R;ok;14274.00;14274.00;+0.00%;17760.00;16440.00;-7.43%;15.17%;Наборы инструментов;Так;*;Ні;
GCAI151R;"Набір інструменту комбінований 1/4"" & 3/8"" & 1/2"" 151 од TOP";ok;9426.00;9426.00;+0.00%;11740.00;10860.00;-7.50%;15.17%;Наборы инструментов;Так;*;Ні;
GCAI1701;"Набір інструмента 3/4"" 17од(6-гр) TOPTUL GCAI1701";ok;8300.00;8300.00;+0.00%;10340.00;9560.00;-7.54%;15.17%;Наборы инструментов;Так;*;Ні;
GCAI1702;"Набір інструменту 3/4"" 17од (12-гр) TOPTUL GCAI1702";ok;8300.00;8300.00;+0.00%;10340.00;9560.00;-7.54%;15.17%;Наборы инструментов;Так;*;Ні;
GCAI2102;"Набір інструменту 3/4"" 21од (6-гр) TOPTUL GCAI2102";ok;11131.00;11131.00;+0.00%;13860.00;12820.00;-7.50%;15.17%;Наборы инструментов;Так;*;Ні;
GCAI2103;"Набір інструменту 3/4"" 21од (12-гр) TOPTUL GCAI2103";ok;11131.00;11131.00;+0.00%;13860.00;12820.00;-7.50%;15.17%;Наборы инструментов;Так;*;Ні;
GCAI2104;"Набір інструменту 3/4"" 21од (6-гр) TOPTUL GCAI2104";ok;13970.00;13970.00;+0.00%;17380.00;16090.00;-7.42%;15.17%;Наборы инструментов;Так;*;Ні;
GCAI216R;"Набір інструменту комбінований 1/4"" & 3/8"" & 1/2"" 216 од TOP";ok;12775.00;12775.00;+0.00%;15900.00;14720.00;-7.42%;15.17%;Наборы инструментов;Так;*;Ні;
GCAI2202;"Набір інструменту 3/8"" 22 од TOPTUL GCAI2202";ok;2105.00;2105.00;+0.00%;2640.00;2430.00;-7.95%;15.17%;Наборы инструментов;Так;*;Ні;
GCAI2401;"Набір інструменту 1/2"" 24од TOPTUL GCAI2401";ok;3326.00;3326.00;+0.00%;4160.00;3840.00;-7.69%;15.17%;Наборы инструментов;Так;*;Ні;
GCAI2403;"Набір інструменту 1/4"" 24од TOPTUL GCAI2403";ok;1750.00;1750.00;+0.00%;2200.00;2020.00;-8.18%;15.17%;Наборы инструментов;Так;*;Ні;
GCAI2411;"Набір інструменту 1/2"" 24од TOPTUL GCAI2411";ok;3588.00;3588.00;+0.00%;4490.00;4140.00;-7.80%;15.17%;Наборы инструментов;Так;*;Ні;
GCAI2492;"Набір інструменту 1/4"" 49ед TOPTUL GCAI2492";ok;2694.00;2694.00;+0.00%;3380.00;3110.00;-7.99%;15.17%;Наборы инструментов;Так;*;Ні;
GCAI2501;"Набір інструмента 1/4"" 25 од TOPTUL GCAI2501";ok;1877.00;1877.00;+0.00%;2360.00;2170.00;-8.05%;15.17%;Наборы инструментов;Так;*;Ні;
GCAI2701;"Набір головок ударних 1/2"" 10-32мм 27од TOPTUL GCAI2701";ok;3494.00;3494.00;+0.00%;4370.00;4030.00;-7.78%;15.14%;Торцевые головки;Так;*;Ні;
GCAI2801;"Набір інструменту 1/2"" 28од зі світловим перехідником TOPTUL";ok;3768.00;3768.00;+0.00%;4710.00;4340.00;-7.86%;15.17%;Наборы инструментов;Так;*;Ні;
GCAI4102;"Набір інструменту 1/4"" 41 од TOPTUL GCAI4102";ok;1898.00;1898.00;+0.00%;2830.00;2190.00;-22.61%;15.01%;Отверточные биты;Так;*;Так;подешевшало на 22.6%
GCAI4201;"Набір інструменту комбінований 1/2"" 42 од TOPTUL GCAI4201";ok;5637.00;5637.00;+0.00%;7030.00;6500.00;-7.54%;15.17%;Наборы инструментов;Так;*;Ні;
GCAI4601;"Набір інструменту 1/4"" 46од TOPTUL GCAI4601";ok;2444.00;2444.00;+0.00%;3060.00;2820.00;-7.84%;15.17%;Наборы инструментов;Так;*;Ні;
GCAI4901;"Набір інструменту 1/4"" + ключі 49 од TOPTUL GCAI4901";ok;2521.00;2521.00;+0.00%;3160.00;2910.00;-7.91%;15.17%;Наборы инструментов;Так;*;Ні;
GCAI5101;"Набір інструменту комбінований 1/4"" 51од TOPTUL GCAI5101";ok;3197.00;3197.00;+0.00%;4000.00;3690.00;-7.75%;15.17%;Наборы инструментов;Ні;*;Так;відсутній у фіді
GCAI6001;"Набір інструменту 3/8"" 60 од TOPTUL GCAI6001";ok;4074.00;4074.00;+0.00%;5090.00;4700.00;-7.66%;15.17%;Наборы инструментов;Так;*;Ні;
GCAI6003;Набір біт TORX HEX SPLINE RIBE SQ 60од TOPTUL GCAI6003;ok;2953.00;2953.00;+0.00%;3700.00;3400.00;-8.11%;15.01%;Отверточные биты;Так;*;Ні;
GCAI8002;Набір інструменту комбінований 80од TOPTUL GCAI8002;ok;9064.00;9064.00;+0.00%;11290.00;10440.00;-7.53%;15.17%;Наборы инструментов;Так;*;Ні;
GCAI8201;Набір інструменту комбінований 82од TOPTUL GCAI8201;ok;5841.00;5841.00;+0.00%;7280.00;6730.00;-7.55%;15.17%;Наборы инструментов;Так;*;Ні;
GCAI9601;Набір інструменту комбінований 96од TOPTUL GCAI9601;ok;9193.00;9193.00;+0.00%;11450.00;10590.00;-7.51%;15.17%;Наборы инструментов;Так;*;Ні;
GCAI9701;Набір інструменту комбінований 97 од TOPTUL GCAI9701;ok;9468.00;9468.00;+0.00%;11790.00;10910.00;-7.46%;15.17%;Наборы инструментов;Так;*;Ні;
GCAJ0001;Візок з інструментом 7 секцій 227 од TOPTUL GCAJ0001;ok;71616.00;71616.00;+0.00%;89000.00;82330.00;-7.49%;14.95%;Шкафы, тумбы и тележки инструментальные;Так;*;Ні;
GCAJ0006;Візок з інструментом 5 секцій 157од;ok;49832.00;49832.00;+0.00%;61940.00;57290.00;-7.51%;14.95%;Шкафы, тумбы и тележки инструментальные;Так;*;Ні;
GCAJ0008;Візок з інструментом 7 секцій 229од TOPTUL GCAJ0008;ok;74872.00;74872.00;+0.00%;93050.00;86070.00;-7.50%;14.95%;Шкафы, тумбы и тележки инструментальные;Ні;*;Так;відсутній у фіді
GCAJ0012;Візок з інструментом (Pro-Line) 7 секцій 227од TOPTUL GCAJ00;ok;76512.00;76512.00;+0.00%;95080.00;87960.00;-7.49%;14.95%;Шкафы, тумбы и тележки инструментальные;Так;*;Ні;
GCAJ0014;Візок з інструментом (Pro-Line) 7 секцій 229од TOPTUL GCAJ00;ok;79769.00;79769.00;+0.00%;99130.00;91700.00;-7.50%;14.95%;Шкафы, тумбы и тележки инструментальные;Так;*;Ні;
GCAJ0018;Візок з інструментом 7секц 227 од червоний TOPTUL GCAJ0018;ok;71616.00;71616.00;+0.00%;89000.00;82330.00;-7.49%;14.95%;Ящики, сумки для инструментов;Ні;*;Так;відсутній у фіді
GCAJ0060;Візок 7 секцій з інструментом 157 од TOPTUL GCAJ0060;ok;64591.00;64591.00;+0.00%;80270.00;74250.00;-7.50%;14.95%;Шкафы, тумбы и тележки инструментальные;Так;*;Ні;
GCAJ0066;Візок з інструментом 7 секцій 211 од TOPTUL GCAJ0066;ok;73355.00;73355.00;+0.00%;91160.00;84330.00;-7.49%;14.95%;Шкафы, тумбы и тележки инструментальные;Так;*;Ні;
GCAJ305H;Візок з інструментом (Pro-Plus) 7 секцій 305од червона TOPTU;ok;89502.00;89502.00;+0.00%;111220.00;102890.00;-7.49%;14.95%;Шкафы, тумбы и тележки инструментальные;Так;*;Ні;
GCAT0701;Набір інструменту комбінований (в ложементі) TOPTUL GCAT0701;ok;1821.00;1821.00;+0.00%;2290.00;2100.00;-8.30%;15.17%;Наборы инструментов;Так;*;Ні;
GCAT0801;Набір інструменту комбінований (в ложементі) TOPTUL GCAT0801;ok;2417.00;2417.00;+0.00%;3030.00;2790.00;-7.92%;15.17%;Наборы инструментов;Так;*;Ні;
GCAT0803;Набір інструменту комбінований 8ед (в ложементі) TOPTUL GCAT;ok;6664.00;6664.00;+0.00%;8310.00;7680.00;-7.58%;15.17%;Наборы инструментов;Так;*;Ні;
GCAT1101;Набір вимірювального інструменту 11од (в ложементі) TOPTUL G;ok;5092.00;5092.00;+0.00%;6350.00;5870.00;-7.56%;15.17%;Наборы инструментов;Так;*;Ні;
GCAT1807;"Набір головок ударних 1/2"" 10-32мм + подовжувач 18од (В ложе";ok;2339.00;2339.00;+0.00%;2930.00;2700.00;-7.85%;15.14%;Торцевые головки;Так;*;Ні;
GCAT1808;"Набір інструменту комбінований 3/8 ""(в ложементі) TOPTUL GCA";ok;2145.00;2145.00;+0.00%;2690.00;2480.00;-7.81%;15.17%;Наборы инструментов;Так;*;Ні;
GCAT2402;"Набір інструменту 1/2 ""24 од (в ложементі) TOPTUL GCAT2402";ok;3685.00;3685.00;+0.00%;4610.00;4250.00;-7.81%;15.17%;Наборы инструментов;Так;*;Ні;
GCAT2501;"Набір інструменту 3/8"" 25ед (в ложементі) TOPTUL GCAT2501";ok;2563.00;2563.00;+0.00%;3210.00;2960.00;-7.79%;15.17%;Наборы инструментов;Так;*;Ні;
GCAT3401;Набір ручного інструменту комбінованого в пластиковом ящику ;ok;4185.00;4185.00;+0.00%;5230.00;4820.00;-7.84%;15.17%;Наборы инструментов;Так;*;Ні;
GCAT5001;"Набір інструменту 1/4 ""50 од в ложементі TOPTUL GCAT5001";ok;2464.00;2464.00;+0.00%;3090.00;2840.00;-8.09%;15.17%;Наборы инструментов;Так;*;Ні;
GCAT7202;Набір ручного інструменту комбінованого в пластиковом ящику ;ok;3854.00;3854.00;+0.00%;4820.00;4440.00;-7.88%;15.17%;Наборы инструментов;Так;*;Ні;
GCAZ0003;"Ящик з інструментом (TBAC0501 5 секцій) 65ед 1/2 "" TOPTUL GC";ok;14766.00;14766.00;+0.00%;18370.00;17010.00;-7.40%;15.17%;Наборы инструментов;Так;*;Ні;
GCAZ0011;Ящик з інструментом (Pro-Line) 3 секції 157ед TOPTUL GCAZ001;ok;41759.00;41759.00;+0.00%;51910.00;48010.00;-7.51%;14.95%;Ящики, сумки для инструментов;Так;*;Ні;
GCAZ0013;Ящик з інструментом (Pro-Line) 3 секції 104ед TOPTUL GCAZ001;ok;40195.00;40195.00;+0.00%;49960.00;46300.00;-7.33%;15.17%;Наборы инструментов;Ні;*;Так;відсутній у фіді
GCAZ0016;Ящик з інструментом 3 секції 82 ед TOPTUL GCAZ0016;ok;21220.00;21220.00;+0.00%;26390.00;24440.00;-7.39%;15.17%;Наборы инструментов;Так;*;Ні;
GCAZ0025;Ящик с инструментом (пластмасс) 31едTOPTUL GCAZ0025;ok;7951.00;7951.00;+0.00%;9910.00;9160.00;-7.57%;15.17%;Наборы инструментов;Так;*;Ні;
GCAZ0038;Ящик з інструментом 3 секції 99 од TOPTUL GCAZ0038;ok;19308.00;19308.00;+0.00%;24020.00;22240.00;-7.41%;15.17%;Наборы инструментов;Так;*;Ні;
GCAZ0039;Ящик з інструментом (5 секцій) 63ед TOPTUL GCAZ0039;ok;14926.00;14926.00;+0.00%;18570.00;17200.00;-7.38%;15.17%;Наборы инструментов;Ні;*;Так;відсутній у фіді
GCAZ0057;"Ящик з інструментом (TBAC0501 5 секцій) 62ед 1/2 "" TOPTUL GC";ok;12906.00;12906.00;+0.00%;16060.00;14870.00;-7.41%;15.17%;Наборы инструментов;Так;*;Ні;
GCAZ111A;Ящик з інструментом 111ед (TBAC0502) TOPTUL GCAZ111A;ok;15879.00;15879.00;+0.00%;19760.00;18260.00;-7.59%;14.95%;Ящики, сумки для инструментов;Так;*;Ні;
GCBZ186A;Ящик з інструментом (TBAA0901 9 секцій) 186ед TOPTUL GCBZ186;ok;44417.00;44417.00;+0.00%;55210.00;51160.00;-7.34%;15.17%;Наборы инструментов;Так;*;Ні;
GCZ-042A;Набір інструменту електроізольованого VDE 42од TOPTUL GCZ-04;ok;34738.00;34738.00;+0.00%;43190.00;40010.00;-7.36%;15.17%;Наборы инструментов;Так;*;Ні;
GCZ-104A;Ящик з інструментом модульний (пластик) 104ед TOPTUL GCZ-104;ok;15105.00;15105.00;+0.00%;18790.00;17400.00;-7.40%;15.17%;Наборы инструментов;Так;*;Ні;
GDAD0801;"Набір головок ударних 3/4"" 26-38мм 8од TOPTUL GDAD0801";ok;3461.00;3461.00;+0.00%;4330.00;3990.00;-7.85%;15.14%;Торцевые головки;Так;*;Ні;
GDAD0802;"Набір головок ударних довгих 3/4"" 26-38мм 8од TOPTUL GDAD080";ok;5476.00;5476.00;+0.00%;6830.00;6310.00;-7.61%;15.14%;Торцевые головки;Так;*;Ні;
GDAD0803;"Набір головок ударних 1"" 24-41мм 8од TOPTUL GDAD0803";ok;5860.00;5860.00;+0.00%;7310.00;6750.00;-7.66%;15.14%;Торцевые головки;Так;*;Ні;
GDAD0804;"Набір головок ударних довгих 1"" 24-41мм 8од TOPTUL GDAD0804";ok;9542.00;9542.00;+0.00%;11880.00;10990.00;-7.49%;15.14%;Торцевые головки;Так;*;Ні;
GDAD0809;"Набір головок ударних 1"" 27-41мм 8од TOPTUL GDAD0809";ok;6384.00;6384.00;+0.00%;7960.00;7360.00;-7.54%;15.14%;Торцевые головки;Так;*;Ні;
GDAD1001;"Набір головок ударних 1/2"" 10-24мм 10 од TOPTUL GDAD1001";ok;1287.00;1287.00;+0.00%;1630.00;1490.00;-8.59%;15.14%;Торцевые головки;Так;*;Ні;
GDAD1002;"Набір головок ударних довгих 1/2"" 10-24мм 10 од TOPTUL GDAD1";ok;2258.00;2258.00;+0.00%;2830.00;2600.00;-8.13%;15.14%;Торцевые головки;Так;*;Ні;
GDAD1501;"Набір головок ударних 1/2"" 10-24мм 15од TOPTUL GDAD1501";ok;1883.00;1883.00;+0.00%;2370.00;2170.00;-8.44%;15.14%;Торцевые головки;Так;*;Ні;
GDAD3201;"Набір головок ударних 1/2"" 8-32мм 32 од короткі + довгі TOPT";ok;6132.00;6132.00;+0.00%;7650.00;7070.00;-7.58%;15.14%;Торцевые головки;Так;*;Ні;
GDAE0402;"Тріскачка пневматична 1/4 ""/ 3/8"" / 1/4 ""HEX 54N / m 400об /";ok;5046.00;5046.00;+0.00%;6300.00;5570.00;-11.59%;10.38%;Пневматические гайковерты;Так;*;Ні;
GDAE0701;Пилосос (від компресора) TOPTUL GDAE0701;ok;1756.00;1756.00;+0.00%;2210.00;1940.00;-12.22%;10.38%;Пневматические гайковерты;Ні;*;Так;відсутній у фіді
GDAE0702;Пылесос + воздуходувка (от компрессора) 7 ед TOPTUL GDAE0702;ok;1869.00;1869.00;+0.00%;2350.00;2150.00;-8.51%;15.00%;default;Так;*;Ні;
GDAE0801;Пылесос + воздуходувка (от компрессора) 8 ед TOPTUL GDAE0801;ok;2677.00;2677.00;+0.00%;3350.00;3080.00;-8.06%;15.00%;default;Так;*;Ні;
GDAG0301;"Набір головок ударних тонкостінних 1/2"" для шиномонтажу 3од ";ok;759.00;759.00;+0.00%;970.00;880.00;-9.28%;15.14%;Торцевые головки;Так;*;Ні;
GDAI0303;"Набір ударних головок довгих для ступічних гайок 1/2 ""12-гр ";ok;1971.00;1971.00;+0.00%;2480.00;2270.00;-8.47%;15.14%;Торцевые головки;Так;*;Ні;
GDAI0503;"Набір головок 1/2"" для шиномонтажу 5од Pro-Series TOPTUL GDA";ok;2119.00;2119.00;+0.00%;2660.00;2440.00;-8.27%;15.14%;Торцевые головки;Так;*;Ні;
GDAI0601;"Набір головок ударних 1/2"" SPLINE M14-M18 6од TOPTUL GDAI060";ok;1515.00;1515.00;+0.00%;1910.00;1750.00;-8.38%;15.14%;Торцевые головки;Так;*;Ні;
GDAI0701;"Набір головок TORX ударних 1/2"" Т30-T70 7од TOPTUL GDAI0701";ok;1496.00;1496.00;+0.00%;1890.00;1730.00;-8.47%;15.14%;Торцевые головки;Так;*;Ні;
GDAI0702;"Набір головок HEX ударних 1/2"" 4-14мм 7 од TOPTUL GDAI0702";ok;1595.00;1595.00;+0.00%;2010.00;1840.00;-8.46%;15.14%;Торцевые головки;Так;*;Ні;
GDAI0705;Пневматичний молоток з комплектом зубил 7ед TOPTUL GDAI0705;ok;5149.00;5149.00;+0.00%;6430.00;5940.00;-7.62%;15.34%;Пневматические зубила;Так;*;Ні;
GDAI0802;"Набір головок ударних 3/4"" 24-38мм 8од TOPTUL GDAI0802";ok;3141.00;3141.00;+0.00%;3930.00;3620.00;-7.89%;15.14%;Торцевые головки;Так;*;Ні;
GDAI0804;"Набір головок ударних довгих 3/4"" 24-38мм 8од TOPTUL GDAI080";ok;5046.00;5046.00;+0.00%;6300.00;5810.00;-7.78%;15.14%;Торцевые головки;Так;*;Ні;
GDAI2002E;"Набір пневмоінструменту 1/2 ""20од (KAAA1660B) TOPTUL GDAI200";ok;8851.00;8851.00;+0.00%;11020.00;9770.00;-11.34%;10.38%;Пневматические гайковерты;Так;*;Ні;
GDAI2701;"Набір пневмоінструменту 1/2"" 27од (KAAA1640) TOPTUL GDAI2701";ok;11723.00;11723.00;+0.00%;14590.00;12940.00;-11.31%;10.38%;Пневматические гайковерты;Так;*;Ні;
GDAI2702;"Набір пневмоінструмента 1/2"" TOPTUL GDAI2702";ok;12387.00;12387.00;+0.00%;15420.00;13680.00;-11.28%;10.38%;Пневматические гайковерты;Ні;*;Так;відсутній у фіді
GDAI2703;"Набір пневмоінструменту 1/2"" 27ед (KAAA1660) TOPTUL GDAI2703";ok;13721.00;13721.00;+0.00%;17070.00;15150.00;-11.25%;10.38%;Пневматические гайковерты;Так;*;Ні;
GDAI2704;"Набір пневмоінструменту 1/2 ""27од (KAAB1660) TOPTUL GDAI2704";ok;14385.00;14385.00;+0.00%;17900.00;15880.00;-11.28%;10.38%;Пневматические гайковерты;Ні;*;Так;відсутній у фіді
GDAR1701;Набір для чистки фарбопультів 17 од TOPTUL GDAR1701;ok;845.00;845.00;+0.00%;1080.00;960.00;-11.11%;13.20%;Пневматические краскопульты;Так;*;Ні;
GDAS0301;"Набір головок 1/2"" для шиномонтажу 3од Pro-Series TOPTUL GDA";ok;1216.00;1216.00;+0.00%;1540.00;1410.00;-8.44%;15.14%;Торцевые головки;Так;*;Ні;
GDBU1402;Набір головок ударних низькопрофільних с 6-гр хвостовіком 1/;ok;1769.00;1769.00;+0.00%;2230.00;2040.00;-8.52%;15.14%;Торцевые головки;Так;*;Ні;
GE-12518;Візок з електроізольованим інструментом (Pro-Plus) 7 секцій ;ok;113648.00;113648.00;+0.00%;141220.00;130640.00;-7.49%;14.95%;Шкафы, тумбы и тележки инструментальные;Так;*;Ні;
GE-20820;Візок з інструментом 7 секцій 208од TOPTUL GE-20820;ok;56874.00;56874.00;+0.00%;70690.00;65380.00;-7.51%;14.95%;Шкафы, тумбы и тележки инструментальные;Так;*;Ні;
GE-21351;Візок з інструментом (BUMPER SERIES) 7 секцій 213 од чорний ;ok;60431.00;60431.00;+0.00%;75100.00;69470.00;-7.50%;14.95%;Ящики, сумки для инструментов;Так;*;Ні;
GE-26105;Візок з набором інструментів TOPTUL 7 секцій 261ед GE-26105;ok;56725.00;56725.00;+0.00%;70500.00;65210.00;-7.50%;14.95%;Шкафы, тумбы и тележки инструментальные;Ні;*;Так;відсутній у фіді
GE-26109;Візок з інструментом (Pro-Plus) 7 секцій 261од cіра TOPTUL G;ok;71450.00;71450.00;+0.00%;88790.00;82140.00;-7.49%;14.95%;Шкафы, тумбы и тележки инструментальные;Так;*;Ні;
GE-26117;Візок з інструментом (Pro-Plus) 7 секцій 261од зелена TOPTUL;ok;71450.00;71450.00;+0.00%;88790.00;82140.00;-7.49%;14.95%;Шкафы, тумбы и тележки инструментальные;Так;*;Ні;
GE-28210;Візок з інструментом 7 секцій 282ед VW-Audi Group TOPTUL GE-;ok;76296.00;76296.00;+0.00%;94810.00;87710.00;-7.49%;14.95%;Шкафы, тумбы и тележки инструментальные;Так;*;Ні;
GE-44803;Візок з інструментом (Pro-Plus) 8 секцій 448од сіра TOPTUL G;ok;134508.00;134508.00;+0.00%;167130.00;154620.00;-7.49%;14.95%;Шкафы, тумбы и тележки инструментальные;Так;*;Ні;
GEA0407;Набір щипців 4од (В ложементі) TOPTUL GEA0407;ok;2996.00;2996.00;+0.00%;3750.00;3460.00;-7.73%;15.17%;Наборы инструментов;Так;*;Ні;
GEA0408;Набір знімачів стопорних кілець 4од (В ложементі) TOPTUL GEA;ok;2442.00;2442.00;+0.00%;3060.00;2800.00;-8.50%;14.60%;Съемники стопорных колец;Так;*;Ні;
GEA0811;Набір інструменту комбінований 8од (В ложементі) TOPTUL GEA0;ok;2125.00;2125.00;+0.00%;2670.00;2450.00;-8.24%;15.17%;Наборы инструментов;Так;*;Ні;
GEA3005;"Набір інструменту 3/8"" 30од (В ложементі) TOPTUL GEA3005";ok;3905.00;3905.00;+0.00%;4880.00;4500.00;-7.79%;15.17%;Наборы инструментов;Так;*;Ні;
GEA5004;"Набір інструменту комбінований 1/4"" 50од (В ложементі) TOPTU";ok;3665.00;3665.00;+0.00%;4580.00;4230.00;-7.64%;15.17%;Наборы инструментов;Так;*;Ні;
GEAD1002;"Набір головок ударних дюймових довгих 1/2"" 7/16-1"" 10од TOPT";ok;2281.00;2281.00;+0.00%;2860.00;2630.00;-8.04%;15.14%;Торцевые головки;Так;*;Ні;
GEAD1401;"Набір головок ударних дюймових 1/2"" 3/8 1-1/4 14 од TOPTUL G";ok;1941.00;1941.00;+0.00%;2440.00;2240.00;-8.20%;15.14%;Торцевые головки;Ні;*;Так;відсутній у фіді
GEB0708;Набір для демонтажу скла 7 од (у ложементі тип B) TOPTUL GEB;ok;4174.00;4174.00;+0.00%;5210.00;4810.00;-7.68%;15.17%;Наборы инструментов;Так;*;Ні;
GEB1203;Набір викруток 12од (В ложементі) TOPTUL GEB1203;ok;2327.00;2327.00;+0.00%;2920.00;2690.00;-7.88%;15.17%;Наборы инструментов;Так;*;Ні;
GEB2501;"Набір біт впресованну в головку 1/2"" 25од (В ложементі) TOPT";ok;3883.00;3883.00;+0.00%;4850.00;4470.00;-7.84%;15.01%;Отверточные биты;Так;*;Ні;
GEC3901;"Набір інструменту 1/2"" 39од (В ложементі) TOPTUL GEC3901";ok;5487.00;5487.00;+0.00%;6850.00;6320.00;-7.74%;15.17%;Наборы инструментов;Так;*;Ні;
GEC6102;Набір інструменту комбінований 61ед (в ложементі) TOPTUL GEC;ok;4946.00;4946.00;+0.00%;6170.00;5700.00;-7.62%;15.17%;Наборы инструментов;Так;*;Ні;
GED1322;Набір інструменту комбінований 13од (в ложементі) TOPTUL GED;ok;5912.00;5912.00;+0.00%;7370.00;6810.00;-7.60%;15.17%;Наборы инструментов;Так;*;Ні;
GED1323;Набір інструменту комбінований 13од (В ложементі тип D) TOPT;ok;6587.00;6587.00;+0.00%;8210.00;7590.00;-7.55%;15.17%;Наборы инструментов;Так;*;Ні;
GED1353;Набір інструменту комбінований 13од (у ложементі тип D) TOPT;ok;8683.00;8683.00;+0.00%;10820.00;10010.00;-7.49%;15.17%;Наборы инструментов;Так;*;Ні;
GED1912;Набір інструменту комбінований 19од (В ложементі тип D) TOPT;ok;10047.00;10047.00;+0.00%;12510.00;11580.00;-7.43%;15.17%;Наборы инструментов;Так;*;Ні;
GED1916;Набір інструменту комбінований 19од (В ложементі тип D) TOPT;ok;6033.00;6033.00;+0.00%;7520.00;6950.00;-7.58%;15.17%;Наборы инструментов;Так;*;Ні;
GED2065;Набір інструменту електроізольованого VDE 20од (В ложементі ;ok;5905.00;5905.00;+0.00%;7360.00;6810.00;-7.47%;15.17%;Наборы инструментов;Так;*;Ні;
GED2105;Набір інструменту комбінований 21од (В ложементі) TOPTUL GED;ok;9272.00;9272.00;+0.00%;11550.00;10680.00;-7.53%;15.17%;Наборы инструментов;Так;*;Ні;
GED2224;Набір інструменту комбінований 22од (В ложементі) TOPTUL GED;ok;5299.00;5299.00;+0.00%;6610.00;6110.00;-7.56%;15.17%;Наборы инструментов;Ні;*;Так;відсутній у фіді
GED2332;Набір інструменту комбінованого 23од (в ложементі тип D) TOP;ok;10872.00;10872.00;+0.00%;13540.00;12530.00;-7.46%;15.17%;Наборы инструментов;Так;*;Ні;
GED2764;Набір інструменту електроізольованого VDE 27од (В ложементі ;ok;18211.00;18211.00;+0.00%;22650.00;20980.00;-7.37%;15.17%;Наборы инструментов;Так;*;Ні;
GED2813;Набір ключів комбінованих і накидних 6-27мм 28од (В ложемент;ok;6655.00;6655.00;+0.00%;8300.00;7670.00;-7.59%;15.17%;Наборы инструментов;Так;*;Ні;
GED2820;Набір ключів комбінованих і накидних 6-32мм 28ед (В ложемент;ok;7242.00;7242.00;+0.00%;9030.00;8350.00;-7.53%;15.17%;Наборы инструментов;Так;*;Ні;
GED3025;Набір ключів комбінованих 6-38мм 30од (В ложементі) TOPTUL G;ok;11600.00;11600.00;+0.00%;14440.00;13360.00;-7.48%;15.17%;Наборы инструментов;Так;*;Ні;
GED3062;Набір ключів електроізольованих (1000V) VDE 30од (В ложемент;ok;25572.00;25572.00;+0.00%;31800.00;29460.00;-7.36%;15.17%;Наборы инструментов;Так;*;Ні;
GED3102;Набір інструменту комбінований 31од (В ложементі) TOPTUL GED;ok;5066.00;5066.00;+0.00%;6320.00;5840.00;-7.59%;15.17%;Наборы инструментов;Так;*;Ні;
GED3108;"Набір інструменту метр + Дюймового 3/4"" 31од (В ложементі) T";ok;13688.00;13688.00;+0.00%;17030.00;15770.00;-7.40%;15.17%;Наборы инструментов;Так;*;Ні;
GED4863;Набір інструменту електроізольованого VDE 48од (В ложементі ;ok;21758.00;21758.00;+0.00%;27060.00;25060.00;-7.39%;15.17%;Наборы инструментов;Так;*;Ні;
GEDB117;"Набір інструменту 1/4 "" 1/2"" 111ед (в ложементі) TOPTUL GEDB";ok;10279.00;10279.00;+0.00%;12800.00;11840.00;-7.50%;15.17%;Наборы инструментов;Так;*;Ні;
GEDC611;"Набір інструменту 1/4 "" 3/8"" 1/2 ""126 од (в ложементі) TOPTU";ok;10712.00;10712.00;+0.00%;13340.00;12340.00;-7.50%;15.17%;Наборы инструментов;Так;*;Ні;
GFE-0601;Набір викруток 6 од PRO-PLUS SERIES TOPTUL GFE-0601;ok;1028.00;1028.00;+0.00%;1310.00;1190.00;-9.16%;15.29%;Отвертки;Так;*;Ні;
GFE-0602;Набір ударних викруток із шестигранником 6 од PRO-PLUS SERIE;ok;1546.00;1546.00;+0.00%;1950.00;1790.00;-8.21%;15.29%;Отвертки;Так;*;Ні;
GFE-0605;Набір викруток електроізольованих (1000V) VDE 6од TOPTUL GFE;ok;817.00;817.00;+0.00%;1040.00;950.00;-8.65%;15.29%;Отвертки;Так;*;Ні;
GFE-0701;Набір викруток електроізольованих (1000V) VDE 7од TOPTUL GFE;ok;1075.00;1075.00;+0.00%;1360.00;1240.00;-8.82%;15.29%;Отвертки;Так;*;Ні;
GFE-0801;Набір викруток 8 од PRO-PLUS SERIES TOPTUL GFE-0801;ok;1077.00;1077.00;+0.00%;1370.00;1250.00;-8.76%;15.29%;Отвертки;Так;*;Ні;
GFE-1101;Набір викруток 11 од PRO-PLUS SERIES TOPTUL GFE-1101;ok;1629.00;1629.00;+0.00%;2050.00;1880.00;-8.29%;15.29%;Отвертки;Так;*;Ні;
GFG-1.4;Пневмопістолет лакофарбовий HVLP ВП бачок 600 мл 1,4 мм ITAL;ok;5332.00;5332.00;+0.00%;6720.00;6040.00;-10.12%;13.20%;Пневматические краскопульты;Ні;*;Так;відсутній у фіді
GI03010;Озонатор повітря промисловий 10 г/годину (генератор озона) G;ok;7260.00;7260.00;+0.00%;9050.00;8350.00;-7.73%;15.00%;default;Так;*;Ні;
GI03020;Озонатор повітря промисловий 20 г/годину (генератор озона) G;ok;7986.00;7986.00;+0.00%;9950.00;9190.00;-7.64%;15.00%;default;Так;*;Ні;
GI03030-12V;Озонатор повітря автомобільний 10 г/годину від прикурювача 1;ok;7986.00;7986.00;+0.00%;9950.00;9190.00;-7.64%;15.00%;default;Так;*;Ні;
GI12111;Спотер по алюмінію та сталі 220V 2.5A GI KRAFT GI12111;ok;113740.00;113740.00;+0.00%;141330.00;130500.00;-7.66%;14.73%;Аппараты контактной сварки;Ні;*;Так;відсутній у фіді
GI12112-220;Спотер 220V 5800A ж/к дисплей автом режими;ok;40172.00;40172.00;+0.00%;49940.00;46090.00;-7.71%;14.73%;Аппараты контактной сварки;Так;*;Ні;
GI12112-380;Спотер 380V 5800A ж/к дисплей автом режими;ok;40172.00;40172.00;+0.00%;49940.00;46090.00;-7.71%;14.73%;Аппараты контактной сварки;Так;*;Ні;
GI12113X;Апарат точкового рихтування з кліщами GIKRAFT GI12113X;ok;99220.00;99220.00;+0.00%;123290.00;113840.00;-7.66%;14.73%;Аппараты контактной сварки;Так;*;Ні;
GI12114-220;Спотер 220V 5200A цифровий дисплей;ok;31944.00;31944.00;+0.00%;39710.00;36650.00;-7.71%;14.73%;Аппараты контактной сварки;Ні;*;Так;відсутній у фіді
GI12114-380;Спотер 380V 5200A цифровий дисплей;ok;31944.00;31944.00;+0.00%;39710.00;36650.00;-7.71%;14.73%;Аппараты контактной сварки;Так;*;Ні;
GI12115-220;Спотер 220V 4000A;ok;28072.00;28072.00;+0.00%;34900.00;32210.00;-7.71%;14.73%;Аппараты контактной сварки;Так;*;Ні;
GI12115-380;Спотер 380V 4000A;ok;28072.00;28072.00;+0.00%;34900.00;32210.00;-7.71%;14.73%;Аппараты контактной сварки;Так;*;Ні;
GI12116;Спотер інверторний автоматичний 220V 1200A;ok;25652.00;25652.00;+0.00%;31900.00;29440.00;-7.71%;14.73%;Аппараты контактной сварки;Так;*;Ні;
GI12117;Спотер інверторний автоматичний 380V 1600A GI KRAFT GI12117;ok;45980.00;45980.00;+0.00%;57150.00;52760.00;-7.68%;14.73%;Аппараты контактной сварки;Так;*;Ні;
GI12124;Комплект для ремонту пластикових деталей;ok;12778.00;12778.00;+0.00%;15900.00;14670.00;-7.74%;14.73%;Аппараты контактной сварки;Так;*;Ні;
GI12150;Комплект аксесуарів до спотера;ok;9370.00;9370.00;+0.00%;11670.00;10760.00;-7.80%;14.73%;Комплектующие для сварки и пайки;Так;*;Ні;
GI12151;Рифлена лінія (15шт);ok;275.00;275.00;+0.00%;370.00;320.00;-13.51%;14.73%;Комплектующие для сварки и пайки;Так;*;Ні;
GI12152;ОТ-шайба (50шт);ok;774.00;774.00;+0.00%;990.00;890.00;-10.10%;14.73%;Комплектующие для сварки и пайки;Так;*;Ні;
GI12153;Трикутна пластина (20шт);ok;411.00;411.00;+0.00%;540.00;480.00;-11.11%;14.73%;Комплектующие для сварки и пайки;Ні;*;Так;відсутній у фіді
GI12154;Болт (50шт);ok;774.00;774.00;+0.00%;990.00;890.00;-10.10%;14.73%;Комплектующие для сварки и пайки;Так;*;Ні;
GI12155;Шайба ( 50 шт);ok;678.00;678.00;+0.00%;870.00;780.00;-10.34%;14.73%;Комплектующие для сварки и пайки;Так;*;Ні;
GI12156;Зажим шайби;ok;282.00;282.00;+0.00%;380.00;330.00;-13.16%;14.73%;Комплектующие для сварки и пайки;Так;*;Ні;
GI12157;Зажим бовта;ok;456.00;456.00;+0.00%;590.00;530.00;-10.17%;14.73%;Комплектующие для сварки и пайки;Ні;*;Так;відсутній у фіді
GI12158;Kryptol затиск;ok;304.00;304.00;+0.00%;410.00;350.00;-14.63%;14.73%;Комплектующие для сварки и пайки;Так;*;Ні;
GI12159;Вуглецевий стержень;ok;90.00;90.00;+0.00%;140.00;110.00;-21.43%;14.73%;Комплектующие для сварки и пайки;Так;*;Так;подешевшало на 21.4%
GI12160;Клейєвий стержень;ok;39.00;39.00;+0.00%;80.00;50.00;-37.50%;14.73%;Комплектующие для сварки и пайки;Так;*;Так;подешевшало на 37.5%
GI12161;Затиск під вуглецевий стрижень 10мм;ok;282.00;282.00;+0.00%;380.00;330.00;-13.16%;14.73%;Комплектующие для сварки и пайки;Так;*;Ні;
GI12162;Тримач електрода;ok;968.00;968.00;+0.00%;1230.00;1120.00;-8.94%;14.73%;Комплектующие для сварки и пайки;Ні;*;Так;відсутній у фіді
GI12163;Зажим шайби OT -шайби;ok;339.00;339.00;+0.00%;450.00;390.00;-13.33%;14.73%;Комплектующие для сварки и пайки;Так;*;Ні;
GI12164;Електрод для точкового зварювання;ok;352.00;352.00;+0.00%;510.00;410.00;-19.61%;15.00%;default;Ні;*;Так;відсутній у фіді
GI12165;Електрод для хвилястого дроту;ok;282.00;282.00;+0.00%;410.00;330.00;-19.51%;14.73%;Комплектующие для сварки и пайки;Ні;*;Так;відсутній у фіді
GI12167;Болт алюмінієвий 4мм (50шт);ok;617.00;617.00;+0.00%;790.00;710.00;-10.13%;14.73%;Комплектующие для сварки и пайки;Ні;*;Так;відсутній у фіді
GI12168;Болт алюмінієвий 5мм (50шт);ok;617.00;617.00;+0.00%;790.00;710.00;-10.13%;14.73%;Комплектующие для сварки и пайки;Ні;*;Так;відсутній у фіді
GI12201;Комплект пристосувань для беззварювального рихтування;ok;12584.00;12584.00;+0.00%;15660.00;14440.00;-7.79%;14.73%;Комплектующие для сварки и пайки;Так;*;Ні;
GI12202;Гребінка (насадка для зворотного молотка);ok;1065.00;1065.00;+0.00%;1350.00;1230.00;-8.89%;14.73%;Комплектующие для сварки и пайки;Так;*;Ні;
GI12203;Зворотній молоток до спотера (з крюком);ok;1839.00;1839.00;+0.00%;2310.00;2120.00;-8.23%;15.00%;default;Так;*;Ні;
GI12204;Зворотній молоток до спотера (під трикутні пластини);ok;1839.00;1839.00;+0.00%;2310.00;2110.00;-8.66%;14.73%;Комплектующие для сварки и пайки;Так;*;Ні;
GI12205;Рихтувальне пристосування 850мм 4 упора;ok;26136.00;26136.00;+0.00%;32500.00;30060.00;-7.51%;15.00%;default;Так;*;Ні;
GI12206;Пневмоприсоска рихтувальна;ok;3388.00;3388.00;+0.00%;4240.00;3900.00;-8.02%;15.00%;default;Так;*;Ні;
GI12207;Рихтувальне пристосування 1 упор GI 12207;ok;6292.00;6292.00;+0.00%;7850.00;7240.00;-7.77%;15.00%;default;Ні;*;Так;відсутній у фіді
GI12208;"Рихтувальне пристосування"" пулер""";ok;6776.00;6776.00;+0.00%;8450.00;7800.00;-7.69%;15.00%;default;Так;*;Ні;
GI12209;Рихтувальне пристосування 750мм 2 упору;ok;22748.00;22748.00;+0.00%;28290.00;26170.00;-7.49%;15.00%;default;Так;*;Ні;
GI12225;Комплект для безфарбувального видалення вм'ятин (індукційног;ok;31460.00;31460.00;+0.00%;39110.00;36180.00;-7.49%;15.00%;default;Так;*;Ні;
GI13110-220;Зварювальний напівавтомат 0.8-1.0мм 220В 10.6А GIKRAFT GI131;ok;37752.00;37752.00;+0.00%;46930.00;43420.00;-7.48%;15.00%;default;Ні;*;Так;відсутній у фіді
GI13111;Зварювальний напівавтомат 0.8-1.0мм 220В 10.8А;ok;39083.00;39083.00;+0.00%;48580.00;44950.00;-7.47%;15.00%;default;Так;*;Ні;
GI13111-380;Зварювальний напівавтомат 0.8-1.0мм 380В 10.8А;ok;41140.00;41140.00;+0.00%;51140.00;47320.00;-7.47%;15.00%;default;Так;*;Ні;
GI13112;Зварювальний напівавтомат 0.8-1.0мм 380В 3 фази 13.6A;ok;45520.00;45520.00;+0.00%;56580.00;52350.00;-7.48%;15.00%;default;Так;*;Ні;
GI13114-220;Зварювальний напівавтомат інверторний 220В 12А сталь 0.6-1.2;ok;55176.00;55176.00;+0.00%;68580.00;63460.00;-7.47%;15.00%;default;Ні;*;Так;відсутній у фіді
GI13114-380;Зварювальний напівавтомат інверторний 380В 12А сталь 0.6-1.2;ok;56144.00;56144.00;+0.00%;69780.00;64570.00;-7.47%;15.00%;default;Так;*;Ні;
GI13115-380;Зварювальний напівавтомат інверторний 380В 17А сталь 0.6-1.2;ok;65340.00;65340.00;+0.00%;81200.00;75150.00;-7.45%;15.00%;default;Так;*;Ні;
GI15005;Інфрачервона короткохвильова сушка (1х1000W 40°C-100°C 0-60х;ok;10340.00;10340.00;+0.00%;12870.00;11900.00;-7.54%;15.00%;default;Так;*;Ні;
GI15008;Інфрачервона короткохвильова сушка (2х1000W 40°C-100°C 0-60х;ok;19360.00;19360.00;+0.00%;24080.00;22270.00;-7.52%;15.00%;default;Так;*;Ні;
GI15111;Інфрачервона короткохвильова сушка (3х1000W 0-99мин цифровой;ok;30008.00;30008.00;+0.00%;37310.00;34510.00;-7.50%;15.00%;default;Так;*;Ні;
GI15112;Інфрачервона короткохвильова сушка (3х1000W 40°C-100°C 0-99м;ok;36300.00;36300.00;+0.00%;45130.00;41750.00;-7.49%;15.00%;default;Так;*;Ні;
GI15113;Інфрачервона короткохвильова сушка (3х1100W 40° C-100° C 0-9;ok;55660.00;55660.00;+0.00%;69180.00;64010.00;-7.47%;15.00%;default;Ні;*;Так;відсутній у фіді
GI15115;Інфрачервона короткохвильова сушка (4х1000W 40° C-100° C 0-9;ok;74580.00;74580.00;+0.00%;92680.00;85770.00;-7.46%;15.00%;default;Так;*;Ні;
GI19112;Стенд для діагностики та чищення форсунок (6 форсунок візок ;ok;41140.00;41140.00;+0.00%;51140.00;47320.00;-7.47%;15.00%;default;Так;*;Ні;
GI19113;Стенд для діагностики та чищення форсунок (6 форсунок візок ;ok;48400.00;48400.00;+0.00%;60160.00;55660.00;-7.48%;15.00%;default;Ні;*;Так;відсутній у фіді
GI19114;Стенд для діагностики та чищення форсунок (6 форсунок візок ;ok;53240.00;53240.00;+0.00%;66170.00;61230.00;-7.47%;15.00%;default;Так;*;Ні;
GI20111;Набір для чищення системи інжектора;ok;10164.00;10164.00;+0.00%;12660.00;11690.00;-7.66%;15.00%;default;Так;*;Ні;
GI20113;Набір для чищення системи інжектора PRO-Line;ok;15004.00;15004.00;+0.00%;18670.00;17260.00;-7.55%;15.00%;default;Так;*;Ні;
GI20201;Ультразвукова ванна 400x300x250мм 500W;ok;55660.00;55660.00;+0.00%;69180.00;64010.00;-7.47%;15.00%;default;Ні;*;Так;відсутній у фіді
GI35111;Пуско-зарядний пристрій 12/24V пусковий струм 335A 220V;ok;13068.00;13068.00;+0.00%;16260.00;15030.00;-7.56%;15.00%;default;Так;*;Ні;
GI35112;Пуско-зарядний пристрій 12/24V пусковий струм 1000A 220V GI ;ok;15400.00;15400.00;+0.00%;19160.00;17710.00;-7.57%;15.00%;default;Так;*;Ні;
GI35113;Пуско-зарядний пристрій 12/24V пусковий струм 1500A 380V;ok;26620.00;26620.00;+0.00%;33100.00;30620.00;-7.49%;15.00%;default;Так;*;Ні;
GI35114;Пуско-зарядний пристрій 12/24V 1800A GI35114 GIKRAFT;ok;31460.00;31460.00;+0.00%;39110.00;36180.00;-7.49%;15.00%;default;Так;*;Ні;
GI35115;Пуско-зарядний пристрій 12/24V 3600A;ok;45980.00;45980.00;+0.00%;57150.00;52880.00;-7.47%;15.00%;default;Так;*;Ні;
GI37101;Візок інструментальний (3 відкриті полиці) GI KRAFT GI37101;ok;4737.00;4737.00;+0.00%;5910.00;5450.00;-7.78%;14.95%;Шкафы, тумбы и тележки инструментальные;Так;*;Ні;
GI37102;Візок інструментальний (1 секція 3 відкриті полиці);ok;6716.00;6716.00;+0.00%;8370.00;7730.00;-7.65%;14.95%;Шкафы, тумбы и тележки инструментальные;Так;*;Ні;
GI37103;Візок інструментальний (3 відкриті полиці,2 навісних ящика) ;ok;4804.00;4804.00;+0.00%;6000.00;5530.00;-7.83%;14.95%;Шкафы, тумбы и тележки инструментальные;Так;*;Ні;
GI37207;Верстат сталевий 151x84x87;ok;23426.00;23426.00;+0.00%;29130.00;26940.00;-7.52%;15.00%;default;Ні;*;Так;відсутній у фіді
GI38105;Поворотний стенд для фарбування автомобільних деталей GIKRAF;ok;13068.00;13068.00;+0.00%;16260.00;15030.00;-7.56%;15.00%;default;Так;*;Ні;
GIZMATIС3045;Набір для відновлення геометрії клапана (ХЗСО) GIZMATIС3045;ok;9848.00;9848.00;+0.00%;12260.00;11330.00;-7.59%;15.00%;default;Ні;*;Так;відсутній у фіді
GLOSS-2-1.3;Пістолет фарбувальний пневматичний HVLP верхній пластиковий ;ok;4592.00;4592.00;+0.00%;5730.00;5200.00;-9.25%;13.20%;Пневматические краскопульты;Так;*;Ні;
GLOSS-2-1.3LM;Пістолет фарбувальний пневматичний LVMP верхній пластиковий ;ok;4592.00;4592.00;+0.00%;5730.00;5200.00;-9.25%;13.20%;Пневматические краскопульты;Так;*;Ні;
GLOSS-2-1.4;Пістолет фарбувальний пневматичний HVLP верхній пластиковий ;ok;4592.00;4592.00;+0.00%;5730.00;5200.00;-9.25%;13.20%;Пневматические краскопульты;Так;*;Ні;
GLOSS-2-1.4LM;Пістолет фарбувальний пневматичний LVMP верхній пластиковий ;ok;4592.00;4592.00;+0.00%;5730.00;5200.00;-9.25%;13.20%;Пневматические краскопульты;Так;*;Ні;
GM100;Товщиномір ультразвуковий 1,2-225мм BENETECH GM100;ok;4876.00;4876.00;+0.00%;13660.00;5550.00;-59.37%;13.71%;Толщиномеры;Так;*;Так;подешевшало на 59.4%
GM100X;Товщиномір ультразвуковий 1,2-300мм BENETECH GM100X;ok;5239.00;5239.00;+0.00%;12940.00;5960.00;-53.94%;13.71%;Толщиномеры;Ні;*;Так;відсутній у фіді + подешевшало на 53.9%
GM1010;Вимірювач рівня освітлення (Люксметр) BENETECH GM1010;ok;927.00;927.00;+0.00%;1180.00;1070.00;-9.32%;14.69%;Люксметры;Так;*;Ні;
GM1020;Вимірювач рівня освітлення (Люксметр) + термометр USB BENETE;ok;1613.00;1613.00;+0.00%;2300.00;1850.00;-19.57%;14.69%;Люксметры;Так;*;Ні;
GM1030;Вимірювач рівня освітлення (Люксметр) + термометр USB Blueto;ok;2181.00;2181.00;+0.00%;2740.00;2510.00;-8.39%;14.69%;Люксметры;Ні;*;Так;відсутній у фіді
GM1030C;Вимірювач рівня освітлення (Люксметр) + термометр BENETECH G;ok;1668.00;1668.00;+0.00%;2100.00;1920.00;-8.57%;14.69%;Люксметры;Ні;*;Так;відсутній у фіді
GM1150;Безконтактний інфрачервоний термометр (пірометр) -30-1150° C;ok;3403.00;3403.00;+0.00%;4260.00;3910.00;-8.22%;14.69%;Термометры, пирометры, тепловизоры;Так;*;Ні;
GM1150A;Безконтактний інфрачервоний термометр (пірометр) -30-1150° C;ok;4604.00;4604.00;+0.00%;5750.00;5290.00;-8.00%;14.69%;Термометры, пирометры, тепловизоры;Так;*;Ні;
GM1250;Безконтактний інфрачервоний термометр (пірометр) -30-1250° C;ok;4245.00;4245.00;+0.00%;5810.00;4870.00;-16.18%;14.69%;Термометры, пирометры, тепловизоры;Ні;*;Так;відсутній у фіді
GM130;Товщиномір ультразвуковий 1-300мм BENETECH GM130;ok;8762.00;8762.00;+0.00%;18930.00;9970.00;-47.33%;13.71%;Толщиномеры;Так;*;Так;подешевшало на 47.3%
GM1311;Харчовий термометр -50-300° C BENETECH GM1311;ok;290.00;290.00;+0.00%;390.00;340.00;-12.82%;14.69%;Термометры, пирометры, тепловизоры;Так;*;Ні;
GM1312;Термопарний термометр -250-1767° C BENETECH GM1312;ok;1109.00;1109.00;+0.00%;1410.00;1280.00;-9.22%;14.69%;Термометры, пирометры, тепловизоры;Так;*;Ні;
GM1350;Безконтактний інфрачервоний термометр (пірометр) -30-1350° C;ok;4840.00;4840.00;+0.00%;6040.00;5560.00;-7.95%;14.69%;Термометры, пирометры, тепловизоры;Так;*;Ні;
GM1351;Вимірювач рівня шуму (шумомір) BENETECH GM1351;ok;796.00;796.00;+0.00%;1020.00;920.00;-9.80%;14.69%;Шумомеры;Так;*;Ні;
GM1352;Вимірювач рівня шуму (шумомір) BENETECH GM1352;ok;913.00;913.00;+0.00%;1160.00;1050.00;-9.48%;14.69%;Шумомеры;Так;*;Ні;
GM1356;Вимірювач рівня шуму (шумомір) фільтр А/С USB BENETECH GM135;ok;2158.00;2158.00;+0.00%;2710.00;2480.00;-8.49%;14.69%;Шумомеры;Ні;*;Так;відсутній у фіді
GM1357;Вимірювач рівня шуму (шумомір) фільтр А/С BENETECH GM1357;ok;1787.00;1787.00;+0.00%;2250.00;2050.00;-8.89%;14.69%;Шумомеры;Ні;*;Так;відсутній у фіді
GM1358;Вимірювач рівня шуму (шумомір) фільтр А/С BENETECH GM1358;ok;1612.00;1612.00;+0.00%;2030.00;1850.00;-8.87%;14.69%;Шумомеры;Так;*;Ні;
GM1360;Термогігрометр 5-98% -10-50° C BENETECH GM1360;ok;1609.00;1609.00;+0.00%;2030.00;1850.00;-8.87%;14.69%;Термометры, пирометры, тепловизоры;Ні;*;Так;відсутній у фіді
GM1360A;Термогігрометр USB 0-100% -30-80° C BENETECH GM1360A;ok;2248.00;2248.00;+0.00%;2820.00;2590.00;-8.16%;15.00%;default;Так;*;Ні;
GM1361;Термогігрометр термопара 0-100% -10-50° C BENETECH GM1361;ok;2226.00;2226.00;+0.00%;2790.00;2560.00;-8.24%;14.69%;Термометры, пирометры, тепловизоры;Так;*;Ні;
GM1361X;Термогігрометр термопара Bluetooth 0-100% -10-50° C BENETECH;ok;3027.00;3027.00;+0.00%;3790.00;3490.00;-7.92%;15.00%;default;Так;*;Ні;
GM1362;Термогігрометр 0-100% -30-70° C BENETECH GM1362;ok;1047.00;1047.00;+0.00%;1330.00;1210.00;-9.02%;14.69%;Термометры, пирометры, тепловизоры;Так;*;Ні;
GM1365;Реєстратор даних вологості і температури USB 0-100% -30-80° ;ok;2554.00;2554.00;+0.00%;3200.00;2940.00;-8.12%;15.00%;default;Так;*;Ні;
GM1366;Реєстратор даних температури USB -30-80° C BENETECH GM1366;ok;2099.00;2099.00;+0.00%;2640.00;2410.00;-8.71%;14.69%;Термометры, пирометры, тепловизоры;Так;*;Ні;
GM1370;Реєстратор даних температури NFC (одноразовий) -25°C-60°C 40;ok;747.00;747.00;+0.00%;960.00;860.00;-10.42%;15.00%;default;Так;*;Ні;
GM1371;Термогігрометр 10-99% -9.9~60°C BENETECH GM1371;ok;401.00;401.00;+0.00%;530.00;460.00;-13.21%;14.69%;Термометры, пирометры, тепловизоры;Так;*;Ні;
GM1372;Термогігрометр з магнітним кріпленням 10-99% -9.9~60°C BENET;ok;484.00;484.00;+0.00%;1710.00;560.00;-67.25%;14.69%;Термометры, пирометры, тепловизоры;Так;*;Так;подешевшало на 67.3%
GM1500;Безконтактний інфрачервоний термометр (пірометр) -30-1500° C;ok;5544.00;5544.00;+0.00%;6920.00;6360.00;-8.09%;14.69%;Термометры, пирометры, тепловизоры;Так;*;Ні;
GM1650;Безконтактний інфрачервоний термометр (пірометр) 200-1650° C;ok;6486.00;6486.00;+0.00%;8090.00;7440.00;-8.03%;14.69%;Термометры, пирометры, тепловизоры;Так;*;Ні;
GM1651;Безконтактний інфрачервоний термометр (пірометр) USB -30-165;ok;7120.00;7120.00;+0.00%;8870.00;8170.00;-7.89%;14.69%;Термометры, пирометры, тепловизоры;Так;*;Ні;
GM1850;Безконтактний інфрачервоний термометр (пірометр) RS232 200-1;ok;10450.00;10450.00;+0.00%;13010.00;11990.00;-7.84%;14.69%;Термометры, пирометры, тепловизоры;Так;*;Ні;
GM210;Товщиномір лакофарбових покриттів Fe 0-1800мкм BENETECH GM21;ok;4456.00;4456.00;+0.00%;5560.00;5070.00;-8.81%;13.71%;Толщиномеры;Так;*;Ні;
GM211;Товщиномір лакофарбових покриттів Fe/nFe 0-1500мкм BENETECH ;ok;5438.00;5438.00;+0.00%;6780.00;6190.00;-8.70%;13.71%;Толщиномеры;Так;*;Ні;
GM220;Товщиномір лакофарбових покриттів Fe 0-1800мкм BENETECH GM22;ok;10912.00;10912.00;+0.00%;13580.00;12410.00;-8.62%;13.71%;Толщиномеры;Ні;*;Так;відсутній у фіді
GM2200;Безконтактний інфрачервоний термометр (пірометр) RS232 200-2;ok;12910.00;12910.00;+0.00%;16070.00;14810.00;-7.84%;14.69%;Термометры, пирометры, тепловизоры;Так;*;Ні;
GM270;Безконтактний інфрачервоний термометр (пірометр) -32-280° C ;ok;528.00;528.00;+0.00%;6620.00;610.00;-90.79%;14.69%;Термометры, пирометры, тепловизоры;Так;*;Так;подешевшало на 90.8%
GM280;Товщиномір лакофарбових покриттів nFe 0-1500мкм BENETECH GM2;ok;13094.00;13094.00;+0.00%;16300.00;14890.00;-8.65%;13.71%;Толщиномеры;Ні;*;Так;відсутній у фіді
GM280F;Товщиномір лакофарбових покриттів Fe 0-1800мкм BENETECH GM28;ok;13094.00;13094.00;+0.00%;16300.00;14890.00;-8.65%;13.71%;Толщиномеры;Так;*;Ні;
GM300;Безконтактний інфрачервоний термометр (пірометр) -50-450° C ;ok;843.00;843.00;+0.00%;5370.00;970.00;-81.94%;14.69%;Термометры, пирометры, тепловизоры;Так;*;Так;подешевшало на 81.9%
GM300E;Безконтактний інфрачервоний термометр (пірометр) -50-420° C ;ok;719.00;719.00;+0.00%;2090.00;830.00;-60.29%;14.69%;Термометры, пирометры, тепловизоры;Так;*;Так;подешевшало на 60.3%
GM300H;Безконтактний інфрачервоний термометр (пірометр) кол дисплей;ok;852.00;852.00;+0.00%;1090.00;980.00;-10.09%;14.69%;Термометры, пирометры, тепловизоры;Ні;*;Так;відсутній у фіді
GM3110;Вимірювач поверхневого опору BENETECH GM3110;ok;1165.00;1165.00;+0.00%;1700.00;1350.00;-20.59%;15.51%;Омметры;Ні;*;Так;відсутній у фіді + подешевшало на 20.6%
GM3120;Тестер електромагнітного випромінювання (1-1999В/м 0.01-99,9;ok;1364.00;1364.00;+0.00%;1720.00;1560.00;-9.30%;13.81%;Кабельные тестеры, wi-fi тестеры;Так;*;Ні;
GM3123;Мегаомметр (0-99,9 ГΩ) BENETECH GM3123;ok;6259.00;6259.00;+0.00%;7800.00;7230.00;-7.31%;15.51%;Омметры;Ні;*;Так;відсутній у фіді
GM3125;Мегаомметр (0-1000 ГΩ) BENETECH GM3125;ok;9808.00;9808.00;+0.00%;12210.00;11330.00;-7.21%;15.51%;Омметры;Ні;*;Так;відсутній у фіді
GM320;Безконтактний інфрачервоний термометр (пірометр) -50-380° C ;ok;393.00;393.00;+0.00%;1080.00;460.00;-57.41%;14.69%;Термометры, пирометры, тепловизоры;Так;*;Так;подешевшало на 57.4%
GM321;Безконтактний інфрачервоний термометр (пірометр) -50-400° C ;ok;668.00;668.00;+0.00%;860.00;770.00;-10.47%;14.69%;Термометры, пирометры, тепловизоры;Так;*;Ні;
GM333;Безконтактний інфрачервоний термометр (пірометр) кол дисплей;ok;581.00;581.00;+0.00%;750.00;670.00;-10.67%;14.69%;Термометры, пирометры, тепловизоры;Так;*;Ні;
GM333A;Безконтактний інфрачервоний термометр (пірометр) кол дисплей;ok;634.00;634.00;+0.00%;820.00;730.00;-10.98%;14.69%;Термометры, пирометры, тепловизоры;Так;*;Ні;
GM505;Диференціальний мікроманометр USB ± 2,49 кПа BENETECH GM505;ok;8864.00;8864.00;+0.00%;11040.00;10220.00;-7.43%;15.24%;Манометры;Так;*;Ні;
GM510;Диференціальний мікроманометр USB ± 10 кПа BENETECH GM510;ok;2983.00;2983.00;+0.00%;41890.00;3440.00;-91.79%;15.24%;Манометры;Ні;*;Так;відсутній у фіді + подешевшало на 91.8%
GM511;Диференціальний мікроманометр USB ± 10 кПа BENETECH GM511;ok;3925.00;3925.00;+0.00%;6850.00;4530.00;-33.87%;15.24%;Манометры;Ні;*;Так;відсутній у фіді + подешевшало на 33.9%
GM520;Диференціальний мікроманометр USB ± 35 кПа BENETECH GM520;ok;4824.00;4824.00;+0.00%;6020.00;5560.00;-7.64%;15.24%;Манометры;Так;*;Ні;
GM530;Безконтактний інфрачервоний термометр (пірометр) -50-530° C ;ok;657.00;657.00;+0.00%;1290.00;760.00;-41.09%;14.69%;Термометры, пирометры, тепловизоры;Так;*;Так;подешевшало на 41.1%
GM531;Безконтактний інфрачервоний термометр (пірометр) -50-530° C ;ok;634.00;634.00;+0.00%;1530.00;730.00;-52.29%;14.69%;Термометры, пирометры, тепловизоры;Так;*;Так;подешевшало на 52.3%
GM533;Безконтактний інфрачервоний термометр (пірометр) кол дисплей;ok;634.00;634.00;+0.00%;850.00;730.00;-14.12%;14.69%;Термометры, пирометры, тепловизоры;Ні;*;Так;відсутній у фіді
GM533A;Безконтактний інфрачервоний термометр (пірометр) кол дисплей;ok;669.00;669.00;+0.00%;860.00;770.00;-10.47%;14.69%;Термометры, пирометры, тепловизоры;Так;*;Ні;
GM550;Безконтактний інфрачервоний термометр (пірометр) -50-550° C ;ok;838.00;838.00;+0.00%;1070.00;970.00;-9.35%;14.69%;Термометры, пирометры, тепловизоры;Так;*;Ні;
GM550E;Безконтактний інфрачервоний термометр (пірометр) -50-550° C ;ok;993.00;993.00;+0.00%;1260.00;1140.00;-9.52%;14.69%;Термометры, пирометры, тепловизоры;Так;*;Ні;
GM550F;Безконтактний інфрачервоний термометр (термодетектора-піроме;ok;827.00;827.00;+0.00%;1060.00;950.00;-10.38%;14.69%;Термометры, пирометры, тепловизоры;Так;*;Ні;
GM550H;Безконтактний інфрачервоний термометр (пірометр) кол дисплей;ok;946.00;946.00;+0.00%;1200.00;1090.00;-9.17%;14.69%;Термометры, пирометры, тепловизоры;Ні;*;Так;відсутній у фіді
GM60;Кабельний тестер BENETECH GM60;ok;1092.00;1092.00;+0.00%;1390.00;1250.00;-10.07%;13.81%;Кабельные тестеры, wi-fi тестеры;Так;*;Ні;
GM605;Вологомір деревини 0-41% (28 порід 4 типу) BENETECH GM605;ok;776.00;776.00;+0.00%;2100.00;890.00;-57.62%;14.51%;Влагомеры;Так;*;Так;подешевшало на 57.6%
GM610;Вологомір деревини + термогігрометр 2-70% (28 порід 4 типу) ;ok;1347.00;1347.00;+0.00%;2460.00;1550.00;-36.99%;14.51%;Влагомеры;Так;*;Так;подешевшало на 37.0%
GM62;Кабельний тестер (перешкодостійкий) BENETECH GM62;ok;1407.00;1407.00;+0.00%;1840.00;1610.00;-12.50%;13.81%;Кабельные тестеры, wi-fi тестеры;Ні;*;Так;відсутній у фіді
GM620;Вологомір деревини + термогігрометр 2-70% внесений щуп (28 п;ok;1957.00;1957.00;+0.00%;2550.00;2250.00;-11.76%;14.51%;Влагомеры;Так;*;Ні;
GM630;Вологомір деревини безконтактний 0,5-79,5% BENETECH GM630;ok;1384.00;1384.00;+0.00%;1750.00;1590.00;-9.14%;14.51%;Влагомеры;Так;*;Ні;
GM63B;Віброметр виносний датчик BENETECH GM63B;ok;9755.00;9755.00;+0.00%;12150.00;11190.00;-7.90%;14.69%;Шумомеры;Так;*;Ні;
GM64-10MW;Візуальний дефектоскоп (10mW) BENETECH GM64-10mW;ok;845.00;845.00;+0.00%;1080.00;970.00;-10.19%;13.81%;Кабельные тестеры, wi-fi тестеры;Так;*;Ні;
GM64-1MW;Візуальній дефектоскоп (1mW) BENETECH GM64-1mW;ok;702.00;702.00;+0.00%;900.00;800.00;-11.11%;13.81%;Кабельные тестеры, wi-fi тестеры;Так;*;Ні;
GM640;Вологомір зерна 5-30% (8 типів зернових) BENETECH GM640;ok;2508.00;2508.00;+0.00%;3140.00;2880.00;-8.28%;14.51%;Влагомеры;Так;*;Ні;
GM650;Портативний влагомер зерна (7,5~55%) BENETECH GM650;ok;965.00;965.00;+0.00%;3770.00;1110.00;-70.56%;14.51%;Влагомеры;Ні;*;Так;відсутній у фіді + подешевшало на 70.6%
GM650A;Портативний вологомір зерна Зонд 30см (7,5~55%) BENETECH GM6;ok;1151.00;1151.00;+0.00%;2010.00;1320.00;-34.33%;14.51%;Влагомеры;Так;*;Так;подешевшало на 34.3%
GM700;Безконтактний інфрачервоний термометр (пірометр) -50-750° C ;ok;1867.00;1867.00;+0.00%;7690.00;2150.00;-72.04%;14.69%;Термометры, пирометры, тепловизоры;Так;*;Так;подешевшало на 72.0%
GM760;Вимірювач кислотності та температури (pH-метр) 0-14 pH BENET;ok;1431.00;1431.00;+0.00%;2140.00;1650.00;-22.90%;15.00%;default;Так;*;Так;подешевшало на 22.9%
GM761;Вимірювач кислотності та температури (pH-метр) 0-14 pH BENET;ok;1684.00;1684.00;+0.00%;2120.00;1940.00;-8.49%;15.00%;default;Ні;*;Так;відсутній у фіді
GM816;Анемометр 0,1-30м/с -10-45°C BENETECH GM816;ok;722.00;722.00;+0.00%;930.00;810.00;-12.90%;11.06%;Анемометры;Так;*;Ні;
GM816A;Анемометр 0,1-30м/с -10-45°C BENETECH GM816A;ok;946.00;946.00;+0.00%;1200.00;1060.00;-11.67%;11.06%;Анемометры;Так;*;Ні;
GM86;Вимірювач споживання електроенергії (ватметр) 10A BENETECH G;ok;656.00;656.00;+0.00%;1620.00;760.00;-53.09%;15.00%;default;Так;*;Так;подешевшало на 53.1%
GM87;Вимірювач споживання електроенергії (ватметр) 1A BENETECH GM;ok;721.00;721.00;+0.00%;2420.00;830.00;-65.70%;15.00%;default;Ні;*;Так;відсутній у фіді + подешевшало на 65.7%
GM8800A;Детектор горючих газів регулювання чутливості 10% LEL BENETE;ok;2319.00;2319.00;+0.00%;2910.00;2660.00;-8.59%;14.69%;Газоанализаторы;Так;*;Ні;
GM8800B;Детектор горючих газів регулювання чутливості 10% LEL BENETE;ok;1881.00;1881.00;+0.00%;2370.00;2160.00;-8.86%;14.69%;Течеискатели;Так;*;Ні;
GM8801;Монітор формальдегіду (HCHO 0-50° C 10-90%) BENETECH GM8801;ok;4209.00;4209.00;+0.00%;5260.00;4830.00;-8.17%;14.69%;Газоанализаторы;Ні;*;Так;відсутній у фіді
GM8802;Монітор концентрації вуглекислого газу + термогігрометр (0-2;ok;9035.00;9035.00;+0.00%;16450.00;10370.00;-36.96%;14.69%;Газоанализаторы;Так;*;Так;подешевшало на 37.0%
GM8803;"Детектор якості повітря (PM2,5; PM10 0-50° C) BENETECH GM880";ok;4913.00;4913.00;+0.00%;6130.00;5650.00;-7.83%;15.00%;default;Так;*;Ні;
GM8804;"Детектор якості повітря (PM2,5; PM10 HCHO 0-50° C) BENETECH ";ok;6945.00;6945.00;+0.00%;8660.00;7970.00;-7.97%;14.69%;Газоанализаторы;Так;*;Ні;
GM8805;Детектор чадного газу CO + термометр (0-1000 ppm 0-50° C) BE;ok;3453.00;3453.00;+0.00%;4320.00;3970.00;-8.10%;14.69%;Газоанализаторы;Ні;*;Так;відсутній у фіді
GM8806;Газоаналізатор аміаку NH3+термометр (0-100 ppm 0-50 °C) BENE;ok;12004.00;12004.00;+0.00%;14940.00;13770.00;-7.83%;14.69%;Газоанализаторы;Ні;*;Так;відсутній у фіді
GM89;Вимірювач споживання електроенергії (ватметр) 16A BENETECH G;ok;1085.00;1085.00;+0.00%;1380.00;1260.00;-8.70%;15.51%;Мультиметры;Так;*;Ні;
GM8901;Анемометр виносна крильчатка 0,8-45м/с -10-45° C BENETECH GM;ok;2143.00;2143.00;+0.00%;2690.00;2390.00;-11.15%;11.06%;Анемометры;Так;*;Ні;
GM8901X;Анемометр виносна телескопічна крильчатка 0,8-45м/с -10-45° ;ok;2185.00;2185.00;+0.00%;2740.00;2430.00;-11.31%;11.06%;Анемометры;Так;*;Ні;
GM8902;Анемометр USB виносна крильчатка 0,3-45м/с 0-45° C BENETECH ;ok;2815.00;2815.00;+0.00%;3530.00;3130.00;-11.33%;11.06%;Анемометры;Так;*;Ні;
GM8902X;Анемометр USB виносна телескопічна крильчатка 0,3-45м/с 0-45;ok;3487.00;3487.00;+0.00%;4360.00;3880.00;-11.01%;11.06%;Анемометры;Так;*;Ні;
GM8903;Анемометр USB 0,3-30м/с 0-45°C BENETECH GM8903;ok;7619.00;7619.00;+0.00%;9490.00;8470.00;-10.75%;11.06%;Анемометры;Так;*;Ні;
GM8904;UART цифровий анемометр 0,8-45м/с 0-50° C BENETECH GM8904;ok;1206.00;1206.00;+0.00%;1530.00;1340.00;-12.42%;11.06%;Анемометры;Так;*;Ні;
GM8905;Тахометр безконтактний BENETECH GM8905;ok;968.00;968.00;+0.00%;1230.00;1120.00;-8.94%;14.69%;Тахометры, спидометры;Так;*;Ні;
GM8906;Тахометр контактний BENETECH GM8906;ok;1127.00;1127.00;+0.00%;1430.00;1300.00;-9.09%;14.69%;Тахометры, спидометры;Так;*;Ні;
GM8908;Анемометр 0,1-30м/с -10-45°C BENETECH GM8908;ok;632.00;632.00;+0.00%;810.00;710.00;-12.35%;11.06%;Анемометры;Так;*;Ні;
GM8909;Анемометр виносна телескопічна крильчатка 0,3-45м/с 0-45° C ;ok;1918.00;1918.00;+0.00%;2410.00;2140.00;-11.20%;11.06%;Анемометры;Так;*;Ні;
GM8910;Анемометр багатоцільовий барометр альтиметр люксметр гігроме;ok;2469.00;2469.00;+0.00%;3100.00;2750.00;-11.29%;11.06%;Анемометры;Так;*;Ні;
GM900;Безконтактний інфрачервоний термометр (пірометр) -50-950° C ;ok;1749.00;1749.00;+0.00%;2340.00;2010.00;-14.10%;14.69%;Термометры, пирометры, тепловизоры;Так;*;Ні;
GNBA0501;Набір надфілів алмазних 5oд TOPTUL GNBA0501;ok;734.00;734.00;+0.00%;940.00;840.00;-10.64%;13.55%;Напильники и надфили;Так;*;Ні;
GNBA0601;Набір надфілів L160мм 6oд TOPTUL GNBA0601;ok;424.00;424.00;+0.00%;550.00;490.00;-10.91%;13.55%;Напильники и надфили;Так;*;Ні;
GNBA0801;Ключ сантехнічний універсальний самозатискний 9-32мм 8од TOP;ok;1464.00;1464.00;+0.00%;1850.00;1690.00;-8.65%;15.14%;Трубные ключи;Так;*;Ні;
GP3J800;Знімач 3-х лапий 4-х позиційний L800 жовтий (ХЗСО) GP3J800;ok;6519.00;6519.00;+0.00%;8130.00;7480.00;-8.00%;14.60%;Съемники подшипников;Ні;*;Так;відсутній у фіді
GPAA2602;Набір ключів комбінованих 26 шт 6-32мм подовжених TOPTUL GPA;ok;8212.00;8212.00;+0.00%;10230.00;9440.00;-7.72%;14.88%;Наборы ключей;Так;*;Ні;
GPAH0804;Набір накидних ключів 6-22мм ( кут 45° ) 8од GAAA0807 TOPTUL;ok;1672.00;1672.00;+0.00%;2110.00;1930.00;-8.53%;14.88%;Наборы ключей;Так;*;Ні;
GPAN1201;Набір ключів комбінованих (кут 75°) 12од 8-22мм (чорний чохо;ok;2678.00;2678.00;+0.00%;3360.00;3080.00;-8.33%;14.88%;Наборы ключей;Так;*;Ні;
GPAP0602;Набір накидних супердовгих ключів 6од GPAP0602 TOPTUL GPAP06;ok;3355.00;3355.00;+0.00%;4200.00;3860.00;-8.10%;14.88%;Наборы ключей;Так;*;Ні;
GPAQ0401;Набір знімачів стопорних кілець 4oд (У чохлі) TOPTUL GPAQ040;ok;2219.00;2219.00;+0.00%;2790.00;2550.00;-8.60%;14.60%;Съемники стопорных колец;Так;*;Ні;
GPAQ0402;Набір знімачів стопорних кілець посилених 4oд (в чохлі) TOPT;ok;3126.00;3126.00;+0.00%;3910.00;3590.00;-8.18%;14.60%;Съемники стопорных колец;Так;*;Ні;
GPAQ0502;Набір ключів розрізних 5 шт.8-24 (чорний чохол) TOPTUL GPAQ0;ok;1760.00;1760.00;+0.00%;2210.00;2030.00;-8.14%;15.14%;Разрезные ключи;Так;*;Ні;
GPAQ0503;Набір напилків в чохлі 5oд TOPTUL GPAQ0503;ok;1850.00;1850.00;+0.00%;2330.00;2110.00;-9.44%;13.55%;Напильники и надфили;Так;*;Ні;
GPAQ0505;Набір зубил в чохлі 5oд TOPTUL GPAQ0505;ok;1005.00;1005.00;+0.00%;1280.00;1160.00;-9.38%;15.34%;Пробойники, зубила, бородки;Так;*;Ні;
GPAQ1001;Набір вибивачів і керн в чохлі 10од TOPTUL GPAQ1001;ok;1183.00;1183.00;+0.00%;1500.00;1370.00;-8.67%;15.34%;Пробойники, зубила, бородки;Так;*;Ні;
GPAQ1101;Набір Г-подібних шестигранників 1,5-10мм 11од з шаром суперд;ok;3302.00;3302.00;+0.00%;4130.00;3800.00;-7.99%;14.88%;Наборы ключей;Так;*;Ні;
GPAQ1202;Набір ключів комбінованих з тріскачкою 8-19мм в сумці 12 од ;ok;5118.00;5118.00;+0.00%;6390.00;5880.00;-7.98%;14.88%;Наборы ключей;Так;*;Ні;
GPAQ1203;Набір ключів комбінованих з тріскачкою реверсивних 8-19мм в ;ok;6569.00;6569.00;+0.00%;8190.00;7550.00;-7.81%;14.88%;Наборы ключей;Так;*;Ні;
GPAQ1204;Набір ключів комбінованих з тріскачкою і шарніром 8-19мм в с;ok;7408.00;7408.00;+0.00%;9230.00;8520.00;-7.69%;14.88%;Наборы ключей;Так;*;Ні;
GPAQ1401;Набір Г-подібних шестигранників 2-19мм 14oд в чохлі TOPTUL G;ok;2482.00;2482.00;+0.00%;3110.00;2870.00;-7.72%;15.27%;Шестигранные ключи;Так;*;Ні;
GPAQ1402;"Набір ключів комбінованих 14 шт 8-24"" Dynamic"" TOPTUL GPAQ14";ok;2636.00;2636.00;+0.00%;3460.00;3030.00;-12.43%;14.88%;Наборы ключей;Так;*;Ні;
GPAW2601;"Набір ключів комбінованих 26 шт 6-32 "" Super-Torque"" TOPTUL ";ok;7260.00;7260.00;+0.00%;9050.00;8350.00;-7.73%;14.88%;Наборы ключей;Так;*;Ні;
GPAX1202;"Набір ключів комбінованих 12 шт 6-22"" Hi-Performance"" TOPTUL";ok;1790.00;1790.00;+0.00%;2470.00;2060.00;-16.60%;14.88%;Наборы ключей;Так;*;Ні;
GPAX1401;"Набір ключів комбінованих 14 шт 8-32"" Hi-Performance"" TOPTUL";ok;3442.00;3442.00;+0.00%;4300.00;3960.00;-7.91%;14.88%;Наборы ключей;Так;*;Ні;
GPAX1402;"Набір ключів комбінованих 14 шт 8-24"" Hi-Performance"" TOPTUL";ok;2358.00;2358.00;+0.00%;3430.00;2710.00;-20.99%;14.88%;Наборы ключей;Так;*;Так;подешевшало на 21.0%
GPAX1601;"Набір ключів комбінованих 16 шт 7-32"" Hi-Performance"" TOPTUL";ok;3598.00;3598.00;+0.00%;4500.00;4140.00;-8.00%;14.88%;Наборы ключей;Так;*;Ні;
GPAX2601;"Набір ключів комбінованих 26 шт 6-32"" Hi-Performance"" TOPTUL";ok;6276.00;6276.00;+0.00%;7830.00;7210.00;-7.92%;14.88%;Наборы ключей;Так;*;Ні;
GPCJ1001;Набір ріжкових ключів 10 шт 6-32 TOPTUL GPCJ1001;ok;2477.00;2477.00;+0.00%;3110.00;2850.00;-8.36%;14.88%;Наборы ключей;Так;*;Ні;
GPN-019A;Набір інструменту прецизійного 19од в сумці TOPTUL GPN-019A;ok;3957.00;3957.00;+0.00%;4940.00;4560.00;-7.69%;15.17%;Наборы инструментов;Так;*;Ні;
GPN-043A;Набір інструменту комбінований 43 од в сумці TOPTUL GPN-043A;ok;4998.00;4998.00;+0.00%;6240.00;5760.00;-7.69%;15.17%;Наборы инструментов;Так;*;Ні;
GRAJ1501;Набір ріжкових ключів 15 шт 3,2-14мм 15°х75° TOPTUL GRAJ1501;ok;2515.00;2515.00;+0.00%;3150.00;2890.00;-8.25%;14.88%;Наборы ключей;Ні;*;Так;відсутній у фіді
GRTF-10PCS;Фільтри в верхній бачок пістолета фарбувального 10шт на бліс;ok;132.00;132.00;+0.00%;190.00;150.00;-21.05%;13.20%;Пневматические краскопульты;Так;*;Так;подешевшало на 21.1%
GSAB1001;Набір ключів комбінованих 8-19мм 10од на холдері TOPTUL GSAB;ok;1775.00;1775.00;+0.00%;2230.00;2040.00;-8.52%;14.88%;Наборы ключей;Так;*;Ні;
GSAB1401;Набір ключів комбінованих 7-24мм 14од на холдері TOPTUL GSAB;ok;2649.00;2649.00;+0.00%;3320.00;3050.00;-8.13%;14.88%;Наборы ключей;Ні;*;Так;відсутній у фіді
GSAQ1001;Набір ключів комб з тріскачкою реверсивних 8-19мм 10од на хо;ok;5573.00;5573.00;+0.00%;6950.00;6410.00;-7.77%;14.88%;Наборы ключей;Так;*;Ні;
GSCQ1001;Набір ключів комбінованих з тріскачкою 8-19мм 10од на холдер;ok;4349.00;4349.00;+0.00%;5430.00;5000.00;-7.92%;14.88%;Наборы ключей;Так;*;Ні;
GSN-09EH;Набір Г-подібних шестигранників 1,5-10мм 9од супердовгих TOP;ok;641.00;641.00;+0.00%;820.00;740.00;-9.76%;15.27%;Шестигранные ключи;Так;*;Ні;
GSN-09ET;Набір Г-подібних ключів TORX T10-T50 9од супердовгих з отвор;ok;793.00;793.00;+0.00%;1010.00;920.00;-8.91%;14.88%;Наборы ключей;Так;*;Ні;
GSN-09LB;Набір Г-подібний шестигранників 1,5-10мм 9од довгих з кулею ;ok;656.00;656.00;+0.00%;840.00;760.00;-9.52%;15.27%;Шестигранные ключи;Так;*;Ні;
GSN-09LH;Набір Г-подібний шестигранників 1,5-10мм 9од довгих TOPTUL G;ok;577.00;577.00;+0.00%;750.00;670.00;-10.67%;15.27%;Шестигранные ключи;Так;*;Ні;
GSN-09LS;Набір Г-подібний Ключів TORX T10-T50 9од довгих TOPTUL GSN-0;ok;666.00;666.00;+0.00%;860.00;770.00;-10.47%;14.88%;Наборы ключей;Так;*;Ні;
GSN-09SH;Набір Г-подібний шестигранників 1,5-10мм 9од TOPTUL GSN-09SH;ok;459.00;459.00;+0.00%;660.00;530.00;-19.70%;15.27%;Шестигранные ключи;Так;*;Ні;
GSN-09SS;Набір Г-подібних ключів TORX T10-T50 9од TOPTUL GSN-09SS;ok;553.00;553.00;+0.00%;720.00;640.00;-11.11%;15.27%;Шестигранные ключи;Так;*;Ні;
GT-36001;Візок з інструментом 8 секцій 360од JUMBO TOPTUL GT-36001;ok;119276.00;119276.00;+0.00%;148210.00;137380.00;-7.31%;15.17%;Наборы инструментов;Так;*;Ні;
GT230;Товщиномір лакофарбових покриттів HD-дисплей Fe/nFe 0-1300мк;ok;6524.00;6524.00;+0.00%;8130.00;7420.00;-8.73%;13.71%;Толщиномеры;Так;*;Ні;
GT231;Товщиномір лакофарбових покриттів HD-дисплей Fe/nFe 0-1800мк;ok;5383.00;5383.00;+0.00%;6720.00;6130.00;-8.78%;13.71%;Толщиномеры;Так;*;Ні;
GT235;Товщиномір лакофарбових покриттів LCD-дисплей Fe/nFe 0-1800м;ok;4124.00;4124.00;+0.00%;6260.00;4690.00;-25.08%;13.71%;Толщиномеры;Так;*;Так;подешевшало на 25.1%
GT3251;Тепловізор від -20°С до 400°С матриця 32х32 чутливість 0,15°;ok;10865.00;10865.00;+0.00%;13530.00;12470.00;-7.83%;14.69%;Термометры, пирометры, тепловизоры;Ні;*;Так;відсутній у фіді
GT5105A;Вимірювач опору заземлення (0-2000 Ω) BENETECH GT5105A;ok;5471.00;5471.00;+0.00%;6830.00;6320.00;-7.47%;15.51%;Омметры;Ні;*;Так;відсутній у фіді
GT5206A;Цифровий тестер ПЗВ BENETECH GT5206A;ok;5079.00;5079.00;+0.00%;6340.00;5790.00;-8.68%;13.81%;Кабельные тестеры, wi-fi тестеры;Так;*;Ні;
GT5306A;Мегаомметр (0-2 ГΩ) BENETECH GT5306A;ok;2565.00;2565.00;+0.00%;3210.00;2970.00;-7.48%;15.51%;Омметры;Так;*;Ні;
GT5307A;Мегаомметр (0-2 ГΩ) BENETECH GT5307A;ok;2887.00;2887.00;+0.00%;3610.00;3340.00;-7.48%;15.51%;Омметры;Так;*;Ні;
GT5307B;Мегаомметр (0-5,5 ГΩ) BENETECH GT5307B;ok;3955.00;3955.00;+0.00%;4940.00;4570.00;-7.49%;15.51%;Омметры;Так;*;Ні;
GT66;Кабельний тестер BENETECH GT66;ok;1380.00;1380.00;+0.00%;3740.00;1580.00;-57.75%;13.81%;Кабельные тестеры, wi-fi тестеры;Так;*;Так;подешевшало на 57.8%
GT67;Кабельний тестер (перешкодостійкий) BENETECH GT67;ok;1694.00;1694.00;+0.00%;2860.00;1930.00;-32.52%;13.81%;Кабельные тестеры, wi-fi тестеры;Так;*;Так;подешевшало на 32.5%
GT750;Безконтактний інфрачервоний термометр (пірометр) кол дисплей;ok;1566.00;1566.00;+0.00%;2760.00;1800.00;-34.78%;14.69%;Термометры, пирометры, тепловизоры;Так;*;Так;подешевшало на 34.8%
GT85;Тестер розеток с функцією перевірки ПЗВ BENETECH GT85;ok;429.00;429.00;+0.00%;820.00;490.00;-40.24%;13.81%;Кабельные тестеры, wi-fi тестеры;Так;*;Так;подешевшало на 40.2%
GT887N-AL390 220V;"Шиномонтажний стенд (автомат захоплення диска від 10"" до 26""";ok;132748.00;132748.00;+0.00%;164950.00;152320.00;-7.66%;14.74%;Шиномонтажные станки;Так;*;Ні;
GT887N-AL390 380V;"Шиномонтажний стенд (автомат захоплення диска від 10"" до 26""";ok;132748.00;132748.00;+0.00%;164950.00;152320.00;-7.66%;14.74%;Шиномонтажные станки;Так;*;Ні;
GT887NS-AL390 220V;"Шиномонтажний стенд (автомат захоплення диска від 10"" до 26""";ok;160072.00;160072.00;+0.00%;183150.00;183670.00;+0.28%;14.74%;Шиномонтажные станки;Так;*;Ні;
GT887NS-AL390 380V;"Шиномонтажний стенд (автомат захоплення диска від 10"" до 26""";ok;160072.00;160072.00;+0.00%;183150.00;183670.00;+0.28%;14.74%;Шиномонтажные станки;Ні;*;Так;відсутній у фіді
GT889NS-AL390 380V;"Шиномонтажний стенд (автомат захоплення диска від 11"" до 26""";ok;167156.00;167156.00;+0.00%;191260.00;191800.00;+0.28%;14.74%;Шиномонтажные станки;Ні;*;Так;відсутній у фіді
GT889NV-AL390H 380V;"Шиномонтажний стенд (автомат захоплення диска від 11"" до 26""";ok;167156.00;167156.00;+0.00%;191260.00;191800.00;+0.28%;14.74%;Шиномонтажные станки;Так;*;Ні;
GT8907;Анемометр USB 0,3-45м/с 0-45°C 10-90% BENETECH GT8907;ok;3432.00;3432.00;+0.00%;4290.00;3820.00;-10.96%;11.06%;Анемометры;Так;*;Ні;
GT8911;Термоанемометр USB 0,3-30м/с 0-45°C BENETECH GT8911;ok;7788.00;7788.00;+0.00%;9700.00;8650.00;-10.82%;11.06%;Анемометры;Так;*;Ні;
GT950;Безконтактний інфрачервоний термометр (пірометр) кол дисплей;ok;2244.00;2244.00;+0.00%;2820.00;2580.00;-8.51%;14.69%;Термометры, пирометры, тепловизоры;Так;*;Ні;
GTA2234;Набір інструменту комбінований 22ед (в ложементі) TOPTUL GTA;ok;4310.00;4310.00;+0.00%;5380.00;4970.00;-7.62%;15.17%;Наборы инструментов;Так;*;Ні;
GTB3503;"Набір інструменту комбінований 3/8 ""35 од (У ложементі) TOPT";ok;3684.00;3684.00;+0.00%;4610.00;4250.00;-7.81%;15.17%;Наборы инструментов;Так;*;Ні;
GTC1401;Набір викруток 14од (в ложементі) TOPTUL GTC1401;ok;2139.00;2139.00;+0.00%;2690.00;2470.00;-8.18%;15.17%;Наборы инструментов;Так;*;Ні;
GTPH0110;Викрутка ударна хрестова PH1 x 100mm під ключ СТАНДАРТ GTPH0;ok;49.00;49.00;+0.00%;90.00;60.00;-33.33%;15.29%;Отвертки;Так;*;Так;подешевшало на 33.3%
GTPH0210;Викрутка ударна хрестова PH2 x 100mm під ключ СТАНДАРТ GTPH0;ok;54.00;54.00;+0.00%;100.00;70.00;-30.00%;15.29%;Отвертки;Так;*;Так;подешевшало на 30.0%
GTPH0215;Викрутка ударна хрестова PH2 x 150mm під ключ СТАНДАРТ GTPH0;ok;59.00;59.00;+0.00%;100.00;70.00;-30.00%;15.29%;Отвертки;Так;*;Так;подешевшало на 30.0%
GTPH0320;Викрутка ударна хрестова PH3 x 200mm під ключ СТАНДАРТ GTPH0;ok;78.00;78.00;+0.00%;130.00;90.00;-30.77%;15.29%;Отвертки;Так;*;Так;подешевшало на 30.8%
GTPH0325;Викрутка ударна хрестова PH3 x 250mm під ключ СТАНДАРТ GTPH0;ok;88.00;88.00;+0.00%;140.00;110.00;-21.43%;15.29%;Отвертки;Так;*;Так;подешевшало на 21.4%
GTPH0430;Викрутка ударна хрестова PH4 x 300mm під ключ СТАНДАРТ GTPH0;ok;111.00;111.00;+0.00%;170.00;130.00;-23.53%;15.29%;Отвертки;Так;*;Так;подешевшало на 23.5%
GTS0503;Набір виктуторк ударних 6 од під ключ СТАНДАРТ (SL5x100 SL6x;ok;490.00;490.00;+0.00%;660.00;570.00;-13.64%;15.29%;Отвертки;Так;*;Ні;
GTSL0510;Викрутка ударна шліц 5.0 x 100mm під ключ СТАНДАРТ GTSL0510;ok;52.00;52.00;+0.00%;90.00;60.00;-33.33%;15.29%;Отвертки;Ні;*;Так;відсутній у фіді + подешевшало на 33.3%
GTSL0610;Викрутка ударна шліц 6.0 x 100mm під ключ СТАНДАРТ GTSL0610;ok;54.00;54.00;+0.00%;100.00;70.00;-30.00%;15.29%;Отвертки;Так;*;Так;подешевшало на 30.0%
GTSL0615;Викрутка ударна шліц 6.0 x 150mm під ключ СТАНДАРТ GTSL0615;ok;63.00;63.00;+0.00%;110.00;80.00;-27.27%;15.29%;Отвертки;Ні;*;Так;відсутній у фіді + подешевшало на 27.3%
GTSL0820;Викрутка ударна шліц 8.0 x 200mm під ключ СТАНДАРТ GTSL0820;ok;84.00;84.00;+0.00%;140.00;100.00;-28.57%;15.29%;Отвертки;Ні;*;Так;відсутній у фіді + подешевшало на 28.6%
GTSL0825;Викрутка ударна шліц 8.0 x 250mm під ключ СТАНДАРТ GTSL0825;ok;103.00;103.00;+0.00%;160.00;120.00;-25.00%;15.29%;Отвертки;Так;*;Так;подешевшало на 25.0%
GTSL0930;Викрутка ударна шліц 9.5 x 300mm під ключ СТАНДАРТ GTSL0930;ok;127.00;127.00;+0.00%;190.00;150.00;-21.05%;15.29%;Отвертки;Ні;*;Так;відсутній у фіді + подешевшало на 21.1%
GV-13306;Візок з інструментом 7 секцій 133 од червона TOPTUL GV-13306;ok;59437.00;59437.00;+0.00%;73870.00;68330.00;-7.50%;14.95%;Шкафы, тумбы и тележки инструментальные;Так;*;Ні;
GV-18005;Візок з інструментом 7 секцій 180 од TOPTUL GV-18005;ok;78386.00;78386.00;+0.00%;97410.00;90110.00;-7.49%;14.95%;Шкафы, тумбы и тележки инструментальные;Так;*;Ні;
GVA1017;Набір ключів комбінованих з тріскачкою 8-19мм + перехідники ;ok;4071.00;4071.00;+0.00%;5090.00;4680.00;-8.06%;14.88%;Наборы ключей;Так;*;Ні;
GVB0701;Набір инструмента комбінований 7од (в ложементі) TOPTUL GVB0;ok;2611.00;2611.00;+0.00%;3270.00;3010.00;-7.95%;15.17%;Наборы инструментов;Так;*;Ні;
GVB1202;Набір викруток 12од (В ложементі тип B) TOPTUL GVB1202;ok;2248.00;2248.00;+0.00%;2820.00;2590.00;-8.16%;15.17%;Наборы инструментов;Так;*;Ні;
GVB2906;"Набір головок ударних 1/2"" 29од (в ложементі) TOPTUL GVB2906";ok;5286.00;5286.00;+0.00%;6600.00;6090.00;-7.73%;15.14%;Торцевые головки;Так;*;Ні;
GVC2604;Набір ключів комбінованих 6-32мм 26од (в ложементі тип C) TO;ok;6551.00;6551.00;+0.00%;8170.00;7550.00;-7.59%;15.17%;Наборы инструментов;Так;*;Ні;
GVC3903;"Набір інструменту 1/2"" 39од (у ложементі тип C) TOPTUL GVC39";ok;5362.00;5362.00;+0.00%;6690.00;6180.00;-7.62%;15.17%;Наборы инструментов;Так;*;Ні;
GVD2010;"Набір інструменту 3/4"" 20од (В ложементі) TOPTUL GVD2010";ok;11055.00;11055.00;+0.00%;13760.00;12740.00;-7.41%;15.17%;Наборы инструментов;Так;*;Ні;
GVD4602;Набір ударних головок пневмогайковерт дин ключ (ложемент під;ok;23041.00;23041.00;+0.00%;28650.00;26540.00;-7.36%;15.17%;Наборы инструментов;Ні;*;Так;відсутній у фіді
GW10ST;Ключ комбінований з тріскачкою 10мм СТАНДАРТ GW10ST;ok;126.00;126.00;+0.00%;190.00;150.00;-21.05%;15.21%;Комбинированные ключи;Ні;*;Так;відсутній у фіді + подешевшало на 21.1%
GW11ST;Ключ комбінований з тріскачкою 11мм СТАНДАРТ GW11ST;ok;139.00;139.00;+0.00%;200.00;170.00;-15.00%;15.21%;Комбинированные ключи;Так;*;Ні;
GW12ST;Ключ комбінований з тріскачкою 12мм СТАНДАРТ GW12ST;ok;143.00;143.00;+0.00%;210.00;170.00;-19.05%;15.21%;Комбинированные ключи;Так;*;Ні;
GW13ST;Ключ комбінований з тріскачкою 13мм СТАНДАРТ GW13ST;ok;144.00;144.00;+0.00%;210.00;170.00;-19.05%;15.21%;Комбинированные ключи;Так;*;Ні;
GW14ST;Ключ комбінований з тріскачкою 14мм СТАНДАРТ GW14ST;ok;157.00;157.00;+0.00%;220.00;190.00;-13.64%;15.21%;Комбинированные ключи;Так;*;Ні;
GW15ST;Ключ комбінований з тріскачкою 15мм СТАНДАРТ GW15ST;ok;177.00;177.00;+0.00%;260.00;210.00;-19.23%;15.21%;Комбинированные ключи;Так;*;Ні;
GW16ST;Ключ комбінований з тріскачкою 16мм СТАНДАРТ GW16ST;ok;174.00;174.00;+0.00%;240.00;210.00;-12.50%;15.21%;Комбинированные ключи;Так;*;Ні;
GW17ST;Ключ комбінований з тріскачкою 17мм СТАНДАРТ GW17ST;ok;176.00;176.00;+0.00%;320.00;210.00;-34.38%;15.21%;Комбинированные ключи;Ні;*;Так;відсутній у фіді + подешевшало на 34.4%
GW18ST;Ключ комбінований з тріскачкою 18мм СТАНДАРТ GW18ST;ok;211.00;211.00;+0.00%;290.00;250.00;-13.79%;15.21%;Комбинированные ключи;Так;*;Ні;
GW19ST;Ключ комбінований з тріскачкою 19мм СТАНДАРТ GW19ST;ok;202.00;202.00;+0.00%;300.00;240.00;-20.00%;15.21%;Комбинированные ключи;Так;*;Так;подешевшало на 20.0%
GW8ST;Ключ комбінований з тріскачкою 8мм СТАНДАРТ GW8ST;ok;119.00;119.00;+0.00%;180.00;140.00;-22.22%;15.21%;Комбинированные ключи;Так;*;Так;подешевшало на 22.2%
GW9ST;Ключ комбінований з тріскачкою 9мм СТАНДАРТ GW9ST;ok;135.00;135.00;+0.00%;200.00;160.00;-20.00%;15.21%;Комбинированные ключи;Так;*;Так;подешевшало на 20.0%
GZA0648;Набір ключів HEX діелектричних VDE 6 од 2,5-8мм TOPTUL GZA06;ok;1574.00;1574.00;+0.00%;1980.00;1820.00;-8.08%;15.27%;Шестигранные ключи;Так;*;Ні;
GZA1447;"Набір інструменту електроізольованого VDE 1/4"" 14од (6-гр) T";ok;6300.00;6300.00;+0.00%;7860.00;7260.00;-7.63%;15.17%;Наборы инструментов;Так;*;Ні;
GZC0911;Набір ключів TORX діелектричних VDE 9 од T10-T50 TOPTUL GZC0;ok;2436.00;2436.00;+0.00%;3050.00;2800.00;-8.20%;14.88%;Наборы ключей;Так;*;Ні;
GZC1401;Набір викруток 14 од (пластикова коробка) TOPTUL GZC1401;ok;2306.00;2306.00;+0.00%;2890.00;2660.00;-7.96%;15.29%;Отвертки;Так;*;Ні;
GZC1609;"Набір інструменту електроізольованого VDE 1/2"" 16од (6-гр) T";ok;10046.00;10046.00;+0.00%;12510.00;11570.00;-7.51%;15.17%;Наборы инструментов;Так;*;Ні;
GZC2005;Набір викруток 20 од (пластикова коробка) TOPTUL GZC2005;ok;2357.00;2357.00;+0.00%;2960.00;2720.00;-8.11%;15.29%;Отвертки;Так;*;Ні;
GZC2008;Набір для розборки стійок універсальний 20од TOPTUL GZC2008;ok;8331.00;8331.00;+0.00%;10380.00;9600.00;-7.51%;15.14%;Торцевые головки;Так;*;Ні;
GLOSS-X1-1.3;Пістолет фарбувальний пневматичний HVLP верхній пластиковий ;ok;4184.00;4184.00;+0.00%;5230.00;4740.00;-9.37%;13.20%;Пневматические краскопульты;Так;*;Ні;
GLOSS-X1-1.3LM;Пістолет фарбувальний пневматичний LVMP верхній пластиковий ;ok;4184.00;4184.00;+0.00%;5460.00;4740.00;-13.19%;13.20%;Пневматические краскопульты;Так;*;Ні;
GLOSS-X1-1.4;Пістолет фарбувальний пневматичний HVLP верхній пластиковий ;ok;4184.00;4184.00;+0.00%;5230.00;4740.00;-9.37%;13.20%;Пневматические краскопульты;Так;*;Ні;
GLOSS-X1-1.4LM;Пістолет фарбувальний пневматичний LVMP верхній пластиковий ;ok;4184.00;4184.00;+0.00%;5230.00;4740.00;-9.37%;13.20%;Пневматические краскопульты;Так;*;Ні;
H-1001A-1.3;Пістолет фарбувальний пневматичний HVLP верхній пластиковий ;ok;4789.00;4789.00;+0.00%;5980.00;5430.00;-9.20%;13.20%;Пневматические краскопульты;Так;*;Ні;
H-1001A-1.3LM;Пістолет фарбувальний пневматичний LVMP верхній пластиковий ;ok;4789.00;4789.00;+0.00%;5980.00;5430.00;-9.20%;13.20%;Пневматические краскопульты;Так;*;Ні;
H-1001A-1.4;Пістолет фарбувальний пневматичний HVLP верхній пластиковий ;ok;4789.00;4789.00;+0.00%;5980.00;5430.00;-9.20%;13.20%;Пневматические краскопульты;Ні;*;Так;відсутній у фіді
H-1001A-1.4LM;Пістолет фарбувальний пневматичний LVMP верхній пластиковий ;ok;4163.00;4163.00;+0.00%;5200.00;4720.00;-9.23%;13.20%;Пневматические краскопульты;Так;*;Ні;
H-2000P-0.8;Пістолет фарбувальний пневматичний тип HVLP верхній пластико;ok;637.00;637.00;+0.00%;820.00;730.00;-10.98%;13.20%;Пневматические краскопульты;Так;*;Ні;
H-2000P-1.0;Пістолет фарбувальний пневматичний тип HVLP верхній пластико;ok;637.00;637.00;+0.00%;820.00;730.00;-10.98%;13.20%;Пневматические краскопульты;Так;*;Ні;
H-2000P-1.2;Пістолет фарбувальний пневматичний HVLP верхній пластиковий ;ok;637.00;637.00;+0.00%;820.00;730.00;-10.98%;13.20%;Пневматические краскопульты;Так;*;Ні;
H-2002-1.3;Пістолет фарбувальний пневматичний HVLP верхній пластиковий ;ok;2709.00;2709.00;+0.00%;3390.00;3070.00;-9.44%;13.20%;Пневматические краскопульты;Так;*;Ні;
H-2002-1.3LM;Пістолет фарбувальний пневматичний LVMP верхній пластиковий ;ok;2709.00;2709.00;+0.00%;3390.00;3070.00;-9.44%;13.20%;Пневматические краскопульты;Так;*;Ні;
H-2002-1.4;Пістолет фарбувальний пневматичний HVLP верхній пластиковий ;ok;2709.00;2709.00;+0.00%;3390.00;3070.00;-9.44%;13.20%;Пневматические краскопульты;Так;*;Ні;
H-2002-1.4LM;Пістолет фарбувальний пневматичний LVMP верхній пластиковий ;ok;2709.00;2709.00;+0.00%;3390.00;3070.00;-9.44%;13.20%;Пневматические краскопульты;Так;*;Ні;
H-2002-1.8;Пістолет фарбувальний пневматичний HVLP верхній пластиковий ;ok;2847.00;2847.00;+0.00%;3570.00;3230.00;-9.52%;13.20%;Пневматические краскопульты;Так;*;Ні;
H-2002-1.8LM;Пістолет фарбувальний пневматичний LVMP верхній пластиковий ;ok;2847.00;2847.00;+0.00%;3570.00;3230.00;-9.52%;13.20%;Пневматические краскопульты;Так;*;Ні;
H-3000-PT-1.8;Пневмораспылитель HVLP 1,8 мм (для красконагнетательных бакі;ok;3753.00;3753.00;+0.00%;4690.00;4250.00;-9.38%;13.20%;Пневматические краскопульты;Ні;*;Так;відсутній у фіді
H-3003-1.3;Пістолет фарбувальний пневматичний тип HVLP верхній пластико;ok;4459.00;4459.00;+0.00%;5570.00;5050.00;-9.34%;13.20%;Пневматические краскопульты;Так;*;Ні;
H-3003-1.3LM;Пістолет фарбувальний пневматичний LVMP верхній пластиковий ;ok;4241.00;4241.00;+0.00%;5300.00;4810.00;-9.25%;13.20%;Пневматические краскопульты;Так;*;Ні;
H-3003-1.4;Пістолет фарбувальний пневматичний тип HVLP верхній пластико;ok;4241.00;4241.00;+0.00%;5300.00;4810.00;-9.25%;13.20%;Пневматические краскопульты;Так;*;Ні;
H-3003-1.4LM;Пістолет фарбувальний пневматичний LVMP верхній пластиковий ;ok;4241.00;4241.00;+0.00%;5300.00;4810.00;-9.25%;13.20%;Пневматические краскопульты;Так;*;Ні;
H-3003-1.8;Пістолет фарбувальний пневматичний HVLP верхній пластиковий ;ok;4459.00;4459.00;+0.00%;5570.00;5050.00;-9.34%;13.20%;Пневматические краскопульты;Так;*;Ні;
H-3003-1.8LM;Пістолет фарбувальний пневматичний LVMP верхній пластиковий ;ok;4241.00;4241.00;+0.00%;5300.00;4810.00;-9.25%;13.20%;Пневматические краскопульты;Так;*;Ні;
H-3003-DIGITAL-1.3;Пістолет фарбувальний пневматичний цифровий тип HVLP верхній;ok;5104.00;5104.00;+0.00%;6370.00;5780.00;-9.26%;13.20%;Пневматические краскопульты;Ні;*;Так;відсутній у фіді
H-3003-DIGITAL-1.3LM;Пістолет фарбувальний пневматичний цифровий тип LVMP верхній;ok;5104.00;5104.00;+0.00%;6740.00;5780.00;-14.24%;13.20%;Пневматические краскопульты;Ні;*;Так;відсутній у фіді
H-3003-DIGITAL-1.4;Пістолет фарбувальний пневматичний цифровий тип HVLP верхній;ok;5104.00;5104.00;+0.00%;6370.00;5780.00;-9.26%;13.20%;Пневматические краскопульты;Ні;*;Так;відсутній у фіді
H-3003-DIGITAL-1.4LM;Пістолет фарбувальний пневматичний цифровий тип LVMP верхній;ok;5104.00;5104.00;+0.00%;6740.00;5780.00;-14.24%;13.20%;Пневматические краскопульты;Ні;*;Так;відсутній у фіді
H-3003-MINI-0.8;Пістолет фарбувальний пневматичний HVLP верх пласт бачок діа;ok;2471.00;2471.00;+0.00%;3100.00;2800.00;-9.68%;13.20%;Пневматические краскопульты;Так;*;Ні;
H-3003-MINI-1.0;Пістолет фарбувальний пневматичний тип HVLP верх пластиковый;ok;2471.00;2471.00;+0.00%;3100.00;2800.00;-9.68%;13.20%;Пневматические краскопульты;Так;*;Ні;
H-3003A-1.3;Пістолет фарбувальний пневматичний HVLP верхній пластиковий ;ok;4649.00;4649.00;+0.00%;5800.00;5270.00;-9.14%;13.20%;Пневматические краскопульты;Так;*;Ні;
H-3003A-1.3LM;Пістолет фарбувальний пневматичний LVMP верхній пластиковий ;ok;4649.00;4649.00;+0.00%;6140.00;5270.00;-14.17%;13.20%;Пневматические краскопульты;Ні;*;Так;відсутній у фіді
H-3003A-1.4;Пістолет фарбувальний пневматичний HVLP верхній пластиковий ;ok;5347.00;5347.00;+0.00%;6670.00;6060.00;-9.15%;13.20%;Пневматические краскопульты;Ні;*;Так;відсутній у фіді
H-3003A-1.4LM;Пістолет фарбувальний пневматичний LVMP верхній пластиковий ;ok;5347.00;5347.00;+0.00%;6670.00;6060.00;-9.15%;13.20%;Пневматические краскопульты;Так;*;Ні;
H-3003A-1.7;Пістолет фарбувальний пневматичний HVLP верхній пластиковий ;ok;5347.00;5347.00;+0.00%;6670.00;6060.00;-9.15%;13.20%;Пневматические краскопульты;Ні;*;Так;відсутній у фіді
H-3003A-1.7LM;Пістолет фарбувальний пневматичний LVMP верхній пластиковий ;ok;5347.00;5347.00;+0.00%;6670.00;6060.00;-9.15%;13.20%;Пневматические краскопульты;Ні;*;Так;відсутній у фіді
H-3003A-MINI-0.8;Пістолет фарбувальний пневматичний тип HVLP верхній пластико;ok;3541.00;3541.00;+0.00%;4430.00;4010.00;-9.48%;13.20%;Пневматические краскопульты;Ні;*;Так;відсутній у фіді
H-3003A-MINI-1.0;Пістолет фарбувальний пневматичний тип HVLP верхній пластико;ok;3541.00;3541.00;+0.00%;4430.00;4010.00;-9.48%;13.20%;Пневматические краскопульты;Так;*;Ні;
H-4004-1.3;Пістолет фарбувальний пневматичний HVLP верхній пластиковий ;ok;5762.00;5762.00;+0.00%;7190.00;6530.00;-9.18%;13.20%;Пневматические краскопульты;Ні;*;Так;відсутній у фіді
H-4004-1.3LM;Пістолет фарбувальний пневматичний LVMP верхній пластиковий ;ok;5762.00;5762.00;+0.00%;7190.00;6530.00;-9.18%;13.20%;Пневматические краскопульты;Ні;*;Так;відсутній у фіді
H-4004-1.4;Пістолет фарбувальний пневматичний HVLP верхній пластиковий ;ok;5762.00;5762.00;+0.00%;7190.00;6530.00;-9.18%;13.20%;Пневматические краскопульты;Ні;*;Так;відсутній у фіді
H-4004-1.4LM;Пістолет фарбувальний пневматичний LVMP верхній пластиковий ;ok;5762.00;5762.00;+0.00%;7560.00;6530.00;-13.62%;13.20%;Пневматические краскопульты;Ні;*;Так;відсутній у фіді
H-5000-DIGITAL-1.3;Пістолет фарбувальний пневматичний цифровий тип HVLP верхній;ok;9320.00;9320.00;+0.00%;12300.00;10560.00;-14.15%;13.20%;Пневматические краскопульты;Ні;*;Так;відсутній у фіді
H-5000-DIGITAL-1.3LM;Пістолет фарбувальний пневматичний цифровий тип LVMP верхній;ok;9320.00;9320.00;+0.00%;12300.00;10560.00;-14.15%;13.20%;Пневматические краскопульты;Ні;*;Так;відсутній у фіді
H-5000-DIGITAL-1.4;Пістолет фарбувальний пневматичний цифровий тип HVLP верхній;ok;9320.00;9320.00;+0.00%;11610.00;10560.00;-9.04%;13.20%;Пневматические краскопульты;Ні;*;Так;відсутній у фіді
H-5000-DIGITAL-1.4LM;Пістолет фарбувальний пневматичний цифровий тип LVMP верхній;ok;9320.00;9320.00;+0.00%;12300.00;10560.00;-14.15%;13.20%;Пневматические краскопульты;Ні;*;Так;відсутній у фіді
H-5005-1.3;Пістолет фарбувальний пневматичний HVLP верхній пластиковий ;ok;7323.00;7323.00;+0.00%;9670.00;8290.00;-14.27%;13.20%;Пневматические краскопульты;Ні;*;Так;відсутній у фіді
H-5005-1.3LM;Пістолет фарбувальний пневматичний LVMP верхній пластиковий ;ok;7323.00;7323.00;+0.00%;9670.00;8290.00;-14.27%;13.20%;Пневматические краскопульты;Ні;*;Так;відсутній у фіді
H-5005-1.4;Пістолет фарбувальний пневматичний HVLP верхній пластиковий ;ok;7323.00;7323.00;+0.00%;9130.00;8290.00;-9.20%;13.20%;Пневматические краскопульты;Ні;*;Так;відсутній у фіді
H-5005-1.4LM;Пістолет фарбувальний пневматичний LVMP верхній пластиковий ;ok;7323.00;7323.00;+0.00%;9670.00;8290.00;-14.27%;13.20%;Пневматические краскопульты;Ні;*;Так;відсутній у фіді
H-827B-1.3;Пістолет фарбувальний пневматичний тип HVLP верхній пластико;ok;931.00;931.00;+0.00%;1180.00;1060.00;-10.17%;13.20%;Пневматические краскопульты;Так;*;Ні;
H-827B-1.4;Пістолет фарбувальний пневматичний HVLP верхній пластиковий ;ok;931.00;931.00;+0.00%;1180.00;1060.00;-10.17%;13.20%;Пневматические краскопульты;Так;*;Ні;
H-827B-1.7;Пістолет фарбувальний пневматичний тип HVLP верхній пластико;ok;931.00;931.00;+0.00%;1180.00;1060.00;-10.17%;13.20%;Пневматические краскопульты;Так;*;Ні;
H-827B-2.0;Пістолет фарбувальний пневматичний HVLP верхній пластиковий ;ok;931.00;931.00;+0.00%;1180.00;1060.00;-10.17%;13.20%;Пневматические краскопульты;Так;*;Ні;
H-827B-2.5;Пістолет фарбувальний пневматичний HVLP верхній пластиковий ;ok;931.00;931.00;+0.00%;1180.00;1060.00;-10.17%;13.20%;Пневматические краскопульты;Так;*;Ні;
H-891-0.8;Пістолет фарбувальний пневматичний тип HVLP верхній пластико;ok;1599.00;1599.00;+0.00%;2010.00;1820.00;-9.45%;13.20%;Пневматические краскопульты;Так;*;Ні;
H-891-1.0;Пістолет фарбувальний пневматичний тип HVLP верхній пластико;ok;1599.00;1599.00;+0.00%;2010.00;1820.00;-9.45%;13.20%;Пневматические краскопульты;Так;*;Ні;
H-921-MINI-0.8;Пістолет фарбувальний пневматичний тип HVLP верхній пластико;ok;1936.00;1936.00;+0.00%;2430.00;2200.00;-9.47%;13.20%;Пневматические краскопульты;Так;*;Ні;
H-921-MINI-1.0;Пістолет фарбувальний пневматичний тип HVLP верхній пластико;ok;1936.00;1936.00;+0.00%;2430.00;2200.00;-9.47%;13.20%;Пневматические краскопульты;Так;*;Ні;
H-923-1.3;Пістолет фарбувальний пневматичний тип HVLP верхній пластико;ok;3124.00;3124.00;+0.00%;5760.00;3540.00;-38.54%;13.20%;Пневматические краскопульты;Так;*;Так;подешевшало на 38.5%
H-923-1.4;Пістолет фарбувальний пневматичний тип HVLP верхній пластико;ok;3124.00;3124.00;+0.00%;3910.00;3540.00;-9.46%;13.20%;Пневматические краскопульты;Так;*;Ні;
H-929-1.3;Пістолет фарбувальний пневматичний HVLP верхній пластиковий ;ok;5870.00;5870.00;+0.00%;7320.00;6650.00;-9.15%;13.20%;Пневматические краскопульты;Так;*;Ні;
H-929-1.3LM;Пістолет фарбувальний пневматичний LVMP верхній пластиковий ;ok;5870.00;5870.00;+0.00%;7320.00;6650.00;-9.15%;13.20%;Пневматические краскопульты;Так;*;Ні;
H-929-1.4;Пістолет фарбувальний пневматичний HVLP верхній пластиковий ;ok;5584.00;5584.00;+0.00%;6970.00;6330.00;-9.18%;13.20%;Пневматические краскопульты;Так;*;Ні;
H-929-1.4LM;Пістолет фарбувальний пневматичний LVMP верхній пластиковий ;ok;5870.00;5870.00;+0.00%;7320.00;6650.00;-9.15%;13.20%;Пневматические краскопульты;Так;*;Ні;
H-929-1.8;Пістолет фарбувальний пневматичний HVLP верхній пластиковий ;ok;5870.00;5870.00;+0.00%;7320.00;6650.00;-9.15%;13.20%;Пневматические краскопульты;Так;*;Ні;
H-929-1.8LM;Пістолет фарбувальний пневматичний LVMP верхній пластиковий ;ok;5584.00;5584.00;+0.00%;6970.00;6330.00;-9.18%;13.20%;Пневматические краскопульты;Так;*;Ні;
H-970P-1.3;Пістолет фарбувальний пневматичний тип HVLP верхній пластико;ok;1093.00;1093.00;+0.00%;1390.00;1240.00;-10.79%;13.20%;Пневматические краскопульты;Так;*;Ні;
H-970P-1.4;Пістолет фарбувальний пневматичний тип HVLP верхній пластико;ok;1093.00;1093.00;+0.00%;1390.00;1240.00;-10.79%;13.20%;Пневматические краскопульты;Так;*;Ні;
H-970P-1.8;Пістолет фарбувальний пневматичний тип HVLP верхній пластико;ok;1093.00;1093.00;+0.00%;1390.00;1240.00;-10.79%;13.20%;Пневматические краскопульты;Так;*;Ні;
H-970P-2.0;Пістолет фарбувальний пневматичний HVLP верхній пластиковий ;ok;1093.00;1093.00;+0.00%;1390.00;1240.00;-10.79%;13.20%;Пневматические краскопульты;Так;*;Ні;
H-970P-2.5;Пістолет фарбувальний пневматичний HVLP верхній пластиковий ;ok;1093.00;1093.00;+0.00%;1410.00;1240.00;-12.06%;13.20%;Пневматические краскопульты;Так;*;Ні;
H625;"Степлер пневматичний під шпильку (0.64; 12-25) Ga23 (запасни";ok;1565.00;1903.00;+21.60%;6610.00;2110.00;-68.08%;10.63%;Пневматические степлеры;Так;*;Так;подешевшало на 68.1%
HAAA0330;Молоток 300г TOPTUL HAAA0330;ok;446.00;446.00;+0.00%;580.00;510.00;-12.07%;13.55%;Молотки, кувалды, киянки;Так;*;Ні;
HAAA0532;Молоток 500г TOPTUL HAAA0532;ok;557.00;557.00;+0.00%;720.00;640.00;-11.11%;13.55%;Молотки, кувалды, киянки;Так;*;Ні;
HAAA0835;Молоток 800г TOPTUL HAAA0835;ok;693.00;693.00;+0.00%;890.00;790.00;-11.24%;13.55%;Молотки, кувалды, киянки;Так;*;Ні;
HAAA1036;Молоток 1000г TOPTUL HAAA1036;ok;813.00;813.00;+0.00%;1040.00;930.00;-10.58%;13.55%;Молотки, кувалды, киянки;Так;*;Ні;
HAAA1538;Молоток 1500г TOPTUL HAAA1538;ok;1007.00;1007.00;+0.00%;1280.00;1150.00;-10.16%;13.55%;Молотки, кувалды, киянки;Так;*;Ні;
HAAA2040;Молоток 2000г TOPTUL HAAA2040;ok;1149.00;1149.00;+0.00%;1460.00;1310.00;-10.27%;13.55%;Молотки, кувалды, киянки;Так;*;Ні;
HAAB1038;Молоток рихтувальний 550г TOPTUL HAAB1038;ok;656.00;656.00;+0.00%;840.00;750.00;-10.71%;13.55%;Молотки, кувалды, киянки;Так;*;Ні;
HAAB1546;Молоток гумовий безінерційний L310мм 700г TOPTUL HAAB1546;ok;761.00;761.00;+0.00%;970.00;870.00;-10.31%;13.55%;Молотки, кувалды, киянки;Так;*;Ні;
HAAB2050;Молоток гумовий безінерційний L340мм 930г TOPTUL HAAB2050;ok;918.00;918.00;+0.00%;1170.00;1050.00;-10.26%;13.55%;Молотки, кувалды, киянки;Так;*;Ні;
HAAC0830;Молоток сферичний 230г L = 300мм TOPTUL HAAC0830;ok;403.00;403.00;+0.00%;530.00;460.00;-13.21%;13.55%;Молотки, кувалды, киянки;Так;*;Ні;
HAAC1635;Молоток сферичний 16 oz L = 350мм TOPTUL HAAC1635;ok;557.00;557.00;+0.00%;720.00;640.00;-11.11%;13.55%;Молотки, кувалды, киянки;Так;*;Ні;
HAAC2440;Молоток сферичний 24 oz L = 395мм TOPTUL HAAC2440;ok;729.00;729.00;+0.00%;930.00;830.00;-10.75%;13.55%;Молотки, кувалды, киянки;Так;*;Ні;
HAAC3240;Молоток сферичний 910г L = 400мм TOPTUL HAAC3240;ok;929.00;929.00;+0.00%;1180.00;1060.00;-10.17%;13.55%;Молотки, кувалды, киянки;Так;*;Ні;
HAAC4042;Молоток сферичний 1150г L=416мм TOPTUL HAAC4042;ok;1154.00;1154.00;+0.00%;1460.00;1320.00;-9.59%;13.55%;Молотки, кувалды, киянки;Так;*;Ні;
HAAD1633;Молоток-обценьки TOPTUL HAAD1633;ok;646.00;646.00;+0.00%;830.00;740.00;-10.84%;13.55%;Молотки, кувалды, киянки;Так;*;Ні;
HAAE2527;Молоток-кувалда 1,2 кг TOPTUL HAAE2527;ok;776.00;776.00;+0.00%;990.00;890.00;-10.10%;13.55%;Молотки, кувалды, киянки;Так;*;Ні;
HAAF3530;Молоток рихтувальний м'який TOPTUL HAAF3530;ok;1049.00;1049.00;+0.00%;1330.00;1200.00;-9.77%;13.55%;Молотки, кувалды, киянки;Так;*;Ні;
HAAG2028;Молоток каменяра (кирка) TOPTUL HAAG2028;ok;694.00;694.00;+0.00%;890.00;790.00;-11.24%;13.55%;Молотки, кувалды, киянки;Ні;*;Так;відсутній у фіді
HABA0532;Молоток 500г (композитна рукоятка) TOPTUL HABA0532;ok;587.00;587.00;+0.00%;760.00;670.00;-11.84%;13.55%;Молотки, кувалды, киянки;Так;*;Ні;
HABD2034;Молоток - цвяходер 550г цельнокований з обрезиненной рукоятк;ok;1280.00;1280.00;+0.00%;1620.00;1460.00;-9.88%;13.55%;Молотки, кувалды, киянки;Так;*;Ні;
HABE2226;Молоток-кувалда 1000г (рукоятка з фибергласса) TOPTUL HABE22;ok;913.00;913.00;+0.00%;1160.00;1040.00;-10.34%;13.55%;Молотки, кувалды, киянки;Так;*;Ні;
HABF1232;Молоток гумовий L315мм 340г TOPTUL HABF1232;ok;315.00;315.00;+0.00%;420.00;360.00;-14.29%;13.55%;Молотки, кувалды, киянки;Так;*;Ні;
HABF1633;Молоток гумовий L327мм 450г TOPTUL HABF1633;ok;363.00;363.00;+0.00%;480.00;420.00;-12.50%;13.55%;Молотки, кувалды, киянки;Так;*;Ні;
HABF2439;Молоток гумовий L390мм 680г TOPTUL HABF2439;ok;488.00;488.00;+0.00%;630.00;560.00;-11.11%;13.55%;Молотки, кувалды, киянки;Так;*;Ні;
HABF3239;Молоток гумовий L390мм 900г TOPTUL HABF3239;ok;567.00;567.00;+0.00%;730.00;650.00;-10.96%;13.55%;Молотки, кувалды, киянки;Так;*;Ні;
HBAA0212;Виколотка 2 х 120 мм TOPTUL HBAA0212;ok;87.00;87.00;+0.00%;140.00;110.00;-21.43%;15.34%;Пробойники, зубила, бородки;Так;*;Так;подешевшало на 21.4%
HBAA0313;Виколотка 3 х 130 мм TOPTUL HBAA0313;ok;87.00;87.00;+0.00%;140.00;110.00;-21.43%;15.34%;Пробойники, зубила, бородки;Так;*;Так;подешевшало на 21.4%
HBAA0415;Виколотка 4 х 150 мм TOPTUL HBAA0415;ok;99.00;99.00;+0.00%;150.00;120.00;-20.00%;15.34%;Пробойники, зубила, бородки;Так;*;Так;подешевшало на 20.0%
HBAA0516;Виколотка 5 х 160 мм TOPTUL HBAA0516;ok;104.00;104.00;+0.00%;160.00;120.00;-25.00%;15.34%;Пробойники, зубила, бородки;Так;*;Так;подешевшало на 25.0%
HBAA0618;Виколотка 6 х 180 мм TOPTUL HBAA0618;ok;138.00;138.00;+0.00%;200.00;160.00;-20.00%;15.34%;Пробойники, зубила, бородки;Так;*;Так;подешевшало на 20.0%
HBAA0820;Виколотка 8 х 200 мм TOPTUL HBAA0820;ok;156.00;156.00;+0.00%;220.00;180.00;-18.18%;15.34%;Пробойники, зубила, бородки;Так;*;Ні;
HBAB0219;Пробійник конічний в захисному чохлі2 х 185 мм TOPTUL HBAB02;ok;199.00;199.00;+0.00%;280.00;230.00;-17.86%;15.34%;Пробойники, зубила, бородки;Ні;*;Так;відсутній у фіді
HBAB0414;Пробійник конічний 4 х 140 мм TOPTUL HBAB0414;ok;96.00;96.00;+0.00%;150.00;120.00;-20.00%;15.34%;Пробойники, зубила, бородки;Так;*;Так;подешевшало на 20.0%
HBAB0616;Пробійник конічний 6 х 160 мм TOPTUL HBAB0616;ok;106.00;106.00;+0.00%;160.00;130.00;-18.75%;15.34%;Пробойники, зубила, бородки;Так;*;Ні;
HBAC0412;Кернер 4 х 120 мм TOPTUL HBAC0412;ok;88.00;88.00;+0.00%;140.00;110.00;-21.43%;15.34%;Пробойники, зубила, бородки;Так;*;Так;подешевшало на 21.4%
HBAC0513;Кернер 5 х 130 мм TOPTUL HBAC0513;ok;92.00;92.00;+0.00%;140.00;110.00;-21.43%;15.34%;Пробойники, зубила, бородки;Так;*;Так;подешевшало на 21.4%
HBAC0614;Кернер 6 х 140 мм TOPTUL HBAC0614;ok;132.00;132.00;+0.00%;190.00;160.00;-15.79%;15.34%;Пробойники, зубила, бородки;Так;*;Ні;
HBAC0816;Кернер 8 х 160 мм TOPTUL HBAC0816;ok;205.00;205.00;+0.00%;280.00;240.00;-14.29%;15.34%;Пробойники, зубила, бородки;Так;*;Ні;
HBAF0130;Кернер автоматичний з регулюванням зусилля TOPTUL HBAF0130;ok;472.00;472.00;+0.00%;610.00;550.00;-9.84%;15.34%;Пробойники, зубила, бородки;Так;*;Ні;
HBBA0214;Виколотка в захисному чохлі 2 х 140 мм TOPTUL HBBA0214;ok;157.00;157.00;+0.00%;220.00;190.00;-13.64%;15.34%;Пробойники, зубила, бородки;Так;*;Ні;
HBBA0315;Виколотка в захисному чохлі 3 х 150 мм TOPTUL HBBA0315;ok;161.00;161.00;+0.00%;230.00;190.00;-17.39%;15.34%;Пробойники, зубила, бородки;Так;*;Ні;
HBBA0418;Виколотка в захисному чохлі 4 х 180 мм TOPTUL HBBA0418;ok;202.00;202.00;+0.00%;280.00;240.00;-14.29%;15.34%;Пробойники, зубила, бородки;Так;*;Ні;
HBBA0520;Виколотка в захисному чохлі 5 х 200 мм TOPTUL HBBA0520;ok;208.00;208.00;+0.00%;290.00;240.00;-17.24%;15.34%;Пробойники, зубила, бородки;Так;*;Ні;
HBBA0621;Виколотка в захисному чохлі 6 х 210 мм TOPTUL HBBA0621;ok;265.00;265.00;+0.00%;360.00;310.00;-13.89%;15.34%;Пробойники, зубила, бородки;Так;*;Ні;
HBBA0822;Виколотка в захисному чохлі 8 х 220 мм TOPTUL HBBA0822;ok;275.00;275.00;+0.00%;370.00;320.00;-13.51%;15.34%;Пробойники, зубила, бородки;Так;*;Ні;
HBBB0319;Пробійник конічний в захисному чохлі 3 х 185 мм TOPTUL HBBB0;ok;205.00;205.00;+0.00%;280.00;240.00;-14.29%;15.34%;Пробойники, зубила, бородки;Так;*;Ні;
HBBB0419;Пробійник конічний в захисному чохлі 4 х 185 мм TOPTUL HBBB0;ok;205.00;205.00;+0.00%;280.00;240.00;-14.29%;15.34%;Пробойники, зубила, бородки;Так;*;Ні;
HBBB0519;Пробійник конічний в захисному чохлі 5 х 185 мм TOPTUL HBBB0;ok;205.00;205.00;+0.00%;280.00;240.00;-14.29%;15.34%;Пробойники, зубила, бородки;Так;*;Ні;
HBBB0619;Пробійник конічний в захисному чохлі 6 х 185 мм TOPTUL HBBB0;ok;205.00;205.00;+0.00%;280.00;240.00;-14.29%;15.34%;Пробойники, зубила, бородки;Так;*;Ні;
HBBB0819;Пробійник конічний в захисному чохлі 8 х 185 мм TOPTUL HBBB0;ok;243.00;243.00;+0.00%;330.00;290.00;-12.12%;15.34%;Пробойники, зубила, бородки;Так;*;Ні;
HBBC0419;Кернер у захисному чохлі 4 х 185 мм TOPTUL HBBC0419;ok;199.00;199.00;+0.00%;280.00;230.00;-17.86%;15.34%;Пробойники, зубила, бородки;Так;*;Ні;
HBBC0619;Кернер у захисному чохлі 6 х 185 мм TOPTUL HBBC0619;ok;199.00;199.00;+0.00%;280.00;230.00;-17.86%;15.34%;Пробойники, зубила, бородки;Так;*;Ні;
HBBF0155;Кернер автоматичний з регулюванням зусилля Heavy Duty TOPTUL;ok;586.00;586.00;+0.00%;760.00;680.00;-10.53%;15.34%;Пробойники, зубила, бородки;Так;*;Ні;
HBP0501;Знімач підшипників маточини ВАЗ 2101-2107 (ХЗСО) ПОДШСТЖ HBP;ok;699.00;699.00;+0.00%;900.00;810.00;-10.00%;14.60%;Съемники подшипников;Ні;*;Так;відсутній у фіді
HCAA1813;Зубило 18 * 125 TOPTUL HCAA1813;ok;181.00;181.00;+0.00%;250.00;210.00;-16.00%;15.34%;Пробойники, зубила, бородки;Так;*;Ні;
HCAA2115;Зубило 21*150 TOPTUL HCAA2115;ok;249.00;249.00;+0.00%;340.00;290.00;-14.71%;15.34%;Пробойники, зубила, бородки;Так;*;Ні;
HCAA2620;Зубило 26 * 200 TOPTUL HCAA2620;ok;425.00;425.00;+0.00%;560.00;500.00;-10.71%;15.34%;Пробойники, зубила, бородки;Так;*;Ні;
HCAA2925;Зубило 29*250 TOPTUL HCAA2925;ok;583.00;583.00;+0.00%;750.00;680.00;-9.33%;15.34%;Пробойники, зубила, бородки;Так;*;Ні;
HCAA3430;Зубило 34*300 TOPTUL HCAA3430;ok;900.00;900.00;+0.00%;1150.00;1040.00;-9.57%;15.34%;Пробойники, зубила, бородки;Так;*;Ні;
HCAB1014;Зубило 10 х 140 мм TOPTUL HCAB1014;ok;90.00;90.00;+0.00%;140.00;110.00;-21.43%;15.34%;Пробойники, зубила, бородки;Так;*;Так;подешевшало на 21.4%
HCAB1215;Зубило 12 х 150 мм TOPTUL HCAB1215;ok;106.00;106.00;+0.00%;160.00;130.00;-18.75%;15.34%;Пробойники, зубила, бородки;Так;*;Ні;
HCAB1516;Зубило 15 х 160 мм TOPTUL HCAB1516;ok;151.00;151.00;+0.00%;220.00;180.00;-18.18%;15.34%;Пробойники, зубила, бородки;Так;*;Ні;
HCAB1918;Зубило 19 х 180 мм TOPTUL HCAB1918;ok;222.00;222.00;+0.00%;300.00;260.00;-13.33%;15.34%;Пробойники, зубила, бородки;Так;*;Ні;
HCAB2220;Зубило 22 х 200 мм TOPTUL HCAB2220;ok;237.00;237.00;+0.00%;320.00;280.00;-12.50%;15.34%;Пробойники, зубила, бородки;Так;*;Ні;
HCAB2522;Зубило 25 х 220 мм TOPTUL HCAB2522;ok;360.00;360.00;+0.00%;480.00;420.00;-12.50%;15.34%;Пробойники, зубила, бородки;Так;*;Ні;
HCBB1015;Зубило в захисному чохлі 10 х 150 мм TOPTUL HCBB1015;ok;184.00;184.00;+0.00%;260.00;220.00;-15.38%;15.34%;Пробойники, зубила, бородки;Так;*;Ні;
HCBB1518;Зубило в захисному чохлі 15 х 180 мм TOPTUL HCBB1518;ok;216.00;216.00;+0.00%;300.00;250.00;-16.67%;15.34%;Пробойники, зубила, бородки;Так;*;Ні;
HCBB1920;Зубило в захисному чохлі 19 х 200 мм TOPTUL HCBB1920;ok;278.00;278.00;+0.00%;370.00;330.00;-10.81%;15.34%;Пробойники, зубила, бородки;Так;*;Ні;
HCBB2522;Зубило в захисному чохлі 25 х 220 мм TOPTUL HCBB2522;ok;417.00;417.00;+0.00%;550.00;490.00;-10.91%;15.34%;Пробойники, зубила, бородки;Так;*;Ні;
HCBC0517;Зубило в захисному чохлі 5 х 170 мм конусоподібне TOPTUL HCB;ok;214.00;214.00;+0.00%;290.00;250.00;-13.79%;15.34%;Пробойники, зубила, бородки;Так;*;Ні;
HCBC0718;Зубило в захисному чохлі 7 х 180 мм конусоподібне TOPTUL HCB;ok;274.00;274.00;+0.00%;370.00;320.00;-13.51%;15.34%;Пробойники, зубила, бородки;Так;*;Ні;
HCRT0070;Прес-кліщі гідравлічні YQK-70 (4-70мм ²) для опресовування к;ok;2678.00;2678.00;+0.00%;3360.00;2970.00;-11.61%;10.63%;Ручные обжимные инструменты;Ні;*;Так;відсутній у фіді
HCRT0120;Прес-кліщі гідравлічні YQK-120 (10-120мм ²) для опресовуванн;ok;2794.00;2794.00;+0.00%;3500.00;3220.00;-8.00%;15.00%;default;Так;*;Ні;
HCRT0240;Прес-кліщі гідравлічні YQK-240 (16-240мм ²) для опресовуванн;ok;2953.00;2953.00;+0.00%;3700.00;3270.00;-11.62%;10.63%;Ручные обжимные инструменты;Ні;*;Так;відсутній у фіді
HCRT0300;Прес-кліщі гідравлічні YQK-300 (16-300мм ²) для опресовуванн;ok;3090.00;3090.00;+0.00%;3870.00;3420.00;-11.63%;10.63%;Ручные обжимные инструменты;Ні;*;Так;відсутній у фіді
HCRT0400;Прес-кліщі гідравлічні KYQ-400 (16-400 мм²) для опресовуванн;ok;8567.00;8567.00;+0.00%;10670.00;9480.00;-11.15%;10.63%;Ручные обжимные инструменты;Ні;*;Так;відсутній у фіді
HD-1-1.3LM;Пістолет фарбувальний пневматичний LVMP верхній пластиковий ;ok;5788.00;5788.00;+0.00%;7220.00;6560.00;-9.14%;13.20%;Пневматические краскопульты;Так;*;Ні;
HD-855;Вакуумний відбір масла GIKRAFT;ok;48972.00;48972.00;+0.00%;93520.00;55800.00;-40.33%;13.94%;Оборудование для замены масел и смазок;Ні;*;Так;відсутній у фіді + подешевшало на 40.3%
HDJS6820;Підставка автомобільна регульована Heavy Duty 20 тон 420~680;ok;13108.00;13108.00;+0.00%;16310.00;15040.00;-7.79%;14.69%;Автомобильные домкраты, подставки;Так;*;Ні;
HDP-30;Установка для зливу масла пластикова (30л);ok;2952.00;2952.00;+0.00%;3700.00;3370.00;-8.92%;13.94%;Оборудование для замены масел и смазок;Так;*;Ні;
HDP-75;Установка для зливу масла пластикова (75л);ok;4952.00;4952.00;+0.00%;6180.00;5650.00;-8.58%;13.94%;Оборудование для замены масел и смазок;Так;*;Ні;
HDTG0012;Товщиномір індикаторний годинникового типу 12,7мм PROTESTER ;ok;1408.00;1408.00;+0.00%;1780.00;1610.00;-9.55%;13.71%;Толщиномеры;Так;*;Ні;
HF-0302;Ліхтар світлодіодний (LED) гнучкий HANDS FREE з магнитом (Ma;ok;845.00;845.00;+0.00%;2290.00;980.00;-57.21%;15.00%;default;Так;*;Так;подешевшало на 57.2%
HKR1500;Ротаційний лазерний нівелір PROTESTER HKR1500;ok;20281.00;20281.00;+0.00%;25220.00;23310.00;-7.57%;14.91%;Лазерные нивелиры, уровни, сканеры;Так;*;Ні;
HKR2000;Ротаційний лазерний нівелір PROTESTER HKR2000;ok;23283.00;23283.00;+0.00%;28950.00;26760.00;-7.56%;14.91%;Лазерные нивелиры, уровни, сканеры;Так;*;Ні;
HKS0701;Набір шестигранників Г-подібних 7 од СТАНДАРТ HKS0701;ok;79.00;79.00;+0.00%;970.00;100.00;-89.69%;15.27%;Шестигранные ключи;Так;*;Так;подешевшало на 89.7%
HKS0901;Набір шестигранників Г-подібних 9 од СТАНДАРТ HKS0901;ok;90.00;90.00;+0.00%;140.00;110.00;-21.43%;15.27%;Шестигранные ключи;Так;*;Так;подешевшало на 21.4%
HKS0902;Набір шестигранників Г-подібних довгих 9 од СТАНДАРТ HKS0902;ok;111.00;111.00;+0.00%;170.00;130.00;-23.53%;15.27%;Шестигранные ключи;Так;*;Так;подешевшало на 23.5%
HKS0903;Набір шестигранників Г-подібних довгих з шаром 9 од СТАНДАРТ;ok;110.00;110.00;+0.00%;160.00;130.00;-18.75%;14.88%;Наборы ключей;Ні;*;Так;відсутній у фіді
HL-0204;Ліхтар налобний світлодіодний (LED) акумуляторний з сенсором;ok;703.00;703.00;+0.00%;900.00;810.00;-10.00%;15.00%;default;Так;*;Ні;
HLAA3501;Насадка для молотка рихтувального поліурітанового TOPTUL HLA;ok;310.00;310.00;+0.00%;410.00;360.00;-12.20%;13.55%;Молотки, кувалды, киянки;Так;*;Ні;
HLAA3502;Насадка для молотка рихтувального нейлонова TOPTUL HLAA3502;ok;238.00;238.00;+0.00%;320.00;280.00;-12.50%;13.55%;Молотки, кувалды, киянки;Так;*;Ні;
HM-16L;Піддон для зливу масла 16л;ok;440.00;440.00;+0.00%;1840.00;510.00;-72.28%;13.94%;Оборудование для замены масел и смазок;Так;*;Так;подешевшало на 72.3%
HMF0101;Кромкогиб ХЗСО) КРГИБ HMF0101;ok;924.00;924.00;+0.00%;1180.00;1070.00;-9.32%;15.34%;Пробойники, зубила, бородки;Ні;*;Так;відсутній у фіді
HNST0024;Гайколом ручний гідравлічний СТАНДАРТ HNST0024;ok;3860.00;3860.00;+0.00%;4820.00;4390.00;-8.92%;13.55%;Секторные ножницы, тросорезы;Ні;*;Так;відсутній у фіді
HNST0024A;Гайколом ручний гідравлічний СТАНДАРТ HNST0024A;ok;5210.00;5210.00;+0.00%;6500.00;5920.00;-8.92%;13.55%;Секторные ножницы, тросорезы;Ні;*;Так;відсутній у фіді
HPL-20750;Канавний гідравлічний домкрат HEAVY DUTY 20 т 750мм ХЗСО HPL;ok;96580.00;96580.00;+0.00%;120010.00;110770.00;-7.70%;14.69%;Автомобильные домкраты, подставки;Так;*;Ні;
HPT15GP2;Рокла 1.5т високоманеврена (можливість переміщення в 4-х нап;ok;20900.00;20900.00;+0.00%;25990.00;24040.00;-7.50%;15.00%;default;Так;*;Ні;
HPT25GP;Рокла 2.5т висота підйому 85-200мм вила 1150*540мм PU ролики;ok;14520.00;14520.00;+0.00%;18070.00;16700.00;-7.58%;15.00%;default;Так;*;Ні;
HPT25GPHB;Рокла 2.5т з ручним гальмом висота підйому 85-200мм вила 115;ok;25080.00;25080.00;+0.00%;31190.00;28850.00;-7.50%;15.00%;default;Так;*;Ні;
HPT30GP;Рокла 3.0т висота підйому 85-200мм вила 1150*540мм PU ролики;ok;15400.00;15400.00;+0.00%;19160.00;17710.00;-7.57%;15.00%;default;Ні;*;Так;відсутній у фіді
HRC04-04;Двусторонний соединитель на шланг (латунь) 6*6мм AIRKRAFT HR;ok;24.00;25.00;+4.17%;170.00;40.00;-76.47%;15.00%;default;Так;*;Так;подешевшало на 76.5%
HRC04-05;Двусторонний соединитель на шланг (латунь) 6*8мм AIRKRAFT HR;ok;37.00;43.00;+16.22%;70.00;50.00;-28.57%;14.33%;Комплектующие и запчасти для инструмента;Так;*;Так;подешевшало на 28.6%
HRC05-05;Двусторонний соединитель на шланг (латунь) 8*8мм AIRKRAFT HR;ok;27.00;31.00;+14.81%;190.00;40.00;-78.95%;15.00%;default;Так;*;Так;подешевшало на 78.9%
HRC05-06;Двусторонний соединитель на шланг (латунь) 8*10мм AIRKRAFT H;ok;31.00;36.00;+16.13%;70.00;50.00;-28.57%;14.33%;Комплектующие и запчасти для инструмента;Ні;*;Так;відсутній у фіді + подешевшало на 28.6%
HRC06-06;Двусторонний соединитель на шланг (латунь) 10*10мм AIRKRAFT ;ok;33.00;40.00;+21.21%;70.00;50.00;-28.57%;10.63%;Компоненты пневматики;Так;*;Так;подешевшало на 28.6%
HRC06-08;Двусторонний соединитель на шланг (латунь) 10*12мм AIRKRAFT ;ok;37.00;42.00;+13.51%;70.00;50.00;-28.57%;15.00%;default;Так;*;Так;подешевшало на 28.6%
HRC08-08;Двусторонний соединитель на шланг (латунь) 12*12мм AIRKRAFT ;ok;44.00;52.00;+18.18%;110.00;60.00;-45.45%;15.00%;default;Так;*;Так;подешевшало на 45.5%
HRF0200;Напилок напівкруглий 200мм СТАНДАРТ HRF0200;ok;97.00;97.00;+0.00%;150.00;120.00;-20.00%;13.55%;Напильники и надфили;Так;*;Так;подешевшало на 20.0%
HS-B1037;Комплект шил для ремонту автомобільних покришок HESHITOOLS H;ok;279.00;279.00;+0.00%;370.00;320.00;-13.51%;13.94%;Инструменты для ремонта и восстановления шин;Ні;*;Так;відсутній у фіді
HS-E1088A;Знімач масляного фільтра ланцюгової з ручкою;ok;318.00;318.00;+0.00%;420.00;370.00;-11.90%;14.60%;Съемники автомобильных фильтров;Ні;*;Так;відсутній у фіді
HS-E1136;"Знімач двозахватний ""рейка"" посилений 15-25mm";ok;290.00;290.00;+0.00%;390.00;340.00;-12.82%;14.60%;Съемники подшипников;Так;*;Ні;
HS-E1137;"Знімач двозахватний ""рейка"" посилений 25-50mm";ok;442.00;442.00;+0.00%;580.00;510.00;-12.07%;14.60%;Съемники подшипников;Так;*;Ні;
HS-E2010;Набір оправ для зняття/установки підшипників і сальників (10;ok;1271.00;1271.00;+0.00%;1610.00;1460.00;-9.32%;14.60%;Съемники подшипников;Ні;*;Так;відсутній у фіді
HS-E3320;Знімач р / тяг і кульових опор універсальний 50мм СТАНДАРТ H;ok;497.00;497.00;+0.00%;650.00;570.00;-12.31%;14.60%;Механические съемники;Так;*;Ні;
HS-E3323;Знімач сошки універсальний 33мм;ok;569.00;569.00;+0.00%;740.00;660.00;-10.81%;14.60%;Механические съемники;Так;*;Ні;
HS-E3408-12;"Кліщі для перетискання трубопроводів 12"" HESHITOOLS HS-E3408";ok;628.00;628.00;+0.00%;810.00;730.00;-9.88%;15.00%;default;Ні;*;Так;відсутній у фіді
HS-E3463;Комплект для зняття/установлення кульових опор універсальний;ok;3465.00;3465.00;+0.00%;4330.00;3980.00;-8.08%;14.60%;Механические съемники;Ні;*;Так;відсутній у фіді
HS-E3464;Знімач фільтрів ланцюговий під ключ/комір HESHITOOLS HS-E346;ok;303.00;303.00;+0.00%;400.00;350.00;-12.50%;14.60%;Съемники автомобильных фильтров;Ні;*;Так;відсутній у фіді
HS1016PMEP;Штабелер гідравлічний 1.0т висота підйому 85-1600мм вила 115;ok;41800.00;41800.00;+0.00%;51960.00;48070.00;-7.49%;15.00%;default;Так;*;Ні;
HS1516PMEP;Штабелер гідравлічний 1.5т висота підйому 85-1600мм вила 115;ok;44880.00;44880.00;+0.00%;55790.00;51620.00;-7.47%;15.00%;default;Так;*;Ні;
HS1530PDEP;Штабелер гідравлічний 1.5твисота підйому 85-3000мм вила 1150;ok;56760.00;56760.00;+0.00%;70540.00;65280.00;-7.46%;15.00%;default;Так;*;Ні;
HS2016PMEP;Штабелер гідравлічний 2.0т висота підйому 85-1600мм вила 115;ok;51480.00;51480.00;+0.00%;63980.00;59210.00;-7.46%;15.00%;default;Так;*;Ні;
HSA2530;Ножівка по металу з металевою ручкою рег рамка для полотен 2;ok;163.00;163.00;+0.00%;230.00;190.00;-17.39%;15.00%;default;Ні;*;Так;відсутній у фіді
HSP0300;Ножівка по металу професійна для полотен 300мм СТАНДАРТ;ok;358.00;358.00;+0.00%;470.00;420.00;-10.64%;15.00%;default;Ні;*;Так;відсутній у фіді
IAAC1903M;Рулетка 3м TOPTUL IAAC1903M;ok;328.00;328.00;+0.00%;440.00;380.00;-13.64%;15.17%;Измерительные рулетки;Так;*;Ні;
IAAC1905M;Рулетка 5м TOPTUL IAAC1905M;ok;378.00;378.00;+0.00%;500.00;440.00;-12.00%;15.17%;Измерительные рулетки;Так;*;Ні;
IAAC2508M;Рулетка 8м TOPTUL IAAC2508M;ok;700.00;700.00;+0.00%;900.00;810.00;-10.00%;15.17%;Измерительные рулетки;Так;*;Ні;
IAAC3010;Рулетка 10м TOPTUL IAAC3010;ok;1201.00;1201.00;+0.00%;1520.00;1390.00;-8.55%;15.17%;Измерительные рулетки;Так;*;Ні;
IABA0150;"Лінійка з нержавіючої сталі 150мм/6"" TOPTUL IABA0150";ok;44.00;44.00;+0.00%;80.00;60.00;-25.00%;15.00%;default;Так;*;Так;подешевшало на 25.0%
IABA0300;"Лінійка з нержавіючої сталі 300мм/12"" TOPTUL IABA0300";ok;103.00;103.00;+0.00%;160.00;120.00;-25.00%;15.00%;default;Так;*;Так;подешевшало на 25.0%
IABA0500;"Лінійка з нержавіючої сталі 500мм/20"" TOPTUL IABA0500";ok;303.00;303.00;+0.00%;400.00;350.00;-12.50%;15.00%;default;Так;*;Ні;
IABA1000;"Лінійка з нержавіючої сталі 1000мм/40"" TOPTUL IABA1000";ok;488.00;488.00;+0.00%;630.00;570.00;-9.52%;15.00%;default;Так;*;Ні;
IACA0150;Штангенциркуль 150мм TOPTUL IACA0150;ok;1941.00;1941.00;+0.00%;2440.00;2230.00;-8.61%;14.65%;Штангенинструмент;Так;*;Ні;
IACA0300;Штангенциркуль 300мм 0,02 TOPTUL IACA0300;ok;5527.00;5527.00;+0.00%;6890.00;6340.00;-7.98%;14.65%;Штангенинструмент;Так;*;Ні;
IACC1150;Штангенциркуль електронний 150мм 0,01 мм TOPTUL IACC1150;ok;2264.00;2264.00;+0.00%;2840.00;2600.00;-8.45%;14.65%;Штангенинструмент;Так;*;Ні;
IBA-300;Тестер акумуляторних батарей;ok;18552.00;18552.00;+0.00%;23080.00;21210.00;-8.10%;14.29%;Тестеры для аккумуляторов;Ні;*;Так;відсутній у фіді
IBA-600;Тестер акумуляторних батарей;ok;2492.00;2492.00;+0.00%;3120.00;2850.00;-8.65%;14.29%;Тестеры для аккумуляторов;Так;*;Ні;
IBN0106;"Плоскогубці з подовженими губками 6"" загнуті ізольовані ручк";ok;155.00;155.00;+0.00%;220.00;180.00;-18.18%;13.65%;Пассатижи, плоскогубцы, тонкогубцы;Так;*;Ні;
IBN0108;"Плоскогубці з подовженими губками 8"" загнуті ізольовані ручк";ok;188.00;188.00;+0.00%;260.00;220.00;-15.38%;13.65%;Пассатижи, плоскогубцы, тонкогубцы;Так;*;Ні;
ICAA0020;Набір щупів 20шт TOPTUL ICAA0020;ok;370.00;370.00;+0.00%;490.00;430.00;-12.24%;15.00%;default;Так;*;Ні;
ICAB0124;Різьбомір ( метричний ) ICAB0024 TOPTUL ICAB0124;ok;366.00;366.00;+0.00%;480.00;430.00;-10.42%;15.00%;default;Так;*;Ні;
ICAC0122;Різьбомір (дюймовий) ICAC0022 TOPTUL ICAC0122;ok;337.00;337.00;+0.00%;450.00;390.00;-13.33%;15.00%;default;Так;*;Ні;
ICBA1026;Набір щупів 26шт дюймових TOPTUL ICBA1026;ok;349.00;349.00;+0.00%;460.00;410.00;-10.87%;15.00%;default;Так;*;Ні;
ICEMK003;Набір моториста (ХЗСО) НАБМОТ ICEMK003;ok;1010.00;1010.00;+0.00%;1280.00;1170.00;-8.59%;15.00%;default;Ні;*;Так;відсутній у фіді
IDC0106;"Бокорізи 6"" ізольовані ручки 1000 В СТАНДАРТ";ok;160.00;160.00;+0.00%;230.00;190.00;-17.39%;13.65%;Бокорезы, кусачки;Ні;*;Так;відсутній у фіді
IDC0107;"Бокорізи 7"" ізольовані ручки 1000 В СТАНДАРТ";ok;184.00;184.00;+0.00%;260.00;210.00;-19.23%;13.65%;Бокорезы, кусачки;Так;*;Ні;
IEB007068;Пристрій для тарирування динамометричних ключів 6,8-68Nm TOP;ok;43193.00;43193.00;+0.00%;53690.00;49820.00;-7.21%;15.34%;Динамометрические ключи;Ні;*;Так;відсутній у фіді
IEB035350;Пристрій для тарирування динамометричних ключів 35-350Nm TOP;ok;45467.00;45467.00;+0.00%;56510.00;52450.00;-7.18%;15.34%;Динамометрические ключи;Так;*;Ні;
IEB100A00;Пристрій для тарирування динамометричних ключів 100-1000Nm T;ok;48919.00;48919.00;+0.00%;60800.00;56430.00;-7.19%;15.34%;Динамометрические ключи;Так;*;Ні;
ILN0106;"Плоскогубці з подовженими губками 6"" ізольовані ручки 1000 В";ok;140.00;140.00;+0.00%;200.00;160.00;-20.00%;13.65%;Пассатижи, плоскогубцы, тонкогубцы;Так;*;Так;подешевшало на 20.0%
ILN0108;"Плоскогубці з подовженими губками 8"" ізольовані ручки 1000 В";ok;174.00;174.00;+0.00%;240.00;200.00;-16.67%;13.65%;Пассатижи, плоскогубцы, тонкогубцы;Так;*;Ні;
IND-1000W;Індукційний нагрівач 1000W;ok;19184.00;19184.00;+0.00%;23860.00;22010.00;-7.75%;14.73%;Паяльники;Ні;*;Так;відсутній у фіді
IPL0107;"Плоскогубці 7"" ізольовані ручки 1000 В СТАНДАРТ";ok;192.00;192.00;+0.00%;270.00;220.00;-18.52%;13.65%;Пассатижи, плоскогубцы, тонкогубцы;Так;*;Ні;
IPL0108;"Плоскогубці 8"" ізольовані ручки 1000 В СТАНДАРТ IPL0108";ok;213.00;213.00;+0.00%;290.00;250.00;-13.79%;13.65%;Пассатижи, плоскогубцы, тонкогубцы;Так;*;Ні;
IPRT25TD;Знімач ТНВД (BMW Opel Omega B 2.5TD) (ХЗСО) СТНВД IPRT25TD;ok;810.00;810.00;+0.00%;1030.00;930.00;-9.71%;14.60%;Механические съемники;Ні;*;Так;відсутній у фіді
IPS-2002;Інверторний зарядний пристрій 12V макс струм 20A 220V PROTES;ok;5720.00;5720.00;+0.00%;9410.00;6580.00;-30.07%;15.00%;default;Так;*;Так;подешевшало на 30.1%
IPS-3001;Інверторний зарядний пристрій 12V макс струм 30A 220V PROTES;ok;6160.00;6160.00;+0.00%;7680.00;7090.00;-7.68%;15.00%;default;Так;*;Ні;
IPS-3502;Інверторний зарядний пристрій 12V макс струм 35A 220V (перес;ok;24200.00;24200.00;+0.00%;30090.00;27830.00;-7.51%;15.00%;default;Ні;*;Так;відсутній у фіді
IPS-5PRO;Інверторний зарядний пристрій 12V макс струм 70A 220V PROTES;ok;24640.00;24640.00;+0.00%;30640.00;28340.00;-7.51%;15.00%;default;Так;*;Ні;
IPS-6PRO;Інверторний зарядний пристрій 12V макс струм 100A 220V PROTE;ok;29920.00;29920.00;+0.00%;37200.00;34410.00;-7.50%;15.00%;default;Так;*;Ні;
IPS-7PRO;Інверторний зарядний пристрій 12V макс струм 150A 220V PROTE;ok;35640.00;35640.00;+0.00%;44310.00;40990.00;-7.49%;15.00%;default;Так;*;Ні;
ISDS0601;Набір викруток (1000V) 6од СТАНДАРТ ISDS0601;ok;410.00;410.00;+0.00%;540.00;480.00;-11.11%;15.29%;Отвертки;Ні;*;Так;відсутній у фіді
ISPH0110;Викрутка хрестова PH1 x 100mm ізольована (1000В) СТАНДАРТ;ok;40.00;40.00;+0.00%;80.00;50.00;-37.50%;15.29%;Отвертки;Так;*;Так;подешевшало на 37.5%
ISPH0210;Викрутка хрестова PH2x 100mm ізольована (1000В) СТАНДАРТ;ok;48.00;48.00;+0.00%;90.00;60.00;-33.33%;15.29%;Отвертки;Ні;*;Так;відсутній у фіді + подешевшало на 33.3%
ISSL0410;Викрутка шліцева 4.0 x 100mm ізольована (1000В) СТАНДАРТ;ok;39.00;39.00;+0.00%;80.00;50.00;-37.50%;15.29%;Отвертки;Так;*;Так;подешевшало на 37.5%
ISSL0512;Викрутка шліцева 5.0 x 125mm ізольована (1000В) СТАНДАРТ;ok;44.00;44.00;+0.00%;80.00;60.00;-25.00%;15.29%;Отвертки;Так;*;Так;подешевшало на 25.0%
ISSL0615;Викрутка шліцева 6.0 x 150mm ізольована (1000В) СТАНДАРТ;ok;48.00;48.00;+0.00%;90.00;60.00;-33.33%;15.29%;Отвертки;Ні;*;Так;відсутній у фіді + подешевшало на 33.3%
ITGS0020;Різьбомір (дюймовий) PROTESTER ITGS0020;ok;52.00;52.00;+0.00%;90.00;60.00;-33.33%;15.00%;default;Так;*;Так;подешевшало на 33.3%
J20;Дальномер лазерный/рулетка 2-в-1 5м/20м PROTESTER J20;ok;1344.00;1344.00;+0.00%;2300.00;1550.00;-32.61%;14.97%;Лазерные дальномеры;Ні;*;Так;відсутній у фіді + подешевшало на 32.6%
JAAA1303;"Обжимка для поршневих кілець 53-125мм 3"" TOPTUL JAAA1303";ok;525.00;525.00;+0.00%;680.00;610.00;-10.29%;14.60%;Механические съемники;Так;*;Ні;
JAAA1804;"Обжимка для поршневих кілець 90-175мм 4"" TOPTUL JAAA1804";ok;659.00;659.00;+0.00%;850.00;760.00;-10.59%;15.00%;default;Так;*;Ні;
JAAA1806;"Обжимка для поршневих кілець 90-175мм 6 "" TOPTUL JAAA1806";ok;1087.00;1087.00;+0.00%;1380.00;1260.00;-8.70%;15.00%;default;Так;*;Ні;
JABA0510;Кліщі для зняття і установки поршневих кілець 50-100мм L215м;ok;771.00;771.00;+0.00%;990.00;890.00;-10.10%;14.60%;Механические съемники;Так;*;Ні;
JABA0812;Кліщі для зняття і установки поршневих кілець 80-120мм L225м;ok;857.00;857.00;+0.00%;1090.00;990.00;-9.17%;14.60%;Механические съемники;Так;*;Ні;
JABA1116;Кліщі для зняття і установки поршневих кілець 110-160мм L255;ok;958.00;958.00;+0.00%;1220.00;1100.00;-9.84%;14.60%;Механические съемники;Так;*;Ні;
JBAA2448;"Клепальник 2,4 (3 / 32 "") 3,2 (1 / 8"") 4,0 (5 / 32 "") 4,8 (3";ok;907.00;907.00;+0.00%;1160.00;1010.00;-12.93%;10.63%;Ручные заклепочники;Так;*;Ні;
JBAB3264;"Клепальник 3,2 (1 / 8 "") 4,0 (5 / 32"") 4,8 (3 / 16 "") 6.4 (1";ok;1779.00;1779.00;+0.00%;2240.00;1970.00;-12.05%;10.63%;Ручные заклепочники;Так;*;Ні;
JBAC2448;"Клепальник з поворотною головкою 2,4 (3/32 "") 3,2 (1/8"") 4,0";ok;1062.00;1062.00;+0.00%;1350.00;1180.00;-12.59%;10.63%;Ручные заклепочники;Так;*;Ні;
JBAD2448;"Клепальник ножничного типу 3,2 (1/8 "") 4,0 (5/32"") 4,8 (3/16";ok;2282.00;2282.00;+0.00%;2860.00;2530.00;-11.54%;10.63%;Ручные заклепочники;Так;*;Ні;
JBAE2450;"Клепальник Pro-Series 2,4 (3/32"") 3,2 (1/8"") 4,0 (5/32"") 5,0";ok;3586.00;3586.00;+0.00%;4480.00;3970.00;-11.38%;10.63%;Ручные заклепочники;Так;*;Ні;
JBAE3064;"Клепальник Pro-Series 3,2 (1/8"") 4,0 (5/32"") 5,0 (3/16"") 6,0";ok;6432.00;6432.00;+0.00%;8020.00;7120.00;-11.22%;10.63%;Ручные заклепочники;Так;*;Ні;
JBAF2450;"Клепальник Pro-Series 2,4(3/32"") 3,2(1/8"") 4,0(5/32"") 4,8(3/";ok;1113.00;1113.00;+0.00%;1780.00;1240.00;-30.34%;10.63%;Ручные заклепочники;Так;*;Так;подешевшало на 30.3%
JBAG2450;"Клепальник з поворотною головкою Pro-Series 2,4 (3/32"") 3,2 ";ok;1904.00;1904.00;+0.00%;2390.00;2110.00;-11.72%;10.63%;Ручные заклепочники;Так;*;Ні;
JBAH3064;"Клепальник ножничного типу 3,2 (1/8"") 4,0 (5/32"") 5,0 (3/16""";ok;5048.00;5048.00;+0.00%;6300.00;5590.00;-11.27%;10.63%;Ручные заклепочники;Так;*;Ні;
JBBA0306;Клепальник під різьбові заклепки M3 M4 M5 M6 TOPTUL JBBA0306;ok;3455.00;3455.00;+0.00%;4320.00;3830.00;-11.34%;10.63%;Ручные заклепочники;Так;*;Ні;
JBBB0512;Клепальник під різьбові заклепки M5 M6 M8 M10 M12 TOPTUL JBB;ok;12214.00;12214.00;+0.00%;15200.00;13520.00;-11.05%;10.63%;Ручные заклепочники;Так;*;Ні;
JCA-350B;Сидіння автослюсаря підкатне 350x260x340мм 3 полки TOPTUL JC;ok;4897.00;4897.00;+0.00%;6110.00;5580.00;-8.67%;13.94%;Лежаки автослесарные подкатные;Так;*;Ні;
JCAB2208;Монтировка шиномонтажне 200мм TOPTUL JCAB2208;ok;191.00;191.00;+0.00%;290.00;220.00;-24.14%;13.94%;Инструменты для ремонта и восстановления шин;Так;*;Так;подешевшало на 24.1%
JCAB2312;Монтировка шиномонтажна 300мм TOPTUL JCAB2312;ok;268.00;268.00;+0.00%;360.00;310.00;-13.89%;13.94%;Инструменты для ремонта и восстановления шин;Так;*;Ні;
JCAB2415;Монтувалка шиномонтажна 380мм TOPTUL JCAB2415;ok;328.00;328.00;+0.00%;440.00;380.00;-13.64%;13.94%;Инструменты для ремонта и восстановления шин;Так;*;Ні;
JCAB2821;Монтировка шиномонтажне 530мм TOPTUL JCAB2821;ok;669.00;669.00;+0.00%;860.00;770.00;-10.47%;13.94%;Инструменты для ремонта и восстановления шин;Так;*;Ні;
JCBA0608;"Монтировка 8 "" TOPTUL JCBA0608";ok;204.00;204.00;+0.00%;280.00;240.00;-14.29%;13.94%;Инструменты для ремонта и восстановления шин;Так;*;Ні;
JCBA1118;"Монтировка 18 "" TOPTUL JCBA1118";ok;461.00;461.00;+0.00%;600.00;530.00;-11.67%;13.94%;Инструменты для ремонта и восстановления шин;Так;*;Ні;
JCBA1124;"Монтировка 24"" TOPTUL JCBA1124";ok;538.00;538.00;+0.00%;700.00;620.00;-11.43%;13.94%;Инструменты для ремонта и восстановления шин;Так;*;Ні;
JCBA9E12;"Монтировка 12 "" TOPTUL JCBA9E12";ok;284.00;284.00;+0.00%;380.00;330.00;-13.16%;13.94%;Инструменты для ремонта и восстановления шин;Так;*;Ні;
JCCA2036;Монтировка з гумовою ручкою (кут 30 ° L920мм) TOPTUL JCCA203;ok;1501.00;1501.00;+0.00%;1890.00;1720.00;-8.99%;13.94%;Инструменты для ремонта и восстановления шин;Так;*;Ні;
JCCB2025;Монтировка з гумовою ручкою (кут 75 ° L640мм) TOPTUL JCCB202;ok;1285.00;1285.00;+0.00%;1620.00;1470.00;-9.26%;13.94%;Инструменты для ремонта и восстановления шин;Так;*;Ні;
JCCC2025;Монтировка з гумовою ручкою (кут 90 ° L640мм) TOPTUL JCCC202;ok;1462.00;1462.00;+0.00%;1840.00;1670.00;-9.24%;13.94%;Инструменты для ремонта и восстановления шин;Так;*;Ні;
JCCD2031;Монтировка з гумовою ручкою (L800мм) TOPTUL JCCD2031;ok;1440.00;1440.00;+0.00%;1820.00;1650.00;-9.34%;13.94%;Инструменты для ремонта и восстановления шин;Так;*;Ні;
JCCD2036;Монтировка з гумовою ручкою (L920мм) TOPTUL JCCD2036;ok;1495.00;1495.00;+0.00%;1890.00;1710.00;-9.52%;13.94%;Инструменты для ремонта и восстановления шин;Так;*;Ні;
JCDE0908;"Монтировка з тріскачкою 9"" TOPTUL JCDE0908";ok;822.00;822.00;+0.00%;1050.00;940.00;-10.48%;13.94%;Инструменты для ремонта и восстановления шин;Ні;*;Так;відсутній у фіді
JCDE1212;"Монтировка з тріскачкою 12"" TOPTUL JCDE1212";ok;877.00;877.00;+0.00%;1120.00;1000.00;-10.71%;13.94%;Инструменты для ремонта и восстановления шин;Ні;*;Так;відсутній у фіді
JCDE1515;"Монтировка з тріскачкою 15"" TOPTUL JCDE1515";ok;987.00;987.00;+0.00%;1250.00;1130.00;-9.60%;13.94%;Инструменты для ремонта и восстановления шин;Ні;*;Так;відсутній у фіді
JCDE1825;"Монтировка з тріскачкою 18"" TOPTUL JCDE1825";ok;2095.00;2095.00;+0.00%;2630.00;2390.00;-9.13%;13.94%;Инструменты для ремонта и восстановления шин;Так;*;Ні;
JCDF2425;"Монтировка з тріскачкою 24"" TOPTUL JCDF2425";ok;2719.00;2719.00;+0.00%;3410.00;3100.00;-9.09%;13.94%;Инструменты для ремонта и восстановления шин;Ні;*;Так;відсутній у фіді
JCEG2229;Монтировка шиномонтажна для вантажних автомобілів 728мм TOPT;ok;3048.00;3048.00;+0.00%;3810.00;3480.00;-8.66%;13.94%;Инструменты для ремонта и восстановления шин;Так;*;Ні;
JCEH2237;Монтировка шиномонтажна для вантажних автомобілів 940мм TOPT;ok;2821.00;2821.00;+0.00%;3530.00;3220.00;-8.78%;13.94%;Инструменты для ремонта и восстановления шин;Так;*;Ні;
JCM-0300;Лежак автослюсаря підкатний пластиковий 1020x480x115mm TOPTU;ok;3095.00;3095.00;+0.00%;3870.00;3530.00;-8.79%;13.94%;Лежаки автослесарные подкатные;Так;*;Ні;
JCM-0401;Лежак автослюсаря підкатний пластиковий Pro-Series TOPTUL JC;ok;6586.00;6586.00;+0.00%;8690.00;7510.00;-13.58%;13.94%;Лежаки автослесарные подкатные;Ні;*;Так;відсутній у фіді
JCS-0102;Накидка на сидіння захисна 720х1340х610мм TOPTUL JCS-0102;ok;1984.00;1984.00;+0.00%;2490.00;2290.00;-8.03%;15.00%;default;Так;*;Ні;
JDAA0808;"Знімач м / фільтра універсальний 66-94 мм 3/8"" або під ключ ";ok;1100.00;1100.00;+0.00%;1390.00;1270.00;-8.63%;14.60%;Съемники автомобильных фильтров;Так;*;Ні;
JDAA1010;"Знімач м / фільтра ""кліщі"" 60-90мм TOPTUL JDAA1010";ok;657.00;657.00;+0.00%;840.00;760.00;-9.52%;14.60%;Съемники автомобильных фильтров;Так;*;Ні;
JDAA1212;"Знімач м/фільтра ""кліщі"" 57-110мм TOPTUL JDAA1212";ok;688.00;688.00;+0.00%;880.00;790.00;-10.23%;14.60%;Съемники автомобильных фильтров;Так;*;Ні;
JDAB3205;Шпатель из нержавеющей стали (гибкий скребок) 32x100x0.5mm T;ok;246.00;246.00;+0.00%;330.00;290.00;-12.12%;15.00%;default;Так;*;Ні;
JDAB5005;Шпатель из нержавеющей стали (гибкий скребок) 50x100x0.5mm T;ok;252.00;252.00;+0.00%;340.00;290.00;-14.71%;15.00%;default;Так;*;Ні;
JDAB7605;Шпатель из нержавеющей стали (гибкий скребок) 76x100x0.5mm T;ok;275.00;275.00;+0.00%;370.00;320.00;-13.51%;15.00%;default;Так;*;Ні;
JDAF1437;Ключ для утримання шківів V-BELT TOPTUL JDAF1437;ok;974.00;974.00;+0.00%;1240.00;1120.00;-9.68%;14.60%;Механические съемники;Так;*;Ні;
JDAG1437;Ключ для утримання шківів POLY-V BELT TOPTUL JDAG1437;ok;1394.00;1394.00;+0.00%;1760.00;1610.00;-8.52%;15.00%;default;Так;*;Ні;
JDAH6414;"Знімач м / фільтру ""чашка"" 64мм/14гр (TOYOTALEXUS) TOPTUL JD";ok;194.00;194.00;+0.00%;270.00;230.00;-14.81%;14.60%;Съемники автомобильных фильтров;Так;*;Ні;
JDAH6514;"Знімач м / фільтру ""чашка"" 65мм/14гр (TOYOTA NISSAN) TOPTUL ";ok;194.00;194.00;+0.00%;270.00;230.00;-14.81%;14.60%;Съемники автомобильных фильтров;Так;*;Ні;
JDAH6814;"Знімач м / фільтра ""чашка"" 68мм/14гр TOPTUL JDAH6814";ok;194.00;194.00;+0.00%;270.00;230.00;-14.81%;14.60%;Съемники автомобильных фильтров;Так;*;Ні;
JDAH7415;"Знімач м / фільтра ""чашка"" 74мм/15гр (VW AUDI) TOPTUL JDAH74";ok;201.00;201.00;+0.00%;280.00;240.00;-14.29%;14.60%;Съемники автомобильных фильтров;Так;*;Ні;
JDAH7612;"Знімач м / фільтру ""чашка"" 76мм/12гр (PEUGEOT CITROEN RENAUL";ok;213.00;213.00;+0.00%;290.00;250.00;-13.79%;14.60%;Съемники автомобильных фильтров;Так;*;Ні;
JDAH7614;"Знімач м / фільтру ""чашка"" 74-76мм/14гр (МВ ВМW AUDI VW OPEL";ok;201.00;201.00;+0.00%;280.00;240.00;-14.29%;14.60%;Съемники автомобильных фильтров;Так;*;Ні;
JDAH8616;"Знімач масляного фільтра ""чашка"" 86мм/16гр (Volvo BMW) TOPTU";ok;201.00;201.00;+0.00%;360.00;240.00;-33.33%;14.60%;Съемники автомобильных фильтров;Так;*;Так;подешевшало на 33.3%
JDAH8618;"Знімач м / фільтру ""чашка"" 86мм/18гр (PEUGEOT CITROEN RENAUL";ok;201.00;201.00;+0.00%;280.00;240.00;-14.29%;14.60%;Съемники автомобильных фильтров;Так;*;Ні;
JDAH9618;"Знімач м / фільтра ""чашка"" 96мм/18гр TOPTUL JDAH9618";ok;201.00;201.00;+0.00%;280.00;240.00;-14.29%;14.60%;Съемники автомобильных фильтров;Так;*;Ні;
JDAI65A2;"Знімач м / фільтра універсальний ""краб"" TOPTUL JDAI65A2";ok;604.00;604.00;+0.00%;780.00;700.00;-10.26%;14.60%;Съемники автомобильных фильтров;Так;*;Ні;
JDAK0132;Зйомник сальників різного типу 1608 JTC TOPTUL JDAK0132;ok;487.00;487.00;+0.00%;630.00;560.00;-11.11%;14.60%;Механические съемники;Так;*;Ні;
JDAL0133;Кліщі для установлення стяжних пружин барабанних гальм L325м;ok;506.00;506.00;+0.00%;660.00;580.00;-12.12%;14.60%;Механические съемники;Так;*;Ні;
JDAL0452;Кліщі для встановлення стяжних пружин барабанних гальмL520мм;ok;2765.00;2765.00;+0.00%;3460.00;3170.00;-8.38%;14.60%;Механические съемники;Так;*;Ні;
JDAM0163;Зйомник хомутів гнучкий довжина-630 мм TOPTUL JDAM0163;ok;2309.00;2309.00;+0.00%;2900.00;2650.00;-8.62%;14.60%;Механические съемники;Так;*;Ні;
JDAM028E;Кліщі для зняття хомутів прямі TOPTUL JDAM028E;ok;674.00;674.00;+0.00%;870.00;780.00;-10.34%;14.60%;Механические съемники;Так;*;Ні;
JDAM039C;Кліщі для зняття хомутів вигнуті на 45 ° TOPTUL JDAM039C;ok;790.00;790.00;+0.00%;1010.00;910.00;-9.90%;14.60%;Механические съемники;Так;*;Ні;
JDAM0436;Знімач хомутів гвинтовий тристоронній L80mm TOPTUL JDAM0436;ok;813.00;813.00;+0.00%;1040.00;940.00;-9.62%;14.60%;Механические съемники;Так;*;Ні;
JDAM0460;Знімач хомутів гвинтовий тристоронній L105mm TOPTUL JDAM0460;ok;850.00;850.00;+0.00%;1080.00;980.00;-9.26%;14.60%;Механические съемники;Так;*;Ні;
JDAM0512;Кліщі для зняття хомутів TOPTUL JDAM0512;ok;1100.00;1100.00;+0.00%;1390.00;1270.00;-8.63%;14.60%;Механические съемники;Так;*;Ні;
JDAN0143;Розсухарювач струбцинного типу робочий хід35-200 мм TOPTUL J;ok;3228.00;3228.00;+0.00%;4040.00;3720.00;-7.92%;15.00%;default;Так;*;Ні;
JDAN0222;Розсухарювач клапанів універсальний TOPTUL JDAN0222;ok;6052.00;6052.00;+0.00%;7550.00;6960.00;-7.81%;15.00%;default;Так;*;Ні;
JDAN0330;Розсухарювач для клапанів верхнього розташування TOPTUL JDAN;ok;2150.00;2150.00;+0.00%;2700.00;2480.00;-8.15%;15.00%;default;Так;*;Ні;
JDAP0109;Знімач глухих стопорних шайб TOPTUL JDAP0109;ok;521.00;521.00;+0.00%;680.00;600.00;-11.76%;14.60%;Съемники стопорных колец;Так;*;Ні;
JDAP0209;Знімач глухих стопорних шайб TOPTUL JDAP0209;ok;510.00;510.00;+0.00%;660.00;590.00;-10.61%;14.60%;Съемники стопорных колец;Так;*;Ні;
JDAQ0122;Головка для зняття датчика кисню 22мм TOPTUL JDAQ0122;ok;293.00;293.00;+0.00%;390.00;340.00;-12.82%;15.14%;Торцевые головки;Так;*;Ні;
JDAQ1622;Головка для зняття датчика кисню 22мм TOPTUL JDAQ1622;ok;444.00;444.00;+0.00%;580.00;510.00;-12.07%;14.60%;Механические съемники;Так;*;Ні;
JDAQ1627;"Головка для дизельних форсунок 1/2"" 27мм TOPTUL JDAQ1627";ok;423.00;423.00;+0.00%;550.00;490.00;-10.91%;15.14%;Торцевые головки;Так;*;Ні;
JDAR0122;"Головка для зняття датчика кисню 1/2 ""22мм TOPTUL JDAR0122";ok;309.00;309.00;+0.00%;410.00;360.00;-12.20%;15.14%;Торцевые головки;Так;*;Ні;
JDAR1222;"Ключ для датчика кисню 3/8 ""22мм TOPTUL JDAR1222";ok;275.00;275.00;+0.00%;370.00;320.00;-13.51%;14.60%;Механические съемники;Так;*;Ні;
JDAT0109;"Зйомник сальників клапанів L250мм (10"") TOPTUL JDAT0109";ok;813.00;813.00;+0.00%;1040.00;930.00;-10.58%;13.65%;Щипцы;Так;*;Ні;
JDAT0110;"Знімач сальників клапанів подовжений L275мм (11"") TOPTUL JDA";ok;813.00;813.00;+0.00%;1040.00;940.00;-9.62%;14.60%;Механические съемники;Так;*;Ні;
JDAU6073;Знімач м / фільтра сталева стрічка 60-73мм TOPTUL JDAU6073;ok;355.00;355.00;+0.00%;470.00;410.00;-12.77%;14.60%;Съемники автомобильных фильтров;Так;*;Ні;
JDAU7385;Знімач м / фільтра сталева стрічка 73-85мм TOPTUL JDAU7385;ok;355.00;355.00;+0.00%;470.00;410.00;-12.77%;14.60%;Съемники автомобильных фильтров;Так;*;Ні;
JDAU8595;Знімач м / фільтра сталева стрічка 85-95мм TOPTUL JDAU8595;ok;360.00;360.00;+0.00%;480.00;420.00;-12.50%;14.60%;Съемники автомобильных фильтров;Ні;*;Так;відсутній у фіді
JDAU95B0;Знімач м / фільтра сталева стрічка 95-110мм TOPTUL JDAU95B0;ok;360.00;360.00;+0.00%;480.00;420.00;-12.50%;14.60%;Съемники автомобильных фильтров;Ні;*;Так;відсутній у фіді
JDAV1615;Знімач м / фільтра нейлонова стрічка d152мм TOPTUL JDAV1615;ok;323.00;323.00;+0.00%;430.00;380.00;-11.63%;14.60%;Съемники автомобильных фильтров;Так;*;Ні;
JDAV1630;"Знімач м/фільтра нейлонова стрічка d300мм 1/2 "" 3/8"" TOPTUL ";ok;701.00;701.00;+0.00%;900.00;810.00;-10.00%;14.60%;Съемники автомобильных фильтров;Так;*;Ні;
JDAW1601;Шкала доворотна з магнітним кріпленням TOPTUL JDAW1601;ok;1181.00;1181.00;+0.00%;1500.00;1360.00;-9.33%;14.60%;Механические съемники;Так;*;Ні;
JDAW1602;Шкала доворотна TOPTUL JDAW1602;ok;512.00;512.00;+0.00%;660.00;590.00;-10.61%;14.33%;Комплектующие и запчасти для инструмента;Так;*;Ні;
JDAX0102;Стетоскоп механічний JDAX0101 TOPTUL JDAX0102;ok;825.00;825.00;+0.00%;1050.00;950.00;-9.52%;15.00%;default;Так;*;Ні;
JDAZ65B0;Знімач м / фільтра сталева стрічка 65-110мм TOPTUL JDAZ65B0;ok;393.00;393.00;+0.00%;520.00;460.00;-11.54%;14.60%;Съемники автомобильных фильтров;Так;*;Ні;
JDBA60A5;Знімач м / фільтра ланцюговий з шарніром 60-105мм (JDBA60A5R;ok;1810.00;1810.00;+0.00%;2280.00;2080.00;-8.77%;14.60%;Съемники автомобильных фильтров;Так;*;Ні;
JDBA60G0R;Знімач м/фільтру ланцюговий з шарніром 60-160мм TOPTUL JDBA6;ok;1855.00;1855.00;+0.00%;7600.00;2130.00;-71.97%;14.60%;Съемники автомобильных фильтров;Так;*;Так;подешевшало на 72.0%
JDBB1617;Головка для маслозливної пробки VW AUDI (M16H) L38mm TOPTUL ;ok;202.00;202.00;+0.00%;280.00;240.00;-14.29%;15.14%;Торцевые головки;Так;*;Ні;
JDBC1616;Головка для маслозливної пробки VW AUDI (M16H) L60mm TOPTUL ;ok;238.00;238.00;+0.00%;320.00;280.00;-12.50%;15.14%;Торцевые головки;Так;*;Ні;
JDBD3317;Головка для зняття шківа генератора TOPTUL JDBD3317;ok;195.00;195.00;+0.00%;270.00;230.00;-14.81%;15.00%;default;Так;*;Ні;
JDBE0322;Хон для розточування циліндра 22-70мм TOPTUL JDBE0322;ok;445.00;445.00;+0.00%;580.00;520.00;-10.34%;15.00%;default;Так;*;Ні;
JDBE0718;Хон для розточування циліндра 51-178мм TOPTUL JDBE0718;ok;1165.00;1165.00;+0.00%;1480.00;1340.00;-9.46%;15.00%;default;Так;*;Ні;
JDBP1703;Ключ для регулювання ролика натяжителя ременя (VW AUDI) TOPT;ok;584.00;584.00;+0.00%;750.00;680.00;-9.33%;15.00%;default;Так;*;Ні;
JDBR2065;Пристосування для фіксації коленвала TOPTUL JDBR2065;ok;541.00;541.00;+0.00%;700.00;620.00;-11.43%;14.60%;Механические съемники;Так;*;Ні;
JDBU0210;"Пристосування типу ""монета"" для перевірки зазору між елетрод";ok;80.00;80.00;+0.00%;130.00;100.00;-23.08%;15.34%;Динамометрические ключи;Так;*;Так;подешевшало на 23.1%
JDBV3984;Пристосування для чищення клем АКБ TOPTUL JDBV3984;ok;172.00;172.00;+0.00%;240.00;200.00;-16.67%;15.17%;Наборы инструментов;Так;*;Ні;
JDBW1316;Ключ для паливного насоса накидний 13мм TOPTUL JDBW1316;ok;145.00;145.00;+0.00%;210.00;170.00;-19.05%;15.08%;Накидные ключи;Так;*;Ні;
JDBX0115;Ключ для фіксації шківа водяного насоса (VW AUDI) TOPTUL JDB;ok;608.00;608.00;+0.00%;780.00;700.00;-10.26%;15.00%;default;Так;*;Ні;
JDBX0241;Ключ для фіксації шківа водяного насоса (VW AUDI) TOPTUL JDB;ok;963.00;963.00;+0.00%;1220.00;1110.00;-9.02%;15.00%;default;Так;*;Ні;
JDBY0109;Кліщі для паливних конекторів TOPTUL JDBY0109;ok;921.00;921.00;+0.00%;1170.00;1060.00;-9.40%;15.00%;default;Так;*;Ні;
JDCA0108;"Знімач масляного фільтру універсальний 60-80 мм 1/2 ""або під";ok;1797.00;1797.00;+0.00%;2260.00;2060.00;-8.85%;14.60%;Съемники автомобильных фильтров;Так;*;Ні;
JDCA0112;"Знімач м / фільтра універсальний 80-115 мм 1/2 "" або під клю";ok;2761.00;2761.00;+0.00%;3460.00;3170.00;-8.38%;14.60%;Съемники автомобильных фильтров;Так;*;Ні;
JDCA0114;"Знімач м / фільтра універсальний 115-140 мм 1/2 ""або під клю";ok;4942.00;4942.00;+0.00%;6170.00;5670.00;-8.10%;14.60%;Съемники автомобильных фильтров;Так;*;Ні;
JDCB0117;Знімач кришки паливного насоса універсальний 3-х лапий 89-17;ok;2427.00;2427.00;+0.00%;3040.00;2790.00;-8.22%;14.60%;Механические съемники;Так;*;Ні;
JDCD3310;Ключ для демонтажу генератора (VW-Audi BMW Ford Mercedes) TO;ok;326.00;326.00;+0.00%;430.00;380.00;-11.63%;14.60%;Механические съемники;Так;*;Ні;
JDCD3350;Ключ для демонтажу генератора (Mercedes A class) TOPTUL JDCD;ok;326.00;326.00;+0.00%;430.00;380.00;-11.63%;15.00%;default;Так;*;Ні;
JDCE0108;Піддон для зливу масла 8л TOPTUL JDCE0108;ok;412.00;412.00;+0.00%;540.00;470.00;-12.96%;13.94%;Оборудование для замены масел и смазок;Так;*;Ні;
JDCE0112;Піддон для зливу масла 12л TOPTUL JDCE0112;ok;482.00;482.00;+0.00%;630.00;550.00;-12.70%;13.94%;Оборудование для замены масел и смазок;Так;*;Ні;
JDCE0118;Піддон для зливу масла 18л TOPTUL JDCE0118;ok;549.00;549.00;+0.00%;710.00;630.00;-11.27%;13.94%;Оборудование для замены масел и смазок;Так;*;Ні;
JDCE0203;Піддон для зливу масла з осі колеса 3л TOPTUL JDCE0203;ok;554.00;554.00;+0.00%;720.00;640.00;-11.11%;13.94%;Оборудование для замены масел и смазок;Так;*;Ні;
JDCR0109;Ключ для пластикових зливних пробок VAG TOPTUL JDCR0109;ok;300.00;300.00;+0.00%;400.00;350.00;-12.50%;13.94%;Оборудование для замены масел и смазок;Так;*;Ні;
JDCR0203;Ключ для пластикових зливних пробок VAG TOPTUL JDCR0203;ok;266.00;266.00;+0.00%;360.00;310.00;-13.89%;13.94%;Оборудование для замены масел и смазок;Так;*;Ні;
JDCV0205;Пристосування для прочистки поршневих канавок TOPTUL JDCV020;ok;1098.00;1098.00;+0.00%;1390.00;1270.00;-8.63%;15.00%;default;Так;*;Ні;
JDDA1612;Знімач м/фільтра ланцюговий d120мм TOPTUL JDDA1612;ok;284.00;284.00;+0.00%;380.00;330.00;-13.16%;14.60%;Съемники автомобильных фильтров;Так;*;Ні;
JDDD1216;Знімач ребристих шківів TOPTUL JDDD1216;ok;2603.00;2603.00;+0.00%;3260.00;2990.00;-8.28%;14.60%;Механические съемники;Так;*;Ні;
JDDE0110;Лійка для оливи універсальна TOPTUL JDDE0110;ok;1602.00;1602.00;+0.00%;2020.00;1850.00;-8.42%;15.00%;default;Так;*;Ні;
JDDH6500;"Знімач м/фільтра ""чашка"" 64,5/14мм (4-х цил TOYOTA) TOPTUL J";ok;512.00;512.00;+0.00%;660.00;590.00;-10.61%;14.60%;Съемники автомобильных фильтров;Так;*;Ні;
JDDH6501;"Знімач м/фільтра ""чашка"" 64,5/14мм (4- 6- and 8-Cylinder TOY";ok;537.00;537.00;+0.00%;700.00;620.00;-11.43%;14.60%;Съемники автомобильных фильтров;Так;*;Ні;
JDDP1765;Ключ для зняття та встановлення шестерні розподільного валу ;ok;1064.00;1064.00;+0.00%;1350.00;1230.00;-8.89%;15.00%;default;Так;*;Ні;
JEAA1010;Кліщі балансувальні TOPTUL JEAA1010;ok;941.00;941.00;+0.00%;1200.00;1080.00;-10.00%;13.94%;Инструменты для ремонта и восстановления шин;Так;*;Ні;
JEAB0116;Знімач р / тяг і кульових опор 19мм універсальний TOPTUL JEA;ok;1869.00;1869.00;+0.00%;2350.00;2150.00;-8.51%;14.60%;Механические съемники;Так;*;Ні;
JEAB0216;Знімач р / тяг і кульових опор 22мм універсальний (шт) TOPTU;ok;1940.00;1940.00;+0.00%;2440.00;2230.00;-8.61%;14.60%;Механические съемники;Так;*;Ні;
JEAB0330;"Знімач р / тяг і кульових опор ""вилка"" (ширина 24мм L300мм) ";ok;854.00;854.00;+0.00%;1090.00;980.00;-10.09%;14.60%;Механические съемники;Так;*;Ні;
JEAB0440;"Знімач р / тяг і кульових опор ""вилка"" (ширина 18мм L400мм) ";ok;846.00;846.00;+0.00%;1080.00;970.00;-10.19%;14.60%;Механические съемники;Так;*;Ні;
JEAB0505;Знімач р / тяг і кульових опор універсальний (ширина 22мм ви;ok;1078.00;1078.00;+0.00%;1370.00;1240.00;-9.49%;14.60%;Механические съемники;Так;*;Ні;
JEAB0618;Знімач р / тяг і шарових опор 18х36х38мм TOPTUL JEAB0618;ok;1429.00;1429.00;+0.00%;1800.00;1640.00;-8.89%;14.60%;Механические съемники;Так;*;Ні;
JEAB0623;Знімач р / тяг і шарових опор 23х45х47мм TOPTUL JEAB0623;ok;1654.00;1654.00;+0.00%;2080.00;1900.00;-8.65%;14.60%;Механические съемники;Так;*;Ні;
JEAB0629;Знімач р/тяг і кульових опір 29х62х65мм TOPTUL JEAB0629;ok;2734.00;2734.00;+0.00%;3420.00;3140.00;-8.19%;14.60%;Механические съемники;Так;*;Ні;
JEAB0640;Знімач р / тяг і шарових опор 40х63х76мм TOPTUL JEAB0640;ok;3359.00;3359.00;+0.00%;4200.00;3850.00;-8.33%;14.60%;Механические съемники;Так;*;Ні;
JEAB0646;Знімач р / тяг і шарових опор 46х76х100мм TOPTUL JEAB0646;ok;3779.00;3779.00;+0.00%;4720.00;4340.00;-8.05%;14.60%;Механические съемники;Так;*;Ні;
JEAB0723;Знімач р / тяг і шарових опор 23мм TOPTUL JEAB0723;ok;1782.00;1782.00;+0.00%;2240.00;2050.00;-8.48%;14.60%;Механические съемники;Так;*;Ні;
JEAB0728;Знімач р / тяг і шарових опор 28мм TOPTUL JEAB0728;ok;1839.00;1839.00;+0.00%;2310.00;2110.00;-8.66%;14.60%;Механические съемники;Так;*;Ні;
JEAB0833;Знімач сошки TOPTUL JEAB0833;ok;591.00;591.00;+0.00%;760.00;680.00;-10.53%;14.60%;Механические съемники;Так;*;Ні;
JEAC0127;Стяжки пружин двухзахватние L270мм 2ед TOPTUL JEAC0127;ok;2682.00;2682.00;+0.00%;3360.00;3080.00;-8.33%;14.60%;Механические съемники;Так;*;Ні;
JEAC0137;Стяжки пружин двухзахватні L370мм 2ед TOPTUL JEAC0137;ok;2724.00;2724.00;+0.00%;3410.00;3130.00;-8.21%;14.60%;Механические съемники;Так;*;Ні;
JEAD0305;Знімач сепараторний 30-50мм TOPTUL JEAD0305;ok;1063.00;1063.00;+0.00%;1350.00;1220.00;-9.63%;14.60%;Съемники подшипников;Так;*;Ні;
JEAD0508;Знімач сепараторний 50-75мм TOPTUL JEAD0508;ok;1419.00;1419.00;+0.00%;1790.00;1630.00;-8.94%;14.60%;Съемники подшипников;Так;*;Ні;
JEAD0811;Знімач сепараторний 75-105мм TOPTUL JEAD0811;ok;2109.00;2109.00;+0.00%;2650.00;2420.00;-8.68%;14.60%;Съемники подшипников;Так;*;Ні;
JEAD1115;Знімач сепараторний 100-150мм TOPTUL JEAD1115;ok;4821.00;4821.00;+0.00%;6020.00;5530.00;-8.14%;14.60%;Съемники подшипников;Так;*;Ні;
JEAE0107;Кліщі для хомутів TOPTUL JEAE0107;ok;944.00;944.00;+0.00%;1200.00;1090.00;-9.17%;14.60%;Механические съемники;Так;*;Ні;
JEAE0209;Кліщі для хомутів Шруса TOPTUL JEAE0209;ok;745.00;745.00;+0.00%;950.00;860.00;-9.47%;14.60%;Механические съемники;Так;*;Ні;
JEAE0310;Кліщі для хомутів ШРУСа TOPTUL JEAE0310;ok;966.00;966.00;+0.00%;1230.00;1110.00;-9.76%;14.60%;Механические съемники;Так;*;Ні;
JEAE0423;Пристосування для установки стрічкових хомутів ШРУСа TOPTUL ;ok;928.00;928.00;+0.00%;1180.00;1070.00;-9.32%;14.60%;Механические съемники;Так;*;Ні;
JEAE0509;Кліщі для хомутів TOPTUL JEAE0509;ok;1099.00;1099.00;+0.00%;1390.00;1260.00;-9.35%;14.60%;Механические съемники;Так;*;Ні;
JEAE0628;Кліщі для хомутів ШРУСа посилені TOPTUL JEAE0628;ok;2679.00;2679.00;+0.00%;3360.00;3080.00;-8.33%;14.60%;Механические съемники;Так;*;Ні;
JEAF0107;Розтиск гальмівних циліндрів TOPTUL JEAF0107;ok;2062.00;2062.00;+0.00%;2590.00;2370.00;-8.49%;14.60%;Механические съемники;Так;*;Ні;
JEAG0198;Знімач ШРУСів TOPTUL JEAG0198;ok;4436.00;4436.00;+0.00%;5540.00;5090.00;-8.12%;14.60%;Механические съемники;Так;*;Ні;
JEAH0142;Ключ для шарніра рульової рейки 33-42мм TOPTUL JEAH0142;ok;2171.00;2171.00;+0.00%;2730.00;2500.00;-8.42%;15.00%;default;Так;*;Ні;
JEAH0245;Знімач шарніра рульової рейки TOPTUL JEAH0245;ok;3221.00;3221.00;+0.00%;4030.00;3700.00;-8.19%;14.60%;Механические съемники;Так;*;Ні;
JEAI0167;Знімач півосі інерційний універсальний TOPTUL JEAI0167;ok;2710.00;2710.00;+0.00%;3400.00;3110.00;-8.53%;14.60%;Механические съемники;Так;*;Ні;
JEAJ0122;Головка для розбирання стійок 22мм VW AUDI TOPTUL JEAJ0122;ok;321.00;321.00;+0.00%;430.00;370.00;-13.95%;15.14%;Торцевые головки;Так;*;Ні;
JEAJ0201;Головка для розборки стійок 10.5x3.5 TOPTUL JEAJ0201;ok;308.00;308.00;+0.00%;410.00;360.00;-12.20%;15.14%;Торцевые головки;Так;*;Ні;
JEAJ0202;Головка для розборки стоек 12.5x3.5 TOPTUL JEAJ0202;ok;296.00;296.00;+0.00%;400.00;350.00;-12.50%;15.14%;Торцевые головки;Так;*;Ні;
JEAJ0203;Головка для розборки стоек 14.5x5.0 TOPTUL JEAJ0203;ok;310.00;310.00;+0.00%;410.00;360.00;-12.20%;15.14%;Торцевые головки;Так;*;Ні;
JEAJ0204;Головка для розборки стоек 14.5x3.0 TOPTUL JEAJ0204;ok;310.00;310.00;+0.00%;410.00;360.00;-12.20%;15.14%;Торцевые головки;Так;*;Ні;
JEAJ0205;Головка для розборки стоек 14.0x2.5 TOPTUL JEAJ0205;ok;310.00;310.00;+0.00%;410.00;360.00;-12.20%;15.14%;Торцевые головки;Так;*;Ні;
JEAL160A;Пістолет для підкачки коліс професійний TOPTUL JEAL160A;ok;2927.00;2927.00;+0.00%;3660.00;3380.00;-7.65%;15.24%;Пневматические пистолеты подкачки шин;Так;*;Ні;
JEAL220A;Пістолет для підкачки коліс професійний TOPTUL JEAL220A;ok;2820.00;2820.00;+0.00%;3530.00;3250.00;-7.93%;15.24%;Пневматические пистолеты подкачки шин;Так;*;Ні;
JEAL220B;Пістолет для підкачки коліс для вантажних і легкових авто пр;ok;3186.00;3186.00;+0.00%;3990.00;3680.00;-7.77%;15.24%;Пневматические пистолеты подкачки шин;Так;*;Ні;
JEAM0821;Насадка для підкачки коліс 205мм TOPTUL JEAM0821;ok;367.00;367.00;+0.00%;480.00;430.00;-10.42%;15.24%;Пневматические пистолеты подкачки шин;Так;*;Ні;
JEAM1437;Насадка для підкачки коліс 350мм TOPTUL JEAM1437;ok;513.00;513.00;+0.00%;670.00;600.00;-10.45%;15.24%;Пневматические пистолеты подкачки шин;Так;*;Ні;
JEAN0131;Пристосування для центрування диска зчеплення TOPTUL JEAN013;ok;474.00;474.00;+0.00%;620.00;550.00;-11.29%;15.00%;default;Так;*;Ні;
JEAP060A;Манометр шинний TOPTUL JEAP060A;ok;438.00;438.00;+0.00%;570.00;510.00;-10.53%;15.24%;Автомобильные насосы, компрессоры и манометры;Так;*;Ні;
JEAR2906;Кліщі для зняття втулок кріплення вихлопної труби TOPTUL JEA;ok;643.00;643.00;+0.00%;830.00;740.00;-10.84%;14.60%;Механические съемники;Так;*;Ні;
JEAW0106;Насадка для розбирання стійок L92мм з внутрішнім шліцьовим о;ok;309.00;309.00;+0.00%;410.00;360.00;-12.20%;15.01%;Отверточные биты;Так;*;Ні;
JEAW0107;Насадка для розбирання стійок L92мм з внутрішнім шліцьовим о;ok;309.00;309.00;+0.00%;410.00;360.00;-12.20%;15.01%;Отверточные биты;Так;*;Ні;
JEAW0108;Насадка для розбирання стійок L92мм з внутрішнім шліцьовим о;ok;309.00;309.00;+0.00%;410.00;360.00;-12.20%;15.01%;Отверточные биты;Так;*;Ні;
JEAW015B;Насадка для розбирання стійок L92мм з внутрішнім шліцьовим о;ok;309.00;309.00;+0.00%;410.00;360.00;-12.20%;15.01%;Отверточные биты;Так;*;Ні;
JEAW0211;Насадка для розбирання стійок L92мм з внутрішнім шестигранни;ok;309.00;309.00;+0.00%;410.00;360.00;-12.20%;15.01%;Отверточные биты;Так;*;Ні;
JEAW0306;Насадка для розбирання стійок L100мм HEX 6мм TOPTUL JEAW0306;ok;358.00;358.00;+0.00%;470.00;420.00;-10.64%;15.01%;Отверточные биты;Так;*;Ні;
JEAW0307;Насадка для розбирання стійок L100мм HEX 7мм TOPTUL JEAW0307;ok;342.00;342.00;+0.00%;450.00;400.00;-11.11%;15.01%;Отверточные биты;Так;*;Ні;
JEAW0412;Насадка для розбирання стійок L100мм SPLINE M12 TOPTUL JEAW0;ok;370.00;370.00;+0.00%;490.00;430.00;-12.24%;15.01%;Отверточные биты;Так;*;Ні;
JEAW0550;Насадка для розбирання стійок L100мм TORX T50 TOPTUL JEAW055;ok;384.00;384.00;+0.00%;510.00;450.00;-11.76%;15.01%;Отверточные биты;Так;*;Ні;
JEAX0101;Знімач шрусов універсальний TOPTUL JEAX0101;ok;2934.00;2934.00;+0.00%;3670.00;3370.00;-8.17%;14.60%;Механические съемники;Так;*;Ні;
JEBB0105;Викрутка для золотника з обмежувачем моменту 0,45Nm TOPTUL J;ok;591.00;591.00;+0.00%;760.00;690.00;-9.21%;15.29%;Отвертки;Так;*;Ні;
JEBC1050;Пристосування для установки підшипників і сальників 9,5-50мм;ok;3585.00;3585.00;+0.00%;4480.00;4110.00;-8.26%;14.60%;Съемники подшипников;Так;*;Ні;
JEBC1890;Пристосування для установки підшипників і сальників 18-90мм ;ok;4646.00;4646.00;+0.00%;5800.00;5330.00;-8.10%;14.60%;Съемники подшипников;Так;*;Ні;
JEBD0133;Пристрій для установки вентиля (соска) колеса TOPTUL JEBD013;ok;828.00;828.00;+0.00%;1060.00;960.00;-9.43%;14.74%;Комплектующие для шиномонтажа;Так;*;Ні;
JEBD0234;Пристосування для установки вентиля (соска) колеса TOPTUL JE;ok;673.00;673.00;+0.00%;860.00;780.00;-9.30%;14.74%;Комплектующие для шиномонтажа;Так;*;Ні;
JEBE0111;Прилад для заміни пильнику ШРУСа пневматичне TOPTUL JEBE0111;ok;7749.00;7749.00;+0.00%;9660.00;8920.00;-7.66%;15.00%;default;Так;*;Ні;
JEBF0226E;Пристосування для розведення гальмівних циліндрів пневматичн;ok;2680.00;2680.00;+0.00%;3360.00;3080.00;-8.33%;14.60%;Механические съемники;Так;*;Ні;
JEBJ0117;Головка для розбирання стійок 17мм L82мм TOPTUL JEBJ0117;ok;446.00;446.00;+0.00%;580.00;520.00;-10.34%;15.14%;Торцевые головки;Так;*;Ні;
JEBJ0118;Головка для розбирання стійок 18мм L82мм TOPTUL JEBJ0118;ok;482.00;482.00;+0.00%;630.00;560.00;-11.11%;15.14%;Торцевые головки;Так;*;Ні;
JEBJ0119;Головка для розбирання стійок 19мм L82мм TOPTUL JEBJ0119;ok;509.00;509.00;+0.00%;660.00;590.00;-10.61%;15.14%;Торцевые головки;Так;*;Ні;
JEBJ0121;Головка для розбирання стійок 21мм L82мм TOPTUL JEBJ0121;ok;509.00;509.00;+0.00%;660.00;590.00;-10.61%;15.14%;Торцевые головки;Так;*;Ні;
JEBJ0122;Головка для розбирання стійок 22мм L82мм TOPTUL JEBJ0122;ok;537.00;537.00;+0.00%;700.00;620.00;-11.43%;15.14%;Торцевые головки;Так;*;Ні;
JEBJ0124;Головка для розбирання стійок 24мм L82мм TOPTUL JEBJ0124;ok;604.00;604.00;+0.00%;780.00;700.00;-10.26%;15.14%;Торцевые головки;Так;*;Ні;
JEBM0125;Вимірювач глибини протектора шин електронний 0-25,4мм TOPTUL;ok;726.00;726.00;+0.00%;930.00;830.00;-10.75%;13.94%;Инструменты для ремонта и восстановления шин;Так;*;Ні;
JEBQ0505;Головка для зняття кульових опор (Citroën Peugeot) TOPTUL JE;ok;457.00;457.00;+0.00%;600.00;530.00;-11.67%;15.14%;Торцевые головки;Так;*;Ні;
JEBR0903;Кліщі для пружини ручного гальма TOPTUL JEBR0903;ok;827.00;827.00;+0.00%;1060.00;950.00;-10.38%;14.60%;Механические съемники;Так;*;Ні;
JEBY0235;Пристосування для розведення гальмівних циліндрів 20-35мм 2 ;ok;750.00;750.00;+0.00%;960.00;860.00;-10.42%;14.60%;Механические съемники;Так;*;Ні;
JEBY0335;Пристосування для розведення гальмівних циліндрів 20-35мм 3 ;ok;803.00;803.00;+0.00%;1030.00;930.00;-9.71%;14.60%;Механические съемники;Так;*;Ні;
JECD0112;Знімач трьохзахватний 40-130мм з фіксацією TOPTUL JECD0112;ok;6875.00;6875.00;+0.00%;8570.00;7880.00;-8.05%;14.60%;Съемники подшипников;Так;*;Ні;
JECF0180;Бачок для заміни гальмівної рідини 800мл TOPTUL JECF0180;ok;1670.00;1670.00;+0.00%;2100.00;1910.00;-9.05%;13.94%;Оборудование для замены масел и смазок;Так;*;Ні;
JEDF01B0E;Пристрій для відкачування гальмівної рідини пневматичний TOP;ok;6330.00;6330.00;+0.00%;7890.00;7220.00;-8.49%;13.94%;Оборудование для замены масел и смазок;Так;*;Ні;
JEEF0160;Штангенциркуль для гальмівних дисків та глибини протектора ш;ok;741.00;741.00;+0.00%;950.00;850.00;-10.53%;14.65%;Штангенинструмент;Так;*;Ні;
JEFF01A0;Пристосування для заміни гальмівної рідини 1000мл TOPTUL JEF;ok;2116.00;2116.00;+0.00%;2660.00;2420.00;-9.02%;13.94%;Оборудование для замены масел и смазок;Так;*;Ні;
JEL-0810;Ключ для зливних пробок 8х10мм (квадрат) 230мм TOPTUL JEL-08;ok;213.00;213.00;+0.00%;290.00;250.00;-13.79%;13.94%;Оборудование для замены масел и смазок;Так;*;Ні;
JFAA0133;Молоток рихтувальний TOPTUL JFAA0133;ok;1028.00;1028.00;+0.00%;1310.00;1170.00;-10.69%;13.55%;Молотки, кувалды, киянки;Так;*;Ні;
JFAA0233;Молоток рихтувальний TOPTUL JFAA0233;ok;1028.00;1028.00;+0.00%;1310.00;1170.00;-10.69%;13.55%;Молотки, кувалды, киянки;Так;*;Ні;
JFAA0333;Молоток рихтувальний TOPTUL JFAA0333;ok;918.00;918.00;+0.00%;1170.00;1050.00;-10.26%;13.55%;Молотки, кувалды, киянки;Так;*;Ні;
JFAA0433;Молоток рихтувальний TOPTUL JFAA0433;ok;918.00;918.00;+0.00%;1170.00;1050.00;-10.26%;13.55%;Молотки, кувалды, киянки;Так;*;Ні;
JFAA0533;Молоток рихтувальний TOPTUL JFAA0533;ok;897.00;897.00;+0.00%;1140.00;1020.00;-10.53%;13.55%;Молотки, кувалды, киянки;Так;*;Ні;
JFAB0133;Молоток рихтувальний TOPTUL JFAB0133;ok;1070.00;1070.00;+0.00%;1360.00;1220.00;-10.29%;13.55%;Молотки, кувалды, киянки;Так;*;Ні;
JFAB0233;Молоток рихтувальний TOPTUL JFAB0233;ok;1070.00;1070.00;+0.00%;1360.00;1220.00;-10.29%;13.55%;Молотки, кувалды, киянки;Ні;*;Так;відсутній у фіді
JFAC0133;Молоток рихтувальний TOPTUL JFAC0133;ok;871.00;871.00;+0.00%;1110.00;990.00;-10.81%;13.55%;Молотки, кувалды, киянки;Так;*;Ні;
JFAC0233;Молоток рихтувальний TOPTUL JFAC0233;ok;871.00;871.00;+0.00%;1110.00;990.00;-10.81%;13.55%;Молотки, кувалды, киянки;Так;*;Ні;
JFAC0333;Молоток рихтувальний TOPTUL JFAC0333;ok;860.00;860.00;+0.00%;1100.00;980.00;-10.91%;13.55%;Молотки, кувалды, киянки;Так;*;Ні;
JFBA0108;Рихтувальне пристосування TOPTUL JFBA0108;ok;1309.00;1309.00;+0.00%;1650.00;1510.00;-8.48%;15.00%;default;Так;*;Ні;
JFBB0110;Рихтувальне пристосування TOPTUL JFBB0110;ok;1300.00;1300.00;+0.00%;1640.00;1500.00;-8.54%;15.00%;default;Так;*;Ні;
JFBC0113;Рихтувальне пристосування TOPTUL JFBC0113;ok;939.00;939.00;+0.00%;1190.00;1080.00;-9.24%;15.00%;default;Так;*;Ні;
JFBD0106;Рихтувальне пристосування TOPTUL JFBD0106;ok;1012.00;1012.00;+0.00%;1290.00;1170.00;-9.30%;15.00%;default;Так;*;Ні;
JFBD0208;Рихтувальне пристосування TOPTUL JFBD0208;ok;918.00;918.00;+0.00%;1170.00;1060.00;-9.40%;15.00%;default;Так;*;Ні;
JFBE0113;Рихтувальне пристосування TOPTUL JFBE0113;ok;1375.00;1375.00;+0.00%;1740.00;1590.00;-8.62%;15.00%;default;Так;*;Ні;
JFBE0215;Рихтувальне пристосування TOPTUL JFBE0215;ok;1265.00;1265.00;+0.00%;1600.00;1460.00;-8.75%;15.00%;default;Так;*;Ні;
JFBE0315;Рихтувальне пристосування TOPTUL JFBE0315;ok;1092.00;1092.00;+0.00%;1380.00;1260.00;-8.70%;15.00%;default;Так;*;Ні;
JFBF0111;Рихтувальне пристосування TOPTUL JFBF0111;ok;708.00;708.00;+0.00%;910.00;820.00;-9.89%;15.00%;default;Так;*;Ні;
JFBG0112;Рихтувальне пристосування TOPTUL JFBG0112;ok;981.00;981.00;+0.00%;1250.00;1130.00;-9.60%;15.00%;default;Так;*;Ні;
JFBG0212;Рихтувальне пристосування TOPTUL JFBG0212;ok;818.00;818.00;+0.00%;1040.00;950.00;-8.65%;15.00%;default;Так;*;Ні;
JFBG0312;Рихтувальне пристосування TOPTUL JFBG0312;ok;1028.00;1028.00;+0.00%;1310.00;1190.00;-9.16%;15.00%;default;Так;*;Ні;
JFBG0412;Рихтувальне пристосування TOPTUL JFBG0412;ok;981.00;981.00;+0.00%;1250.00;1130.00;-9.60%;15.00%;default;Так;*;Ні;
JFBH0107;Рихтувальне пристосування TOPTUL JFBH0107;ok;939.00;939.00;+0.00%;1190.00;1080.00;-9.24%;15.00%;default;Так;*;Ні;
JFBI0113;Рихтувальне пристосування TOPTUL JFBI0113;ok;929.00;929.00;+0.00%;1180.00;1070.00;-9.32%;15.00%;default;Так;*;Ні;
JFBJ0108;Рихтувальне пристосування TOPTUL JFBJ0108;ok;797.00;797.00;+0.00%;1020.00;920.00;-9.80%;15.00%;default;Так;*;Ні;
JFCA0127;Рихтувальне пристосування TOPTUL JFCA0127;ok;493.00;493.00;+0.00%;640.00;570.00;-10.94%;15.00%;default;Так;*;Ні;
JFCB0125;Рихтувальне пристосування TOPTUL JFCB0125;ok;1070.00;1070.00;+0.00%;1360.00;1240.00;-8.82%;15.00%;default;Так;*;Ні;
JFCB0229;Рихтувальне пристосування TOPTUL JFCB0229;ok;1243.00;1243.00;+0.00%;1570.00;1430.00;-8.92%;15.00%;default;Так;*;Ні;
JFCC0140;Рихтувальне пристосування TOPTUL JFCC0140;ok;1658.00;1658.00;+0.00%;2090.00;1910.00;-8.61%;15.00%;default;Ні;*;Так;відсутній у фіді
JFCC0251;Рихтувальне пристосування TOPTUL JFCC0251;ok;2103.00;2103.00;+0.00%;2640.00;2420.00;-8.33%;15.00%;default;Так;*;Ні;
JFCD0124;Рихтувальне пристосування TOPTUL JFCD0124;ok;1002.00;1002.00;+0.00%;1270.00;1160.00;-8.66%;15.00%;default;Так;*;Ні;
JFDA0105;Захват для кузовних робіт однофункційний 5 тонн C203 JTC TOP;ok;3158.00;3158.00;+0.00%;3950.00;3640.00;-7.85%;15.00%;default;Так;*;Ні;
JFDB0103;Захват для кузовних робіт однофункційний 5 тонн C102N JTC TO;ok;2278.00;2278.00;+0.00%;2860.00;2620.00;-8.39%;15.00%;default;Так;*;Ні;
JFDB0203;"Захват для кузовних робіт двофункційний 2; 3 тони TOPTUL JFD";ok;2808.00;2808.00;+0.00%;3520.00;3230.00;-8.24%;15.00%;default;Так;*;Ні;
JFDB0303;Захват для кузовных работ однофункциональный 3 тонны C102 JT;ok;2380.00;2380.00;+0.00%;2990.00;2740.00;-8.36%;15.00%;default;Так;*;Ні;
JFDC0105;Захват для кузовних робіт однофункційний 5 тонн C101 JTC TOP;ok;2348.00;2348.00;+0.00%;2950.00;2710.00;-8.14%;15.00%;default;Так;*;Ні;
JFDC0205;"Захват для кузовних робіт двофункційний 2; 5 тонн C101N JTC ";ok;2558.00;2558.00;+0.00%;3210.00;2950.00;-8.10%;15.00%;default;Так;*;Ні;
JFDD0105;Захоплення для кузовних робіт однофункційний 5 тонн TOPTUL J;ok;3043.00;3043.00;+0.00%;3810.00;3500.00;-8.14%;15.00%;default;Так;*;Ні;
JFDE0105;Захват для кузовних робіт однофункційний 5 тонн C601 JTC TOP;ok;5080.00;5080.00;+0.00%;6340.00;5850.00;-7.73%;15.00%;default;Ні;*;Так;відсутній у фіді
JFDE0205;"Захват для кузовних робіт двофункційний 3; 5 тонн C601N JTC ";ok;5291.00;5291.00;+0.00%;6600.00;6090.00;-7.73%;15.00%;default;Так;*;Ні;
JFDF0203;"Захват для кузовних робіт двухфункціональний 2;3 тонн TOPTUL";ok;2234.00;2234.00;+0.00%;2800.00;2570.00;-8.21%;15.00%;default;Так;*;Ні;
JFEA0106;З'єднувач ланцюгів TOPTUL JFEA0106;ok;1826.00;1826.00;+0.00%;2300.00;2090.00;-9.13%;14.33%;Комплектующие и запчасти для инструмента;Так;*;Ні;
JFFA0116;Знімач повідків склоочисників TOPTUL JFFA0116;ok;425.00;425.00;+0.00%;560.00;490.00;-12.50%;14.60%;Механические съемники;Так;*;Ні;
JFFB0142;Знімач важеля склоочисника TOPTUL JFFB0142;ok;1044.00;1044.00;+0.00%;1330.00;1200.00;-9.77%;14.60%;Механические съемники;Так;*;Ні;
JGAA0401;Набір пінцетів 4шт TOPTUL JGAA0401;ok;370.00;370.00;+0.00%;490.00;430.00;-12.24%;13.65%;Монтажные пинцеты;Так;*;Ні;
JGAA2001;Набір знімачів для автомагнітол 20од TOPTUL JGAA2001;ok;1104.00;1104.00;+0.00%;1400.00;1270.00;-9.29%;14.60%;Механические съемники;Так;*;Ні;
JGAD0801;Знімач сепараторний 8 од TOPTUL JGAD0801;ok;5414.00;5414.00;+0.00%;6750.00;6210.00;-8.00%;14.60%;Съемники подшипников;Так;*;Ні;
JGAD1201;Знімач сепараторний 12 од TOPTUL JGAD1201;ok;4706.00;4706.00;+0.00%;5870.00;5400.00;-8.01%;14.60%;Съемники подшипников;Так;*;Ні;
JGAD130A;Набір для відновлення різьби 130ед (M5 M6 M8 M10 M12) TOPTUL;ok;8108.00;8108.00;+0.00%;10100.00;9340.00;-7.52%;15.17%;Наборы инструментов;Так;*;Ні;
JGAE0201;"Шприц-маслянка з гнучким шлагом 12 ""(JJAA1440) TOPTUL JGAE02";ok;1357.00;1357.00;+0.00%;1710.00;1550.00;-9.36%;13.94%;Шприцы маслянные и смазочные;Так;*;Ні;
JGAE0202;"Шприц-маслянка з гнучким шлагом 12 "" TOPTUL JGAE0202";ok;1716.00;1716.00;+0.00%;2160.00;1960.00;-9.26%;13.94%;Шприцы маслянные и смазочные;Так;*;Ні;
JGAE0203;"Шприц-маслянка пістолетного типу з гнучким шлагом 12 "" TOPTU";ok;1343.00;1343.00;+0.00%;1700.00;1540.00;-9.41%;13.94%;Шприцы маслянные и смазочные;Ні;*;Так;відсутній у фіді
JGAE0204;"Шприц-маслянка пневматичний з гнучким шлангом 12 ""TOPTUL JGA";ok;2410.00;2410.00;+0.00%;3020.00;2750.00;-8.94%;13.94%;Оборудование для замены масел и смазок;Так;*;Ні;
JGAE0205;Рубанок рихтувальний для кузовного ремонту TOPTUL JGAE0205;ok;2573.00;2573.00;+0.00%;3220.00;2960.00;-8.07%;15.00%;default;Так;*;Ні;
JGAE0207;"Шприц-масляна пістолетного типу з гнучким шлангом 12"" TOPTUL";ok;2348.00;2348.00;+0.00%;2950.00;2680.00;-9.15%;13.94%;Шприцы маслянные и смазочные;Так;*;Ні;
JGAE0601;Коло шліфувальне для чищення колісних ступиць (комплект 6шт);ok;946.00;946.00;+0.00%;1200.00;1090.00;-9.17%;15.00%;default;Так;*;Ні;
JGAI0101;Знімач дизельних форсунок TOPTUL JGAI0101;ok;1884.00;1884.00;+0.00%;2370.00;2160.00;-8.86%;14.60%;Механические съемники;Так;*;Ні;
JGAI0102;Термостеплер для відновлення і ремонту пластикових деталей T;ok;7672.00;7672.00;+0.00%;9560.00;8830.00;-7.64%;15.00%;default;Так;*;Ні;
JGAI0301;Набір для відкручування свічок накалу TOPTUL JGAI0301;ok;962.00;962.00;+0.00%;1220.00;1110.00;-9.02%;15.14%;Торцевые головки;Так;*;Ні;
JGAI0302;Прилад для перевірки герметичності системи охолодження TOPTU;ok;4293.00;4293.00;+0.00%;5360.00;4950.00;-7.65%;15.17%;Наборы инструментов;Так;*;Ні;
JGAI0401;Набір монтувань кутових 4ед TOPTUL JGAI0401;ok;6986.00;6986.00;+0.00%;8710.00;7960.00;-8.61%;13.94%;Инструменты для ремонта и восстановления шин;Так;*;Ні;
JGAI0402;Компресометр бензиновий зі змінними наконечниками TOPTUL JGA;ok;2024.00;2024.00;+0.00%;2540.00;2340.00;-7.87%;15.12%;Компрессометры и масломеры автомобильные;Так;*;Ні;
JGAI0501;Набір фіксаторів распредвалів BMW diesel engines TOPTUL JGAI;ok;2272.00;2272.00;+0.00%;2850.00;2620.00;-8.07%;15.17%;Наборы инструментов;Так;*;Ні;
JGAI0502;Знімач трьохзахватний із зворотним молотком 5од TOPTUL JGAI0;ok;6397.00;6397.00;+0.00%;7980.00;7340.00;-8.02%;14.60%;Съемники подшипников;Так;*;Ні;
JGAI0601;Комплект для обслуговування гальмівних циліндрів 6од TOPTUL ;ok;3203.00;3203.00;+0.00%;4010.00;3690.00;-7.98%;15.00%;default;Так;*;Ні;
JGAI0602;"Набір головок ударних довгих 3/4"" E18 E20 E22 E24 17мм 19мм ";ok;3966.00;3966.00;+0.00%;4960.00;4570.00;-7.86%;15.14%;Торцевые головки;Так;*;Ні;
JGAI0701;Набір спецголовок 7од TOPTUL JGAI0701;ok;2419.00;2419.00;+0.00%;3030.00;2790.00;-7.92%;15.14%;Торцевые головки;Так;*;Ні;
JGAI0702;Розсухарювач клапанів універсальний 7од d14-28мм TOPTUL JGAI;ok;2383.00;2383.00;+0.00%;2990.00;2750.00;-8.03%;15.00%;default;Так;*;Ні;
JGAI0703;Тестер інжекторів універсальний TOPTUL JGAI0703;ok;6213.00;6213.00;+0.00%;7750.00;7150.00;-7.74%;15.00%;default;Так;*;Ні;
JGAI0704;Набір для обслуговування посадочних місць дизельних форсунок;ok;2696.00;2696.00;+0.00%;3380.00;3110.00;-7.99%;15.00%;default;Так;*;Ні;
JGAI0801;Стяжка пружин універсальна TOPTUL JGAI0801;ok;18876.00;18876.00;+0.00%;23480.00;21640.00;-7.84%;14.60%;Механические съемники;Так;*;Ні;
JGAI0802;Набір спецголовок для відкручування секретних болтів TOPTUL ;ok;3685.00;3685.00;+0.00%;4610.00;4240.00;-8.03%;15.00%;default;Так;*;Ні;
JGAI0803;Набір фіксаторів розподільного вала BMW 8 од TOPTUL JGAI0803;ok;5734.00;5734.00;+0.00%;7150.00;6610.00;-7.55%;15.17%;Наборы инструментов;Так;*;Ні;
JGAI0805;"Набір екстракторів (1/8 - 1-1/4"" M3-M32) 8од TOPTUL JGAI0805";ok;2011.00;2011.00;+0.00%;2530.00;2320.00;-8.30%;15.00%;default;Так;*;Ні;
JGAI1001;Набір для різання і розвальцьовування трубок TOPTUL JGAI1001;ok;3746.00;3746.00;+0.00%;4680.00;4310.00;-7.91%;15.00%;default;Так;*;Ні;
JGAI1002;Набір для різання і двостороннього розвальцьовування трубок ;ok;2828.00;2828.00;+0.00%;3540.00;3260.00;-7.91%;15.00%;default;Так;*;Ні;
JGAI1003;Набір для відновлення різблення свічкових отворів 10од TOPTU;ok;2745.00;2745.00;+0.00%;3440.00;3170.00;-7.85%;15.17%;Наборы инструментов;Так;*;Ні;
JGAI1004;Набір фіксаторів распредвала Mini Citroën Peugeot 10од TOPTU;ok;6767.00;6767.00;+0.00%;8440.00;7800.00;-7.58%;15.17%;Наборы инструментов;Так;*;Ні;
JGAI1101;Ключ для фіксації шківів універсальний 11 од TOPTUL JGAI1101;ok;2748.00;2748.00;+0.00%;3440.00;3150.00;-8.43%;14.60%;Механические съемники;Так;*;Ні;
JGAI1201;Комплект для обслуговування гальмівних циліндрів TOPTUL JGAI;ok;2822.00;2822.00;+0.00%;3530.00;3260.00;-7.65%;15.17%;Наборы инструментов;Так;*;Ні;
JGAI1202;Зворотний молоток для кузовних робіт з комплектом насадок TO;ok;4191.00;4191.00;+0.00%;5230.00;4820.00;-7.84%;15.00%;default;Так;*;Ні;
JGAI1203;Набір фіксаторів распредвалів і колінвалів VW / Audi Diesel ;ok;5086.00;5086.00;+0.00%;6350.00;5830.00;-8.19%;14.60%;Механические съемники;Так;*;Ні;
JGAI1204;Тестер тиску масла 12од TOPTUL JGAI1204;ok;5724.00;5724.00;+0.00%;7140.00;6590.00;-7.70%;15.12%;Компрессометры и масломеры автомобильные;Так;*;Ні;
JGAI1205;Притирання клапанів пневматичне 12 од TOPTUL JGAI1205;ok;9843.00;9843.00;+0.00%;12260.00;11320.00;-7.67%;15.00%;default;Так;*;Ні;
JGAI1301;Набір для зняття шківів генераторів 13 од TOPTUL JGAI1301;ok;1869.00;1869.00;+0.00%;2350.00;2150.00;-8.51%;14.60%;Механические съемники;Так;*;Ні;
JGAI1302;Компресометр дизельний професійний DT-200 TOPTUL JGAI1302;ok;7164.00;7164.00;+0.00%;8930.00;8250.00;-7.61%;15.12%;Компрессометры и масломеры автомобильные;Так;*;Ні;
JGAI1303;Знімач універсальний (інерційний) TOPTUL JGAI1303;ok;4674.00;4674.00;+0.00%;5830.00;5360.00;-8.06%;14.60%;Механические съемники;Так;*;Ні;
JGAI1304;Набір для розбирання мотоциклетного ланцюга 13 од TOPTUL JGA;ok;2976.00;2976.00;+0.00%;3730.00;3430.00;-8.04%;15.00%;default;Так;*;Ні;
JGAI1401;Набір знімачів масляних фільтрів 14 од TOPTUL JGAI1401;ok;2553.00;2553.00;+0.00%;3200.00;2930.00;-8.44%;14.60%;Съемники автомобильных фильтров;Так;*;Ні;
JGAI1402;Набір головок для зливних пробок 14 од TOPTUL JGAI1402;ok;1344.00;1344.00;+0.00%;1700.00;1550.00;-8.82%;15.14%;Торцевые головки;Так;*;Ні;
JGAI1403;Набір головок для зливних пробок 14 од TOPTUL JGAI1403;ok;1710.00;1710.00;+0.00%;2150.00;1970.00;-8.37%;15.14%;Торцевые головки;Так;*;Ні;
JGAI1501;Комплект для демонтажу шарнірів алюмінієвих важелів 15од TOP;ok;3068.00;3068.00;+0.00%;3840.00;3540.00;-7.81%;15.17%;Наборы инструментов;Так;*;Ні;
JGAI1601;Набір знімачів масляних фільтрів 16од (Кришки + краб) TOPTUL;ok;3617.00;3617.00;+0.00%;4520.00;4150.00;-8.19%;14.60%;Съемники автомобильных фильтров;Так;*;Ні;
JGAI1801;Комплект для обслуговування гальмівних циліндрів 18 од (два ;ok;3394.00;3394.00;+0.00%;4240.00;3910.00;-7.78%;15.17%;Наборы инструментов;Так;*;Ні;
JGAI1802;Прилад для перевірки герметичності системи охолодження TOPTU;ok;10380.00;10380.00;+0.00%;12920.00;11940.00;-7.59%;15.00%;default;Так;*;Ні;
JGAI1803;Набір фіксаторів розподільного вала BMW 18 од TOPTUL JGAI180;ok;8027.00;8027.00;+0.00%;10000.00;9250.00;-7.50%;15.17%;Наборы инструментов;Так;*;Ні;
JGAI2001;Набір головок для демонтажу секретних болтів VW 20од TOPTUL ;ok;7286.00;7286.00;+0.00%;9080.00;8390.00;-7.60%;15.14%;Торцевые головки;Так;*;Ні;
JGAI2201;Комплект для демонтажу та установки сальників універсальний ;ok;5499.00;5499.00;+0.00%;6860.00;6310.00;-8.02%;14.60%;Механические съемники;Так;*;Ні;
JGAI2202;Знімач гідравлічний універсальний 10т TOPTUL JGAI2202;ok;12015.00;12015.00;+0.00%;14960.00;13770.00;-7.95%;14.60%;Гидравлические съемники;Так;*;Ні;
JGAI2301;Комплект спецінструменту для ремонту електропроводки 23ед TO;ok;6358.00;6358.00;+0.00%;7930.00;7330.00;-7.57%;15.17%;Наборы инструментов;Так;*;Ні;
JGAI2302;Набір головок для демонтажу секретних болтів VW 23од TOPTUL ;ok;4069.00;4069.00;+0.00%;5080.00;4690.00;-7.68%;15.14%;Торцевые головки;Так;*;Ні;
JGAI2401;Знімач підшипників маточини універсальний 24 од TOPTUL JGAI2;ok;9118.00;9118.00;+0.00%;11360.00;10450.00;-8.01%;14.60%;Съемники подшипников;Так;*;Ні;
JGAI2701;Знімач втулок універсальний 27од TOPTUL JGAI2701;ok;22454.00;22454.00;+0.00%;27920.00;25740.00;-7.81%;14.60%;Механические съемники;Так;*;Ні;
JGAI2801;Набір для тестування тиску в радіаторі ( багатофункціональни;ok;16833.00;16833.00;+0.00%;20940.00;19360.00;-7.55%;15.00%;default;Так;*;Ні;
JGAI3601;Набір для центрування дисків зчеплення універсальний 36 од T;ok;17486.00;17486.00;+0.00%;21750.00;20110.00;-7.54%;15.00%;default;Так;*;Ні;
JGAI4001;Набір мітчиків і плашок 40 од М3 ~ М12 TOPTUL JGAI4001;ok;3220.00;3220.00;+0.00%;4030.00;3710.00;-7.94%;15.17%;Наборы инструментов;Так;*;Ні;
JGAI5601;Набір для відновлення різьблення свічкових отворів 56 од TOP;ok;7143.00;7143.00;+0.00%;8900.00;8230.00;-7.53%;15.17%;Наборы инструментов;Так;*;Ні;
JGAI8101;Тестер для інжекторів універсальний (професійний) TOPTUL JGA;ok;15943.00;15943.00;+0.00%;19840.00;18340.00;-7.56%;15.00%;default;Так;*;Ні;
JGAR0201;Притирання клапанів з присоскою 2од TOPTUL JGAR0201;ok;300.00;300.00;+0.00%;400.00;350.00;-12.50%;15.00%;default;Так;*;Ні;
JGAR0202;Комплект для обслуговування гальмівних циліндрів 2 од TOPTUL;ok;1490.00;1490.00;+0.00%;1880.00;1720.00;-8.51%;15.17%;Наборы инструментов;Так;*;Ні;
JGAR0203;Замикаючий пристрій гальмівних і паливних трубопроводів 4 в ;ok;735.00;735.00;+0.00%;940.00;850.00;-9.57%;15.00%;default;Так;*;Ні;
JGAR0301;Набір кліщів для перетискання трубопроводів 3од TOPTUL JGAR0;ok;975.00;975.00;+0.00%;1240.00;1130.00;-8.87%;15.00%;default;Так;*;Ні;
JGAR0302;Пристосування для фіксації распредвалу коленвалу VW AUDI SEA;ok;745.00;745.00;+0.00%;950.00;860.00;-9.47%;15.00%;default;Так;*;Ні;
JGAR0303;Набір головок для розборки стійок 3ед (VAG) TOPTUL JGAR0303;ok;905.00;905.00;+0.00%;1150.00;1050.00;-8.70%;15.14%;Торцевые головки;Так;*;Ні;
JGAR0304;Пристосування для розведення гальмових циліндрів (гвинтовий ;ok;874.00;874.00;+0.00%;1110.00;1010.00;-9.01%;14.60%;Механические съемники;Так;*;Ні;
JGAR0401;Замикаючий пристрій гальмівних і паливних трубопроводів 4од ;ok;785.00;785.00;+0.00%;1000.00;910.00;-9.00%;15.00%;default;Так;*;Ні;
JGAR0402;Пристосування для розведення гальмівних циліндрів (права і л;ok;1411.00;1411.00;+0.00%;1780.00;1620.00;-8.99%;14.60%;Механические съемники;Так;*;Ні;
JGAR0403;Набір для демонтажу скла 4од TOPTUL JGAR0403;ok;1964.00;1964.00;+0.00%;2470.00;2260.00;-8.50%;14.60%;Механические съемники;Так;*;Ні;
JGAS0501;Комплект пристосувань для зняття облицювань панелі 5 од TOPT;ok;786.00;786.00;+0.00%;1000.00;910.00;-9.00%;14.60%;Съемники обшивки;Так;*;Ні;
JGAS0601;Комплект пристосувань для зняття облицювань панелі 6 од TOPT;ok;1020.00;1020.00;+0.00%;1300.00;1170.00;-10.00%;14.60%;Съемники обшивки;Так;*;Ні;
JGAS1401;Набір інструментів для чищення колісних ступиць 14од TOPTUL ;ok;2049.00;2049.00;+0.00%;2570.00;2360.00;-8.17%;15.00%;default;Так;*;Ні;
JGAT0301;Набір шпателів металевих 3од TOPTUL JGAT0301;ok;944.00;944.00;+0.00%;1200.00;1090.00;-9.17%;15.00%;default;Так;*;Ні;
JGAT0302;Набір скребків металевих 3од TOPTUL JGAT0302;ok;1093.00;1093.00;+0.00%;1390.00;1260.00;-9.35%;15.00%;default;Так;*;Ні;
JGAT0401;Набір скребків з нержавіючої сталі 4од TOPTUL JGAT0401;ok;1137.00;1137.00;+0.00%;1440.00;1310.00;-9.03%;15.00%;default;Так;*;Ні;
JGAT0402;Набір монтувань 4шт TOPTUL JGAT0402;ok;1714.00;1714.00;+0.00%;2160.00;1960.00;-9.26%;13.94%;Инструменты для ремонта и восстановления шин;Так;*;Ні;
JGAT0801;Набір інструментів для чищення колісних шпильок 8од TOPTUL J;ok;2088.00;2088.00;+0.00%;2620.00;2410.00;-8.02%;15.17%;Наборы инструментов;Так;*;Ні;
JGAT0802;Набір інструментів для чищення колісних шпильок та ступиць 8;ok;2240.00;2240.00;+0.00%;2810.00;2580.00;-8.19%;15.17%;Наборы инструментов;Так;*;Ні;
JGAW0301;Набір екстракторів-біт для відкручування злизані саморезов T;ok;407.00;407.00;+0.00%;530.00;470.00;-11.32%;15.00%;default;Так;*;Ні;
JGAW0501;"Набір екстракторів (1/8 1/4 5/16 7/16 9/16"" M3-M18) TOPTUL J";ok;237.00;237.00;+0.00%;320.00;280.00;-12.50%;15.00%;default;Так;*;Ні;
JGAW0502;"Набір екстракторів (7/64 9/64 5/32 1/4 19/64"" M3-M18) TOPTUL";ok;411.00;411.00;+0.00%;540.00;480.00;-11.11%;15.00%;default;Так;*;Ні;
JGEW0901;Набір для відновлення різьблення свічкових отворів М14х1,25 ;ok;2132.00;2132.00;+0.00%;2680.00;2460.00;-8.21%;15.17%;Наборы инструментов;Так;*;Ні;
JGEW1401;Набір для відновлення різьблення М12х1,75 TOPTUL JGEW1401;ok;1771.00;1771.00;+0.00%;2230.00;2040.00;-8.52%;15.17%;Наборы инструментов;Так;*;Ні;
JGEW1901;Набір для відновлення різьблення М10х1,5 TOPTUL JGEW1901;ok;1524.00;1524.00;+0.00%;1920.00;1760.00;-8.33%;15.17%;Наборы инструментов;Так;*;Ні;
JGEW2401;Набір для відновлення різьблення М5х0,8 TOPTUL JGEW2401;ok;999.00;999.00;+0.00%;1270.00;1160.00;-8.66%;15.17%;Наборы инструментов;Так;*;Ні;
JGEW2402;Набір для відновлення різьблення М6х1 TOPTUL JGEW2402;ok;1063.00;1063.00;+0.00%;1350.00;1230.00;-8.89%;15.17%;Наборы инструментов;Так;*;Ні;
JGEW2403;Набір для відновлення різьблення М8х1,25 TOPTUL JGEW2403;ok;1356.00;1356.00;+0.00%;1710.00;1560.00;-8.77%;15.00%;default;Так;*;Ні;
JGEW394A;Комплект кілець ущільнювачів 394од TOPTUL JGEW394A;ok;1353.00;1353.00;+0.00%;1710.00;1560.00;-8.77%;15.00%;default;Так;*;Ні;
JGEW450A;Комплект мідних ущільнювальних кілець для форсунок 450ед TOP;ok;8865.00;8865.00;+0.00%;11040.00;10200.00;-7.61%;15.00%;default;Так;*;Ні;
JIAA0108;Знімач високовольтних проводів TOPTUL JIAA0108;ok;357.00;357.00;+0.00%;470.00;420.00;-10.64%;15.00%;default;Так;*;Ні;
JJ-M480B;Лежак автослюсаря складаний 265x480x48 - 1060x480x12мм TOPTU;ok;3038.00;3038.00;+0.00%;3800.00;3470.00;-8.68%;13.94%;Лежаки автослесарные подкатные;Так;*;Ні;
JJ-M485;Лежак автослюсаря 485x225x30mm TOPTUL JJ-M485;ok;584.00;584.00;+0.00%;750.00;670.00;-10.67%;13.94%;Лежаки автослесарные подкатные;Так;*;Ні;
JJ-M960;Лежак автослюсаря 960x380x30mm TOPTUL JJ-M960;ok;1135.00;1135.00;+0.00%;1440.00;1300.00;-9.72%;13.94%;Лежаки автослесарные подкатные;Так;*;Ні;
JJAA1402;Шприц-маслянка TOPTUL JJAA1402;ok;1449.00;1449.00;+0.00%;1830.00;1660.00;-9.29%;13.94%;Оборудование для замены масел и смазок;Так;*;Ні;
JJAA1440;Шприц-маслянка TOPTUL JJAA1440;ok;1164.00;1164.00;+0.00%;1470.00;1330.00;-9.52%;13.94%;Оборудование для замены масел и смазок;Так;*;Ні;
JJAC1212;"Гнучкий шланг з накінечником до шприц-маслянки 12 ""(L310mm) ";ok;323.00;323.00;+0.00%;430.00;370.00;-13.95%;13.94%;Оборудование для замены масел и смазок;Так;*;Ні;
JJAD0512;Магніт гнучкий L410мм TOPTUL JJAD0512;ok;277.00;277.00;+0.00%;370.00;320.00;-13.51%;13.94%;Магнитный инструмент;Так;*;Ні;
JJAD0518;Магніт гнучкий L562мм TOPTUL JJAD0518;ok;296.00;296.00;+0.00%;400.00;340.00;-15.00%;13.94%;Магнитный инструмент;Так;*;Ні;
JJAD1223;Магнітний тримач гнучкий 580мм 1,5кг TOPTUL JJAD1223;ok;636.00;636.00;+0.00%;820.00;730.00;-10.98%;13.94%;Магнитный инструмент;Так;*;Ні;
JJAD1423;Магнітний тримач гнучкий 600мм 1,6 кг TOPTUL JJAD1423;ok;541.00;541.00;+0.00%;700.00;620.00;-11.43%;13.94%;Магнитный инструмент;Так;*;Ні;
JJAD1625;Магнітний тримач гнучкий 640мм 1,5кг з підсвічуванням TOPTUL;ok;1148.00;1148.00;+0.00%;1450.00;1310.00;-9.66%;13.94%;Магнитный инструмент;Так;*;Ні;
JJAE0612;Знімач пістонів 6.2х115мм TOPTUL JJAE0612;ok;205.00;205.00;+0.00%;280.00;240.00;-14.29%;14.60%;Съемники обшивки;Так;*;Ні;
JJAE0812;Знімач пістонів TOPTUL JJAE0812;ok;183.00;183.00;+0.00%;260.00;210.00;-19.23%;14.60%;Съемники обшивки;Так;*;Ні;
JJAE1011;Знімач пістонів TOPTUL JJAE1011;ok;262.00;262.00;+0.00%;350.00;310.00;-11.43%;14.60%;Съемники обшивки;Так;*;Ні;
JJAF1506;Піддон магнітний d150mm TOPTUL JJAF1506;ok;393.00;393.00;+0.00%;520.00;450.00;-13.46%;13.94%;Магнитный инструмент;Так;*;Ні;
JJAF2414;Піддон магнітний 240x140x42 mm TOPTUL JJAF2414;ok;672.00;672.00;+0.00%;860.00;770.00;-10.47%;13.94%;Магнитный инструмент;Так;*;Ні;
JJAG3E63;Магніт телескопічний 3.51b / 52g / 13 ~ 63 cm (L) TOPTUL JJA;ok;330.00;330.00;+0.00%;440.00;380.00;-13.64%;13.94%;Магнитный инструмент;Так;*;Ні;
JJAG3E68;Магніт телескопічний 417-680 мм TOPTUL JJAG3E68;ok;323.00;323.00;+0.00%;430.00;370.00;-13.95%;13.94%;Магнитный инструмент;Так;*;Ні;
JJAH0901;Знімач м / фільтра ланцюгової d30-160мм TOPTUL JJAH0901;ok;637.00;637.00;+0.00%;820.00;740.00;-9.76%;14.60%;Съемники автомобильных фильтров;Так;*;Ні;
JJAH0902;Знімач м / фільтра шкіряна стрічка d30-160мм TOPTUL JJAH0902;ok;643.00;643.00;+0.00%;830.00;740.00;-10.84%;14.60%;Съемники автомобильных фильтров;Так;*;Ні;
JJAH1102;Знімач м/фільтра шкіряна стрічка d60-260мм TOPTUL JJAH1102;ok;1229.00;1229.00;+0.00%;1560.00;1410.00;-9.62%;14.60%;Съемники автомобильных фильтров;Так;*;Ні;
JJAH1203;Ключ для масляного фільтра ланцюговий 13-152мм TOPTUL JJAH12;ok;1602.00;1602.00;+0.00%;2020.00;1840.00;-8.91%;14.60%;Съемники автомобильных фильтров;Так;*;Ні;
JJAH2003;Ключ для масляного фільтра ланцюгової 76-172мм TOPTUL JJAH20;ok;2152.00;2152.00;+0.00%;2700.00;2470.00;-8.52%;14.60%;Съемники автомобильных фильтров;Так;*;Ні;
JJAJ0813;Скребок TOPTUL JJAJ0813;ok;259.00;259.00;+0.00%;350.00;300.00;-14.29%;15.00%;default;Так;*;Ні;
JJAK0101;Крюк під кутом 90 ° TOPTUL JJAK0101;ok;205.00;205.00;+0.00%;280.00;240.00;-14.29%;15.00%;default;Так;*;Ні;
JJAK0201;Знімач патрубка радіатора TOPTUL JJAK0201;ok;211.00;211.00;+0.00%;290.00;250.00;-13.79%;14.60%;Механические съемники;Так;*;Ні;
JJAK0425;Знімач патрубка радіатора TOPTUL JJAK0425;ok;215.00;215.00;+0.00%;300.00;250.00;-16.67%;14.60%;Механические съемники;Так;*;Ні;
JJAK0525;Знімач патрубка радіатора TOPTUL JJAK0525;ok;214.00;214.00;+0.00%;290.00;250.00;-13.79%;14.60%;Механические съемники;Так;*;Ні;
JJAL0203;"Знімач двозахватний 3 "" TOPTUL JJAL0203";ok;738.00;738.00;+0.00%;950.00;850.00;-10.53%;14.60%;Съемники подшипников;Так;*;Ні;
JJAL0204;"Знімач двухзахватний 4 "" TOPTUL JJAL0204";ok;1076.00;1076.00;+0.00%;1370.00;1240.00;-9.49%;14.60%;Съемники подшипников;Так;*;Ні;
JJAL0206;"Знімач двухзахватний 6 "" TOPTUL JJAL0206";ok;1748.00;1748.00;+0.00%;2200.00;2010.00;-8.64%;14.60%;Съемники подшипников;Так;*;Ні;
JJAL0208;"Знімач двухзахватний 8 "" TOPTUL JJAL0208";ok;2972.00;2972.00;+0.00%;3720.00;3410.00;-8.33%;14.60%;Съемники подшипников;Так;*;Ні;
JJAL0212;"Знімач двухзахватний 12 "" TOPTUL JJAL0212";ok;8987.00;8987.00;+0.00%;11190.00;10300.00;-7.95%;14.60%;Съемники подшипников;Так;*;Ні;
JJAL0303;"Знімач трьохзахватний 3 "" TOPTUL JJAL0303";ok;1191.00;1191.00;+0.00%;1510.00;1370.00;-9.27%;14.60%;Съемники подшипников;Так;*;Ні;
JJAL0304;"Знімач трьохзахватний4"" TOPTUL JJAL0304";ok;1506.00;1506.00;+0.00%;1900.00;1730.00;-8.95%;14.60%;Съемники подшипников;Так;*;Ні;
JJAL0306;"Знімач трьохзахватний 6"" TOPTUL JJAL0306";ok;2490.00;2490.00;+0.00%;3120.00;2860.00;-8.33%;14.60%;Съемники подшипников;Так;*;Ні;
JJAL0308;"Знімач трьохзахватний 8 "" TOPTUL JJAL0308";ok;4261.00;4261.00;+0.00%;5320.00;4890.00;-8.08%;14.60%;Съемники подшипников;Так;*;Ні;
JJAL0312;"Знімач трьохзахватний12 "" TOPTUL JJAL0312";ok;10980.00;10980.00;+0.00%;13670.00;12590.00;-7.90%;14.60%;Съемники подшипников;Так;*;Ні;
JJAL1208;"Знімач 2-х захватний 80мм ""рейок"" TOPTUL JJAL1208";ok;2010.00;2010.00;+0.00%;2530.00;2310.00;-8.70%;14.60%;Съемники подшипников;Так;*;Ні;
JJAL1212;"Зйомник 2-х захватний 120мм ""рейок"" TOPTUL JJAL1212";ok;2141.00;2141.00;+0.00%;2690.00;2460.00;-8.55%;14.60%;Съемники подшипников;Так;*;Ні;
JJAL1216;"Зйомник 2-х захватний 160мм ""рейок"" TOPTUL JJAL1216";ok;3399.00;3399.00;+0.00%;4250.00;3900.00;-8.24%;14.60%;Съемники подшипников;Так;*;Ні;
JJAL1220;"Знімач 2-х захватний 200мм ""рейок"" TOPTUL JJAL1220";ok;3897.00;3897.00;+0.00%;4870.00;4470.00;-8.21%;14.60%;Съемники подшипников;Так;*;Ні;
JJAM0144;Дзеркало телескопічне 50х90 мм 307-443 мм TOPTUL JJAM0144;ok;283.00;283.00;+0.00%;380.00;330.00;-13.16%;15.00%;default;Так;*;Ні;
JJAM0242;Дзеркало телескопічне d = 57 мм 283-420 мм TOPTUL JJAM0242;ok;268.00;268.00;+0.00%;360.00;310.00;-13.89%;15.00%;default;Так;*;Ні;
JJAM0397;Дзеркало телескопічне з підсвічуванням 44х66 мм 275-965 мм T;ok;845.00;845.00;+0.00%;1080.00;980.00;-9.26%;15.00%;default;Так;*;Ні;
JJAM0495;Дзеркало телескопічне з підсвічуванням d=55 мм 262-950 мм TO;ok;835.00;835.00;+0.00%;1070.00;970.00;-9.35%;15.00%;default;Так;*;Ні;
JJAM0596;Дзеркало телескопічне збільшувальне з підсвічуванням d=55 мм;ok;914.00;914.00;+0.00%;1160.00;1060.00;-8.62%;15.00%;default;Так;*;Ні;
JJAN0109;Знімач кліпс TOPTUL JJAN0109;ok;944.00;944.00;+0.00%;1200.00;1090.00;-9.17%;14.60%;Съемники обшивки;Так;*;Ні;
JJAP1219;Клин для зняття пластикових деталей TOPTUL JJAP1219;ok;198.00;198.00;+0.00%;270.00;230.00;-14.81%;14.60%;Съемники обшивки;Так;*;Ні;
JJAQ1106;Накидка вінілова 1070х600мм з кишенями TOPTUL JJAQ1106;ok;2169.00;2169.00;+0.00%;2720.00;2500.00;-8.09%;15.00%;default;Так;*;Ні;
JJAT0105;Ліхтарик світлодіодний (Micro USB 5V) TOPTUL JJAT0105;ok;3682.00;3682.00;+0.00%;4600.00;4240.00;-7.83%;15.00%;default;Так;*;Ні;
JJAT0405;Ліхтар світлодіодний TOPTUL JJAT0405;ok;865.00;865.00;+0.00%;1100.00;1000.00;-9.09%;15.00%;default;Так;*;Ні;
JJAT0515E;Ліхтарик світлодіодний ультратонкий TOPTUL JJAT0515E;ok;3278.00;3278.00;+0.00%;4100.00;3770.00;-8.05%;15.00%;default;Так;*;Ні;
JJAT0605E;Ліхтарик світлодіодний гнучкий TOPTUL JJAT0605E;ok;3048.00;3048.00;+0.00%;3810.00;3510.00;-7.87%;15.00%;default;Так;*;Ні;
JJAU0418;Ендоскоп TOPTUL JJAU0418;ok;27372.00;27372.00;+0.00%;34030.00;30920.00;-9.14%;12.96%;Технические эндоскопы, видеоскопы;Ні;*;Так;відсутній у фіді
JJAV0112;Пінцет 117 мм TOPTUL JJAV0112;ok;95.00;95.00;+0.00%;150.00;110.00;-26.67%;13.65%;Монтажные пинцеты;Так;*;Так;подешевшало на 26.7%
JJAV0212;Пінцет 120мм TOPTUL JJAV0212;ok;85.00;85.00;+0.00%;130.00;100.00;-23.08%;13.65%;Монтажные пинцеты;Так;*;Так;подешевшало на 23.1%
JJAV0312;Пінцет 115мм TOPTUL JJAV0312;ok;85.00;85.00;+0.00%;130.00;100.00;-23.08%;13.65%;Монтажные пинцеты;Так;*;Так;подешевшало на 23.1%
JJAV0411;Пінцет 110мм TOPTUL JJAV0411;ok;85.00;85.00;+0.00%;130.00;100.00;-23.08%;13.65%;Монтажные пинцеты;Так;*;Так;подешевшало на 23.1%
JJAX0817;Свердло d8mm L45mm для висвердлювання точкового зварювання T;ok;613.00;613.00;+0.00%;790.00;710.00;-10.13%;15.00%;default;Так;*;Ні;
JJAX0821;Свердло d8mm L80mm для висвердлювання точкового зварювання T;ok;660.00;660.00;+0.00%;850.00;760.00;-10.59%;15.00%;default;Так;*;Ні;
JJAY0902;Пістолет для герметика TOPTUL JJAY0902;ok;355.00;355.00;+0.00%;470.00;410.00;-12.77%;15.00%;default;Так;*;Ні;
JJAY0903;Пістолет для герметика TOPTUL JJAY0903;ok;786.00;786.00;+0.00%;1000.00;910.00;-9.00%;15.00%;default;Так;*;Ні;
JJAY0904;Пістолет для герметика (Aluminum) TOPTUL JJAY0904;ok;1017.00;1017.00;+0.00%;1290.00;1170.00;-9.30%;15.00%;default;Так;*;Ні;
JJAZ0135;Шприц маслозаливний 1000мл (металевий + гнучкий кінцевик) TO;ok;989.00;989.00;+0.00%;1260.00;1130.00;-10.32%;13.94%;Оборудование для замены масел и смазок;Так;*;Ні;
JJBA0302;Шприц-маслянка 120мл пістолетногу типу TOPTUL JJBA0302;ok;907.00;907.00;+0.00%;1160.00;1040.00;-10.34%;13.94%;Шприцы маслянные и смазочные;Так;*;Ні;
JJBA1401;"Шприц-масляка пістолетного типу 7"" TOPTUL JJBA1401";ok;2049.00;2049.00;+0.00%;2570.00;2340.00;-8.95%;13.94%;Шприцы маслянные и смазочные;Так;*;Ні;
JJBA1402;Шприц-маслянка пістолетного типу TOPTUL JJBA1402;ok;1162.00;1162.00;+0.00%;1470.00;1330.00;-9.52%;13.94%;Шприцы маслянные и смазочные;Ні;*;Так;відсутній у фіді
JJBD1112;Присоска вакуумна d120мм TOPTUL JJBD1112;ok;645.00;645.00;+0.00%;830.00;750.00;-9.64%;15.00%;default;Так;*;Ні;
JJBD2212;Присоска вакуумна подвійна d120мм с гибким подержувачем TOPT;ok;1932.00;1932.00;+0.00%;2430.00;2230.00;-8.23%;15.00%;default;Так;*;Ні;
JJBG1301;Фіксатор упору капота багажника задніх дверей універсальний ;ok;414.00;414.00;+0.00%;540.00;480.00;-11.11%;15.00%;default;Так;*;Ні;
JJBH0110;Пристосування для змащення підшипників TOPTUL JJBH0110;ok;1210.00;1210.00;+0.00%;1530.00;1380.00;-9.80%;13.94%;Оборудование для замены масел и смазок;Так;*;Ні;
JJBI1619;Шпильковерт d6-19мм TOPTUL JJBI1619;ok;1047.00;1047.00;+0.00%;1330.00;1210.00;-9.02%;15.14%;Торцевые головки;Так;*;Ні;
JJBZ0115;Пристрій для відкачування технічних рідин (ручний) TOPTUL JJ;ok;5235.00;5235.00;+0.00%;6530.00;5970.00;-8.58%;13.94%;Оборудование для замены масел и смазок;Так;*;Ні;
JJCA1401;Шприц-маслянка пневматичний TOPTUL JJCA1401;ok;2139.00;2139.00;+0.00%;2690.00;2440.00;-9.29%;13.94%;Пневматические шприцы для смазки;Так;*;Ні;
JJCD0101;Ніж для демонтажу ущільнювача скла TOPTUL JJCD0101;ok;782.00;782.00;+0.00%;1000.00;900.00;-10.00%;15.00%;default;Так;*;Ні;
JJCG0350;Екстрактор в боудені L1 = 395mm L = 500mm TOPTUL JJCG0350;ok;622.00;622.00;+0.00%;800.00;720.00;-10.00%;14.33%;Комплектующие и запчасти для инструмента;Так;*;Ні;
JJCG0360;Екстрактор в боудені L1 = 495mm L = 600mm TOPTUL JJCG0360;ok;660.00;660.00;+0.00%;850.00;770.00;-9.41%;15.17%;Товары, общее;Так;*;Ні;
JJDB0101;Тестер гальмівної рідини TOPTUL JJDB0101;ok;1097.00;1097.00;+0.00%;1390.00;1260.00;-9.35%;14.66%;Автомобильные диагностические сканеры;Так;*;Ні;
JJDC0148;Індикатор напруги автомобільний 3-48V DC TOPTUL JJDC0148;ok;253.00;253.00;+0.00%;340.00;300.00;-11.76%;15.00%;default;Так;*;Ні;
JJDD0124;Тестер автомобільний 6-24V DC TOPTUL JJDD0124;ok;263.00;263.00;+0.00%;350.00;310.00;-11.43%;15.00%;default;Так;*;Ні;
JJDD0224;Тестер автомобільний 6-24V DC TOPTUL JJDD0224;ok;411.00;411.00;+0.00%;540.00;480.00;-11.11%;15.00%;default;Так;*;Ні;
JJDZ0115;Шприц для відкачування та закачки мастила та технічних рідин;ok;2353.00;2353.00;+0.00%;2950.00;2690.00;-8.81%;13.94%;Оборудование для замены масел и смазок;Так;*;Ні;
JLAB0435;Лінза до ендоскопу 35 ° TOPTUL JLAB0435;ok;2234.00;2234.00;+0.00%;2800.00;2530.00;-9.64%;12.96%;Ендоскопи;Ні;*;Так;відсутній у фіді
JLAB0445;Лінза до ендоскопу 45 ° TOPTUL JLAB0445;ok;2234.00;2234.00;+0.00%;2800.00;2530.00;-9.64%;12.96%;Ендоскопи;Ні;*;Так;відсутній у фіді
JLAB0460;Лінза до ендоскопу 60 ° TOPTUL JLAB0460;ok;2234.00;2234.00;+0.00%;2800.00;2530.00;-9.64%;12.96%;Ендоскопи;Ні;*;Так;відсутній у фіді
JLAD0406;Магніт до ендоскопу TOPTUL JLAD0406;ok;2234.00;2234.00;+0.00%;2800.00;2530.00;-9.64%;12.96%;Ендоскопи;Ні;*;Так;відсутній у фіді
JLAF1804;Комплект каменів до хону JDBE0718 L = 100мм (3од) TOPTUL JLA;ok;691.00;691.00;+0.00%;890.00;800.00;-10.11%;15.00%;default;Так;*;Ні;
JLAF2201;Комплект каменів до хону JDBE0322 L = 29мм (3ед) TOPTUL JLAF;ok;288.00;288.00;+0.00%;390.00;340.00;-12.82%;15.00%;default;Так;*;Ні;
JLAK0209;Ремінь до Знімачі JJAH0902 TOPTUL JLAK0209;ok;414.00;414.00;+0.00%;540.00;480.00;-11.11%;14.60%;Съемники автомобильных фильтров;Так;*;Ні;
JLAT0109;Рихтувальний напилок (полотно) №9 великий TOPTUL JLAT0109;ok;1295.00;1295.00;+0.00%;1640.00;1490.00;-9.15%;15.00%;default;Так;*;Ні;
JLAT0112;Рихтувальний напилок (полотно) №12 невеликий TOPTUL JLAT0112;ok;1454.00;1454.00;+0.00%;1830.00;1680.00;-8.20%;15.00%;default;Так;*;Ні;
JLAV0206;Комплект скоб для пайки пластика (100 шт W-тип 0.6 мм) TOPTU;ok;636.00;636.00;+0.00%;820.00;740.00;-9.76%;15.00%;default;Так;*;Ні;
JLAV0208;Комплект скоб для пайки пластика (100 шт W-тип 0.8 мм) TOPTU;ok;691.00;691.00;+0.00%;890.00;800.00;-10.11%;15.00%;default;Так;*;Ні;
JLAV0306;Комплект скоб для пайки пластика (100 шт V-тип 0.6 мм) TOPTU;ok;613.00;613.00;+0.00%;790.00;710.00;-10.13%;14.73%;Комплектующие для сварки и пайки;Так;*;Ні;
JLBH0307;Струна для зрізання скла (22м нержавіюча сталь) TOPTUL JLBH0;ok;575.00;575.00;+0.00%;740.00;670.00;-9.46%;15.00%;default;Так;*;Ні;
JLBH0401;Комплект лез до ножа JJCD0101 6од TOPTUL JLBH0401;ok;778.00;778.00;+0.00%;990.00;900.00;-9.09%;15.00%;default;Так;*;Ні;
JLBJ1035;Болт з гайкою M10 (L350mm) для JGAI2701 TOPTUL JLBJ1035;ok;1635.00;1635.00;+0.00%;2060.00;1890.00;-8.25%;15.00%;default;Ні;*;Так;відсутній у фіді
JP-2PRO;Домкрат пневматичний професійний JP-2PRO 2,8т AIRKRAFT;ok;5500.00;5500.00;+0.00%;6860.00;6310.00;-8.02%;14.69%;Автомобильные домкраты, подставки;Так;*;Ні;
JP-2PRO-SH;Домкрат пневматичний професійний коротка ручка JP-2PRO-SH 2,;ok;6300.00;6300.00;+0.00%;7860.00;7230.00;-8.02%;14.69%;Автомобильные домкраты, подставки;Так;*;Ні;
JP-3PRO;Домкрат пневматичний професійний JP-3PRO 4,2т AIRKRAFT;ok;7700.00;7700.00;+0.00%;9590.00;8840.00;-7.82%;14.69%;Автомобильные домкраты, подставки;Так;*;Ні;
JP-3PRO-SH;Домкрат пневматичний професійний коротка ручка JP-3PRO-SH 4,;ok;7700.00;7700.00;+0.00%;9590.00;8840.00;-7.82%;14.69%;Автомобильные домкраты, подставки;Так;*;Ні;
JQ30;Лазерний далекомір 30 м PROTESTER JQ30;ok;1173.00;1173.00;+0.00%;4560.00;1350.00;-70.39%;14.97%;Лазерные дальномеры;Ні;*;Так;відсутній у фіді + подешевшало на 70.4%
JQ40;Далекомір лазерний 40м PROTESTER JQ40;ok;1355.00;1355.00;+0.00%;1710.00;1560.00;-8.77%;14.97%;Лазерные дальномеры;Так;*;Ні;
JRCT0040;Кабелеріз ручний механічний 38мм;ok;3848.00;3848.00;+0.00%;4810.00;4370.00;-9.15%;13.55%;Секторные ножницы, тросорезы;Так;*;Ні;
JRCT0055;Кабелеріз ручний механічнийтелескопічні ручки 52мм;ok;6634.00;6634.00;+0.00%;8270.00;7540.00;-8.83%;13.55%;Секторные ножницы, тросорезы;Так;*;Ні;
JRCT0075;Кабелеріз ручний механічний телескопічні ручки 70мм;ok;7430.00;7430.00;+0.00%;9260.00;8440.00;-8.86%;13.55%;Секторные ножницы, тросорезы;Так;*;Ні;
JRCT0095;Кабелеріз ручний механічний телескопічні ручки 90мм;ok;9155.00;9155.00;+0.00%;11400.00;10400.00;-8.77%;13.55%;Секторные ножницы, тросорезы;Так;*;Ні;
JRCT0100;Кабелеріз ручний механічний телескопічні ручки 100мм;ok;14993.00;14993.00;+0.00%;18650.00;17030.00;-8.69%;13.55%;Секторные ножницы, тросорезы;Так;*;Ні;
JRCT0130;Кабелеріз ручний механічний телескопічні ручки 130мм;ok;19238.00;19238.00;+0.00%;23930.00;21850.00;-8.69%;13.55%;Секторные ножницы, тросорезы;Так;*;Ні;
JRMR0107;Знімач хрестовин ВАЗ 2101-2107 (ХЗСО) СККРЕСТ JRMR0107;ok;726.00;726.00;+0.00%;930.00;840.00;-9.68%;14.60%;Механические съемники;Ні;*;Так;відсутній у фіді
K-103;Шприц-маслянка натискного типу 100мл;ok;543.00;543.00;+0.00%;1050.00;620.00;-40.95%;13.94%;Шприцы маслянные и смазочные;Так;*;Так;подешевшало на 41.0%
K-200-1.7;Пістолет фарбувальний пневматичний тип LVMP нижній металевий;ok;1611.00;1611.00;+0.00%;2910.00;1830.00;-37.11%;13.20%;Пневматические краскопульты;Так;*;Так;подешевшало на 37.1%
K-3-0.5;Пістолет фарбувальний пневматичний тип HP верхній металевий ;ok;495.00;495.00;+0.00%;1550.00;570.00;-63.23%;13.20%;Пневматические краскопульты;Так;*;Так;подешевшало на 63.2%
K-350-0.8;Пістолет фарбувальний пневматичний тип LVMP верхній пластико;ok;931.00;931.00;+0.00%;1180.00;1060.00;-10.17%;13.20%;Пневматические краскопульты;Так;*;Ні;
K-350-1.0;Пістолет фарбувальний пневматичний тип LVMP верхній пластико;ok;931.00;931.00;+0.00%;6830.00;1060.00;-84.48%;13.20%;Пневматические краскопульты;Так;*;Так;подешевшало на 84.5%
K-401-12;"Гнучкий шланг з накінечником до шприц-маслянки 12"" (L310mm)";ok;205.00;205.00;+0.00%;280.00;240.00;-14.29%;13.94%;Оборудование для замены масел и смазок;Так;*;Ні;
K-401-18;"Гнучкий шланг з накінечником до шприц-маслянки 18"" (L460mm)";ok;223.00;223.00;+0.00%;310.00;260.00;-16.13%;13.94%;Оборудование для замены масел и смазок;Так;*;Ні;
K-401-9;"Гнучкий шланг з накінечником до шприц-маслянки 9"" (L230mm)";ok;194.00;194.00;+0.00%;270.00;230.00;-14.81%;13.94%;Оборудование для замены масел и смазок;Ні;*;Так;відсутній у фіді
K-403A;Трубка металева (зігнута) з наконечником для шприців GIKRAFT;ok;156.00;156.00;+0.00%;2110.00;180.00;-91.47%;13.94%;Оборудование для замены масел и смазок;Так;*;Так;подешевшало на 91.5%
K-403B;Трубка металева (пряма) з наконечником для шприців GIKRAFT K;ok;153.00;153.00;+0.00%;2150.00;180.00;-91.63%;13.94%;Оборудование для замены масел и смазок;Так;*;Так;подешевшало на 91.6%
K-405H;Накінечник шприца з кульковим клапаном(4-затискної підвищено;ok;113.00;113.00;+0.00%;290.00;130.00;-55.17%;13.94%;Шприцы маслянные и смазочные;Так;*;Так;подешевшало на 55.2%
K-410;Набір аксесуарів для шприц-маслянки 7од;ok;2259.00;2259.00;+0.00%;3480.00;2580.00;-25.86%;13.94%;Шприцы маслянные и смазочные;Так;*;Так;подешевшало на 25.9%
K-490C;Насос масляний для бочок;ok;1576.00;1576.00;+0.00%;2070.00;1800.00;-13.04%;13.94%;Оборудование для замены масел и смазок;Так;*;Ні;
K-495;Насос масляний для бочок;ok;2062.00;2062.00;+0.00%;4330.00;2380.00;-45.03%;15.00%;default;Так;*;Так;подешевшало на 45.0%
K-499;Насос масляний для бочок (роторний) GI KRAFT K-499;ok;3076.00;3076.00;+0.00%;3950.00;3540.00;-10.38%;15.00%;default;Так;*;Ні;
K-501;Шприц маслозаливний 500мл (гнучкий кінцевик);ok;810.00;810.00;+0.00%;1540.00;930.00;-39.61%;13.94%;Оборудование для замены масел и смазок;Так;*;Так;подешевшало на 39.6%
K-504;Шприц маслоперегінний 500мл (гнучкі концевики);ok;976.00;976.00;+0.00%;1320.00;1120.00;-15.15%;13.94%;Оборудование для замены масел и смазок;Так;*;Ні;
K60;Далекомір лазерний 60м PROTESTER K60;ok;1785.00;1785.00;+0.00%;5650.00;2060.00;-63.54%;14.97%;Лазерные дальномеры;Ні;*;Так;відсутній у фіді + подешевшало на 63.5%
KAAA1220;"Пневмогайковерт 3/8 ""271N / m 10000об/хв 1,36 кг TOPTUL KAAA";ok;7726.00;7726.00;+0.00%;9630.00;8530.00;-11.42%;10.38%;Пневматические гайковерты;Так;*;Ні;
KAAA1620;"Пневмогайковерт 1/2"" 271N/m 10000об/хв 1,36кг TOPTUL KAAA162";ok;8224.00;8224.00;+0.00%;10250.00;9080.00;-11.41%;10.38%;Пневматические гайковерты;Так;*;Ні;
KAAA1640;"Пневмогайковерт 1/2"" 813N/m 8000об/хв 2,6кг TOPTUL KAAA1640";ok;8101.00;8101.00;+0.00%;10090.00;8950.00;-11.30%;10.38%;Пневматические гайковерты;Так;*;Ні;
KAAA1660;"Пневмогайковерт 1/2 ""949N / m 6500об/хв 2,8 кг TOPTUL KAAA16";ok;10099.00;10099.00;+0.00%;12570.00;11150.00;-11.30%;10.38%;Пневматические гайковерты;Так;*;Ні;
KAAA1660B;"Пневмогайковерт 1/2 ""814N / m 8000об / хв 2,6кг TOPTUL KAAA1";ok;6583.00;6583.00;+0.00%;8210.00;7270.00;-11.45%;10.38%;Пневматические гайковерты;Так;*;Ні;
KAAA2412;"Пневмогайковерт 3/4 ""1627N / m 7200об / хв 2,64кг Super Duty";ok;13036.00;13036.00;+0.00%;16220.00;14390.00;-11.28%;10.38%;Пневматические гайковерты;Так;*;Ні;
KAAA2460;"Пневмогайковерт 3 / 4 ""813N / m 6300об/хв 2,9 кг TOPTUL KAAA";ok;10847.00;10847.00;+0.00%;13500.00;11980.00;-11.26%;10.38%;Пневматические гайковерты;Так;*;Ні;
KAAA2475;"Пневмогайковерт 3 / 4 ""1016N / m 6500об/хв 4,4 кг TOPTUL KAA";ok;16213.00;16213.00;+0.00%;20170.00;17900.00;-11.25%;10.38%;Пневматические гайковерты;Так;*;Ні;
KAAA321808;"Пневмогайковерт 1 ""2440N / m 4000об/хв 11,17 кг TOPTUL KAAA3";ok;31941.00;31941.00;+0.00%;39710.00;35260.00;-11.21%;10.38%;Пневматические гайковерты;Так;*;Ні;
KAAA321809;"Пневмогайковерт 1 ""2440N / m 4000об/хв 11,17 кг TOPTUL KAAA3";ok;31941.00;31941.00;+0.00%;39710.00;35260.00;-11.21%;10.38%;Пневматические гайковерты;Так;*;Ні;
KAAB1640;"Пневмогайковерт 1/2 ""542N / m (довг шпиндель) 8000об/хв 2,73";ok;8612.00;8612.00;+0.00%;10730.00;9510.00;-11.37%;10.38%;Пневматические гайковерты;Так;*;Ні;
KAAB1660;"Пневмогайковерт 1/2 ""813N / m (довг шпиндель) 6500об/хв 2,9 ";ok;10104.00;10104.00;+0.00%;12580.00;11160.00;-11.29%;10.38%;Пневматические гайковерты;Так;*;Ні;
KAAB2460;"Пневмогайковерт 3/4 ""813N / m (довг шпиндель) 6300об/хв 3,09";ok;12357.00;12357.00;+0.00%;15380.00;13640.00;-11.31%;10.38%;Пневматические гайковерты;Так;*;Ні;
KAAB2475;"Пневмогайковерт 3/4 ""1016N / m (довж шпиндель) 6500об/хв 4,9";ok;17820.00;17820.00;+0.00%;22170.00;19670.00;-11.28%;10.38%;Пневматические гайковерты;Так;*;Ні;
KAAB321808;"Пневмогайковерт 1 ""2440N / m (довг шпиндель) 4000об/хв 12,3 ";ok;34438.00;34438.00;+0.00%;42810.00;38020.00;-11.19%;10.38%;Пневматические гайковерты;Так;*;Ні;
KAAB321809;"Пневмогайковерт 1"" 2440N/m (дл шпиндель) 4000об/хв 12,3кг TO";ok;34438.00;34438.00;+0.00%;42810.00;38020.00;-11.19%;10.38%;Пневматические гайковерты;Так;*;Ні;
KAAB3225;"Пневмогайковерт 1 ""3390N / m (довг шпиндель) 3000об / хв 16,";ok;68348.00;68348.00;+0.00%;84940.00;75450.00;-11.17%;10.38%;Пневматические гайковерты;Так;*;Ні;
KAAB3226;"Пневмогайковерт 1"" 3520N/m (дов шпиндель) 3000об/хв 12,84кг ";ok;43671.00;43671.00;+0.00%;54280.00;48210.00;-11.18%;10.38%;Пневматические гайковерты;Так;*;Ні;
KAAC1610;"Пневмогайковерт 1/2"" 1356N/m 9500об/хв 2,3кг TOPTUL KAAC1610";ok;9519.00;9519.00;+0.00%;11850.00;10510.00;-11.31%;10.38%;Пневматические гайковерты;Так;*;Ні;
KAAC1660;"Гайковерт для автосервісу TOPTUL 1/2"" 813N/m 8000об/хв KAAC1";ok;5553.00;5553.00;+0.00%;6930.00;6130.00;-11.54%;10.38%;Пневматические гайковерты;Ні;*;Так;відсутній у фіді
KAAC2416;"Пневмогайковерт 3/4 ""композитний корпус 2170N / m 5,69 кг TO";ok;30803.00;30803.00;+0.00%;38300.00;34010.00;-11.20%;10.38%;Пневматические гайковерты;Так;*;Ні;
KAAC3218;"Пневмогайковерт 1 ""композитний корпус 2441N / m 7,22 кг TOPT";ok;34674.00;34674.00;+0.00%;43110.00;38280.00;-11.20%;10.38%;Пневматические гайковерты;Так;*;Ні;
KAAD3216;"Пневмогайковерт 1 ""композитний корпус 2170N / m 6,62кг (довг";ok;34648.00;34648.00;+0.00%;43070.00;38250.00;-11.19%;10.38%;Пневматические гайковерты;Ні;*;Так;відсутній у фіді
KAAD3220;"Пневмогайковерт 1 ""2712N / m (довг шпиндель) 5000об/хв 8,3 к";ok;34144.00;34144.00;+0.00%;42450.00;37690.00;-11.21%;10.38%;Пневматические гайковерты;Так;*;Ні;
KAAE0802;"Тріскачка пневматична 1/4"" 41N/m 350об/хв mini TOPTUL KAAE08";ok;3466.00;3466.00;+0.00%;4330.00;3830.00;-11.55%;10.38%;Пневматические гайковерты;Так;*;Ні;
KAAE1202;"Тріскачка пневматична 3/8 ""41N / m 360об/мін mini TOPTUL KAA";ok;3469.00;3469.00;+0.00%;4340.00;3830.00;-11.75%;10.38%;Пневматические гайковерты;Так;*;Ні;
KAAF1205;"Тріскачка пневматична 3/8 ""102N / m 160об/мін TOPTUL KAAF120";ok;3182.00;3182.00;+0.00%;3980.00;3520.00;-11.56%;10.38%;Пневматические гайковерты;Так;*;Ні;
KAAF1605;"Тріскачка пневматична 1/2"" 102N / m 160об/хв TOPTUL KAAF1605";ok;3182.00;3182.00;+0.00%;3980.00;3520.00;-11.56%;10.38%;Пневматические гайковерты;Так;*;Ні;
KAAF1608;"Тріскачка пневматична 1/2"" 108N / m 280об/мін TOPTUL KAAF160";ok;6612.00;6612.00;+0.00%;8240.00;7300.00;-11.41%;10.38%;Пневматические гайковерты;Так;*;Ні;
KAAF1610;"Тріскачка пневматична 1/2 ""136N/m 225об/хв TOPTUL KAAF1610";ok;8613.00;8613.00;+0.00%;10730.00;9900.00;-7.74%;14.92%;Воротки, трещотки;Так;*;Ні;
KAAH1620;"Пневмотрещітка 1/2 ""посилена 244Nm TOPTUL KAAH1620";ok;12236.00;12236.00;+0.00%;15230.00;13510.00;-11.29%;10.38%;Пневматические гайковерты;Так;*;Ні;
KAAJ1643;"Пневмогайковерт 1/2 ""583N/m 13500об/хв 1,24кг композитний ко";ok;10334.00;10334.00;+0.00%;12870.00;11410.00;-11.34%;10.38%;Пневматические гайковерты;Так;*;Ні;
KAAJ1680;"Пневмогайковерт 1/2"" 1085N/m 8000об/хв 2,3кг TOPTUL KAAJ1680";ok;12829.00;12829.00;+0.00%;15970.00;14170.00;-11.27%;10.38%;Пневматические гайковерты;Так;*;Ні;
KAAJ2413;"Пневмогайковерт 3/4 ""1763N / m 6000 об / хв 3,72 кг композит";ok;25016.00;25016.00;+0.00%;31110.00;27620.00;-11.22%;10.38%;Пневматические гайковерты;Так;*;Ні;
KAAJ2480;"Пневмогайковерт 3/4 ""1085N / m 8000об / хв 2,36кг TOPTUL KAA";ok;14733.00;14733.00;+0.00%;18330.00;16270.00;-11.24%;10.38%;Пневматические гайковерты;Так;*;Ні;
KAAJ3214;"Пневмогайковерт 1 ""1898N/m 6000об/хв 3,82кг композитний корп";ok;26725.00;26725.00;+0.00%;33230.00;29500.00;-11.22%;10.38%;Пневматические гайковерты;Так;*;Ні;
KAAL1610;"Тріскачка пневматична 1/2 ""136N/m 600об/хв TOPTUL KAAL1610";ok;9824.00;9824.00;+0.00%;12230.00;10850.00;-11.28%;10.38%;Пневматические гайковерты;Ні;*;Так;відсутній у фіді
KAAL1612;"Тріскачка пневматична 1/2 "" 163N / m 600об / хв TOPTUL KAAL1";ok;12895.00;12895.00;+0.00%;16050.00;14240.00;-11.28%;10.38%;Пневматические гайковерты;Так;*;Ні;
KAAM1606;"Пневмогайковерт 1/2 ""90-814N / m 8000об / хв 2,15кг для шино";ok;10978.00;10978.00;+0.00%;13670.00;12120.00;-11.34%;10.38%;Пневматические гайковерты;Ні;*;Так;відсутній у фіді
KAAQ1650;"Пневмогайковерт 1/2 "" 678 Nm 9500об / хв 1,65кг супер -корот";ok;7808.00;7808.00;+0.00%;9730.00;8620.00;-11.41%;10.38%;Пневматические гайковерты;Так;*;Ні;
KAAR1650;"Пневмогайковерт 1/2 ""678 Nm 9500об / хв 1,32кг TOPTUL KAAR16";ok;7393.00;7393.00;+0.00%;9210.00;8170.00;-11.29%;10.38%;Пневматические гайковерты;Так;*;Ні;
KAAS1630;"Пневмогайковерт 1/2 ""407N / m 6500об / хв 1,4кг TOPTUL KAAS1";ok;9974.00;9974.00;+0.00%;12420.00;11010.00;-11.35%;10.38%;Пневматические гайковерты;Так;*;Ні;
KAAU0808;"Пневмогайковерт 1/4"" 108N/m 12000об/мин Mini Butterfly Type ";ok;5575.00;5575.00;+0.00%;6950.00;6160.00;-11.37%;10.38%;Пневматические гайковерты;Так;*;Ні;
KAAU1208;"Пневмогайковерт 3/8"" 108N/m 12000об/мин Mini Butterfly Type ";ok;5575.00;5575.00;+0.00%;6950.00;6160.00;-11.37%;10.38%;Пневматические гайковерты;Так;*;Ні;
KAAX1660;"Пневмогайковерт 1/2"" 813N/m 10000об/хв 1,92кг (Pro-Series) T";ok;8423.00;8423.00;+0.00%;10490.00;9300.00;-11.34%;10.38%;Пневматические гайковерты;Так;*;Ні;
KABA1608;"Головка торцева ударна 1/2"" 8мм TOPTUL KABA1608";ok;89.00;89.00;+0.00%;140.00;110.00;-21.43%;15.14%;Торцевые головки;Так;*;Так;подешевшало на 21.4%
KABA1609;"Головка торцева ударна 1/2"" 9мм TOPTUL KABA1609";ok;110.00;110.00;+0.00%;160.00;130.00;-18.75%;15.14%;Торцевые головки;Так;*;Ні;
KABA1610;"Головка торцева ударна 1/2"" 10мм TOPTUL KABA1610";ok;89.00;89.00;+0.00%;140.00;110.00;-21.43%;15.14%;Торцевые головки;Так;*;Так;подешевшало на 21.4%
KABA1611;"Головка торцева ударна 1/2"" 11мм TOPTUL KABA1611";ok;89.00;89.00;+0.00%;140.00;110.00;-21.43%;15.14%;Торцевые головки;Так;*;Так;подешевшало на 21.4%
KABA1612;"Головка торцева ударна 1/2"" 12мм TOPTUL KABA1612";ok;89.00;89.00;+0.00%;140.00;110.00;-21.43%;15.14%;Торцевые головки;Так;*;Так;подешевшало на 21.4%
KABA1613;"Головка торцева ударна 1/2"" 13мм TOPTUL KABA1613";ok;89.00;89.00;+0.00%;140.00;110.00;-21.43%;15.14%;Торцевые головки;Так;*;Так;подешевшало на 21.4%
KABA1614;"Головка торцева ударна 1/2"" 14мм TOPTUL KABA1614";ok;89.00;89.00;+0.00%;140.00;110.00;-21.43%;15.14%;Торцевые головки;Так;*;Так;подешевшало на 21.4%
KABA1615;"Головка торцева ударна 1/2"" 15мм TOPTUL KABA1615";ok;117.00;117.00;+0.00%;170.00;140.00;-17.65%;15.14%;Торцевые головки;Так;*;Ні;
KABA1616;"Головка торцева ударна 1/2"" 16мм TOPTUL KABA1616";ok;117.00;117.00;+0.00%;170.00;140.00;-17.65%;15.14%;Торцевые головки;Так;*;Ні;
KABA1617;"Головка торцева ударна 1/2"" 17мм TOPTUL KABA1617";ok;117.00;117.00;+0.00%;170.00;140.00;-17.65%;15.14%;Торцевые головки;Так;*;Ні;
KABA1618;"Головка торцева ударна 1/2"" 18мм TOPTUL KABA1618";ok;117.00;117.00;+0.00%;180.00;140.00;-22.22%;15.14%;Торцевые головки;Так;*;Так;подешевшало на 22.2%
KABA1619;"Головка торцева ударна 1/2"" 19мм TOPTUL KABA1619";ok;117.00;117.00;+0.00%;170.00;140.00;-17.65%;15.14%;Торцевые головки;Так;*;Ні;
KABA1620;"Головка торцева ударна 1/2"" 20мм TOPTUL KABA1620";ok;117.00;117.00;+0.00%;170.00;140.00;-17.65%;15.14%;Торцевые головки;Так;*;Ні;
KABA1621;"Головка торцева ударна 1/2"" 21мм TOPTUL KABA1621";ok;117.00;117.00;+0.00%;170.00;140.00;-17.65%;15.14%;Торцевые головки;Так;*;Ні;
KABA1622;"Головка торцева ударна 1/2"" 22мм TOPTUL KABA1622";ok;135.00;135.00;+0.00%;200.00;160.00;-20.00%;15.14%;Торцевые головки;Так;*;Так;подешевшало на 20.0%
KABA1623;"Головка торцева ударна 1/2"" 23мм TOPTUL KABA1623";ok;140.00;140.00;+0.00%;200.00;170.00;-15.00%;15.14%;Торцевые головки;Так;*;Ні;
KABA1624;"Головка торцева ударна 1/2"" 24мм TOPTUL KABA1624";ok;141.00;141.00;+0.00%;200.00;170.00;-15.00%;15.14%;Торцевые головки;Так;*;Ні;
KABA1627;"Головка торцева ударна 1/2"" 27мм TOPTUL KABA1627";ok;168.00;168.00;+0.00%;240.00;200.00;-16.67%;15.14%;Торцевые головки;Так;*;Ні;
KABA1630;"Головка торцева ударна 1/2"" 30мм TOPTUL KABA1630";ok;213.00;213.00;+0.00%;290.00;250.00;-13.79%;15.14%;Торцевые головки;Так;*;Ні;
KABA1632;"Головка торцева ударна 1/2"" 32мм TOPTUL KABA1632";ok;241.00;241.00;+0.00%;330.00;280.00;-15.15%;15.14%;Торцевые головки;Так;*;Ні;
KABA1633;"Головка торцева ударна 1/2"" 33мм TOPTUL KABA1633";ok;354.00;354.00;+0.00%;470.00;410.00;-12.77%;15.14%;Торцевые головки;Так;*;Ні;
KABA1634;"Головка торцева ударна 1/2"" 34мм TOPTUL KABA1634";ok;361.00;361.00;+0.00%;480.00;420.00;-12.50%;15.14%;Торцевые головки;Так;*;Ні;
KABA1636;"Головка торцева ударна 1/2"" 36мм TOPTUL KABA1636";ok;422.00;422.00;+0.00%;550.00;490.00;-10.91%;15.14%;Торцевые головки;Так;*;Ні;
KABA1638;"Головка торцева ударна 1/2"" 38мм TOPTUL KABA1638";ok;440.00;440.00;+0.00%;570.00;510.00;-10.53%;15.14%;Торцевые головки;Так;*;Ні;
KABA1641;"Головка торцева ударна 1/2"" 41мм TOPTUL KABA1641";ok;455.00;455.00;+0.00%;590.00;530.00;-10.17%;15.14%;Торцевые головки;Так;*;Ні;
KABA2417;"Головка торцева ударна 3/4"" 17мм TOPTUL KABA2417";ok;299.00;299.00;+0.00%;400.00;350.00;-12.50%;15.14%;Торцевые головки;Так;*;Ні;
KABA2419;"Головка торцева ударна 3/4"" 19мм TOPTUL KABA2419";ok;299.00;299.00;+0.00%;400.00;350.00;-12.50%;15.14%;Торцевые головки;Так;*;Ні;
KABA2421;"Головка торцева ударна 3/4"" 21мм TOPTUL KABA2421";ok;299.00;299.00;+0.00%;400.00;350.00;-12.50%;15.14%;Торцевые головки;Так;*;Ні;
KABA2422;"Головка торцева ударна 3/4"" 22мм TOPTUL KABA2422";ok;299.00;299.00;+0.00%;400.00;350.00;-12.50%;15.14%;Торцевые головки;Так;*;Ні;
KABA2424;"Головка торцева ударна 3/4"" 24мм TOPTUL KABA2424";ok;299.00;299.00;+0.00%;400.00;350.00;-12.50%;15.14%;Торцевые головки;Так;*;Ні;
KABA2427;"Головка торцева ударна 3/4"" 27мм TOPTUL KABA2427";ok;299.00;299.00;+0.00%;400.00;350.00;-12.50%;15.14%;Торцевые головки;Так;*;Ні;
KABA2430;"Головка торцева ударна 3/4"" 30мм TOPTUL KABA2430";ok;358.00;358.00;+0.00%;470.00;420.00;-10.64%;15.14%;Торцевые головки;Так;*;Ні;
KABA2432;"Головка торцева ударна 3/4"" 32мм TOPTUL KABA2432";ok;405.00;405.00;+0.00%;530.00;470.00;-11.32%;15.14%;Торцевые головки;Так;*;Ні;
KABA2433;"Головка торцева ударна 3/4"" 33мм TOPTUL KABA2433";ok;411.00;411.00;+0.00%;540.00;480.00;-11.11%;15.14%;Торцевые головки;Так;*;Ні;
KABA2434;"Головка торцева ударна 3/4"" 34мм TOPTUL KABA2434";ok;422.00;422.00;+0.00%;550.00;490.00;-10.91%;15.14%;Торцевые головки;Так;*;Ні;
KABA2436;"Головка торцева ударна 3/4"" 36мм TOPTUL KABA2436";ok;436.00;436.00;+0.00%;570.00;510.00;-10.53%;15.14%;Торцевые головки;Так;*;Ні;
KABA2438;"Головка торцева ударна 3/4"" 38мм TOPTUL KABA2438";ok;466.00;466.00;+0.00%;610.00;540.00;-11.48%;15.14%;Торцевые головки;Так;*;Ні;
KABA2441;"Головка торцева ударна 3/4"" 41мм TOPTUL KABA2441";ok;515.00;515.00;+0.00%;670.00;600.00;-10.45%;15.14%;Торцевые головки;Так;*;Ні;
KABA2446;"Головка торцева ударна 3/4"" 46мм TOPTUL KABA2446";ok;654.00;654.00;+0.00%;840.00;760.00;-9.52%;15.14%;Торцевые головки;Так;*;Ні;
KABA3222;"Головка торцева ударна 1"" 22мм TOPTUL KABA3222";ok;626.00;626.00;+0.00%;810.00;730.00;-9.88%;15.14%;Торцевые головки;Так;*;Ні;
KABA3224;"Головка торцева ударна 1"" 24мм TOPTUL KABA3224";ok;626.00;626.00;+0.00%;810.00;730.00;-9.88%;15.14%;Торцевые головки;Так;*;Ні;
KABA3227;"Головка торцева ударна 1"" 27мм TOPTUL KABA3227";ok;626.00;626.00;+0.00%;810.00;730.00;-9.88%;15.14%;Торцевые головки;Так;*;Ні;
KABA3230;"Головка торцева ударна 1"" 30мм TOPTUL KABA3230";ok;626.00;626.00;+0.00%;810.00;730.00;-9.88%;15.14%;Торцевые головки;Так;*;Ні;
KABA3232;"Головка торцева ударна 1"" 32мм TOPTUL KABA3232";ok;626.00;626.00;+0.00%;810.00;730.00;-9.88%;15.14%;Торцевые головки;Так;*;Ні;
KABA3233;"Головка торцева ударна 1"" 33мм TOPTUL KABA3233";ok;626.00;626.00;+0.00%;810.00;730.00;-9.88%;15.14%;Торцевые головки;Так;*;Ні;
KABA3236;"Головка торцева ударна 1"" 36мм TOPTUL KABA3236";ok;689.00;689.00;+0.00%;880.00;800.00;-9.09%;15.14%;Торцевые головки;Так;*;Ні;
KABA3238;"Головка торцева ударна 1"" 38мм TOPTUL KABA3238";ok;727.00;727.00;+0.00%;930.00;840.00;-9.68%;15.14%;Торцевые головки;Так;*;Ні;
KABA3241;"Головка торцева ударна 1"" 41мм TOPTUL KABA3241";ok;806.00;806.00;+0.00%;1030.00;930.00;-9.71%;15.14%;Торцевые головки;Так;*;Ні;
KABA3246;"Головка торцева ударна 1"" 46мм TOPTUL KABA3246";ok;1017.00;1017.00;+0.00%;1290.00;1180.00;-8.53%;15.14%;Торцевые головки;Так;*;Ні;
KABA3250;"Головка торцева ударна 1"" 50мм TOPTUL KABA3250";ok;1165.00;1165.00;+0.00%;1480.00;1350.00;-8.78%;15.14%;Торцевые головки;Так;*;Ні;
KABA3255;"Головка торцева ударна 1"" 55мм TOPTUL KABA3255";ok;1375.00;1375.00;+0.00%;1740.00;1590.00;-8.62%;15.14%;Торцевые головки;Так;*;Ні;
KABA3260;"Головка торцева ударна 1"" 60мм TOPTUL KABA3260";ok;1598.00;1598.00;+0.00%;2010.00;1840.00;-8.46%;15.14%;Торцевые головки;Так;*;Ні;
KABA3265;"Головка торцева ударна 1"" 65мм TOPTUL KABA3265";ok;1958.00;1958.00;+0.00%;2460.00;2260.00;-8.13%;15.14%;Торцевые головки;Так;*;Ні;
KABA3270;"Головка торцева ударна 1"" 70мм TOPTUL KABA3270";ok;2305.00;2305.00;+0.00%;2890.00;2660.00;-7.96%;15.14%;Торцевые головки;Так;*;Ні;
KABA3275;"Головка торцева ударна 1"" 75мм TOPTUL KABA3275";ok;3025.00;3025.00;+0.00%;3790.00;3490.00;-7.92%;15.14%;Торцевые головки;Так;*;Ні;
KABA3280;"Головка торцева ударна 1"" 80мм TOPTUL KABA3280";ok;3470.00;3470.00;+0.00%;4340.00;4000.00;-7.83%;15.14%;Торцевые головки;Так;*;Ні;
KABA3285;"Головка торцева ударна 1"" 85мм TOPTUL KABA3285";ok;4323.00;4323.00;+0.00%;5400.00;4980.00;-7.78%;15.14%;Торцевые головки;Так;*;Ні;
KABA3290;"Головка торцева ударна 1"" 90мм TOPTUL KABA3290";ok;5057.00;5057.00;+0.00%;6310.00;5830.00;-7.61%;15.14%;Торцевые головки;Так;*;Ні;
KABA3295;"Головка торцева ударна 1"" 95мм TOPTUL KABA3295";ok;7374.00;7374.00;+0.00%;9190.00;8500.00;-7.51%;15.14%;Торцевые головки;Так;*;Ні;
KABA4841;"Головка торцева ударна 1-1/2"" 41мм TOPTUL KABA4841";ok;4614.00;4614.00;+0.00%;5760.00;5320.00;-7.64%;15.14%;Торцевые головки;Так;*;Ні;
KABA4846;"Головка торцева ударна 1-1/2"" 46мм TOPTUL KABA4846";ok;5045.00;5045.00;+0.00%;6300.00;5810.00;-7.78%;15.14%;Торцевые головки;Так;*;Ні;
KABA4850;"Головка торцева ударна 1-1/2"" 50мм TOPTUL KABA4850";ok;5116.00;5116.00;+0.00%;6380.00;5900.00;-7.52%;15.14%;Торцевые головки;Ні;*;Так;відсутній у фіді
KABA4855;"Головка торцева ударна 1-1/2"" 55мм TOPTUL KABA4855";ok;5234.00;5234.00;+0.00%;6530.00;6030.00;-7.66%;15.14%;Торцевые головки;Так;*;Ні;
KABA4860;"Головка торцева ударна 1-1/2"" 60мм TOPTUL KABA4860";ok;5850.00;5850.00;+0.00%;7300.00;6740.00;-7.67%;15.14%;Торцевые головки;Так;*;Ні;
KABA4865;"Головка торцева ударна 1-1/2"" 65мм TOPTUL KABA4865";ok;6187.00;6187.00;+0.00%;7710.00;7130.00;-7.52%;15.14%;Торцевые головки;Так;*;Ні;
KABA4870;"Головка торцева ударна 1-1/2"" 70мм TOPTUL KABA4870";ok;7275.00;7275.00;+0.00%;9070.00;8380.00;-7.61%;15.14%;Торцевые головки;Так;*;Ні;
KABA4875;"Головка торцева ударна 1-1/2"" 75мм TOPTUL KABA4875";ok;7813.00;7813.00;+0.00%;9730.00;9000.00;-7.50%;15.14%;Торцевые головки;Так;*;Ні;
KABA4880;"Головка торцева ударна 1-1/2"" 80мм TOPTUL KABA4880";ok;8545.00;8545.00;+0.00%;10640.00;9840.00;-7.52%;15.14%;Торцевые головки;Ні;*;Так;відсутній у фіді
KABA4885;"Головка торцева ударна 1-1/2"" 85мм TOPTUL KABA4885";ok;9286.00;9286.00;+0.00%;14030.00;10700.00;-23.73%;15.14%;Торцевые головки;Ні;*;Так;відсутній у фіді + подешевшало на 23.7%
KABA4890;"Головка торцева ударна 1-1/2"" 90мм TOPTUL KABA4890";ok;12256.00;12256.00;+0.00%;15250.00;14120.00;-7.41%;15.14%;Торцевые головки;Так;*;Ні;
KABA4895;"Головка торцева ударна 1-1/2"" 95мм TOPTUL KABA4895";ok;11979.00;11979.00;+0.00%;14910.00;13800.00;-7.44%;15.14%;Торцевые головки;Так;*;Ні;
KABA48A0;"Головка торцева ударна 1-1/2"" 100мм TOPTUL KABA48A0";ok;14081.00;14081.00;+0.00%;17520.00;16220.00;-7.42%;15.14%;Торцевые головки;Так;*;Ні;
KABA48A5;"Головка торцева ударна 1-1/2"" 105мм TOPTUL KABA48A5";ok;16729.00;16729.00;+0.00%;20810.00;19270.00;-7.40%;15.14%;Торцевые головки;Так;*;Ні;
KABA48B0;"Головка торцева ударна 1-1/2"" 110мм TOPTUL KABA48B0";ok;18161.00;18161.00;+0.00%;22590.00;20920.00;-7.39%;15.14%;Торцевые головки;Так;*;Ні;
KABA48B5;"Головка торцева ударна 1-1/2"" 115мм TOPTUL KABA48B5";ok;19545.00;19545.00;+0.00%;24310.00;22510.00;-7.40%;15.14%;Торцевые головки;Так;*;Ні;
KABA48C0;"Головка торцева ударна 1-1/2"" 120мм TOPTUL KABA48C0";ok;22862.00;22862.00;+0.00%;28430.00;26330.00;-7.39%;15.14%;Торцевые головки;Так;*;Ні;
KABA8075;"Головка торцева ударна 2-1/2"" 75мм TOPTUL KABA8075";ok;16003.00;16003.00;+0.00%;19910.00;18430.00;-7.43%;15.14%;Торцевые головки;Так;*;Ні;
KABA8080;"Головка торцева ударна 2-1/2"" 80мм TOPTUL KABA8080";ok;16003.00;16003.00;+0.00%;19910.00;18430.00;-7.43%;15.14%;Торцевые головки;Так;*;Ні;
KABA8085;"Головка торцева ударна 2-1/2"" 85мм TOPTUL KABA8085";ok;17680.00;17680.00;+0.00%;21990.00;20360.00;-7.41%;15.14%;Торцевые головки;Так;*;Ні;
KABA8090;"Головка торцева ударна 2-1/2"" 90мм TOPTUL KABA8090";ok;18219.00;18219.00;+0.00%;22660.00;20980.00;-7.41%;15.14%;Торцевые головки;Так;*;Ні;
KABA8095;"Головка торцева ударна 2-1/2"" 95мм TOPTUL KABA8095";ok;20085.00;20085.00;+0.00%;24980.00;23130.00;-7.41%;15.14%;Торцевые головки;Так;*;Ні;
KABA80A0;"Головка торцева ударна 2-1/2"" 100мм TOPTUL KABA80A0";ok;26534.00;26534.00;+0.00%;32990.00;30560.00;-7.37%;15.14%;Торцевые головки;Так;*;Ні;
KABA80A5;"Головка торцева ударна 2-1/2"" 105мм TOPTUL KABA80A5";ok;23048.00;23048.00;+0.00%;28660.00;26540.00;-7.40%;15.14%;Торцевые головки;Так;*;Ні;
KABA80B0;"Головка торцева ударна 2-1/2"" 110мм TOPTUL KABA80B0";ok;24493.00;24493.00;+0.00%;30460.00;28210.00;-7.39%;15.14%;Торцевые головки;Так;*;Ні;
KABA80B5;"Головка торцева ударна 2-1/2"" 115мм TOPTUL KABA80B5";ok;28415.00;28415.00;+0.00%;35330.00;32720.00;-7.39%;15.14%;Торцевые головки;Так;*;Ні;
KABA80C0;"Головка торцева ударна 2-1/2"" 120мм TOPTUL KABA80C0";ok;29720.00;29720.00;+0.00%;36950.00;34220.00;-7.39%;15.14%;Торцевые головки;Так;*;Ні;
KABC1622;"Головка ударна довга 1/2"" для шиномонтажу 22мм TOPTUL KABC16";ok;359.00;359.00;+0.00%;470.00;420.00;-10.64%;15.14%;Торцевые головки;Ні;*;Так;відсутній у фіді
KABE1608;"Головка торцева ударна довга 1/2"" 8мм TOPTUL KABE1608";ok;182.00;182.00;+0.00%;250.00;210.00;-16.00%;15.14%;Торцевые головки;Так;*;Ні;
KABE1609;"Головка торцева ударна довга 1/2"" 9мм TOPTUL KABE1609";ok;182.00;182.00;+0.00%;250.00;210.00;-16.00%;15.14%;Торцевые головки;Так;*;Ні;
KABE1610;"Головка торцева ударна довга 1/2"" 10мм TOPTUL KABE1610";ok;182.00;182.00;+0.00%;250.00;210.00;-16.00%;15.14%;Торцевые головки;Так;*;Ні;
KABE1611;"Головка торцева ударна довга 1/2"" 11мм TOPTUL KABE1611";ok;182.00;182.00;+0.00%;250.00;210.00;-16.00%;15.14%;Торцевые головки;Так;*;Ні;
KABE1612;"Головка торцева ударна довга 1/2"" 12мм TOPTUL KABE1612";ok;182.00;182.00;+0.00%;250.00;210.00;-16.00%;15.14%;Торцевые головки;Так;*;Ні;
KABE1613;"Головка торцева ударна довга 1/2"" 13мм TOPTUL KABE1613";ok;182.00;182.00;+0.00%;250.00;210.00;-16.00%;15.14%;Торцевые головки;Так;*;Ні;
KABE1614;"Головка торцева ударна довга 1/2"" 14мм TOPTUL KABE1614";ok;182.00;182.00;+0.00%;250.00;210.00;-16.00%;15.14%;Торцевые головки;Так;*;Ні;
KABE1615;"Головка торцева ударна довга 1/2"" 15мм TOPTUL KABE1615";ok;211.00;211.00;+0.00%;290.00;250.00;-13.79%;15.14%;Торцевые головки;Так;*;Ні;
KABE1616;"Головка торцева ударна довга 1/2"" 16мм TOPTUL KABE1616";ok;211.00;211.00;+0.00%;290.00;250.00;-13.79%;15.14%;Торцевые головки;Так;*;Ні;
KABE1617;"Головка торцева ударна довга 1/2"" 17мм TOPTUL KABE1617";ok;211.00;211.00;+0.00%;290.00;250.00;-13.79%;15.14%;Торцевые головки;Так;*;Ні;
KABE1618;"Головка торцева ударна довга 1/2"" 18мм TOPTUL KABE1618";ok;211.00;211.00;+0.00%;290.00;250.00;-13.79%;15.14%;Торцевые головки;Так;*;Ні;
KABE1619;"Головка торцева ударна довга 1/2"" 19мм TOPTUL KABE1619";ok;211.00;211.00;+0.00%;290.00;250.00;-13.79%;15.14%;Торцевые головки;Так;*;Ні;
KABE1621;"Головка торцева ударна довга 1/2"" 21мм TOPTUL KABE1621";ok;211.00;211.00;+0.00%;290.00;250.00;-13.79%;15.14%;Торцевые головки;Так;*;Ні;
KABE1622;"Головка торцева ударна довга 1/2"" 22мм TOPTUL KABE1622";ok;206.00;206.00;+0.00%;290.00;240.00;-17.24%;15.14%;Торцевые головки;Так;*;Ні;
KABE1624;"Головка торцева ударна довга 1/2"" 24мм TOPTUL KABE1624";ok;226.00;226.00;+0.00%;330.00;270.00;-18.18%;15.14%;Торцевые головки;Так;*;Ні;
KABE1627;"Головка торцева ударна довга 1/2"" 27мм TOPTUL KABE1627";ok;293.00;293.00;+0.00%;390.00;340.00;-12.82%;15.14%;Торцевые головки;Так;*;Ні;
KABE1630;"Головка торцева ударна довга 1/2"" 30мм TOPTUL KABE1630";ok;356.00;356.00;+0.00%;490.00;410.00;-16.33%;15.14%;Торцевые головки;Так;*;Ні;
KABE1632;"Головка торцева ударна довга 1/2"" 32мм TOPTUL KABE1632";ok;374.00;374.00;+0.00%;490.00;440.00;-10.20%;15.14%;Торцевые головки;Так;*;Ні;
KABE1633;"Головка торцева ударна довга 1/2"" 33мм TOPTUL KABE1633";ok;436.00;436.00;+0.00%;570.00;510.00;-10.53%;15.14%;Торцевые головки;Так;*;Ні;
KABE1634;"Головка торцева ударна довга 1/2"" 34мм TOPTUL KABE1634";ok;450.00;450.00;+0.00%;590.00;520.00;-11.86%;15.14%;Торцевые головки;Так;*;Ні;
KABE1636;"Головка торцева ударна довга 1/2"" 36мм TOPTUL KABE1636";ok;521.00;521.00;+0.00%;680.00;600.00;-11.76%;15.14%;Торцевые головки;Так;*;Ні;
KABE1638;"Головка торцева ударна довга 1/2"" 38мм TOPTUL KABE1638";ok;554.00;554.00;+0.00%;720.00;640.00;-11.11%;15.14%;Торцевые головки;Так;*;Ні;
KABE1641;"Головка торцева ударна довга 1/2"" 41мм TOPTUL KABE1641";ok;589.00;589.00;+0.00%;760.00;680.00;-10.53%;15.14%;Торцевые головки;Так;*;Ні;
KABE2419;"Головка торцева ударна 3/4"" довга 19мм TOPTUL KABE2419";ok;548.00;548.00;+0.00%;710.00;640.00;-9.86%;15.14%;Торцевые головки;Так;*;Ні;
KABE2421;"Головка торцева ударна 3/4"" довга 21мм TOPTUL KABE2421";ok;548.00;548.00;+0.00%;710.00;640.00;-9.86%;15.14%;Торцевые головки;Так;*;Ні;
KABE2422;"Головка торцева ударна 3/4"" довга 22мм TOPTUL KABE2422";ok;548.00;548.00;+0.00%;710.00;640.00;-9.86%;15.14%;Торцевые головки;Так;*;Ні;
KABE2424;"Головка торцева ударна 3/4"" довга 24мм TOPTUL KABE2424";ok;548.00;548.00;+0.00%;710.00;640.00;-9.86%;15.14%;Торцевые головки;Так;*;Ні;
KABE2427;"Головка торцева ударна 3/4"" довга 27мм TOPTUL KABE2427";ok;548.00;548.00;+0.00%;710.00;640.00;-9.86%;15.14%;Торцевые головки;Так;*;Ні;
KABE2430;"Головка торцева ударна 3/4"" довга 30мм TOPTUL KABE2430";ok;603.00;603.00;+0.00%;780.00;700.00;-10.26%;15.14%;Торцевые головки;Так;*;Ні;
KABE2432;"Головка торцева ударна 3/4"" довга 32мм TOPTUL KABE2432";ok;634.00;634.00;+0.00%;820.00;730.00;-10.98%;15.14%;Торцевые головки;Так;*;Ні;
KABE2433;"Головка торцева ударна 3/4"" довга 33мм TOPTUL KABE2433";ok;653.00;653.00;+0.00%;840.00;760.00;-9.52%;15.14%;Торцевые головки;Так;*;Ні;
KABE2434;"Головка торцева ударна 3/4"" довга 34мм TOPTUL KABE2434";ok;663.00;663.00;+0.00%;850.00;770.00;-9.41%;15.14%;Торцевые головки;Так;*;Ні;
KABE2436;"Головка торцева ударна 3/4"" довга 36мм TOPTUL KABE2436";ok;702.00;702.00;+0.00%;900.00;810.00;-10.00%;15.14%;Торцевые головки;Так;*;Ні;
KABE2438;"Головка торцева ударна 3/4"" довга 38мм TOPTUL KABE2438";ok;725.00;725.00;+0.00%;930.00;840.00;-9.68%;15.14%;Торцевые головки;Так;*;Ні;
KABE2441;"Головка торцева ударна 3/4"" довга 41мм TOPTUL KABE2441";ok;813.00;813.00;+0.00%;1040.00;940.00;-9.62%;15.14%;Торцевые головки;Так;*;Ні;
KABE2446;Головка торцева ударна 3/4'' довга 46мм TOPTUL KABE2446;ok;953.00;953.00;+0.00%;1210.00;1100.00;-9.09%;15.14%;Торцевые головки;Так;*;Ні;
KABE3222;"Головка торцева ударна 1"" довга 22мм TOPTUL KABE3222";ok;1064.00;1064.00;+0.00%;1350.00;1230.00;-8.89%;15.14%;Торцевые головки;Так;*;Ні;
KABE3224;"Головка торцева ударна 1"" довга 24мм TOPTUL KABE3224";ok;1064.00;1064.00;+0.00%;1350.00;1230.00;-8.89%;15.14%;Торцевые головки;Так;*;Ні;
KABE3227;"Головка торцева ударна 1"" довга 27мм TOPTUL KABE3227";ok;1064.00;1064.00;+0.00%;1350.00;1230.00;-8.89%;15.14%;Торцевые головки;Так;*;Ні;
KABE3230;"Головка торцева ударна 1"" довга 30мм TOPTUL KABE3230";ok;1064.00;1064.00;+0.00%;1350.00;1230.00;-8.89%;15.14%;Торцевые головки;Так;*;Ні;
KABE3232;"Головка торцева ударна 1"" довга 32мм TOPTUL KABE3232";ok;1064.00;1064.00;+0.00%;1350.00;1230.00;-8.89%;15.14%;Торцевые головки;Так;*;Ні;
KABE3233;"Головка торцева ударна 1"" довга 33мм TOPTUL KABE3233";ok;1064.00;1064.00;+0.00%;1350.00;1230.00;-8.89%;15.14%;Торцевые головки;Так;*;Ні;
KABE3236;"Головка торцева ударна 1"" довга 36мм TOPTUL KABE3236";ok;1092.00;1092.00;+0.00%;1380.00;1260.00;-8.70%;15.14%;Торцевые головки;Так;*;Ні;
KABE3238;"Головка торцева ударна 1"" довга 38мм TOPTUL KABE3238";ok;1115.00;1115.00;+0.00%;1410.00;1290.00;-8.51%;15.14%;Торцевые головки;Так;*;Ні;
KABE3241;"Головка торцева ударна 1"" довга 41мм TOPTUL KABE3241";ok;1241.00;1241.00;+0.00%;1570.00;1430.00;-8.92%;15.14%;Торцевые головки;Так;*;Ні;
KABE3246;"Головка торцева ударна 1"" довга 46мм TOPTUL KABE3246";ok;1449.00;1449.00;+0.00%;1830.00;1670.00;-8.74%;15.14%;Торцевые головки;Так;*;Ні;
KABE3250;"Головка торцева ударна 1"" довга 50мм TOPTUL KABE3250";ok;1658.00;1658.00;+0.00%;2090.00;1910.00;-8.61%;15.14%;Торцевые головки;Так;*;Ні;
KABE3255;"Головка торцева ударна 1"" довга 55мм TOPTUL KABE3255";ok;2185.00;2185.00;+0.00%;2740.00;2520.00;-8.03%;15.14%;Торцевые головки;Так;*;Ні;
KABE3260;"Головка торцева ударна 1"" довга 60мм TOPTUL KABE3260";ok;2400.00;2400.00;+0.00%;3010.00;2770.00;-7.97%;15.14%;Торцевые головки;Так;*;Ні;
KABE3265;"Головка торцева ударна 1"" довга 65мм TOPTUL KABE3265";ok;2681.00;2681.00;+0.00%;3360.00;3090.00;-8.04%;15.14%;Торцевые головки;Так;*;Ні;
KABE3270;"Головка торцева ударна 1"" довга 70мм TOPTUL KABE3270";ok;3032.00;3032.00;+0.00%;3800.00;3500.00;-7.89%;15.14%;Торцевые головки;Так;*;Ні;
KABJ1630;"Головка торцева ударна довга 1/2"" 30мм 12-гр TOPTUL KABJ1630";ok;477.00;477.00;+0.00%;620.00;550.00;-11.29%;15.14%;Торцевые головки;Так;*;Ні;
KABJ1632;"Головка торцева ударна довга 1/2"" 32мм 12-гр TOPTUL KABJ1632";ok;507.00;507.00;+0.00%;660.00;590.00;-10.61%;15.14%;Торцевые головки;Так;*;Ні;
KABJ1636;"Головка торцева ударна довга 1/2"" 36мм 12-гр TOPTUL KABJ1636";ok;896.00;896.00;+0.00%;1140.00;1040.00;-8.77%;15.14%;Торцевые головки;Так;*;Ні;
KABK1610;"Головка торцева ударна 1/2"" E10 TOPTUL KABK1610";ok;123.00;123.00;+0.00%;180.00;150.00;-16.67%;15.14%;Торцевые головки;Так;*;Ні;
KABK1612;"Головка торцева ударна 1/2"" E12 TOPTUL KABK1612";ok;123.00;123.00;+0.00%;180.00;150.00;-16.67%;15.14%;Торцевые головки;Так;*;Ні;
KABK1614;"Головка торцева ударна 1/2"" E14 TOPTUL KABK1614";ok;123.00;123.00;+0.00%;180.00;150.00;-16.67%;15.14%;Торцевые головки;Так;*;Ні;
KABK1616;"Головка торцева ударна 1/2"" E16 TOPTUL KABK1616";ok;123.00;123.00;+0.00%;180.00;150.00;-16.67%;15.14%;Торцевые головки;Так;*;Ні;
KABK1618;"Головка торцева ударна 1/2"" E18 TOPTUL KABK1618";ok;123.00;123.00;+0.00%;180.00;150.00;-16.67%;15.14%;Торцевые головки;Так;*;Ні;
KABK1620;"Головка торцева ударна 1/2"" E20 TOPTUL KABK1620";ok;124.00;124.00;+0.00%;180.00;150.00;-16.67%;15.14%;Торцевые головки;Так;*;Ні;
KABK1624;"Головка торцева ударна 1/2"" E24 TOPTUL KABK1624";ok;153.00;153.00;+0.00%;220.00;180.00;-18.18%;15.14%;Торцевые головки;Так;*;Ні;
KABM3217;"Головка ударна 1"" внутрішній квадрат 17мм TOPTUL KABM3217";ok;617.00;617.00;+0.00%;790.00;720.00;-8.86%;15.14%;Торцевые головки;Так;*;Ні;
KABM3219;"Головка ударна 1"" внутрішній квадрат 19мм TOPTUL KABM3219";ok;634.00;634.00;+0.00%;820.00;730.00;-10.98%;15.14%;Торцевые головки;Так;*;Ні;
KABM3221;"Головка ударна 1"" внутрішній квадрат 21мм TOPTUL KABM3221";ok;682.00;682.00;+0.00%;880.00;790.00;-10.23%;15.14%;Торцевые головки;Так;*;Ні;
KABP1615;"Головка ударна довга 1/2"" для шиномонтажу 15мм Pro-Series TO";ok;379.00;379.00;+0.00%;500.00;440.00;-12.00%;15.14%;Торцевые головки;Так;*;Ні;
KABP1617;"Головка ударна довга 1/2"" для шиномонтажу 17мм Pro-Series TO";ok;379.00;379.00;+0.00%;500.00;440.00;-12.00%;15.14%;Торцевые головки;Так;*;Ні;
KABP1619;"Головка ударна довга 1/2"" для шиномонтажу 19мм Pro-Series TO";ok;395.00;395.00;+0.00%;520.00;460.00;-11.54%;15.14%;Торцевые головки;Так;*;Ні;
KABP1621;"Головка ударна довга 1/2"" для шиномонтажу 21мм Pro-Series TO";ok;429.00;429.00;+0.00%;560.00;500.00;-10.71%;15.14%;Торцевые головки;Так;*;Ні;
KABP1622;"Головка ударна довга 1/2"" для шиномонтажу 22мм Pro-Series TO";ok;436.00;436.00;+0.00%;570.00;510.00;-10.53%;15.14%;Торцевые головки;Так;*;Ні;
KABQ1617;"Головка ударна довга 1/2"" для шиномонтажу 17мм (для Mercedes";ok;273.00;273.00;+0.00%;370.00;320.00;-13.51%;15.14%;Торцевые головки;Так;*;Ні;
KABR1613;Головка торцева ударна низькопрофільна з 6-гр хвостовиком 1/;ok;120.00;120.00;+0.00%;180.00;140.00;-22.22%;15.14%;Торцевые головки;Так;*;Так;подешевшало на 22.2%
KABR1617;Головка торцева ударна низькопрофільна з 6-гр хвостовиком 1/;ok;128.00;128.00;+0.00%;190.00;150.00;-21.05%;15.14%;Торцевые головки;Так;*;Так;подешевшало на 21.1%
KABR1619;Головка торцева ударна низькопрофільна з 6-гр хвостовиком 1/;ok;142.00;142.00;+0.00%;200.00;170.00;-15.00%;15.14%;Торцевые головки;Так;*;Ні;
KABS2424;"Головка торцева ударна довга 3/4"" E24 L110мм TOPTUL KABS2424";ok;812.00;812.00;+0.00%;1040.00;940.00;-9.62%;15.14%;Торцевые головки;Так;*;Ні;
KABX1617;"Головка ударна довга тонкостінна 1/2"" для шиномонтажу 17мм T";ok;231.00;231.00;+0.00%;320.00;270.00;-15.62%;15.14%;Торцевые головки;Так;*;Ні;
KABX1619;"Головка ударна довга тонкостінна 1/2"" для шиномонтажу 19мм T";ok;241.00;241.00;+0.00%;330.00;280.00;-15.15%;15.14%;Торцевые головки;Так;*;Ні;
KABX1621;"Головка ударна довга тонкостінна 1/2"" для шиномонтажу 21мм T";ok;253.00;253.00;+0.00%;340.00;300.00;-11.76%;15.14%;Торцевые головки;Так;*;Ні;
KACA1208;"Перехідник ударний 3/8"" х1/4"" TOPTUL KACA1208";ok;104.00;104.00;+0.00%;160.00;120.00;-25.00%;15.14%;Торцевые головки;Так;*;Так;подешевшало на 25.0%
KACA1624;"Перехідник ударний 1/2"" х3/4"" TOPTUL KACA1624";ok;245.00;245.00;+0.00%;330.00;290.00;-12.12%;15.14%;Торцевые головки;Так;*;Ні;
KACA2416;"Перехідник ударний 3/4"" х1/2"" TOPTUL KACA2416";ok;403.00;403.00;+0.00%;530.00;470.00;-11.32%;15.14%;Торцевые головки;Так;*;Ні;
KACA2432;"Перехідник ударний 3/4"" х1"" TOPTUL KACA2432";ok;468.00;468.00;+0.00%;610.00;540.00;-11.48%;15.14%;Торцевые головки;Так;*;Ні;
KACA3224;"Перехідник ударний 1"" х3/4"" TOPTUL KACA3224";ok;675.00;675.00;+0.00%;870.00;780.00;-10.34%;15.14%;Торцевые головки;Так;*;Ні;
KACA4832;"Перехідник ударний 1-1/2""х1"" TOPTUL KACA4832";ok;2653.00;2653.00;+0.00%;3320.00;3060.00;-7.83%;15.14%;Торцевые головки;Так;*;Ні;
KACE1603;"Подовжувач ударний 1/2"" 75мм TOPTUL KACE1603";ok;164.00;164.00;+0.00%;230.00;190.00;-17.39%;15.14%;Торцевые головки;Так;*;Ні;
KACE1605;"Подовжувач ударний 1/2"" 125мм TOPTUL KACE1605";ok;207.00;207.00;+0.00%;290.00;240.00;-17.24%;15.14%;Торцевые головки;Так;*;Ні;
KACE1610;"Подовжувач ударний 1/2"" 250мм TOPTUL KACE1610";ok;305.00;305.00;+0.00%;410.00;360.00;-12.20%;15.14%;Торцевые головки;Так;*;Ні;
KACE2404;"Подовжувач ударний 3/4"" 100мм TOPTUL KACE2404";ok;589.00;589.00;+0.00%;760.00;680.00;-10.53%;15.14%;Торцевые головки;Так;*;Ні;
KACE2410;"Подовжувач ударний 3/4"" 250мм TOPTUL KACE2410";ok;896.00;896.00;+0.00%;1140.00;1040.00;-8.77%;15.14%;Торцевые головки;Так;*;Ні;
KACE2413;"Подовжувач ударний 3/4"" 325мм TOPTUL KACE2413";ok;1147.00;1147.00;+0.00%;1450.00;1330.00;-8.28%;15.14%;Торцевые головки;Так;*;Ні;
KACE3207;"Подовжувач ударний 1"" 175мм TOPTUL KACE3207";ok;1151.00;1151.00;+0.00%;1460.00;1330.00;-8.90%;15.14%;Торцевые головки;Так;*;Ні;
KACE3210;"Подовжувач ударний 1"" 250мм TOPTUL KACE3210";ok;1423.00;1423.00;+0.00%;1800.00;1640.00;-8.89%;15.14%;Торцевые головки;Так;*;Ні;
KACE3213;"Подовжувач ударний 1"" 325мм TOPTUL KACE3213";ok;1728.00;1728.00;+0.00%;2180.00;1990.00;-8.72%;15.14%;Торцевые головки;Так;*;Ні;
KACN120B;"Кардан ударний 3/8"" посилений TOPTUL KACN120B";ok;292.00;292.00;+0.00%;390.00;340.00;-12.82%;15.14%;Торцевые головки;Так;*;Ні;
KACN160B;"Кардан ударний 1/2"" посилений TOPTUL KACN160B";ok;329.00;329.00;+0.00%;440.00;380.00;-13.64%;15.14%;Торцевые головки;Так;*;Ні;
KACN240P;"Кардан ударний 3/4"" посилений TOPTUL KACN240P";ok;1036.00;1036.00;+0.00%;1320.00;1200.00;-9.09%;15.14%;Торцевые головки;Так;*;Ні;
KACN320P;"Кардан ударний 1"" посилений TOPTUL KACN320P";ok;1714.00;1714.00;+0.00%;2160.00;1980.00;-8.33%;15.14%;Торцевые головки;Так;*;Ні;
KACP3248;"Перехідник ударний 1"" х1-1/2"" TOPTUL KACP3248";ok;1380.00;1380.00;+0.00%;1740.00;1590.00;-8.62%;15.14%;Торцевые головки;Так;*;Ні;
KACU3212;"Ударний карданний подовжувач 1"" TOPTUL KACU3212";ok;1810.00;1810.00;+0.00%;2280.00;2090.00;-8.33%;15.14%;Торцевые головки;Ні;*;Так;відсутній у фіді
KADA1630;"Головка ударна 1/2"" TORX T30 TOPTUL KADA1630";ok;194.00;194.00;+0.00%;270.00;230.00;-14.81%;15.14%;Торцевые головки;Так;*;Ні;
KADA1640;"Головка ударна 1/2"" TORX T40 TOPTUL KADA1640";ok;194.00;194.00;+0.00%;270.00;230.00;-14.81%;15.14%;Торцевые головки;Так;*;Ні;
KADA1645;"Головка ударна 1/2"" TORX T45 TOPTUL KADA1645";ok;194.00;194.00;+0.00%;270.00;230.00;-14.81%;15.14%;Торцевые головки;Так;*;Ні;
KADA1650;"Головка ударна 1/2"" TORX T50 TOPTUL KADA1650";ok;194.00;194.00;+0.00%;270.00;230.00;-14.81%;15.14%;Торцевые головки;Так;*;Ні;
KADA1655;"Головка ударна 1/2"" TORX T55 TOPTUL KADA1655";ok;207.00;207.00;+0.00%;290.00;240.00;-17.24%;15.14%;Торцевые головки;Так;*;Ні;
KADA1660;"Головка ударна 1/2"" TORX T60 TOPTUL KADA1660";ok;207.00;207.00;+0.00%;290.00;240.00;-17.24%;15.14%;Торцевые головки;Так;*;Ні;
KADA1670;"Головка ударна 1/2"" TORX T70 TOPTUL KADA1670";ok;207.00;207.00;+0.00%;290.00;240.00;-17.24%;15.14%;Торцевые головки;Так;*;Ні;
KADA2470;"Головка ударна 3/4"" TORX T70 TOPTUL KADA2470";ok;606.00;606.00;+0.00%;780.00;700.00;-10.26%;15.01%;Отверточные биты;Так;*;Ні;
KADA2480;"Головка ударна 3/4"" TORX T80 TOPTUL KADA2480";ok;621.00;621.00;+0.00%;800.00;720.00;-10.00%;15.01%;Отверточные биты;Так;*;Ні;
KADA2490;"Головка ударна 3/4"" TORX T90 TOPTUL KADA2490";ok;637.00;637.00;+0.00%;820.00;740.00;-9.76%;15.01%;Отверточные биты;Так;*;Ні;
KADA24A0;"Головка ударна 3/4"" TORX T100 TOPTUL KADA24A0";ok;658.00;658.00;+0.00%;850.00;760.00;-10.59%;15.01%;Отверточные биты;Так;*;Ні;
KADB1614L;"Головка ударна SPLINE М14 L77mm 1/2"" TOPTUL KADB1614L";ok;247.00;247.00;+0.00%;340.00;290.00;-14.71%;15.14%;Торцевые головки;Так;*;Ні;
KADB1614S;"Головка ударна SPLINE М14 L44mm 1/2"" TOPTUL KADB1614S";ok;205.00;205.00;+0.00%;280.00;240.00;-14.29%;15.14%;Торцевые головки;Так;*;Ні;
KADB1616L;"Головка ударна SPLINE М16 L77mm 1/2"" TOPTUL KADB1616L";ok;257.00;257.00;+0.00%;350.00;300.00;-14.29%;15.14%;Торцевые головки;Так;*;Ні;
KADB1616S;"Головка ударна SPLINE М16 L44mm 1/2"" TOPTUL KADB1616S";ok;216.00;216.00;+0.00%;300.00;250.00;-16.67%;15.14%;Торцевые головки;Так;*;Ні;
KADB1618L;"Головка ударна SPLINE М18 L77mm 1/2"" TOPTUL KADB1618L";ok;257.00;257.00;+0.00%;350.00;300.00;-14.29%;15.14%;Торцевые головки;Так;*;Ні;
KADB1618S;"Головка ударна SPLINE М18 L44mm 1/2"" TOPTUL KADB1618S";ok;217.00;217.00;+0.00%;290.00;250.00;-13.79%;15.14%;Торцевые головки;Так;*;Ні;
KADB2418;"Головка М18 3 / 4 ""для демонтажу ступіци (VW AUDI) TOPTUL KA";ok;662.00;662.00;+0.00%;850.00;770.00;-9.41%;15.14%;Торцевые головки;Так;*;Ні;
KADC1208;"Бітотримач ударний 3/8""х1/4"" TOPTUL KADC1208";ok;165.00;165.00;+0.00%;230.00;190.00;-17.39%;15.01%;Отверточные биты;Так;*;Ні;
KADC1210;"Бітотримач ударний 3/8""х5/16"" TOPTUL KADC1210";ok;165.00;165.00;+0.00%;230.00;190.00;-17.39%;15.01%;Отверточные биты;Так;*;Ні;
KADC1608;"Бітотримач ударний 1/2"" х1/4"" TOPTUL KADC1608";ok;187.00;187.00;+0.00%;260.00;220.00;-15.38%;14.92%;Воротки, трещотки;Так;*;Ні;
KADC1610;"Бітотримач ударний 1/2"" х5/16"" TOPTUL KADC1610";ok;187.00;187.00;+0.00%;260.00;220.00;-15.38%;14.92%;Воротки, трещотки;Так;*;Ні;
KADH1604;"Головка ударна 1/2"" HEX 4мм TOPTUL KADH1604";ok;213.00;213.00;+0.00%;290.00;250.00;-13.79%;15.14%;Торцевые головки;Так;*;Ні;
KADH1605;"Головка ударна 1/2"" HEX 5мм TOPTUL KADH1605";ok;213.00;213.00;+0.00%;290.00;250.00;-13.79%;15.14%;Торцевые головки;Так;*;Ні;
KADH1606;"Головка ударна 1/2"" HEX 6мм TOPTUL KADH1606";ok;213.00;213.00;+0.00%;290.00;250.00;-13.79%;15.14%;Торцевые головки;Так;*;Ні;
KADH1607;"Головка ударна 1/2"" HEX 7мм TOPTUL KADH1607";ok;213.00;213.00;+0.00%;290.00;250.00;-13.79%;15.14%;Торцевые головки;Так;*;Ні;
KADH1608;"Головка ударна 1/2"" HEX 8мм TOPTUL KADH1608";ok;213.00;213.00;+0.00%;290.00;250.00;-13.79%;15.14%;Торцевые головки;Так;*;Ні;
KADH1609;"Головка ударна 1/2"" HEX 9мм TOPTUL KADH1609";ok;213.00;213.00;+0.00%;290.00;250.00;-13.79%;15.14%;Торцевые головки;Так;*;Ні;
KADH1610;"Головка ударна 1/2"" HEX 10мм TOPTUL KADH1610";ok;213.00;213.00;+0.00%;290.00;250.00;-13.79%;15.14%;Торцевые головки;Так;*;Ні;
KADH1612;"Головка ударна 1/2"" HEX 12мм TOPTUL KADH1612";ok;219.00;219.00;+0.00%;300.00;260.00;-13.33%;15.14%;Торцевые головки;Так;*;Ні;
KADH1614;"Головка ударна 1/2"" HEX 14мм TOPTUL KADH1614";ok;219.00;219.00;+0.00%;300.00;260.00;-13.33%;15.14%;Торцевые головки;Так;*;Ні;
KADH1617;"Головка ударна 1/2"" HEX 17мм TOPTUL KADH1617";ok;278.00;278.00;+0.00%;370.00;330.00;-10.81%;15.14%;Торцевые головки;Так;*;Ні;
KADH1619;"Головка ударна 1/2"" HEX 19мм TOPTUL KADH1619";ok;279.00;279.00;+0.00%;370.00;330.00;-10.81%;15.14%;Торцевые головки;Так;*;Ні;
KADH2414;"Головка ударна 3/4"" HEX 14мм TOPTUL KADH2414";ok;605.00;605.00;+0.00%;780.00;700.00;-10.26%;15.01%;Отверточные биты;Так;*;Ні;
KADH2417;"Головка ударна 3/4"" HEX 17мм TOPTUL KADH2417";ok;619.00;619.00;+0.00%;800.00;720.00;-10.00%;15.01%;Отверточные биты;Так;*;Ні;
KADH2419;"Головка ударна 3/4"" HEX 19мм TOPTUL KADH2419";ok;635.00;635.00;+0.00%;820.00;740.00;-9.76%;15.01%;Отверточные биты;Так;*;Ні;
KADH2422;"Головка ударна 3/4"" HEX 22мм TOPTUL KADH2422";ok;665.00;665.00;+0.00%;850.00;770.00;-9.41%;15.14%;Торцевые головки;Так;*;Ні;
KADH2424;"Головка ударна 3/4"" HEX 24мм TOPTUL KADH2424";ok;687.00;687.00;+0.00%;880.00;800.00;-9.09%;15.14%;Торцевые головки;Так;*;Ні;
KADH2427;"Головка ударна 3/4"" HEX 27мм TOPTUL KADH2427";ok;708.00;708.00;+0.00%;910.00;820.00;-9.89%;15.14%;Торцевые головки;Так;*;Ні;
KAEK017A;Пружина для молотка пневматичного 3200уд/хв TOPTUL KAEK017A;ok;299.00;299.00;+0.00%;400.00;350.00;-12.50%;15.34%;Пневматические зубила;Так;*;Ні;
KAGA0204;"Продувний пістолет 4 "" TOPTUL KAGA0204";ok;220.00;220.00;+0.00%;300.00;250.00;-16.67%;10.63%;Пневматические продувочные пистолеты;Ні;*;Так;відсутній у фіді
KAGA0210;"Продувний пістолет 10 "" KAGA1910 TOPTUL KAGA0210";ok;289.00;289.00;+0.00%;390.00;320.00;-17.95%;10.63%;Пневматические продувочные пистолеты;Ні;*;Так;відсутній у фіді
KAGA0305;"Продувний пістолет 5"" TOPTUL KAGA0305";ok;257.00;257.00;+0.00%;350.00;290.00;-17.14%;10.63%;Пневматические продувочные пистолеты;Так;*;Ні;
KAGA0310;"Продувний пістолет 10"" TOPTUL KAGA0310";ok;295.00;295.00;+0.00%;390.00;330.00;-15.38%;10.63%;Пневматические продувочные пистолеты;Так;*;Ні;
KAHA3217;Молоток пневматичний 3200уд/хв TOPTUL KAHA3217;ok;3361.00;3361.00;+0.00%;4200.00;3710.00;-11.67%;10.38%;Пневматические отбойные молотки;Так;*;Ні;
KAHB3718;Голчастий зачистной молоток пневматичний для очищення поверх;ok;8978.00;8978.00;+0.00%;11180.00;9910.00;-11.36%;10.38%;Пневматические отбойные молотки;Так;*;Ні;
KAHC5013;Голчастий зачистной молоток пневматичний для очищення поверх;ok;4738.00;4738.00;+0.00%;5910.00;5230.00;-11.51%;10.38%;Пневматические отбойные молотки;Так;*;Ні;
KAJA18A1;Зубило для пневматичного молотка 10мм х L178мм TOPTUL KAJA18;ok;184.00;184.00;+0.00%;260.00;220.00;-15.38%;15.34%;Пневматические зубила;Так;*;Ні;
KAJA18B1;Зубило для пневматичного молотка TOPTUL KAJA18B1;ok;213.00;213.00;+0.00%;290.00;250.00;-13.79%;15.34%;Пневматические зубила;Так;*;Ні;
KAJA18C1;Зубило для пневматичного молотка TOPTUL KAJA18C1;ok;200.00;200.00;+0.00%;280.00;240.00;-14.29%;15.34%;Пневматические зубила;Так;*;Ні;
KAJA18D1;Зубило для пневматичного молотка TOPTUL KAJA18D1;ok;192.00;192.00;+0.00%;270.00;230.00;-14.81%;15.34%;Пневматические зубила;Так;*;Ні;
KAJA18E1;Зубило для пневматичного молотка TOPTUL KAJA18E1;ok;144.00;144.00;+0.00%;210.00;170.00;-19.05%;15.34%;Пневматические зубила;Так;*;Ні;
KAJC21B1;Ніж змінний до пневмоножа для зрізання скла KBHA0120 TOPTUL ;ok;820.00;820.00;+0.00%;1050.00;940.00;-10.48%;14.33%;Комплектующие и запчасти для инструмента;Ні;*;Так;відсутній у фіді
KAJC38B1;Ніж змінний до пневмоножа для зрізання скла KBHA0120 TOPTUL ;ok;924.00;924.00;+0.00%;1180.00;1060.00;-10.17%;14.33%;Комплектующие и запчасти для инструмента;Так;*;Ні;
KAJC45C1;Ніж змінний до пневмоножа для зрізання скла KBHA0120 TOPTUL ;ok;583.00;583.00;+0.00%;750.00;670.00;-10.67%;14.33%;Комплектующие и запчасти для инструмента;Так;*;Ні;
KAJC54A1;Ніж змінний до пневмоножа для зрізання скла KBHA0120 TOPTUL ;ok;529.00;529.00;+0.00%;690.00;610.00;-11.59%;14.33%;Комплектующие и запчасти для инструмента;Так;*;Ні;
KAJC62B2;Ніж змінний до пневмоножа для зрізання скла KBHA0120 TOPTUL ;ok;1038.00;1038.00;+0.00%;1320.00;1190.00;-9.85%;14.33%;Комплектующие и запчасти для инструмента;Так;*;Ні;
KAKA0822;"Зачисна машинка пневматична 1/4"" 6mm 22000об/хв TOPTUL KAKA0";ok;2661.00;2661.00;+0.00%;3330.00;2940.00;-11.71%;10.47%;Пневмошлифмашины;Так;*;Ні;
KAKB0456;"Зачисна машинка (гравер) пневматична mini 1/8 "" 3mm 56000об ";ok;4448.00;4448.00;+0.00%;5550.00;4920.00;-11.35%;10.47%;Пневмошлифмашины;Так;*;Ні;
KAKC0595;"Шліфмашинка кутова пневматична 5"" (125мм 9500об/хв) Heavy Du";ok;7172.00;7172.00;+0.00%;8940.00;7930.00;-11.30%;10.47%;Пневмошлифмашины;Ні;*;Так;відсутній у фіді
KAKC0595B;"Шліфмашинка кутова пневматична 5"" (125мм 11000об/хв) Heavy D";ok;7391.00;7391.00;+0.00%;9210.00;8170.00;-11.29%;10.47%;Пневмошлифмашины;Так;*;Ні;
KALA0815;"Мінімасленка для пневмоінструменту 1/4 "" TOPTUL KALA0815";ok;253.00;253.00;+0.00%;340.00;290.00;-14.71%;14.33%;Комплектующие и запчасти для инструмента;Так;*;Ні;
KALB1501;Маслянка TOPTUL KALB1501;ok;42.00;42.00;+0.00%;80.00;50.00;-37.50%;14.33%;Комплектующие и запчасти для инструмента;Так;*;Так;подешевшало на 37.5%
KALC081E;"Перехідник ""тато"" 1/4 ""зовнішня різьба"" TOPTUL KALC081E";ok;48.00;48.00;+0.00%;90.00;60.00;-33.33%;15.00%;default;Так;*;Так;подешевшало на 33.3%
KALD0124E;Зарядний пристрій (для швидкої зарядки) 18V TOPTUL KALD0124E;ok;3835.00;3835.00;+0.00%;4790.00;4390.00;-8.35%;14.33%;Комплектующие и запчасти для инструмента;Так;*;Ні;
KALD0302E;Акумулятор для гайковерта 18V TOPTUL KALD0302E;ok;5145.00;5145.00;+0.00%;6420.00;5890.00;-8.26%;14.33%;Комплектующие и запчасти для инструмента;Ні;*;Так;відсутній у фіді
KALE0501;"Круг змінний для шліфмашинки 5"" TOPTUL KALE0501";ok;889.00;889.00;+0.00%;1130.00;1020.00;-9.73%;14.33%;Комплектующие и запчасти для инструмента;Так;*;Ні;
KALE0601;"Круг змінний для шліфмашинки 6"" TOPTUL KALE0601";ok;979.00;979.00;+0.00%;1240.00;1130.00;-8.87%;15.00%;default;Так;*;Ні;
KALF1712;Підставка виставкова під пневмогайковерти TOPTUL KALF1712;ok;1961.00;1961.00;+0.00%;2460.00;2260.00;-8.13%;15.00%;default;Так;*;Ні;
KALN0160;Бачок для фарбопульта нейлоновий (внутрішня різьба M16*1.5) ;ok;697.00;697.00;+0.00%;890.00;790.00;-11.24%;13.20%;Пневматические краскопульты;Так;*;Ні;
KAMA0503;"Шліфмашина орбітальна пневматична 5"" 2,5мм TOPTUL KAMA0503";ok;10285.00;10285.00;+0.00%;12810.00;11370.00;-11.24%;10.47%;Пневмошлифмашины;Так;*;Ні;
KAMA0505;"Шліфмашина орбітальна пневматична 5"" 5мм TOPTUL KAMA0505";ok;10285.00;10285.00;+0.00%;12810.00;11370.00;-11.24%;10.47%;Пневмошлифмашины;Так;*;Ні;
KAMA0603;"Шліфмашина орбітальна пневматична 6"" 2,5мм TOPTUL KAMA0603";ok;10357.00;10357.00;+0.00%;12900.00;11450.00;-11.24%;10.47%;Пневмошлифмашины;Так;*;Ні;
KAMA0605;"Шліфмашина орбітальна пневматична 6"" 5мм TOPTUL KAMA0605";ok;10357.00;10357.00;+0.00%;12900.00;11450.00;-11.24%;10.47%;Пневмошлифмашины;Так;*;Ні;
KANA14N6;Фарбопульт пневматичний тип HVLP верхній нейлоновий бачок ді;ok;5164.00;5164.00;+0.00%;6440.00;5850.00;-9.16%;13.20%;Пневматические краскопульты;Так;*;Ні;
KAQA1220;"Пневмодриль реверсивна 3/8 (2000об / хв; самозажимний патрон";ok;4593.00;4593.00;+0.00%;5730.00;5110.00;-10.82%;11.18%;Пневмодрели;Так;*;Ні;
KAQA1650;"Пневмодрель реверсивна 1/2 ""(500об / хв; самозажімний патрон";ok;5115.00;5115.00;+0.00%;6380.00;5690.00;-10.82%;11.18%;Пневмодрели;Так;*;Ні;
KARA0205;Заклепочник пневмогідравлічний 2.4 - 5.0 мм TOPTUL KARA0205;ok;11664.00;11664.00;+0.00%;14520.00;12910.00;-11.09%;10.63%;Пневматические заклепочники;Так;*;Ні;
KARA0205B;Заклепочник пневмогидравлический 2.4 - 5.0 мм (Basic Model) ;ok;7923.00;7923.00;+0.00%;9870.00;8770.00;-11.14%;10.63%;Пневматические заклепочники;Так;*;Ні;
KARA0306;Заклепочник пневмогідравлічний 3.0 - 6.4 мм TOPTUL KARA0306;ok;18192.00;18192.00;+0.00%;22630.00;20130.00;-11.05%;10.63%;Пневматические заклепочники;Так;*;Ні;
KASA0825;"Зачистна машинка пневматична 1/4 "" 6mm 25000об / хв TOPTUL K";ok;2092.00;2092.00;+0.00%;2630.00;2320.00;-11.79%;10.47%;Пневмошлифмашины;Так;*;Ні;
KASC0318;"Шліфмашина кутова пневматична 2.5 ""(60мм 18000об / хв) Mini ";ok;3740.00;3740.00;+0.00%;4670.00;4140.00;-11.35%;10.47%;Пневмошлифмашины;Так;*;Ні;
KASD0818;"Зачистна машинка пневматична кутова 1/4 "" 6mm 18000об / хв T";ok;3440.00;3440.00;+0.00%;4300.00;3810.00;-11.40%;10.47%;Пневмошлифмашины;Так;*;Ні;
KB17ST;Ключ балонний з лопаткою 17мм СТАНДАРТ;ok;125.00;125.00;+0.00%;180.00;150.00;-16.67%;15.34%;Балонные ключи;Так;*;Ні;
KB1922;Ключ балонний 19х22мм L400 СТАНДАРТ;ok;533.00;533.00;+0.00%;690.00;620.00;-10.14%;15.34%;Балонные ключи;Так;*;Ні;
KB19ST;Ключ балонний з лопаткою 19мм СТАНДАРТ;ok;125.00;125.00;+0.00%;200.00;150.00;-25.00%;15.34%;Балонные ключи;Ні;*;Так;відсутній у фіді + подешевшало на 25.0%
KB21ST;Ключ балонний з лопаткою 21мм СТАНДАРТ;ok;128.00;128.00;+0.00%;200.00;150.00;-25.00%;15.34%;Балонные ключи;Так;*;Так;подешевшало на 25.0%
KB2427;Ключ балонний 24х27мм L400 СТАНДАРТ;ok;511.00;511.00;+0.00%;660.00;590.00;-10.61%;15.34%;Балонные ключи;Так;*;Ні;
KB2732;Ключ балонний 27х32мм L400 СТАНДАРТ;ok;511.00;511.00;+0.00%;660.00;590.00;-10.61%;15.34%;Балонные ключи;Так;*;Ні;
KB3032;Ключ балонний 30х32мм L400 СТАНДАРТ;ok;511.00;511.00;+0.00%;660.00;590.00;-10.61%;15.34%;Балонные ключи;Так;*;Ні;
KB3233;Ключ балонний 32х33мм L400 СТАНДАРТ;ok;530.00;530.00;+0.00%;690.00;620.00;-10.14%;15.34%;Балонные ключи;Так;*;Ні;
KBBC1626;"Головка ударна довга 1/2"" для шиномонтажу 13/16"" TOPTUL KBBC";ok;316.00;316.00;+0.00%;420.00;370.00;-11.90%;15.14%;Торцевые головки;Ні;*;Так;відсутній у фіді
KBEB0070;Мішок до пилососа GDAE0701 TOPTUL KBEB0070;ok;633.00;633.00;+0.00%;810.00;730.00;-9.88%;15.00%;default;Ні;*;Так;відсутній у фіді
KBHA0120;Пневмоніж для зрізання скла TOPTUL KBHA0120;ok;4903.00;4903.00;+0.00%;6120.00;5660.00;-7.52%;15.34%;Пневматические зубила;Так;*;Ні;
KBK1;"Ключ балонний хрестовий 17x19x21x1/2"" СТАНДАРТ";ok;260.00;260.00;+0.00%;4610.00;300.00;-93.49%;15.34%;Балонные ключи;Ні;*;Так;відсутній у фіді + подешевшало на 93.5%
KBK2;"Ключ балонний хрестовий посилений 17x19x21x1/2"" СТАНДАРТ";ok;297.00;297.00;+0.00%;400.00;350.00;-12.50%;15.34%;Балонные ключи;Так;*;Ні;
KC-AT-4031B;Патрон для дриля пневматичного 3/8 (для AT-4031B AT-4031KLB ;ok;136.00;136.00;+0.00%;340.00;160.00;-52.94%;14.33%;Комплектующие и запчасти для инструмента;Ні;*;Так;відсутній у фіді + подешевшало на 52.9%
KC-AT-4031KLB;Патрон самозатискний для дриля пневматичного 3/8 (для AT-403;ok;179.00;179.00;+0.00%;250.00;210.00;-16.00%;14.33%;Комплектующие и запчасти для инструмента;Ні;*;Так;відсутній у фіді
KC-AT-4041B;Патрон для дриля пневматичного 1/2 (для AT-4041B) KC-AT-4041;ok;161.00;161.00;+0.00%;230.00;190.00;-17.39%;14.33%;Комплектующие и запчасти для инструмента;Так;*;Ні;
KC-AT-4041KLB;Патрон самозатискний для дриля пневматичного 1/2 (підходить ;ok;196.00;196.00;+0.00%;270.00;230.00;-14.81%;14.33%;Комплектующие и запчасти для инструмента;Ні;*;Так;відсутній у фіді
KGNO24ST;Ключ накидний односторонній колінчатий 24мм СТАНДАРТ;ok;151.00;151.00;+0.00%;220.00;180.00;-18.18%;15.08%;Накидные ключи;Так;*;Ні;
KGNO30ST;Ключ накидний односторонній колінчатий 30мм СТАНДАРТ;ok;164.00;164.00;+0.00%;230.00;190.00;-17.39%;15.08%;Накидные ключи;Так;*;Ні;
KGNO36ST;Ключ накидний односторонній колінчастий 36мм СТАНДАРТ KGNO36;ok;216.00;216.00;+0.00%;300.00;250.00;-16.67%;15.08%;Накидные ключи;Ні;*;Так;відсутній у фіді
KGNO41ST;Ключ накидний односторонній колінчатий 41мм СТАНДАРТ;ok;231.00;231.00;+0.00%;320.00;270.00;-15.62%;15.08%;Накидные ключи;Так;*;Ні;
KGNO46ST;Ключ накидний односторонній колінчатий 46мм СТАНДАРТ;ok;238.00;238.00;+0.00%;320.00;280.00;-12.50%;15.08%;Накидные ключи;Ні;*;Так;відсутній у фіді
KHAP0810E;Шланг повітряний на котушці (подовжувач пневматичний) 20атм ;ok;8959.00;8959.00;+0.00%;11160.00;10310.00;-7.62%;15.00%;default;Ні;*;Так;відсутній у фіді
KHAP0815E;Шланг повітряний на катушці (подовжувач пневматичний) 20атм ;ok;10208.00;10208.00;+0.00%;12710.00;11740.00;-7.63%;15.00%;default;Так;*;Ні;
KHAP1010E;Шланг повітряний на котушці (подовжувач пневматичний) 20атм ;ok;10456.00;10456.00;+0.00%;13020.00;12030.00;-7.60%;15.00%;default;Ні;*;Так;відсутній у фіді
KHAP1012E;Шланг повітряний на катушці (подовжувач пневматичний) 20атм ;ok;11955.00;11955.00;+0.00%;14880.00;13750.00;-7.59%;15.00%;default;Так;*;Ні;
KHAP1015E;Шланг повітряний на котушці (подовжувач пневматичний) 20атм ;ok;17148.00;17148.00;+0.00%;21330.00;19730.00;-7.50%;15.00%;default;Так;*;Ні;
KHAP1020E;Шланг повітряний на катушці (подовжувач пневматичний) 20атм ;ok;19146.00;19146.00;+0.00%;23810.00;22020.00;-7.52%;15.00%;default;Так;*;Ні;
KIT-H-827-1.3-1.7;Набір фарбувальний пневматичний H-827 з регулятором повітря ;ok;1661.00;1661.00;+0.00%;2090.00;1890.00;-9.57%;13.20%;Пневматические краскопульты;Так;*;Ні;
KIT-H-827-1.4-1.7;Набір фарбувальний пневматичний H-827 з регулятором повітря ;ok;1661.00;1661.00;+0.00%;2090.00;1890.00;-9.57%;13.20%;Пневматические краскопульты;Так;*;Ні;
KK06ST;Ключ комбінований 6мм СТАНДАРТ ( шт );ok;29.00;29.00;+0.00%;100.00;40.00;-60.00%;15.21%;Комбинированные ключи;Так;*;Так;подешевшало на 60.0%
KK07ST;Ключ комбінований 7мм СТАНДАРТ;ok;32.00;32.00;+0.00%;100.00;40.00;-60.00%;15.21%;Комбинированные ключи;Так;*;Так;подешевшало на 60.0%
KK08ST;Ключ комбінований 8мм СТАНДАРТ;ok;33.00;33.00;+0.00%;110.00;40.00;-63.64%;15.21%;Комбинированные ключи;Так;*;Так;подешевшало на 63.6%
KK09ST;Ключ комбінований 9мм СТАНДАРТ;ok;34.00;34.00;+0.00%;70.00;40.00;-42.86%;15.21%;Комбинированные ключи;Так;*;Так;подешевшало на 42.9%
KK10ST;Ключ комбінований 10мм СТАНДАРТ;ok;36.00;36.00;+0.00%;110.00;50.00;-54.55%;15.21%;Комбинированные ключи;Так;*;Так;подешевшало на 54.5%
KK11ST;Ключ комбінований 11мм СТАНДАРТ;ok;38.00;38.00;+0.00%;100.00;50.00;-50.00%;15.21%;Комбинированные ключи;Так;*;Так;подешевшало на 50.0%
KK12ST;Ключ комбінований 12мм СТАНДАРТ;ok;42.00;42.00;+0.00%;120.00;50.00;-58.33%;15.21%;Комбинированные ключи;Так;*;Так;подешевшало на 58.3%
KK13ST;Ключ комбінований 13мм СТАНДАРТ;ok;47.00;47.00;+0.00%;120.00;60.00;-50.00%;15.21%;Комбинированные ключи;Так;*;Так;подешевшало на 50.0%
KK14ST;Ключ комбінований 14мм СТАНДАРТ;ok;52.00;52.00;+0.00%;120.00;60.00;-50.00%;15.21%;Комбинированные ключи;Так;*;Так;подешевшало на 50.0%
KK15ST;Ключ комбінований 15мм СТАНДАРТ;ok;59.00;59.00;+0.00%;110.00;70.00;-36.36%;15.21%;Комбинированные ключи;Так;*;Так;подешевшало на 36.4%
KK16ST;Ключ комбінований 16мм СТАНДАРТ;ok;64.00;64.00;+0.00%;130.00;80.00;-38.46%;15.21%;Комбинированные ключи;Так;*;Так;подешевшало на 38.5%
KK17ST;Ключ комбінований 17мм СТАНДАРТ;ok;70.00;70.00;+0.00%;160.00;90.00;-43.75%;15.21%;Комбинированные ключи;Так;*;Так;подешевшало на 43.8%
KK18ST;Ключ комбінований 18мм СТАНДАРТ;ok;81.00;81.00;+0.00%;150.00;100.00;-33.33%;15.21%;Комбинированные ключи;Так;*;Так;подешевшало на 33.3%
KK19ST;Ключ комбінований 19мм СТАНДАРТ;ok;84.00;84.00;+0.00%;140.00;100.00;-28.57%;15.21%;Комбинированные ключи;Так;*;Так;подешевшало на 28.6%
KK20ST;Ключ комбінований 20мм СТАНДАРТ KK20ST;ok;103.00;103.00;+0.00%;160.00;120.00;-25.00%;15.21%;Комбинированные ключи;Так;*;Так;подешевшало на 25.0%
KK21ST;Ключ комбінований 21мм СТАНДАРТ;ok;105.00;105.00;+0.00%;160.00;130.00;-18.75%;15.21%;Комбинированные ключи;Так;*;Ні;
KK22ST;Ключ комбінований 22мм СТАНДАРТ;ok;106.00;106.00;+0.00%;160.00;130.00;-18.75%;15.21%;Комбинированные ключи;Так;*;Ні;
KK23ST;Ключ комбінований 23мм СТАНДАРТ KK23ST;ok;138.00;138.00;+0.00%;200.00;160.00;-20.00%;15.21%;Комбинированные ключи;Так;*;Так;подешевшало на 20.0%
KK24ST;Ключ комбінований 24мм СТАНДАРТ;ok;153.00;153.00;+0.00%;220.00;180.00;-18.18%;15.21%;Комбинированные ключи;Так;*;Ні;
KK25ST;Ключ комбінований 25мм СТАНДАРТ;ok;165.00;165.00;+0.00%;230.00;200.00;-13.04%;15.21%;Комбинированные ключи;Так;*;Ні;
KK26ST;Ключ комбінований 26мм СТАНДАРТ KK26ST;ok;183.00;183.00;+0.00%;260.00;220.00;-15.38%;15.21%;Комбинированные ключи;Так;*;Ні;
KK27ST;Ключ комбінований 27мм СТАНДАРТ;ok;210.00;210.00;+0.00%;290.00;250.00;-13.79%;15.21%;Комбинированные ключи;Так;*;Ні;
KK28ST;Ключ комбінований 28мм СТАНДАРТ KK28ST;ok;229.00;229.00;+0.00%;310.00;270.00;-12.90%;15.21%;Комбинированные ключи;Так;*;Ні;
KK29ST;Ключ комбінований 29мм СТАНДАРТ KK29ST;ok;293.00;293.00;+0.00%;390.00;340.00;-12.82%;15.21%;Комбинированные ключи;Так;*;Ні;
KK30ST;Ключ комбінований 30мм СТАНДАРТ;ok;286.00;286.00;+0.00%;380.00;330.00;-13.16%;15.21%;Комбинированные ключи;Так;*;Ні;
KK32ST;Ключ комбінований 32мм СТАНДАРТ;ok;326.00;326.00;+0.00%;430.00;380.00;-11.63%;15.21%;Комбинированные ключи;Так;*;Ні;
KL-451;Шприц важільно-плунжерний 400мл GI KRAFT KL-451;ok;898.00;898.00;+0.00%;1200.00;1030.00;-14.17%;13.94%;Шприцы маслянные и смазочные;Так;*;Ні;
KL-467;Шприц важільно-плунжерний 400мл KINGKONG (max 690bar);ok;2145.00;2145.00;+0.00%;2690.00;2450.00;-8.92%;13.94%;Оборудование для замены масел и смазок;Ні;*;Так;відсутній у фіді
KL-488N;Шприц важільно-плунжерний 400мл;ok;2613.00;2613.00;+0.00%;3270.00;2980.00;-8.87%;13.94%;Оборудование для замены масел и смазок;Так;*;Ні;
KLBAL;Кліщі балансувальні СТАНДАРТ KLBAL;ok;469.00;469.00;+0.00%;610.00;540.00;-11.48%;14.74%;Комплектующие для шиномонтажа;Так;*;Ні;
KN0810;Ключ накидний 8 х10мм СТАНДАРТ;ok;66.00;66.00;+0.00%;110.00;80.00;-27.27%;15.08%;Накидные ключи;Так;*;Так;подешевшало на 27.3%
KN1011;Ключ накидний 10х11мм СТАНДАРТ;ok;75.00;75.00;+0.00%;1660.00;90.00;-94.58%;15.08%;Накидные ключи;Так;*;Так;подешевшало на 94.6%
KN1012;Ключ накидний 10х12мм СТАНДАРТ;ok;78.00;78.00;+0.00%;4930.00;90.00;-98.17%;15.08%;Накидные ключи;Так;*;Так;подешевшало на 98.2%
KN1213;Ключ накидний 12х13мм СТАНДАРТ;ok;71.00;71.00;+0.00%;560.00;90.00;-83.93%;15.08%;Накидные ключи;Так;*;Так;подешевшало на 83.9%
KN1415;Ключ накидний 14х15мм СТАНДАРТ;ok;90.00;90.00;+0.00%;140.00;110.00;-21.43%;15.08%;Накидные ключи;Так;*;Так;подешевшало на 21.4%
KN1719;Ключ накидний 17х19мм СТАНДАРТ;ok;127.00;127.00;+0.00%;190.00;150.00;-21.05%;15.08%;Накидные ключи;Так;*;Так;подешевшало на 21.1%
KN1922;Ключ накидний 19х22мм СТАНДАРТ KN1922;ok;183.00;183.00;+0.00%;260.00;220.00;-15.38%;15.08%;Накидные ключи;Так;*;Ні;
KN2224;Ключ накидний 22х24мм СТАНДАРТ;ok;192.00;192.00;+0.00%;270.00;230.00;-14.81%;15.08%;Накидные ключи;Так;*;Ні;
KN2427;Ключ накидний 24х27мм СТАНДАРТ KN2427;ok;242.00;242.00;+0.00%;330.00;280.00;-15.15%;15.08%;Накидные ключи;Так;*;Ні;
KN3032;Ключ накидний 30х32мм СТАНДАРТ;ok;336.00;336.00;+0.00%;450.00;390.00;-13.33%;15.08%;Накидные ключи;Так;*;Ні;
KN3236;Ключ накидний 32х36мм СТАНДАРТ KN3236;ok;508.00;508.00;+0.00%;660.00;590.00;-10.61%;15.08%;Накидные ключи;Так;*;Ні;
KN3641;Ключ накидний 36х41мм СТАНДАРТ;ok;650.00;650.00;+0.00%;840.00;750.00;-10.71%;15.08%;Накидные ключи;Так;*;Ні;
KN4146;Ключ накидний 41х46мм СТАНДАРТ;ok;1399.00;1399.00;+0.00%;1770.00;1610.00;-9.04%;15.08%;Накидные ключи;Так;*;Ні;
KN4650;Ключ накидний 46х50мм СТАНДАРТ;ok;1382.00;1382.00;+0.00%;1750.00;1600.00;-8.57%;15.08%;Накидные ключи;Так;*;Ні;
KN5055;Ключ накидний 50х55мм СТАНДАРТ;ok;2410.00;2410.00;+0.00%;3020.00;2780.00;-7.95%;15.08%;Накидные ключи;Так;*;Ні;
KPA-1639E;"Електрогайковерт ударний акумуляторний 1/2"" 120/240/385Nm 27";ok;37918.00;37918.00;+0.00%;47140.00;41820.00;-11.29%;10.27%;Электрические гайковерты;Ні;*;Так;відсутній у фіді
KPAA1650E;"Електрогайковерт ударний TOPTUL 1/2"" 500Nm 3000 нож/хв KPAA1";ok;13659.00;13659.00;+0.00%;17000.00;15070.00;-11.35%;10.27%;Электрические гайковерты;Ні;*;Так;відсутній у фіді
KPAB1685E;"Акумуляторний гайковерт TOPTUL 1/2"" 850Nm 2200rpm KPAB1685E";ok;14575.00;14575.00;+0.00%;18140.00;16080.00;-11.36%;10.27%;Электрические гайковерты;Ні;*;Так;відсутній у фіді
KPB-0837E;Електрошуруповерт акумуляторний безщіточний 18V 4.0Ah 140-36;ok;37946.00;37946.00;+0.00%;47170.00;42190.00;-10.56%;11.18%;Дрели, шуруповерты;Так;*;Ні;
KPB-226AE;Електрошуруповерт акумуляторний безщітковий 18V 150-280Nm 0-;ok;38083.00;38083.00;+0.00%;47340.00;42350.00;-10.54%;11.18%;Дрели, шуруповерты;Так;*;Ні;
KPBA0840E;Електрошуруповерт 18V 4.0Ah 400Nm 0-3000об/хв TOPTUL KPBA084;ok;21656.00;21656.00;+0.00%;26930.00;24080.00;-10.58%;11.18%;Дрели, шуруповерты;Ні;*;Так;відсутній у фіді
KPDB0803;"Электроотвертка TOPTUL 1/4"" 3.6 V 3Nm 350об/хв KPDB0803";ok;1975.00;1975.00;+0.00%;2480.00;2200.00;-11.29%;11.18%;Аккумуляторные отвертки;Ні;*;Так;відсутній у фіді
KPDB0805;"Викрутка акумуляторна TOPTUL 1/4"" 6.4 V 4.5 Nm 265об/хв KPDB";ok;2775.00;2775.00;+0.00%;3480.00;3090.00;-11.21%;11.18%;Аккумуляторные отвертки;Ні;*;Так;відсутній у фіді
KPEA1236;"Тріскачка електро-механічна акумуляторна 3/8"" 60 зубців 200о";ok;11348.00;11348.00;+0.00%;14130.00;13050.00;-7.64%;14.92%;Воротки, трещотки;Так;*;Ні;
KPEA1636;"Тріскачка електро-механічна акумуляторна 1/2"" 60 зубців 200о";ok;11774.00;11774.00;+0.00%;14660.00;13540.00;-7.64%;14.92%;Воротки, трещотки;Так;*;Ні;
KPH-1607E;Дриль-шуруповерт акумуляторний безщітковий 18V 65Nm 0-1500об;ok;33983.00;33983.00;+0.00%;42250.00;37790.00;-10.56%;11.18%;Дрели, шуруповерты;Ні;*;Так;відсутній у фіді
KPN-006ME;Електрозакльопочник аккумуляторний під різьбові заклепки M4M;ok;38934.00;38934.00;+0.00%;48400.00;43080.00;-10.99%;10.63%;Ручные заклепочники;Ні;*;Так;відсутній у фіді
KPN-008ME;Електрозаклепочник під різьбові заклепки M5M6M8 13500N 0-142;ok;38961.00;38961.00;+0.00%;48430.00;43110.00;-10.98%;10.63%;Ручные заклепочники;Так;*;Ні;
KPNA0510E;Електрозаклепочник під різьбові заклепки М5 М6 М8 М10 TOPTUL;ok;36252.00;36252.00;+0.00%;45070.00;40110.00;-11.01%;10.63%;Ручные заклепочники;Ні;*;Так;відсутній у фіді
KPNP008ME;Електрозаклепочник під різьбові заклепки M4M5M6M8 11000N 0-1;ok;41427.00;41427.00;+0.00%;51500.00;45840.00;-10.99%;10.63%;Ручные заклепочники;Так;*;Ні;
KPR-064ME;Електрозаклепочник 3.2 4.0 4.8 6.4мм 9000N 0-1422об/хв TOPTU;ok;38984.00;38984.00;+0.00%;48460.00;43130.00;-11.00%;10.63%;Ручные заклепочники;Так;*;Ні;
KPRA0306E;Електрозаклепочник 3.2 4.0 4.8 6.4мм TOPTUL KPRA0306E;ok;31951.00;31951.00;+0.00%;39720.00;35350.00;-11.00%;10.63%;Ручные заклепочники;Ні;*;Так;відсутній у фіді
KPS-3055E;Електрошуруповерт акумуляторний безщітковий з автоматичною п;ok;43156.00;43156.00;+0.00%;53640.00;47990.00;-10.53%;11.18%;Дрели, шуруповерты;Так;*;Ні;
KR0607;Ключ ріжковий 06х07мм СТАНДАРТ KR0607;ok;37.00;37.00;+0.00%;540.00;50.00;-90.74%;15.21%;Рожковые ключи;Так;*;Так;подешевшало на 90.7%
KR0708;Ключ ріжковий 07х08мм СТАНДАРТ KR0708;ok;37.00;37.00;+0.00%;270.00;50.00;-81.48%;15.21%;Рожковые ключи;Так;*;Так;подешевшало на 81.5%
KR0810;Ключ ріжковий 08х10мм СТАНДАРТ;ok;34.00;34.00;+0.00%;70.00;40.00;-42.86%;15.21%;Рожковые ключи;Ні;*;Так;відсутній у фіді + подешевшало на 42.9%
KR0911;Ключ ріжковий 09х11мм СТАНДАРТ KR0911;ok;37.00;37.00;+0.00%;250.00;50.00;-80.00%;15.21%;Рожковые ключи;Так;*;Так;подешевшало на 80.0%
KR1011;Ключ ріжковий 10х11мм СТАНДАРТ KR1011;ok;39.00;39.00;+0.00%;6100.00;50.00;-99.18%;15.21%;Рожковые ключи;Так;*;Так;подешевшало на 99.2%
KR1012;Ключ ріжковий 10х12мм СТАНДАРТ;ok;38.00;38.00;+0.00%;6930.00;50.00;-99.28%;15.21%;Рожковые ключи;Так;*;Так;подешевшало на 99.3%
KR1013;Ключ ріжковий 10х13мм СТАНДАРТ;ok;42.00;42.00;+0.00%;5650.00;50.00;-99.12%;15.21%;Рожковые ключи;Так;*;Так;подешевшало на 99.1%
KR1112;Ключ ріжковий 11х12мм СТАНДАРТ;ok;41.00;41.00;+0.00%;170.00;50.00;-70.59%;15.21%;Рожковые ключи;Так;*;Так;подешевшало на 70.6%
KR1213;Ключ ріжковий 12х13мм СТАНДАРТ;ok;39.00;39.00;+0.00%;450.00;50.00;-88.89%;15.21%;Рожковые ключи;Так;*;Так;подешевшало на 88.9%
KR1214;Ключ ріжковий 12х14мм СТАНДАРТ KR1214;ok;49.00;49.00;+0.00%;190.00;60.00;-68.42%;15.21%;Рожковые ключи;Так;*;Так;подешевшало на 68.4%
KR1314;Ключ ріжковий 13х14мм СТАНДАРТ KR1314;ok;49.00;49.00;+0.00%;310.00;60.00;-80.65%;15.21%;Рожковые ключи;Так;*;Так;подешевшало на 80.6%
KR1317;Ключ ріжковий 13х17мм СТАНДАРТ;ok;53.00;53.00;+0.00%;230.00;70.00;-69.57%;15.21%;Рожковые ключи;Так;*;Так;подешевшало на 69.6%
KR1415;Ключ ріжковий 14х15мм СТАНДАРТ;ok;51.00;51.00;+0.00%;150.00;60.00;-60.00%;15.21%;Рожковые ключи;Так;*;Так;подешевшало на 60.0%
KR1417;Ключ ріжковий 14х17мм СТАНДАРТ KR1417;ok;58.00;58.00;+0.00%;150.00;70.00;-53.33%;15.21%;Рожковые ключи;Так;*;Так;подешевшало на 53.3%
KR1719;Ключ ріжковий 17х19мм СТАНДАРТ;ok;66.00;66.00;+0.00%;260.00;80.00;-69.23%;15.21%;Рожковые ключи;Ні;*;Так;відсутній у фіді + подешевшало на 69.2%
KR1922;Ключ ріжковий 19х22мм СТАНДАРТ;ok;89.00;89.00;+0.00%;210.00;110.00;-47.62%;15.21%;Рожковые ключи;Так;*;Так;подешевшало на 47.6%
KR2224;Ключ ріжковий 22х24мм СТАНДАРТ;ok;121.00;121.00;+0.00%;180.00;140.00;-22.22%;15.21%;Рожковые ключи;Так;*;Так;подешевшало на 22.2%
KR2427;Ключ ріжковий 24х27мм СТАНДАРТ;ok;160.00;160.00;+0.00%;230.00;190.00;-17.39%;15.21%;Рожковые ключи;Так;*;Ні;
KR2730;Ключ ріжковий 27х30мм СТАНДАРТ KR2730;ok;271.00;271.00;+0.00%;360.00;320.00;-11.11%;15.21%;Рожковые ключи;Так;*;Ні;
KR2732;Ключ ріжковий 27х32мм СТАНДАРТ KR2732;ok;271.00;271.00;+0.00%;410.00;320.00;-21.95%;15.21%;Рожковые ключи;Так;*;Так;подешевшало на 22.0%
KR3032;Ключ ріжковий 30х32мм СТАНДАРТ;ok;277.00;277.00;+0.00%;370.00;320.00;-13.51%;15.21%;Рожковые ключи;Так;*;Ні;
KR3236;Ключ ріжковий 32х36мм СТАНДАРТ KR3236;ok;358.00;358.00;+0.00%;470.00;420.00;-10.64%;15.21%;Рожковые ключи;Так;*;Ні;
KR3641;Ключ ріжковий 36х41мм СТАНДАРТ KR3641;ok;413.00;413.00;+0.00%;540.00;480.00;-11.11%;15.21%;Рожковые ключи;Так;*;Ні;
KR4146;Ключ ріжковий 41х46мм СТАНДАРТ;ok;521.00;521.00;+0.00%;680.00;610.00;-10.29%;15.21%;Рожковые ключи;Так;*;Ні;
KR4650;Ключ ріжковий 46х50мм СТАНДАРТ;ok;779.00;779.00;+0.00%;1000.00;900.00;-10.00%;15.21%;Рожковые ключи;Так;*;Ні;
KR5055;Ключ ріжковий 50х55мм СТАНДАРТ;ok;1471.00;1471.00;+0.00%;1860.00;1700.00;-8.60%;15.21%;Рожковые ключи;Так;*;Ні;
KSAC1680;"Пневмогайковерт 1/2 ""1288N / m 8500об / хв 1,65кг Super Duty";ok;8581.00;8581.00;+0.00%;10690.00;9480.00;-11.32%;10.38%;Пневматические гайковерты;Так;*;Ні;
KSAC2413;"Пневмогайковерт 3/4 ""2102N / m 6000об / хв 3,0кг Super Duty ";ok;16887.00;16887.00;+0.00%;21010.00;18640.00;-11.28%;10.38%;Пневматические гайковерты;Так;*;Ні;
KSAC2480;"Пневмогайковерт 3/4 ""1288N / m 8500об / хв 1,85кг Super Duty";ok;8878.00;8878.00;+0.00%;11060.00;9800.00;-11.39%;10.38%;Пневматические гайковерты;Так;*;Ні;
KSAC3213;"Пневмогайковерт 1 ""2102N / m 6000об / хв 3,15кг Super Duty T";ok;17886.00;17886.00;+0.00%;22250.00;19750.00;-11.24%;10.38%;Пневматические гайковерты;Так;*;Ні;
KSAC3220;"Пневмогайковерт 1 ""2983N / m 5500об / хв 5,7кг Super Duty TO";ok;28790.00;28790.00;+0.00%;35800.00;31780.00;-11.23%;10.38%;Пневматические гайковерты;Так;*;Ні;
KSAD3220;"Пневмогайковерт 1 ""2983N / m (довг шпиндель) 5500об / хв 7,2";ok;30388.00;30388.00;+0.00%;37780.00;33550.00;-11.20%;10.38%;Пневматические гайковерты;Так;*;Ні;
KSAU0808;"Пневмошуруповерт 1/4"" 108N/m 12000об/мин Mini Butterfly Type";ok;5977.00;5977.00;+0.00%;7450.00;6650.00;-10.74%;11.18%;Пневматические шуруповерты;Ні;*;Так;відсутній у фіді
KT0607ST;Ключ торцевий трубчастий 06х07мм СТАНДАРТ;ok;28.00;28.00;+0.00%;60.00;40.00;-33.33%;15.14%;Торцевые ключи;Так;*;Так;подешевшало на 33.3%
KT0809ST;Ключ торцевий трубчастий 08х09мм СТАНДАРТ;ok;31.00;31.00;+0.00%;70.00;40.00;-42.86%;15.14%;Торцевые ключи;Так;*;Так;подешевшало на 42.9%
KT0810ST;Ключ торцевий трубчастий 08х10мм СТАНДАРТ;ok;30.00;30.00;+0.00%;70.00;40.00;-42.86%;15.14%;Торцевые ключи;Так;*;Так;подешевшало на 42.9%
KT100PU-6;Комплект скоб (100 одU-тип 0.6мм) TRISCO;ok;479.00;479.00;+0.00%;620.00;550.00;-11.29%;14.73%;Комплектующие для сварки и пайки;Ні;*;Так;відсутній у фіді
KT100PU-8;Комплект скоб (100 од U-тип 0.8мм) TRISCO;ok;509.00;509.00;+0.00%;660.00;590.00;-10.61%;14.73%;Комплектующие для сварки и пайки;Ні;*;Так;відсутній у фіді
KT100PV-6;Комплект скоб (100 одV-тип 0.6мм) TRISCO;ok;479.00;479.00;+0.00%;620.00;560.00;-9.68%;15.00%;default;Так;*;Ні;
KT1011ST;Ключ торцевий трубчастий 10х11мм СТАНДАРТ;ok;36.00;36.00;+0.00%;70.00;50.00;-28.57%;15.14%;Торцевые ключи;Так;*;Так;подешевшало на 28.6%
KT1213ST;Ключ торцевий трубчастий 12х13мм СТАНДАРТ;ok;37.00;37.00;+0.00%;130.00;50.00;-61.54%;15.14%;Торцевые ключи;Так;*;Так;подешевшало на 61.5%
KT1415ST;Ключ торцевий трубчастий 14х15мм СТАНДАРТ;ok;45.00;45.00;+0.00%;80.00;60.00;-25.00%;15.14%;Торцевые ключи;Так;*;Так;подешевшало на 25.0%
KT1417ST;Ключ торцевий трубчастий 14х17мм СТАНДАРТ;ok;52.00;52.00;+0.00%;90.00;60.00;-33.33%;15.14%;Торцевые ключи;Так;*;Так;подешевшало на 33.3%
KT1617ST;Ключ торцевий трубчастий 16х17мм СТАНДАРТ;ok;54.00;54.00;+0.00%;100.00;70.00;-30.00%;15.14%;Торцевые ключи;Так;*;Так;подешевшало на 30.0%
KT1719ST;Ключ торцевий трубчастий 17х19мм СТАНДАРТ;ok;68.00;68.00;+0.00%;160.00;80.00;-50.00%;15.14%;Торцевые ключи;Так;*;Так;подешевшало на 50.0%
KT1819ST;Ключ торцевий трубчастий 18х19мм СТАНДАРТ;ok;59.00;59.00;+0.00%;100.00;70.00;-30.00%;15.14%;Торцевые ключи;Так;*;Так;подешевшало на 30.0%
KT1922ST;Ключ торцевий трубчастий 19х22мм СТАНДАРТ;ok;76.00;76.00;+0.00%;120.00;90.00;-25.00%;15.14%;Торцевые ключи;Так;*;Так;подешевшало на 25.0%
KT2123ST;Ключ торцевий трубчастий 21х23мм СТАНДАРТ;ok;73.00;73.00;+0.00%;130.00;90.00;-30.77%;15.14%;Торцевые ключи;Так;*;Так;подешевшало на 30.8%
KTPL-479;Шприц важільно-плунжерний 400мл (двохплунжерний) Pro-Line GI;ok;1357.00;1357.00;+0.00%;1710.00;1550.00;-9.36%;13.94%;Оборудование для замены масел и смазок;Так;*;Ні;
KTPS06-ABS;Комплект пластмасових стрижнів (6 од акрилонітріл бутадієн с;ok;204.00;204.00;+0.00%;280.00;240.00;-14.29%;15.00%;default;Так;*;Ні;
KTPS06-PE;Комплект пластмасових стрижнів (6 од поліетілен) TRISCO;ok;204.00;204.00;+0.00%;280.00;240.00;-14.29%;14.73%;Комплектующие для сварки и пайки;Ні;*;Так;відсутній у фіді
KTPS06-PP;Комплект пластмасових стрижнів (6 од поліпропілен) TRISCO;ok;204.00;204.00;+0.00%;280.00;240.00;-14.29%;14.73%;Комплектующие для сварки и пайки;Ні;*;Так;відсутній у фіді
KTPS06-PS;Комплект пластмасових стрижнів (6 од полістірол) TRISCO;ok;204.00;204.00;+0.00%;280.00;240.00;-14.29%;14.73%;Комплектующие для сварки и пайки;Ні;*;Так;відсутній у фіді
KTR0000;"Ключ трубный важільний №0 (0.5"") СТАНДАРТ";ok;255.00;255.00;+0.00%;350.00;300.00;-14.29%;15.14%;Трубные ключи;Так;*;Ні;
KTR0100;Ключ трубний важільний №1 СТАНДАРТ KTR0100;ok;278.00;278.00;+0.00%;370.00;330.00;-10.81%;15.14%;Трубные ключи;Так;*;Ні;
KTR0200;Ключ трубний важільний №2 СТАНДАРТ KTR0200;ok;440.00;440.00;+0.00%;570.00;510.00;-10.53%;15.14%;Трубные ключи;Ні;*;Так;відсутній у фіді
KTR0300;Ключ трубний важільний №3 СТАНДАРТ KTR0300;ok;619.00;619.00;+0.00%;800.00;720.00;-10.00%;15.14%;Трубные ключи;Ні;*;Так;відсутній у фіді
KTR0400;"Ключ трубний важільний №4 (3"" ) СТАНДАРТ";ok;1007.00;1007.00;+0.00%;1280.00;1160.00;-9.38%;15.14%;Трубные ключи;Ні;*;Так;відсутній у фіді
KTR0500;"Ключ трубний важільний №5 (4"") СТАНДАРТ";ok;1368.00;1368.00;+0.00%;1730.00;1580.00;-8.67%;15.14%;Трубные ключи;Ні;*;Так;відсутній у фіді
KVS0901;Набір для монтажу/демонтажу втулок напрямних клапанів (7 8 9;ok;942.00;942.00;+0.00%;1200.00;1090.00;-9.17%;15.00%;default;Ні;*;Так;відсутній у фіді
KW-401-12;"Гнучкий шланг до шприц-маслянки 12"" з металевої опліткою";ok;274.00;274.00;+0.00%;370.00;320.00;-13.51%;13.94%;Оборудование для замены масел и смазок;Так;*;Ні;
KWT4050;Візок для транспортування і установки + ванна для перевірки ;ok;46860.00;46860.00;+0.00%;58240.00;53400.00;-8.31%;13.94%;Лежаки автослесарные подкатные;Ні;*;Так;відсутній у фіді
L-0204W;Ліхтар світлодіодний алюмінієвий (COB+LED) Pen Light (Made i;ok;880.00;880.00;+0.00%;1460.00;1020.00;-30.14%;15.00%;default;Так;*;Так;подешевшало на 30.1%
L-0206W;Ліхтар світлодіодний алюмінієвий MINI (Made in GERMANY) L-02;ok;905.00;905.00;+0.00%;1790.00;1050.00;-41.34%;15.00%;default;Так;*;Так;подешевшало на 41.3%
L-0303W;Ліхтар складаний світлодіодний (LED) акумуляторний (Made in ;ok;1025.00;1025.00;+0.00%;1680.00;1180.00;-29.76%;15.00%;default;Так;*;Так;подешевшало на 29.8%
L-0502W;Ліхтар складаний світлодіодний (COB) акумуляторний MINI (Mad;ok;922.00;922.00;+0.00%;1170.00;1070.00;-8.55%;15.00%;default;Так;*;Ні;
L-0802T;Ліхтар поворотний світлодіодний (LED) акумуляторний 8+1 з ма;ok;1347.00;1347.00;+0.00%;1700.00;1550.00;-8.82%;15.00%;default;Ні;*;Так;відсутній у фіді
L-897-1.3;Пістолет фарбувальний пневматичний тип LVLP верхній пластико;ok;2281.00;2281.00;+0.00%;2860.00;2590.00;-9.44%;13.20%;Пневматические краскопульты;Так;*;Ні;
L-897-1.3M;Пістолет фарбувальний пневматичний тип LVLP верхній металеви;ok;2341.00;2341.00;+0.00%;2940.00;2660.00;-9.52%;13.20%;Пневматические краскопульты;Так;*;Ні;
L-897-1.4;Пістолет фарбувальний пневматичний тип LVLP верхній пластико;ok;2281.00;2281.00;+0.00%;2860.00;2590.00;-9.44%;13.20%;Пневматические краскопульты;Так;*;Ні;
L-897-1.4M;Пістолет фарбувальний пневматичний тип LVLP верхній металеви;ok;2341.00;2341.00;+0.00%;2940.00;2660.00;-9.52%;13.20%;Пневматические краскопульты;Так;*;Ні;
L-897-1.8;Пістолет фарбувальний пневматичний тип LVLP верхній пластико;ok;2281.00;2281.00;+0.00%;2860.00;2590.00;-9.44%;13.20%;Пневматические краскопульты;Так;*;Ні;
L-897-1.8M;Пістолет фарбувальний пневматичний тип LVLP верхній металеви;ok;2341.00;2341.00;+0.00%;2940.00;2660.00;-9.52%;13.20%;Пневматические краскопульты;Так;*;Ні;
LA-TLT-240SB-380;Підйомник автомобільний 2-х стійковий 4т 380B(LA-TLT-240SB-3;ok;105600.00;105600.00;+0.00%;131220.00;121120.00;-7.70%;14.69%;Подъемники автомобильные;Так;*;Ні;
LA-TLTW-240SB-380;Підйомник автомобільний 2-х стійковий 4 т 380B(LA-TLTW-240SB;ok;110000.00;110000.00;+0.00%;136690.00;126160.00;-7.70%;14.69%;Подъемники автомобильные;Ні;*;Так;відсутній у фіді
LC588S;Шиномонтажний стенд BRIGHT LC588S для вантажних автомобілів ;ok;233068.00;233068.00;+0.00%;266660.00;267430.00;+0.29%;14.74%;Шиномонтажные станки;Так;*;Ні;
LC590D;Шиномонтажний стенд BRIGHT LC590 для вантажних автомобілів 3;ok;376640.00;376640.00;+0.00%;430910.00;432160.00;+0.29%;14.74%;Шиномонтажные станки;Так;*;Ні;
LC810 220V;Шиномонтажний стенд BRIGHT LC810 (п/автомат захоплення диска;ok;49456.00;49456.00;+0.00%;61470.00;56750.00;-7.68%;14.74%;Шиномонтажные станки;Так;*;Ні;
LC810 380V;Шиномонтажний стенд BRIGHT LC810 (п/автомат захоплення диска;ok;49456.00;49456.00;+0.00%;61470.00;56750.00;-7.68%;14.74%;Шиномонтажные станки;Так;*;Ні;
LC850 220V;Шиномонтажний стенд BRIGHT LC850 (п/автомат захоплення диска;ok;60280.00;60280.00;+0.00%;74920.00;69170.00;-7.67%;14.74%;Шиномонтажные станки;Так;*;Ні;
LC850 380V;Шиномонтажний стенд BRIGHT LC850 (п/автомат захоплення диска;ok;60280.00;60280.00;+0.00%;74920.00;69170.00;-7.67%;14.74%;Шиномонтажные станки;Так;*;Ні;
LC887N 220V;Шиномонтажний стенд BRIGHT LC887N (автомат захоплення диска ;ok;84744.00;84744.00;+0.00%;105310.00;97240.00;-7.66%;14.74%;Шиномонтажные станки;Так;*;Ні;
LC887N 380V;Шиномонтажний стенд BRIGHT LC887N (автомат захоплення диска ;ok;84744.00;84744.00;+0.00%;105310.00;97240.00;-7.66%;14.74%;Шиномонтажные станки;Так;*;Ні;
LG18ST;"Лом цвяходер 18"" L450мм СТАНДАРТ";ok;179.00;179.00;+0.00%;250.00;210.00;-16.00%;15.00%;default;Так;*;Ні;
LG30ST;"Лом цвяходер 30"" L750мм СТАНДАРТ";ok;341.00;341.00;+0.00%;530.00;400.00;-24.53%;15.00%;default;Так;*;Так;подешевшало на 24.5%
LG36ST;"Лом цвяходер 36"" L900мм СТАНДАРТ";ok;363.00;363.00;+0.00%;480.00;420.00;-12.50%;15.00%;default;Так;*;Ні;
LH-330;Домкрат підкатний професійний 3т низькопрофільний з двойною ;ok;9680.00;9680.00;+0.00%;25080.00;11110.00;-55.70%;14.69%;Автомобильные домкраты, подставки;Так;*;Так;подешевшало на 55.7%
LK-15130;Лампа короткохвильова для ІЧ-сушки GI KRAFT LK-15130;ok;3969.00;3969.00;+0.00%;4960.00;4570.00;-7.86%;15.00%;default;Так;*;Ні;
LL102G;Лазерний рівень 2 лінії 1H/1V (зелений промінь) PROTESTER LL;ok;2201.00;2201.00;+0.00%;2760.00;2530.00;-8.33%;14.91%;Лазерные нивелиры, уровни, сканеры;Так;*;Ні;
LL102R;Лазерний рівень 2 лінії 1H/1V (червоний промінь) PROTESTER L;ok;1831.00;1831.00;+0.00%;2300.00;2110.00;-8.26%;14.91%;Лазерные нивелиры, уровни, сканеры;Так;*;Ні;
LL202G;Лазерний рівень 2 лінії 1H/1V 2 лазерних модулі (зелений про;ok;2756.00;2756.00;+0.00%;3450.00;3170.00;-8.12%;14.91%;Лазерные нивелиры, уровни, сканеры;Так;*;Ні;
LL202R;Лазерний рівень 2 лінії 1H/1V 2 лазерних модулі (червоний пр;ok;2387.00;2387.00;+0.00%;2990.00;2750.00;-8.03%;14.91%;Лазерные нивелиры, уровни, сканеры;Так;*;Ні;
LL305G;Лазерний рівень H360°/1V (зелений промінь) PROTESTER LL305G;ok;4624.00;4624.00;+0.00%;5770.00;5320.00;-7.80%;14.91%;Лазерные нивелиры, уровни, сканеры;Так;*;Ні;
LL305R;Лазерний рівень H360°/1V (червоний промінь) PROTESTER LL305R;ok;4254.00;4254.00;+0.00%;5310.00;4890.00;-7.91%;14.91%;Лазерные нивелиры, уровни, сканеры;Так;*;Ні;
LL412G;Лазерний рівень 3x360° (H360/2xV360 зелений промінь) PROTEST;ok;8509.00;8509.00;+0.00%;10600.00;9780.00;-7.74%;14.91%;Лазерные нивелиры, уровни, сканеры;Так;*;Ні;
LL412R;Лазерний рівень 3x360° (H360/2xV360 червоний промінь) PROTES;ok;7215.00;7215.00;+0.00%;8990.00;8300.00;-7.68%;14.91%;Лазерные нивелиры, уровни, сканеры;Так;*;Ні;
LL516G;Лазерний рівень PREMIUM 4x360°(2xH360/2xV360 LCD-дисплей Blu;ok;9016.00;9016.00;+0.00%;11230.00;10370.00;-7.66%;14.91%;Лазерные нивелиры, уровни, сканеры;Так;*;Ні;
LL602R;Лазерний рівень 2 лінії 1H/1V (червоний промінь) PROTESTER L;ok;1757.00;1757.00;+0.00%;2210.00;2020.00;-8.60%;14.91%;Лазерные нивелиры, уровни, сканеры;Так;*;Ні;
LL603R;Лазерний рівень 3 лінії 1H/2V (червоний промінь) PROTESTER L;ok;1943.00;1943.00;+0.00%;2440.00;2240.00;-8.20%;14.91%;Лазерные нивелиры, уровни, сканеры;Ні;*;Так;відсутній у фіді
LL605R;Лазерний рівень 5 ліній 1H/4V (червоний промінь) PROTESTER L;ok;2220.00;2220.00;+0.00%;2790.00;2560.00;-8.24%;14.91%;Лазерные нивелиры, уровни, сканеры;Так;*;Ні;
LR01RG;Приймач лазерного випромінювання PROTESTER LR01RG;ok;2086.00;2086.00;+0.00%;2620.00;2400.00;-8.40%;14.91%;Лазерные нивелиры, уровни, сканеры;Так;*;Ні;
LT30B;Лазерна рулетка 30 м (далекомір) 2-в-1 5м/30 м PROTESTER LT3;ok;1456.00;1456.00;+0.00%;2660.00;1680.00;-36.84%;14.97%;Лазерные дальномеры;Ні;*;Так;відсутній у фіді + подешевшало на 36.8%
LT40A;Далекомір лазерний/рулетка 2-в-1 5м/40м PROTESTER LT40A;ok;2132.00;2132.00;+0.00%;6550.00;2460.00;-62.44%;14.97%;Лазерные дальномеры;Так;*;Так;подешевшало на 62.4%
LTR-01;RF-датчик TPMS Launch 433/315 МГц програмований універсальни;ok;157.00;286.00;+82.17%;4450.00;330.00;-92.58%;15.00%;default;Ні;*;Так;відсутній у фіді + подешевшало на 92.6%
LWH0040;Рівень будівельний 40см СТАНДАРТ;ok;209.00;209.00;+0.00%;290.00;250.00;-13.79%;14.91%;Строительные уровни;Так;*;Ні;
LWH0060;Рівень будівельний 60см СТАНДАРТ;ok;225.00;225.00;+0.00%;310.00;260.00;-16.13%;14.91%;Строительные уровни;Ні;*;Так;відсутній у фіді
LWH0080;Рівень будівельний 80см СТАНДАРТ;ok;268.00;268.00;+0.00%;360.00;310.00;-13.89%;14.91%;Строительные уровни;Так;*;Ні;
LWH0100;Рівень будівельний 100см СТАНДАРТ;ok;311.00;311.00;+0.00%;410.00;360.00;-12.20%;14.91%;Строительные уровни;Ні;*;Так;відсутній у фіді
LWH0150;Рівень будівельний 150см СТАНДАРТ;ok;330.00;330.00;+0.00%;440.00;380.00;-13.64%;14.91%;Строительные уровни;Ні;*;Так;відсутній у фіді
LWH0200;Рівень будівельний 200см СТАНДАРТ;ok;433.00;433.00;+0.00%;570.00;500.00;-12.28%;14.91%;Строительные уровни;Ні;*;Так;відсутній у фіді
M266C;Струмовимірювальні кліщі з термопарою PROTESTER M266C;ok;1019.00;1019.00;+0.00%;1590.00;1180.00;-25.79%;15.51%;Мультиметры;Так;*;Так;подешевшало на 25.8%
M5190-150;Штангенциркуль канавковий годинникового типу для вимірювання;ok;5554.00;5554.00;+0.00%;6930.00;6370.00;-8.08%;14.65%;Штангенинструмент;Так;*;Ні;
MAMB8038;Тримач індикаторів на магниті 80кг 380мм PROTESTER MAMB8038;ok;912.00;912.00;+0.00%;1240.00;1050.00;-15.32%;15.00%;default;Так;*;Ні;
MAN-AFRL804G;Манометр к блоку подготовки воздуха AIRKRAFT AFRL804 40мм 1/;ok;100.00;100.00;+0.00%;150.00;120.00;-20.00%;10.63%;Компоненты пневматики;Так;*;Так;подешевшало на 20.0%
MAN-BFC4000G;Манометр к блоку подготовки воздуха AIRKRAFT BFC4000 50мм 1/;ok;129.00;129.00;+0.00%;190.00;150.00;-21.05%;10.63%;Компоненты пневматики;Так;*;Так;подешевшало на 21.1%
MAN-STG-05G;Манометр к пистолету подкачки колес AIRKRAFT STG-05 (резьба ;ok;122.00;122.00;+0.00%;180.00;150.00;-16.67%;15.24%;Пневматические пистолеты подкачки шин;Так;*;Ні;
MAN-STG-29G;Манометр к пистолету подкачки колес AIRKRAFT STG-29 (резьба ;ok;126.00;126.00;+0.00%;180.00;150.00;-16.67%;15.24%;Пневматические пистолеты подкачки шин;Так;*;Ні;
MBP0801;Знімач підшипників маточини універсальний (Харків) ПОДШСТ-УН;ok;1401.00;1401.00;+0.00%;1770.00;1610.00;-9.04%;14.60%;Съемники подшипников;Ні;*;Так;відсутній у фіді
MC5-AIR;Компресорне масло 5л AIRKRAFT Premium 100 Compressor Oil MC5;ok;1630.00;1630.00;+0.00%;16140.00;1880.00;-88.35%;15.00%;default;Ні;*;Так;відсутній у фіді + подешевшало на 88.4%
MCN55;Цвяхозабивний пістолет пневматичний AEROPRO MCN55;ok;9609.00;9609.00;+0.00%;11970.00;10640.00;-11.11%;10.63%;Пневматические степлеры;Так;*;Ні;
MCN70;"Цвяхозабивний пістолет пневматичний (45-70; магазин 300 цвях";ok;11217.00;11217.00;+0.00%;13960.00;12410.00;-11.10%;10.63%;Пневматические степлеры;Так;*;Ні;
MCN90;"Цвяхозабивний пістолет пневматичний (45-90; магазин 225 цвях";ok;14956.00;14956.00;+0.00%;18610.00;16550.00;-11.07%;10.63%;Пневматические степлеры;Так;*;Ні;
MFF0150;Напилок плоский 150мм СТАНДАРТ MFF0150;ok;61.00;61.00;+0.00%;100.00;70.00;-30.00%;13.55%;Напильники и надфили;Ні;*;Так;відсутній у фіді + подешевшало на 30.0%
MFF0200;Напилок плоский 200мм СТАНДАРТ MFF0200;ok;93.00;93.00;+0.00%;140.00;110.00;-21.43%;13.55%;Напильники и надфили;Ні;*;Так;відсутній у фіді + подешевшало на 21.4%
MFF0250;Напилок плоский 250мм СТАНДАРТ MFF0250;ok;132.00;132.00;+0.00%;190.00;150.00;-21.05%;13.55%;Напильники и надфили;Ні;*;Так;відсутній у фіді + подешевшало на 21.1%
MFF0300;Напилок плоский 300мм СТАНДАРТ MFF0300;ok;149.00;149.00;+0.00%;210.00;170.00;-19.05%;13.55%;Напильники и надфили;Ні;*;Так;відсутній у фіді
MG-OEM;Мастило гідравлічне 10л HM/HLP 32 OEM Hydraulic Oil for LAUN;ok;1700.00;2645.00;+55.59%;10760.00;3050.00;-71.65%;15.00%;default;Так;*;Так;подешевшало на 71.7%
MHGP0501;Знімач двох-трьохзахватний гідравлічний 5т СТАНДАРТ MHGP0501;ok;3857.00;3857.00;+0.00%;4820.00;4430.00;-8.09%;14.60%;Гидравлические съемники;Так;*;Ні;
MHGP1001;Знімач двох-трьохзахватний гідравлічний 10т СТАНДАРТ MHGP100;ok;5357.00;5357.00;+0.00%;6680.00;6140.00;-8.08%;14.60%;Гидравлические съемники;Так;*;Ні;
MHGP1501;Знімач двох-трьохзахватний гідравлічний 15т СТАНДАРТ MHGP150;ok;6925.00;6925.00;+0.00%;8630.00;7940.00;-8.00%;14.60%;Гидравлические съемники;Ні;*;Так;відсутній у фіді
MHGP2001;Знімач двох-трьохзахватний гідравлічний 20т СТАНДАРТ MHGP200;ok;10289.00;10289.00;+0.00%;12810.00;11800.00;-7.88%;14.60%;Гидравлические съемники;Ні;*;Так;відсутній у фіді
MHGP3001;Знімач двох-трьохзахватний гідравлічний 30т СТАНДАРТ MHGP300;ok;12680.00;12680.00;+0.00%;15780.00;14540.00;-7.86%;14.60%;Гидравлические съемники;Ні;*;Так;відсутній у фіді
MHGP5002;Знімач двох-трьохзахватний гідравлічний 50т СТАНДАРТ MHGP500;ok;20297.00;20297.00;+0.00%;25240.00;23270.00;-7.81%;14.60%;Съемники подшипников;Ні;*;Так;відсутній у фіді
MJ-I;Комплект перехідників для балансування коліс мотоциклів без ;ok;6996.00;6996.00;+0.00%;8720.00;8030.00;-7.91%;14.74%;Комплектующие для шиномонтажа;Так;*;Ні;
MNT600ST;Монтировка L600мм під гідродомкрат СТАНДАРТ;ok;400.00;400.00;+0.00%;530.00;460.00;-13.21%;13.94%;Инструменты для ремонта и восстановления шин;Так;*;Ні;
MNT850ST;Монтировка L850мм загострена (КАМАЗ) СТАНДАРТ;ok;663.00;663.00;+0.00%;850.00;760.00;-10.59%;13.94%;Инструменты для ремонта и восстановления шин;Так;*;Ні;
MOMM0025;Мікрометр механічний (0-25мм/0,01мм) PROTESTER MOMM0025;ok;697.00;697.00;+0.00%;890.00;800.00;-10.11%;13.86%;Микрометры;Так;*;Ні;
MOMM100125;Мікрометр механічний (100-125мм/0,01мм) PROTESTER MOMM100125;ok;1278.00;1278.00;+0.00%;1620.00;1460.00;-9.88%;13.86%;Микрометры;Так;*;Ні;
MOMM125150;Мікрометр механічний (125-150мм/0,01мм) PROTESTER MOMM125150;ok;1393.00;1393.00;+0.00%;1760.00;1590.00;-9.66%;13.86%;Микрометры;Так;*;Ні;
MOMM75100;Мікрометр механічний (75-100мм/0,01мм) PROTESTER MOMM75100;ok;1096.00;1096.00;+0.00%;1390.00;1250.00;-10.07%;13.86%;Микрометры;Так;*;Ні;
MP-200-1.4;Пістолет фарбувальний пневматичний тип HVLP нижній металевий;ok;1651.00;1651.00;+0.00%;4800.00;1870.00;-61.04%;13.20%;Пневматические краскопульты;Так;*;Так;подешевшало на 61.0%
MP-500-1.3;Пістолет фарбувальний пневматичний тип LVLP верхній пластико;ok;2331.00;2331.00;+0.00%;2920.00;2640.00;-9.59%;13.20%;Пневматические краскопульты;Так;*;Ні;
MP-AIR;Масло для пневматического инструмента 1000 мл AIRKRAFT MP-AI;ok;493.00;681.00;+38.13%;3030.00;790.00;-73.93%;15.00%;default;Так;*;Так;подешевшало на 73.9%
MP12ST;"Монтировка 12"" L300мм СТАНДАРТ";ok;100.00;100.00;+0.00%;3510.00;120.00;-96.58%;13.94%;Инструменты для ремонта и восстановления шин;Так;*;Так;подешевшало на 96.6%
MP18ST;"Монтировка 18"" L450мм СТАНДАРТ";ok;142.00;142.00;+0.00%;260.00;170.00;-34.62%;13.94%;Инструменты для ремонта и восстановления шин;Так;*;Так;подешевшало на 34.6%
MP24ST;"Монтировка 24"" L600мм СТАНДАРТ";ok;184.00;184.00;+0.00%;310.00;210.00;-32.26%;13.94%;Инструменты для ремонта и восстановления шин;Так;*;Так;подешевшало на 32.3%
MP30ST;"Монтировка 30"" L750мм СТАНДАРТ MP30ST";ok;231.00;231.00;+0.00%;320.00;270.00;-15.62%;13.94%;Инструменты для ремонта и восстановления шин;Так;*;Ні;
MPN0601;Діркопробивач по металу (ХЗСО) ДЫРКрЛ MPN-0601;ok;1254.00;1254.00;+0.00%;1590.00;1450.00;-8.81%;15.34%;Пробойники, зубила, бородки;Ні;*;Так;відсутній у фіді
MSN120;Цвяхозабивач пневматичний (до 120мм магнітний накінечник) AE;ok;1931.00;1931.00;+0.00%;2430.00;2140.00;-11.93%;10.63%;Пневматические степлеры;Так;*;Ні;
MSN90-HAMMER;Цвяхозабивач пневматичний (до 90мм магнітний накінечник) AER;ok;1742.00;1742.00;+0.00%;2190.00;1930.00;-11.87%;10.63%;Пневматические степлеры;Так;*;Ні;
MST-001;Набір шліфувальних каменів 10шт (3мм та 6мм) AIRKRAFT MST-00;ok;92.00;92.00;+0.00%;140.00;110.00;-21.43%;15.00%;default;Так;*;Так;подешевшало на 21.4%
MST-002;Набір шліфувальних каменів 5шт (6мм) AIRKRAFT MST-002;ok;72.00;72.00;+0.00%;360.00;80.00;-77.78%;10.47%;Пневмошлифмашины;Так;*;Так;подешевшало на 77.8%
MST-003;Набір шліфувальних каменів 5шт AIRKRAFT MST-003;ok;62.00;62.00;+0.00%;160.00;80.00;-50.00%;15.17%;Наборы инструментов;Так;*;Так;подешевшало на 50.0%
MTB300-1;Ящик інструментальний 300мм 1 відсік (ХЗСО) ЯЩ300-1 MTB300-1;ok;726.00;726.00;+0.00%;11720.00;840.00;-92.83%;14.95%;Ящики, сумки для инструментов;Ні;*;Так;відсутній у фіді + подешевшало на 92.8%
MTB340-3;Ящик інструментальний 340мм 3 відсіки (ХЗСО) ЯЩ330-3 MTB340-;ok;1030.00;1030.00;+0.00%;1310.00;1190.00;-9.16%;14.95%;Ящики, сумки для инструментов;Так;*;Ні;
MTB340-5;Ящик інструментальний 340мм 5 відсіків (ХЗСО) ЯЩ330-5 MTB340;ok;1240.00;1240.00;+0.00%;1570.00;1430.00;-8.92%;14.95%;Ящики, сумки для инструментов;Так;*;Ні;
MTB350-1;Ящик інструментальний 350*250*200мм 1 відсік (ХЗСО) MTB350-1;ok;873.00;873.00;+0.00%;1110.00;1010.00;-9.01%;14.95%;Ящики, сумки для инструментов;Так;*;Ні;
MTB440-3;Ящик інструментальний 440мм 3 відсіки (ХЗСО) ЯЩ430-3 MTB440-;ok;1187.00;1187.00;+0.00%;1500.00;1370.00;-8.67%;14.95%;Ящики, сумки для инструментов;Ні;*;Так;відсутній у фіді
MTB440-5;Ящик інструментальний 440мм 5 відсіків (ХЗСО) ЯЩ430-5 MTB440;ok;1338.00;1338.00;+0.00%;1690.00;1540.00;-8.88%;14.95%;Ящики, сумки для инструментов;Так;*;Ні;
MTB540-3;Ящик інструментальний 540мм 3 відсіки (ХЗСО) ЯЩ530-3 MTB540-;ok;1385.00;1385.00;+0.00%;1750.00;1600.00;-8.57%;14.95%;Ящики, сумки для инструментов;Так;*;Ні;
MTB540-5;Ящик інструментальний 540мм 5 відсіків (ХЗСО) ЯЩ530-5 MTB540;ok;1470.00;1470.00;+0.00%;1850.00;1690.00;-8.65%;14.95%;Ящики, сумки для инструментов;Ні;*;Так;відсутній у фіді
MTGS0020;Різьбомір (дюймовий) PROTESTER MTGS0020;ok;52.00;52.00;+0.00%;90.00;60.00;-33.33%;15.00%;default;Так;*;Так;подешевшало на 33.3%
MWS0101;Кліщі для зняття ізоляції автоматичні СТАНДАРТ MWS0101;ok;472.00;472.00;+0.00%;610.00;550.00;-9.84%;15.00%;default;Так;*;Ні;
MAXBOXER;Гайковерт електричний Maxboxer/TURBO-2000;ok;83600.00;83600.00;+0.00%;103890.00;92190.00;-11.26%;10.27%;Электрические гайковерты;Так;*;Ні;
MEGAFOGER;"Генератор диму"" MegaFoger"" (12B)";ok;4500.00;4500.00;+0.00%;8240.00;5180.00;-37.14%;15.00%;default;Ні;*;Так;відсутній у фіді + подешевшало на 37.1%
N851A;"Степлер пневматичний під скобу (10.8; 1.4 * 1.6; 25-51) Ga16";ok;5891.00;5891.00;+0.00%;7350.00;6520.00;-11.29%;10.63%;Пневматические степлеры;Так;*;Ні;
NBAA0315;Щітка по металу TOPTUL NBAA0315;ok;440.00;440.00;+0.00%;570.00;510.00;-10.53%;15.00%;default;Так;*;Ні;
NBBA0212;Щітка по металу TOPTUL NBBA0212;ok;266.00;266.00;+0.00%;360.00;310.00;-13.89%;15.00%;default;Так;*;Ні;
NCAA0123;Маслянка металева 225мл гнучкий наконечник TOPTUL NCAA0123;ok;359.00;359.00;+0.00%;470.00;410.00;-12.77%;13.94%;Оборудование для замены масел и смазок;Так;*;Ні;
NCAA0135;Маслянка металева 350мл гнучкий наконечник TOPTUL NCAA0135;ok;370.00;370.00;+0.00%;490.00;430.00;-12.24%;13.94%;Оборудование для замены масел и смазок;Так;*;Ні;
NCAA0235;Маслянка металева 350мл жорсткий наконечник TOPTUL NCAA0235;ok;370.00;370.00;+0.00%;490.00;430.00;-12.24%;13.94%;Оборудование для замены масел и смазок;Так;*;Ні;
NCAB0150;Маслянка пластикова 500мл гнучкий наконечник TOPTUL NCAB0150;ok;327.00;327.00;+0.00%;430.00;380.00;-11.63%;13.94%;Оборудование для замены масел и смазок;Так;*;Ні;
NDAA0165;Розпилювач для технічних рідин TOPTUL NDAA0165;ok;2219.00;2219.00;+0.00%;2790.00;2520.00;-9.68%;13.20%;Пневматические распылительные пистолеты;Так;*;Ні;
NGAW0903;Набір клейм цифрових ударних 9од 3мм TOPTUL NGAW0903;ok;269.00;269.00;+0.00%;360.00;310.00;-13.89%;15.00%;default;Так;*;Ні;
NGAW0904;Набір клейм цифрових ударних 9од 4мм TOPTUL NGAW0904;ok;284.00;284.00;+0.00%;380.00;330.00;-13.16%;15.00%;default;Так;*;Ні;
NGAW0905;Набір клейм цифрових ударних 9од 5мм TOPTUL NGAW0905;ok;344.00;344.00;+0.00%;460.00;400.00;-13.04%;15.00%;default;Так;*;Ні;
NGAW0906;Набір клейм цифрових ударних 9од 6мм TOPTUL NGAW0906;ok;457.00;457.00;+0.00%;600.00;530.00;-11.67%;15.00%;default;Так;*;Ні;
NGAW0908;Набір клейм цифрових ударних 9од 8мм TOPTUL NGAW0908;ok;750.00;750.00;+0.00%;960.00;870.00;-9.38%;15.00%;default;Так;*;Ні;
NGAW2703;Набір клейм буквених ударних 27од 3мм TOPTUL NGAW2703;ok;729.00;729.00;+0.00%;930.00;840.00;-9.68%;15.00%;default;Так;*;Ні;
NGAW2704;Набір клейм буквених ударних 27од 4мм TOPTUL NGAW2704;ok;776.00;776.00;+0.00%;990.00;900.00;-9.09%;15.00%;default;Так;*;Ні;
NGAW2705;Набір клейм буквених ударних 27од 5мм TOPTUL NGAW2705;ok;964.00;964.00;+0.00%;1230.00;1110.00;-9.76%;15.00%;default;Так;*;Ні;
NGAW2706;Набір клейм буквених ударних 27од 6мм TOPTUL NGAW2706;ok;1308.00;1308.00;+0.00%;1650.00;1510.00;-8.48%;15.00%;default;Так;*;Ні;
NGAW2708;Набір клейм буквених ударних 27од 8мм TOPTUL NGAW2708;ok;2196.00;2196.00;+0.00%;2760.00;2530.00;-8.33%;15.00%;default;Так;*;Ні;
NGW12ST;Набір ключів комбінованих з тріскачкою 8-19мм 12од на холдер;ok;1716.00;1716.00;+0.00%;2160.00;1980.00;-8.33%;14.88%;Наборы ключей;Так;*;Ні;
NGW6ST;Набір ключів комбінованих з тріскачкою 8,10,12-14,17мм 6од н;ok;810.00;810.00;+0.00%;1030.00;940.00;-8.74%;14.88%;Наборы ключей;Так;*;Ні;
NGW8ST;Набір ключів комбінованих з тріскачкою 8,10,12-15,17,19мм 8о;ok;1148.00;1148.00;+0.00%;1450.00;1320.00;-8.97%;14.88%;Наборы ключей;Так;*;Ні;
NK-100;Динамометр аналоговий пружинний універсальний (10 кг) PROTES;ok;3929.00;3929.00;+0.00%;32230.00;4540.00;-85.91%;15.34%;Силомеры, динамометры;Так;*;Так;подешевшало на 85.9%
NK-20;Динамометр аналоговий пружинний універсальний (2 кг) PROTEST;ok;3595.00;3595.00;+0.00%;4750.00;4150.00;-12.63%;15.34%;Силомеры, динамометры;Так;*;Ні;
NK-200;Динамометр аналоговий пружинний універсальний (20 кг) PROTES;ok;3929.00;3929.00;+0.00%;7760.00;4540.00;-41.49%;15.34%;Силомеры, динамометры;Ні;*;Так;відсутній у фіді + подешевшало на 41.5%
NK-30;Динамометр аналоговий пружинний універсальний (3 кг) PROTEST;ok;3929.00;3929.00;+0.00%;10590.00;4540.00;-57.13%;15.34%;Силомеры, динамометры;Ні;*;Так;відсутній у фіді + подешевшало на 57.1%
NK-300;Динамометр аналоговий пружинний універсальний (30 кг) PROTES;ok;3929.00;3929.00;+0.00%;15230.00;4540.00;-70.19%;15.34%;Силомеры, динамометры;Ні;*;Так;відсутній у фіді + подешевшало на 70.2%
NK-50;Динамометр аналоговий пружинний універсальний (5 кг) PROTEST;ok;3595.00;3595.00;+0.00%;8690.00;4150.00;-52.24%;15.34%;Силомеры, динамометры;Так;*;Так;подешевшало на 52.2%
NK-500;Динамометр аналоговий пружинний універсальний (50 кг) PROTES;ok;3929.00;3929.00;+0.00%;16170.00;4540.00;-71.92%;15.34%;Силомеры, динамометры;Ні;*;Так;відсутній у фіді + подешевшало на 71.9%
NKK12ST;Набір ключів комбінованих 12 од ( 6-14,17,19,22 ) на холдері;ok;560.00;560.00;+0.00%;720.00;650.00;-9.72%;14.88%;Наборы ключей;Так;*;Ні;
NKK12ST-S;"Набір ключів комбінованих 12 од"" Євро"" (6,8,10,12-19,22) в с";ok;734.00;734.00;+0.00%;940.00;850.00;-9.57%;14.88%;Наборы ключей;Так;*;Ні;
NKK12STA;Набір ключів комбінованих 12 од (8-15,17,19,22,24) на холдер;ok;720.00;720.00;+0.00%;950.00;830.00;-12.63%;14.88%;Наборы ключей;Так;*;Ні;
NKK12STA-S;Набір ключів комбінованих 12 од (8,10,12-15,17,19,22,24,27,3;ok;1218.00;1218.00;+0.00%;1540.00;1400.00;-9.09%;14.88%;Наборы ключей;Так;*;Ні;
NKK12STE;"Набір ключів комбінованих 12 од"" Євро"" (6,8,10,12-19,22) на ";ok;671.00;671.00;+0.00%;860.00;780.00;-9.30%;14.88%;Наборы ключей;Так;*;Ні;
NKK12STE-S;Набір ключів комбінованих 12 од (6-14,17,19,22) в сумці СТАН;ok;629.00;629.00;+0.00%;810.00;730.00;-9.88%;14.88%;Наборы ключей;Так;*;Ні;
NKK14STA-S;Набір ключів комбінованих 14 од (6,8,10,12-15,17,19,22,24,27;ok;1526.00;1526.00;+0.00%;1920.00;1760.00;-8.33%;14.88%;Наборы ключей;Так;*;Ні;
NKK15ST;Набір ключів комбінованих 15 од (6-19,22) на холдері СТАНДАР;ok;814.00;814.00;+0.00%;1040.00;940.00;-9.62%;14.88%;Наборы ключей;Так;*;Ні;
NKK22ST-S;Набір ключів комбінованих 22 од (6-19,10 і 13 по 2шт 21,22,2;ok;1917.00;1917.00;+0.00%;2410.00;2210.00;-8.30%;14.88%;Наборы ключей;Так;*;Ні;
NKK25ST-S;Набір ключів комбінованих 25 од (6-28,30,32) в сумці СТАНДАР;ok;2562.00;2562.00;+0.00%;3210.00;2950.00;-8.10%;14.88%;Наборы ключей;Так;*;Ні;
NKK6ST;Набір ключів комбінованих 6 од (8,10,12-14,17) на холдері СТ;ok;276.00;276.00;+0.00%;690.00;320.00;-53.62%;14.88%;Наборы ключей;Так;*;Так;подешевшало на 53.6%
NKK8ST;Набір ключів комбінованих 8 од (8-10,12-14,17,19) на холдері;ok;390.00;390.00;+0.00%;600.00;450.00;-25.00%;14.88%;Наборы ключей;Так;*;Так;подешевшало на 25.0%
NKR11STA-S;Набір ключів ріжкових 11 од (8-32) в сумці СТАНДАРТ;ok;1402.00;1402.00;+0.00%;1770.00;1620.00;-8.47%;14.88%;Наборы ключей;Так;*;Ні;
NMT-0525AM;Рулетка професійна NYLON з автостопом полотна і магнітом 5м*;ok;139.00;139.00;+0.00%;200.00;170.00;-15.00%;15.17%;Измерительные рулетки;Так;*;Ні;
NNZPTN;Набір насадок до заклепочника пневматичного для клепки гальм;ok;12760.00;12760.00;+0.00%;15880.00;14120.00;-11.08%;10.63%;Пневматические заклепочники;Так;*;Ні;
NS-AB-17-PT-1.4;Форсунка для пістолетів фарбувальних AB-17-PT HVLP діаметр ф;ok;681.00;681.00;+0.00%;870.00;780.00;-10.34%;13.20%;Пневматические краскопульты;Так;*;Ні;
NS-AB-17G-1.3;Форсунка для пістолетів фарбувальних AB-17G HVLP діаметр фор;ok;429.00;429.00;+0.00%;940.00;490.00;-47.87%;13.20%;Пневматические краскопульты;Так;*;Так;подешевшало на 47.9%
NS-AB-17G-1.4;Форсунка для пістолетів фарбувальних AB-17G HVLP діаметр фор;ok;429.00;429.00;+0.00%;1300.00;490.00;-62.31%;13.20%;Пневматические краскопульты;Так;*;Так;подешевшало на 62.3%
NS-AB-17G-1.7;Форсунка для пістолетів фарбувальних AB-17G HVLP діаметр фор;ok;429.00;429.00;+0.00%;920.00;490.00;-46.74%;13.20%;Пневматические краскопульты;Так;*;Так;подешевшало на 46.7%
NS-AB-17G-2.0;Форсунка для пістолетів фарбувальних AB-17G HVLP діаметр фор;ok;429.00;429.00;+0.00%;910.00;490.00;-46.15%;13.20%;Пневматические краскопульты;Ні;*;Так;відсутній у фіді + подешевшало на 46.2%
NS-AB-17G-2.5;Форсунка для пістолетів фарбувальних AB-17G HVLP діаметр фор;ok;429.00;429.00;+0.00%;1400.00;490.00;-65.00%;13.20%;Пневматические краскопульты;Так;*;Так;подешевшало на 65.0%
NS-D-951-MINI-0.5;Форсунка для пістолетів фарбувальних D-951-MINI HVLP діаметр;ok;980.00;980.00;+0.00%;1250.00;1110.00;-11.20%;13.20%;Пневматические краскопульты;Ні;*;Так;відсутній у фіді
NS-D-951-MINI-0.5LM;Форсунка для пістолетів фарбувальних D-951-MINI LVMP діаметр;ok;980.00;980.00;+0.00%;1250.00;1110.00;-11.20%;13.20%;Пневматические краскопульты;Ні;*;Так;відсутній у фіді
NS-D-951-MINI-0.8;Форсунка для пістолетів фарбувальних D-951-MINI HVLP діаметр;ok;980.00;980.00;+0.00%;1250.00;1110.00;-11.20%;13.20%;Пневматические краскопульты;Так;*;Ні;
NS-D-951-MINI-0.8LM;Форсунка для пістолетів фарбувальних D-951-MINI LVMP діаметр;ok;980.00;980.00;+0.00%;1250.00;1110.00;-11.20%;13.20%;Пневматические краскопульты;Так;*;Ні;
NS-D-951-MINI-1.0;Форсунка для пістолетів фарбувальних D-951-MINI HVLP діаметр;ok;980.00;980.00;+0.00%;1250.00;1110.00;-11.20%;13.20%;Пневматические краскопульты;Так;*;Ні;
NS-D-951-MINI-1.0LM;Форсунка для пістолетів фарбувальних D-951-MINI LVMP діаметр;ok;980.00;980.00;+0.00%;1250.00;1110.00;-11.20%;13.20%;Пневматические краскопульты;Так;*;Ні;
NS-D-951-MINI-1.2;Форсунка для пістолетів фарбувальних D-951-MINI HVLP діаметр;ok;980.00;980.00;+0.00%;1250.00;1110.00;-11.20%;13.20%;Пневматические краскопульты;Ні;*;Так;відсутній у фіді
NS-D-951-MINI-1.2LM;Форсунка для пістолетів фарбувальних D-951-MINI LVMP діаметр;ok;980.00;980.00;+0.00%;1250.00;1110.00;-11.20%;13.20%;Пневматические краскопульты;Так;*;Ні;
NS-FR-300-301;Комплект форсунок для штукатурних розпилювачів FR-300/FR-301;ok;142.00;142.00;+0.00%;200.00;170.00;-15.00%;13.20%;Пневматические краскопульты;Так;*;Ні;
NS-GFG-1.4;Форсунка для пістолетів фарбувальних GFG HVLP діаметр форсун;ok;1411.00;1411.00;+0.00%;1780.00;1600.00;-10.11%;13.20%;Пневматические краскопульты;Ні;*;Так;відсутній у фіді
NS-GLOSS-2-1.3;Форсунка для пістолетів фарбувальних GLOSS-2 HVLP діаметр фо;ok;1990.00;1990.00;+0.00%;2500.00;2260.00;-9.60%;13.20%;Пневматические краскопульты;Так;*;Ні;
NS-GLOSS-2-1.3LM;Форсунка для пістолетів фарбувальних GLOSS-2 LVMP діаметр фо;ok;1990.00;1990.00;+0.00%;2500.00;2260.00;-9.60%;13.20%;Пневматические краскопульты;Так;*;Ні;
NS-GLOSS-2-1.4;Форсунка для пістолетів фарбувальних GLOSS-2 HVLP діаметр фо;ok;1990.00;1990.00;+0.00%;2500.00;2260.00;-9.60%;13.20%;Пневматические краскопульты;Так;*;Ні;
NS-GLOSS-2-1.4LM;Форсунка для пістолетів фарбувальних GLOSS-2 LVMP діаметр фо;ok;1990.00;1990.00;+0.00%;2500.00;2260.00;-9.60%;13.20%;Пневматические краскопульты;Так;*;Ні;
NS-GLOSS-2-1.8;Форсунка для пістолетів фарбувальних GLOSS-2 HVLP діаметр фо;ok;1990.00;1990.00;+0.00%;2500.00;2260.00;-9.60%;13.20%;Пневматические краскопульты;Так;*;Ні;
NS-GLOSS-2-1.8LM;Форсунка для пістолетів фарбувальних GLOSS-2 LVMP діаметр фо;ok;1990.00;1990.00;+0.00%;2500.00;2260.00;-9.60%;13.20%;Пневматические краскопульты;Так;*;Ні;
NS-GLOSS-X1-1.3;Форсунка для пістолетів фарбувальних Gloss HVLP діаметр форс;ok;1549.00;1549.00;+0.00%;2510.00;1760.00;-29.88%;13.20%;Пневматические краскопульты;Так;*;Так;подешевшало на 29.9%
NS-GLOSS-X1-1.3LM;Форсунка для пістолетів фарбувальних Gloss LVMP діаметр форс;ok;1549.00;1549.00;+0.00%;1950.00;1760.00;-9.74%;13.20%;Пневматические краскопульты;Так;*;Ні;
NS-GLOSS-X1-1.4;Форсунка для пістолетів фарбувальних Gloss HVLP діаметр форс;ok;1549.00;1549.00;+0.00%;1950.00;1760.00;-9.74%;13.20%;Пневматические краскопульты;Так;*;Ні;
NS-GLOSS-X1-1.4LM;Форсунка для пістолетів фарбувальних Gloss LVMP діаметр форс;ok;1549.00;1549.00;+0.00%;1950.00;1760.00;-9.74%;13.20%;Пневматические краскопульты;Так;*;Ні;
NS-GLOSS-X1-1.8;Форсунка для пістолетів фарбувальних Gloss HVLP діаметр форс;ok;1561.00;1561.00;+0.00%;2290.00;1770.00;-22.71%;13.20%;Пневматические краскопульты;Так;*;Так;подешевшало на 22.7%
NS-GLOSS-X1-1.8LM;Форсунка для пістолетів фарбувальних Gloss LVMP діаметр форс;ok;1549.00;1549.00;+0.00%;2230.00;1760.00;-21.08%;13.20%;Пневматические краскопульты;Так;*;Так;подешевшало на 21.1%
NS-H-1001A-1.3;Форсунка для пістолетів фарбувальних H-1001A HVLP діаметр фо;ok;1706.00;1706.00;+0.00%;2150.00;1940.00;-9.77%;13.20%;Пневматические краскопульты;Так;*;Ні;
NS-H-1001A-1.3LM;Форсунка для пістолетів фарбувальних H-1001A LVMP діаметр фо;ok;1706.00;1706.00;+0.00%;2280.00;1940.00;-14.91%;13.20%;Пневматические краскопульты;Так;*;Ні;
NS-H-1001A-1.4;Форсунка для пістолетів фарбувальних H-1001A HVLP діаметр фо;ok;1706.00;1706.00;+0.00%;2150.00;1940.00;-9.77%;13.20%;Пневматические краскопульты;Так;*;Ні;
NS-H-1001A-1.4LM;Форсунка для пістолетів фарбувальних H-1001A LVMP діаметр фо;ok;1706.00;1706.00;+0.00%;2150.00;1940.00;-9.77%;13.20%;Пневматические краскопульты;Так;*;Ні;
NS-H-1001A-1.8;Форсунка для пістолетів фарбувальних H-1001A HVLP діаметр фо;ok;1706.00;1706.00;+0.00%;2150.00;1940.00;-9.77%;13.20%;Пневматические краскопульты;Так;*;Ні;
NS-H-1001A-1.8LM;Форсунка для пістолетів фарбувальних H-1001A LVMP діаметр фо;ok;1706.00;1706.00;+0.00%;2150.00;1940.00;-9.77%;13.20%;Пневматические краскопульты;Так;*;Ні;
NS-H-2000P-0.8;Форсунка для пістолетів фарбувальних H-2000P HVLP діаметр фо;ok;223.00;223.00;+0.00%;570.00;260.00;-54.39%;13.20%;Пневматические краскопульты;Так;*;Так;подешевшало на 54.4%
NS-H-2000P-1.0;Форсунка для пістолетів фарбувальних H-2000P HVLP діаметр фо;ok;223.00;223.00;+0.00%;420.00;260.00;-38.10%;13.20%;Пневматические краскопульты;Так;*;Так;подешевшало на 38.1%
NS-H-2002-1.3;Форсунка для пістолетів фарбувальних H-2002 HVLP діаметр фор;ok;1239.00;1239.00;+0.00%;2020.00;1410.00;-30.20%;13.20%;Пневматические краскопульты;Так;*;Так;подешевшало на 30.2%
NS-H-2002-1.3LM;Форсунка для пістолетів фарбувальних H-2002 LVMP діаметр фор;ok;1239.00;1239.00;+0.00%;1570.00;1410.00;-10.19%;13.20%;Пневматические краскопульты;Так;*;Ні;
NS-H-2002-1.4;Форсунка для пістолетів фарбувальних H-2002 HVLP діаметр фор;ok;1239.00;1239.00;+0.00%;1990.00;1410.00;-29.15%;13.20%;Пневматические краскопульты;Так;*;Так;подешевшало на 29.1%
NS-H-2002-1.4LM;Форсунка для пістолетів фарбувальних H-2002 LVMP діаметр фор;ok;1239.00;1239.00;+0.00%;1570.00;1410.00;-10.19%;13.20%;Пневматические краскопульты;Так;*;Ні;
NS-H-2002-1.6;Форсунка для пістолетів фарбувальних H-2002 HVLP діаметр фор;ok;1344.00;1344.00;+0.00%;3060.00;1530.00;-50.00%;13.20%;Пневматические краскопульты;Так;*;Так;подешевшало на 50.0%
NS-H-2002-1.6LM;Форсунка для пістолетів фарбувальних H-2002 LVMP діаметр фор;ok;1344.00;1344.00;+0.00%;1700.00;1530.00;-10.00%;13.20%;Пневматические краскопульты;Так;*;Ні;
NS-H-2002-1.8;Форсунка для пістолетів фарбувальних H-2002 HVLP діаметр фор;ok;1239.00;1239.00;+0.00%;1920.00;1410.00;-26.56%;13.20%;Пневматические краскопульты;Так;*;Так;подешевшало на 26.6%
NS-H-2002-1.8LM;Форсунка для пістолетів фарбувальних H-2002 LVMP діаметр фор;ok;1239.00;1239.00;+0.00%;1570.00;1410.00;-10.19%;13.20%;Пневматические краскопульты;Так;*;Ні;
NS-H-3000-PT-1.8;Форсунка для пістолетів фарбувальних H-3000-PT HVLP діаметр ;ok;1760.00;1760.00;+0.00%;2210.00;2000.00;-9.50%;13.20%;Пневматические краскопульты;Так;*;Ні;
NS-H-3003-1.3;Форсунка для пістолетів фарбувальних H-3003 HVLP діаметр фор;ok;1470.00;1470.00;+0.00%;1850.00;1670.00;-9.73%;13.20%;Пневматические краскопульты;Так;*;Ні;
NS-H-3003-1.3LM;Форсунка для пістолетів фарбувальних H-3003 LVMP діаметр фор;ok;1470.00;1470.00;+0.00%;1850.00;1670.00;-9.73%;13.20%;Пневматические краскопульты;Так;*;Ні;
NS-H-3003-1.4;Форсунка для пістолетів фарбувальних H-3003 HVLP діаметр фор;ok;1470.00;1470.00;+0.00%;1850.00;1670.00;-9.73%;13.20%;Пневматические краскопульты;Так;*;Ні;
NS-H-3003-1.4LM;Форсунка для пістолетів фарбувальних H-3003 LVMP діаметр фор;ok;1470.00;1470.00;+0.00%;1850.00;1670.00;-9.73%;13.20%;Пневматические краскопульты;Так;*;Ні;
NS-H-3003-1.8;Форсунка для пістолетів фарбувальних H-3003 HVLP діаметр фор;ok;1470.00;1470.00;+0.00%;1850.00;1670.00;-9.73%;13.20%;Пневматические краскопульты;Так;*;Ні;
NS-H-3003-1.8LM;Форсунка для пістолетів фарбувальних H-3003 LVMP діаметр фор;ok;1470.00;1470.00;+0.00%;1850.00;1670.00;-9.73%;13.20%;Пневматические краскопульты;Так;*;Ні;
NS-H-3003-MINI-0.5;Форсунка для пістолетів фарбувальних H-3003-MINI HVLP діамет;ok;888.00;888.00;+0.00%;1130.00;1010.00;-10.62%;13.20%;Пневматические краскопульты;Так;*;Ні;
NS-H-3003-MINI-0.8;Форсунка для пістолетів фарбувальних H-3003-MINI HVLP діамет;ok;888.00;888.00;+0.00%;1130.00;1010.00;-10.62%;13.20%;Пневматические краскопульты;Так;*;Ні;
NS-H-3003-MINI-1.0;Форсунка для пістолетів фарбувальних H-3003-MINI HVLP діамет;ok;888.00;888.00;+0.00%;1130.00;1010.00;-10.62%;13.20%;Пневматические краскопульты;Так;*;Ні;
NS-H-3003-MINI-1.2;Форсунка для пістолетів фарбувальних H-3003-MINI HVLP діамет;ok;888.00;888.00;+0.00%;1130.00;1010.00;-10.62%;13.20%;Пневматические краскопульты;Так;*;Ні;
NS-H-4004-1.3;Форсунка для пістолетів фарбувальних H-4004 HVLP діаметр фор;ok;2049.00;2049.00;+0.00%;2570.00;2320.00;-9.73%;13.20%;Пневматические краскопульты;Так;*;Ні;
NS-H-4004-1.3LM;Форсунка для пістолетів фарбувальних H-4004 LVMP діаметр фор;ok;2049.00;2049.00;+0.00%;2570.00;2320.00;-9.73%;13.20%;Пневматические краскопульты;Так;*;Ні;
NS-H-4004-1.4;Форсунка для пістолетів фарбувальних H-4004 HVLP діаметр фор;ok;2049.00;2049.00;+0.00%;2570.00;2320.00;-9.73%;13.20%;Пневматические краскопульты;Так;*;Ні;
NS-H-4004-1.4LM;Форсунка для пістолетів фарбувальних H-4004 LVMP діаметр фор;ok;2049.00;2049.00;+0.00%;2570.00;2320.00;-9.73%;13.20%;Пневматические краскопульты;Так;*;Ні;
NS-H-4004-1.8;Форсунка для пістолетів фарбувальних H-4004 HVLP діаметр фор;ok;2049.00;2049.00;+0.00%;2570.00;2320.00;-9.73%;13.20%;Пневматические краскопульты;Так;*;Ні;
NS-H-4004-1.8LM;Форсунка для пістолетів фарбувальних H-4004 LVMP діаметр фор;ok;2049.00;2049.00;+0.00%;2570.00;2320.00;-9.73%;13.20%;Пневматические краскопульты;Так;*;Ні;
NS-H-5005-1.3;Форсунка для пістолетів фарбувальних H-5005 HVLP діаметр фор;ok;2737.00;2737.00;+0.00%;3430.00;3100.00;-9.62%;13.20%;Пневматические краскопульты;Так;*;Ні;
NS-H-5005-1.3LM;Форсунка для пістолетів фарбувальних H-5005 LVMP діаметр фор;ok;2737.00;2737.00;+0.00%;3430.00;3100.00;-9.62%;13.20%;Пневматические краскопульты;Ні;*;Так;відсутній у фіді
NS-H-5005-1.4;Форсунка для пістолетів фарбувальних H-5005 HVLP діаметр фор;ok;2737.00;2737.00;+0.00%;3430.00;3100.00;-9.62%;13.20%;Пневматические краскопульты;Так;*;Ні;
NS-H-5005-1.4LM;Форсунка для пістолетів фарбувальних H-5005 LVMP діаметр фор;ok;2737.00;2737.00;+0.00%;3430.00;3100.00;-9.62%;13.20%;Пневматические краскопульты;Ні;*;Так;відсутній у фіді
NS-H-5005-1.8;Форсунка для пістолетів фарбувальних H-5000 HVLP діаметр фор;ok;2737.00;2737.00;+0.00%;3430.00;3100.00;-9.62%;13.20%;Пневматические краскопульты;Так;*;Ні;
NS-H-5005-1.8LM;Форсунка для пістолетів фарбувальних H-5005 LVMP діаметр фор;ok;2737.00;2737.00;+0.00%;3430.00;3100.00;-9.62%;13.20%;Пневматические краскопульты;Так;*;Ні;
NS-H-827B-1.3;Форсунка для пістолетів фарбувальних H-827B HVLP діаметр фор;ok;342.00;342.00;+0.00%;510.00;390.00;-23.53%;13.20%;Пневматические краскопульты;Так;*;Так;подешевшало на 23.5%
NS-H-827B-1.4;Форсунка для пістолетів фарбувальних H-827B HVLP діаметр фор;ok;342.00;342.00;+0.00%;840.00;390.00;-53.57%;13.20%;Пневматические краскопульты;Так;*;Так;подешевшало на 53.6%
NS-H-827B-1.7;Форсунка для пістолетів фарбувальних H-827B HVLP діаметр фор;ok;342.00;342.00;+0.00%;520.00;390.00;-25.00%;13.20%;Пневматические краскопульты;Так;*;Так;подешевшало на 25.0%
NS-H-827B-2.0;Форсунка для пістолетів фарбувальних H-827B HVLP діаметр фор;ok;342.00;342.00;+0.00%;480.00;390.00;-18.75%;13.20%;Пневматические краскопульты;Так;*;Ні;
NS-H-827B-2.5;Форсунка для пістолетів фарбувальних H-827B HVLP діаметр фор;ok;342.00;342.00;+0.00%;460.00;390.00;-15.22%;13.20%;Пневматические краскопульты;Так;*;Ні;
NS-H-891-0.8;Форсунка для пістолетів фарбувальних H-891 HVLP діаметр форс;ok;560.00;560.00;+0.00%;860.00;640.00;-25.58%;13.20%;Пневматические краскопульты;Так;*;Так;подешевшало на 25.6%
NS-H-891-1.0;Форсунка для пістолетів фарбувальних H-891 HVLP діаметр форс;ok;560.00;560.00;+0.00%;720.00;640.00;-11.11%;13.20%;Пневматические краскопульты;Так;*;Ні;
NS-H-891-1.2;Форсунка для пістолетів фарбувальних H-891 HVLP діаметр форс;ok;560.00;560.00;+0.00%;720.00;640.00;-11.11%;13.20%;Пневматические краскопульты;Так;*;Ні;
NS-H-921-MINI-0.5;Форсунка для пістолетів фарбувальних H-921-MINI HVLP діаметр;ok;667.00;667.00;+0.00%;860.00;760.00;-11.63%;13.20%;Пневматические краскопульты;Так;*;Ні;
NS-H-921-MINI-0.8;Форсунка для пістолетів фарбувальних H-921-MINI HVLP діаметр;ok;667.00;667.00;+0.00%;980.00;760.00;-22.45%;13.20%;Пневматические краскопульты;Так;*;Так;подешевшало на 22.4%
NS-H-921-MINI-1.0;Форсунка для пістолетів фарбувальних H-921-MINI HVLP діаметр;ok;667.00;667.00;+0.00%;860.00;760.00;-11.63%;13.20%;Пневматические краскопульты;Так;*;Ні;
NS-H-921-MINI-1.2;Форсунка для пістолетів фарбувальних H-921-MINI HVLP діаметр;ok;667.00;667.00;+0.00%;860.00;760.00;-11.63%;13.20%;Пневматические краскопульты;Так;*;Ні;
NS-H-923-1.3;Форсунка для пістолетів фарбувальних H-923 HVLP діаметр форс;ok;1088.00;1088.00;+0.00%;2970.00;1240.00;-58.25%;13.20%;Пневматические краскопульты;Так;*;Так;подешевшало на 58.2%
NS-H-923-1.4;Форсунка для пістолетів фарбувальних H-923 HVLP діаметр форс;ok;1088.00;1088.00;+0.00%;1520.00;1240.00;-18.42%;13.20%;Пневматические краскопульты;Так;*;Ні;
NS-H-923-1.8;Форсунка для пістолетів фарбувальних H-923 HVLP діаметр форс;ok;1088.00;1088.00;+0.00%;1380.00;1240.00;-10.14%;13.20%;Пневматические краскопульты;Так;*;Ні;
NS-H-929-1.3;Форсунка для пістолетів фарбувальних H-929 HVLP діаметр форс;ok;1993.00;1993.00;+0.00%;2500.00;2260.00;-9.60%;13.20%;Пневматические краскопульты;Так;*;Ні;
NS-H-929-1.3LM;Форсунка для пістолетів фарбувальних H-929 LVMP діаметр форс;ok;1993.00;1993.00;+0.00%;2500.00;2260.00;-9.60%;13.20%;Пневматические краскопульты;Так;*;Ні;
NS-H-929-1.4;Форсунка для пістолетів фарбувальних H-929 HVLP діаметр форс;ok;1993.00;1993.00;+0.00%;2500.00;2260.00;-9.60%;13.20%;Пневматические краскопульты;Так;*;Ні;
NS-H-929-1.4LM;Форсунка для пістолетів фарбувальних H-929 LVMP діаметр форс;ok;1993.00;1993.00;+0.00%;2500.00;2260.00;-9.60%;13.20%;Пневматические краскопульты;Так;*;Ні;
NS-H-929-1.8;Форсунка для пістолетів фарбувальних H-929 HVLP діаметр форс;ok;1993.00;1993.00;+0.00%;2500.00;2260.00;-9.60%;13.20%;Пневматические краскопульты;Так;*;Ні;
NS-H-929-1.8LM;Форсунка для пістолетів фарбувальних H-929 LVMP діаметр форс;ok;1993.00;1993.00;+0.00%;2500.00;2260.00;-9.60%;13.20%;Пневматические краскопульты;Так;*;Ні;
NS-H-970-1.3;Форсунка для пістолетів фарбувальних H-970 HVLP діаметр форс;ok;375.00;375.00;+0.00%;490.00;430.00;-12.24%;13.20%;Пневматические краскопульты;Так;*;Ні;
NS-H-970-1.4;Форсунка для пістолетів фарбувальних H-970 HVLP діаметр форс;ok;375.00;375.00;+0.00%;600.00;430.00;-28.33%;13.20%;Пневматические краскопульты;Так;*;Так;подешевшало на 28.3%
NS-H-970-1.7;Форсунка для пістолетів фарбувальних H-970 HVLP діаметр форс;ok;375.00;375.00;+0.00%;490.00;430.00;-12.24%;13.20%;Пневматические краскопульты;Так;*;Ні;
NS-H-970-2.0;Форсунка для пістолетів фарбувальних H-970 HVLP діаметр форс;ok;375.00;375.00;+0.00%;560.00;430.00;-23.21%;13.20%;Пневматические краскопульты;Так;*;Так;подешевшало на 23.2%
NS-HD-1-1.3LM;Форсунка для пістолетів фарбувальних HD-1 LVMP діаметр форсу;ok;1411.00;1411.00;+0.00%;6680.00;1600.00;-76.05%;13.20%;Пневматические краскопульты;Ні;*;Так;відсутній у фіді + подешевшало на 76.0%
NS-K-200-1.3;Форсунка для пістолетів фарбувальних K-200 LVMP діаметр форс;ok;547.00;547.00;+0.00%;1000.00;620.00;-38.00%;13.20%;Пневматические краскопульты;Так;*;Так;подешевшало на 38.0%
NS-K-200-1.4;Форсунка для пістолетів фарбувальних K-200 LVMP діаметр форс;ok;547.00;547.00;+0.00%;710.00;620.00;-12.68%;13.20%;Пневматические краскопульты;Так;*;Ні;
NS-K-200-1.7;Форсунка для пістолетів фарбувальних K-200 LVMP діаметр форс;ok;547.00;547.00;+0.00%;710.00;620.00;-12.68%;13.20%;Пневматические краскопульты;Так;*;Ні;
NS-K-200-2.0;Форсунка для пістолетів фарбувальних K-200 LVMP діаметр форс;ok;547.00;547.00;+0.00%;710.00;620.00;-12.68%;13.20%;Пневматические краскопульты;Так;*;Ні;
NS-K-200-2.5;Форсунка для пістолетів фарбувальних K-200 LVMP діаметр форс;ok;547.00;547.00;+0.00%;890.00;620.00;-30.34%;13.20%;Пневматические краскопульты;Так;*;Так;подешевшало на 30.3%
NS-K-350-0.8;Форсунка для пістолетів фарбувальних K-350 LVMP діаметр форс;ok;317.00;317.00;+0.00%;420.00;360.00;-14.29%;13.20%;Пневматические краскопульты;Так;*;Ні;
NS-K-350-1.0;Форсунка для пістолетів фарбувальних K-350 LVMP діаметр форс;ok;317.00;317.00;+0.00%;420.00;360.00;-14.29%;13.20%;Пневматические краскопульты;Так;*;Ні;
NS-K-350-1.2;Форсунка для пістолетів фарбувальних K-350 LVMP діаметр форс;ok;317.00;317.00;+0.00%;770.00;360.00;-53.25%;13.20%;Пневматические краскопульты;Так;*;Так;подешевшало на 53.2%
NS-L-897-1.3;Форсунка для пістолетів фарбувальних L-897 LVLP діаметр форс;ok;796.00;796.00;+0.00%;1030.00;910.00;-11.65%;13.20%;Пневматические краскопульты;Так;*;Ні;
NS-L-897-1.4;Форсунка для пістолетів фарбувальних L-897 LVLP діаметр форс;ok;796.00;796.00;+0.00%;1180.00;910.00;-22.88%;13.20%;Пневматические краскопульты;Так;*;Так;подешевшало на 22.9%
NS-L-897-1.8;Форсунка для пістолетів фарбувальних L-897 LVLP діаметр форс;ok;796.00;796.00;+0.00%;1020.00;910.00;-10.78%;13.20%;Пневматические краскопульты;Так;*;Ні;
NS-MP-200-1.3;Форсунка для пістолетів фарбувальних MP-200 HVLP діаметр фор;ok;596.00;596.00;+0.00%;770.00;680.00;-11.69%;13.20%;Пневматические краскопульты;Так;*;Ні;
NS-MP-200-1.4;Форсунка для пістолетів фарбувальних MP-200 HVLP діаметр фор;ok;596.00;596.00;+0.00%;770.00;680.00;-11.69%;13.20%;Пневматические краскопульты;Так;*;Ні;
NS-MP-200-1.7;Форсунка для пістолетів фарбувальних MP-200 HVLP діаметр фор;ok;596.00;596.00;+0.00%;770.00;680.00;-11.69%;13.20%;Пневматические краскопульты;Так;*;Ні;
NS-MP-200-2.0;Форсунка для пістолетів фарбувальних MP-200 HVLP діаметр фор;ok;596.00;596.00;+0.00%;780.00;680.00;-12.82%;13.20%;Пневматические краскопульты;Так;*;Ні;
NS-MP-200-2.5;Форсунка для пістолетів фарбувальних MP-200 HVLP діаметр фор;ok;596.00;596.00;+0.00%;770.00;680.00;-11.69%;13.20%;Пневматические краскопульты;Так;*;Ні;
NS-MP-500-1.1;Форсунка для пістолетів фарбувальних MP-500 LVLP діаметр фор;ok;675.00;675.00;+0.00%;870.00;770.00;-11.49%;13.20%;Пневматические краскопульты;Так;*;Ні;
NS-MP-500-1.3;Форсунка для пістолетів фарбувальних MP-500 LVLP діаметр фор;ok;675.00;675.00;+0.00%;870.00;770.00;-11.49%;13.20%;Пневматические краскопульты;Так;*;Ні;
NS-MP-500-1.4;Форсунка для пістолетів фарбувальних MP-500 LVLP діаметр фор;ok;675.00;675.00;+0.00%;870.00;770.00;-11.49%;13.20%;Пневматические краскопульты;Так;*;Ні;
NS-MP-500-1.8;Форсунка для пістолетів фарбувальних MP-500 LVLP діаметр фор;ok;675.00;675.00;+0.00%;870.00;770.00;-11.49%;13.20%;Пневматические краскопульты;Так;*;Ні;
NS-PQ-2U-2.0;Форсунка для пістолета фарбувального PQ-2U AEROPRO NS-PQ-2U-;ok;529.00;529.00;+0.00%;2630.00;600.00;-77.19%;13.20%;Пневматические краскопульты;Так;*;Так;подешевшало на 77.2%
NS-PS-2;Насадка керамічна для піскоструминного пістолету AUARITA NS-;ok;70.00;70.00;+0.00%;480.00;80.00;-83.33%;10.63%;Пневматические пескоструйные пистолеты;Так;*;Так;подешевшало на 83.3%
NS-PS-3;Насадка керамічна для піскоструминного пістолету AUARITA NS-;ok;87.00;87.00;+0.00%;1080.00;100.00;-90.74%;10.63%;Пневматические пескоструйные пистолеты;Так;*;Так;подешевшало на 90.7%
NS-PT-2/PT-8-2.0;Форсунка для пістолетів фарбувальних PT-2/PT-8 HP діаметр фо;ok;535.00;535.00;+0.00%;1400.00;610.00;-56.43%;13.20%;Пневматические краскопульты;Так;*;Так;подешевшало на 56.4%
NS-PT-29B-1.3;Форсунка для пістолетів фарбувальних PT-29B HVLP діаметр фор;ok;1247.00;1247.00;+0.00%;1580.00;1420.00;-10.13%;13.20%;Пневматические краскопульты;Так;*;Ні;
NS-PT-29B-1.6;Форсунка для пістолетів фарбувальних PT-29B HVLP діаметр фор;ok;1247.00;1247.00;+0.00%;1580.00;1420.00;-10.13%;13.20%;Пневматические краскопульты;Так;*;Ні;
NS-PT-29B-1.8;Форсунка для пістолетів фарбувальних PT-29B HVLP діаметр фор;ok;1247.00;1247.00;+0.00%;1580.00;1420.00;-10.13%;13.20%;Пневматические краскопульты;Так;*;Ні;
NS-PT-29B-2.0;Форсунка для пістолетів фарбувальних PT-29B HVLP діаметр фор;ok;1247.00;1247.00;+0.00%;1580.00;1420.00;-10.13%;13.20%;Пневматические краскопульты;Так;*;Ні;
NS-S-990-1.2;Форсунка для пістолетів фарбувальних S-990 HP діаметр форсун;ok;181.00;181.00;+0.00%;250.00;210.00;-16.00%;13.20%;Пневматические краскопульты;Так;*;Ні;
NS-S-990-1.5;Форсунка для пістолетів фарбувальних S-990 HP діаметр форсун;ok;181.00;181.00;+0.00%;250.00;210.00;-16.00%;13.20%;Пневматические краскопульты;Так;*;Ні;
NS-S-990-1.8;Форсунка для пістолетів фарбувальних S-990 HP діаметр форсун;ok;181.00;181.00;+0.00%;270.00;210.00;-22.22%;13.20%;Пневматические краскопульты;Так;*;Так;подешевшало на 22.2%
NS-S-990-2.0;Форсунка для пістолетів фарбувальних S-990 HP діаметр форсун;ok;181.00;181.00;+0.00%;1520.00;210.00;-86.18%;13.20%;Пневматические краскопульты;Так;*;Так;подешевшало на 86.2%
NS-S-990-2.5;Форсунка для пістолетів фарбувальних S-990 HP діаметр форсун;ok;181.00;181.00;+0.00%;250.00;210.00;-16.00%;13.20%;Пневматические краскопульты;Так;*;Ні;
NS-ST-3000-1.3;Форсунка для пістолетів фарбувальних ST-3000 HVLP діаметр фо;ok;1214.00;1214.00;+0.00%;1540.00;1380.00;-10.39%;13.20%;Пневматические краскопульты;Так;*;Ні;
NS-ST-3000-1.3LM;Форсунка для пістолетів фарбувальних ST-3000 LVMP діаметр фо;ok;1214.00;1214.00;+0.00%;1540.00;1380.00;-10.39%;13.20%;Пневматические краскопульты;Так;*;Ні;
NS-ST-3000-1.4;Форсунка для пістолетів фарбувальних ST-3000 HVLP діаметр фо;ok;1214.00;1214.00;+0.00%;1540.00;1380.00;-10.39%;13.20%;Пневматические краскопульты;Так;*;Ні;
NS-ST-3000-1.4LM;Форсунка для пістолетів фарбувальних ST-3000 LVMP діаметр фо;ok;1214.00;1214.00;+0.00%;1750.00;1380.00;-21.14%;13.20%;Пневматические краскопульты;Так;*;Так;подешевшало на 21.1%
NS-ST-3000-1.6;Форсунка для пістолетів фарбувальних ST-3000 HVLP діаметр фо;ok;1214.00;1214.00;+0.00%;1540.00;1380.00;-10.39%;13.20%;Пневматические краскопульты;Так;*;Ні;
NS-ST-3000-1.6LM;Форсунка для пістолетів фарбувальних ST-3000 LVMP діаметр фо;ok;1214.00;1214.00;+0.00%;1540.00;1380.00;-10.39%;13.20%;Пневматические краскопульты;Ні;*;Так;відсутній у фіді
NS-ST-3000-1.8;Форсунка для пістолетів фарбувальних ST-3000 HVLP діаметр фо;ok;1214.00;1214.00;+0.00%;1540.00;1380.00;-10.39%;13.20%;Пневматические краскопульты;Ні;*;Так;відсутній у фіді
NS-ST-3000-1.8LM;Форсунка для пістолетів фарбувальних ST-3000 LVMP діаметр фо;ok;1214.00;1214.00;+0.00%;1540.00;1380.00;-10.39%;13.20%;Пневматические краскопульты;Так;*;Ні;
NS-SHINE-1.3;Форсунка для пістолетів фарбувальних Shine HVLP діаметр форс;ok;1624.00;1624.00;+0.00%;2050.00;1840.00;-10.24%;13.20%;Пневматические краскопульты;Так;*;Ні;
NS-SHINE-1.3LM;Форсунка для пістолетів фарбувальних Shine LVMP діаметр форс;ok;1679.00;1679.00;+0.00%;2110.00;1910.00;-9.48%;13.20%;Пневматические краскопульты;Так;*;Ні;
NS-SHINE-1.4;Форсунка для пістолетів фарбувальних Shine HVLP діаметр форс;ok;1624.00;1624.00;+0.00%;2050.00;1840.00;-10.24%;13.20%;Пневматические краскопульты;Ні;*;Так;відсутній у фіді
NS-SHINE-1.4LM;Форсунка для пістолетів фарбувальних Shine LVMP діаметр форс;ok;1549.00;1549.00;+0.00%;1950.00;1760.00;-9.74%;13.20%;Пневматические краскопульты;Так;*;Ні;
NS-SHINE-MINI-0.8;Форсунка для пістолетів фарбувальних Shine-MINI HVLP діаметр;ok;1181.00;1181.00;+0.00%;1650.00;1340.00;-18.79%;13.20%;Пневматические краскопульты;Ні;*;Так;відсутній у фіді
NS-SHINE-MINI-1.0;Форсунка для пістолетів фарбувальних Shine-MINI HVLP діаметр;ok;1181.00;1181.00;+0.00%;1580.00;1340.00;-15.19%;13.20%;Пневматические краскопульты;Так;*;Ні;
NS-SHINE-MINI-1.2;Форсунка для пістолетів фарбувальних Shine-MINI HVLP діаметр;ok;1181.00;1181.00;+0.00%;1500.00;1340.00;-10.67%;13.20%;Пневматические краскопульты;Так;*;Ні;
NS-TTS-HV30-1.3;Форсунка для пістолетів фарбувальних TTS-HV30 HVLP діаметр ф;ok;1531.00;1531.00;+0.00%;6810.00;1740.00;-74.45%;13.20%;Пневматические краскопульты;Ні;*;Так;відсутній у фіді + подешевшало на 74.4%
NS-TTS-TE10-1.3LM;Форсунка для пістолетів фарбувальних TTS-TE10 LVMP діаметр ф;ok;1531.00;1531.00;+0.00%;1930.00;1740.00;-9.84%;13.20%;Пневматические краскопульты;Так;*;Ні;
NS-W-871-2.5;Форсунка для пістолетів фарбувальних W-871 HP діаметр форсун;ok;535.00;535.00;+0.00%;810.00;610.00;-24.69%;13.20%;Пневматические краскопульты;Так;*;Так;подешевшало на 24.7%
NSK0501;Набір знімачів кульових опор і рульових наконечників (5 од);ok;3422.00;3422.00;+0.00%;4280.00;3930.00;-8.18%;14.60%;Механические съемники;Так;*;Ні;
NST-5040C;"Пневмогайковерт 1/2"" (885N/m; 8000об/хв; композитний корпус)";ok;4157.00;4157.00;+0.00%;5190.00;4590.00;-11.56%;10.38%;Пневматические гайковерты;Так;*;Ні;
NSTT0013;Форсунка для фарбопультів KANA14N6 діаметр форсунки-1,3мм TO;ok;1996.00;1996.00;+0.00%;2510.00;2260.00;-9.96%;13.20%;Пневматические краскопульты;Так;*;Ні;
NSTT0014;Форсунка для фарбопультів KANA14N6 діаметр форсунки-1,4мм TO;ok;1996.00;1996.00;+0.00%;2510.00;2260.00;-9.96%;13.20%;Пневматические краскопульты;Так;*;Ні;
NSTT0018;Форсунка для фарбопультів KANA14N6 діаметр форсунки-1,8мм TO;ok;1996.00;1996.00;+0.00%;2510.00;2260.00;-9.96%;13.20%;Пневматические краскопульты;Так;*;Ні;
NTBR4007-X-1;Візок з інструментом 7 секцій 243 од TORIN NTBR4007-X-1;ok;46128.00;46128.00;+0.00%;57340.00;53030.00;-7.52%;14.95%;Ящики, сумки для инструментов;Так;*;Ні;
NTBR4007-X-2;Візок з інструментом 7 секцій 228 од TORIN NTBR4007-X-2;ok;45678.00;45678.00;+0.00%;56780.00;52510.00;-7.52%;14.95%;Шкафы, тумбы и тележки инструментальные;Так;*;Ні;
NTBT4004-X;Ящик для інструменту 4 секції 660(L)x307(W)x377(H)mm (TBT690;ok;9926.00;9926.00;+0.00%;12360.00;11410.00;-7.69%;14.95%;Ящики, сумки для инструментов;Ні;*;Так;відсутній у фіді
NITROMAC;Прилад для регулювання світла фар NitroMac;ok;25432.00;25432.00;+0.00%;31620.00;29250.00;-7.50%;15.00%;default;Ні;*;Так;відсутній у фіді
O2-2;Модуль розширення ScopeBox (осциллограф) для сканерів PAD LA;ok;40920.00;40920.00;+0.00%;50870.00;46920.00;-7.76%;14.66%;Автомобильные диагностические сканеры;Так;*;Ні;
OFM24;Маслороздавальна установка пневматична (24л) GI KRAFT OFM24;ok;7061.00;7061.00;+0.00%;8800.00;8050.00;-8.52%;13.94%;Оборудование для замены масел и смазок;Так;*;Ні;
OG8;Маслонагнітаючий бачок 8л;ok;1458.00;1458.00;+0.00%;7190.00;1670.00;-76.77%;13.94%;Оборудование для замены масел и смазок;Так;*;Так;подешевшало на 76.8%
OPTK0502;Тестер інжекторів універсальний (ХЗСО) OPTK0502;ok;1100.00;1100.00;+0.00%;1390.00;1270.00;-8.63%;15.00%;default;Так;*;Ні;
OZN-802;Очищувач повітря озонатор;ok;6776.00;6776.00;+0.00%;8450.00;7800.00;-7.69%;15.00%;default;Так;*;Ні;
P630;"Степлер пневматичний під шпильку (PROFI) (0.64; 12-30) Ga23 ";ok;1874.00;1874.00;+0.00%;12710.00;2080.00;-83.63%;10.63%;Пневматические степлеры;Так;*;Так;подешевшало на 83.6%
PA26063201;Чохол для гайкових ключів на 26од (від Набіра GPAA2602 GPAX2;ok;1174.00;1174.00;+0.00%;1490.00;1350.00;-9.40%;14.95%;Ящики, сумки для инструментов;Так;*;Ні;
PAIA0838001;Кейс для Набіру GCAI108R TOPTUL PAIA0838001;ok;531.00;531.00;+0.00%;690.00;620.00;-10.14%;14.95%;Ящики, сумки для инструментов;Так;*;Ні;
PBKB2B2614;"Тримач для голівок (планка магнітна) 1/4""*260*14PCS TOPTUL P";ok;692.00;692.00;+0.00%;890.00;800.00;-10.11%;15.14%;Торцевые головки;Так;*;Ні;
PBKB2R2410;"Планка для головок (магнитная) TOPTUL 1/2""*240*10шт PBKB2R24";ok;405.00;405.00;+0.00%;530.00;470.00;-11.32%;15.14%;Торцевые головки;Ні;*;Так;відсутній у фіді
PBKB2R2414;"Тримач для головок (планка магнітна) 1/4 ""* 240 * 14PCS TOPT";ok;605.00;605.00;+0.00%;780.00;700.00;-10.26%;15.14%;Торцевые головки;Ні;*;Так;відсутній у фіді
PBKB3R2412;"Тримач для головок (планка магнітна) 3/8 ""* 240 * 12PCS TOPT";ok;679.00;679.00;+0.00%;870.00;790.00;-9.20%;15.14%;Торцевые головки;Так;*;Ні;
PBKB4B2610;"Тримач для голівок (планка магнітна) 1/2""*260*10PCS TOPTUL P";ok;692.00;692.00;+0.00%;890.00;800.00;-10.11%;15.14%;Торцевые головки;Так;*;Ні;
PBKB4B26103;"Тримач для головок алюмінієвий TOPTUL (магнітна планка) 1/2""";ok;395.00;395.00;+0.00%;690.00;460.00;-33.33%;15.14%;Торцевые головки;Ні;*;Так;відсутній у фіді + подешевшало на 33.3%
PBW-041A;Сумка для інструменту 410х280х300 TOPTUL PBW-041A;ok;3913.00;3913.00;+0.00%;4890.00;4500.00;-7.98%;14.95%;Ящики, сумки для инструментов;Так;*;Ні;
PBW-045A;Сумка для інструмента з колісьми і телескопічною ручкою TOPT;ok;7659.00;7659.00;+0.00%;9540.00;8810.00;-7.65%;14.95%;Ящики, сумки для инструментов;Так;*;Ні;
PBW-053A;Сумка для інструменту 530x270x320 з колесами і телескопічною;ok;3913.00;3913.00;+0.00%;4890.00;4500.00;-7.98%;14.95%;Ящики, сумки для инструментов;Ні;*;Так;відсутній у фіді
PBW000028;Пояс-органайзер для інструменту 760x360mm (600D);ok;2666.00;2666.00;+0.00%;3340.00;3070.00;-8.08%;14.95%;Ящики, сумки для инструментов;Так;*;Ні;
PBW00002900;Сумка для інструменту 430x250x360mm TOPTUL PBW00002900;ok;1920.00;1920.00;+0.00%;2410.00;2210.00;-8.30%;14.95%;Ящики, сумки для инструментов;Так;*;Ні;
PC-125GPR;Бачок пластиковий (внутрішня різьба M14*1) 125 мл AUARITA PC;ok;114.00;114.00;+0.00%;170.00;130.00;-23.53%;13.20%;Пневматические краскопульты;Так;*;Так;подешевшало на 23.5%
PC-250GPW;Бачок пластиковий (внутрішня різьба M14*1) 250 мл AUARITA PC;ok;194.00;194.00;+0.00%;270.00;220.00;-18.52%;13.20%;Пневматические краскопульты;Так;*;Ні;
PC-600A;Бачок пластиковий (зовнішня різьба 3/8*1.337) 600 мл ITALCO ;ok;594.00;594.00;+0.00%;1150.00;680.00;-40.87%;13.20%;Пневматические краскопульты;Так;*;Так;подешевшало на 40.9%
PC-600B;Бачок пластиковий (внутрішня різьба M16*1.5) 600 мл AUARITA ;ok;584.00;584.00;+0.00%;810.00;670.00;-17.28%;13.20%;Пневматические краскопульты;Так;*;Ні;
PC-600D;Бачок пластиковий (зовнішня різьба 3/8*1.337) 600 мл ITALCO ;ok;738.00;738.00;+0.00%;1320.00;840.00;-36.36%;13.20%;Пневматические краскопульты;Так;*;Так;подешевшало на 36.4%
PC-600GLD;Бачок металевий (внутрішня різьба M16*1.5) 600 мл;ok;262.00;262.00;+0.00%;350.00;300.00;-14.29%;13.20%;Пневматические краскопульты;Так;*;Ні;
PC-600GLG;Бачок металевий (зовнішня різьба M14*1.25) 600 мл AUARITA PC;ok;275.00;275.00;+0.00%;370.00;320.00;-13.51%;13.20%;Пневматические краскопульты;Так;*;Ні;
PC-600GPB;Бачок пластиковий (зовнішня різьба M14*1.25) 600 мл AUARITA ;ok;132.00;132.00;+0.00%;190.00;150.00;-21.05%;13.20%;Пневматические краскопульты;Так;*;Так;подешевшало на 21.1%
PC-600GPP;Бачок пластиковий (внутрішня різьба M16*1.5) 600 мл AUARITA ;ok;132.00;132.00;+0.00%;190.00;150.00;-21.05%;13.20%;Пневматические краскопульты;Так;*;Так;подешевшало на 21.1%
PCR6101;Знімач форсунок MERCEDES COMMON RAIL MB CDI 611 612 613 (ХЗС;ok;4455.00;4455.00;+0.00%;5560.00;5110.00;-8.09%;14.60%;Механические съемники;Ні;*;Так;відсутній у фіді
PFRR0024;Випресування поршневого пальця ХЗСО ВПП PFRR0024;ok;705.00;705.00;+0.00%;900.00;810.00;-10.00%;14.60%;Механические съемники;Так;*;Ні;
PGS-10M;Переноска гаражна світлодіодна 10м СТАНДАРТ;ok;312.00;312.00;+0.00%;420.00;360.00;-14.29%;14.96%;Переносные светильники;Так;*;Ні;
PGS-15M;Переноска гаражна світлодіодна 15м СТАНДАРТ;ok;374.00;374.00;+0.00%;490.00;430.00;-12.24%;14.96%;Переносные светильники;Так;*;Ні;
PGS-20M;Переноска гаражна світлодіодна 20м СТАНДАРТ;ok;418.00;418.00;+0.00%;550.00;490.00;-10.91%;14.96%;Переносные светильники;Так;*;Ні;
PGS-5M;Переноска гаражна світлодіодна 5м СТАНДАРТ;ok;261.00;261.00;+0.00%;350.00;310.00;-11.43%;14.96%;Переносные светильники;Так;*;Ні;
PL-1001;Фонарик карманный светодиодный (LED) аккумуляторный с магнит;ok;651.00;651.00;+0.00%;2680.00;750.00;-72.01%;15.00%;default;Так;*;Так;подешевшало на 72.0%
PLBN0106;"Плоскогубці з подовженими губками 6"" загнуті СТАНДАРТ PLBN01";ok;112.00;112.00;+0.00%;170.00;130.00;-23.53%;13.65%;Пассатижи, плоскогубцы, тонкогубцы;Так;*;Так;подешевшало на 23.5%
PLBN0108;"Плоскогубці з подовженими губками 8"" загнуті СТАНДАРТ PLBN01";ok;146.00;146.00;+0.00%;210.00;170.00;-19.05%;13.65%;Пассатижи, плоскогубцы, тонкогубцы;Ні;*;Так;відсутній у фіді
PLC0701;"Кліщі для обтиску клем 7"" СТАНДАРТ PLC0701";ok;211.00;211.00;+0.00%;290.00;240.00;-17.24%;10.63%;Ручные обжимные инструменты;Так;*;Ні;
PLDC0106;"Бокорізи 6"" СТАНДАРТ";ok;117.00;117.00;+0.00%;170.00;140.00;-17.65%;13.65%;Бокорезы, кусачки;Ні;*;Так;відсутній у фіді
PLDC0107;"Бокорізи 7"" СТАНДАРТ";ok;142.00;142.00;+0.00%;200.00;170.00;-15.00%;13.65%;Бокорезы, кусачки;Ні;*;Так;відсутній у фіді
PLHD0107;"Бокорізи 7"" посилені СТАНДАРТ PLHD0107";ok;126.00;126.00;+0.00%;180.00;150.00;-16.67%;13.65%;Бокорезы, кусачки;Ні;*;Так;відсутній у фіді
PLLN0106;"Плоскогубці з подовженими губками 6"" СТАНДАРТ PLLN0106";ok;113.00;113.00;+0.00%;170.00;130.00;-23.53%;13.65%;Пассатижи, плоскогубцы, тонкогубцы;Ні;*;Так;відсутній у фіді + подешевшало на 23.5%
PLLN0108;"Плоскогубці з подовженими губками 8"" СТАНДАРТ PLLN0108";ok;142.00;142.00;+0.00%;200.00;170.00;-15.00%;13.65%;Пассатижи, плоскогубцы, тонкогубцы;Так;*;Ні;
PLM0850;"Кліщі для обтиску клем і зняття ізоляції 8.5"" СТАНДАРТ";ok;195.00;195.00;+0.00%;270.00;220.00;-18.52%;10.63%;Ручные обжимные инструменты;Так;*;Ні;
PLRN0106;"Круглогубці 6"" СТАНДАРТ";ok;119.00;119.00;+0.00%;180.00;140.00;-22.22%;13.65%;Пассатижи, плоскогубцы, тонкогубцы;Так;*;Так;подешевшало на 22.2%
PLSC0106;"Плоскогубці з боковим різом 6"" СТАНДАРТ PLSC0106";ok;126.00;126.00;+0.00%;180.00;150.00;-16.67%;13.65%;Пассатижи, плоскогубцы, тонкогубцы;Так;*;Ні;
PLSC0107;"Плоскогубці з боковим різом 7"" СТАНДАРТ PLSC0107";ok;144.00;144.00;+0.00%;210.00;170.00;-19.05%;13.65%;Пассатижи, плоскогубцы, тонкогубцы;Ні;*;Так;відсутній у фіді
PLSC0108;"Плоскогубці з боковим різом 8"" СТАНДАРТ PLSC0108";ok;163.00;163.00;+0.00%;230.00;190.00;-17.39%;13.65%;Пассатижи, плоскогубцы, тонкогубцы;Ні;*;Так;відсутній у фіді
PLWP0110;"Плоскогубці переставні 10"" СТАНДАРТ PLWP0110";ok;208.00;208.00;+0.00%;290.00;240.00;-17.24%;15.00%;default;Ні;*;Так;відсутній у фіді
PLWP0112;"Плоскогубці переставні 12"" СТАНДАРТ PLWP0112";ok;271.00;271.00;+0.00%;360.00;310.00;-13.89%;13.65%;Пассатижи, плоскогубцы, тонкогубцы;Ні;*;Так;відсутній у фіді
PLWS0106;"Кліщі для зняття ізоляції 6"" СТАНДАРТ";ok;132.00;132.00;+0.00%;190.00;160.00;-15.79%;15.00%;default;Ні;*;Так;відсутній у фіді
PM18C;Мультіметр цифровий багатофункціональний з True RMS PROTESTE;ok;1437.00;1437.00;+0.00%;1810.00;1660.00;-8.29%;15.51%;Мультиметры;Ні;*;Так;відсутній у фіді
PM2018S;Струмовимірювальні кліщі з функцією мультиметра PROTESTER PM;ok;1628.00;1628.00;+0.00%;2050.00;1890.00;-7.80%;15.51%;Мультиметры;Так;*;Ні;
PM2108;Струмовимірювальні кліщі з функцією мультиметра та True RMS ;ok;3406.00;3406.00;+0.00%;4260.00;3940.00;-7.51%;15.51%;Мультиметры;Так;*;Ні;
PM2118;Струмовимірювальні кліщі постійного струму з функцією мульти;ok;2608.00;2608.00;+0.00%;3270.00;3020.00;-7.65%;15.51%;Мультиметры;Так;*;Ні;
PM2118S;Струмовимірювальні кліщі постійного струму з функцією мульти;ok;3001.00;3001.00;+0.00%;3760.00;3470.00;-7.71%;15.51%;Мультиметры;Так;*;Ні;
PM2203;Струмовимірювальні кліщі (трифазні) з функцією вимірювання п;ok;12007.00;12007.00;+0.00%;14950.00;13870.00;-7.22%;15.51%;Мультиметры;Так;*;Ні;
PM2205;Струмовимірювальні кліщі (трифазні) з функцією вимірювання п;ok;12534.00;12534.00;+0.00%;15600.00;14480.00;-7.18%;15.51%;Мультиметры;Так;*;Ні;
PM300;Цифровий кишеньковий мультиметр PROTESTER PM300;ok;574.00;574.00;+0.00%;1900.00;670.00;-64.74%;15.51%;Мультиметры;Так;*;Так;подешевшало на 64.7%
PM320;Цифровий кишеньковий мультиметр з функцією вимірювання ємнос;ok;830.00;830.00;+0.00%;1060.00;960.00;-9.43%;15.51%;Мультиметры;Так;*;Ні;
PM5900;Тестер чергування фаз PROTESTER PM5900;ok;1650.00;1650.00;+0.00%;2080.00;1900.00;-8.65%;15.00%;default;Ні;*;Так;відсутній у фіді
PM64;Цифровий мультиметр з термопарою PROTESTER PM64;ok;1596.00;1596.00;+0.00%;2010.00;1850.00;-7.96%;15.51%;Мультиметры;Так;*;Ні;
PM6519A;Безконтактний інфрачервоний термометр (пірометр) -50-380° C ;ok;1267.00;1267.00;+0.00%;1600.00;1460.00;-8.75%;14.69%;Термометры, пирометры, тепловизоры;Ні;*;Так;відсутній у фіді
PM6519B;Безконтактний інфрачервоний термометр (пірометр) -50-550° C ;ok;1437.00;1437.00;+0.00%;1810.00;1650.00;-8.84%;14.69%;Термометры, пирометры, тепловизоры;Ні;*;Так;відсутній у фіді
PM8211;Мультиметр- ручка з функцією безконтактного визначення напру;ok;1273.00;1273.00;+0.00%;1610.00;1480.00;-8.07%;15.51%;Мультиметры;Так;*;Ні;
PM8231;Цифровий smart мультиметр PROTESTER PM8231;ok;1085.00;1085.00;+0.00%;1380.00;1260.00;-8.70%;15.51%;Мультиметры;Так;*;Ні;
PM8232;Цифровий мультиметр PROTESTER PM8232;ok;916.00;916.00;+0.00%;1170.00;1060.00;-9.40%;15.51%;Мультиметры;Так;*;Ні;
PM830;Цифровий мультиметр PROTESTER PM830;ok;660.00;660.00;+0.00%;1060.00;770.00;-27.36%;15.51%;Мультиметры;Ні;*;Так;відсутній у фіді + подешевшало на 27.4%
PM830L;Цифровий мультиметр c підсвічуванням екрану PROTESTER PM830L;ok;739.00;739.00;+0.00%;950.00;860.00;-9.47%;15.51%;Мультиметры;Так;*;Ні;
PM8908C;Тестер напруги безконтактний (12-1000 V/50/60Hz) зі звуковою;ok;369.00;369.00;+0.00%;490.00;430.00;-12.24%;15.00%;default;Так;*;Ні;
PM8909;Тестер напруги безконтактний (двохдіапазонний) зі звуковою т;ok;445.00;445.00;+0.00%;580.00;520.00;-10.34%;15.00%;default;Так;*;Ні;
PMT-0316;Рулетка професійна з автостопом полотна і магнітом 3м * 16мм;ok;102.00;102.00;+0.00%;160.00;120.00;-25.00%;15.17%;Измерительные рулетки;Так;*;Так;подешевшало на 25.0%
PMT-0519;Рулетка професійна з автостопом полотна і магнітом 5м * 19мм;ok;142.00;142.00;+0.00%;200.00;170.00;-15.00%;15.17%;Измерительные рулетки;Так;*;Ні;
PMT-1025;Рулетка професійна з автостопом полотна і магнітом 10м * 25м;ok;249.00;249.00;+0.00%;340.00;290.00;-14.71%;15.17%;Измерительные рулетки;Так;*;Ні;
PMT-7E25;Рулетка професійна з автостопом полотна 7,5м * 25мм СТАНДАРТ;ok;131.00;131.00;+0.00%;190.00;160.00;-15.79%;15.17%;Измерительные рулетки;Ні;*;Так;відсутній у фіді
PPL-20750;Канавний пневмогідравлічний домкрат HEAVY DUTY 20 т 750мм ХЗ;ok;104192.00;104192.00;+0.00%;129470.00;119500.00;-7.70%;14.69%;Автомобильные домкраты, подставки;Так;*;Ні;
PPN-4000K;Підйомник ножничний пневматичний PPN-4000K 4т AIRKRAFT;ok;91476.00;91476.00;+0.00%;113670.00;104920.00;-7.70%;14.69%;Подъемники автомобильные;Ні;*;Так;відсутній у фіді
PQ-2U-1.8;Пістолет фарбувальний пневматичний тип HP ніжнметалбачок для;ok;1480.00;1480.00;+0.00%;2740.00;1680.00;-38.69%;13.20%;Пневматические краскопульты;Так;*;Так;подешевшало на 38.7%
PR10;Шланг полиуретановый армированный в бухте PR 50м 6,5*10мм AI;ok;2291.00;2291.00;+0.00%;2870.00;2640.00;-8.01%;15.00%;default;Так;*;Ні;
PR12;Шланг полиуретановый армированный в бухте PR 50м 8*12мм AIRK;ok;2786.00;2786.00;+0.00%;12340.00;3210.00;-73.99%;15.00%;default;Так;*;Так;подешевшало на 74.0%
PR14;Шланг полиуретановый армированный в бухте PR 50м 10*14мм AIR;ok;3777.00;3777.00;+0.00%;6770.00;4350.00;-35.75%;15.00%;default;Так;*;Так;подешевшало на 35.7%
PR3812;"Перехідник з отвором 3/8""х1/2""";ok;69.00;69.00;+0.00%;120.00;80.00;-33.33%;15.14%;Торцевые головки;Так;*;Так;подешевшало на 33.3%
PR8;Шланг полиуретановый армированный в бухте PR 50м 5,5*8мм AIR;ok;1632.00;1632.00;+0.00%;3920.00;1880.00;-52.04%;15.00%;default;Так;*;Так;подешевшало на 52.0%
PRO-JS158;Пусковий зарядний пристрій для автомобіля (Бустер) з компрес;ok;4840.00;4840.00;+0.00%;6040.00;5570.00;-7.78%;15.00%;default;Ні;*;Так;відсутній у фіді
PRO-PD100W;Павербанк PD100W для ноутбуку 30000 mAh PROTESTER PRO-PD100W;ok;5280.00;5280.00;+0.00%;8500.00;6080.00;-28.47%;15.00%;default;Ні;*;Так;відсутній у фіді + подешевшало на 28.5%
PRO-PS1000B;Портативна зарядна станція 1000W/2000W(Max) 220V 933Wh 22.2V;ok;38280.00;38280.00;+0.00%;47590.00;44030.00;-7.48%;15.00%;default;Ні;*;Так;відсутній у фіді
PRO-PS1000D;Портативна зарядна станція 1000W/2000W(Max) LiFePO4 220V 896;ok;42240.00;42240.00;+0.00%;52510.00;48580.00;-7.48%;15.00%;default;Ні;*;Так;відсутній у фіді
PRO-PS1000F;Портативна зарядна станція 1000W/2000W(Max) 220V 999Wh 22.2V;ok;41360.00;41360.00;+0.00%;51410.00;47570.00;-7.47%;15.00%;default;Ні;*;Так;відсутній у фіді
PRO-PS1000G;Портативна зарядна станція 1000W/2000W(Max) 220V 1110Wh 22.2;ok;44000.00;44000.00;+0.00%;54690.00;50600.00;-7.48%;15.00%;default;Ні;*;Так;відсутній у фіді
PRO-PS1000H;Портативна зарядна станція 1200W/2000W(Max) 220V 974.4Wh 22.;ok;39600.00;39600.00;+0.00%;49230.00;45540.00;-7.50%;15.00%;default;Ні;*;Так;відсутній у фіді
PRO-PS1101LG;Портативна зарядна станція 1000W/2000W(Max) LiFePO4 220V 100;ok;38720.00;38720.00;+0.00%;48130.00;44530.00;-7.48%;15.00%;default;Ні;*;Так;відсутній у фіді
PRO-PS1200N;Портативна зарядна станція 1200W/2400W(Max) LiFePO4 220V 921;ok;40700.00;40700.00;+0.00%;50590.00;46810.00;-7.47%;15.00%;default;Ні;*;Так;відсутній у фіді
PRO-PS1500B;Портативна зарядна станція 1500W/3000W(Max) 220V 1328Wh 22.2;ok;61600.00;61600.00;+0.00%;76560.00;70840.00;-7.47%;15.00%;default;Ні;*;Так;відсутній у фіді
PRO-PS1500H;Портативна зарядна станція 1800W/2200W (Max) 220 V+12V Jump ;ok;1350.00;1350.00;+0.00%;18940.00;1560.00;-91.76%;15.00%;default;Ні;*;Так;відсутній у фіді + подешевшало на 91.8%
PRO-PS180E;Портативна зарядна станція 180W/220W(Max) 220V 166,5Wh 11.1V;ok;5720.00;5720.00;+0.00%;7130.00;6580.00;-7.71%;15.00%;default;Ні;*;Так;відсутній у фіді
PRO-PS2000F;Портативна зарядна станція 2000W/4000W(Max) 220V 1909.2Wh 22;ok;65560.00;65560.00;+0.00%;81480.00;75400.00;-7.46%;15.00%;default;Ні;*;Так;відсутній у фіді
PRO-PS2000G;Портативна зарядна станція 2000W/4000W(Max) 220V 2220Wh 22.2;ok;75240.00;75240.00;+0.00%;93500.00;86530.00;-7.45%;15.00%;default;Ні;*;Так;відсутній у фіді
PRO-PS300-2E;Портативна зарядна станція 300W/600W(Max) 220V 333Wh 11.1V/2;ok;8360.00;8360.00;+0.00%;11040.00;9620.00;-12.86%;15.00%;default;Ні;*;Так;відсутній у фіді
PRO-PS300B;Портативна зарядна станція 300W/600W PROTESTER PRO-PS300B;ok;238.00;238.00;+0.00%;320.00;280.00;-12.50%;15.00%;default;Ні;*;Так;відсутній у фіді
PRO-PS300E;Портативна зарядна станція 300W/600W(Max) 220V 333Wh 11.1V/2;ok;8360.00;8360.00;+0.00%;10410.00;9620.00;-7.59%;15.00%;default;Ні;*;Так;відсутній у фіді
PRO-PS301G;Портативна зарядна станція 300W/600W(Max) 220V 307,8Wh (83 2;ok;15400.00;15400.00;+0.00%;19160.00;17710.00;-7.57%;15.00%;default;Ні;*;Так;відсутній у фіді
PRO-PS500B;Портативна зарядна станція 500 W/1000W PROTESTER PRO-PS500B;ok;400.00;400.00;+0.00%;530.00;460.00;-13.21%;15.00%;default;Ні;*;Так;відсутній у фіді
PRO-PS500E;Портативна зарядна станція 500W/720W(Max) 220V 577,2Wh 11.1V;ok;18040.00;18040.00;+0.00%;22440.00;20750.00;-7.53%;15.00%;default;Ні;*;Так;відсутній у фіді
PRO-PS500H;Портативна зарядна станція 500W/1000W (Max) 220 V PROTESTER ;ok;560.00;560.00;+0.00%;17240.00;650.00;-96.23%;15.00%;default;Ні;*;Так;відсутній у фіді + подешевшало на 96.2%
PRO-PS551G;Портативна зарядна станція 550W/1000W(Max) 220V 500,24Wh (13;ok;24640.00;24640.00;+0.00%;30640.00;28340.00;-7.51%;15.00%;default;Ні;*;Так;відсутній у фіді
PRO-PS600D;Портативна зарядна станція 600W/1000W(Max) 220V 577.2Wh 14.8;ok;24640.00;24640.00;+0.00%;30640.00;28340.00;-7.51%;15.00%;default;Так;*;Ні;
PRO-PS600H;Портативна зарядна станція 600W/1000W (Max) 220 V PROTESTER ;ok;530.00;530.00;+0.00%;4700.00;610.00;-87.02%;15.00%;default;Ні;*;Так;відсутній у фіді + подешевшало на 87.0%
PRO-PS700N;Портативна зарядна станція 700W/1200W(Max) LiFePO4 220V 576W;ok;26620.00;26620.00;+0.00%;33100.00;30620.00;-7.49%;15.00%;default;Ні;*;Так;відсутній у фіді
PRO-S10;Павербанк 10000 mAh з сонячною панелю PROTESTER PRO-S10;ok;932.00;932.00;+0.00%;4090.00;1080.00;-73.59%;15.00%;default;Ні;*;Так;відсутній у фіді + подешевшало на 73.6%
PRO-S20;Павербанк 20000 mAh з сонячними панелями (3од) PROTESTER PRO;ok;2420.00;2420.00;+0.00%;26330.00;2790.00;-89.40%;15.00%;default;Ні;*;Так;відсутній у фіді + подешевшало на 89.4%
PRO-S30;Павербанк 30000 mAh з сонячною панелю QC3.0 PROTESTER PRO-S3;ok;2860.00;2860.00;+0.00%;16750.00;3290.00;-80.36%;15.00%;default;Ні;*;Так;відсутній у фіді + подешевшало на 80.4%
PRO-VS8802;Ендоскоп USB для смартфона автомобільний PROTESTER PRO-VS880;ok;1760.00;1760.00;+0.00%;2210.00;1990.00;-9.95%;12.96%;Технические эндоскопы, видеоскопы;Ні;*;Так;відсутній у фіді
PRO-VS9801;Ендоскоп USB для смартфона автомобільний PROTESTER PRO-VS980;ok;1760.00;1760.00;+0.00%;2210.00;1990.00;-9.95%;12.96%;Технические эндоскопы, видеоскопы;Ні;*;Так;відсутній у фіді
PRO-YT120W;Портативна сонячна панель 120W PROTESTER PRO-YT120W;ok;13200.00;13200.00;+0.00%;16430.00;15180.00;-7.61%;15.00%;default;Ні;*;Так;відсутній у фіді
PRO-YT210W;Портативна сонячна панель 210W PROTESTER PRO-YT210W;ok;24200.00;24200.00;+0.00%;30090.00;27830.00;-7.51%;15.00%;default;Ні;*;Так;відсутній у фіді
PRO5500;Детектор прихованої проводки дерева металу PROTESTER PRO5500;ok;2124.00;2124.00;+0.00%;50110.00;2450.00;-95.11%;15.00%;default;Ні;*;Так;відсутній у фіді + подешевшало на 95.1%
PS-2;Пістолет піскоструйний пневматичний зі шлангом AUARITA PS-2;ok;732.00;732.00;+0.00%;7300.00;810.00;-88.90%;10.63%;Пневматические пескоструйные пистолеты;Так;*;Так;подешевшало на 88.9%
PS-3;Пістолет піскоструминний пневматичний зі шлангом AUARITA PS-;ok;787.00;787.00;+0.00%;3010.00;880.00;-70.76%;10.63%;Пневматические пескоструйные пистолеты;Так;*;Так;подешевшало на 70.8%
PS-3A;Пистолет пескоструйный пневматический со шлангом AIRKRAFT PS;ok;643.00;643.00;+0.00%;4160.00;720.00;-82.69%;10.63%;Пневматические пескоструйные пистолеты;Так;*;Так;подешевшало на 82.7%
PS-4;Пістолет піскоструминний пневматичний ніжнметалбачок AUARITA;ok;784.00;784.00;+0.00%;1310.00;870.00;-33.59%;10.63%;Пневматические пескоструйные пистолеты;Так;*;Так;подешевшало на 33.6%
PS-4A;Пистолет пескоструйный пневматический нижний металлический б;ok;368.00;368.00;+0.00%;4960.00;410.00;-91.73%;10.63%;Пневматические пескоструйные пистолеты;Так;*;Так;подешевшало на 91.7%
PS-6;Пістолет пневматичний для нанесення антигравійного і антикор;ok;443.00;443.00;+0.00%;1430.00;510.00;-64.34%;14.33%;Комплектующие и запчасти для инструмента;Так;*;Так;подешевшало на 64.3%
PS-8;Пістолет пневматичний для нанесення антигравійного і антикор;ok;397.00;397.00;+0.00%;3170.00;450.00;-85.80%;13.20%;Пневматические распылительные пистолеты;Так;*;Так;подешевшало на 85.8%
PS-8A;Пневмопистолет для нанесения антигравийных и антикоррозионны;ok;274.00;274.00;+0.00%;480.00;320.00;-33.33%;13.20%;Пневматические распылительные пистолеты;Так;*;Так;подешевшало на 33.3%
PT-2-2.0;Фарбувальний бак 2л з пістолетом фарбувальним в комплекті AU;ok;3410.00;3410.00;+0.00%;4260.00;3870.00;-9.15%;13.20%;Пневматические краскопульты;Так;*;Ні;
PT-29B-1.3;Пістолет фарбувальний пневматичний тип HVLP (2 нижніх метале;ok;6511.00;6511.00;+0.00%;8120.00;7380.00;-9.11%;13.20%;Пневматические краскопульты;Так;*;Ні;
PT-8-2.0;Фарбувальний бак 8л з пістолетом фарбувальним в комплекті AU;ok;6653.00;6653.00;+0.00%;8290.00;7540.00;-9.05%;13.20%;Пневматические краскопульты;Так;*;Ні;
PTP-GAUGE;Набір для вимірювання геометрії кузова автомобіля PTP-Gauge;ok;21120.00;21120.00;+0.00%;26270.00;24290.00;-7.54%;15.00%;default;Так;*;Ні;
PU10;Шланг полиуретановый в бухте PU 50м 6,5*10мм AIRKRAFT PU10;ok;1511.00;1511.00;+0.00%;2590.00;1740.00;-32.82%;15.00%;default;Так;*;Так;подешевшало на 32.8%
PU12;Шланг полиуретановый в бухте PU 50м 8*12мм AIRKRAFT PU12;ok;2204.00;2204.00;+0.00%;3740.00;2540.00;-32.09%;15.00%;default;Так;*;Так;подешевшало на 32.1%
PU12-10;Шланг полиуретановый в бухте PU 50м 10*12мм AIRKRAFT PU12-10;ok;1610.00;1610.00;+0.00%;4580.00;1860.00;-59.39%;15.00%;default;Ні;*;Так;відсутній у фіді + подешевшало на 59.4%
PU14;Шланг полиуретановый в бухте PU 50м 10*14мм AIRKRAFT PU14;ok;3071.00;3071.00;+0.00%;4200.00;3540.00;-15.71%;15.00%;default;Так;*;Ні;
PU4;Шланг полиуретановый в бухте PU 100м 2,5*4мм AIRKRAFT PU4;ok;990.00;990.00;+0.00%;33350.00;1140.00;-96.58%;15.00%;default;Так;*;Так;подешевшало на 96.6%
PU6;Шланг полиуретановый в бухте PU 50м 4*6мм AIRKRAFT PU6;ok;632.00;632.00;+0.00%;1110.00;730.00;-34.23%;15.00%;default;Ні;*;Так;відсутній у фіді + подешевшало на 34.2%
PU8;Шланг полиуретановый в бухте PU 50м 5,5*8мм AIRKRAFT PU8;ok;1040.00;1040.00;+0.00%;2960.00;1200.00;-59.46%;15.00%;default;Так;*;Так;подешевшало на 59.5%
PVC0101;Труборіз для труб ПВХ (0-42мм) СТАНДАРТ;ok;220.00;220.00;+0.00%;300.00;250.00;-16.67%;13.55%;Ручные труборезы, ножницы для труб;Так;*;Ні;
PVC0202;Труборіз для труб ПВХ професійний (0-42мм) СТАНДАРТ;ok;332.00;332.00;+0.00%;440.00;380.00;-13.64%;13.55%;Ручные труборезы, ножницы для труб;Так;*;Ні;
PWR-240A-220;Підіймач POWERLIFT 240A 2-х стійковий 4,0 т з нижньою синхро;ok;85800.00;85800.00;+0.00%;106620.00;98410.00;-7.70%;14.69%;Подъемники автомобильные;Так;*;Ні;
PWR-240A-380;Підіймач POWERLIFT 240A 2-х стійковий 4,0 т з нижньою синхро;ok;83600.00;83600.00;+0.00%;103890.00;95890.00;-7.70%;14.69%;Подъемники автомобильные;Так;*;Ні;
PWR4510;"Ключ трубний важільний тип"" 45"" 1"" СТАНДАРТ";ok;337.00;337.00;+0.00%;450.00;390.00;-13.33%;15.14%;Трубные ключи;Так;*;Ні;
PWR4515;"Ключ трубний важільний тип"" 45"" 1.5"" СТАНДАРТ";ok;484.00;484.00;+0.00%;630.00;560.00;-11.11%;15.14%;Трубные ключи;Так;*;Ні;
PWR4520;"Ключ трубний важільний тип"" 45"" 2"" СТАНДАРТ";ok;697.00;697.00;+0.00%;890.00;810.00;-8.99%;15.14%;Трубные ключи;Так;*;Ні;
PILOT HD;Мультимарочний сканер для діагностики вантажних автомобілів ;ok;41800.00;41800.00;+0.00%;51960.00;47930.00;-7.76%;14.66%;Автомобильные диагностические сканеры;Ні;*;Так;відсутній у фіді
PILOT SCAN TPMS;Мультимарковий діагностичний сканер LAUNCH PILOT SCAN TPMS;ok;31752.00;31752.00;+0.00%;39480.00;36410.00;-7.78%;14.66%;Автомобильные диагностические сканеры;Ні;*;Так;відсутній у фіді
Q-450TU;Траверса пневмогідравлічна посилена Q-450TU 4,5 тонн AIRKRAF;ok;53856.00;53856.00;+0.00%;66940.00;61940.00;-7.47%;15.00%;default;Так;*;Ні;
R-110;Алкотестер TRISCO R-110;ok;2154.00;2154.00;+0.00%;4000.00;2480.00;-38.00%;15.00%;default;Ні;*;Так;відсутній у фіді + подешевшало на 38.0%
R-510;Тестер акумуляторних батарей (стрілочний);ok;2755.00;2755.00;+0.00%;3450.00;3150.00;-8.70%;14.29%;Тестеры для аккумуляторов;Ні;*;Так;відсутній у фіді
R-510D;Тестер акумуляторних батарей (цифровий);ok;3091.00;3091.00;+0.00%;3870.00;3540.00;-8.53%;14.29%;Тестеры для аккумуляторов;Ні;*;Так;відсутній у фіді
R-600;Мультитестер міні;ok;1138.00;1138.00;+0.00%;3720.00;1320.00;-64.52%;15.51%;Мультиметры;Ні;*;Так;відсутній у фіді + подешевшало на 64.5%
R-620D;Цифровий мультиметр TRISCO R-620D;ok;1474.00;1474.00;+0.00%;2010.00;1710.00;-14.93%;15.51%;Мультиметры;Ні;*;Так;відсутній у фіді
R100;Далекомір лазерний 100м PROTESTER R100;ok;2842.00;2842.00;+0.00%;6530.00;3270.00;-49.92%;14.97%;Лазерные дальномеры;Ні;*;Так;відсутній у фіді + подешевшало на 49.9%
R150;Далекомір лазерний 150м PROTESTER R150;ok;3199.00;3199.00;+0.00%;16700.00;3680.00;-77.96%;14.97%;Лазерные дальномеры;Ні;*;Так;відсутній у фіді + подешевшало на 78.0%
R330;Безповітряний розпилювач з фарбувальним пістолетом (1.6кВт 3;ok;37821.00;37821.00;+0.00%;49920.00;43500.00;-12.86%;15.00%;default;Так;*;Ні;
R450;Безповітряний розпилювач з фарбувальним пістолетом (0.9кВт 2;ok;22208.00;22208.00;+0.00%;75060.00;25540.00;-65.97%;15.00%;default;Так;*;Так;подешевшало на 66.0%
R470;Апарат безповітряного фарбування AEROPRO R470;ok;28984.00;28984.00;+0.00%;38260.00;33340.00;-12.86%;15.00%;default;Ні;*;Так;відсутній у фіді
R520;Безповітряний розпилювач з фарбувальним пістолетом (2.2кВт 3;ok;51600.00;51600.00;+0.00%;68110.00;59340.00;-12.88%;15.00%;default;Так;*;Ні;
R550;Безповітряний розпилювач з фарбувальним пістолетом (2.8кВт 4;ok;55621.00;55621.00;+0.00%;73420.00;63970.00;-12.87%;15.00%;default;Так;*;Ні;
RCFL0102;Прожектор світлодіодний акумуляторний 100W (LiFePO4 5000mAh);ok;1034.00;1034.00;+0.00%;1310.00;1190.00;-9.16%;15.00%;default;Ні;*;Так;відсутній у фіді
RCFL0152;Прожектор світлодіодний 150W аккумуляторный (LiFePO4 10000mA;ok;1320.00;1320.00;+0.00%;1670.00;1520.00;-8.98%;15.00%;default;Ні;*;Так;відсутній у фіді
RCFL0202;Прожектор світлодіодний акумуляторний 200W (LiFePO4 15000mAh;ok;1760.00;1760.00;+0.00%;2210.00;2030.00;-8.14%;15.00%;default;Ні;*;Так;відсутній у фіді
RCFL1001;Прожектор світлодіодний акумуляторний 100W (LiFePO4 15000mAh;ok;1848.00;1848.00;+0.00%;2320.00;2130.00;-8.19%;15.00%;default;Ні;*;Так;відсутній у фіді
RCFL2001;Прожектор світлодіодний акумуляторний 200W (LiFePO4 20000mAh;ok;2684.00;2684.00;+0.00%;3360.00;3090.00;-8.04%;15.00%;default;Ні;*;Так;відсутній у фіді
RCFL3001;Прожектор світлодіодний акумуляторний 300W (LiFePO4 25000mAh;ok;3520.00;3520.00;+0.00%;4400.00;4050.00;-7.95%;15.00%;default;Ні;*;Так;відсутній у фіді
RFF0200;Напилок круглий 200мм СТАНДАРТ RFF0200;ok;83.00;83.00;+0.00%;130.00;100.00;-23.08%;13.55%;Напильники и надфили;Так;*;Так;подешевшало на 23.1%
RGWR3601;Ключ храповика посилений S36 (ХЗСО) ХРАП36Х RGWR3601;ok;253.00;253.00;+0.00%;340.00;300.00;-11.76%;15.21%;Комбинированные ключи;Ні;*;Так;відсутній у фіді
RGWR3801;Ключ храповика посилений S38 (ХЗСО) ХРАП38Х RGWR3801;ok;265.00;265.00;+0.00%;360.00;310.00;-13.89%;15.21%;Комбинированные ключи;Ні;*;Так;відсутній у фіді
RHF9021;"Цвяхозабивний пістолет пневматичний (50-90; магазин 60 цвяхі";ok;9273.00;9273.00;+0.00%;11550.00;10260.00;-11.17%;10.63%;Пневматические степлеры;Так;*;Ні;
RK-AB-17-PT;Ремонтний комплект для пістолетів фарбувальних AB-17-PT AUAR;ok;200.00;200.00;+0.00%;280.00;230.00;-17.86%;13.20%;Пневматические краскопульты;Ні;*;Так;відсутній у фіді
RK-AB-17G;Ремонтний комплект для пістолетів фарбувальних AB-17G AUARIT;ok;209.00;209.00;+0.00%;290.00;240.00;-17.24%;13.20%;Пневматические краскопульты;Так;*;Ні;
RK-D-951-MINI;Ремонтний комплект для пістолетів фарбувальних D-951-MINI IT;ok;213.00;213.00;+0.00%;290.00;250.00;-13.79%;13.20%;Пневматические краскопульты;Так;*;Ні;
RK-GFG;Ремонтний комплект для пістолетів фарбувальних GFG ITALCO RK;ok;362.00;362.00;+0.00%;480.00;410.00;-14.58%;13.20%;Пневматические краскопульты;Ні;*;Так;відсутній у фіді
RK-GLOSS-2;Ремонтний комплект для пістолетів фарбувальних GLOSS-2 ITALC;ok;517.00;517.00;+0.00%;670.00;590.00;-11.94%;13.20%;Пневматические краскопульты;Так;*;Ні;
RK-H-1001A;Ремонтний комплект для пістолетів фарбувальних H-1001A (RK-H;ok;362.00;362.00;+0.00%;480.00;410.00;-14.58%;13.20%;Пневматические краскопульты;Так;*;Ні;
RK-H-2000P;Ремонтний комплект для пістолетів фарбувальних H-2000P AUARI;ok;130.00;130.00;+0.00%;190.00;150.00;-21.05%;13.20%;Пневматические краскопульты;Так;*;Так;подешевшало на 21.1%
RK-H-2002;Ремонтний комплект для пістолетів фарбувальних H-2002 AUARIT;ok;400.00;400.00;+0.00%;890.00;460.00;-48.31%;14.33%;Комплектующие и запчасти для инструмента;Так;*;Так;подешевшало на 48.3%
RK-H-3000-PT;Ремкомплект для фарбувальних пістолетів H-3000-PT ITALCO RK-;ok;419.00;419.00;+0.00%;550.00;480.00;-12.73%;13.20%;Пневматические краскопульты;Ні;*;Так;відсутній у фіді
RK-H-3003;Ремонтний комплект для пістолетів фарбувальних H-3003 (RK-H-;ok;345.00;345.00;+0.00%;460.00;400.00;-13.04%;13.20%;Пневматические краскопульты;Так;*;Ні;
RK-H-3003-MINI;Ремонтний комплект для пістолетів фарбувальних H-3003-MINI (;ok;295.00;295.00;+0.00%;390.00;340.00;-12.82%;13.20%;Пневматические краскопульты;Так;*;Ні;
RK-H-4004;Ремонтний комплект для пістолетів фарбувальних H-4004 (RK-H-;ok;469.00;469.00;+0.00%;610.00;540.00;-11.48%;13.20%;Пневматические краскопульты;Так;*;Ні;
RK-H-5005;Ремонтний комплект для пістолетів фарбувальних H-5005 (RK-H-;ok;470.00;470.00;+0.00%;610.00;540.00;-11.48%;13.20%;Пневматические краскопульты;Ні;*;Так;відсутній у фіді
RK-H-827B;Ремонтний комплект для пістолетів фарбувальних H-827B AUARIT;ok;175.00;175.00;+0.00%;250.00;200.00;-20.00%;13.20%;Пневматические краскопульты;Так;*;Так;подешевшало на 20.0%
RK-H-891;Ремонтний комплект для пістолетів фарбувальних H-891 AUARITA;ok;212.00;212.00;+0.00%;290.00;240.00;-17.24%;13.20%;Пневматические краскопульты;Так;*;Ні;
RK-H-921-MINI;Ремонтний комплект для пістолетів фарбувальних H-921-MINI AU;ok;201.00;201.00;+0.00%;280.00;230.00;-17.86%;13.20%;Пневматические краскопульты;Так;*;Ні;
RK-H-923;Ремонтний комплект для пістолетів фарбувальних H-923 AUARITA;ok;458.00;458.00;+0.00%;600.00;520.00;-13.33%;13.20%;Пневматические краскопульты;Так;*;Ні;
RK-H-929;Ремонтний комплект для пістолетів фарбувальних H-929 ITALCO ;ok;469.00;469.00;+0.00%;610.00;540.00;-11.48%;13.20%;Пневматические краскопульты;Так;*;Ні;
RK-H-970;Ремонтний комплект для пістолетів фарбувальних H-970 AUARITA;ok;175.00;175.00;+0.00%;250.00;200.00;-20.00%;13.20%;Пневматические краскопульты;Так;*;Так;подешевшало на 20.0%
RK-HD-1;Ремонтний комплект для пістолетів фарбувальних HD-1 ITALCO R;ok;362.00;362.00;+0.00%;1640.00;420.00;-74.39%;14.33%;Комплектующие и запчасти для инструмента;Так;*;Так;подешевшало на 74.4%
RK-K-200;Ремонтний комплект для пістолетів фарбувальних K-200 AUARITA;ok;295.00;295.00;+0.00%;500.00;340.00;-32.00%;13.20%;Пневматические краскопульты;Так;*;Так;подешевшало на 32.0%
RK-K-350;Ремонтний комплект для пістолетів фарбувальних K-350 AUARITA;ok;141.00;141.00;+0.00%;28370.00;160.00;-99.44%;13.20%;Пневматические краскопульты;Так;*;Так;подешевшало на 99.4%
RK-L-897;Ремонтний комплект для пістолетів фарбувальних H-897 AUARITA;ok;284.00;284.00;+0.00%;380.00;330.00;-13.16%;14.33%;Комплектующие и запчасти для инструмента;Так;*;Ні;
RK-MP-200;Ремонтний комплект для пістолетів фарбувальних MP-200 AUARIT;ok;295.00;295.00;+0.00%;390.00;340.00;-12.82%;14.33%;Комплектующие и запчасти для инструмента;Так;*;Ні;
RK-MP-500;Ремонтний комплект для пістолетів фарбувальних MP-500 AUARIT;ok;220.00;220.00;+0.00%;300.00;260.00;-13.33%;14.33%;Комплектующие и запчасти для инструмента;Так;*;Ні;
RK-PT-2/PT-8;Ремонтний комплект для пістолетів фарбувальних PT-2/PT-8 AUA;ok;223.00;223.00;+0.00%;2500.00;260.00;-89.60%;14.33%;Комплектующие и запчасти для инструмента;Ні;*;Так;відсутній у фіді + подешевшало на 89.6%
RK-PT-29B;Ремонтний комплект для пістолетів фарбувальних PT-29B AUARIT;ok;458.00;458.00;+0.00%;600.00;530.00;-11.67%;14.33%;Комплектующие и запчасти для инструмента;Так;*;Ні;
RK-SHINE-MINI;Ремонтний комплект для пістолетів фарбувальних SHINE-MINI IT;ok;336.00;336.00;+0.00%;450.00;390.00;-13.33%;13.20%;Пневматические краскопульты;Так;*;Ні;
RK-ST-3000;Ремонтний комплект для пістолетів фарбувальних ST-3000 AUARI;ok;349.00;349.00;+0.00%;460.00;400.00;-13.04%;13.20%;Пневматические краскопульты;Так;*;Ні;
RK-TTS-HV30;Ремонтний комплект для пістолетів фарбувальних TTS-HV30 ITAL;ok;362.00;362.00;+0.00%;480.00;410.00;-14.58%;13.20%;Пневматические краскопульты;Ні;*;Так;відсутній у фіді
RK-TTS-TE10;Ремонтний комплект для пістолетів фарбувальних TTS-TE10 ITAL;ok;362.00;362.00;+0.00%;480.00;410.00;-14.58%;13.20%;Пневматические краскопульты;Ні;*;Так;відсутній у фіді
RK-W-871;Ремонтний комплект для пістолетів фарбувальних W-871 AUARITA;ok;181.00;181.00;+0.00%;250.00;210.00;-16.00%;13.20%;Пневматические краскопульты;Так;*;Ні;
RK12TR;"Ремкомплект до тріскачки 1/2"" RK12TR STANDART";ok;182.00;182.00;+0.00%;250.00;210.00;-16.00%;14.92%;Воротки, трещотки;Ні;*;Так;відсутній у фіді
RK14TR;"Ремкомплект до тріскачки 1/4"" RK14TR STANDART";ok;118.00;118.00;+0.00%;700.00;140.00;-80.00%;14.92%;Воротки, трещотки;Ні;*;Так;відсутній у фіді + подешевшало на 80.0%
RK38TR;"Ремкомплект до тріскачки 3/8"" RK38TR STANDART";ok;159.00;159.00;+0.00%;230.00;190.00;-17.39%;14.92%;Воротки, трещотки;Так;*;Ні;
ROUND-COIL;Індукційна пластина кругла (діам 75мм) для IND-1000W;ok;1232.00;1232.00;+0.00%;1560.00;1420.00;-8.97%;15.00%;default;Так;*;Ні;
RP17610;"Ножиці пневматичні по металу (3мм пластик і алюміній; 1.5мм ";ok;2196.00;2196.00;+0.00%;2760.00;2450.00;-11.23%;11.18%;Пневмодрели;Так;*;Ні;
RP17620;"Пневматична відрізна машинка 3"" (max 5мм; 18000об/хв) AEROPR";ok;1668.00;1668.00;+0.00%;2100.00;1850.00;-11.90%;10.47%;Пневмошлифмашины;Ні;*;Так;відсутній у фіді
RP7002;Набір зубил до молотка пневматичного RP7621 4 шт (SDS SDS MA;ok;156.00;156.00;+0.00%;250.00;180.00;-28.00%;15.34%;Пневматические зубила;Так;*;Так;подешевшало на 28.0%
RP7319-5;"Кутова шліфувальна машинка пневматична 5"" (125мм 10000об/хв)";ok;2109.00;2109.00;+0.00%;2650.00;2330.00;-12.08%;10.47%;Пневмошлифмашины;Так;*;Ні;
RP7322;"Пневмонапильник (10-12 мм*330 мм;16000об/хв) AEROPRO RP7322";ok;2832.00;2832.00;+0.00%;3550.00;3130.00;-11.83%;10.47%;Пневмошлифмашины;Ні;*;Так;відсутній у фіді
RP7335S;Шліфувальна машинка пневматична орбитальна вакуумного типу 5;ok;4113.00;2309.00;-43.86%;5140.00;2560.00;-50.19%;10.47%;Пневмошлифмашины;Так;*;Так;подешевшало на 50.2%
RP7336S;Шліфовальна машинка пневматична орбітальна вакуумного типу 6;ok;4158.00;4158.00;+0.00%;5190.00;4600.00;-11.37%;10.47%;Пневмошлифмашины;Так;*;Ні;
RP7412;"Тріскачка пневматична 1/2"" (68N/m; 160об/хв) VALU-AIR (AIRKR";ok;1885.00;1885.00;+0.00%;2370.00;2090.00;-11.81%;10.38%;Пневматические гайковерты;Ні;*;Так;відсутній у фіді
RP7430;"Пневмогайковерт 1/2"" (570N/m; 7500об/хв) AEROPRO RP7430";ok;3369.00;3369.00;+0.00%;4210.00;3720.00;-11.64%;10.38%;Пневматические гайковерты;Так;*;Ні;
RP7451;"Пневмогайковерт 1/2"" (610N/m max 950N/m; 7500об/хв) AEROPRO ";ok;3234.00;3234.00;+0.00%;4050.00;3570.00;-11.85%;10.38%;Пневматические гайковерты;Так;*;Ні;
RP7462;"Пневмогайковерт 3/4"" (1600N/m; 4600об/хв) AEROPRO RP7462";ok;9273.00;9273.00;+0.00%;11550.00;10240.00;-11.34%;10.38%;Пневматические гайковерты;Так;*;Ні;
RP7465;"Пневмогайковерт 1"" (2700N/m; 4000об/хв; довшпіндель) AEROPRO";ok;13129.00;13129.00;+0.00%;16340.00;14500.00;-11.26%;10.38%;Пневматические гайковерты;Так;*;Ні;
RP7488;"Пневмогайковерт 1"" (3100N/m; 3600об/хв;довшпиндель) AEROPRO ";ok;15148.00;15148.00;+0.00%;18850.00;16730.00;-11.25%;10.38%;Пневматические гайковерты;Так;*;Ні;
RP7495;"Пневмогайковерт 1"" (3480N/m;2800об/хв;довшпиндель) AEROPRO R";ok;15554.00;15554.00;+0.00%;19350.00;17170.00;-11.27%;10.38%;Пневматические гайковерты;Так;*;Ні;
RP7601;Пневматична шабельна пила для металу AEROPRO RP7601;ok;2708.00;2708.00;+0.00%;3390.00;3120.00;-7.96%;15.00%;default;Ні;*;Так;відсутній у фіді
RP7602;Ножівка пневматична по металу (12мм фанера 3мм пластик і алю;ok;1496.00;1496.00;+0.00%;1890.00;1730.00;-8.47%;15.00%;default;Так;*;Ні;
RP7621;Молоток пневматичний з Набіром зубил 4 шт в комплекті (4500у;ok;1056.00;1056.00;+0.00%;1340.00;1170.00;-12.69%;10.38%;Пневматические отбойные молотки;Так;*;Ні;
RP7636;Мультифункціональний пневматичний інструмент (Реноватор) з к;ok;2444.00;2444.00;+0.00%;3060.00;2700.00;-11.76%;10.47%;Пневмошлифмашины;Так;*;Ні;
RP7808;"Набір пневмоінструменту 1/2"" (max 350N/m; 7000об/хв; 9-11,13";ok;2523.00;2523.00;+0.00%;3160.00;2790.00;-11.71%;10.38%;Пневматические гайковерты;Так;*;Ні;
RP7857;Набір пневмоінструменту 57 од AEROPRO RP7857;ok;9587.00;9587.00;+0.00%;11940.00;11050.00;-7.45%;15.17%;Наборы инструментов;Так;*;Ні;
RP8317A;Фарбонагнітальний бак з автоматичним змішувачем 40л AEROPRO ;ok;31758.00;31758.00;+0.00%;39480.00;35960.00;-8.92%;13.20%;Пневматические краскопульты;Так;*;Ні;
RP8363A;Фарбонагнітальний бак з автоматичним змішувачем 20л AEROPRO ;ok;16451.00;16451.00;+0.00%;20470.00;18630.00;-8.99%;13.20%;Пневматические краскопульты;Так;*;Ні;
RP8623N;Безповітряний розпилювач з фарбувальним пістолетом (0.75кВт ;ok;20192.00;20192.00;+0.00%;25110.00;23230.00;-7.49%;15.00%;default;Ні;*;Так;відсутній у фіді
RP8626;Безповітряний розпилювач з фарбувальним пістолетом (0.65кВт ;ok;14202.00;12238.00;-13.83%;17670.00;14080.00;-20.32%;15.00%;default;Так;*;Так;подешевшало на 20.3%
RP9515;"Пневмогайковерт 1/2"" (610Н/м; 10000об/хв) AEROPRO RP9515";ok;3379.00;3379.00;+0.00%;4230.00;3730.00;-11.82%;10.38%;Пневматические гайковерты;Так;*;Ні;
RSD1301;Викрутка реверсивна з тріскачкою 13-в-1 СТАНДАРТ RSD1301;ok;257.00;257.00;+0.00%;350.00;300.00;-14.29%;15.29%;Отвертки;Так;*;Ні;
RSM-1;"Верстат дископравний 13""-22"" 380B AIRKRAFT RSM-1";ok;69000.00;69000.00;+0.00%;91080.00;79350.00;-12.88%;15.00%;default;Ні;*;Так;відсутній у фіді
RSM-2;"Верстат дископравний 13""-22"" 380B AIRKRAFT RSM-2";ok;72000.00;72000.00;+0.00%;95040.00;82800.00;-12.88%;15.00%;default;Ні;*;Так;відсутній у фіді
RSM-3;"Верстат дископравний 13""-22"" 380B AIRKRAFT RSM-3";ok;93000.00;93000.00;+0.00%;122760.00;106950.00;-12.88%;15.00%;default;Ні;*;Так;відсутній у фіді
RSPK0002;Задні зсувні платформи (2од) (ХЗСО) RSPK0002;ok;41468.00;41468.00;+0.00%;51550.00;47550.00;-7.76%;14.66%;Стенды регулировки развал-схождения колес;Ні;*;Так;відсутній у фіді
RSTW0401;Ключ для рихтування легкосплавних дисків (ХЗСО) RSTW0401;ok;1804.00;1804.00;+0.00%;2270.00;2080.00;-8.37%;15.00%;default;Так;*;Ні;
S-990G-1.5;Пістолет фарбувальний пневматичний тип HP верхній металевий ;ok;527.00;527.00;+0.00%;2500.00;600.00;-76.00%;13.20%;Пневматические краскопульты;Так;*;Так;подешевшало на 76.0%
S-990P-1.5;Пістолет фарбувальний пневматичний тип HP верхній пластикови;ok;618.00;618.00;+0.00%;800.00;700.00;-12.50%;13.20%;Пневматические краскопульты;Так;*;Ні;
S-990P-1.8;Пістолет фарбувальний пневматичний тип HP верхній пластикови;ok;618.00;618.00;+0.00%;800.00;700.00;-12.50%;13.20%;Пневматические краскопульты;Так;*;Ні;
S-990S-1.5;Пістолет фарбувальний пневматичний тип HP нижній металевий б;ok;668.00;668.00;+0.00%;860.00;760.00;-11.63%;13.20%;Пневматические краскопульты;Так;*;Ні;
S1277-2;Тройник с внутренней резьбой 1/4” AIRKRAFT S1277-2;ok;71.00;80.00;+12.68%;120.00;100.00;-16.67%;15.00%;default;Так;*;Ні;
S1283-2;Крестовое соединение с внутренней резьбой 1/4” AIRKRAFT S128;ok;81.00;81.00;+0.00%;140.00;100.00;-28.57%;15.00%;default;Так;*;Так;подешевшало на 28.6%
S135;"Тріскачка 1/4"" 36 зубців (пластикова масло-бензостійка ручка";ok;467.00;467.00;+0.00%;3360.00;540.00;-83.93%;14.92%;Воротки, трещотки;Так;*;Так;подешевшало на 83.9%
S2-2;Модуль разширення SensorBox (імітатор датчиков) для сканерів;ok;28600.00;28600.00;+0.00%;41990.00;32800.00;-21.89%;14.66%;Автомобильные диагностические сканеры;Так;*;Так;подешевшало на 21.9%
SAAA1527;Ножівка по металу mini TOPTUL SAAA1527;ok;354.00;354.00;+0.00%;470.00;410.00;-12.77%;15.00%;default;Так;*;Ні;
SAAA3013;Ножівка по металу TOPTUL SAAA3013;ok;853.00;853.00;+0.00%;1090.00;990.00;-9.17%;15.00%;default;Так;*;Ні;
SAAA3051;Ножівка по металу TOPTUL SAAA3051;ok;559.00;559.00;+0.00%;720.00;650.00;-9.72%;15.00%;default;Так;*;Ні;
SAAB2415;"Полотно для мініножовкі по металу 24T L = 150mm (6 "") TOPTUL";ok;43.00;43.00;+0.00%;370.00;50.00;-86.49%;15.00%;default;Так;*;Так;подешевшало на 86.5%
SAAB2430;"Полотно для ножівки по металу 24T L = 300mm (12 "") TOPTUL SA";ok;135.00;135.00;+0.00%;1360.00;160.00;-88.24%;15.00%;default;Так;*;Так;подешевшало на 88.2%
SAAD1401;Адаптер-хвостовик для корончата фрез d14-30 TOPTUL SAAD1401;ok;323.00;323.00;+0.00%;430.00;380.00;-11.63%;15.00%;default;Так;*;Ні;
SAAD1402;Адаптер-хвостовик для корончата фрез d32-210 TOPTUL SAAD1402;ok;715.00;715.00;+0.00%;920.00;830.00;-9.78%;15.00%;default;Так;*;Ні;
SABP0107;Знімач підшипників півосі ВАЗ 2101-2107 (ХЗСО) СКППЖКрЛ SABP;ok;792.00;792.00;+0.00%;1010.00;910.00;-9.90%;14.60%;Съемники подшипников;Ні;*;Так;відсутній у фіді
SBAA0414;Ножиці електрика TOPTUL SBAA0414;ok;840.00;840.00;+0.00%;1070.00;970.00;-9.35%;15.00%;default;Так;*;Ні;
SBAC0125;Ножиці по металу (ліві) TOPTUL SBAC0125;ok;507.00;507.00;+0.00%;660.00;590.00;-10.61%;15.00%;default;Так;*;Ні;
SBAC0225;Ножиці по металу (праві) TOPTUL SBAC0225;ok;507.00;507.00;+0.00%;660.00;590.00;-10.61%;15.00%;default;Так;*;Ні;
SBAC0325;Ножиці по металу (прямі) TOPTUL SBAC0325;ok;507.00;507.00;+0.00%;660.00;590.00;-10.61%;15.00%;default;Так;*;Ні;
SBAD0124;Ножиці по металу вигнуті (ліві) TOPTUL SBAD0124;ok;681.00;681.00;+0.00%;870.00;790.00;-9.20%;15.00%;default;Так;*;Ні;
SBAD0224;Ножиці по металу вигнуті (праві) TOPTUL SBAD0224;ok;681.00;681.00;+0.00%;870.00;790.00;-9.20%;15.00%;default;Так;*;Ні;
SBAE0808;"Ножиці по металу прямі 8 "" TOPTUL SBAE0808";ok;529.00;529.00;+0.00%;690.00;610.00;-11.59%;15.00%;default;Так;*;Ні;
SBAE1010;"Ножиці по металу прямі 10"" TOPTUL SBAE1010";ok;645.00;645.00;+0.00%;830.00;750.00;-9.64%;15.00%;default;Так;*;Ні;
SBAE1212;"Ножиці по металу прямі 12"" TOPTUL SBAE1212";ok;836.00;836.00;+0.00%;1070.00;970.00;-9.35%;15.00%;default;Так;*;Ні;
SBAF0804;"Кусачки 8"" TOPTUL SBAF0804";ok;1034.00;1034.00;+0.00%;1310.00;1180.00;-9.92%;13.65%;Бокорезы, кусачки;Так;*;Ні;
SBAH0707;"Ножиці по металу прямі 7"" TOPTUL SBAH0707";ok;335.00;335.00;+0.00%;440.00;390.00;-11.36%;15.00%;default;Ні;*;Так;відсутній у фіді
SBAH1010;"Ножиці по металу прямі 10"" TOPTUL SBAH1010";ok;509.00;509.00;+0.00%;660.00;590.00;-10.61%;15.00%;default;Ні;*;Так;відсутній у фіді
SBAH1313;"Ножиці по металу прямі 13"" TOPTUL SBAH1313";ok;636.00;636.00;+0.00%;820.00;740.00;-9.76%;15.00%;default;Ні;*;Так;відсутній у фіді
SBAK1010;"Ножиці по металу прямі 10"" TOPTUL SBAK1010";ok;558.00;558.00;+0.00%;720.00;650.00;-9.72%;15.00%;default;Так;*;Ні;
SBB0024;Полотно ножовочне по металу 300мм 24Т СТАНДАРТ;ok;9.00;9.00;+0.00%;40.00;40.00;+0.00%;15.00%;default;Так;*;Ні;
SBBA0516;Ножиці електрика посилені TOPTUL SBBA0516;ok;762.00;762.00;+0.00%;970.00;880.00;-9.28%;15.00%;default;Так;*;Ні;
SBBB1808;"Кусачки (болторіз) 18"" посилені TOPTUL SBBB1808";ok;1328.00;1328.00;+0.00%;1680.00;1510.00;-10.12%;13.65%;Болторезы;Ні;*;Так;відсутній у фіді
SBBB2410;"Кусачки (болторіз) 24"" посилені TOPTUL SBBB2410";ok;1814.00;1814.00;+0.00%;2280.00;2070.00;-9.21%;13.65%;Болторезы;Ні;*;Так;відсутній у фіді
SBBB3013;"Кусачки (болторіз) 30"" посилені TOPTUL SBBB3013";ok;2528.00;2528.00;+0.00%;3170.00;2880.00;-9.15%;13.65%;Болторезы;Ні;*;Так;відсутній у фіді
SBBB3616;"Кусачки (болторіз) 36"" посилені TOPTUL SBBB3616";ok;3409.00;3409.00;+0.00%;4260.00;3880.00;-8.92%;13.65%;Болторезы;Ні;*;Так;відсутній у фіді
SBBB4218;"Кусачки (болторіз) 42"" посилені TOPTUL SBBB4218";ok;4778.00;4778.00;+0.00%;5960.00;5440.00;-8.72%;13.65%;Болторезы;Ні;*;Так;відсутній у фіді
SBBH1010;"Ножиці по металу вигнуті 10"" TOPTUL SBBH1010";ok;606.00;606.00;+0.00%;810.00;700.00;-13.58%;15.00%;default;Ні;*;Так;відсутній у фіді
SBCA0516V4;Ножиці електрика посилені ізольовані (1000V) VDE TOPTUL SBCA;ok;818.00;818.00;+0.00%;1040.00;950.00;-8.65%;15.00%;default;Так;*;Ні;
SBCB1407;"Кусачки (болторіз) 14"" посилені (chrome molybdenum) TOPTUL S";ok;1070.00;1070.00;+0.00%;1360.00;1220.00;-10.29%;13.65%;Болторезы;Так;*;Ні;
SBCB1808;"Кусачки (болторіз) 18"" посилені (chrome molybdenum) TOPTUL S";ok;1280.00;1280.00;+0.00%;1620.00;1460.00;-9.88%;13.65%;Болторезы;Так;*;Ні;
SBCB2410;"Кусачки (болторіз) 24"" посилені (chrome molybdenum) TOPTUL S";ok;1699.00;1699.00;+0.00%;2140.00;1940.00;-9.35%;13.65%;Болторезы;Так;*;Ні;
SBCB3013;"Кусачки (болторіз) 30"" посилені (chrome molybdenum) TOPTUL S";ok;2544.00;2544.00;+0.00%;3190.00;2900.00;-9.09%;13.65%;Болторезы;Так;*;Ні;
SBCB3616;"Кусачки (болторіз) 36"" посилені (chrome molybdenum) TOPTUL S";ok;3331.00;3331.00;+0.00%;4170.00;3790.00;-9.11%;13.65%;Болторезы;Так;*;Ні;
SBCB4219;"Кусачки (болторіз) 42"" посилені (chrome molybdenum) TOPTUL S";ok;5922.00;5922.00;+0.00%;7390.00;6740.00;-8.80%;13.65%;Болторезы;Так;*;Ні;
SBCH0808;"Ножниці багатофункціональні 8"" TOPTUL SBCH0808";ok;665.00;665.00;+0.00%;850.00;770.00;-9.41%;15.00%;default;Так;*;Ні;
SBG0805;"Знімач сайлентблоков ""Газель"" цементовий (ХЗСО) ССБГАЗЦХ SBG";ok;1470.00;1470.00;+0.00%;1850.00;1690.00;-8.65%;14.60%;Механические съемники;Так;*;Ні;
SBHD0020;Опорный міст (балка) 20 т HEAVY DUTY (ХЗСО) SBHD0020;ok;37752.00;37752.00;+0.00%;46930.00;43300.00;-7.73%;14.69%;Автомобильные домкраты, подставки;Так;*;Ні;
SBM0704;"Знімач сайлентблоков ""Москвич"" (ХЗСО) ССБМКрЛ SBM0704";ok;906.00;906.00;+0.00%;1150.00;1040.00;-9.57%;14.60%;Механические съемники;Ні;*;Так;відсутній у фіді
SBT-001;Змінне полотно для напилка пневматичного комплект 3 шт (10мм;ok;55.00;55.00;+0.00%;100.00;70.00;-30.00%;10.47%;Пневмошлифмашины;Так;*;Так;подешевшало на 30.0%
SBV0801;"Знімач сайлентблоків ""Волга"" (ХЗСО) ССБВКрЛ SBV0801";ok;1074.00;1074.00;+0.00%;1360.00;1240.00;-8.82%;14.60%;Механические съемники;Так;*;Ні;
SBZ0808;Знімач сайлентблоків 2108-2110 (ХЗСО) ССБ08КрЛ SBZ0808;ok;1221.00;1221.00;+0.00%;1550.00;1400.00;-9.68%;14.60%;Механические съемники;Ні;*;Так;відсутній у фіді
SCAA2017;Ніж металевий Heavy Duty TOPTUL SCAA2017;ok;409.00;409.00;+0.00%;540.00;480.00;-11.11%;15.00%;default;Так;*;Ні;
SCAB18A0;Набір лез до ножа SCAC1817 TOPTUL SCAB18A0;ok;165.00;165.00;+0.00%;230.00;190.00;-17.39%;15.00%;default;Так;*;Ні;
SCAB2060;Набір лез до ножа TOPTUL SCAB2060 SCAB2060;ok;106.00;106.00;+0.00%;160.00;130.00;-18.75%;15.00%;default;Так;*;Ні;
SCAC1817;Ніж універсальний з автоматичною зміною лез + 4 зап леза TOP;ok;451.00;451.00;+0.00%;590.00;520.00;-11.86%;15.00%;default;Так;*;Ні;
SCAD1817;Ніж універсальний з 2-ма запасними лезами L = 100mm TOPTUL S;ok;171.00;171.00;+0.00%;240.00;200.00;-16.67%;15.00%;default;Так;*;Ні;
SCB1018;Комплект лез для ножа 18мм ( 10шт ) СТАНДАРТ;ok;21.00;21.00;+0.00%;50.00;40.00;-20.00%;15.00%;default;Ні;*;Так;відсутній у фіді + подешевшало на 20.0%
SCP0407;Набір круглогубців для зняття стопорних кілець 4од СТАНДАРТ;ok;627.00;627.00;+0.00%;810.00;720.00;-11.11%;14.60%;Съемники стопорных колец;Ні;*;Так;відсутній у фіді
SCTF;Фільтр в нижній бачок пістолета фарбувального AUARITA SCTF;ok;20.00;20.00;+0.00%;110.00;40.00;-63.64%;13.20%;Пневматические краскопульты;Так;*;Так;подешевшало на 63.6%
SCY0250;Стяжки пружин L250 бугельні (ХЗСО) СТ250ЖХ SCY0250;ok;542.00;542.00;+0.00%;700.00;630.00;-10.00%;14.60%;Механические съемники;Ні;*;Так;відсутній у фіді
SCY0300;Стяжки пружин L300 бугельні (ХЗСО) СТ300ЖХ SCY0300;ok;606.00;606.00;+0.00%;780.00;700.00;-10.26%;14.60%;Механические съемники;Ні;*;Так;відсутній у фіді
SDBA0808;Напилок квадратний TOPTUL SDBA0808;ok;303.00;303.00;+0.00%;400.00;350.00;-12.50%;13.55%;Напильники и надфили;Так;*;Ні;
SDBB0821;Напилок плоский TOPTUL SDBB0821;ok;304.00;304.00;+0.00%;410.00;350.00;-14.63%;13.55%;Напильники и надфили;Так;*;Ні;
SDBC0821;Напилок напівкруглий TOPTUL SDBC0821;ok;353.00;353.00;+0.00%;470.00;410.00;-12.77%;13.55%;Напильники и надфили;Так;*;Ні;
SDBD0808;Напилок круглий TOPTUL SDBD0808;ok;279.00;279.00;+0.00%;370.00;320.00;-13.51%;13.55%;Напильники и надфили;Так;*;Ні;
SDBE0815;Напилок тригранний TOPTUL SDBE0815;ok;298.00;298.00;+0.00%;400.00;340.00;-15.00%;13.55%;Напильники и надфили;Так;*;Ні;
SDBS0040;Набір біт 10мм HEXTORXSPLINE 40од СТАНДАРТ SDBS0040;ok;790.00;790.00;+0.00%;1010.00;910.00;-9.90%;15.01%;Отверточные биты;Так;*;Ні;
SDG-5243;Манометр шинный (металлический корпус) AIRKRAFT SDG-5243;ok;277.00;277.00;+0.00%;370.00;320.00;-13.51%;15.24%;Манометры;Так;*;Ні;
SDP-220;"Станок дископравильний пневмогідравлічний 11""-26"" AIRKRAFT 2";ok;156816.00;156816.00;+0.00%;194850.00;180340.00;-7.45%;15.00%;default;Так;*;Ні;
SDP-380;"Станок дископравильний пневмогідравлічний 11""-26"" AIRKRAFT 3";ok;156816.00;156816.00;+0.00%;194850.00;180340.00;-7.45%;15.00%;default;Ні;*;Так;відсутній у фіді
SDPH0075;Викрутка хрестова PH0 x 75mm СТАНДАРТ;ok;28.00;28.00;+0.00%;60.00;40.00;-33.33%;15.29%;Отвертки;Ні;*;Так;відсутній у фіді + подешевшало на 33.3%
SDPH0110;Викрутка хрестова PH1 x 100mm СТАНДАРТ;ok;29.00;29.00;+0.00%;60.00;40.00;-33.33%;15.29%;Отвертки;Так;*;Так;подешевшало на 33.3%
SDPH0210;Викрутка хрестова PH2 x 100mm СТАНДАРТ;ok;36.00;36.00;+0.00%;80.00;50.00;-37.50%;15.29%;Отвертки;Ні;*;Так;відсутній у фіді + подешевшало на 37.5%
SDPH0215;Викрутка хрестова PH2 x 150mm СТАНДАРТ;ok;45.00;45.00;+0.00%;90.00;60.00;-33.33%;15.29%;Отвертки;Ні;*;Так;відсутній у фіді + подешевшало на 33.3%
SDPH0315;Викрутка хрестова PH3 x 150mm СТАНДАРТ;ok;59.00;59.00;+0.00%;100.00;70.00;-30.00%;15.29%;Отвертки;Так;*;Так;подешевшало на 30.0%
SDS05;Набір викруток 5 од СТАНДАРТ ( SL5x100 SL6x150 SL8x200 PH1x8;ok;221.00;221.00;+0.00%;1030.00;260.00;-74.76%;15.29%;Отвертки;Так;*;Так;подешевшало на 74.8%
SDS0501;Викрутка переставна зі вставками 5-в-1 СТАНДАРТ (з індикатор;ok;169.00;169.00;+0.00%;240.00;200.00;-16.67%;15.29%;Отвертки;Так;*;Ні;
SDS0601;Викрутка переставна 4-в -1 СТАНДАРТ SDS0601;ok;123.00;123.00;+0.00%;180.00;150.00;-16.67%;15.29%;Отвертки;Так;*;Ні;
SDS07;Набір викруток 7 од СТАНДАРТ ( SL3x75 SL4x100 SL5x150 SL6x15;ok;285.00;285.00;+0.00%;1010.00;330.00;-67.33%;15.29%;Отвертки;Так;*;Так;подешевшало на 67.3%
SDSL0375;Викрутка шліцева 3.0 x 75mm СТАНДАРТ;ok;28.00;28.00;+0.00%;60.00;40.00;-33.33%;15.29%;Отвертки;Так;*;Так;подешевшало на 33.3%
SDSL0410;Викрутка шліцева 4.0 x 100mm СТАНДАРТ;ok;33.00;33.00;+0.00%;90.00;40.00;-55.56%;15.29%;Отвертки;Так;*;Так;подешевшало на 55.6%
SDSL0510;Викрутка шліцева 5.0 x 100mm СТАНДАРТ;ok;34.00;34.00;+0.00%;80.00;40.00;-50.00%;15.29%;Отвертки;Ні;*;Так;відсутній у фіді + подешевшало на 50.0%
SDSL0515;Викрутка шліцева 5.0 x 150mm СТАНДАРТ;ok;44.00;44.00;+0.00%;90.00;60.00;-33.33%;15.29%;Отвертки;Так;*;Так;подешевшало на 33.3%
SDSL0610;Викрутка шліцева 6.0 x 100mm СТАНДАРТ;ok;43.00;43.00;+0.00%;90.00;50.00;-44.44%;15.29%;Отвертки;Так;*;Так;подешевшало на 44.4%
SDSL0615;Викрутка шліцева 6.0 x 150mm СТАНДАРТ;ok;47.00;47.00;+0.00%;130.00;60.00;-53.85%;15.29%;Отвертки;Так;*;Так;подешевшало на 53.8%
SDSL0820;Викрутка шліцева 8,0 х 200мм СТАНДАРТ;ok;61.00;61.00;+0.00%;100.00;80.00;-20.00%;15.29%;Отвертки;Так;*;Так;подешевшало на 20.0%
SE1-2PP;"Быстроразъёмное соединение на шланг ""папа"" 5.5X8мм (Ремкомпл";ok;70.00;70.00;+0.00%;120.00;90.00;-25.00%;14.33%;Комплектующие и запчасти для инструмента;Так;*;Так;подешевшало на 25.0%
SE1-2SF;"Быстроразъёмное соединение 1/4"" внутренняя резьба AIRKRAFT S";ok;97.00;97.00;+0.00%;150.00;120.00;-20.00%;14.33%;Комплектующие и запчасти для инструмента;Так;*;Так;подешевшало на 20.0%
SE1-2SH;Быстроразъёмное соединение на шланг 6мм AIRKRAFT SE1-2SH;ok;96.00;96.00;+0.00%;150.00;110.00;-26.67%;14.33%;Комплектующие и запчасти для инструмента;Так;*;Так;подешевшало на 26.7%
SE1-2SM;"Быстроразъёмное соединение 1/4"" внешняя резьба AIRKRAFT SE1-";ok;97.00;97.00;+0.00%;150.00;120.00;-20.00%;14.33%;Комплектующие и запчасти для инструмента;Так;*;Так;подешевшало на 20.0%
SE1-2SP;"Быстроразъёмное соединение на шланг ""мама"" 5.5X8мм (Ремкомпл";ok;142.00;142.00;+0.00%;200.00;170.00;-15.00%;14.33%;Комплектующие и запчасти для инструмента;Так;*;Ні;
SE1-3PP;"Быстроразъёмное соединение на шланг ""папа"" 6.5X10мм (Ремкомп";ok;74.00;74.00;+0.00%;120.00;90.00;-25.00%;14.33%;Комплектующие и запчасти для инструмента;Так;*;Так;подешевшало на 25.0%
SE1-3SF;"Быстроразъёмное соединение 3/8"" внутренняя резьба AIRKRAFT S";ok;100.00;100.00;+0.00%;150.00;120.00;-20.00%;14.33%;Комплектующие и запчасти для инструмента;Так;*;Так;подешевшало на 20.0%
SE1-3SH;Быстроразъёмное соединение на шланг 8мм AIRKRAFT SE1-3SH;ok;96.00;96.00;+0.00%;150.00;110.00;-26.67%;14.33%;Комплектующие и запчасти для инструмента;Так;*;Так;подешевшало на 26.7%
SE1-3SM;"Быстроразъёмное соединение 3/8"" внешняя резьба AIRKRAFT SE1-";ok;92.00;92.00;+0.00%;140.00;110.00;-21.43%;15.00%;default;Так;*;Так;подешевшало на 21.4%
SE1-3SP;"Быстроразъёмное соединение на шланг ""мама"" 6.5X10мм (Ремкомп";ok;155.00;155.00;+0.00%;220.00;180.00;-18.18%;14.33%;Комплектующие и запчасти для инструмента;Так;*;Ні;
SE1-4SF;"Быстроразъёмное соединение 1/2"" внутренняя резьба AIRKRAFT S";ok;112.00;112.00;+0.00%;170.00;130.00;-23.53%;14.33%;Комплектующие и запчасти для инструмента;Так;*;Так;подешевшало на 23.5%
SE1-4SH;Быстроразъёмное соединение на шланг 10мм AIRKRAFT SE1-4SH;ok;99.00;99.00;+0.00%;150.00;120.00;-20.00%;15.00%;default;Так;*;Так;подешевшало на 20.0%
SE1-4SM;"Быстроразъёмное соединение 1/2"" внешняя резьба AIRKRAFT SE1-";ok;111.00;111.00;+0.00%;170.00;130.00;-23.53%;14.33%;Комплектующие и запчасти для инструмента;Так;*;Так;подешевшало на 23.5%
SE2-2PM;"Переходник ""папа"" 1/4"" внешняя резьба (PROFI) AIRKRAFT Made ";ok;40.00;46.00;+15.00%;80.00;60.00;-25.00%;14.33%;Комплектующие и запчасти для инструмента;Так;*;Так;подешевшало на 25.0%
SE2-4PM;"Переходник ""папа"" 1/2"" внешняя резьба (PROFI) AIRKRAFT Made ";ok;72.00;84.00;+16.67%;120.00;100.00;-16.67%;15.00%;default;Так;*;Ні;
SE3-2PF;"Переходник ""папа"" 1/4"" внутренняя резьба AIRKRAFT SE3-2PF";ok;26.00;26.00;+0.00%;60.00;40.00;-33.33%;14.33%;Комплектующие и запчасти для инструмента;Так;*;Так;подешевшало на 33.3%
SE3-2PH;"Переходник ""папа"" со шланга 6мм AIRKRAFT SE3-2PH";ok;31.00;31.00;+0.00%;70.00;40.00;-42.86%;14.33%;Комплектующие и запчасти для инструмента;Так;*;Так;подешевшало на 42.9%
SE3-2PM;"Переходник ""папа"" 1/4"" внешняя резьба AIRKRAFT SE3-2PM";ok;15.00;15.00;+0.00%;50.00;40.00;-20.00%;14.33%;Комплектующие и запчасти для инструмента;Так;*;Так;подешевшало на 20.0%
SE3-3PF;"Переходник ""папа"" 3/8"" внутренняя резьба AIRKRAFT SE3-3PF";ok;27.00;27.00;+0.00%;60.00;40.00;-33.33%;14.33%;Комплектующие и запчасти для инструмента;Так;*;Так;подешевшало на 33.3%
SE3-3PH;"Переходник ""папа"" со шланга 8мм AIRKRAFT SE3-3PH";ok;31.00;31.00;+0.00%;70.00;40.00;-42.86%;14.33%;Комплектующие и запчасти для инструмента;Так;*;Так;подешевшало на 42.9%
SE3-3PM;"Переходник ""папа"" 3/8"" внешняя резьба AIRKRAFT SE3-3PM";ok;25.00;25.00;+0.00%;60.00;40.00;-33.33%;14.33%;Комплектующие и запчасти для инструмента;Так;*;Так;подешевшало на 33.3%
SE3-4PF;"Переходник ""папа"" 1/2"" внутренняя резьба AIRKRAFT SE3-4PF";ok;44.00;44.00;+0.00%;80.00;60.00;-25.00%;15.00%;default;Так;*;Так;подешевшало на 25.0%
SE3-4PH;"Переходник ""папа"" со шланга 10мм AIRKRAFT SE3-4PH";ok;33.00;33.00;+0.00%;70.00;40.00;-42.86%;14.33%;Комплектующие и запчасти для инструмента;Так;*;Так;подешевшало на 42.9%
SE3-4PM;"Переходник ""папа"" 1/2"" внешняя резьба AIRKRAFT SE3-4PM";ok;33.00;33.00;+0.00%;70.00;40.00;-42.86%;14.33%;Комплектующие и запчасти для инструмента;Так;*;Так;подешевшало на 42.9%
SE6-2SF;"Быстроразъёмное соединение 1/4"" внутренняя резьба (PROFI) AI";ok;163.00;204.00;+25.15%;230.00;240.00;+4.35%;14.33%;Комплектующие и запчасти для инструмента;Так;*;Ні;
SE6-2SH;Быстроразъёмное соединение на шланг 6мм (PROFI) AIRKRAFT Mad;ok;151.00;189.00;+25.17%;220.00;220.00;+0.00%;14.33%;Комплектующие и запчасти для инструмента;Так;*;Ні;
SE6-2SM;"Быстроразъёмное соединение 1/4"" внешняя резьба (PROFI) AIRKR";ok;157.00;196.00;+24.84%;220.00;230.00;+4.55%;14.33%;Комплектующие и запчасти для инструмента;Так;*;Ні;
SE6-3SH;Быстроразъёмное соединение на шланг 8мм (PROFI) AIRKRAFT Mad;ok;157.00;196.00;+24.84%;220.00;230.00;+4.55%;15.00%;default;Так;*;Ні;
SE6-4PP;"Быстроразъёмное соединение на шланг ""папа"" 8X12мм (Ремкомпле";ok;95.00;95.00;+0.00%;150.00;110.00;-26.67%;14.33%;Комплектующие и запчасти для инструмента;Так;*;Так;подешевшало на 26.7%
SE6-4SF;"Быстроразъёмное соединение 1/2"" внутренняя резьба (PROFI) AI";ok;191.00;235.00;+23.04%;270.00;270.00;+0.00%;14.33%;Комплектующие и запчасти для инструмента;Так;*;Ні;
SE6-4SH;Быстроразъёмное соединение на шланг 10мм (PROFI) AIRKRAFT Ma;ok;159.00;196.00;+23.27%;230.00;230.00;+0.00%;14.33%;Комплектующие и запчасти для инструмента;Так;*;Ні;
SE6-4SM;"Быстроразъёмное соединение 1/2"" внешняя резьба (PROFI) AIRKR";ok;177.00;217.00;+22.60%;250.00;250.00;+0.00%;14.33%;Комплектующие и запчасти для инструмента;Так;*;Ні;
SE6-4SP;"Быстроразъёмное соединение на шланг ""мама"" 8X12мм (Ремкомпле";ok;203.00;224.00;+10.34%;280.00;260.00;-7.14%;14.33%;Комплектующие и запчасти для инструмента;Так;*;Ні;
SEAA0332;"Труборіз 3-32мм (1 / 8 ""- 1-1/4"") TOPTUL SEAA0332";ok;847.00;847.00;+0.00%;1080.00;970.00;-10.19%;13.55%;Ручные труборезы, ножницы для труб;Так;*;Ні;
SEAB4224;Ножиці для різання труб (d 42мм) TOPTUL SEAB4224;ok;1426.00;1426.00;+0.00%;1800.00;1620.00;-10.00%;13.55%;Ручные труборезы, ножницы для труб;Так;*;Ні;
SEAC0828;Труборіз d8-28мм TOPTUL SEAC0828;ok;1265.00;1265.00;+0.00%;1600.00;1440.00;-10.00%;13.55%;Ручные труборезы, ножницы для труб;Так;*;Ні;
SEAC2867;Труборіз d28-67мм TOPTUL SEAC2867;ok;4880.00;4880.00;+0.00%;6090.00;5550.00;-8.87%;13.55%;Ручные труборезы, ножницы для труб;Так;*;Ні;
SF5040E;"Степлер пневматичний 2 в 1 універсальний скоба (5.7; 1.00 * ";ok;2018.00;2018.00;+0.00%;2540.00;2240.00;-11.81%;10.63%;Пневматические степлеры;Так;*;Ні;
SFAA5020V4;Ніж кабельний ізольований 1000V VDE з прямим лезом TOPTUL SF;ok;429.00;429.00;+0.00%;560.00;500.00;-10.71%;15.00%;default;Так;*;Ні;
SFAB5020V4;Ніж кабельний ізольований 1000V VDE із загнутим лезом TOPTUL;ok;735.00;735.00;+0.00%;940.00;850.00;-9.57%;15.00%;default;Так;*;Ні;
SFAC5018V4;Ніж кабельний ізольований 1000V VDE зі змінними лезами TOPTU;ok;461.00;461.00;+0.00%;600.00;540.00;-10.00%;15.00%;default;Так;*;Ні;
SFF0301;Набір напилків 3 од 200мм (плоский круглий тригранний ) СТАН;ok;317.00;317.00;+0.00%;420.00;360.00;-14.29%;13.55%;Напильники и надфили;Так;*;Ні;
SFF04-04;Резьбовое соединение с внутренней резьбой 1/4 * 1/4 AIRKRAFT;ok;28.00;28.00;+0.00%;60.00;40.00;-33.33%;15.00%;default;Так;*;Так;подешевшало на 33.3%
SFF0501;Набір напилків 5 од 200мм (плоский круглий напівкруглий триг;ok;456.00;456.00;+0.00%;590.00;520.00;-11.86%;13.55%;Напильники и надфили;Так;*;Ні;
SFSC-01;Глушитель звука пневматический латунный 1/8“ AIRKRAFT SFSC-0;ok;22.00;22.00;+0.00%;150.00;40.00;-73.33%;14.33%;Комплектующие и запчасти для инструмента;Так;*;Так;подешевшало на 73.3%
SFSC-02;Глушитель звука пневматический латунный 1/4“ AIRKRAFT SFSC-0;ok;35.00;35.00;+0.00%;70.00;50.00;-28.57%;14.33%;Комплектующие и запчасти для инструмента;Так;*;Так;подешевшало на 28.6%
SFSC-03;Глушитель звука пневматический латунный 3/8“ AIRKRAFT SFSC-0;ok;48.00;48.00;+0.00%;90.00;60.00;-33.33%;14.33%;Комплектующие и запчасти для инструмента;Так;*;Так;подешевшало на 33.3%
SFSC-04;Глушитель звука пневматический латунный 1/2“ AIRKRAFT SFSC-0;ok;59.00;59.00;+0.00%;120.00;70.00;-41.67%;14.33%;Комплектующие и запчасти для инструмента;Так;*;Так;подешевшало на 41.7%
SG-PT-2-PT8;Пістолет фарбувальний пневматичний тип HP без бачка для PT-2;ok;1561.00;1561.00;+0.00%;2450.00;1770.00;-27.76%;13.20%;Пневматические краскопульты;Так;*;Так;подешевшало на 27.8%
SGA0414;Степлер механічний регульований з обгумованою ручкою 4-14мм ;ok;287.00;287.00;+0.00%;380.00;340.00;-10.53%;15.00%;default;Так;*;Ні;
SGL0408;Степлер механічний з обгумованою ручкою 4-8мм СТАНДАРТ;ok;160.00;160.00;+0.00%;230.00;190.00;-17.39%;15.00%;default;Так;*;Ні;
SGP0414;"Степлер механічний універсальний"" ПРОФІ"" 3-в -1 4-14мм СТАНД";ok;281.00;281.00;+0.00%;380.00;330.00;-13.16%;15.00%;default;Так;*;Ні;
SHF1000;Кувалда 1000 г ручка з фібергласу СТАНДАРТ;ok;302.00;302.00;+0.00%;400.00;350.00;-12.50%;13.55%;Молотки, кувалды, киянки;Так;*;Ні;
SHF1500;Кувалда 1500 г ручка з фібергласу СТАНДАРТ;ok;418.00;418.00;+0.00%;550.00;480.00;-12.73%;13.55%;Молотки, кувалды, киянки;Так;*;Ні;
SHF2000;Кувалда 2000г ручка з фібергласу СТАНДАРТ;ok;500.00;500.00;+0.00%;650.00;570.00;-12.31%;13.55%;Молотки, кувалды, киянки;Ні;*;Так;відсутній у фіді
SHR2901;Заклепочник СТАНДАРТ;ok;159.00;159.00;+0.00%;230.00;180.00;-21.74%;10.63%;Ручные заклепочники;Так;*;Так;подешевшало на 21.7%
SHR2905;Заклепочник посилений 260мм СТАНДАРТ;ok;242.00;242.00;+0.00%;330.00;270.00;-18.18%;10.63%;Ручные заклепочники;Так;*;Ні;
SHVFF04;Соединение цанговое для полиуретановых шлангов PU/PR с регул;ok;73.00;73.00;+0.00%;120.00;90.00;-25.00%;15.00%;default;Так;*;Так;подешевшало на 25.0%
SHVFF06;Соединение цанговое для полиуретановых шлангов PU/PR с регул;ok;76.00;76.00;+0.00%;120.00;90.00;-25.00%;15.00%;default;Так;*;Так;подешевшало на 25.0%
SHVFF08;Соединение цанговое для полиуретановых шлангов PU/PR с регул;ok;95.00;95.00;+0.00%;150.00;110.00;-26.67%;15.00%;default;Так;*;Так;подешевшало на 26.7%
SHVFF10;Соединение цанговое для полиуретановых шлангов PU/PR с регул;ok;111.00;111.00;+0.00%;170.00;130.00;-23.53%;15.00%;default;Так;*;Так;подешевшало на 23.5%
SHVFF12;Соединение цанговое для полиуретановых шлангов PU/PR с регул;ok;125.00;125.00;+0.00%;180.00;150.00;-16.67%;15.00%;default;Так;*;Ні;
SHW1000;Кувалда 1000г ручка з дерева СТАНДАРТ;ok;281.00;281.00;+0.00%;4960.00;320.00;-93.55%;13.55%;Молотки, кувалды, киянки;Так;*;Так;подешевшало на 93.5%
SHW1500;Кувалда 1500г ручка з дерева СТАНДАРТ;ok;370.00;370.00;+0.00%;490.00;430.00;-12.24%;13.55%;Молотки, кувалды, киянки;Так;*;Ні;
SHW2000;Кувалда 2000г ручка з дерева СТАНДАРТ;ok;469.00;469.00;+0.00%;610.00;540.00;-11.48%;13.55%;Молотки, кувалды, киянки;Ні;*;Так;відсутній у фіді
SK0220-1;Знімач трьохзахватний універсальний (довжина лап 120 235 285;ok;6099.00;6099.00;+0.00%;7610.00;6990.00;-8.15%;14.60%;Съемники подшипников;Ні;*;Так;відсутній у фіді
SK0362;Набір тризахватних знімачів зі зворотним молотком 15-80мм 11;ok;3685.00;3685.00;+0.00%;4610.00;4230.00;-8.24%;14.60%;Съемники подшипников;Так;*;Ні;
SK23L3;Знімач двох-трьохзахватний з фіксацією (75-100мм) Chrome van;ok;661.00;661.00;+0.00%;1050.00;760.00;-27.62%;14.60%;Съемники подшипников;Так;*;Так;подешевшало на 27.6%
SK23L6;Знімач двох-трьохзахватний з фіксацією (150-200мм) Chrome va;ok;710.00;710.00;+0.00%;910.00;820.00;-9.89%;14.60%;Съемники подшипников;Так;*;Ні;
SK23L8;Знімач двох-трьохзахватний з фіксацією (200-250мм) Chrome va;ok;1035.00;1035.00;+0.00%;3600.00;1190.00;-66.94%;14.60%;Съемники подшипников;Так;*;Так;подешевшало на 66.9%
SK23L8R10;"Знімач двох-трьохзахватний 8"" редукторний 10т (75-200мм) Chr";ok;6900.00;6900.00;+0.00%;8600.00;7910.00;-8.02%;14.60%;Съемники подшипников;Так;*;Ні;
SK23L8R5;"Знімач двох-трьохзахватний 8"" редукторний 5т (75-200мм) Chro";ok;3954.00;3954.00;+0.00%;4940.00;4540.00;-8.10%;14.60%;Съемники подшипников;Так;*;Ні;
SK2L10;"Знімач двозахватний 10"" (250мм) Chrome vanadium";ok;771.00;771.00;+0.00%;1170.00;890.00;-23.93%;14.60%;Съемники подшипников;Так;*;Так;подешевшало на 23.9%
SK2L12;"Знімач двозахватний 12"" (300мм) Chrome vanadium";ok;1051.00;1051.00;+0.00%;1530.00;1210.00;-20.92%;14.60%;Съемники подшипников;Так;*;Так;подешевшало на 20.9%
SK2L14;"Знімач двозахватний 14"" (350мм) Chrome vanadium";ok;1910.00;1910.00;+0.00%;2400.00;2190.00;-8.75%;14.60%;Съемники подшипников;Ні;*;Так;відсутній у фіді
SK2L16;"Знімач двозахватний 16"" (400мм) Chrome vanadium";ok;2292.00;2292.00;+0.00%;2880.00;2630.00;-8.68%;14.60%;Съемники подшипников;Так;*;Ні;
SK2L3;"Знімач двозахватний 3"" (75мм) Chrome vanadium";ok;159.00;159.00;+0.00%;230.00;190.00;-17.39%;14.60%;Съемники подшипников;Так;*;Ні;
SK2L4;"Знімач двозахватний 4"" (100мм) Chrome vanadium";ok;214.00;214.00;+0.00%;1110.00;250.00;-77.48%;14.60%;Съемники подшипников;Так;*;Так;подешевшало на 77.5%
SK2L6;"Знімач двозахватний 6"" (150мм) Chrome vanadium";ok;337.00;337.00;+0.00%;450.00;390.00;-13.33%;14.60%;Съемники подшипников;Так;*;Ні;
SK2L8;"Знімач двозахватний 8"" (200мм) Chrome vanadium";ok;491.00;491.00;+0.00%;790.00;570.00;-27.85%;14.60%;Съемники подшипников;Так;*;Так;подешевшало на 27.8%
SK2R1;"Знімач двозахватний ""рейка"" № 1 60х70мм Chrome vanadium";ok;325.00;325.00;+0.00%;430.00;380.00;-11.63%;14.60%;Съемники подшипников;Так;*;Ні;
SK2R1F;"Знімач двозахватний ""рейка"" з фіксацією 35х45мм Chrome vanad";ok;146.00;146.00;+0.00%;210.00;170.00;-19.05%;14.60%;Съемники подшипников;Так;*;Ні;
SK2R1U;"Знімач двозахватний ""рейка"" з фіксацією посилений 35х45мм Ch";ok;166.00;166.00;+0.00%;230.00;200.00;-13.04%;14.60%;Съемники подшипников;Так;*;Ні;
SK2R2;"Знімач двозахватний ""рейка"" № 2 70х80мм Chrome vanadium";ok;458.00;458.00;+0.00%;600.00;530.00;-11.67%;14.60%;Съемники подшипников;Так;*;Ні;
SK2R2F;"Знімач двозахватний ""рейка"" з фіксацією 38х65мм Chrome vanad";ok;159.00;159.00;+0.00%;250.00;190.00;-24.00%;14.60%;Съемники подшипников;Так;*;Так;подешевшало на 24.0%
SK2R2U;"Знімач двозахватний ""рейка"" з фіксацією посилений 38х65мм Ch";ok;190.00;190.00;+0.00%;260.00;220.00;-15.38%;14.60%;Съемники подшипников;Так;*;Ні;
SK2R3;"Знімач двозахватний ""рейка"" № 3 80х90мм Chrome vanadium";ok;537.00;537.00;+0.00%;700.00;620.00;-11.43%;14.60%;Съемники подшипников;Так;*;Ні;
SK2R3F;"Знімач двозахватний ""рейка"" з фіксацією 40х80мм Chrome vanad";ok;179.00;179.00;+0.00%;280.00;210.00;-25.00%;14.60%;Съемники подшипников;Так;*;Так;подешевшало на 25.0%
SK2R3U;"Знімач двозахватний ""рейка"" з фіксацією посилений 40х80мм Ch";ok;213.00;213.00;+0.00%;290.00;250.00;-13.79%;14.60%;Съемники подшипников;Так;*;Ні;
SK2R4;"Знімач двозахватний ""рейка"" № 4 120х130мм Chrome vanadium";ok;710.00;710.00;+0.00%;910.00;820.00;-9.89%;14.60%;Съемники подшипников;Так;*;Ні;
SK2R4F;"Знімач двозахватний ""рейка"" з фіксацією 55х90мм Chrome vanad";ok;292.00;292.00;+0.00%;390.00;340.00;-12.82%;14.60%;Съемники подшипников;Так;*;Ні;
SK2R4U;"Знімач двозахватний ""рейка"" з фіксацією посилений 55х90мм Ch";ok;292.00;292.00;+0.00%;390.00;340.00;-12.82%;14.60%;Съемники подшипников;Так;*;Ні;
SK2R5;"Знімач двозахватний ""рейка"" № 5 160х170мм Chrome vanadium";ok;968.00;968.00;+0.00%;2500.00;1110.00;-55.60%;14.60%;Съемники подшипников;Так;*;Так;подешевшало на 55.6%
SK2R5F;"Знімач двозахватний ""рейка"" з фіксацією 70х120мм Chrome vana";ok;332.00;332.00;+0.00%;500.00;390.00;-22.00%;14.60%;Съемники подшипников;Так;*;Так;подешевшало на 22.0%
SK2R5U;"Знімач двозахватний ""рейка"" з фіксацією посилений 70х120мм C";ok;352.00;352.00;+0.00%;470.00;410.00;-12.77%;14.60%;Съемники подшипников;Так;*;Ні;
SK3L10;"Знімач трьохзахватний 10"" (250мм) Chrome vanadium";ok;1134.00;1134.00;+0.00%;1670.00;1300.00;-22.16%;14.60%;Съемники подшипников;Так;*;Так;подешевшало на 22.2%
SK3L12;"Знімач трьохзахватний 12"" (300мм) Chrome vanadium";ok;1522.00;1522.00;+0.00%;1920.00;1750.00;-8.85%;14.60%;Съемники подшипников;Так;*;Ні;
SK3L14;"Знімач трьохзахватний 14"" (350мм) Chrome vanadium";ok;2401.00;2401.00;+0.00%;3010.00;2760.00;-8.31%;14.60%;Съемники подшипников;Так;*;Ні;
SK3L16;"Знімач трьохзахватний 16"" (400мм) Chrome vanadium";ok;2886.00;2886.00;+0.00%;3610.00;3310.00;-8.31%;14.60%;Съемники подшипников;Так;*;Ні;
SK3L20;"Знімач трьохзахватний 20"" (500мм) Chrome vanadium";ok;3674.00;3674.00;+0.00%;4590.00;4220.00;-8.06%;14.60%;Съемники подшипников;Так;*;Ні;
SK3L24;"Знімач трьохзахватний 24"" (600мм) Chrome vanadium";ok;4054.00;4054.00;+0.00%;5060.00;4650.00;-8.10%;14.60%;Съемники подшипников;Так;*;Ні;
SK3L3;"Знімач трьохзахватний 3"" (75мм) Chrome vanadium";ok;197.00;197.00;+0.00%;1270.00;230.00;-81.89%;14.60%;Съемники подшипников;Так;*;Так;подешевшало на 81.9%
SK3L4;"Знімач трьохзахватний 4"" (100мм) Chrome vanadium";ok;280.00;280.00;+0.00%;870.00;330.00;-62.07%;14.60%;Съемники подшипников;Так;*;Так;подешевшало на 62.1%
SK3L6;"Знімач трьохзахватний 6"" (150мм) Chrome vanadium";ok;439.00;439.00;+0.00%;570.00;510.00;-10.53%;14.60%;Съемники подшипников;Так;*;Ні;
SK3L8;"Знімач трьохзахватний 8"" (200мм) Chrome vanadium";ok;624.00;624.00;+0.00%;980.00;720.00;-26.53%;14.60%;Съемники подшипников;Так;*;Так;подешевшало на 26.5%
SK3VN;Знімач підшипників внутрішній Chrome vanadium;ok;711.00;711.00;+0.00%;910.00;820.00;-9.89%;14.60%;Съемники подшипников;Так;*;Ні;
SKTN0349;Знімач кришки паливного насоса універсальний;ok;793.00;793.00;+0.00%;1010.00;910.00;-9.90%;14.60%;Механические съемники;Так;*;Ні;
SL-140;Твердомір металу динамічний PROTESTER SL-140 (SHL-140);ok;19791.00;19791.00;+0.00%;24620.00;22510.00;-8.57%;13.71%;Твердомеры;Так;*;Ні;
SL-150;Твердомір металу динамічний PROTESTER SL-150 (SHL-150);ok;21591.00;21591.00;+0.00%;28500.00;24560.00;-13.82%;13.71%;Твердомеры;Так;*;Ні;
SLAB1818;Запасний ніж до труборізу SEAC0828 d18мм TOPTUL SLAB1818;ok;365.00;365.00;+0.00%;480.00;420.00;-12.50%;13.55%;Ручные труборезы, ножницы для труб;Так;*;Ні;
SLAB1919;Запасний ніж до труборізу SEAC2867 d19мм TOPTUL SLAB1919;ok;328.00;328.00;+0.00%;440.00;380.00;-13.64%;13.55%;Ручные труборезы, ножницы для труб;Так;*;Ні;
SLAC1818;Запасний ніж до труборізу SEAA0332 d18мм TOPTUL SLAC1818;ok;209.00;209.00;+0.00%;290.00;240.00;-17.24%;13.55%;Ручные труборезы, ножницы для труб;Так;*;Ні;
SLAD0505V0;Комплект запасних лез до ножа SFAC5018V4 TOPTUL SLAD0505V0;ok;654.00;654.00;+0.00%;840.00;760.00;-9.52%;15.00%;default;Ні;*;Так;відсутній у фіді
SLD-501;Димогенератор (Turbo) SLD-501 LAUNCH;ok;17600.00;17600.00;+0.00%;21890.00;20240.00;-7.54%;15.00%;default;Так;*;Ні;
SLD-502;Димогенератор (EVAP) SLD-502 LAUNCH;ok;18480.00;18480.00;+0.00%;22990.00;21260.00;-7.53%;15.00%;default;Так;*;Ні;
SLFL0601;Прожектор світлодіодний акумуляторний 60W (LiFePO4 10000mAh);ok;1540.00;1540.00;+0.00%;1940.00;1780.00;-8.25%;15.00%;default;Ні;*;Так;відсутній у фіді
SLFL1001;Прожектор світлодіодний акумуляторний 100W (LiFePO4 20000mAh;ok;1980.00;1980.00;+0.00%;2490.00;2280.00;-8.43%;15.00%;default;Ні;*;Так;відсутній у фіді
SLFL1501;Прожектор світлодіодний акумуляторний 150W (LiFePO4 30000mAh;ok;2640.00;2640.00;+0.00%;3310.00;3040.00;-8.16%;15.00%;default;Ні;*;Так;відсутній у фіді
SLFL2001;Прожектор світлодіодний акумуляторний 200W (LiFePO4 30000mAh;ok;3520.00;3520.00;+0.00%;4400.00;4050.00;-7.95%;15.00%;default;Ні;*;Так;відсутній у фіді
SMART50-210-220-ITALY;Компресор поршневий Vрес=50л 210л/хв 220V 1,5кВт SMART50-210;ok;12760.00;12760.00;+0.00%;15880.00;13920.00;-12.34%;9.05%;Компрессоры поршневые;Ні;*;Так;відсутній у фіді
SMD-LED;Ліхтар світлодіодний (LED) акумуляторний 8 + 1 (Made in GERM;ok;1230.00;1230.00;+0.00%;1560.00;1420.00;-8.97%;15.00%;default;Так;*;Ні;
SMH04-04;Переходник с наружной резьбой 1/4 на шланг 6мм AIRKRAFT SMH0;ok;24.00;29.00;+20.83%;60.00;40.00;-33.33%;15.00%;default;Так;*;Так;подешевшало на 33.3%
SMH04-05;Переходник с наружной резьбой 1/4 на шланг 8мм AIRKRAFT SMH0;ok;29.00;29.00;+0.00%;60.00;40.00;-33.33%;15.00%;default;Так;*;Так;подешевшало на 33.3%
SMH04-06;Переходник с наружной резьбой 1/4 на шланг 10мм AIRKRAFT SMH;ok;30.00;30.00;+0.00%;70.00;40.00;-42.86%;15.00%;default;Так;*;Так;подешевшало на 42.9%
SMH04-08;Переходник с наружной резьбой 1/4 на шланг 12мм AIRKRAFT SMH;ok;24.00;24.00;+0.00%;60.00;40.00;-33.33%;15.00%;default;Так;*;Так;подешевшало на 33.3%
SMH08-05;Переходник наружная резьба 1/2 на шланг 8мм AIRKRAFT SMH08-0;ok;37.00;37.00;+0.00%;70.00;50.00;-28.57%;15.00%;default;Так;*;Так;подешевшало на 28.6%
SMH08-06;Переходник наружная резьба 1/2 на шланг 10мм AIRKRAFT SMH08-;ok;39.00;39.00;+0.00%;80.00;50.00;-37.50%;15.00%;default;Так;*;Так;подешевшало на 37.5%
SMH08-08;Переходник наружная резьба 1/2 на шланг 12мм AIRKRAFT SMH08-;ok;49.00;49.00;+0.00%;90.00;60.00;-33.33%;15.00%;default;Так;*;Так;подешевшало на 33.3%
SMM04-04;Резьбовое соединение с наружной резьбой 1/4 * 1/4 AIRKRAFT S;ok;27.00;27.00;+0.00%;160.00;40.00;-75.00%;15.00%;default;Так;*;Так;подешевшало на 75.0%
SMM08-04;Резьбовое соединение с наружной резьбой 1/4 * 1/2 AIRKRAFT S;ok;29.00;29.00;+0.00%;60.00;40.00;-33.33%;15.00%;default;Так;*;Так;подешевшало на 33.3%
SMOM0100;Набір мікрометрів механічних 0-100мм 4од PROTESTER SMOM0100;ok;3417.00;3417.00;+0.00%;4270.00;3900.00;-8.67%;13.86%;Микрометры;Так;*;Ні;
SMOM0150;Набір мікрометрів механічних 0-150мм 6од PROTESTER SMOM0150;ok;6446.00;6446.00;+0.00%;8040.00;7340.00;-8.71%;13.86%;Микрометры;Так;*;Ні;
SMT-0316;Рулетка професійна 3м * 16мм СТАНДАРТ SMT-0316;ok;54.00;54.00;+0.00%;100.00;70.00;-30.00%;15.17%;Измерительные рулетки;Ні;*;Так;відсутній у фіді + подешевшало на 30.0%
SMT-0519;Рулетка професійна 5м * 19мм СТАНДАРТ SMT-0519;ok;81.00;81.00;+0.00%;160.00;100.00;-37.50%;15.17%;Измерительные рулетки;Ні;*;Так;відсутній у фіді + подешевшало на 37.5%
SMT-1025;Рулетка професійна 10м * 25мм СТАНДАРТ SMT-1025;ok;194.00;194.00;+0.00%;270.00;230.00;-14.81%;15.17%;Измерительные рулетки;Так;*;Ні;
SMT-7E25;Рулетка професійна 7,5м * 25мм СТАНДАРТ;ok;119.00;119.00;+0.00%;230.00;140.00;-39.13%;15.17%;Измерительные рулетки;Ні;*;Так;відсутній у фіді + подешевшало на 39.1%
SN-01;Распылитель пневматический для нанесения штукатурки на стену;ok;2288.00;2288.00;+0.00%;14490.00;2600.00;-82.06%;13.20%;Пневматические штукатурные распылители;Так;*;Так;подешевшало на 82.1%
SN-02;Распылитель пневматический для нанесения штукатурки на стену;ok;2552.00;2552.00;+0.00%;3200.00;2890.00;-9.69%;13.20%;Пневматические штукатурные распылители;Так;*;Ні;
SN-304;Комплект нержавіючих ремонтних сіток (5 од,115х148мм) TRISCO;ok;452.00;452.00;+0.00%;2350.00;520.00;-77.87%;15.00%;default;Ні;*;Так;відсутній у фіді + подешевшало на 77.9%
SNS2108;Ключ для розбирання стійок ВАЗ 2108-2109 під ключ (цементови;ok;263.00;263.00;+0.00%;350.00;310.00;-11.43%;15.00%;default;Так;*;Ні;
SP008;"Мини-масленка для пневмоинструмента 1/4"" AIRKRAFT SP008";ok;89.00;89.00;+0.00%;450.00;110.00;-75.56%;14.33%;Комплектующие и запчасти для инструмента;Так;*;Так;подешевшало на 75.6%
SP009-10;"Клапан предохранительный 1/4"" (10 атмосфер) AIRKRAFT SP009-1";ok;45.00;45.00;+0.00%;80.00;60.00;-25.00%;15.00%;default;Так;*;Так;подешевшало на 25.0%
SP009-8;"Клапан предохранительный 1/4"" (8 атмосфер) AIRKRAFT SP009-8";ok;45.00;45.00;+0.00%;290.00;60.00;-79.31%;15.00%;default;Ні;*;Так;відсутній у фіді + подешевшало на 79.3%
SP01000002;Встановлення для обслуговування кондиціонерів (автоматичне) ;ok;166110.00;166110.00;+0.00%;190060.00;191030.00;+0.51%;15.00%;default;Ні;*;Так;відсутній у фіді
SP024;Регулятор давления воздуха для краскопульта AIRKRAFT SP024;ok;265.00;265.00;+0.00%;600.00;300.00;-50.00%;13.20%;Пневматические краскопульты;Так;*;Так;подешевшало на 50.0%
SP203ST;"Знімач підшипників двозахватний 3"" (75mm) СТАНДАРТ";ok;142.00;142.00;+0.00%;200.00;170.00;-15.00%;14.60%;Съемники подшипников;Так;*;Ні;
SP204ST;"Знімач підшипників двозахватний 4"" (100mm) СТАНДАРТ";ok;196.00;196.00;+0.00%;270.00;230.00;-14.81%;14.60%;Съемники подшипников;Так;*;Ні;
SP206ST;"Знімач підшипників двозахватний 6"" СТАНДАРТ";ok;272.00;272.00;+0.00%;370.00;320.00;-13.51%;14.60%;Съемники подшипников;Так;*;Ні;
SP208ST;"Знімач підшипників двозахватний 8"" (200mm) СТАНДАРТ";ok;279.00;279.00;+0.00%;370.00;320.00;-13.51%;14.60%;Съемники подшипников;Так;*;Ні;
SP210ST;"Знімач підшипників двозахватний 10"" (250mm) СТАНДАРТ";ok;436.00;436.00;+0.00%;570.00;500.00;-12.28%;14.60%;Съемники подшипников;Так;*;Ні;
SP212ST;"Знімач підшипників двозахватний 12"" (300mm) СТАНДАРТ";ok;521.00;521.00;+0.00%;680.00;600.00;-11.76%;14.60%;Съемники подшипников;Так;*;Ні;
SP303ST;"Знімач підшипників трьозахватний 3"" (75mm) СТАНДАРТ";ok;150.00;150.00;+0.00%;210.00;180.00;-14.29%;14.60%;Съемники подшипников;Так;*;Ні;
SP304ST;"Знімач підшипників трьозахватний 4"" (100mm) СТАНДАРТ";ok;194.00;194.00;+0.00%;420.00;230.00;-45.24%;14.60%;Съемники подшипников;Так;*;Так;подешевшало на 45.2%
SP306ST;"Знімач підшипників трьозахватний 6"" (150mm) СТАНДАРТ";ok;283.00;283.00;+0.00%;490.00;330.00;-32.65%;14.60%;Съемники подшипников;Так;*;Так;подешевшало на 32.7%
SP308ST;"Знімач підшипників трьозахватний 8"" (200mm) СТАНДАРТ";ok;383.00;383.00;+0.00%;500.00;440.00;-12.00%;14.60%;Съемники подшипников;Так;*;Ні;
SP310ST;"Знімач підшипників трьохзахватний 10"" (250mm) СТАНДАРТ";ok;572.00;572.00;+0.00%;740.00;660.00;-10.81%;14.60%;Съемники подшипников;Так;*;Ні;
SP312ST;"Знімач підшипників трьохзахватний 12"" (300mm) СТАНДАРТ";ok;678.00;678.00;+0.00%;870.00;780.00;-10.34%;14.60%;Съемники подшипников;Так;*;Ні;
SP5101A;Манометр шинный AIRKRAFT SP5101A;ok;50.00;50.00;+0.00%;90.00;60.00;-33.33%;15.24%;Автомобильные насосы, компрессоры и манометры;Так;*;Так;подешевшало на 33.3%
SPA04;Соединение цанговое для полиуретановых шлангов PU/PR с регул;ok;52.00;52.00;+0.00%;1120.00;60.00;-94.64%;15.00%;default;Так;*;Так;подешевшало на 94.6%
SPA06;Соединение цанговое для полиуретановых шлангов PU/PR с регул;ok;56.00;56.00;+0.00%;260.00;70.00;-73.08%;15.00%;default;Так;*;Так;подешевшало на 73.1%
SPA08;Соединение цанговое для полиуретановых шлангов PU/PR с регул;ok;75.00;75.00;+0.00%;830.00;90.00;-89.16%;15.00%;default;Так;*;Так;подешевшало на 89.2%
SPA10;Соединение цанговое для полиуретановых шлангов PU/PR с регул;ok;132.00;132.00;+0.00%;480.00;160.00;-66.67%;15.00%;default;Так;*;Так;подешевшало на 66.7%
SPA12;Соединение цанговое для полиуретановых шлангов PU/PR с регул;ok;198.00;198.00;+0.00%;500.00;230.00;-54.00%;15.00%;default;Так;*;Так;подешевшало на 54.0%
SPB04-01;Соединение цанговое для полиуретановых шлангов PU/PR (Т-обр ;ok;28.00;28.00;+0.00%;60.00;40.00;-33.33%;15.00%;default;Так;*;Так;подешевшало на 33.3%
SPB04-02;Соединение цанговое для полиуретановых шлангов PU/PR (Т-обр ;ok;30.00;30.00;+0.00%;70.00;40.00;-42.86%;15.00%;default;Так;*;Так;подешевшало на 42.9%
SPB06-01;Соединение цанговое для полиуретановых шлангов PU/PR (Т-обр ;ok;28.00;28.00;+0.00%;60.00;40.00;-33.33%;15.00%;default;Так;*;Так;подешевшало на 33.3%
SPB06-02;Соединение цанговое для полиуретановых шлангов PU/PR (Т-обр ;ok;32.00;32.00;+0.00%;580.00;40.00;-93.10%;15.00%;default;Так;*;Так;подешевшало на 93.1%
SPB06-03;Соединение цанговое для полиуретановых шлангов PU/PR (Т-обр ;ok;47.00;47.00;+0.00%;90.00;60.00;-33.33%;15.00%;default;Так;*;Так;подешевшало на 33.3%
SPB08-01;Соединение цанговое для полиуретановых шлангов PU/PR (Т-обр ;ok;34.00;34.00;+0.00%;70.00;40.00;-42.86%;15.00%;default;Так;*;Так;подешевшало на 42.9%
SPB08-02;Соединение цанговое для полиуретановых шлангов PU/PR (Т-обр ;ok;34.00;34.00;+0.00%;70.00;40.00;-42.86%;15.00%;default;Так;*;Так;подешевшало на 42.9%
SPB08-03;Соединение цанговое для полиуретановых шлангов PU/PR (Т-обр ;ok;48.00;48.00;+0.00%;90.00;60.00;-33.33%;15.00%;default;Так;*;Так;подешевшало на 33.3%
SPB08-04;Соединение цанговое для полиуретановых шлангов PU/PR (Т-обр ;ok;57.00;57.00;+0.00%;100.00;70.00;-30.00%;15.00%;default;Так;*;Так;подешевшало на 30.0%
SPB10-01;Соединение цанговое для полиуретановых шлангов PU/PR (Т-обр ;ok;43.00;43.00;+0.00%;290.00;50.00;-82.76%;15.00%;default;Так;*;Так;подешевшало на 82.8%
SPB10-02;Соединение цанговое для полиуретановых шлангов PU/PR (Т-обр ;ok;47.00;47.00;+0.00%;90.00;60.00;-33.33%;15.00%;default;Так;*;Так;подешевшало на 33.3%
SPB10-03;Соединение цанговое для полиуретановых шлангов PU/PR (Т-обр ;ok;53.00;53.00;+0.00%;150.00;70.00;-53.33%;15.00%;default;Так;*;Так;подешевшало на 53.3%
SPB10-04;Соединение цанговое для полиуретановых шлангов PU/PR (Т-обр ;ok;61.00;61.00;+0.00%;100.00;80.00;-20.00%;15.00%;default;Так;*;Так;подешевшало на 20.0%
SPB12-02;Соединение цанговое для полиуретановых шлангов PU/PR (Т-обр ;ok;60.00;60.00;+0.00%;100.00;70.00;-30.00%;15.00%;default;Так;*;Так;подешевшало на 30.0%
SPB12-03;Соединение цанговое для полиуретановых шлангов PU/PR (Т-обр ;ok;63.00;63.00;+0.00%;110.00;80.00;-27.27%;15.00%;default;Так;*;Так;подешевшало на 27.3%
SPB12-04;Соединение цанговое для полиуретановых шлангов PU/PR (Т-обр ;ok;62.00;62.00;+0.00%;110.00;80.00;-27.27%;15.00%;default;Так;*;Так;подешевшало на 27.3%
SPC04-01;Соединение цанговое для полиуретановых шлангов PU/PR (прямое;ok;15.00;18.00;+20.00%;50.00;40.00;-20.00%;15.00%;default;Так;*;Так;подешевшало на 20.0%
SPC04-02;Соединение цанговое для полиуретановых шлангов PU/PR (прямое;ok;19.00;21.00;+10.53%;770.00;40.00;-94.81%;15.00%;default;Так;*;Так;подешевшало на 94.8%
SPC06-01;Соединение цанговое для полиуретановых шлангов PU/PR (прямое;ok;15.00;19.00;+26.67%;50.00;40.00;-20.00%;15.00%;default;Так;*;Так;подешевшало на 20.0%
SPC06-02;Соединение цанговое для полиуретановых шлангов PU/PR (прямое;ok;30.00;36.00;+20.00%;70.00;50.00;-28.57%;15.00%;default;Так;*;Так;подешевшало на 28.6%
SPC06-03;Соединение цанговое для полиуретановых шлангов PU/PR (прямое;ok;30.00;34.00;+13.33%;130.00;40.00;-69.23%;15.00%;default;Так;*;Так;подешевшало на 69.2%
SPC08-01;Соединение цанговое для полиуретановых шлангов PU/PR (прямое;ok;19.00;23.00;+21.05%;50.00;40.00;-20.00%;15.00%;default;Так;*;Так;подешевшало на 20.0%
SPC08-02;Соединение цанговое для полиуретановых шлангов PU/PR (прямое;ok;19.00;25.00;+31.58%;50.00;40.00;-20.00%;15.00%;default;Так;*;Так;подешевшало на 20.0%
SPC08-03;Соединение цанговое для полиуретановых шлангов PU/PR (прямое;ok;29.00;35.00;+20.69%;80.00;50.00;-37.50%;15.00%;default;Так;*;Так;подешевшало на 37.5%
SPC08-04;Соединение цанговое для полиуретановых шлангов PU/PR (прямое;ok;54.00;67.00;+24.07%;100.00;80.00;-20.00%;15.00%;default;Так;*;Так;подешевшало на 20.0%
SPC10-01;Соединение цанговое для полиуретановых шлангов PU/PR (прямое;ok;27.00;32.00;+18.52%;60.00;40.00;-33.33%;15.00%;default;Так;*;Так;подешевшало на 33.3%
SPC10-02;Соединение цанговое для полиуретановых шлангов PU/PR (прямое;ok;38.00;54.00;+42.11%;340.00;70.00;-79.41%;15.00%;default;Так;*;Так;подешевшало на 79.4%
SPC10-03;Соединение цанговое для полиуретановых шлангов PU/PR (прямое;ok;30.00;37.00;+23.33%;90.00;50.00;-44.44%;15.00%;default;Так;*;Так;подешевшало на 44.4%
SPC10-04;Соединение цанговое для полиуретановых шлангов PU/PR (прямое;ok;48.00;52.00;+8.33%;90.00;60.00;-33.33%;15.00%;default;Так;*;Так;подешевшало на 33.3%
SPC12-02;Соединение цанговое для полиуретановых шлангов PU/PR (прямое;ok;39.00;43.00;+10.26%;170.00;50.00;-70.59%;15.00%;default;Так;*;Так;подешевшало на 70.6%
SPC12-03;Соединение цанговое для полиуретановых шлангов PU/PR (прямое;ok;35.00;42.00;+20.00%;200.00;50.00;-75.00%;15.00%;default;Так;*;Так;подешевшало на 75.0%
SPC12-04;Соединение цанговое для полиуретановых шлангов PU/PR (прямое;ok;51.00;57.00;+11.76%;90.00;70.00;-22.22%;15.00%;default;Так;*;Так;подешевшало на 22.2%
SPCF04-01;Соединение цанговое для полиуретановых шлангов PU/PR (прямое;ok;24.00;28.00;+16.67%;60.00;40.00;-33.33%;15.00%;default;Так;*;Так;подешевшало на 33.3%
SPCF04-02;Соединение цанговое для полиуретановых шлангов PU/PR (прямое;ok;35.00;37.00;+5.71%;70.00;50.00;-28.57%;15.00%;default;Так;*;Так;подешевшало на 28.6%
SPCF06-01;Соединение цанговое для полиуретановых шлангов PU/PR (прямое;ok;27.00;27.00;+0.00%;60.00;40.00;-33.33%;15.00%;default;Так;*;Так;подешевшало на 33.3%
SPCF06-02;Соединение цанговое для полиуретановых шлангов PU/PR (прямое;ok;34.00;42.00;+23.53%;70.00;50.00;-28.57%;15.00%;default;Так;*;Так;подешевшало на 28.6%
SPCF06-03;Соединение цанговое для полиуретановых шлангов PU/PR (прямое;ok;48.00;48.00;+0.00%;90.00;60.00;-33.33%;15.00%;default;Так;*;Так;подешевшало на 33.3%
SPCF08-01;Соединение цанговое для полиуретановых шлангов PU/PR (прямое;ok;25.00;29.00;+16.00%;60.00;40.00;-33.33%;15.00%;default;Так;*;Так;подешевшало на 33.3%
SPCF08-02;Соединение цанговое для полиуретановых шлангов PU/PR (прямое;ok;39.00;43.00;+10.26%;80.00;50.00;-37.50%;15.00%;default;Так;*;Так;подешевшало на 37.5%
SPCF08-03;Соединение цанговое для полиуретановых шлангов PU/PR (прямое;ok;46.00;46.00;+0.00%;90.00;60.00;-33.33%;15.00%;default;Так;*;Так;подешевшало на 33.3%
SPCF08-04;Соединение цанговое для полиуретановых шлангов PU/PR (прямое;ok;62.00;62.00;+0.00%;110.00;80.00;-27.27%;15.00%;default;Так;*;Так;подешевшало на 27.3%
SPCF10-01;Соединение цанговое для полиуретановых шлангов PU/PR (прямое;ok;42.00;42.00;+0.00%;80.00;50.00;-37.50%;15.00%;default;Так;*;Так;подешевшало на 37.5%
SPCF10-02;Соединение цанговое для полиуретановых шлангов PU/PR (прямое;ok;39.00;48.00;+23.08%;80.00;60.00;-25.00%;15.00%;default;Так;*;Так;подешевшало на 25.0%
SPCF10-03;Соединение цанговое для полиуретановых шлангов PU/PR (прямое;ok;53.00;53.00;+0.00%;90.00;70.00;-22.22%;15.00%;default;Так;*;Так;подешевшало на 22.2%
SPCF10-04;Соединение цанговое для полиуретановых шлангов PU/PR (прямое;ok;70.00;70.00;+0.00%;120.00;90.00;-25.00%;15.00%;default;Так;*;Так;подешевшало на 25.0%
SPCF12-02;Соединение цанговое для полиуретановых шлангов PU/PR (прямое;ok;58.00;72.00;+24.14%;100.00;90.00;-10.00%;15.00%;default;Так;*;Ні;
SPCF12-03;Соединение цанговое для полиуретановых шлангов PU/PR (прямое;ok;56.00;56.00;+0.00%;100.00;70.00;-30.00%;15.00%;default;Так;*;Так;подешевшало на 30.0%
SPCF12-04;Соединение цанговое для полиуретановых шлангов PU/PR (прямое;ok;98.00;110.00;+12.24%;150.00;130.00;-13.33%;15.00%;default;Так;*;Ні;
SPE04;Соединение цанговое для полиуретановых шлангов PU/PR (Т-обр ;ok;14.00;14.00;+0.00%;550.00;40.00;-92.73%;15.00%;default;Так;*;Так;подешевшало на 92.7%
SPE06;Соединение цанговое для полиуретановых шлангов PU/PR (Т-обр ;ok;15.00;15.00;+0.00%;410.00;40.00;-90.24%;15.00%;default;Так;*;Так;подешевшало на 90.2%
SPE06-08;Соединение цанговое для полиуретановых шлангов PU/PR (Т-обр ;ok;19.00;19.00;+0.00%;50.00;40.00;-20.00%;15.00%;default;Ні;*;Так;відсутній у фіді + подешевшало на 20.0%
SPE08;Соединение цанговое для полиуретановых шлангов PU/PR (Т-обр ;ok;16.00;16.00;+0.00%;370.00;40.00;-89.19%;15.00%;default;Так;*;Так;подешевшало на 89.2%
SPE08-06;Соединение цанговое для полиуретановых шлангов PU/PR (Т-обр ;ok;16.00;16.00;+0.00%;50.00;40.00;-20.00%;15.00%;default;Так;*;Так;подешевшало на 20.0%
SPE10;Соединение цанговое для полиуретановых шлангов PU/PR (Т-обр ;ok;22.00;22.00;+0.00%;15520.00;40.00;-99.74%;15.00%;default;Так;*;Так;подешевшало на 99.7%
SPE12;Соединение цанговое для полиуретановых шлангов PU/PR (Т-обр ;ok;24.00;24.00;+0.00%;11230.00;40.00;-99.64%;15.00%;default;Так;*;Так;подешевшало на 99.6%
SPL04-01;Соединение цанговое для полиуретановых шлангов PU/PR (Г-обр ;ok;19.00;19.00;+0.00%;50.00;40.00;-20.00%;15.00%;default;Так;*;Так;подешевшало на 20.0%
SPL04-02;Соединение цанговое для полиуретановых шлангов PU/PR (Г-обр ;ok;24.00;24.00;+0.00%;60.00;40.00;-33.33%;15.00%;default;Так;*;Так;подешевшало на 33.3%
SPL06-01;Соединение цанговое для полиуретановых шлангов PU/PR (Г-обр ;ok;22.00;24.00;+9.09%;60.00;40.00;-33.33%;15.00%;default;Так;*;Так;подешевшало на 33.3%
SPL06-02;Соединение цанговое для полиуретановых шлангов PU/PR (Г-обр ;ok;25.00;28.00;+12.00%;60.00;40.00;-33.33%;15.00%;default;Так;*;Так;подешевшало на 33.3%
SPL06-03;Соединение цанговое для полиуретановых шлангов PU/PR (Г-обр ;ok;34.00;34.00;+0.00%;70.00;40.00;-42.86%;15.00%;default;Так;*;Так;подешевшало на 42.9%
SPL08-01;Соединение цанговое для полиуретановых шлангов PU/PR (Г-обр ;ok;25.00;29.00;+16.00%;60.00;40.00;-33.33%;15.00%;default;Так;*;Так;подешевшало на 33.3%
SPL08-02;Соединение цанговое для полиуретановых шлангов PU/PR (Г-обр ;ok;28.00;29.00;+3.57%;60.00;40.00;-33.33%;15.00%;default;Так;*;Так;подешевшало на 33.3%
SPL08-03;Соединение цанговое для полиуретановых шлангов PU/PR (Г-обр ;ok;37.00;37.00;+0.00%;70.00;50.00;-28.57%;15.00%;default;Так;*;Так;подешевшало на 28.6%
SPL08-04;Соединение цанговое для полиуретановых шлангов PU/PR (Г-обр ;ok;53.00;55.00;+3.77%;90.00;70.00;-22.22%;15.00%;default;Так;*;Так;подешевшало на 22.2%
SPL10-01;Соединение цанговое для полиуретановых шлангов PU/PR (Г-обр ;ok;37.00;37.00;+0.00%;90.00;50.00;-44.44%;15.00%;default;Так;*;Так;подешевшало на 44.4%
SPL10-02;Соединение цанговое для полиуретановых шлангов PU/PR (Г-обр ;ok;39.00;42.00;+7.69%;100.00;50.00;-50.00%;15.00%;default;Так;*;Так;подешевшало на 50.0%
SPL10-03;Соединение цанговое для полиуретановых шлангов PU/PR (Г-обр ;ok;44.00;44.00;+0.00%;80.00;60.00;-25.00%;15.00%;default;Так;*;Так;подешевшало на 25.0%
SPL10-04;Соединение цанговое для полиуретановых шлангов PU/PR (Г-обр ;ok;53.00;53.00;+0.00%;90.00;70.00;-22.22%;15.00%;default;Так;*;Так;подешевшало на 22.2%
SPL12-02;Соединение цанговое для полиуретановых шлангов PU/PR (Г-обр ;ok;54.00;54.00;+0.00%;100.00;70.00;-30.00%;15.00%;default;Так;*;Так;подешевшало на 30.0%
SPL12-03;Соединение цанговое для полиуретановых шлангов PU/PR (Г-обр ;ok;56.00;56.00;+0.00%;140.00;70.00;-50.00%;15.00%;default;Ні;*;Так;відсутній у фіді + подешевшало на 50.0%
SPL12-04;Соединение цанговое для полиуретановых шлангов PU/PR (Г-обр ;ok;54.00;54.00;+0.00%;100.00;70.00;-30.00%;15.00%;default;Так;*;Так;подешевшало на 30.0%
SPLF04-01;Соединение цанговое для полиуретановых шлангов PU/PR (Г-обр ;ok;25.00;25.00;+0.00%;60.00;40.00;-33.33%;15.00%;default;Так;*;Так;подешевшало на 33.3%
SPLF04-02;Соединение цанговое для полиуретановых шлангов PU/PR (Г-обр ;ok;28.00;28.00;+0.00%;60.00;40.00;-33.33%;15.00%;default;Так;*;Так;подешевшало на 33.3%
SPLF06-01;Соединение цанговое для полиуретановых шлангов PU/PR (Г-обр ;ok;34.00;34.00;+0.00%;70.00;40.00;-42.86%;15.00%;default;Так;*;Так;подешевшало на 42.9%
SPLF06-02;Соединение цанговое для полиуретановых шлангов PU/PR (Г-обр ;ok;37.00;37.00;+0.00%;70.00;50.00;-28.57%;15.00%;default;Так;*;Так;подешевшало на 28.6%
SPLF06-03;Соединение цанговое для полиуретановых шлангов PU/PR (Г-обр ;ok;40.00;40.00;+0.00%;80.00;50.00;-37.50%;15.00%;default;Так;*;Так;подешевшало на 37.5%
SPLF08-01;Соединение цанговое для полиуретановых шлангов PU/PR (Г-обр ;ok;39.00;39.00;+0.00%;80.00;50.00;-37.50%;15.00%;default;Так;*;Так;подешевшало на 37.5%
SPLF08-02;Соединение цанговое для полиуретановых шлангов PU/PR (Г-обр ;ok;42.00;42.00;+0.00%;80.00;50.00;-37.50%;15.00%;default;Так;*;Так;подешевшало на 37.5%
SPLF08-03;Соединение цанговое для полиуретановых шлангов PU/PR (Г-обр ;ok;40.00;40.00;+0.00%;80.00;50.00;-37.50%;15.00%;default;Так;*;Так;подешевшало на 37.5%
SPLF08-04;Соединение цанговое для полиуретановых шлангов PU/PR (Г-обр ;ok;62.00;62.00;+0.00%;110.00;80.00;-27.27%;15.00%;default;Так;*;Так;подешевшало на 27.3%
SPLF10-01;Соединение цанговое для полиуретановых шлангов PU/PR (Г-обр ;ok;39.00;39.00;+0.00%;80.00;50.00;-37.50%;15.00%;default;Так;*;Так;подешевшало на 37.5%
SPLF10-02;Соединение цанговое для полиуретановых шлангов PU/PR (Г-обр ;ok;46.00;46.00;+0.00%;90.00;60.00;-33.33%;15.00%;default;Так;*;Так;подешевшало на 33.3%
SPLF10-03;Соединение цанговое для полиуретановых шлангов PU/PR (Г-обр ;ok;46.00;46.00;+0.00%;90.00;60.00;-33.33%;15.00%;default;Так;*;Так;подешевшало на 33.3%
SPLF10-04;Соединение цанговое для полиуретановых шлангов PU/PR (Г-обр ;ok;70.00;70.00;+0.00%;120.00;90.00;-25.00%;15.00%;default;Так;*;Так;подешевшало на 25.0%
SPLF12-02;Соединение цанговое для полиуретановых шлангов PU/PR (Г-обр ;ok;61.00;61.00;+0.00%;100.00;80.00;-20.00%;15.00%;default;Так;*;Так;подешевшало на 20.0%
SPLF12-03;Соединение цанговое для полиуретановых шлангов PU/PR (Г-обр ;ok;66.00;66.00;+0.00%;110.00;80.00;-27.27%;15.00%;default;Так;*;Так;подешевшало на 27.3%
SPLF12-04;Соединение цанговое для полиуретановых шлангов PU/PR (Г-обр ;ok;71.00;71.00;+0.00%;120.00;90.00;-25.00%;15.00%;default;Так;*;Так;подешевшало на 25.0%
SPP0301;Набір шарнірно - губцевого інструменту 3од ( плоскогубці бок;ok;479.00;479.00;+0.00%;620.00;560.00;-9.68%;15.17%;Наборы инструментов;Ні;*;Так;відсутній у фіді
SPSL-01;Глушитель звука пневматический пластиковый 1/8“ AIRKRAFT SPS;ok;16.00;16.00;+0.00%;50.00;40.00;-20.00%;14.33%;Комплектующие и запчасти для инструмента;Так;*;Так;подешевшало на 20.0%
SPSL-02;Глушитель звука пневматический пластиковый 1/4“ AIRKRAFT SPS;ok;14.00;14.00;+0.00%;50.00;40.00;-20.00%;14.33%;Комплектующие и запчасти для инструмента;Так;*;Так;подешевшало на 20.0%
SPSL-03;Глушитель звука пневматический пластиковый 3/8“ AIRKRAFT SPS;ok;30.00;30.00;+0.00%;70.00;40.00;-42.86%;14.33%;Комплектующие и запчасти для инструмента;Так;*;Так;подешевшало на 42.9%
SPSL-04;Глушитель звука пневматический пластиковый 1/2“ AIRKRAFT SPS;ok;30.00;34.00;+13.33%;70.00;40.00;-42.86%;14.33%;Комплектующие и запчасти для инструмента;Так;*;Так;подешевшало на 42.9%
SPSW1635;Ключ свічковий 16мм довгий з карданом L350mm СТАНДАРТ;ok;172.00;172.00;+0.00%;240.00;200.00;-16.67%;15.14%;Торцевые ключи;Ні;*;Так;відсутній у фіді
SPSW2135;Ключ свічковий 21мм довгий з карданом L350mm СТАНДАРТ;ok;174.00;174.00;+0.00%;240.00;210.00;-12.50%;15.14%;Торцевые ключи;Так;*;Ні;
SPU04;Соединение цанговое для полиуретановых шлангов PU/PR (прямое;ok;10.00;10.00;+0.00%;10590.00;40.00;-99.62%;15.00%;default;Так;*;Так;подешевшало на 99.6%
SPU06;Соединение цанговое для полиуретановых шлангов PU/PR (прямое;ok;10.00;10.00;+0.00%;5120.00;40.00;-99.22%;15.00%;default;Так;*;Так;подешевшало на 99.2%
SPU08;Соединение цанговое для полиуретановых шлангов PU/PR (прямое;ok;23.00;23.00;+0.00%;3310.00;40.00;-98.79%;15.00%;default;Так;*;Так;подешевшало на 98.8%
SPU10;Соединение цанговое для полиуретановых шлангов PU/PR (прямое;ok;25.00;25.00;+0.00%;4080.00;40.00;-99.02%;15.00%;default;Так;*;Так;подешевшало на 99.0%
SPU12;Соединение цанговое для полиуретановых шлангов PU/PR (прямое;ok;27.00;27.00;+0.00%;380.00;40.00;-89.47%;15.00%;default;Так;*;Так;подешевшало на 89.5%
SPV04;Соединение цанговое для полиуретановых шлангов PU/PR (Г-обр ;ok;10.00;10.00;+0.00%;120.00;40.00;-66.67%;15.00%;default;Так;*;Так;подешевшало на 66.7%
SPV06;Соединение цанговое для полиуретановых шлангов PU/PR (Г-обр ;ok;11.00;11.00;+0.00%;5850.00;40.00;-99.32%;15.00%;default;Так;*;Так;подешевшало на 99.3%
SPV08;Соединение цанговое для полиуретановых шлангов PU/PR (Г-обр ;ok;13.00;13.00;+0.00%;50.00;40.00;-20.00%;15.00%;default;Так;*;Так;подешевшало на 20.0%
SPV10;Соединение цанговое для полиуретановых шлангов PU/PR (Г-обр ;ok;15.00;15.00;+0.00%;8810.00;40.00;-99.55%;15.00%;default;Так;*;Так;подешевшало на 99.5%
SPV12;Соединение цанговое для полиуретановых шлангов PU/PR (Г-обр ;ok;18.00;18.00;+0.00%;3290.00;40.00;-98.78%;15.00%;default;Так;*;Так;подешевшало на 98.8%
SPX06-01;Соединение цанговое для полиуретановых шлангов PU/PR (Y-обр ;ok;34.00;34.00;+0.00%;70.00;40.00;-42.86%;15.00%;default;Так;*;Так;подешевшало на 42.9%
SPX06-02;Соединение цанговое для полиуретановых шлангов PU/PR (Y-обр ;ok;37.00;37.00;+0.00%;70.00;50.00;-28.57%;15.00%;default;Так;*;Так;подешевшало на 28.6%
SPX06-03;Соединение цанговое для полиуретановых шлангов PU/PR (Y-обр ;ok;47.00;47.00;+0.00%;90.00;60.00;-33.33%;15.00%;default;Так;*;Так;подешевшало на 33.3%
SPX08-01;Соединение цанговое для полиуретановых шлангов PU/PR (Y-обр ;ok;40.00;40.00;+0.00%;80.00;50.00;-37.50%;15.00%;default;Так;*;Так;подешевшало на 37.5%
SPX08-02;Соединение цанговое для полиуретановых шлангов PU/PR (Y-обр ;ok;42.00;42.00;+0.00%;80.00;50.00;-37.50%;15.00%;default;Так;*;Так;подешевшало на 37.5%
SPX08-03;Соединение цанговое для полиуретановых шлангов PU/PR (Y-обр ;ok;48.00;48.00;+0.00%;90.00;60.00;-33.33%;15.00%;default;Так;*;Так;подешевшало на 33.3%
SPX08-04;Соединение цанговое для полиуретановых шлангов PU/PR (Y-обр ;ok;62.00;62.00;+0.00%;110.00;80.00;-27.27%;15.00%;default;Так;*;Так;подешевшало на 27.3%
SPX10-01;Соединение цанговое для полиуретановых шлангов PU/PR (Y-обр ;ok;43.00;43.00;+0.00%;80.00;50.00;-37.50%;15.00%;default;Так;*;Так;подешевшало на 37.5%
SPX10-02;Соединение цанговое для полиуретановых шлангов PU/PR (Y-обр ;ok;47.00;47.00;+0.00%;90.00;60.00;-33.33%;15.00%;default;Так;*;Так;подешевшало на 33.3%
SPX10-03;Соединение цанговое для полиуретановых шлангов PU/PR (Y-обр ;ok;53.00;53.00;+0.00%;90.00;70.00;-22.22%;15.00%;default;Так;*;Так;подешевшало на 22.2%
SPX10-04;Соединение цанговое для полиуретановых шлангов PU/PR (Y-обр ;ok;66.00;66.00;+0.00%;110.00;80.00;-27.27%;15.00%;default;Так;*;Так;подешевшало на 27.3%
SPX12-02;Соединение цанговое для полиуретановых шлангов PU/PR (Y-обр ;ok;61.00;61.00;+0.00%;100.00;80.00;-20.00%;15.00%;default;Так;*;Так;подешевшало на 20.0%
SPX12-03;Соединение цанговое для полиуретановых шлангов PU/PR (Y-обр ;ok;63.00;63.00;+0.00%;110.00;80.00;-27.27%;15.00%;default;Так;*;Так;подешевшало на 27.3%
SPX12-04;Соединение цанговое для полиуретановых шлангов PU/PR (Y-обр ;ok;70.00;70.00;+0.00%;120.00;90.00;-25.00%;15.00%;default;Так;*;Так;подешевшало на 25.0%
SPY04;Соединение цанговое для полиуретановых шлангов PU/PR (Y-обр ;ok;15.00;15.00;+0.00%;350.00;40.00;-88.57%;15.00%;default;Так;*;Так;подешевшало на 88.6%
SPY06;Соединение цанговое для полиуретановых шлангов PU/PR (Y-обр ;ok;26.00;26.00;+0.00%;230.00;40.00;-82.61%;15.00%;default;Так;*;Так;подешевшало на 82.6%
SPY08;Соединение цанговое для полиуретановых шлангов PU/PR (Y-обр ;ok;18.00;18.00;+0.00%;1880.00;40.00;-97.87%;15.00%;default;Так;*;Так;подешевшало на 97.9%
SPY10;Соединение цанговое для полиуретановых шлангов PU/PR (Y-обр ;ok;36.00;36.00;+0.00%;250.00;50.00;-80.00%;15.00%;default;Так;*;Так;подешевшало на 80.0%
SPY12;Соединение цанговое для полиуретановых шлангов PU/PR (Y-обр ;ok;27.00;27.00;+0.00%;280.00;40.00;-85.71%;15.00%;default;Так;*;Так;подешевшало на 85.7%
SPZA04;Соединение цанговое для полиуретановых шлангов PU/PR (Х-обр ;ok;19.00;19.00;+0.00%;50.00;40.00;-20.00%;15.00%;default;Так;*;Так;подешевшало на 20.0%
SPZA06;Соединение цанговое для полиуретановых шлангов PU/PR (Х-обр ;ok;19.00;19.00;+0.00%;50.00;40.00;-20.00%;15.00%;default;Так;*;Так;подешевшало на 20.0%
SPZA08;Соединение цанговое для полиуретановых шлангов PU/PR (Х-обр ;ok;19.00;19.00;+0.00%;50.00;40.00;-20.00%;15.00%;default;Так;*;Так;подешевшало на 20.0%
SPZA10;Соединение цанговое для полиуретановых шлангов PU/PR (Х-обр ;ok;28.00;28.00;+0.00%;60.00;40.00;-33.33%;15.00%;default;Так;*;Так;подешевшало на 33.3%
SPZA12;Соединение цанговое для полиуретановых шлангов PU/PR (Х-обр ;ok;30.00;30.00;+0.00%;70.00;40.00;-42.86%;15.00%;default;Так;*;Так;подешевшало на 42.9%
SQF0150;Напилок квадратний 150мм СТАНДАРТ SQF0150;ok;52.00;52.00;+0.00%;90.00;60.00;-33.33%;13.55%;Напильники и надфили;Ні;*;Так;відсутній у фіді + подешевшало на 33.3%
SQF0200;Напилок квадратний 200мм СТАНДАРТ SQF0200;ok;90.00;90.00;+0.00%;140.00;110.00;-21.43%;13.55%;Напильники и надфили;Так;*;Так;подешевшало на 21.4%
SQF0250;Напилок квадратний 250мм СТАНДАРТ SQF0250;ok;97.00;97.00;+0.00%;150.00;120.00;-20.00%;13.55%;Напильники и надфили;Ні;*;Так;відсутній у фіді + подешевшало на 20.0%
SQF0300;Напилок квадратний 300мм СТАНДАРТ SQF0300;ok;106.00;106.00;+0.00%;160.00;130.00;-18.75%;13.55%;Напильники и надфили;Так;*;Ні;
SQRT0008;Квадрат 08мм (ХЗСО) КВ08Х SQRT0008;ok;145.00;145.00;+0.00%;210.00;170.00;-19.05%;14.60%;Механические съемники;Ні;*;Так;відсутній у фіді
SQRT0009;Квадрат 09мм (москвич) (ХЗСО) SQRT0009;ok;145.00;145.00;+0.00%;210.00;170.00;-19.05%;14.60%;Механические съемники;Ні;*;Так;відсутній у фіді
SQRT0010;Квадрат 10мм (ХЗСО) КВ10Х SQRT0010;ok;174.00;174.00;+0.00%;240.00;200.00;-16.67%;14.60%;Механические съемники;Ні;*;Так;відсутній у фіді
SRDW2108;Ключ для розбирання рейки ВАЗ 2108-2109 (цементовий) (ХЗСО) ;ok;233.00;233.00;+0.00%;320.00;270.00;-15.62%;15.00%;default;Ні;*;Так;відсутній у фіді
SRT0313-1;Знімач рульових і кульових універсальний 20mm Chrome vanadiu;ok;773.00;773.00;+0.00%;990.00;890.00;-10.10%;14.60%;Механические съемники;Так;*;Ні;
SRT0314;Знімач рульових і кульових універсальний Chrome vanadium;ok;752.00;752.00;+0.00%;960.00;870.00;-9.38%;14.60%;Механические съемники;Так;*;Ні;
SSMC0001;Стетоскоп механічний PROTESTER SSMC0001;ok;161.00;161.00;+0.00%;230.00;190.00;-17.39%;15.00%;default;Так;*;Ні;
SSVP001;Знімач сальників клапанів і підшипників коленвала (ХЗСО) ССК;ok;612.00;612.00;+0.00%;790.00;710.00;-10.13%;15.00%;default;Ні;*;Так;відсутній у фіді
ST-0059;Набір інструментів комібнований 59од СТАНДАРТ ST-0059;ok;3537.00;3537.00;+0.00%;4420.00;4080.00;-7.69%;15.17%;Наборы инструментов;Так;*;Ні;
ST-0072;Набір інструментів комібнований 72од СТАНДАРТ ST-0072;ok;3999.00;3999.00;+0.00%;5000.00;4610.00;-7.80%;15.17%;Наборы инструментов;Так;*;Ні;
ST-0073;Набір інструментів комбінований 73од СТАНДАРТ ST-0073;ok;2489.00;2489.00;+0.00%;3200.00;2870.00;-10.31%;15.17%;Наборы инструментов;Так;*;Ні;
ST-0077;Набір інструментів комібнований 77од СТАНДАРТ ST-0077;ok;4344.00;4344.00;+0.00%;5430.00;5010.00;-7.73%;15.17%;Наборы инструментов;Так;*;Ні;
ST-0082;Набір інструментів комбінований 82од СТАНДАРТ ST-0082;ok;3707.00;3707.00;+0.00%;4640.00;4270.00;-7.97%;15.17%;Наборы инструментов;Так;*;Ні;
ST-0099;Набір інструментів комібнований 99од СТАНДАРТ ST-0099;ok;4355.00;4355.00;+0.00%;5440.00;5020.00;-7.72%;15.17%;Наборы инструментов;Так;*;Ні;
ST-0101;Набір інструментів комібнований 101од СТАНДАРТ ST-0101;ok;6288.00;6288.00;+0.00%;7840.00;7250.00;-7.53%;15.17%;Наборы инструментов;Так;*;Ні;
ST-0108-12;"Автомобільний набір інструментів 1/4"" 1/2"" 108ед (12-гр) СТА";ok;2932.00;2932.00;+0.00%;3670.00;3380.00;-7.90%;15.17%;Наборы инструментов;Ні;*;Так;відсутній у фіді
ST-0130;Набір інструментів комібнований 130од СТАНДАРТ ST-0130;ok;5406.00;5406.00;+0.00%;6740.00;6230.00;-7.57%;15.17%;Наборы инструментов;Так;*;Ні;
ST-0139;Набір інструментів комбінований 139од СТАНДАРТ ST-0139;ok;8481.00;8481.00;+0.00%;10560.00;9770.00;-7.48%;15.17%;Наборы инструментов;Так;*;Ні;
ST-0175;Набір інструментів комібнований 175од СТАНДАРТ ST-0175;ok;7081.00;7081.00;+0.00%;8830.00;8160.00;-7.59%;15.17%;Наборы инструментов;Так;*;Ні;
ST-1224;"Набір інструментів 1/2"" 24 од СТАНДАРТ ST-1224";ok;2507.00;2507.00;+0.00%;3760.00;2890.00;-23.14%;15.17%;Наборы инструментов;Ні;*;Так;відсутній у фіді + подешевшало на 23.1%
ST-1226;"Набір інструментів 1/2"" 26 од СТАНДАРТ ST-1226";ok;1864.00;1864.00;+0.00%;3600.00;2150.00;-40.28%;15.17%;Наборы инструментов;Так;*;Так;подешевшало на 40.3%
ST-1239;Набір інструментів комібнований 39од СТАНДАРТ ST-1239;ok;3033.00;3033.00;+0.00%;3800.00;3500.00;-7.89%;15.17%;Наборы инструментов;Так;*;Ні;
ST-1425;"Набір інструментів 1/4"" 25 од СТАНДАРТ ST-1425";ok;754.00;754.00;+0.00%;960.00;870.00;-9.38%;15.17%;Наборы инструментов;Так;*;Ні;
ST-1426;"Набір інструментів 1/4"" 26 од СТАНДАРТ ST-1426";ok;841.00;841.00;+0.00%;1910.00;970.00;-49.21%;15.17%;Наборы инструментов;Так;*;Так;подешевшало на 49.2%
ST-1446;"Набір інструментів 1/4"" 46 од СТАНДАРТ ST-1446";ok;915.00;915.00;+0.00%;1570.00;1060.00;-32.48%;15.17%;Наборы инструментов;Так;*;Так;подешевшало на 32.5%
ST-1453;"Набір інструментів 1/4"" 53 од СТАНДАРТ ST-1453";ok;1101.00;1101.00;+0.00%;1400.00;1270.00;-9.29%;15.17%;Наборы инструментов;Так;*;Ні;
ST-3000-1.3;Пістолет фарбувальний пневматичний HVLP верхній пластиковий ;ok;2792.00;2792.00;+0.00%;3500.00;3170.00;-9.43%;13.20%;Пневматические краскопульты;Так;*;Ні;
ST-3000-1.3LM;Пістолет фарбувальний пневматичний LVMP верхній пластиковий ;ok;2792.00;2792.00;+0.00%;3500.00;3170.00;-9.43%;13.20%;Пневматические краскопульты;Так;*;Ні;
ST-3000-1.4;Пістолет фарбувальний пневматичний HVLP верхній пластиковий ;ok;2792.00;2792.00;+0.00%;3500.00;3170.00;-9.43%;13.20%;Пневматические краскопульты;Так;*;Ні;
ST-3000-1.4LM;Пістолет фарбувальний пневматичний LVMP верхній пластиковий ;ok;2935.00;2935.00;+0.00%;3670.00;3330.00;-9.26%;13.20%;Пневматические краскопульты;Так;*;Ні;
ST-3000-1.8;Пістолет фарбувальний пневматичний HVLP верхній пластиковий ;ok;2935.00;2935.00;+0.00%;3670.00;3330.00;-9.26%;13.20%;Пневматические краскопульты;Так;*;Ні;
ST-3000-1.8LM;Пістолет фарбувальний пневматичний LVMP верхній пластиковий ;ok;2792.00;2792.00;+0.00%;3500.00;3170.00;-9.43%;13.20%;Пневматические краскопульты;Так;*;Ні;
ST-3420;"Набір інструментів 3/4"" 20 од СТАНДАРТ ST-3420";ok;5323.00;5323.00;+0.00%;6640.00;6140.00;-7.53%;15.17%;Наборы инструментов;Так;*;Ні;
ST-3827;"Набір інструментів 3/8"" 27 од СТАНДАРТ ST-3827";ok;1331.00;1331.00;+0.00%;2950.00;1540.00;-47.80%;15.17%;Наборы инструментов;Так;*;Так;подешевшало на 47.8%
ST250D;Стяжки пружин двозахватні L250mm Chrome vanadium;ok;663.00;663.00;+0.00%;850.00;760.00;-10.59%;14.60%;Механические съемники;Так;*;Ні;
ST250S;Стяжки пружин L250mm Chrome vanadium;ok;458.00;458.00;+0.00%;600.00;530.00;-11.67%;14.60%;Механические съемники;Так;*;Ні;
ST370D;Стяжки пружин двозахватні L370mm Chrome vanadium;ok;707.00;707.00;+0.00%;1560.00;820.00;-47.44%;14.60%;Механические съемники;Так;*;Так;подешевшало на 47.4%
ST370S;Стяжки пружин L370mm Chrome vanadium;ok;586.00;586.00;+0.00%;760.00;680.00;-10.53%;14.60%;Механические съемники;Так;*;Ні;
STG-04;Пистолет для подкачки колес грузовых автомобилей AIRKRAFT ST;ok;439.00;439.00;+0.00%;1170.00;510.00;-56.41%;15.24%;Пневматические пистолеты подкачки шин;Так;*;Так;подешевшало на 56.4%
STG-05;Пистолет для подкачки колес с манометром (блистер) AIRKRAFT ;ok;346.00;346.00;+0.00%;460.00;400.00;-13.04%;15.24%;Пневматические пистолеты подкачки шин;Так;*;Ні;
STG-08;Пистолет для подкачки колес с манометром AIRKRAFT STG-08;ok;371.00;371.00;+0.00%;490.00;430.00;-12.24%;15.24%;Пневматические пистолеты подкачки шин;Так;*;Ні;
STG-29;Пистолет для подкачки колес с манометром PROFESSIONAL AIRKRA;ok;495.00;495.00;+0.00%;640.00;580.00;-9.38%;15.24%;Пневматические пистолеты подкачки шин;Так;*;Ні;
STG-H35;"Шланг для пистолета подкачки колес c наконечником 35 см 1/4""";ok;60.00;60.00;+0.00%;100.00;70.00;-30.00%;15.24%;Пневматические пистолеты подкачки шин;Так;*;Так;подешевшало на 30.0%
STG-H80;"Шланг для пистолета подкачки колес c наконечником 80 см 1/4""";ok;93.00;93.00;+0.00%;140.00;110.00;-21.43%;15.24%;Пневматические пистолеты подкачки шин;Так;*;Так;подешевшало на 21.4%
STM-0094-6;"Набір інструменту 1/4""&1/2"" 94од (6-гр) з металевими замками";ok;3350.00;3350.00;+0.00%;4190.00;3860.00;-7.88%;15.17%;Наборы инструментов;Так;*;Ні;
STM-0108-6;"Набір інструменту 1/4""&1/2"" 108од (6-гр) з металевими замкам";ok;3615.00;3615.00;+0.00%;4520.00;4170.00;-7.74%;15.17%;Наборы инструментов;Так;*;Ні;
STR-39-1;Шило для ремонта автошин (ступенчатое) AIRKRAFT STR-39-1;ok;61.00;61.00;+0.00%;4630.00;70.00;-98.49%;13.94%;Инструменты для ремонта и восстановления шин;Так;*;Так;подешевшало на 98.5%
STR-39-3;Шило для ремонта автошин AIRKRAFT STR-39-3;ok;61.00;61.00;+0.00%;200.00;70.00;-65.00%;13.94%;Инструменты для ремонта и восстановления шин;Так;*;Так;подешевшало на 65.0%
STRT211;Ключ для підтягування рейки ВАЗ 2110 (ХЗСО) КПРЕЙ10МС STRT21;ok;199.00;199.00;+0.00%;280.00;230.00;-17.86%;15.00%;default;Так;*;Ні;
STRT41L;Ключ для підтягування рейки Ланос 41мм (ХЗСО) КПРЕЙЛАН41 STR;ok;351.00;351.00;+0.00%;460.00;410.00;-10.87%;14.60%;Механические съемники;Так;*;Ні;
STRT46L;Ключ для підтягування рейки Ланос 46мм (ХЗСО) КПРЕЙЛАН46 STR;ok;351.00;351.00;+0.00%;460.00;410.00;-10.87%;14.60%;Механические съемники;Так;*;Ні;
SVC0115;Штангенциркуль 150мм СТАНДАРТ;ok;263.00;263.00;+0.00%;350.00;310.00;-11.43%;14.65%;Штангенинструмент;Так;*;Ні;
SVC0220;Штангенциркуль 200мм 0,02мм СТАНДАРТ SVC0220;ok;516.00;516.00;+0.00%;670.00;600.00;-10.45%;14.65%;Штангенинструмент;Так;*;Ні;
SVC0330;Штангенциркуль 300мм 0,02мм СТАНДАРТ SVC0330;ok;824.00;824.00;+0.00%;1050.00;950.00;-9.52%;14.65%;Штангенинструмент;Так;*;Ні;
SVCK0101;Набір фрез (шарошки) для відновлення геометрії сідел клапані;ok;3005.00;3005.00;+0.00%;3760.00;3460.00;-7.98%;15.00%;default;Ні;*;Так;відсутній у фіді
SVCK012VAG;Набір фрез (шарошки) для відновлення геометрії сідел клапані;ok;9016.00;9016.00;+0.00%;11230.00;10370.00;-7.66%;15.00%;default;Ні;*;Так;відсутній у фіді
SVCK040T;Набір фрез (шарошки) для відновлення геометрії сідел клапані;ok;5100.00;5100.00;+0.00%;6360.00;5870.00;-7.70%;15.00%;default;Ні;*;Так;відсутній у фіді
SVCK053GAZ;Набір фрез (шарошки) для відновлення геометрії сідел клапані;ok;4620.00;4620.00;+0.00%;5770.00;5320.00;-7.80%;15.00%;default;Ні;*;Так;відсутній у фіді
SVCK05HNK;Набір фрез (шарошки) для відновлення геометрії сідел клапані;ok;3945.00;3945.00;+0.00%;4930.00;4540.00;-7.91%;15.00%;default;Ні;*;Так;відсутній у фіді
SVCK0808;Набір фрез (шарошки) для відновлення геометрії сідел клапані;ok;3005.00;3005.00;+0.00%;3760.00;3460.00;-7.98%;15.00%;default;Ні;*;Так;відсутній у фіді
SVCK1010;Набір фрез (шарошки) для відновлення геометрії сідел клапані;ok;3005.00;3005.00;+0.00%;3760.00;3460.00;-7.98%;15.00%;default;Ні;*;Так;відсутній у фіді
SVCK12BMW;Набір фрез (шарошки) для відновлення геометрії сідел клапані;ok;9016.00;9016.00;+0.00%;11230.00;10370.00;-7.66%;15.00%;default;Так;*;Ні;
SVCK12MMC;Набір фрез (шарошки) для відновлення геометрії сідел клапані;ok;9016.00;9016.00;+0.00%;11230.00;10370.00;-7.66%;15.00%;default;Ні;*;Так;відсутній у фіді
SVCK12MZD;Набір фрез (шарошки) для відновлення геометрії сідел клапані;ok;9016.00;9016.00;+0.00%;11230.00;10370.00;-7.66%;15.00%;default;Ні;*;Так;відсутній у фіді
SVCK12TTLX;Набір фрез (шарошки) для відновлення геометрії сідел клапані;ok;9016.00;9016.00;+0.00%;11230.00;10370.00;-7.66%;15.00%;default;Ні;*;Так;відсутній у фіді
SVCK130ZIL;Набір фрез (шарошки) для відновлення геометрії сідел клапані;ok;5100.00;5100.00;+0.00%;6360.00;5870.00;-7.70%;15.00%;default;Ні;*;Так;відсутній у фіді
SVCK14SMD;Набір фрез (шарошки) для відновлення геометрії сідел клапані;ok;5100.00;5100.00;+0.00%;6360.00;5870.00;-7.70%;15.00%;default;Ні;*;Так;відсутній у фіді
SVCK1500L;Набір фрез (шарошки) для відновлення геометрії сідел клапані;ok;3005.00;3005.00;+0.00%;3760.00;3460.00;-7.98%;15.00%;default;Ні;*;Так;відсутній у фіді
SVCK1600L;Набір фрез (шарошки) для відновлення геометрії сідел клапані;ok;3005.00;3005.00;+0.00%;3760.00;3460.00;-7.98%;15.00%;default;Ні;*;Так;відсутній у фіді
SVCK16MB;Набір фрез (шарошки) для відновлення геометрії сідел клапані;ok;10050.00;10050.00;+0.00%;12510.00;11560.00;-7.59%;15.00%;default;Ні;*;Так;відсутній у фіді
SVCK236YMZ;Набір фрез (шарошки) для відновлення геометрії сідел клапані;ok;5100.00;5100.00;+0.00%;6360.00;5870.00;-7.70%;15.00%;default;Ні;*;Так;відсутній у фіді
SVCK240D;Набір фрез (шарошки) для відновлення геометрії сідел клапані;ok;5100.00;5100.00;+0.00%;6360.00;5870.00;-7.70%;15.00%;default;Так;*;Ні;
SVCK245D;Набір фрез (шарошки) для відновлення геометрії сідел клапані;ok;5100.00;5100.00;+0.00%;6360.00;5870.00;-7.70%;15.00%;default;Так;*;Ні;
SVCK301T;Набір фрез (шарошки) для відновлення геометрії сідел клапані;ok;3005.00;3005.00;+0.00%;3760.00;3460.00;-7.98%;15.00%;default;Ні;*;Так;відсутній у фіді
SVCK302S;Набір фрез (шарошки) для відновлення геометрії сідел клапані;ok;3005.00;3005.00;+0.00%;3760.00;3460.00;-7.98%;15.00%;default;Ні;*;Так;відсутній у фіді
SVCK402V;Набір фрез (шарошки) для відновлення геометрії сідел клапані;ok;3280.00;3280.00;+0.00%;4100.00;3780.00;-7.80%;15.00%;default;Ні;*;Так;відсутній у фіді
SVCK406ZMZ;Набір фрез (шарошки) для відновлення геометрії сідел клапані;ok;4096.00;4096.00;+0.00%;5120.00;4720.00;-7.81%;15.00%;default;Ні;*;Так;відсутній у фіді
SVCK60SMD;Набір фрез (шарошки) для відновлення геометрії сідел клапані;ok;5100.00;5100.00;+0.00%;6360.00;5870.00;-7.70%;15.00%;default;Ні;*;Так;відсутній у фіді
SVCKAVEO16V;Набір фрез (шарошки) для відновлення геометрії сідел клапані;ok;3945.00;3945.00;+0.00%;4930.00;4540.00;-7.91%;15.00%;default;Ні;*;Так;відсутній у фіді
SVCKAVEO8V;Набір фрез (шарошки) для відновлення геометрії сідел клапані;ok;3945.00;3945.00;+0.00%;4930.00;4540.00;-7.91%;15.00%;default;Ні;*;Так;відсутній у фіді
SVCKKAMAZ;Набір фрез (шарошки) для відновлення геометрії сідел клапані;ok;5123.00;5123.00;+0.00%;6390.00;5900.00;-7.67%;15.00%;default;Ні;*;Так;відсутній у фіді
SVH2260;Знімач втулок гідравлічний 8т СТАНДАРТ;ok;5961.00;5961.00;+0.00%;7430.00;6600.00;-11.17%;10.63%;Гидравлические растяжки;Так;*;Ні;
SW32108;Ключ для зняття стійок і розбирання рейки ВАЗ 2108-2109 (ХЗС;ok;322.00;322.00;+0.00%;430.00;370.00;-13.95%;14.60%;Механические съемники;Так;*;Ні;
SWC0101;Набір стамесок з дерев'яною ручкою ( 6-24мм ) 4од СТАНДАРТ;ok;336.00;336.00;+0.00%;450.00;390.00;-13.33%;15.00%;default;Так;*;Ні;
SWC0202;Набір стамесок ( 6-24мм ) 4од двокомпонентна ручка СТАНДАРТ;ok;508.00;508.00;+0.00%;660.00;590.00;-10.61%;15.00%;default;Так;*;Ні;
SWPH0802;Щітка по металу (6-рядна пластикова ручка) СТАНДАРТ SWPH0802;ok;53.00;53.00;+0.00%;90.00;70.00;-22.22%;15.00%;default;Так;*;Так;подешевшало на 22.2%
SWWH0601;Щітка по металу (6-рядна дерев'яна ручка) СТАНДАРТ SWWH0601;ok;32.00;32.00;+0.00%;70.00;40.00;-42.86%;15.00%;default;Так;*;Так;подешевшало на 42.9%
SHINE-1.3;Пістолет фарбувальний пневматичний HVLP верхній пластиковий ;ok;4309.00;4309.00;+0.00%;5380.00;4880.00;-9.29%;13.20%;Пневматические краскопульты;Так;*;Ні;
SHINE-1.3LM;Пістолет фарбувальний пневматичний LVMP верхній пластиковий ;ok;4309.00;4309.00;+0.00%;5380.00;4880.00;-9.29%;13.20%;Пневматические краскопульты;Так;*;Ні;
SHINE-1.4;Пістолет фарбувальний пневматичний HVLP верхній пластиковий ;ok;4309.00;4309.00;+0.00%;5380.00;4880.00;-9.29%;13.20%;Пневматические краскопульты;Так;*;Ні;
SHINE-1.4LM;Пістолет фарбувальний пневматичний LVMP верхній пластиковий ;ok;4099.00;4099.00;+0.00%;5120.00;4650.00;-9.18%;13.20%;Пневматические краскопульты;Так;*;Ні;
SHINE-MINI-0.8;Пістолет фарбувальний пневматичний тип HVLP верхній пластико;ok;2985.00;2985.00;+0.00%;3740.00;3380.00;-9.63%;13.20%;Пневматические краскопульты;Так;*;Ні;
SHINE-MINI-1.0;Пістолет фарбувальний пневматичний тип HVLP верхній пластико;ok;2985.00;2985.00;+0.00%;3740.00;3380.00;-9.63%;13.20%;Пневматические краскопульты;Так;*;Ні;
SHINE-MINI-1.2;Пістолет фарбувальний пневматичний тип HVLP верхній пластико;ok;2985.00;2985.00;+0.00%;3740.00;3380.00;-9.63%;13.20%;Пневматические краскопульты;Так;*;Ні;
SPRINT6;Установка для діагностики та чистки форсунок Sprint6;ok;7920.00;7920.00;+0.00%;16610.00;9110.00;-45.15%;15.00%;default;Ні;*;Так;відсутній у фіді + подешевшало на 45.2%
SPRINT6K;Установка для діагностики і чистки форсунок Sprint6K;ok;8910.00;8910.00;+0.00%;11100.00;10250.00;-7.66%;15.00%;default;Ні;*;Так;відсутній у фіді
SPRINT6K+;Установка для діагностики та чищення форсунок Sprint6K +;ok;9790.00;9790.00;+0.00%;12190.00;11260.00;-7.63%;15.00%;default;Ні;*;Так;відсутній у фіді
T-168;Безконтактний інфрачервоний термометр (пірометр) для вимірюв;ok;440.00;440.00;+0.00%;990.00;510.00;-48.48%;14.69%;Термометры, пирометры, тепловизоры;Так;*;Так;подешевшало на 48.5%
T10152;Домкрат гвинтовий ромбоподібний посилений 1.5т 95-390мм TORI;ok;985.00;985.00;+0.00%;1250.00;1130.00;-9.60%;14.69%;Автомобильные домкраты, подставки;Так;*;Ні;
T24541;Стенд для вивішування двигуна поворотний 455кг T24541;ok;3967.00;3967.00;+0.00%;4960.00;4570.00;-7.86%;15.00%;default;Так;*;Ні;
T25671;Стенд для вивішування двигуна поворотний посилений 570кг T25;ok;5257.00;5257.00;+0.00%;6560.00;6050.00;-7.77%;15.00%;default;Так;*;Ні;
T26801;Стенд для вивішування двигуна поворотний 680кг T26801;ok;6254.00;6254.00;+0.00%;7800.00;7200.00;-7.69%;15.00%;default;Так;*;Ні;
T30806;Гідравлічний циліндр для T32002X TORIN T30806;ok;4050.00;4050.00;+0.00%;5060.00;4660.00;-7.91%;15.00%;default;Так;*;Ні;
T31002;Кран підкатний гідравлічний складаний 1т T31002;ok;12266.00;12266.00;+0.00%;15270.00;13570.00;-11.13%;10.60%;Гидравлические подкатные краны;Так;*;Ні;
T32002X;Кран підкатний гідравлічний складаний 2т T32002X;ok;14419.00;14419.00;+0.00%;17940.00;15950.00;-11.09%;10.60%;Гидравлические подкатные краны;Так;*;Ні;
T410001;Комплект підставок під машину 10т 468-715мм уп.2шт T410001;ok;7543.00;7543.00;+0.00%;9400.00;8660.00;-7.87%;14.69%;Автомобильные домкраты, подставки;Так;*;Ні;
T412001;Комплект підставок під машину 12т 468-715мм 2 шт TORIN T4120;ok;3169.00;3169.00;+0.00%;3970.00;3640.00;-8.31%;14.69%;Автомобильные домкраты, подставки;Ні;*;Так;відсутній у фіді
T42001;Комплект підставок під машину 2т 278-420мм уп.2шт T42001;ok;1289.00;1289.00;+0.00%;1630.00;1480.00;-9.20%;14.69%;Автомобильные домкраты, подставки;Так;*;Ні;
T43001;Комплект підставок під машину 3т 288-425мм уп.2шт T43001;ok;1617.00;1617.00;+0.00%;2040.00;1860.00;-8.82%;14.69%;Автомобильные домкраты, подставки;Так;*;Ні;
T46001;Комплект підставок під машину 6т 400-605мм уп.2шт T46001;ok;3661.00;3661.00;+0.00%;4580.00;4200.00;-8.30%;14.69%;Автомобильные домкраты, подставки;Так;*;Ні;
T64001G;Підіймач для мотоцикла 140-410мм 400кг T64001G (T66751-CE);ok;7807.00;7807.00;+0.00%;9730.00;8960.00;-7.91%;14.69%;Подъемники автомобильные;Так;*;Ні;
T71001B1;Насос гідравлічний 10т T71001B1;ok;4138.00;4138.00;+0.00%;5170.00;4760.00;-7.93%;15.00%;default;Так;*;Ні;
T71002L;Комплект для правки кузова гідравлічний 10т T71002L;ok;10752.00;10752.00;+0.00%;13390.00;11900.00;-11.13%;10.63%;Гидравлические растяжки;Так;*;Ні;
T820010L;Домкрат підкатний алюмінієвий 2,0 т низькопрофільний з подві;ok;14991.00;14991.00;+0.00%;18650.00;17200.00;-7.77%;14.69%;Автомобильные домкраты, подставки;Ні;*;Так;відсутній у фіді
T82003;Домкрат підкатний 2т T82003;ok;2509.00;2509.00;+0.00%;3150.00;2880.00;-8.57%;14.69%;Автомобильные домкраты, подставки;Так;*;Ні;
T820050;Домкрат підкатний 2т 135-340мм TORIN T820050;ok;2090.00;2090.00;+0.00%;2620.00;2400.00;-8.40%;14.69%;Автомобильные домкраты, подставки;Так;*;Ні;
T820050R;Домкрат підкатний 2т з поворотною ручкою 135-340мм TORIN T82;ok;2075.00;2075.00;+0.00%;2610.00;2380.00;-8.81%;14.69%;Автомобильные домкраты, подставки;Так;*;Ні;
T820050S;Домкрат підкатний 2т в кейсі 135-340мм TORIN T820050S;ok;2198.00;2198.00;+0.00%;2760.00;2530.00;-8.33%;14.69%;Автомобильные домкраты, подставки;Так;*;Ні;
T82257;Домкрат для автопідкатний професійний 2,25т 140-520 мм TORIN;ok;6676.00;6676.00;+0.00%;8320.00;7660.00;-7.93%;14.69%;Автомобильные домкраты, подставки;Ні;*;Так;відсутній у фіді
T825010R;Домкрат підкатний професійний низький профіль 2.5т з поворот;ok;3266.00;3266.00;+0.00%;4090.00;3750.00;-8.31%;14.69%;Автомобильные домкраты, подставки;Так;*;Ні;
T825011CL;Домкрат підкатний алюмінієвий 2,5 т з подвійною помпою T8250;ok;9383.00;9383.00;+0.00%;11690.00;10770.00;-7.87%;14.69%;Автомобильные домкраты, подставки;Так;*;Ні;
T825051;Домкрат підкатний професійний низький профіль 2.5т 85-380мм ;ok;2922.00;2922.00;+0.00%;3660.00;3360.00;-8.20%;14.69%;Автомобильные домкраты, подставки;Так;*;Ні;
T830003XL;Домкрат підкатний алюмінієвий 3т низькопрофільний з подвійно;ok;14168.00;14168.00;+0.00%;17630.00;16250.00;-7.83%;14.69%;Автомобильные домкраты, подставки;Так;*;Ні;
T83000ET;Професійний домкрат 3т з педаллю 150-490 мм TORIN T83000ET;ok;7479.00;7479.00;+0.00%;9320.00;8580.00;-7.94%;14.69%;Автомобильные домкраты, подставки;Ні;*;Так;відсутній у фіді
T830018;Домкрат підкатний професійний 3т (низький профіль) T830018;ok;7362.00;7362.00;+0.00%;9170.00;8450.00;-7.85%;14.69%;Автомобильные домкраты, подставки;Так;*;Ні;
T83002;Домкрат підкатний професійний 3т T83002;ok;7163.00;7163.00;+0.00%;8930.00;8220.00;-7.95%;14.69%;Автомобильные домкраты, подставки;Так;*;Ні;
T830020;Домкрат підкатний 3т T830020;ok;3564.00;3564.00;+0.00%;4460.00;4090.00;-8.30%;14.69%;Автомобильные домкраты, подставки;Так;*;Ні;
T830023;Домкрат підкатний професійний 3т з подвійною помпою 130-465м;ok;7556.00;7556.00;+0.00%;9420.00;8670.00;-7.96%;14.69%;Автомобильные домкраты, подставки;Так;*;Ні;
T830023T;Домкрат підкатний професійний 3т з подвійною помпою та педал;ok;7916.00;7916.00;+0.00%;9860.00;9080.00;-7.91%;14.69%;Автомобильные домкраты, подставки;Так;*;Ні;
T83003;Домкрат підкатний 3т 130-410 мм TORIN T83003;ok;4325.00;4325.00;+0.00%;5400.00;4970.00;-7.96%;14.69%;Автомобильные домкраты, подставки;Ні;*;Так;відсутній у фіді
T83502;Домкрат підкатний професійний 3,5т з педаллю T83502;ok;7532.00;7532.00;+0.00%;9390.00;8640.00;-7.99%;14.69%;Автомобильные домкраты, подставки;Так;*;Ні;
T90204;Домкрат пляшковий 2т T90204;ok;829.00;829.00;+0.00%;1060.00;960.00;-9.43%;14.69%;Автомобильные домкраты, подставки;Так;*;Ні;
T90204S;Домкрат пляшковий 2т в кейсі T90204S;ok;923.00;923.00;+0.00%;1170.00;1060.00;-9.40%;14.69%;Автомобильные домкраты, подставки;Ні;*;Так;відсутній у фіді
T90304;Домкрат пляшковий 3т T90304;ok;933.00;933.00;+0.00%;1190.00;1080.00;-9.24%;14.69%;Автомобильные домкраты, подставки;Так;*;Ні;
T90304S;Домкрат пляшковий 3т 194-372мм в кейсі TORIN T90304S;ok;1127.00;1127.00;+0.00%;1430.00;1300.00;-9.09%;14.69%;Автомобильные домкраты, подставки;Так;*;Ні;
T90504;Домкрат пляшковий 5т T90504;ok;1428.00;1428.00;+0.00%;1800.00;1640.00;-8.89%;14.69%;Автомобильные домкраты, подставки;Так;*;Ні;
T90504S;Домкрат пляшковий 5т в кейсі T90504S;ok;1708.00;1708.00;+0.00%;2150.00;1960.00;-8.84%;14.69%;Автомобильные домкраты, подставки;Ні;*;Так;відсутній у фіді
T91004;Домкрат пляшковий 10т T91004;ok;1985.00;1985.00;+0.00%;2490.00;2280.00;-8.43%;14.69%;Автомобильные домкраты, подставки;Так;*;Ні;
T91204;Домкрат пляшковий 12т T91204;ok;2191.00;2191.00;+0.00%;2750.00;2520.00;-8.36%;14.69%;Автомобильные домкраты, подставки;Так;*;Ні;
T91504;Домкрат пляшковий 15т TORIN T91504;ok;2154.00;2154.00;+0.00%;2700.00;2480.00;-8.15%;14.69%;Автомобильные домкраты, подставки;Так;*;Ні;
T92004;Домкрат пляшковий 20т TORIN T92004;ok;2575.00;2575.00;+0.00%;3230.00;2960.00;-8.36%;14.69%;Автомобильные домкраты, подставки;Так;*;Ні;
T93204;Домкрат пляшковий 32т (285-465мм) T93204 TORIN;ok;6530.00;6530.00;+0.00%;8140.00;7490.00;-7.99%;14.69%;Автомобильные домкраты, подставки;Так;*;Ні;
T95004;Домкрат пляшковий 50т (300-480мм) T95004 TORIN;ok;8600.00;8600.00;+0.00%;10710.00;9870.00;-7.84%;14.69%;Автомобильные домкраты, подставки;Так;*;Ні;
TA-2200;Стробоскоп з інтенсивним променем;ok;2205.00;2205.00;+0.00%;2770.00;2530.00;-8.66%;14.66%;Автомобильные диагностические сканеры;Так;*;Ні;
TA820011S;Домкрат підкатний 2т в кейсі 140-300мм TORIN TA820011S;ok;1582.00;1582.00;+0.00%;1990.00;1820.00;-8.54%;14.69%;Автомобильные домкраты, подставки;Так;*;Ні;
TA820014;Домкрат підкатний 2т 135-330мм TORIN TA820014;ok;1734.00;1734.00;+0.00%;2180.00;1990.00;-8.72%;14.69%;Автомобильные домкраты, подставки;Так;*;Ні;
TA820014S;Домкрат підкатний 2т(ASME)/1,5т(CE) в кейсі 135-330мм TORIN ;ok;1865.00;1865.00;+0.00%;2350.00;2140.00;-8.94%;14.69%;Автомобильные домкраты, подставки;Так;*;Ні;
TAAA1607;Верстак TOPTUL (TAAA1607);ok;26690.00;26690.00;+0.00%;33190.00;30700.00;-7.50%;15.00%;default;Так;*;Ні;
TAAD1602;Полиця для верстака 1560 * 200 * 603мм + 20 утримувачів TOPT;ok;27892.00;27892.00;+0.00%;34680.00;32080.00;-7.50%;15.00%;default;Так;*;Ні;
TAAF6118;Шафа інструментальна 611х180х981 TOPTUL TAAF6118;ok;19218.00;19218.00;+0.00%;23900.00;22100.00;-7.53%;14.95%;Шкафы, тумбы и тележки инструментальные;Так;*;Ні;
TAAH1606;Панель до верстата (20 гачків) TOPTUL TAAH1606;ok;8899.00;8899.00;+0.00%;11080.00;10240.00;-7.58%;15.00%;default;Ні;*;Так;відсутній у фіді
TB-K-0100000;Гайка швидкознімна d36 для балансувального стенду BRIGHT 550;ok;2684.00;2684.00;+0.00%;3360.00;3080.00;-8.33%;14.74%;Комплектующие для шиномонтажа;Так;*;Ні;
TB-K-0200000;Швидкоз'ємна гайка d40 для CB66/CB67;ok;2684.00;2684.00;+0.00%;3360.00;3080.00;-8.33%;14.74%;Комплектующие для шиномонтажа;Так;*;Ні;
TB-K-0300000;Затискна гайка для CB460B BRIGHT TB-K-0300000 6009071;ok;2156.00;2156.00;+0.00%;2710.00;2480.00;-8.49%;14.74%;Комплектующие для шиномонтажа;Так;*;Ні;
TB-M-0100000;Комплект перехідників для балансування коліс мотоциклів з пі;ok;14520.00;14520.00;+0.00%;18070.00;16670.00;-7.75%;14.74%;Комплектующие для шиномонтажа;Так;*;Ні;
TB-M-0900000;Комплект перехідників для балансування коліс мотоциклів з пі;ok;14520.00;14520.00;+0.00%;63810.00;16670.00;-73.88%;14.74%;Комплектующие для шиномонтажа;Так;*;Так;подешевшало на 73.9%
TB-M-0900000A;Комплект перехідників для балансування коліс мотоциклів з пі;ok;14520.00;14520.00;+0.00%;83820.00;16670.00;-80.11%;14.74%;Комплектующие для шиномонтажа;Так;*;Так;подешевшало на 80.1%
TB-M-0900000L;Комплект перехідників для балансування коліс мотоциклів з пі;ok;14520.00;14520.00;+0.00%;19170.00;16670.00;-13.04%;14.74%;Комплектующие для шиномонтажа;Ні;*;Так;відсутній у фіді
TBAA0303;Ящик для інструменту 3 секції 508 (L) x232 (W) x302 (H) mm T;ok;6590.00;6590.00;+0.00%;8220.00;7580.00;-7.79%;14.95%;Ящики, сумки для инструментов;Так;*;Ні;
TBAA0304;Візок для інструменту 3 секції TOPTUL TBAA0304;ok;16645.00;16645.00;+0.00%;20710.00;19140.00;-7.58%;14.95%;Ящики, сумки для инструментов;Так;*;Ні;
TBAA0601;Ящик для інструменту 6 секцій 660 (L) x307 (W) x378 (H) mm T;ok;14557.00;14557.00;+0.00%;18110.00;16740.00;-7.56%;14.95%;Ящики, сумки для инструментов;Так;*;Ні;
TBAB0300;"Ящик для головок 1/2"" (виставковий) TOPTUL TBAB0300";ok;3373.00;3373.00;+0.00%;4220.00;3880.00;-8.06%;14.95%;Ящики, сумки для инструментов;Ні;*;Так;відсутній у фіді
TBAC0501;Ящик для інструменту 5 секцій 470 (L) x220 (W) x350 (H) mm T;ok;4029.00;4029.00;+0.00%;6770.00;4640.00;-31.46%;14.95%;Ящики, сумки для инструментов;Так;*;Так;подешевшало на 31.5%
TBAC0502;Ящик для інструменту 5 секцій 470(L)x220(W)x350(H)mm TOPTUL ;ok;3844.00;3844.00;+0.00%;4800.00;4420.00;-7.92%;14.95%;Ящики, сумки для инструментов;Так;*;Ні;
TBAC345A;Ящик для інструментів 3 секції3 секции 345(W)x160(D)x243(H)m;ok;2702.00;2702.00;+0.00%;3390.00;3110.00;-8.26%;14.95%;Ящики, сумки для инструментов;Так;*;Ні;
TBAC530K;Ящик для інструмента 5 секцій 530(L)x220(W)x350(H)mm TOPTUL ;ok;4936.00;4936.00;+0.00%;6160.00;5680.00;-7.79%;14.95%;Ящики, сумки для инструментов;Так;*;Ні;
TBAD0301;Ящик для інструменту 3 секції (Pro-Line) TOPTUL TBAD0301;ok;17247.00;17247.00;+0.00%;21460.00;19830.00;-7.60%;14.95%;Ящики, сумки для инструментов;Так;*;Ні;
TBAE0301;Ящик для інструменту 3 секції (пластик) 445(L)x240(W)x202(H);ok;1325.00;1325.00;+0.00%;1670.00;1530.00;-8.38%;14.95%;Ящики, сумки для инструментов;Так;*;Ні;
TBAE0302;Ящик для інструменту 3 секції (пластик) 445x240x205мм TOPTUL;ok;1665.00;1665.00;+0.00%;2100.00;1920.00;-8.57%;14.95%;Ящики, сумки для инструментов;Так;*;Ні;
TBAE0401;Ящик для інструментів 4 секції (пластик) 556 (L) x278 (W) x2;ok;2177.00;2177.00;+0.00%;2730.00;2510.00;-8.06%;14.95%;Ящики, сумки для инструментов;Так;*;Ні;
TBAG0102;Шафа інструментальний 390x460x860 TOPTUL TBAG0102;ok;8993.00;8993.00;+0.00%;11200.00;10340.00;-7.68%;14.95%;Шкафы, тумбы и тележки инструментальные;Ні;*;Так;відсутній у фіді
TBBE0201;Ящик для инструмента модульный 412x322x163мм (пластик) TOPTU;ok;1840.00;1840.00;+0.00%;2310.00;2120.00;-8.23%;14.95%;Ящики, сумки для инструментов;Так;*;Ні;
TBBE0502;Ящик для інструментів модульний 456x372x115мм (пластик) TOPT;ok;2708.00;2708.00;+0.00%;3390.00;3120.00;-7.96%;14.95%;Ящики, сумки для инструментов;Так;*;Ні;
TBBE0602;Ящик для інструментів модульний 456x372x155мм (пластик) TOPT;ok;2992.00;2992.00;+0.00%;3750.00;3440.00;-8.27%;14.95%;Ящики, сумки для инструментов;Так;*;Ні;
TBBE0702;Ящик для інструментів модульний 456x372x262мм (пластик) TOPT;ok;3660.00;3660.00;+0.00%;4580.00;4210.00;-8.08%;14.95%;Ящики, сумки для инструментов;Так;*;Ні;
TBC122B;Ящик для інструменту 5 секцій 495 (L) x200 (W) x290 (H) mm T;ok;1797.00;1797.00;+0.00%;2260.00;2070.00;-8.41%;14.95%;Ящики, сумки для инструментов;Так;*;Ні;
TBR-L4005-X;Візок для інструменту 5 секцій TBR-L4005-X;ok;14843.00;14843.00;+0.00%;18470.00;17070.00;-7.58%;14.95%;Шкафы, тумбы и тележки инструментальные;Так;*;Ні;
TBR-L4007-X;Візок для інструменту 7 секцій TORIN TBR-L4007-X;ok;17664.00;17664.00;+0.00%;21970.00;20310.00;-7.56%;14.95%;Шкафы, тумбы и тележки инструментальные;Так;*;Ні;
TBR5807A-X;Візок з інструментом 7 секцій 240 од TORIN TBR5807A-X;ok;42753.00;42753.00;+0.00%;53140.00;49150.00;-7.51%;14.95%;Шкафы, тумбы и тележки инструментальные;Так;*;Ні;
TC302;Візок інструментальний (3 відкриті полиці) TC302;ok;4409.00;4409.00;+0.00%;5510.00;5070.00;-7.99%;14.95%;Шкафы, тумбы и тележки инструментальные;Так;*;Ні;
TCAA0501;Візок для інструменту 5 секцій TOPTUL TCAA0501;ok;25491.00;25491.00;+0.00%;31700.00;29310.00;-7.54%;14.95%;Шкафы, тумбы и тележки инструментальные;Так;*;Ні;
TCAA0502;Візок для інструмента 5 секцій (червона) TOPTUL TCAA0502;ok;25491.00;25491.00;+0.00%;31700.00;29310.00;-7.54%;14.95%;Шкафы, тумбы и тележки инструментальные;Так;*;Ні;
TCAA0701;Візок для інструменту 7 секцій TOPTUL TCAA0701;ok;30743.00;30743.00;+0.00%;38220.00;35340.00;-7.54%;14.95%;Шкафы, тумбы и тележки инструментальные;Так;*;Ні;
TCAA0702;Візок для інструменту 7 секцій (червоний) TOPTUL TCAA0702;ok;30743.00;30743.00;+0.00%;38220.00;35340.00;-7.54%;14.95%;Шкафы, тумбы и тележки инструментальные;Так;*;Ні;
TCAB0501;Візок для інструменту 5 секцій (під верстак) TOPTUL TCAB0501;ok;16757.00;16757.00;+0.00%;20850.00;19270.00;-7.58%;14.95%;Шкафы, тумбы и тележки инструментальные;Так;*;Ні;
TCAC0701;Візок для інструменту (Pro-Line) 7 секцій TOPTUL TCAC0701;ok;34427.00;34427.00;+0.00%;42800.00;39580.00;-7.52%;14.95%;Шкафы, тумбы и тележки инструментальные;Так;*;Ні;
TCAC0702;Візок для інструменту (Pro-Line) 7 секцій (червоний) TOPTUL ;ok;34427.00;34427.00;+0.00%;42800.00;39580.00;-7.52%;14.95%;Шкафы, тумбы и тележки инструментальные;Так;*;Ні;
TCAD0101;Візок для інструменту 1 секція 3 відкриті полиці TOPTUL TCAD;ok;12546.00;12546.00;+0.00%;15610.00;14430.00;-7.56%;14.95%;Шкафы, тумбы и тележки инструментальные;Так;*;Ні;
TCAD0206;Тележка для инструмента 2 секции 1 открытая полка TOPTUL TCA;ok;18224.00;18224.00;+0.00%;22670.00;20950.00;-7.59%;14.95%;Шкафы, тумбы и тележки инструментальные;Так;*;Ні;
TCAJ0601;Візок для інструменту 6 секцій TOPTUL TCAJ0601;ok;20307.00;20307.00;+0.00%;25260.00;23350.00;-7.56%;14.95%;Шкафы, тумбы и тележки инструментальные;Ні;*;Так;відсутній у фіді
TCAL0703;Візок для інструмента (Pro-Plus) 7 секцій TOPTUL TCAL0703;ok;35905.00;35905.00;+0.00%;44630.00;41280.00;-7.51%;14.95%;Шкафы, тумбы и тележки инструментальные;Так;*;Ні;
TCAL0704;Візок для інструмента ( Pro- Plus) 7 секцій (синя ) TOPTUL T;ok;35905.00;35905.00;+0.00%;44630.00;41280.00;-7.51%;14.95%;Шкафы, тумбы и тележки инструментальные;Ні;*;Так;відсутній у фіді
TCAM0701;Візок для інструмента ( Pro- Plus) 7 секцій (зелена ) TOPTUL;ok;35905.00;35905.00;+0.00%;44630.00;41280.00;-7.51%;14.95%;Шкафы, тумбы и тележки инструментальные;Так;*;Ні;
TCAN0701;Візок для інструменту 7 секцій Economic TOPTUL TCAN0701;ok;22571.00;22571.00;+0.00%;28070.00;25950.00;-7.55%;14.95%;Шкафы, тумбы и тележки инструментальные;Так;*;Ні;
TCAP0701;Візок для інструменту (BUMPER SERIES) 7 секцій (зелена) TOPT;ok;30827.00;30827.00;+0.00%;38330.00;35440.00;-7.54%;14.95%;Шкафы, тумбы и тележки инструментальные;Так;*;Ні;
TCAP0707;Візок для інструменту (BUMPER SERIES) 7 секцій (чорна) TOPTU;ok;30827.00;30827.00;+0.00%;38330.00;35440.00;-7.54%;14.95%;Шкафы, тумбы и тележки инструментальные;Так;*;Ні;
TCBA0801;Візок для інструменту 8 секцій JUMBO TOPTUL TCBA0801;ok;53724.00;53724.00;+0.00%;66770.00;61760.00;-7.50%;14.95%;Шкафы, тумбы и тележки инструментальные;Так;*;Ні;
TCBA1301;Візок для інструменту 13 секцій TOPTUL TCBA1301;ok;67595.00;67595.00;+0.00%;84010.00;77710.00;-7.50%;14.95%;Шкафы, тумбы и тележки инструментальные;Так;*;Ні;
TCBH0703;Візок для інструмента (Pro-Plus) 7 секцій + 3 відкриті полиц;ok;44880.00;44880.00;+0.00%;55790.00;51590.00;-7.53%;14.95%;Шкафы, тумбы и тележки инструментальные;Ні;*;Так;відсутній у фіді
TCBK0703;Візок для інструменту 7 секцій Jumbo NEW PRO-LINE сіра TOPTU;ok;44596.00;44596.00;+0.00%;55430.00;51270.00;-7.50%;14.95%;Шкафы, тумбы и тележки инструментальные;Так;*;Ні;
TDS2001;Набір мітчиків і плашок 20 од СТАНДАРТ;ok;477.00;477.00;+0.00%;1350.00;550.00;-59.26%;15.00%;default;Ні;*;Так;відсутній у фіді + подешевшало на 59.3%
TDS4001;Набір мітчиків і плашок 40 од СТАНДАРТ;ok;726.00;726.00;+0.00%;1460.00;840.00;-42.47%;15.00%;default;Ні;*;Так;відсутній у фіді + подешевшало на 42.5%
TE10001;Домкрат підкатний трансмісійний гідравлічний 1 т Н=210-780mm;ok;26297.00;26297.00;+0.00%;32700.00;29090.00;-11.04%;10.60%;Трансмиссионные стойки;Так;*;Ні;
TEAA0105;Гачки до стенду 50шт TOPTUL TEAA0110;ok;2615.00;2615.00;+0.00%;3280.00;3010.00;-8.23%;15.00%;default;Так;*;Ні;
TEAA0110;Гачки до стенду 100мм TOPTUL TEAA0110;ok;101.00;101.00;+0.00%;150.00;120.00;-20.00%;15.00%;default;Так;*;Так;подешевшало на 20.0%
TEAA011502;Гачки до стенду 150мм TOPTUL TEAA011502;ok;108.00;108.00;+0.00%;160.00;130.00;-18.75%;15.00%;default;Так;*;Ні;
TEAG0901;Вставка в полку інструментального візка TOPTUL TEAG0901;ok;967.00;967.00;+0.00%;1230.00;1120.00;-8.94%;14.95%;Шкафы, тумбы и тележки инструментальные;Так;*;Ні;
TEAL3703;Тримач рулону паперу для інструментального візка (зелений) T;ok;1054.00;1054.00;+0.00%;1340.00;1220.00;-8.96%;14.95%;Шкафы, тумбы и тележки инструментальные;Так;*;Ні;
TEAL3704;Тримач рулону паперу для інструментального візка (червоний) ;ok;1054.00;1054.00;+0.00%;1340.00;1220.00;-8.96%;14.95%;Шкафы, тумбы и тележки инструментальные;Ні;*;Так;відсутній у фіді
TEAS6501;Задня панель для інструментального візка TOPTUL TEAS6501;ok;5570.00;5570.00;+0.00%;6950.00;6410.00;-7.77%;14.95%;Шкафы, тумбы и тележки инструментальные;Ні;*;Так;відсутній у фіді
TEAY1201;Магнітний утримувач інструменту TOPTUL TEAY1201;ok;1820.00;1820.00;+0.00%;2290.00;2100.00;-8.30%;14.95%;Шкафы, тумбы и тележки инструментальные;Так;*;Ні;
TEL05001;Стійка трансмісійна гідравлічна 0,5 т Н=1260-1750mm TEL05001;ok;9875.00;9875.00;+0.00%;12300.00;10930.00;-11.14%;10.60%;Трансмиссионные стойки;Так;*;Ні;
TEL05004;Стійка трансмісійна гідравлічна 500 кг 1135-1950 мм TORIN TE;ok;5066.00;5066.00;+0.00%;9960.00;5610.00;-43.67%;10.60%;Трансмиссионные стойки;Ні;*;Так;відсутній у фіді + подешевшало на 43.7%
TEL05004S;Стійка трансмісійна гідравлічна 0,5 т Н=1140-1945mm TORIN TE;ok;10396.00;10396.00;+0.00%;12940.00;11500.00;-11.13%;10.60%;Трансмиссионные стойки;Так;*;Ні;
TEL05005;Стійка трансмісійна гідравлічна з подвійним штоком 0,5 т Н=8;ok;27068.00;27068.00;+0.00%;33660.00;29940.00;-11.05%;10.60%;Трансмиссионные стойки;Так;*;Ні;
TEL10001;Стійка трансмісійна гідравлічна 1 т Н=880-1915mm TORIN TEL10;ok;35948.00;35948.00;+0.00%;44690.00;39760.00;-11.03%;10.60%;Трансмиссионные стойки;Так;*;Ні;
TF0202;Домкрат пляшковий низькопрофільний двоштоковий 2т TF0202;ok;1888.00;1888.00;+0.00%;2370.00;2170.00;-8.44%;14.69%;Автомобильные домкраты, подставки;Так;*;Ні;
TF0402;Домкрат пляшковий низькопрофільний двоштоковий 4т TF0402;ok;2094.00;2094.00;+0.00%;2630.00;2410.00;-8.37%;14.69%;Автомобильные домкраты, подставки;Так;*;Ні;
TF0602;Домкрат пляшковий низькопрофільний двоштоковий 6т TF0602;ok;3544.00;3544.00;+0.00%;4430.00;4070.00;-8.13%;14.69%;Автомобильные домкраты, подставки;Так;*;Ні;
TG-916;Пістолет підкачки коліс 4 в 1 професійний 4 в 1 TRISCO TG-90;ok;1809.00;1809.00;+0.00%;3610.00;2090.00;-42.11%;15.24%;Пневматические пистолеты подкачки шин;Так;*;Так;подешевшало на 42.1%
TG-921;Пістолет підкачки коліс 4 в 1 вантажний;ok;2465.00;2465.00;+0.00%;3090.00;2850.00;-7.77%;15.24%;Пневматические пистолеты подкачки шин;Так;*;Ні;
TGSL8150;Набір нутрометрів телескопічних подовжених 8-150мм 6 од meta;ok;3225.00;3225.00;+0.00%;4030.00;3680.00;-8.68%;13.86%;Микрометры;Ні;*;Так;відсутній у фіді
TGU-450;Траверса гідравлічна посилена TGU-450 (AIR KRAFT);ok;45760.00;45760.00;+0.00%;56880.00;52630.00;-7.47%;15.00%;default;Так;*;Ні;
TH810001;Домкрат пляшковий професійний двоштоковий 10т TH810001;ok;5709.00;5709.00;+0.00%;7120.00;6550.00;-8.01%;14.69%;Автомобильные домкраты, подставки;Так;*;Ні;
TH810002;Домкрат пляшковий професійний низькопрофільний двоштоковий 1;ok;4383.00;4383.00;+0.00%;5470.00;5030.00;-8.04%;14.69%;Автомобильные домкраты, подставки;Так;*;Ні;
TH812001;Домкрат пляшковий професійний двоштоковий 12т 240-590мм TH81;ok;7691.00;7691.00;+0.00%;9580.00;8830.00;-7.83%;14.69%;Автомобильные домкраты, подставки;Так;*;Ні;
TH93204;Домкрат пляшковий 32т 260-420мм TORIN TH93204;ok;5629.00;5629.00;+0.00%;7020.00;6460.00;-7.98%;14.69%;Автомобильные домкраты, подставки;Так;*;Ні;
TH95004;Домкрат пляшковий 50т (280-450мм) TH95004 TORIN;ok;7638.00;7638.00;+0.00%;9520.00;8770.00;-7.88%;14.69%;Автомобильные домкраты, подставки;Так;*;Ні;
TKS0701;Набір ключів TORX з отвором Г-подібних 7 од СТАНДАРТ TKS0701;ok;61.00;61.00;+0.00%;100.00;80.00;-20.00%;14.88%;Наборы ключей;Так;*;Так;подешевшало на 20.0%
TKS0901;Набір ключів TORX з отвором Г-подібних 9 од СТАНДАРТ TKS0901;ok;105.00;105.00;+0.00%;200.00;130.00;-35.00%;14.88%;Наборы ключей;Так;*;Так;подешевшало на 35.0%
TKS0902;Набір ключів TORX з отвором Г-подібних довгих 9 од СТАНДАРТ ;ok;125.00;125.00;+0.00%;350.00;150.00;-57.14%;14.88%;Наборы ключей;Так;*;Так;подешевшало на 57.1%
TL-020;Ксенонова імпульсна лампа для стробоскопа;ok;274.00;274.00;+0.00%;2680.00;320.00;-88.06%;15.00%;default;Так;*;Так;подешевшало на 88.1%
TL-1001;Ліхтар світлодіодний 10 + 1 тонкий акумуляторний (Made in GE;ok;1060.00;1060.00;+0.00%;1350.00;1220.00;-9.63%;15.00%;default;Ні;*;Так;відсутній у фіді
TL-1100;Стробоскоп з автономним живленням (+ освітлювальний прилад);ok;1444.00;1444.00;+0.00%;2880.00;1660.00;-42.36%;14.66%;Автомобильные диагностические сканеры;Так;*;Так;подешевшало на 42.4%
TL-122;Стробоскоп;ok;1500.00;1500.00;+0.00%;2610.00;1720.00;-34.10%;14.66%;Автомобильные диагностические сканеры;Так;*;Так;подешевшало на 34.1%
TL-2200;Стробоскоп з інтенсивним променем;ok;1868.00;1868.00;+0.00%;2960.00;2150.00;-27.36%;14.66%;Автомобильные диагностические сканеры;Так;*;Так;подешевшало на 27.4%
TLT-235SB-220;Підйомник автомобільний 2-х стійковий 3,5т електрогідравлічн;ok;99000.00;99000.00;+0.00%;123020.00;113550.00;-7.70%;14.69%;Подъемники автомобильные;Так;*;Ні;
TLT-235SB-380;Підйомник автомобільний 2-х стійковий 3,5т електрогідравлічн;ok;96800.00;96800.00;+0.00%;120290.00;111020.00;-7.71%;14.69%;Подъемники автомобильные;Так;*;Ні;
TLT-235SBA-220;Підйомник автомобільний 2-х стійковий 3,5т електрогідравлічн;ok;121000.00;121000.00;+0.00%;150350.00;138780.00;-7.70%;14.69%;Подъемники автомобильные;Так;*;Ні;
TLT-235SBA-380;Підйомник автомобільний 2-х стійковий 3,5т електрогідравлічн;ok;118800.00;118800.00;+0.00%;147620.00;136260.00;-7.70%;14.69%;Подъемники автомобильные;Так;*;Ні;
TLT-235SC-220;Підйомник автомобільний 2-х стійковий 3,5т електрогідравлічн;ok;114400.00;114400.00;+0.00%;142150.00;131210.00;-7.70%;14.69%;Подъемники автомобильные;Так;*;Ні;
TLT-235SC-380;Підйомник автомобільний 2-х стійковий 3,5т електрогідравлічн;ok;112200.00;112200.00;+0.00%;139420.00;128690.00;-7.70%;14.69%;Подъемники автомобильные;Так;*;Ні;
TLT-235SCA-220;Підйомник автомобільний 2-х стійковий 3,5т електрогідравлічн;ok;129800.00;129800.00;+0.00%;161290.00;148870.00;-7.70%;14.69%;Подъемники автомобильные;Ні;*;Так;відсутній у фіді
TLT-235SCA-380;Підйомник автомобільний 2-х стійковий 3,5т електрогідравлічн;ok;127600.00;127600.00;+0.00%;158550.00;146350.00;-7.69%;14.69%;Подъемники автомобильные;Так;*;Ні;
TLT-240SB-220;Підйомник автомобільний 2-х стійковий 4т електрогідравлічний;ok;101200.00;101200.00;+0.00%;125750.00;116070.00;-7.70%;14.69%;Подъемники автомобильные;Так;*;Ні;
TLT-240SB-380;Підйомник автомобільний 2-х стійковий 4т 380B(TLT-240SB-380);ok;99000.00;99000.00;+0.00%;123020.00;113550.00;-7.70%;14.69%;Подъемники автомобильные;Так;*;Ні;
TLT-240SBA-220;Підйомник автомобільний 2-х стійковий 4т електрогідравлічний;ok;123200.00;123200.00;+0.00%;153090.00;141300.00;-7.70%;14.69%;Подъемники автомобильные;Так;*;Ні;
TLT-240SBA-380;Підйомник автомобільний 2-х стійковий 4т електрогідравлічний;ok;121000.00;121000.00;+0.00%;150350.00;138780.00;-7.70%;14.69%;Подъемники автомобильные;Так;*;Ні;
TLT-240SC-220;Підйомник автомобільний 2-х стійковий 4т електрогідравлічний;ok;116600.00;116600.00;+0.00%;144890.00;133730.00;-7.70%;14.69%;Подъемники автомобильные;Так;*;Ні;
TLT-240SC-380;Підйомник автомобільний 2-х стійковий 4т електрогідравлічний;ok;114400.00;114400.00;+0.00%;142150.00;131210.00;-7.70%;14.69%;Подъемники автомобильные;Так;*;Ні;
TLT-240SCA-220;Підйомник автомобільний 2-х стійковий 4т електрогідравлічний;ok;132000.00;132000.00;+0.00%;164020.00;151400.00;-7.69%;14.69%;Подъемники автомобильные;Ні;*;Так;відсутній у фіді
TLT-240SCA-380;Підйомник автомобільний 2-х стійковий 4т електрогідравлічний;ok;129800.00;129800.00;+0.00%;161290.00;148870.00;-7.70%;14.69%;Подъемники автомобильные;Так;*;Ні;
TLT250AT;Підйомник автомобільний 2-х стійковий 5т електрогідравлічний;ok;202400.00;202400.00;+0.00%;231580.00;232140.00;+0.24%;14.69%;Подъемники автомобильные;Так;*;Ні;
TLT440XW;Підйомник автомобільний 4-х стійковий 4т електрогідравлічний;ok;242000.00;242000.00;+0.00%;276880.00;277550.00;+0.24%;14.69%;Подъемники автомобильные;Так;*;Ні;
TLT455W;Підйомник автомобільний 4-х стійковий 5.5т електрогідравлічн;ok;330000.00;330000.00;+0.00%;377550.00;378480.00;+0.25%;14.69%;Подъемники автомобильные;Так;*;Ні;
TLTE-40SCA-380;Підйомник автомобільний 2-х стійковий 4т електрогідравлічний;ok;140800.00;140800.00;+0.00%;174950.00;161490.00;-7.69%;14.69%;Подъемники автомобильные;Так;*;Ні;
TLTW-235SB-220;Підйомник автомобільний 2-х стійковий 3,5т LAUNCH VAG з нижн;ok;103400.00;103400.00;+0.00%;128490.00;118590.00;-7.70%;14.69%;Подъемники автомобильные;Ні;*;Так;відсутній у фіді
TLTW-235SB-380;Підйомник автомобільний 2-х стійковий 3,5т LAUNCH VAG з нижн;ok;101200.00;101200.00;+0.00%;125750.00;116070.00;-7.70%;14.69%;Подъемники автомобильные;Ні;*;Так;відсутній у фіді
TLTW-235SBA-380;Підйомник автомобільний 2-х стійковий 3,5т LAUNCH VAG з нижн;ok;123200.00;123200.00;+0.00%;153090.00;141300.00;-7.70%;14.69%;Подъемники автомобильные;Так;*;Ні;
TLTW-235SC-220;Підйомник автомобільний 2-х стійковий 3,5т LAUNCH VAG з верх;ok;118800.00;118800.00;+0.00%;147620.00;136260.00;-7.70%;14.69%;Подъемники автомобильные;Ні;*;Так;відсутній у фіді
TLTW-235SC-380;Підйомник автомобільний 2-х стійковий 3,5т LAUNCH VAG з верх;ok;116600.00;116600.00;+0.00%;144890.00;133730.00;-7.70%;14.69%;Подъемники автомобильные;Ні;*;Так;відсутній у фіді
TLTW-235SCA-380;Підйомник автомобільний 2-х стійковий 3,5т LAUNCH VAG з верх;ok;132000.00;132000.00;+0.00%;164020.00;151400.00;-7.69%;14.69%;Подъемники автомобильные;Ні;*;Так;відсутній у фіді
TLTW-240SB-220;Підйомник автомобільний 2-х стійковий 4т LAUNCH VAG з нижньо;ok;105600.00;105600.00;+0.00%;131220.00;121120.00;-7.70%;14.69%;Подъемники автомобильные;Ні;*;Так;відсутній у фіді
TLTW-240SB-380;Підйомник автомобільний 2-х стійковий 4т LAUNCH VAG з нижньо;ok;103400.00;103400.00;+0.00%;128490.00;118590.00;-7.70%;14.69%;Подъемники автомобильные;Ні;*;Так;відсутній у фіді
TLTW-240SBA-220;Підйомник автомобільний 2-х стійковий 4т LAUNCH VAG з нижньо;ok;127600.00;127600.00;+0.00%;158550.00;146350.00;-7.69%;14.69%;Подъемники автомобильные;Так;*;Ні;
TLTW-240SBA-380;Підйомник автомобільний 2-х стійковий 4т LAUNCH VAG з нижньо;ok;125400.00;125400.00;+0.00%;155820.00;144520.00;-7.25%;15.24%;Автомобильные насосы, компрессоры и манометры;Так;*;Ні;
TLTW-240SC-220;Підйомник автомобільний 2-х стійковий 4т LAUNCH VAG з верхнь;ok;121000.00;121000.00;+0.00%;150350.00;138780.00;-7.70%;14.69%;Подъемники автомобильные;Ні;*;Так;відсутній у фіді
TLTW-240SC-380;Підйомник автомобільний 2-х стійковий 4т LAUNCH VAG з верхнь;ok;118800.00;118800.00;+0.00%;147620.00;136260.00;-7.70%;14.69%;Подъемники автомобильные;Ні;*;Так;відсутній у фіді
TLTW-240SCA-220;Підйомник автомобільний 2-х стійковий 4т LAUNCH VAG з верхнь;ok;136400.00;136400.00;+0.00%;169490.00;156440.00;-7.70%;14.69%;Подъемники автомобильные;Ні;*;Так;відсутній у фіді
TLTW-240SCA-380;Підйомник автомобільний 2-х стійковий 4т LAUNCH VAG з верхнь;ok;134200.00;134200.00;+0.00%;166750.00;153920.00;-7.69%;14.69%;Подъемники автомобильные;Так;*;Ні;
TLTW-250AT;Підйомник автомобільний 2-х стійковий 5т LAUNCH VAG з верхнь;ok;206800.00;206800.00;+0.00%;236610.00;237180.00;+0.24%;14.69%;Подъемники автомобильные;Ні;*;Так;відсутній у фіді
TP-201K;Зачисна машинка пневматична з комплектом шліфувальних камені;ok;755.00;755.00;+0.00%;970.00;840.00;-13.40%;10.47%;Пневмошлифмашины;Так;*;Ні;
TP030;Набір для притирання клапанів пневматичний AIRKRAFT TP030;ok;3565.00;3565.00;+0.00%;4460.00;4100.00;-8.07%;15.00%;default;Так;*;Ні;
TP05001;Стіл гідравлічний підкатний 500кг Torin TORIN TP05001;ok;25942.00;25942.00;+0.00%;32260.00;29840.00;-7.50%;15.00%;default;Так;*;Ні;
TPNU-420;Траверса пневматична ножичний посилена TPNU-420 4,2 тонни AI;ok;49808.00;49808.00;+0.00%;61910.00;57280.00;-7.48%;15.00%;default;Так;*;Ні;
TQ20002;Домкрат пляшковий пневмо-гідравлічний 20т TQ20002;ok;8427.00;8427.00;+0.00%;10500.00;9670.00;-7.90%;14.69%;Автомобильные домкраты, подставки;Так;*;Ні;
TQ22001;Домкрат підкатний пневмо-гідравлічний 22т TQ22001;ok;21520.00;21520.00;+0.00%;26760.00;24690.00;-7.74%;14.69%;Автомобильные домкраты, подставки;Так;*;Ні;
TR-EXP;Борторозширювач для вантажних шин з пневматичним приводом (Х;ok;58432.00;58432.00;+0.00%;72620.00;66580.00;-8.32%;13.94%;Инструменты для ремонта и восстановления шин;Так;*;Ні;
TR12ST;"Тріскачка реверсивна 1/2""";ok;414.00;414.00;+0.00%;540.00;480.00;-11.11%;14.92%;Воротки, трещотки;Так;*;Ні;
TR14ST;"Тріскачка реверсивна 1/4""";ok;264.00;264.00;+0.00%;360.00;310.00;-13.89%;14.92%;Воротки, трещотки;Так;*;Ні;
TR15006;Домкрат підкатний професійний 1,5т посилена конструкція 130-;ok;8095.00;8095.00;+0.00%;10090.00;9290.00;-7.93%;14.69%;Автомобильные домкраты, подставки;Ні;*;Так;відсутній у фіді
TR20006;Домкрат підкатний професійний 2,0т 130-535 мм TORIN TR20006;ok;6353.00;6353.00;+0.00%;7920.00;7290.00;-7.95%;14.69%;Автомобильные домкраты, подставки;Ні;*;Так;відсутній у фіді
TR29005;Стенд для вивішування двигуна 1т TORIN TR29005;ok;10987.00;10987.00;+0.00%;13680.00;12640.00;-7.60%;15.00%;default;Так;*;Ні;
TR29008;Стенд для вивішування двигуна 900кг TORIN TR29008;ok;10520.00;10520.00;+0.00%;13100.00;12100.00;-7.63%;15.00%;default;Так;*;Ні;
TR38ST;"Тріскачка реверсивна 3/8""";ok;356.00;356.00;+0.00%;470.00;410.00;-12.77%;14.92%;Воротки, трещотки;Так;*;Ні;
TR6100C;Стілець автослюсаря з інструментом полицею TORIN TR6100C;ok;1509.00;1509.00;+0.00%;1900.00;1720.00;-9.47%;13.94%;Лежаки автослесарные подкатные;Так;*;Ні;
TR6201;Стілець автослюсаря регульований з інструментальною полицею ;ok;2904.00;2904.00;+0.00%;3640.00;3310.00;-9.07%;13.94%;Лежаки автослесарные подкатные;Так;*;Ні;
TR6201A;Стілець автослюсаря регульований з інструментальною полицею ;ok;2940.00;2940.00;+0.00%;3680.00;3350.00;-8.97%;13.94%;Лежаки автослесарные подкатные;Так;*;Ні;
TR6451;Лежак автослюсаря підкатний TR6451;ok;1995.00;1995.00;+0.00%;2510.00;2280.00;-9.16%;13.94%;Лежаки автослесарные подкатные;Так;*;Ні;
TR6452;Лежак автослюсаря підкатний з відкидним підголовником TR6452;ok;2444.00;2444.00;+0.00%;3060.00;2790.00;-8.82%;13.94%;Лежаки автослесарные подкатные;Так;*;Ні;
TR6505;Лежак автослюсаря підкатний 2 в 1 TR6505;ok;3499.00;3499.00;+0.00%;4380.00;3990.00;-8.90%;13.94%;Лежаки автослесарные подкатные;Ні;*;Так;відсутній у фіді
TR9010;Таль (лебідка) ланцюгова 1т ланцюг 3 м круглий корпус (HSZ-1;ok;1789.00;1789.00;+0.00%;4150.00;2060.00;-50.36%;14.69%;Подъемники, лебедки, тали;Ні;*;Так;відсутній у фіді + подешевшало на 50.4%
TR9020;Таль (лебідка) ланцюгова 2т ланцюг 3 м круглий корпус (HSZ-2;ok;2252.00;2252.00;+0.00%;4090.00;2590.00;-36.67%;14.69%;Подъемники, лебедки, тали;Ні;*;Так;відсутній у фіді + подешевшало на 36.7%
TR9030;Таль (лебідка) ланцюгова 3т ланцюг 3 м круглий корпус (HSZ-3;ok;3377.00;3377.00;+0.00%;4270.00;3880.00;-9.13%;14.69%;Подъемники, лебедки, тали;Ні;*;Так;відсутній у фіді
TRA1001;Трубогиб гідравлічний 10т TRA1001;ok;23555.00;23555.00;+0.00%;29290.00;27090.00;-7.51%;15.00%;default;Так;*;Ні;
TRA25-2A;Домкрат підкатний пневмо-гідравлічний 25т/10т TRA25-2A;ok;59974.00;59974.00;+0.00%;74540.00;68790.00;-7.71%;14.69%;Автомобильные домкраты, подставки;Так;*;Ні;
TRA3401;Насос пневмогідравлічний TRA3401;ok;11195.00;11195.00;+0.00%;13940.00;12880.00;-7.60%;15.00%;default;Так;*;Ні;
TRA40-2A;Домкрат підкатний пнемо-гідравлічний 40т/20т Torin TRA40-2A;ok;63344.00;63344.00;+0.00%;78720.00;72650.00;-7.71%;14.69%;Автомобильные домкраты, подставки;Так;*;Ні;
TRA40-3AL;Домкрат підкатний пневмогідравличний 40т/20т/10т 130-192,5/2;ok;87436.00;87436.00;+0.00%;108650.00;100290.00;-7.69%;14.69%;Автомобильные домкраты, подставки;Так;*;Ні;
TRA50-2A;Домкрат підкатний пневмо-гідравлічний 50т/25т TRA50-2A;ok;66218.00;66218.00;+0.00%;82290.00;75950.00;-7.70%;14.69%;Автомобильные домкраты, подставки;Так;*;Ні;
TRA5200;Насос пневмогідравлічний TRA5200;ok;15978.00;15978.00;+0.00%;19880.00;18380.00;-7.55%;15.00%;default;Так;*;Ні;
TRA8205;Домкрат рейковий 3т 125-318мм TRA8205;ok;2812.00;2812.00;+0.00%;3520.00;3230.00;-8.24%;14.69%;Автомобильные домкраты, подставки;Ні;*;Так;відсутній у фіді
TRA8335;Домкрат рейковий 3т 125-660мм TRA8335;ok;3685.00;3685.00;+0.00%;4610.00;4230.00;-8.24%;14.69%;Автомобильные домкраты, подставки;Так;*;Ні;
TRA8485;Домкрат рейковий 3т 125-1020мм TRA8485;ok;4130.00;4130.00;+0.00%;5160.00;4740.00;-8.14%;14.69%;Автомобильные домкраты, подставки;Так;*;Ні;
TRA8605;Домкрат рейковий 3т 125-1330мм TRA8605;ok;4325.00;4325.00;+0.00%;5400.00;4970.00;-7.96%;14.69%;Автомобильные домкраты, подставки;Так;*;Ні;
TRAD001;Вулканізатор з гвинтовим притиском температурний контролер н;ok;4924.00;4924.00;+0.00%;6150.00;5650.00;-8.13%;14.74%;Вулканизаторы для автомобильных шин и камер;Так;*;Ні;
TRAD001Q;Вулканізатор з пневматичним притиском температурний контроле;ok;8899.00;8899.00;+0.00%;11080.00;10220.00;-7.76%;14.74%;Вулканизаторы для автомобильных шин и камер;Так;*;Ні;
TRAD003;Борторозширювач TORIN TRAD003;ok;9076.00;9076.00;+0.00%;11300.00;10440.00;-7.61%;15.00%;default;Ні;*;Так;відсутній у фіді
TRAD004;Вулканізатор з гвинтовим притиском TORIN TRAD004;ok;21907.00;21907.00;+0.00%;30320.00;25140.00;-17.08%;14.74%;Вулканизаторы для автомобильных шин и камер;Так;*;Ні;
TRAD004Q;Вулканізатор з пневматичним притиском на стійці 2 нагрівальн;ok;45081.00;45081.00;+0.00%;56030.00;51730.00;-7.67%;14.74%;Вулканизаторы для автомобильных шин и камер;Так;*;Ні;
TRAD010;Вулканізатор вантажний TRAD010;ok;22627.00;22627.00;+0.00%;28140.00;25970.00;-7.71%;14.74%;Вулканизаторы для автомобильных шин и камер;Так;*;Ні;
TRAD036;Бустер (інфлятор) 45л TRAD036 TORIN;ok;11188.00;11188.00;+0.00%;13930.00;12870.00;-7.61%;15.00%;default;Ні;*;Так;відсутній у фіді
TRE3001;Ножичний підйомник для мотоциклів Torin TRE3001;ok;5544.00;5544.00;+0.00%;6920.00;6360.00;-8.09%;14.69%;Подъемники автомобильные;Так;*;Ні;
TRE64007;Підіймач для мотоцикла 220-780мм 360кг TRE64007;ok;23201.00;23201.00;+0.00%;28850.00;26610.00;-7.76%;14.69%;Подъемники автомобильные;Так;*;Ні;
TRE8220B;Рокла 2.5т TORIN TRE8220B;ok;11259.00;11259.00;+0.00%;16460.00;12950.00;-21.32%;15.00%;default;Ні;*;Так;відсутній у фіді + подешевшало на 21.3%
TRE8310;Штабелер гідравлічний 1.5т висота підйому 1600мм TORIN TRE83;ok;32094.00;32094.00;+0.00%;39900.00;36910.00;-7.49%;15.00%;default;Ні;*;Так;відсутній у фіді
TRF0322;Візок під колесо (комплект 2 шт) 450 кг TRF0322;ok;4268.00;4268.00;+0.00%;5330.00;4910.00;-7.88%;15.00%;default;Так;*;Ні;
TRF0422;Візок під колесо для переміщення автомобіля професійний 1500;ok;48337.00;48337.00;+0.00%;60080.00;55590.00;-7.47%;15.00%;default;Ні;*;Так;відсутній у фіді
TRF2750;Траверса для крана 680кг TRF2750;ok;1592.00;1592.00;+0.00%;2010.00;1840.00;-8.46%;15.00%;default;Так;*;Ні;
TRF30703;Підставка під машину Heavy Duty 7т 1295-1905мм TRF30703 (ASC;ok;22392.00;22392.00;+0.00%;27850.00;25690.00;-7.76%;14.69%;Автомобильные домкраты, подставки;Так;*;Ні;
TRF3201;Підставка під машину складана Heavy Duty 12т 456-710мм TRF32;ok;7716.00;7716.00;+0.00%;9610.00;8850.00;-7.91%;14.69%;Автомобильные домкраты, подставки;Так;*;Ні;
TRF3202;Підставка під машину складана Heavy Duty 12т 710-1065мм TRF3;ok;7904.00;7904.00;+0.00%;9850.00;9070.00;-7.92%;14.69%;Автомобильные домкраты, подставки;Так;*;Ні;
TRF3301;Упор під колесо гумовий;ok;194.00;194.00;+0.00%;270.00;230.00;-14.81%;15.00%;default;Так;*;Ні;
TRF3553;Упор під колесо складаний металевий 2шт;ok;308.00;308.00;+0.00%;410.00;360.00;-12.20%;15.00%;default;Так;*;Ні;
TRF40753A;Стійка трансмісійна (з педаллю) 0,75 т Н=1360-2030mm;ok;5130.00;5130.00;+0.00%;6400.00;5680.00;-11.25%;10.60%;Трансмиссионные стойки;Так;*;Ні;
TRG2090;Установка для зливу і вакуумної відкачки масла з мірної колб;ok;16676.00;16676.00;+0.00%;20750.00;19010.00;-8.39%;13.94%;Оборудование для замены масел и смазок;Так;*;Ні;
TRG2095;Нагнітач мастила TRG2095;ok;17157.00;17157.00;+0.00%;21340.00;19550.00;-8.39%;13.94%;Оборудование для замены масел и смазок;Ні;*;Так;відсутній у фіді
TRG2096;Нагнітач мастила (ручний) 25 МПа TRG2096 TORIN;ok;7897.00;7897.00;+0.00%;9840.00;9000.00;-8.54%;13.94%;Оборудование для замены масел и смазок;Так;*;Ні;
TRG4001-20;Установка для миття деталей 75л TRG4001-20;ok;9493.00;9493.00;+0.00%;11820.00;10920.00;-7.61%;15.00%;default;Так;*;Ні;
TRG4001-3.5;Установка для миття деталей електрична 15л TRG4001-3.5;ok;3372.00;3372.00;+0.00%;4220.00;3880.00;-8.06%;15.00%;default;Ні;*;Так;відсутній у фіді
TRG4001-40;Установка для миття деталей 150л TRG4001-40;ok;14430.00;14430.00;+0.00%;65640.00;16600.00;-74.71%;15.00%;default;Так;*;Так;подешевшало на 74.7%
TRG4012;Піскоструминний апарат TRG4012;ok;8123.00;8123.00;+0.00%;10120.00;8990.00;-11.17%;10.63%;Пневматические пескоструйные пистолеты;Так;*;Ні;
TRG4012-28;Комплект керам наконечників до піскоструминного апарату TRG4;ok;532.00;532.00;+0.00%;690.00;590.00;-14.49%;10.63%;Пневматические пескоструйные пистолеты;Так;*;Ні;
TRG4020B;Піскоструминний апарат 75л TRG4020B;ok;12032.00;12032.00;+0.00%;14980.00;13320.00;-11.08%;10.63%;Пневматические пескоструйные пистолеты;Так;*;Ні;
TRG4092;Піскоструминна камера TRG4092;ok;7804.00;7804.00;+0.00%;9720.00;8980.00;-7.61%;15.00%;default;Так;*;Ні;
TRG4222;Піскоструминна камера TRG4222;ok;25074.00;25074.00;+0.00%;43630.00;28840.00;-33.90%;15.00%;default;Так;*;Так;подешевшало на 33.9%
TRG4222-R;Піскоструминна камера TRG4222-R;ok;48580.00;48580.00;+0.00%;60380.00;55870.00;-7.47%;15.00%;default;Так;*;Ні;
TRG4222-W;Піскоструминна камера TRG4222-W;ok;58691.00;58691.00;+0.00%;72940.00;67500.00;-7.46%;15.00%;default;Так;*;Ні;
TRH6802-2;Лежак автослюсаря підкатний пластиковий TRH6802-2;ok;1923.00;1923.00;+0.00%;2420.00;2200.00;-9.09%;13.94%;Лежаки автослесарные подкатные;Так;*;Ні;
TRK0204A;Гідроциліндр на розтяжку 4т 40мм TRK0204A;ok;1401.00;1401.00;+0.00%;1780.00;1550.00;-12.92%;10.63%;Гидравлические растяжки;Так;*;Ні;
TRK0210B;Гідравлічний циліндр 10т хід 135мм хв висота 358мм TRK0210B;ok;3192.00;3192.00;+0.00%;3990.00;3540.00;-11.28%;10.63%;Гидравлические растяжки;Так;*;Ні;
TRK1210;Стяжка рихтувальна гідравлічна 10т TRK1210;ok;5783.00;5783.00;+0.00%;7210.00;6400.00;-11.23%;10.63%;Гидравлические растяжки;Так;*;Ні;
TRK1500-2;Стяжка пружин стаціонарна гідравлічна TRK1500-2;ok;10006.00;10006.00;+0.00%;12460.00;11070.00;-11.16%;10.63%;Гидравлические растяжки;Так;*;Ні;
TRK1500-3;Стяжка пружин стаціонарна механічна TRK1500-3;ok;12672.00;12672.00;+0.00%;15770.00;14530.00;-7.86%;14.60%;Механические съемники;Так;*;Ні;
TRK203D-M;Набір знімачів підшипників TORIN TRK203D-M;ok;12320.00;12320.00;+0.00%;15330.00;14120.00;-7.89%;14.60%;Съемники подшипников;Ні;*;Так;відсутній у фіді
TRK208-10;Знімач гідравлічний двозахопний 10т TORIN TRK208-10;ok;8348.00;8348.00;+0.00%;10400.00;9570.00;-7.98%;14.60%;Гидравлические съемники;Ні;*;Так;відсутній у фіді
TRK3211;Стяжка пружин гідравлічна 1т TRK3211;ok;12005.00;12005.00;+0.00%;14940.00;13290.00;-11.04%;10.63%;Гидравлические растяжки;Так;*;Ні;
TRK8021;Лебідка механічна важільна 2т (подвійне зубчасте колесо) TRK;ok;1012.00;1012.00;+0.00%;1290.00;1170.00;-9.30%;14.69%;Подъемники, лебедки, тали;Так;*;Ні;
TRK8041;Лебідка механічна важільна 4т (подвійне зубчасте колесо) TRK;ok;1643.00;1643.00;+0.00%;2070.00;1890.00;-8.70%;14.69%;Подъемники, лебедки, тали;Так;*;Ні;
TRL-10;Візок для збору відпрацьованого масла з воронкою;ok;3775.00;3775.00;+0.00%;4720.00;4310.00;-8.69%;13.94%;Оборудование для замены масел и смазок;Так;*;Ні;
TRL7002-1;Лежак автослюсаря 500x300x30mm TRL7002-1;ok;372.00;372.00;+0.00%;490.00;430.00;-12.24%;13.94%;Лежаки автослесарные подкатные;Так;*;Ні;
TRM03003-2;Трубогиб гідравлічний 16т TRM03003-2;ok;25519.00;25519.00;+0.00%;31730.00;29350.00;-7.50%;15.00%;default;Так;*;Ні;
TRMT005;Підставка під заднє колесо мотоцикла L-подібна 250 кг TRMT00;ok;1855.00;1855.00;+0.00%;2330.00;2130.00;-8.58%;14.69%;Автомобильные домкраты, подставки;Ні;*;Так;відсутній у фіді
TRN37-2;Упор противідкотний вантажний металевий 2 шт TORIN TRN37-2;ok;3556.00;3556.00;+0.00%;4450.00;4090.00;-8.09%;15.00%;default;Ні;*;Так;відсутній у фіді
TRP2101;Зйомник рульових тяг ВАЗ 2101-2107 (ХЗСО) СРТЖКрЛ TRP2101;ok;686.00;686.00;+0.00%;880.00;790.00;-10.23%;14.60%;Механические съемники;Так;*;Ні;
TRP2108;Зйомник рульових і кульових ВАЗ 2108-2110 (ХЗСО) СРТ08КрЛ TR;ok;739.00;739.00;+0.00%;950.00;850.00;-10.53%;14.60%;Механические съемники;Ні;*;Так;відсутній у фіді
TRPB035;"Знімач рульових тяг ""Бус"" великий посилений (ХЗСО) СРТБУС_У ";ok;1094.00;1094.00;+0.00%;1390.00;1260.00;-9.35%;14.60%;Механические съемники;Так;*;Ні;
TRPL017;"Зйомник рульових тяг ""Ланос"" (ХЗСО) СРТЛАН TRPL017";ok;979.00;979.00;+0.00%;1240.00;1130.00;-8.87%;14.60%;Механические съемники;Ні;*;Так;відсутній у фіді
TRQ30002;Домкрат пляшковий пневмо-гідравлічний 30т TRQ30002;ok;11290.00;11290.00;+0.00%;14050.00;12950.00;-7.83%;14.69%;Автомобильные домкраты, подставки;Так;*;Ні;
TRQ50002;Домкрат пляшковий пневмо-гідравлічний 50т TRQ50002;ok;13750.00;13750.00;+0.00%;17110.00;15770.00;-7.83%;14.69%;Автомобильные домкраты, подставки;Так;*;Ні;
TRTT-26Q;Мастилонагнітальна установка з ручним насосом TRTT-26Q;ok;5519.00;5519.00;+0.00%;6880.00;6290.00;-8.58%;13.94%;Оборудование для замены масел и смазок;Так;*;Ні;
TRV0500;Траверса для вивішування двигуна з двома захватами 500 кг L-;ok;5795.00;5795.00;+0.00%;7230.00;6670.00;-7.75%;15.00%;default;Так;*;Ні;
TRV0500L;Траверса подовжена для вивішування двигуна з двома захватами;ok;6947.00;6947.00;+0.00%;8660.00;7990.00;-7.74%;15.00%;default;Так;*;Ні;
TRW04006;Траверса для вивішування двигуна c додатковим пересувним поп;ok;7122.00;7122.00;+0.00%;8880.00;8200.00;-7.66%;15.00%;default;Так;*;Ні;
TSA4524C;Верстак слюсарний металевий з трьома висувними шуфлядами TOR;ok;18149.00;18149.00;+0.00%;22580.00;20880.00;-7.53%;15.00%;default;Так;*;Ні;
TSC4-SW;"Лещата слюсарні чавунні поворотні 4"" 100мм СТАНДАРТ";ok;1510.00;1510.00;+0.00%;1900.00;1720.00;-9.47%;13.55%;Тиски;Так;*;Ні;
TSC6-SW;"Лещата слюсарні чавунні поворотні 6"" 150мм СТАНДАРТ";ok;2643.00;2643.00;+0.00%;3310.00;3010.00;-9.06%;13.55%;Тиски;Так;*;Ні;
TSC8-SW;"Лещата слюсарні чавунні поворотні 8"" 200мм СТАНДАРТ";ok;3516.00;3516.00;+0.00%;4400.00;4000.00;-9.09%;13.55%;Тиски;Так;*;Ні;
TSF0150;Напилок тригранний 150мм СТАНДАРТ TSF0150;ok;61.00;61.00;+0.00%;100.00;70.00;-30.00%;13.55%;Напильники и надфили;Так;*;Так;подешевшало на 30.0%
TSF0200;Напилок тригранний 200мм СТАНДАРТ TSF0200;ok;80.00;80.00;+0.00%;130.00;100.00;-23.08%;13.55%;Напильники и надфили;Так;*;Так;подешевшало на 23.1%
TSF0250;Напилок тригранний 250мм СТАНДАРТ TSF0250;ok;117.00;117.00;+0.00%;170.00;140.00;-17.65%;13.55%;Напильники и надфили;Так;*;Ні;
TSG5932;Верстат 1500*700 TORIN TSG5932;ok;19218.00;19218.00;+0.00%;23900.00;22110.00;-7.49%;15.00%;default;Ні;*;Так;відсутній у фіді
TSS3;"Лещата слюсарні сталеві 3"" СТАНДАРТ";ok;913.00;913.00;+0.00%;2050.00;1040.00;-49.27%;13.55%;Тиски;Так;*;Так;подешевшало на 49.3%
TSS4;"Лещата слюсарні сталеві 4"" СТАНДАРТ";ok;1204.00;1204.00;+0.00%;2150.00;1370.00;-36.28%;13.55%;Тиски;Так;*;Так;подешевшало на 36.3%
TSS6;"Лещата слюсарні сталеві 6"" СТАНДАРТ";ok;1551.00;1551.00;+0.00%;1960.00;1770.00;-9.69%;13.55%;Тиски;Так;*;Ні;
TTS-HV30-1.3;Пневмораспылитель HVLP ВП бачок 600 мл 1,3 мм ITALCO TTS-HV3;ok;7055.00;7055.00;+0.00%;10350.00;7990.00;-22.80%;13.20%;Пневматические краскопульты;Ні;*;Так;відсутній у фіді + подешевшало на 22.8%
TTS-TE10-1.3LM;Пістолет фарбувальний пневматичний LVMP верхній пластиковий ;ok;7267.00;7267.00;+0.00%;9060.00;8230.00;-9.16%;13.20%;Пневматические краскопульты;Ні;*;Так;відсутній у фіді
TW05001;Траверса для вивішування двигуна 0,5т TORIN TW05001;ok;5082.00;5082.00;+0.00%;6340.00;5850.00;-7.73%;15.00%;default;Ні;*;Так;відсутній у фіді
TWSR4125;Стеллаж для зберігання шин и коліс (настінний) (ХЗСО) TWSR41;ok;2640.00;2640.00;+0.00%;10730.00;3040.00;-71.67%;15.00%;default;Ні;*;Так;відсутній у фіді + подешевшало на 71.7%
TY10003;Прес гідравлічний настільний 10т TY10003;ok;14231.00;14231.00;+0.00%;17710.00;16370.00;-7.57%;15.00%;default;Так;*;Ні;
TY12001;Прес гідравлічний настільний 12т TY12001;ok;15498.00;15498.00;+0.00%;19280.00;17830.00;-7.52%;15.00%;default;Так;*;Ні;
TY12002;Прес гідравлічний 12т TY12002;ok;18413.00;18413.00;+0.00%;22900.00;21180.00;-7.51%;15.00%;default;Так;*;Ні;
TY20001;Прес гідравлічний 20т (вертикальне розташування насоса) TY20;ok;23759.00;23759.00;+0.00%;29550.00;27330.00;-7.51%;15.00%;default;Так;*;Ні;
TY20003;Гідропрес 20т TORIN TY20003;ok;20057.00;20057.00;+0.00%;24950.00;23070.00;-7.54%;15.00%;default;Ні;*;Так;відсутній у фіді
TY20005;Прес гідравлічний (горизонтальне розташування насоса) 20т TY;ok;23323.00;23323.00;+0.00%;29000.00;26830.00;-7.48%;15.00%;default;Так;*;Ні;
TY30002;Прес пневмогідравлічний 30т TY30002 TORIN;ok;43323.00;43323.00;+0.00%;53850.00;49830.00;-7.47%;15.00%;default;Так;*;Ні;
TY40002;Прес пневмогідравлічний 40т Torin TY40002;ok;54761.00;54761.00;+0.00%;68060.00;62980.00;-7.46%;15.00%;default;Так;*;Ні;
TY50001;Прес пневмогідравлічний 50т TY50001;ok;64180.00;64180.00;+0.00%;79760.00;73810.00;-7.46%;15.00%;default;Так;*;Ні;
TY75021;Прес пневмогідравлічний 75т TY75021;ok;159236.00;159236.00;+0.00%;182200.00;183130.00;+0.51%;15.00%;default;Так;*;Ні;
TZ830026X;Домкрат підкатний професiйний 3т низькопрофільний з подвійно;ok;8311.00;8311.00;+0.00%;10350.00;9540.00;-7.83%;14.69%;Автомобильные домкраты, подставки;Ні;*;Так;відсутній у фіді
TZ830027H;Домкрат підкатний 3т професійний (8 позиційний з подвійною п;ok;13893.00;13893.00;+0.00%;17290.00;15940.00;-7.81%;14.69%;Автомобильные домкраты, подставки;Ні;*;Так;відсутній у фіді
U-COIL;Індукційний кабель (довжина 600мм) для IND-1000W;ok;396.00;396.00;+0.00%;1290.00;460.00;-64.34%;14.73%;Паяльники;Так;*;Так;подешевшало на 64.3%
UC5;Рідина для ультразвукових ванн Ultra Clean (5 літрів) Launch;ok;1474.00;1474.00;+0.00%;4450.00;1700.00;-61.80%;15.00%;default;Ні;*;Так;відсутній у фіді + подешевшало на 61.8%
UF-0301;Ліхтар світлодіодний з ультрафіолетовою підсвіткою (Made in ;ok;980.00;980.00;+0.00%;2220.00;1130.00;-49.10%;15.00%;default;Так;*;Так;подешевшало на 49.1%
UFT0101;Набір для розвальцьовування трубок універсальний 5-6-8-10-12;ok;812.00;812.00;+0.00%;1040.00;940.00;-9.62%;15.00%;default;Так;*;Ні;
UFT0202;Набір для розвальцьовування трубок універсальний під грибок ;ok;1480.00;1480.00;+0.00%;1870.00;1710.00;-8.56%;15.00%;default;Ні;*;Так;відсутній у фіді
UFT4748;Набір для розвальцьовування гальмівних трубок 4,75-4,8мм (ХЗ;ok;909.00;909.00;+0.00%;1160.00;1050.00;-9.48%;15.00%;default;Ні;*;Так;відсутній у фіді
UPDATE;Оновлення встановленої бази даних X-431 1рік LAUNCH UPDATE;ok;13200.00;13200.00;+0.00%;16430.00;15140.00;-7.85%;14.66%;Автомобильные диагностические сканеры;Ні;*;Так;відсутній у фіді
VALUE-500PLUS;Установка для обслуговування кондиціонерів (автоматична) R13;ok;123200.00;123200.00;+0.00%;153090.00;141680.00;-7.45%;15.00%;default;Так;*;Ні;
VARF3901E;Відеобороскоп портативний d3 9 TOPTUL VARF3901E;ok;44779.00;44779.00;+0.00%;55660.00;50590.00;-9.11%;12.96%;Технические эндоскопы, видеоскопы;Так;*;Ні;
VC-9002;Золотник (КОМПЛЕКТ 10ШТ) короткий с красным уплотнительным к;ok;29.00;29.00;+0.00%;60.00;40.00;-33.33%;15.17%;Товары, общее;Так;*;Так;подешевшало на 33.3%
VE-700;Рихтувальний стапель (стенд) пересувний VE-700;ok;160600.00;160600.00;+0.00%;212400.00;184690.00;-13.05%;15.00%;default;Ні;*;Так;відсутній у фіді
VE-800B;Рихтувальний стапель (стенд) пересувний VE-800B;ok;233200.00;233200.00;+0.00%;266810.00;268180.00;+0.51%;15.00%;default;Ні;*;Так;відсутній у фіді
VGT0501;Притирання клапанів з карданом d 5 довге (ХЗСО) ПРИТ5ДЛ VGT0;ok;305.00;305.00;+0.00%;410.00;360.00;-12.20%;15.00%;default;Ні;*;Так;відсутній у фіді
VGT0601;Притирання клапанів з карданом d 6 довге (ХЗСО) ПРИТ6ДЛ VGT0;ok;305.00;305.00;+0.00%;410.00;360.00;-12.20%;15.00%;default;Ні;*;Так;відсутній у фіді
VGT0701;Притирання клапанів з карданом d 7 довге (ХХЗСО) ПРИТ7ДЛ VGT;ok;305.00;305.00;+0.00%;410.00;360.00;-12.20%;15.00%;default;Ні;*;Так;відсутній у фіді
VGT0801;Притирання клапанів з карданом d 8 довге (ХЗСО) ПРИТ8ДЛ VGT0;ok;305.00;305.00;+0.00%;410.00;360.00;-12.20%;15.00%;default;Ні;*;Так;відсутній у фіді
VGT0901;Притирання клапанів з карданом d 9 довге ( ХЗСО) ПРИТ9ДЛ VGT;ok;305.00;305.00;+0.00%;410.00;360.00;-12.20%;15.00%;default;Ні;*;Так;відсутній у фіді
VLAB6001;Зонд до відеобороскопа VARF3901E d6мм L1м TOPTUL VLAB6001;ok;64961.00;64961.00;+0.00%;80730.00;73380.00;-9.10%;12.96%;Технические эндоскопы, видеоскопы;Так;*;Ні;
VLG05OPL;"Знімач п'ятиопераційний ""Волга"" ХЗСО СК5ОП VLG05OPL";ok;612.00;612.00;+0.00%;790.00;710.00;-10.13%;14.60%;Механические съемники;Так;*;Ні;
VS-AIR;Выставочный стенд AIRKRAFT(с комплектом переходников) VS-AIR;ok;4840.00;4840.00;+0.00%;9030.00;5570.00;-38.32%;15.00%;default;Так;*;Так;подешевшало на 38.3%
VSC003M;Розсухарювач клапанів МОСКВИЧ (ХЗСО) РАС-М VSC003M;ok;503.00;503.00;+0.00%;650.00;580.00;-10.77%;15.00%;default;Так;*;Ні;
VSC0101;Розсухарювач універсальний струбцинного типу (ХЗСО) VSC-0101;ok;1723.00;1723.00;+0.00%;2170.00;1980.00;-8.76%;14.60%;Механические съемники;Ні;*;Так;відсутній у фіді
VSC04MZ;Розсухарювач клапанів струбциною МОСКВИЧ ЗАЗ (ХЗСО) РАС-МСТР;ok;568.00;568.00;+0.00%;730.00;660.00;-9.59%;15.00%;default;Так;*;Ні;
VSC1016;Розсухарювач клапанів ВАЗ 2110 16 клапанів (ХЗСО) РАС-10.16 ;ok;1032.00;1032.00;+0.00%;1310.00;1190.00;-9.16%;15.00%;default;Так;*;Ні;
VSC2101;Розсухарювач клапанів ВАЗ 2101-2107 (ХЗСО) РАС-ЖХ VSC2101;ok;503.00;503.00;+0.00%;650.00;580.00;-10.77%;15.00%;default;Так;*;Ні;
VSC2108;Розсухарювач клапанів ВАЗ 2108-2109 (ХЗСО) РАС-08Х VSC2108;ok;503.00;503.00;+0.00%;650.00;580.00;-10.77%;15.00%;default;Ні;*;Так;відсутній у фіді
VSP-600;Відеоендоскоп LAUNCH VSP-600;ok;4840.00;4840.00;+0.00%;6040.00;5470.00;-9.44%;12.96%;Технические эндоскопы, видеоскопы;Так;*;Ні;
VSP-800;"Відеоендоскоп 2,7"" LAUNCH VSP-800";ok;7260.00;7260.00;+0.00%;9050.00;8210.00;-9.28%;12.96%;Технические эндоскопы, видеоскопы;Ні;*;Так;відсутній у фіді
VTC-03A;Отвертка для золотника 30мм AIRKRAFT VTC-03A;ok;22.00;22.00;+0.00%;70.00;40.00;-42.86%;15.29%;Отвертки;Так;*;Так;подешевшало на 42.9%
VTC-03B;Отвертка для золотника (длинная) 170мм AIRKRAFT VTC-03B;ok;32.00;32.00;+0.00%;70.00;40.00;-42.86%;15.29%;Отвертки;Так;*;Так;подешевшало на 42.9%
W-871-2.5;Пістолет фарбувальний пневматичний тип HP нижній металевий б;ok;1578.00;1578.00;+0.00%;1990.00;1790.00;-10.05%;13.20%;Пневматические краскопульты;Так;*;Ні;
W1-1-2;"Переходник шарнирный 360 градусов ""папа"" 1/2"" внутренняя рез";ok;155.00;160.00;+3.23%;690.00;190.00;-72.46%;14.33%;Комплектующие и запчасти для инструмента;Так;*;Так;подешевшало на 72.5%
W1-1-4;"Переходник шарнирный 360 градусов ""папа"" 1/4"" внутренняя рез";ok;110.00;137.00;+24.55%;840.00;160.00;-80.95%;14.33%;Комплектующие и запчасти для инструмента;Так;*;Так;подешевшало на 81.0%
W1-3-8;"Переходник шарнирный 360 градусов ""папа"" 3/8"" внутренняя рез";ok;123.00;126.00;+2.44%;710.00;150.00;-78.87%;14.33%;Комплектующие и запчасти для инструмента;Так;*;Так;подешевшало на 78.9%
W2-1-2;"Переходник шарнирный 360 градусов ""папа"" 1/2"" внешняя резьба";ok;150.00;196.00;+30.67%;1510.00;230.00;-84.77%;14.33%;Комплектующие и запчасти для инструмента;Так;*;Так;подешевшало на 84.8%
W2-1-4;"Переходник шарнирный 360 градусов ""папа"" 1/4"" внешняя резьба";ok;110.00;137.00;+24.55%;3990.00;160.00;-95.99%;14.33%;Комплектующие и запчасти для инструмента;Так;*;Так;подешевшало на 96.0%
W2-3-8;"Переходник шарнирный 360 градусов ""папа"" 3/8"" внешняя резьба";ok;116.00;119.00;+2.59%;3600.00;140.00;-96.11%;14.33%;Комплектующие и запчасти для инструмента;Так;*;Так;подешевшало на 96.1%
W40;Лазерний далекомір 40 м PROTESTER W40;ok;1176.00;1176.00;+0.00%;1490.00;1360.00;-8.72%;14.97%;Лазерные дальномеры;Ні;*;Так;відсутній у фіді
W40X;Далекомір лазерний 40м (метал корпус) PROTESTER W40X;ok;1713.00;1713.00;+0.00%;2160.00;1970.00;-8.80%;14.97%;Лазерные дальномеры;Так;*;Ні;
W60X;Далекомір лазерний 60м (метал корпус) PROTESTER W60X;ok;1850.00;1850.00;+0.00%;3310.00;2130.00;-35.65%;14.97%;Лазерные дальномеры;Так;*;Так;подешевшало на 35.6%
W80X;Далекомір лазерний 80м (метал корпус) PROTESTER W80X;ok;2332.00;2332.00;+0.00%;9610.00;2690.00;-72.01%;14.97%;Лазерные дальномеры;Так;*;Так;подешевшало на 72.0%
WDF-100;Динамометр цифровий універсальний (10 кг) PROTESTER WDF-100 ;ok;4325.00;4325.00;+0.00%;5400.00;4990.00;-7.59%;15.34%;Силомеры, динамометры;Ні;*;Так;відсутній у фіді
WDF-20;Динамометр цифровий універсальний (2 кг) PROTESTER WDF-20 (S;ok;4325.00;4325.00;+0.00%;5400.00;4990.00;-7.59%;15.34%;Силомеры, динамометры;Ні;*;Так;відсутній у фіді
WDF-200;Динамометр цифровий універсальний (20 кг) PROTESTER WDF-200 ;ok;4325.00;4325.00;+0.00%;5400.00;4990.00;-7.59%;15.34%;Силомеры, динамометры;Ні;*;Так;відсутній у фіді
WDF-30;Динамометр цифровий універсальний (3 кг) PROTESTER WDF-30 (S;ok;4325.00;4325.00;+0.00%;5400.00;4990.00;-7.59%;15.34%;Силомеры, динамометры;Ні;*;Так;відсутній у фіді
WDF-300;Динамометр цифровий універсальний (30 кг) PROTESTER WDF-300 ;ok;4325.00;4325.00;+0.00%;5400.00;4990.00;-7.59%;15.34%;Силомеры, динамометры;Ні;*;Так;відсутній у фіді
WDF-50;Динамометр цифровий універсальний (5 кг) PROTESTER WDF-50 (S;ok;4325.00;4325.00;+0.00%;5400.00;4990.00;-7.59%;15.34%;Силомеры, динамометры;Ні;*;Так;відсутній у фіді
WDF-500;Динамометр цифровий універсальний (50 кг) PROTESTER WDF-500 ;ok;4325.00;4325.00;+0.00%;5400.00;4990.00;-7.59%;15.34%;Силомеры, динамометры;Ні;*;Так;відсутній у фіді
WG-01;Пневмопистолет для распыления жидкостей AIRKRAFT WG-01;ok;309.00;309.00;+0.00%;590.00;350.00;-40.68%;13.20%;Пневматические распылительные пистолеты;Так;*;Так;подешевшало на 40.7%
WG-2050;Пистолет пневматический для химчистки салона автомобиля со с;ok;1876.00;1876.00;+0.00%;2360.00;2130.00;-9.75%;13.20%;Пневматические распылительные пистолеты;Так;*;Ні;
WHS052THH;Ключ для ступиці 52мм -посилений для переднього колеса TOYOT;ok;1254.00;1254.00;+0.00%;1590.00;1450.00;-8.81%;15.14%;Торцевые ключи;Так;*;Ні;
WHS063ID;Ключ для ступиці 63мм - посилений для переднього колеса IVEC;ok;1797.00;1797.00;+0.00%;2260.00;2070.00;-8.41%;15.14%;Торцевые ключи;Так;*;Ні;
WHS070RA;Ключ для ступиці 70мм - посилений для задньої вісі FORD Tran;ok;2588.00;2588.00;+0.00%;3240.00;2980.00;-8.02%;15.14%;Торцевые ключи;Так;*;Ні;
WHS087RA;Ключ для ступиці 87мм - посилений для задньої вісі MAN MERCE;ok;5919.00;5919.00;+0.00%;7380.00;6820.00;-7.59%;15.14%;Торцевые ключи;Так;*;Ні;
WHS101FA;Ключ для ступиці 101мм - посилений для передньої вісі MAN (Х;ok;5737.00;5737.00;+0.00%;7160.00;6610.00;-7.68%;15.14%;Торцевые ключи;Так;*;Ні;
WHS101MRA;Ключ для ступиці 101мм - посилений для задньої вісі MAN MERC;ok;5464.00;5464.00;+0.00%;6820.00;6300.00;-7.62%;15.14%;Торцевые ключи;Так;*;Ні;
WHS110BPW;Ключ для ступиці 110мм - посилений (овал) для BPW-12T (ХЗСО);ok;5008.00;5008.00;+0.00%;6250.00;5770.00;-7.68%;15.14%;Торцевые ключи;Так;*;Ні;
WHS110MM;Ключ для ступиці 110мм - посилений MAN MERCEDES (ХЗСО) (5260;ok;5737.00;5737.00;+0.00%;7160.00;6610.00;-7.68%;15.14%;Торцевые ключи;Ні;*;Так;відсутній у фіді
WHS117RA;Ключ для ступиці 117мм - посилений для задньої вісі MAN (ХЗС;ok;6900.00;6900.00;+0.00%;8600.00;7940.00;-7.67%;15.00%;default;Так;*;Ні;
WHS12105;Ключ для ступиці 105мм - посилений (12-гр) (ХЗСО) WHS12105;ok;3585.00;3585.00;+0.00%;4480.00;4130.00;-7.81%;15.14%;Торцевые ключи;Так;*;Ні;
WHS12110IV;Ключ для ступиці 110 мм - посилений (12-гр) IVECO (ХЗСО) 525;ok;3629.00;3629.00;+0.00%;4540.00;4180.00;-7.93%;15.14%;Торцевые ключи;Так;*;Ні;
WHS12115;Ключ для ступиці 115мм - посилений (12-гр) (ХЗСО) WHS12115;ok;3618.00;3618.00;+0.00%;4520.00;4170.00;-7.74%;15.14%;Торцевые ключи;Так;*;Ні;
WHS1257;Ключ для ступиці 57мм -посилений (12-гр) (ХЗСО) WHS1257;ok;1319.00;1319.00;+0.00%;1670.00;1520.00;-8.98%;15.14%;Торцевые головки;Так;*;Ні;
WHS1265;Ключ для ступиці 65мм - посилений (12-гр) (ХЗСО) WHS1265;ok;1888.00;1888.00;+0.00%;2370.00;2180.00;-8.02%;15.14%;Торцевые ключи;Так;*;Ні;
WHS1285;Ключ для ступиці 85мм - посилений (12-гр) (ХЗСО) WHS1285;ok;3083.00;3083.00;+0.00%;3860.00;3550.00;-8.03%;15.14%;Торцевые ключи;Так;*;Ні;
WHS5062;Ключ для ступиці 50х62мм- посилений (8-гр) (ХЗСО) WHS5062;ok;1319.00;1319.00;+0.00%;1670.00;1520.00;-8.98%;15.14%;Торцевые головки;Так;*;Ні;
WHS6036;Ключ для ступиці 36мм - посилений (6-гр) (ХЗСО) WHS6036;ok;843.00;843.00;+0.00%;1970.00;980.00;-50.25%;15.14%;Торцевые головки;Так;*;Так;подешевшало на 50.3%
WHS6055;Ключ для ступиці 55мм - посилений (6-гр) (ХЗСО) WHS6055;ok;1308.00;1308.00;+0.00%;1650.00;1510.00;-8.48%;15.14%;Торцевые ключи;Так;*;Ні;
WHS6060;Ключ для ступиці 60мм - посилений (6-гр) (ХЗСО) WHS6060;ok;1319.00;1319.00;+0.00%;1670.00;1520.00;-8.98%;15.14%;Торцевые ключи;Так;*;Ні;
WHS6065;Ключ для ступиці 65мм - посилений (6-гр) (ХЗСО) WHS6065;ok;1888.00;1888.00;+0.00%;2370.00;2180.00;-8.02%;15.14%;Торцевые ключи;Так;*;Ні;
WHS6070;Ключ для ступиці 70мм - посилений (6-гр) (ХЗСО) WHS6070;ok;3170.00;3170.00;+0.00%;3970.00;3650.00;-8.06%;15.14%;Торцевые ключи;Так;*;Ні;
WHS6075;Ключ для ступиці 75мм- посилений (6-гр) (ХЗСО) WHS6075;ok;3083.00;3083.00;+0.00%;3860.00;3550.00;-8.03%;15.14%;Торцевые ключи;Так;*;Ні;
WHS6080;Ключ для ступиці 80мм - посилений (6-гр) (ХЗСО) WHS6080;ok;3083.00;3083.00;+0.00%;3860.00;3550.00;-8.03%;15.14%;Торцевые ключи;Так;*;Ні;
WHS6085;Ключ для ступиці 85мм - посилений (6-гр) (ХЗСО) WHS6085;ok;3084.00;3084.00;+0.00%;3860.00;3560.00;-7.77%;15.14%;Торцевые ключи;Так;*;Ні;
WHS6090;Ключ для ступиці 90мм - посилений (6-гр) (ХЗСО) WHS6090;ok;3083.00;3083.00;+0.00%;3860.00;3550.00;-8.03%;15.14%;Торцевые ключи;Так;*;Ні;
WHS6095;Ключ для ступиці 95мм - посилений (6-гр) (ХЗСО) WHS6095;ok;3584.00;3584.00;+0.00%;4480.00;4130.00;-7.81%;15.14%;Торцевые ключи;Так;*;Ні;
WHS6100;Ключ для ступиці 100мм - посилений (6-гр) (ХЗСО) WHS6100;ok;3106.00;3106.00;+0.00%;3890.00;3580.00;-7.97%;15.14%;Торцевые ключи;Так;*;Ні;
WHS6102;Ключ для ступиці 102мм - посилений (6-грю) (ХЗСО) WHS6102;ok;3106.00;3106.00;+0.00%;3890.00;3580.00;-7.97%;15.14%;Торцевые ключи;Так;*;Ні;
WHS6105;Ключ для ступиці 105мм - посилений (6-гр) (ХЗСО) WHS6105;ok;3584.00;3584.00;+0.00%;4480.00;4130.00;-7.81%;15.14%;Торцевые ключи;Так;*;Ні;
WHS6110;Ключ для ступиці 110мм - посилений (6-гр) (ХЗСО) WHS6110;ok;3585.00;3585.00;+0.00%;4480.00;4130.00;-7.81%;15.14%;Торцевые ключи;Так;*;Ні;
WHS6112;Ключ для ступиці 112мм - посилений (6-гр) (ХЗСО) WHS6112;ok;3585.00;3585.00;+0.00%;4480.00;4130.00;-7.81%;15.14%;Торцевые ключи;Так;*;Ні;
WHS6115;Ключ для ступиці 115мм - посилений (6-гр) (ХЗСО) WHS6115;ok;3618.00;3618.00;+0.00%;4520.00;4170.00;-7.74%;15.14%;Торцевые ключи;Так;*;Ні;
WHS6120;Ключ для ступиці 120мм - посилений (6-гр) (ХЗСО) WHS6120;ok;3698.00;3698.00;+0.00%;4620.00;4260.00;-7.79%;15.14%;Торцевые ключи;Так;*;Ні;
WHS6140;Ключ для ступиці 140мм - посилений (6-гр) (ХЗСО) WHS6140;ok;3770.00;3770.00;+0.00%;4710.00;4350.00;-7.64%;15.14%;Торцевые ключи;Так;*;Ні;
WHS76DLFA;Ключ для ступиці 76мм - посилений для передньої осі DAF LF45;ok;3300.00;3300.00;+0.00%;4130.00;3800.00;-7.99%;15.14%;Торцевые ключи;Так;*;Ні;
WHS8080;Ключ для ступиці 80мм - посилений (8-гр) (ХЗСО) WHS8080;ok;3083.00;3083.00;+0.00%;3860.00;3550.00;-8.03%;15.14%;Торцевые ключи;Так;*;Ні;
WHS8085;Ключ для ступиці 85мм - посилений (8-гр) (ХЗСО) WHS8085;ok;3083.00;3083.00;+0.00%;3860.00;3550.00;-8.03%;15.14%;Торцевые ключи;Так;*;Ні;
WHS8095;Ключ для ступиці 95мм - посилений (8-гр) (ХЗСО) WHS8095;ok;3585.00;3585.00;+0.00%;4480.00;4130.00;-7.81%;15.14%;Торцевые ключи;Так;*;Ні;
WHS8100;Ключ для ступиці 100мм - посилений (8-гр) (ХЗСО) WHS8100;ok;3106.00;3106.00;+0.00%;3890.00;3580.00;-7.97%;15.14%;Торцевые ключи;Так;*;Ні;
WHS8102;Ключ для ступиці 102мм- посилений (8-гр) (ХЗСО) WHS8102;ok;3106.00;3106.00;+0.00%;3890.00;3580.00;-7.97%;15.14%;Торцевые ключи;Так;*;Ні;
WHS8104;Ключ для ступиці 104мм - посилений (8-гр) (ХЗСО) WHS8104;ok;3185.00;3185.00;+0.00%;3990.00;3670.00;-8.02%;15.14%;Торцевые ключи;Так;*;Ні;
WHS8110;Ключ для ступиці 110мм - посилений (8-гр) (ХЗСО) WHS8110;ok;2988.00;2988.00;+0.00%;3740.00;3450.00;-7.75%;15.14%;Торцевые головки;Так;*;Ні;
WHS8115;Ключ для ступиці 115мм - посилений (8-гр) (ХЗСО) WHS8115;ok;3618.00;3618.00;+0.00%;4520.00;4170.00;-7.74%;15.14%;Торцевые ключи;Так;*;Ні;
WHS8120;Ключ для ступиці 120мм - посилений (8-гр) (ХЗСО) WHS8120;ok;3362.00;3362.00;+0.00%;4210.00;3880.00;-7.84%;15.14%;Торцевые ключи;Так;*;Ні;
WHS8140;Ключ для ступиці 140мм - посилений (8-гр) (ХЗСО) WHS8140;ok;3142.00;3142.00;+0.00%;3930.00;3620.00;-7.89%;15.14%;Торцевые ключи;Так;*;Ні;
WHS8160;Ключ для ступиці 160мм - посилений (8-гр) (ХЗСО) 8481160 JTC;ok;3000.00;3000.00;+0.00%;3760.00;3460.00;-7.98%;15.14%;Торцевые ключи;Так;*;Ні;
WHS98DLRA;Ключ для ступиці 98мм - посилений для задньої осі DAF LF45 (;ok;3300.00;3300.00;+0.00%;4130.00;3800.00;-7.99%;15.14%;Торцевые ключи;Так;*;Ні;
WL-0601;Ліхтар складаний світлодіодний (LED) акумуляторний 6 + 1 (Ma;ok;1209.00;1209.00;+0.00%;1530.00;1400.00;-8.50%;15.00%;default;Так;*;Ні;
WLDT2010;Сварочный стол 2000х1000х800мм (ХЗСО) WLDT2010;ok;35500.00;39000.00;+9.86%;44130.00;44850.00;+1.63%;15.00%;default;Так;*;Ні;
WLST-010;Переноска світлодіодна 10м 100LED 28Вт (220В) STANDART PROFI;ok;627.00;627.00;+0.00%;810.00;730.00;-9.88%;14.96%;Переносные светильники;Ні;*;Так;відсутній у фіді
WMT-0525M;Рулетка професійна магнітний зачіп 5м*25мм СТАНДАРТ WMT-0525;ok;100.00;100.00;+0.00%;150.00;120.00;-20.00%;15.17%;Измерительные рулетки;Ні;*;Так;відсутній у фіді + подешевшало на 20.0%
WS-303;Комплект для ремонту пластикових деталей (термостеплер) TRIS;ok;5754.00;5754.00;+0.00%;7180.00;6620.00;-7.80%;15.00%;default;Так;*;Ні;
WSA0101;Ключ амортизатора ВАЗ Москвич (ХЗСО) АМВМХ WSA0101;ok;266.00;266.00;+0.00%;360.00;310.00;-13.89%;15.00%;default;Ні;*;Так;відсутній у фіді
WSC-301;Комплект для ремонту пластикових деталей (Термостеплер акуму;ok;7378.00;7378.00;+0.00%;9190.00;8500.00;-7.51%;15.17%;Товары, общее;Так;*;Ні;
WSDH0050;Ваги ручні цифрові 50 кг PROTESTER WSDH0050;ok;505.00;505.00;+0.00%;740.00;590.00;-20.27%;15.00%;default;Так;*;Так;подешевшало на 20.3%
WSM0202;Ключ амортизаторний універсальний (ХЗСО) АМУН WSM0202;ok;304.00;304.00;+0.00%;410.00;350.00;-14.63%;15.00%;default;Ні;*;Так;відсутній у фіді
WT-206;Комплект для ремонту пластикових деталей TRISCO WT-206;ok;2597.00;2597.00;+0.00%;3250.00;2980.00;-8.31%;14.73%;Паяльники;Так;*;Ні;
WT-400;Рамний стапель для рихтування автомобілів WT-400;ok;414480.00;414480.00;+0.00%;474200.00;476660.00;+0.52%;15.00%;default;Ні;*;Так;відсутній у фіді
WT100A;Товщиномір ультразвуковий кол дисплей 1-225мм WINTACT WT100A;ok;5518.00;5518.00;+0.00%;6880.00;6280.00;-8.72%;13.71%;Толщиномеры;Так;*;Ні;
WT130A;Товщиномір ультразвуковий кол дисплей 1-300мм WINTACT WT130A;ok;8822.00;8822.00;+0.00%;10990.00;10040.00;-8.64%;13.71%;Толщиномеры;Так;*;Ні;
WT1357;Вимірювач рівня шуму (шумомір) фільтр А/С WINTACT WT1357;ok;1814.00;1814.00;+0.00%;2280.00;2090.00;-8.33%;14.69%;Шумомеры;Так;*;Ні;
WT200A;Товщиномір лакофарбових покриттів Fe/nFe 0-1800мкм WINTACT W;ok;1058.00;1058.00;+0.00%;1340.00;1210.00;-9.70%;13.71%;Толщиномеры;Ні;*;Так;відсутній у фіді
WT2100;Товщиномір лакофарбових покриттів HD-дисплей Fe 0-1800мкм WI;ok;6688.00;6688.00;+0.00%;8340.00;7610.00;-8.75%;13.71%;Толщиномеры;Ні;*;Так;відсутній у фіді
WT2110;Товщиномір лакофарбових покриттів HD-дисплей Fe/nFe 0-1500мк;ok;8848.00;8848.00;+0.00%;11020.00;10070.00;-8.62%;13.71%;Толщиномеры;Так;*;Ні;
WT300;Безконтактний інфрачервоний термометр (пірометр) -50-420° C ;ok;657.00;657.00;+0.00%;6020.00;760.00;-87.38%;14.69%;Термометры, пирометры, тепловизоры;Так;*;Так;подешевшало на 87.4%
WT3010;Безконтактний тестер напруги (12-1000 V/50/60Hz) WINTACT WT3;ok;421.00;421.00;+0.00%;4200.00;490.00;-88.33%;15.00%;default;Так;*;Так;подешевшало на 88.3%
WT308A;Термометр для гриля (м'яса) 2-х канальний Bluetooth -40-300°;ok;1702.00;1702.00;+0.00%;2140.00;1960.00;-8.41%;15.00%;default;Так;*;Ні;
WT308A-PR;Щуп для Термометра для гриля (м'яса) WT308A/B;ok;250.00;250.00;+0.00%;340.00;290.00;-14.71%;14.69%;Термометры, пирометры, тепловизоры;Так;*;Ні;
WT308B;Термометр для гриля (м'яса) 4-х канальний Bluetooth -40-300°;ok;1901.00;1901.00;+0.00%;2390.00;2190.00;-8.37%;14.69%;Термометры, пирометры, тепловизоры;Так;*;Ні;
WT311;Вимірювач поверхневого опору WINTACT WT311;ok;1469.00;1469.00;+0.00%;1850.00;1700.00;-8.11%;15.51%;Омметры;Так;*;Ні;
WT3120;Тестер електромагнітного випромінювання (1-1999В/м 0.01-99,9;ok;1122.00;1122.00;+0.00%;1420.00;1300.00;-8.45%;15.00%;default;Так;*;Ні;
WT3121;Тестер електромагнітного випромінювання (1-1999В/м 0,01-99,9;ok;1675.00;1675.00;+0.00%;2110.00;1940.00;-8.06%;15.51%;Омметры;Так;*;Ні;
WT3122;Тестер електромагнітного випромінювання (1-1999В/м 0,01-99,9;ok;1412.00;1412.00;+0.00%;1780.00;1630.00;-8.43%;15.00%;default;Так;*;Ні;
WT3160;Тепловізор від -20°C до 450°C матриця 160х120 чутливість 0,0;ok;26906.00;26906.00;+0.00%;33450.00;30860.00;-7.74%;14.69%;Термометры, пирометры, тепловизоры;Так;*;Ні;
WT319A;Безконтактний інфрачервоний термометр (пірометр) -50-400°C 1;ok;467.00;467.00;+0.00%;650.00;540.00;-16.92%;14.69%;Термометры, пирометры, тепловизоры;Так;*;Ні;
WT319B;Безконтактний інфрачервоний термометр (пірометр) -50-600°C 1;ok;523.00;523.00;+0.00%;680.00;600.00;-11.76%;14.69%;Термометры, пирометры, тепловизоры;Так;*;Ні;
WT320;Безконтактний інфрачервоний термометр (пірометр) -50-380° C ;ok;682.00;682.00;+0.00%;5440.00;790.00;-85.48%;14.69%;Термометры, пирометры, тепловизоры;Так;*;Так;подешевшало на 85.5%
WT3220;Тепловізор від -20°C до 450°C матриця 220х160 чутливість 0,0;ok;32358.00;32358.00;+0.00%;40230.00;37120.00;-7.73%;14.69%;Термометры, пирометры, тепловизоры;Так;*;Ні;
WT323A;Безконтактний інфрачервоний термометр (пірометр) кол дисплей;ok;1838.00;1838.00;+0.00%;2310.00;2110.00;-8.66%;14.69%;Термометры, пирометры, тепловизоры;Так;*;Ні;
WT323B;Безконтактний інфрачервоний термометр (пірометр) кол дисплей;ok;1848.00;1848.00;+0.00%;2320.00;2120.00;-8.62%;14.69%;Термометры, пирометры, тепловизоры;Так;*;Ні;
WT323C;Безконтактний інфрачервоний термометр (пірометр) кол дисплей;ok;1672.00;1672.00;+0.00%;2140.00;1920.00;-10.28%;14.69%;Термометры, пирометры, тепловизоры;Так;*;Ні;
WT323D;Безконтактний інфрачервоний термометр (пірометр) кол дисплей;ok;2006.00;2006.00;+0.00%;2520.00;2310.00;-8.33%;14.69%;Термометры, пирометры, тепловизоры;Так;*;Ні;
WT323E;Безконтактний інфрачервоний термометр (пірометр) кол дисплей;ok;2326.00;2326.00;+0.00%;2920.00;2670.00;-8.56%;14.69%;Термометры, пирометры, тепловизоры;Ні;*;Так;відсутній у фіді
WT326A;Безконтактний інфрачервоний термометр (пірометр) -50-400℃ 12;ok;638.00;638.00;+0.00%;820.00;740.00;-9.76%;14.69%;Термометры, пирометры, тепловизоры;Так;*;Ні;
WT326B;Безконтактний інфрачервоний термометр (пірометр) -50-600℃ 12;ok;726.00;726.00;+0.00%;930.00;840.00;-9.68%;14.69%;Термометры, пирометры, тепловизоры;Так;*;Ні;
WT326C;Безконтактний інфрачервоний термометр (пірометр) -50-800℃ 12;ok;866.00;866.00;+0.00%;1100.00;1000.00;-9.09%;14.69%;Термометры, пирометры, тепловизоры;Так;*;Ні;
WT326D;Безконтактний інфрачервоний термометр (пірометр) -50-950℃ 12;ok;983.00;983.00;+0.00%;1310.00;1130.00;-13.74%;14.69%;Термометры, пирометры, тепловизоры;Так;*;Ні;
WT327A;Безконтактний інфрачервоний термометр (пірометр) кол дисплей;ok;704.00;704.00;+0.00%;900.00;810.00;-10.00%;14.69%;Термометры, пирометры, тепловизоры;Так;*;Ні;
WT327B;Безконтактний інфрачервоний термометр (пірометр) кол дисплей;ok;854.00;854.00;+0.00%;1090.00;980.00;-10.09%;14.69%;Термометры, пирометры, тепловизоры;Так;*;Ні;
WT327C;Безконтактний інфрачервоний термометр (пірометр) кол дисплей;ok;949.00;949.00;+0.00%;1210.00;1090.00;-9.92%;14.69%;Термометры, пирометры, тепловизоры;Так;*;Ні;
WT327D;Безконтактний інфрачервоний термометр (пірометр) кол дисплей;ok;1071.00;1071.00;+0.00%;1360.00;1230.00;-9.56%;14.69%;Термометры, пирометры, тепловизоры;Ні;*;Так;відсутній у фіді
WT3320HQ;Тепловізор від -20°C до 300°C матриця 320х240 чутливість 0,0;ok;40524.00;40524.00;+0.00%;50370.00;46480.00;-7.72%;14.69%;Термометры, пирометры, тепловизоры;Так;*;Ні;
WT3652;Безконтактний інфрачервоний термометр (пірометр) 0-100°C WIN;ok;579.00;579.00;+0.00%;750.00;670.00;-10.67%;15.00%;default;Так;*;Ні;
WT55;Детектор прихованої проводини WINTACT WT55;ok;1968.00;1968.00;+0.00%;6950.00;2270.00;-67.34%;15.00%;default;Ні;*;Так;відсутній у фіді + подешевшало на 67.3%
WT550;Безконтактний інфрачервоний термометр (пірометр) -50-550° C ;ok;832.00;832.00;+0.00%;3050.00;960.00;-68.52%;14.69%;Термометры, пирометры, тепловизоры;Так;*;Так;подешевшало на 68.5%
WT630;Вологомір деревини безконтактний 0,5-79,5% WINTACT WT630;ok;1384.00;1384.00;+0.00%;1790.00;1590.00;-11.17%;14.51%;Влагомеры;Так;*;Ні;
WT63A;Віброметр WINTACT WT63A;ok;7456.00;7456.00;+0.00%;9290.00;8560.00;-7.86%;14.69%;Шумомеры;Так;*;Ні;
WT63B;Віброметр кол дисплей WINTACT WT63B;ok;8706.00;8706.00;+0.00%;65690.00;9990.00;-84.79%;14.69%;Шумомеры;Так;*;Так;подешевшало на 84.8%
WT63C;Віброметр з функцією вимірювання частоти кольоровий дисплей ;ok;12390.00;12390.00;+0.00%;15420.00;14220.00;-7.78%;14.69%;Шумомеры;Так;*;Ні;
WT64-10MW;Візуальний дефектоскоп (10mW) WINTACT WT64-10mW;ok;885.00;885.00;+0.00%;1130.00;1010.00;-10.62%;13.81%;Кабельные тестеры, wi-fi тестеры;Ні;*;Так;відсутній у фіді
WT65;Волоконно-оптичний тестер (-70dBm ~ + 6dBm) WINTACT WT65;ok;1420.00;1420.00;+0.00%;3400.00;1620.00;-52.35%;13.81%;Кабельные тестеры, wi-fi тестеры;Так;*;Так;подешевшало на 52.4%
WT660;Вологомір деревини та будматеріалів 0-70% WINTACT WT660;ok;565.00;565.00;+0.00%;730.00;650.00;-10.96%;14.51%;Влагомеры;Так;*;Ні;
WT6810;Ендоскоп (WiFi) WINTACT WT6810;ok;3872.00;3872.00;+0.00%;4840.00;4380.00;-9.50%;12.96%;Технические эндоскопы, видеоскопы;Ні;*;Так;відсутній у фіді
WT700;Безконтактний інфрачервоний термометр (пірометр) -50-750° C ;ok;1867.00;1867.00;+0.00%;7340.00;2150.00;-70.71%;14.69%;Термометры, пирометры, тепловизоры;Так;*;Так;подешевшало на 70.7%
WT81;Вимірювач рівня освітлення (Люксметр) + термометр WINTACT WT;ok;957.00;957.00;+0.00%;1440.00;1100.00;-23.61%;14.69%;Люксметры;Так;*;Так;подешевшало на 23.6%
WT816;Анемометр 0,1-30м/с -10-45° C WINTACT WT816;ok;713.00;713.00;+0.00%;910.00;800.00;-12.09%;11.06%;Анемометры;Так;*;Ні;
WT816A;Анемометр 0,7-30м/с -10-45°C WINTACT WT816A;ok;664.00;664.00;+0.00%;850.00;740.00;-12.94%;11.06%;Анемометры;Так;*;Ні;
WT81B;Вимірювач рівня освітлення (Люксметр) + термометр Bluetooth ;ok;1320.00;1320.00;+0.00%;7510.00;1520.00;-79.76%;14.69%;Люксметры;Так;*;Так;подешевшало на 79.8%
WT82;Анемометр 0,3-30м/с -10-45°C WINTACT WT82;ok;916.00;916.00;+0.00%;1330.00;1020.00;-23.31%;11.06%;Анемометры;Ні;*;Так;відсутній у фіді + подешевшало на 23.3%
WT82B;Анемометр Bluetooth 0,3-30м/с -10-45°C WINTACT WT82B;ok;1320.00;1320.00;+0.00%;1670.00;1470.00;-11.98%;11.06%;Анемометры;Так;*;Ні;
WT83;Термогігрометр 0-100% -20-70° C WINTACT WT83;ok;1151.00;1151.00;+0.00%;1520.00;1330.00;-12.50%;14.69%;Термометры, пирометры, тепловизоры;Так;*;Ні;
WT83B;Термогігрометр Bluetooth 0-100% -20-70° C WINTACT WT83B;ok;1688.00;1688.00;+0.00%;2130.00;1940.00;-8.92%;14.69%;Термометры, пирометры, тепловизоры;Так;*;Ні;
WT85;Вимірювач рівня шуму (шумомір) WINTACT WT85;ok;966.00;966.00;+0.00%;4220.00;1110.00;-73.70%;14.69%;Шумомеры;Так;*;Так;подешевшало на 73.7%
WT85B;Вимірювач рівня шуму (шумомір) Bluetooth WINTACT WT85B;ok;1456.00;1456.00;+0.00%;1840.00;1670.00;-9.24%;14.69%;Шумомеры;Так;*;Ні;
WT87A;Анемометр 0,3-30м/с -10-45°C WINTACT WT87A;ok;1336.00;1336.00;+0.00%;1690.00;1490.00;-11.83%;11.06%;Анемометры;Так;*;Ні;
WT87B;Анемометр USB Bluetooth 0,3-30м/с -10-45°C WINTACT WT87B;ok;1881.00;1881.00;+0.00%;2370.00;2090.00;-11.81%;11.06%;Анемометры;Так;*;Ні;
WT87C;Анемометр з функцією вимірювання об'ємної витрати повітря 0,;ok;1376.00;1376.00;+0.00%;1740.00;1530.00;-12.07%;11.06%;Анемометры;Ні;*;Так;відсутній у фіді
WT8800;Детектор кисню O2 (0-30% VOL) ​​WINTACT WT8800;ok;5562.00;5562.00;+0.00%;6940.00;6380.00;-8.07%;14.69%;Газоанализаторы;Ні;*;Так;відсутній у фіді
WT8801;Монітор концентрації горючих газів (0-100% LEL) WINTACT WT88;ok;4699.00;4699.00;+0.00%;5870.00;5390.00;-8.18%;14.69%;Газоанализаторы;Так;*;Ні;
WT8802;Монітор сірководню H2S (0-100 μmol/mol) WINTACT WT8802;ok;5192.00;5192.00;+0.00%;6480.00;5960.00;-8.02%;14.69%;Газоанализаторы;Ні;*;Так;відсутній у фіді
WT8806;Монітор чадного газу CO (0-1000 μmol/mol) WINTACT WT8806;ok;4910.00;4910.00;+0.00%;6130.00;5640.00;-7.99%;14.69%;Газоанализаторы;Ні;*;Так;відсутній у фіді
WT8807;Газоаналізатор вуглекислого газу CO2 (0-10000 μmol/mol) WINT;ok;6273.00;6273.00;+0.00%;7820.00;7200.00;-7.93%;14.69%;Газоанализаторы;Так;*;Ні;
WT8811;Вимірювач концентрації газів (кисень моноокис вуглецю сірков;ok;10418.00;10418.00;+0.00%;12970.00;11950.00;-7.86%;14.69%;Газоанализаторы;Так;*;Ні;
WT8812;Вимірювач концентрації газів (кисень моноокис вуглецю сірков;ok;6200.00;6200.00;+0.00%;7730.00;7120.00;-7.89%;14.69%;Газоанализаторы;Так;*;Ні;
WT8820;Детектор горючих газів (10% LEL) WINTACT WT8820;ok;1368.00;1368.00;+0.00%;1730.00;1570.00;-9.25%;14.69%;Газоанализаторы;Так;*;Ні;
WT8821;Монітор кисню O2 + термометр (0-25% VOL 0-50° C) WINTACT WT8;ok;4015.00;4015.00;+0.00%;5020.00;4610.00;-8.17%;14.69%;Газоанализаторы;Ні;*;Так;відсутній у фіді
WT8823;Монітор концентрації горючих газів + термометр (0-100% LEL 0;ok;2328.00;2328.00;+0.00%;2920.00;2670.00;-8.56%;14.69%;Газоанализаторы;Так;*;Ні;
WT8825;Монітор окису вуглецю CO + термометр (0-1000 ppm 0-50° C) WI;ok;3428.00;3428.00;+0.00%;4290.00;3940.00;-8.16%;14.69%;Газоанализаторы;Ні;*;Так;відсутній у фіді
WT8827;Детектор фреону (10 ~ 1000 PPM) WINTACT WT8827;ok;1996.00;1996.00;+0.00%;2510.00;2290.00;-8.76%;14.69%;Течеискатели;Ні;*;Так;відсутній у фіді
WT900;Безконтактний інфрачервоний термометр (пірометр) -50-950° C ;ok;1790.00;1790.00;+0.00%;4300.00;2060.00;-52.09%;14.69%;Термометры, пирометры, тепловизоры;Ні;*;Так;відсутній у фіді + подешевшало на 52.1%
WTB140L;Ванна для проверки герметичности колес легковых и легких ком;ok;8844.00;8844.00;+0.00%;11020.00;10180.00;-7.62%;15.00%;default;Так;*;Ні;
WTB400;Ванна для перевірки герметичності легкових та вантажних колі;ok;14982.00;14982.00;+0.00%;29280.00;17080.00;-41.67%;13.94%;Инструменты для ремонта и восстановления шин;Ні;*;Так;відсутній у фіді + подешевшало на 41.7%
WTHA0300;Крюк для в'язання арматури автоматичний 300мм СТАНДАРТ WTHA0;ok;386.00;386.00;+0.00%;510.00;450.00;-11.76%;15.00%;default;Так;*;Ні;
WTHB0210;Крюк для в'язання арматури 210мм СТАНДАРТ WTHB0210;ok;84.00;84.00;+0.00%;130.00;100.00;-23.08%;15.17%;Товары, общее;Так;*;Так;подешевшало на 23.1%
WTT500;Візок для транспортування і установки коліс (500кг) (ХЗСО) W;ok;33396.00;33396.00;+0.00%;41520.00;38410.00;-7.49%;15.00%;default;Так;*;Ні;
X-431 ADAS KIT;Набір опціональних передніх панелей для стенда X-431 ADAS LA;ok;136400.00;136400.00;+0.00%;169490.00;156860.00;-7.45%;15.00%;default;Ні;*;Так;відсутній у фіді
X-431 ADAS MOBILE;Стенд для калібровки камер датчиків и радарів систем ADAS ве;ok;308000.00;308000.00;+0.00%;352380.00;353160.00;+0.22%;14.66%;Стенды регулировки развал-схождения колес;Так;*;Ні;
X-431 ADAS PRO;Стенд для калібровки камер датчиків и радарів систем ADAS ве;ok;180400.00;180400.00;+0.00%;206410.00;206850.00;+0.21%;14.66%;Стенды регулировки развал-схождения колес;Ні;*;Так;відсутній у фіді
X-431 HDIII;Діагностичний адаптер нового покоління для вантажівок та лег;ok;48300.00;48300.00;+0.00%;60030.00;55390.00;-7.73%;14.66%;Автомобильные диагностические сканеры;Ні;*;Так;відсутній у фіді
X-431 IMMO PAD;Універсальний комплект для програмування ключів та розширено;ok;158400.00;158400.00;+0.00%;181240.00;181630.00;+0.22%;14.66%;Автомобильные диагностические сканеры;Ні;*;Так;відсутній у фіді
X-431 IMMO PRO;Універсальний комплект для програмування ключів та базової д;ok;63800.00;63800.00;+0.00%;84220.00;73160.00;-13.13%;14.66%;Автомобильные диагностические сканеры;Ні;*;Так;відсутній у фіді
X-431 PADV;Автомобільний мультимарочний сканер LAUNCH X-431PADV;ok;127600.00;127600.00;+0.00%;158550.00;146310.00;-7.72%;14.66%;Автомобильные диагностические сканеры;Так;*;Ні;
X-431 PADV II;Автомобільний мультимарочний сканер LAUNCH X-431 PADV II;ok;167200.00;167200.00;+0.00%;191310.00;191720.00;+0.21%;14.66%;Автомобильные диагностические сканеры;Ні;*;Так;відсутній у фіді
X-431 PRO;Автомобільний мультимарочний сканер LAUNCH X-431 PRO;ok;55000.00;55000.00;+0.00%;68360.00;63070.00;-7.74%;14.66%;Автомобильные диагностические сканеры;Ні;*;Так;відсутній у фіді
X-431 PRO3;Мультимарковий автосканер LAUNCH X-431 PRO3;ok;63000.00;63000.00;+0.00%;78300.00;72240.00;-7.74%;14.66%;Автомобильные диагностические сканеры;Ні;*;Так;відсутній у фіді
X-431 PRO5 SMARTLINK;Автомобільний мультімарочний сканер LAUNCH X-431 PRO5 Smartl;ok;109200.00;109200.00;+0.00%;135690.00;125210.00;-7.72%;14.66%;Автомобильные диагностические сканеры;Ні;*;Так;відсутній у фіді
X-431 TSGUN;Модуль настройки системи контролю тиску в шинах (TPMS) LAUNC;ok;12100.00;12100.00;+0.00%;15060.00;13920.00;-7.57%;15.00%;default;Ні;*;Так;відсутній у фіді
X-431 TSGUN PRO;Модуль настройки системи контролю тиску в шинах (TPMS) та 4 ;ok;13200.00;13200.00;+0.00%;16430.00;15180.00;-7.61%;15.00%;default;Ні;*;Так;відсутній у фіді
X-PROG;Програматор іммобілайзера LAUNCH X-PROG;ok;16324.00;16324.00;+0.00%;44010.00;18780.00;-57.33%;15.00%;default;Ні;*;Так;відсутній у фіді + подешевшало на 57.3%
X-PROG 3;Модуль прошивки іммобілайзера та програматор ключів LAUNCH X;ok;38720.00;38720.00;+0.00%;48130.00;44400.00;-7.75%;14.66%;Автомобильные диагностические сканеры;Так;*;Ні;
XB80KSH;Комплект щупів к B8010KVS;ok;1452.00;1452.00;+0.00%;1830.00;1660.00;-9.29%;13.94%;Оборудование для замены масел и смазок;Так;*;Ні;
XG000140;Сумка 600x300x320 TOPTUL XG000140;ok;2758.00;2758.00;+0.00%;3450.00;3180.00;-7.83%;15.00%;default;Так;*;Ні;
Y30;Ручний лазерний далекомір 30 м PROTESTER Y30;ok;1288.00;1288.00;+0.00%;1630.00;1490.00;-8.59%;14.97%;Лазерные дальномеры;Ні;*;Так;відсутній у фіді
ZD03;Пристрій для автоматичного розбортування колеса без монтиров;ok;40040.00;40040.00;+0.00%;49770.00;45950.00;-7.68%;14.74%;Комплектующие для шиномонтажа;Ні;*;Так;відсутній у фіді
ZPTN0212;Пневматичний пристрій для клепки гальмівних накладок;ok;77616.00;77616.00;+0.00%;96450.00;85870.00;-10.97%;10.63%;Пневматические заклепочники;Так;*;Ні;
ZSQ-0.6;Викрутка динамометрична 1/4 0.1-0.6Nm PROTESTER ZSQ-0.6;ok;1562.00;1562.00;+0.00%;1970.00;1810.00;-8.12%;15.29%;Отвертки;Так;*;Ні;
ZSQ-1.2;Викрутка динамометрична 1/4 0.2-1.2Nm PROTESTER ZSQ-1.2;ok;1562.00;1562.00;+0.00%;1970.00;1810.00;-8.12%;15.29%;Отвертки;Так;*;Ні;
ZSQ-6;Викрутка динамометрична 1/4 1-6Nm PROTESTER ZSQ-6;ok;1562.00;1562.00;+0.00%;1970.00;1810.00;-8.12%;15.29%;Отвертки;Ні;*;Так;відсутній у фіді
ISMARTLINK-D01;Автомобільний сканер (ADAS + IMMO) LAUNCH iSmartLink-D01;ok;66000.00;66000.00;+0.00%;82020.00;75680.00;-7.73%;14.66%;Автомобильные диагностические сканеры;Ні;*;Так;відсутній у фіді
ISMARTTOOL-601MAX;Автомобільний сканер (TPMS + АКБ) LAUNCH iSmartTool-601MAX;ok;30800.00;30800.00;+0.00%;38290.00;35320.00;-7.76%;14.66%;Автомобильные диагностические сканеры;Ні;*;Так;відсутній у фіді
АТЕСТР;Автотестер універсальний автомобільний АТЕСТР (Жовті Води);ok;782.00;782.00;+0.00%;1000.00;910.00;-9.00%;15.51%;Мультиметры;Ні;*;Так;відсутній у фіді
БАЛ17Х;Балонний ключ для шиномонтажу S17 (Харків) БАЛ17Х;ok;51.00;51.00;+0.00%;90.00;60.00;-33.33%;15.34%;Балонные ключи;Ні;*;Так;відсутній у фіді + подешевшало на 33.3%
В12ГМС;"Вороток 1/2"" Г-образный большой (Мотор Сiч) В12ГМС";ok;100.00;100.00;+0.00%;150.00;120.00;-20.00%;14.92%;Воротки, трещотки;Ні;*;Так;відсутній у фіді + подешевшало на 20.0%
В34МСГ;"Вороток 3/4"" Г-подібний великий (Мотор Січ) В34МСГ";ok;424.00;424.00;+0.00%;550.00;490.00;-10.91%;14.92%;Воротки, трещотки;Ні;*;Так;відсутній у фіді
В34ХГ;"Вороток 3/4"" Г-подібний (Харків) В34ХГ";ok;225.00;225.00;+0.00%;310.00;260.00;-16.13%;14.92%;Воротки, трещотки;Ні;*;Так;відсутній у фіді
В34ЧНГ;"Вороток Г-подібний КС-56 3/4"" (Чернігів) В34ЧНГ";ok;641.00;641.00;+0.00%;820.00;740.00;-9.76%;14.92%;Воротки, трещотки;Ні;*;Так;відсутній у фіді
В38ЧНГБ;"Вороток Г-подібний КС-10-01 3/8"" 215мм (Чернігів) В38ЧНГБ";ok;132.00;132.00;+0.00%;190.00;160.00;-15.79%;14.92%;Воротки, трещотки;Ні;*;Так;відсутній у фіді
В38ЧНГМ;"Вороток Г-подібний КС-10 3/8"" 160мм (Чернігів) В38ЧНГМ";ok;103.00;103.00;+0.00%;160.00;120.00;-25.00%;14.92%;Воротки, трещотки;Ні;*;Так;відсутній у фіді + подешевшало на 25.0%
ВИЛЦХ;"Знімач рульових і кульових ""вилка"" цементований (ХЗСО)";ok;695.00;695.00;+0.00%;890.00;800.00;-10.11%;14.60%;Механические съемники;Так;*;Ні;
ВЛК-ПРФ;Вулканізатор універсальний ВУЛКАН-ПРОФІ (Харків) TRAD004 ВЛК;ok;9130.00;9130.00;+0.00%;11370.00;10480.00;-7.83%;14.74%;Вулканизаторы для автомобильных шин и камер;Ні;*;Так;відсутній у фіді
ВНАГР100;Вилка навантажувальна ( 100А ) (Херсон);ok;1299.00;1299.00;+0.00%;1750.00;1490.00;-14.86%;14.29%;Тестеры для аккумуляторов;Так;*;Ні;
ВНАГР200;Вилка навантажувальна (100-200А) (Херсон);ok;2130.00;2130.00;+0.00%;2670.00;2440.00;-8.61%;14.29%;Тестеры для аккумуляторов;Так;*;Ні;
ВП1234ЧН;"Вороток 1/2""+3/4"" КС-68 (Чернігів) ВП1234ЧН";ok;626.00;626.00;+0.00%;810.00;720.00;-11.11%;14.92%;Воротки, трещотки;Ні;*;Так;відсутній у фіді
Г100ЛЧ6;Головка торцева під монтировку 100мм 6-гранна (Чернігів);ok;1581.00;1581.00;+0.00%;20980.00;1830.00;-91.28%;15.14%;Торцевые головки;Ні;*;Так;відсутній у фіді + подешевшало на 91.3%
Г100ЛЧ8;Головка 8-гранна 100 мм під монтировку (Чернігів);ok;1900.00;1900.00;+0.00%;2510.00;2190.00;-12.75%;15.14%;Торцевые головки;Ні;*;Так;відсутній у фіді
Г1ДК17;"Головка торцева 1"" 17мм ""Далекобійник""";ok;239.00;239.00;+0.00%;330.00;280.00;-15.15%;15.14%;Торцевые головки;Так;*;Ні;
Г1ДК17ВК;"Головка торцева 1"" внутрішній квадрат 17мм ""Далекобійник"" Г1";ok;239.00;239.00;+0.00%;330.00;280.00;-15.15%;15.14%;Торцевые головки;Так;*;Ні;
Г1ДК19;"Головка торцева 1"" 19мм ""Далекобійник""";ok;239.00;239.00;+0.00%;330.00;280.00;-15.15%;15.14%;Торцевые головки;Так;*;Ні;
Г1ДК19ВК;"Головка торцева 1"" внутрішній квадрат 19мм ""Далекобійник"" Г1";ok;239.00;239.00;+0.00%;330.00;280.00;-15.15%;15.14%;Торцевые головки;Так;*;Ні;
Г1ДК21;"Головка торцева 1"" 21мм ""Далекобійник""";ok;239.00;239.00;+0.00%;330.00;280.00;-15.15%;15.14%;Торцевые головки;Так;*;Ні;
Г1ДК21ВК;"Головка торцева 1"" внутрішній квадрат 21мм ""Далекобійник"" Г1";ok;235.00;235.00;+0.00%;320.00;280.00;-12.50%;15.14%;Торцевые головки;Так;*;Ні;
Г1ДК22;"Головка торцева 1"" 22мм ""Далекобійник""";ok;239.00;239.00;+0.00%;330.00;280.00;-15.15%;15.14%;Торцевые головки;Так;*;Ні;
Г1ДК22ВК;"Головка торцева 1"" внутрішній квадрат 22мм ""Далекобійник"" Г1";ok;239.00;239.00;+0.00%;330.00;280.00;-15.15%;15.14%;Торцевые головки;Так;*;Ні;
Г1ДК24;"Головка торцева 1"" 24мм ""Далекобійник""";ok;239.00;239.00;+0.00%;330.00;280.00;-15.15%;15.14%;Торцевые головки;Так;*;Ні;
Г1ДК27;"Головка торцева 1"" 27мм ""Далекобійник""";ok;239.00;239.00;+0.00%;330.00;280.00;-15.15%;15.14%;Торцевые головки;Так;*;Ні;
Г1ДК30;"Головка торцева 1"" 30мм ""Далекобійник""";ok;239.00;239.00;+0.00%;330.00;280.00;-15.15%;15.14%;Торцевые головки;Так;*;Ні;
Г1ДК32;"Головка торцева 1"" 32мм ""Далекобійник""";ok;239.00;239.00;+0.00%;330.00;280.00;-15.15%;15.14%;Торцевые головки;Так;*;Ні;
Г1ДК33;"Головка торцева 1"" 33мм ""Далекобійник""";ok;235.00;235.00;+0.00%;320.00;280.00;-12.50%;15.14%;Торцевые головки;Так;*;Ні;
Г1ДК34;"Головка торцева 1"" 34мм ""Далекобійник""";ok;235.00;235.00;+0.00%;320.00;280.00;-12.50%;15.14%;Торцевые головки;Так;*;Ні;
Г1ДК35;"Головка торцева 1"" 35мм ""Далекобійник""";ok;235.00;235.00;+0.00%;320.00;280.00;-12.50%;15.14%;Торцевые головки;Так;*;Ні;
Г1ДК36;"Головка торцева 1"" 36мм ""Далекобійник""";ok;242.00;242.00;+0.00%;330.00;280.00;-15.15%;15.14%;Торцевые головки;Так;*;Ні;
Г1ДК38;"Головка торцева 1"" 38мм ""Далекобійник""";ok;260.00;260.00;+0.00%;350.00;300.00;-14.29%;15.14%;Торцевые головки;Так;*;Ні;
Г1ДК41;"Головка торцева 1"" 41мм ""Далекобійник""";ok;260.00;260.00;+0.00%;350.00;300.00;-14.29%;15.14%;Торцевые головки;Так;*;Ні;
Г1ДК46;"Головка торцева 1"" 46мм ""Далекобійник""";ok;520.00;520.00;+0.00%;670.00;600.00;-10.45%;15.14%;Торцевые головки;Так;*;Ні;
Г1ДК50;"Головка торцева 1"" 50мм ""Далекобійник""";ok;581.00;581.00;+0.00%;750.00;670.00;-10.67%;15.14%;Торцевые головки;Так;*;Ні;
Г1ДК55;"Головка торцева 1"" 55мм ""Далекобійник""";ok;779.00;779.00;+0.00%;1000.00;900.00;-10.00%;15.14%;Торцевые головки;Так;*;Ні;
Г34В22;"Головка торцева 22 мм 3/4"" (СНГ)";ok;175.00;175.00;+0.00%;2220.00;210.00;-90.54%;15.14%;Торцевые головки;Ні;*;Так;відсутній у фіді + подешевшало на 90.5%
Г34В46;"Головка торцева 3/4"" 46 мм (СНГ)";ok;310.00;310.00;+0.00%;4160.00;360.00;-91.35%;15.14%;Торцевые головки;Ні;*;Так;відсутній у фіді + подешевшало на 91.3%
Г34ДК19;"Головка торцева 3/4"" 19мм ""Далекобійник"" Г34ДК19";ok;258.00;258.00;+0.00%;350.00;300.00;-14.29%;15.14%;Торцевые головки;Так;*;Ні;
Г34ДК21;"Головка торцева 3/4"" 21мм ""Далекобійник"" Г34ДК21";ok;258.00;258.00;+0.00%;350.00;300.00;-14.29%;15.14%;Торцевые головки;Так;*;Ні;
Г34ДК22;"Головка торцева 3/4"" 22мм ""Далекобійник"" Г34ДК22";ok;258.00;258.00;+0.00%;350.00;300.00;-14.29%;15.14%;Торцевые головки;Так;*;Ні;
Г34ДК24;"Головка торцева 3/4"" 24мм ""Далекобійник"" Г34ДК24";ok;258.00;258.00;+0.00%;350.00;300.00;-14.29%;15.14%;Торцевые головки;Так;*;Ні;
Г34ДК27;"Головка торцева 3/4"" 27мм ""Далекобійник"" Г34ДК27";ok;258.00;258.00;+0.00%;350.00;300.00;-14.29%;15.14%;Торцевые головки;Так;*;Ні;
Г34ДК30;"Головка торцева 3/4"" 30мм ""Далекобійник"" Г34ДК30";ok;258.00;258.00;+0.00%;350.00;300.00;-14.29%;15.14%;Торцевые головки;Так;*;Ні;
Г34ДК32;"Головка торцева 3/4"" 32мм ""Далекобійник"" Г34ДК32";ok;258.00;258.00;+0.00%;350.00;300.00;-14.29%;15.14%;Торцевые головки;Так;*;Ні;
Г34ДК33;"Головка торцева 3/4"" 33мм ""Далекобійник"" Г34ДК33";ok;258.00;258.00;+0.00%;350.00;300.00;-14.29%;15.14%;Торцевые головки;Так;*;Ні;
Г34ДК34;"Головка торцева 3/4"" 34мм ""Далекобійник"" Г34ДК34";ok;258.00;258.00;+0.00%;350.00;300.00;-14.29%;15.14%;Торцевые головки;Так;*;Ні;
Г34ДК36;"Головка торцева 3/4"" 36мм ""Далекобійник"" Г34ДК36";ok;258.00;258.00;+0.00%;350.00;300.00;-14.29%;15.14%;Торцевые головки;Так;*;Ні;
Г34ДК38;"Головка торцева 3/4"" 38мм ""Далекобійник"" Г34ДК38";ok;258.00;258.00;+0.00%;350.00;300.00;-14.29%;15.14%;Торцевые головки;Так;*;Ні;
Г34ДК41;"Головка торцева 3/4"" 41мм ""Далекобійник"" Г34ДК41";ok;258.00;258.00;+0.00%;350.00;300.00;-14.29%;15.14%;Торцевые головки;Так;*;Ні;
Г34ДК46;"Головка торцева 3/4"" 46мм ""Далекобійник"" Г34ДК46";ok;458.00;458.00;+0.00%;600.00;530.00;-11.67%;15.14%;Торцевые головки;Так;*;Ні;
Г34ДК50;"Головка торцева 3/4"" 50мм ""Далекобійник"" Г34ДК50";ok;490.00;490.00;+0.00%;640.00;570.00;-10.94%;15.14%;Торцевые головки;Так;*;Ні;
Г34ДК55;"Головка торцева 3/4"" 55мм ""Далекобійник"" Г34ДК55";ok;602.00;602.00;+0.00%;780.00;700.00;-10.26%;15.14%;Торцевые головки;Так;*;Ні;
Г34ДК60;"Головка торцева 3/4"" 60мм ""Далекобійник"" Г34ДК60";ok;688.00;688.00;+0.00%;880.00;800.00;-9.09%;15.14%;Торцевые головки;Так;*;Ні;
Г85ЛЧ6;Головка 6-гранна 85 мм під монтировку (Чернігів);ok;1515.00;1515.00;+0.00%;2000.00;1750.00;-12.50%;15.14%;Торцевые головки;Ні;*;Так;відсутній у фіді
Г85ЛЧ8;Головка 8-гранна 85 мм під монтировку Г85ЛЧ8 Україна;ok;1535.00;1535.00;+0.00%;1940.00;1770.00;-8.76%;15.14%;Торцевые головки;Ні;*;Так;відсутній у фіді
ГМ17ДК;"Головка торцева під монтировку 17мм ""Далекобійник"" ГМ17ДК";ok;252.00;252.00;+0.00%;340.00;300.00;-11.76%;15.14%;Торцевые головки;Так;*;Ні;
ГМ19ДК;"Головка торцева під монтировку 19мм ""Далекобійник"" ГМ19ДК";ok;252.00;252.00;+0.00%;340.00;300.00;-11.76%;15.14%;Торцевые головки;Так;*;Ні;
ГМ22ДК;"Головка торцева під монтировку 22мм ""Далекобійник"" ГМ22ДК";ok;252.00;252.00;+0.00%;340.00;300.00;-11.76%;15.14%;Торцевые головки;Так;*;Ні;
ГМ24ДК;"Головка торцева під монтировку 24мм ""Далекобійник"" ГМ24ДК";ok;252.00;252.00;+0.00%;340.00;300.00;-11.76%;15.14%;Торцевые головки;Так;*;Ні;
ГМ27ДК;"Головка торцева під монтировку 27мм ""Далекобійник"" ГМ27ДК";ok;257.00;257.00;+0.00%;350.00;300.00;-14.29%;15.14%;Торцевые головки;Так;*;Ні;
ГМ30ДК;"Головка торцева під монтировку 30мм ""Далекобійник"" ГМ30ДК";ok;273.00;273.00;+0.00%;370.00;320.00;-13.51%;15.14%;Торцевые головки;Так;*;Ні;
ГМ32ДК;"Головка торцева під монтировку 32мм ""Далекобійник"" ГМ32ДК";ok;277.00;277.00;+0.00%;370.00;320.00;-13.51%;15.14%;Торцевые головки;Так;*;Ні;
ГМ33ДК;"Головка торцева під монтировку 33мм ""Далекобійник"" ГМ33ДК";ok;277.00;277.00;+0.00%;370.00;320.00;-13.51%;15.14%;Торцевые головки;Так;*;Ні;
ГМ34ДК;"Головка торцева під монтировку 34мм ""Далекобійник"" ГМ34ДК";ok;277.00;277.00;+0.00%;370.00;320.00;-13.51%;15.14%;Торцевые головки;Так;*;Ні;
ГМ36ДК;"Головка торцева під монтировку 36мм ""Далекобійник"" ГМ36ДК";ok;290.00;290.00;+0.00%;390.00;340.00;-12.82%;15.14%;Торцевые головки;Так;*;Ні;
ГМ38ДК;"Головка торцева під монтировку 38мм ""Далекобійник"" ГМ38ДК";ok;318.00;318.00;+0.00%;420.00;370.00;-11.90%;15.14%;Торцевые головки;Так;*;Ні;
ГМ41ДК;"Головка торцева під монтировку 41мм ""Далекобійник"" ГМ41ДК";ok;328.00;328.00;+0.00%;440.00;380.00;-13.64%;15.14%;Торцевые головки;Так;*;Ні;
ГМ46ДК;"Головка торцева під монтировку 46мм ""Далекобійник"" ГМ46ДК";ok;383.00;383.00;+0.00%;500.00;450.00;-10.00%;15.14%;Торцевые головки;Так;*;Ні;
ГМ50ДК;"Головка торцева під монтировку 50мм ""Далекобійник"" ГМ50ДК";ok;443.00;443.00;+0.00%;580.00;520.00;-10.34%;15.14%;Торцевые головки;Так;*;Ні;
ГМ55ДК;"Головка торцева під монтировку 55мм ""Далекобійник"" ГМ55ДК";ok;521.00;521.00;+0.00%;680.00;600.00;-11.76%;15.14%;Торцевые головки;Так;*;Ні;
ГМ60ДК;"Головка торцева під монтировку 60мм ""Далекобійник"" ГМ60ДК";ok;613.00;613.00;+0.00%;790.00;710.00;-10.13%;15.14%;Торцевые головки;Так;*;Ні;
ГМ65ДК;"Головка торцева під монтировку 65мм ""Далекобійник"" ГМ65ДК";ok;700.00;700.00;+0.00%;900.00;810.00;-10.00%;15.14%;Торцевые головки;Так;*;Ні;
ГМ70ДК;"Головка торцева під монтировку 70мм ""Далекобійник"" ГМ70ДК";ok;766.00;766.00;+0.00%;980.00;890.00;-9.18%;15.14%;Торцевые головки;Так;*;Ні;
ГМ75ДК;"Головка торцева під монтировку 75мм ""Далекобійник"" ГМ75ДК";ok;873.00;873.00;+0.00%;1110.00;1010.00;-9.01%;15.14%;Торцевые головки;Так;*;Ні;
ГМ80ДК;"Головка торцева під монтировку 80мм ""Далекобійник"" ГМ80ДК";ok;1074.00;1074.00;+0.00%;1360.00;1240.00;-8.82%;15.14%;Торцевые головки;Так;*;Ні;
ИКС;Індикатор якості суміші (ІКС);ok;1535.00;1535.00;+0.00%;3030.00;1770.00;-41.58%;15.00%;default;Ні;*;Так;відсутній у фіді + подешевшало на 41.6%
КАРД08Х;Торцевий Т-подібний ключ з карданом S8 КАРД08Х Україна;ok;78.00;78.00;+0.00%;130.00;90.00;-30.77%;15.14%;Торцевые ключи;Ні;*;Так;відсутній у фіді + подешевшало на 30.8%
КАРД10Х;Ключ торцовый шарнирный S10 (Харьков) КАРД10Х;ok;78.00;78.00;+0.00%;540.00;90.00;-83.33%;15.14%;Торцевые ключи;Ні;*;Так;відсутній у фіді + подешевшало на 83.3%
КАРД12Х;Ключ торцевий шарнірний S12 (Харків) КАРД12Х;ok;78.00;78.00;+0.00%;160.00;90.00;-43.75%;15.14%;Торцевые ключи;Ні;*;Так;відсутній у фіді + подешевшало на 43.8%
КАРД13Х;Ключ торцевий односторонній з карданом S13 (Харків) КАРД13Х;ok;78.00;78.00;+0.00%;820.00;90.00;-89.02%;15.14%;Торцевые ключи;Ні;*;Так;відсутній у фіді + подешевшало на 89.0%
КАРД14Х;Ключ торцевий Т-подібний з карданом S14 (Харків) КАРД14Х;ok;78.00;78.00;+0.00%;130.00;90.00;-30.77%;15.14%;Торцевые ключи;Ні;*;Так;відсутній у фіді + подешевшало на 30.8%
КЕРН;Керн (Харків);ok;11.00;11.00;+0.00%;260.00;40.00;-84.62%;15.34%;Пробойники, зубила, бородки;Ні;*;Так;відсутній у фіді + подешевшало на 84.6%
КПРЕЙ08МС;Ключ для підтягування рейки ВАЗ 2108-2109 (ХЗСО);ok;176.00;176.00;+0.00%;250.00;210.00;-16.00%;15.00%;default;Ні;*;Так;відсутній у фіді
КРДЛ;Крокодили (Херсон);ok;80.00;80.00;+0.00%;130.00;100.00;-23.08%;15.00%;default;Так;*;Так;подешевшало на 23.1%
КРСВК;Ключ для розбирання стійок 22мм WV AUDI (Київ);ok;330.00;330.00;+0.00%;440.00;380.00;-13.64%;15.00%;default;Так;*;Ні;
КРСВК19;Ключ для розбирання стійок 19мм WV AUDI;ok;330.00;330.00;+0.00%;440.00;380.00;-13.64%;15.00%;default;Так;*;Ні;
КРУЧ08Х;Ключ для ручника ВАЗ 2108-2109 (Харків);ok;83.00;83.00;+0.00%;130.00;100.00;-23.08%;15.00%;default;Ні;*;Так;відсутній у фіді + подешевшало на 23.1%
КРФ28;Ключ для розбирання дизельних форсунок d28;ok;392.00;392.00;+0.00%;520.00;450.00;-13.46%;14.60%;Механические съемники;Ні;*;Так;відсутній у фіді
КРФ30-6;Ключ для розбирання дизельних форсунок d30;ok;392.00;392.00;+0.00%;520.00;450.00;-13.46%;14.60%;Механические съемники;Ні;*;Так;відсутній у фіді
КС43-Б;"Вороток Г-образный КС-43 1/2"" никелированный (Чернигов) КС43";ok;221.00;221.00;+0.00%;300.00;260.00;-13.33%;14.92%;Воротки, трещотки;Ні;*;Так;відсутній у фіді
КС43-Ч;"Вороток Г-образный КС-43 1/2"" черный (Чернигов) КС43-Ч";ok;221.00;221.00;+0.00%;6220.00;260.00;-95.82%;14.92%;Воротки, трещотки;Ні;*;Так;відсутній у фіді + подешевшало на 95.8%
КС53-Б;"Вороток Г-образный КС-53 1/2"" никелированный (Чернигов) КС53";ok;307.00;307.00;+0.00%;15810.00;360.00;-97.72%;14.92%;Воротки, трещотки;Ні;*;Так;відсутній у фіді + подешевшало на 97.7%
КС53-Ч;"Вороток Г-образный КС-53 1/2"" черный (Чернигов) КС53-Ч";ok;307.00;307.00;+0.00%;410.00;360.00;-12.20%;14.92%;Воротки, трещотки;Ні;*;Так;відсутній у фіді
КСТАРТ13Х;Ключ стартерний S13 (Харків) КСТАРТ13Х;ok;40.00;40.00;+0.00%;80.00;50.00;-37.50%;15.00%;default;Ні;*;Так;відсутній у фіді + подешевшало на 37.5%
ЛОМХМ;"Подовжувач з карданом для зняття коробки ""лом"" чорний потужн";ok;166.00;166.00;+0.00%;230.00;200.00;-13.04%;15.14%;Торцевые головки;Ні;*;Так;відсутній у фіді
МОЛ20Т;Молоток 2кг (кувалда);ok;194.00;194.00;+0.00%;270.00;230.00;-14.81%;13.55%;Молотки, кувалды, киянки;Ні;*;Так;відсутній у фіді
МОЛ40Т;Молоток 4кг (кувалда);ok;298.00;298.00;+0.00%;400.00;340.00;-15.00%;13.55%;Молотки, кувалды, киянки;Ні;*;Так;відсутній у фіді
МОЛ60Т;Молоток 6кг (кувалда);ok;386.00;386.00;+0.00%;510.00;440.00;-13.73%;13.55%;Молотки, кувалды, киянки;Ні;*;Так;відсутній у фіді
МОЛ80Т;Молоток 8кг (кувалда);ok;485.00;485.00;+0.00%;630.00;560.00;-11.11%;13.55%;Молотки, кувалды, киянки;Ні;*;Так;відсутній у фіді
МОЛН;"Установка для перевірки свічок"" Молния"" (12В) з компресором";ok;5005.00;5005.00;+0.00%;6610.00;5760.00;-12.86%;15.00%;default;Ні;*;Так;відсутній у фіді
МОЛН220К;"Установка для перевірки свічок"" Молния-К"" (220В) з компресор";ok;5555.00;5555.00;+0.00%;6930.00;6390.00;-7.79%;15.00%;default;Ні;*;Так;відсутній у фіді
МОЛН220ПЕР;"Комплект перехідників для установки для перевірки свічок"" Мо";ok;1045.00;1045.00;+0.00%;1330.00;1210.00;-9.02%;15.00%;default;Ні;*;Так;відсутній у фіді
НОЖШАР25;Ніж для зенкерів розсувних 25.4-3 3 шт (Харків);ok;495.00;495.00;+0.00%;640.00;570.00;-10.94%;15.00%;default;Ні;*;Так;відсутній у фіді
НОЖШАР32;Ніж для зенкерів розсувних 32.4-3 1шт (Харків);ok;594.00;594.00;+0.00%;770.00;690.00;-10.39%;15.00%;default;Ні;*;Так;відсутній у фіді
НОЖШАР40;Ніж для зенкерів розсувних 40-3 1шт (Харків);ok;693.00;693.00;+0.00%;890.00;800.00;-10.11%;15.00%;default;Ні;*;Так;відсутній у фіді
НСВ1306;Свердла для металу Р6М5 13 шт 1,5-6,5 мм СТАНДАРТ НСВ1306;ok;187.00;187.00;+0.00%;260.00;220.00;-15.38%;15.00%;default;Ні;*;Так;відсутній у фіді
НСВ1306Т;Набір свердел для металу Р6М5 13 шт титан 1,5-6,5 мм СТАНДАР;ok;214.00;214.00;+0.00%;290.00;250.00;-13.79%;15.00%;default;Ні;*;Так;відсутній у фіді
НСВ1308;Свердла для металу Р6М5 13 шт 2-8 мм СТАНДАРТ НСВ1308;ok;230.00;230.00;+0.00%;310.00;270.00;-12.90%;15.00%;default;Ні;*;Так;відсутній у фіді
НСВ1308Т;Набір свердел для металу Р6М5 13 шт титан 2-8 мм СТАНДАРТ НС;ok;266.00;266.00;+0.00%;360.00;310.00;-13.89%;15.00%;default;Ні;*;Так;відсутній у фіді
НСВ1910;Свердла для металу Р6М5 19 шт 1-10 мм СТАНДАРТ НСВ1910;ok;412.00;412.00;+0.00%;540.00;480.00;-11.11%;15.00%;default;Ні;*;Так;відсутній у фіді
НСВ1910Т;Набір свердел для металу Р6М5 19 шт титан 1-10 мм СТАНДАРТ Н;ok;474.00;474.00;+0.00%;620.00;550.00;-11.29%;15.00%;default;Ні;*;Так;відсутній у фіді
НСВ2513;Набір свердел для металу Р6М5 25 шт 1-13 мм СТАНДАРТ НСВ2513;ok;818.00;818.00;+0.00%;1040.00;950.00;-8.65%;15.00%;default;Ні;*;Так;відсутній у фіді
НСВ2513Т;Свердла для металу Р6М5 25 шт титан 1-13мм СТАНДАРТ НСВ2513Т;ok;891.00;891.00;+0.00%;1140.00;1030.00;-9.65%;15.00%;default;Ні;*;Так;відсутній у фіді
НСК10ХЦ;Набивання сальників клапанів ВАЗ 2110 (16 V) (Харків);ok;89.00;89.00;+0.00%;140.00;110.00;-21.43%;15.00%;default;Ні;*;Так;відсутній у фіді + подешевшало на 21.4%
НШД;"Набір ""Далекобійник"" з підшипником (ключ колісний редукторни";ok;1900.00;1900.00;+0.00%;2530.00;2200.00;-13.04%;15.34%;Балонные ключи;Так;*;Ні;
НШД2;"Набір"" Далекобійник-2"" (ключ колісний редукторний) (Китай)";ok;2809.00;2809.00;+0.00%;3520.00;3240.00;-7.95%;15.14%;Мультипликаторы ключи;Так;*;Ні;
НШД3;"Набір"" Далекобійник-3"" (ключ колісний редукторний 3 швидкост";ok;2794.00;2794.00;+0.00%;3500.00;3230.00;-7.71%;15.34%;Балонные ключи;Так;*;Ні;
НШД4;"Набір ""Дальнобійник-4"" (ключ колісний редукторний) НШД4";ok;3320.00;3320.00;+0.00%;4150.00;3830.00;-7.71%;15.14%;Мультипликаторы ключи;Так;*;Ні;
ОТШАЙБА;OT-шайба 20шт (Харків);ok;132.00;132.00;+0.00%;6140.00;160.00;-97.39%;14.73%;Комплектующие для сварки и пайки;Так;*;Так;подешевшало на 97.4%
ПЕР10С;Подовжувач гаражний 10м СТАНДАРТ;ok;227.00;227.00;+0.00%;630.00;270.00;-57.14%;14.96%;Переносные светильники;Так;*;Так;подешевшало на 57.1%
ПЕР15С;Подовжувач гаражний 15м СТАНДАРТ;ok;280.00;280.00;+0.00%;380.00;330.00;-13.16%;14.96%;Переносные светильники;Так;*;Ні;
ПЕР20С;Подовжувач гаражний 20м СТАНДАРТ;ok;334.00;334.00;+0.00%;590.00;390.00;-33.90%;14.96%;Переносные светильники;Так;*;Так;подешевшало на 33.9%
ПЕР5С;Подовжувач гаражний 5м СТАНДАРТ ПЕР5С;ok;180.00;180.00;+0.00%;840.00;210.00;-75.00%;14.96%;Переносные светильники;Так;*;Так;подешевшало на 75.0%
ПЕСК-Ф;"Стенд для піскоструменевого очищення"" FOCUS""";ok;2700.00;2700.00;+0.00%;3380.00;2990.00;-11.54%;10.63%;Пневматические пескоструйные пистолеты;Ні;*;Так;відсутній у фіді
ПЕСК-Ч;"Стенд для піскоструменевого очищення"" Чемпіон""";ok;4400.00;4400.00;+0.00%;5490.00;4870.00;-11.29%;10.63%;Пневматические пескоструйные пистолеты;Ні;*;Так;відсутній у фіді
ПЛШ;Планшайба + конуси для верстата для балансування d36 (для ЗА;ok;6113.00;6113.00;+0.00%;7620.00;7020.00;-7.87%;14.74%;Комплектующие для шиномонтажа;Так;*;Ні;
ПЛШ40;Планшайба + конуси для верстата для балансування d40 (для ЗА;ok;6404.00;6404.00;+0.00%;7980.00;7350.00;-7.89%;14.74%;Комплектующие для шиномонтажа;Так;*;Ні;
ПОДШ08Л;Знімач підшипників маточини ВАЗ 2108-2109 з лапами (ХЗСО);ok;1394.00;1394.00;+0.00%;1760.00;1600.00;-9.09%;14.60%;Съемники подшипников;Ні;*;Так;відсутній у фіді
ПОДШ41КРЛ;"Знімач підшипників маточини ""Москвич 2141"" (ХЗСО)";ok;1157.00;1157.00;+0.00%;1470.00;1330.00;-9.52%;14.60%;Съемники подшипников;Ні;*;Так;відсутній у фіді
ПР0709В;Ключ прокачування 7*9мм (затискний) СТАНДАРТ ПР0709В;ok;170.00;170.00;+0.00%;1320.00;200.00;-84.85%;15.14%;Разрезные ключи;Так;*;Так;подешевшало на 84.8%
ПР0709Х;Ключ прокачки тормозов зажимной 7х9 мм (Харьков) ПР0709Х;ok;32.00;32.00;+0.00%;140.00;40.00;-71.43%;15.14%;Разрезные ключи;Ні;*;Так;відсутній у фіді + подешевшало на 71.4%
ПР0711В;Ключ прокачування 7*11мм (затискний) СТАНДАРТ ПР0711В;ok;170.00;170.00;+0.00%;990.00;200.00;-79.80%;15.14%;Разрезные ключи;Так;*;Так;подешевшало на 79.8%
ПР0711Х;Ключ прокачування гальмівної системи 7х11 мм (затискний) (Ха;ok;32.00;32.00;+0.00%;140.00;40.00;-71.43%;15.14%;Разрезные ключи;Ні;*;Так;відсутній у фіді + подешевшало на 71.4%
ПР0810В;Ключ прокачування 8*10мм (затискний) СТАНДАРТ ПР0810В;ok;170.00;170.00;+0.00%;370.00;200.00;-45.95%;15.14%;Торцевые ключи;Так;*;Так;подешевшало на 45.9%
ПР0810Х;Ключ прокачування гальм затискний 8х10 мм (Харків) ПР0810Х;ok;32.00;32.00;+0.00%;1170.00;40.00;-96.58%;15.14%;Разрезные ключи;Ні;*;Так;відсутній у фіді + подешевшало на 96.6%
ПР0911В;Ключ прокачування 9*11мм (затискний) СТАНДАРТ ПР0911В;ok;170.00;170.00;+0.00%;400.00;200.00;-50.00%;14.60%;Механические съемники;Так;*;Так;подешевшало на 50.0%
ПР0911Х;Ключ прокачування гальм 9х11 мм (затискний) (Харків) ПР0911Х;ok;32.00;32.00;+0.00%;140.00;40.00;-71.43%;15.14%;Разрезные ключи;Ні;*;Так;відсутній у фіді + подешевшало на 71.4%
ПР1012В;Ключ прокачування 10*12мм (затискний) СТАНДАРТ ПР1012В;ok;170.00;170.00;+0.00%;550.00;200.00;-63.64%;14.60%;Механические съемники;Так;*;Так;подешевшало на 63.6%
ПР1012Х;Ключ для гальмівних трубок 10х12 мм (затискний) (Харків) ПР1;ok;32.00;32.00;+0.00%;150.00;40.00;-73.33%;15.00%;default;Ні;*;Так;відсутній у фіді + подешевшало на 73.3%
ПР1013В;Ключ прокачування 10*13мм (затискний) СТАНДАРТ ПР1013В;ok;170.00;170.00;+0.00%;850.00;200.00;-76.47%;14.60%;Механические съемники;Так;*;Так;подешевшало на 76.5%
ПР1013Х;Ключ прокачки тормозной системы 10х13 мм (зажимной) (Харьков;ok;34.00;34.00;+0.00%;190.00;40.00;-78.95%;15.14%;Разрезные ключи;Ні;*;Так;відсутній у фіді + подешевшало на 78.9%
ПРК20М;Прикурювач L2 0м 500А мідь перетин 1x10 квмм (Херсон);ok;605.00;605.00;+0.00%;810.00;700.00;-13.58%;15.00%;default;Так;*;Ні;
ПРК25М;Прикурювач L'2 5 м 500А мідь перетин 1x10 квмм (Херсон);ok;670.00;670.00;+0.00%;1140.00;780.00;-31.58%;15.00%;default;Так;*;Так;подешевшало на 31.6%
ПРК30М;Прикурювач L3 0м 500А мідь перетин 1x10 квмм (Херсон);ok;725.00;725.00;+0.00%;1020.00;840.00;-17.65%;15.00%;default;Так;*;Ні;
ПРСВ220;Установка для перевірки свічок під тиском (220В);ok;5720.00;5720.00;+0.00%;7130.00;6580.00;-7.71%;15.00%;default;Ні;*;Так;відсутній у фіді
РАЗВ1011В;Розгортка ручна регульована 10-10,75 (Вінниця);ok;310.00;310.00;+0.00%;410.00;360.00;-12.20%;15.00%;default;Ні;*;Так;відсутній у фіді
РАЗВ1011Л;Розгортка ручна регульована d 10,5-11,5(пелюсткова) (Харків);ok;120.00;120.00;+0.00%;190.00;140.00;-26.32%;15.00%;default;Ні;*;Так;відсутній у фіді + подешевшало на 26.3%
РАЗВ10Л;Розгортка ручна регульована d 10 (пелюсткова) (Харків);ok;120.00;120.00;+0.00%;180.00;140.00;-22.22%;15.00%;default;Ні;*;Так;відсутній у фіді + подешевшало на 22.2%
РАЗВ10Ш;Розгортка ручна регульована d 10 (з кулькою) (Харків);ok;410.00;410.00;+0.00%;540.00;480.00;-11.11%;15.00%;default;Ні;*;Так;відсутній у фіді
РАЗВ1112В;Розгортка ручна регульована 10,75-11,75 (Вінниця);ok;318.00;318.00;+0.00%;420.00;370.00;-11.90%;15.00%;default;Ні;*;Так;відсутній у фіді
РАЗВ1113Л;Розгортка ручна регульована d 11,5-12,5 (пелюсткова) (Харків;ok;136.00;136.00;+0.00%;200.00;160.00;-20.00%;15.00%;default;Ні;*;Так;відсутній у фіді + подешевшало на 20.0%
РАЗВ11Ш;Розгортка ручна регульована d 11 (з кулькою) (Харків);ok;455.00;455.00;+0.00%;1740.00;530.00;-69.54%;15.00%;default;Ні;*;Так;відсутній у фіді + подешевшало на 69.5%
РАЗВ1213В;Розгортка ручна регульована 12-13,5(Вінниця);ok;358.00;358.00;+0.00%;470.00;420.00;-10.64%;15.00%;default;Ні;*;Так;відсутній у фіді
РАЗВ1213Л;Розгортка ручна рег d 12-13,5 (пелюсткова) (Харків);ok;136.00;136.00;+0.00%;200.00;160.00;-20.00%;15.00%;default;Ні;*;Так;відсутній у фіді + подешевшало на 20.0%
РАЗВ125Ш;Розгортка ручна регульована d 12,5 (з кулькою) (Харків);ok;455.00;455.00;+0.00%;590.00;530.00;-10.17%;15.00%;default;Ні;*;Так;відсутній у фіді
РАЗВ12Ш;Розгортка ручна регульована d 12 (з кулькою) (Харків);ok;455.00;455.00;+0.00%;590.00;530.00;-10.17%;15.00%;default;Ні;*;Так;відсутній у фіді
РАЗВ1315В;Розгортка ручна регульована 13,5-15,5 (Вінниця);ok;350.00;350.00;+0.00%;460.00;410.00;-10.87%;15.00%;default;Ні;*;Так;відсутній у фіді
РАЗВ1315Л;Розгортка ручна рег d 13,5-15 (пелюсткова) (Харків);ok;144.00;144.00;+0.00%;210.00;170.00;-19.05%;15.00%;default;Ні;*;Так;відсутній у фіді
РАЗВ14Ш;Розгортка ручна регульована d 14 (з кулькою) (Харків);ok;455.00;455.00;+0.00%;590.00;530.00;-10.17%;15.00%;default;Ні;*;Так;відсутній у фіді
РАЗВ1517В;Розгортка ручна регульована 15,25-17,25 (Вінниця);ok;360.00;360.00;+0.00%;480.00;420.00;-12.50%;15.00%;default;Ні;*;Так;відсутній у фіді
РАЗВ1719В;Розгортка ручна регульована 17,25-19 (Вінниця);ok;375.00;375.00;+0.00%;490.00;440.00;-10.20%;15.00%;default;Так;*;Ні;
РАЗВ1921В;Розгортка ручна регульована 19-21 (Вінниця);ok;415.00;415.00;+0.00%;540.00;480.00;-11.11%;15.00%;default;Ні;*;Так;відсутній у фіді
РАЗВ2123В;Розгортка ручна регульована 21-23 (Вінниця);ok;529.00;529.00;+0.00%;690.00;610.00;-11.59%;15.00%;default;Ні;*;Так;відсутній у фіді
РАЗВ2326В;Розгортка ручна регульована 23-26 (Вінниця);ok;605.00;605.00;+0.00%;780.00;700.00;-10.26%;15.00%;default;Ні;*;Так;відсутній у фіді
РАЗВ25ЛРЕГ;Розгортка ручна циліндрична d 25 з направл регульована (Харк;ok;1010.00;1010.00;+0.00%;1280.00;1170.00;-8.59%;15.00%;default;Ні;*;Так;відсутній у фіді
РАЗВ25ЦЕЛ-L350;Розгортка ручна циліндрична d 25 з направл L350 (Харків);ok;1150.00;1150.00;+0.00%;1460.00;1330.00;-8.90%;15.00%;default;Ні;*;Так;відсутній у фіді
РАЗВ2629В;Розгортка ручна регульована 26-29,5 (Вінниця);ok;785.00;785.00;+0.00%;1000.00;910.00;-9.00%;15.00%;default;Ні;*;Так;відсутній у фіді
РАЗВ2933В;Розгортка ручна регульована 29,5-33,5(Вінниця);ok;1075.00;1075.00;+0.00%;1480.00;1240.00;-16.22%;15.00%;default;Ні;*;Так;відсутній у фіді
РАЗВ30Л;Розгортка ручна циліндрична d 30 з направл регульована (Харк;ok;1070.00;1070.00;+0.00%;1360.00;1240.00;-8.82%;15.00%;default;Ні;*;Так;відсутній у фіді
РАЗВ30ЦЕЛ;Розгортка d 30 цільна з напрямом (Харків);ok;1220.00;1220.00;+0.00%;1540.00;1410.00;-8.44%;15.00%;default;Ні;*;Так;відсутній у фіді
РАЗВ32ЦЕЛ-L350;Розгортка ручна циліндрична d 32 з направл L350 (Харків);ok;1215.00;1215.00;+0.00%;1540.00;1400.00;-9.09%;15.00%;default;Ні;*;Так;відсутній у фіді
РАЗВ3338В;Розгортка ручна регульована 33,5-38 (Вінниця);ok;1480.00;1480.00;+0.00%;1870.00;1710.00;-8.56%;15.00%;default;Ні;*;Так;відсутній у фіді
РАЗВ3540В;Розгортка ручна регульована 35-40(Вінниця);ok;1499.00;1499.00;+0.00%;1890.00;1730.00;-8.47%;15.00%;default;Ні;*;Так;відсутній у фіді
РАЗВ35В-2;Розгортка під 35 вал подвійна (стандарт+ремонт) (Харків) РАЗ;ok;1400.00;1400.00;+0.00%;1770.00;1610.00;-9.04%;15.00%;default;Ні;*;Так;відсутній у фіді
РАЗВ35Л;Розгортка ручна циліндрична d 35 з направл регульована (Харк;ok;1165.00;1165.00;+0.00%;1480.00;1340.00;-9.46%;15.00%;default;Ні;*;Так;відсутній у фіді
РАЗВ35РЛ;Розгортка під 35 вал регульована пелюсткова (Харків);ok;316.00;316.00;+0.00%;420.00;370.00;-11.90%;15.00%;default;Ні;*;Так;відсутній у фіді
РАЗВ35ЦЕЛ;Розгортка d 35 цільна з напрямком (Харків);ok;1315.00;1315.00;+0.00%;1660.00;1520.00;-8.43%;15.00%;default;Так;*;Ні;
РАЗВ38Л;Розгортка ручна циліндрична d 38 з направл регульована (Харк;ok;1400.00;1400.00;+0.00%;1770.00;1610.00;-9.04%;15.00%;default;Ні;*;Так;відсутній у фіді
РАЗВ38ЦЕЛ;Розгортка d 38 цільна з напрямом (Харків);ok;1465.00;1465.00;+0.00%;1850.00;1690.00;-8.65%;15.00%;default;Ні;*;Так;відсутній у фіді
РАЗВ4043В;Розгортка ручна регульована 40-43 (Вінниця);ok;1925.00;1925.00;+0.00%;2540.00;2220.00;-12.60%;15.00%;default;Ні;*;Так;відсутній у фіді
РАЗВ4345В;Розгортка ручна регульована 43-45 (Вінниця);ok;2300.00;2300.00;+0.00%;2920.00;2650.00;-9.25%;15.00%;default;Ні;*;Так;відсутній у фіді
РАЗВ4547В;Розгортка ручна регульована 45-47 (Вінниця);ok;2320.00;2320.00;+0.00%;2910.00;2670.00;-8.25%;15.00%;default;Ні;*;Так;відсутній у фіді
РАЗВ45Л;Розгортка ручна циліндрична d 45 з напр регульована (Харків);ok;2780.00;2780.00;+0.00%;3480.00;3200.00;-8.05%;15.00%;default;Ні;*;Так;відсутній у фіді
РАЗВ45ЦЕЛ;Розгортка d 45 цільна з напрямом (Харків);ok;3080.00;3080.00;+0.00%;3850.00;3550.00;-7.79%;15.00%;default;Ні;*;Так;відсутній у фіді
РАЗВ4750В;Розгортка ручна регульована 47-50(Вінниця);ok;2840.00;2840.00;+0.00%;3950.00;3270.00;-17.22%;15.00%;default;Ні;*;Так;відсутній у фіді
РАЗВ5.99;Розгортка ручна циліндрична d 5.99 (Харків);ok;118.00;118.00;+0.00%;510.00;140.00;-72.55%;15.00%;default;Ні;*;Так;відсутній у фіді + подешевшало на 72.5%
РАЗВ50Л;Розгортка ручна циліндрична d 50 з направл регульована (Харк;ok;3245.00;3245.00;+0.00%;4060.00;3740.00;-7.88%;15.00%;default;Ні;*;Так;відсутній у фіді
РАЗВ50ЦЕЛ;Розгортка d 50 цільна з напрямом (Харків);ok;3390.00;3390.00;+0.00%;4240.00;3900.00;-8.02%;15.00%;default;Ні;*;Так;відсутній у фіді
РАЗВ6.00;Розгортка ручна циліндрична d 6.00 (Харків);ok;118.00;118.00;+0.00%;440.00;140.00;-68.18%;15.00%;default;Ні;*;Так;відсутній у фіді + подешевшало на 68.2%
РАЗВ6.01;Розгортка ручна циліндрична d 6.01 (Харків);ok;118.00;118.00;+0.00%;190.00;140.00;-26.32%;15.00%;default;Ні;*;Так;відсутній у фіді + подешевшало на 26.3%
РАЗВ6.02;Розгортка ручна циліндрична d 6.02 (Харків);ok;118.00;118.00;+0.00%;170.00;140.00;-17.65%;15.00%;default;Ні;*;Так;відсутній у фіді
РАЗВ6.99;Розгортка ручна циліндрична d 6.99 (Харків);ok;139.00;139.00;+0.00%;3640.00;160.00;-95.60%;15.00%;default;Ні;*;Так;відсутній у фіді + подешевшало на 95.6%
РАЗВ6Ш;Розгортка ручна регульована d 6 (з кулькою) (Харьков) РАЗВ6Ш;ok;378.00;378.00;+0.00%;520.00;440.00;-15.38%;15.00%;default;Ні;*;Так;відсутній у фіді
РАЗВ7.00;Розгортка ручна циліндрична d 7.00 (Харків);ok;139.00;139.00;+0.00%;330.00;160.00;-51.52%;15.00%;default;Ні;*;Так;відсутній у фіді + подешевшало на 51.5%
РАЗВ7.01;Розгортка ручна циліндрична d 7.01 (Харків);ok;139.00;139.00;+0.00%;330.00;160.00;-51.52%;15.00%;default;Ні;*;Так;відсутній у фіді + подешевшало на 51.5%
РАЗВ7.02;Розгортка ручна циліндрична d 7.02 (Харків);ok;139.00;139.00;+0.00%;200.00;160.00;-20.00%;15.00%;default;Ні;*;Так;відсутній у фіді + подешевшало на 20.0%
РАЗВ7.98;Розгортка ручна циліндрична d 7.98 (Харків);ok;157.00;157.00;+0.00%;220.00;190.00;-13.64%;15.00%;default;Ні;*;Так;відсутній у фіді
РАЗВ7.99;Розгортка ручна циліндрична d 7.99 (Харків);ok;157.00;157.00;+0.00%;410.00;190.00;-53.66%;15.00%;default;Ні;*;Так;відсутній у фіді + подешевшало на 53.7%
РАЗВ7Л;Розгортка ручна регульована d 7 (пелюсткова) (Харків);ok;120.00;120.00;+0.00%;190.00;140.00;-26.32%;15.00%;default;Ні;*;Так;відсутній у фіді + подешевшало на 26.3%
РАЗВ7Ш;Розгортка ручна регульована d 7 (з кулькою) (Харьков) РАЗВ7Ш;ok;378.00;378.00;+0.00%;500.00;440.00;-12.00%;15.00%;default;Ні;*;Так;відсутній у фіді
РАЗВ8.00;Розгортка ручна циліндрична d 8.00 (Харків);ok;157.00;157.00;+0.00%;360.00;190.00;-47.22%;15.00%;default;Ні;*;Так;відсутній у фіді + подешевшало на 47.2%
РАЗВ8.01;Розгортка ручна циліндрична d 8.01 (Харків);ok;157.00;157.00;+0.00%;330.00;190.00;-42.42%;15.00%;default;Ні;*;Так;відсутній у фіді + подешевшало на 42.4%
РАЗВ8.02;Розгортка ручна циліндрична d 8.02 (Харків);ok;157.00;157.00;+0.00%;390.00;190.00;-51.28%;15.00%;default;Ні;*;Так;відсутній у фіді + подешевшало на 51.3%
РАЗВ8.03;Розгортка ручна циліндрична d 8.03 (Харків);ok;157.00;157.00;+0.00%;480.00;190.00;-60.42%;15.00%;default;Ні;*;Так;відсутній у фіді + подешевшало на 60.4%
РАЗВ8.99;Розгортка ручна циліндрична d 8.99 (Харків);ok;188.00;188.00;+0.00%;350.00;220.00;-37.14%;15.00%;default;Ні;*;Так;відсутній у фіді + подешевшало на 37.1%
РАЗВ8Л;Розгортка ручна регульована d 8 (пелюсткова) (Харків);ok;120.00;120.00;+0.00%;180.00;140.00;-22.22%;15.00%;default;Ні;*;Так;відсутній у фіді + подешевшало на 22.2%
РАЗВ8Ш;Розгортка ручна регульована d 8 (з кулькою) (Харьков) РАЗВ8Ш;ok;378.00;378.00;+0.00%;500.00;440.00;-12.00%;15.00%;default;Ні;*;Так;відсутній у фіді
РАЗВ9.00;Розгортка ручна циліндрична d 9.00 (Харків);ok;188.00;188.00;+0.00%;360.00;220.00;-38.89%;15.00%;default;Ні;*;Так;відсутній у фіді + подешевшало на 38.9%
РАЗВ9.01;Розгортка ручна циліндрична d 9.01;ok;188.00;188.00;+0.00%;260.00;220.00;-15.38%;15.00%;default;Ні;*;Так;відсутній у фіді
РАЗВ9.02;Розгортка ручна циліндрична d 9.02 (Харків);ok;188.00;188.00;+0.00%;350.00;220.00;-37.14%;15.00%;default;Ні;*;Так;відсутній у фіді + подешевшало на 37.1%
РАЗВ9Л;Розгортка ручна регульована d 9 (пелюсткова) (Харків);ok;120.00;120.00;+0.00%;180.00;140.00;-22.22%;15.00%;default;Ні;*;Так;відсутній у фіді + подешевшало на 22.2%
РАЗВ9Ш;Розгортка ручна регульована d 9 (з кулькою) (Харьков) РАЗВ9Ш;ok;378.00;378.00;+0.00%;500.00;440.00;-12.00%;15.00%;default;Ні;*;Так;відсутній у фіді
РАЗВПРВ-Г;Розгортка промвала Газель 406ДВС (Харків);ok;1390.00;1390.00;+0.00%;1760.00;1600.00;-9.09%;15.00%;default;Ні;*;Так;відсутній у фіді
РАС-ВРХ;Розсухарювач клапанів ВОЛГА (ХЗСО);ok;503.00;503.00;+0.00%;650.00;580.00;-10.77%;15.00%;default;Ні;*;Так;відсутній у фіді
РАС-УН3НАС;Розсухарювач клапанів струбциною універсальний (3 насадки) (;ok;450.00;450.00;+0.00%;590.00;520.00;-11.86%;15.00%;default;Ні;*;Так;відсутній у фіді
РАС-УР;Розсухарювач клапанів УНІВЕРСАЛЬНИЙ (з ручкою) (ХЗСО);ok;803.00;803.00;+0.00%;1030.00;930.00;-9.71%;15.00%;default;Ні;*;Так;відсутній у фіді
РЕГ08Х;Регулювання клапанів ВАЗ 2108-2109 (Харків);ok;149.00;149.00;+0.00%;1160.00;180.00;-84.48%;15.00%;default;Ні;*;Так;відсутній у фіді + подешевшало на 84.5%
РЕГГАЗ;Прист для перевірки і рег-ння фаз газорозпод Газель (Харків);ok;1178.00;1178.00;+0.00%;1490.00;1350.00;-9.40%;14.60%;Механические съемники;Ні;*;Так;відсутній у фіді
РОЛ08Х;Ключ для підтягування ролика 08-09 (ХЗСО);ok;190.00;190.00;+0.00%;260.00;220.00;-15.38%;15.00%;default;Ні;*;Так;відсутній у фіді
СВ1617Х;Ключ свічний трубчастий 16x17 (Харків) СВ1617Х;ok;12.00;12.00;+0.00%;40.00;40.00;+0.00%;15.14%;Торцевые ключи;Ні;*;Так;відсутній у фіді
СВ16КАРДХ;Ключ торцевий свічковий 16 мм з карданом (Харків) СВ16КАРДХ;ok;95.00;95.00;+0.00%;150.00;110.00;-26.67%;15.14%;Торцевые ключи;Ні;*;Так;відсутній у фіді + подешевшало на 26.7%
СВ2122Х;Свечной ключ трубка 21х22 (Харьков) СВ2122Х;ok;15.00;15.00;+0.00%;50.00;40.00;-20.00%;15.14%;Торцевые ключи;Ні;*;Так;відсутній у фіді + подешевшало на 20.0%
СВ21КАРДХ;Ключ свічний шарнірний 21 мм (Харків) СВ21КАРДХ;ok;95.00;95.00;+0.00%;150.00;110.00;-26.67%;15.14%;Торцевые ключи;Ні;*;Так;відсутній у фіді + подешевшало на 26.7%
СЕРПМФ;"Затискний знімач масляного фільтра ""серп"" СЕРПМФ";ok;98.00;98.00;+0.00%;150.00;120.00;-20.00%;14.60%;Съемники автомобильных фильтров;Ні;*;Так;відсутній у фіді + подешевшало на 20.0%
СК2ЛБКОВ;Знімач двозахопний кований великий 250 мм (Харків) СК2ЛБКІВ;ok;569.00;569.00;+0.00%;740.00;660.00;-10.81%;14.60%;Съемники подшипников;Ні;*;Так;відсутній у фіді
СК2ЛРБ;"Знімач двухлапый ""рейок"" великий (Харків) СК2ЛРБ";ok;338.00;338.00;+0.00%;450.00;390.00;-13.33%;14.60%;Съемники подшипников;Ні;*;Так;відсутній у фіді
СК2ЛРМ;"Знімач дволапий ""рильс"" малий (Харків) СК2ЛРМ";ok;298.00;298.00;+0.00%;400.00;350.00;-12.50%;14.60%;Съемники подшипников;Ні;*;Так;відсутній у фіді
СК2ЛРСР;"Знімач двухлапый ""рейок"" середній (Харків) СК2ЛРСР";ok;318.00;318.00;+0.00%;420.00;370.00;-11.90%;14.60%;Съемники подшипников;Ні;*;Так;відсутній у фіді
СК2ЛСРКОВ;Знімач 2-х лапый кований середній 150мм (Харків) СК2ЛСРКОВ;ok;402.00;402.00;+0.00%;530.00;470.00;-11.32%;14.60%;Съемники подшипников;Ні;*;Так;відсутній у фіді
СК2ЛТСТ;"Знімач 2-х лапий ""рейка"" литий L150 (Харків)";ok;310.00;325.00;+4.84%;410.00;380.00;-7.32%;14.60%;Съемники подшипников;Так;*;Ні;
СК2ЛЦ;Знімач 2-лапий цементований (Харків) СК2ЛЦ;ok;508.00;508.00;+0.00%;660.00;590.00;-10.61%;14.60%;Съемники подшипников;Ні;*;Так;відсутній у фіді
СК3ЛКОВБ;"Знімач 3-х захватный кований 300мм ""величезний"" (Харків) СК3";ok;1236.00;1236.00;+0.00%;1560.00;1420.00;-8.97%;14.60%;Съемники подшипников;Ні;*;Так;відсутній у фіді
СК3ЛКОВМ;"Знімач 3-х захватный кований 150мм ""павучок"" (Харків) СК3ЛКО";ok;367.00;367.00;+0.00%;480.00;430.00;-10.42%;14.60%;Съемники подшипников;Ні;*;Так;відсутній у фіді
СК3ЛКОВСР;"Съемник 3-х захватный кованый 300мм ""паук"" (Харьков) СК3ЛКОВ";ok;716.00;716.00;+0.00%;920.00;830.00;-9.78%;14.60%;Съемники подшипников;Ні;*;Так;відсутній у фіді
СК4ЛКОВБ;Знімач 3-х лапый кований (великий) (Харків) СК4ЛКОВБ;ok;1008.00;1008.00;+0.00%;1280.00;1160.00;-9.38%;14.60%;Съемники подшипников;Ні;*;Так;відсутній у фіді
СК4ЛКОВМ;Знімач 3-х лапый кований (малий) (Харків) СК4ЛКОВМ;ok;396.00;396.00;+0.00%;520.00;460.00;-11.54%;14.60%;Съемники подшипников;Ні;*;Так;відсутній у фіді
СК4ЛКОВСР;Знімач 3-х лапый кований (середній) (Харків) СК4ЛКОВСР;ok;571.00;571.00;+0.00%;740.00;660.00;-10.81%;14.60%;Съемники подшипников;Ні;*;Так;відсутній у фіді
СКРПОМП;Знімач крильчатки помпи (ХЗСО);ok;444.00;444.00;+0.00%;580.00;510.00;-12.07%;14.60%;Механические съемники;Так;*;Ні;
СОСОК;Форма для варіння вентелей (сосків) для ВЛК-ПРФ;ok;605.00;605.00;+0.00%;800.00;700.00;-12.50%;14.74%;Комплектующие для шиномонтажа;Ні;*;Так;відсутній у фіді
СОШККРЛ;Знімач сошки (ХЗСО);ok;942.00;942.00;+0.00%;1200.00;1080.00;-10.00%;14.60%;Механические съемники;Так;*;Ні;
СПОЛ;Знімач напіввісі універсальний (ХЗСО);ok;1451.00;1451.00;+0.00%;2510.00;1670.00;-33.47%;14.60%;Механические съемники;Ні;*;Так;відсутній у фіді + подешевшало на 33.5%
СРТВ;"Знімач рульових тяг ""Волга"" (ХЗСО)";ok;552.00;552.00;+0.00%;710.00;640.00;-9.86%;14.60%;Механические съемники;Так;*;Ні;
СРТВЛ;"Знімач рульових тяг ""Волга"" литий (Харків)";ok;440.00;440.00;+0.00%;570.00;510.00;-10.53%;14.60%;Механические съемники;Так;*;Ні;
СРТГАЗ;"Знімач рульових тяг ""Газель"" (ХЗСО)";ok;526.00;526.00;+0.00%;680.00;610.00;-10.29%;14.60%;Механические съемники;Так;*;Ні;
СРТУЛ;Знімач рульових і кульових універсальний литий (Харків);ok;275.00;275.00;+0.00%;370.00;320.00;-13.51%;14.60%;Механические съемники;Так;*;Ні;
ССБЖКРЛ;Знімач сайлентблоків ВАЗ 2101-2107 (ХЗСО);ok;1074.00;1074.00;+0.00%;1360.00;1240.00;-8.82%;14.60%;Механические съемники;Ні;*;Так;відсутній у фіді
ССБНИВА;Знімач сайлентблоков НИВА (ХЗСО);ok;1074.00;1074.00;+0.00%;1360.00;1240.00;-8.82%;14.60%;Механические съемники;Ні;*;Так;відсутній у фіді
СТРОБКВ;"Стробоскоп для бензинових двигунів"" Квазар"" (Жовті Води)";ok;782.00;782.00;+0.00%;2180.00;910.00;-58.26%;15.17%;Товары, общее;Ні;*;Так;відсутній у фіді + подешевшало на 58.3%
СТТАВР;Ключ для зняття стійок Таврія Ланос (Харків);ok;67.00;67.00;+0.00%;110.00;80.00;-27.27%;14.60%;Механические съемники;Ні;*;Так;відсутній у фіді + подешевшало на 27.3%
СШОМОСКВ;"Знімач кульових опор ""Москвич"" (ХЗСО)";ok;396.00;396.00;+0.00%;520.00;460.00;-11.54%;14.60%;Механические съемники;Так;*;Ні;
СШОРУЧКРЛ;Знімач кульових опор ВАЗ 2101-2107 з ручкою (ХЗСО);ok;810.00;810.00;+0.00%;1030.00;930.00;-9.71%;14.60%;Механические съемники;Ні;*;Так;відсутній у фіді
СШОСОЛД;"Знімач кульових опор ВАЗ 2101-2107 ""солдатик"" цементовий (ХЗ";ok;200.00;200.00;+0.00%;280.00;230.00;-17.86%;14.60%;Механические съемники;Так;*;Ні;
ТР0506ТОЧ;Трубчастий ключ торцевий 5х6мм точений (Харків) ТР0506ТОЧ;ok;29.00;29.00;+0.00%;60.00;40.00;-33.33%;15.14%;Торцевые ключи;Ні;*;Так;відсутній у фіді + подешевшало на 33.3%
ТР0507ТОЧ;Трубчастий ключ торцевий 5х7мм точений (Харків) ТР0507ТОЧ;ok;36.00;36.00;+0.00%;70.00;50.00;-28.57%;15.14%;Торцевые ключи;Ні;*;Так;відсутній у фіді + подешевшало на 28.6%
ТР0607ТОНК;Трубчастий ключ торцевий 6х7мм тонкий (Харків) ТР0607ТОНК;ok;9.00;9.00;+0.00%;40.00;40.00;+0.00%;15.14%;Торцевые ключи;Ні;*;Так;відсутній у фіді
ТР0708ТОНК;Ключ торцевий двосторонній (трубка) 7х8мм тонкий (Харків) ТР;ok;9.00;9.00;+0.00%;40.00;40.00;+0.00%;15.14%;Торцевые ключи;Ні;*;Так;відсутній у фіді
ТР0810ТОЧ;Ключ торцевий трубчастий 8х10мм точений (Харків) ТР0810ТОЧ;ok;44.00;44.00;+0.00%;80.00;60.00;-25.00%;15.14%;Торцевые ключи;Ні;*;Так;відсутній у фіді + подешевшало на 25.0%
ТР0911ТОЧ;Ключ торцевий трубчастий 9х11мм точений (Харків) ТР0911ТОЧ;ok;47.00;47.00;+0.00%;90.00;60.00;-33.33%;15.14%;Торцевые ключи;Ні;*;Так;відсутній у фіді + подешевшало на 33.3%
ТР1012ТОНК;Ключ торцевий прямий (трубка) 10х12мм тонкий (Харків) ТР1012;ok;11.00;11.00;+0.00%;40.00;40.00;+0.00%;15.14%;Торцевые ключи;Ні;*;Так;відсутній у фіді
ТР1012ТОЧ;Ключ торцевий прямий (трубка) 10х12мм точений ТР1012ТОЧ;ok;47.00;47.00;+0.00%;90.00;60.00;-33.33%;15.14%;Торцевые ключи;Ні;*;Так;відсутній у фіді + подешевшало на 33.3%
ТР1013ТОНК;Ключ торцевий прямий (трубка) 10х13мм тонкий (Харків) ТР1013;ok;11.00;11.00;+0.00%;40.00;40.00;+0.00%;15.14%;Торцевые ключи;Ні;*;Так;відсутній у фіді
ТР1013ТОЧ;Ключ торцевий прямий (трубка) 10х13мм точений ТР1013ТОЧ;ok;54.00;54.00;+0.00%;100.00;70.00;-30.00%;15.14%;Торцевые ключи;Ні;*;Так;відсутній у фіді + подешевшало на 30.0%
ТР1113ТОНК;Ключ торцевий прямий (трубка) 11х13мм тонкий (Харків) ТР1113;ok;11.00;11.00;+0.00%;40.00;40.00;+0.00%;15.14%;Торцевые ключи;Ні;*;Так;відсутній у фіді
ТР1213ТОНК;Ключ торцевий прямий (трубка) 12х13мм тонкий (Харків) ТР1213;ok;11.00;11.00;+0.00%;40.00;40.00;+0.00%;15.14%;Торцевые ключи;Ні;*;Так;відсутній у фіді
ТР1213ТОЧ;Ключ торцевий трубчастий двосторонній 12х13мм точений ТР1213;ok;54.00;54.00;+0.00%;100.00;70.00;-30.00%;15.14%;Торцевые ключи;Ні;*;Так;відсутній у фіді + подешевшало на 30.0%
ТР1214ТОНК;Ключ торцевий трубчастий двосторонній 12х14мм тонкий (Харків;ok;11.00;11.00;+0.00%;40.00;40.00;+0.00%;15.14%;Торцевые ключи;Ні;*;Так;відсутній у фіді
ТР1214ТОЧ;Ключ торцевий трубчастий двосторонній 12х14мм точений ТР1214;ok;61.00;61.00;+0.00%;100.00;80.00;-20.00%;15.14%;Торцевые ключи;Ні;*;Так;відсутній у фіді + подешевшало на 20.0%
ТР1314ТОЧ;Ключ торцевий двосторонній (трубка) 13х14мм точений ТР1314ТО;ok;61.00;61.00;+0.00%;100.00;80.00;-20.00%;15.14%;Торцевые ключи;Ні;*;Так;відсутній у фіді + подешевшало на 20.0%
ТР1315ТОЧ;Ключ торцевий двосторонній (трубка) 13х15мм точений ТР1315ТО;ok;61.00;61.00;+0.00%;100.00;80.00;-20.00%;15.14%;Торцевые ключи;Ні;*;Так;відсутній у фіді + подешевшало на 20.0%
ТР1317ТОЧ;Ключ-трубка торцевий 13х17мм точений ТР1317ТОЧ Україна;ok;73.00;73.00;+0.00%;120.00;90.00;-25.00%;15.14%;Торцевые ключи;Ні;*;Так;відсутній у фіді + подешевшало на 25.0%
ТР1415ТОНК;Ключ-трубка торцевій 14х15мм тонкий ТР1415ТОНК Україна;ok;11.00;11.00;+0.00%;40.00;40.00;+0.00%;15.14%;Торцевые ключи;Ні;*;Так;відсутній у фіді
ТР1415ТОЧ;Ключ-трубка торцевий 14х15мм точений ТР1415ТОЧ;ok;73.00;73.00;+0.00%;120.00;90.00;-25.00%;15.14%;Торцевые ключи;Ні;*;Так;відсутній у фіді + подешевшало на 25.0%
ТР1417ТОЧ;Ключ торцевий прямий (трубка) 14 * 17мм точена;ok;73.00;73.00;+0.00%;120.00;90.00;-25.00%;15.14%;Торцевые ключи;Ні;*;Так;відсутній у фіді + подешевшало на 25.0%
ТР1719ТОНК;Ключ-трубка торцевій 17х19мм тонкий (Харків) ТР1719ТОНК;ok;14.00;14.00;+0.00%;50.00;40.00;-20.00%;15.14%;Торцевые ключи;Ні;*;Так;відсутній у фіді + подешевшало на 20.0%
УГОЛХ;"Знімач рульових і кульових універсальний ""куточок"" (ХЗСО)";ok;627.00;627.00;+0.00%;1070.00;720.00;-32.71%;14.60%;Механические съемники;Ні;*;Так;відсутній у фіді + подешевшало на 32.7%
УДКТ20;Подовжувач на котушці 20м У16-01 ПВС 2х1,5 (Дніпро) УДКТ20;ok;1525.00;1925.00;+26.23%;1920.00;2240.00;+16.67%;16.16%;Электрические удлинители;Так;*;Ні;
УДКТ25;Подовжувач на котушці 25м У16-01 ПВС 2х1,5 (Дніпро) УДКТ25;ok;1735.00;2195.00;+26.51%;2300.00;2550.00;+10.87%;16.16%;Электрические удлинители;Так;*;Ні;
УДКТ30;Подовжувач на котушці 30м У16-01 ПВС 2х1,5 (Дніпро) УДКТ30;ok;1930.00;2440.00;+26.42%;2430.00;2840.00;+16.87%;16.16%;Электрические удлинители;Так;*;Ні;
УДКТ30СИЛ;Подовжувач на котушці силовий 30м У16-01 ПВС 2х2,5 (Дніпро) ;ok;2650.00;3340.00;+26.04%;3320.00;3880.00;+16.87%;16.16%;Электрические удлинители;Так;*;Ні;
УДКТ40;Подовжувач на котушці 40м У16-01 ПВС 2х1,5 (Дніпро) УДКТ40;ok;2330.00;2950.00;+26.61%;2920.00;3430.00;+17.47%;16.16%;Электрические удлинители;Так;*;Ні;
УДКТ40СИЛ;Подовжувач на котушці силовий 40м У16-01 ПВС 2х2,5 (Днепр) У;ok;3325.00;4200.00;+26.32%;4160.00;4880.00;+17.31%;16.16%;Электрические удлинители;Так;*;Ні;
УДКТ50;Подовжувач на котушці 50м У16-01 ПВС 2х1,5 (Дніпро) УДКТ50;ok;2730.00;3450.00;+26.37%;3420.00;4010.00;+17.25%;16.16%;Электрические удлинители;Так;*;Ні;
УДФТ15;Подовжувач в футлярі 15м У16-02 ПВС 2х0,75 (Дніпро) УДФТ15;ok;800.00;1005.00;+25.62%;1350.00;1170.00;-13.33%;16.16%;Электрические удлинители;Так;*;Ні;
ФОРКАМ;Ключ для форкамер MB (Харків);ok;469.00;469.00;+0.00%;2150.00;540.00;-74.88%;14.60%;Съемники подшипников;Так;*;Так;подешевшало на 74.9%
ЧН14;Набір головок і вороток №14 (8~15 17 19 22мм) ЧН14 (Чернігів;ok;507.00;507.00;+0.00%;3360.00;590.00;-82.44%;14.88%;Наборы ключей;Ні;*;Так;відсутній у фіді + подешевшало на 82.4%
ЧН16;Набір торцевих головок №16 (8~19 21 22мм) ЧН16 (Чернігів);ok;1062.00;1062.00;+0.00%;1350.00;1230.00;-8.89%;15.14%;Торцевые головки;Ні;*;Так;відсутній у фіді
ЧН24;Набір торцевих головок №24 (8~15 17 19 22мм) ЧН24 (Чернігів);ok;942.00;942.00;+0.00%;1600.00;1090.00;-31.87%;15.14%;Торцевые головки;Ні;*;Так;відсутній у фіді + подешевшало на 31.9%
ЧН47;Набор торцевых головок №47 (8~15 17 19 22мм) ЧН47 (Чернигов);ok;879.00;879.00;+0.00%;1120.00;1020.00;-8.93%;15.14%;Торцевые головки;Ні;*;Так;відсутній у фіді
ЧН5;Набір головок і вороток №5 (8~15 17 19 22мм) ЧН5 (Чернігів);ok;826.00;826.00;+0.00%;131460.00;950.00;-99.28%;14.88%;Наборы ключей;Ні;*;Так;відсутній у фіді + подешевшало на 99.3%
ЧН7;Набір головок і вороток №7 (8~15 17 19 22мм) ЧН7 (Чернігів);ok;1106.00;1106.00;+0.00%;1400.00;1280.00;-8.57%;14.88%;Наборы ключей;Ні;*;Так;відсутній у фіді
ШАР2543;Набір зенкеров 25.4-3 розсувних (Харків) ШАР2543;ok;5558.00;5558.00;+0.00%;6930.00;6400.00;-7.65%;15.00%;default;Ні;*;Так;відсутній у фіді
ШАР3243;Набір зенкеров 32.4-3 розсувних (Харків) ШАР3243;ok;5558.00;5558.00;+0.00%;6930.00;6400.00;-7.65%;15.00%;default;Ні;*;Так;відсутній у фіді
ШАР403;Набір зенкеров 40.3 розсувних (Харків) ШАР403;ok;6105.00;6105.00;+0.00%;7610.00;7030.00;-7.62%;15.00%;default;Ні;*;Так;відсутній у фіді
ШАР503;Набір зенкеров 50.3 розсувних (Харків) ШАР503;ok;10553.00;10553.00;+0.00%;13140.00;12140.00;-7.61%;15.00%;default;Ні;*;Так;відсутній у фіді
ШАРС14ВК8;"Шарошки для седел клапанов ""СМД-14"" (Винница) ШАРС14ВК8";ok;1859.00;1859.00;+0.00%;2340.00;2140.00;-8.55%;15.00%;default;Ні;*;Так;відсутній у фіді
ШАРС60ВК8;"Шарошки для седел клапанов ""СМД-60"" (ДТ-75) (Винница) ШАРС60";ok;1940.00;1940.00;+0.00%;2440.00;2240.00;-8.20%;15.00%;default;Ні;*;Так;відсутній у фіді
ШГР12ХРВ;Шестигранник Г-обр 12мм Chrome vanadium (ХЗСО);ok;62.00;62.00;+0.00%;110.00;80.00;-27.27%;15.27%;Шестигранные ключи;Ні;*;Так;відсутній у фіді + подешевшало на 27.3%
ШГР14Х;Шестигранник 14мм (Харків-1);ok;161.00;161.00;+0.00%;230.00;190.00;-17.39%;15.27%;Шестигранные ключи;Так;*;Ні;
ШГР17Х;Шестигранник 17мм (ХЗСО);ok;242.00;242.00;+0.00%;330.00;280.00;-15.15%;15.27%;Шестигранные ключи;Ні;*;Так;відсутній у фіді
ШГР19Х;Шестигранник 19мм (ХЗСО);ok;304.00;304.00;+0.00%;410.00;360.00;-12.20%;15.27%;Шестигранные ключи;Ні;*;Так;відсутній у фіді
ШПХ-Ц;Шпильковерт (цементований) (Харків) ШПХ-Ц;ok;124.00;124.00;+0.00%;180.00;150.00;-16.67%;15.14%;Торцевые головки;Ні;*;Так;відсутній у фіді
ШПЧН;Шпильковерт універсальний (Чернігів) ШПЧН;ok;447.00;447.00;+0.00%;580.00;520.00;-10.34%;15.14%;Торцевые головки;Ні;*;Так;відсутній у фіді
ЭКСТРХ;Набор экстракторов для сломанных болтов (4 шт) (Харьков) ЭКС;ok;67.00;67.00;+0.00%;110.00;80.00;-27.27%;15.00%;default;Ні;*;Так;відсутній у фіді + подешевшало на 27.3%
