SKU;Назва;Статус;Ціна постач. стара;Ціна постач. нова;Зміна постач. %;Наша ціна стара;Наша ціна нова;Зміна нашої %;CPA %;Джерело CPA;Наявність;Залишок;Алерт;Причина алерту
103201518;Передні поворотні платформи (2шт);ok;26400.00;26400.00;+0.00%;32830.00;30280.00;-7.77%;14.69%;Подъемники автомобильные;Ні;*;Так;відсутній у фіді
1129510212;Безмасляний компресор поршневий Vрес=6л 160л/хв 220V 1,1кВт ;ok;7156.00;7156.00;+0.00%;8920.00;7810.00;-12.44%;9.05%;Компрессоры поршневые;Ні;*;Так;відсутній у фіді
1129510917;Безмасляний компресор поршневий Vрес=24л 160л/хв 220V 1,1кВт;ok;8386.00;8386.00;+0.00%;10450.00;9150.00;-12.44%;9.05%;Компрессоры поршневые;Ні;*;Так;відсутній у фіді
201021526;Траверса пневмо-гідравлічна;ok;52800.00;52800.00;+0.00%;65620.00;60720.00;-7.47%;15.00%;default;Ні;*;Так;відсутній у фіді
21PRO;"Степлер пневматичний під скобу (PROFI) (12.7; 0.65 * 0.95; 6";ok;1998.00;1998.00;+0.00%;3270.00;2220.00;-32.11%;10.63%;Пневматические степлеры;Так;*;Так;подешевшало на 32.1%
34-COIL;"Індукційна котушка (спіраль діам 3/4"") для IND-1000W";ok;484.00;484.00;+0.00%;860.00;560.00;-34.88%;14.73%;Паяльники;Так;*;Так;подешевшало на 34.9%
5000-01;Кабель USB для передачі даних на ПК (EXCEL) PROTESTER 5000-0;ok;1764.00;1901.00;+7.77%;3060.00;2190.00;-28.43%;15.00%;default;Так;*;Так;подешевшало на 28.4%
5202-25;Мікрометр цифровий (0-25мм/0,001мм) PROTESTER 5202-25;ok;2127.00;2127.00;+0.00%;2670.00;2430.00;-8.99%;13.86%;Микрометры;Ні;*;Так;відсутній у фіді
5423-200;Цифровий кутомір з лінійкою 200мм PROTESTER 5423-200;ok;678.00;678.00;+0.00%;3700.00;780.00;-78.92%;14.65%;Угломеры;Так;*;Так;подешевшало на 78.9%
7212521000;Фільтр попереднього очищення (3 мкм) FQ2000 для гвинтового к;ok;8504.00;8504.00;+0.00%;10590.00;9780.00;-7.65%;15.00%;default;Ні;*;Так;відсутній у фіді
8016;"Степлер пневматичний під скобу (12.7;0.65*0.95;6-16) Ga21 (з";ok;1615.00;1615.00;+0.00%;3710.00;1790.00;-51.75%;10.63%;Пневматические степлеры;Так;*;Так;подешевшало на 51.8%
9995260000;Компресор 24 л поршневий 220В COSMOS 2420 CE ROSSO FIAC 9995;ok;6863.00;6863.00;+0.00%;8550.00;7490.00;-12.40%;9.05%;Компрессоры поршневые;Ні;*;Так;відсутній у фіді
AAAF0707;Ключ комбінований вкорочений 7мм(полірований) TOPTUL AAAF070;ok;60.00;60.00;+0.00%;100.00;70.00;-30.00%;15.21%;Комбинированные ключи;Так;*;Так;подешевшало на 30.0%
AAAF0808;Ключ комбінований вкорочений 8мм (полірований) TOPTUL AAAF08;ok;60.00;60.00;+0.00%;100.00;70.00;-30.00%;15.21%;Комбинированные ключи;Так;*;Так;подешевшало на 30.0%
AAAF0909;Ключ комбінований вкорочений 9мм (полірований) TOPTUL AAAF09;ok;70.00;70.00;+0.00%;120.00;90.00;-25.00%;15.21%;Комбинированные ключи;Так;*;Так;подешевшало на 25.0%
AAAF1010;Ключ комбінований вкорочений 10мм (полірований) TOPTUL AAAF1;ok;70.00;70.00;+0.00%;120.00;90.00;-25.00%;15.21%;Комбинированные ключи;Так;*;Так;подешевшало на 25.0%
AAAF1111;Ключ комбінований вкорочений 11мм (полірований) TOPTUL AAAF1;ok;73.00;73.00;+0.00%;120.00;90.00;-25.00%;15.21%;Комбинированные ключи;Так;*;Так;подешевшало на 25.0%
AAAF1212;Ключ комбінований вкорочений 12мм (полірований) TOPTUL AAAF1;ok;75.00;75.00;+0.00%;120.00;90.00;-25.00%;15.21%;Комбинированные ключи;Так;*;Так;подешевшало на 25.0%
AAAF1313;Ключ комбінований вкорочений 13мм (полірований) TOPTUL AAAF1;ok;84.00;84.00;+0.00%;130.00;100.00;-23.08%;15.21%;Комбинированные ключи;Так;*;Так;подешевшало на 23.1%
AAAF1414;Ключ комбінований вкорочений 14мм (полірований) TOPTUL AAAF1;ok;92.00;92.00;+0.00%;140.00;110.00;-21.43%;15.21%;Комбинированные ключи;Так;*;Так;подешевшало на 21.4%
AAAF1515;Ключ комбінований вкорочений 15мм (полірований) TOPTUL AAAF1;ok;97.00;97.00;+0.00%;150.00;120.00;-20.00%;15.21%;Комбинированные ключи;Так;*;Так;подешевшало на 20.0%
AAAK0809;Ключ накидний укорочений (кут 45°) 8х9мм TOPTUL AAAK0809;ok;103.00;103.00;+0.00%;160.00;120.00;-25.00%;15.08%;Накидные ключи;Так;*;Так;подешевшало на 25.0%
AAAK1011;Ключ накидний укорочений (кут 45°) 10х11мм TOPTUL AAAK1011;ok;103.00;103.00;+0.00%;160.00;120.00;-25.00%;15.08%;Накидные ключи;Так;*;Так;подешевшало на 25.0%
AAAP1417;Ключ накидний прямий супердовгий 14х17мм посилений TOPTUL AA;ok;510.00;510.00;+0.00%;660.00;590.00;-10.61%;15.08%;Накидные ключи;Ні;*;Так;відсутній у фіді
AAAR4242;Ключ накидний односторонній (ударний) 42мм TOPTUL AAAR4242;ok;688.00;688.00;+0.00%;880.00;800.00;-9.09%;15.08%;Накидные ключи;Ні;*;Так;відсутній у фіді
AAAR9090;Ключ накидний односторонній (ударний) 90мм TOPTUL AAAR9090;ok;11432.00;11432.00;+0.00%;14230.00;13160.00;-7.52%;15.08%;Накидные ключи;Ні;*;Так;відсутній у фіді
AAAT1010V4;Ключ ріжковий односторонній 10мм 1000V VDE TOPTUL AAAT1010V4;ok;546.00;546.00;+0.00%;710.00;630.00;-11.27%;15.21%;Рожковые ключи;Ні;*;Так;відсутній у фіді
AAAT1717;Ключ ріжковий односторонній (посилений) 17мм TOPTUL AAAT1717;ok;211.00;211.00;+0.00%;480.00;250.00;-47.92%;15.21%;Рожковые ключи;Так;*;Так;подешевшало на 47.9%
AAAT1919;Ключ ріжковий односторонній (посилений) 19мм TOPTUL AAAT1919;ok;213.00;213.00;+0.00%;480.00;250.00;-47.92%;15.21%;Рожковые ключи;Так;*;Так;подешевшало на 47.9%
AAAT2121;Ключ ріжковий односторонній (посилений) 21мм TOPTUL AAAT2121;ok;213.00;213.00;+0.00%;570.00;250.00;-56.14%;15.21%;Рожковые ключи;Так;*;Так;подешевшало на 56.1%
AAAT2222;Ключ ріжковий односторонній (посилений) 22мм TOPTUL AAAT2222;ok;265.00;265.00;+0.00%;680.00;310.00;-54.41%;15.21%;Рожковые ключи;Так;*;Так;подешевшало на 54.4%
AAAT2424;Ключ ріжковий односторонній (посилений) 24мм TOPTUL AAAT2424;ok;265.00;265.00;+0.00%;590.00;310.00;-47.46%;15.21%;Рожковые ключи;Так;*;Так;подешевшало на 47.5%
AAAT4646;Ключ ріжковий односторонній (посилений) 46мм TOPTUL AAAT4646;ok;1401.00;1401.00;+0.00%;1770.00;1620.00;-8.47%;15.21%;Рожковые ключи;Ні;*;Так;відсутній у фіді
AAAU5555;Ключ накидний односторонній (ударний під монтировку) кут 45°;ok;2258.00;2258.00;+0.00%;2830.00;2600.00;-8.13%;15.08%;Накидные ключи;Ні;*;Так;відсутній у фіді
AAAV3030;Ключ накидний односторонній (ударний під подовжувач) кут 45°;ok;1447.00;1447.00;+0.00%;1830.00;1670.00;-8.74%;15.08%;Накидные ключи;Ні;*;Так;відсутній у фіді
AAAV3232;Ключ накидний односторонній (ударний під подовжувач) кут 45°;ok;1447.00;1447.00;+0.00%;1830.00;1670.00;-8.74%;15.08%;Накидные ключи;Ні;*;Так;відсутній у фіді
AAAV3636;Ключ накидний односторонній (ударний під подовжувач) кут 45°;ok;1617.00;1617.00;+0.00%;2040.00;1870.00;-8.33%;15.08%;Накидные ключи;Ні;*;Так;відсутній у фіді
AAAV5050;Ключ накидний односторонній (ударний під подовжувач) кут 45°;ok;2100.00;2100.00;+0.00%;2640.00;2420.00;-8.33%;15.08%;Накидные ключи;Ні;*;Так;відсутній у фіді
AAAV5555;Ключ накидний односторонній (ударний під подовжувач) кут 45°;ok;2231.00;2231.00;+0.00%;2800.00;2570.00;-8.21%;15.08%;Накидные ключи;Ні;*;Так;відсутній у фіді
AAEB0606;Ключ комбінований 6мм TOPTUL AAEB0606;ok;77.00;77.00;+0.00%;120.00;90.00;-25.00%;15.21%;Комбинированные ключи;Так;*;Так;подешевшало на 25.0%
AAEB0707;Ключ комбінований 7мм TOPTUL AAEB0707;ok;77.00;77.00;+0.00%;120.00;90.00;-25.00%;15.21%;Комбинированные ключи;Так;*;Так;подешевшало на 25.0%
AAEB0808;Ключ комбінований 8мм TOPTUL AAEB0808;ok;85.00;85.00;+0.00%;130.00;100.00;-23.08%;15.21%;Комбинированные ключи;Так;*;Так;подешевшало на 23.1%
AAEB0909;Ключ комбінований 9мм TOPTUL AAEB0909;ok;92.00;92.00;+0.00%;140.00;110.00;-21.43%;15.21%;Комбинированные ключи;Так;*;Так;подешевшало на 21.4%
AAEB1010;Ключ комбінований 10мм TOPTUL AAEB1010;ok;92.00;92.00;+0.00%;220.00;110.00;-50.00%;15.21%;Комбинированные ключи;Так;*;Так;подешевшало на 50.0%
AAEB1111;Ключ комбінований 11мм TOPTUL AAEB1111;ok;101.00;101.00;+0.00%;150.00;120.00;-20.00%;15.21%;Комбинированные ключи;Так;*;Так;подешевшало на 20.0%
AAEB1414;Ключ комбінований 14мм TOPTUL AAEB1414;ok;135.00;135.00;+0.00%;200.00;160.00;-20.00%;15.21%;Комбинированные ключи;Так;*;Так;подешевшало на 20.0%
AAEH1011;Ключ накидний (кут 45°) 10х11мм TOPTUL AAEH1011;ok;127.00;127.00;+0.00%;190.00;150.00;-21.05%;15.08%;Накидные ключи;Так;*;Так;подешевшало на 21.1%
AAEH1317;Ключ накидний (кут 45°) 13х17мм TOPTUL AAEH1317;ok;192.00;192.00;+0.00%;270.00;230.00;-14.81%;15.08%;Накидные ключи;Ні;*;Так;відсутній у фіді
AAEH4650;Ключ накидний (кут 45°) 46х50мм TOPTUL AAEH4650;ok;1802.00;1802.00;+0.00%;2980.00;2080.00;-30.20%;15.08%;Накидные ключи;Ні;*;Так;відсутній у фіді + подешевшало на 30.2%
AAEH5560;Ключ накидний (кут 45°) 55х60мм TOPTUL AAEH5560;ok;3071.00;3071.00;+0.00%;3840.00;3540.00;-7.81%;15.08%;Накидные ключи;Ні;*;Так;відсутній у фіді
AAEJ0405;Ключ ріжковий 4x5мм TOPTUL AAEJ0405;ok;86.00;86.00;+0.00%;140.00;100.00;-28.57%;15.21%;Рожковые ключи;Так;*;Так;подешевшало на 28.6%
AAEJ0607;Ключ ріжковий 6x7мм TOPTUL AAEJ0607;ok;84.00;84.00;+0.00%;140.00;100.00;-28.57%;15.21%;Рожковые ключи;Так;*;Так;подешевшало на 28.6%
AAEJ0608;Ключ ріжковий 6x8мм TOPTUL AAEJ0608;ok;84.00;84.00;+0.00%;130.00;100.00;-23.08%;15.21%;Рожковые ключи;Так;*;Так;подешевшало на 23.1%
AAEJ0809;Ключ ріжковий 8x9мм TOPTUL AAEJ0809;ok;99.00;99.00;+0.00%;150.00;120.00;-20.00%;15.21%;Рожковые ключи;Так;*;Так;подешевшало на 20.0%
AAEJ0810;Ключ ріжковий 8х10мм TOPTUL AAEJ0810;ok;99.00;99.00;+0.00%;150.00;120.00;-20.00%;15.21%;Рожковые ключи;Так;*;Так;подешевшало на 20.0%
AAEJ1011;Ключ ріжковий 10x11мм TOPTUL AAEJ1011;ok;103.00;103.00;+0.00%;160.00;120.00;-25.00%;15.21%;Рожковые ключи;Так;*;Так;подешевшало на 25.0%
AAEJ1012;Ключ ріжковий 10x12мм TOPTUL AAEJ1012;ok;103.00;103.00;+0.00%;160.00;120.00;-25.00%;15.21%;Рожковые ключи;Так;*;Так;подешевшало на 25.0%
AAEJE507;Ключ ріжковий 5,5 x7мм TOPTUL AAEJE507;ok;84.00;84.00;+0.00%;130.00;100.00;-23.08%;15.21%;Рожковые ключи;Так;*;Так;подешевшало на 23.1%
AAEL1111;Ключ комбінований супердовгий 11мм AAAL1111 TOPTUL AAEL1111;ok;127.00;127.00;+0.00%;190.00;150.00;-21.05%;15.21%;Комбинированные ключи;Так;*;Так;подешевшало на 21.1%
AAEN0808;Ключ комбінований (кут 75°) 8мм TOPTUL AAEN0808;ok;95.00;95.00;+0.00%;150.00;110.00;-26.67%;15.21%;Комбинированные ключи;Так;*;Так;подешевшало на 26.7%
AAEN1010;Ключ комбінований (кут 75°) 10мм TOPTUL AAEN1010;ok;106.00;106.00;+0.00%;220.00;130.00;-40.91%;15.21%;Комбинированные ключи;Так;*;Так;подешевшало на 40.9%
AAEX0606;"Ключ комбінований 6мм ""Hi-Performance"" TOPTUL AAEX0606";ok;75.00;75.00;+0.00%;120.00;90.00;-25.00%;15.21%;Комбинированные ключи;Так;*;Так;подешевшало на 25.0%
AAEX0707;"Ключ комбінований 7мм ""Hi-Performance"" TOPTUL AAEX0707";ok;77.00;77.00;+0.00%;120.00;90.00;-25.00%;15.21%;Комбинированные ключи;Так;*;Так;подешевшало на 25.0%
AAEX0808;"Ключ комбінований 8мм ""Hi-Performance"" TOPTUL AAEX0808";ok;81.00;81.00;+0.00%;130.00;100.00;-23.08%;15.21%;Комбинированные ключи;Так;*;Так;подешевшало на 23.1%
AAEX0909;"Ключ комбінований 9мм ""Hi-Performance"" TOPTUL AAEX0909";ok;86.00;86.00;+0.00%;140.00;100.00;-28.57%;15.21%;Комбинированные ключи;Так;*;Так;подешевшало на 28.6%
AAEX1010;"Ключ комбінований 10мм ""Hi-Performance"" TOPTUL AAEX1010";ok;85.00;85.00;+0.00%;130.00;100.00;-23.08%;15.21%;Комбинированные ключи;Так;*;Так;подешевшало на 23.1%
AAEX1111;"Ключ комбінований 11мм ""Hi-Performance"" TOPTUL AAEX1111";ok;95.00;95.00;+0.00%;150.00;110.00;-26.67%;15.21%;Комбинированные ключи;Так;*;Так;подешевшало на 26.7%
AAEX1212;"Ключ комбінований 12мм ""Hi-Performance"" TOPTUL AAEX1212";ok;104.00;104.00;+0.00%;160.00;120.00;-25.00%;15.21%;Комбинированные ключи;Так;*;Так;подешевшало на 25.0%
AAEX1313;"Ключ комбінований 13мм ""Hi-Performance"" TOPTUL AAEX1313";ok;111.00;111.00;+0.00%;170.00;130.00;-23.53%;15.21%;Комбинированные ключи;Так;*;Так;подешевшало на 23.5%
AAEX1414;"Ключ комбінований 14мм ""Hi-Performance"" TOPTUL AAEX1414";ok;121.00;121.00;+0.00%;180.00;140.00;-22.22%;15.21%;Комбинированные ключи;Так;*;Так;подешевшало на 22.2%
AAEX1515;"Ключ комбінований 15мм ""Hi-Performance"" TOPTUL AAEX1515";ok;129.00;129.00;+0.00%;190.00;150.00;-21.05%;15.21%;Комбинированные ключи;Так;*;Так;подешевшало на 21.1%
AAEX5E5E;"Ключ комбінований 5,5мм ""Hi-Performance"" TOPTUL AAEX5E5E";ok;75.00;75.00;+0.00%;800.00;90.00;-88.75%;15.21%;Комбинированные ключи;Так;*;Так;подешевшало на 88.8%
AB-17-PT-1.4;Пістолет фарбувальний пневматичний HVLP для роботи з фарбува;ok;1609.00;1609.00;+0.00%;2030.00;1830.00;-9.85%;13.20%;Пневматические краскопульты;Ні;*;Так;відсутній у фіді
AB150-360-220;Компресор поршневий з ремінним приводом Vрес=150л 360л/хв 22;ok;37380.00;37380.00;+0.00%;46470.00;40770.00;-12.27%;9.05%;Компрессоры поршневые;Ні;*;Так;відсутній у фіді
AB200-360-220;Компресор поршневий з ремінним приводом Vрес=200л 360л/хв 22;ok;41160.00;41160.00;+0.00%;51160.00;44890.00;-12.26%;9.05%;Компрессоры поршневые;Ні;*;Так;відсутній у фіді
ABG-01;Пистолет продувочный 100мм (пластиковая ручка) AIRKRAFT ABG-;ok;158.00;158.00;+0.00%;240.00;180.00;-25.00%;10.63%;Пневматические продувочные пистолеты;Так;*;Так;подешевшало на 25.0%
AC1X34-3;Станція для заправлення кондиціонерів на базі R-1234YF автом;ok;140448.00;140448.00;+0.00%;185390.00;161520.00;-12.88%;15.00%;default;Ні;*;Так;відсутній у фіді
AC690PRO;Станція для заправлення кондиціонерів автомат з принтером RO;ok;163800.00;163800.00;+0.00%;187420.00;188370.00;+0.51%;15.00%;default;Ні;*;Так;відсутній у фіді
AC790PRO;Установка для обслуговування кондиціонерів (автоматична) AC7;ok;267410.00;267410.00;+0.00%;305950.00;307530.00;+0.52%;15.00%;default;Ні;*;Так;відсутній у фіді
ACM3000;Стенд заправки кондиціонера автомат ROBINAIR ACM3000;ok;121800.00;121800.00;+0.00%;151350.00;140070.00;-7.45%;15.00%;default;Ні;*;Так;відсутній у фіді
ACT550-SFK;Комплект для промивання системи кондиціонування (для AC690PR;ok;61600.00;61600.00;+0.00%;76560.00;70840.00;-7.47%;15.00%;default;Ні;*;Так;відсутній у фіді
ACW-001;Відрізний диск для AT-6027N/RP17620 (5 шт) ACW-001;ok;123.00;123.00;+0.00%;340.00;150.00;-55.88%;15.00%;default;Ні;*;Так;відсутній у фіді + подешевшало на 55.9%
AEAE1616;Ключ торцевий Г-подібний 16x16мм TOPTUL AEAE1616;ok;618.00;618.00;+0.00%;800.00;720.00;-10.00%;15.14%;Торцевые ключи;Ні;*;Так;відсутній у фіді
AEEA1314;Ключ розрізний професійний TOPTUL 13х14 AEEA1314;ok;177.00;177.00;+0.00%;250.00;210.00;-16.00%;15.14%;Разрезные ключи;Ні;*;Так;відсутній у фіді
AEEA1517;Ключ розрізної професійний TOPTUL 15х17 AEEA1517;ok;247.00;247.00;+0.00%;340.00;290.00;-14.71%;15.14%;Разрезные ключи;Ні;*;Так;відсутній у фіді
AF-2;"Мини-фильтр для пневмоинструмента 1/4"" AIRKRAFT AF-2";ok;183.00;183.00;+0.00%;9320.00;210.00;-97.75%;10.63%;Компоненты пневматики;Так;*;Так;подешевшало на 97.7%
AF2500;"Фильтр очистки воздуха 1/4"" AIRKRAFT AF2500";ok;194.00;194.00;+0.00%;24010.00;220.00;-99.08%;10.63%;Компоненты пневматики;Так;*;Так;подешевшало на 99.1%
AF804;"Фильтр очистки воздуха (PROFI) 1/2"" AIRKRAFT AF804";ok;555.00;555.00;+0.00%;820.00;640.00;-21.95%;15.00%;default;Так;*;Так;подешевшало на 22.0%
AGAE0210;Ключ шестигранний Г-подібний 2мм супердовгий TOPTUL AGAE0210;ok;43.00;43.00;+0.00%;80.00;50.00;-37.50%;15.27%;Шестигранные ключи;Так;*;Так;подешевшало на 37.5%
AGAE0313;Ключ шестигранний Г-подібний 3мм супердовгий TOPTUL AGAE0313;ok;54.00;54.00;+0.00%;100.00;70.00;-30.00%;15.27%;Шестигранные ключи;Так;*;Так;подешевшало на 30.0%
AGAE0414;Ключ шестигранний Г-подібний 4мм супердовгий TOPTUL AGAE0414;ok;61.00;61.00;+0.00%;100.00;80.00;-20.00%;15.27%;Шестигранные ключи;Так;*;Так;подешевшало на 20.0%
AGAE0517;Ключ шестигранний Г-подібний 5мм супердовгий TOPTUL AGAE0517;ok;68.00;68.00;+0.00%;110.00;80.00;-27.27%;15.27%;Шестигранные ключи;Так;*;Так;подешевшало на 27.3%
AGAE0619;Ключ шестигранний Г-подібний 6мм супердовгий TOPTUL AGAE0619;ok;83.00;83.00;+0.00%;130.00;100.00;-23.08%;15.27%;Шестигранные ключи;Так;*;Так;подешевшало на 23.1%
AGAE1E09;Ключ шестигранний Г-подібний 1,5мм супердовгий TOPTUL AGAE1E;ok;36.00;36.00;+0.00%;70.00;50.00;-28.57%;15.27%;Шестигранные ключи;Так;*;Так;подешевшало на 28.6%
AGAE2E11;Ключ шестигранний Г-подібний 2,5мм супердовгий TOPTUL AGAE2E;ok;48.00;48.00;+0.00%;90.00;60.00;-33.33%;15.27%;Шестигранные ключи;Так;*;Так;подешевшало на 33.3%
AGAS0205;Ключ шестигранний Г-подібний 2мм (сталь SNCM+V) TOPTUL AGAS0;ok;26.00;26.00;+0.00%;60.00;40.00;-33.33%;15.27%;Шестигранные ключи;Так;*;Так;подешевшало на 33.3%
AGAS0307;Ключ шестигранний Г-подібний 3мм (сталь SNCM+ V) TOPTUL AGAS;ok;29.00;29.00;+0.00%;60.00;40.00;-33.33%;15.27%;Шестигранные ключи;Так;*;Так;подешевшало на 33.3%
AGAS0407;Ключ шестигранний Г-подібний 4мм (сталь SNCM+V) TOPTUL AGAS0;ok;35.00;35.00;+0.00%;70.00;50.00;-28.57%;15.27%;Шестигранные ключи;Так;*;Так;подешевшало на 28.6%
AGAS0509;Ключ шестигранний Г-подібний 5мм (сталь SNCM+V) TOPTUL AGAS0;ok;44.00;44.00;+0.00%;80.00;60.00;-25.00%;15.27%;Шестигранные ключи;Так;*;Так;подешевшало на 25.0%
AGAS0610;Ключ шестигранний Г-подібний 6мм (сталь SNCM+V) TOPTUL AGAS0;ok;54.00;54.00;+0.00%;100.00;70.00;-30.00%;15.27%;Шестигранные ключи;Так;*;Так;подешевшало на 30.0%
AGAS0710;Ключ шестигранний Г-подібний 7мм (сталь SNCM+V) TOPTUL AGAS0;ok;67.00;67.00;+0.00%;110.00;80.00;-27.27%;15.27%;Шестигранные ключи;Так;*;Так;подешевшало на 27.3%
AGAS0811;Ключ шестигранний Г-подібний 8мм (сталь SNCM+V) TOPTUL AGAS0;ok;82.00;82.00;+0.00%;130.00;100.00;-23.08%;15.27%;Шестигранные ключи;Так;*;Так;подешевшало на 23.1%
AGAS1E05;Ключ шестигранний Г-подібний 1,5мм (сталь SNCM+V) TOPTUL AGA;ok;19.00;19.00;+0.00%;50.00;40.00;-20.00%;15.27%;Шестигранные ключи;Так;*;Так;подешевшало на 20.0%
AGAS2E06;Ключ шестигранний Г-подібний 2,5мм (сталь SNCM+V) TOPTUL AGA;ok;28.00;28.00;+0.00%;60.00;40.00;-33.33%;15.27%;Шестигранные ключи;Так;*;Так;подешевшало на 33.3%
AHC-10-W;Шланг резиновый воздушный армированный 20 атм 8x15мм 50м AIR;ok;2454.00;2454.00;+0.00%;3080.00;2830.00;-8.12%;15.00%;default;Ні;*;Так;відсутній у фіді
AHC-16-E;Шланг резиновый воздушный армированный (PROFI) 20 атм 8x15мм;ok;1380.00;1380.00;+0.00%;3300.00;1590.00;-51.82%;15.00%;default;Так;*;Так;подешевшало на 51.8%
AIAE3017;Ключ TORX Г-подібний T30 довгий TOPTUL AIAE3017;ok;77.00;77.00;+0.00%;120.00;90.00;-25.00%;15.27%;Шестигранные ключи;Так;*;Так;подешевшало на 25.0%
AIAE4018;Ключ TORX Г-подібний T-40 довгий TOPTUL AIAE4018;ok;104.00;104.00;+0.00%;160.00;120.00;-25.00%;15.27%;Шестигранные ключи;Так;*;Так;подешевшало на 25.0%
AIAS4010;Ключ TORX Г-подібний T-40 TOPTUL AIAS4010;ok;68.00;68.00;+0.00%;110.00;80.00;-27.27%;15.27%;Шестигранные ключи;Так;*;Так;подешевшало на 27.3%
AIBE3017;Ключ TORX Г-подібний T-30 довгий з отвором TOPTUL AIBE3017;ok;87.00;87.00;+0.00%;140.00;110.00;-21.43%;15.27%;Шестигранные ключи;Так;*;Так;подешевшало на 21.4%
AIFB0802;Набір складаний ключів TORX: T6-T25 (матеріал CRV-6150) TOPT;ok;315.00;315.00;+0.00%;540.00;370.00;-31.48%;15.27%;Шестигранные ключи;Так;*;Так;подешевшало на 31.5%
AK100-360T-380-ITALY;Компресор поршневий с ременним приводом Vрес=100л 360л/хв 38;ok;34718.00;34718.00;+0.00%;43160.00;37860.00;-12.28%;9.05%;Компрессоры поршневые;Ні;*;Так;відсутній у фіді
AK50-170-ITALY;Компресор поршневий Vрес=50л 170л/хв 220V AIRKRAFT AK50-170-;ok;15220.00;15220.00;+0.00%;18940.00;16600.00;-12.35%;9.05%;Компрессоры поршневые;Ні;*;Так;відсутній у фіді
AKS0210;Набір шестигранників Г-обр 2-10 мм 8 од СТАНДАРТ AKS0210;ok;47.00;47.00;+0.00%;90.00;60.00;-33.33%;15.27%;Шестигранные ключи;Ні;*;Так;відсутній у фіді + подешевшало на 33.3%
AL2500;"Лубрикатор для пневмоинструмента (масленка) 1/4"" AIRKRAFT AL";ok;249.00;249.00;+0.00%;3830.00;280.00;-92.69%;10.63%;Компоненты пневматики;Так;*;Так;подешевшало на 92.7%
ALAD2470;Ремкомплект для динамометричного ключа ANAA2470 TOPTUL ALAD2;ok;1421.00;1421.00;+0.00%;1840.00;1640.00;-10.87%;15.00%;default;Ні;*;Так;відсутній у фіді
ALAD2498;Ремкомплект для динамометричного ключа ANAA2498 TOPTUL ALAD2;ok;1421.00;1421.00;+0.00%;1790.00;1640.00;-8.38%;15.00%;default;Ні;*;Так;відсутній у фіді
ALAL1621;Ремкомплект до ANAS1621/DT-200N0 TOPTUL ALAL1621;ok;708.00;708.00;+0.00%;910.00;820.00;-9.89%;15.00%;default;Ні;*;Так;відсутній у фіді
ALAM0803;Ремкомплект до ANAU0803 TOPTUL ALAM0803;ok;461.00;461.00;+0.00%;600.00;540.00;-10.00%;15.00%;default;Ні;*;Так;відсутній у фіді
ALEA60A5;Подовжувач (під ключ AAAV) 850мм TOPTUL ALEA60A5;ok;1655.00;1655.00;+0.00%;2080.00;1910.00;-8.17%;15.14%;Торцевые головки;Ні;*;Так;відсутній у фіді
ALPHA35M-220;Підйомник 2-х стійковий 3,5т електрогідравлічний з нижньою с;ok;101200.00;101200.00;+0.00%;125750.00;116070.00;-7.70%;14.69%;Подъемники автомобильные;Ні;*;Так;відсутній у фіді
AM-983;Верстат для проточки гальмівних дисків зі зняттям і без знят;ok;121000.00;93720.00;-22.55%;150350.00;107780.00;-28.31%;15.00%;default;Так;*;Так;подешевшало на 28.3%
AMCS-10;Ваги ручні цифрові 10 kg PROTESTER AMCS-10;ok;1219.00;1219.00;+0.00%;1540.00;1410.00;-8.44%;15.00%;default;Ні;*;Так;відсутній у фіді
AMCS-20;Ваги ручні цифрові 20 kg PROTESTER AMCS-20;ok;1219.00;1219.00;+0.00%;1540.00;1410.00;-8.44%;15.00%;default;Ні;*;Так;відсутній у фіді
AMCS-30;Ваги ручні цифрові 30 kg PROTESTER AMCS-30;ok;1219.00;1219.00;+0.00%;1540.00;1410.00;-8.44%;15.00%;default;Ні;*;Так;відсутній у фіді
AMCS-50;Ваги ручні цифрові 50 kg PROTESTER AMCS-50;ok;1219.00;1219.00;+0.00%;1540.00;1410.00;-8.44%;15.00%;default;Ні;*;Так;відсутній у фіді
ANAF0803;"Динамометричний ключ 1/4"" TOPTUL 350mm 6-30Nm ANAF0803";ok;2917.00;2917.00;+0.00%;3740.00;3370.00;-9.89%;15.34%;Динамометрические ключи;Ні;*;Так;відсутній у фіді
ANAF1203;"Динамометричний ключ 3/8"" TOPTUL 350mm 6-30Nm ANAF1203";ok;2775.00;2775.00;+0.00%;3480.00;3210.00;-7.76%;15.34%;Динамометрические ключи;Ні;*;Так;відсутній у фіді
ANAF1211;"Ключ динамометричний моментний TOPTUL 3/8""х385мм 19-110Nm AN";ok;2963.00;2963.00;+0.00%;3710.00;3420.00;-7.82%;15.34%;Динамометрические ключи;Ні;*;Так;відсутній у фіді
ANAF1621;"Динамометричний ключ 1/2"" TOPTUL 535mm 40-210Nm ANAF1621";ok;3629.00;3629.00;+0.00%;4540.00;4190.00;-7.71%;15.34%;Динамометрические ключи;Ні;*;Так;відсутній у фіді
ANAF1635;"Ключ динамометричний TOPTUL 1/2""x645mm 70-350Nm ANAF1635";ok;4510.00;4510.00;+0.00%;5630.00;5210.00;-7.46%;15.34%;Динамометрические ключи;Ні;*;Так;відсутній у фіді
ANAF2450;"Ключ динамометричний трещоточный TOPTUL 3/4""x865mm 100-500Nm";ok;6664.00;6664.00;+0.00%;8310.00;7690.00;-7.46%;15.34%;Динамометрические ключи;Ні;*;Так;відсутній у фіді
ANAF2470;"Ключ динамометричний моментний TOPTUL 3/4""x1092mm 140-700Nm ";ok;17223.00;17223.00;+0.00%;21430.00;19870.00;-7.28%;15.34%;Динамометрические ключи;Ні;*;Так;відсутній у фіді
ANAF2498;"Ключ динамометричний TOPTUL 3/4""x1230mm 140-980Nm ANAF2498";ok;22073.00;22073.00;+0.00%;27450.00;25460.00;-7.25%;15.34%;Динамометрические ключи;Ні;*;Так;відсутній у фіді
ANAF3298;"Динамометричний ключ для шиномонтажу авто TOPTUL 1""x1230 mm ";ok;21272.00;21272.00;+0.00%;26460.00;24540.00;-7.26%;15.34%;Динамометрические ключи;Ні;*;Так;відсутній у фіді
ANAM32A0;"Ключ динамометричний 1""x1250mm(L) 200-1000Nm TOPTUL ANAM32A0";ok;39439.00;39439.00;+0.00%;49030.00;45490.00;-7.22%;15.34%;Динамометрические ключи;Ні;*;Так;відсутній у фіді
ANCE1624;"Редуктор-підсилювач 1/2""х3/4"" 150Nm->1500Nm TOPTUL ANCE1624";ok;14788.00;14788.00;+0.00%;18400.00;17010.00;-7.55%;15.00%;default;Ні;*;Так;відсутній у фіді
ANCE1648;"Редуктор-підсилювач 1/2""х1-1/2"" 400Nm->4000Nm TOPTUL ANCE164";ok;45847.00;45847.00;+0.00%;56990.00;52790.00;-7.37%;15.14%;Мультипликаторы ключи;Ні;*;Так;відсутній у фіді
AOAE0809;Ключ накидний з тріскачкою і шарніром 8х9мм TOPTUL AOAE0809;ok;772.00;772.00;+0.00%;990.00;890.00;-10.10%;15.08%;Накидные ключи;Ні;*;Так;відсутній у фіді
AOAE1011;Ключ накидний з тріскачкою і шарніром 10х11мм TOPTUL AOAE101;ok;797.00;797.00;+0.00%;1020.00;920.00;-9.80%;15.08%;Накидные ключи;Ні;*;Так;відсутній у фіді
AOAE1719;Ключ накидний з тріскачкою і шарніром 17х19мм TOPTUL AOAE171;ok;1096.00;1096.00;+0.00%;1390.00;1270.00;-8.63%;15.08%;Накидные ключи;Ні;*;Так;відсутній у фіді
AOAG0809;Ключ накидний з тріскачкою 8х9мм AEAR0809 TOPTUL AOAG0809;ok;465.00;465.00;+0.00%;610.00;540.00;-11.48%;15.08%;Накидные ключи;Ні;*;Так;відсутній у фіді
AP8605-521;Форсунка для безповітряного розпилювача 818C (розмір сопла 0;ok;545.00;545.00;+0.00%;710.00;630.00;-11.27%;15.00%;default;Ні;*;Так;відсутній у фіді
AP8605-523;Форсунка для безповітряного розпилювача 818C (розмір сопла 0;ok;545.00;545.00;+0.00%;710.00;630.00;-11.27%;15.00%;default;Ні;*;Так;відсутній у фіді
AP8605-621;Форсунка для безповітряного розпилювача 818C (розмір сопла 0;ok;545.00;545.00;+0.00%;710.00;630.00;-11.27%;15.00%;default;Ні;*;Так;відсутній у фіді
AT-010K;Зачисна машинка (гравер) пневматична з комплектом шліфувальн;ok;1060.00;1060.00;+0.00%;1350.00;1180.00;-12.59%;10.47%;Пневмошлифмашины;Ні;*;Так;відсутній у фіді
AT-193;Пістолет пневматичний для видавлювання силікону (CODE.00495);ok;762.00;762.00;+0.00%;1090.00;870.00;-20.18%;13.94%;Пневматические шприцы для смазки;Так;*;Так;подешевшало на 20.2%
AT-4031B;"Дриль пневматичний 3/8 (1800об/хв; реверс) AIRKRAFT AT-4031B";ok;1376.00;1376.00;+0.00%;1740.00;1530.00;-12.07%;11.18%;Пневмодрели;Ні;*;Так;відсутній у фіді
AT-4038C;Дриль пневматичний прямий 3/8 (2500об/хв) AIRKRAFT AT-4038C;ok;1318.00;1318.00;+0.00%;2040.00;1470.00;-27.94%;11.18%;Пневмодрели;Ні;*;Так;відсутній у фіді + подешевшало на 27.9%
AT-480;"Напилок пневматичний (10мм*330мм;16000об/хв) AIRKRAFT AT-480";ok;1994.00;1994.00;+0.00%;10720.00;2210.00;-79.38%;10.47%;Пневмошлифмашины;Так;*;Так;подешевшало на 79.4%
AT-6017;"Заклепочник пневмогідравлічний 1/4"" (3.2мм 4.0мм 4.8мм 6.0мм";ok;3343.00;3343.00;+0.00%;4180.00;3700.00;-11.48%;10.63%;Пневматические заклепочники;Ні;*;Так;відсутній у фіді
AT-7032B;Зачисна машинка пневматична (25000об/хв) AIRKRAFT AT-7032B;ok;656.00;656.00;+0.00%;850.00;730.00;-14.12%;10.47%;Пневмошлифмашины;Ні;*;Так;відсутній у фіді
AT-7038B;Ножиці вирубні пневматичні для різання листового металу (до ;ok;1555.00;1555.00;+0.00%;1960.00;1790.00;-8.67%;15.00%;default;Ні;*;Так;відсутній у фіді
AT-8039P;Голчастий зачисний молоток пневматичний для очищення поверхо;ok;3441.00;3441.00;+0.00%;4300.00;3800.00;-11.63%;10.38%;Пневматические отбойные молотки;Ні;*;Так;відсутній у фіді
AT-980-5;Шліфувальна машинка пневматична орбітальна (Non-vacuum type);ok;1827.00;1827.00;+0.00%;2300.00;2020.00;-12.17%;10.47%;Пневмошлифмашины;Ні;*;Так;відсутній у фіді
ATC-09;Насадка для пистолета подкачки колес 8мм AIRKRAFT ATC-09;ok;42.00;45.00;+7.14%;80.00;60.00;-25.00%;15.24%;Пневматические пистолеты подкачки шин;Так;*;Так;подешевшало на 25.0%
ATF-A6;Обладнання для обслуговування АКПП AOMAI ATF-A6;ok;78760.00;78760.00;+0.00%;103960.00;89740.00;-13.68%;13.94%;Оборудование для замены масел и смазок;Ні;*;Так;відсутній у фіді
AW-1150;Ключ розвідний 150мм СТАНДАРТ;ok;136.00;136.00;+0.00%;200.00;160.00;-20.00%;15.21%;Разводные ключи;Ні;*;Так;відсутній у фіді + подешевшало на 20.0%
AW-1200;Ключ розвідний 200мм СТАНДАРТ;ok;177.00;177.00;+0.00%;1020.00;210.00;-79.41%;15.21%;Разводные ключи;Так;*;Так;подешевшало на 79.4%
AW-1250;Ключ розвідний 250мм СТАНДАРТ;ok;256.00;256.00;+0.00%;350.00;300.00;-14.29%;15.21%;Разводные ключи;Ні;*;Так;відсутній у фіді
AW-1300;Ключ розвідний 300мм СТАНДАРТ;ok;353.00;353.00;+0.00%;470.00;410.00;-12.77%;15.21%;Разводные ключи;Ні;*;Так;відсутній у фіді
AW-1380;Ключ розвідний 380мм 0-47мм СТАНДАРТ AW-1380;ok;598.00;598.00;+0.00%;1750.00;690.00;-60.57%;15.21%;Разводные ключи;Ні;*;Так;відсутній у фіді + подешевшало на 60.6%
AWJ3-085;Ключ динамометричний двосторонньої дії 3/8 4.25- 85Nm PROTES;ok;6754.00;6754.00;+0.00%;8420.00;7800.00;-7.36%;15.34%;Динамометрические ключи;Ні;*;Так;відсутній у фіді
AWJ3-135;Ключ динамометричний двосторонньої дії 3/8 6.75-135Nm PROTES;ok;7458.00;7458.00;+0.00%;9290.00;8610.00;-7.32%;15.34%;Динамометрические ключи;Ні;*;Так;відсутній у фіді
AWJ4-200;Ключ динамометричний двосторонньої дії 1/2 10-200Nm PROTESTE;ok;8136.00;8136.00;+0.00%;10140.00;9390.00;-7.40%;15.34%;Динамометрические ключи;Ні;*;Так;відсутній у фіді
AWJ4-340;Ключ динамометричний двосторонньої дії 1/2 17-340Nm PROTESTE;ok;7572.00;7572.00;+0.00%;9440.00;8740.00;-7.42%;15.34%;Динамометрические ключи;Ні;*;Так;відсутній у фіді
AWJ6-500;Ключ динамометричний двосторонньої дії 3/4 25-500Nm PROTESTE;ok;20148.00;20148.00;+0.00%;25060.00;23240.00;-7.26%;15.34%;Динамометрические ключи;Ні;*;Так;відсутній у фіді
AWM-10;Ключ динамометричний двосторонньої дії 1/4 (0.3-10Nm) PROTES;ok;4743.00;4743.00;+0.00%;5920.00;5480.00;-7.43%;15.34%;Динамометрические ключи;Ні;*;Так;відсутній у фіді
AWM-100;Ключ динамометричний двосторонньої дії 1/2 (3-100Nm) PROTEST;ok;5425.00;5425.00;+0.00%;7160.00;6260.00;-12.57%;15.34%;Динамометрические ключи;Ні;*;Так;відсутній у фіді
AWM-30;Ключ динамометричний двосторонньої дії 1/4 (0.9-30Nm) PROTES;ok;4748.00;4748.00;+0.00%;5930.00;5480.00;-7.59%;15.34%;Динамометрические ключи;Ні;*;Так;відсутній у фіді
AWM-60;Ключ динамометричний двосторонньої дії 3/8 (1.8 60Nm) PROTES;ok;5152.00;5152.00;+0.00%;6430.00;5950.00;-7.47%;15.34%;Динамометрические ключи;Ні;*;Так;відсутній у фіді
AWR2150;Ключ розвідний з прогумованою ручкою 150мм СТАНДАРТ;ok;141.00;141.00;+0.00%;200.00;170.00;-15.00%;15.21%;Разводные ключи;Ні;*;Так;відсутній у фіді
AWR2250;Ключ розвідний з прогумованою ручкою 250мм СТАНДАРТ;ok;300.00;300.00;+0.00%;400.00;350.00;-12.50%;15.21%;Разводные ключи;Ні;*;Так;відсутній у фіді
AWSJ3150;Ключ розвідний тонкі губки 150мм 0-35мм СТАНДАРТ AWSJ3150;ok;373.00;373.00;+0.00%;490.00;430.00;-12.24%;15.21%;Разводные ключи;Ні;*;Так;відсутній у фіді
AWSJ3200;Ключ розвідний тонкі губки 200мм 0-40мм СТАНДАРТ AWSJ3200;ok;480.00;480.00;+0.00%;620.00;560.00;-9.68%;15.21%;Разводные ключи;Ні;*;Так;відсутній у фіді
AWSJ3300;Ключ розвідний тонкі губки 300мм 0-60мм СТАНДАРТ AWSJ3300;ok;1099.00;1099.00;+0.00%;1390.00;1270.00;-8.63%;15.21%;Разводные ключи;Ні;*;Так;відсутній у фіді
AXG00010003;Робочий комбінезон TOPTUL (розмір XL);ok;4660.00;4660.00;+0.00%;5820.00;5360.00;-7.90%;15.00%;default;Ні;*;Так;відсутній у фіді
AXG00010004;Робочий комбінезон TOPTUL (розмір 2L);ok;4882.00;4882.00;+0.00%;6090.00;5620.00;-7.72%;15.00%;default;Ні;*;Так;відсутній у фіді
AXG00012201;Робочий комбінезон відкритий TOPTUL (розмір M);ok;4888.00;4888.00;+0.00%;6100.00;5630.00;-7.70%;15.00%;default;Ні;*;Так;відсутній у фіді
AXG00012202;Робочий комбінезон відкритий TOPTUL (розмір L);ok;5346.00;5346.00;+0.00%;6670.00;6150.00;-7.80%;15.00%;default;Ні;*;Так;відсутній у фіді
AYQ-6;Викрутка динамометрична 1.0-6.0Nm PROTESTER AYQ-6;ok;3401.00;3401.00;+0.00%;4250.00;3930.00;-7.53%;15.29%;Отвертки;Ні;*;Так;відсутній у фіді
B24V;Установка для вакуумного відкачування масла (24л);ok;8655.00;8655.00;+0.00%;28840.00;9870.00;-65.78%;13.94%;Оборудование для замены масел и смазок;Так;*;Так;подешевшало на 65.8%
B8010KV;Установка для вакуумного відкачування масла з мірною колбою ;ok;10238.00;8190.00;-20.00%;12750.00;9340.00;-26.75%;13.94%;Оборудование для замены масел и смазок;Так;*;Так;подешевшало на 26.7%
B8010KVS;Установка для зливу і вакуумної відкачки масла з мірною колб;ok;12305.00;9843.00;-20.01%;15320.00;11220.00;-26.76%;13.94%;Оборудование для замены масел и смазок;Так;*;Так;подешевшало на 26.8%
B80S;Установка для зливу масла металева (80л);ok;4555.00;3644.00;-20.00%;7230.00;4160.00;-42.46%;13.94%;Оборудование для замены масел и смазок;Так;*;Так;подешевшало на 42.5%
B80VS;Установка для зливу і вакуумної відкачки масла (80л) B80VS G;ok;9904.00;7922.00;-20.01%;17970.00;9030.00;-49.75%;13.94%;Оборудование для замены масел и смазок;Так;*;Так;подешевшало на 49.7%
BAAR1216;"Свічна головка 16мм 3/8"" TOPTUL BAAR1216";ok;92.00;92.00;+0.00%;140.00;110.00;-21.43%;15.14%;Торцевые головки;Так;*;Так;подешевшало на 21.4%
BAAR1616;"Свічна головка 16мм 1/2"" TOPTUL BAAR1616";ok;92.00;92.00;+0.00%;140.00;110.00;-21.43%;15.01%;Отверточные биты;Так;*;Так;подешевшало на 21.4%
BAAU1616;"Свічна головка 16мм 1/2"" (тонка) TOPTUL BAAU1616";ok;99.00;99.00;+0.00%;150.00;120.00;-20.00%;15.01%;Отверточные биты;Так;*;Так;подешевшало на 20.0%
BAEA0804;"Головка торцева 1/4"" 4мм TOPTUL BAEA0804";ok;18.00;18.00;+0.00%;50.00;40.00;-20.00%;15.14%;Торцевые головки;Так;*;Так;подешевшало на 20.0%
BAEA0805;"Головка торцева 1/4"" 5мм TOPTUL BAEA0805";ok;18.00;18.00;+0.00%;50.00;40.00;-20.00%;15.14%;Торцевые головки;Так;*;Так;подешевшало на 20.0%
BAEA0806;"Головка торцева 1/4"" 6мм TOPTUL BAEA0806";ok;18.00;18.00;+0.00%;50.00;40.00;-20.00%;15.14%;Торцевые головки;Так;*;Так;подешевшало на 20.0%
BAEA0807;"Головка торцева 1/4"" 7мм TOPTUL BAEA0807";ok;18.00;18.00;+0.00%;50.00;40.00;-20.00%;15.14%;Торцевые головки;Так;*;Так;подешевшало на 20.0%
BAEA0808;"Головка торцева 1/4"" 8мм TOPTUL BAEA0808";ok;21.00;21.00;+0.00%;50.00;40.00;-20.00%;15.14%;Торцевые головки;Так;*;Так;подешевшало на 20.0%
BAEA0809;"Головка торцева 1/4"" 9мм TOPTUL BAEA0809";ok;22.00;22.00;+0.00%;60.00;40.00;-33.33%;15.14%;Торцевые головки;Так;*;Так;подешевшало на 33.3%
BAEA0810;"Головка торцева 1/4"" 10мм TOPTUL BAEA0810";ok;24.00;24.00;+0.00%;60.00;40.00;-33.33%;15.14%;Торцевые головки;Так;*;Так;подешевшало на 33.3%
BAEA0811;"Головка торцева 1/4"" 11мм TOPTUL BAEA0811";ok;28.00;28.00;+0.00%;60.00;40.00;-33.33%;15.14%;Торцевые головки;Так;*;Так;подешевшало на 33.3%
BAEA0812;"Головка торцева 1/4"" 12мм TOPTUL BAEA0812";ok;29.00;29.00;+0.00%;60.00;40.00;-33.33%;15.14%;Торцевые головки;Так;*;Так;подешевшало на 33.3%
BAEA0813;"Головка торцева 1/4"" 13мм TOPTUL BAEA0813";ok;30.00;30.00;+0.00%;70.00;40.00;-42.86%;15.14%;Торцевые головки;Так;*;Так;подешевшало на 42.9%
BAEA0814;"Головка торцева 1/4"" 14мм TOPTUL BAEA0814";ok;35.00;35.00;+0.00%;70.00;50.00;-28.57%;15.14%;Торцевые головки;Так;*;Так;подешевшало на 28.6%
BAEA084E;"Головка торцева 1/4"" 4,5мм TOPTUL BAEA084E";ok;18.00;18.00;+0.00%;50.00;40.00;-20.00%;15.14%;Торцевые головки;Так;*;Так;подешевшало на 20.0%
BAEA085E;"Головка торцева 1/4"" 5,5мм TOPTUL BAEA085E";ok;18.00;18.00;+0.00%;50.00;40.00;-20.00%;15.14%;Торцевые головки;Так;*;Так;подешевшало на 20.0%
BAEA1206;"Головка торцева 3/8"" 6мм TOPTUL BAEA1206";ok;29.00;29.00;+0.00%;60.00;40.00;-33.33%;15.14%;Торцевые головки;Так;*;Так;подешевшало на 33.3%
BAEA1207;"Головка торцева 3/8"" 7мм TOPTUL BAEA1207";ok;29.00;29.00;+0.00%;60.00;40.00;-33.33%;15.14%;Торцевые головки;Так;*;Так;подешевшало на 33.3%
BAEA1208;"Головка торцева 3/8"" 8мм TOPTUL BAEA1208";ok;29.00;29.00;+0.00%;60.00;40.00;-33.33%;15.14%;Торцевые головки;Так;*;Так;подешевшало на 33.3%
BAEA1209;"Головка торцева 3/8"" 9мм TOPTUL BAEA1209";ok;29.00;29.00;+0.00%;60.00;40.00;-33.33%;15.14%;Торцевые головки;Так;*;Так;подешевшало на 33.3%
BAEA1210;"Головка торцева 3/8"" 10мм TOPTUL BAEA1210";ok;29.00;29.00;+0.00%;60.00;40.00;-33.33%;15.14%;Торцевые головки;Так;*;Так;подешевшало на 33.3%
BAEA1211;"Головка торцева 3/8"" 11мм TOPTUL BAEA1211";ok;29.00;29.00;+0.00%;60.00;40.00;-33.33%;15.14%;Торцевые головки;Так;*;Так;подешевшало на 33.3%
BAEA1212;"Головка торцева 3/8"" 12мм TOPTUL BAEA1212";ok;30.00;30.00;+0.00%;70.00;40.00;-42.86%;15.14%;Торцевые головки;Так;*;Так;подешевшало на 42.9%
BAEA1213;"Головка торцева 3/8"" 13мм TOPTUL BAEA1213";ok;31.00;31.00;+0.00%;70.00;40.00;-42.86%;15.14%;Торцевые головки;Так;*;Так;подешевшало на 42.9%
BAEA1214;"Головка торцева 3/8"" 14мм TOPTUL BAEA1214";ok;34.00;34.00;+0.00%;70.00;40.00;-42.86%;15.14%;Торцевые головки;Так;*;Так;подешевшало на 42.9%
BAEA1215;"Головка торцева 3/8"" 15мм TOPTUL BAEA1215";ok;39.00;39.00;+0.00%;80.00;50.00;-37.50%;15.14%;Торцевые головки;Так;*;Так;подешевшало на 37.5%
BAEA1216;"Головка торцева 3/8"" 16мм TOPTUL BAEA1216";ok;39.00;39.00;+0.00%;80.00;50.00;-37.50%;15.14%;Торцевые головки;Так;*;Так;подешевшало на 37.5%
BAEA1217;"Головка торцева 3/8"" 17мм TOPTUL BAEA1217";ok;47.00;47.00;+0.00%;90.00;60.00;-33.33%;15.14%;Торцевые головки;Так;*;Так;подешевшало на 33.3%
BAEA1218;"Головка торцева 3/8"" 18мм TOPTUL BAEA1218";ok;53.00;53.00;+0.00%;90.00;70.00;-22.22%;15.14%;Торцевые головки;Так;*;Так;подешевшало на 22.2%
BAEA1219;"Головка торцева 3/8"" 19мм TOPTUL BAEA1219";ok;50.00;50.00;+0.00%;90.00;60.00;-33.33%;15.14%;Торцевые головки;Так;*;Так;подешевшало на 33.3%
BAEA1221;"Головка торцева 3/8"" 21мм TOPTUL BAEA1221";ok;57.00;57.00;+0.00%;100.00;70.00;-30.00%;15.14%;Торцевые головки;Так;*;Так;подешевшало на 30.0%
BAEA1222;"Головка торцева 3/8"" 22мм TOPTUL BAEA1222";ok;64.00;64.00;+0.00%;110.00;80.00;-27.27%;15.14%;Торцевые головки;Так;*;Так;подешевшало на 27.3%
BAEA1224;"Головка торцева 3/8"" 24мм TOPTUL BAEA1224";ok;76.00;76.00;+0.00%;120.00;90.00;-25.00%;15.14%;Торцевые головки;Так;*;Так;подешевшало на 25.0%
BAEA1608;"Головка торцева 1/2"" 8мм TOPTUL BAEA1608";ok;51.00;51.00;+0.00%;90.00;60.00;-33.33%;15.14%;Торцевые головки;Так;*;Так;подешевшало на 33.3%
BAEA1609;"Головка торцева 1/2"" 9мм TOPTUL BAEA1609";ok;49.00;49.00;+0.00%;90.00;60.00;-33.33%;15.14%;Торцевые головки;Так;*;Так;подешевшало на 33.3%
BAEA1610;"Головка торцева 1/2"" 10мм TOPTUL BAEA1610";ok;49.00;49.00;+0.00%;90.00;60.00;-33.33%;15.14%;Торцевые головки;Так;*;Так;подешевшало на 33.3%
BAEA1611;"Головка торцева 1/2"" 11мм TOPTUL BAEA1611";ok;51.00;51.00;+0.00%;90.00;60.00;-33.33%;15.14%;Торцевые головки;Так;*;Так;подешевшало на 33.3%
BAEA1612;"Головка торцева 1/2"" 12мм TOPTUL BAEA1612";ok;51.00;51.00;+0.00%;90.00;60.00;-33.33%;15.14%;Торцевые головки;Так;*;Так;подешевшало на 33.3%
BAEA1613;"Головка торцева 1/2"" 13мм TOPTUL BAEA1613";ok;51.00;51.00;+0.00%;90.00;60.00;-33.33%;15.14%;Торцевые головки;Так;*;Так;подешевшало на 33.3%
BAEA1614;"Головка торцева 1/2"" 14мм TOPTUL BAEA1614";ok;51.00;51.00;+0.00%;90.00;60.00;-33.33%;15.14%;Торцевые головки;Так;*;Так;подешевшало на 33.3%
BAEA1615;"Головка торцева 1/2"" 15мм TOPTUL BAEA1615";ok;51.00;51.00;+0.00%;90.00;60.00;-33.33%;15.14%;Торцевые головки;Так;*;Так;подешевшало на 33.3%
BAEA1616;"Головка торцева 1/2"" 16мм TOPTUL BAEA1616";ok;63.00;63.00;+0.00%;110.00;80.00;-27.27%;15.14%;Торцевые головки;Так;*;Так;подешевшало на 27.3%
BAEA1617;"Головка торцева 1/2"" 17мм TOPTUL BAEA1617";ok;60.00;60.00;+0.00%;100.00;70.00;-30.00%;15.14%;Торцевые головки;Так;*;Так;подешевшало на 30.0%
BAEA1618;"Головка торцева 1/2"" 18мм TOPTUL BAEA1618";ok;65.00;65.00;+0.00%;110.00;80.00;-27.27%;15.14%;Торцевые головки;Так;*;Так;подешевшало на 27.3%
BAEA1619;"Головка торцева 1/2"" 19мм TOPTUL BAEA1619";ok;65.00;65.00;+0.00%;110.00;80.00;-27.27%;15.14%;Торцевые головки;Так;*;Так;подешевшало на 27.3%
BAEA1620;"Головка торцева 1/2"" 20мм TOPTUL BAEA1620";ok;76.00;76.00;+0.00%;120.00;90.00;-25.00%;15.14%;Торцевые головки;Так;*;Так;подешевшало на 25.0%
BAEA1621;"Головка торцева 1/2"" 21мм TOPTUL BAEA1621";ok;76.00;76.00;+0.00%;120.00;90.00;-25.00%;15.14%;Торцевые головки;Так;*;Так;подешевшало на 25.0%
BAEA1622;"Головка торцева 1/2"" 22мм TOPTUL BAEA1622";ok;92.00;92.00;+0.00%;140.00;110.00;-21.43%;15.14%;Торцевые головки;Так;*;Так;подешевшало на 21.4%
BAEA1623;"Головка торцева 1/2"" 23мм TOPTUL BAEA1623";ok;98.00;98.00;+0.00%;150.00;120.00;-20.00%;15.14%;Торцевые головки;Так;*;Так;подешевшало на 20.0%
BAEA1624;"Головка торцева 1/2"" 24мм TOPTUL BAEA1624";ok;98.00;98.00;+0.00%;150.00;120.00;-20.00%;15.14%;Торцевые головки;Так;*;Так;подешевшало на 20.0%
BAEA1627;"Головка торцева 1/2"" 27мм TOPTUL BAEA1627";ok;136.00;136.00;+0.00%;200.00;160.00;-20.00%;15.14%;Торцевые головки;Так;*;Так;подешевшало на 20.0%
BAEB0804;"Головка торцева 1/4"" 4мм 12-гранна TOPTUL BAEB0804";ok;18.00;18.00;+0.00%;50.00;40.00;-20.00%;15.14%;Торцевые головки;Так;*;Так;подешевшало на 20.0%
BAEB0805;"Головка торцева 1/4"" 5мм 12-гранна TOPTUL BAEB0805";ok;18.00;18.00;+0.00%;50.00;40.00;-20.00%;15.14%;Торцевые головки;Так;*;Так;подешевшало на 20.0%
BAEB0806;"Головка торцева 1/4"" 6мм 12-гранна TOPTUL BAEB0806";ok;18.00;18.00;+0.00%;50.00;40.00;-20.00%;15.14%;Торцевые головки;Так;*;Так;подешевшало на 20.0%
BAEB0807;"Головка торцева 1/4"" 7мм 12-гранна TOPTUL BAEB0807";ok;18.00;18.00;+0.00%;50.00;40.00;-20.00%;15.14%;Торцевые головки;Так;*;Так;подешевшало на 20.0%
BAEB0808;"Головка торцева 1/4"" 8мм 12-гранна TOPTUL BAEB0808";ok;21.00;21.00;+0.00%;50.00;40.00;-20.00%;15.14%;Торцевые головки;Так;*;Так;подешевшало на 20.0%
BAEB0809;"Головка торцева 1/4"" 9мм 12-гранна TOPTUL BAEB0809";ok;22.00;22.00;+0.00%;60.00;40.00;-33.33%;15.14%;Торцевые головки;Так;*;Так;подешевшало на 33.3%
BAEB0810;"Головка торцева 1/4"" 10мм 12-гранна TOPTUL BAEB0810";ok;24.00;24.00;+0.00%;60.00;40.00;-33.33%;15.14%;Торцевые головки;Так;*;Так;подешевшало на 33.3%
BAEB0811;"Головка торцева 1/4"" 11мм 12-гранна TOPTUL BAEB0811";ok;29.00;29.00;+0.00%;60.00;40.00;-33.33%;15.14%;Торцевые головки;Так;*;Так;подешевшало на 33.3%
BAEB0812;"Головка торцева 1/4"" 12мм 12-гранна TOPTUL BAEB0812";ok;31.00;31.00;+0.00%;70.00;40.00;-42.86%;15.14%;Торцевые головки;Так;*;Так;подешевшало на 42.9%
BAEB0813;"Головка торцева 1/4"" 13мм 12-гранна TOPTUL BAEB0813";ok;32.00;32.00;+0.00%;70.00;40.00;-42.86%;15.14%;Торцевые головки;Так;*;Так;подешевшало на 42.9%
BAEB0814;"Головка торцева 1/4"" 14мм 12-гранна TOPTUL BAEB0814";ok;37.00;37.00;+0.00%;70.00;50.00;-28.57%;15.14%;Торцевые головки;Так;*;Так;подешевшало на 28.6%
BAEB084E;"Головка торцева 1/4"" 4,5мм 12-гранна TOPTUL BAEB084E";ok;18.00;18.00;+0.00%;50.00;40.00;-20.00%;15.14%;Торцевые головки;Так;*;Так;подешевшало на 20.0%
BAEB085E;"Головка торцева 1/4"" 5,5мм 12-гранна TOPTUL BAEB085E";ok;18.00;18.00;+0.00%;50.00;40.00;-20.00%;15.14%;Торцевые головки;Так;*;Так;подешевшало на 20.0%
BAEB1608;"Головка торцева 1/2"" 8мм12-гранна TOPTUL BAEB1608";ok;51.00;51.00;+0.00%;90.00;60.00;-33.33%;15.14%;Торцевые головки;Так;*;Так;подешевшало на 33.3%
BAEB1609;"Головка торцева 1/2"" 9мм12-гранна TOPTUL BAEB1609";ok;49.00;49.00;+0.00%;90.00;60.00;-33.33%;15.14%;Торцевые головки;Так;*;Так;подешевшало на 33.3%
BAEB1610;"Головка торцева 1/2"" 10мм12-гранна TOPTUL BAEB1610";ok;49.00;49.00;+0.00%;90.00;60.00;-33.33%;15.14%;Торцевые головки;Так;*;Так;подешевшало на 33.3%
BAEB1611;"Головка торцева 1/2"" 11мм12-гранна TOPTUL BAEB1611";ok;51.00;51.00;+0.00%;90.00;60.00;-33.33%;15.14%;Торцевые головки;Так;*;Так;подешевшало на 33.3%
BAEB1612;"Головка торцева 1/2"" 12мм12-гранна TOPTUL BAEB1612";ok;51.00;51.00;+0.00%;90.00;60.00;-33.33%;15.14%;Торцевые головки;Так;*;Так;подешевшало на 33.3%
BAEB1613;"Головка торцева 1/2"" 13мм12-гранна TOPTUL BAEB1613";ok;51.00;51.00;+0.00%;90.00;60.00;-33.33%;15.14%;Торцевые головки;Так;*;Так;подешевшало на 33.3%
BAEB1614;"Головка торцева 1/2"" 14мм12-гранна TOPTUL BAEB1614";ok;51.00;51.00;+0.00%;90.00;60.00;-33.33%;15.14%;Торцевые головки;Так;*;Так;подешевшало на 33.3%
BAEB1615;"Головка торцева 1/2"" 15мм12-гранна TOPTUL BAEB1615";ok;51.00;51.00;+0.00%;90.00;60.00;-33.33%;15.14%;Торцевые головки;Так;*;Так;подешевшало на 33.3%
BAEB1616;"Головка торцева 1/2"" 16мм12-гранна TOPTUL BAEB1616";ok;63.00;63.00;+0.00%;110.00;80.00;-27.27%;15.14%;Торцевые головки;Так;*;Так;подешевшало на 27.3%
BAEB1617;"Головка торцева 1/2"" 17мм12-гранна TOPTUL BAEB1617";ok;61.00;61.00;+0.00%;100.00;80.00;-20.00%;15.14%;Торцевые головки;Так;*;Так;подешевшало на 20.0%
BAEB1618;"Головка торцева 1/2"" 18мм12-гранна TOPTUL BAEB1618";ok;67.00;67.00;+0.00%;110.00;80.00;-27.27%;15.14%;Торцевые головки;Так;*;Так;подешевшало на 27.3%
BAEB1619;"Головка торцева 1/2"" 19мм12-гранна TOPTUL BAEB1619";ok;67.00;67.00;+0.00%;110.00;80.00;-27.27%;15.14%;Торцевые головки;Так;*;Так;подешевшало на 27.3%
BAEB1620;"Головка торцева 1/2"" 20мм12-гранна TOPTUL BAEB1620";ok;77.00;77.00;+0.00%;120.00;90.00;-25.00%;15.14%;Торцевые головки;Так;*;Так;подешевшало на 25.0%
BAEB1621;"Головка торцева 1/2"" 21мм12-гранна TOPTUL BAEB1621";ok;77.00;77.00;+0.00%;120.00;90.00;-25.00%;15.14%;Торцевые головки;Так;*;Так;подешевшало на 25.0%
BAEB1622;"Головка торцева 1/2"" 22мм12-гранна TOPTUL BAEB1622";ok;93.00;93.00;+0.00%;140.00;110.00;-21.43%;15.14%;Торцевые головки;Так;*;Так;подешевшало на 21.4%
BAEB1623;"Головка торцева 1/2"" 23мм12-гранна TOPTUL BAEB1623";ok;99.00;99.00;+0.00%;150.00;120.00;-20.00%;15.14%;Торцевые головки;Так;*;Так;подешевшало на 20.0%
BAEB1624;"Головка торцева 1/2"" 24мм12-гранна TOPTUL BAEB1624";ok;99.00;99.00;+0.00%;150.00;120.00;-20.00%;15.14%;Торцевые головки;Так;*;Так;подешевшало на 20.0%
BAEB1627;"Головка торцева 1/2"" 27мм12-гранна TOPTUL BAEB1627";ok;136.00;136.00;+0.00%;200.00;160.00;-20.00%;15.14%;Торцевые головки;Так;*;Так;подешевшало на 20.0%
BAED0804;"Головка торцева 1/4"" E4 TOPTUL BAED0804";ok;28.00;28.00;+0.00%;60.00;40.00;-33.33%;15.14%;Торцевые головки;Так;*;Так;подешевшало на 33.3%
BAED0805;"Головка торцева 1/4"" E5 TOPTUL BAED0805";ok;28.00;28.00;+0.00%;60.00;40.00;-33.33%;15.14%;Торцевые головки;Так;*;Так;подешевшало на 33.3%
BAED0806;"Головка торцева 1/4"" E6 TOPTUL BAED0806";ok;28.00;28.00;+0.00%;60.00;40.00;-33.33%;15.14%;Торцевые головки;Так;*;Так;подешевшало на 33.3%
BAED0807;"Головка торцева 1/4"" E7 TOPTUL BAED0807";ok;28.00;28.00;+0.00%;60.00;40.00;-33.33%;15.14%;Торцевые головки;Так;*;Так;подешевшало на 33.3%
BAED0808;"Головка торцева 1/4"" E8 TOPTUL BAED0808";ok;29.00;29.00;+0.00%;60.00;40.00;-33.33%;15.14%;Торцевые головки;Так;*;Так;подешевшало на 33.3%
BAED0810;"Головка торцева 1/4"" E10 TOPTUL BAED0810";ok;36.00;36.00;+0.00%;70.00;50.00;-28.57%;15.14%;Торцевые головки;Так;*;Так;подешевшало на 28.6%
BAED1208;"Головка торцева 3/8"" E8 TOPTUL BAED1208";ok;40.00;40.00;+0.00%;80.00;50.00;-37.50%;15.14%;Торцевые головки;Так;*;Так;подешевшало на 37.5%
BAED1610;"Головка торцева 1/2"" E10 TOPTUL BAED1610";ok;66.00;66.00;+0.00%;110.00;80.00;-27.27%;15.14%;Торцевые головки;Так;*;Так;подешевшало на 27.3%
BAED1611;"Головка торцева 1/2"" E11 TOPTUL BAED1611";ok;67.00;67.00;+0.00%;110.00;80.00;-27.27%;15.14%;Торцевые головки;Так;*;Так;подешевшало на 27.3%
BAED1612;"Головка торцева 1/2"" E12 TOPTUL BAED1612";ok;66.00;66.00;+0.00%;110.00;80.00;-27.27%;15.14%;Торцевые головки;Так;*;Так;подешевшало на 27.3%
BAED1614;"Головка торцева 1/2"" E14 TOPTUL BAED1614";ok;66.00;66.00;+0.00%;110.00;80.00;-27.27%;15.14%;Торцевые головки;Так;*;Так;подешевшало на 27.3%
BAED1616;"Головка торцева 1/2"" E16 TOPTUL BAED1616";ok;67.00;67.00;+0.00%;110.00;80.00;-27.27%;15.14%;Торцевые головки;Так;*;Так;подешевшало на 27.3%
BAED1618;"Головка торцева 1/2"" E18 TOPTUL BAED1618";ok;67.00;67.00;+0.00%;110.00;80.00;-27.27%;15.14%;Торцевые головки;Так;*;Так;подешевшало на 27.3%
BAED1620;"Головка торцева 1/2"" E20 TOPTUL BAED1620";ok;75.00;75.00;+0.00%;120.00;90.00;-25.00%;15.14%;Торцевые головки;Так;*;Так;подешевшало на 25.0%
BAED1622;"Головка торцева 1/2"" E22 TOPTUL BAED1622";ok;86.00;86.00;+0.00%;140.00;100.00;-28.57%;15.14%;Торцевые головки;Так;*;Так;подешевшало на 28.6%
BAED1624;"Головка торцева 1/2"" E24 TOPTUL BAED1624";ok;96.00;96.00;+0.00%;150.00;120.00;-20.00%;15.14%;Торцевые головки;Так;*;Так;подешевшало на 20.0%
BAEE0804;"Головка торцева довга 1/4"" 4мм TOPTUL BAEE0804";ok;52.00;52.00;+0.00%;90.00;60.00;-33.33%;15.14%;Торцевые головки;Так;*;Так;подешевшало на 33.3%
BAEE0805;"Головка торцева довга 1/4"" 5мм TOPTUL BAEE0805";ok;52.00;52.00;+0.00%;90.00;60.00;-33.33%;15.14%;Торцевые головки;Так;*;Так;подешевшало на 33.3%
BAEE0806;"Головка торцева довга 1/4"" 6мм TOPTUL BAEE0806";ok;47.00;47.00;+0.00%;90.00;60.00;-33.33%;15.14%;Торцевые головки;Так;*;Так;подешевшало на 33.3%
BAEE0807;"Головка торцева довга 1/4"" 7мм TOPTUL BAEE0807";ok;46.00;46.00;+0.00%;90.00;60.00;-33.33%;15.14%;Торцевые головки;Так;*;Так;подешевшало на 33.3%
BAEE0808;"Головка торцева довга 1/4"" 8мм TOPTUL BAEE0808";ok;48.00;48.00;+0.00%;90.00;60.00;-33.33%;15.14%;Торцевые головки;Так;*;Так;подешевшало на 33.3%
BAEE0809;"Головка торцева довга 1/4"" 9мм TOPTUL BAEE0809";ok;50.00;50.00;+0.00%;90.00;60.00;-33.33%;15.14%;Торцевые головки;Так;*;Так;подешевшало на 33.3%
BAEE0810;"Головка торцева довга 1/4"" 10мм TOPTUL BAEE0810";ok;54.00;54.00;+0.00%;100.00;70.00;-30.00%;15.14%;Торцевые головки;Так;*;Так;подешевшало на 30.0%
BAEE0811;"Головка торцева довга 1/4"" 11мм TOPTUL BAEE0811";ok;62.00;62.00;+0.00%;110.00;80.00;-27.27%;15.14%;Торцевые головки;Так;*;Так;подешевшало на 27.3%
BAEE0812;"Головка торцева довга 1/4"" 12мм TOPTUL BAEE0812";ok;64.00;64.00;+0.00%;110.00;80.00;-27.27%;15.14%;Торцевые головки;Так;*;Так;подешевшало на 27.3%
BAEE0813;"Головка торцева довга 1/4"" 13мм TOPTUL BAEE0813";ok;68.00;68.00;+0.00%;110.00;80.00;-27.27%;15.14%;Торцевые головки;Так;*;Так;подешевшало на 27.3%
BAEE0814;"Головка торцева довга 1/4"" 14мм TOPTUL BAEE0814";ok;73.00;73.00;+0.00%;120.00;90.00;-25.00%;15.14%;Торцевые головки;Так;*;Так;подешевшало на 25.0%
BAEE084E;"Головка торцева довга 1/4"" 4,5мм TOPTUL BAEE084E";ok;52.00;52.00;+0.00%;90.00;60.00;-33.33%;15.14%;Торцевые головки;Так;*;Так;подешевшало на 33.3%
BAEE085E;"Головка торцева довга 1/4"" 5,5мм TOPTUL BAEE085E";ok;52.00;52.00;+0.00%;90.00;60.00;-33.33%;15.14%;Торцевые головки;Так;*;Так;подешевшало на 33.3%
BAEE1206;"Головка торцева довга 3/8"" 6мм TOPTUL BAEE1206";ok;80.00;80.00;+0.00%;130.00;100.00;-23.08%;15.14%;Торцевые головки;Так;*;Так;подешевшало на 23.1%
BAEE1207;"Головка торцева довга 3/8"" 7мм TOPTUL BAEE1207";ok;81.00;81.00;+0.00%;130.00;100.00;-23.08%;15.14%;Торцевые головки;Так;*;Так;подешевшало на 23.1%
BAEE1208;"Головка торцева довга 3/8"" 8мм TOPTUL BAEE1208";ok;71.00;71.00;+0.00%;120.00;90.00;-25.00%;15.14%;Торцевые головки;Так;*;Так;подешевшало на 25.0%
BAEE1209;"Головка торцева довга 3/8"" 9мм TOPTUL BAEE1209";ok;75.00;75.00;+0.00%;120.00;90.00;-25.00%;15.14%;Торцевые головки;Так;*;Так;подешевшало на 25.0%
BAEE1210;"Головка торцева довга 3/8"" 10мм TOPTUL BAEE1210";ok;76.00;76.00;+0.00%;120.00;90.00;-25.00%;15.14%;Торцевые головки;Так;*;Так;подешевшало на 25.0%
BAEE1211;"Головка торцева довга 3/8"" 11мм TOPTUL BAEE1211";ok;76.00;76.00;+0.00%;120.00;90.00;-25.00%;15.14%;Торцевые головки;Так;*;Так;подешевшало на 25.0%
BAEE1212;"Головка торцева довга 3/8"" 12мм TOPTUL BAEE1212";ok;79.00;79.00;+0.00%;130.00;100.00;-23.08%;15.14%;Торцевые головки;Так;*;Так;подешевшало на 23.1%
BAEE1213;"Головка торцева довга 3/8"" 13мм TOPTUL BAEE1213";ok;81.00;81.00;+0.00%;130.00;100.00;-23.08%;15.14%;Торцевые головки;Так;*;Так;подешевшало на 23.1%
BAEE1214;"Головка торцева довга 3/8"" 14мм TOPTUL BAEE1214";ok;84.00;84.00;+0.00%;130.00;100.00;-23.08%;15.14%;Торцевые головки;Так;*;Так;подешевшало на 23.1%
BAEE1215;"Головка торцева довга 3/8"" 15мм TOPTUL BAEE1215";ok;93.00;93.00;+0.00%;140.00;110.00;-21.43%;15.14%;Торцевые головки;Так;*;Так;подешевшало на 21.4%
BAEE1216;"Головка торцева довга 3/8"" 16мм TOPTUL BAEE1216";ok;91.00;91.00;+0.00%;140.00;110.00;-21.43%;15.14%;Торцевые головки;Так;*;Так;подешевшало на 21.4%
BAEE1217;"Головка торцева довга 3/8"" 17мм TOPTUL BAEE1217";ok;100.00;100.00;+0.00%;160.00;120.00;-25.00%;15.14%;Торцевые головки;Так;*;Так;подешевшало на 25.0%
BAEE1608;"Головка торцева довга 1/2"" 8мм TOPTUL BAEE1608";ok;121.00;121.00;+0.00%;180.00;140.00;-22.22%;15.14%;Торцевые головки;Так;*;Так;подешевшало на 22.2%
BAEE1609;"Головка торцева довга 1/2"" 9мм TOPTUL BAEE1609";ok;112.00;112.00;+0.00%;170.00;130.00;-23.53%;15.14%;Торцевые головки;Так;*;Так;подешевшало на 23.5%
BAEE1617;"Головка торцева довга 1/2"" 17мм TOPTUL BAEE1617";ok;112.00;112.00;+0.00%;170.00;130.00;-23.53%;15.14%;Торцевые головки;Так;*;Так;подешевшало на 23.5%
BAEE1618;"Головка торцева довга 1/2"" 18мм TOPTUL BAEE1618";ok;121.00;121.00;+0.00%;180.00;140.00;-22.22%;15.14%;Торцевые головки;Так;*;Так;подешевшало на 22.2%
BAEE1628;"Головка торцева довга 1/2"" 28мм TOPTUL BAEE1628";ok;251.00;251.00;+0.00%;400.00;290.00;-27.50%;15.14%;Торцевые головки;Так;*;Так;подешевшало на 27.5%
BAEE1629;"Головка торцева довга 1/2"" 29мм TOPTUL BAEE1629";ok;251.00;251.00;+0.00%;390.00;290.00;-25.64%;15.14%;Торцевые головки;Так;*;Так;подешевшало на 25.6%
BAEF0806;"Головка торцева довга 1/4"" 6мм 12-гранна TOPTUL BAEF0806";ok;48.00;48.00;+0.00%;90.00;60.00;-33.33%;15.14%;Торцевые головки;Так;*;Так;подешевшало на 33.3%
BAEF0807;"Головка торцева довга 1/4"" 7мм 12-гранна TOPTUL BAEF0807";ok;48.00;48.00;+0.00%;90.00;60.00;-33.33%;15.14%;Торцевые головки;Так;*;Так;подешевшало на 33.3%
BAEF0808;"Головка торцева довга 1/4"" 8мм 12-гранна TOPTUL BAEF0808";ok;49.00;49.00;+0.00%;90.00;60.00;-33.33%;15.14%;Торцевые головки;Так;*;Так;подешевшало на 33.3%
BAEF0809;"Головка торцева довга 1/4"" 9мм 12-гранна TOPTUL BAEF0809";ok;51.00;51.00;+0.00%;90.00;60.00;-33.33%;15.14%;Торцевые головки;Так;*;Так;подешевшало на 33.3%
BAEF0810;"Головка торцева довга 1/4"" 10мм 12-гранна TOPTUL BAEF0810";ok;55.00;55.00;+0.00%;100.00;70.00;-30.00%;15.14%;Торцевые головки;Так;*;Так;подешевшало на 30.0%
BAEF0811;"Головка торцева довга 1/4"" 11мм 12-гранна TOPTUL BAEF0811";ok;62.00;62.00;+0.00%;110.00;80.00;-27.27%;15.14%;Торцевые головки;Так;*;Так;подешевшало на 27.3%
BAEF0812;"Головка торцева довга 1/4"" 12мм 12-гранна TOPTUL BAEF0812";ok;65.00;65.00;+0.00%;110.00;80.00;-27.27%;15.14%;Торцевые головки;Так;*;Так;подешевшало на 27.3%
BAEF0813;"Головка торцева довга 1/4"" 13мм 12-гранна TOPTUL BAEF0813";ok;69.00;69.00;+0.00%;110.00;80.00;-27.27%;15.14%;Торцевые головки;Так;*;Так;подешевшало на 27.3%
BAEF1608;"Головка торцева довга 1/2"" 8мм 12-гранна TOPTUL BAEF1608";ok;121.00;121.00;+0.00%;180.00;140.00;-22.22%;15.14%;Торцевые головки;Так;*;Так;подешевшало на 22.2%
BAEF1609;"Головка торцева довга 1/2"" 9мм 12-гранна TOPTUL BAEF1609";ok;112.00;112.00;+0.00%;170.00;130.00;-23.53%;15.14%;Торцевые головки;Так;*;Так;подешевшало на 23.5%
BAEF1617;"Головка торцева довга 1/2"" 17мм 12-гранна TOPTUL BAEF1617";ok;112.00;112.00;+0.00%;170.00;130.00;-23.53%;15.14%;Торцевые головки;Так;*;Так;подешевшало на 23.5%
BAEF1618;"Головка торцева довга 1/2"" 18мм 12-гранна TOPTUL BAEF1618";ok;121.00;121.00;+0.00%;180.00;140.00;-22.22%;15.14%;Торцевые головки;Так;*;Так;подешевшало на 22.2%
BAEH0808;"Головка торцева довга 1/4"" E8 TOPTUL BAEH0808";ok;51.00;51.00;+0.00%;90.00;60.00;-33.33%;15.14%;Торцевые головки;Так;*;Так;подешевшало на 33.3%
BAEH0810;"Головка торцева довга 1/4"" E10 TOPTUL BAEH0810";ok;56.00;56.00;+0.00%;100.00;70.00;-30.00%;15.14%;Торцевые головки;Так;*;Так;подешевшало на 30.0%
BAEH1612;"Головка торцева довга 1/2"" E12 TOPTUL BAEH1612";ok;112.00;112.00;+0.00%;170.00;130.00;-23.53%;15.14%;Торцевые головки;Так;*;Так;подешевшало на 23.5%
BAEH1620;"Головка торцева довга 1/2"" E20 TOPTUL BAEH1620";ok;128.00;128.00;+0.00%;190.00;150.00;-21.05%;15.14%;Торцевые головки;Так;*;Так;подешевшало на 21.1%
BCAA08P1;"Головка з насадкою PH#1 37mm 1/4"" TOPTUL BCAA08P1";ok;39.00;39.00;+0.00%;80.00;50.00;-37.50%;15.14%;Торцевые головки;Так;*;Так;подешевшало на 37.5%
BCAA08P2;"Головка з насадкою PH # 2 37mm 1/4"" TOPTUL BCAA08P2";ok;39.00;39.00;+0.00%;80.00;50.00;-37.50%;15.14%;Торцевые головки;Так;*;Так;подешевшало на 37.5%
BCAA08P3;"Головка з насадкою PH # 3 37mm 1/4"" TOPTUL BCAA08P3";ok;39.00;39.00;+0.00%;80.00;50.00;-37.50%;15.14%;Торцевые головки;Так;*;Так;подешевшало на 37.5%
BCAA08P4;"Головка з насадкою PH#4 37mm 1/4"" TOPTUL BCAA08P4";ok;39.00;39.00;+0.00%;80.00;50.00;-37.50%;15.14%;Торцевые головки;Так;*;Так;подешевшало на 37.5%
BCAB08P1;"Головка PH1 1/4"" (цільна) TOPTUL BCAB08P1";ok;60.00;60.00;+0.00%;100.00;70.00;-30.00%;15.14%;Торцевые головки;Так;*;Так;подешевшало на 30.0%
BCAB08P2;"Головка PH2 1/4"" (цільна) TOPTUL BCAB08P2";ok;60.00;60.00;+0.00%;100.00;70.00;-30.00%;15.14%;Торцевые головки;Так;*;Так;подешевшало на 30.0%
BCAB08P3;"Головка PH3 1/4"" (цільна) TOPTUL BCAB08P3";ok;60.00;60.00;+0.00%;100.00;70.00;-30.00%;15.14%;Торцевые головки;Так;*;Так;подешевшало на 30.0%
BCBA08P1;"Головка з насадкою PZ1 37mm 1/4"" TOPTUL BCBA08P1";ok;39.00;39.00;+0.00%;80.00;50.00;-37.50%;15.01%;Отверточные биты;Так;*;Так;подешевшало на 37.5%
BCBA08P2;"Головка з насадкою PZ2 37mm 1/4"" TOPTUL BCBA08P2";ok;39.00;39.00;+0.00%;80.00;50.00;-37.50%;15.01%;Отверточные биты;Так;*;Так;подешевшало на 37.5%
BCCA0803;"Головка з шліцевою насадкою 3mm 37mm 1/4"" TOPTUL BCCA0803";ok;39.00;39.00;+0.00%;80.00;50.00;-37.50%;15.01%;Отверточные биты;Так;*;Так;подешевшало на 37.5%
BCCA0804;"Головка з шліцевою насадкою 4mm 37mm 1/4"" TOPTUL BCCA0804";ok;39.00;39.00;+0.00%;80.00;50.00;-37.50%;15.01%;Отверточные биты;Так;*;Так;подешевшало на 37.5%
BCCA0808;"Головка з шліцевою насадкою 8mm 37mm 1/4"" TOPTUL BCCA0808";ok;49.00;49.00;+0.00%;90.00;60.00;-33.33%;15.01%;Отверточные биты;Так;*;Так;подешевшало на 33.3%
BCCA085E;"Головка з шліцевою насадкою 5.5mm 37mm 1/4"" TOPTUL BCCA085E";ok;39.00;39.00;+0.00%;80.00;50.00;-37.50%;15.01%;Отверточные биты;Так;*;Так;подешевшало на 37.5%
BCCA086E;"Головка з шліцевою насадкою 6.5mm 37mm 1/4"" TOPTUL BCCA086E";ok;39.00;39.00;+0.00%;80.00;50.00;-37.50%;15.01%;Отверточные биты;Так;*;Так;подешевшало на 37.5%
BCCA1208;"Головка з шліцевою насадкою 1,2x8mm 48mm 3/8"" TOPTUL BCCA120";ok;73.00;73.00;+0.00%;120.00;90.00;-25.00%;15.01%;Отверточные биты;Так;*;Так;подешевшало на 25.0%
BCCA125E;"Головка з шліцевою насадкою 1,0x5,5mm 48mm 3/8 "" TOPTUL BCCA";ok;54.00;54.00;+0.00%;100.00;70.00;-30.00%;15.01%;Отверточные биты;Так;*;Так;подешевшало на 30.0%
BCDA0803;"Головка з насадкою HEX 3мм 1/4"" TOPTUL BCDA0803";ok;39.00;39.00;+0.00%;80.00;50.00;-37.50%;15.01%;Отверточные биты;Так;*;Так;подешевшало на 37.5%
BCDA0804;"Головка з насадкою HEX 4мм 1/4"" TOPTUL BCDA0804";ok;39.00;39.00;+0.00%;80.00;50.00;-37.50%;15.01%;Отверточные биты;Так;*;Так;подешевшало на 37.5%
BCDA0805;"Головка з насадкою HEX 5мм 1/4"" TOPTUL BCDA0805";ok;39.00;39.00;+0.00%;80.00;50.00;-37.50%;15.01%;Отверточные биты;Так;*;Так;подешевшало на 37.5%
BCDA0806;"Головка з насадкою HEX 6мм 1/4"" TOPTUL BCDA0806";ok;39.00;39.00;+0.00%;80.00;50.00;-37.50%;15.01%;Отверточные биты;Так;*;Так;подешевшало на 37.5%
BCDA0807;"Головка з насадкою HEX 7мм 1/4"" TOPTUL BCDA0807";ok;49.00;49.00;+0.00%;90.00;60.00;-33.33%;15.01%;Отверточные биты;Так;*;Так;подешевшало на 33.3%
BCDA0808;"Головка з насадкою HEX 8мм 1/4"" TOPTUL BCDA0808";ok;49.00;49.00;+0.00%;90.00;60.00;-33.33%;15.01%;Отверточные биты;Так;*;Так;подешевшало на 33.3%
BCDA1604;"Головка з насадкою HEX 4 mm 55mm 1/2"" TOPTUL BCDA1604";ok;120.00;120.00;+0.00%;180.00;140.00;-22.22%;15.01%;Отверточные биты;Так;*;Так;подешевшало на 22.2%
BCDA1605;"Головка з насадкою HEX 5 mm 55mm 1/2"" TOPTUL BCDA1605";ok;120.00;120.00;+0.00%;180.00;140.00;-22.22%;15.01%;Отверточные биты;Так;*;Так;подешевшало на 22.2%
BCDA1606;"Головка з насадкою HEX 6 mm 55mm 1/2"" TOPTUL BCDA1606";ok;120.00;120.00;+0.00%;180.00;140.00;-22.22%;15.01%;Отверточные биты;Так;*;Так;подешевшало на 22.2%
BCDA1607;"Головка з насадкою HEX 7 mm 55mm 1/2"" TOPTUL BCDA1607";ok;120.00;120.00;+0.00%;180.00;140.00;-22.22%;15.01%;Отверточные биты;Так;*;Так;подешевшало на 22.2%
BCDA1608;"Головка з насадкою HEX 8 mm 55mm 1/2"" TOPTUL BCDA1608";ok;120.00;120.00;+0.00%;180.00;140.00;-22.22%;15.01%;Отверточные биты;Так;*;Так;подешевшало на 22.2%
BCDA1612;"Головка з насадкою HEX 12 mm 55mm 1/2"" TOPTUL BCDA1612";ok;136.00;136.00;+0.00%;200.00;160.00;-20.00%;15.01%;Отверточные биты;Так;*;Так;подешевшало на 20.0%
BCDB0803;"Головка HEX 3мм 1/4"" (цільна) TOPTUL BCDB0803";ok;64.00;64.00;+0.00%;110.00;80.00;-27.27%;15.14%;Торцевые головки;Ні;*;Так;відсутній у фіді + подешевшало на 27.3%
BCDB0804;"Головка HEX 4мм 1/4"" (цільна) TOPTUL BCDB0804";ok;64.00;64.00;+0.00%;110.00;80.00;-27.27%;15.14%;Торцевые головки;Так;*;Так;подешевшало на 27.3%
BCDB0805;"Головка HEX 5мм 1/4"" (цільна) TOPTUL BCDB0805";ok;64.00;64.00;+0.00%;110.00;80.00;-27.27%;15.14%;Торцевые головки;Так;*;Так;подешевшало на 27.3%
BCDB0806;"Головка HEX 6мм 1/4"" (цільна) TOPTUL BCDB0806";ok;64.00;64.00;+0.00%;110.00;80.00;-27.27%;15.14%;Торцевые головки;Так;*;Так;подешевшало на 27.3%
BCDB0807;"Головка HEX 7мм 1/4"" (цільна) TOPTUL BCDB0807";ok;64.00;64.00;+0.00%;110.00;80.00;-27.27%;15.14%;Торцевые головки;Так;*;Так;подешевшало на 27.3%
BCDB0808;"Головка HEX 8мм 1/4"" (цільна) TOPTUL BCDB0808";ok;64.00;64.00;+0.00%;110.00;80.00;-27.27%;15.14%;Торцевые головки;Так;*;Так;подешевшало на 27.3%
BCFA0808;"Головка з насадкою TORX T8 37mm 1/4"" TOPTUL BCFA0808";ok;39.00;39.00;+0.00%;80.00;50.00;-37.50%;15.01%;Отверточные биты;Так;*;Так;подешевшало на 37.5%
BCFA0810;"Головка з насадкою TORX T10 37mm 1/4"" TOPTUL BCFA0810";ok;39.00;39.00;+0.00%;80.00;50.00;-37.50%;15.14%;Торцевые головки;Так;*;Так;подешевшало на 37.5%
BCFA0815;"Головка з насадкою TORX T15 37mm 1/4"" TOPTUL BCFA0815";ok;39.00;39.00;+0.00%;80.00;50.00;-37.50%;15.14%;Торцевые головки;Так;*;Так;подешевшало на 37.5%
BCFA0820;"Головка з насадкою TORX T20 37mm 1/4"" TOPTUL BCFA0820";ok;39.00;39.00;+0.00%;80.00;50.00;-37.50%;15.14%;Торцевые головки;Так;*;Так;подешевшало на 37.5%
BCFA0825;"Головка з насадкою TORX T25 37mm 1/4"" TOPTUL BCFA0825";ok;39.00;39.00;+0.00%;80.00;50.00;-37.50%;15.14%;Торцевые головки;Так;*;Так;подешевшало на 37.5%
BCFA0827;"Головка з насадкою TORX T27 37mm 1/4"" TOPTUL BCFA0827";ok;39.00;39.00;+0.00%;80.00;50.00;-37.50%;15.14%;Торцевые головки;Так;*;Так;подешевшало на 37.5%
BCFA0830;"Головка з насадкою TORX T30 37mm 1/4"" TOPTUL BCFA0830";ok;39.00;39.00;+0.00%;80.00;50.00;-37.50%;15.01%;Отверточные биты;Так;*;Так;подешевшало на 37.5%
BCFA0840;"Головка з насадкою TORX T40 37mm 1/4"" TOPTUL BCFA0840";ok;40.00;40.00;+0.00%;80.00;50.00;-37.50%;15.01%;Отверточные биты;Так;*;Так;подешевшало на 37.5%
BCFA1630;"Головка з насадкою TORX T30 55mm 1/2"" TOPTUL BCFA1630";ok;111.00;111.00;+0.00%;170.00;130.00;-23.53%;15.01%;Отверточные биты;Так;*;Так;подешевшало на 23.5%
BCFA1640;"Головка з насадкою TORX T40 55mm 1/2"" TOPTUL BCFA1640";ok;111.00;111.00;+0.00%;170.00;130.00;-23.53%;15.01%;Отверточные биты;Так;*;Так;подешевшало на 23.5%
BCFA1645;"Головка з насадкою TORX T45 55mm 1/2"" TOPTUL BCFA1645";ok;111.00;111.00;+0.00%;170.00;130.00;-23.53%;15.01%;Отверточные биты;Так;*;Так;подешевшало на 23.5%
BCFA1650;"Головка з насадкою TORX T50 55mm 1/2"" TOPTUL BCFA1650";ok;111.00;111.00;+0.00%;170.00;130.00;-23.53%;15.01%;Отверточные биты;Так;*;Так;подешевшало на 23.5%
BCFA1660;"Головка з насадкою TORX T60 55mm 1/2"" TOPTUL BCFA1660";ok;130.00;130.00;+0.00%;190.00;150.00;-21.05%;15.01%;Отверточные биты;Так;*;Так;подешевшало на 21.1%
BCFB0808;"Головка TORX T8 1/4"" (цільна) TOPTUL BCFB0808";ok;64.00;64.00;+0.00%;110.00;80.00;-27.27%;15.14%;Торцевые головки;Так;*;Так;подешевшало на 27.3%
BCFB0810;"Головка TORX T10 1/4"" (цільна) TOPTUL BCFB0810";ok;64.00;64.00;+0.00%;110.00;80.00;-27.27%;15.14%;Торцевые головки;Ні;*;Так;відсутній у фіді + подешевшало на 27.3%
BCFB0815;"Головка TORX T15 1/4"" (цільна) TOPTUL BCFB0815";ok;64.00;64.00;+0.00%;110.00;80.00;-27.27%;15.14%;Торцевые головки;Так;*;Так;подешевшало на 27.3%
BCFB0820;"Головка TORX T20 1/4"" (цільна) TOPTUL BCFB0820";ok;64.00;64.00;+0.00%;110.00;80.00;-27.27%;15.14%;Торцевые головки;Так;*;Так;подешевшало на 27.3%
BCFB0825;"Головка TORX T25 1/4"" (цільна) TOPTUL BCFB0825";ok;64.00;64.00;+0.00%;110.00;80.00;-27.27%;15.14%;Торцевые головки;Так;*;Так;подешевшало на 27.3%
BCFB0827;"Головка TORX T27 1/4"" (цільна) TOPTUL BCFB0827";ok;64.00;64.00;+0.00%;110.00;80.00;-27.27%;15.14%;Торцевые головки;Так;*;Так;подешевшало на 27.3%
BCFB0830;"Головка TORX T30 1/4"" (цільна) TOPTUL BCFB0830";ok;64.00;64.00;+0.00%;110.00;80.00;-27.27%;15.14%;Торцевые головки;Так;*;Так;подешевшало на 27.3%
BCFB0840;"Головка TORX T40 1/4"" (цільна) TOPTUL BCFB0840";ok;64.00;64.00;+0.00%;110.00;80.00;-27.27%;15.14%;Торцевые головки;Так;*;Так;подешевшало на 27.3%
BCHA1606;"Головка з насадкою SPLINE M6L55mm 1/2"" TOPTUL BCHA1606";ok;112.00;112.00;+0.00%;170.00;130.00;-23.53%;15.14%;Торцевые головки;Так;*;Так;подешевшало на 23.5%
BCHA1608;"Головка з насадкою SPLINE M8L55mm 1/2"" TOPTUL BCHA1608";ok;112.00;112.00;+0.00%;170.00;130.00;-23.53%;15.14%;Торцевые головки;Так;*;Так;подешевшало на 23.5%
BCHA1610;"Головка з насадкою SPLINE M10 L55mm 1/2"" TOPTUL BCHA1610";ok;121.00;121.00;+0.00%;180.00;140.00;-22.22%;15.14%;Торцевые головки;Так;*;Так;подешевшало на 22.2%
BCHA1612;"Головка з насадкою SPLINE M12 L55mm 1/2"" TOPTUL BCHA1612";ok;129.00;129.00;+0.00%;190.00;150.00;-21.05%;15.01%;Отверточные биты;Так;*;Так;подешевшало на 21.1%
BCNA0820;"Головка з насадкою 5-ою TORX T20 37mm 1/4"" з отвором (для па";ok;45.00;45.00;+0.00%;80.00;60.00;-25.00%;15.14%;Торцевые головки;Так;*;Так;подешевшало на 25.0%
BEAA0806;Головка на шуруповерт 6мм L=65мм магнітна TOPTUL BEAA0806;ok;79.00;79.00;+0.00%;130.00;100.00;-23.08%;15.01%;Отверточные биты;Так;*;Так;подешевшало на 23.1%
BEAA0807;Головка на шуруповерт 7мм L=65мм магнітна TOPTUL BEAA0807;ok;79.00;79.00;+0.00%;130.00;100.00;-23.08%;15.01%;Отверточные биты;Так;*;Так;подешевшало на 23.1%
BEAA0808;Головка на шуруповерт 8мм L=65мм магнітна TOPTUL BEAA0808;ok;79.00;79.00;+0.00%;130.00;100.00;-23.08%;15.01%;Отверточные биты;Так;*;Так;подешевшало на 23.1%
BEAA0810;Головка на шуруповерт 10мм L=65мм магнітна TOPTUL BEAA0810;ok;81.00;81.00;+0.00%;130.00;100.00;-23.08%;15.14%;Торцевые головки;Так;*;Так;подешевшало на 23.1%
BF4000;"Фильтр очистки воздуха 1/2"" AIRKRAFT BF4000";ok;499.00;499.00;+0.00%;1380.00;580.00;-57.97%;14.33%;Комплектующие и запчасти для инструмента;Так;*;Так;подешевшало на 58.0%
BG-2;Пістолет продувний 300мм AUARITA BG-2;ok;166.00;166.00;+0.00%;910.00;190.00;-79.12%;10.63%;Пневматические продувочные пистолеты;Ні;*;Так;відсутній у фіді + подешевшало на 79.1%
BJIR041MB;Пристосування для монтажу/демонтажу шарових опор (MB W211 W2;ok;5511.00;5511.00;+0.00%;6870.00;6320.00;-8.01%;14.60%;Механические съемники;Ні;*;Так;відсутній у фіді
BL24-RP7601;Полотно 24Т біметал для пневмоножівки 24T blade BL24-RP7601;ok;55.00;55.00;+0.00%;100.00;70.00;-30.00%;15.00%;default;Так;*;Так;подешевшало на 30.0%
BMR;"Комплект різців до стенду для проточки гальмівних дисків"" AM";ok;2904.00;2904.00;+0.00%;5040.00;3340.00;-33.73%;15.00%;default;Так;*;Так;подешевшало на 33.7%
BRIS2075;Набір для зняття та установки втулок універсальний СТАНДАРТ ;ok;7816.00;7816.00;+0.00%;9740.00;8960.00;-8.01%;14.60%;Механические съемники;Ні;*;Так;відсутній у фіді
BRSP1158;Знімач сепараторний малий 11-58мм (ХЗСО) СЕПАРХМ BRSP1158;ok;1591.00;1591.00;+0.00%;2000.00;1830.00;-8.50%;14.60%;Съемники подшипников;Ні;*;Так;відсутній у фіді
BRSP2373;Знімач сепараторний великий 23-73мм (ХЗСО) СЕПАРХБ BRSP2373;ok;2248.00;2248.00;+0.00%;2820.00;2580.00;-8.51%;14.60%;Съемники подшипников;Ні;*;Так;відсутній у фіді
BSSW2108;Ключ для зняття задніх стійок ВАЗ 2108-2109 (ХЗСО);ok;256.00;256.00;+0.00%;350.00;300.00;-14.29%;15.00%;default;Ні;*;Так;відсутній у фіді
BST-860;Тестер акумуляторних батарей LAUNCH BST-860;ok;12100.00;12100.00;+0.00%;21640.00;13830.00;-36.09%;14.29%;Тестеры для аккумуляторов;Так;*;Так;подешевшало на 36.1%
BST580D;Тестер акумуляторних батарей + OBDII сканер (2в1) LAUNCH BST;ok;5720.00;5720.00;+0.00%;7130.00;6560.00;-7.99%;14.66%;Автомобильные диагностические сканеры;Ні;*;Так;відсутній у фіді
BST880D;Тестер акумуляторних батарей + діагностичний сканер (2в1) LA;ok;11000.00;11000.00;+0.00%;13850.00;12620.00;-8.88%;14.66%;Автомобильные диагностические сканеры;Ні;*;Так;відсутній у фіді
BTTP1403;"Ключ для підтягування ролика ""Пріора"" (ХЗСО) РОЛП BTTP1403";ok;190.00;190.00;+0.00%;260.00;220.00;-15.38%;14.60%;Механические съемники;Ні;*;Так;відсутній у фіді
BWPH0102;Щітка по металу (латунний дріт пластикова ручка) СТАНДАРТ BW;ok;27.00;27.00;+0.00%;60.00;40.00;-33.33%;15.00%;default;Так;*;Так;подешевшало на 33.3%
C-M-0400000;Комплект адаптеров для мотоколес на шиномонтажный стенд BRIG;ok;10736.00;10736.00;+0.00%;13370.00;12320.00;-7.85%;14.74%;Комплектующие для шиномонтажа;Ні;*;Так;відсутній у фіді
CAAA0802;"Подовжувач 1/4"" 50мм TOPTUL CAAA0802";ok;52.00;52.00;+0.00%;90.00;60.00;-33.33%;15.14%;Торцевые головки;Так;*;Так;подешевшало на 33.3%
CAAA0803;"Подовжувач 1/4"" 75мм TOPTUL CAAA0803";ok;58.00;58.00;+0.00%;100.00;70.00;-30.00%;15.14%;Торцевые головки;Так;*;Так;подешевшало на 30.0%
CAAA0804;"Подовжувач 1/4"" 100мм TOPTUL CAAA0804";ok;62.00;62.00;+0.00%;110.00;80.00;-27.27%;15.14%;Торцевые головки;Так;*;Так;подешевшало на 27.3%
CAAA0806;"Подовжувач 1/4"" 150мм TOPTUL CAAA0806";ok;83.00;83.00;+0.00%;130.00;100.00;-23.08%;15.14%;Торцевые головки;Так;*;Так;подешевшало на 23.1%
CAAA1203;"Подовжувач 3/8"" 75мм TOPTUL CAAA1203";ok;81.00;81.00;+0.00%;130.00;100.00;-23.08%;15.14%;Торцевые головки;Так;*;Так;подешевшало на 23.1%
CAAA1605;"Подовжувач 1/2"" 125мм TOPTUL CAAA1605";ok;128.00;128.00;+0.00%;190.00;150.00;-21.05%;15.14%;Торцевые головки;Так;*;Так;подешевшало на 21.1%
CAAF0802;"Подовжувач плаваючий 1/4"" 50мм TOPTUL CAAF0802";ok;79.00;79.00;+0.00%;130.00;100.00;-23.08%;15.14%;Торцевые головки;Так;*;Так;подешевшало на 23.1%
CAAF0803;"Подовжувач плаваючий 1/4"" 75мм TOPTUL CAAF0803";ok;84.00;84.00;+0.00%;130.00;100.00;-23.08%;15.14%;Торцевые головки;Так;*;Так;подешевшало на 23.1%
CAAF0804;"Подовжувач плаваючий 1/4"" 100мм TOPTUL CAAF0804";ok;88.00;88.00;+0.00%;140.00;110.00;-21.43%;15.14%;Торцевые головки;Так;*;Так;подешевшало на 21.4%
CAAF1203;"Подовжувач плаваючий 3/8"" 75мм TOPTUL CAAF1203";ok;101.00;101.00;+0.00%;150.00;120.00;-20.00%;15.14%;Торцевые головки;Так;*;Так;подешевшало на 20.0%
CAEA0812;"Перехідник 1/4""х3/8"" TOPTUL CAEA0812";ok;49.00;49.00;+0.00%;90.00;60.00;-33.33%;15.14%;Торцевые головки;Так;*;Так;подешевшало на 33.3%
CAEA1216;"Перехідник 3/8""х1/2"" TOPTUL CAEA1216";ok;70.00;70.00;+0.00%;120.00;90.00;-25.00%;15.14%;Торцевые головки;Так;*;Так;подешевшало на 25.0%
CAEB0812;"Перехідник 1/4""х3/8"" TOPTUL CAEB0812";ok;52.00;52.00;+0.00%;90.00;60.00;-33.33%;15.14%;Торцевые головки;Так;*;Так;подешевшало на 33.3%
CAEB1208;"Перехідник 3/8"" х1/4"" TOPTUL CAEB1208";ok;62.00;62.00;+0.00%;110.00;80.00;-27.27%;15.14%;Торцевые головки;Так;*;Так;подешевшало на 27.3%
CAEB1612;"Перехідник 1/2"" х3/8"" TOPTUL CAEB1612";ok;73.00;73.00;+0.00%;120.00;90.00;-25.00%;15.14%;Торцевые головки;Так;*;Так;подешевшало на 25.0%
CAEC1216;"Перехідник 3/8""х1/2"" TOPTUL CAEC1216";ok;77.00;77.00;+0.00%;120.00;90.00;-25.00%;15.14%;Торцевые головки;Так;*;Так;подешевшало на 25.0%
CAED1616;"Перехідник-подовжувач 1/2"" х1/2"" з підсвічуванням TOPTUL CAE";ok;379.00;379.00;+0.00%;500.00;440.00;-12.00%;15.14%;Торцевые головки;Ні;*;Так;відсутній у фіді
CAEE0820;"Магнітний накінечник 1/4"" TOPTUL CAEE0820";ok;103.00;103.00;+0.00%;160.00;120.00;-25.00%;15.14%;Торцевые головки;Так;*;Так;подешевшало на 25.0%
CAGA1208;"Перехідник 3/8""х1/4"" з отвором TOPTUL CAGA1208";ok;80.00;80.00;+0.00%;130.00;100.00;-23.08%;15.14%;Торцевые головки;Так;*;Так;подешевшало на 23.1%
CAIA0815;"Вороток-викрутка 1/4"" 150мм TOPTUL CAIA0815";ok;96.00;96.00;+0.00%;150.00;120.00;-20.00%;14.92%;Воротки, трещотки;Так;*;Так;подешевшало на 20.0%
CAIP0816;"Вороток-викрутка 1/4"" 150мм (гумова ручка) TOPTUL CAIP0816";ok;139.00;139.00;+0.00%;200.00;160.00;-20.00%;14.92%;Воротки, трещотки;Так;*;Так;подешевшало на 20.0%
CAKA1924;Магнітний перехідник 1/4х1/2х19мм TOPTUL CAKA1924;ok;160.00;160.00;+0.00%;230.00;190.00;-17.39%;15.14%;Торцевые головки;Ні;*;Так;відсутній у фіді
CAQA1255;"Тріскачка торцева 3/8"" TOPTUL CAQA1255";ok;735.00;735.00;+0.00%;940.00;850.00;-9.57%;14.92%;Воротки, трещотки;Ні;*;Так;відсутній у фіді
CAQA1660;"Тріскачка торцева 1/2"" TOPTUL CAQA1660";ok;738.00;738.00;+0.00%;950.00;850.00;-10.53%;14.92%;Воротки, трещотки;Ні;*;Так;відсутній у фіді
CASA0806;"Гнучкий подовжувач 1/4"" L150mm TOPTUL CASA0806";ok;77.00;77.00;+0.00%;120.00;90.00;-25.00%;15.14%;Торцевые головки;Так;*;Так;подешевшало на 25.0%
CFAG3;Цанговий захват для зачисної машинки 3мм AIRKRAFT CFAG3;ok;51.00;51.00;+0.00%;90.00;60.00;-33.33%;15.00%;default;Так;*;Так;подешевшало на 33.3%
CFAG6;Цанговий захват для зачисної машинки 6мм AIRKRAFT CFAG6;ok;51.00;51.00;+0.00%;90.00;60.00;-33.33%;15.00%;default;Так;*;Так;подешевшало на 33.3%
CHBW0107;Ключ для підтяжки головки ВАЗ 2101-2107 S19 (ХЗСО) КПГОЛ19Кр;ok;521.00;521.00;+0.00%;680.00;600.00;-11.76%;14.60%;Механические съемники;Ні;*;Так;відсутній у фіді
CJEK0819;"Тріскачка 1/4"" з поворотною головкою 48 зубців TOPTUL CJEK08";ok;1321.00;1321.00;+0.00%;1670.00;1520.00;-8.98%;14.92%;Воротки, трещотки;Ні;*;Так;відсутній у фіді
CJEK1225;"Тріскачка 3/8"" з поворотною головкою 48 зубців TOPTUL CJEK12";ok;1386.00;1386.00;+0.00%;1750.00;1600.00;-8.57%;14.92%;Воротки, трещотки;Ні;*;Так;відсутній у фіді
CJEK1633;"Тріскачка 1/2"" 48 зубців з поворотною головкою TOPTUL CJEK16";ok;1701.00;1701.00;+0.00%;2140.00;1960.00;-8.41%;14.92%;Воротки, трещотки;Ні;*;Так;відсутній у фіді
CK-AT-4031B;Ключ для затиску патрона дриля пневматичного 3/8 (для AT-403;ok;18.00;18.00;+0.00%;160.00;40.00;-75.00%;14.33%;Комплектующие и запчасти для инструмента;Так;*;Так;подешевшало на 75.0%
CK-AT-4041B;Ключ для затиску патрона дриля пневматичного 1/2 (для AT-404;ok;18.00;18.00;+0.00%;50.00;40.00;-20.00%;14.33%;Комплектующие и запчасти для инструмента;Так;*;Так;подешевшало на 20.0%
CKA0318;Ніж універсальний з автоматичною зміною лез 3 леза СТАНДАРТ ;ok;84.00;84.00;+0.00%;130.00;100.00;-23.08%;15.00%;default;Так;*;Так;подешевшало на 23.1%
CKE0101;Ніж універсальний СТАНДАРТ CKE0101;ok;17.00;17.00;+0.00%;50.00;40.00;-20.00%;15.00%;default;Так;*;Так;подешевшало на 20.0%
CKK0118;Ніж універсальний 18мм з металевою напрямною СТАНДАРТ CKK011;ok;48.00;48.00;+0.00%;90.00;60.00;-33.33%;15.00%;default;Так;*;Так;подешевшало на 33.3%
CLBA0808;Ремкомплект до CJPI0815 CJDI0812 CHDI0809 TOPTUL CLBA0808;ok;531.00;531.00;+0.00%;690.00;620.00;-10.14%;14.92%;Воротки, трещотки;Ні;*;Так;відсутній у фіді
CLDA0101;Направляюча диска зчеплення (ХЗСО) НАПРДС CLDA0101;ok;202.00;202.00;+0.00%;280.00;240.00;-14.29%;15.00%;default;Ні;*;Так;відсутній у фіді
CMPR1602;Компресометр 16атм подовжений (Газель 406дв) (ХЗСО) КОМПР16Г;ok;517.00;517.00;+0.00%;670.00;600.00;-10.45%;15.12%;Компрессометры и масломеры автомобильные;Ні;*;Так;відсутній у фіді
CMPR1603;Компресометр 16атм подовжений з ручкою (ХЗСО) КОМПР16РУЧ CMP;ok;701.00;701.00;+0.00%;900.00;810.00;-10.00%;15.12%;Компрессометры и масломеры автомобильные;Ні;*;Так;відсутній у фіді
CPEB0107;"Круглогубці для зняття стопорних кілець 7"" (розжим загнуті) ";ok;113.00;113.00;+0.00%;170.00;130.00;-23.53%;14.60%;Съемники стопорных колец;Так;*;Так;подешевшало на 23.5%
CPES0107;"Круглогубці для зняття стопорних кілець 7"" (розжим прямі) СТ";ok;113.00;113.00;+0.00%;170.00;130.00;-23.53%;14.60%;Съемники стопорных колец;Так;*;Так;подешевшало на 23.5%
CPIB0107;"Круглогубці для зняття стопорних кілець 7"" (сжим загнуті) СТ";ok;113.00;113.00;+0.00%;170.00;130.00;-23.53%;14.60%;Съемники стопорных колец;Ні;*;Так;відсутній у фіді + подешевшало на 23.5%
CPIS0107;"Круглогубці для зняття стопорних кілець 7"" (сжим прямі) СТАН";ok;113.00;113.00;+0.00%;170.00;130.00;-23.53%;14.60%;Съемники стопорных колец;Так;*;Так;подешевшало на 23.5%
CR301;Автомобільний сканер Creader CR301 LAUNCH;ok;1056.00;1056.00;+0.00%;11960.00;1220.00;-89.80%;14.66%;Автомобильные диагностические сканеры;Ні;*;Так;відсутній у фіді + подешевшало на 89.8%
CR501;Автомобільний сканер Creader CR501 LAUNCH;ok;3124.00;3124.00;+0.00%;8130.00;3590.00;-55.84%;14.66%;Автомобильные диагностические сканеры;Ні;*;Так;відсутній у фіді + подешевшало на 55.8%
CR601;Автомобільний сканер Creader CR601 LAUNCH;ok;3276.00;3276.00;+0.00%;14530.00;3760.00;-74.12%;14.66%;Автомобильные диагностические сканеры;Ні;*;Так;відсутній у фіді + подешевшало на 74.1%
CRE905;Автомобільний сканер Creader ELITE CRE905 LAUNCH;ok;14520.00;14520.00;+0.00%;18070.00;16650.00;-7.86%;14.66%;Автомобильные диагностические сканеры;Ні;*;Так;відсутній у фіді
CRE916;Автомобільний сканер Creader ELITE CRE916 LAUNCH;ok;13200.00;13200.00;+0.00%;16430.00;15140.00;-7.85%;14.66%;Автомобильные диагностические сканеры;Ні;*;Так;відсутній у фіді
CRP-123;Автомобільний сканер Creader Premium CRP-123 LAUNCH;ok;9460.00;9460.00;+0.00%;13250.00;10850.00;-18.11%;14.66%;Автомобильные диагностические сканеры;Ні;*;Так;відсутній у фіді
CRP-129;Автомобільний сканер Creader Premium CRP-129 LAUNCH;ok;8800.00;8800.00;+0.00%;17330.00;10100.00;-41.72%;14.66%;Автомобильные диагностические сканеры;Ні;*;Так;відсутній у фіді + подешевшало на 41.7%
CRT-511;Автомобільний сканер для роботи з системою TPMS CRT-511 LAUN;ok;13200.00;13200.00;+0.00%;16430.00;15140.00;-7.85%;14.66%;Автомобильные диагностические сканеры;Ні;*;Так;відсутній у фіді
CRT-711;Автомобільний сканер для роботи з системою TPMS LAUNCH CRT-7;ok;22000.00;22000.00;+0.00%;27360.00;25230.00;-7.79%;14.66%;Автомобильные диагностические сканеры;Ні;*;Так;відсутній у фіді
CS300R1;Стяжки пружин двозахватні L300 1 різьблення (ХЗСО) СТ2Х300Р1;ok;873.00;873.00;+0.00%;1110.00;1010.00;-9.01%;14.60%;Механические съемники;Ні;*;Так;відсутній у фіді
CSC2101;Стяжка пружин центральна з підшипником ВАЗ (ХЗСО) СТЦП-ВАЗ C;ok;1555.00;1555.00;+0.00%;1960.00;1790.00;-8.67%;14.60%;Механические съемники;Ні;*;Так;відсутній у фіді
CSCS025R2;Стяжки пружин двозахватні L250 2 різьблення (ХЗСО) СТ2Х250Ж ;ok;792.00;792.00;+0.00%;1010.00;910.00;-9.90%;14.60%;Механические съемники;Ні;*;Так;відсутній у фіді
CSCS030R2;Стяжки пружин двозахватні L300 2 різьблення (ХЗСО) СТ2Х300Ж ;ok;873.00;873.00;+0.00%;1110.00;1010.00;-9.01%;14.60%;Механические съемники;Ні;*;Так;відсутній у фіді
CTBA0832;Ключ торцевий Т-подібний з шарнірною головкою 8мм TOPTUL CTB;ok;504.00;504.00;+0.00%;650.00;590.00;-9.23%;15.14%;Торцевые ключи;Ні;*;Так;відсутній у фіді
CTCK0811;"Вороток 1/4"" з плаваючою головкою 115мм TOPTUL CTCK0811";ok;93.00;93.00;+0.00%;140.00;110.00;-21.43%;14.92%;Воротки, трещотки;Так;*;Так;подешевшало на 21.4%
CTHA2145;Т-подібний магнітний свічковий ключ 21мм L450мм TOPTUL CTHA2;ok;535.00;535.00;+0.00%;690.00;620.00;-10.14%;15.14%;Торцевые ключи;Ні;*;Так;відсутній у фіді
CTIB3517;Ключ балонний 35х17(4-гр)мм з воротком TOPTUL CTIB3517;ok;1943.00;1943.00;+0.00%;2440.00;2250.00;-7.79%;15.34%;Балонные ключи;Ні;*;Так;відсутній у фіді
CVCP2201;Кліщі хомутів ШРУС (ХЗСО) КХШМ CVCP2201;ok;329.00;329.00;+0.00%;440.00;380.00;-13.64%;14.60%;Механические съемники;Ні;*;Так;відсутній у фіді
CX-4000;Зарядний пристрій;ok;2575.00;2575.00;+0.00%;11820.00;2970.00;-74.87%;15.00%;default;Так;*;Так;подешевшало на 74.9%
D-929-1.3LM;Пістолет фарбувальний пневматичний LVMP (BLACK DIAMOND serie;ok;5584.00;5584.00;+0.00%;6970.00;6330.00;-9.18%;13.20%;Пневматические краскопульты;Ні;*;Так;відсутній у фіді
D-929-1.4LM;Пістолет фарбувальний пневматичний LVMP (BLACK DIAMOND serie;ok;5584.00;5584.00;+0.00%;6970.00;6330.00;-9.18%;13.20%;Пневматические краскопульты;Ні;*;Так;відсутній у фіді
D-951-MINI-0.8;Пістолет фарбувальний пневматичний тип HVLP (BLACK DIAMOND s;ok;2768.00;2768.00;+0.00%;3470.00;3140.00;-9.51%;13.20%;Пневматические краскопульты;Ні;*;Так;відсутній у фіді
D-951-MINI-0.8LM;Пістолет фарбувальний пневматичний тип LVMP (BLACK DIAMOND s;ok;2768.00;2768.00;+0.00%;3470.00;3140.00;-9.51%;13.20%;Пневматические краскопульты;Ні;*;Так;відсутній у фіді
D-951-MINI-1.0;Пістолет фарбувальний пневматичний тип HVLP (BLACK DIAMOND s;ok;2768.00;2768.00;+0.00%;3470.00;3140.00;-9.51%;13.20%;Пневматические краскопульты;Ні;*;Так;відсутній у фіді
D-951-MINI-1.0LM;Пістолет фарбувальний тип LVMP (BLACK DIAMOND series) верхні;ok;2768.00;2768.00;+0.00%;3470.00;3140.00;-9.51%;13.20%;Пневматические краскопульты;Ні;*;Так;відсутній у фіді
D30;Далекомір лазерний 30м mini PROTESTER D30;ok;1573.00;1573.00;+0.00%;4440.00;1810.00;-59.23%;14.97%;Лазерные дальномеры;Так;*;Так;подешевшало на 59.2%
D35;Далекомір лазерний 30м mini PROTESTER D35;ok;1209.00;1209.00;+0.00%;1940.00;1390.00;-28.35%;14.97%;Лазерные дальномеры;Ні;*;Так;відсутній у фіді + подешевшало на 28.4%
DA-3100D;Стробоскоп для дизельних і бензинових двигунів;ok;12523.00;12523.00;+0.00%;15590.00;14360.00;-7.89%;14.66%;Автомобильные диагностические сканеры;Ні;*;Так;відсутній у фіді
DA-3100NS;Цифровий стробоскоп з аналізатором оборотів/кута замкнутого ;ok;4092.00;4092.00;+0.00%;5110.00;4700.00;-8.02%;14.66%;Автомобильные диагностические сканеры;Ні;*;Так;відсутній у фіді
DA-5100;Стробоскоп з аналізатором обертів/кута замкнутого стану конт;ok;8221.00;8221.00;+0.00%;10240.00;9430.00;-7.91%;14.66%;Автомобильные диагностические сканеры;Ні;*;Так;відсутній у фіді
DDAC1A48;Ключ трубний важільний алюмінієвий 155мм L1200 TOPTUL DDAC1A;ok;11425.00;11425.00;+0.00%;14220.00;13160.00;-7.45%;15.14%;Трубные ключи;Ні;*;Так;відсутній у фіді
DDAH1A08;Універсальний трубний ключ TOPTUL 11-27мм DDAH1A08;ok;1124.00;1124.00;+0.00%;1420.00;1300.00;-8.45%;15.14%;Трубные ключи;Ні;*;Так;відсутній у фіді
DDAH1A10;Універсальний трубний ключ TOPTUL 13-34мм DDAH1A10;ok;1381.00;1381.00;+0.00%;1740.00;1600.00;-8.05%;15.14%;Трубные ключи;Ні;*;Так;відсутній у фіді
DDAH1A12;Ключ унівесальний 16-42мм TOPTUL DDAH1A12;ok;1805.00;1805.00;+0.00%;2270.00;2080.00;-8.37%;15.14%;Трубные ключи;Ні;*;Так;відсутній у фіді
DDAH1A14;Універсальний ключ TOPTUL 19-48мм DDAH1A14;ok;1746.00;1746.00;+0.00%;2200.00;2020.00;-8.18%;15.14%;Трубные ключи;Ні;*;Так;відсутній у фіді
DEBF2207;"Бокорізи 7"" (з подвоєним зусиллям) TOPTUL DEBF2207";ok;694.00;694.00;+0.00%;890.00;790.00;-11.24%;13.65%;Бокорезы, кусачки;Ні;*;Так;відсутній у фіді
DEC100-330M-220-ITALY;Компресор поршневий з ремінним приводом Vрес=100л 330л/хв 22;ok;34037.00;34037.00;+0.00%;42310.00;37120.00;-12.27%;9.05%;Компрессоры поршневые;Ні;*;Так;відсутній у фіді
DEC100-330T-380-ITALY;Компресор поршневий з ремінним приводом Vрес=100л 330л/хв 38;ok;35117.00;35117.00;+0.00%;43660.00;38300.00;-12.28%;9.05%;Компрессоры поршневые;Ні;*;Так;відсутній у фіді
DEC200-480-380-ITALY;Компресор поршневий з ремінним приводом Vрес=200л 480л/хв 38;ok;54003.00;54003.00;+0.00%;67120.00;58900.00;-12.25%;9.05%;Компрессоры поршневые;Ні;*;Так;відсутній у фіді
DEC270-840-380-ITALY;Компресор поршневий з ремінним приводом Vрес=270л 840л/хв 38;ok;91032.00;91032.00;+0.00%;113120.00;99280.00;-12.23%;9.05%;Компрессоры поршневые;Ні;*;Так;відсутній у фіді
DEF500-840-380-ITALY;Компресор поршневий з ремінним приводом Vрес=500л 840л/хв 38;ok;111320.00;111320.00;+0.00%;138330.00;121400.00;-12.24%;9.05%;Компрессоры поршневые;Ні;*;Так;відсутній у фіді
DELTA;Гайковерт електричний DELTA TURBO MAXBOXER;ok;88000.00;88000.00;+0.00%;109360.00;97040.00;-11.27%;10.27%;Электрические гайковерты;Ні;*;Так;відсутній у фіді
DFBE228E;"Плоскогубці з подовженими губками 8,5"" (з подвоєним зусиллям";ok;825.00;825.00;+0.00%;1050.00;940.00;-10.48%;13.65%;Пассатижи, плоскогубцы, тонкогубцы;Ні;*;Так;відсутній у фіді
DFBJ2205;"Плоскогубці з подовженими губками 130 мм 5"" TOPTUL DFBJ2205";ok;159.00;159.00;+0.00%;230.00;190.00;-17.39%;13.65%;Пассатижи, плоскогубцы, тонкогубцы;Ні;*;Так;відсутній у фіді
DFBK2205;"Прецизійні плоскогубці подовжені вигнуті 130 мм 5"" TOPTUL DF";ok;239.00;239.00;+0.00%;380.00;280.00;-26.32%;13.65%;Пассатижи, плоскогубцы, тонкогубцы;Ні;*;Так;відсутній у фіді + подешевшало на 26.3%
DFCN2206;"Плоскогубці з подовженими губками 6"" TOPTUL DFCN2206";ok;482.00;482.00;+0.00%;630.00;550.00;-12.70%;13.65%;Пассатижи, плоскогубцы, тонкогубцы;Ні;*;Так;відсутній у фіді
DFDC1208;"Плоскогубці з подовженими губками 8"" посилені TOPTUL DFDC120";ok;619.00;619.00;+0.00%;800.00;710.00;-11.25%;13.65%;Пассатижи, плоскогубцы, тонкогубцы;Ні;*;Так;відсутній у фіді
DFS0602;Викрутка переставна 2-в -1 СТАНДАРТ DFS0602;ok;71.00;71.00;+0.00%;120.00;90.00;-25.00%;15.29%;Отвертки;Так;*;Так;подешевшало на 25.0%
DG-10-1;Пистолет продувочный короткий AIRKRAFT DG-10-1;ok;143.00;143.00;+0.00%;210.00;160.00;-23.81%;10.63%;Пневматические продувочные пистолеты;Так;*;Так;подешевшало на 23.8%
DG-10-1-3;Пистолет продувочный короткий с дополнительным наконечником ;ok;134.00;134.00;+0.00%;250.00;150.00;-40.00%;10.63%;Пневматические продувочные пистолеты;Так;*;Так;подешевшало на 40.0%
DG-10-3;Пистолет продувочный длинный AIRKRAFT DG-10-3;ok;133.00;133.00;+0.00%;1160.00;150.00;-87.07%;10.63%;Пневматические продувочные пистолеты;Ні;*;Так;відсутній у фіді + подешевшало на 87.1%
DGBA2106;"Плоскогубці 6"" 1000V (chrome molybdenum) TOPTUL DGBA2106";ok;740.00;740.00;+0.00%;950.00;850.00;-10.53%;13.65%;Пассатижи, плоскогубцы, тонкогубцы;Ні;*;Так;відсутній у фіді
DGBA2107;"Плоскогубці 7"" 1000V (chrome molybdenum) TOPTUL DGBA2107";ok;827.00;827.00;+0.00%;1060.00;940.00;-11.32%;13.65%;Пассатижи, плоскогубцы, тонкогубцы;Ні;*;Так;відсутній у фіді
DGBA2108;"Плоскогубці 8"" 1000V (chrome molybdenum) TOPTUL DGBA2108";ok;905.00;905.00;+0.00%;1150.00;1030.00;-10.43%;13.65%;Пассатижи, плоскогубцы, тонкогубцы;Ні;*;Так;відсутній у фіді
DGBB2106;"Плоскогубці з подовженими губками 6"" 1000V (chrome molybdenu";ok;764.00;764.00;+0.00%;980.00;870.00;-11.22%;13.65%;Пассатижи, плоскогубцы, тонкогубцы;Ні;*;Так;відсутній у фіді
DGBB2108;"Плоскогубці з подовженими губками 8"" 1000V (chrome molybdenu";ok;821.00;821.00;+0.00%;1050.00;940.00;-10.48%;13.65%;Пассатижи, плоскогубцы, тонкогубцы;Ні;*;Так;відсутній у фіді
DGBC2106;Бокорізи ізольовані 160 мм TOPTUL 1000V DGBC2106;ok;697.00;697.00;+0.00%;890.00;800.00;-10.11%;13.65%;Бокорезы, кусачки;Ні;*;Так;відсутній у фіді
DGBD2106;"Кліщі для зняття ізоляції 6"" 1000V (chrome molybdenum) TOPTU";ok;752.00;752.00;+0.00%;960.00;870.00;-9.38%;15.00%;default;Ні;*;Так;відсутній у фіді
DGBE2110;"Плоскогубці переставні 10"" (1000V) TOPTUL DGBE2110";ok;1010.00;1010.00;+0.00%;1280.00;1170.00;-8.59%;15.00%;default;Ні;*;Так;відсутній у фіді
DGBF2108;"Бокорізи 8"" 1000V (chrome molybdenum) TOPTUL DGBF2108";ok;863.00;863.00;+0.00%;1100.00;990.00;-10.00%;13.65%;Бокорезы, кусачки;Ні;*;Так;відсутній у фіді
DGCB2208;"Плоскогубці з подовженими губками 8"" 1000V VDE (chrome molyb";ok;932.00;932.00;+0.00%;1190.00;1060.00;-10.92%;13.65%;Пассатижи, плоскогубцы, тонкогубцы;Ні;*;Так;відсутній у фіді
DIDW0101;Ключ для розбирання дизельних форсунок Ø10мм (ХЗСО) КРФШГР D;ok;263.00;263.00;+0.00%;2100.00;310.00;-85.24%;14.60%;Механические съемники;Ні;*;Так;відсутній у фіді + подешевшало на 85.2%
DJBB2204;"Кусачки торцеві TOPTUL 4"" DJBB2204";ok;239.00;239.00;+0.00%;330.00;280.00;-15.15%;13.65%;Бокорезы, кусачки;Ні;*;Так;відсутній у фіді
DL-H-2;Мастило літієве консистентне в тубі 400г (Ізраїль) DL-H-2;ok;230.00;230.00;+0.00%;1250.00;270.00;-78.40%;15.00%;default;Ні;*;Так;відсутній у фіді + подешевшало на 78.4%
DLAH2016;Змінні губки для кліщів обжимння клем (тип H2) TOPTUL DLAH20;ok;674.00;674.00;+0.00%;870.00;750.00;-13.79%;10.63%;Ручные обжимные инструменты;Ні;*;Так;відсутній у фіді
DLAK2012;Змінні губки для кліщів обжимння клем (тип K2) TOPTUL DLAK20;ok;674.00;674.00;+0.00%;870.00;750.00;-13.79%;10.63%;Ручные обжимные инструменты;Ні;*;Так;відсутній у фіді
DLAK6012;Змінні губки для кліщів обжимння клем (тип K6) TOPTUL DLAK60;ok;674.00;674.00;+0.00%;870.00;750.00;-13.79%;10.63%;Ручные обжимные инструменты;Ні;*;Так;відсутній у фіді
DLK-HEP-2;Мастило літієве консистентне в тубі 400г Premium (Ізраїль) D;ok;285.00;285.00;+0.00%;380.00;330.00;-13.16%;15.00%;default;Ні;*;Так;відсутній у фіді
DNAA1208;"Кусачки 8"" (для відрізання кабелю) TOPTUL DNAA1208";ok;583.00;583.00;+0.00%;750.00;670.00;-10.67%;13.65%;Бокорезы, кусачки;Ні;*;Так;відсутній у фіді
DO-10B;Пістолет пневматичний для розпилення рідин AUARITA DO-10B;ok;362.00;362.00;+0.00%;1600.00;410.00;-74.38%;10.63%;Пневматические продувочные пистолеты;Так;*;Так;подешевшало на 74.4%
DT-100N;Ключ динамометричний двосторонньої дії 10-100Нм (цифровий) 3;ok;11953.00;11953.00;+0.00%;14880.00;13790.00;-7.33%;15.34%;Динамометрические ключи;Ні;*;Так;відсутній у фіді
DT-135I3;Ключ динамометричний двосторонньої дії 6,8-135Нм (цифровий) ;ok;14137.00;14137.00;+0.00%;17590.00;16310.00;-7.28%;15.34%;Динамометрические ключи;Ні;*;Так;відсутній у фіді
DTC-12;Насадка для подкачки колес 220ммAIRKRAFT DTC-12;ok;128.00;128.00;+0.00%;1040.00;150.00;-85.58%;15.24%;Пневматические пистолеты подкачки шин;Так;*;Так;подешевшало на 85.6%
E102-5-1;Cоединитель на шланг (тройник латунь) Y-обр 6*6*6мм AIRKRAFT;ok;33.00;40.00;+21.21%;1310.00;50.00;-96.18%;15.00%;default;Так;*;Так;подешевшало на 96.2%
E102-5-2;Cоединитель на шланг (тройник латунь) Y-обр 8*8*8мм AIRKRAFT;ok;37.00;45.00;+21.62%;1150.00;60.00;-94.78%;15.00%;default;Так;*;Так;подешевшало на 94.8%
E102-5-3;Cоединитель на шланг (тройник латунь) Y-обр 10*10*10мм AIRKR;ok;43.00;52.00;+20.93%;2460.00;60.00;-97.56%;15.00%;default;Так;*;Так;подешевшало на 97.6%
E102-5-4;Cоединитель на шланг (тройник латунь) Y-обр 12*12*12мм AIRKR;ok;50.00;59.00;+18.00%;7790.00;70.00;-99.10%;15.00%;default;Так;*;Так;подешевшало на 99.1%
E102-6-1;Cоединитель на шланг (тройник латунь) T-обр 6*6*6мм AIRKRAFT;ok;33.00;40.00;+21.21%;500.00;50.00;-90.00%;10.63%;Компоненты пневматики;Так;*;Так;подешевшало на 90.0%
E102-6-2;Cоединитель на шланг (тройник латунь) T-обр 8*8*8мм AIRKRAFT;ok;37.00;42.00;+13.51%;850.00;50.00;-94.12%;10.63%;Компоненты пневматики;Так;*;Так;подешевшало на 94.1%
E102-6-3;Cоединитель на шланг (тройник латунь) T-обр 10*10*10мм AIRKR;ok;47.00;55.00;+17.02%;770.00;70.00;-90.91%;10.63%;Компоненты пневматики;Так;*;Так;подешевшало на 90.9%
E102-6-4;Cоединитель на шланг (тройник латунь) T-обр 12*12*12мм AIRKR;ok;51.00;60.00;+17.65%;3260.00;70.00;-97.85%;10.63%;Компоненты пневматики;Так;*;Так;подешевшало на 97.9%
E102-7-1;Cоединитель на шланг (крестовина латунь) X-обр 6*6*6мм AIRKR;ok;49.00;59.00;+20.41%;2790.00;70.00;-97.49%;15.00%;default;Так;*;Так;подешевшало на 97.5%
E102-7-2;Cоединитель на шланг (крестовина латунь) X-обр 8*8*8мм AIRKR;ok;52.00;52.00;+0.00%;1170.00;60.00;-94.87%;15.00%;default;Так;*;Так;подешевшало на 94.9%
E102-7-3;Cоединитель на шланг (крестовина латунь) X-обр 10*10*10мм AI;ok;59.00;59.00;+0.00%;27460.00;70.00;-99.75%;10.63%;Компоненты пневматики;Так;*;Так;подешевшало на 99.7%
E102-7-4;Cоединитель на шланг (крестовина латунь) X-обр 12*12*12мм AI;ok;70.00;70.00;+0.00%;8460.00;80.00;-99.05%;10.63%;Компоненты пневматики;Так;*;Так;подешевшало на 99.1%
EA-600;Датчик тиску масла;ok;2086.00;2086.00;+0.00%;2620.00;2410.00;-8.02%;15.12%;Компрессометры и масломеры автомобильные;Ні;*;Так;відсутній у фіді
EHF0200;Молоток 200г ручка з фібергласа СТАНДАРТ;ok;126.00;126.00;+0.00%;180.00;150.00;-16.67%;13.55%;Молотки, кувалды, киянки;Ні;*;Так;відсутній у фіді
EHF0500;Молоток 500г ручка з фібергласу СТАНДАРТ;ok;203.00;203.00;+0.00%;280.00;240.00;-14.29%;13.55%;Молотки, кувалды, киянки;Ні;*;Так;відсутній у фіді
EHF0800;Молоток 800г ручка з фібергласу СТАНДАРТ;ok;301.00;301.00;+0.00%;400.00;350.00;-12.50%;13.55%;Молотки, кувалды, киянки;Ні;*;Так;відсутній у фіді
EHF1000;Молоток 1000г ручка з фібергласу СТАНДАРТ;ok;324.00;324.00;+0.00%;430.00;370.00;-13.95%;13.55%;Молотки, кувалды, киянки;Ні;*;Так;відсутній у фіді
EHW0300;Молоток 300г ручка з дерева СТАНДАРТ;ok;131.00;131.00;+0.00%;190.00;150.00;-21.05%;13.55%;Молотки, кувалды, киянки;Так;*;Так;подешевшало на 21.1%
EHW0800;Молоток 800г ручка з дерева СТАНДАРТ;ok;250.00;250.00;+0.00%;340.00;290.00;-14.71%;13.55%;Молотки, кувалды, киянки;Ні;*;Так;відсутній у фіді
EHW1000;Молоток 1000г ручка з дерева СТАНДАРТ;ok;299.00;299.00;+0.00%;400.00;340.00;-15.00%;13.55%;Молотки, кувалды, киянки;Ні;*;Так;відсутній у фіді
ESP-150;Пусковий пристрій для автомобіля 12V (повербанк 15000 mAh + ;ok;8778.00;8778.00;+0.00%;10930.00;10100.00;-7.59%;15.00%;default;Ні;*;Так;відсутній у фіді
ETP1050;Викрутка -індикатор напруги ( фазометр ) 100-500В СТАНДАРТ;ok;29.00;29.00;+0.00%;60.00;40.00;-33.33%;15.29%;Отвертки;Так;*;Так;подешевшало на 33.3%
EXRP2101;Знімач реактивних тяг ВАЗ 2101-2107 (ХЗСО) РЕАКТ-Пуля EXRP21;ok;121.00;121.00;+0.00%;180.00;140.00;-22.22%;14.60%;Механические съемники;Так;*;Так;подешевшало на 22.2%
F-3-0.5;Пістолет фарбувальний пневматичний тип HP верхній металевий ;ok;553.00;553.00;+0.00%;7750.00;630.00;-91.87%;13.20%;Пневматические краскопульты;Так;*;Так;подешевшало на 91.9%
F-3-0.8;Пістолет фарбувальний пневматичний тип HP верхній металевий ;ok;580.00;580.00;+0.00%;6790.00;660.00;-90.28%;13.20%;Пневматические краскопульты;Так;*;Так;подешевшало на 90.3%
F-75G-1.5;Пістолет фарбувальний пневматичний тип HP верхній металевий ;ok;553.00;553.00;+0.00%;1350.00;630.00;-53.33%;13.20%;Пневматические краскопульты;Так;*;Так;подешевшало на 53.3%
F50Q;"Степлер пневматичний під цвяхи (1.00 * 1.25; 10-50) Ga18 (за";ok;2028.00;2028.00;+0.00%;3620.00;2250.00;-37.85%;10.63%;Пневматические степлеры;Так;*;Так;подешевшало на 37.8%
FACB1030;Викрутка шліцева 10.0 x 300mm TOPTUL FACB1030;ok;400.00;400.00;+0.00%;530.00;470.00;-11.32%;15.29%;Отвертки;Ні;*;Так;відсутній у фіді
FACB1040;Викрутка 10.0 x 400mm TOPTUL FACB1040;ok;467.00;467.00;+0.00%;610.00;540.00;-11.48%;15.29%;Отвертки;Ні;*;Так;відсутній у фіді
FAEB0308;Викрутка шліцева 3 x 75mm ізольована (1000V) TOPTUL FAEB0308;ok;135.00;135.00;+0.00%;200.00;160.00;-20.00%;15.29%;Отвертки;Так;*;Так;подешевшало на 20.0%
FAEF0410V4;Викрутка шліцьова 4 x 100mm ізольована (1000V) VDE Pro-Plus ;ok;160.00;160.00;+0.00%;230.00;190.00;-17.39%;15.29%;Отвертки;Ні;*;Так;відсутній у фіді
FAEF5E13V4;Викрутка шліцьова 5.5 x 125mm ізольована (1000V) VDE Pro-Plu;ok;188.00;188.00;+0.00%;700.00;220.00;-68.57%;15.29%;Отвертки;Так;*;Так;подешевшало на 68.6%
FAKA0404;Вороток-викрутка S-обр SL0.8x4.0 TOPTUL FAKA0404;ok;96.00;96.00;+0.00%;150.00;120.00;-20.00%;15.29%;Отвертки;Так;*;Так;подешевшало на 20.0%
FAKA5E5E;Вороток-викрутка S-обр SL1.0x5.5 TOPTUL FAKA5E5E;ok;107.00;107.00;+0.00%;780.00;130.00;-83.33%;15.29%;Отвертки;Так;*;Так;подешевшало на 83.3%
FALB1040;Викрутка 10.0 x 400mm (з шестигранником ударна) TOPTUL FALB1;ok;580.00;580.00;+0.00%;970.00;670.00;-30.93%;15.29%;Отвертки;Так;*;Так;подешевшало на 30.9%
FBAB0108;Викрутка хрестова PH1 x 80mm TOPTUL FBAB0108;ok;127.00;127.00;+0.00%;190.00;150.00;-21.05%;15.29%;Отвертки;Так;*;Так;подешевшало на 21.1%
FBAD0210;Викрутка хрестова PH2 x 100mm Anti-Slip TOPTUL FBAD0210;ok;173.00;173.00;+0.00%;240.00;200.00;-16.67%;15.29%;Отвертки;Ні;*;Так;відсутній у фіді
FBEB0008;Викрутка хрестова PH0 x 75mm ізольована (1000V) TOPTUL FBEB0;ok;135.00;135.00;+0.00%;200.00;160.00;-20.00%;15.29%;Отвертки;Так;*;Так;подешевшало на 20.0%
FBIB1005;Викрутка прецизійна PH0x50 (L1) mm TOPTUL FBIB1005;ok;104.00;104.00;+0.00%;160.00;120.00;-25.00%;15.29%;Отвертки;Так;*;Так;подешевшало на 25.0%
FC1250;"Струбцина столярна тип"" F"" 120 * 500мм СТАНДАРТ";ok;528.00;528.00;+0.00%;7810.00;610.00;-92.19%;14.43%;Струбцины и зажимы;Так;*;Так;подешевшало на 92.2%
FC1280;"Струбцина столярна тип"" F"" 120 * 800мм СТАНДАРТ";ok;663.00;663.00;+0.00%;5170.00;760.00;-85.30%;14.43%;Струбцины и зажимы;Так;*;Так;подешевшало на 85.3%
FC14;"Швидкороз'ємне з'єднання 1/4"" внутрішнє різьблення AEROPRO F";ok;62.00;62.00;+0.00%;1880.00;80.00;-95.74%;14.33%;Комплектующие и запчасти для инструмента;Ні;*;Так;відсутній у фіді + подешевшало на 95.7%
FC5015;"Струбцина столярна тип"" F"" 50 * 150мм СТАНДАРТ";ok;124.00;124.00;+0.00%;180.00;150.00;-16.67%;14.43%;Струбцины и зажимы;Ні;*;Так;відсутній у фіді
FC5030;"Струбцина столярна тип"" F"" 50 * 300мм СТАНДАРТ";ok;167.00;167.00;+0.00%;240.00;200.00;-16.67%;14.43%;Струбцины и зажимы;Ні;*;Так;відсутній у фіді
FCAB0108;Викрутка хрестова PZ1 x 80mm TOPTUL FCAB0108;ok;129.00;129.00;+0.00%;190.00;150.00;-21.05%;15.29%;Отвертки;Так;*;Так;подешевшало на 21.1%
FEAB1508;Викрутка TORX T15 з отвором TOPTUL FEAB1508;ok;138.00;138.00;+0.00%;200.00;160.00;-20.00%;15.29%;Отвертки;Так;*;Так;подешевшало на 20.0%
FFAB0808;Викрутка TORX T8 TOPTUL FFAB0808;ok;128.00;128.00;+0.00%;190.00;150.00;-21.05%;15.29%;Отвертки;Так;*;Так;подешевшало на 21.1%
FFAB0908;Викрутка TORX T9 TOPTUL FFAB0908;ok;128.00;128.00;+0.00%;190.00;150.00;-21.05%;15.29%;Отвертки;Так;*;Так;подешевшало на 21.1%
FFAB1008;Викрутка TORX T10 TOPTUL FFAB1008;ok;128.00;128.00;+0.00%;190.00;150.00;-21.05%;15.29%;Отвертки;Так;*;Так;подешевшало на 21.1%
FFAB1508;Викрутка TORX T15 TOPTUL FFAB1508;ok;136.00;136.00;+0.00%;200.00;160.00;-20.00%;15.29%;Отвертки;Так;*;Так;подешевшало на 20.0%
FFIB0505;Викрутка прецизійна T5x50 (L1 ) mm TOPTUL FFIB0505;ok;104.00;104.00;+0.00%;160.00;120.00;-25.00%;15.29%;Отвертки;Так;*;Так;подешевшало на 25.0%
FFIB0605;Викрутка прецизійна T6x50 (L1) mm TOPTUL FFIB0605;ok;104.00;104.00;+0.00%;160.00;120.00;-25.00%;15.29%;Отвертки;Так;*;Так;подешевшало на 25.0%
FJAB0213;Викрутка для гвинтів з внутрішнім квадратом SQ2 TOPTUL FJAB0;ok;165.00;165.00;+0.00%;230.00;200.00;-13.04%;15.29%;Отвертки;Ні;*;Так;відсутній у фіді
FJAB0315;Викрутка для гвинтів з внутрішнім квадратом SQ3 TOPTUL FJAB0;ok;158.00;158.00;+0.00%;220.00;190.00;-13.64%;15.29%;Отвертки;Ні;*;Так;відсутній у фіді
FKAA0105;"Насадка 1/4"" двостороння PH1хSL5 L75мм TOPTUL FKAA0105";ok;41.00;41.00;+0.00%;80.00;50.00;-37.50%;15.01%;Отверточные биты;Так;*;Так;подешевшало на 37.5%
FKAA0206;"Насадка 1/4"" двостороння PH2хSL6 L75мм TOPTUL FKAA0206";ok;41.00;41.00;+0.00%;80.00;50.00;-37.50%;15.01%;Отверточные биты;Так;*;Так;подешевшало на 37.5%
FKAB0206;"Насадка 5/16"" двостороння PH2хSL6 L75мм TOPTUL FKAB0206";ok;48.00;48.00;+0.00%;90.00;60.00;-33.33%;15.01%;Отверточные биты;Так;*;Так;подешевшало на 33.3%
FKAB0308;"Насадка 5/16"" двостороння PH3хSL8 L75мм TOPTUL FKAB0308";ok;45.00;45.00;+0.00%;80.00;60.00;-25.00%;15.01%;Отверточные биты;Так;*;Так;подешевшало на 25.0%
FKBA0102;"Насадка 1/4"" двостороння PZ1xPZ2 L75мм TOPTUL FKBA0102";ok;41.00;41.00;+0.00%;80.00;50.00;-37.50%;15.01%;Отверточные биты;Так;*;Так;подешевшало на 37.5%
FKCA1520;"Насадка 1/4"" двостороння T15xT20 L75мм TOPTUL FKCA1520";ok;41.00;41.00;+0.00%;80.00;50.00;-37.50%;15.01%;Отверточные биты;Так;*;Так;подешевшало на 37.5%
FKCA2530;"Насадка 1/4"" двостороння T25xT30 L75мм TOPTUL FKCA2530";ok;41.00;41.00;+0.00%;80.00;50.00;-37.50%;15.01%;Отверточные биты;Так;*;Так;подешевшало на 37.5%
FL-1002W;Прожектор світлодіодний акумуляторний 10W з POWERBANK 5000 m;ok;2058.00;2058.00;+0.00%;2580.00;2370.00;-8.14%;15.00%;default;Ні;*;Так;відсутній у фіді
FNAB3E15;Викрутка шліцева 3.5 x 150mm TOPTUL FNAB3E15;ok;136.00;136.00;+0.00%;200.00;160.00;-20.00%;15.29%;Отвертки;Так;*;Так;подешевшало на 20.0%
FOCUS-DIESEL;Установка для перевірки та тестування дизельних форсунок FOC;ok;21450.00;21450.00;+0.00%;28310.00;24670.00;-12.86%;15.00%;default;Ні;*;Так;відсутній у фіді
FPKA0808;"Перехідник 1/4"" х1/4"" L50 (6-гр під шуруповерт Х квадрат) TO";ok;25.00;25.00;+0.00%;60.00;40.00;-33.33%;15.14%;Торцевые головки;Так;*;Так;подешевшало на 33.3%
FPKA0812;"Перехідник 1/4""х3/8"" L65 (6-гр під шуруповерт Х квадрат) TOP";ok;49.00;49.00;+0.00%;90.00;60.00;-33.33%;15.14%;Торцевые головки;Так;*;Так;подешевшало на 33.3%
FPKA0816;"Перехідник 1/4""х1/2"" L72 (6-гр під шуруповерт Х квадрат) TOP";ok;70.00;70.00;+0.00%;120.00;90.00;-25.00%;15.14%;Торцевые головки;Так;*;Так;подешевшало на 25.0%
FR-300;Розпилювач пневматичний для нанесення штукатурки металевий б;ok;1371.00;1371.00;+0.00%;2320.00;1560.00;-32.76%;13.20%;Пневматические штукатурные распылители;Так;*;Так;подешевшало на 32.8%
FR5;Регулятор тиску повітря для фарбопульта ITALCO FR5;ok;587.00;587.00;+0.00%;1600.00;670.00;-58.13%;13.20%;Пневматические краскопульты;Так;*;Так;подешевшало на 58.1%
FR7;Регулятор тиску повітря цифровий для фарбопульта ITALCO FR7;ok;2202.00;2202.00;+0.00%;41640.00;2500.00;-94.00%;13.20%;Пневматические краскопульты;Ні;*;Так;відсутній у фіді + подешевшало на 94.0%
FR8;Редуктор для фарбувального пістолета цифровий ITALCO FR8;ok;2202.00;2202.00;+0.00%;11770.00;2500.00;-78.76%;13.20%;Пневматические краскопульты;Ні;*;Так;відсутній у фіді + подешевшало на 78.8%
FSAA0803;"Насадка 1/4"" 25мм SL3x0,5 TOPTUL FSAA0803";ok;14.00;14.00;+0.00%;50.00;40.00;-20.00%;15.01%;Отверточные биты;Так;*;Так;подешевшало на 20.0%
FSAA085E;"Насадка 1/4"" 25мм SL5,5x1 TOPTUL FSAA085E";ok;14.00;14.00;+0.00%;50.00;40.00;-20.00%;15.01%;Отверточные биты;Так;*;Так;подешевшало на 20.0%
FSAA086E;"Насадка 1/4"" 25мм SL6,5x1,2 TOPTUL FSAA086E";ok;14.00;14.00;+0.00%;50.00;40.00;-20.00%;15.01%;Отверточные биты;Так;*;Так;подешевшало на 20.0%
FSAA1008;Насадка 5/16'' 30мм шліц 8 * 1.2мм для ударної викрутки TOPT;ok;24.00;24.00;+0.00%;60.00;40.00;-33.33%;15.01%;Отверточные биты;Так;*;Так;подешевшало на 33.3%
FSAA1010;Насадка 5/16'' 30мм шліц 10 * 1.6мм для ударної викрутки TOP;ok;32.00;32.00;+0.00%;70.00;40.00;-42.86%;15.01%;Отверточные биты;Так;*;Так;подешевшало на 42.9%
FSAD1008;Насадка 5/16'' L80мм шліц 8 * 1.2мм для ударної викрутки TOP;ok;52.00;52.00;+0.00%;90.00;60.00;-33.33%;15.01%;Отверточные биты;Так;*;Так;подешевшало на 33.3%
FSAD1010;Насадка 5/16'' L80мм шліц 10 * 1.6мм для ударної викрутки TO;ok;77.00;77.00;+0.00%;120.00;90.00;-25.00%;15.01%;Отверточные биты;Так;*;Так;подешевшало на 25.0%
FSBA0800;"Насадка 1/4"" 25мм PH0 TOPTUL FSBA0800";ok;14.00;14.00;+0.00%;50.00;40.00;-20.00%;15.01%;Отверточные биты;Так;*;Так;подешевшало на 20.0%
FSBA0801;"Насадка 1/4"" 25мм PH1 TOPTUL FSBA0801";ok;14.00;14.00;+0.00%;50.00;40.00;-20.00%;15.01%;Отверточные биты;Так;*;Так;подешевшало на 20.0%
FSBA0802;"Насадка 1/4"" 25мм PH2 TOPTUL FSBA0802";ok;14.00;14.00;+0.00%;60.00;40.00;-33.33%;15.01%;Отверточные биты;Так;*;Так;подешевшало на 33.3%
FSBA0803;"Насадка 1/4"" 25мм PH3 TOPTUL FSBA0803";ok;14.00;14.00;+0.00%;50.00;40.00;-20.00%;15.01%;Отверточные биты;Так;*;Так;подешевшало на 20.0%
FSBA1002;Насадка 5/16'' 32мм PH2 для ударної викрутки TOPTUL FSBA1002;ok;25.00;25.00;+0.00%;130.00;40.00;-69.23%;15.01%;Отверточные биты;Так;*;Так;подешевшало на 69.2%
FSBA1003;Насадка 5/16'' 32мм PH3 для ударної викрутки TOPTUL FSBA1003;ok;25.00;25.00;+0.00%;110.00;40.00;-63.64%;15.01%;Отверточные биты;Так;*;Так;подешевшало на 63.6%
FSBA1004;Насадка 5/16'' 32мм PH4 для ударної викрутки TOPTUL FSBA1004;ok;25.00;25.00;+0.00%;60.00;40.00;-33.33%;15.01%;Отверточные биты;Так;*;Так;подешевшало на 33.3%
FSBD1002;Насадка 5/16'' L80мм PH2 для ударної викрутки TOPTUL FSBD100;ok;52.00;52.00;+0.00%;90.00;60.00;-33.33%;15.01%;Отверточные биты;Так;*;Так;подешевшало на 33.3%
FSBD1003;Насадка 5/16'' L80мм PH3 для ударної викрутки TOPTUL FSBD100;ok;52.00;52.00;+0.00%;90.00;60.00;-33.33%;15.01%;Отверточные биты;Так;*;Так;подешевшало на 33.3%
FSBF1002;Насадка 5/16'' L90мм PH2 для ударної викрутки TOPTUL FSBF100;ok;64.00;64.00;+0.00%;110.00;80.00;-27.27%;15.01%;Отверточные биты;Так;*;Так;подешевшало на 27.3%
FSBF1003;Насадка 5/16'' L90мм PH3 для ударної викрутки TOPTUL FSBF100;ok;64.00;64.00;+0.00%;110.00;80.00;-27.27%;15.01%;Отверточные биты;Так;*;Так;подешевшало на 27.3%
FSCA0801;"Насадка 1/4"" 25мм PZ1 TOPTUL FSCA0801";ok;14.00;14.00;+0.00%;70.00;40.00;-42.86%;15.01%;Отверточные биты;Так;*;Так;подешевшало на 42.9%
FSCA0802;"Насадка 1/4"" 25мм PZ2 TOPTUL FSCA0802";ok;14.00;14.00;+0.00%;60.00;40.00;-33.33%;15.01%;Отверточные биты;Так;*;Так;подешевшало на 33.3%
FSCA0803;"Насадка 1/4"" 25мм PZ3 TOPTUL FSCA0803";ok;14.00;14.00;+0.00%;50.00;40.00;-20.00%;15.01%;Отверточные биты;Так;*;Так;подешевшало на 20.0%
FSCA1002;"Насадка 5/16"" L-30мм PZ2 TOPTUL FSCA1002";ok;25.00;25.00;+0.00%;60.00;40.00;-33.33%;15.01%;Отверточные биты;Так;*;Так;подешевшало на 33.3%
FSCA1003;"Насадка 5/16"" 30мм PZ3 TOPTUL FSCA1003";ok;25.00;25.00;+0.00%;60.00;40.00;-33.33%;15.01%;Отверточные биты;Так;*;Так;подешевшало на 33.3%
FSCA1004;"Насадка 5/16"" 30мм PZ4 TOPTUL FSCA1004";ok;25.00;25.00;+0.00%;60.00;40.00;-33.33%;15.01%;Отверточные биты;Так;*;Так;подешевшало на 33.3%
FSDA0802;"Насадка 1/4"" 25мм HEX 2мм TOPTUL FSDA0802";ok;14.00;14.00;+0.00%;50.00;40.00;-20.00%;15.01%;Отверточные биты;Так;*;Так;подешевшало на 20.0%
FSDA0803;"Насадка 1/4"" 25мм HEX 3мм TOPTUL FSDA0803";ok;14.00;14.00;+0.00%;50.00;40.00;-20.00%;15.01%;Отверточные биты;Так;*;Так;подешевшало на 20.0%
FSDA0804;"Насадка 1/4"" 25мм HEX 4мм TOPTUL FSDA0804";ok;14.00;14.00;+0.00%;50.00;40.00;-20.00%;15.01%;Отверточные биты;Так;*;Так;подешевшало на 20.0%
FSDA0805;"Насадка 1/4"" 25мм HEX 5мм TOPTUL FSDA0805";ok;14.00;14.00;+0.00%;50.00;40.00;-20.00%;15.01%;Отверточные биты;Так;*;Так;подешевшало на 20.0%
FSDA0806;"Насадка 1/4"" 25мм HEX 6мм TOPTUL FSDA0806";ok;14.00;14.00;+0.00%;50.00;40.00;-20.00%;15.01%;Отверточные биты;Так;*;Так;подешевшало на 20.0%
FSDA0807;"Насадка 1/4"" 25мм HEX 7мм TOPTUL FSDA0807";ok;24.00;24.00;+0.00%;60.00;40.00;-33.33%;15.01%;Отверточные биты;Так;*;Так;подешевшало на 33.3%
FSDA0808;"Насадка 1/4"" 25мм HEX 8мм TOPTUL FSDA0808";ok;24.00;24.00;+0.00%;60.00;40.00;-33.33%;15.01%;Отверточные биты;Так;*;Так;подешевшало на 33.3%
FSDA0810;"Насадка 1/4"" 25мм HEX 10мм TOPTUL FSDA0810";ok;31.00;31.00;+0.00%;70.00;40.00;-42.86%;15.01%;Отверточные биты;Так;*;Так;подешевшало на 42.9%
FSDA0812;"Насадка 1/4"" 25мм HEX 12мм TOPTUL FSDA0812";ok;42.00;42.00;+0.00%;80.00;50.00;-37.50%;15.01%;Отверточные биты;Так;*;Так;подешевшало на 37.5%
FSDA1008;"Насадка 5/16"" L-30мм HEX 8мм TOPTUL FSDA1008";ok;25.00;25.00;+0.00%;60.00;40.00;-33.33%;15.01%;Отверточные биты;Так;*;Так;подешевшало на 33.3%
FSDA1010;"Насадка 5/16"" L-30мм HEX 10мм TOPTUL FSDA1010";ok;29.00;29.00;+0.00%;60.00;40.00;-33.33%;15.01%;Отверточные биты;Так;*;Так;подешевшало на 33.3%
FSDA1012;"Насадка 5/16"" L-30мм HEX 12мм TOPTUL FSDA1012";ok;40.00;40.00;+0.00%;80.00;50.00;-37.50%;15.01%;Отверточные биты;Так;*;Так;подешевшало на 37.5%
FSDA1014;"Насадка 5/16"" L-30мм HEX 14мм TOPTUL FSDA1014";ok;47.00;47.00;+0.00%;90.00;60.00;-33.33%;15.01%;Отверточные биты;Так;*;Так;подешевшало на 33.3%
FSDA1204;Насадка 10мм L-30мм HEX 4мм TOPTUL FSDA1204;ok;31.00;31.00;+0.00%;70.00;40.00;-42.86%;15.01%;Отверточные биты;Так;*;Так;подешевшало на 42.9%
FSDA1205;Насадка 10мм L-30мм HEX 5мм TOPTUL FSDA1205;ok;31.00;31.00;+0.00%;70.00;40.00;-42.86%;15.01%;Отверточные биты;Так;*;Так;подешевшало на 42.9%
FSDA1206;Насадка 10мм L-30мм HEX 6мм TOPTUL FSDA1206;ok;31.00;31.00;+0.00%;70.00;40.00;-42.86%;15.01%;Отверточные биты;Так;*;Так;подешевшало на 42.9%
FSDA1207;Насадка 10мм L-30мм HEX 7мм TOPTUL FSDA1207;ok;31.00;31.00;+0.00%;70.00;40.00;-42.86%;15.01%;Отверточные биты;Так;*;Так;подешевшало на 42.9%
FSDA1208;Насадка 10мм L-30мм HEX 8мм TOPTUL FSDA1208;ok;31.00;31.00;+0.00%;70.00;40.00;-42.86%;15.01%;Отверточные биты;Так;*;Так;подешевшало на 42.9%
FSDA1210;Насадка 10мм L-30мм HEX 10мм TOPTUL FSDA1210;ok;32.00;32.00;+0.00%;70.00;40.00;-42.86%;15.01%;Отверточные биты;Так;*;Так;подешевшало на 42.9%
FSDA1212;Насадка 10мм L-30мм HEX 12мм TOPTUL FSDA1212;ok;41.00;41.00;+0.00%;80.00;50.00;-37.50%;15.01%;Отверточные биты;Так;*;Так;подешевшало на 37.5%
FSDB1204;Насадка 10мм L-75мм HEX 4мм TOPTUL FSDB1204;ok;65.00;65.00;+0.00%;110.00;80.00;-27.27%;15.01%;Отверточные биты;Так;*;Так;подешевшало на 27.3%
FSDB1205;Насадка 10мм L-75мм HEX 5мм TOPTUL FSDB1205;ok;65.00;65.00;+0.00%;110.00;80.00;-27.27%;15.01%;Отверточные биты;Так;*;Так;подешевшало на 27.3%
FSDB1206;Насадка 10мм L-75мм HEX 6мм TOPTUL FSDB1206;ok;65.00;65.00;+0.00%;260.00;80.00;-69.23%;15.01%;Отверточные биты;Так;*;Так;подешевшало на 69.2%
FSDB1207;Насадка 10мм L-75мм HEX 7мм TOPTUL FSDB1207;ok;65.00;65.00;+0.00%;110.00;80.00;-27.27%;15.01%;Отверточные биты;Так;*;Так;подешевшало на 27.3%
FSDB1208;Насадка 10мм L-75мм HEX 8мм TOPTUL FSDB1208;ok;65.00;65.00;+0.00%;110.00;80.00;-27.27%;15.01%;Отверточные биты;Так;*;Так;подешевшало на 27.3%
FSDB1210;Насадка 10мм L-75мм HEX 10мм TOPTUL FSDB1210;ok;65.00;65.00;+0.00%;110.00;80.00;-27.27%;15.01%;Отверточные биты;Так;*;Так;подешевшало на 27.3%
FSDB1212;Насадка 10мм L-75мм HEX 12мм TOPTUL FSDB1212;ok;83.00;83.00;+0.00%;130.00;100.00;-23.08%;15.01%;Отверточные биты;Так;*;Так;подешевшало на 23.1%
FSEA0806;"Насадка 1/4"" 25мм TORX T6 TOPTUL FSEA0806";ok;18.00;18.00;+0.00%;50.00;40.00;-20.00%;15.01%;Отверточные биты;Так;*;Так;подешевшало на 20.0%
FSEA0807;"Насадка 1/4"" 25мм TORX T7 TOPTUL FSEA0807";ok;18.00;18.00;+0.00%;50.00;40.00;-20.00%;15.01%;Отверточные биты;Так;*;Так;подешевшало на 20.0%
FSEA0808;"Насадка 1/4"" 25мм TORX T8 TOPTUL FSEA0808";ok;15.00;15.00;+0.00%;50.00;40.00;-20.00%;15.01%;Отверточные биты;Так;*;Так;подешевшало на 20.0%
FSEA0809;"Насадка 1/4"" 25мм TORX T9 TOPTUL FSEA0809";ok;14.00;14.00;+0.00%;50.00;40.00;-20.00%;15.01%;Отверточные биты;Так;*;Так;подешевшало на 20.0%
FSEA0810;"Насадка 1/4"" 25мм TORX T10 TOPTUL FSEA0810";ok;14.00;14.00;+0.00%;50.00;40.00;-20.00%;15.01%;Отверточные биты;Так;*;Так;подешевшало на 20.0%
FSEA0815;"Насадка 1/4"" 25мм TORX T15 TOPTUL FSEA0815";ok;14.00;14.00;+0.00%;50.00;40.00;-20.00%;15.01%;Отверточные биты;Так;*;Так;подешевшало на 20.0%
FSEA0820;"Насадка 1/4"" 25мм TORX T20 TOPTUL FSEA0820";ok;14.00;14.00;+0.00%;50.00;40.00;-20.00%;15.01%;Отверточные биты;Так;*;Так;подешевшало на 20.0%
FSEA0825;"Насадка 1/4"" 25мм TORX T25 TOPTUL FSEA0825";ok;14.00;14.00;+0.00%;50.00;40.00;-20.00%;15.01%;Отверточные биты;Так;*;Так;подешевшало на 20.0%
FSEA0827;"Насадка 1/4"" 25мм TORX T27 TOPTUL FSEA0827";ok;14.00;14.00;+0.00%;50.00;40.00;-20.00%;15.01%;Отверточные биты;Так;*;Так;подешевшало на 20.0%
FSEA0830;"Насадка 1/4"" 25мм TORX T30 TOPTUL FSEA0830";ok;14.00;14.00;+0.00%;50.00;40.00;-20.00%;15.01%;Отверточные биты;Так;*;Так;подешевшало на 20.0%
FSEA0840;"Насадка 1/4"" 25мм TORX T40 TOPTUL FSEA0840";ok;14.00;14.00;+0.00%;70.00;40.00;-42.86%;15.01%;Отверточные биты;Так;*;Так;подешевшало на 42.9%
FSEA0845;"Насадка 1/4"" 25мм TORX T45 TOPTUL FSEA0845";ok;29.00;29.00;+0.00%;60.00;40.00;-33.33%;15.01%;Отверточные биты;Так;*;Так;подешевшало на 33.3%
FSEA0850;"Насадка 1/4"" 25мм TORX T50 TOPTUL FSEA0850";ok;29.00;29.00;+0.00%;60.00;40.00;-33.33%;15.01%;Отверточные биты;Так;*;Так;подешевшало на 33.3%
FSEA1040;"Насадка 5/16"" L-30мм TORX T40 TOPTUL FSEA1040";ok;25.00;25.00;+0.00%;60.00;40.00;-33.33%;15.01%;Отверточные биты;Так;*;Так;подешевшало на 33.3%
FSEA1045;"Насадка 5/16"" L-30мм TORX T45 TOPTUL FSEA1045";ok;25.00;25.00;+0.00%;60.00;40.00;-33.33%;15.01%;Отверточные биты;Так;*;Так;подешевшало на 33.3%
FSEA1050;"Насадка 5/16"" L-30мм TORX T50 TOPTUL FSEA1050";ok;25.00;25.00;+0.00%;60.00;40.00;-33.33%;15.01%;Отверточные биты;Так;*;Так;подешевшало на 33.3%
FSEA1055;"Насадка 5/16"" L-30мм TORX T55 TOPTUL FSEA1055";ok;41.00;41.00;+0.00%;80.00;50.00;-37.50%;15.01%;Отверточные биты;Так;*;Так;подешевшало на 37.5%
FSEA1060;"Насадка 5/16"" L-30мм TORX T60 TOPTUL FSEA1060";ok;48.00;48.00;+0.00%;90.00;60.00;-33.33%;15.01%;Отверточные биты;Так;*;Так;подешевшало на 33.3%
FSEA1070;"Насадка 5/16"" L-30мм TORX T70 TOPTUL FSEA1070";ok;51.00;51.00;+0.00%;190.00;60.00;-68.42%;15.01%;Отверточные биты;Так;*;Так;подешевшало на 68.4%
FSEA1220;Насадка 10мм L-30мм TORX T20 TOPTUL FSEA1220;ok;31.00;31.00;+0.00%;70.00;40.00;-42.86%;15.01%;Отверточные биты;Так;*;Так;подешевшало на 42.9%
FSEA1225;Насадка 10мм L-30мм TORX T25 TOPTUL FSEA1225;ok;31.00;31.00;+0.00%;70.00;40.00;-42.86%;15.01%;Отверточные биты;Так;*;Так;подешевшало на 42.9%
FSEA1227;Насадка 10мм L-30мм TORX T27 TOPTUL FSEA1227;ok;31.00;31.00;+0.00%;70.00;40.00;-42.86%;15.01%;Отверточные биты;Так;*;Так;подешевшало на 42.9%
FSEA1230;Насадка 10мм L-30мм TORX T30 TOPTUL FSEA1230;ok;31.00;31.00;+0.00%;140.00;40.00;-71.43%;15.01%;Отверточные биты;Так;*;Так;подешевшало на 71.4%
FSEA1240;Насадка 10мм L-30мм TORX T40 TOPTUL FSEA1240;ok;31.00;31.00;+0.00%;140.00;40.00;-71.43%;15.01%;Отверточные биты;Так;*;Так;подешевшало на 71.4%
FSEA1245;Насадка 10мм L-30мм TORX T45 TOPTUL FSEA1245;ok;31.00;31.00;+0.00%;70.00;40.00;-42.86%;15.01%;Отверточные биты;Так;*;Так;подешевшало на 42.9%
FSEA1247;Насадка 10мм L-30мм TORX T47 TOPTUL FSEA1247;ok;31.00;31.00;+0.00%;70.00;40.00;-42.86%;15.01%;Отверточные биты;Так;*;Так;подешевшало на 42.9%
FSEA1250;Насадка 10мм L-30мм TORX T50 TOPTUL FSEA1250;ok;31.00;31.00;+0.00%;70.00;40.00;-42.86%;15.01%;Отверточные биты;Так;*;Так;подешевшало на 42.9%
FSEA1255;Насадка 10мм L-30мм TORX T55 TOPTUL FSEA1255;ok;32.00;32.00;+0.00%;70.00;40.00;-42.86%;15.01%;Отверточные биты;Так;*;Так;подешевшало на 42.9%
FSEA1260;Насадка 10мм L-30мм TORX T60 TOPTUL FSEA1260;ok;40.00;40.00;+0.00%;80.00;50.00;-37.50%;15.01%;Отверточные биты;Так;*;Так;подешевшало на 37.5%
FSEB1220;Насадка 10мм L-75мм TORX T20 TOPTUL FSEB1220;ok;65.00;65.00;+0.00%;110.00;80.00;-27.27%;15.01%;Отверточные биты;Так;*;Так;подешевшало на 27.3%
FSEB1225;Насадка 10мм L-75мм TORX T25 TOPTUL FSEB1225;ok;65.00;65.00;+0.00%;110.00;80.00;-27.27%;15.01%;Отверточные биты;Так;*;Так;подешевшало на 27.3%
FSEB1227;Насадка 10мм L-75мм TORX T27 TOPTUL FSEB1227;ok;65.00;65.00;+0.00%;110.00;80.00;-27.27%;15.01%;Отверточные биты;Так;*;Так;подешевшало на 27.3%
FSEB1230;Насадка 10мм L-75мм TORX T30 TOPTUL FSEB1230;ok;65.00;65.00;+0.00%;240.00;80.00;-66.67%;15.01%;Отверточные биты;Так;*;Так;подешевшало на 66.7%
FSEB1240;Насадка 10мм L-75мм TORX T40 TOPTUL FSEB1240;ok;65.00;65.00;+0.00%;290.00;80.00;-72.41%;15.01%;Отверточные биты;Так;*;Так;подешевшало на 72.4%
FSEB1245;Насадка 10мм L-75мм TORX T45 TOPTUL FSEB1245;ok;65.00;65.00;+0.00%;110.00;80.00;-27.27%;15.01%;Отверточные биты;Так;*;Так;подешевшало на 27.3%
FSEB1250;Насадка 10мм L-75мм TORX T50 TOPTUL FSEB1250;ok;65.00;65.00;+0.00%;110.00;80.00;-27.27%;15.01%;Отверточные биты;Так;*;Так;подешевшало на 27.3%
FSEB1255;Насадка 10мм L-75мм TORX T55 TOPTUL FSEB1255;ok;65.00;65.00;+0.00%;110.00;80.00;-27.27%;15.01%;Отверточные биты;Так;*;Так;подешевшало на 27.3%
FSFA1205;Насадка 10мм L-30мм Spline M5 TOPTUL FSFA1205;ok;34.00;34.00;+0.00%;70.00;40.00;-42.86%;15.01%;Отверточные биты;Так;*;Так;подешевшало на 42.9%
FSFA1206;Насадка 10мм L-30мм Spline M6 TOPTUL FSFA1206;ok;34.00;34.00;+0.00%;70.00;40.00;-42.86%;15.01%;Отверточные биты;Так;*;Так;подешевшало на 42.9%
FSFA1208;Насадка 10мм L-30мм Spline M8 TOPTUL FSFA1208;ok;34.00;34.00;+0.00%;70.00;40.00;-42.86%;15.01%;Отверточные биты;Так;*;Так;подешевшало на 42.9%
FSFA1210;Насадка 10мм L-30мм Spline M10 TOPTUL FSFA1210;ok;35.00;35.00;+0.00%;70.00;50.00;-28.57%;15.01%;Отверточные биты;Так;*;Так;подешевшало на 28.6%
FSFA1212;Насадка 10мм L-30мм Spline M12 TOPTUL FSFA1212;ok;40.00;40.00;+0.00%;80.00;50.00;-37.50%;15.01%;Отверточные биты;Так;*;Так;подешевшало на 37.5%
FSFB1205;Насадка 10мм L-75мм Spline M5 TOPTUL FSFB1205;ok;68.00;68.00;+0.00%;110.00;80.00;-27.27%;15.01%;Отверточные биты;Так;*;Так;подешевшало на 27.3%
FSFB1206;Насадка 10мм L-75мм Spline M6 TOPTUL FSFB1206;ok;68.00;68.00;+0.00%;110.00;80.00;-27.27%;15.01%;Отверточные биты;Так;*;Так;подешевшало на 27.3%
FSFB1208;Насадка 10мм L-75мм Spline M8 TOPTUL FSFB1208;ok;68.00;68.00;+0.00%;110.00;80.00;-27.27%;15.01%;Отверточные биты;Так;*;Так;подешевшало на 27.3%
FSFB1210;Насадка 10мм L-75мм Spline M10 TOPTUL FSFB1210;ok;68.00;68.00;+0.00%;110.00;80.00;-27.27%;15.01%;Отверточные биты;Так;*;Так;подешевшало на 27.3%
FSFB1212;Насадка 10мм L-75мм Spline M12 TOPTUL FSFB1212;ok;89.00;89.00;+0.00%;140.00;110.00;-21.43%;15.01%;Отверточные биты;Так;*;Так;подешевшало на 21.4%
FSGA0810;"Насадка 1/4"" 25мм TORX T10 з отвором TOPTUL FSGA0810";ok;19.00;19.00;+0.00%;50.00;40.00;-20.00%;15.01%;Отверточные биты;Так;*;Так;подешевшало на 20.0%
FSGA0815;"Насадка 1/4"" 25мм TORX T15 з отвором TOPTUL FSGA0815";ok;18.00;18.00;+0.00%;50.00;40.00;-20.00%;15.01%;Отверточные биты;Так;*;Так;подешевшало на 20.0%
FSGA0820;"Насадка 1/4"" 25мм TORX T20 з отвором TOPTUL FSGA0820";ok;18.00;18.00;+0.00%;50.00;40.00;-20.00%;15.01%;Отверточные биты;Так;*;Так;подешевшало на 20.0%
FSGA0825;"Насадка 1/4"" 25мм TORX T25 з отвором TOPTUL FSGA0825";ok;18.00;18.00;+0.00%;50.00;40.00;-20.00%;15.01%;Отверточные биты;Так;*;Так;подешевшало на 20.0%
FSGA0827;"Насадка 1/4"" 25мм TORX T27 з отвором TOPTUL FSGA0827";ok;18.00;18.00;+0.00%;50.00;40.00;-20.00%;15.01%;Отверточные биты;Так;*;Так;подешевшало на 20.0%
FSGA0830;"Насадка 1/4"" 25мм TORX T30 з отвором TOPTUL FSGA0830";ok;18.00;18.00;+0.00%;50.00;40.00;-20.00%;15.01%;Отверточные биты;Так;*;Так;подешевшало на 20.0%
FSGA0840;"Насадка 1/4"" 25мм TORX T40 з отвором TOPTUL FSGA0840";ok;18.00;18.00;+0.00%;50.00;40.00;-20.00%;15.01%;Отверточные биты;Так;*;Так;подешевшало на 20.0%
FSGA1027;"Насадка 5/16"" 30мм TORX T27 з отвором TOPTUL FSGA1027";ok;33.00;33.00;+0.00%;70.00;40.00;-42.86%;15.01%;Отверточные биты;Так;*;Так;подешевшало на 42.9%
FSIA0801;"Насадка 1/4"" 50мм PH1 під шуруповерт TOPTUL FSIA0801";ok;25.00;25.00;+0.00%;60.00;40.00;-33.33%;15.01%;Отверточные биты;Так;*;Так;подешевшало на 33.3%
FSIA0802;"Насадка 1/4"" 50мм PH2 під шуруповерт TOPTUL FSIA0802";ok;24.00;24.00;+0.00%;60.00;40.00;-33.33%;15.01%;Отверточные биты;Так;*;Так;подешевшало на 33.3%
FSIA0803;"Насадка 1/4"" 50мм PH3 під шуруповерт TOPTUL FSIA0803";ok;24.00;24.00;+0.00%;60.00;40.00;-33.33%;15.01%;Отверточные биты;Так;*;Так;подешевшало на 33.3%
FSIB0802;"Насадка 1/4"" 100мм PH2 під шуруповерт TOPTUL FSIB0802";ok;51.00;51.00;+0.00%;170.00;60.00;-64.71%;15.01%;Отверточные биты;Так;*;Так;подешевшало на 64.7%
FSIC0802;"Насадка 1/4"" 150мм PH2 під шуруповерт TOPTUL FSIC0802";ok;70.00;70.00;+0.00%;120.00;90.00;-25.00%;15.01%;Отверточные биты;Так;*;Так;подешевшало на 25.0%
FSKA0808;"Перехідник 1/4""х1/4"" L25 (6-гр х квадрат) TOPTUL FSKA0808";ok;16.00;16.00;+0.00%;50.00;40.00;-20.00%;15.14%;Торцевые головки;Так;*;Так;подешевшало на 20.0%
FSLA0802;"Насадка 1/4"" 50мм PH2 магнітна (під шуруповерт) TOPTUL FSLA0";ok;28.00;28.00;+0.00%;190.00;40.00;-78.95%;15.01%;Отверточные биты;Так;*;Так;подешевшало на 78.9%
FSLB0802;"Насадка 1/4"" 100мм PH2 магнітна (під шуруповерт) TOPTUL FSLB";ok;59.00;59.00;+0.00%;100.00;70.00;-30.00%;15.01%;Отверточные биты;Так;*;Так;подешевшало на 30.0%
FSLC0802;"Насадка 1/4"" 150мм PH2 магнітна (під шуруповерт) TOPTUL FSLC";ok;80.00;80.00;+0.00%;130.00;100.00;-23.08%;15.01%;Отверточные биты;Так;*;Так;подешевшало на 23.1%
FSMA0802;"Насадка 1/4"" 50мм PH2 магнітна Anti-Slip (під шуруповерт) TO";ok;36.00;36.00;+0.00%;220.00;50.00;-77.27%;15.01%;Отверточные биты;Так;*;Так;подешевшало на 77.3%
FSMB0802;"Насадка 1/4"" 100мм PH2 магнітна Anti-Slip (під шуруповерт) T";ok;69.00;69.00;+0.00%;110.00;80.00;-27.27%;15.01%;Отверточные биты;Так;*;Так;подешевшало на 27.3%
FSMC0802;"Насадка 1/4"" 150мм PH2 магнітна Anti-Slip (під шуруповерт) T";ok;87.00;87.00;+0.00%;140.00;110.00;-21.43%;15.01%;Отверточные биты;Так;*;Так;подешевшало на 21.4%
FSRA0802;"Насадка 1/4"" 50мм PZ2 під шуруповерт TOPTUL FSRA0802";ok;23.00;23.00;+0.00%;60.00;40.00;-33.33%;15.01%;Отверточные биты;Так;*;Так;подешевшало на 33.3%
FSSW2108;Ключ для зняття передніх стійок ВАЗ 2108-2109 (ХЗСО);ok;278.00;278.00;+0.00%;370.00;330.00;-10.81%;15.14%;Торцевые головки;Ні;*;Так;відсутній у фіді
FT-310;Тестер для інжекторів універсальний;ok;1390.00;1390.00;+0.00%;9570.00;1600.00;-83.28%;15.00%;default;Так;*;Так;подешевшало на 83.3%
FTAB0808;"Бітотримач 1/4"" х1/4"" TOPTUL FTAB0808";ok;40.00;40.00;+0.00%;80.00;50.00;-37.50%;14.92%;Воротки, трещотки;Так;*;Так;подешевшало на 37.5%
FTAB0810;"Бітотримач 1/4"" (вставка в ключ 10мм) TOPTUL FTAB0810";ok;103.00;103.00;+0.00%;160.00;120.00;-25.00%;15.01%;Отверточные биты;Так;*;Так;подешевшало на 25.0%
FTAB1208;"Бітотримач 3/8"" х1/4"" TOPTUL FTAB1208";ok;75.00;75.00;+0.00%;120.00;90.00;-25.00%;15.01%;Отверточные биты;Так;*;Так;подешевшало на 25.0%
FTAB1210;"Тримач біт 3/8"" х5/16"" TOPTUL FTAB1210";ok;75.00;75.00;+0.00%;120.00;90.00;-25.00%;15.01%;Отверточные биты;Так;*;Так;подешевшало на 25.0%
FTAB1212;"Тримач біт 3/8"" х10мм TOPTUL FTAB1212";ok;75.00;75.00;+0.00%;120.00;90.00;-25.00%;15.01%;Отверточные биты;Так;*;Так;подешевшало на 25.0%
FTAB1610;"Тримач біт 1/2"" х5/16"" TOPTUL FTAB1610";ok;97.00;97.00;+0.00%;150.00;120.00;-20.00%;15.01%;Отверточные биты;Так;*;Так;подешевшало на 20.0%
FTAB1612;"Тримач біт 1/2""х10мм TOPTUL FTAB1612";ok;97.00;97.00;+0.00%;150.00;120.00;-20.00%;15.01%;Отверточные биты;Так;*;Так;подешевшало на 20.0%
FTDC0808;"Бітотримач магнітний 1/4"" L60мм під шуруповерт TOPTUL FTDC08";ok;93.00;93.00;+0.00%;140.00;110.00;-21.43%;15.01%;Отверточные биты;Так;*;Так;подешевшало на 21.4%
FTDF0810;"Бітотримач магнітний 1/4"" L100мм (вик з CHEV0811) TOPTUL FTD";ok;194.00;194.00;+0.00%;590.00;230.00;-61.02%;15.01%;Отверточные биты;Так;*;Так;подешевшало на 61.0%
FTEC1421;Викрутка-тріскачка бітотримач 1/4 5/16 7/17 TOPTUL FTEC1421;ok;385.00;385.00;+0.00%;510.00;450.00;-11.76%;15.29%;Отвертки;Ні;*;Так;відсутній у фіді
FYEF0210V4;Викрутка шліцьова PH/FL2 x 100mm ізольована (1000V) VDE Pro-;ok;206.00;206.00;+0.00%;310.00;240.00;-22.58%;15.29%;Отвертки;Так;*;Так;подешевшало на 22.6%
G-310;Тестер вакуумної та паливної системи;ok;613.00;613.00;+0.00%;2100.00;710.00;-66.19%;15.24%;Манометры;Так;*;Так;подешевшало на 66.2%
G-311;Тестер вакуумної та паливної системи;ok;967.00;967.00;+0.00%;2140.00;1120.00;-47.66%;15.00%;default;Так;*;Так;подешевшало на 47.7%
G-320;Компресометр;ok;537.00;537.00;+0.00%;1210.00;620.00;-48.76%;15.12%;Компрессометры и масломеры автомобильные;Так;*;Так;подешевшало на 48.8%
G-324;Компресометр бензиновий зі змінним наконечником;ok;1217.00;1217.00;+0.00%;2960.00;1410.00;-52.36%;15.12%;Компрессометры и масломеры автомобильные;Так;*;Так;подешевшало на 52.4%
GAAD1506;Набір біт 10мм TORX 15од TOPTUL GAAD1506;ok;902.00;902.00;+0.00%;1540.00;1040.00;-32.47%;15.01%;Отверточные биты;Так;*;Так;подешевшало на 32.5%
GAAD1508;Набір біт 10мм HEX 15од TOPTUL GAAD1508;ok;925.00;925.00;+0.00%;1420.00;1070.00;-24.65%;15.01%;Отверточные биты;Так;*;Так;подешевшало на 24.6%
GAAE0401;Набір викруток 4 од TOPTUL GAAE0401;ok;591.00;591.00;+0.00%;970.00;690.00;-28.87%;15.29%;Отвертки;Так;*;Так;подешевшало на 28.9%
GAAE0509;Набір викруток 5 од ударні SUPER GRIP TOPTUL GAAE0509;ok;855.00;855.00;+0.00%;1260.00;990.00;-21.43%;15.29%;Отвертки;Так;*;Так;подешевшало на 21.4%
GAAG0805;"Набір біт п'ятигранних 1/4"" TORX T8-T40 з отвором 8од TOPTUL";ok;384.00;384.00;+0.00%;680.00;450.00;-33.82%;15.01%;Отверточные биты;Так;*;Так;подешевшало на 33.8%
GAAL0910;Набір шестигранників Р-обр TOPTUL 1,5-10мм 9ед GAAL0910;ok;481.00;481.00;+0.00%;630.00;560.00;-11.11%;15.27%;Шестигранные ключи;Ні;*;Так;відсутній у фіді
GAAL0911;Ключі шестигранні подовжені TOPTUL 1,5-10мм 9ед GAAL0911;ok;609.00;609.00;+0.00%;780.00;710.00;-8.97%;15.27%;Шестигранные ключи;Ні;*;Так;відсутній у фіді
GAAL0912;Набір шестигранників Р-обр TOPTUL 1,5-10мм 9ед супердлинных ;ok;678.00;678.00;+0.00%;870.00;790.00;-9.20%;15.27%;Шестигранные ключи;Ні;*;Так;відсутній у фіді
GAAL0913;Набір Г-подібних ключів TORX T10-T50 9од TOPTUL GAAL0913;ok;522.00;522.00;+0.00%;700.00;600.00;-14.29%;14.88%;Наборы ключей;Ні;*;Так;відсутній у фіді
GAAL0914;Набір Г-подібний ключів TORX T10-T50 9од довгих TOPTUL GAAL0;ok;634.00;634.00;+0.00%;820.00;730.00;-10.98%;14.88%;Наборы ключей;Ні;*;Так;відсутній у фіді
GAAL0916;Набір шестигранних ключів з кулею TOPTUL 1,5-10мм 9ед довгих;ok;619.00;619.00;+0.00%;800.00;720.00;-10.00%;14.88%;Наборы ключей;Ні;*;Так;відсутній у фіді
GAAL0919;Набір Г-подібний ключів TORX T10-T50 9од довгих з отвором TO;ok;699.00;699.00;+0.00%;900.00;810.00;-10.00%;14.88%;Наборы ключей;Ні;*;Так;відсутній у фіді
GAAR0301;"Набір перехідників 1/4"" під шуруповерт 3ед (1/4"" 3/8"" 1/2"") ";ok;136.00;136.00;+0.00%;200.00;160.00;-20.00%;15.14%;Торцевые головки;Так;*;Так;подешевшало на 20.0%
GAAR1201;"Набір біт 1/4"" з тріскачкою-Бітотримачі 12од TOPTUL GAAR1201";ok;543.00;543.00;+0.00%;700.00;630.00;-10.00%;15.01%;Отверточные биты;Ні;*;Так;відсутній у фіді
GAAT0101;Клепальник з Набіром клепок (в ложементі) TOPTUL GAAT0101;ok;1585.00;1585.00;+0.00%;2000.00;1760.00;-12.00%;10.63%;Ручные заклепочники;Ні;*;Так;відсутній у фіді
GAAT0709;Набір біт 10мм 7од (PH1 PH2 PH3 SL5.5 SL6.5 SL8) TOPTUL GAAT;ok;217.00;217.00;+0.00%;300.00;250.00;-16.67%;15.01%;Отверточные биты;Ні;*;Так;відсутній у фіді
GAAV0701;Набір біт (Hex: 2 2.5 3 4 5 6 8mm) TOPTUL GAAV0701;ok;99.00;99.00;+0.00%;150.00;120.00;-20.00%;15.01%;Отверточные биты;Так;*;Так;подешевшало на 20.0%
GAAV0702;Набір біт (Torx: T10-T40) TOPTUL GAAV0702;ok;91.00;91.00;+0.00%;140.00;110.00;-21.43%;15.01%;Отверточные биты;Так;*;Так;подешевшало на 21.4%
GAAV0704;"Набір біт (SL: 4 * 0.5 5.5 * 1 6.5 * 1.2; PH1 PH2; PZ1 PZ2) ";ok;95.00;95.00;+0.00%;150.00;110.00;-26.67%;15.01%;Отверточные биты;Так;*;Так;подешевшало на 26.7%
GAAV1001;"Набір біт 10од 1/4"" (PH SL Torx SQ) TOPTUL GAAV1001";ok;119.00;119.00;+0.00%;180.00;140.00;-22.22%;15.01%;Отверточные биты;Так;*;Так;подешевшало на 22.2%
GAAV1103;"Набір біт 1/4"" 11 од TOPTUL GAAV1103";ok;139.00;139.00;+0.00%;200.00;160.00;-20.00%;15.01%;Отверточные биты;Так;*;Так;подешевшало на 20.0%
GAAW0801;Набір викруток (T5-T20) 8 од TOPTUL GAAW0801;ok;774.00;774.00;+0.00%;1130.00;900.00;-20.35%;15.29%;Отвертки;Так;*;Так;подешевшало на 20.4%
GABW3101;"Набір біт з утримувачем 1/4"" 31од TOPTUL GABW3101";ok;1117.00;1117.00;+0.00%;1420.00;1290.00;-9.15%;15.01%;Отверточные биты;Ні;*;Так;відсутній у фіді
GACW3503;"Набір біт 1/4"" 35 од Toptul GACW3503";ok;1098.00;1098.00;+0.00%;1390.00;1270.00;-8.63%;15.01%;Отверточные биты;Ні;*;Так;відсутній у фіді
GBAR0205;"Перехідник-подовжувач 1/2"" х1/2"" з підсв + перехідник TOPTUL";ok;394.00;394.00;+0.00%;520.00;460.00;-11.54%;15.14%;Торцевые головки;Ні;*;Так;відсутній у фіді
GC1302;"Струбцина тип"" G"" 50мм СТАНДАРТ";ok;82.00;82.00;+0.00%;130.00;100.00;-23.08%;14.43%;Струбцины и зажимы;Ні;*;Так;відсутній у фіді + подешевшало на 23.1%
GC1304;"Струбцина тип"" G"" 100мм СТАНДАРТ";ok;173.00;173.00;+0.00%;320.00;200.00;-37.50%;14.43%;Струбцины и зажимы;Ні;*;Так;відсутній у фіді + подешевшало на 37.5%
GC1306;"Струбцина тип"" G"" 150мм СТАНДАРТ";ok;284.00;284.00;+0.00%;5200.00;330.00;-93.65%;14.43%;Струбцины и зажимы;Так;*;Так;подешевшало на 93.7%
GCAD1407;"Набір інструменту дюймового 3/4"" 14од (12-гр) Metal case TOP";ok;8100.00;8100.00;+0.00%;10090.00;9330.00;-7.53%;15.17%;Наборы инструментов;Ні;*;Так;відсутній у фіді
GCAD1607;"Набір інструменту 1/2"" 16од (6pt) TOPTUL GCAD1607";ok;2770.00;2770.00;+0.00%;3470.00;3200.00;-7.78%;15.17%;Наборы инструментов;Ні;*;Так;відсутній у фіді
GCAD1701;"Набір інструменту 1/4"" 17од TOPTUL GCAD1701";ok;1174.00;1174.00;+0.00%;2500.00;1360.00;-45.60%;15.17%;Наборы инструментов;Так;*;Так;подешевшало на 45.6%
GCAD2501;"Набір інструменту 3/8"" 25од TOPTUL GCAD2501";ok;2634.00;2634.00;+0.00%;4270.00;3040.00;-28.81%;15.17%;Наборы инструментов;Так;*;Так;подешевшало на 28.8%
GCAI4102;"Набір інструменту 1/4"" 41 од TOPTUL GCAI4102";ok;1898.00;1898.00;+0.00%;2830.00;2190.00;-22.61%;15.01%;Отверточные биты;Так;*;Так;подешевшало на 22.6%
GCAI5101;"Набір інструменту комбінований 1/4"" 51од TOPTUL GCAI5101";ok;3197.00;3197.00;+0.00%;4000.00;3690.00;-7.75%;15.17%;Наборы инструментов;Ні;*;Так;відсутній у фіді
GCAJ0008;Візок з інструментом 7 секцій 229од TOPTUL GCAJ0008;ok;74872.00;74872.00;+0.00%;93050.00;86070.00;-7.50%;14.95%;Шкафы, тумбы и тележки инструментальные;Ні;*;Так;відсутній у фіді
GCAJ0018;Візок з інструментом 7секц 227 од червоний TOPTUL GCAJ0018;ok;71616.00;71616.00;+0.00%;89000.00;82330.00;-7.49%;14.95%;Ящики, сумки для инструментов;Ні;*;Так;відсутній у фіді
GCAZ0013;Ящик з інструментом (Pro-Line) 3 секції 104ед TOPTUL GCAZ001;ok;40195.00;40195.00;+0.00%;49960.00;46300.00;-7.33%;15.17%;Наборы инструментов;Ні;*;Так;відсутній у фіді
GCAZ0039;Ящик з інструментом (5 секцій) 63ед TOPTUL GCAZ0039;ok;14926.00;14926.00;+0.00%;18570.00;17200.00;-7.38%;15.17%;Наборы инструментов;Ні;*;Так;відсутній у фіді
GDAE0701;Пилосос (від компресора) TOPTUL GDAE0701;ok;1756.00;1756.00;+0.00%;2210.00;1940.00;-12.22%;10.38%;Пневматические гайковерты;Ні;*;Так;відсутній у фіді
GDAI2702;"Набір пневмоінструмента 1/2"" TOPTUL GDAI2702";ok;12387.00;12387.00;+0.00%;15420.00;13680.00;-11.28%;10.38%;Пневматические гайковерты;Ні;*;Так;відсутній у фіді
GDAI2704;"Набір пневмоінструменту 1/2 ""27од (KAAB1660) TOPTUL GDAI2704";ok;14385.00;14385.00;+0.00%;17900.00;15880.00;-11.28%;10.38%;Пневматические гайковерты;Ні;*;Так;відсутній у фіді
GE-26105;Візок з набором інструментів TOPTUL 7 секцій 261ед GE-26105;ok;56725.00;56725.00;+0.00%;70500.00;65210.00;-7.50%;14.95%;Шкафы, тумбы и тележки инструментальные;Ні;*;Так;відсутній у фіді
GEAD1401;"Набір головок ударних дюймових 1/2"" 3/8 1-1/4 14 од TOPTUL G";ok;1941.00;1941.00;+0.00%;2440.00;2240.00;-8.20%;15.14%;Торцевые головки;Ні;*;Так;відсутній у фіді
GED2224;Набір інструменту комбінований 22од (В ложементі) TOPTUL GED;ok;5299.00;5299.00;+0.00%;6610.00;6110.00;-7.56%;15.17%;Наборы инструментов;Ні;*;Так;відсутній у фіді
GFG-1.4;Пневмопістолет лакофарбовий HVLP ВП бачок 600 мл 1,4 мм ITAL;ok;5332.00;5332.00;+0.00%;6720.00;6040.00;-10.12%;13.20%;Пневматические краскопульты;Ні;*;Так;відсутній у фіді
GI12111;Спотер по алюмінію та сталі 220V 2.5A GI KRAFT GI12111;ok;113740.00;113740.00;+0.00%;141330.00;130500.00;-7.66%;14.73%;Аппараты контактной сварки;Ні;*;Так;відсутній у фіді
GI12114-220;Спотер 220V 5200A цифровий дисплей;ok;31944.00;31944.00;+0.00%;39710.00;36650.00;-7.71%;14.73%;Аппараты контактной сварки;Ні;*;Так;відсутній у фіді
GI12153;Трикутна пластина (20шт);ok;411.00;411.00;+0.00%;540.00;480.00;-11.11%;14.73%;Комплектующие для сварки и пайки;Ні;*;Так;відсутній у фіді
GI12157;Зажим бовта;ok;456.00;456.00;+0.00%;590.00;530.00;-10.17%;14.73%;Комплектующие для сварки и пайки;Ні;*;Так;відсутній у фіді
GI12159;Вуглецевий стержень;ok;90.00;90.00;+0.00%;140.00;110.00;-21.43%;14.73%;Комплектующие для сварки и пайки;Так;*;Так;подешевшало на 21.4%
GI12160;Клейєвий стержень;ok;39.00;39.00;+0.00%;80.00;50.00;-37.50%;14.73%;Комплектующие для сварки и пайки;Так;*;Так;подешевшало на 37.5%
GI12162;Тримач електрода;ok;968.00;968.00;+0.00%;1230.00;1120.00;-8.94%;14.73%;Комплектующие для сварки и пайки;Ні;*;Так;відсутній у фіді
GI12164;Електрод для точкового зварювання;ok;352.00;352.00;+0.00%;510.00;410.00;-19.61%;15.00%;default;Ні;*;Так;відсутній у фіді
GI12165;Електрод для хвилястого дроту;ok;282.00;282.00;+0.00%;410.00;330.00;-19.51%;14.73%;Комплектующие для сварки и пайки;Ні;*;Так;відсутній у фіді
GI12167;Болт алюмінієвий 4мм (50шт);ok;617.00;617.00;+0.00%;790.00;710.00;-10.13%;14.73%;Комплектующие для сварки и пайки;Ні;*;Так;відсутній у фіді
GI12168;Болт алюмінієвий 5мм (50шт);ok;617.00;617.00;+0.00%;790.00;710.00;-10.13%;14.73%;Комплектующие для сварки и пайки;Ні;*;Так;відсутній у фіді
GI12207;Рихтувальне пристосування 1 упор GI 12207;ok;6292.00;6292.00;+0.00%;7850.00;7240.00;-7.77%;15.00%;default;Ні;*;Так;відсутній у фіді
GI13110-220;Зварювальний напівавтомат 0.8-1.0мм 220В 10.6А GIKRAFT GI131;ok;37752.00;37752.00;+0.00%;46930.00;43420.00;-7.48%;15.00%;default;Ні;*;Так;відсутній у фіді
GI13114-220;Зварювальний напівавтомат інверторний 220В 12А сталь 0.6-1.2;ok;55176.00;55176.00;+0.00%;68580.00;63460.00;-7.47%;15.00%;default;Ні;*;Так;відсутній у фіді
GI15113;Інфрачервона короткохвильова сушка (3х1100W 40° C-100° C 0-9;ok;55660.00;55660.00;+0.00%;69180.00;64010.00;-7.47%;15.00%;default;Ні;*;Так;відсутній у фіді
GI19113;Стенд для діагностики та чищення форсунок (6 форсунок візок ;ok;48400.00;48400.00;+0.00%;60160.00;55660.00;-7.48%;15.00%;default;Ні;*;Так;відсутній у фіді
GI20201;Ультразвукова ванна 400x300x250мм 500W;ok;55660.00;55660.00;+0.00%;69180.00;64010.00;-7.47%;15.00%;default;Ні;*;Так;відсутній у фіді
GI37207;Верстат сталевий 151x84x87;ok;23426.00;23426.00;+0.00%;29130.00;26940.00;-7.52%;15.00%;default;Ні;*;Так;відсутній у фіді
GIZMATIС3045;Набір для відновлення геометрії клапана (ХЗСО) GIZMATIС3045;ok;9848.00;9848.00;+0.00%;12260.00;11330.00;-7.59%;15.00%;default;Ні;*;Так;відсутній у фіді
GM100;Товщиномір ультразвуковий 1,2-225мм BENETECH GM100;ok;4876.00;4876.00;+0.00%;13660.00;5550.00;-59.37%;13.71%;Толщиномеры;Так;*;Так;подешевшало на 59.4%
GM100X;Товщиномір ультразвуковий 1,2-300мм BENETECH GM100X;ok;5239.00;5239.00;+0.00%;12940.00;5960.00;-53.94%;13.71%;Толщиномеры;Ні;*;Так;відсутній у фіді + подешевшало на 53.9%
GM1030;Вимірювач рівня освітлення (Люксметр) + термометр USB Blueto;ok;2181.00;2181.00;+0.00%;2740.00;2510.00;-8.39%;14.69%;Люксметры;Ні;*;Так;відсутній у фіді
GM1030C;Вимірювач рівня освітлення (Люксметр) + термометр BENETECH G;ok;1668.00;1668.00;+0.00%;2100.00;1920.00;-8.57%;14.69%;Люксметры;Ні;*;Так;відсутній у фіді
GM1250;Безконтактний інфрачервоний термометр (пірометр) -30-1250° C;ok;4245.00;4245.00;+0.00%;5810.00;4870.00;-16.18%;14.69%;Термометры, пирометры, тепловизоры;Ні;*;Так;відсутній у фіді
GM130;Товщиномір ультразвуковий 1-300мм BENETECH GM130;ok;8762.00;8762.00;+0.00%;18930.00;9970.00;-47.33%;13.71%;Толщиномеры;Так;*;Так;подешевшало на 47.3%
GM1356;Вимірювач рівня шуму (шумомір) фільтр А/С USB BENETECH GM135;ok;2158.00;2158.00;+0.00%;2710.00;2480.00;-8.49%;14.69%;Шумомеры;Ні;*;Так;відсутній у фіді
GM1357;Вимірювач рівня шуму (шумомір) фільтр А/С BENETECH GM1357;ok;1787.00;1787.00;+0.00%;2250.00;2050.00;-8.89%;14.69%;Шумомеры;Ні;*;Так;відсутній у фіді
GM1360;Термогігрометр 5-98% -10-50° C BENETECH GM1360;ok;1609.00;1609.00;+0.00%;2030.00;1850.00;-8.87%;14.69%;Термометры, пирометры, тепловизоры;Ні;*;Так;відсутній у фіді
GM1372;Термогігрометр з магнітним кріпленням 10-99% -9.9~60°C BENET;ok;484.00;484.00;+0.00%;1710.00;560.00;-67.25%;14.69%;Термометры, пирометры, тепловизоры;Так;*;Так;подешевшало на 67.3%
GM220;Товщиномір лакофарбових покриттів Fe 0-1800мкм BENETECH GM22;ok;10912.00;10912.00;+0.00%;13580.00;12410.00;-8.62%;13.71%;Толщиномеры;Ні;*;Так;відсутній у фіді
GM270;Безконтактний інфрачервоний термометр (пірометр) -32-280° C ;ok;528.00;528.00;+0.00%;6620.00;610.00;-90.79%;14.69%;Термометры, пирометры, тепловизоры;Так;*;Так;подешевшало на 90.8%
GM280;Товщиномір лакофарбових покриттів nFe 0-1500мкм BENETECH GM2;ok;13094.00;13094.00;+0.00%;16300.00;14890.00;-8.65%;13.71%;Толщиномеры;Ні;*;Так;відсутній у фіді
GM300;Безконтактний інфрачервоний термометр (пірометр) -50-450° C ;ok;843.00;843.00;+0.00%;5370.00;970.00;-81.94%;14.69%;Термометры, пирометры, тепловизоры;Так;*;Так;подешевшало на 81.9%
GM300E;Безконтактний інфрачервоний термометр (пірометр) -50-420° C ;ok;719.00;719.00;+0.00%;2090.00;830.00;-60.29%;14.69%;Термометры, пирометры, тепловизоры;Так;*;Так;подешевшало на 60.3%
GM300H;Безконтактний інфрачервоний термометр (пірометр) кол дисплей;ok;852.00;852.00;+0.00%;1090.00;980.00;-10.09%;14.69%;Термометры, пирометры, тепловизоры;Ні;*;Так;відсутній у фіді
GM3110;Вимірювач поверхневого опору BENETECH GM3110;ok;1165.00;1165.00;+0.00%;1700.00;1350.00;-20.59%;15.51%;Омметры;Ні;*;Так;відсутній у фіді + подешевшало на 20.6%
GM3123;Мегаомметр (0-99,9 ГΩ) BENETECH GM3123;ok;6259.00;6259.00;+0.00%;7800.00;7230.00;-7.31%;15.51%;Омметры;Ні;*;Так;відсутній у фіді
GM3125;Мегаомметр (0-1000 ГΩ) BENETECH GM3125;ok;9808.00;9808.00;+0.00%;12210.00;11330.00;-7.21%;15.51%;Омметры;Ні;*;Так;відсутній у фіді
GM320;Безконтактний інфрачервоний термометр (пірометр) -50-380° C ;ok;393.00;393.00;+0.00%;1080.00;460.00;-57.41%;14.69%;Термометры, пирометры, тепловизоры;Так;*;Так;подешевшало на 57.4%
GM510;Диференціальний мікроманометр USB ± 10 кПа BENETECH GM510;ok;2983.00;2983.00;+0.00%;41890.00;3440.00;-91.79%;15.24%;Манометры;Ні;*;Так;відсутній у фіді + подешевшало на 91.8%
GM511;Диференціальний мікроманометр USB ± 10 кПа BENETECH GM511;ok;3925.00;3925.00;+0.00%;6850.00;4530.00;-33.87%;15.24%;Манометры;Ні;*;Так;відсутній у фіді + подешевшало на 33.9%
GM530;Безконтактний інфрачервоний термометр (пірометр) -50-530° C ;ok;657.00;657.00;+0.00%;1290.00;760.00;-41.09%;14.69%;Термометры, пирометры, тепловизоры;Так;*;Так;подешевшало на 41.1%
GM531;Безконтактний інфрачервоний термометр (пірометр) -50-530° C ;ok;634.00;634.00;+0.00%;1530.00;730.00;-52.29%;14.69%;Термометры, пирометры, тепловизоры;Так;*;Так;подешевшало на 52.3%
GM533;Безконтактний інфрачервоний термометр (пірометр) кол дисплей;ok;634.00;634.00;+0.00%;850.00;730.00;-14.12%;14.69%;Термометры, пирометры, тепловизоры;Ні;*;Так;відсутній у фіді
GM550H;Безконтактний інфрачервоний термометр (пірометр) кол дисплей;ok;946.00;946.00;+0.00%;1200.00;1090.00;-9.17%;14.69%;Термометры, пирометры, тепловизоры;Ні;*;Так;відсутній у фіді
GM605;Вологомір деревини 0-41% (28 порід 4 типу) BENETECH GM605;ok;776.00;776.00;+0.00%;2100.00;890.00;-57.62%;14.51%;Влагомеры;Так;*;Так;подешевшало на 57.6%
GM610;Вологомір деревини + термогігрометр 2-70% (28 порід 4 типу) ;ok;1347.00;1347.00;+0.00%;2460.00;1550.00;-36.99%;14.51%;Влагомеры;Так;*;Так;подешевшало на 37.0%
GM62;Кабельний тестер (перешкодостійкий) BENETECH GM62;ok;1407.00;1407.00;+0.00%;1840.00;1610.00;-12.50%;13.81%;Кабельные тестеры, wi-fi тестеры;Ні;*;Так;відсутній у фіді
GM650;Портативний влагомер зерна (7,5~55%) BENETECH GM650;ok;965.00;965.00;+0.00%;3770.00;1110.00;-70.56%;14.51%;Влагомеры;Ні;*;Так;відсутній у фіді + подешевшало на 70.6%
GM650A;Портативний вологомір зерна Зонд 30см (7,5~55%) BENETECH GM6;ok;1151.00;1151.00;+0.00%;2010.00;1320.00;-34.33%;14.51%;Влагомеры;Так;*;Так;подешевшало на 34.3%
GM700;Безконтактний інфрачервоний термометр (пірометр) -50-750° C ;ok;1867.00;1867.00;+0.00%;7690.00;2150.00;-72.04%;14.69%;Термометры, пирометры, тепловизоры;Так;*;Так;подешевшало на 72.0%
GM760;Вимірювач кислотності та температури (pH-метр) 0-14 pH BENET;ok;1431.00;1431.00;+0.00%;2140.00;1650.00;-22.90%;15.00%;default;Так;*;Так;подешевшало на 22.9%
GM761;Вимірювач кислотності та температури (pH-метр) 0-14 pH BENET;ok;1684.00;1684.00;+0.00%;2120.00;1940.00;-8.49%;15.00%;default;Ні;*;Так;відсутній у фіді
GM86;Вимірювач споживання електроенергії (ватметр) 10A BENETECH G;ok;656.00;656.00;+0.00%;1620.00;760.00;-53.09%;15.00%;default;Так;*;Так;подешевшало на 53.1%
GM87;Вимірювач споживання електроенергії (ватметр) 1A BENETECH GM;ok;721.00;721.00;+0.00%;2420.00;830.00;-65.70%;15.00%;default;Ні;*;Так;відсутній у фіді + подешевшало на 65.7%
GM8801;Монітор формальдегіду (HCHO 0-50° C 10-90%) BENETECH GM8801;ok;4209.00;4209.00;+0.00%;5260.00;4830.00;-8.17%;14.69%;Газоанализаторы;Ні;*;Так;відсутній у фіді
GM8802;Монітор концентрації вуглекислого газу + термогігрометр (0-2;ok;9035.00;9035.00;+0.00%;16450.00;10370.00;-36.96%;14.69%;Газоанализаторы;Так;*;Так;подешевшало на 37.0%
GM8805;Детектор чадного газу CO + термометр (0-1000 ppm 0-50° C) BE;ok;3453.00;3453.00;+0.00%;4320.00;3970.00;-8.10%;14.69%;Газоанализаторы;Ні;*;Так;відсутній у фіді
GM8806;Газоаналізатор аміаку NH3+термометр (0-100 ppm 0-50 °C) BENE;ok;12004.00;12004.00;+0.00%;14940.00;13770.00;-7.83%;14.69%;Газоанализаторы;Ні;*;Так;відсутній у фіді
GP3J800;Знімач 3-х лапий 4-х позиційний L800 жовтий (ХЗСО) GP3J800;ok;6519.00;6519.00;+0.00%;8130.00;7480.00;-8.00%;14.60%;Съемники подшипников;Ні;*;Так;відсутній у фіді
GPAX1402;"Набір ключів комбінованих 14 шт 8-24"" Hi-Performance"" TOPTUL";ok;2358.00;2358.00;+0.00%;3430.00;2710.00;-20.99%;14.88%;Наборы ключей;Так;*;Так;подешевшало на 21.0%
GRAJ1501;Набір ріжкових ключів 15 шт 3,2-14мм 15°х75° TOPTUL GRAJ1501;ok;2515.00;2515.00;+0.00%;3150.00;2890.00;-8.25%;14.88%;Наборы ключей;Ні;*;Так;відсутній у фіді
GRTF-10PCS;Фільтри в верхній бачок пістолета фарбувального 10шт на бліс;ok;132.00;132.00;+0.00%;190.00;150.00;-21.05%;13.20%;Пневматические краскопульты;Так;*;Так;подешевшало на 21.1%
GSAB1401;Набір ключів комбінованих 7-24мм 14од на холдері TOPTUL GSAB;ok;2649.00;2649.00;+0.00%;3320.00;3050.00;-8.13%;14.88%;Наборы ключей;Ні;*;Так;відсутній у фіді
GT235;Товщиномір лакофарбових покриттів LCD-дисплей Fe/nFe 0-1800м;ok;4124.00;4124.00;+0.00%;6260.00;4690.00;-25.08%;13.71%;Толщиномеры;Так;*;Так;подешевшало на 25.1%
GT3251;Тепловізор від -20°С до 400°С матриця 32х32 чутливість 0,15°;ok;10865.00;10865.00;+0.00%;13530.00;12470.00;-7.83%;14.69%;Термометры, пирометры, тепловизоры;Ні;*;Так;відсутній у фіді
GT5105A;Вимірювач опору заземлення (0-2000 Ω) BENETECH GT5105A;ok;5471.00;5471.00;+0.00%;6830.00;6320.00;-7.47%;15.51%;Омметры;Ні;*;Так;відсутній у фіді
GT66;Кабельний тестер BENETECH GT66;ok;1380.00;1380.00;+0.00%;3740.00;1580.00;-57.75%;13.81%;Кабельные тестеры, wi-fi тестеры;Так;*;Так;подешевшало на 57.8%
GT67;Кабельний тестер (перешкодостійкий) BENETECH GT67;ok;1694.00;1694.00;+0.00%;2860.00;1930.00;-32.52%;13.81%;Кабельные тестеры, wi-fi тестеры;Так;*;Так;подешевшало на 32.5%
GT750;Безконтактний інфрачервоний термометр (пірометр) кол дисплей;ok;1566.00;1566.00;+0.00%;2760.00;1800.00;-34.78%;14.69%;Термометры, пирометры, тепловизоры;Так;*;Так;подешевшало на 34.8%
GT85;Тестер розеток с функцією перевірки ПЗВ BENETECH GT85;ok;429.00;429.00;+0.00%;820.00;490.00;-40.24%;13.81%;Кабельные тестеры, wi-fi тестеры;Так;*;Так;подешевшало на 40.2%
GT887NS-AL390 380V;"Шиномонтажний стенд (автомат захоплення диска від 10"" до 26""";ok;160072.00;160072.00;+0.00%;183150.00;183670.00;+0.28%;14.74%;Шиномонтажные станки;Ні;*;Так;відсутній у фіді
GT889NS-AL390 380V;"Шиномонтажний стенд (автомат захоплення диска від 11"" до 26""";ok;167156.00;167156.00;+0.00%;191260.00;191800.00;+0.28%;14.74%;Шиномонтажные станки;Ні;*;Так;відсутній у фіді
GTPH0110;Викрутка ударна хрестова PH1 x 100mm під ключ СТАНДАРТ GTPH0;ok;49.00;49.00;+0.00%;90.00;60.00;-33.33%;15.29%;Отвертки;Так;*;Так;подешевшало на 33.3%
GTPH0210;Викрутка ударна хрестова PH2 x 100mm під ключ СТАНДАРТ GTPH0;ok;54.00;54.00;+0.00%;100.00;70.00;-30.00%;15.29%;Отвертки;Так;*;Так;подешевшало на 30.0%
GTPH0215;Викрутка ударна хрестова PH2 x 150mm під ключ СТАНДАРТ GTPH0;ok;59.00;59.00;+0.00%;100.00;70.00;-30.00%;15.29%;Отвертки;Так;*;Так;подешевшало на 30.0%
GTPH0320;Викрутка ударна хрестова PH3 x 200mm під ключ СТАНДАРТ GTPH0;ok;78.00;78.00;+0.00%;130.00;90.00;-30.77%;15.29%;Отвертки;Так;*;Так;подешевшало на 30.8%
GTPH0325;Викрутка ударна хрестова PH3 x 250mm під ключ СТАНДАРТ GTPH0;ok;88.00;88.00;+0.00%;140.00;110.00;-21.43%;15.29%;Отвертки;Так;*;Так;подешевшало на 21.4%
GTPH0430;Викрутка ударна хрестова PH4 x 300mm під ключ СТАНДАРТ GTPH0;ok;111.00;111.00;+0.00%;170.00;130.00;-23.53%;15.29%;Отвертки;Так;*;Так;подешевшало на 23.5%
GTSL0510;Викрутка ударна шліц 5.0 x 100mm під ключ СТАНДАРТ GTSL0510;ok;52.00;52.00;+0.00%;90.00;60.00;-33.33%;15.29%;Отвертки;Ні;*;Так;відсутній у фіді + подешевшало на 33.3%
GTSL0610;Викрутка ударна шліц 6.0 x 100mm під ключ СТАНДАРТ GTSL0610;ok;54.00;54.00;+0.00%;100.00;70.00;-30.00%;15.29%;Отвертки;Так;*;Так;подешевшало на 30.0%
GTSL0615;Викрутка ударна шліц 6.0 x 150mm під ключ СТАНДАРТ GTSL0615;ok;63.00;63.00;+0.00%;110.00;80.00;-27.27%;15.29%;Отвертки;Ні;*;Так;відсутній у фіді + подешевшало на 27.3%
GTSL0820;Викрутка ударна шліц 8.0 x 200mm під ключ СТАНДАРТ GTSL0820;ok;84.00;84.00;+0.00%;140.00;100.00;-28.57%;15.29%;Отвертки;Ні;*;Так;відсутній у фіді + подешевшало на 28.6%
GTSL0825;Викрутка ударна шліц 8.0 x 250mm під ключ СТАНДАРТ GTSL0825;ok;103.00;103.00;+0.00%;160.00;120.00;-25.00%;15.29%;Отвертки;Так;*;Так;подешевшало на 25.0%
GTSL0930;Викрутка ударна шліц 9.5 x 300mm під ключ СТАНДАРТ GTSL0930;ok;127.00;127.00;+0.00%;190.00;150.00;-21.05%;15.29%;Отвертки;Ні;*;Так;відсутній у фіді + подешевшало на 21.1%
GVD4602;Набір ударних головок пневмогайковерт дин ключ (ложемент під;ok;23041.00;23041.00;+0.00%;28650.00;26540.00;-7.36%;15.17%;Наборы инструментов;Ні;*;Так;відсутній у фіді
GW10ST;Ключ комбінований з тріскачкою 10мм СТАНДАРТ GW10ST;ok;126.00;126.00;+0.00%;190.00;150.00;-21.05%;15.21%;Комбинированные ключи;Ні;*;Так;відсутній у фіді + подешевшало на 21.1%
GW17ST;Ключ комбінований з тріскачкою 17мм СТАНДАРТ GW17ST;ok;176.00;176.00;+0.00%;320.00;210.00;-34.38%;15.21%;Комбинированные ключи;Ні;*;Так;відсутній у фіді + подешевшало на 34.4%
GW19ST;Ключ комбінований з тріскачкою 19мм СТАНДАРТ GW19ST;ok;202.00;202.00;+0.00%;300.00;240.00;-20.00%;15.21%;Комбинированные ключи;Так;*;Так;подешевшало на 20.0%
GW8ST;Ключ комбінований з тріскачкою 8мм СТАНДАРТ GW8ST;ok;119.00;119.00;+0.00%;180.00;140.00;-22.22%;15.21%;Комбинированные ключи;Так;*;Так;подешевшало на 22.2%
GW9ST;Ключ комбінований з тріскачкою 9мм СТАНДАРТ GW9ST;ok;135.00;135.00;+0.00%;200.00;160.00;-20.00%;15.21%;Комбинированные ключи;Так;*;Так;подешевшало на 20.0%
H-1001A-1.4;Пістолет фарбувальний пневматичний HVLP верхній пластиковий ;ok;4789.00;4789.00;+0.00%;5980.00;5430.00;-9.20%;13.20%;Пневматические краскопульты;Ні;*;Так;відсутній у фіді
H-3000-PT-1.8;Пневмораспылитель HVLP 1,8 мм (для красконагнетательных бакі;ok;3753.00;3753.00;+0.00%;4690.00;4250.00;-9.38%;13.20%;Пневматические краскопульты;Ні;*;Так;відсутній у фіді
H-3003-DIGITAL-1.3;Пістолет фарбувальний пневматичний цифровий тип HVLP верхній;ok;5104.00;5104.00;+0.00%;6370.00;5780.00;-9.26%;13.20%;Пневматические краскопульты;Ні;*;Так;відсутній у фіді
H-3003-DIGITAL-1.3LM;Пістолет фарбувальний пневматичний цифровий тип LVMP верхній;ok;5104.00;5104.00;+0.00%;6740.00;5780.00;-14.24%;13.20%;Пневматические краскопульты;Ні;*;Так;відсутній у фіді
H-3003-DIGITAL-1.4;Пістолет фарбувальний пневматичний цифровий тип HVLP верхній;ok;5104.00;5104.00;+0.00%;6370.00;5780.00;-9.26%;13.20%;Пневматические краскопульты;Ні;*;Так;відсутній у фіді
H-3003-DIGITAL-1.4LM;Пістолет фарбувальний пневматичний цифровий тип LVMP верхній;ok;5104.00;5104.00;+0.00%;6740.00;5780.00;-14.24%;13.20%;Пневматические краскопульты;Ні;*;Так;відсутній у фіді
H-3003A-1.3LM;Пістолет фарбувальний пневматичний LVMP верхній пластиковий ;ok;4649.00;4649.00;+0.00%;6140.00;5270.00;-14.17%;13.20%;Пневматические краскопульты;Ні;*;Так;відсутній у фіді
H-3003A-1.4;Пістолет фарбувальний пневматичний HVLP верхній пластиковий ;ok;5347.00;5347.00;+0.00%;6670.00;6060.00;-9.15%;13.20%;Пневматические краскопульты;Ні;*;Так;відсутній у фіді
H-3003A-1.7;Пістолет фарбувальний пневматичний HVLP верхній пластиковий ;ok;5347.00;5347.00;+0.00%;6670.00;6060.00;-9.15%;13.20%;Пневматические краскопульты;Ні;*;Так;відсутній у фіді
H-3003A-1.7LM;Пістолет фарбувальний пневматичний LVMP верхній пластиковий ;ok;5347.00;5347.00;+0.00%;6670.00;6060.00;-9.15%;13.20%;Пневматические краскопульты;Ні;*;Так;відсутній у фіді
H-3003A-MINI-0.8;Пістолет фарбувальний пневматичний тип HVLP верхній пластико;ok;3541.00;3541.00;+0.00%;4430.00;4010.00;-9.48%;13.20%;Пневматические краскопульты;Ні;*;Так;відсутній у фіді
H-4004-1.3;Пістолет фарбувальний пневматичний HVLP верхній пластиковий ;ok;5762.00;5762.00;+0.00%;7190.00;6530.00;-9.18%;13.20%;Пневматические краскопульты;Ні;*;Так;відсутній у фіді
H-4004-1.3LM;Пістолет фарбувальний пневматичний LVMP верхній пластиковий ;ok;5762.00;5762.00;+0.00%;7190.00;6530.00;-9.18%;13.20%;Пневматические краскопульты;Ні;*;Так;відсутній у фіді
H-4004-1.4;Пістолет фарбувальний пневматичний HVLP верхній пластиковий ;ok;5762.00;5762.00;+0.00%;7190.00;6530.00;-9.18%;13.20%;Пневматические краскопульты;Ні;*;Так;відсутній у фіді
H-4004-1.4LM;Пістолет фарбувальний пневматичний LVMP верхній пластиковий ;ok;5762.00;5762.00;+0.00%;7560.00;6530.00;-13.62%;13.20%;Пневматические краскопульты;Ні;*;Так;відсутній у фіді
H-5000-DIGITAL-1.3;Пістолет фарбувальний пневматичний цифровий тип HVLP верхній;ok;9320.00;9320.00;+0.00%;12300.00;10560.00;-14.15%;13.20%;Пневматические краскопульты;Ні;*;Так;відсутній у фіді
H-5000-DIGITAL-1.3LM;Пістолет фарбувальний пневматичний цифровий тип LVMP верхній;ok;9320.00;9320.00;+0.00%;12300.00;10560.00;-14.15%;13.20%;Пневматические краскопульты;Ні;*;Так;відсутній у фіді
H-5000-DIGITAL-1.4;Пістолет фарбувальний пневматичний цифровий тип HVLP верхній;ok;9320.00;9320.00;+0.00%;11610.00;10560.00;-9.04%;13.20%;Пневматические краскопульты;Ні;*;Так;відсутній у фіді
H-5000-DIGITAL-1.4LM;Пістолет фарбувальний пневматичний цифровий тип LVMP верхній;ok;9320.00;9320.00;+0.00%;12300.00;10560.00;-14.15%;13.20%;Пневматические краскопульты;Ні;*;Так;відсутній у фіді
H-5005-1.3;Пістолет фарбувальний пневматичний HVLP верхній пластиковий ;ok;7323.00;7323.00;+0.00%;9670.00;8290.00;-14.27%;13.20%;Пневматические краскопульты;Ні;*;Так;відсутній у фіді
H-5005-1.3LM;Пістолет фарбувальний пневматичний LVMP верхній пластиковий ;ok;7323.00;7323.00;+0.00%;9670.00;8290.00;-14.27%;13.20%;Пневматические краскопульты;Ні;*;Так;відсутній у фіді
H-5005-1.4;Пістолет фарбувальний пневматичний HVLP верхній пластиковий ;ok;7323.00;7323.00;+0.00%;9130.00;8290.00;-9.20%;13.20%;Пневматические краскопульты;Ні;*;Так;відсутній у фіді
H-5005-1.4LM;Пістолет фарбувальний пневматичний LVMP верхній пластиковий ;ok;7323.00;7323.00;+0.00%;9670.00;8290.00;-14.27%;13.20%;Пневматические краскопульты;Ні;*;Так;відсутній у фіді
H-923-1.3;Пістолет фарбувальний пневматичний тип HVLP верхній пластико;ok;3124.00;3124.00;+0.00%;5760.00;3540.00;-38.54%;13.20%;Пневматические краскопульты;Так;*;Так;подешевшало на 38.5%
H625;"Степлер пневматичний під шпильку (0.64; 12-25) Ga23 (запасни";ok;1565.00;1903.00;+21.60%;6610.00;2110.00;-68.08%;10.63%;Пневматические степлеры;Так;*;Так;подешевшало на 68.1%
HAAG2028;Молоток каменяра (кирка) TOPTUL HAAG2028;ok;694.00;694.00;+0.00%;890.00;790.00;-11.24%;13.55%;Молотки, кувалды, киянки;Ні;*;Так;відсутній у фіді
HBAA0212;Виколотка 2 х 120 мм TOPTUL HBAA0212;ok;87.00;87.00;+0.00%;140.00;110.00;-21.43%;15.34%;Пробойники, зубила, бородки;Так;*;Так;подешевшало на 21.4%
HBAA0313;Виколотка 3 х 130 мм TOPTUL HBAA0313;ok;87.00;87.00;+0.00%;140.00;110.00;-21.43%;15.34%;Пробойники, зубила, бородки;Так;*;Так;подешевшало на 21.4%
HBAA0415;Виколотка 4 х 150 мм TOPTUL HBAA0415;ok;99.00;99.00;+0.00%;150.00;120.00;-20.00%;15.34%;Пробойники, зубила, бородки;Так;*;Так;подешевшало на 20.0%
HBAA0516;Виколотка 5 х 160 мм TOPTUL HBAA0516;ok;104.00;104.00;+0.00%;160.00;120.00;-25.00%;15.34%;Пробойники, зубила, бородки;Так;*;Так;подешевшало на 25.0%
HBAA0618;Виколотка 6 х 180 мм TOPTUL HBAA0618;ok;138.00;138.00;+0.00%;200.00;160.00;-20.00%;15.34%;Пробойники, зубила, бородки;Так;*;Так;подешевшало на 20.0%
HBAB0219;Пробійник конічний в захисному чохлі2 х 185 мм TOPTUL HBAB02;ok;199.00;199.00;+0.00%;280.00;230.00;-17.86%;15.34%;Пробойники, зубила, бородки;Ні;*;Так;відсутній у фіді
HBAB0414;Пробійник конічний 4 х 140 мм TOPTUL HBAB0414;ok;96.00;96.00;+0.00%;150.00;120.00;-20.00%;15.34%;Пробойники, зубила, бородки;Так;*;Так;подешевшало на 20.0%
HBAC0412;Кернер 4 х 120 мм TOPTUL HBAC0412;ok;88.00;88.00;+0.00%;140.00;110.00;-21.43%;15.34%;Пробойники, зубила, бородки;Так;*;Так;подешевшало на 21.4%
HBAC0513;Кернер 5 х 130 мм TOPTUL HBAC0513;ok;92.00;92.00;+0.00%;140.00;110.00;-21.43%;15.34%;Пробойники, зубила, бородки;Так;*;Так;подешевшало на 21.4%
HBP0501;Знімач підшипників маточини ВАЗ 2101-2107 (ХЗСО) ПОДШСТЖ HBP;ok;699.00;699.00;+0.00%;900.00;810.00;-10.00%;14.60%;Съемники подшипников;Ні;*;Так;відсутній у фіді
HCAB1014;Зубило 10 х 140 мм TOPTUL HCAB1014;ok;90.00;90.00;+0.00%;140.00;110.00;-21.43%;15.34%;Пробойники, зубила, бородки;Так;*;Так;подешевшало на 21.4%
HCRT0070;Прес-кліщі гідравлічні YQK-70 (4-70мм ²) для опресовування к;ok;2678.00;2678.00;+0.00%;3360.00;2970.00;-11.61%;10.63%;Ручные обжимные инструменты;Ні;*;Так;відсутній у фіді
HCRT0240;Прес-кліщі гідравлічні YQK-240 (16-240мм ²) для опресовуванн;ok;2953.00;2953.00;+0.00%;3700.00;3270.00;-11.62%;10.63%;Ручные обжимные инструменты;Ні;*;Так;відсутній у фіді
HCRT0300;Прес-кліщі гідравлічні YQK-300 (16-300мм ²) для опресовуванн;ok;3090.00;3090.00;+0.00%;3870.00;3420.00;-11.63%;10.63%;Ручные обжимные инструменты;Ні;*;Так;відсутній у фіді
HCRT0400;Прес-кліщі гідравлічні KYQ-400 (16-400 мм²) для опресовуванн;ok;8567.00;8567.00;+0.00%;10670.00;9480.00;-11.15%;10.63%;Ручные обжимные инструменты;Ні;*;Так;відсутній у фіді
HD-855;Вакуумний відбір масла GIKRAFT;ok;48972.00;48972.00;+0.00%;93520.00;55800.00;-40.33%;13.94%;Оборудование для замены масел и смазок;Ні;*;Так;відсутній у фіді + подешевшало на 40.3%
HF-0302;Ліхтар світлодіодний (LED) гнучкий HANDS FREE з магнитом (Ma;ok;845.00;845.00;+0.00%;2290.00;980.00;-57.21%;15.00%;default;Так;*;Так;подешевшало на 57.2%
HKS0701;Набір шестигранників Г-подібних 7 од СТАНДАРТ HKS0701;ok;79.00;79.00;+0.00%;970.00;100.00;-89.69%;15.27%;Шестигранные ключи;Так;*;Так;подешевшало на 89.7%
HKS0901;Набір шестигранників Г-подібних 9 од СТАНДАРТ HKS0901;ok;90.00;90.00;+0.00%;140.00;110.00;-21.43%;15.27%;Шестигранные ключи;Так;*;Так;подешевшало на 21.4%
HKS0902;Набір шестигранників Г-подібних довгих 9 од СТАНДАРТ HKS0902;ok;111.00;111.00;+0.00%;170.00;130.00;-23.53%;15.27%;Шестигранные ключи;Так;*;Так;подешевшало на 23.5%
HKS0903;Набір шестигранників Г-подібних довгих з шаром 9 од СТАНДАРТ;ok;110.00;110.00;+0.00%;160.00;130.00;-18.75%;14.88%;Наборы ключей;Ні;*;Так;відсутній у фіді
HM-16L;Піддон для зливу масла 16л;ok;440.00;440.00;+0.00%;1840.00;510.00;-72.28%;13.94%;Оборудование для замены масел и смазок;Так;*;Так;подешевшало на 72.3%
HMF0101;Кромкогиб ХЗСО) КРГИБ HMF0101;ok;924.00;924.00;+0.00%;1180.00;1070.00;-9.32%;15.34%;Пробойники, зубила, бородки;Ні;*;Так;відсутній у фіді
HNST0024;Гайколом ручний гідравлічний СТАНДАРТ HNST0024;ok;3860.00;3860.00;+0.00%;4820.00;4390.00;-8.92%;13.55%;Секторные ножницы, тросорезы;Ні;*;Так;відсутній у фіді
HNST0024A;Гайколом ручний гідравлічний СТАНДАРТ HNST0024A;ok;5210.00;5210.00;+0.00%;6500.00;5920.00;-8.92%;13.55%;Секторные ножницы, тросорезы;Ні;*;Так;відсутній у фіді
HPT30GP;Рокла 3.0т висота підйому 85-200мм вила 1150*540мм PU ролики;ok;15400.00;15400.00;+0.00%;19160.00;17710.00;-7.57%;15.00%;default;Ні;*;Так;відсутній у фіді
HRC04-04;Двусторонний соединитель на шланг (латунь) 6*6мм AIRKRAFT HR;ok;24.00;25.00;+4.17%;170.00;40.00;-76.47%;15.00%;default;Так;*;Так;подешевшало на 76.5%
HRC04-05;Двусторонний соединитель на шланг (латунь) 6*8мм AIRKRAFT HR;ok;37.00;43.00;+16.22%;70.00;50.00;-28.57%;14.33%;Комплектующие и запчасти для инструмента;Так;*;Так;подешевшало на 28.6%
HRC05-05;Двусторонний соединитель на шланг (латунь) 8*8мм AIRKRAFT HR;ok;27.00;31.00;+14.81%;190.00;40.00;-78.95%;15.00%;default;Так;*;Так;подешевшало на 78.9%
HRC05-06;Двусторонний соединитель на шланг (латунь) 8*10мм AIRKRAFT H;ok;31.00;36.00;+16.13%;70.00;50.00;-28.57%;14.33%;Комплектующие и запчасти для инструмента;Ні;*;Так;відсутній у фіді + подешевшало на 28.6%
HRC06-06;Двусторонний соединитель на шланг (латунь) 10*10мм AIRKRAFT ;ok;33.00;40.00;+21.21%;70.00;50.00;-28.57%;10.63%;Компоненты пневматики;Так;*;Так;подешевшало на 28.6%
HRC06-08;Двусторонний соединитель на шланг (латунь) 10*12мм AIRKRAFT ;ok;37.00;42.00;+13.51%;70.00;50.00;-28.57%;15.00%;default;Так;*;Так;подешевшало на 28.6%
HRC08-08;Двусторонний соединитель на шланг (латунь) 12*12мм AIRKRAFT ;ok;44.00;52.00;+18.18%;110.00;60.00;-45.45%;15.00%;default;Так;*;Так;подешевшало на 45.5%
HRF0200;Напилок напівкруглий 200мм СТАНДАРТ HRF0200;ok;97.00;97.00;+0.00%;150.00;120.00;-20.00%;13.55%;Напильники и надфили;Так;*;Так;подешевшало на 20.0%
HS-B1037;Комплект шил для ремонту автомобільних покришок HESHITOOLS H;ok;279.00;279.00;+0.00%;370.00;320.00;-13.51%;13.94%;Инструменты для ремонта и восстановления шин;Ні;*;Так;відсутній у фіді
HS-E1088A;Знімач масляного фільтра ланцюгової з ручкою;ok;318.00;318.00;+0.00%;420.00;370.00;-11.90%;14.60%;Съемники автомобильных фильтров;Ні;*;Так;відсутній у фіді
HS-E2010;Набір оправ для зняття/установки підшипників і сальників (10;ok;1271.00;1271.00;+0.00%;1610.00;1460.00;-9.32%;14.60%;Съемники подшипников;Ні;*;Так;відсутній у фіді
HS-E3408-12;"Кліщі для перетискання трубопроводів 12"" HESHITOOLS HS-E3408";ok;628.00;628.00;+0.00%;810.00;730.00;-9.88%;15.00%;default;Ні;*;Так;відсутній у фіді
HS-E3463;Комплект для зняття/установлення кульових опор універсальний;ok;3465.00;3465.00;+0.00%;4330.00;3980.00;-8.08%;14.60%;Механические съемники;Ні;*;Так;відсутній у фіді
HS-E3464;Знімач фільтрів ланцюговий під ключ/комір HESHITOOLS HS-E346;ok;303.00;303.00;+0.00%;400.00;350.00;-12.50%;14.60%;Съемники автомобильных фильтров;Ні;*;Так;відсутній у фіді
HSA2530;Ножівка по металу з металевою ручкою рег рамка для полотен 2;ok;163.00;163.00;+0.00%;230.00;190.00;-17.39%;15.00%;default;Ні;*;Так;відсутній у фіді
HSP0300;Ножівка по металу професійна для полотен 300мм СТАНДАРТ;ok;358.00;358.00;+0.00%;470.00;420.00;-10.64%;15.00%;default;Ні;*;Так;відсутній у фіді
IABA0150;"Лінійка з нержавіючої сталі 150мм/6"" TOPTUL IABA0150";ok;44.00;44.00;+0.00%;80.00;60.00;-25.00%;15.00%;default;Так;*;Так;подешевшало на 25.0%
IABA0300;"Лінійка з нержавіючої сталі 300мм/12"" TOPTUL IABA0300";ok;103.00;103.00;+0.00%;160.00;120.00;-25.00%;15.00%;default;Так;*;Так;подешевшало на 25.0%
IBA-300;Тестер акумуляторних батарей;ok;18552.00;18552.00;+0.00%;23080.00;21210.00;-8.10%;14.29%;Тестеры для аккумуляторов;Ні;*;Так;відсутній у фіді
ICEMK003;Набір моториста (ХЗСО) НАБМОТ ICEMK003;ok;1010.00;1010.00;+0.00%;1280.00;1170.00;-8.59%;15.00%;default;Ні;*;Так;відсутній у фіді
IDC0106;"Бокорізи 6"" ізольовані ручки 1000 В СТАНДАРТ";ok;160.00;160.00;+0.00%;230.00;190.00;-17.39%;13.65%;Бокорезы, кусачки;Ні;*;Так;відсутній у фіді
IEB007068;Пристрій для тарирування динамометричних ключів 6,8-68Nm TOP;ok;43193.00;43193.00;+0.00%;53690.00;49820.00;-7.21%;15.34%;Динамометрические ключи;Ні;*;Так;відсутній у фіді
ILN0106;"Плоскогубці з подовженими губками 6"" ізольовані ручки 1000 В";ok;140.00;140.00;+0.00%;200.00;160.00;-20.00%;13.65%;Пассатижи, плоскогубцы, тонкогубцы;Так;*;Так;подешевшало на 20.0%
IND-1000W;Індукційний нагрівач 1000W;ok;19184.00;19184.00;+0.00%;23860.00;22010.00;-7.75%;14.73%;Паяльники;Ні;*;Так;відсутній у фіді
IPRT25TD;Знімач ТНВД (BMW Opel Omega B 2.5TD) (ХЗСО) СТНВД IPRT25TD;ok;810.00;810.00;+0.00%;1030.00;930.00;-9.71%;14.60%;Механические съемники;Ні;*;Так;відсутній у фіді
IPS-2002;Інверторний зарядний пристрій 12V макс струм 20A 220V PROTES;ok;5720.00;5720.00;+0.00%;9410.00;6580.00;-30.07%;15.00%;default;Так;*;Так;подешевшало на 30.1%
IPS-3502;Інверторний зарядний пристрій 12V макс струм 35A 220V (перес;ok;24200.00;24200.00;+0.00%;30090.00;27830.00;-7.51%;15.00%;default;Ні;*;Так;відсутній у фіді
ISDS0601;Набір викруток (1000V) 6од СТАНДАРТ ISDS0601;ok;410.00;410.00;+0.00%;540.00;480.00;-11.11%;15.29%;Отвертки;Ні;*;Так;відсутній у фіді
ISPH0110;Викрутка хрестова PH1 x 100mm ізольована (1000В) СТАНДАРТ;ok;40.00;40.00;+0.00%;80.00;50.00;-37.50%;15.29%;Отвертки;Так;*;Так;подешевшало на 37.5%
ISPH0210;Викрутка хрестова PH2x 100mm ізольована (1000В) СТАНДАРТ;ok;48.00;48.00;+0.00%;90.00;60.00;-33.33%;15.29%;Отвертки;Ні;*;Так;відсутній у фіді + подешевшало на 33.3%
ISSL0410;Викрутка шліцева 4.0 x 100mm ізольована (1000В) СТАНДАРТ;ok;39.00;39.00;+0.00%;80.00;50.00;-37.50%;15.29%;Отвертки;Так;*;Так;подешевшало на 37.5%
ISSL0512;Викрутка шліцева 5.0 x 125mm ізольована (1000В) СТАНДАРТ;ok;44.00;44.00;+0.00%;80.00;60.00;-25.00%;15.29%;Отвертки;Так;*;Так;подешевшало на 25.0%
ISSL0615;Викрутка шліцева 6.0 x 150mm ізольована (1000В) СТАНДАРТ;ok;48.00;48.00;+0.00%;90.00;60.00;-33.33%;15.29%;Отвертки;Ні;*;Так;відсутній у фіді + подешевшало на 33.3%
ITGS0020;Різьбомір (дюймовий) PROTESTER ITGS0020;ok;52.00;52.00;+0.00%;90.00;60.00;-33.33%;15.00%;default;Так;*;Так;подешевшало на 33.3%
J20;Дальномер лазерный/рулетка 2-в-1 5м/20м PROTESTER J20;ok;1344.00;1344.00;+0.00%;2300.00;1550.00;-32.61%;14.97%;Лазерные дальномеры;Ні;*;Так;відсутній у фіді + подешевшало на 32.6%
JBAF2450;"Клепальник Pro-Series 2,4(3/32"") 3,2(1/8"") 4,0(5/32"") 4,8(3/";ok;1113.00;1113.00;+0.00%;1780.00;1240.00;-30.34%;10.63%;Ручные заклепочники;Так;*;Так;подешевшало на 30.3%
JCAB2208;Монтировка шиномонтажне 200мм TOPTUL JCAB2208;ok;191.00;191.00;+0.00%;290.00;220.00;-24.14%;13.94%;Инструменты для ремонта и восстановления шин;Так;*;Так;подешевшало на 24.1%
JCDE0908;"Монтировка з тріскачкою 9"" TOPTUL JCDE0908";ok;822.00;822.00;+0.00%;1050.00;940.00;-10.48%;13.94%;Инструменты для ремонта и восстановления шин;Ні;*;Так;відсутній у фіді
JCDE1212;"Монтировка з тріскачкою 12"" TOPTUL JCDE1212";ok;877.00;877.00;+0.00%;1120.00;1000.00;-10.71%;13.94%;Инструменты для ремонта и восстановления шин;Ні;*;Так;відсутній у фіді
JCDE1515;"Монтировка з тріскачкою 15"" TOPTUL JCDE1515";ok;987.00;987.00;+0.00%;1250.00;1130.00;-9.60%;13.94%;Инструменты для ремонта и восстановления шин;Ні;*;Так;відсутній у фіді
JCDF2425;"Монтировка з тріскачкою 24"" TOPTUL JCDF2425";ok;2719.00;2719.00;+0.00%;3410.00;3100.00;-9.09%;13.94%;Инструменты для ремонта и восстановления шин;Ні;*;Так;відсутній у фіді
JCM-0401;Лежак автослюсаря підкатний пластиковий Pro-Series TOPTUL JC;ok;6586.00;6586.00;+0.00%;8690.00;7510.00;-13.58%;13.94%;Лежаки автослесарные подкатные;Ні;*;Так;відсутній у фіді
JDAH8616;"Знімач масляного фільтра ""чашка"" 86мм/16гр (Volvo BMW) TOPTU";ok;201.00;201.00;+0.00%;360.00;240.00;-33.33%;14.60%;Съемники автомобильных фильтров;Так;*;Так;подешевшало на 33.3%
JDAU8595;Знімач м / фільтра сталева стрічка 85-95мм TOPTUL JDAU8595;ok;360.00;360.00;+0.00%;480.00;420.00;-12.50%;14.60%;Съемники автомобильных фильтров;Ні;*;Так;відсутній у фіді
JDAU95B0;Знімач м / фільтра сталева стрічка 95-110мм TOPTUL JDAU95B0;ok;360.00;360.00;+0.00%;480.00;420.00;-12.50%;14.60%;Съемники автомобильных фильтров;Ні;*;Так;відсутній у фіді
JDBA60G0R;Знімач м/фільтру ланцюговий з шарніром 60-160мм TOPTUL JDBA6;ok;1855.00;1855.00;+0.00%;7600.00;2130.00;-71.97%;14.60%;Съемники автомобильных фильтров;Так;*;Так;подешевшало на 72.0%
JDBU0210;"Пристосування типу ""монета"" для перевірки зазору між елетрод";ok;80.00;80.00;+0.00%;130.00;100.00;-23.08%;15.34%;Динамометрические ключи;Так;*;Так;подешевшало на 23.1%
JFAB0233;Молоток рихтувальний TOPTUL JFAB0233;ok;1070.00;1070.00;+0.00%;1360.00;1220.00;-10.29%;13.55%;Молотки, кувалды, киянки;Ні;*;Так;відсутній у фіді
JFCC0140;Рихтувальне пристосування TOPTUL JFCC0140;ok;1658.00;1658.00;+0.00%;2090.00;1910.00;-8.61%;15.00%;default;Ні;*;Так;відсутній у фіді
JFDE0105;Захват для кузовних робіт однофункційний 5 тонн C601 JTC TOP;ok;5080.00;5080.00;+0.00%;6340.00;5850.00;-7.73%;15.00%;default;Ні;*;Так;відсутній у фіді
JGAE0203;"Шприц-маслянка пістолетного типу з гнучким шлагом 12 "" TOPTU";ok;1343.00;1343.00;+0.00%;1700.00;1540.00;-9.41%;13.94%;Шприцы маслянные и смазочные;Ні;*;Так;відсутній у фіді
JJAU0418;Ендоскоп TOPTUL JJAU0418;ok;27372.00;27372.00;+0.00%;34030.00;30920.00;-9.14%;12.96%;Технические эндоскопы, видеоскопы;Ні;*;Так;відсутній у фіді
JJAV0112;Пінцет 117 мм TOPTUL JJAV0112;ok;95.00;95.00;+0.00%;150.00;110.00;-26.67%;13.65%;Монтажные пинцеты;Так;*;Так;подешевшало на 26.7%
JJAV0212;Пінцет 120мм TOPTUL JJAV0212;ok;85.00;85.00;+0.00%;130.00;100.00;-23.08%;13.65%;Монтажные пинцеты;Так;*;Так;подешевшало на 23.1%
JJAV0312;Пінцет 115мм TOPTUL JJAV0312;ok;85.00;85.00;+0.00%;130.00;100.00;-23.08%;13.65%;Монтажные пинцеты;Так;*;Так;подешевшало на 23.1%
JJAV0411;Пінцет 110мм TOPTUL JJAV0411;ok;85.00;85.00;+0.00%;130.00;100.00;-23.08%;13.65%;Монтажные пинцеты;Так;*;Так;подешевшало на 23.1%
JJBA1402;Шприц-маслянка пістолетного типу TOPTUL JJBA1402;ok;1162.00;1162.00;+0.00%;1470.00;1330.00;-9.52%;13.94%;Шприцы маслянные и смазочные;Ні;*;Так;відсутній у фіді
JLAB0435;Лінза до ендоскопу 35 ° TOPTUL JLAB0435;ok;2234.00;2234.00;+0.00%;2800.00;2530.00;-9.64%;12.96%;Ендоскопи;Ні;*;Так;відсутній у фіді
JLAB0445;Лінза до ендоскопу 45 ° TOPTUL JLAB0445;ok;2234.00;2234.00;+0.00%;2800.00;2530.00;-9.64%;12.96%;Ендоскопи;Ні;*;Так;відсутній у фіді
JLAB0460;Лінза до ендоскопу 60 ° TOPTUL JLAB0460;ok;2234.00;2234.00;+0.00%;2800.00;2530.00;-9.64%;12.96%;Ендоскопи;Ні;*;Так;відсутній у фіді
JLAD0406;Магніт до ендоскопу TOPTUL JLAD0406;ok;2234.00;2234.00;+0.00%;2800.00;2530.00;-9.64%;12.96%;Ендоскопи;Ні;*;Так;відсутній у фіді
JLBJ1035;Болт з гайкою M10 (L350mm) для JGAI2701 TOPTUL JLBJ1035;ok;1635.00;1635.00;+0.00%;2060.00;1890.00;-8.25%;15.00%;default;Ні;*;Так;відсутній у фіді
JQ30;Лазерний далекомір 30 м PROTESTER JQ30;ok;1173.00;1173.00;+0.00%;4560.00;1350.00;-70.39%;14.97%;Лазерные дальномеры;Ні;*;Так;відсутній у фіді + подешевшало на 70.4%
JRMR0107;Знімач хрестовин ВАЗ 2101-2107 (ХЗСО) СККРЕСТ JRMR0107;ok;726.00;726.00;+0.00%;930.00;840.00;-9.68%;14.60%;Механические съемники;Ні;*;Так;відсутній у фіді
K-103;Шприц-маслянка натискного типу 100мл;ok;543.00;543.00;+0.00%;1050.00;620.00;-40.95%;13.94%;Шприцы маслянные и смазочные;Так;*;Так;подешевшало на 41.0%
K-200-1.7;Пістолет фарбувальний пневматичний тип LVMP нижній металевий;ok;1611.00;1611.00;+0.00%;2910.00;1830.00;-37.11%;13.20%;Пневматические краскопульты;Так;*;Так;подешевшало на 37.1%
K-3-0.5;Пістолет фарбувальний пневматичний тип HP верхній металевий ;ok;495.00;495.00;+0.00%;1550.00;570.00;-63.23%;13.20%;Пневматические краскопульты;Так;*;Так;подешевшало на 63.2%
K-350-1.0;Пістолет фарбувальний пневматичний тип LVMP верхній пластико;ok;931.00;931.00;+0.00%;6830.00;1060.00;-84.48%;13.20%;Пневматические краскопульты;Так;*;Так;подешевшало на 84.5%
K-401-9;"Гнучкий шланг з накінечником до шприц-маслянки 9"" (L230mm)";ok;194.00;194.00;+0.00%;270.00;230.00;-14.81%;13.94%;Оборудование для замены масел и смазок;Ні;*;Так;відсутній у фіді
K-403A;Трубка металева (зігнута) з наконечником для шприців GIKRAFT;ok;156.00;156.00;+0.00%;2110.00;180.00;-91.47%;13.94%;Оборудование для замены масел и смазок;Так;*;Так;подешевшало на 91.5%
K-403B;Трубка металева (пряма) з наконечником для шприців GIKRAFT K;ok;153.00;153.00;+0.00%;2150.00;180.00;-91.63%;13.94%;Оборудование для замены масел и смазок;Так;*;Так;подешевшало на 91.6%
K-405H;Накінечник шприца з кульковим клапаном(4-затискної підвищено;ok;113.00;113.00;+0.00%;290.00;130.00;-55.17%;13.94%;Шприцы маслянные и смазочные;Так;*;Так;подешевшало на 55.2%
K-410;Набір аксесуарів для шприц-маслянки 7од;ok;2259.00;2259.00;+0.00%;3480.00;2580.00;-25.86%;13.94%;Шприцы маслянные и смазочные;Так;*;Так;подешевшало на 25.9%
K-495;Насос масляний для бочок;ok;2062.00;2062.00;+0.00%;4330.00;2380.00;-45.03%;15.00%;default;Так;*;Так;подешевшало на 45.0%
K-501;Шприц маслозаливний 500мл (гнучкий кінцевик);ok;810.00;810.00;+0.00%;1540.00;930.00;-39.61%;13.94%;Оборудование для замены масел и смазок;Так;*;Так;подешевшало на 39.6%
K60;Далекомір лазерний 60м PROTESTER K60;ok;1785.00;1785.00;+0.00%;5650.00;2060.00;-63.54%;14.97%;Лазерные дальномеры;Ні;*;Так;відсутній у фіді + подешевшало на 63.5%
KAAC1660;"Гайковерт для автосервісу TOPTUL 1/2"" 813N/m 8000об/хв KAAC1";ok;5553.00;5553.00;+0.00%;6930.00;6130.00;-11.54%;10.38%;Пневматические гайковерты;Ні;*;Так;відсутній у фіді
KAAD3216;"Пневмогайковерт 1 ""композитний корпус 2170N / m 6,62кг (довг";ok;34648.00;34648.00;+0.00%;43070.00;38250.00;-11.19%;10.38%;Пневматические гайковерты;Ні;*;Так;відсутній у фіді
KAAL1610;"Тріскачка пневматична 1/2 ""136N/m 600об/хв TOPTUL KAAL1610";ok;9824.00;9824.00;+0.00%;12230.00;10850.00;-11.28%;10.38%;Пневматические гайковерты;Ні;*;Так;відсутній у фіді
KAAM1606;"Пневмогайковерт 1/2 ""90-814N / m 8000об / хв 2,15кг для шино";ok;10978.00;10978.00;+0.00%;13670.00;12120.00;-11.34%;10.38%;Пневматические гайковерты;Ні;*;Так;відсутній у фіді
KABA1608;"Головка торцева ударна 1/2"" 8мм TOPTUL KABA1608";ok;89.00;89.00;+0.00%;140.00;110.00;-21.43%;15.14%;Торцевые головки;Так;*;Так;подешевшало на 21.4%
KABA1610;"Головка торцева ударна 1/2"" 10мм TOPTUL KABA1610";ok;89.00;89.00;+0.00%;140.00;110.00;-21.43%;15.14%;Торцевые головки;Так;*;Так;подешевшало на 21.4%
KABA1611;"Головка торцева ударна 1/2"" 11мм TOPTUL KABA1611";ok;89.00;89.00;+0.00%;140.00;110.00;-21.43%;15.14%;Торцевые головки;Так;*;Так;подешевшало на 21.4%
KABA1612;"Головка торцева ударна 1/2"" 12мм TOPTUL KABA1612";ok;89.00;89.00;+0.00%;140.00;110.00;-21.43%;15.14%;Торцевые головки;Так;*;Так;подешевшало на 21.4%
KABA1613;"Головка торцева ударна 1/2"" 13мм TOPTUL KABA1613";ok;89.00;89.00;+0.00%;140.00;110.00;-21.43%;15.14%;Торцевые головки;Так;*;Так;подешевшало на 21.4%
KABA1614;"Головка торцева ударна 1/2"" 14мм TOPTUL KABA1614";ok;89.00;89.00;+0.00%;140.00;110.00;-21.43%;15.14%;Торцевые головки;Так;*;Так;подешевшало на 21.4%
KABA1618;"Головка торцева ударна 1/2"" 18мм TOPTUL KABA1618";ok;117.00;117.00;+0.00%;180.00;140.00;-22.22%;15.14%;Торцевые головки;Так;*;Так;подешевшало на 22.2%
KABA1622;"Головка торцева ударна 1/2"" 22мм TOPTUL KABA1622";ok;135.00;135.00;+0.00%;200.00;160.00;-20.00%;15.14%;Торцевые головки;Так;*;Так;подешевшало на 20.0%
KABA4850;"Головка торцева ударна 1-1/2"" 50мм TOPTUL KABA4850";ok;5116.00;5116.00;+0.00%;6380.00;5900.00;-7.52%;15.14%;Торцевые головки;Ні;*;Так;відсутній у фіді
KABA4880;"Головка торцева ударна 1-1/2"" 80мм TOPTUL KABA4880";ok;8545.00;8545.00;+0.00%;10640.00;9840.00;-7.52%;15.14%;Торцевые головки;Ні;*;Так;відсутній у фіді
KABA4885;"Головка торцева ударна 1-1/2"" 85мм TOPTUL KABA4885";ok;9286.00;9286.00;+0.00%;14030.00;10700.00;-23.73%;15.14%;Торцевые головки;Ні;*;Так;відсутній у фіді + подешевшало на 23.7%
KABC1622;"Головка ударна довга 1/2"" для шиномонтажу 22мм TOPTUL KABC16";ok;359.00;359.00;+0.00%;470.00;420.00;-10.64%;15.14%;Торцевые головки;Ні;*;Так;відсутній у фіді
KABR1613;Головка торцева ударна низькопрофільна з 6-гр хвостовиком 1/;ok;120.00;120.00;+0.00%;180.00;140.00;-22.22%;15.14%;Торцевые головки;Так;*;Так;подешевшало на 22.2%
KABR1617;Головка торцева ударна низькопрофільна з 6-гр хвостовиком 1/;ok;128.00;128.00;+0.00%;190.00;150.00;-21.05%;15.14%;Торцевые головки;Так;*;Так;подешевшало на 21.1%
KACA1208;"Перехідник ударний 3/8"" х1/4"" TOPTUL KACA1208";ok;104.00;104.00;+0.00%;160.00;120.00;-25.00%;15.14%;Торцевые головки;Так;*;Так;подешевшало на 25.0%
KACU3212;"Ударний карданний подовжувач 1"" TOPTUL KACU3212";ok;1810.00;1810.00;+0.00%;2280.00;2090.00;-8.33%;15.14%;Торцевые головки;Ні;*;Так;відсутній у фіді
KAGA0204;"Продувний пістолет 4 "" TOPTUL KAGA0204";ok;220.00;220.00;+0.00%;300.00;250.00;-16.67%;10.63%;Пневматические продувочные пистолеты;Ні;*;Так;відсутній у фіді
KAGA0210;"Продувний пістолет 10 "" KAGA1910 TOPTUL KAGA0210";ok;289.00;289.00;+0.00%;390.00;320.00;-17.95%;10.63%;Пневматические продувочные пистолеты;Ні;*;Так;відсутній у фіді
KAJC21B1;Ніж змінний до пневмоножа для зрізання скла KBHA0120 TOPTUL ;ok;820.00;820.00;+0.00%;1050.00;940.00;-10.48%;14.33%;Комплектующие и запчасти для инструмента;Ні;*;Так;відсутній у фіді
KAKC0595;"Шліфмашинка кутова пневматична 5"" (125мм 9500об/хв) Heavy Du";ok;7172.00;7172.00;+0.00%;8940.00;7930.00;-11.30%;10.47%;Пневмошлифмашины;Ні;*;Так;відсутній у фіді
KALB1501;Маслянка TOPTUL KALB1501;ok;42.00;42.00;+0.00%;80.00;50.00;-37.50%;14.33%;Комплектующие и запчасти для инструмента;Так;*;Так;подешевшало на 37.5%
KALC081E;"Перехідник ""тато"" 1/4 ""зовнішня різьба"" TOPTUL KALC081E";ok;48.00;48.00;+0.00%;90.00;60.00;-33.33%;15.00%;default;Так;*;Так;подешевшало на 33.3%
KALD0302E;Акумулятор для гайковерта 18V TOPTUL KALD0302E;ok;5145.00;5145.00;+0.00%;6420.00;5890.00;-8.26%;14.33%;Комплектующие и запчасти для инструмента;Ні;*;Так;відсутній у фіді
KB19ST;Ключ балонний з лопаткою 19мм СТАНДАРТ;ok;125.00;125.00;+0.00%;200.00;150.00;-25.00%;15.34%;Балонные ключи;Ні;*;Так;відсутній у фіді + подешевшало на 25.0%
KB21ST;Ключ балонний з лопаткою 21мм СТАНДАРТ;ok;128.00;128.00;+0.00%;200.00;150.00;-25.00%;15.34%;Балонные ключи;Так;*;Так;подешевшало на 25.0%
KBBC1626;"Головка ударна довга 1/2"" для шиномонтажу 13/16"" TOPTUL KBBC";ok;316.00;316.00;+0.00%;420.00;370.00;-11.90%;15.14%;Торцевые головки;Ні;*;Так;відсутній у фіді
KBEB0070;Мішок до пилососа GDAE0701 TOPTUL KBEB0070;ok;633.00;633.00;+0.00%;810.00;730.00;-9.88%;15.00%;default;Ні;*;Так;відсутній у фіді
KBK1;"Ключ балонний хрестовий 17x19x21x1/2"" СТАНДАРТ";ok;260.00;260.00;+0.00%;4610.00;300.00;-93.49%;15.34%;Балонные ключи;Ні;*;Так;відсутній у фіді + подешевшало на 93.5%
KC-AT-4031B;Патрон для дриля пневматичного 3/8 (для AT-4031B AT-4031KLB ;ok;136.00;136.00;+0.00%;340.00;160.00;-52.94%;14.33%;Комплектующие и запчасти для инструмента;Ні;*;Так;відсутній у фіді + подешевшало на 52.9%
KC-AT-4031KLB;Патрон самозатискний для дриля пневматичного 3/8 (для AT-403;ok;179.00;179.00;+0.00%;250.00;210.00;-16.00%;14.33%;Комплектующие и запчасти для инструмента;Ні;*;Так;відсутній у фіді
KC-AT-4041KLB;Патрон самозатискний для дриля пневматичного 1/2 (підходить ;ok;196.00;196.00;+0.00%;270.00;230.00;-14.81%;14.33%;Комплектующие и запчасти для инструмента;Ні;*;Так;відсутній у фіді
KGNO36ST;Ключ накидний односторонній колінчастий 36мм СТАНДАРТ KGNO36;ok;216.00;216.00;+0.00%;300.00;250.00;-16.67%;15.08%;Накидные ключи;Ні;*;Так;відсутній у фіді
KGNO46ST;Ключ накидний односторонній колінчатий 46мм СТАНДАРТ;ok;238.00;238.00;+0.00%;320.00;280.00;-12.50%;15.08%;Накидные ключи;Ні;*;Так;відсутній у фіді
KHAP0810E;Шланг повітряний на котушці (подовжувач пневматичний) 20атм ;ok;8959.00;8959.00;+0.00%;11160.00;10310.00;-7.62%;15.00%;default;Ні;*;Так;відсутній у фіді
KHAP1010E;Шланг повітряний на котушці (подовжувач пневматичний) 20атм ;ok;10456.00;10456.00;+0.00%;13020.00;12030.00;-7.60%;15.00%;default;Ні;*;Так;відсутній у фіді
KK06ST;Ключ комбінований 6мм СТАНДАРТ ( шт );ok;29.00;29.00;+0.00%;100.00;40.00;-60.00%;15.21%;Комбинированные ключи;Так;*;Так;подешевшало на 60.0%
KK07ST;Ключ комбінований 7мм СТАНДАРТ;ok;32.00;32.00;+0.00%;100.00;40.00;-60.00%;15.21%;Комбинированные ключи;Так;*;Так;подешевшало на 60.0%
KK08ST;Ключ комбінований 8мм СТАНДАРТ;ok;33.00;33.00;+0.00%;110.00;40.00;-63.64%;15.21%;Комбинированные ключи;Так;*;Так;подешевшало на 63.6%
KK09ST;Ключ комбінований 9мм СТАНДАРТ;ok;34.00;34.00;+0.00%;70.00;40.00;-42.86%;15.21%;Комбинированные ключи;Так;*;Так;подешевшало на 42.9%
KK10ST;Ключ комбінований 10мм СТАНДАРТ;ok;36.00;36.00;+0.00%;110.00;50.00;-54.55%;15.21%;Комбинированные ключи;Так;*;Так;подешевшало на 54.5%
KK11ST;Ключ комбінований 11мм СТАНДАРТ;ok;38.00;38.00;+0.00%;100.00;50.00;-50.00%;15.21%;Комбинированные ключи;Так;*;Так;подешевшало на 50.0%
KK12ST;Ключ комбінований 12мм СТАНДАРТ;ok;42.00;42.00;+0.00%;120.00;50.00;-58.33%;15.21%;Комбинированные ключи;Так;*;Так;подешевшало на 58.3%
KK13ST;Ключ комбінований 13мм СТАНДАРТ;ok;47.00;47.00;+0.00%;120.00;60.00;-50.00%;15.21%;Комбинированные ключи;Так;*;Так;подешевшало на 50.0%
KK14ST;Ключ комбінований 14мм СТАНДАРТ;ok;52.00;52.00;+0.00%;120.00;60.00;-50.00%;15.21%;Комбинированные ключи;Так;*;Так;подешевшало на 50.0%
KK15ST;Ключ комбінований 15мм СТАНДАРТ;ok;59.00;59.00;+0.00%;110.00;70.00;-36.36%;15.21%;Комбинированные ключи;Так;*;Так;подешевшало на 36.4%
KK16ST;Ключ комбінований 16мм СТАНДАРТ;ok;64.00;64.00;+0.00%;130.00;80.00;-38.46%;15.21%;Комбинированные ключи;Так;*;Так;подешевшало на 38.5%
KK17ST;Ключ комбінований 17мм СТАНДАРТ;ok;70.00;70.00;+0.00%;160.00;90.00;-43.75%;15.21%;Комбинированные ключи;Так;*;Так;подешевшало на 43.8%
KK18ST;Ключ комбінований 18мм СТАНДАРТ;ok;81.00;81.00;+0.00%;150.00;100.00;-33.33%;15.21%;Комбинированные ключи;Так;*;Так;подешевшало на 33.3%
KK19ST;Ключ комбінований 19мм СТАНДАРТ;ok;84.00;84.00;+0.00%;140.00;100.00;-28.57%;15.21%;Комбинированные ключи;Так;*;Так;подешевшало на 28.6%
KK20ST;Ключ комбінований 20мм СТАНДАРТ KK20ST;ok;103.00;103.00;+0.00%;160.00;120.00;-25.00%;15.21%;Комбинированные ключи;Так;*;Так;подешевшало на 25.0%
KK23ST;Ключ комбінований 23мм СТАНДАРТ KK23ST;ok;138.00;138.00;+0.00%;200.00;160.00;-20.00%;15.21%;Комбинированные ключи;Так;*;Так;подешевшало на 20.0%
KL-467;Шприц важільно-плунжерний 400мл KINGKONG (max 690bar);ok;2145.00;2145.00;+0.00%;2690.00;2450.00;-8.92%;13.94%;Оборудование для замены масел и смазок;Ні;*;Так;відсутній у фіді
KN0810;Ключ накидний 8 х10мм СТАНДАРТ;ok;66.00;66.00;+0.00%;110.00;80.00;-27.27%;15.08%;Накидные ключи;Так;*;Так;подешевшало на 27.3%
KN1011;Ключ накидний 10х11мм СТАНДАРТ;ok;75.00;75.00;+0.00%;1660.00;90.00;-94.58%;15.08%;Накидные ключи;Так;*;Так;подешевшало на 94.6%
KN1012;Ключ накидний 10х12мм СТАНДАРТ;ok;78.00;78.00;+0.00%;4930.00;90.00;-98.17%;15.08%;Накидные ключи;Так;*;Так;подешевшало на 98.2%
KN1213;Ключ накидний 12х13мм СТАНДАРТ;ok;71.00;71.00;+0.00%;560.00;90.00;-83.93%;15.08%;Накидные ключи;Так;*;Так;подешевшало на 83.9%
KN1415;Ключ накидний 14х15мм СТАНДАРТ;ok;90.00;90.00;+0.00%;140.00;110.00;-21.43%;15.08%;Накидные ключи;Так;*;Так;подешевшало на 21.4%
KN1719;Ключ накидний 17х19мм СТАНДАРТ;ok;127.00;127.00;+0.00%;190.00;150.00;-21.05%;15.08%;Накидные ключи;Так;*;Так;подешевшало на 21.1%
KPA-1639E;"Електрогайковерт ударний акумуляторний 1/2"" 120/240/385Nm 27";ok;37918.00;37918.00;+0.00%;47140.00;41820.00;-11.29%;10.27%;Электрические гайковерты;Ні;*;Так;відсутній у фіді
KPAA1650E;"Електрогайковерт ударний TOPTUL 1/2"" 500Nm 3000 нож/хв KPAA1";ok;13659.00;13659.00;+0.00%;17000.00;15070.00;-11.35%;10.27%;Электрические гайковерты;Ні;*;Так;відсутній у фіді
KPAB1685E;"Акумуляторний гайковерт TOPTUL 1/2"" 850Nm 2200rpm KPAB1685E";ok;14575.00;14575.00;+0.00%;18140.00;16080.00;-11.36%;10.27%;Электрические гайковерты;Ні;*;Так;відсутній у фіді
KPBA0840E;Електрошуруповерт 18V 4.0Ah 400Nm 0-3000об/хв TOPTUL KPBA084;ok;21656.00;21656.00;+0.00%;26930.00;24080.00;-10.58%;11.18%;Дрели, шуруповерты;Ні;*;Так;відсутній у фіді
KPDB0803;"Электроотвертка TOPTUL 1/4"" 3.6 V 3Nm 350об/хв KPDB0803";ok;1975.00;1975.00;+0.00%;2480.00;2200.00;-11.29%;11.18%;Аккумуляторные отвертки;Ні;*;Так;відсутній у фіді
KPDB0805;"Викрутка акумуляторна TOPTUL 1/4"" 6.4 V 4.5 Nm 265об/хв KPDB";ok;2775.00;2775.00;+0.00%;3480.00;3090.00;-11.21%;11.18%;Аккумуляторные отвертки;Ні;*;Так;відсутній у фіді
KPH-1607E;Дриль-шуруповерт акумуляторний безщітковий 18V 65Nm 0-1500об;ok;33983.00;33983.00;+0.00%;42250.00;37790.00;-10.56%;11.18%;Дрели, шуруповерты;Ні;*;Так;відсутній у фіді
KPN-006ME;Електрозакльопочник аккумуляторний під різьбові заклепки M4M;ok;38934.00;38934.00;+0.00%;48400.00;43080.00;-10.99%;10.63%;Ручные заклепочники;Ні;*;Так;відсутній у фіді
KPNA0510E;Електрозаклепочник під різьбові заклепки М5 М6 М8 М10 TOPTUL;ok;36252.00;36252.00;+0.00%;45070.00;40110.00;-11.01%;10.63%;Ручные заклепочники;Ні;*;Так;відсутній у фіді
KPRA0306E;Електрозаклепочник 3.2 4.0 4.8 6.4мм TOPTUL KPRA0306E;ok;31951.00;31951.00;+0.00%;39720.00;35350.00;-11.00%;10.63%;Ручные заклепочники;Ні;*;Так;відсутній у фіді
KR0607;Ключ ріжковий 06х07мм СТАНДАРТ KR0607;ok;37.00;37.00;+0.00%;540.00;50.00;-90.74%;15.21%;Рожковые ключи;Так;*;Так;подешевшало на 90.7%
KR0708;Ключ ріжковий 07х08мм СТАНДАРТ KR0708;ok;37.00;37.00;+0.00%;270.00;50.00;-81.48%;15.21%;Рожковые ключи;Так;*;Так;подешевшало на 81.5%
KR0810;Ключ ріжковий 08х10мм СТАНДАРТ;ok;34.00;34.00;+0.00%;70.00;40.00;-42.86%;15.21%;Рожковые ключи;Ні;*;Так;відсутній у фіді + подешевшало на 42.9%
KR0911;Ключ ріжковий 09х11мм СТАНДАРТ KR0911;ok;37.00;37.00;+0.00%;250.00;50.00;-80.00%;15.21%;Рожковые ключи;Так;*;Так;подешевшало на 80.0%
KR1011;Ключ ріжковий 10х11мм СТАНДАРТ KR1011;ok;39.00;39.00;+0.00%;6100.00;50.00;-99.18%;15.21%;Рожковые ключи;Так;*;Так;подешевшало на 99.2%
KR1012;Ключ ріжковий 10х12мм СТАНДАРТ;ok;38.00;38.00;+0.00%;6930.00;50.00;-99.28%;15.21%;Рожковые ключи;Так;*;Так;подешевшало на 99.3%
KR1013;Ключ ріжковий 10х13мм СТАНДАРТ;ok;42.00;42.00;+0.00%;5650.00;50.00;-99.12%;15.21%;Рожковые ключи;Так;*;Так;подешевшало на 99.1%
KR1112;Ключ ріжковий 11х12мм СТАНДАРТ;ok;41.00;41.00;+0.00%;170.00;50.00;-70.59%;15.21%;Рожковые ключи;Так;*;Так;подешевшало на 70.6%
KR1213;Ключ ріжковий 12х13мм СТАНДАРТ;ok;39.00;39.00;+0.00%;450.00;50.00;-88.89%;15.21%;Рожковые ключи;Так;*;Так;подешевшало на 88.9%
KR1214;Ключ ріжковий 12х14мм СТАНДАРТ KR1214;ok;49.00;49.00;+0.00%;190.00;60.00;-68.42%;15.21%;Рожковые ключи;Так;*;Так;подешевшало на 68.4%
KR1314;Ключ ріжковий 13х14мм СТАНДАРТ KR1314;ok;49.00;49.00;+0.00%;310.00;60.00;-80.65%;15.21%;Рожковые ключи;Так;*;Так;подешевшало на 80.6%
KR1317;Ключ ріжковий 13х17мм СТАНДАРТ;ok;53.00;53.00;+0.00%;230.00;70.00;-69.57%;15.21%;Рожковые ключи;Так;*;Так;подешевшало на 69.6%
KR1415;Ключ ріжковий 14х15мм СТАНДАРТ;ok;51.00;51.00;+0.00%;150.00;60.00;-60.00%;15.21%;Рожковые ключи;Так;*;Так;подешевшало на 60.0%
KR1417;Ключ ріжковий 14х17мм СТАНДАРТ KR1417;ok;58.00;58.00;+0.00%;150.00;70.00;-53.33%;15.21%;Рожковые ключи;Так;*;Так;подешевшало на 53.3%
KR1719;Ключ ріжковий 17х19мм СТАНДАРТ;ok;66.00;66.00;+0.00%;260.00;80.00;-69.23%;15.21%;Рожковые ключи;Ні;*;Так;відсутній у фіді + подешевшало на 69.2%
KR1922;Ключ ріжковий 19х22мм СТАНДАРТ;ok;89.00;89.00;+0.00%;210.00;110.00;-47.62%;15.21%;Рожковые ключи;Так;*;Так;подешевшало на 47.6%
KR2224;Ключ ріжковий 22х24мм СТАНДАРТ;ok;121.00;121.00;+0.00%;180.00;140.00;-22.22%;15.21%;Рожковые ключи;Так;*;Так;подешевшало на 22.2%
KR2732;Ключ ріжковий 27х32мм СТАНДАРТ KR2732;ok;271.00;271.00;+0.00%;410.00;320.00;-21.95%;15.21%;Рожковые ключи;Так;*;Так;подешевшало на 22.0%
KSAU0808;"Пневмошуруповерт 1/4"" 108N/m 12000об/мин Mini Butterfly Type";ok;5977.00;5977.00;+0.00%;7450.00;6650.00;-10.74%;11.18%;Пневматические шуруповерты;Ні;*;Так;відсутній у фіді
KT0607ST;Ключ торцевий трубчастий 06х07мм СТАНДАРТ;ok;28.00;28.00;+0.00%;60.00;40.00;-33.33%;15.14%;Торцевые ключи;Так;*;Так;подешевшало на 33.3%
KT0809ST;Ключ торцевий трубчастий 08х09мм СТАНДАРТ;ok;31.00;31.00;+0.00%;70.00;40.00;-42.86%;15.14%;Торцевые ключи;Так;*;Так;подешевшало на 42.9%
KT0810ST;Ключ торцевий трубчастий 08х10мм СТАНДАРТ;ok;30.00;30.00;+0.00%;70.00;40.00;-42.86%;15.14%;Торцевые ключи;Так;*;Так;подешевшало на 42.9%
KT100PU-6;Комплект скоб (100 одU-тип 0.6мм) TRISCO;ok;479.00;479.00;+0.00%;620.00;550.00;-11.29%;14.73%;Комплектующие для сварки и пайки;Ні;*;Так;відсутній у фіді
KT100PU-8;Комплект скоб (100 од U-тип 0.8мм) TRISCO;ok;509.00;509.00;+0.00%;660.00;590.00;-10.61%;14.73%;Комплектующие для сварки и пайки;Ні;*;Так;відсутній у фіді
KT1011ST;Ключ торцевий трубчастий 10х11мм СТАНДАРТ;ok;36.00;36.00;+0.00%;70.00;50.00;-28.57%;15.14%;Торцевые ключи;Так;*;Так;подешевшало на 28.6%
KT1213ST;Ключ торцевий трубчастий 12х13мм СТАНДАРТ;ok;37.00;37.00;+0.00%;130.00;50.00;-61.54%;15.14%;Торцевые ключи;Так;*;Так;подешевшало на 61.5%
KT1415ST;Ключ торцевий трубчастий 14х15мм СТАНДАРТ;ok;45.00;45.00;+0.00%;80.00;60.00;-25.00%;15.14%;Торцевые ключи;Так;*;Так;подешевшало на 25.0%
KT1417ST;Ключ торцевий трубчастий 14х17мм СТАНДАРТ;ok;52.00;52.00;+0.00%;90.00;60.00;-33.33%;15.14%;Торцевые ключи;Так;*;Так;подешевшало на 33.3%
KT1617ST;Ключ торцевий трубчастий 16х17мм СТАНДАРТ;ok;54.00;54.00;+0.00%;100.00;70.00;-30.00%;15.14%;Торцевые ключи;Так;*;Так;подешевшало на 30.0%
KT1719ST;Ключ торцевий трубчастий 17х19мм СТАНДАРТ;ok;68.00;68.00;+0.00%;160.00;80.00;-50.00%;15.14%;Торцевые ключи;Так;*;Так;подешевшало на 50.0%
KT1819ST;Ключ торцевий трубчастий 18х19мм СТАНДАРТ;ok;59.00;59.00;+0.00%;100.00;70.00;-30.00%;15.14%;Торцевые ключи;Так;*;Так;подешевшало на 30.0%
KT1922ST;Ключ торцевий трубчастий 19х22мм СТАНДАРТ;ok;76.00;76.00;+0.00%;120.00;90.00;-25.00%;15.14%;Торцевые ключи;Так;*;Так;подешевшало на 25.0%
KT2123ST;Ключ торцевий трубчастий 21х23мм СТАНДАРТ;ok;73.00;73.00;+0.00%;130.00;90.00;-30.77%;15.14%;Торцевые ключи;Так;*;Так;подешевшало на 30.8%
KTPS06-PE;Комплект пластмасових стрижнів (6 од поліетілен) TRISCO;ok;204.00;204.00;+0.00%;280.00;240.00;-14.29%;14.73%;Комплектующие для сварки и пайки;Ні;*;Так;відсутній у фіді
KTPS06-PP;Комплект пластмасових стрижнів (6 од поліпропілен) TRISCO;ok;204.00;204.00;+0.00%;280.00;240.00;-14.29%;14.73%;Комплектующие для сварки и пайки;Ні;*;Так;відсутній у фіді
KTPS06-PS;Комплект пластмасових стрижнів (6 од полістірол) TRISCO;ok;204.00;204.00;+0.00%;280.00;240.00;-14.29%;14.73%;Комплектующие для сварки и пайки;Ні;*;Так;відсутній у фіді
KTR0200;Ключ трубний важільний №2 СТАНДАРТ KTR0200;ok;440.00;440.00;+0.00%;570.00;510.00;-10.53%;15.14%;Трубные ключи;Ні;*;Так;відсутній у фіді
KTR0300;Ключ трубний важільний №3 СТАНДАРТ KTR0300;ok;619.00;619.00;+0.00%;800.00;720.00;-10.00%;15.14%;Трубные ключи;Ні;*;Так;відсутній у фіді
KTR0400;"Ключ трубний важільний №4 (3"" ) СТАНДАРТ";ok;1007.00;1007.00;+0.00%;1280.00;1160.00;-9.38%;15.14%;Трубные ключи;Ні;*;Так;відсутній у фіді
KTR0500;"Ключ трубний важільний №5 (4"") СТАНДАРТ";ok;1368.00;1368.00;+0.00%;1730.00;1580.00;-8.67%;15.14%;Трубные ключи;Ні;*;Так;відсутній у фіді
KVS0901;Набір для монтажу/демонтажу втулок напрямних клапанів (7 8 9;ok;942.00;942.00;+0.00%;1200.00;1090.00;-9.17%;15.00%;default;Ні;*;Так;відсутній у фіді
KWT4050;Візок для транспортування і установки + ванна для перевірки ;ok;46860.00;46860.00;+0.00%;58240.00;53400.00;-8.31%;13.94%;Лежаки автослесарные подкатные;Ні;*;Так;відсутній у фіді
L-0204W;Ліхтар світлодіодний алюмінієвий (COB+LED) Pen Light (Made i;ok;880.00;880.00;+0.00%;1460.00;1020.00;-30.14%;15.00%;default;Так;*;Так;подешевшало на 30.1%
L-0206W;Ліхтар світлодіодний алюмінієвий MINI (Made in GERMANY) L-02;ok;905.00;905.00;+0.00%;1790.00;1050.00;-41.34%;15.00%;default;Так;*;Так;подешевшало на 41.3%
L-0303W;Ліхтар складаний світлодіодний (LED) акумуляторний (Made in ;ok;1025.00;1025.00;+0.00%;1680.00;1180.00;-29.76%;15.00%;default;Так;*;Так;подешевшало на 29.8%
L-0802T;Ліхтар поворотний світлодіодний (LED) акумуляторний 8+1 з ма;ok;1347.00;1347.00;+0.00%;1700.00;1550.00;-8.82%;15.00%;default;Ні;*;Так;відсутній у фіді
LA-TLTW-240SB-380;Підйомник автомобільний 2-х стійковий 4 т 380B(LA-TLTW-240SB;ok;110000.00;110000.00;+0.00%;136690.00;126160.00;-7.70%;14.69%;Подъемники автомобильные;Ні;*;Так;відсутній у фіді
LG30ST;"Лом цвяходер 30"" L750мм СТАНДАРТ";ok;341.00;341.00;+0.00%;530.00;400.00;-24.53%;15.00%;default;Так;*;Так;подешевшало на 24.5%
LH-330;Домкрат підкатний професійний 3т низькопрофільний з двойною ;ok;9680.00;9680.00;+0.00%;25080.00;11110.00;-55.70%;14.69%;Автомобильные домкраты, подставки;Так;*;Так;подешевшало на 55.7%
LL603R;Лазерний рівень 3 лінії 1H/2V (червоний промінь) PROTESTER L;ok;1943.00;1943.00;+0.00%;2440.00;2240.00;-8.20%;14.91%;Лазерные нивелиры, уровни, сканеры;Ні;*;Так;відсутній у фіді
LT30B;Лазерна рулетка 30 м (далекомір) 2-в-1 5м/30 м PROTESTER LT3;ok;1456.00;1456.00;+0.00%;2660.00;1680.00;-36.84%;14.97%;Лазерные дальномеры;Ні;*;Так;відсутній у фіді + подешевшало на 36.8%
LT40A;Далекомір лазерний/рулетка 2-в-1 5м/40м PROTESTER LT40A;ok;2132.00;2132.00;+0.00%;6550.00;2460.00;-62.44%;14.97%;Лазерные дальномеры;Так;*;Так;подешевшало на 62.4%
LTR-01;RF-датчик TPMS Launch 433/315 МГц програмований універсальни;ok;157.00;286.00;+82.17%;4450.00;330.00;-92.58%;15.00%;default;Ні;*;Так;відсутній у фіді + подешевшало на 92.6%
LWH0060;Рівень будівельний 60см СТАНДАРТ;ok;225.00;225.00;+0.00%;310.00;260.00;-16.13%;14.91%;Строительные уровни;Ні;*;Так;відсутній у фіді
LWH0100;Рівень будівельний 100см СТАНДАРТ;ok;311.00;311.00;+0.00%;410.00;360.00;-12.20%;14.91%;Строительные уровни;Ні;*;Так;відсутній у фіді
LWH0150;Рівень будівельний 150см СТАНДАРТ;ok;330.00;330.00;+0.00%;440.00;380.00;-13.64%;14.91%;Строительные уровни;Ні;*;Так;відсутній у фіді
LWH0200;Рівень будівельний 200см СТАНДАРТ;ok;433.00;433.00;+0.00%;570.00;500.00;-12.28%;14.91%;Строительные уровни;Ні;*;Так;відсутній у фіді
M266C;Струмовимірювальні кліщі з термопарою PROTESTER M266C;ok;1019.00;1019.00;+0.00%;1590.00;1180.00;-25.79%;15.51%;Мультиметры;Так;*;Так;подешевшало на 25.8%
MAN-AFRL804G;Манометр к блоку подготовки воздуха AIRKRAFT AFRL804 40мм 1/;ok;100.00;100.00;+0.00%;150.00;120.00;-20.00%;10.63%;Компоненты пневматики;Так;*;Так;подешевшало на 20.0%
MAN-BFC4000G;Манометр к блоку подготовки воздуха AIRKRAFT BFC4000 50мм 1/;ok;129.00;129.00;+0.00%;190.00;150.00;-21.05%;10.63%;Компоненты пневматики;Так;*;Так;подешевшало на 21.1%
MBP0801;Знімач підшипників маточини універсальний (Харків) ПОДШСТ-УН;ok;1401.00;1401.00;+0.00%;1770.00;1610.00;-9.04%;14.60%;Съемники подшипников;Ні;*;Так;відсутній у фіді
MC5-AIR;Компресорне масло 5л AIRKRAFT Premium 100 Compressor Oil MC5;ok;1630.00;1630.00;+0.00%;16140.00;1880.00;-88.35%;15.00%;default;Ні;*;Так;відсутній у фіді + подешевшало на 88.4%
MFF0150;Напилок плоский 150мм СТАНДАРТ MFF0150;ok;61.00;61.00;+0.00%;100.00;70.00;-30.00%;13.55%;Напильники и надфили;Ні;*;Так;відсутній у фіді + подешевшало на 30.0%
MFF0200;Напилок плоский 200мм СТАНДАРТ MFF0200;ok;93.00;93.00;+0.00%;140.00;110.00;-21.43%;13.55%;Напильники и надфили;Ні;*;Так;відсутній у фіді + подешевшало на 21.4%
MFF0250;Напилок плоский 250мм СТАНДАРТ MFF0250;ok;132.00;132.00;+0.00%;190.00;150.00;-21.05%;13.55%;Напильники и надфили;Ні;*;Так;відсутній у фіді + подешевшало на 21.1%
MFF0300;Напилок плоский 300мм СТАНДАРТ MFF0300;ok;149.00;149.00;+0.00%;210.00;170.00;-19.05%;13.55%;Напильники и надфили;Ні;*;Так;відсутній у фіді
MG-OEM;Мастило гідравлічне 10л HM/HLP 32 OEM Hydraulic Oil for LAUN;ok;1700.00;2645.00;+55.59%;10760.00;3050.00;-71.65%;15.00%;default;Так;*;Так;подешевшало на 71.7%
MHGP1501;Знімач двох-трьохзахватний гідравлічний 15т СТАНДАРТ MHGP150;ok;6925.00;6925.00;+0.00%;8630.00;7940.00;-8.00%;14.60%;Гидравлические съемники;Ні;*;Так;відсутній у фіді
MHGP2001;Знімач двох-трьохзахватний гідравлічний 20т СТАНДАРТ MHGP200;ok;10289.00;10289.00;+0.00%;12810.00;11800.00;-7.88%;14.60%;Гидравлические съемники;Ні;*;Так;відсутній у фіді
MHGP3001;Знімач двох-трьохзахватний гідравлічний 30т СТАНДАРТ MHGP300;ok;12680.00;12680.00;+0.00%;15780.00;14540.00;-7.86%;14.60%;Гидравлические съемники;Ні;*;Так;відсутній у фіді
MHGP5002;Знімач двох-трьохзахватний гідравлічний 50т СТАНДАРТ MHGP500;ok;20297.00;20297.00;+0.00%;25240.00;23270.00;-7.81%;14.60%;Съемники подшипников;Ні;*;Так;відсутній у фіді
MP-200-1.4;Пістолет фарбувальний пневматичний тип HVLP нижній металевий;ok;1651.00;1651.00;+0.00%;4800.00;1870.00;-61.04%;13.20%;Пневматические краскопульты;Так;*;Так;подешевшало на 61.0%
MP-AIR;Масло для пневматического инструмента 1000 мл AIRKRAFT MP-AI;ok;493.00;681.00;+38.13%;3030.00;790.00;-73.93%;15.00%;default;Так;*;Так;подешевшало на 73.9%
MP12ST;"Монтировка 12"" L300мм СТАНДАРТ";ok;100.00;100.00;+0.00%;3510.00;120.00;-96.58%;13.94%;Инструменты для ремонта и восстановления шин;Так;*;Так;подешевшало на 96.6%
MP18ST;"Монтировка 18"" L450мм СТАНДАРТ";ok;142.00;142.00;+0.00%;260.00;170.00;-34.62%;13.94%;Инструменты для ремонта и восстановления шин;Так;*;Так;подешевшало на 34.6%
MP24ST;"Монтировка 24"" L600мм СТАНДАРТ";ok;184.00;184.00;+0.00%;310.00;210.00;-32.26%;13.94%;Инструменты для ремонта и восстановления шин;Так;*;Так;подешевшало на 32.3%
MPN0601;Діркопробивач по металу (ХЗСО) ДЫРКрЛ MPN-0601;ok;1254.00;1254.00;+0.00%;1590.00;1450.00;-8.81%;15.34%;Пробойники, зубила, бородки;Ні;*;Так;відсутній у фіді
MST-001;Набір шліфувальних каменів 10шт (3мм та 6мм) AIRKRAFT MST-00;ok;92.00;92.00;+0.00%;140.00;110.00;-21.43%;15.00%;default;Так;*;Так;подешевшало на 21.4%
MST-002;Набір шліфувальних каменів 5шт (6мм) AIRKRAFT MST-002;ok;72.00;72.00;+0.00%;360.00;80.00;-77.78%;10.47%;Пневмошлифмашины;Так;*;Так;подешевшало на 77.8%
MST-003;Набір шліфувальних каменів 5шт AIRKRAFT MST-003;ok;62.00;62.00;+0.00%;160.00;80.00;-50.00%;15.17%;Наборы инструментов;Так;*;Так;подешевшало на 50.0%
MTB300-1;Ящик інструментальний 300мм 1 відсік (ХЗСО) ЯЩ300-1 MTB300-1;ok;726.00;726.00;+0.00%;11720.00;840.00;-92.83%;14.95%;Ящики, сумки для инструментов;Ні;*;Так;відсутній у фіді + подешевшало на 92.8%
MTB440-3;Ящик інструментальний 440мм 3 відсіки (ХЗСО) ЯЩ430-3 MTB440-;ok;1187.00;1187.00;+0.00%;1500.00;1370.00;-8.67%;14.95%;Ящики, сумки для инструментов;Ні;*;Так;відсутній у фіді
MTB540-5;Ящик інструментальний 540мм 5 відсіків (ХЗСО) ЯЩ530-5 MTB540;ok;1470.00;1470.00;+0.00%;1850.00;1690.00;-8.65%;14.95%;Ящики, сумки для инструментов;Ні;*;Так;відсутній у фіді
MTGS0020;Різьбомір (дюймовий) PROTESTER MTGS0020;ok;52.00;52.00;+0.00%;90.00;60.00;-33.33%;15.00%;default;Так;*;Так;подешевшало на 33.3%
MEGAFOGER;"Генератор диму"" MegaFoger"" (12B)";ok;4500.00;4500.00;+0.00%;8240.00;5180.00;-37.14%;15.00%;default;Ні;*;Так;відсутній у фіді + подешевшало на 37.1%
NK-100;Динамометр аналоговий пружинний універсальний (10 кг) PROTES;ok;3929.00;3929.00;+0.00%;32230.00;4540.00;-85.91%;15.34%;Силомеры, динамометры;Так;*;Так;подешевшало на 85.9%
NK-200;Динамометр аналоговий пружинний універсальний (20 кг) PROTES;ok;3929.00;3929.00;+0.00%;7760.00;4540.00;-41.49%;15.34%;Силомеры, динамометры;Ні;*;Так;відсутній у фіді + подешевшало на 41.5%
NK-30;Динамометр аналоговий пружинний універсальний (3 кг) PROTEST;ok;3929.00;3929.00;+0.00%;10590.00;4540.00;-57.13%;15.34%;Силомеры, динамометры;Ні;*;Так;відсутній у фіді + подешевшало на 57.1%
NK-300;Динамометр аналоговий пружинний універсальний (30 кг) PROTES;ok;3929.00;3929.00;+0.00%;15230.00;4540.00;-70.19%;15.34%;Силомеры, динамометры;Ні;*;Так;відсутній у фіді + подешевшало на 70.2%
NK-50;Динамометр аналоговий пружинний універсальний (5 кг) PROTEST;ok;3595.00;3595.00;+0.00%;8690.00;4150.00;-52.24%;15.34%;Силомеры, динамометры;Так;*;Так;подешевшало на 52.2%
NK-500;Динамометр аналоговий пружинний універсальний (50 кг) PROTES;ok;3929.00;3929.00;+0.00%;16170.00;4540.00;-71.92%;15.34%;Силомеры, динамометры;Ні;*;Так;відсутній у фіді + подешевшало на 71.9%
NKK6ST;Набір ключів комбінованих 6 од (8,10,12-14,17) на холдері СТ;ok;276.00;276.00;+0.00%;690.00;320.00;-53.62%;14.88%;Наборы ключей;Так;*;Так;подешевшало на 53.6%
NKK8ST;Набір ключів комбінованих 8 од (8-10,12-14,17,19) на холдері;ok;390.00;390.00;+0.00%;600.00;450.00;-25.00%;14.88%;Наборы ключей;Так;*;Так;подешевшало на 25.0%
NS-AB-17G-1.3;Форсунка для пістолетів фарбувальних AB-17G HVLP діаметр фор;ok;429.00;429.00;+0.00%;940.00;490.00;-47.87%;13.20%;Пневматические краскопульты;Так;*;Так;подешевшало на 47.9%
NS-AB-17G-1.4;Форсунка для пістолетів фарбувальних AB-17G HVLP діаметр фор;ok;429.00;429.00;+0.00%;1300.00;490.00;-62.31%;13.20%;Пневматические краскопульты;Так;*;Так;подешевшало на 62.3%
NS-AB-17G-1.7;Форсунка для пістолетів фарбувальних AB-17G HVLP діаметр фор;ok;429.00;429.00;+0.00%;920.00;490.00;-46.74%;13.20%;Пневматические краскопульты;Так;*;Так;подешевшало на 46.7%
NS-AB-17G-2.0;Форсунка для пістолетів фарбувальних AB-17G HVLP діаметр фор;ok;429.00;429.00;+0.00%;910.00;490.00;-46.15%;13.20%;Пневматические краскопульты;Ні;*;Так;відсутній у фіді + подешевшало на 46.2%
NS-AB-17G-2.5;Форсунка для пістолетів фарбувальних AB-17G HVLP діаметр фор;ok;429.00;429.00;+0.00%;1400.00;490.00;-65.00%;13.20%;Пневматические краскопульты;Так;*;Так;подешевшало на 65.0%
NS-D-951-MINI-0.5;Форсунка для пістолетів фарбувальних D-951-MINI HVLP діаметр;ok;980.00;980.00;+0.00%;1250.00;1110.00;-11.20%;13.20%;Пневматические краскопульты;Ні;*;Так;відсутній у фіді
NS-D-951-MINI-0.5LM;Форсунка для пістолетів фарбувальних D-951-MINI LVMP діаметр;ok;980.00;980.00;+0.00%;1250.00;1110.00;-11.20%;13.20%;Пневматические краскопульты;Ні;*;Так;відсутній у фіді
NS-D-951-MINI-1.2;Форсунка для пістолетів фарбувальних D-951-MINI HVLP діаметр;ok;980.00;980.00;+0.00%;1250.00;1110.00;-11.20%;13.20%;Пневматические краскопульты;Ні;*;Так;відсутній у фіді
NS-GFG-1.4;Форсунка для пістолетів фарбувальних GFG HVLP діаметр форсун;ok;1411.00;1411.00;+0.00%;1780.00;1600.00;-10.11%;13.20%;Пневматические краскопульты;Ні;*;Так;відсутній у фіді
NS-GLOSS-X1-1.3;Форсунка для пістолетів фарбувальних Gloss HVLP діаметр форс;ok;1549.00;1549.00;+0.00%;2510.00;1760.00;-29.88%;13.20%;Пневматические краскопульты;Так;*;Так;подешевшало на 29.9%
NS-GLOSS-X1-1.8;Форсунка для пістолетів фарбувальних Gloss HVLP діаметр форс;ok;1561.00;1561.00;+0.00%;2290.00;1770.00;-22.71%;13.20%;Пневматические краскопульты;Так;*;Так;подешевшало на 22.7%
NS-GLOSS-X1-1.8LM;Форсунка для пістолетів фарбувальних Gloss LVMP діаметр форс;ok;1549.00;1549.00;+0.00%;2230.00;1760.00;-21.08%;13.20%;Пневматические краскопульты;Так;*;Так;подешевшало на 21.1%
NS-H-2000P-0.8;Форсунка для пістолетів фарбувальних H-2000P HVLP діаметр фо;ok;223.00;223.00;+0.00%;570.00;260.00;-54.39%;13.20%;Пневматические краскопульты;Так;*;Так;подешевшало на 54.4%
NS-H-2000P-1.0;Форсунка для пістолетів фарбувальних H-2000P HVLP діаметр фо;ok;223.00;223.00;+0.00%;420.00;260.00;-38.10%;13.20%;Пневматические краскопульты;Так;*;Так;подешевшало на 38.1%
NS-H-2002-1.3;Форсунка для пістолетів фарбувальних H-2002 HVLP діаметр фор;ok;1239.00;1239.00;+0.00%;2020.00;1410.00;-30.20%;13.20%;Пневматические краскопульты;Так;*;Так;подешевшало на 30.2%
NS-H-2002-1.4;Форсунка для пістолетів фарбувальних H-2002 HVLP діаметр фор;ok;1239.00;1239.00;+0.00%;1990.00;1410.00;-29.15%;13.20%;Пневматические краскопульты;Так;*;Так;подешевшало на 29.1%
NS-H-2002-1.6;Форсунка для пістолетів фарбувальних H-2002 HVLP діаметр фор;ok;1344.00;1344.00;+0.00%;3060.00;1530.00;-50.00%;13.20%;Пневматические краскопульты;Так;*;Так;подешевшало на 50.0%
NS-H-2002-1.8;Форсунка для пістолетів фарбувальних H-2002 HVLP діаметр фор;ok;1239.00;1239.00;+0.00%;1920.00;1410.00;-26.56%;13.20%;Пневматические краскопульты;Так;*;Так;подешевшало на 26.6%
NS-H-5005-1.3LM;Форсунка для пістолетів фарбувальних H-5005 LVMP діаметр фор;ok;2737.00;2737.00;+0.00%;3430.00;3100.00;-9.62%;13.20%;Пневматические краскопульты;Ні;*;Так;відсутній у фіді
NS-H-5005-1.4LM;Форсунка для пістолетів фарбувальних H-5005 LVMP діаметр фор;ok;2737.00;2737.00;+0.00%;3430.00;3100.00;-9.62%;13.20%;Пневматические краскопульты;Ні;*;Так;відсутній у фіді
NS-H-827B-1.3;Форсунка для пістолетів фарбувальних H-827B HVLP діаметр фор;ok;342.00;342.00;+0.00%;510.00;390.00;-23.53%;13.20%;Пневматические краскопульты;Так;*;Так;подешевшало на 23.5%
NS-H-827B-1.4;Форсунка для пістолетів фарбувальних H-827B HVLP діаметр фор;ok;342.00;342.00;+0.00%;840.00;390.00;-53.57%;13.20%;Пневматические краскопульты;Так;*;Так;подешевшало на 53.6%
NS-H-827B-1.7;Форсунка для пістолетів фарбувальних H-827B HVLP діаметр фор;ok;342.00;342.00;+0.00%;520.00;390.00;-25.00%;13.20%;Пневматические краскопульты;Так;*;Так;подешевшало на 25.0%
NS-H-891-0.8;Форсунка для пістолетів фарбувальних H-891 HVLP діаметр форс;ok;560.00;560.00;+0.00%;860.00;640.00;-25.58%;13.20%;Пневматические краскопульты;Так;*;Так;подешевшало на 25.6%
NS-H-921-MINI-0.8;Форсунка для пістолетів фарбувальних H-921-MINI HVLP діаметр;ok;667.00;667.00;+0.00%;980.00;760.00;-22.45%;13.20%;Пневматические краскопульты;Так;*;Так;подешевшало на 22.4%
NS-H-923-1.3;Форсунка для пістолетів фарбувальних H-923 HVLP діаметр форс;ok;1088.00;1088.00;+0.00%;2970.00;1240.00;-58.25%;13.20%;Пневматические краскопульты;Так;*;Так;подешевшало на 58.2%
NS-H-970-1.4;Форсунка для пістолетів фарбувальних H-970 HVLP діаметр форс;ok;375.00;375.00;+0.00%;600.00;430.00;-28.33%;13.20%;Пневматические краскопульты;Так;*;Так;подешевшало на 28.3%
NS-H-970-2.0;Форсунка для пістолетів фарбувальних H-970 HVLP діаметр форс;ok;375.00;375.00;+0.00%;560.00;430.00;-23.21%;13.20%;Пневматические краскопульты;Так;*;Так;подешевшало на 23.2%
NS-HD-1-1.3LM;Форсунка для пістолетів фарбувальних HD-1 LVMP діаметр форсу;ok;1411.00;1411.00;+0.00%;6680.00;1600.00;-76.05%;13.20%;Пневматические краскопульты;Ні;*;Так;відсутній у фіді + подешевшало на 76.0%
NS-K-200-1.3;Форсунка для пістолетів фарбувальних K-200 LVMP діаметр форс;ok;547.00;547.00;+0.00%;1000.00;620.00;-38.00%;13.20%;Пневматические краскопульты;Так;*;Так;подешевшало на 38.0%
NS-K-200-2.5;Форсунка для пістолетів фарбувальних K-200 LVMP діаметр форс;ok;547.00;547.00;+0.00%;890.00;620.00;-30.34%;13.20%;Пневматические краскопульты;Так;*;Так;подешевшало на 30.3%
NS-K-350-1.2;Форсунка для пістолетів фарбувальних K-350 LVMP діаметр форс;ok;317.00;317.00;+0.00%;770.00;360.00;-53.25%;13.20%;Пневматические краскопульты;Так;*;Так;подешевшало на 53.2%
NS-L-897-1.4;Форсунка для пістолетів фарбувальних L-897 LVLP діаметр форс;ok;796.00;796.00;+0.00%;1180.00;910.00;-22.88%;13.20%;Пневматические краскопульты;Так;*;Так;подешевшало на 22.9%
NS-PQ-2U-2.0;Форсунка для пістолета фарбувального PQ-2U AEROPRO NS-PQ-2U-;ok;529.00;529.00;+0.00%;2630.00;600.00;-77.19%;13.20%;Пневматические краскопульты;Так;*;Так;подешевшало на 77.2%
NS-PS-2;Насадка керамічна для піскоструминного пістолету AUARITA NS-;ok;70.00;70.00;+0.00%;480.00;80.00;-83.33%;10.63%;Пневматические пескоструйные пистолеты;Так;*;Так;подешевшало на 83.3%
NS-PS-3;Насадка керамічна для піскоструминного пістолету AUARITA NS-;ok;87.00;87.00;+0.00%;1080.00;100.00;-90.74%;10.63%;Пневматические пескоструйные пистолеты;Так;*;Так;подешевшало на 90.7%
NS-PT-2/PT-8-2.0;Форсунка для пістолетів фарбувальних PT-2/PT-8 HP діаметр фо;ok;535.00;535.00;+0.00%;1400.00;610.00;-56.43%;13.20%;Пневматические краскопульты;Так;*;Так;подешевшало на 56.4%
NS-S-990-1.8;Форсунка для пістолетів фарбувальних S-990 HP діаметр форсун;ok;181.00;181.00;+0.00%;270.00;210.00;-22.22%;13.20%;Пневматические краскопульты;Так;*;Так;подешевшало на 22.2%
NS-S-990-2.0;Форсунка для пістолетів фарбувальних S-990 HP діаметр форсун;ok;181.00;181.00;+0.00%;1520.00;210.00;-86.18%;13.20%;Пневматические краскопульты;Так;*;Так;подешевшало на 86.2%
NS-ST-3000-1.4LM;Форсунка для пістолетів фарбувальних ST-3000 LVMP діаметр фо;ok;1214.00;1214.00;+0.00%;1750.00;1380.00;-21.14%;13.20%;Пневматические краскопульты;Так;*;Так;подешевшало на 21.1%
NS-ST-3000-1.6LM;Форсунка для пістолетів фарбувальних ST-3000 LVMP діаметр фо;ok;1214.00;1214.00;+0.00%;1540.00;1380.00;-10.39%;13.20%;Пневматические краскопульты;Ні;*;Так;відсутній у фіді
NS-ST-3000-1.8;Форсунка для пістолетів фарбувальних ST-3000 HVLP діаметр фо;ok;1214.00;1214.00;+0.00%;1540.00;1380.00;-10.39%;13.20%;Пневматические краскопульты;Ні;*;Так;відсутній у фіді
NS-SHINE-1.4;Форсунка для пістолетів фарбувальних Shine HVLP діаметр форс;ok;1624.00;1624.00;+0.00%;2050.00;1840.00;-10.24%;13.20%;Пневматические краскопульты;Ні;*;Так;відсутній у фіді
NS-SHINE-MINI-0.8;Форсунка для пістолетів фарбувальних Shine-MINI HVLP діаметр;ok;1181.00;1181.00;+0.00%;1650.00;1340.00;-18.79%;13.20%;Пневматические краскопульты;Ні;*;Так;відсутній у фіді
NS-TTS-HV30-1.3;Форсунка для пістолетів фарбувальних TTS-HV30 HVLP діаметр ф;ok;1531.00;1531.00;+0.00%;6810.00;1740.00;-74.45%;13.20%;Пневматические краскопульты;Ні;*;Так;відсутній у фіді + подешевшало на 74.4%
NS-W-871-2.5;Форсунка для пістолетів фарбувальних W-871 HP діаметр форсун;ok;535.00;535.00;+0.00%;810.00;610.00;-24.69%;13.20%;Пневматические краскопульты;Так;*;Так;подешевшало на 24.7%
NTBT4004-X;Ящик для інструменту 4 секції 660(L)x307(W)x377(H)mm (TBT690;ok;9926.00;9926.00;+0.00%;12360.00;11410.00;-7.69%;14.95%;Ящики, сумки для инструментов;Ні;*;Так;відсутній у фіді
NITROMAC;Прилад для регулювання світла фар NitroMac;ok;25432.00;25432.00;+0.00%;31620.00;29250.00;-7.50%;15.00%;default;Ні;*;Так;відсутній у фіді
OG8;Маслонагнітаючий бачок 8л;ok;1458.00;1458.00;+0.00%;7190.00;1670.00;-76.77%;13.94%;Оборудование для замены масел и смазок;Так;*;Так;подешевшало на 76.8%
P630;"Степлер пневматичний під шпильку (PROFI) (0.64; 12-30) Ga23 ";ok;1874.00;1874.00;+0.00%;12710.00;2080.00;-83.63%;10.63%;Пневматические степлеры;Так;*;Так;подешевшало на 83.6%
PBKB2R2410;"Планка для головок (магнитная) TOPTUL 1/2""*240*10шт PBKB2R24";ok;405.00;405.00;+0.00%;530.00;470.00;-11.32%;15.14%;Торцевые головки;Ні;*;Так;відсутній у фіді
PBKB2R2414;"Тримач для головок (планка магнітна) 1/4 ""* 240 * 14PCS TOPT";ok;605.00;605.00;+0.00%;780.00;700.00;-10.26%;15.14%;Торцевые головки;Ні;*;Так;відсутній у фіді
PBKB4B26103;"Тримач для головок алюмінієвий TOPTUL (магнітна планка) 1/2""";ok;395.00;395.00;+0.00%;690.00;460.00;-33.33%;15.14%;Торцевые головки;Ні;*;Так;відсутній у фіді + подешевшало на 33.3%
PBW-053A;Сумка для інструменту 530x270x320 з колесами і телескопічною;ok;3913.00;3913.00;+0.00%;4890.00;4500.00;-7.98%;14.95%;Ящики, сумки для инструментов;Ні;*;Так;відсутній у фіді
PC-125GPR;Бачок пластиковий (внутрішня різьба M14*1) 125 мл AUARITA PC;ok;114.00;114.00;+0.00%;170.00;130.00;-23.53%;13.20%;Пневматические краскопульты;Так;*;Так;подешевшало на 23.5%
PC-600A;Бачок пластиковий (зовнішня різьба 3/8*1.337) 600 мл ITALCO ;ok;594.00;594.00;+0.00%;1150.00;680.00;-40.87%;13.20%;Пневматические краскопульты;Так;*;Так;подешевшало на 40.9%
PC-600D;Бачок пластиковий (зовнішня різьба 3/8*1.337) 600 мл ITALCO ;ok;738.00;738.00;+0.00%;1320.00;840.00;-36.36%;13.20%;Пневматические краскопульты;Так;*;Так;подешевшало на 36.4%
PC-600GPB;Бачок пластиковий (зовнішня різьба M14*1.25) 600 мл AUARITA ;ok;132.00;132.00;+0.00%;190.00;150.00;-21.05%;13.20%;Пневматические краскопульты;Так;*;Так;подешевшало на 21.1%
PC-600GPP;Бачок пластиковий (внутрішня різьба M16*1.5) 600 мл AUARITA ;ok;132.00;132.00;+0.00%;190.00;150.00;-21.05%;13.20%;Пневматические краскопульты;Так;*;Так;подешевшало на 21.1%
PCR6101;Знімач форсунок MERCEDES COMMON RAIL MB CDI 611 612 613 (ХЗС;ok;4455.00;4455.00;+0.00%;5560.00;5110.00;-8.09%;14.60%;Механические съемники;Ні;*;Так;відсутній у фіді
PL-1001;Фонарик карманный светодиодный (LED) аккумуляторный с магнит;ok;651.00;651.00;+0.00%;2680.00;750.00;-72.01%;15.00%;default;Так;*;Так;подешевшало на 72.0%
PLBN0106;"Плоскогубці з подовженими губками 6"" загнуті СТАНДАРТ PLBN01";ok;112.00;112.00;+0.00%;170.00;130.00;-23.53%;13.65%;Пассатижи, плоскогубцы, тонкогубцы;Так;*;Так;подешевшало на 23.5%
PLBN0108;"Плоскогубці з подовженими губками 8"" загнуті СТАНДАРТ PLBN01";ok;146.00;146.00;+0.00%;210.00;170.00;-19.05%;13.65%;Пассатижи, плоскогубцы, тонкогубцы;Ні;*;Так;відсутній у фіді
PLDC0106;"Бокорізи 6"" СТАНДАРТ";ok;117.00;117.00;+0.00%;170.00;140.00;-17.65%;13.65%;Бокорезы, кусачки;Ні;*;Так;відсутній у фіді
PLDC0107;"Бокорізи 7"" СТАНДАРТ";ok;142.00;142.00;+0.00%;200.00;170.00;-15.00%;13.65%;Бокорезы, кусачки;Ні;*;Так;відсутній у фіді
PLHD0107;"Бокорізи 7"" посилені СТАНДАРТ PLHD0107";ok;126.00;126.00;+0.00%;180.00;150.00;-16.67%;13.65%;Бокорезы, кусачки;Ні;*;Так;відсутній у фіді
PLLN0106;"Плоскогубці з подовженими губками 6"" СТАНДАРТ PLLN0106";ok;113.00;113.00;+0.00%;170.00;130.00;-23.53%;13.65%;Пассатижи, плоскогубцы, тонкогубцы;Ні;*;Так;відсутній у фіді + подешевшало на 23.5%
PLRN0106;"Круглогубці 6"" СТАНДАРТ";ok;119.00;119.00;+0.00%;180.00;140.00;-22.22%;13.65%;Пассатижи, плоскогубцы, тонкогубцы;Так;*;Так;подешевшало на 22.2%
PLSC0107;"Плоскогубці з боковим різом 7"" СТАНДАРТ PLSC0107";ok;144.00;144.00;+0.00%;210.00;170.00;-19.05%;13.65%;Пассатижи, плоскогубцы, тонкогубцы;Ні;*;Так;відсутній у фіді
PLSC0108;"Плоскогубці з боковим різом 8"" СТАНДАРТ PLSC0108";ok;163.00;163.00;+0.00%;230.00;190.00;-17.39%;13.65%;Пассатижи, плоскогубцы, тонкогубцы;Ні;*;Так;відсутній у фіді
PLWP0110;"Плоскогубці переставні 10"" СТАНДАРТ PLWP0110";ok;208.00;208.00;+0.00%;290.00;240.00;-17.24%;15.00%;default;Ні;*;Так;відсутній у фіді
PLWP0112;"Плоскогубці переставні 12"" СТАНДАРТ PLWP0112";ok;271.00;271.00;+0.00%;360.00;310.00;-13.89%;13.65%;Пассатижи, плоскогубцы, тонкогубцы;Ні;*;Так;відсутній у фіді
PLWS0106;"Кліщі для зняття ізоляції 6"" СТАНДАРТ";ok;132.00;132.00;+0.00%;190.00;160.00;-15.79%;15.00%;default;Ні;*;Так;відсутній у фіді
PM18C;Мультіметр цифровий багатофункціональний з True RMS PROTESTE;ok;1437.00;1437.00;+0.00%;1810.00;1660.00;-8.29%;15.51%;Мультиметры;Ні;*;Так;відсутній у фіді
PM300;Цифровий кишеньковий мультиметр PROTESTER PM300;ok;574.00;574.00;+0.00%;1900.00;670.00;-64.74%;15.51%;Мультиметры;Так;*;Так;подешевшало на 64.7%
PM5900;Тестер чергування фаз PROTESTER PM5900;ok;1650.00;1650.00;+0.00%;2080.00;1900.00;-8.65%;15.00%;default;Ні;*;Так;відсутній у фіді
PM6519A;Безконтактний інфрачервоний термометр (пірометр) -50-380° C ;ok;1267.00;1267.00;+0.00%;1600.00;1460.00;-8.75%;14.69%;Термометры, пирометры, тепловизоры;Ні;*;Так;відсутній у фіді
PM6519B;Безконтактний інфрачервоний термометр (пірометр) -50-550° C ;ok;1437.00;1437.00;+0.00%;1810.00;1650.00;-8.84%;14.69%;Термометры, пирометры, тепловизоры;Ні;*;Так;відсутній у фіді
PM830;Цифровий мультиметр PROTESTER PM830;ok;660.00;660.00;+0.00%;1060.00;770.00;-27.36%;15.51%;Мультиметры;Ні;*;Так;відсутній у фіді + подешевшало на 27.4%
PMT-0316;Рулетка професійна з автостопом полотна і магнітом 3м * 16мм;ok;102.00;102.00;+0.00%;160.00;120.00;-25.00%;15.17%;Измерительные рулетки;Так;*;Так;подешевшало на 25.0%
PMT-7E25;Рулетка професійна з автостопом полотна 7,5м * 25мм СТАНДАРТ;ok;131.00;131.00;+0.00%;190.00;160.00;-15.79%;15.17%;Измерительные рулетки;Ні;*;Так;відсутній у фіді
PPN-4000K;Підйомник ножничний пневматичний PPN-4000K 4т AIRKRAFT;ok;91476.00;91476.00;+0.00%;113670.00;104920.00;-7.70%;14.69%;Подъемники автомобильные;Ні;*;Так;відсутній у фіді
PQ-2U-1.8;Пістолет фарбувальний пневматичний тип HP ніжнметалбачок для;ok;1480.00;1480.00;+0.00%;2740.00;1680.00;-38.69%;13.20%;Пневматические краскопульты;Так;*;Так;подешевшало на 38.7%
PR12;Шланг полиуретановый армированный в бухте PR 50м 8*12мм AIRK;ok;2786.00;2786.00;+0.00%;12340.00;3210.00;-73.99%;15.00%;default;Так;*;Так;подешевшало на 74.0%
PR14;Шланг полиуретановый армированный в бухте PR 50м 10*14мм AIR;ok;3777.00;3777.00;+0.00%;6770.00;4350.00;-35.75%;15.00%;default;Так;*;Так;подешевшало на 35.7%
PR3812;"Перехідник з отвором 3/8""х1/2""";ok;69.00;69.00;+0.00%;120.00;80.00;-33.33%;15.14%;Торцевые головки;Так;*;Так;подешевшало на 33.3%
PR8;Шланг полиуретановый армированный в бухте PR 50м 5,5*8мм AIR;ok;1632.00;1632.00;+0.00%;3920.00;1880.00;-52.04%;15.00%;default;Так;*;Так;подешевшало на 52.0%
PRO-JS158;Пусковий зарядний пристрій для автомобіля (Бустер) з компрес;ok;4840.00;4840.00;+0.00%;6040.00;5570.00;-7.78%;15.00%;default;Ні;*;Так;відсутній у фіді
PRO-PD100W;Павербанк PD100W для ноутбуку 30000 mAh PROTESTER PRO-PD100W;ok;5280.00;5280.00;+0.00%;8500.00;6080.00;-28.47%;15.00%;default;Ні;*;Так;відсутній у фіді + подешевшало на 28.5%
PRO-PS1000B;Портативна зарядна станція 1000W/2000W(Max) 220V 933Wh 22.2V;ok;38280.00;38280.00;+0.00%;47590.00;44030.00;-7.48%;15.00%;default;Ні;*;Так;відсутній у фіді
PRO-PS1000D;Портативна зарядна станція 1000W/2000W(Max) LiFePO4 220V 896;ok;42240.00;42240.00;+0.00%;52510.00;48580.00;-7.48%;15.00%;default;Ні;*;Так;відсутній у фіді
PRO-PS1000F;Портативна зарядна станція 1000W/2000W(Max) 220V 999Wh 22.2V;ok;41360.00;41360.00;+0.00%;51410.00;47570.00;-7.47%;15.00%;default;Ні;*;Так;відсутній у фіді
PRO-PS1000G;Портативна зарядна станція 1000W/2000W(Max) 220V 1110Wh 22.2;ok;44000.00;44000.00;+0.00%;54690.00;50600.00;-7.48%;15.00%;default;Ні;*;Так;відсутній у фіді
PRO-PS1000H;Портативна зарядна станція 1200W/2000W(Max) 220V 974.4Wh 22.;ok;39600.00;39600.00;+0.00%;49230.00;45540.00;-7.50%;15.00%;default;Ні;*;Так;відсутній у фіді
PRO-PS1101LG;Портативна зарядна станція 1000W/2000W(Max) LiFePO4 220V 100;ok;38720.00;38720.00;+0.00%;48130.00;44530.00;-7.48%;15.00%;default;Ні;*;Так;відсутній у фіді
PRO-PS1200N;Портативна зарядна станція 1200W/2400W(Max) LiFePO4 220V 921;ok;40700.00;40700.00;+0.00%;50590.00;46810.00;-7.47%;15.00%;default;Ні;*;Так;відсутній у фіді
PRO-PS1500B;Портативна зарядна станція 1500W/3000W(Max) 220V 1328Wh 22.2;ok;61600.00;61600.00;+0.00%;76560.00;70840.00;-7.47%;15.00%;default;Ні;*;Так;відсутній у фіді
PRO-PS1500H;Портативна зарядна станція 1800W/2200W (Max) 220 V+12V Jump ;ok;1350.00;1350.00;+0.00%;18940.00;1560.00;-91.76%;15.00%;default;Ні;*;Так;відсутній у фіді + подешевшало на 91.8%
PRO-PS180E;Портативна зарядна станція 180W/220W(Max) 220V 166,5Wh 11.1V;ok;5720.00;5720.00;+0.00%;7130.00;6580.00;-7.71%;15.00%;default;Ні;*;Так;відсутній у фіді
PRO-PS2000F;Портативна зарядна станція 2000W/4000W(Max) 220V 1909.2Wh 22;ok;65560.00;65560.00;+0.00%;81480.00;75400.00;-7.46%;15.00%;default;Ні;*;Так;відсутній у фіді
PRO-PS2000G;Портативна зарядна станція 2000W/4000W(Max) 220V 2220Wh 22.2;ok;75240.00;75240.00;+0.00%;93500.00;86530.00;-7.45%;15.00%;default;Ні;*;Так;відсутній у фіді
PRO-PS300-2E;Портативна зарядна станція 300W/600W(Max) 220V 333Wh 11.1V/2;ok;8360.00;8360.00;+0.00%;11040.00;9620.00;-12.86%;15.00%;default;Ні;*;Так;відсутній у фіді
PRO-PS300B;Портативна зарядна станція 300W/600W PROTESTER PRO-PS300B;ok;238.00;238.00;+0.00%;320.00;280.00;-12.50%;15.00%;default;Ні;*;Так;відсутній у фіді
PRO-PS300E;Портативна зарядна станція 300W/600W(Max) 220V 333Wh 11.1V/2;ok;8360.00;8360.00;+0.00%;10410.00;9620.00;-7.59%;15.00%;default;Ні;*;Так;відсутній у фіді
PRO-PS301G;Портативна зарядна станція 300W/600W(Max) 220V 307,8Wh (83 2;ok;15400.00;15400.00;+0.00%;19160.00;17710.00;-7.57%;15.00%;default;Ні;*;Так;відсутній у фіді
PRO-PS500B;Портативна зарядна станція 500 W/1000W PROTESTER PRO-PS500B;ok;400.00;400.00;+0.00%;530.00;460.00;-13.21%;15.00%;default;Ні;*;Так;відсутній у фіді
PRO-PS500E;Портативна зарядна станція 500W/720W(Max) 220V 577,2Wh 11.1V;ok;18040.00;18040.00;+0.00%;22440.00;20750.00;-7.53%;15.00%;default;Ні;*;Так;відсутній у фіді
PRO-PS500H;Портативна зарядна станція 500W/1000W (Max) 220 V PROTESTER ;ok;560.00;560.00;+0.00%;17240.00;650.00;-96.23%;15.00%;default;Ні;*;Так;відсутній у фіді + подешевшало на 96.2%
PRO-PS551G;Портативна зарядна станція 550W/1000W(Max) 220V 500,24Wh (13;ok;24640.00;24640.00;+0.00%;30640.00;28340.00;-7.51%;15.00%;default;Ні;*;Так;відсутній у фіді
PRO-PS600H;Портативна зарядна станція 600W/1000W (Max) 220 V PROTESTER ;ok;530.00;530.00;+0.00%;4700.00;610.00;-87.02%;15.00%;default;Ні;*;Так;відсутній у фіді + подешевшало на 87.0%
PRO-PS700N;Портативна зарядна станція 700W/1200W(Max) LiFePO4 220V 576W;ok;26620.00;26620.00;+0.00%;33100.00;30620.00;-7.49%;15.00%;default;Ні;*;Так;відсутній у фіді
PRO-S10;Павербанк 10000 mAh з сонячною панелю PROTESTER PRO-S10;ok;932.00;932.00;+0.00%;4090.00;1080.00;-73.59%;15.00%;default;Ні;*;Так;відсутній у фіді + подешевшало на 73.6%
PRO-S20;Павербанк 20000 mAh з сонячними панелями (3од) PROTESTER PRO;ok;2420.00;2420.00;+0.00%;26330.00;2790.00;-89.40%;15.00%;default;Ні;*;Так;відсутній у фіді + подешевшало на 89.4%
PRO-S30;Павербанк 30000 mAh з сонячною панелю QC3.0 PROTESTER PRO-S3;ok;2860.00;2860.00;+0.00%;16750.00;3290.00;-80.36%;15.00%;default;Ні;*;Так;відсутній у фіді + подешевшало на 80.4%
PRO-VS8802;Ендоскоп USB для смартфона автомобільний PROTESTER PRO-VS880;ok;1760.00;1760.00;+0.00%;2210.00;1990.00;-9.95%;12.96%;Технические эндоскопы, видеоскопы;Ні;*;Так;відсутній у фіді
PRO-VS9801;Ендоскоп USB для смартфона автомобільний PROTESTER PRO-VS980;ok;1760.00;1760.00;+0.00%;2210.00;1990.00;-9.95%;12.96%;Технические эндоскопы, видеоскопы;Ні;*;Так;відсутній у фіді
PRO-YT120W;Портативна сонячна панель 120W PROTESTER PRO-YT120W;ok;13200.00;13200.00;+0.00%;16430.00;15180.00;-7.61%;15.00%;default;Ні;*;Так;відсутній у фіді
PRO-YT210W;Портативна сонячна панель 210W PROTESTER PRO-YT210W;ok;24200.00;24200.00;+0.00%;30090.00;27830.00;-7.51%;15.00%;default;Ні;*;Так;відсутній у фіді
PRO5500;Детектор прихованої проводки дерева металу PROTESTER PRO5500;ok;2124.00;2124.00;+0.00%;50110.00;2450.00;-95.11%;15.00%;default;Ні;*;Так;відсутній у фіді + подешевшало на 95.1%
PS-2;Пістолет піскоструйний пневматичний зі шлангом AUARITA PS-2;ok;732.00;732.00;+0.00%;7300.00;810.00;-88.90%;10.63%;Пневматические пескоструйные пистолеты;Так;*;Так;подешевшало на 88.9%
PS-3;Пістолет піскоструминний пневматичний зі шлангом AUARITA PS-;ok;787.00;787.00;+0.00%;3010.00;880.00;-70.76%;10.63%;Пневматические пескоструйные пистолеты;Так;*;Так;подешевшало на 70.8%
PS-3A;Пистолет пескоструйный пневматический со шлангом AIRKRAFT PS;ok;643.00;643.00;+0.00%;4160.00;720.00;-82.69%;10.63%;Пневматические пескоструйные пистолеты;Так;*;Так;подешевшало на 82.7%
PS-4;Пістолет піскоструминний пневматичний ніжнметалбачок AUARITA;ok;784.00;784.00;+0.00%;1310.00;870.00;-33.59%;10.63%;Пневматические пескоструйные пистолеты;Так;*;Так;подешевшало на 33.6%
PS-4A;Пистолет пескоструйный пневматический нижний металлический б;ok;368.00;368.00;+0.00%;4960.00;410.00;-91.73%;10.63%;Пневматические пескоструйные пистолеты;Так;*;Так;подешевшало на 91.7%
PS-6;Пістолет пневматичний для нанесення антигравійного і антикор;ok;443.00;443.00;+0.00%;1430.00;510.00;-64.34%;14.33%;Комплектующие и запчасти для инструмента;Так;*;Так;подешевшало на 64.3%
PS-8;Пістолет пневматичний для нанесення антигравійного і антикор;ok;397.00;397.00;+0.00%;3170.00;450.00;-85.80%;13.20%;Пневматические распылительные пистолеты;Так;*;Так;подешевшало на 85.8%
PS-8A;Пневмопистолет для нанесения антигравийных и антикоррозионны;ok;274.00;274.00;+0.00%;480.00;320.00;-33.33%;13.20%;Пневматические распылительные пистолеты;Так;*;Так;подешевшало на 33.3%
PU10;Шланг полиуретановый в бухте PU 50м 6,5*10мм AIRKRAFT PU10;ok;1511.00;1511.00;+0.00%;2590.00;1740.00;-32.82%;15.00%;default;Так;*;Так;подешевшало на 32.8%
PU12;Шланг полиуретановый в бухте PU 50м 8*12мм AIRKRAFT PU12;ok;2204.00;2204.00;+0.00%;3740.00;2540.00;-32.09%;15.00%;default;Так;*;Так;подешевшало на 32.1%
PU12-10;Шланг полиуретановый в бухте PU 50м 10*12мм AIRKRAFT PU12-10;ok;1610.00;1610.00;+0.00%;4580.00;1860.00;-59.39%;15.00%;default;Ні;*;Так;відсутній у фіді + подешевшало на 59.4%
PU4;Шланг полиуретановый в бухте PU 100м 2,5*4мм AIRKRAFT PU4;ok;990.00;990.00;+0.00%;33350.00;1140.00;-96.58%;15.00%;default;Так;*;Так;подешевшало на 96.6%
PU6;Шланг полиуретановый в бухте PU 50м 4*6мм AIRKRAFT PU6;ok;632.00;632.00;+0.00%;1110.00;730.00;-34.23%;15.00%;default;Ні;*;Так;відсутній у фіді + подешевшало на 34.2%
PU8;Шланг полиуретановый в бухте PU 50м 5,5*8мм AIRKRAFT PU8;ok;1040.00;1040.00;+0.00%;2960.00;1200.00;-59.46%;15.00%;default;Так;*;Так;подешевшало на 59.5%
PILOT HD;Мультимарочний сканер для діагностики вантажних автомобілів ;ok;41800.00;41800.00;+0.00%;51960.00;47930.00;-7.76%;14.66%;Автомобильные диагностические сканеры;Ні;*;Так;відсутній у фіді
PILOT SCAN TPMS;Мультимарковий діагностичний сканер LAUNCH PILOT SCAN TPMS;ok;31752.00;31752.00;+0.00%;39480.00;36410.00;-7.78%;14.66%;Автомобильные диагностические сканеры;Ні;*;Так;відсутній у фіді
R-110;Алкотестер TRISCO R-110;ok;2154.00;2154.00;+0.00%;4000.00;2480.00;-38.00%;15.00%;default;Ні;*;Так;відсутній у фіді + подешевшало на 38.0%
R-510;Тестер акумуляторних батарей (стрілочний);ok;2755.00;2755.00;+0.00%;3450.00;3150.00;-8.70%;14.29%;Тестеры для аккумуляторов;Ні;*;Так;відсутній у фіді
R-510D;Тестер акумуляторних батарей (цифровий);ok;3091.00;3091.00;+0.00%;3870.00;3540.00;-8.53%;14.29%;Тестеры для аккумуляторов;Ні;*;Так;відсутній у фіді
R-600;Мультитестер міні;ok;1138.00;1138.00;+0.00%;3720.00;1320.00;-64.52%;15.51%;Мультиметры;Ні;*;Так;відсутній у фіді + подешевшало на 64.5%
R-620D;Цифровий мультиметр TRISCO R-620D;ok;1474.00;1474.00;+0.00%;2010.00;1710.00;-14.93%;15.51%;Мультиметры;Ні;*;Так;відсутній у фіді
R100;Далекомір лазерний 100м PROTESTER R100;ok;2842.00;2842.00;+0.00%;6530.00;3270.00;-49.92%;14.97%;Лазерные дальномеры;Ні;*;Так;відсутній у фіді + подешевшало на 49.9%
R150;Далекомір лазерний 150м PROTESTER R150;ok;3199.00;3199.00;+0.00%;16700.00;3680.00;-77.96%;14.97%;Лазерные дальномеры;Ні;*;Так;відсутній у фіді + подешевшало на 78.0%
R450;Безповітряний розпилювач з фарбувальним пістолетом (0.9кВт 2;ok;22208.00;22208.00;+0.00%;75060.00;25540.00;-65.97%;15.00%;default;Так;*;Так;подешевшало на 66.0%
R470;Апарат безповітряного фарбування AEROPRO R470;ok;28984.00;28984.00;+0.00%;38260.00;33340.00;-12.86%;15.00%;default;Ні;*;Так;відсутній у фіді
RCFL0102;Прожектор світлодіодний акумуляторний 100W (LiFePO4 5000mAh);ok;1034.00;1034.00;+0.00%;1310.00;1190.00;-9.16%;15.00%;default;Ні;*;Так;відсутній у фіді
RCFL0152;Прожектор світлодіодний 150W аккумуляторный (LiFePO4 10000mA;ok;1320.00;1320.00;+0.00%;1670.00;1520.00;-8.98%;15.00%;default;Ні;*;Так;відсутній у фіді
RCFL0202;Прожектор світлодіодний акумуляторний 200W (LiFePO4 15000mAh;ok;1760.00;1760.00;+0.00%;2210.00;2030.00;-8.14%;15.00%;default;Ні;*;Так;відсутній у фіді
RCFL1001;Прожектор світлодіодний акумуляторний 100W (LiFePO4 15000mAh;ok;1848.00;1848.00;+0.00%;2320.00;2130.00;-8.19%;15.00%;default;Ні;*;Так;відсутній у фіді
RCFL2001;Прожектор світлодіодний акумуляторний 200W (LiFePO4 20000mAh;ok;2684.00;2684.00;+0.00%;3360.00;3090.00;-8.04%;15.00%;default;Ні;*;Так;відсутній у фіді
RCFL3001;Прожектор світлодіодний акумуляторний 300W (LiFePO4 25000mAh;ok;3520.00;3520.00;+0.00%;4400.00;4050.00;-7.95%;15.00%;default;Ні;*;Так;відсутній у фіді
RFF0200;Напилок круглий 200мм СТАНДАРТ RFF0200;ok;83.00;83.00;+0.00%;130.00;100.00;-23.08%;13.55%;Напильники и надфили;Так;*;Так;подешевшало на 23.1%
RGWR3601;Ключ храповика посилений S36 (ХЗСО) ХРАП36Х RGWR3601;ok;253.00;253.00;+0.00%;340.00;300.00;-11.76%;15.21%;Комбинированные ключи;Ні;*;Так;відсутній у фіді
RGWR3801;Ключ храповика посилений S38 (ХЗСО) ХРАП38Х RGWR3801;ok;265.00;265.00;+0.00%;360.00;310.00;-13.89%;15.21%;Комбинированные ключи;Ні;*;Так;відсутній у фіді
RK-AB-17-PT;Ремонтний комплект для пістолетів фарбувальних AB-17-PT AUAR;ok;200.00;200.00;+0.00%;280.00;230.00;-17.86%;13.20%;Пневматические краскопульты;Ні;*;Так;відсутній у фіді
RK-GFG;Ремонтний комплект для пістолетів фарбувальних GFG ITALCO RK;ok;362.00;362.00;+0.00%;480.00;410.00;-14.58%;13.20%;Пневматические краскопульты;Ні;*;Так;відсутній у фіді
RK-H-2000P;Ремонтний комплект для пістолетів фарбувальних H-2000P AUARI;ok;130.00;130.00;+0.00%;190.00;150.00;-21.05%;13.20%;Пневматические краскопульты;Так;*;Так;подешевшало на 21.1%
RK-H-2002;Ремонтний комплект для пістолетів фарбувальних H-2002 AUARIT;ok;400.00;400.00;+0.00%;890.00;460.00;-48.31%;14.33%;Комплектующие и запчасти для инструмента;Так;*;Так;подешевшало на 48.3%
RK-H-3000-PT;Ремкомплект для фарбувальних пістолетів H-3000-PT ITALCO RK-;ok;419.00;419.00;+0.00%;550.00;480.00;-12.73%;13.20%;Пневматические краскопульты;Ні;*;Так;відсутній у фіді
RK-H-5005;Ремонтний комплект для пістолетів фарбувальних H-5005 (RK-H-;ok;470.00;470.00;+0.00%;610.00;540.00;-11.48%;13.20%;Пневматические краскопульты;Ні;*;Так;відсутній у фіді
RK-H-827B;Ремонтний комплект для пістолетів фарбувальних H-827B AUARIT;ok;175.00;175.00;+0.00%;250.00;200.00;-20.00%;13.20%;Пневматические краскопульты;Так;*;Так;подешевшало на 20.0%
RK-H-970;Ремонтний комплект для пістолетів фарбувальних H-970 AUARITA;ok;175.00;175.00;+0.00%;250.00;200.00;-20.00%;13.20%;Пневматические краскопульты;Так;*;Так;подешевшало на 20.0%
RK-HD-1;Ремонтний комплект для пістолетів фарбувальних HD-1 ITALCO R;ok;362.00;362.00;+0.00%;1640.00;420.00;-74.39%;14.33%;Комплектующие и запчасти для инструмента;Так;*;Так;подешевшало на 74.4%
RK-K-200;Ремонтний комплект для пістолетів фарбувальних K-200 AUARITA;ok;295.00;295.00;+0.00%;500.00;340.00;-32.00%;13.20%;Пневматические краскопульты;Так;*;Так;подешевшало на 32.0%
RK-K-350;Ремонтний комплект для пістолетів фарбувальних K-350 AUARITA;ok;141.00;141.00;+0.00%;28370.00;160.00;-99.44%;13.20%;Пневматические краскопульты;Так;*;Так;подешевшало на 99.4%
RK-PT-2/PT-8;Ремонтний комплект для пістолетів фарбувальних PT-2/PT-8 AUA;ok;223.00;223.00;+0.00%;2500.00;260.00;-89.60%;14.33%;Комплектующие и запчасти для инструмента;Ні;*;Так;відсутній у фіді + подешевшало на 89.6%
RK-TTS-HV30;Ремонтний комплект для пістолетів фарбувальних TTS-HV30 ITAL;ok;362.00;362.00;+0.00%;480.00;410.00;-14.58%;13.20%;Пневматические краскопульты;Ні;*;Так;відсутній у фіді
RK-TTS-TE10;Ремонтний комплект для пістолетів фарбувальних TTS-TE10 ITAL;ok;362.00;362.00;+0.00%;480.00;410.00;-14.58%;13.20%;Пневматические краскопульты;Ні;*;Так;відсутній у фіді
RK12TR;"Ремкомплект до тріскачки 1/2"" RK12TR STANDART";ok;182.00;182.00;+0.00%;250.00;210.00;-16.00%;14.92%;Воротки, трещотки;Ні;*;Так;відсутній у фіді
RK14TR;"Ремкомплект до тріскачки 1/4"" RK14TR STANDART";ok;118.00;118.00;+0.00%;700.00;140.00;-80.00%;14.92%;Воротки, трещотки;Ні;*;Так;відсутній у фіді + подешевшало на 80.0%
RP17620;"Пневматична відрізна машинка 3"" (max 5мм; 18000об/хв) AEROPR";ok;1668.00;1668.00;+0.00%;2100.00;1850.00;-11.90%;10.47%;Пневмошлифмашины;Ні;*;Так;відсутній у фіді
RP7002;Набір зубил до молотка пневматичного RP7621 4 шт (SDS SDS MA;ok;156.00;156.00;+0.00%;250.00;180.00;-28.00%;15.34%;Пневматические зубила;Так;*;Так;подешевшало на 28.0%
RP7322;"Пневмонапильник (10-12 мм*330 мм;16000об/хв) AEROPRO RP7322";ok;2832.00;2832.00;+0.00%;3550.00;3130.00;-11.83%;10.47%;Пневмошлифмашины;Ні;*;Так;відсутній у фіді
RP7335S;Шліфувальна машинка пневматична орбитальна вакуумного типу 5;ok;4113.00;2309.00;-43.86%;5140.00;2560.00;-50.19%;10.47%;Пневмошлифмашины;Так;*;Так;подешевшало на 50.2%
RP7412;"Тріскачка пневматична 1/2"" (68N/m; 160об/хв) VALU-AIR (AIRKR";ok;1885.00;1885.00;+0.00%;2370.00;2090.00;-11.81%;10.38%;Пневматические гайковерты;Ні;*;Так;відсутній у фіді
RP7601;Пневматична шабельна пила для металу AEROPRO RP7601;ok;2708.00;2708.00;+0.00%;3390.00;3120.00;-7.96%;15.00%;default;Ні;*;Так;відсутній у фіді
RP8623N;Безповітряний розпилювач з фарбувальним пістолетом (0.75кВт ;ok;20192.00;20192.00;+0.00%;25110.00;23230.00;-7.49%;15.00%;default;Ні;*;Так;відсутній у фіді
RP8626;Безповітряний розпилювач з фарбувальним пістолетом (0.65кВт ;ok;14202.00;12238.00;-13.83%;17670.00;14080.00;-20.32%;15.00%;default;Так;*;Так;подешевшало на 20.3%
RSM-1;"Верстат дископравний 13""-22"" 380B AIRKRAFT RSM-1";ok;69000.00;69000.00;+0.00%;91080.00;79350.00;-12.88%;15.00%;default;Ні;*;Так;відсутній у фіді
RSM-2;"Верстат дископравний 13""-22"" 380B AIRKRAFT RSM-2";ok;72000.00;72000.00;+0.00%;95040.00;82800.00;-12.88%;15.00%;default;Ні;*;Так;відсутній у фіді
RSM-3;"Верстат дископравний 13""-22"" 380B AIRKRAFT RSM-3";ok;93000.00;93000.00;+0.00%;122760.00;106950.00;-12.88%;15.00%;default;Ні;*;Так;відсутній у фіді
RSPK0002;Задні зсувні платформи (2од) (ХЗСО) RSPK0002;ok;41468.00;41468.00;+0.00%;51550.00;47550.00;-7.76%;14.66%;Стенды регулировки развал-схождения колес;Ні;*;Так;відсутній у фіді
S-990G-1.5;Пістолет фарбувальний пневматичний тип HP верхній металевий ;ok;527.00;527.00;+0.00%;2500.00;600.00;-76.00%;13.20%;Пневматические краскопульты;Так;*;Так;подешевшало на 76.0%
S1283-2;Крестовое соединение с внутренней резьбой 1/4” AIRKRAFT S128;ok;81.00;81.00;+0.00%;140.00;100.00;-28.57%;15.00%;default;Так;*;Так;подешевшало на 28.6%
S135;"Тріскачка 1/4"" 36 зубців (пластикова масло-бензостійка ручка";ok;467.00;467.00;+0.00%;3360.00;540.00;-83.93%;14.92%;Воротки, трещотки;Так;*;Так;подешевшало на 83.9%
S2-2;Модуль разширення SensorBox (імітатор датчиков) для сканерів;ok;28600.00;28600.00;+0.00%;41990.00;32800.00;-21.89%;14.66%;Автомобильные диагностические сканеры;Так;*;Так;подешевшало на 21.9%
SAAB2415;"Полотно для мініножовкі по металу 24T L = 150mm (6 "") TOPTUL";ok;43.00;43.00;+0.00%;370.00;50.00;-86.49%;15.00%;default;Так;*;Так;подешевшало на 86.5%
SAAB2430;"Полотно для ножівки по металу 24T L = 300mm (12 "") TOPTUL SA";ok;135.00;135.00;+0.00%;1360.00;160.00;-88.24%;15.00%;default;Так;*;Так;подешевшало на 88.2%
SABP0107;Знімач підшипників півосі ВАЗ 2101-2107 (ХЗСО) СКППЖКрЛ SABP;ok;792.00;792.00;+0.00%;1010.00;910.00;-9.90%;14.60%;Съемники подшипников;Ні;*;Так;відсутній у фіді
SBAH0707;"Ножиці по металу прямі 7"" TOPTUL SBAH0707";ok;335.00;335.00;+0.00%;440.00;390.00;-11.36%;15.00%;default;Ні;*;Так;відсутній у фіді
SBAH1010;"Ножиці по металу прямі 10"" TOPTUL SBAH1010";ok;509.00;509.00;+0.00%;660.00;590.00;-10.61%;15.00%;default;Ні;*;Так;відсутній у фіді
SBAH1313;"Ножиці по металу прямі 13"" TOPTUL SBAH1313";ok;636.00;636.00;+0.00%;820.00;740.00;-9.76%;15.00%;default;Ні;*;Так;відсутній у фіді
SBBB1808;"Кусачки (болторіз) 18"" посилені TOPTUL SBBB1808";ok;1328.00;1328.00;+0.00%;1680.00;1510.00;-10.12%;13.65%;Болторезы;Ні;*;Так;відсутній у фіді
SBBB2410;"Кусачки (болторіз) 24"" посилені TOPTUL SBBB2410";ok;1814.00;1814.00;+0.00%;2280.00;2070.00;-9.21%;13.65%;Болторезы;Ні;*;Так;відсутній у фіді
SBBB3013;"Кусачки (болторіз) 30"" посилені TOPTUL SBBB3013";ok;2528.00;2528.00;+0.00%;3170.00;2880.00;-9.15%;13.65%;Болторезы;Ні;*;Так;відсутній у фіді
SBBB3616;"Кусачки (болторіз) 36"" посилені TOPTUL SBBB3616";ok;3409.00;3409.00;+0.00%;4260.00;3880.00;-8.92%;13.65%;Болторезы;Ні;*;Так;відсутній у фіді
SBBB4218;"Кусачки (болторіз) 42"" посилені TOPTUL SBBB4218";ok;4778.00;4778.00;+0.00%;5960.00;5440.00;-8.72%;13.65%;Болторезы;Ні;*;Так;відсутній у фіді
SBBH1010;"Ножиці по металу вигнуті 10"" TOPTUL SBBH1010";ok;606.00;606.00;+0.00%;810.00;700.00;-13.58%;15.00%;default;Ні;*;Так;відсутній у фіді
SBM0704;"Знімач сайлентблоков ""Москвич"" (ХЗСО) ССБМКрЛ SBM0704";ok;906.00;906.00;+0.00%;1150.00;1040.00;-9.57%;14.60%;Механические съемники;Ні;*;Так;відсутній у фіді
SBT-001;Змінне полотно для напилка пневматичного комплект 3 шт (10мм;ok;55.00;55.00;+0.00%;100.00;70.00;-30.00%;10.47%;Пневмошлифмашины;Так;*;Так;подешевшало на 30.0%
SBZ0808;Знімач сайлентблоків 2108-2110 (ХЗСО) ССБ08КрЛ SBZ0808;ok;1221.00;1221.00;+0.00%;1550.00;1400.00;-9.68%;14.60%;Механические съемники;Ні;*;Так;відсутній у фіді
SCB1018;Комплект лез для ножа 18мм ( 10шт ) СТАНДАРТ;ok;21.00;21.00;+0.00%;50.00;40.00;-20.00%;15.00%;default;Ні;*;Так;відсутній у фіді + подешевшало на 20.0%
SCP0407;Набір круглогубців для зняття стопорних кілець 4од СТАНДАРТ;ok;627.00;627.00;+0.00%;810.00;720.00;-11.11%;14.60%;Съемники стопорных колец;Ні;*;Так;відсутній у фіді
SCTF;Фільтр в нижній бачок пістолета фарбувального AUARITA SCTF;ok;20.00;20.00;+0.00%;110.00;40.00;-63.64%;13.20%;Пневматические краскопульты;Так;*;Так;подешевшало на 63.6%
SCY0250;Стяжки пружин L250 бугельні (ХЗСО) СТ250ЖХ SCY0250;ok;542.00;542.00;+0.00%;700.00;630.00;-10.00%;14.60%;Механические съемники;Ні;*;Так;відсутній у фіді
SCY0300;Стяжки пружин L300 бугельні (ХЗСО) СТ300ЖХ SCY0300;ok;606.00;606.00;+0.00%;780.00;700.00;-10.26%;14.60%;Механические съемники;Ні;*;Так;відсутній у фіді
SDP-380;"Станок дископравильний пневмогідравлічний 11""-26"" AIRKRAFT 3";ok;156816.00;156816.00;+0.00%;194850.00;180340.00;-7.45%;15.00%;default;Ні;*;Так;відсутній у фіді
SDPH0075;Викрутка хрестова PH0 x 75mm СТАНДАРТ;ok;28.00;28.00;+0.00%;60.00;40.00;-33.33%;15.29%;Отвертки;Ні;*;Так;відсутній у фіді + подешевшало на 33.3%
SDPH0110;Викрутка хрестова PH1 x 100mm СТАНДАРТ;ok;29.00;29.00;+0.00%;60.00;40.00;-33.33%;15.29%;Отвертки;Так;*;Так;подешевшало на 33.3%
SDPH0210;Викрутка хрестова PH2 x 100mm СТАНДАРТ;ok;36.00;36.00;+0.00%;80.00;50.00;-37.50%;15.29%;Отвертки;Ні;*;Так;відсутній у фіді + подешевшало на 37.5%
SDPH0215;Викрутка хрестова PH2 x 150mm СТАНДАРТ;ok;45.00;45.00;+0.00%;90.00;60.00;-33.33%;15.29%;Отвертки;Ні;*;Так;відсутній у фіді + подешевшало на 33.3%
SDPH0315;Викрутка хрестова PH3 x 150mm СТАНДАРТ;ok;59.00;59.00;+0.00%;100.00;70.00;-30.00%;15.29%;Отвертки;Так;*;Так;подешевшало на 30.0%
SDS05;Набір викруток 5 од СТАНДАРТ ( SL5x100 SL6x150 SL8x200 PH1x8;ok;221.00;221.00;+0.00%;1030.00;260.00;-74.76%;15.29%;Отвертки;Так;*;Так;подешевшало на 74.8%
SDS07;Набір викруток 7 од СТАНДАРТ ( SL3x75 SL4x100 SL5x150 SL6x15;ok;285.00;285.00;+0.00%;1010.00;330.00;-67.33%;15.29%;Отвертки;Так;*;Так;подешевшало на 67.3%
SDSL0375;Викрутка шліцева 3.0 x 75mm СТАНДАРТ;ok;28.00;28.00;+0.00%;60.00;40.00;-33.33%;15.29%;Отвертки;Так;*;Так;подешевшало на 33.3%
SDSL0410;Викрутка шліцева 4.0 x 100mm СТАНДАРТ;ok;33.00;33.00;+0.00%;90.00;40.00;-55.56%;15.29%;Отвертки;Так;*;Так;подешевшало на 55.6%
SDSL0510;Викрутка шліцева 5.0 x 100mm СТАНДАРТ;ok;34.00;34.00;+0.00%;80.00;40.00;-50.00%;15.29%;Отвертки;Ні;*;Так;відсутній у фіді + подешевшало на 50.0%
SDSL0515;Викрутка шліцева 5.0 x 150mm СТАНДАРТ;ok;44.00;44.00;+0.00%;90.00;60.00;-33.33%;15.29%;Отвертки;Так;*;Так;подешевшало на 33.3%
SDSL0610;Викрутка шліцева 6.0 x 100mm СТАНДАРТ;ok;43.00;43.00;+0.00%;90.00;50.00;-44.44%;15.29%;Отвертки;Так;*;Так;подешевшало на 44.4%
SDSL0615;Викрутка шліцева 6.0 x 150mm СТАНДАРТ;ok;47.00;47.00;+0.00%;130.00;60.00;-53.85%;15.29%;Отвертки;Так;*;Так;подешевшало на 53.8%
SDSL0820;Викрутка шліцева 8,0 х 200мм СТАНДАРТ;ok;61.00;61.00;+0.00%;100.00;80.00;-20.00%;15.29%;Отвертки;Так;*;Так;подешевшало на 20.0%
SE1-2PP;"Быстроразъёмное соединение на шланг ""папа"" 5.5X8мм (Ремкомпл";ok;70.00;70.00;+0.00%;120.00;90.00;-25.00%;14.33%;Комплектующие и запчасти для инструмента;Так;*;Так;подешевшало на 25.0%
SE1-2SF;"Быстроразъёмное соединение 1/4"" внутренняя резьба AIRKRAFT S";ok;97.00;97.00;+0.00%;150.00;120.00;-20.00%;14.33%;Комплектующие и запчасти для инструмента;Так;*;Так;подешевшало на 20.0%
SE1-2SH;Быстроразъёмное соединение на шланг 6мм AIRKRAFT SE1-2SH;ok;96.00;96.00;+0.00%;150.00;110.00;-26.67%;14.33%;Комплектующие и запчасти для инструмента;Так;*;Так;подешевшало на 26.7%
SE1-2SM;"Быстроразъёмное соединение 1/4"" внешняя резьба AIRKRAFT SE1-";ok;97.00;97.00;+0.00%;150.00;120.00;-20.00%;14.33%;Комплектующие и запчасти для инструмента;Так;*;Так;подешевшало на 20.0%
SE1-3PP;"Быстроразъёмное соединение на шланг ""папа"" 6.5X10мм (Ремкомп";ok;74.00;74.00;+0.00%;120.00;90.00;-25.00%;14.33%;Комплектующие и запчасти для инструмента;Так;*;Так;подешевшало на 25.0%
SE1-3SF;"Быстроразъёмное соединение 3/8"" внутренняя резьба AIRKRAFT S";ok;100.00;100.00;+0.00%;150.00;120.00;-20.00%;14.33%;Комплектующие и запчасти для инструмента;Так;*;Так;подешевшало на 20.0%
SE1-3SH;Быстроразъёмное соединение на шланг 8мм AIRKRAFT SE1-3SH;ok;96.00;96.00;+0.00%;150.00;110.00;-26.67%;14.33%;Комплектующие и запчасти для инструмента;Так;*;Так;подешевшало на 26.7%
SE1-3SM;"Быстроразъёмное соединение 3/8"" внешняя резьба AIRKRAFT SE1-";ok;92.00;92.00;+0.00%;140.00;110.00;-21.43%;15.00%;default;Так;*;Так;подешевшало на 21.4%
SE1-4SF;"Быстроразъёмное соединение 1/2"" внутренняя резьба AIRKRAFT S";ok;112.00;112.00;+0.00%;170.00;130.00;-23.53%;14.33%;Комплектующие и запчасти для инструмента;Так;*;Так;подешевшало на 23.5%
SE1-4SH;Быстроразъёмное соединение на шланг 10мм AIRKRAFT SE1-4SH;ok;99.00;99.00;+0.00%;150.00;120.00;-20.00%;15.00%;default;Так;*;Так;подешевшало на 20.0%
SE1-4SM;"Быстроразъёмное соединение 1/2"" внешняя резьба AIRKRAFT SE1-";ok;111.00;111.00;+0.00%;170.00;130.00;-23.53%;14.33%;Комплектующие и запчасти для инструмента;Так;*;Так;подешевшало на 23.5%
SE2-2PM;"Переходник ""папа"" 1/4"" внешняя резьба (PROFI) AIRKRAFT Made ";ok;40.00;46.00;+15.00%;80.00;60.00;-25.00%;14.33%;Комплектующие и запчасти для инструмента;Так;*;Так;подешевшало на 25.0%
SE3-2PF;"Переходник ""папа"" 1/4"" внутренняя резьба AIRKRAFT SE3-2PF";ok;26.00;26.00;+0.00%;60.00;40.00;-33.33%;14.33%;Комплектующие и запчасти для инструмента;Так;*;Так;подешевшало на 33.3%
SE3-2PH;"Переходник ""папа"" со шланга 6мм AIRKRAFT SE3-2PH";ok;31.00;31.00;+0.00%;70.00;40.00;-42.86%;14.33%;Комплектующие и запчасти для инструмента;Так;*;Так;подешевшало на 42.9%
SE3-2PM;"Переходник ""папа"" 1/4"" внешняя резьба AIRKRAFT SE3-2PM";ok;15.00;15.00;+0.00%;50.00;40.00;-20.00%;14.33%;Комплектующие и запчасти для инструмента;Так;*;Так;подешевшало на 20.0%
SE3-3PF;"Переходник ""папа"" 3/8"" внутренняя резьба AIRKRAFT SE3-3PF";ok;27.00;27.00;+0.00%;60.00;40.00;-33.33%;14.33%;Комплектующие и запчасти для инструмента;Так;*;Так;подешевшало на 33.3%
SE3-3PH;"Переходник ""папа"" со шланга 8мм AIRKRAFT SE3-3PH";ok;31.00;31.00;+0.00%;70.00;40.00;-42.86%;14.33%;Комплектующие и запчасти для инструмента;Так;*;Так;подешевшало на 42.9%
SE3-3PM;"Переходник ""папа"" 3/8"" внешняя резьба AIRKRAFT SE3-3PM";ok;25.00;25.00;+0.00%;60.00;40.00;-33.33%;14.33%;Комплектующие и запчасти для инструмента;Так;*;Так;подешевшало на 33.3%
SE3-4PF;"Переходник ""папа"" 1/2"" внутренняя резьба AIRKRAFT SE3-4PF";ok;44.00;44.00;+0.00%;80.00;60.00;-25.00%;15.00%;default;Так;*;Так;подешевшало на 25.0%
SE3-4PH;"Переходник ""папа"" со шланга 10мм AIRKRAFT SE3-4PH";ok;33.00;33.00;+0.00%;70.00;40.00;-42.86%;14.33%;Комплектующие и запчасти для инструмента;Так;*;Так;подешевшало на 42.9%
SE3-4PM;"Переходник ""папа"" 1/2"" внешняя резьба AIRKRAFT SE3-4PM";ok;33.00;33.00;+0.00%;70.00;40.00;-42.86%;14.33%;Комплектующие и запчасти для инструмента;Так;*;Так;подешевшало на 42.9%
SE6-4PP;"Быстроразъёмное соединение на шланг ""папа"" 8X12мм (Ремкомпле";ok;95.00;95.00;+0.00%;150.00;110.00;-26.67%;14.33%;Комплектующие и запчасти для инструмента;Так;*;Так;подешевшало на 26.7%
SFF04-04;Резьбовое соединение с внутренней резьбой 1/4 * 1/4 AIRKRAFT;ok;28.00;28.00;+0.00%;60.00;40.00;-33.33%;15.00%;default;Так;*;Так;подешевшало на 33.3%
SFSC-01;Глушитель звука пневматический латунный 1/8“ AIRKRAFT SFSC-0;ok;22.00;22.00;+0.00%;150.00;40.00;-73.33%;14.33%;Комплектующие и запчасти для инструмента;Так;*;Так;подешевшало на 73.3%
SFSC-02;Глушитель звука пневматический латунный 1/4“ AIRKRAFT SFSC-0;ok;35.00;35.00;+0.00%;70.00;50.00;-28.57%;14.33%;Комплектующие и запчасти для инструмента;Так;*;Так;подешевшало на 28.6%
SFSC-03;Глушитель звука пневматический латунный 3/8“ AIRKRAFT SFSC-0;ok;48.00;48.00;+0.00%;90.00;60.00;-33.33%;14.33%;Комплектующие и запчасти для инструмента;Так;*;Так;подешевшало на 33.3%
SFSC-04;Глушитель звука пневматический латунный 1/2“ AIRKRAFT SFSC-0;ok;59.00;59.00;+0.00%;120.00;70.00;-41.67%;14.33%;Комплектующие и запчасти для инструмента;Так;*;Так;подешевшало на 41.7%
SG-PT-2-PT8;Пістолет фарбувальний пневматичний тип HP без бачка для PT-2;ok;1561.00;1561.00;+0.00%;2450.00;1770.00;-27.76%;13.20%;Пневматические краскопульты;Так;*;Так;подешевшало на 27.8%
SHF2000;Кувалда 2000г ручка з фібергласу СТАНДАРТ;ok;500.00;500.00;+0.00%;650.00;570.00;-12.31%;13.55%;Молотки, кувалды, киянки;Ні;*;Так;відсутній у фіді
SHR2901;Заклепочник СТАНДАРТ;ok;159.00;159.00;+0.00%;230.00;180.00;-21.74%;10.63%;Ручные заклепочники;Так;*;Так;подешевшало на 21.7%
SHVFF04;Соединение цанговое для полиуретановых шлангов PU/PR с регул;ok;73.00;73.00;+0.00%;120.00;90.00;-25.00%;15.00%;default;Так;*;Так;подешевшало на 25.0%
SHVFF06;Соединение цанговое для полиуретановых шлангов PU/PR с регул;ok;76.00;76.00;+0.00%;120.00;90.00;-25.00%;15.00%;default;Так;*;Так;подешевшало на 25.0%
SHVFF08;Соединение цанговое для полиуретановых шлангов PU/PR с регул;ok;95.00;95.00;+0.00%;150.00;110.00;-26.67%;15.00%;default;Так;*;Так;подешевшало на 26.7%
SHVFF10;Соединение цанговое для полиуретановых шлангов PU/PR с регул;ok;111.00;111.00;+0.00%;170.00;130.00;-23.53%;15.00%;default;Так;*;Так;подешевшало на 23.5%
SHW1000;Кувалда 1000г ручка з дерева СТАНДАРТ;ok;281.00;281.00;+0.00%;4960.00;320.00;-93.55%;13.55%;Молотки, кувалды, киянки;Так;*;Так;подешевшало на 93.5%
SHW2000;Кувалда 2000г ручка з дерева СТАНДАРТ;ok;469.00;469.00;+0.00%;610.00;540.00;-11.48%;13.55%;Молотки, кувалды, киянки;Ні;*;Так;відсутній у фіді
SK0220-1;Знімач трьохзахватний універсальний (довжина лап 120 235 285;ok;6099.00;6099.00;+0.00%;7610.00;6990.00;-8.15%;14.60%;Съемники подшипников;Ні;*;Так;відсутній у фіді
SK23L3;Знімач двох-трьохзахватний з фіксацією (75-100мм) Chrome van;ok;661.00;661.00;+0.00%;1050.00;760.00;-27.62%;14.60%;Съемники подшипников;Так;*;Так;подешевшало на 27.6%
SK23L8;Знімач двох-трьохзахватний з фіксацією (200-250мм) Chrome va;ok;1035.00;1035.00;+0.00%;3600.00;1190.00;-66.94%;14.60%;Съемники подшипников;Так;*;Так;подешевшало на 66.9%
SK2L10;"Знімач двозахватний 10"" (250мм) Chrome vanadium";ok;771.00;771.00;+0.00%;1170.00;890.00;-23.93%;14.60%;Съемники подшипников;Так;*;Так;подешевшало на 23.9%
SK2L12;"Знімач двозахватний 12"" (300мм) Chrome vanadium";ok;1051.00;1051.00;+0.00%;1530.00;1210.00;-20.92%;14.60%;Съемники подшипников;Так;*;Так;подешевшало на 20.9%
SK2L14;"Знімач двозахватний 14"" (350мм) Chrome vanadium";ok;1910.00;1910.00;+0.00%;2400.00;2190.00;-8.75%;14.60%;Съемники подшипников;Ні;*;Так;відсутній у фіді
SK2L4;"Знімач двозахватний 4"" (100мм) Chrome vanadium";ok;214.00;214.00;+0.00%;1110.00;250.00;-77.48%;14.60%;Съемники подшипников;Так;*;Так;подешевшало на 77.5%
SK2L8;"Знімач двозахватний 8"" (200мм) Chrome vanadium";ok;491.00;491.00;+0.00%;790.00;570.00;-27.85%;14.60%;Съемники подшипников;Так;*;Так;подешевшало на 27.8%
SK2R2F;"Знімач двозахватний ""рейка"" з фіксацією 38х65мм Chrome vanad";ok;159.00;159.00;+0.00%;250.00;190.00;-24.00%;14.60%;Съемники подшипников;Так;*;Так;подешевшало на 24.0%
SK2R3F;"Знімач двозахватний ""рейка"" з фіксацією 40х80мм Chrome vanad";ok;179.00;179.00;+0.00%;280.00;210.00;-25.00%;14.60%;Съемники подшипников;Так;*;Так;подешевшало на 25.0%
SK2R5;"Знімач двозахватний ""рейка"" № 5 160х170мм Chrome vanadium";ok;968.00;968.00;+0.00%;2500.00;1110.00;-55.60%;14.60%;Съемники подшипников;Так;*;Так;подешевшало на 55.6%
SK2R5F;"Знімач двозахватний ""рейка"" з фіксацією 70х120мм Chrome vana";ok;332.00;332.00;+0.00%;500.00;390.00;-22.00%;14.60%;Съемники подшипников;Так;*;Так;подешевшало на 22.0%
SK3L10;"Знімач трьохзахватний 10"" (250мм) Chrome vanadium";ok;1134.00;1134.00;+0.00%;1670.00;1300.00;-22.16%;14.60%;Съемники подшипников;Так;*;Так;подешевшало на 22.2%
SK3L3;"Знімач трьохзахватний 3"" (75мм) Chrome vanadium";ok;197.00;197.00;+0.00%;1270.00;230.00;-81.89%;14.60%;Съемники подшипников;Так;*;Так;подешевшало на 81.9%
SK3L4;"Знімач трьохзахватний 4"" (100мм) Chrome vanadium";ok;280.00;280.00;+0.00%;870.00;330.00;-62.07%;14.60%;Съемники подшипников;Так;*;Так;подешевшало на 62.1%
SK3L8;"Знімач трьохзахватний 8"" (200мм) Chrome vanadium";ok;624.00;624.00;+0.00%;980.00;720.00;-26.53%;14.60%;Съемники подшипников;Так;*;Так;подешевшало на 26.5%
SLAD0505V0;Комплект запасних лез до ножа SFAC5018V4 TOPTUL SLAD0505V0;ok;654.00;654.00;+0.00%;840.00;760.00;-9.52%;15.00%;default;Ні;*;Так;відсутній у фіді
SLFL0601;Прожектор світлодіодний акумуляторний 60W (LiFePO4 10000mAh);ok;1540.00;1540.00;+0.00%;1940.00;1780.00;-8.25%;15.00%;default;Ні;*;Так;відсутній у фіді
SLFL1001;Прожектор світлодіодний акумуляторний 100W (LiFePO4 20000mAh;ok;1980.00;1980.00;+0.00%;2490.00;2280.00;-8.43%;15.00%;default;Ні;*;Так;відсутній у фіді
SLFL1501;Прожектор світлодіодний акумуляторний 150W (LiFePO4 30000mAh;ok;2640.00;2640.00;+0.00%;3310.00;3040.00;-8.16%;15.00%;default;Ні;*;Так;відсутній у фіді
SLFL2001;Прожектор світлодіодний акумуляторний 200W (LiFePO4 30000mAh;ok;3520.00;3520.00;+0.00%;4400.00;4050.00;-7.95%;15.00%;default;Ні;*;Так;відсутній у фіді
SMART50-210-220-ITALY;Компресор поршневий Vрес=50л 210л/хв 220V 1,5кВт SMART50-210;ok;12760.00;12760.00;+0.00%;15880.00;13920.00;-12.34%;9.05%;Компрессоры поршневые;Ні;*;Так;відсутній у фіді
SMH04-04;Переходник с наружной резьбой 1/4 на шланг 6мм AIRKRAFT SMH0;ok;24.00;29.00;+20.83%;60.00;40.00;-33.33%;15.00%;default;Так;*;Так;подешевшало на 33.3%
SMH04-05;Переходник с наружной резьбой 1/4 на шланг 8мм AIRKRAFT SMH0;ok;29.00;29.00;+0.00%;60.00;40.00;-33.33%;15.00%;default;Так;*;Так;подешевшало на 33.3%
SMH04-06;Переходник с наружной резьбой 1/4 на шланг 10мм AIRKRAFT SMH;ok;30.00;30.00;+0.00%;70.00;40.00;-42.86%;15.00%;default;Так;*;Так;подешевшало на 42.9%
SMH04-08;Переходник с наружной резьбой 1/4 на шланг 12мм AIRKRAFT SMH;ok;24.00;24.00;+0.00%;60.00;40.00;-33.33%;15.00%;default;Так;*;Так;подешевшало на 33.3%
SMH08-05;Переходник наружная резьба 1/2 на шланг 8мм AIRKRAFT SMH08-0;ok;37.00;37.00;+0.00%;70.00;50.00;-28.57%;15.00%;default;Так;*;Так;подешевшало на 28.6%
SMH08-06;Переходник наружная резьба 1/2 на шланг 10мм AIRKRAFT SMH08-;ok;39.00;39.00;+0.00%;80.00;50.00;-37.50%;15.00%;default;Так;*;Так;подешевшало на 37.5%
SMH08-08;Переходник наружная резьба 1/2 на шланг 12мм AIRKRAFT SMH08-;ok;49.00;49.00;+0.00%;90.00;60.00;-33.33%;15.00%;default;Так;*;Так;подешевшало на 33.3%
SMM04-04;Резьбовое соединение с наружной резьбой 1/4 * 1/4 AIRKRAFT S;ok;27.00;27.00;+0.00%;160.00;40.00;-75.00%;15.00%;default;Так;*;Так;подешевшало на 75.0%
SMM08-04;Резьбовое соединение с наружной резьбой 1/4 * 1/2 AIRKRAFT S;ok;29.00;29.00;+0.00%;60.00;40.00;-33.33%;15.00%;default;Так;*;Так;подешевшало на 33.3%
SMT-0316;Рулетка професійна 3м * 16мм СТАНДАРТ SMT-0316;ok;54.00;54.00;+0.00%;100.00;70.00;-30.00%;15.17%;Измерительные рулетки;Ні;*;Так;відсутній у фіді + подешевшало на 30.0%
SMT-0519;Рулетка професійна 5м * 19мм СТАНДАРТ SMT-0519;ok;81.00;81.00;+0.00%;160.00;100.00;-37.50%;15.17%;Измерительные рулетки;Ні;*;Так;відсутній у фіді + подешевшало на 37.5%
SMT-7E25;Рулетка професійна 7,5м * 25мм СТАНДАРТ;ok;119.00;119.00;+0.00%;230.00;140.00;-39.13%;15.17%;Измерительные рулетки;Ні;*;Так;відсутній у фіді + подешевшало на 39.1%
SN-01;Распылитель пневматический для нанесения штукатурки на стену;ok;2288.00;2288.00;+0.00%;14490.00;2600.00;-82.06%;13.20%;Пневматические штукатурные распылители;Так;*;Так;подешевшало на 82.1%
SN-304;Комплект нержавіючих ремонтних сіток (5 од,115х148мм) TRISCO;ok;452.00;452.00;+0.00%;2350.00;520.00;-77.87%;15.00%;default;Ні;*;Так;відсутній у фіді + подешевшало на 77.9%
SP008;"Мини-масленка для пневмоинструмента 1/4"" AIRKRAFT SP008";ok;89.00;89.00;+0.00%;450.00;110.00;-75.56%;14.33%;Комплектующие и запчасти для инструмента;Так;*;Так;подешевшало на 75.6%
SP009-10;"Клапан предохранительный 1/4"" (10 атмосфер) AIRKRAFT SP009-1";ok;45.00;45.00;+0.00%;80.00;60.00;-25.00%;15.00%;default;Так;*;Так;подешевшало на 25.0%
SP009-8;"Клапан предохранительный 1/4"" (8 атмосфер) AIRKRAFT SP009-8";ok;45.00;45.00;+0.00%;290.00;60.00;-79.31%;15.00%;default;Ні;*;Так;відсутній у фіді + подешевшало на 79.3%
SP01000002;Встановлення для обслуговування кондиціонерів (автоматичне) ;ok;166110.00;166110.00;+0.00%;190060.00;191030.00;+0.51%;15.00%;default;Ні;*;Так;відсутній у фіді
SP024;Регулятор давления воздуха для краскопульта AIRKRAFT SP024;ok;265.00;265.00;+0.00%;600.00;300.00;-50.00%;13.20%;Пневматические краскопульты;Так;*;Так;подешевшало на 50.0%
SP304ST;"Знімач підшипників трьозахватний 4"" (100mm) СТАНДАРТ";ok;194.00;194.00;+0.00%;420.00;230.00;-45.24%;14.60%;Съемники подшипников;Так;*;Так;подешевшало на 45.2%
SP306ST;"Знімач підшипників трьозахватний 6"" (150mm) СТАНДАРТ";ok;283.00;283.00;+0.00%;490.00;330.00;-32.65%;14.60%;Съемники подшипников;Так;*;Так;подешевшало на 32.7%
SP5101A;Манометр шинный AIRKRAFT SP5101A;ok;50.00;50.00;+0.00%;90.00;60.00;-33.33%;15.24%;Автомобильные насосы, компрессоры и манометры;Так;*;Так;подешевшало на 33.3%
SPA04;Соединение цанговое для полиуретановых шлангов PU/PR с регул;ok;52.00;52.00;+0.00%;1120.00;60.00;-94.64%;15.00%;default;Так;*;Так;подешевшало на 94.6%
SPA06;Соединение цанговое для полиуретановых шлангов PU/PR с регул;ok;56.00;56.00;+0.00%;260.00;70.00;-73.08%;15.00%;default;Так;*;Так;подешевшало на 73.1%
SPA08;Соединение цанговое для полиуретановых шлангов PU/PR с регул;ok;75.00;75.00;+0.00%;830.00;90.00;-89.16%;15.00%;default;Так;*;Так;подешевшало на 89.2%
SPA10;Соединение цанговое для полиуретановых шлангов PU/PR с регул;ok;132.00;132.00;+0.00%;480.00;160.00;-66.67%;15.00%;default;Так;*;Так;подешевшало на 66.7%
SPA12;Соединение цанговое для полиуретановых шлангов PU/PR с регул;ok;198.00;198.00;+0.00%;500.00;230.00;-54.00%;15.00%;default;Так;*;Так;подешевшало на 54.0%
SPB04-01;Соединение цанговое для полиуретановых шлангов PU/PR (Т-обр ;ok;28.00;28.00;+0.00%;60.00;40.00;-33.33%;15.00%;default;Так;*;Так;подешевшало на 33.3%
SPB04-02;Соединение цанговое для полиуретановых шлангов PU/PR (Т-обр ;ok;30.00;30.00;+0.00%;70.00;40.00;-42.86%;15.00%;default;Так;*;Так;подешевшало на 42.9%
SPB06-01;Соединение цанговое для полиуретановых шлангов PU/PR (Т-обр ;ok;28.00;28.00;+0.00%;60.00;40.00;-33.33%;15.00%;default;Так;*;Так;подешевшало на 33.3%
SPB06-02;Соединение цанговое для полиуретановых шлангов PU/PR (Т-обр ;ok;32.00;32.00;+0.00%;580.00;40.00;-93.10%;15.00%;default;Так;*;Так;подешевшало на 93.1%
SPB06-03;Соединение цанговое для полиуретановых шлангов PU/PR (Т-обр ;ok;47.00;47.00;+0.00%;90.00;60.00;-33.33%;15.00%;default;Так;*;Так;подешевшало на 33.3%
SPB08-01;Соединение цанговое для полиуретановых шлангов PU/PR (Т-обр ;ok;34.00;34.00;+0.00%;70.00;40.00;-42.86%;15.00%;default;Так;*;Так;подешевшало на 42.9%
SPB08-02;Соединение цанговое для полиуретановых шлангов PU/PR (Т-обр ;ok;34.00;34.00;+0.00%;70.00;40.00;-42.86%;15.00%;default;Так;*;Так;подешевшало на 42.9%
SPB08-03;Соединение цанговое для полиуретановых шлангов PU/PR (Т-обр ;ok;48.00;48.00;+0.00%;90.00;60.00;-33.33%;15.00%;default;Так;*;Так;подешевшало на 33.3%
SPB08-04;Соединение цанговое для полиуретановых шлангов PU/PR (Т-обр ;ok;57.00;57.00;+0.00%;100.00;70.00;-30.00%;15.00%;default;Так;*;Так;подешевшало на 30.0%
SPB10-01;Соединение цанговое для полиуретановых шлангов PU/PR (Т-обр ;ok;43.00;43.00;+0.00%;290.00;50.00;-82.76%;15.00%;default;Так;*;Так;подешевшало на 82.8%
SPB10-02;Соединение цанговое для полиуретановых шлангов PU/PR (Т-обр ;ok;47.00;47.00;+0.00%;90.00;60.00;-33.33%;15.00%;default;Так;*;Так;подешевшало на 33.3%
SPB10-03;Соединение цанговое для полиуретановых шлангов PU/PR (Т-обр ;ok;53.00;53.00;+0.00%;150.00;70.00;-53.33%;15.00%;default;Так;*;Так;подешевшало на 53.3%
SPB10-04;Соединение цанговое для полиуретановых шлангов PU/PR (Т-обр ;ok;61.00;61.00;+0.00%;100.00;80.00;-20.00%;15.00%;default;Так;*;Так;подешевшало на 20.0%
SPB12-02;Соединение цанговое для полиуретановых шлангов PU/PR (Т-обр ;ok;60.00;60.00;+0.00%;100.00;70.00;-30.00%;15.00%;default;Так;*;Так;подешевшало на 30.0%
SPB12-03;Соединение цанговое для полиуретановых шлангов PU/PR (Т-обр ;ok;63.00;63.00;+0.00%;110.00;80.00;-27.27%;15.00%;default;Так;*;Так;подешевшало на 27.3%
SPB12-04;Соединение цанговое для полиуретановых шлангов PU/PR (Т-обр ;ok;62.00;62.00;+0.00%;110.00;80.00;-27.27%;15.00%;default;Так;*;Так;подешевшало на 27.3%
SPC04-01;Соединение цанговое для полиуретановых шлангов PU/PR (прямое;ok;15.00;18.00;+20.00%;50.00;40.00;-20.00%;15.00%;default;Так;*;Так;подешевшало на 20.0%
SPC04-02;Соединение цанговое для полиуретановых шлангов PU/PR (прямое;ok;19.00;21.00;+10.53%;770.00;40.00;-94.81%;15.00%;default;Так;*;Так;подешевшало на 94.8%
SPC06-01;Соединение цанговое для полиуретановых шлангов PU/PR (прямое;ok;15.00;19.00;+26.67%;50.00;40.00;-20.00%;15.00%;default;Так;*;Так;подешевшало на 20.0%
SPC06-02;Соединение цанговое для полиуретановых шлангов PU/PR (прямое;ok;30.00;36.00;+20.00%;70.00;50.00;-28.57%;15.00%;default;Так;*;Так;подешевшало на 28.6%
SPC06-03;Соединение цанговое для полиуретановых шлангов PU/PR (прямое;ok;30.00;34.00;+13.33%;130.00;40.00;-69.23%;15.00%;default;Так;*;Так;подешевшало на 69.2%
SPC08-01;Соединение цанговое для полиуретановых шлангов PU/PR (прямое;ok;19.00;23.00;+21.05%;50.00;40.00;-20.00%;15.00%;default;Так;*;Так;подешевшало на 20.0%
SPC08-02;Соединение цанговое для полиуретановых шлангов PU/PR (прямое;ok;19.00;25.00;+31.58%;50.00;40.00;-20.00%;15.00%;default;Так;*;Так;подешевшало на 20.0%
SPC08-03;Соединение цанговое для полиуретановых шлангов PU/PR (прямое;ok;29.00;35.00;+20.69%;80.00;50.00;-37.50%;15.00%;default;Так;*;Так;подешевшало на 37.5%
SPC08-04;Соединение цанговое для полиуретановых шлангов PU/PR (прямое;ok;54.00;67.00;+24.07%;100.00;80.00;-20.00%;15.00%;default;Так;*;Так;подешевшало на 20.0%
SPC10-01;Соединение цанговое для полиуретановых шлангов PU/PR (прямое;ok;27.00;32.00;+18.52%;60.00;40.00;-33.33%;15.00%;default;Так;*;Так;подешевшало на 33.3%
SPC10-02;Соединение цанговое для полиуретановых шлангов PU/PR (прямое;ok;38.00;54.00;+42.11%;340.00;70.00;-79.41%;15.00%;default;Так;*;Так;подешевшало на 79.4%
SPC10-03;Соединение цанговое для полиуретановых шлангов PU/PR (прямое;ok;30.00;37.00;+23.33%;90.00;50.00;-44.44%;15.00%;default;Так;*;Так;подешевшало на 44.4%
SPC10-04;Соединение цанговое для полиуретановых шлангов PU/PR (прямое;ok;48.00;52.00;+8.33%;90.00;60.00;-33.33%;15.00%;default;Так;*;Так;подешевшало на 33.3%
SPC12-02;Соединение цанговое для полиуретановых шлангов PU/PR (прямое;ok;39.00;43.00;+10.26%;170.00;50.00;-70.59%;15.00%;default;Так;*;Так;подешевшало на 70.6%
SPC12-03;Соединение цанговое для полиуретановых шлангов PU/PR (прямое;ok;35.00;42.00;+20.00%;200.00;50.00;-75.00%;15.00%;default;Так;*;Так;подешевшало на 75.0%
SPC12-04;Соединение цанговое для полиуретановых шлангов PU/PR (прямое;ok;51.00;57.00;+11.76%;90.00;70.00;-22.22%;15.00%;default;Так;*;Так;подешевшало на 22.2%
SPCF04-01;Соединение цанговое для полиуретановых шлангов PU/PR (прямое;ok;24.00;28.00;+16.67%;60.00;40.00;-33.33%;15.00%;default;Так;*;Так;подешевшало на 33.3%
SPCF04-02;Соединение цанговое для полиуретановых шлангов PU/PR (прямое;ok;35.00;37.00;+5.71%;70.00;50.00;-28.57%;15.00%;default;Так;*;Так;подешевшало на 28.6%
SPCF06-01;Соединение цанговое для полиуретановых шлангов PU/PR (прямое;ok;27.00;27.00;+0.00%;60.00;40.00;-33.33%;15.00%;default;Так;*;Так;подешевшало на 33.3%
SPCF06-02;Соединение цанговое для полиуретановых шлангов PU/PR (прямое;ok;34.00;42.00;+23.53%;70.00;50.00;-28.57%;15.00%;default;Так;*;Так;подешевшало на 28.6%
SPCF06-03;Соединение цанговое для полиуретановых шлангов PU/PR (прямое;ok;48.00;48.00;+0.00%;90.00;60.00;-33.33%;15.00%;default;Так;*;Так;подешевшало на 33.3%
SPCF08-01;Соединение цанговое для полиуретановых шлангов PU/PR (прямое;ok;25.00;29.00;+16.00%;60.00;40.00;-33.33%;15.00%;default;Так;*;Так;подешевшало на 33.3%
SPCF08-02;Соединение цанговое для полиуретановых шлангов PU/PR (прямое;ok;39.00;43.00;+10.26%;80.00;50.00;-37.50%;15.00%;default;Так;*;Так;подешевшало на 37.5%
SPCF08-03;Соединение цанговое для полиуретановых шлангов PU/PR (прямое;ok;46.00;46.00;+0.00%;90.00;60.00;-33.33%;15.00%;default;Так;*;Так;подешевшало на 33.3%
SPCF08-04;Соединение цанговое для полиуретановых шлангов PU/PR (прямое;ok;62.00;62.00;+0.00%;110.00;80.00;-27.27%;15.00%;default;Так;*;Так;подешевшало на 27.3%
SPCF10-01;Соединение цанговое для полиуретановых шлангов PU/PR (прямое;ok;42.00;42.00;+0.00%;80.00;50.00;-37.50%;15.00%;default;Так;*;Так;подешевшало на 37.5%
SPCF10-02;Соединение цанговое для полиуретановых шлангов PU/PR (прямое;ok;39.00;48.00;+23.08%;80.00;60.00;-25.00%;15.00%;default;Так;*;Так;подешевшало на 25.0%
SPCF10-03;Соединение цанговое для полиуретановых шлангов PU/PR (прямое;ok;53.00;53.00;+0.00%;90.00;70.00;-22.22%;15.00%;default;Так;*;Так;подешевшало на 22.2%
SPCF10-04;Соединение цанговое для полиуретановых шлангов PU/PR (прямое;ok;70.00;70.00;+0.00%;120.00;90.00;-25.00%;15.00%;default;Так;*;Так;подешевшало на 25.0%
SPCF12-03;Соединение цанговое для полиуретановых шлангов PU/PR (прямое;ok;56.00;56.00;+0.00%;100.00;70.00;-30.00%;15.00%;default;Так;*;Так;подешевшало на 30.0%
SPE04;Соединение цанговое для полиуретановых шлангов PU/PR (Т-обр ;ok;14.00;14.00;+0.00%;550.00;40.00;-92.73%;15.00%;default;Так;*;Так;подешевшало на 92.7%
SPE06;Соединение цанговое для полиуретановых шлангов PU/PR (Т-обр ;ok;15.00;15.00;+0.00%;410.00;40.00;-90.24%;15.00%;default;Так;*;Так;подешевшало на 90.2%
SPE06-08;Соединение цанговое для полиуретановых шлангов PU/PR (Т-обр ;ok;19.00;19.00;+0.00%;50.00;40.00;-20.00%;15.00%;default;Ні;*;Так;відсутній у фіді + подешевшало на 20.0%
SPE08;Соединение цанговое для полиуретановых шлангов PU/PR (Т-обр ;ok;16.00;16.00;+0.00%;370.00;40.00;-89.19%;15.00%;default;Так;*;Так;подешевшало на 89.2%
SPE08-06;Соединение цанговое для полиуретановых шлангов PU/PR (Т-обр ;ok;16.00;16.00;+0.00%;50.00;40.00;-20.00%;15.00%;default;Так;*;Так;подешевшало на 20.0%
SPE10;Соединение цанговое для полиуретановых шлангов PU/PR (Т-обр ;ok;22.00;22.00;+0.00%;15520.00;40.00;-99.74%;15.00%;default;Так;*;Так;подешевшало на 99.7%
SPE12;Соединение цанговое для полиуретановых шлангов PU/PR (Т-обр ;ok;24.00;24.00;+0.00%;11230.00;40.00;-99.64%;15.00%;default;Так;*;Так;подешевшало на 99.6%
SPL04-01;Соединение цанговое для полиуретановых шлангов PU/PR (Г-обр ;ok;19.00;19.00;+0.00%;50.00;40.00;-20.00%;15.00%;default;Так;*;Так;подешевшало на 20.0%
SPL04-02;Соединение цанговое для полиуретановых шлангов PU/PR (Г-обр ;ok;24.00;24.00;+0.00%;60.00;40.00;-33.33%;15.00%;default;Так;*;Так;подешевшало на 33.3%
SPL06-01;Соединение цанговое для полиуретановых шлангов PU/PR (Г-обр ;ok;22.00;24.00;+9.09%;60.00;40.00;-33.33%;15.00%;default;Так;*;Так;подешевшало на 33.3%
SPL06-02;Соединение цанговое для полиуретановых шлангов PU/PR (Г-обр ;ok;25.00;28.00;+12.00%;60.00;40.00;-33.33%;15.00%;default;Так;*;Так;подешевшало на 33.3%
SPL06-03;Соединение цанговое для полиуретановых шлангов PU/PR (Г-обр ;ok;34.00;34.00;+0.00%;70.00;40.00;-42.86%;15.00%;default;Так;*;Так;подешевшало на 42.9%
SPL08-01;Соединение цанговое для полиуретановых шлангов PU/PR (Г-обр ;ok;25.00;29.00;+16.00%;60.00;40.00;-33.33%;15.00%;default;Так;*;Так;подешевшало на 33.3%
SPL08-02;Соединение цанговое для полиуретановых шлангов PU/PR (Г-обр ;ok;28.00;29.00;+3.57%;60.00;40.00;-33.33%;15.00%;default;Так;*;Так;подешевшало на 33.3%
SPL08-03;Соединение цанговое для полиуретановых шлангов PU/PR (Г-обр ;ok;37.00;37.00;+0.00%;70.00;50.00;-28.57%;15.00%;default;Так;*;Так;подешевшало на 28.6%
SPL08-04;Соединение цанговое для полиуретановых шлангов PU/PR (Г-обр ;ok;53.00;55.00;+3.77%;90.00;70.00;-22.22%;15.00%;default;Так;*;Так;подешевшало на 22.2%
SPL10-01;Соединение цанговое для полиуретановых шлангов PU/PR (Г-обр ;ok;37.00;37.00;+0.00%;90.00;50.00;-44.44%;15.00%;default;Так;*;Так;подешевшало на 44.4%
SPL10-02;Соединение цанговое для полиуретановых шлангов PU/PR (Г-обр ;ok;39.00;42.00;+7.69%;100.00;50.00;-50.00%;15.00%;default;Так;*;Так;подешевшало на 50.0%
SPL10-03;Соединение цанговое для полиуретановых шлангов PU/PR (Г-обр ;ok;44.00;44.00;+0.00%;80.00;60.00;-25.00%;15.00%;default;Так;*;Так;подешевшало на 25.0%
SPL10-04;Соединение цанговое для полиуретановых шлангов PU/PR (Г-обр ;ok;53.00;53.00;+0.00%;90.00;70.00;-22.22%;15.00%;default;Так;*;Так;подешевшало на 22.2%
SPL12-02;Соединение цанговое для полиуретановых шлангов PU/PR (Г-обр ;ok;54.00;54.00;+0.00%;100.00;70.00;-30.00%;15.00%;default;Так;*;Так;подешевшало на 30.0%
SPL12-03;Соединение цанговое для полиуретановых шлангов PU/PR (Г-обр ;ok;56.00;56.00;+0.00%;140.00;70.00;-50.00%;15.00%;default;Ні;*;Так;відсутній у фіді + подешевшало на 50.0%
SPL12-04;Соединение цанговое для полиуретановых шлангов PU/PR (Г-обр ;ok;54.00;54.00;+0.00%;100.00;70.00;-30.00%;15.00%;default;Так;*;Так;подешевшало на 30.0%
SPLF04-01;Соединение цанговое для полиуретановых шлангов PU/PR (Г-обр ;ok;25.00;25.00;+0.00%;60.00;40.00;-33.33%;15.00%;default;Так;*;Так;подешевшало на 33.3%
SPLF04-02;Соединение цанговое для полиуретановых шлангов PU/PR (Г-обр ;ok;28.00;28.00;+0.00%;60.00;40.00;-33.33%;15.00%;default;Так;*;Так;подешевшало на 33.3%
SPLF06-01;Соединение цанговое для полиуретановых шлангов PU/PR (Г-обр ;ok;34.00;34.00;+0.00%;70.00;40.00;-42.86%;15.00%;default;Так;*;Так;подешевшало на 42.9%
SPLF06-02;Соединение цанговое для полиуретановых шлангов PU/PR (Г-обр ;ok;37.00;37.00;+0.00%;70.00;50.00;-28.57%;15.00%;default;Так;*;Так;подешевшало на 28.6%
SPLF06-03;Соединение цанговое для полиуретановых шлангов PU/PR (Г-обр ;ok;40.00;40.00;+0.00%;80.00;50.00;-37.50%;15.00%;default;Так;*;Так;подешевшало на 37.5%
SPLF08-01;Соединение цанговое для полиуретановых шлангов PU/PR (Г-обр ;ok;39.00;39.00;+0.00%;80.00;50.00;-37.50%;15.00%;default;Так;*;Так;подешевшало на 37.5%
SPLF08-02;Соединение цанговое для полиуретановых шлангов PU/PR (Г-обр ;ok;42.00;42.00;+0.00%;80.00;50.00;-37.50%;15.00%;default;Так;*;Так;подешевшало на 37.5%
SPLF08-03;Соединение цанговое для полиуретановых шлангов PU/PR (Г-обр ;ok;40.00;40.00;+0.00%;80.00;50.00;-37.50%;15.00%;default;Так;*;Так;подешевшало на 37.5%
SPLF08-04;Соединение цанговое для полиуретановых шлангов PU/PR (Г-обр ;ok;62.00;62.00;+0.00%;110.00;80.00;-27.27%;15.00%;default;Так;*;Так;подешевшало на 27.3%
SPLF10-01;Соединение цанговое для полиуретановых шлангов PU/PR (Г-обр ;ok;39.00;39.00;+0.00%;80.00;50.00;-37.50%;15.00%;default;Так;*;Так;подешевшало на 37.5%
SPLF10-02;Соединение цанговое для полиуретановых шлангов PU/PR (Г-обр ;ok;46.00;46.00;+0.00%;90.00;60.00;-33.33%;15.00%;default;Так;*;Так;подешевшало на 33.3%
SPLF10-03;Соединение цанговое для полиуретановых шлангов PU/PR (Г-обр ;ok;46.00;46.00;+0.00%;90.00;60.00;-33.33%;15.00%;default;Так;*;Так;подешевшало на 33.3%
SPLF10-04;Соединение цанговое для полиуретановых шлангов PU/PR (Г-обр ;ok;70.00;70.00;+0.00%;120.00;90.00;-25.00%;15.00%;default;Так;*;Так;подешевшало на 25.0%
SPLF12-02;Соединение цанговое для полиуретановых шлангов PU/PR (Г-обр ;ok;61.00;61.00;+0.00%;100.00;80.00;-20.00%;15.00%;default;Так;*;Так;подешевшало на 20.0%
SPLF12-03;Соединение цанговое для полиуретановых шлангов PU/PR (Г-обр ;ok;66.00;66.00;+0.00%;110.00;80.00;-27.27%;15.00%;default;Так;*;Так;подешевшало на 27.3%
SPLF12-04;Соединение цанговое для полиуретановых шлангов PU/PR (Г-обр ;ok;71.00;71.00;+0.00%;120.00;90.00;-25.00%;15.00%;default;Так;*;Так;подешевшало на 25.0%
SPP0301;Набір шарнірно - губцевого інструменту 3од ( плоскогубці бок;ok;479.00;479.00;+0.00%;620.00;560.00;-9.68%;15.17%;Наборы инструментов;Ні;*;Так;відсутній у фіді
SPSL-01;Глушитель звука пневматический пластиковый 1/8“ AIRKRAFT SPS;ok;16.00;16.00;+0.00%;50.00;40.00;-20.00%;14.33%;Комплектующие и запчасти для инструмента;Так;*;Так;подешевшало на 20.0%
SPSL-02;Глушитель звука пневматический пластиковый 1/4“ AIRKRAFT SPS;ok;14.00;14.00;+0.00%;50.00;40.00;-20.00%;14.33%;Комплектующие и запчасти для инструмента;Так;*;Так;подешевшало на 20.0%
SPSL-03;Глушитель звука пневматический пластиковый 3/8“ AIRKRAFT SPS;ok;30.00;30.00;+0.00%;70.00;40.00;-42.86%;14.33%;Комплектующие и запчасти для инструмента;Так;*;Так;подешевшало на 42.9%
SPSL-04;Глушитель звука пневматический пластиковый 1/2“ AIRKRAFT SPS;ok;30.00;34.00;+13.33%;70.00;40.00;-42.86%;14.33%;Комплектующие и запчасти для инструмента;Так;*;Так;подешевшало на 42.9%
SPSW1635;Ключ свічковий 16мм довгий з карданом L350mm СТАНДАРТ;ok;172.00;172.00;+0.00%;240.00;200.00;-16.67%;15.14%;Торцевые ключи;Ні;*;Так;відсутній у фіді
SPU04;Соединение цанговое для полиуретановых шлангов PU/PR (прямое;ok;10.00;10.00;+0.00%;10590.00;40.00;-99.62%;15.00%;default;Так;*;Так;подешевшало на 99.6%
SPU06;Соединение цанговое для полиуретановых шлангов PU/PR (прямое;ok;10.00;10.00;+0.00%;5120.00;40.00;-99.22%;15.00%;default;Так;*;Так;подешевшало на 99.2%
SPU08;Соединение цанговое для полиуретановых шлангов PU/PR (прямое;ok;23.00;23.00;+0.00%;3310.00;40.00;-98.79%;15.00%;default;Так;*;Так;подешевшало на 98.8%
SPU10;Соединение цанговое для полиуретановых шлангов PU/PR (прямое;ok;25.00;25.00;+0.00%;4080.00;40.00;-99.02%;15.00%;default;Так;*;Так;подешевшало на 99.0%
SPU12;Соединение цанговое для полиуретановых шлангов PU/PR (прямое;ok;27.00;27.00;+0.00%;380.00;40.00;-89.47%;15.00%;default;Так;*;Так;подешевшало на 89.5%
SPV04;Соединение цанговое для полиуретановых шлангов PU/PR (Г-обр ;ok;10.00;10.00;+0.00%;120.00;40.00;-66.67%;15.00%;default;Так;*;Так;подешевшало на 66.7%
SPV06;Соединение цанговое для полиуретановых шлангов PU/PR (Г-обр ;ok;11.00;11.00;+0.00%;5850.00;40.00;-99.32%;15.00%;default;Так;*;Так;подешевшало на 99.3%
SPV08;Соединение цанговое для полиуретановых шлангов PU/PR (Г-обр ;ok;13.00;13.00;+0.00%;50.00;40.00;-20.00%;15.00%;default;Так;*;Так;подешевшало на 20.0%
SPV10;Соединение цанговое для полиуретановых шлангов PU/PR (Г-обр ;ok;15.00;15.00;+0.00%;8810.00;40.00;-99.55%;15.00%;default;Так;*;Так;подешевшало на 99.5%
SPV12;Соединение цанговое для полиуретановых шлангов PU/PR (Г-обр ;ok;18.00;18.00;+0.00%;3290.00;40.00;-98.78%;15.00%;default;Так;*;Так;подешевшало на 98.8%
SPX06-01;Соединение цанговое для полиуретановых шлангов PU/PR (Y-обр ;ok;34.00;34.00;+0.00%;70.00;40.00;-42.86%;15.00%;default;Так;*;Так;подешевшало на 42.9%
SPX06-02;Соединение цанговое для полиуретановых шлангов PU/PR (Y-обр ;ok;37.00;37.00;+0.00%;70.00;50.00;-28.57%;15.00%;default;Так;*;Так;подешевшало на 28.6%
SPX06-03;Соединение цанговое для полиуретановых шлангов PU/PR (Y-обр ;ok;47.00;47.00;+0.00%;90.00;60.00;-33.33%;15.00%;default;Так;*;Так;подешевшало на 33.3%
SPX08-01;Соединение цанговое для полиуретановых шлангов PU/PR (Y-обр ;ok;40.00;40.00;+0.00%;80.00;50.00;-37.50%;15.00%;default;Так;*;Так;подешевшало на 37.5%
SPX08-02;Соединение цанговое для полиуретановых шлангов PU/PR (Y-обр ;ok;42.00;42.00;+0.00%;80.00;50.00;-37.50%;15.00%;default;Так;*;Так;подешевшало на 37.5%
SPX08-03;Соединение цанговое для полиуретановых шлангов PU/PR (Y-обр ;ok;48.00;48.00;+0.00%;90.00;60.00;-33.33%;15.00%;default;Так;*;Так;подешевшало на 33.3%
SPX08-04;Соединение цанговое для полиуретановых шлангов PU/PR (Y-обр ;ok;62.00;62.00;+0.00%;110.00;80.00;-27.27%;15.00%;default;Так;*;Так;подешевшало на 27.3%
SPX10-01;Соединение цанговое для полиуретановых шлангов PU/PR (Y-обр ;ok;43.00;43.00;+0.00%;80.00;50.00;-37.50%;15.00%;default;Так;*;Так;подешевшало на 37.5%
SPX10-02;Соединение цанговое для полиуретановых шлангов PU/PR (Y-обр ;ok;47.00;47.00;+0.00%;90.00;60.00;-33.33%;15.00%;default;Так;*;Так;подешевшало на 33.3%
SPX10-03;Соединение цанговое для полиуретановых шлангов PU/PR (Y-обр ;ok;53.00;53.00;+0.00%;90.00;70.00;-22.22%;15.00%;default;Так;*;Так;подешевшало на 22.2%
SPX10-04;Соединение цанговое для полиуретановых шлангов PU/PR (Y-обр ;ok;66.00;66.00;+0.00%;110.00;80.00;-27.27%;15.00%;default;Так;*;Так;подешевшало на 27.3%
SPX12-02;Соединение цанговое для полиуретановых шлангов PU/PR (Y-обр ;ok;61.00;61.00;+0.00%;100.00;80.00;-20.00%;15.00%;default;Так;*;Так;подешевшало на 20.0%
SPX12-03;Соединение цанговое для полиуретановых шлангов PU/PR (Y-обр ;ok;63.00;63.00;+0.00%;110.00;80.00;-27.27%;15.00%;default;Так;*;Так;подешевшало на 27.3%
SPX12-04;Соединение цанговое для полиуретановых шлангов PU/PR (Y-обр ;ok;70.00;70.00;+0.00%;120.00;90.00;-25.00%;15.00%;default;Так;*;Так;подешевшало на 25.0%
SPY04;Соединение цанговое для полиуретановых шлангов PU/PR (Y-обр ;ok;15.00;15.00;+0.00%;350.00;40.00;-88.57%;15.00%;default;Так;*;Так;подешевшало на 88.6%
SPY06;Соединение цанговое для полиуретановых шлангов PU/PR (Y-обр ;ok;26.00;26.00;+0.00%;230.00;40.00;-82.61%;15.00%;default;Так;*;Так;подешевшало на 82.6%
SPY08;Соединение цанговое для полиуретановых шлангов PU/PR (Y-обр ;ok;18.00;18.00;+0.00%;1880.00;40.00;-97.87%;15.00%;default;Так;*;Так;подешевшало на 97.9%
SPY10;Соединение цанговое для полиуретановых шлангов PU/PR (Y-обр ;ok;36.00;36.00;+0.00%;250.00;50.00;-80.00%;15.00%;default;Так;*;Так;подешевшало на 80.0%
SPY12;Соединение цанговое для полиуретановых шлангов PU/PR (Y-обр ;ok;27.00;27.00;+0.00%;280.00;40.00;-85.71%;15.00%;default;Так;*;Так;подешевшало на 85.7%
SPZA04;Соединение цанговое для полиуретановых шлангов PU/PR (Х-обр ;ok;19.00;19.00;+0.00%;50.00;40.00;-20.00%;15.00%;default;Так;*;Так;подешевшало на 20.0%
SPZA06;Соединение цанговое для полиуретановых шлангов PU/PR (Х-обр ;ok;19.00;19.00;+0.00%;50.00;40.00;-20.00%;15.00%;default;Так;*;Так;подешевшало на 20.0%
SPZA08;Соединение цанговое для полиуретановых шлангов PU/PR (Х-обр ;ok;19.00;19.00;+0.00%;50.00;40.00;-20.00%;15.00%;default;Так;*;Так;подешевшало на 20.0%
SPZA10;Соединение цанговое для полиуретановых шлангов PU/PR (Х-обр ;ok;28.00;28.00;+0.00%;60.00;40.00;-33.33%;15.00%;default;Так;*;Так;подешевшало на 33.3%
SPZA12;Соединение цанговое для полиуретановых шлангов PU/PR (Х-обр ;ok;30.00;30.00;+0.00%;70.00;40.00;-42.86%;15.00%;default;Так;*;Так;подешевшало на 42.9%
SQF0150;Напилок квадратний 150мм СТАНДАРТ SQF0150;ok;52.00;52.00;+0.00%;90.00;60.00;-33.33%;13.55%;Напильники и надфили;Ні;*;Так;відсутній у фіді + подешевшало на 33.3%
SQF0200;Напилок квадратний 200мм СТАНДАРТ SQF0200;ok;90.00;90.00;+0.00%;140.00;110.00;-21.43%;13.55%;Напильники и надфили;Так;*;Так;подешевшало на 21.4%
SQF0250;Напилок квадратний 250мм СТАНДАРТ SQF0250;ok;97.00;97.00;+0.00%;150.00;120.00;-20.00%;13.55%;Напильники и надфили;Ні;*;Так;відсутній у фіді + подешевшало на 20.0%
SQRT0008;Квадрат 08мм (ХЗСО) КВ08Х SQRT0008;ok;145.00;145.00;+0.00%;210.00;170.00;-19.05%;14.60%;Механические съемники;Ні;*;Так;відсутній у фіді
SQRT0009;Квадрат 09мм (москвич) (ХЗСО) SQRT0009;ok;145.00;145.00;+0.00%;210.00;170.00;-19.05%;14.60%;Механические съемники;Ні;*;Так;відсутній у фіді
SQRT0010;Квадрат 10мм (ХЗСО) КВ10Х SQRT0010;ok;174.00;174.00;+0.00%;240.00;200.00;-16.67%;14.60%;Механические съемники;Ні;*;Так;відсутній у фіді
SRDW2108;Ключ для розбирання рейки ВАЗ 2108-2109 (цементовий) (ХЗСО) ;ok;233.00;233.00;+0.00%;320.00;270.00;-15.62%;15.00%;default;Ні;*;Так;відсутній у фіді
SSVP001;Знімач сальників клапанів і підшипників коленвала (ХЗСО) ССК;ok;612.00;612.00;+0.00%;790.00;710.00;-10.13%;15.00%;default;Ні;*;Так;відсутній у фіді
ST-0108-12;"Автомобільний набір інструментів 1/4"" 1/2"" 108ед (12-гр) СТА";ok;2932.00;2932.00;+0.00%;3670.00;3380.00;-7.90%;15.17%;Наборы инструментов;Ні;*;Так;відсутній у фіді
ST-1224;"Набір інструментів 1/2"" 24 од СТАНДАРТ ST-1224";ok;2507.00;2507.00;+0.00%;3760.00;2890.00;-23.14%;15.17%;Наборы инструментов;Ні;*;Так;відсутній у фіді + подешевшало на 23.1%
ST-1226;"Набір інструментів 1/2"" 26 од СТАНДАРТ ST-1226";ok;1864.00;1864.00;+0.00%;3600.00;2150.00;-40.28%;15.17%;Наборы инструментов;Так;*;Так;подешевшало на 40.3%
ST-1426;"Набір інструментів 1/4"" 26 од СТАНДАРТ ST-1426";ok;841.00;841.00;+0.00%;1910.00;970.00;-49.21%;15.17%;Наборы инструментов;Так;*;Так;подешевшало на 49.2%
ST-1446;"Набір інструментів 1/4"" 46 од СТАНДАРТ ST-1446";ok;915.00;915.00;+0.00%;1570.00;1060.00;-32.48%;15.17%;Наборы инструментов;Так;*;Так;подешевшало на 32.5%
ST-3827;"Набір інструментів 3/8"" 27 од СТАНДАРТ ST-3827";ok;1331.00;1331.00;+0.00%;2950.00;1540.00;-47.80%;15.17%;Наборы инструментов;Так;*;Так;подешевшало на 47.8%
ST370D;Стяжки пружин двозахватні L370mm Chrome vanadium;ok;707.00;707.00;+0.00%;1560.00;820.00;-47.44%;14.60%;Механические съемники;Так;*;Так;подешевшало на 47.4%
STG-04;Пистолет для подкачки колес грузовых автомобилей AIRKRAFT ST;ok;439.00;439.00;+0.00%;1170.00;510.00;-56.41%;15.24%;Пневматические пистолеты подкачки шин;Так;*;Так;подешевшало на 56.4%
STG-H35;"Шланг для пистолета подкачки колес c наконечником 35 см 1/4""";ok;60.00;60.00;+0.00%;100.00;70.00;-30.00%;15.24%;Пневматические пистолеты подкачки шин;Так;*;Так;подешевшало на 30.0%
STG-H80;"Шланг для пистолета подкачки колес c наконечником 80 см 1/4""";ok;93.00;93.00;+0.00%;140.00;110.00;-21.43%;15.24%;Пневматические пистолеты подкачки шин;Так;*;Так;подешевшало на 21.4%
STR-39-1;Шило для ремонта автошин (ступенчатое) AIRKRAFT STR-39-1;ok;61.00;61.00;+0.00%;4630.00;70.00;-98.49%;13.94%;Инструменты для ремонта и восстановления шин;Так;*;Так;подешевшало на 98.5%
STR-39-3;Шило для ремонта автошин AIRKRAFT STR-39-3;ok;61.00;61.00;+0.00%;200.00;70.00;-65.00%;13.94%;Инструменты для ремонта и восстановления шин;Так;*;Так;подешевшало на 65.0%
SVCK0101;Набір фрез (шарошки) для відновлення геометрії сідел клапані;ok;3005.00;3005.00;+0.00%;3760.00;3460.00;-7.98%;15.00%;default;Ні;*;Так;відсутній у фіді
SVCK012VAG;Набір фрез (шарошки) для відновлення геометрії сідел клапані;ok;9016.00;9016.00;+0.00%;11230.00;10370.00;-7.66%;15.00%;default;Ні;*;Так;відсутній у фіді
SVCK040T;Набір фрез (шарошки) для відновлення геометрії сідел клапані;ok;5100.00;5100.00;+0.00%;6360.00;5870.00;-7.70%;15.00%;default;Ні;*;Так;відсутній у фіді
SVCK053GAZ;Набір фрез (шарошки) для відновлення геометрії сідел клапані;ok;4620.00;4620.00;+0.00%;5770.00;5320.00;-7.80%;15.00%;default;Ні;*;Так;відсутній у фіді
SVCK05HNK;Набір фрез (шарошки) для відновлення геометрії сідел клапані;ok;3945.00;3945.00;+0.00%;4930.00;4540.00;-7.91%;15.00%;default;Ні;*;Так;відсутній у фіді
SVCK0808;Набір фрез (шарошки) для відновлення геометрії сідел клапані;ok;3005.00;3005.00;+0.00%;3760.00;3460.00;-7.98%;15.00%;default;Ні;*;Так;відсутній у фіді
SVCK1010;Набір фрез (шарошки) для відновлення геометрії сідел клапані;ok;3005.00;3005.00;+0.00%;3760.00;3460.00;-7.98%;15.00%;default;Ні;*;Так;відсутній у фіді
SVCK12MMC;Набір фрез (шарошки) для відновлення геометрії сідел клапані;ok;9016.00;9016.00;+0.00%;11230.00;10370.00;-7.66%;15.00%;default;Ні;*;Так;відсутній у фіді
SVCK12MZD;Набір фрез (шарошки) для відновлення геометрії сідел клапані;ok;9016.00;9016.00;+0.00%;11230.00;10370.00;-7.66%;15.00%;default;Ні;*;Так;відсутній у фіді
SVCK12TTLX;Набір фрез (шарошки) для відновлення геометрії сідел клапані;ok;9016.00;9016.00;+0.00%;11230.00;10370.00;-7.66%;15.00%;default;Ні;*;Так;відсутній у фіді
SVCK130ZIL;Набір фрез (шарошки) для відновлення геометрії сідел клапані;ok;5100.00;5100.00;+0.00%;6360.00;5870.00;-7.70%;15.00%;default;Ні;*;Так;відсутній у фіді
SVCK14SMD;Набір фрез (шарошки) для відновлення геометрії сідел клапані;ok;5100.00;5100.00;+0.00%;6360.00;5870.00;-7.70%;15.00%;default;Ні;*;Так;відсутній у фіді
SVCK1500L;Набір фрез (шарошки) для відновлення геометрії сідел клапані;ok;3005.00;3005.00;+0.00%;3760.00;3460.00;-7.98%;15.00%;default;Ні;*;Так;відсутній у фіді
SVCK1600L;Набір фрез (шарошки) для відновлення геометрії сідел клапані;ok;3005.00;3005.00;+0.00%;3760.00;3460.00;-7.98%;15.00%;default;Ні;*;Так;відсутній у фіді
SVCK16MB;Набір фрез (шарошки) для відновлення геометрії сідел клапані;ok;10050.00;10050.00;+0.00%;12510.00;11560.00;-7.59%;15.00%;default;Ні;*;Так;відсутній у фіді
SVCK236YMZ;Набір фрез (шарошки) для відновлення геометрії сідел клапані;ok;5100.00;5100.00;+0.00%;6360.00;5870.00;-7.70%;15.00%;default;Ні;*;Так;відсутній у фіді
SVCK301T;Набір фрез (шарошки) для відновлення геометрії сідел клапані;ok;3005.00;3005.00;+0.00%;3760.00;3460.00;-7.98%;15.00%;default;Ні;*;Так;відсутній у фіді
SVCK302S;Набір фрез (шарошки) для відновлення геометрії сідел клапані;ok;3005.00;3005.00;+0.00%;3760.00;3460.00;-7.98%;15.00%;default;Ні;*;Так;відсутній у фіді
SVCK402V;Набір фрез (шарошки) для відновлення геометрії сідел клапані;ok;3280.00;3280.00;+0.00%;4100.00;3780.00;-7.80%;15.00%;default;Ні;*;Так;відсутній у фіді
SVCK406ZMZ;Набір фрез (шарошки) для відновлення геометрії сідел клапані;ok;4096.00;4096.00;+0.00%;5120.00;4720.00;-7.81%;15.00%;default;Ні;*;Так;відсутній у фіді
SVCK60SMD;Набір фрез (шарошки) для відновлення геометрії сідел клапані;ok;5100.00;5100.00;+0.00%;6360.00;5870.00;-7.70%;15.00%;default;Ні;*;Так;відсутній у фіді
SVCKAVEO16V;Набір фрез (шарошки) для відновлення геометрії сідел клапані;ok;3945.00;3945.00;+0.00%;4930.00;4540.00;-7.91%;15.00%;default;Ні;*;Так;відсутній у фіді
SVCKAVEO8V;Набір фрез (шарошки) для відновлення геометрії сідел клапані;ok;3945.00;3945.00;+0.00%;4930.00;4540.00;-7.91%;15.00%;default;Ні;*;Так;відсутній у фіді
SVCKKAMAZ;Набір фрез (шарошки) для відновлення геометрії сідел клапані;ok;5123.00;5123.00;+0.00%;6390.00;5900.00;-7.67%;15.00%;default;Ні;*;Так;відсутній у фіді
SWPH0802;Щітка по металу (6-рядна пластикова ручка) СТАНДАРТ SWPH0802;ok;53.00;53.00;+0.00%;90.00;70.00;-22.22%;15.00%;default;Так;*;Так;подешевшало на 22.2%
SWWH0601;Щітка по металу (6-рядна дерев'яна ручка) СТАНДАРТ SWWH0601;ok;32.00;32.00;+0.00%;70.00;40.00;-42.86%;15.00%;default;Так;*;Так;подешевшало на 42.9%
SPRINT6;Установка для діагностики та чистки форсунок Sprint6;ok;7920.00;7920.00;+0.00%;16610.00;9110.00;-45.15%;15.00%;default;Ні;*;Так;відсутній у фіді + подешевшало на 45.2%
SPRINT6K;Установка для діагностики і чистки форсунок Sprint6K;ok;8910.00;8910.00;+0.00%;11100.00;10250.00;-7.66%;15.00%;default;Ні;*;Так;відсутній у фіді
SPRINT6K+;Установка для діагностики та чищення форсунок Sprint6K +;ok;9790.00;9790.00;+0.00%;12190.00;11260.00;-7.63%;15.00%;default;Ні;*;Так;відсутній у фіді
T-168;Безконтактний інфрачервоний термометр (пірометр) для вимірюв;ok;440.00;440.00;+0.00%;990.00;510.00;-48.48%;14.69%;Термометры, пирометры, тепловизоры;Так;*;Так;подешевшало на 48.5%
T412001;Комплект підставок під машину 12т 468-715мм 2 шт TORIN T4120;ok;3169.00;3169.00;+0.00%;3970.00;3640.00;-8.31%;14.69%;Автомобильные домкраты, подставки;Ні;*;Так;відсутній у фіді
T820010L;Домкрат підкатний алюмінієвий 2,0 т низькопрофільний з подві;ok;14991.00;14991.00;+0.00%;18650.00;17200.00;-7.77%;14.69%;Автомобильные домкраты, подставки;Ні;*;Так;відсутній у фіді
T82257;Домкрат для автопідкатний професійний 2,25т 140-520 мм TORIN;ok;6676.00;6676.00;+0.00%;8320.00;7660.00;-7.93%;14.69%;Автомобильные домкраты, подставки;Ні;*;Так;відсутній у фіді
T83000ET;Професійний домкрат 3т з педаллю 150-490 мм TORIN T83000ET;ok;7479.00;7479.00;+0.00%;9320.00;8580.00;-7.94%;14.69%;Автомобильные домкраты, подставки;Ні;*;Так;відсутній у фіді
T83003;Домкрат підкатний 3т 130-410 мм TORIN T83003;ok;4325.00;4325.00;+0.00%;5400.00;4970.00;-7.96%;14.69%;Автомобильные домкраты, подставки;Ні;*;Так;відсутній у фіді
T90204S;Домкрат пляшковий 2т в кейсі T90204S;ok;923.00;923.00;+0.00%;1170.00;1060.00;-9.40%;14.69%;Автомобильные домкраты, подставки;Ні;*;Так;відсутній у фіді
T90504S;Домкрат пляшковий 5т в кейсі T90504S;ok;1708.00;1708.00;+0.00%;2150.00;1960.00;-8.84%;14.69%;Автомобильные домкраты, подставки;Ні;*;Так;відсутній у фіді
TAAH1606;Панель до верстата (20 гачків) TOPTUL TAAH1606;ok;8899.00;8899.00;+0.00%;11080.00;10240.00;-7.58%;15.00%;default;Ні;*;Так;відсутній у фіді
TB-M-0900000;Комплект перехідників для балансування коліс мотоциклів з пі;ok;14520.00;14520.00;+0.00%;63810.00;16670.00;-73.88%;14.74%;Комплектующие для шиномонтажа;Так;*;Так;подешевшало на 73.9%
TB-M-0900000A;Комплект перехідників для балансування коліс мотоциклів з пі;ok;14520.00;14520.00;+0.00%;83820.00;16670.00;-80.11%;14.74%;Комплектующие для шиномонтажа;Так;*;Так;подешевшало на 80.1%
TB-M-0900000L;Комплект перехідників для балансування коліс мотоциклів з пі;ok;14520.00;14520.00;+0.00%;19170.00;16670.00;-13.04%;14.74%;Комплектующие для шиномонтажа;Ні;*;Так;відсутній у фіді
TBAB0300;"Ящик для головок 1/2"" (виставковий) TOPTUL TBAB0300";ok;3373.00;3373.00;+0.00%;4220.00;3880.00;-8.06%;14.95%;Ящики, сумки для инструментов;Ні;*;Так;відсутній у фіді
TBAC0501;Ящик для інструменту 5 секцій 470 (L) x220 (W) x350 (H) mm T;ok;4029.00;4029.00;+0.00%;6770.00;4640.00;-31.46%;14.95%;Ящики, сумки для инструментов;Так;*;Так;подешевшало на 31.5%
TBAG0102;Шафа інструментальний 390x460x860 TOPTUL TBAG0102;ok;8993.00;8993.00;+0.00%;11200.00;10340.00;-7.68%;14.95%;Шкафы, тумбы и тележки инструментальные;Ні;*;Так;відсутній у фіді
TCAJ0601;Візок для інструменту 6 секцій TOPTUL TCAJ0601;ok;20307.00;20307.00;+0.00%;25260.00;23350.00;-7.56%;14.95%;Шкафы, тумбы и тележки инструментальные;Ні;*;Так;відсутній у фіді
TCAL0704;Візок для інструмента ( Pro- Plus) 7 секцій (синя ) TOPTUL T;ok;35905.00;35905.00;+0.00%;44630.00;41280.00;-7.51%;14.95%;Шкафы, тумбы и тележки инструментальные;Ні;*;Так;відсутній у фіді
TCBH0703;Візок для інструмента (Pro-Plus) 7 секцій + 3 відкриті полиц;ok;44880.00;44880.00;+0.00%;55790.00;51590.00;-7.53%;14.95%;Шкафы, тумбы и тележки инструментальные;Ні;*;Так;відсутній у фіді
TDS2001;Набір мітчиків і плашок 20 од СТАНДАРТ;ok;477.00;477.00;+0.00%;1350.00;550.00;-59.26%;15.00%;default;Ні;*;Так;відсутній у фіді + подешевшало на 59.3%
TDS4001;Набір мітчиків і плашок 40 од СТАНДАРТ;ok;726.00;726.00;+0.00%;1460.00;840.00;-42.47%;15.00%;default;Ні;*;Так;відсутній у фіді + подешевшало на 42.5%
TEAA0110;Гачки до стенду 100мм TOPTUL TEAA0110;ok;101.00;101.00;+0.00%;150.00;120.00;-20.00%;15.00%;default;Так;*;Так;подешевшало на 20.0%
TEAL3704;Тримач рулону паперу для інструментального візка (червоний) ;ok;1054.00;1054.00;+0.00%;1340.00;1220.00;-8.96%;14.95%;Шкафы, тумбы и тележки инструментальные;Ні;*;Так;відсутній у фіді
TEAS6501;Задня панель для інструментального візка TOPTUL TEAS6501;ok;5570.00;5570.00;+0.00%;6950.00;6410.00;-7.77%;14.95%;Шкафы, тумбы и тележки инструментальные;Ні;*;Так;відсутній у фіді
TEL05004;Стійка трансмісійна гідравлічна 500 кг 1135-1950 мм TORIN TE;ok;5066.00;5066.00;+0.00%;9960.00;5610.00;-43.67%;10.60%;Трансмиссионные стойки;Ні;*;Так;відсутній у фіді + подешевшало на 43.7%
TG-916;Пістолет підкачки коліс 4 в 1 професійний 4 в 1 TRISCO TG-90;ok;1809.00;1809.00;+0.00%;3610.00;2090.00;-42.11%;15.24%;Пневматические пистолеты подкачки шин;Так;*;Так;подешевшало на 42.1%
TGSL8150;Набір нутрометрів телескопічних подовжених 8-150мм 6 од meta;ok;3225.00;3225.00;+0.00%;4030.00;3680.00;-8.68%;13.86%;Микрометры;Ні;*;Так;відсутній у фіді
TKS0701;Набір ключів TORX з отвором Г-подібних 7 од СТАНДАРТ TKS0701;ok;61.00;61.00;+0.00%;100.00;80.00;-20.00%;14.88%;Наборы ключей;Так;*;Так;подешевшало на 20.0%
TKS0901;Набір ключів TORX з отвором Г-подібних 9 од СТАНДАРТ TKS0901;ok;105.00;105.00;+0.00%;200.00;130.00;-35.00%;14.88%;Наборы ключей;Так;*;Так;подешевшало на 35.0%
TKS0902;Набір ключів TORX з отвором Г-подібних довгих 9 од СТАНДАРТ ;ok;125.00;125.00;+0.00%;350.00;150.00;-57.14%;14.88%;Наборы ключей;Так;*;Так;подешевшало на 57.1%
TL-020;Ксенонова імпульсна лампа для стробоскопа;ok;274.00;274.00;+0.00%;2680.00;320.00;-88.06%;15.00%;default;Так;*;Так;подешевшало на 88.1%
TL-1001;Ліхтар світлодіодний 10 + 1 тонкий акумуляторний (Made in GE;ok;1060.00;1060.00;+0.00%;1350.00;1220.00;-9.63%;15.00%;default;Ні;*;Так;відсутній у фіді
TL-1100;Стробоскоп з автономним живленням (+ освітлювальний прилад);ok;1444.00;1444.00;+0.00%;2880.00;1660.00;-42.36%;14.66%;Автомобильные диагностические сканеры;Так;*;Так;подешевшало на 42.4%
TL-122;Стробоскоп;ok;1500.00;1500.00;+0.00%;2610.00;1720.00;-34.10%;14.66%;Автомобильные диагностические сканеры;Так;*;Так;подешевшало на 34.1%
TL-2200;Стробоскоп з інтенсивним променем;ok;1868.00;1868.00;+0.00%;2960.00;2150.00;-27.36%;14.66%;Автомобильные диагностические сканеры;Так;*;Так;подешевшало на 27.4%
TLT-235SCA-220;Підйомник автомобільний 2-х стійковий 3,5т електрогідравлічн;ok;129800.00;129800.00;+0.00%;161290.00;148870.00;-7.70%;14.69%;Подъемники автомобильные;Ні;*;Так;відсутній у фіді
TLT-240SCA-220;Підйомник автомобільний 2-х стійковий 4т електрогідравлічний;ok;132000.00;132000.00;+0.00%;164020.00;151400.00;-7.69%;14.69%;Подъемники автомобильные;Ні;*;Так;відсутній у фіді
TLTW-235SB-220;Підйомник автомобільний 2-х стійковий 3,5т LAUNCH VAG з нижн;ok;103400.00;103400.00;+0.00%;128490.00;118590.00;-7.70%;14.69%;Подъемники автомобильные;Ні;*;Так;відсутній у фіді
TLTW-235SB-380;Підйомник автомобільний 2-х стійковий 3,5т LAUNCH VAG з нижн;ok;101200.00;101200.00;+0.00%;125750.00;116070.00;-7.70%;14.69%;Подъемники автомобильные;Ні;*;Так;відсутній у фіді
TLTW-235SC-220;Підйомник автомобільний 2-х стійковий 3,5т LAUNCH VAG з верх;ok;118800.00;118800.00;+0.00%;147620.00;136260.00;-7.70%;14.69%;Подъемники автомобильные;Ні;*;Так;відсутній у фіді
TLTW-235SC-380;Підйомник автомобільний 2-х стійковий 3,5т LAUNCH VAG з верх;ok;116600.00;116600.00;+0.00%;144890.00;133730.00;-7.70%;14.69%;Подъемники автомобильные;Ні;*;Так;відсутній у фіді
TLTW-235SCA-380;Підйомник автомобільний 2-х стійковий 3,5т LAUNCH VAG з верх;ok;132000.00;132000.00;+0.00%;164020.00;151400.00;-7.69%;14.69%;Подъемники автомобильные;Ні;*;Так;відсутній у фіді
TLTW-240SB-220;Підйомник автомобільний 2-х стійковий 4т LAUNCH VAG з нижньо;ok;105600.00;105600.00;+0.00%;131220.00;121120.00;-7.70%;14.69%;Подъемники автомобильные;Ні;*;Так;відсутній у фіді
TLTW-240SB-380;Підйомник автомобільний 2-х стійковий 4т LAUNCH VAG з нижньо;ok;103400.00;103400.00;+0.00%;128490.00;118590.00;-7.70%;14.69%;Подъемники автомобильные;Ні;*;Так;відсутній у фіді
TLTW-240SC-220;Підйомник автомобільний 2-х стійковий 4т LAUNCH VAG з верхнь;ok;121000.00;121000.00;+0.00%;150350.00;138780.00;-7.70%;14.69%;Подъемники автомобильные;Ні;*;Так;відсутній у фіді
TLTW-240SC-380;Підйомник автомобільний 2-х стійковий 4т LAUNCH VAG з верхнь;ok;118800.00;118800.00;+0.00%;147620.00;136260.00;-7.70%;14.69%;Подъемники автомобильные;Ні;*;Так;відсутній у фіді
TLTW-240SCA-220;Підйомник автомобільний 2-х стійковий 4т LAUNCH VAG з верхнь;ok;136400.00;136400.00;+0.00%;169490.00;156440.00;-7.70%;14.69%;Подъемники автомобильные;Ні;*;Так;відсутній у фіді
TLTW-250AT;Підйомник автомобільний 2-х стійковий 5т LAUNCH VAG з верхнь;ok;206800.00;206800.00;+0.00%;236610.00;237180.00;+0.24%;14.69%;Подъемники автомобильные;Ні;*;Так;відсутній у фіді
TR15006;Домкрат підкатний професійний 1,5т посилена конструкція 130-;ok;8095.00;8095.00;+0.00%;10090.00;9290.00;-7.93%;14.69%;Автомобильные домкраты, подставки;Ні;*;Так;відсутній у фіді
TR20006;Домкрат підкатний професійний 2,0т 130-535 мм TORIN TR20006;ok;6353.00;6353.00;+0.00%;7920.00;7290.00;-7.95%;14.69%;Автомобильные домкраты, подставки;Ні;*;Так;відсутній у фіді
TR6505;Лежак автослюсаря підкатний 2 в 1 TR6505;ok;3499.00;3499.00;+0.00%;4380.00;3990.00;-8.90%;13.94%;Лежаки автослесарные подкатные;Ні;*;Так;відсутній у фіді
TR9010;Таль (лебідка) ланцюгова 1т ланцюг 3 м круглий корпус (HSZ-1;ok;1789.00;1789.00;+0.00%;4150.00;2060.00;-50.36%;14.69%;Подъемники, лебедки, тали;Ні;*;Так;відсутній у фіді + подешевшало на 50.4%
TR9020;Таль (лебідка) ланцюгова 2т ланцюг 3 м круглий корпус (HSZ-2;ok;2252.00;2252.00;+0.00%;4090.00;2590.00;-36.67%;14.69%;Подъемники, лебедки, тали;Ні;*;Так;відсутній у фіді + подешевшало на 36.7%
TR9030;Таль (лебідка) ланцюгова 3т ланцюг 3 м круглий корпус (HSZ-3;ok;3377.00;3377.00;+0.00%;4270.00;3880.00;-9.13%;14.69%;Подъемники, лебедки, тали;Ні;*;Так;відсутній у фіді
TRA8205;Домкрат рейковий 3т 125-318мм TRA8205;ok;2812.00;2812.00;+0.00%;3520.00;3230.00;-8.24%;14.69%;Автомобильные домкраты, подставки;Ні;*;Так;відсутній у фіді
TRAD003;Борторозширювач TORIN TRAD003;ok;9076.00;9076.00;+0.00%;11300.00;10440.00;-7.61%;15.00%;default;Ні;*;Так;відсутній у фіді
TRAD036;Бустер (інфлятор) 45л TRAD036 TORIN;ok;11188.00;11188.00;+0.00%;13930.00;12870.00;-7.61%;15.00%;default;Ні;*;Так;відсутній у фіді
TRE8220B;Рокла 2.5т TORIN TRE8220B;ok;11259.00;11259.00;+0.00%;16460.00;12950.00;-21.32%;15.00%;default;Ні;*;Так;відсутній у фіді + подешевшало на 21.3%
TRE8310;Штабелер гідравлічний 1.5т висота підйому 1600мм TORIN TRE83;ok;32094.00;32094.00;+0.00%;39900.00;36910.00;-7.49%;15.00%;default;Ні;*;Так;відсутній у фіді
TRF0422;Візок під колесо для переміщення автомобіля професійний 1500;ok;48337.00;48337.00;+0.00%;60080.00;55590.00;-7.47%;15.00%;default;Ні;*;Так;відсутній у фіді
TRG2095;Нагнітач мастила TRG2095;ok;17157.00;17157.00;+0.00%;21340.00;19550.00;-8.39%;13.94%;Оборудование для замены масел и смазок;Ні;*;Так;відсутній у фіді
TRG4001-3.5;Установка для миття деталей електрична 15л TRG4001-3.5;ok;3372.00;3372.00;+0.00%;4220.00;3880.00;-8.06%;15.00%;default;Ні;*;Так;відсутній у фіді
TRG4001-40;Установка для миття деталей 150л TRG4001-40;ok;14430.00;14430.00;+0.00%;65640.00;16600.00;-74.71%;15.00%;default;Так;*;Так;подешевшало на 74.7%
TRG4222;Піскоструминна камера TRG4222;ok;25074.00;25074.00;+0.00%;43630.00;28840.00;-33.90%;15.00%;default;Так;*;Так;подешевшало на 33.9%
TRK203D-M;Набір знімачів підшипників TORIN TRK203D-M;ok;12320.00;12320.00;+0.00%;15330.00;14120.00;-7.89%;14.60%;Съемники подшипников;Ні;*;Так;відсутній у фіді
TRK208-10;Знімач гідравлічний двозахопний 10т TORIN TRK208-10;ok;8348.00;8348.00;+0.00%;10400.00;9570.00;-7.98%;14.60%;Гидравлические съемники;Ні;*;Так;відсутній у фіді
TRMT005;Підставка під заднє колесо мотоцикла L-подібна 250 кг TRMT00;ok;1855.00;1855.00;+0.00%;2330.00;2130.00;-8.58%;14.69%;Автомобильные домкраты, подставки;Ні;*;Так;відсутній у фіді
TRN37-2;Упор противідкотний вантажний металевий 2 шт TORIN TRN37-2;ok;3556.00;3556.00;+0.00%;4450.00;4090.00;-8.09%;15.00%;default;Ні;*;Так;відсутній у фіді
TRP2108;Зйомник рульових і кульових ВАЗ 2108-2110 (ХЗСО) СРТ08КрЛ TR;ok;739.00;739.00;+0.00%;950.00;850.00;-10.53%;14.60%;Механические съемники;Ні;*;Так;відсутній у фіді
TRPL017;"Зйомник рульових тяг ""Ланос"" (ХЗСО) СРТЛАН TRPL017";ok;979.00;979.00;+0.00%;1240.00;1130.00;-8.87%;14.60%;Механические съемники;Ні;*;Так;відсутній у фіді
TSF0150;Напилок тригранний 150мм СТАНДАРТ TSF0150;ok;61.00;61.00;+0.00%;100.00;70.00;-30.00%;13.55%;Напильники и надфили;Так;*;Так;подешевшало на 30.0%
TSF0200;Напилок тригранний 200мм СТАНДАРТ TSF0200;ok;80.00;80.00;+0.00%;130.00;100.00;-23.08%;13.55%;Напильники и надфили;Так;*;Так;подешевшало на 23.1%
TSG5932;Верстат 1500*700 TORIN TSG5932;ok;19218.00;19218.00;+0.00%;23900.00;22110.00;-7.49%;15.00%;default;Ні;*;Так;відсутній у фіді
TSS3;"Лещата слюсарні сталеві 3"" СТАНДАРТ";ok;913.00;913.00;+0.00%;2050.00;1040.00;-49.27%;13.55%;Тиски;Так;*;Так;подешевшало на 49.3%
TSS4;"Лещата слюсарні сталеві 4"" СТАНДАРТ";ok;1204.00;1204.00;+0.00%;2150.00;1370.00;-36.28%;13.55%;Тиски;Так;*;Так;подешевшало на 36.3%
TTS-HV30-1.3;Пневмораспылитель HVLP ВП бачок 600 мл 1,3 мм ITALCO TTS-HV3;ok;7055.00;7055.00;+0.00%;10350.00;7990.00;-22.80%;13.20%;Пневматические краскопульты;Ні;*;Так;відсутній у фіді + подешевшало на 22.8%
TTS-TE10-1.3LM;Пістолет фарбувальний пневматичний LVMP верхній пластиковий ;ok;7267.00;7267.00;+0.00%;9060.00;8230.00;-9.16%;13.20%;Пневматические краскопульты;Ні;*;Так;відсутній у фіді
TW05001;Траверса для вивішування двигуна 0,5т TORIN TW05001;ok;5082.00;5082.00;+0.00%;6340.00;5850.00;-7.73%;15.00%;default;Ні;*;Так;відсутній у фіді
TWSR4125;Стеллаж для зберігання шин и коліс (настінний) (ХЗСО) TWSR41;ok;2640.00;2640.00;+0.00%;10730.00;3040.00;-71.67%;15.00%;default;Ні;*;Так;відсутній у фіді + подешевшало на 71.7%
TY20003;Гідропрес 20т TORIN TY20003;ok;20057.00;20057.00;+0.00%;24950.00;23070.00;-7.54%;15.00%;default;Ні;*;Так;відсутній у фіді
TZ830026X;Домкрат підкатний професiйний 3т низькопрофільний з подвійно;ok;8311.00;8311.00;+0.00%;10350.00;9540.00;-7.83%;14.69%;Автомобильные домкраты, подставки;Ні;*;Так;відсутній у фіді
TZ830027H;Домкрат підкатний 3т професійний (8 позиційний з подвійною п;ok;13893.00;13893.00;+0.00%;17290.00;15940.00;-7.81%;14.69%;Автомобильные домкраты, подставки;Ні;*;Так;відсутній у фіді
U-COIL;Індукційний кабель (довжина 600мм) для IND-1000W;ok;396.00;396.00;+0.00%;1290.00;460.00;-64.34%;14.73%;Паяльники;Так;*;Так;подешевшало на 64.3%
UC5;Рідина для ультразвукових ванн Ultra Clean (5 літрів) Launch;ok;1474.00;1474.00;+0.00%;4450.00;1700.00;-61.80%;15.00%;default;Ні;*;Так;відсутній у фіді + подешевшало на 61.8%
UF-0301;Ліхтар світлодіодний з ультрафіолетовою підсвіткою (Made in ;ok;980.00;980.00;+0.00%;2220.00;1130.00;-49.10%;15.00%;default;Так;*;Так;подешевшало на 49.1%
UFT0202;Набір для розвальцьовування трубок універсальний під грибок ;ok;1480.00;1480.00;+0.00%;1870.00;1710.00;-8.56%;15.00%;default;Ні;*;Так;відсутній у фіді
UFT4748;Набір для розвальцьовування гальмівних трубок 4,75-4,8мм (ХЗ;ok;909.00;909.00;+0.00%;1160.00;1050.00;-9.48%;15.00%;default;Ні;*;Так;відсутній у фіді
UPDATE;Оновлення встановленої бази даних X-431 1рік LAUNCH UPDATE;ok;13200.00;13200.00;+0.00%;16430.00;15140.00;-7.85%;14.66%;Автомобильные диагностические сканеры;Ні;*;Так;відсутній у фіді
VC-9002;Золотник (КОМПЛЕКТ 10ШТ) короткий с красным уплотнительным к;ok;29.00;29.00;+0.00%;60.00;40.00;-33.33%;15.17%;Товары, общее;Так;*;Так;подешевшало на 33.3%
VE-700;Рихтувальний стапель (стенд) пересувний VE-700;ok;160600.00;160600.00;+0.00%;212400.00;184690.00;-13.05%;15.00%;default;Ні;*;Так;відсутній у фіді
VE-800B;Рихтувальний стапель (стенд) пересувний VE-800B;ok;233200.00;233200.00;+0.00%;266810.00;268180.00;+0.51%;15.00%;default;Ні;*;Так;відсутній у фіді
VGT0501;Притирання клапанів з карданом d 5 довге (ХЗСО) ПРИТ5ДЛ VGT0;ok;305.00;305.00;+0.00%;410.00;360.00;-12.20%;15.00%;default;Ні;*;Так;відсутній у фіді
VGT0601;Притирання клапанів з карданом d 6 довге (ХЗСО) ПРИТ6ДЛ VGT0;ok;305.00;305.00;+0.00%;410.00;360.00;-12.20%;15.00%;default;Ні;*;Так;відсутній у фіді
VGT0701;Притирання клапанів з карданом d 7 довге (ХХЗСО) ПРИТ7ДЛ VGT;ok;305.00;305.00;+0.00%;410.00;360.00;-12.20%;15.00%;default;Ні;*;Так;відсутній у фіді
VGT0801;Притирання клапанів з карданом d 8 довге (ХЗСО) ПРИТ8ДЛ VGT0;ok;305.00;305.00;+0.00%;410.00;360.00;-12.20%;15.00%;default;Ні;*;Так;відсутній у фіді
VGT0901;Притирання клапанів з карданом d 9 довге ( ХЗСО) ПРИТ9ДЛ VGT;ok;305.00;305.00;+0.00%;410.00;360.00;-12.20%;15.00%;default;Ні;*;Так;відсутній у фіді
VS-AIR;Выставочный стенд AIRKRAFT(с комплектом переходников) VS-AIR;ok;4840.00;4840.00;+0.00%;9030.00;5570.00;-38.32%;15.00%;default;Так;*;Так;подешевшало на 38.3%
VSC0101;Розсухарювач універсальний струбцинного типу (ХЗСО) VSC-0101;ok;1723.00;1723.00;+0.00%;2170.00;1980.00;-8.76%;14.60%;Механические съемники;Ні;*;Так;відсутній у фіді
VSC2108;Розсухарювач клапанів ВАЗ 2108-2109 (ХЗСО) РАС-08Х VSC2108;ok;503.00;503.00;+0.00%;650.00;580.00;-10.77%;15.00%;default;Ні;*;Так;відсутній у фіді
VSP-800;"Відеоендоскоп 2,7"" LAUNCH VSP-800";ok;7260.00;7260.00;+0.00%;9050.00;8210.00;-9.28%;12.96%;Технические эндоскопы, видеоскопы;Ні;*;Так;відсутній у фіді
VTC-03A;Отвертка для золотника 30мм AIRKRAFT VTC-03A;ok;22.00;22.00;+0.00%;70.00;40.00;-42.86%;15.29%;Отвертки;Так;*;Так;подешевшало на 42.9%
VTC-03B;Отвертка для золотника (длинная) 170мм AIRKRAFT VTC-03B;ok;32.00;32.00;+0.00%;70.00;40.00;-42.86%;15.29%;Отвертки;Так;*;Так;подешевшало на 42.9%
W1-1-2;"Переходник шарнирный 360 градусов ""папа"" 1/2"" внутренняя рез";ok;155.00;160.00;+3.23%;690.00;190.00;-72.46%;14.33%;Комплектующие и запчасти для инструмента;Так;*;Так;подешевшало на 72.5%
W1-1-4;"Переходник шарнирный 360 градусов ""папа"" 1/4"" внутренняя рез";ok;110.00;137.00;+24.55%;840.00;160.00;-80.95%;14.33%;Комплектующие и запчасти для инструмента;Так;*;Так;подешевшало на 81.0%
W1-3-8;"Переходник шарнирный 360 градусов ""папа"" 3/8"" внутренняя рез";ok;123.00;126.00;+2.44%;710.00;150.00;-78.87%;14.33%;Комплектующие и запчасти для инструмента;Так;*;Так;подешевшало на 78.9%
W2-1-2;"Переходник шарнирный 360 градусов ""папа"" 1/2"" внешняя резьба";ok;150.00;196.00;+30.67%;1510.00;230.00;-84.77%;14.33%;Комплектующие и запчасти для инструмента;Так;*;Так;подешевшало на 84.8%
W2-1-4;"Переходник шарнирный 360 градусов ""папа"" 1/4"" внешняя резьба";ok;110.00;137.00;+24.55%;3990.00;160.00;-95.99%;14.33%;Комплектующие и запчасти для инструмента;Так;*;Так;подешевшало на 96.0%
W2-3-8;"Переходник шарнирный 360 градусов ""папа"" 3/8"" внешняя резьба";ok;116.00;119.00;+2.59%;3600.00;140.00;-96.11%;14.33%;Комплектующие и запчасти для инструмента;Так;*;Так;подешевшало на 96.1%
W40;Лазерний далекомір 40 м PROTESTER W40;ok;1176.00;1176.00;+0.00%;1490.00;1360.00;-8.72%;14.97%;Лазерные дальномеры;Ні;*;Так;відсутній у фіді
W60X;Далекомір лазерний 60м (метал корпус) PROTESTER W60X;ok;1850.00;1850.00;+0.00%;3310.00;2130.00;-35.65%;14.97%;Лазерные дальномеры;Так;*;Так;подешевшало на 35.6%
W80X;Далекомір лазерний 80м (метал корпус) PROTESTER W80X;ok;2332.00;2332.00;+0.00%;9610.00;2690.00;-72.01%;14.97%;Лазерные дальномеры;Так;*;Так;подешевшало на 72.0%
WDF-100;Динамометр цифровий універсальний (10 кг) PROTESTER WDF-100 ;ok;4325.00;4325.00;+0.00%;5400.00;4990.00;-7.59%;15.34%;Силомеры, динамометры;Ні;*;Так;відсутній у фіді
WDF-20;Динамометр цифровий універсальний (2 кг) PROTESTER WDF-20 (S;ok;4325.00;4325.00;+0.00%;5400.00;4990.00;-7.59%;15.34%;Силомеры, динамометры;Ні;*;Так;відсутній у фіді
WDF-200;Динамометр цифровий універсальний (20 кг) PROTESTER WDF-200 ;ok;4325.00;4325.00;+0.00%;5400.00;4990.00;-7.59%;15.34%;Силомеры, динамометры;Ні;*;Так;відсутній у фіді
WDF-30;Динамометр цифровий універсальний (3 кг) PROTESTER WDF-30 (S;ok;4325.00;4325.00;+0.00%;5400.00;4990.00;-7.59%;15.34%;Силомеры, динамометры;Ні;*;Так;відсутній у фіді
WDF-300;Динамометр цифровий універсальний (30 кг) PROTESTER WDF-300 ;ok;4325.00;4325.00;+0.00%;5400.00;4990.00;-7.59%;15.34%;Силомеры, динамометры;Ні;*;Так;відсутній у фіді
WDF-50;Динамометр цифровий універсальний (5 кг) PROTESTER WDF-50 (S;ok;4325.00;4325.00;+0.00%;5400.00;4990.00;-7.59%;15.34%;Силомеры, динамометры;Ні;*;Так;відсутній у фіді
WDF-500;Динамометр цифровий універсальний (50 кг) PROTESTER WDF-500 ;ok;4325.00;4325.00;+0.00%;5400.00;4990.00;-7.59%;15.34%;Силомеры, динамометры;Ні;*;Так;відсутній у фіді
WG-01;Пневмопистолет для распыления жидкостей AIRKRAFT WG-01;ok;309.00;309.00;+0.00%;590.00;350.00;-40.68%;13.20%;Пневматические распылительные пистолеты;Так;*;Так;подешевшало на 40.7%
WHS110MM;Ключ для ступиці 110мм - посилений MAN MERCEDES (ХЗСО) (5260;ok;5737.00;5737.00;+0.00%;7160.00;6610.00;-7.68%;15.14%;Торцевые ключи;Ні;*;Так;відсутній у фіді
WHS6036;Ключ для ступиці 36мм - посилений (6-гр) (ХЗСО) WHS6036;ok;843.00;843.00;+0.00%;1970.00;980.00;-50.25%;15.14%;Торцевые головки;Так;*;Так;подешевшало на 50.3%
WLST-010;Переноска світлодіодна 10м 100LED 28Вт (220В) STANDART PROFI;ok;627.00;627.00;+0.00%;810.00;730.00;-9.88%;14.96%;Переносные светильники;Ні;*;Так;відсутній у фіді
WMT-0525M;Рулетка професійна магнітний зачіп 5м*25мм СТАНДАРТ WMT-0525;ok;100.00;100.00;+0.00%;150.00;120.00;-20.00%;15.17%;Измерительные рулетки;Ні;*;Так;відсутній у фіді + подешевшало на 20.0%
WSA0101;Ключ амортизатора ВАЗ Москвич (ХЗСО) АМВМХ WSA0101;ok;266.00;266.00;+0.00%;360.00;310.00;-13.89%;15.00%;default;Ні;*;Так;відсутній у фіді
WSDH0050;Ваги ручні цифрові 50 кг PROTESTER WSDH0050;ok;505.00;505.00;+0.00%;740.00;590.00;-20.27%;15.00%;default;Так;*;Так;подешевшало на 20.3%
WSM0202;Ключ амортизаторний універсальний (ХЗСО) АМУН WSM0202;ok;304.00;304.00;+0.00%;410.00;350.00;-14.63%;15.00%;default;Ні;*;Так;відсутній у фіді
WT-400;Рамний стапель для рихтування автомобілів WT-400;ok;414480.00;414480.00;+0.00%;474200.00;476660.00;+0.52%;15.00%;default;Ні;*;Так;відсутній у фіді
WT200A;Товщиномір лакофарбових покриттів Fe/nFe 0-1800мкм WINTACT W;ok;1058.00;1058.00;+0.00%;1340.00;1210.00;-9.70%;13.71%;Толщиномеры;Ні;*;Так;відсутній у фіді
WT2100;Товщиномір лакофарбових покриттів HD-дисплей Fe 0-1800мкм WI;ok;6688.00;6688.00;+0.00%;8340.00;7610.00;-8.75%;13.71%;Толщиномеры;Ні;*;Так;відсутній у фіді
WT300;Безконтактний інфрачервоний термометр (пірометр) -50-420° C ;ok;657.00;657.00;+0.00%;6020.00;760.00;-87.38%;14.69%;Термометры, пирометры, тепловизоры;Так;*;Так;подешевшало на 87.4%
WT3010;Безконтактний тестер напруги (12-1000 V/50/60Hz) WINTACT WT3;ok;421.00;421.00;+0.00%;4200.00;490.00;-88.33%;15.00%;default;Так;*;Так;подешевшало на 88.3%
WT320;Безконтактний інфрачервоний термометр (пірометр) -50-380° C ;ok;682.00;682.00;+0.00%;5440.00;790.00;-85.48%;14.69%;Термометры, пирометры, тепловизоры;Так;*;Так;подешевшало на 85.5%
WT323E;Безконтактний інфрачервоний термометр (пірометр) кол дисплей;ok;2326.00;2326.00;+0.00%;2920.00;2670.00;-8.56%;14.69%;Термометры, пирометры, тепловизоры;Ні;*;Так;відсутній у фіді
WT327D;Безконтактний інфрачервоний термометр (пірометр) кол дисплей;ok;1071.00;1071.00;+0.00%;1360.00;1230.00;-9.56%;14.69%;Термометры, пирометры, тепловизоры;Ні;*;Так;відсутній у фіді
WT55;Детектор прихованої проводини WINTACT WT55;ok;1968.00;1968.00;+0.00%;6950.00;2270.00;-67.34%;15.00%;default;Ні;*;Так;відсутній у фіді + подешевшало на 67.3%
WT550;Безконтактний інфрачервоний термометр (пірометр) -50-550° C ;ok;832.00;832.00;+0.00%;3050.00;960.00;-68.52%;14.69%;Термометры, пирометры, тепловизоры;Так;*;Так;подешевшало на 68.5%
WT63B;Віброметр кол дисплей WINTACT WT63B;ok;8706.00;8706.00;+0.00%;65690.00;9990.00;-84.79%;14.69%;Шумомеры;Так;*;Так;подешевшало на 84.8%
WT64-10MW;Візуальний дефектоскоп (10mW) WINTACT WT64-10mW;ok;885.00;885.00;+0.00%;1130.00;1010.00;-10.62%;13.81%;Кабельные тестеры, wi-fi тестеры;Ні;*;Так;відсутній у фіді
WT65;Волоконно-оптичний тестер (-70dBm ~ + 6dBm) WINTACT WT65;ok;1420.00;1420.00;+0.00%;3400.00;1620.00;-52.35%;13.81%;Кабельные тестеры, wi-fi тестеры;Так;*;Так;подешевшало на 52.4%
WT6810;Ендоскоп (WiFi) WINTACT WT6810;ok;3872.00;3872.00;+0.00%;4840.00;4380.00;-9.50%;12.96%;Технические эндоскопы, видеоскопы;Ні;*;Так;відсутній у фіді
WT700;Безконтактний інфрачервоний термометр (пірометр) -50-750° C ;ok;1867.00;1867.00;+0.00%;7340.00;2150.00;-70.71%;14.69%;Термометры, пирометры, тепловизоры;Так;*;Так;подешевшало на 70.7%
WT81;Вимірювач рівня освітлення (Люксметр) + термометр WINTACT WT;ok;957.00;957.00;+0.00%;1440.00;1100.00;-23.61%;14.69%;Люксметры;Так;*;Так;подешевшало на 23.6%
WT81B;Вимірювач рівня освітлення (Люксметр) + термометр Bluetooth ;ok;1320.00;1320.00;+0.00%;7510.00;1520.00;-79.76%;14.69%;Люксметры;Так;*;Так;подешевшало на 79.8%
WT82;Анемометр 0,3-30м/с -10-45°C WINTACT WT82;ok;916.00;916.00;+0.00%;1330.00;1020.00;-23.31%;11.06%;Анемометры;Ні;*;Так;відсутній у фіді + подешевшало на 23.3%
WT85;Вимірювач рівня шуму (шумомір) WINTACT WT85;ok;966.00;966.00;+0.00%;4220.00;1110.00;-73.70%;14.69%;Шумомеры;Так;*;Так;подешевшало на 73.7%
WT87C;Анемометр з функцією вимірювання об'ємної витрати повітря 0,;ok;1376.00;1376.00;+0.00%;1740.00;1530.00;-12.07%;11.06%;Анемометры;Ні;*;Так;відсутній у фіді
WT8800;Детектор кисню O2 (0-30% VOL) ​​WINTACT WT8800;ok;5562.00;5562.00;+0.00%;6940.00;6380.00;-8.07%;14.69%;Газоанализаторы;Ні;*;Так;відсутній у фіді
WT8802;Монітор сірководню H2S (0-100 μmol/mol) WINTACT WT8802;ok;5192.00;5192.00;+0.00%;6480.00;5960.00;-8.02%;14.69%;Газоанализаторы;Ні;*;Так;відсутній у фіді
WT8806;Монітор чадного газу CO (0-1000 μmol/mol) WINTACT WT8806;ok;4910.00;4910.00;+0.00%;6130.00;5640.00;-7.99%;14.69%;Газоанализаторы;Ні;*;Так;відсутній у фіді
WT8821;Монітор кисню O2 + термометр (0-25% VOL 0-50° C) WINTACT WT8;ok;4015.00;4015.00;+0.00%;5020.00;4610.00;-8.17%;14.69%;Газоанализаторы;Ні;*;Так;відсутній у фіді
WT8825;Монітор окису вуглецю CO + термометр (0-1000 ppm 0-50° C) WI;ok;3428.00;3428.00;+0.00%;4290.00;3940.00;-8.16%;14.69%;Газоанализаторы;Ні;*;Так;відсутній у фіді
WT8827;Детектор фреону (10 ~ 1000 PPM) WINTACT WT8827;ok;1996.00;1996.00;+0.00%;2510.00;2290.00;-8.76%;14.69%;Течеискатели;Ні;*;Так;відсутній у фіді
WT900;Безконтактний інфрачервоний термометр (пірометр) -50-950° C ;ok;1790.00;1790.00;+0.00%;4300.00;2060.00;-52.09%;14.69%;Термометры, пирометры, тепловизоры;Ні;*;Так;відсутній у фіді + подешевшало на 52.1%
WTB400;Ванна для перевірки герметичності легкових та вантажних колі;ok;14982.00;14982.00;+0.00%;29280.00;17080.00;-41.67%;13.94%;Инструменты для ремонта и восстановления шин;Ні;*;Так;відсутній у фіді + подешевшало на 41.7%
WTHB0210;Крюк для в'язання арматури 210мм СТАНДАРТ WTHB0210;ok;84.00;84.00;+0.00%;130.00;100.00;-23.08%;15.17%;Товары, общее;Так;*;Так;подешевшало на 23.1%
X-431 ADAS KIT;Набір опціональних передніх панелей для стенда X-431 ADAS LA;ok;136400.00;136400.00;+0.00%;169490.00;156860.00;-7.45%;15.00%;default;Ні;*;Так;відсутній у фіді
X-431 ADAS PRO;Стенд для калібровки камер датчиків и радарів систем ADAS ве;ok;180400.00;180400.00;+0.00%;206410.00;206850.00;+0.21%;14.66%;Стенды регулировки развал-схождения колес;Ні;*;Так;відсутній у фіді
X-431 HDIII;Діагностичний адаптер нового покоління для вантажівок та лег;ok;48300.00;48300.00;+0.00%;60030.00;55390.00;-7.73%;14.66%;Автомобильные диагностические сканеры;Ні;*;Так;відсутній у фіді
X-431 IMMO PAD;Універсальний комплект для програмування ключів та розширено;ok;158400.00;158400.00;+0.00%;181240.00;181630.00;+0.22%;14.66%;Автомобильные диагностические сканеры;Ні;*;Так;відсутній у фіді
X-431 IMMO PRO;Універсальний комплект для програмування ключів та базової д;ok;63800.00;63800.00;+0.00%;84220.00;73160.00;-13.13%;14.66%;Автомобильные диагностические сканеры;Ні;*;Так;відсутній у фіді
X-431 PADV II;Автомобільний мультимарочний сканер LAUNCH X-431 PADV II;ok;167200.00;167200.00;+0.00%;191310.00;191720.00;+0.21%;14.66%;Автомобильные диагностические сканеры;Ні;*;Так;відсутній у фіді
X-431 PRO;Автомобільний мультимарочний сканер LAUNCH X-431 PRO;ok;55000.00;55000.00;+0.00%;68360.00;63070.00;-7.74%;14.66%;Автомобильные диагностические сканеры;Ні;*;Так;відсутній у фіді
X-431 PRO3;Мультимарковий автосканер LAUNCH X-431 PRO3;ok;63000.00;63000.00;+0.00%;78300.00;72240.00;-7.74%;14.66%;Автомобильные диагностические сканеры;Ні;*;Так;відсутній у фіді
X-431 PRO5 SMARTLINK;Автомобільний мультімарочний сканер LAUNCH X-431 PRO5 Smartl;ok;109200.00;109200.00;+0.00%;135690.00;125210.00;-7.72%;14.66%;Автомобильные диагностические сканеры;Ні;*;Так;відсутній у фіді
X-431 TSGUN;Модуль настройки системи контролю тиску в шинах (TPMS) LAUNC;ok;12100.00;12100.00;+0.00%;15060.00;13920.00;-7.57%;15.00%;default;Ні;*;Так;відсутній у фіді
X-431 TSGUN PRO;Модуль настройки системи контролю тиску в шинах (TPMS) та 4 ;ok;13200.00;13200.00;+0.00%;16430.00;15180.00;-7.61%;15.00%;default;Ні;*;Так;відсутній у фіді
X-PROG;Програматор іммобілайзера LAUNCH X-PROG;ok;16324.00;16324.00;+0.00%;44010.00;18780.00;-57.33%;15.00%;default;Ні;*;Так;відсутній у фіді + подешевшало на 57.3%
Y30;Ручний лазерний далекомір 30 м PROTESTER Y30;ok;1288.00;1288.00;+0.00%;1630.00;1490.00;-8.59%;14.97%;Лазерные дальномеры;Ні;*;Так;відсутній у фіді
ZD03;Пристрій для автоматичного розбортування колеса без монтиров;ok;40040.00;40040.00;+0.00%;49770.00;45950.00;-7.68%;14.74%;Комплектующие для шиномонтажа;Ні;*;Так;відсутній у фіді
ZSQ-6;Викрутка динамометрична 1/4 1-6Nm PROTESTER ZSQ-6;ok;1562.00;1562.00;+0.00%;1970.00;1810.00;-8.12%;15.29%;Отвертки;Ні;*;Так;відсутній у фіді
ISMARTLINK-D01;Автомобільний сканер (ADAS + IMMO) LAUNCH iSmartLink-D01;ok;66000.00;66000.00;+0.00%;82020.00;75680.00;-7.73%;14.66%;Автомобильные диагностические сканеры;Ні;*;Так;відсутній у фіді
ISMARTTOOL-601MAX;Автомобільний сканер (TPMS + АКБ) LAUNCH iSmartTool-601MAX;ok;30800.00;30800.00;+0.00%;38290.00;35320.00;-7.76%;14.66%;Автомобильные диагностические сканеры;Ні;*;Так;відсутній у фіді
АТЕСТР;Автотестер універсальний автомобільний АТЕСТР (Жовті Води);ok;782.00;782.00;+0.00%;1000.00;910.00;-9.00%;15.51%;Мультиметры;Ні;*;Так;відсутній у фіді
БАЛ17Х;Балонний ключ для шиномонтажу S17 (Харків) БАЛ17Х;ok;51.00;51.00;+0.00%;90.00;60.00;-33.33%;15.34%;Балонные ключи;Ні;*;Так;відсутній у фіді + подешевшало на 33.3%
В12ГМС;"Вороток 1/2"" Г-образный большой (Мотор Сiч) В12ГМС";ok;100.00;100.00;+0.00%;150.00;120.00;-20.00%;14.92%;Воротки, трещотки;Ні;*;Так;відсутній у фіді + подешевшало на 20.0%
В34МСГ;"Вороток 3/4"" Г-подібний великий (Мотор Січ) В34МСГ";ok;424.00;424.00;+0.00%;550.00;490.00;-10.91%;14.92%;Воротки, трещотки;Ні;*;Так;відсутній у фіді
В34ХГ;"Вороток 3/4"" Г-подібний (Харків) В34ХГ";ok;225.00;225.00;+0.00%;310.00;260.00;-16.13%;14.92%;Воротки, трещотки;Ні;*;Так;відсутній у фіді
В34ЧНГ;"Вороток Г-подібний КС-56 3/4"" (Чернігів) В34ЧНГ";ok;641.00;641.00;+0.00%;820.00;740.00;-9.76%;14.92%;Воротки, трещотки;Ні;*;Так;відсутній у фіді
В38ЧНГБ;"Вороток Г-подібний КС-10-01 3/8"" 215мм (Чернігів) В38ЧНГБ";ok;132.00;132.00;+0.00%;190.00;160.00;-15.79%;14.92%;Воротки, трещотки;Ні;*;Так;відсутній у фіді
В38ЧНГМ;"Вороток Г-подібний КС-10 3/8"" 160мм (Чернігів) В38ЧНГМ";ok;103.00;103.00;+0.00%;160.00;120.00;-25.00%;14.92%;Воротки, трещотки;Ні;*;Так;відсутній у фіді + подешевшало на 25.0%
ВЛК-ПРФ;Вулканізатор універсальний ВУЛКАН-ПРОФІ (Харків) TRAD004 ВЛК;ok;9130.00;9130.00;+0.00%;11370.00;10480.00;-7.83%;14.74%;Вулканизаторы для автомобильных шин и камер;Ні;*;Так;відсутній у фіді
ВП1234ЧН;"Вороток 1/2""+3/4"" КС-68 (Чернігів) ВП1234ЧН";ok;626.00;626.00;+0.00%;810.00;720.00;-11.11%;14.92%;Воротки, трещотки;Ні;*;Так;відсутній у фіді
Г100ЛЧ6;Головка торцева під монтировку 100мм 6-гранна (Чернігів);ok;1581.00;1581.00;+0.00%;20980.00;1830.00;-91.28%;15.14%;Торцевые головки;Ні;*;Так;відсутній у фіді + подешевшало на 91.3%
Г100ЛЧ8;Головка 8-гранна 100 мм під монтировку (Чернігів);ok;1900.00;1900.00;+0.00%;2510.00;2190.00;-12.75%;15.14%;Торцевые головки;Ні;*;Так;відсутній у фіді
Г34В22;"Головка торцева 22 мм 3/4"" (СНГ)";ok;175.00;175.00;+0.00%;2220.00;210.00;-90.54%;15.14%;Торцевые головки;Ні;*;Так;відсутній у фіді + подешевшало на 90.5%
Г34В46;"Головка торцева 3/4"" 46 мм (СНГ)";ok;310.00;310.00;+0.00%;4160.00;360.00;-91.35%;15.14%;Торцевые головки;Ні;*;Так;відсутній у фіді + подешевшало на 91.3%
Г85ЛЧ6;Головка 6-гранна 85 мм під монтировку (Чернігів);ok;1515.00;1515.00;+0.00%;2000.00;1750.00;-12.50%;15.14%;Торцевые головки;Ні;*;Так;відсутній у фіді
Г85ЛЧ8;Головка 8-гранна 85 мм під монтировку Г85ЛЧ8 Україна;ok;1535.00;1535.00;+0.00%;1940.00;1770.00;-8.76%;15.14%;Торцевые головки;Ні;*;Так;відсутній у фіді
ИКС;Індикатор якості суміші (ІКС);ok;1535.00;1535.00;+0.00%;3030.00;1770.00;-41.58%;15.00%;default;Ні;*;Так;відсутній у фіді + подешевшало на 41.6%
КАРД08Х;Торцевий Т-подібний ключ з карданом S8 КАРД08Х Україна;ok;78.00;78.00;+0.00%;130.00;90.00;-30.77%;15.14%;Торцевые ключи;Ні;*;Так;відсутній у фіді + подешевшало на 30.8%
КАРД10Х;Ключ торцовый шарнирный S10 (Харьков) КАРД10Х;ok;78.00;78.00;+0.00%;540.00;90.00;-83.33%;15.14%;Торцевые ключи;Ні;*;Так;відсутній у фіді + подешевшало на 83.3%
КАРД12Х;Ключ торцевий шарнірний S12 (Харків) КАРД12Х;ok;78.00;78.00;+0.00%;160.00;90.00;-43.75%;15.14%;Торцевые ключи;Ні;*;Так;відсутній у фіді + подешевшало на 43.8%
КАРД13Х;Ключ торцевий односторонній з карданом S13 (Харків) КАРД13Х;ok;78.00;78.00;+0.00%;820.00;90.00;-89.02%;15.14%;Торцевые ключи;Ні;*;Так;відсутній у фіді + подешевшало на 89.0%
КАРД14Х;Ключ торцевий Т-подібний з карданом S14 (Харків) КАРД14Х;ok;78.00;78.00;+0.00%;130.00;90.00;-30.77%;15.14%;Торцевые ключи;Ні;*;Так;відсутній у фіді + подешевшало на 30.8%
КЕРН;Керн (Харків);ok;11.00;11.00;+0.00%;260.00;40.00;-84.62%;15.34%;Пробойники, зубила, бородки;Ні;*;Так;відсутній у фіді + подешевшало на 84.6%
КПРЕЙ08МС;Ключ для підтягування рейки ВАЗ 2108-2109 (ХЗСО);ok;176.00;176.00;+0.00%;250.00;210.00;-16.00%;15.00%;default;Ні;*;Так;відсутній у фіді
КРДЛ;Крокодили (Херсон);ok;80.00;80.00;+0.00%;130.00;100.00;-23.08%;15.00%;default;Так;*;Так;подешевшало на 23.1%
КРУЧ08Х;Ключ для ручника ВАЗ 2108-2109 (Харків);ok;83.00;83.00;+0.00%;130.00;100.00;-23.08%;15.00%;default;Ні;*;Так;відсутній у фіді + подешевшало на 23.1%
КРФ28;Ключ для розбирання дизельних форсунок d28;ok;392.00;392.00;+0.00%;520.00;450.00;-13.46%;14.60%;Механические съемники;Ні;*;Так;відсутній у фіді
КРФ30-6;Ключ для розбирання дизельних форсунок d30;ok;392.00;392.00;+0.00%;520.00;450.00;-13.46%;14.60%;Механические съемники;Ні;*;Так;відсутній у фіді
КС43-Б;"Вороток Г-образный КС-43 1/2"" никелированный (Чернигов) КС43";ok;221.00;221.00;+0.00%;300.00;260.00;-13.33%;14.92%;Воротки, трещотки;Ні;*;Так;відсутній у фіді
КС43-Ч;"Вороток Г-образный КС-43 1/2"" черный (Чернигов) КС43-Ч";ok;221.00;221.00;+0.00%;6220.00;260.00;-95.82%;14.92%;Воротки, трещотки;Ні;*;Так;відсутній у фіді + подешевшало на 95.8%
КС53-Б;"Вороток Г-образный КС-53 1/2"" никелированный (Чернигов) КС53";ok;307.00;307.00;+0.00%;15810.00;360.00;-97.72%;14.92%;Воротки, трещотки;Ні;*;Так;відсутній у фіді + подешевшало на 97.7%
КС53-Ч;"Вороток Г-образный КС-53 1/2"" черный (Чернигов) КС53-Ч";ok;307.00;307.00;+0.00%;410.00;360.00;-12.20%;14.92%;Воротки, трещотки;Ні;*;Так;відсутній у фіді
КСТАРТ13Х;Ключ стартерний S13 (Харків) КСТАРТ13Х;ok;40.00;40.00;+0.00%;80.00;50.00;-37.50%;15.00%;default;Ні;*;Так;відсутній у фіді + подешевшало на 37.5%
ЛОМХМ;"Подовжувач з карданом для зняття коробки ""лом"" чорний потужн";ok;166.00;166.00;+0.00%;230.00;200.00;-13.04%;15.14%;Торцевые головки;Ні;*;Так;відсутній у фіді
МОЛ20Т;Молоток 2кг (кувалда);ok;194.00;194.00;+0.00%;270.00;230.00;-14.81%;13.55%;Молотки, кувалды, киянки;Ні;*;Так;відсутній у фіді
МОЛ40Т;Молоток 4кг (кувалда);ok;298.00;298.00;+0.00%;400.00;340.00;-15.00%;13.55%;Молотки, кувалды, киянки;Ні;*;Так;відсутній у фіді
МОЛ60Т;Молоток 6кг (кувалда);ok;386.00;386.00;+0.00%;510.00;440.00;-13.73%;13.55%;Молотки, кувалды, киянки;Ні;*;Так;відсутній у фіді
МОЛ80Т;Молоток 8кг (кувалда);ok;485.00;485.00;+0.00%;630.00;560.00;-11.11%;13.55%;Молотки, кувалды, киянки;Ні;*;Так;відсутній у фіді
МОЛН;"Установка для перевірки свічок"" Молния"" (12В) з компресором";ok;5005.00;5005.00;+0.00%;6610.00;5760.00;-12.86%;15.00%;default;Ні;*;Так;відсутній у фіді
МОЛН220К;"Установка для перевірки свічок"" Молния-К"" (220В) з компресор";ok;5555.00;5555.00;+0.00%;6930.00;6390.00;-7.79%;15.00%;default;Ні;*;Так;відсутній у фіді
МОЛН220ПЕР;"Комплект перехідників для установки для перевірки свічок"" Мо";ok;1045.00;1045.00;+0.00%;1330.00;1210.00;-9.02%;15.00%;default;Ні;*;Так;відсутній у фіді
НОЖШАР25;Ніж для зенкерів розсувних 25.4-3 3 шт (Харків);ok;495.00;495.00;+0.00%;640.00;570.00;-10.94%;15.00%;default;Ні;*;Так;відсутній у фіді
НОЖШАР32;Ніж для зенкерів розсувних 32.4-3 1шт (Харків);ok;594.00;594.00;+0.00%;770.00;690.00;-10.39%;15.00%;default;Ні;*;Так;відсутній у фіді
НОЖШАР40;Ніж для зенкерів розсувних 40-3 1шт (Харків);ok;693.00;693.00;+0.00%;890.00;800.00;-10.11%;15.00%;default;Ні;*;Так;відсутній у фіді
НСВ1306;Свердла для металу Р6М5 13 шт 1,5-6,5 мм СТАНДАРТ НСВ1306;ok;187.00;187.00;+0.00%;260.00;220.00;-15.38%;15.00%;default;Ні;*;Так;відсутній у фіді
НСВ1306Т;Набір свердел для металу Р6М5 13 шт титан 1,5-6,5 мм СТАНДАР;ok;214.00;214.00;+0.00%;290.00;250.00;-13.79%;15.00%;default;Ні;*;Так;відсутній у фіді
НСВ1308;Свердла для металу Р6М5 13 шт 2-8 мм СТАНДАРТ НСВ1308;ok;230.00;230.00;+0.00%;310.00;270.00;-12.90%;15.00%;default;Ні;*;Так;відсутній у фіді
НСВ1308Т;Набір свердел для металу Р6М5 13 шт титан 2-8 мм СТАНДАРТ НС;ok;266.00;266.00;+0.00%;360.00;310.00;-13.89%;15.00%;default;Ні;*;Так;відсутній у фіді
НСВ1910;Свердла для металу Р6М5 19 шт 1-10 мм СТАНДАРТ НСВ1910;ok;412.00;412.00;+0.00%;540.00;480.00;-11.11%;15.00%;default;Ні;*;Так;відсутній у фіді
НСВ1910Т;Набір свердел для металу Р6М5 19 шт титан 1-10 мм СТАНДАРТ Н;ok;474.00;474.00;+0.00%;620.00;550.00;-11.29%;15.00%;default;Ні;*;Так;відсутній у фіді
НСВ2513;Набір свердел для металу Р6М5 25 шт 1-13 мм СТАНДАРТ НСВ2513;ok;818.00;818.00;+0.00%;1040.00;950.00;-8.65%;15.00%;default;Ні;*;Так;відсутній у фіді
НСВ2513Т;Свердла для металу Р6М5 25 шт титан 1-13мм СТАНДАРТ НСВ2513Т;ok;891.00;891.00;+0.00%;1140.00;1030.00;-9.65%;15.00%;default;Ні;*;Так;відсутній у фіді
НСК10ХЦ;Набивання сальників клапанів ВАЗ 2110 (16 V) (Харків);ok;89.00;89.00;+0.00%;140.00;110.00;-21.43%;15.00%;default;Ні;*;Так;відсутній у фіді + подешевшало на 21.4%
ОТШАЙБА;OT-шайба 20шт (Харків);ok;132.00;132.00;+0.00%;6140.00;160.00;-97.39%;14.73%;Комплектующие для сварки и пайки;Так;*;Так;подешевшало на 97.4%
ПЕР10С;Подовжувач гаражний 10м СТАНДАРТ;ok;227.00;227.00;+0.00%;630.00;270.00;-57.14%;14.96%;Переносные светильники;Так;*;Так;подешевшало на 57.1%
ПЕР20С;Подовжувач гаражний 20м СТАНДАРТ;ok;334.00;334.00;+0.00%;590.00;390.00;-33.90%;14.96%;Переносные светильники;Так;*;Так;подешевшало на 33.9%
ПЕР5С;Подовжувач гаражний 5м СТАНДАРТ ПЕР5С;ok;180.00;180.00;+0.00%;840.00;210.00;-75.00%;14.96%;Переносные светильники;Так;*;Так;подешевшало на 75.0%
ПЕСК-Ф;"Стенд для піскоструменевого очищення"" FOCUS""";ok;2700.00;2700.00;+0.00%;3380.00;2990.00;-11.54%;10.63%;Пневматические пескоструйные пистолеты;Ні;*;Так;відсутній у фіді
ПЕСК-Ч;"Стенд для піскоструменевого очищення"" Чемпіон""";ok;4400.00;4400.00;+0.00%;5490.00;4870.00;-11.29%;10.63%;Пневматические пескоструйные пистолеты;Ні;*;Так;відсутній у фіді
ПОДШ08Л;Знімач підшипників маточини ВАЗ 2108-2109 з лапами (ХЗСО);ok;1394.00;1394.00;+0.00%;1760.00;1600.00;-9.09%;14.60%;Съемники подшипников;Ні;*;Так;відсутній у фіді
ПОДШ41КРЛ;"Знімач підшипників маточини ""Москвич 2141"" (ХЗСО)";ok;1157.00;1157.00;+0.00%;1470.00;1330.00;-9.52%;14.60%;Съемники подшипников;Ні;*;Так;відсутній у фіді
ПР0709В;Ключ прокачування 7*9мм (затискний) СТАНДАРТ ПР0709В;ok;170.00;170.00;+0.00%;1320.00;200.00;-84.85%;15.14%;Разрезные ключи;Так;*;Так;подешевшало на 84.8%
ПР0709Х;Ключ прокачки тормозов зажимной 7х9 мм (Харьков) ПР0709Х;ok;32.00;32.00;+0.00%;140.00;40.00;-71.43%;15.14%;Разрезные ключи;Ні;*;Так;відсутній у фіді + подешевшало на 71.4%
ПР0711В;Ключ прокачування 7*11мм (затискний) СТАНДАРТ ПР0711В;ok;170.00;170.00;+0.00%;990.00;200.00;-79.80%;15.14%;Разрезные ключи;Так;*;Так;подешевшало на 79.8%
ПР0711Х;Ключ прокачування гальмівної системи 7х11 мм (затискний) (Ха;ok;32.00;32.00;+0.00%;140.00;40.00;-71.43%;15.14%;Разрезные ключи;Ні;*;Так;відсутній у фіді + подешевшало на 71.4%
ПР0810В;Ключ прокачування 8*10мм (затискний) СТАНДАРТ ПР0810В;ok;170.00;170.00;+0.00%;370.00;200.00;-45.95%;15.14%;Торцевые ключи;Так;*;Так;подешевшало на 45.9%
ПР0810Х;Ключ прокачування гальм затискний 8х10 мм (Харків) ПР0810Х;ok;32.00;32.00;+0.00%;1170.00;40.00;-96.58%;15.14%;Разрезные ключи;Ні;*;Так;відсутній у фіді + подешевшало на 96.6%
ПР0911В;Ключ прокачування 9*11мм (затискний) СТАНДАРТ ПР0911В;ok;170.00;170.00;+0.00%;400.00;200.00;-50.00%;14.60%;Механические съемники;Так;*;Так;подешевшало на 50.0%
ПР0911Х;Ключ прокачування гальм 9х11 мм (затискний) (Харків) ПР0911Х;ok;32.00;32.00;+0.00%;140.00;40.00;-71.43%;15.14%;Разрезные ключи;Ні;*;Так;відсутній у фіді + подешевшало на 71.4%
ПР1012В;Ключ прокачування 10*12мм (затискний) СТАНДАРТ ПР1012В;ok;170.00;170.00;+0.00%;550.00;200.00;-63.64%;14.60%;Механические съемники;Так;*;Так;подешевшало на 63.6%
ПР1012Х;Ключ для гальмівних трубок 10х12 мм (затискний) (Харків) ПР1;ok;32.00;32.00;+0.00%;150.00;40.00;-73.33%;15.00%;default;Ні;*;Так;відсутній у фіді + подешевшало на 73.3%
ПР1013В;Ключ прокачування 10*13мм (затискний) СТАНДАРТ ПР1013В;ok;170.00;170.00;+0.00%;850.00;200.00;-76.47%;14.60%;Механические съемники;Так;*;Так;подешевшало на 76.5%
ПР1013Х;Ключ прокачки тормозной системы 10х13 мм (зажимной) (Харьков;ok;34.00;34.00;+0.00%;190.00;40.00;-78.95%;15.14%;Разрезные ключи;Ні;*;Так;відсутній у фіді + подешевшало на 78.9%
ПРК25М;Прикурювач L'2 5 м 500А мідь перетин 1x10 квмм (Херсон);ok;670.00;670.00;+0.00%;1140.00;780.00;-31.58%;15.00%;default;Так;*;Так;подешевшало на 31.6%
ПРСВ220;Установка для перевірки свічок під тиском (220В);ok;5720.00;5720.00;+0.00%;7130.00;6580.00;-7.71%;15.00%;default;Ні;*;Так;відсутній у фіді
РАЗВ1011В;Розгортка ручна регульована 10-10,75 (Вінниця);ok;310.00;310.00;+0.00%;410.00;360.00;-12.20%;15.00%;default;Ні;*;Так;відсутній у фіді
РАЗВ1011Л;Розгортка ручна регульована d 10,5-11,5(пелюсткова) (Харків);ok;120.00;120.00;+0.00%;190.00;140.00;-26.32%;15.00%;default;Ні;*;Так;відсутній у фіді + подешевшало на 26.3%
РАЗВ10Л;Розгортка ручна регульована d 10 (пелюсткова) (Харків);ok;120.00;120.00;+0.00%;180.00;140.00;-22.22%;15.00%;default;Ні;*;Так;відсутній у фіді + подешевшало на 22.2%
РАЗВ10Ш;Розгортка ручна регульована d 10 (з кулькою) (Харків);ok;410.00;410.00;+0.00%;540.00;480.00;-11.11%;15.00%;default;Ні;*;Так;відсутній у фіді
РАЗВ1112В;Розгортка ручна регульована 10,75-11,75 (Вінниця);ok;318.00;318.00;+0.00%;420.00;370.00;-11.90%;15.00%;default;Ні;*;Так;відсутній у фіді
РАЗВ1113Л;Розгортка ручна регульована d 11,5-12,5 (пелюсткова) (Харків;ok;136.00;136.00;+0.00%;200.00;160.00;-20.00%;15.00%;default;Ні;*;Так;відсутній у фіді + подешевшало на 20.0%
РАЗВ11Ш;Розгортка ручна регульована d 11 (з кулькою) (Харків);ok;455.00;455.00;+0.00%;1740.00;530.00;-69.54%;15.00%;default;Ні;*;Так;відсутній у фіді + подешевшало на 69.5%
РАЗВ1213В;Розгортка ручна регульована 12-13,5(Вінниця);ok;358.00;358.00;+0.00%;470.00;420.00;-10.64%;15.00%;default;Ні;*;Так;відсутній у фіді
РАЗВ1213Л;Розгортка ручна рег d 12-13,5 (пелюсткова) (Харків);ok;136.00;136.00;+0.00%;200.00;160.00;-20.00%;15.00%;default;Ні;*;Так;відсутній у фіді + подешевшало на 20.0%
РАЗВ125Ш;Розгортка ручна регульована d 12,5 (з кулькою) (Харків);ok;455.00;455.00;+0.00%;590.00;530.00;-10.17%;15.00%;default;Ні;*;Так;відсутній у фіді
РАЗВ12Ш;Розгортка ручна регульована d 12 (з кулькою) (Харків);ok;455.00;455.00;+0.00%;590.00;530.00;-10.17%;15.00%;default;Ні;*;Так;відсутній у фіді
РАЗВ1315В;Розгортка ручна регульована 13,5-15,5 (Вінниця);ok;350.00;350.00;+0.00%;460.00;410.00;-10.87%;15.00%;default;Ні;*;Так;відсутній у фіді
РАЗВ1315Л;Розгортка ручна рег d 13,5-15 (пелюсткова) (Харків);ok;144.00;144.00;+0.00%;210.00;170.00;-19.05%;15.00%;default;Ні;*;Так;відсутній у фіді
РАЗВ14Ш;Розгортка ручна регульована d 14 (з кулькою) (Харків);ok;455.00;455.00;+0.00%;590.00;530.00;-10.17%;15.00%;default;Ні;*;Так;відсутній у фіді
РАЗВ1517В;Розгортка ручна регульована 15,25-17,25 (Вінниця);ok;360.00;360.00;+0.00%;480.00;420.00;-12.50%;15.00%;default;Ні;*;Так;відсутній у фіді
РАЗВ1921В;Розгортка ручна регульована 19-21 (Вінниця);ok;415.00;415.00;+0.00%;540.00;480.00;-11.11%;15.00%;default;Ні;*;Так;відсутній у фіді
РАЗВ2123В;Розгортка ручна регульована 21-23 (Вінниця);ok;529.00;529.00;+0.00%;690.00;610.00;-11.59%;15.00%;default;Ні;*;Так;відсутній у фіді
РАЗВ2326В;Розгортка ручна регульована 23-26 (Вінниця);ok;605.00;605.00;+0.00%;780.00;700.00;-10.26%;15.00%;default;Ні;*;Так;відсутній у фіді
РАЗВ25ЛРЕГ;Розгортка ручна циліндрична d 25 з направл регульована (Харк;ok;1010.00;1010.00;+0.00%;1280.00;1170.00;-8.59%;15.00%;default;Ні;*;Так;відсутній у фіді
РАЗВ25ЦЕЛ-L350;Розгортка ручна циліндрична d 25 з направл L350 (Харків);ok;1150.00;1150.00;+0.00%;1460.00;1330.00;-8.90%;15.00%;default;Ні;*;Так;відсутній у фіді
РАЗВ2629В;Розгортка ручна регульована 26-29,5 (Вінниця);ok;785.00;785.00;+0.00%;1000.00;910.00;-9.00%;15.00%;default;Ні;*;Так;відсутній у фіді
РАЗВ2933В;Розгортка ручна регульована 29,5-33,5(Вінниця);ok;1075.00;1075.00;+0.00%;1480.00;1240.00;-16.22%;15.00%;default;Ні;*;Так;відсутній у фіді
РАЗВ30Л;Розгортка ручна циліндрична d 30 з направл регульована (Харк;ok;1070.00;1070.00;+0.00%;1360.00;1240.00;-8.82%;15.00%;default;Ні;*;Так;відсутній у фіді
РАЗВ30ЦЕЛ;Розгортка d 30 цільна з напрямом (Харків);ok;1220.00;1220.00;+0.00%;1540.00;1410.00;-8.44%;15.00%;default;Ні;*;Так;відсутній у фіді
РАЗВ32ЦЕЛ-L350;Розгортка ручна циліндрична d 32 з направл L350 (Харків);ok;1215.00;1215.00;+0.00%;1540.00;1400.00;-9.09%;15.00%;default;Ні;*;Так;відсутній у фіді
РАЗВ3338В;Розгортка ручна регульована 33,5-38 (Вінниця);ok;1480.00;1480.00;+0.00%;1870.00;1710.00;-8.56%;15.00%;default;Ні;*;Так;відсутній у фіді
РАЗВ3540В;Розгортка ручна регульована 35-40(Вінниця);ok;1499.00;1499.00;+0.00%;1890.00;1730.00;-8.47%;15.00%;default;Ні;*;Так;відсутній у фіді
РАЗВ35В-2;Розгортка під 35 вал подвійна (стандарт+ремонт) (Харків) РАЗ;ok;1400.00;1400.00;+0.00%;1770.00;1610.00;-9.04%;15.00%;default;Ні;*;Так;відсутній у фіді
РАЗВ35Л;Розгортка ручна циліндрична d 35 з направл регульована (Харк;ok;1165.00;1165.00;+0.00%;1480.00;1340.00;-9.46%;15.00%;default;Ні;*;Так;відсутній у фіді
РАЗВ35РЛ;Розгортка під 35 вал регульована пелюсткова (Харків);ok;316.00;316.00;+0.00%;420.00;370.00;-11.90%;15.00%;default;Ні;*;Так;відсутній у фіді
РАЗВ38Л;Розгортка ручна циліндрична d 38 з направл регульована (Харк;ok;1400.00;1400.00;+0.00%;1770.00;1610.00;-9.04%;15.00%;default;Ні;*;Так;відсутній у фіді
РАЗВ38ЦЕЛ;Розгортка d 38 цільна з напрямом (Харків);ok;1465.00;1465.00;+0.00%;1850.00;1690.00;-8.65%;15.00%;default;Ні;*;Так;відсутній у фіді
РАЗВ4043В;Розгортка ручна регульована 40-43 (Вінниця);ok;1925.00;1925.00;+0.00%;2540.00;2220.00;-12.60%;15.00%;default;Ні;*;Так;відсутній у фіді
РАЗВ4345В;Розгортка ручна регульована 43-45 (Вінниця);ok;2300.00;2300.00;+0.00%;2920.00;2650.00;-9.25%;15.00%;default;Ні;*;Так;відсутній у фіді
РАЗВ4547В;Розгортка ручна регульована 45-47 (Вінниця);ok;2320.00;2320.00;+0.00%;2910.00;2670.00;-8.25%;15.00%;default;Ні;*;Так;відсутній у фіді
РАЗВ45Л;Розгортка ручна циліндрична d 45 з напр регульована (Харків);ok;2780.00;2780.00;+0.00%;3480.00;3200.00;-8.05%;15.00%;default;Ні;*;Так;відсутній у фіді
РАЗВ45ЦЕЛ;Розгортка d 45 цільна з напрямом (Харків);ok;3080.00;3080.00;+0.00%;3850.00;3550.00;-7.79%;15.00%;default;Ні;*;Так;відсутній у фіді
РАЗВ4750В;Розгортка ручна регульована 47-50(Вінниця);ok;2840.00;2840.00;+0.00%;3950.00;3270.00;-17.22%;15.00%;default;Ні;*;Так;відсутній у фіді
РАЗВ5.99;Розгортка ручна циліндрична d 5.99 (Харків);ok;118.00;118.00;+0.00%;510.00;140.00;-72.55%;15.00%;default;Ні;*;Так;відсутній у фіді + подешевшало на 72.5%
РАЗВ50Л;Розгортка ручна циліндрична d 50 з направл регульована (Харк;ok;3245.00;3245.00;+0.00%;4060.00;3740.00;-7.88%;15.00%;default;Ні;*;Так;відсутній у фіді
РАЗВ50ЦЕЛ;Розгортка d 50 цільна з напрямом (Харків);ok;3390.00;3390.00;+0.00%;4240.00;3900.00;-8.02%;15.00%;default;Ні;*;Так;відсутній у фіді
РАЗВ6.00;Розгортка ручна циліндрична d 6.00 (Харків);ok;118.00;118.00;+0.00%;440.00;140.00;-68.18%;15.00%;default;Ні;*;Так;відсутній у фіді + подешевшало на 68.2%
РАЗВ6.01;Розгортка ручна циліндрична d 6.01 (Харків);ok;118.00;118.00;+0.00%;190.00;140.00;-26.32%;15.00%;default;Ні;*;Так;відсутній у фіді + подешевшало на 26.3%
РАЗВ6.02;Розгортка ручна циліндрична d 6.02 (Харків);ok;118.00;118.00;+0.00%;170.00;140.00;-17.65%;15.00%;default;Ні;*;Так;відсутній у фіді
РАЗВ6.99;Розгортка ручна циліндрична d 6.99 (Харків);ok;139.00;139.00;+0.00%;3640.00;160.00;-95.60%;15.00%;default;Ні;*;Так;відсутній у фіді + подешевшало на 95.6%
РАЗВ6Ш;Розгортка ручна регульована d 6 (з кулькою) (Харьков) РАЗВ6Ш;ok;378.00;378.00;+0.00%;520.00;440.00;-15.38%;15.00%;default;Ні;*;Так;відсутній у фіді
РАЗВ7.00;Розгортка ручна циліндрична d 7.00 (Харків);ok;139.00;139.00;+0.00%;330.00;160.00;-51.52%;15.00%;default;Ні;*;Так;відсутній у фіді + подешевшало на 51.5%
РАЗВ7.01;Розгортка ручна циліндрична d 7.01 (Харків);ok;139.00;139.00;+0.00%;330.00;160.00;-51.52%;15.00%;default;Ні;*;Так;відсутній у фіді + подешевшало на 51.5%
РАЗВ7.02;Розгортка ручна циліндрична d 7.02 (Харків);ok;139.00;139.00;+0.00%;200.00;160.00;-20.00%;15.00%;default;Ні;*;Так;відсутній у фіді + подешевшало на 20.0%
РАЗВ7.98;Розгортка ручна циліндрична d 7.98 (Харків);ok;157.00;157.00;+0.00%;220.00;190.00;-13.64%;15.00%;default;Ні;*;Так;відсутній у фіді
РАЗВ7.99;Розгортка ручна циліндрична d 7.99 (Харків);ok;157.00;157.00;+0.00%;410.00;190.00;-53.66%;15.00%;default;Ні;*;Так;відсутній у фіді + подешевшало на 53.7%
РАЗВ7Л;Розгортка ручна регульована d 7 (пелюсткова) (Харків);ok;120.00;120.00;+0.00%;190.00;140.00;-26.32%;15.00%;default;Ні;*;Так;відсутній у фіді + подешевшало на 26.3%
РАЗВ7Ш;Розгортка ручна регульована d 7 (з кулькою) (Харьков) РАЗВ7Ш;ok;378.00;378.00;+0.00%;500.00;440.00;-12.00%;15.00%;default;Ні;*;Так;відсутній у фіді
РАЗВ8.00;Розгортка ручна циліндрична d 8.00 (Харків);ok;157.00;157.00;+0.00%;360.00;190.00;-47.22%;15.00%;default;Ні;*;Так;відсутній у фіді + подешевшало на 47.2%
РАЗВ8.01;Розгортка ручна циліндрична d 8.01 (Харків);ok;157.00;157.00;+0.00%;330.00;190.00;-42.42%;15.00%;default;Ні;*;Так;відсутній у фіді + подешевшало на 42.4%
РАЗВ8.02;Розгортка ручна циліндрична d 8.02 (Харків);ok;157.00;157.00;+0.00%;390.00;190.00;-51.28%;15.00%;default;Ні;*;Так;відсутній у фіді + подешевшало на 51.3%
РАЗВ8.03;Розгортка ручна циліндрична d 8.03 (Харків);ok;157.00;157.00;+0.00%;480.00;190.00;-60.42%;15.00%;default;Ні;*;Так;відсутній у фіді + подешевшало на 60.4%
РАЗВ8.99;Розгортка ручна циліндрична d 8.99 (Харків);ok;188.00;188.00;+0.00%;350.00;220.00;-37.14%;15.00%;default;Ні;*;Так;відсутній у фіді + подешевшало на 37.1%
РАЗВ8Л;Розгортка ручна регульована d 8 (пелюсткова) (Харків);ok;120.00;120.00;+0.00%;180.00;140.00;-22.22%;15.00%;default;Ні;*;Так;відсутній у фіді + подешевшало на 22.2%
РАЗВ8Ш;Розгортка ручна регульована d 8 (з кулькою) (Харьков) РАЗВ8Ш;ok;378.00;378.00;+0.00%;500.00;440.00;-12.00%;15.00%;default;Ні;*;Так;відсутній у фіді
РАЗВ9.00;Розгортка ручна циліндрична d 9.00 (Харків);ok;188.00;188.00;+0.00%;360.00;220.00;-38.89%;15.00%;default;Ні;*;Так;відсутній у фіді + подешевшало на 38.9%
РАЗВ9.01;Розгортка ручна циліндрична d 9.01;ok;188.00;188.00;+0.00%;260.00;220.00;-15.38%;15.00%;default;Ні;*;Так;відсутній у фіді
РАЗВ9.02;Розгортка ручна циліндрична d 9.02 (Харків);ok;188.00;188.00;+0.00%;350.00;220.00;-37.14%;15.00%;default;Ні;*;Так;відсутній у фіді + подешевшало на 37.1%
РАЗВ9Л;Розгортка ручна регульована d 9 (пелюсткова) (Харків);ok;120.00;120.00;+0.00%;180.00;140.00;-22.22%;15.00%;default;Ні;*;Так;відсутній у фіді + подешевшало на 22.2%
РАЗВ9Ш;Розгортка ручна регульована d 9 (з кулькою) (Харьков) РАЗВ9Ш;ok;378.00;378.00;+0.00%;500.00;440.00;-12.00%;15.00%;default;Ні;*;Так;відсутній у фіді
РАЗВПРВ-Г;Розгортка промвала Газель 406ДВС (Харків);ok;1390.00;1390.00;+0.00%;1760.00;1600.00;-9.09%;15.00%;default;Ні;*;Так;відсутній у фіді
РАС-ВРХ;Розсухарювач клапанів ВОЛГА (ХЗСО);ok;503.00;503.00;+0.00%;650.00;580.00;-10.77%;15.00%;default;Ні;*;Так;відсутній у фіді
РАС-УН3НАС;Розсухарювач клапанів струбциною універсальний (3 насадки) (;ok;450.00;450.00;+0.00%;590.00;520.00;-11.86%;15.00%;default;Ні;*;Так;відсутній у фіді
РАС-УР;Розсухарювач клапанів УНІВЕРСАЛЬНИЙ (з ручкою) (ХЗСО);ok;803.00;803.00;+0.00%;1030.00;930.00;-9.71%;15.00%;default;Ні;*;Так;відсутній у фіді
РЕГ08Х;Регулювання клапанів ВАЗ 2108-2109 (Харків);ok;149.00;149.00;+0.00%;1160.00;180.00;-84.48%;15.00%;default;Ні;*;Так;відсутній у фіді + подешевшало на 84.5%
РЕГГАЗ;Прист для перевірки і рег-ння фаз газорозпод Газель (Харків);ok;1178.00;1178.00;+0.00%;1490.00;1350.00;-9.40%;14.60%;Механические съемники;Ні;*;Так;відсутній у фіді
РОЛ08Х;Ключ для підтягування ролика 08-09 (ХЗСО);ok;190.00;190.00;+0.00%;260.00;220.00;-15.38%;15.00%;default;Ні;*;Так;відсутній у фіді
СВ1617Х;Ключ свічний трубчастий 16x17 (Харків) СВ1617Х;ok;12.00;12.00;+0.00%;40.00;40.00;+0.00%;15.14%;Торцевые ключи;Ні;*;Так;відсутній у фіді
СВ16КАРДХ;Ключ торцевий свічковий 16 мм з карданом (Харків) СВ16КАРДХ;ok;95.00;95.00;+0.00%;150.00;110.00;-26.67%;15.14%;Торцевые ключи;Ні;*;Так;відсутній у фіді + подешевшало на 26.7%
СВ2122Х;Свечной ключ трубка 21х22 (Харьков) СВ2122Х;ok;15.00;15.00;+0.00%;50.00;40.00;-20.00%;15.14%;Торцевые ключи;Ні;*;Так;відсутній у фіді + подешевшало на 20.0%
СВ21КАРДХ;Ключ свічний шарнірний 21 мм (Харків) СВ21КАРДХ;ok;95.00;95.00;+0.00%;150.00;110.00;-26.67%;15.14%;Торцевые ключи;Ні;*;Так;відсутній у фіді + подешевшало на 26.7%
СЕРПМФ;"Затискний знімач масляного фільтра ""серп"" СЕРПМФ";ok;98.00;98.00;+0.00%;150.00;120.00;-20.00%;14.60%;Съемники автомобильных фильтров;Ні;*;Так;відсутній у фіді + подешевшало на 20.0%
СК2ЛБКОВ;Знімач двозахопний кований великий 250 мм (Харків) СК2ЛБКІВ;ok;569.00;569.00;+0.00%;740.00;660.00;-10.81%;14.60%;Съемники подшипников;Ні;*;Так;відсутній у фіді
СК2ЛРБ;"Знімач двухлапый ""рейок"" великий (Харків) СК2ЛРБ";ok;338.00;338.00;+0.00%;450.00;390.00;-13.33%;14.60%;Съемники подшипников;Ні;*;Так;відсутній у фіді
СК2ЛРМ;"Знімач дволапий ""рильс"" малий (Харків) СК2ЛРМ";ok;298.00;298.00;+0.00%;400.00;350.00;-12.50%;14.60%;Съемники подшипников;Ні;*;Так;відсутній у фіді
СК2ЛРСР;"Знімач двухлапый ""рейок"" середній (Харків) СК2ЛРСР";ok;318.00;318.00;+0.00%;420.00;370.00;-11.90%;14.60%;Съемники подшипников;Ні;*;Так;відсутній у фіді
СК2ЛСРКОВ;Знімач 2-х лапый кований середній 150мм (Харків) СК2ЛСРКОВ;ok;402.00;402.00;+0.00%;530.00;470.00;-11.32%;14.60%;Съемники подшипников;Ні;*;Так;відсутній у фіді
СК2ЛЦ;Знімач 2-лапий цементований (Харків) СК2ЛЦ;ok;508.00;508.00;+0.00%;660.00;590.00;-10.61%;14.60%;Съемники подшипников;Ні;*;Так;відсутній у фіді
СК3ЛКОВБ;"Знімач 3-х захватный кований 300мм ""величезний"" (Харків) СК3";ok;1236.00;1236.00;+0.00%;1560.00;1420.00;-8.97%;14.60%;Съемники подшипников;Ні;*;Так;відсутній у фіді
СК3ЛКОВМ;"Знімач 3-х захватный кований 150мм ""павучок"" (Харків) СК3ЛКО";ok;367.00;367.00;+0.00%;480.00;430.00;-10.42%;14.60%;Съемники подшипников;Ні;*;Так;відсутній у фіді
СК3ЛКОВСР;"Съемник 3-х захватный кованый 300мм ""паук"" (Харьков) СК3ЛКОВ";ok;716.00;716.00;+0.00%;920.00;830.00;-9.78%;14.60%;Съемники подшипников;Ні;*;Так;відсутній у фіді
СК4ЛКОВБ;Знімач 3-х лапый кований (великий) (Харків) СК4ЛКОВБ;ok;1008.00;1008.00;+0.00%;1280.00;1160.00;-9.38%;14.60%;Съемники подшипников;Ні;*;Так;відсутній у фіді
СК4ЛКОВМ;Знімач 3-х лапый кований (малий) (Харків) СК4ЛКОВМ;ok;396.00;396.00;+0.00%;520.00;460.00;-11.54%;14.60%;Съемники подшипников;Ні;*;Так;відсутній у фіді
СК4ЛКОВСР;Знімач 3-х лапый кований (середній) (Харків) СК4ЛКОВСР;ok;571.00;571.00;+0.00%;740.00;660.00;-10.81%;14.60%;Съемники подшипников;Ні;*;Так;відсутній у фіді
СОСОК;Форма для варіння вентелей (сосків) для ВЛК-ПРФ;ok;605.00;605.00;+0.00%;800.00;700.00;-12.50%;14.74%;Комплектующие для шиномонтажа;Ні;*;Так;відсутній у фіді
СПОЛ;Знімач напіввісі універсальний (ХЗСО);ok;1451.00;1451.00;+0.00%;2510.00;1670.00;-33.47%;14.60%;Механические съемники;Ні;*;Так;відсутній у фіді + подешевшало на 33.5%
ССБЖКРЛ;Знімач сайлентблоків ВАЗ 2101-2107 (ХЗСО);ok;1074.00;1074.00;+0.00%;1360.00;1240.00;-8.82%;14.60%;Механические съемники;Ні;*;Так;відсутній у фіді
ССБНИВА;Знімач сайлентблоков НИВА (ХЗСО);ok;1074.00;1074.00;+0.00%;1360.00;1240.00;-8.82%;14.60%;Механические съемники;Ні;*;Так;відсутній у фіді
СТРОБКВ;"Стробоскоп для бензинових двигунів"" Квазар"" (Жовті Води)";ok;782.00;782.00;+0.00%;2180.00;910.00;-58.26%;15.17%;Товары, общее;Ні;*;Так;відсутній у фіді + подешевшало на 58.3%
СТТАВР;Ключ для зняття стійок Таврія Ланос (Харків);ok;67.00;67.00;+0.00%;110.00;80.00;-27.27%;14.60%;Механические съемники;Ні;*;Так;відсутній у фіді + подешевшало на 27.3%
СШОРУЧКРЛ;Знімач кульових опор ВАЗ 2101-2107 з ручкою (ХЗСО);ok;810.00;810.00;+0.00%;1030.00;930.00;-9.71%;14.60%;Механические съемники;Ні;*;Так;відсутній у фіді
ТР0506ТОЧ;Трубчастий ключ торцевий 5х6мм точений (Харків) ТР0506ТОЧ;ok;29.00;29.00;+0.00%;60.00;40.00;-33.33%;15.14%;Торцевые ключи;Ні;*;Так;відсутній у фіді + подешевшало на 33.3%
ТР0507ТОЧ;Трубчастий ключ торцевий 5х7мм точений (Харків) ТР0507ТОЧ;ok;36.00;36.00;+0.00%;70.00;50.00;-28.57%;15.14%;Торцевые ключи;Ні;*;Так;відсутній у фіді + подешевшало на 28.6%
ТР0607ТОНК;Трубчастий ключ торцевий 6х7мм тонкий (Харків) ТР0607ТОНК;ok;9.00;9.00;+0.00%;40.00;40.00;+0.00%;15.14%;Торцевые ключи;Ні;*;Так;відсутній у фіді
ТР0708ТОНК;Ключ торцевий двосторонній (трубка) 7х8мм тонкий (Харків) ТР;ok;9.00;9.00;+0.00%;40.00;40.00;+0.00%;15.14%;Торцевые ключи;Ні;*;Так;відсутній у фіді
ТР0810ТОЧ;Ключ торцевий трубчастий 8х10мм точений (Харків) ТР0810ТОЧ;ok;44.00;44.00;+0.00%;80.00;60.00;-25.00%;15.14%;Торцевые ключи;Ні;*;Так;відсутній у фіді + подешевшало на 25.0%
ТР0911ТОЧ;Ключ торцевий трубчастий 9х11мм точений (Харків) ТР0911ТОЧ;ok;47.00;47.00;+0.00%;90.00;60.00;-33.33%;15.14%;Торцевые ключи;Ні;*;Так;відсутній у фіді + подешевшало на 33.3%
ТР1012ТОНК;Ключ торцевий прямий (трубка) 10х12мм тонкий (Харків) ТР1012;ok;11.00;11.00;+0.00%;40.00;40.00;+0.00%;15.14%;Торцевые ключи;Ні;*;Так;відсутній у фіді
ТР1012ТОЧ;Ключ торцевий прямий (трубка) 10х12мм точений ТР1012ТОЧ;ok;47.00;47.00;+0.00%;90.00;60.00;-33.33%;15.14%;Торцевые ключи;Ні;*;Так;відсутній у фіді + подешевшало на 33.3%
ТР1013ТОНК;Ключ торцевий прямий (трубка) 10х13мм тонкий (Харків) ТР1013;ok;11.00;11.00;+0.00%;40.00;40.00;+0.00%;15.14%;Торцевые ключи;Ні;*;Так;відсутній у фіді
ТР1013ТОЧ;Ключ торцевий прямий (трубка) 10х13мм точений ТР1013ТОЧ;ok;54.00;54.00;+0.00%;100.00;70.00;-30.00%;15.14%;Торцевые ключи;Ні;*;Так;відсутній у фіді + подешевшало на 30.0%
ТР1113ТОНК;Ключ торцевий прямий (трубка) 11х13мм тонкий (Харків) ТР1113;ok;11.00;11.00;+0.00%;40.00;40.00;+0.00%;15.14%;Торцевые ключи;Ні;*;Так;відсутній у фіді
ТР1213ТОНК;Ключ торцевий прямий (трубка) 12х13мм тонкий (Харків) ТР1213;ok;11.00;11.00;+0.00%;40.00;40.00;+0.00%;15.14%;Торцевые ключи;Ні;*;Так;відсутній у фіді
ТР1213ТОЧ;Ключ торцевий трубчастий двосторонній 12х13мм точений ТР1213;ok;54.00;54.00;+0.00%;100.00;70.00;-30.00%;15.14%;Торцевые ключи;Ні;*;Так;відсутній у фіді + подешевшало на 30.0%
ТР1214ТОНК;Ключ торцевий трубчастий двосторонній 12х14мм тонкий (Харків;ok;11.00;11.00;+0.00%;40.00;40.00;+0.00%;15.14%;Торцевые ключи;Ні;*;Так;відсутній у фіді
ТР1214ТОЧ;Ключ торцевий трубчастий двосторонній 12х14мм точений ТР1214;ok;61.00;61.00;+0.00%;100.00;80.00;-20.00%;15.14%;Торцевые ключи;Ні;*;Так;відсутній у фіді + подешевшало на 20.0%
ТР1314ТОЧ;Ключ торцевий двосторонній (трубка) 13х14мм точений ТР1314ТО;ok;61.00;61.00;+0.00%;100.00;80.00;-20.00%;15.14%;Торцевые ключи;Ні;*;Так;відсутній у фіді + подешевшало на 20.0%
ТР1315ТОЧ;Ключ торцевий двосторонній (трубка) 13х15мм точений ТР1315ТО;ok;61.00;61.00;+0.00%;100.00;80.00;-20.00%;15.14%;Торцевые ключи;Ні;*;Так;відсутній у фіді + подешевшало на 20.0%
ТР1317ТОЧ;Ключ-трубка торцевий 13х17мм точений ТР1317ТОЧ Україна;ok;73.00;73.00;+0.00%;120.00;90.00;-25.00%;15.14%;Торцевые ключи;Ні;*;Так;відсутній у фіді + подешевшало на 25.0%
ТР1415ТОНК;Ключ-трубка торцевій 14х15мм тонкий ТР1415ТОНК Україна;ok;11.00;11.00;+0.00%;40.00;40.00;+0.00%;15.14%;Торцевые ключи;Ні;*;Так;відсутній у фіді
ТР1415ТОЧ;Ключ-трубка торцевий 14х15мм точений ТР1415ТОЧ;ok;73.00;73.00;+0.00%;120.00;90.00;-25.00%;15.14%;Торцевые ключи;Ні;*;Так;відсутній у фіді + подешевшало на 25.0%
ТР1417ТОЧ;Ключ торцевий прямий (трубка) 14 * 17мм точена;ok;73.00;73.00;+0.00%;120.00;90.00;-25.00%;15.14%;Торцевые ключи;Ні;*;Так;відсутній у фіді + подешевшало на 25.0%
ТР1719ТОНК;Ключ-трубка торцевій 17х19мм тонкий (Харків) ТР1719ТОНК;ok;14.00;14.00;+0.00%;50.00;40.00;-20.00%;15.14%;Торцевые ключи;Ні;*;Так;відсутній у фіді + подешевшало на 20.0%
УГОЛХ;"Знімач рульових і кульових універсальний ""куточок"" (ХЗСО)";ok;627.00;627.00;+0.00%;1070.00;720.00;-32.71%;14.60%;Механические съемники;Ні;*;Так;відсутній у фіді + подешевшало на 32.7%
ФОРКАМ;Ключ для форкамер MB (Харків);ok;469.00;469.00;+0.00%;2150.00;540.00;-74.88%;14.60%;Съемники подшипников;Так;*;Так;подешевшало на 74.9%
ЧН14;Набір головок і вороток №14 (8~15 17 19 22мм) ЧН14 (Чернігів;ok;507.00;507.00;+0.00%;3360.00;590.00;-82.44%;14.88%;Наборы ключей;Ні;*;Так;відсутній у фіді + подешевшало на 82.4%
ЧН16;Набір торцевих головок №16 (8~19 21 22мм) ЧН16 (Чернігів);ok;1062.00;1062.00;+0.00%;1350.00;1230.00;-8.89%;15.14%;Торцевые головки;Ні;*;Так;відсутній у фіді
ЧН24;Набір торцевих головок №24 (8~15 17 19 22мм) ЧН24 (Чернігів);ok;942.00;942.00;+0.00%;1600.00;1090.00;-31.87%;15.14%;Торцевые головки;Ні;*;Так;відсутній у фіді + подешевшало на 31.9%
ЧН47;Набор торцевых головок №47 (8~15 17 19 22мм) ЧН47 (Чернигов);ok;879.00;879.00;+0.00%;1120.00;1020.00;-8.93%;15.14%;Торцевые головки;Ні;*;Так;відсутній у фіді
ЧН5;Набір головок і вороток №5 (8~15 17 19 22мм) ЧН5 (Чернігів);ok;826.00;826.00;+0.00%;131460.00;950.00;-99.28%;14.88%;Наборы ключей;Ні;*;Так;відсутній у фіді + подешевшало на 99.3%
ЧН7;Набір головок і вороток №7 (8~15 17 19 22мм) ЧН7 (Чернігів);ok;1106.00;1106.00;+0.00%;1400.00;1280.00;-8.57%;14.88%;Наборы ключей;Ні;*;Так;відсутній у фіді
ШАР2543;Набір зенкеров 25.4-3 розсувних (Харків) ШАР2543;ok;5558.00;5558.00;+0.00%;6930.00;6400.00;-7.65%;15.00%;default;Ні;*;Так;відсутній у фіді
ШАР3243;Набір зенкеров 32.4-3 розсувних (Харків) ШАР3243;ok;5558.00;5558.00;+0.00%;6930.00;6400.00;-7.65%;15.00%;default;Ні;*;Так;відсутній у фіді
ШАР403;Набір зенкеров 40.3 розсувних (Харків) ШАР403;ok;6105.00;6105.00;+0.00%;7610.00;7030.00;-7.62%;15.00%;default;Ні;*;Так;відсутній у фіді
ШАР503;Набір зенкеров 50.3 розсувних (Харків) ШАР503;ok;10553.00;10553.00;+0.00%;13140.00;12140.00;-7.61%;15.00%;default;Ні;*;Так;відсутній у фіді
ШАРС14ВК8;"Шарошки для седел клапанов ""СМД-14"" (Винница) ШАРС14ВК8";ok;1859.00;1859.00;+0.00%;2340.00;2140.00;-8.55%;15.00%;default;Ні;*;Так;відсутній у фіді
ШАРС60ВК8;"Шарошки для седел клапанов ""СМД-60"" (ДТ-75) (Винница) ШАРС60";ok;1940.00;1940.00;+0.00%;2440.00;2240.00;-8.20%;15.00%;default;Ні;*;Так;відсутній у фіді
ШГР12ХРВ;Шестигранник Г-обр 12мм Chrome vanadium (ХЗСО);ok;62.00;62.00;+0.00%;110.00;80.00;-27.27%;15.27%;Шестигранные ключи;Ні;*;Так;відсутній у фіді + подешевшало на 27.3%
ШГР17Х;Шестигранник 17мм (ХЗСО);ok;242.00;242.00;+0.00%;330.00;280.00;-15.15%;15.27%;Шестигранные ключи;Ні;*;Так;відсутній у фіді
ШГР19Х;Шестигранник 19мм (ХЗСО);ok;304.00;304.00;+0.00%;410.00;360.00;-12.20%;15.27%;Шестигранные ключи;Ні;*;Так;відсутній у фіді
ШПХ-Ц;Шпильковерт (цементований) (Харків) ШПХ-Ц;ok;124.00;124.00;+0.00%;180.00;150.00;-16.67%;15.14%;Торцевые головки;Ні;*;Так;відсутній у фіді
ШПЧН;Шпильковерт універсальний (Чернігів) ШПЧН;ok;447.00;447.00;+0.00%;580.00;520.00;-10.34%;15.14%;Торцевые головки;Ні;*;Так;відсутній у фіді
ЭКСТРХ;Набор экстракторов для сломанных болтов (4 шт) (Харьков) ЭКС;ok;67.00;67.00;+0.00%;110.00;80.00;-27.27%;15.00%;default;Ні;*;Так;відсутній у фіді + подешевшало на 27.3%
