ID,Рівень 1,Рівень 2,Рівень 3,Рівень 4,Рівень 5,"Категорія останнього рівня, (для використання в атрибутах)",Роялті
2964,Автотовари,Автоаксесуари,Автопилососи,,,Автопилососи,https://admin.epicentrm.com.ua/commissions
2968,Автотовари,Автоаксесуари,Автотермометри,,,Автотермометри,
1189,Автотовари,Автоаксесуари,Автохолодильники,,,Автохолодильники,
2967,Автотовари,Автоаксесуари,Ареометри,,,Ареометри,
3739,Автотовари,Автоаксесуари,Брелоки для авто,,,Брелоки для авто,
2962,Автотовари,Автоаксесуари,Вентилятори автомобільні,,,Вентилятори автомобільні,
2951,Автотовари,Автоаксесуари,Вішалки автомобільні,,,Вішалки автомобільні,
6119,Автотовари,Автоаксесуари,Іграшки в машину,,,Іграшки в машину,
2948,Автотовари,Автоаксесуари,Килимки автомобільні,,,Килимки автомобільні,
2950,Автотовари,Автоаксесуари,Окуляри водія,,,Окуляри водія,
2953,Автотовари,Автоаксесуари,Органайзери автомобільні,,,Органайзери автомобільні,
5295,Автотовари,Автоаксесуари,Паркувальні демпфери,,,Паркувальні демпфери,
3005,Автотовари,Автоаксесуари,Пасти та очищувачі рук,Пасти та очищувачі рук,,Пасти та очищувачі рук,
2965,Автотовари,Автоаксесуари,Підігрів сидінь та автомасажери,,,Підігрів сидінь та автомасажери,
8764,Автотовари,Автоаксесуари,Підлокітники для авто,,,Підлокітники для авто,
2955,Автотовари,Автоаксесуари,Подушки в автомобіль,,,Подушки в автомобіль,
2960,Автотовари,Автоаксесуари,Розгалужувачі прикурювача,,,Розгалужувачі прикурювача,
2969,Автотовари,Автоаксесуари,Ручки та чохли на КПП,,,Ручки та чохли на КПП,
2958,Автотовари,Автоаксесуари,Тенти-чохли на автомобіль,,,Тенти-чохли на автомобіль,
2952,Автотовари,Автоаксесуари,Тримачі для телефонів в машину,,,Тримачі для телефонів в машину,
2963,Автотовари,Автоаксесуари,Чайники та кавоварки автомобільні,,,Чайники та кавоварки автомобільні,
2944,Автотовари,Автоаксесуари,Чохли для коліс,,,Чохли для коліс,
2945,Автотовари,Автоаксесуари,Чохли для салону автомобіля,,,Чохли для салону автомобіля,
2946,Автотовари,Автоаксесуари,Чохли на кермо,,,Чохли на кермо,
2957,Автотовари,Автоаксесуари,Шторки сонцезахисні в автомобіль,,,Шторки сонцезахисні в автомобіль,
6342,Автотовари,Автоелектроніка,Автосканери,,,Автосканери,
2855,Автотовари,Автоелектроніка,Відеореєстратори,,,Відеореєстратори,
6423,Автотовари,Автоелектроніка,Електроприлади в авто,Автомобільні обігрівачі,,Автомобільні обігрівачі,
2863,Автотовари,Автоелектроніка,Кабелі та конектори,,,Кабелі та конектори,
3729,Автотовари,Автоелектроніка,Камери заднього огляду,,,Камери заднього огляду,
6343,Автотовари,Автоелектроніка,Навігаційне ПЗ,,,Навігаційне ПЗ,
2851,Автотовари,Автоелектроніка,Паркувальні системи,,,Паркувальні системи,
2856,Автотовари,Автоелектроніка,Радар-детектори,,,Радар-детектори,
2857,Автотовари,Автоелектроніка,GPS-навігатори,,,GPS-навігатори,
7230,Автотовари,Автоелектроніка,GPS-трекери,,,GPS-трекери,
3328,Автотовари,Автозапчастини,Автомобільні запобіжники,,,Автомобільні запобіжники,
2972,Автотовари,Автозапчастини,Акумулятори автомобільні,,,Акумулятори автомобільні,
8800,Автотовари,Автозапчастини,Амортизація для авто,Проставки для збільшення кліренсу,,Проставки для збільшення кліренсу,
7548,Автотовари,Автозапчастини,Гальмівна система,Антиблокувальна система (АБС),,Антиблокувальна система (АБС),
7546,Автотовари,Автозапчастини,Гальмівна система,Болти гальмівних дисків,,Болти гальмівних дисків,
7549,Автотовари,Автозапчастини,Гальмівна система,Гальмівні елементи автомобіля,Гальмівні барабани,Гальмівні барабани,
7534,Автотовари,Автозапчастини,Гальмівна система,Гальмівні елементи автомобіля,Гальмівні диски,Гальмівні диски,
7535,Автотовари,Автозапчастини,Гальмівна система,Гальмівні елементи автомобіля,Гальмівні колодки,Гальмівні колодки,
7539,Автотовари,Автозапчастини,Гальмівна система,Гальмівні елементи автомобіля,Гальмівні колодки барабанні,Гальмівні колодки барабанні,
7541,Автотовари,Автозапчастини,Гальмівна система,Гальмівні елементи автомобіля,Ремкомплекти барабанних колодок,Ремкомплекти барабанних колодок,
395,Автотовари,Автозапчастини,Гальмівна система,Гальмівні елементи автомобіля,Скоби гальмівних колодок,Скоби гальмівних колодок,
7538,Автотовари,Автозапчастини,Гальмівна система,Гальмівні елементи автомобіля,Троси ручного гальма,Троси ручного гальма,
399,Автотовари,Автозапчастини,Гальмівна система,Гідравліка гальмівної системи,Вакуумні підсилювачі гальм,Вакуумні підсилювачі гальм,
7536,Автотовари,Автозапчастини,Гальмівна система,Гідравліка гальмівної системи,Гальмівні супорти,Гальмівні супорти,
7537,Автотовари,Автозапчастини,Гальмівна система,Гідравліка гальмівної системи,Гальмівні шланги,Гальмівні шланги,
7542,Автотовари,Автозапчастини,Гальмівна система,Гідравліка гальмівної системи,Головні гальмівні циліндри,Головні гальмівні циліндри,
7150,Автотовари,Автозапчастини,Гальмівна система,Гідравліка гальмівної системи,Комплекти напрямної супорта,Комплекти напрямної супорта,
7547,Автотовари,Автозапчастини,Гальмівна система,Гідравліка гальмівної системи,Поршні гальмівного супорта,Поршні гальмівного супорта,
7545,Автотовари,Автозапчастини,Гальмівна система,Гідравліка гальмівної системи,Ремкомплекти гальмівного циліндра,Ремкомплекти гальмівного циліндра,
7111,Автотовари,Автозапчастини,Гальмівна система,Гідравліка гальмівної системи,Ремкомплекти головного гальмівного циліндра,Ремкомплекти головного гальмівного циліндра,
7543,Автотовари,Автозапчастини,Гальмівна система,Гідравліка гальмівної системи,Ремкомплекти супорта,Ремкомплекти супорта,
6097,Автотовари,Автозапчастини,Гальмівна система,Гідравліка гальмівної системи,Робочі гальмівні циліндри,Робочі гальмівні циліндри,
401,Автотовари,Автозапчастини,Гальмівна система,Гідравліка гальмівної системи,Розподільники гальмівних зусиль,Розподільники гальмівних зусиль,
7179,Автотовари,Автозапчастини,Гальмівна система,Гідравліка гальмівної системи,Скоби гальмівного супорта,Скоби гальмівного супорта,
7395,Автотовари,Автозапчастини,Гальмівна система,Електронні компоненти гальмівної системи,Датчик зносу гальмівних колодок,Датчик зносу гальмівних колодок,
7470,Автотовари,Автозапчастини,Гальмівна система,Електронні компоненти гальмівної системи,Датчики АБС,Датчики АБС,
7544,Автотовари,Автозапчастини,Гальмівна система,Напрямні супорта,,Напрямні супорта,
7540,Автотовари,Автозапчастини,Гальмівна система,Пружини гальмівних колодок,,Пружини гальмівних колодок,
7392,Автотовари,Автозапчастини,Датчики для авто,Датчики абсолютного тиску,,Датчики абсолютного тиску,
7387,Автотовари,Автозапчастини,Датчики для авто,Датчики детонації,,Датчики детонації,
7388,Автотовари,Автозапчастини,Датчики для авто,Датчики положення педалі газу,,Датчики положення педалі газу,
7383,Автотовари,Автозапчастини,Датчики для авто,Датчики рівня пального,,Датчики рівня пального,
7384,Автотовари,Автозапчастини,Датчики для авто,Датчики стоп-сигналу,,Датчики стоп-сигналу,
7397,Автотовари,Автозапчастини,Датчики для авто,Датчики тиску вихлопних газів,,Датчики тиску вихлопних газів,
521,Автотовари,Автозапчастини,Двигун та вихлоп для автомобіля,Вихлопна система,Глушники вихлопних газів,Глушники вихлопних газів,
3500,Автотовари,Автозапчастини,Двигун та вихлоп для автомобіля,Вихлопна система,Гофри глушника,Гофри глушника,
7260,Автотовари,Автозапчастини,Двигун та вихлоп для автомобіля,Вихлопна система,Каталізатори для авто,Каталізатори для авто,
7896,Автотовари,Автозапчастини,Двигун та вихлоп для автомобіля,Вихлопна система,Клапани EGR,Клапани EGR,
6052,Автотовари,Автозапчастини,Двигун та вихлоп для автомобіля,Вихлопна система,Кріплення глушника,Кріплення глушника,
7894,Автотовари,Автозапчастини,Двигун та вихлоп для автомобіля,Вихлопна система,Патрубки сапуна,Патрубки сапуна,
7262,Автотовари,Автозапчастини,Двигун та вихлоп для автомобіля,Вихлопна система,Прокладки вихлопної труби,Прокладки вихлопної труби,
6093,Автотовари,Автозапчастини,Двигун та вихлоп для автомобіля,Вихлопна система,Хомути глушника,Хомути глушника,
5084,Автотовари,Автозапчастини,Двигун та вихлоп для автомобіля,Деталі двигуна для авто,Болти ГБЦ,Болти ГБЦ,
7476,Автотовари,Автозапчастини,Двигун та вихлоп для автомобіля,Деталі двигуна для авто,Болти шатуна,Болти шатуна,
7562,Автотовари,Автозапчастини,Двигун та вихлоп для автомобіля,Деталі двигуна для авто,Вентиляція картера,Вентиляція картера,
7557,Автотовари,Автозапчастини,Двигун та вихлоп для автомобіля,Деталі двигуна для авто,Гідрокомпенсатори,Гідрокомпенсатори,
7477,Автотовари,Автозапчастини,Двигун та вихлоп для автомобіля,Деталі двигуна для авто,Заглушки блока,Заглушки блока,
7566,Автотовари,Автозапчастини,Двигун та вихлоп для автомобіля,Деталі двигуна для авто,Клапани випускні,Клапани випускні,
7561,Автотовари,Автозапчастини,Двигун та вихлоп для автомобіля,Деталі двигуна для авто,Клапани впускні,Клапани впускні,
7479,Автотовари,Автозапчастини,Двигун та вихлоп для автомобіля,Деталі двигуна для авто,Клапани керування тиском ВГ,Клапани керування тиском ВГ,
5950,Автотовари,Автозапчастини,Двигун та вихлоп для автомобіля,Деталі двигуна для авто,Комплекти поршневих кілець,Комплекти поршневих кілець,
7472,Автотовари,Автозапчастини,Двигун та вихлоп для автомобіля,Деталі двигуна для авто,Комплектуючі клапана,Комплектуючі клапана,
7478,Автотовари,Автозапчастини,Двигун та вихлоп для автомобіля,Деталі двигуна для авто,Корінні вкладиші колінчастого вала,Корінні вкладиші колінчастого вала,
6096,Автотовари,Автозапчастини,Двигун та вихлоп для автомобіля,Деталі двигуна для авто,"Коромисла клапанів (рокери)
","Коромисла клапанів (рокери)
",
6118,Автотовари,Автозапчастини,Двигун та вихлоп для автомобіля,Деталі двигуна для авто,"Кришки оливозаливної горловини
","Кришки оливозаливної горловини
",
7432,Автотовари,Автозапчастини,Двигун та вихлоп для автомобіля,Деталі двигуна для авто,Ланцюги оливного насоса,Ланцюги оливного насоса,
7475,Автотовари,Автозапчастини,Двигун та вихлоп для автомобіля,Деталі двигуна для авто,Напрямні клапана,Напрямні клапана,
7419,Автотовари,Автозапчастини,Двигун та вихлоп для автомобіля,Деталі двигуна для авто,Оливні насоси для авто,Оливні насоси для авто,
7423,Автотовари,Автозапчастини,Двигун та вихлоп для автомобіля,Деталі двигуна для авто,Оливні піддони двигуна,Оливні піддони двигуна,
4764,Автотовари,Автозапчастини,Двигун та вихлоп для автомобіля,Деталі двигуна для авто,Патрубки вентиляції картера,Патрубки вентиляції картера,
532,Автотовари,Автозапчастини,Двигун та вихлоп для автомобіля,Деталі двигуна для авто,Півкільця колінчастого вала,Півкільця колінчастого вала,
418,Автотовари,Автозапчастини,Двигун та вихлоп для автомобіля,Деталі двигуна для авто,Повітряні патрубки для авто,Повітряні патрубки для авто,
7560,Автотовари,Автозапчастини,Двигун та вихлоп для автомобіля,Деталі двигуна для авто,Подушки двигуна,Подушки двигуна,
7565,Автотовари,Автозапчастини,Двигун та вихлоп для автомобіля,Деталі двигуна для авто,Поршневі кільця,Поршневі кільця,
7555,Автотовари,Автозапчастини,Двигун та вихлоп для автомобіля,Деталі двигуна для авто,Поршні двигуна,Поршні двигуна,
7421,Автотовари,Автозапчастини,Двигун та вихлоп для автомобіля,Деталі двигуна для авто,Пробки зливу оливи двигуна,Пробки зливу оливи двигуна,
5331,Автотовари,Автозапчастини,Двигун та вихлоп для автомобіля,Деталі двигуна для авто,Регулювальні шайби клапанів,Регулювальні шайби клапанів,
7563,Автотовари,Автозапчастини,Двигун та вихлоп для автомобіля,Деталі двигуна для авто,Розподільні вали,Розподільні вали,
7474,Автотовари,Автозапчастини,Двигун та вихлоп для автомобіля,Деталі двигуна для авто,Сальники клапана,Сальники клапана,
8465,Автотовари,Автозапчастини,Двигун та вихлоп для автомобіля,Деталі двигуна для авто,Сальники клапанів,Сальники клапанів,
7564,Автотовари,Автозапчастини,Двигун та вихлоп для автомобіля,Деталі двигуна для авто,Сальники колінчастого вала,Сальники колінчастого вала,
7473,Автотовари,Автозапчастини,Двигун та вихлоп для автомобіля,Деталі двигуна для авто,Сальники розподільного вала,Сальники розподільного вала,
5932,Автотовари,Автозапчастини,Двигун та вихлоп для автомобіля,Деталі двигуна для авто,Сухарі клапанів,Сухарі клапанів,
7556,Автотовари,Автозапчастини,Двигун та вихлоп для автомобіля,Деталі двигуна для авто,Шатуни двигуна,Шатуни двигуна,
7559,Автотовари,Автозапчастини,Двигун та вихлоп для автомобіля,Деталі двигуна для авто,Шатунні вкладиші,Шатунні вкладиші,
7558,Автотовари,Автозапчастини,Двигун та вихлоп для автомобіля,Деталі двигуна для авто,Шестерні колінчастого вала,Шестерні колінчастого вала,
7480,Автотовари,Автозапчастини,Двигун та вихлоп для автомобіля,Деталі двигуна для авто,Шестерні розподільного вала,Шестерні розподільного вала,
6426,Автотовари,Автозапчастини,Двигун та вихлоп для автомобіля,Деталі двигуна для авто,Щупи рівня оливи двигуна,Щупи рівня оливи двигуна,
7380,Автотовари,Автозапчастини,Двигун та вихлоп для автомобіля,Паливна система,Витратоміри повітря,Витратоміри повітря,
6094,Автотовари,Автозапчастини,Двигун та вихлоп для автомобіля,Паливна система,Датчики положення дросельної заслінки,Датчики положення дросельної заслінки,
7471,Автотовари,Автозапчастини,Двигун та вихлоп для автомобіля,Паливна система,Датчики положення колінчастого вала,Датчики положення колінчастого вала,
7379,Автотовари,Автозапчастини,Двигун та вихлоп для автомобіля,Паливна система,Датчики тиску оливи,Датчики тиску оливи,
7378,Автотовари,Автозапчастини,Двигун та вихлоп для автомобіля,Паливна система,Лямбда-зонди,Лямбда-зонди,
7439,Автотовари,Автозапчастини,Двигун та вихлоп для автомобіля,Паливна система,Паливні насоси високого тиску,Паливні насоси високого тиску,
7458,Автотовари,Автозапчастини,Двигун та вихлоп для автомобіля,Паливна система,Паливні насоси для авто,Паливні насоси для авто,
7441,Автотовари,Автозапчастини,Двигун та вихлоп для автомобіля,Паливна система,Паливні форсунки,Паливні форсунки,
3505,Автотовари,Автозапчастини,Двигун та вихлоп для автомобіля,Паливна система,Прокладки під форсунки,Прокладки під форсунки,
7493,Автотовари,Автозапчастини,Двигун та вихлоп для автомобіля,"Подача повітря, турбокомпресор",Інтеркулери для авто,Інтеркулери для авто,
7494,Автотовари,Автозапчастини,Двигун та вихлоп для автомобіля,"Подача повітря, турбокомпресор",Патрубки наддуву,Патрубки наддуву,
7492,Автотовари,Автозапчастини,Двигун та вихлоп для автомобіля,"Подача повітря, турбокомпресор",Прокладки турбокомпресора,Прокладки турбокомпресора,
7490,Автотовари,Автозапчастини,Двигун та вихлоп для автомобіля,"Подача повітря, турбокомпресор",Турбокомпресори,Турбокомпресори,
7507,Автотовари,Автозапчастини,Двигун та вихлоп для автомобіля,Прокладки двигуна,Комплекти прокладок двигуна,Комплекти прокладок двигуна,
7512,Автотовари,Автозапчастини,Двигун та вихлоп для автомобіля,Прокладки двигуна,Прокладки випускного колектора,Прокладки випускного колектора,
7511,Автотовари,Автозапчастини,Двигун та вихлоп для автомобіля,Прокладки двигуна,Прокладки впускного колектора,Прокладки впускного колектора,
7506,Автотовари,Автозапчастини,Двигун та вихлоп для автомобіля,Прокладки двигуна,Прокладки ГБЦ,Прокладки ГБЦ,
7510,Автотовари,Автозапчастини,Двигун та вихлоп для автомобіля,Прокладки двигуна,Прокладки ГРМ,Прокладки ГРМ,
7508,Автотовари,Автозапчастини,Двигун та вихлоп для автомобіля,Прокладки двигуна,Прокладки клапанної кришки,Прокладки клапанної кришки,
7424,Автотовари,Автозапчастини,Двигун та вихлоп для автомобіля,Прокладки двигуна,Прокладки оливного насоса,Прокладки оливного насоса,
7513,Автотовари,Автозапчастини,Двигун та вихлоп для автомобіля,Прокладки двигуна,Прокладки оливного піддона,Прокладки оливного піддона,
7425,Автотовари,Автозапчастини,Двигун та вихлоп для автомобіля,Прокладки двигуна,Прокладки помпи для авто,Прокладки помпи для авто,
7516,Автотовари,Автозапчастини,Двигун та вихлоп для автомобіля,Прокладки двигуна,Прокладки термостата для авто,Прокладки термостата для авто,
7437,Автотовари,Автозапчастини,Двигун та вихлоп для автомобіля,"Ремені, ланцюги і натягувачі для авто",Заспокоювачі ланцюга,Заспокоювачі ланцюга,
7435,Автотовари,Автозапчастини,Двигун та вихлоп для автомобіля,"Ремені, ланцюги і натягувачі для авто",Заспокоювачі ланцюга ГРМ,Заспокоювачі ланцюга ГРМ,
7427,Автотовари,Автозапчастини,Двигун та вихлоп для автомобіля,"Ремені, ланцюги і натягувачі для авто",Клинові ремені,Клинові ремені,
7281,Автотовари,Автозапчастини,Двигун та вихлоп для автомобіля,"Ремені, ланцюги і натягувачі для авто",Комплекти ГРМ,Комплекти ГРМ,
7438,Автотовари,Автозапчастини,Двигун та вихлоп для автомобіля,"Ремені, ланцюги і натягувачі для авто",Комплекти ланцюгів,Комплекти ланцюгів,
7430,Автотовари,Автозапчастини,Двигун та вихлоп для автомобіля,"Ремені, ланцюги і натягувачі для авто",Ланцюги ГРМ,Ланцюги ГРМ,
6534,Автотовари,Автозапчастини,Двигун та вихлоп для автомобіля,"Ремені, ланцюги і натягувачі для авто",Натягувачі ланцюга ГРМ,Натягувачі ланцюга ГРМ,
7431,Автотовари,Автозапчастини,Двигун та вихлоп для автомобіля,"Ремені, ланцюги і натягувачі для авто",Натягувачі ременя,Натягувачі ременя,
8466,Автотовари,Автозапчастини,Двигун та вихлоп для автомобіля,"Ремені, ланцюги і натягувачі для авто","Натягувачі ременя генератора 
","Натягувачі ременя генератора 
",
7162,Автотовари,Автозапчастини,Двигун та вихлоп для автомобіля,"Ремені, ланцюги і натягувачі для авто",Натягувачі ременя ГРМ,Натягувачі ременя ГРМ,
6076,Автотовари,Автозапчастини,Двигун та вихлоп для автомобіля,"Ремені, ланцюги і натягувачі для авто",Натяжний ролик ременя ГРМ,Натяжний ролик ременя ГРМ,
7426,Автотовари,Автозапчастини,Двигун та вихлоп для автомобіля,"Ремені, ланцюги і натягувачі для авто",Ремені генератора автомобіля,Ремені генератора автомобіля,
3297,Автотовари,Автозапчастини,Двигун та вихлоп для автомобіля,"Ремені, ланцюги і натягувачі для авто",Ремені ГРМ,Ремені ГРМ,
7434,Автотовари,Автозапчастини,Двигун та вихлоп для автомобіля,"Ремені, ланцюги і натягувачі для авто",Ролики ременя,Ролики ременя,
7902,Автотовари,Автозапчастини,Двигун та вихлоп для автомобіля,"Ремені, ланцюги і натягувачі для авто",Ролики ременя генератора,Ролики ременя генератора,
3501,Автотовари,Автозапчастини,Двигун та вихлоп для автомобіля,"Ремені, ланцюги і натягувачі для авто",Ролики ременя ГРМ,Ролики ременя ГРМ,
7433,Автотовари,Автозапчастини,Двигун та вихлоп для автомобіля,"Ремені, ланцюги і натягувачі для авто",Шківи генератора,Шківи генератора,
7428,Автотовари,Автозапчастини,Двигун та вихлоп для автомобіля,"Ремені, ланцюги і натягувачі для авто",Шківи колінчастого вала,Шківи колінчастого вала,
4815,Автотовари,Автозапчастини,Двигун та вихлоп для автомобіля,Фільтри автомобільні,Оливні фільтри,Оливні фільтри,
4828,Автотовари,Автозапчастини,Двигун та вихлоп для автомобіля,Фільтри автомобільні,Паливні фільтри,Паливні фільтри,
4830,Автотовари,Автозапчастини,Двигун та вихлоп для автомобіля,Фільтри автомобільні,Повітряні фільтри,Повітряні фільтри,
4813,Автотовари,Автозапчастини,Двигун та вихлоп для автомобіля,Фільтри автомобільні,Фільтри салону,Фільтри салону,
2971,Автотовари,Автозапчастини,Двірники та щітки склоочисника,,,Двірники та щітки склоочисника,
7449,Автотовари,Автозапчастини,Деталі кузова автомобіля,Автоантени,,Автоантени,
8411,Автотовари,Автозапчастини,Деталі кузова автомобіля,Бампери,,Бампери,
7447,Автотовари,Автозапчастини,Деталі кузова автомобіля,Внутрішні елементи кузова авто,Амортизатори багажника і капота,Амортизатори багажника і капота,
7454,Автотовари,Автозапчастини,Деталі кузова автомобіля,Внутрішні елементи кузова авто,Замки дверей для авто,Замки дверей для авто,
7452,Автотовари,Автозапчастини,Деталі кузова автомобіля,Внутрішні елементи кузова авто,Панелі передні,Панелі передні,
6095,Автотовари,Автозапчастини,Деталі кузова автомобіля,Внутрішні елементи кузова авто,Петлі капота,Петлі капота,
2990,Автотовари,Автозапчастини,Деталі кузова автомобіля,Внутрішні елементи кузова авто,Підкрилки,Підкрилки,
7456,Автотовари,Автозапчастини,Деталі кузова автомобіля,Внутрішні елементи кузова авто,Ручки для авто,Ручки для авто,
2854,Автотовари,Автозапчастини,Деталі кузова автомобіля,Внутрішні елементи кузова авто,Склопідйомники,Склопідйомники,
7444,Автотовари,Автозапчастини,Деталі кузова автомобіля,Зовнішні частини кузова автомобіля,Бампери передні,Бампери передні,
7442,Автотовари,Автозапчастини,Деталі кузова автомобіля,Зовнішні частини кузова автомобіля,Дзеркала для авто,Дзеркала для авто,
364,Автотовари,Автозапчастини,Деталі кузова автомобіля,Зовнішні частини кузова автомобіля,Захист двигуна,Захист двигуна,
7440,Автотовари,Автозапчастини,Деталі кузова автомобіля,Зовнішні частини кузова автомобіля,Капоти,Капоти,
7443,Автотовари,Автозапчастини,Деталі кузова автомобіля,Зовнішні частини кузова автомобіля,Крила передні,Крила передні,
7457,Автотовари,Автозапчастини,Деталі кузова автомобіля,Зовнішні частини кузова автомобіля,Підсилювачі бампера,Підсилювачі бампера,
7446,Автотовари,Автозапчастини,Деталі кузова автомобіля,Зовнішні частини кузова автомобіля,Решітки радіатора для авто,Решітки радіатора для авто,
6173,Автотовари,Автозапчастини,Деталі кузова автомобіля,Освітлення для автомобіля,Вимикачі стоп-сигналу,Вимикачі стоп-сигналу,
7282,Автотовари,Автозапчастини,Деталі кузова автомобіля,Освітлення для автомобіля,Задні ліхтарі,Задні ліхтарі,
5941,Автотовари,Автозапчастини,Деталі кузова автомобіля,Освітлення для автомобіля,Лампи ближнього світла,Лампи ближнього світла,
5938,Автотовари,Автозапчастини,Деталі кузова автомобіля,Освітлення для автомобіля,Основні фари,Основні фари,
397,Автотовари,Автозапчастини,Деталі кузова автомобіля,Освітлення для автомобіля,Покажчики поворотів,Покажчики поворотів,
2880,Автотовари,Автозапчастини,Деталі кузова автомобіля,Освітлення для автомобіля,Протитуманні фари,Протитуманні фари,
7276,Автотовари,Автозапчастини,Деталі кузова автомобіля,Системи склоочисника автомобіля,Двигуни склоочисника,Двигуни склоочисника,
7277,Автотовари,Автозапчастини,Деталі кузова автомобіля,Системи склоочисника автомобіля,Насоси омивача скла,Насоси омивача скла,
7455,Автотовари,Автозапчастини,Деталі кузова автомобіля,Троси кузовних деталей,,Троси кузовних деталей,
7247,Автотовари,Автозапчастини,Електрика та освітлення,Електрообладнання для авто,Генератори для авто,Генератори для авто,
7386,Автотовари,Автозапчастини,Електрика та освітлення,Електрообладнання для авто,Датчики температури охолоджувальної рідини,Датчики температури охолоджувальної рідини,
7391,Автотовари,Автозапчастини,Електрика та освітлення,Електрообладнання для авто,Датчики увімкнення вентилятора,Датчики увімкнення вентилятора,
7394,Автотовари,Автозапчастини,Електрика та освітлення,Електрообладнання для авто,Датчики швидкості,Датчики швидкості,
7112,Автотовари,Автозапчастини,Електрика та освітлення,Електрообладнання для авто,Кнопки склопідйомника,Кнопки склопідйомника,
7113,Автотовари,Автозапчастини,Електрика та освітлення,Електрообладнання для авто,Мости (випрямлячі) генератора,Мости (випрямлячі) генератора,
7246,Автотовари,Автозапчастини,Електрика та освітлення,Електрообладнання для авто,Стартери для авто,Стартери для авто,
7553,Автотовари,Автозапчастини,Електрика та освітлення,Запалювання автомобіля,Блоки керування системою запалювання,Блоки керування системою запалювання,
7551,Автотовари,Автозапчастини,Електрика та освітлення,Запалювання автомобіля,Високовольтні дроти,Високовольтні дроти,
7554,Автотовари,Автозапчастини,Електрика та освітлення,Запалювання автомобіля,Замки запалювання,Замки запалювання,
393,Автотовари,Автозапчастини,Електрика та освітлення,Запалювання автомобіля,Комплектуючі розподільника запалювання,Комплектуючі розподільника запалювання,
7552,Автотовари,Автозапчастини,Електрика та освітлення,Запалювання автомобіля,Котушки запалювання,Котушки запалювання,
403,Автотовари,Автозапчастини,Електрика та освітлення,Запалювання автомобіля,Свічки запалювання для автомобіля,Свічки запалювання для автомобіля,
7550,Автотовари,Автозапчастини,Електрика та освітлення,Запалювання автомобіля,Свічки розжарення,Свічки розжарення,
5931,Автотовари,Автозапчастини,Електрика та освітлення,Запалювання автомобіля,Свічки розжарювання для автомобіля,Свічки розжарювання для автомобіля,
3690,Автотовари,Автозапчастини,Запчастини для ТО автомобіля,Фільтри для авто,Фільтри АКПП,Фільтри АКПП,
1535,Автотовари,Автозапчастини,Зчеплення,,,Зчеплення,
4932,Автотовари,Автозапчастини,Клеми акумуляторні,,,Клеми акумуляторні,
3165,Автотовари,Автозапчастини,Коробка передач автомобіля,Витратні матеріали для автомобіля,,Витратні матеріали для автомобіля,
7502,Автотовари,Автозапчастини,Коробка передач автомобіля,Запчастини трансмісії,Пильники ШРКШа,Пильники ШРКШа,
7501,Автотовари,Автозапчастини,Коробка передач автомобіля,Запчастини трансмісії,Півосі,Півосі,
7504,Автотовари,Автозапчастини,Коробка передач автомобіля,Запчастини трансмісії,Підшипники півосі для авто,Підшипники півосі для авто,
6341,Автотовари,Автозапчастини,Коробка передач автомобіля,Запчастини трансмісії,Подушки коробки передач (АКПП),Подушки коробки передач (АКПП),
6274,Автотовари,Автозапчастини,Коробка передач автомобіля,Запчастини трансмісії,Подушки коробки передач (МКПП),Подушки коробки передач (МКПП),
7124,Автотовари,Автозапчастини,Коробка передач автомобіля,Запчастини трансмісії,Прокладки піддона АКПП,Прокладки піддона АКПП,
7503,Автотовари,Автозапчастини,Коробка передач автомобіля,Запчастини трансмісії,Сальники півосі,Сальники півосі,
7903,Автотовари,Автозапчастини,Коробка передач автомобіля,Запчастини трансмісії,Фільтри оливні АКПП,Фільтри оливні АКПП,
7500,Автотовари,Автозапчастини,Коробка передач автомобіля,Запчастини трансмісії,Шарніри рівних кутових швидкостей,Шарніри рівних кутових швидкостей,
7268,Автотовари,Автозапчастини,Коробка передач автомобіля,Зчеплення для автомобіля,Витискні підшипники,Витискні підшипники,
7269,Автотовари,Автозапчастини,Коробка передач автомобіля,Зчеплення для автомобіля,Головні циліндри зчеплення,Головні циліндри зчеплення,
7265,Автотовари,Автозапчастини,Коробка передач автомобіля,Зчеплення для автомобіля,Диски зчеплення,Диски зчеплення,
7264,Автотовари,Автозапчастини,Коробка передач автомобіля,Зчеплення для автомобіля,Комплекти зчеплення,Комплекти зчеплення,
7267,Автотовари,Автозапчастини,Коробка передач автомобіля,Зчеплення для автомобіля,Корзини зчеплення,Корзини зчеплення,
7266,Автотовари,Автозапчастини,Коробка передач автомобіля,Зчеплення для автомобіля,Маховики для авто,Маховики для авто,
7271,Автотовари,Автозапчастини,Коробка передач автомобіля,Зчеплення для автомобіля,Робочі циліндри зчеплення,Робочі циліндри зчеплення,
7270,Автотовари,Автозапчастини,Коробка передач автомобіля,Зчеплення для автомобіля,Троси зчеплення,Троси зчеплення,
3693,Автотовари,Автозапчастини,Опалення і кондиціонування для авто,,,Опалення і кондиціонування для авто,
7482,Автотовари,Автозапчастини,Охолодження та опалення автомобіля,Система кондиціонування автомобіля,Вентилятори салону,Вентилятори салону,
7485,Автотовари,Автозапчастини,Охолодження та опалення автомобіля,Система кондиціонування автомобіля,Випарники кондиціонера для авто,Випарники кондиціонера для авто,
7487,Автотовари,Автозапчастини,Охолодження та опалення автомобіля,Система кондиціонування автомобіля,Клапани кондиціонера,Клапани кондиціонера,
7483,Автотовари,Автозапчастини,Охолодження та опалення автомобіля,Система кондиціонування автомобіля,Компресори кондиціонера для авто,Компресори кондиціонера для авто,
7486,Автотовари,Автозапчастини,Охолодження та опалення автомобіля,Система кондиціонування автомобіля,Осушувачі кондиціонера для авто,Осушувачі кондиціонера для авто,
7484,Автотовари,Автозапчастини,Охолодження та опалення автомобіля,Система кондиціонування автомобіля,Радіатори кондиціонера для авто,Радіатори кондиціонера для авто,
7481,Автотовари,Автозапчастини,Охолодження та опалення автомобіля,Система кондиціонування автомобіля,Радіатори пічки,Радіатори пічки,
7108,Автотовари,Автозапчастини,Охолодження та опалення автомобіля,Система кондиціонування автомобіля,Розширювальні клапани кондиціонера,Розширювальні клапани кондиціонера,
7403,Автотовари,Автозапчастини,Охолодження та опалення автомобіля,Система охолодження автомобіля,Вентилятори радіатора двигуна,Вентилятори радіатора двигуна,
7401,Автотовари,Автозапчастини,Охолодження та опалення автомобіля,Система охолодження автомобіля,Водяні насоси для авто (помпи),Водяні насоси для авто (помпи),
7407,Автотовари,Автозапчастини,Охолодження та опалення автомобіля,Система охолодження автомобіля,Кришки радіаторів для авто,Кришки радіаторів для авто,
2527,Автотовари,Автозапчастини,Охолодження та опалення автомобіля,Система охолодження автомобіля,Кришки розширювального бачка,Кришки розширювального бачка,
7402,Автотовари,Автозапчастини,Охолодження та опалення автомобіля,Система охолодження автомобіля,Радіатори охолодження двигуна,Радіатори охолодження двигуна,
7405,Автотовари,Автозапчастини,Охолодження та опалення автомобіля,Система охолодження автомобіля,Розширювальні бачки для авто,Розширювальні бачки для авто,
7400,Автотовари,Автозапчастини,Охолодження та опалення автомобіля,Система охолодження автомобіля,Термостати для авто,Термостати для авто,
7406,Автотовари,Автозапчастини,Охолодження та опалення автомобіля,Система охолодження автомобіля,Фланці охолоджувальної рідини,Фланці охолоджувальної рідини,
3771,Автотовари,Автозапчастини,Підвіска та кермо автомобіля,Підвіска автомобіля,Болти кріплення коліс,Болти кріплення коліс,
7524,Автотовари,Автозапчастини,Підвіска та кермо автомобіля,Підвіска автомобіля,Важелі підвіски,Важелі підвіски,
3316,Автотовари,Автозапчастини,Підвіска та кермо автомобіля,Підвіска автомобіля,Відбійники амортизатора автомобіля,Відбійники амортизатора автомобіля,
7530,Автотовари,Автозапчастини,Підвіска та кермо автомобіля,Підвіска автомобіля,Втулки стабілізатора,Втулки стабілізатора,
6269,Автотовари,Автозапчастини,Підвіска та кермо автомобіля,Підвіска автомобіля,Комплекти пильника і відбійника амортизатора,Комплекти пильника і відбійника амортизатора,
7527,Автотовари,Автозапчастини,Підвіска та кермо автомобіля,Підвіска автомобіля,Кульові опори,Кульові опори,
7526,Автотовари,Автозапчастини,Підвіска та кермо автомобіля,Підвіска автомобіля,Маточини коліс,Маточини коліс,
7520,Автотовари,Автозапчастини,Підвіска та кермо автомобіля,Підвіска автомобіля,Опори амортизаторів,Опори амортизаторів,
7522,Автотовари,Автозапчастини,Підвіска та кермо автомобіля,Підвіска автомобіля,Пильники амортизаторов,Пильники амортизаторов,
7531,Автотовари,Автозапчастини,Підвіска та кермо автомобіля,Підвіска автомобіля,Підшипники маточини,Підшипники маточини,
7521,Автотовари,Автозапчастини,Підвіска та кермо автомобіля,Підвіска автомобіля,Пружини підвіски,Пружини підвіски,
7528,Автотовари,Автозапчастини,Підвіска та кермо автомобіля,Підвіска автомобіля,Сайлентблоки важеля,Сайлентблоки важеля,
391,Автотовари,Автозапчастини,Підвіска та кермо автомобіля,Підвіска автомобіля,Сайлентблоки задньої балки,Сайлентблоки задньої балки,
7519,Автотовари,Автозапчастини,Підвіска та кермо автомобіля,Підвіска автомобіля,Стійки амортизаторів,Стійки амортизаторів,
7525,Автотовари,Автозапчастини,Підвіска та кермо автомобіля,Підвіска автомобіля,Тяги стабілізатора,Тяги стабілізатора,
7110,Автотовари,Автозапчастини,Підвіска та кермо автомобіля,Рульове керування автомобіля,Маятники рулевой рейки,Маятники рулевой рейки,
7253,Автотовари,Автозапчастини,Підвіска та кермо автомобіля,Рульове керування автомобіля,Наконечники рульової тяги,Наконечники рульової тяги,
7256,Автотовари,Автозапчастини,Підвіска та кермо автомобіля,Рульове керування автомобіля,Насоси гідропідсилювача керма,Насоси гідропідсилювача керма,
7258,Автотовари,Автозапчастини,Підвіска та кермо автомобіля,Рульове керування автомобіля,Пильники рульової рейки,Пильники рульової рейки,
7254,Автотовари,Автозапчастини,Підвіска та кермо автомобіля,Рульове керування автомобіля,Рульові рейки,Рульові рейки,
7252,Автотовари,Автозапчастини,Підвіска та кермо автомобіля,Рульове керування автомобіля,Рульові тяги,Рульові тяги,
8762,Автотовари,Автозапчастини,Ремкомплекти обмежувачів дверей,,,Ремкомплекти обмежувачів дверей,
1862,Автотовари,Автозапчастини,Рульове керування,,,Рульове керування,
3329,Автотовари,Автозапчастини,Свічки запалювання,,,Свічки запалювання,
1544,Автотовари,Автозапчастини,Система змащування для авто,,,Система змащування для авто,
7404,Автотовари,Автозапчастини,Система охолодження двигуна,Патрубки радіатора для авто,,Патрубки радіатора для авто,
7279,Автотовари,Автозапчастини,Система очищення вікон для авто,Важелі склоочисника,,Важелі склоочисника,
7410,Автотовари,Автозапчастини,Скло і дзеркала для авто,Зовнішні дзеркала ,,Зовнішні дзеркала ,
7409,Автотовари,Автозапчастини,Скло і дзеркала для авто,Скло лобове,,Скло лобове,
7533,Автотовари,Автозапчастини,"Ходова частина, підвіска",Болти регулювання розвалу,,Болти регулювання розвалу,
7532,Автотовари,Автозапчастини,"Ходова частина, підвіска",Гайки колісні,,Гайки колісні,
7529,Автотовари,Автозапчастини,"Ходова частина, підвіска",Поворотні кулаки,,Поворотні кулаки,
2865,Автотовари,Автозвук та мультимедіа,Автоакустика,,,Автоакустика,
2866,Автотовари,Автозвук та мультимедіа,Автомагнітоли,,,Автомагнітоли,
2868,Автотовари,Автозвук та мультимедіа,Автомобільні антени,,,Автомобільні антени,
2873,Автотовари,Автозвук та мультимедіа,Автомобільні конденсатори,,,Автомобільні конденсатори,
2867,Автотовари,Автозвук та мультимедіа,Автотелевізори та монітори,,,Автотелевізори та монітори,
8791,Автотовари,Автозвук та мультимедіа,Акустичні полички,,,Акустичні полички,
8743,Автотовари,Автозвук та мультимедіа,Перехідні рамки для автомагнітол,,,Перехідні рамки для автомагнітол,
2872,Автотовари,Автозвук та мультимедіа,Підсилювачі в автомобіль,,,Підсилювачі в автомобіль,
4974,Автотовари,Автозвук та мультимедіа,Сабвуфери автомобільні,,,Сабвуфери автомобільні,
2870,Автотовари,Автозвук та мультимедіа,FM-трансмітери,,,FM-трансмітери,
2876,Автотовари,Автосвітло,Автомобільні лампи,,,Автомобільні лампи,
9040,Автотовари,Автосвітло,Автомобільні лінзи,,,Автомобільні лінзи,
2877,Автотовари,Автосвітло,Автомобільні фари,,,Автомобільні фари,
8474,Автотовари,Автосвітло,Блоки розпалювання,,,Блоки розпалювання,
2884,Автотовари,Автосвітло,Підсвітки автомобільні,,,Підсвітки автомобільні,
2845,Автотовари,Автосигналізації та захист від викрадення,Автосигналізації,,,Автосигналізації,
2848,Автотовари,Автосигналізації та захист від викрадення,Аксесуари для автосигналізацій,,,Аксесуари для автосигналізацій,
2846,Автотовари,Автосигналізації та захист від викрадення,Механічні блокіратори,,,Механічні блокіратори,
2847,Автотовари,Автосигналізації та захист від викрадення,Центральні замки,,,Центральні замки,
2834,Автотовари,Багажні системи та причепи,Автомобільні багажники,,,Автомобільні багажники,
2836,Автотовари,Багажні системи та причепи,Аеробокси,,,Аеробокси,
2841,Автотовари,Багажні системи та причепи,Аксесуари для багажних систем,,,Аксесуари для багажних систем,
2835,Автотовари,Багажні системи та причепи,Вантажні кошики,,,Вантажні кошики,
2843,Автотовари,Багажні системи та причепи,Комплектуючі та запчастини для причепів,,,Комплектуючі та запчастини для причепів,
2838,Автотовари,Багажні системи та причепи,Кріплення для велосипедів на авто,,,Кріплення для велосипедів на авто,
8720,Автотовари,Багажні системи та причепи,Кріплення для лиж на авто,,,Кріплення для лиж на авто,
9054,Автотовари,Газове обладнання для автомобілів,Комплекти ГБО,,,Комплекти ГБО,
9050,Автотовари,Газове обладнання для автомобілів,Комплектуючі ГБО,,,Комплектуючі ГБО,
9058,Автотовари,Газове обладнання для автомобілів,Мультиклапани ГБО,,,Мультиклапани ГБО,
9052,Автотовари,Газове обладнання для автомобілів,Фільтри ГБО,,,Фільтри ГБО,
9056,Автотовари,Газове обладнання для автомобілів,Форсунки ГБО,,,Форсунки ГБО,
3003,Автотовари,Гараж автолюбителя,Настінні кріплення,,,Настінні кріплення,
2901,Автотовари,Догляд за салоном та кузовом,Автошампуні,,,Автошампуні,
2907,Автотовари,Догляд за салоном та кузовом,Антидощ,,,Антидощ,
2906,Автотовари,Догляд за салоном та кузовом,Антитуман,,,Антитуман,
2902,Автотовари,Догляд за салоном та кузовом,Ароматизатори для авто,,,Ароматизатори для авто,
2918,Автотовари,Догляд за салоном та кузовом,Ганчірки для авто,,,Ганчірки для авто,
2917,Автотовари,Догляд за салоном та кузовом,Губки автомобільні,,,Губки автомобільні,
2921,Автотовари,Догляд за салоном та кузовом,Засоби для миття двигуна,,,Засоби для миття двигуна,
2913,Автотовари,Догляд за салоном та кузовом,Засоби для шин,,,Засоби для шин,
2911,Автотовари,Догляд за салоном та кузовом,Очищувачі колісних дисків,,,Очищувачі колісних дисків,
2912,Автотовари,Догляд за салоном та кузовом,Очищувачі кондиціонера авто,,,Очищувачі кондиціонера авто,
2903,Автотовари,Догляд за салоном та кузовом,Очищувачі кузова,,,Очищувачі кузова,
2908,Автотовари,Догляд за салоном та кузовом,Очищувачі оббивки,,,Очищувачі оббивки,
2904,Автотовари,Догляд за салоном та кузовом,Очищувачі скла,,,Очищувачі скла,
2909,Автотовари,Догляд за салоном та кузовом,Очищувачі та кондиціонери для шкіри,,,Очищувачі та кондиціонери для шкіри,
2910,Автотовари,Догляд за салоном та кузовом,Очищувачі та поліролі для пластику,,,Очищувачі та поліролі для пластику,
2915,Автотовари,Догляд за салоном та кузовом,Поліролі кузова,,,Поліролі кузова,
2914,Автотовари,Догляд за салоном та кузовом,Поліролі скла,,,Поліролі скла,
2905,Автотовари,Догляд за салоном та кузовом,Розморожувачі для авто,,,Розморожувачі для авто,
4819,Автотовари,Догляд за салоном та кузовом,Фарбування/підфарбовування,Автофарба,,Автофарба,
4814,Автотовари,Догляд за салоном та кузовом,Фарбування/підфарбовування,Аксесуари для фарбування,,Аксесуари для фарбування,
4829,Автотовари,Догляд за салоном та кузовом,Фарбування/підфарбовування,Ґрунтовка автомобільна,,Ґрунтовка автомобільна,
4816,Автотовари,Догляд за салоном та кузовом,Фарбування/підфарбовування,Олівці реставраційні,,Олівці реставраційні,
4818,Автотовари,Догляд за салоном та кузовом,Фарбування/підфарбовування,Шпатлівка автомобільна,,Шпатлівка автомобільна,
2919,Автотовари,Догляд за салоном та кузовом,Щітки для миття авто,,,Щітки для миття авто,
2920,Автотовари,Догляд за салоном та кузовом,Щітки та шкребки зимові,,,Щітки та шкребки зимові,
6103,Автотовари,Електромобілі,,,,Електромобілі,
2892,Автотовари,Мастила та технічні рідини,Автомобільні присадки,,,Автомобільні присадки,
2894,Автотовари,Мастила та технічні рідини,Антифриз,,,Антифриз,
2893,Автотовари,Мастила та технічні рідини,Гальмівні рідини,,,Гальмівні рідини,
2897,Автотовари,Мастила та технічні рідини,Дистильована вода,,,Дистильована вода,
2899,Автотовари,Мастила та технічні рідини,Електроліти,,,Електроліти,
2888,Автотовари,Мастила та технічні рідини,Засоби антикорозійної обробки,,,Засоби антикорозійної обробки,
2895,Автотовари,Мастила та технічні рідини,Змазки автомобільні,,,Змазки автомобільні,
2886,Автотовари,Мастила та технічні рідини,Моторні мастила,,,Моторні мастила,
2896,Автотовари,Мастила та технічні рідини,Омивачі скла,,,Омивачі скла,
2891,Автотовари,Мастила та технічні рідини,Паливні присадки,,,Паливні присадки,
2890,Автотовари,Мастила та технічні рідини,Промивки та очищувачі,,,Промивки та очищувачі,
2887,Автотовари,Мастила та технічні рідини,Трансмісійні мастила,,,Трансмісійні мастила,
9042,Автотовари,Мототехніка,Квадроцикли,,,Квадроцикли,
7585,Автотовари,Мототехніка,Кофри на мотоцикли,,,Кофри на мотоцикли,
9046,Автотовари,Мототехніка,Мопеди,,,Мопеди,
7582,Автотовари,Мототехніка,Мотоаксесуари,,,Мотоаксесуари,
7577,Автотовари,Мототехніка,Мотоекіпірування,Мотоботи,,Мотоботи,
7578,Автотовари,Мототехніка,Мотоекіпірування,Мотозахист,,Мотозахист,
7579,Автотовари,Мототехніка,Мотоекіпірування,Мотокуртки,,Мотокуртки,
7581,Автотовари,Мототехніка,Мотоекіпірування,Моторукавиці,,Моторукавиці,
7576,Автотовари,Мототехніка,Мотоекіпірування,Мотошоломи,,Мотошоломи,
7580,Автотовари,Мототехніка,Мотоекіпірування,Мотоштани,,Мотоштани,
9262,Автотовари,Мототехніка,Мотозапчастини,Амортизатори для мототехніки,,Амортизатори для мототехніки,
9252,Автотовари,Мототехніка,Мотозапчастини,Варіатори та ремені варіаторів для мототехніки,,Варіатори та ремені варіаторів для мототехніки,
9254,Автотовари,Мототехніка,Мотозапчастини,Повітряні фільтри для мототехніки,,Повітряні фільтри для мототехніки,
9272,Автотовари,Мототехніка,Мотозапчастини,Генератори для мототехніки,,Генератори для мототехніки,
9264,Автотовари,Мототехніка,Мотозапчастини,Ручки газу для мототехніки,,Ручки газу для мототехніки,
9258,Автотовари,Мототехніка,Мотозапчастини,Важелі зчеплення і гальма для мототехніки,,Важелі зчеплення і гальма для мототехніки,
9246,Автотовари,Мототехніка,Мотозапчастини,Паливна система для мототехніки,,Паливна система для мототехніки,
9268,Автотовари,Мототехніка,Мотозапчастини,Паливні фільтри для мототехніки,,Паливні фільтри для мототехніки,
9266,Автотовари,Мототехніка,Мотозапчастини,Гальмівні колодки для мототехніки,,Гальмівні колодки для мототехніки,
9270,Автотовари,Мототехніка,Мотозапчастини,Гальмівні троси для мототехніки,,Гальмівні троси для мототехніки,
9256,Автотовари,Мототехніка,Мотозапчастини,Ланцюги та зірочки приводні для мототехніки,,Ланцюги та зірочки приводні для мототехніки,
9260,Автотовари,Мототехніка,Мотозапчастини,Циліндро-поршнева група для мототехніки,,Циліндро-поршнева група для мототехніки,
8423,Автотовари,Мототехніка,Мотоцикли,,,Мотоцикли,
9048,Автотовари,Мототехніка,Скутери,,,Скутери,
2977,Автотовари,Мототехніка,Тенти-чохли на мотоцикл,,,Тенти-чохли на мотоцикл,
8609,Автотовари,Обладнання для СТО,Гаражне обладнання для СТО,Верстати для проточування гальмівних дисків,,Верстати для проточування гальмівних дисків,
8551,Автотовари,Обладнання для СТО,Діагностичне обладнання для СТО,Генератори диму для авто,,Генератори диму для авто,
8553,Автотовари,Обладнання для СТО,Діагностичне обладнання для СТО,Ендоскопи автомобільні,,Ендоскопи автомобільні,
8556,Автотовари,Обладнання для СТО,Діагностичне обладнання для СТО,Компресометри,,Компресометри,
8598,Автотовари,Обладнання для СТО,Діагностичне обладнання для СТО,Обладнання для ремонту форсунок,Набори для промивання паливної системи,Набори для промивання паливної системи,
8597,Автотовари,Обладнання для СТО,Діагностичне обладнання для СТО,Обладнання для ремонту форсунок,Стенди для перевірки форсунок,Стенди для перевірки форсунок,
8599,Автотовари,Обладнання для СТО,Діагностичне обладнання для СТО,Обладнання для ремонту форсунок,Ультразвукові ванни для СТО,Ультразвукові ванни для СТО,
8550,Автотовари,Обладнання для СТО,Діагностичне обладнання для СТО,Прилади для діагностики електроустаткування,,Прилади для діагностики електроустаткування,
8552,Автотовари,Обладнання для СТО,Діагностичне обладнання для СТО,Прилади для перевірки свічок запалювання,,Прилади для перевірки свічок запалювання,
8554,Автотовари,Обладнання для СТО,Діагностичне обладнання для СТО,Прилади для регулювання світла фар,,Прилади для регулювання світла фар,
8560,Автотовари,Обладнання для СТО,Діагностичне обладнання для СТО,Тестери системи охолодження,,Тестери системи охолодження,
8558,Автотовари,Обладнання для СТО,Діагностичне обладнання для СТО,Стробоскопи для запалювання,,Стробоскопи для запалювання,
8565,Автотовари,Обладнання для СТО,Інструменти для СТО,,,Інструменти для СТО,
8604,Автотовари,Обладнання для СТО,Кліматичне обладнання для СТО,Ванни для миття деталей,,Ванни для миття деталей,
8616,Автотовари,Обладнання для СТО,Кліматичне обладнання для СТО,Обладнання для автокондиціонерів,Обладнання для заправлення автокондиціонерів,Обладнання для заправлення автокондиціонерів,
8617,Автотовари,Обладнання для СТО,Кліматичне обладнання для СТО,Обладнання для автокондиціонерів,Обладнання для промивання автокондиціонерів,Обладнання для промивання автокондиціонерів,
8593,Автотовари,Обладнання для СТО,Кліматичне обладнання для СТО,Озонатори повітря для авто,,Озонатори повітря для авто,
8583,Автотовари,Обладнання для СТО,Меблі для СТО,Лежаки автослюсаря,,Лежаки автослюсаря,
8584,Автотовари,Обладнання для СТО,Меблі для СТО,Стільці автослюсаря,,Стільці автослюсаря,
8606,Автотовари,Обладнання для СТО,Обладнання для заміни мастила,Піддони для зливання мастила,,Піддони для зливання мастила,
8427,Автотовари,Обладнання для СТО,Обладнання для заміни мастила,Установки для заміни мастила,,Установки для заміни мастила,
8595,Автотовари,Обладнання для СТО,Обладнання для заміни мастила,Установки заміни мастила в АКПП,,Установки заміни мастила в АКПП,
8534,Автотовари,Обладнання для СТО,Обладнання для шиномонтажу,Балансувальні верстати,,Балансувальні верстати,
2758,Автотовари,Обладнання для СТО,Обладнання для шиномонтажу,Борторозширювачі,,Борторозширювачі,
8533,Автотовари,Обладнання для СТО,Обладнання для шиномонтажу,Верстати для шиномонтажу,,Верстати для шиномонтажу,
8539,Автотовари,Обладнання для СТО,Обладнання для шиномонтажу,Витратні матеріали для шиномонтажу,,Витратні матеріали для шиномонтажу,
8538,Автотовари,Обладнання для СТО,Обладнання для шиномонтажу,Візки під колесо,,Візки під колесо,
2759,Автотовари,Обладнання для СТО,Обладнання для шиномонтажу,Вулканізатори,,Вулканізатори,
8535,Автотовари,Обладнання для СТО,Обладнання для шиномонтажу,Дископравильні верстати,,Дископравильні верстати,
8541,Автотовари,Обладнання для СТО,Обладнання для шиномонтажу,Запчастини для шиномонтажного обладнання,,Запчастини для шиномонтажного обладнання,
8540,Автотовари,Обладнання для СТО,Обладнання для шиномонтажу,Конуси для балансувальних верстатів,,Конуси для балансувальних верстатів,
8525,Автотовари,Обладнання для СТО,Підіймальне обладнання для СТО,Аксесуари для підіймачів,,Аксесуари для підіймачів,
8528,Автотовари,Обладнання для СТО,Підіймальне обладнання для СТО,Крани підкатні гідравлічні,,Крани підкатні гідравлічні,
8524,Автотовари,Обладнання для СТО,Підіймальне обладнання для СТО,Підіймачі для мотоциклів,,Підіймачі для мотоциклів,
8529,Автотовари,Обладнання для СТО,Підіймальне обладнання для СТО,Стенди для ремонту двигуна,,Стенди для ремонту двигуна,
8526,Автотовари,Обладнання для СТО,Підіймальне обладнання для СТО,Траверси,,Траверси,
8527,Автотовари,Обладнання для СТО,Підіймальне обладнання для СТО,Трансмісійні стійки,,Трансмісійні стійки,
2761,Автотовари,Обладнання для СТО,Підйомники,,,Підйомники,
8588,Автотовари,Обладнання для СТО,Рихтувальне обладнання,Беззварювальне рихтування,,Беззварювальне рихтування,
8591,Автотовари,Обладнання для СТО,Рихтувальне обладнання,Вимірювачі геометрії кузова,,Вимірювачі геометрії кузова,
8579,Автотовари,Обладнання для СТО,Рихтувальне обладнання,Пристосування рихтувальні,,Пристосування рихтувальні,
8577,Автотовари,Обладнання для СТО,Рихтувальне обладнання,Стапелі рихтувальні,,Стапелі рихтувальні,
8586,Автотовари,Обладнання для СТО,Фарбувальне обладнання,Інфрачервоні сушарки для авто,,Інфрачервоні сушарки для авто,
8581,Автотовари,Обладнання для СТО,Фарбувальне обладнання,Стенди для фарбування,,Стенди для фарбування,
8580,Автотовари,Обладнання для СТО,Фарбувальне обладнання,Фарбувальні камери,,Фарбувальні камери,
4367,Автотовари,Паркувальне обладнання,Велопарковки,,,Велопарковки,
4368,Автотовари,Паркувальне обладнання,Дорожні знаки,,,Дорожні знаки,
4358,Автотовари,Паркувальне обладнання,Дорожні огорожі,,,Дорожні огорожі,
4365,Автотовари,Паркувальне обладнання,Колесовідбійники,,,Колесовідбійники,
4366,Автотовари,Паркувальне обладнання,Лежачі поліцейські,,,Лежачі поліцейські,
8784,Автотовари,Паркувальне обладнання,Пандуси,,,Пандуси,
4357,Автотовари,Паркувальне обладнання,Паркувальний бар'єр,,,Паркувальний бар'єр,
4369,Автотовари,Паркувальне обладнання,Сферичні дзеркала,,,Сферичні дзеркала,
2932,Автотовари,Техдопомога,Автомобільні аптечки,,,Автомобільні аптечки,
8704,Автотовари,Техдопомога,Автомобільні інвертори,,,Автомобільні інвертори,
8946,Автотовари,Техдопомога,Аксесуари для лебідок,,,Аксесуари для лебідок,
2898,Автотовари,Техдопомога,Антипрокол та ремонт шин,,,Антипрокол та ремонт шин,
2924,Автотовари,Техдопомога,Балонні та свічні ключі,,,Балонні та свічні ключі,
2937,Автотовари,Техдопомога,Вогнегасники автомобільні,,,Вогнегасники автомобільні,
2925,Автотовари,Техдопомога,Домкрати,,,Домкрати,
2942,Автотовари,Техдопомога,Зарядні та пуско-зарядні пристрої,,,Зарядні та пуско-зарядні пристрої,
2933,Автотовари,Техдопомога,Знаки аварійної зупинки,,,Знаки аварійної зупинки,
2936,Автотовари,Техдопомога,Каністри,,,Каністри,
6759,Автотовари,Техдопомога,Клеї та ремонтні засоби,Герметики автомобільні,,Герметики автомобільні,
6760,Автотовари,Техдопомога,Клеї та ремонтні засоби,Клеї автомобільні,,Клеї автомобільні,
6761,Автотовари,Техдопомога,Клеї та ремонтні засоби,Клейкі стрічки для авто,,Клейкі стрічки для авто,
6762,Автотовари,Техдопомога,Клеї та ремонтні засоби,Хомути автомобільні,,Хомути автомобільні,
2926,Автотовари,Техдопомога,Компресори автомобільні,,,Компресори автомобільні,
4359,Автотовари,Техдопомога,Конуси дорожні,,,Конуси дорожні,
2930,Автотовари,Техдопомога,Ланцюги на колеса,,,Ланцюги на колеса,
2940,Автотовари,Техдопомога,Лебідки автомобільні,,,Лебідки автомобільні,
2935,Автотовари,Техдопомога,Лійки (воронки),,,Лійки (воронки),
2941,Автотовари,Техдопомога,Лопати для авто,,,Лопати для авто,
2927,Автотовари,Техдопомога,Манометри автомобільні,,,Манометри автомобільні,
8924,Автотовари,Техдопомога,Набори автомобіліста,,,Набори автомобіліста,
2928,Автотовари,Техдопомога,Насоси автомобільні,,,Насоси автомобільні,
2934,Автотовари,Техдопомога,Світловідбиваючі жилети,,,Світловідбиваючі жилети,
2938,Автотовари,Техдопомога,Старт-кабелі,,,Старт-кабелі,
2939,Автотовари,Техдопомога,Троси буксирувальні,,,Троси буксирувальні,
2929,Автотовари,Техдопомога,Упори противідкотні,,,Упори противідкотні,
2991,Автотовари,Тюнінг,Автомобільні захисні плівки,,,Автомобільні захисні плівки,
2981,Автотовари,Тюнінг,Бризковики автомобільні,,,Бризковики автомобільні,
8217,Автотовари,Тюнінг,Вихлопні системи,,,Вихлопні системи,
2987,Автотовари,Тюнінг,Декоративні накладки та молдинги,,,Декоративні накладки та молдинги,
2989,Автотовари,Тюнінг,Дефлектори вікон та вітровики,,,Дефлектори вікон та вітровики,
2982,Автотовари,Тюнінг,Додаткові дзеркала для автомобіля,,,Додаткові дзеркала для автомобіля,
2997,Автотовари,Тюнінг,Емблеми автомобільні,,,Емблеми автомобільні,
3487,Автотовари,Тюнінг,Звукові сигнали,,,Звукові сигнали,
8518,Автотовари,Тюнінг,Кліпси для авто,,,Кліпси для авто,
2825,Автотовари,Тюнінг,Ковпаки,,,Ковпаки,
2966,Автотовари,Тюнінг,Наклейки в автомобіль,,,Наклейки в автомобіль,
2993,Автотовари,Тюнінг,Насадки на глушник,,,Насадки на глушник,
2959,Автотовари,Тюнінг,Рамки номерного знака,,,Рамки номерного знака,
2996,Автотовари,Тюнінг,Спойлери на автомобіль,,,Спойлери на автомобіль,
2992,Автотовари,Тюнінг,Тонувальні плівки,,,Тонувальні плівки,
8719,Автотовари,Тюнінг,Фліпери,,,Фліпери,
2986,Автотовари,Тюнінг,Шумовіброізоляція автомобіля,,,Шумовіброізоляція автомобіля,
5089,Автотовари,Шини та диски,Автокамери,,,Автокамери,
2826,Автотовари,Шини та диски,Автошини,,,Автошини,
5117,Автотовари,Шини та диски,Аксесуари та комплектуючі до дисків,,,Аксесуари та комплектуючі до дисків,
2824,Автотовари,Шини та диски,Диски колісні,,,Диски колісні,
2829,Автотовари,Шини та диски,Ковпачки на ніпель,,,Ковпачки на ніпель,
8488,Медичні товари,Анатомічні моделі,,,,Анатомічні моделі,
8914,Медичні товари,Аптечні вітаміни,,,,Аптечні вітаміни,
1432,Медичні товари,Вітаміни і мінерали,,,,Вітаміни і мінерали,
6830,Медичні товари,Домашня аптека,Бактерицидні лампи,,,Бактерицидні лампи,
6551,Медичні товари,Домашня аптека,Біологічно активні речовини,,,Біологічно активні речовини,
3257,Медичні товари,Домашня аптека,Гірчичники та зігрівальні мазі,,,Гірчичники та зігрівальні мазі,
8323,Медичні товари,Домашня аптека,Грілки,,,Грілки,
806,Медичні товари,Домашня аптека,Дезінфікуючі засоби,Антисептики,,Антисептики,
5120,Медичні товари,Домашня аптека,Дезінфікуючі засоби,Дезінфектори,,Дезінфектори,
7603,Медичні товари,Домашня аптека,Засоби від хропіння,,,Засоби від хропіння,
3275,Медичні товари,Домашня аптека,Презервативи,,,Презервативи,
7715,Медичні товари,Домашня аптека,Інтимні змазки,,,Інтимні змазки,
5023,Медичні товари,Домашня аптека,ЛОР-препарати,,,ЛОР-препарати,
3260,Медичні товари,Домашня аптека,Медичний витратний матеріал,,,Медичний витратний матеріал,
6846,Медичні товари,Домашня аптека,Медичні пластирі,,,Медичні пластирі,
3258,Медичні товари,Домашня аптека,Перев'язувальний матеріал,,,Перев'язувальний матеріал,
8652,Медичні товари,Домашня аптека,Таблетниці,,,Таблетниці,
5386,Медичні товари,Домашня аптека,Тести на вагітність,,,Тести на вагітність,
8355,Медичні товари,Домашня аптека,Шприци,,,Шприци,
6506,Медичні товари,Засоби реабілітації,Засоби по догляду за стомою,,,Засоби по догляду за стомою,
6623,Медичні товари,Засоби реабілітації,Інвалідні візки,,,Інвалідні візки,
6589,Медичні товари,Засоби реабілітації,Медичне приладдя для ванної,,,Медичне приладдя для ванної,
6458,Медичні товари,Засоби реабілітації,Медичне приладдя для туалету,,,Медичне приладдя для туалету,
6513,Медичні товари,Засоби реабілітації,Милиці,,,Милиці,
6866,Медичні товари,Засоби реабілітації,Пристосування для людей з інвалідністю,,,Пристосування для людей з інвалідністю,
6591,Медичні товари,Засоби реабілітації,Товари для догляду за хворими,,,Товари для догляду за хворими,
6731,Медичні товари,Засоби реабілітації,Тростини,,,Тростини,
5469,Медичні товари,Засоби реабілітації,Туалетні стільці,,,Туалетні стільці,
6578,Медичні товари,Засоби реабілітації,Ходунки для дорослих,,,Ходунки для дорослих,
8307,Медичні товари,Лабораторний посуд,,,,Лабораторний посуд,
8575,Медичні товари,Лікарська рослинна сировина,,,,Лікарська рослинна сировина,
8015,Медичні товари,Ліки,Антибіотики,,,Антибіотики,
8016,Медичні товари,Ліки,Вакцини,,,Вакцини,
8018,Медичні товари,Ліки,Гомеопатія,,,Гомеопатія,
6048,Медичні товари,Ліки,Гормональні препарати,,,Гормональні препарати,
8073,Медичні товари,Ліки,Дерматологічні препарати,Засоби для обробки ран,,Засоби для обробки ран,
6043,Медичні товари,Ліки,Дерматологічні препарати,Інші дерматологічні препарати,,Інші дерматологічні препарати,
7672,Медичні товари,Ліки,Дерматологічні препарати,Ліки від герпесу,,Ліки від герпесу,
8075,Медичні товари,Ліки,Дерматологічні препарати,Місцева анестезія,,Місцева анестезія,
8074,Медичні товари,Ліки,Дерматологічні препарати,"Препарати від дерматиту, екземи та свербежу",,"Препарати від дерматиту, екземи та свербежу",
8076,Медичні товари,Ліки,Дерматологічні препарати,"Препарати від опіків, подряпин та укусів комах",,"Препарати від опіків, подряпин та укусів комах",
8036,Медичні товари,Ліки,Засоби від вошей,,,Засоби від вошей,
5965,Медичні товари,Ліки,Засоби від шкідливих звичок,Засоби від куріння,,Засоби від куріння,
5966,Медичні товари,Ліки,Засоби від шкідливих звичок,Засоби від похмілля,,Засоби від похмілля,
5964,Медичні товари,Ліки,Засоби від шкідливих звичок,Ліки від алкоголізму,,Ліки від алкоголізму,
6032,Медичні товари,Ліки,Імунопрепарати,Імунні сироватки,,Імунні сироватки,
6033,Медичні товари,Ліки,Імунопрепарати,Імуноглобуліни,,Імуноглобуліни,
6031,Медичні товари,Ліки,Імунопрепарати,Імунодепресанти,,Імунодепресанти,
6044,Медичні товари,Ліки,Імунопрепарати,Інші імунопрепарати,,Інші імунопрепарати,
5967,Медичні товари,Ліки,Інші ліки,Антидоти,,Антидоти,
5968,Медичні товари,Ліки,Інші ліки,Бактеріофаги,,Бактеріофаги,
5970,Медичні товари,Ліки,Інші ліки,Контрастні препарати,,Контрастні препарати,
5969,Медичні товари,Ліки,Інші ліки,Препарати для парентерального харчування,,Препарати для парентерального харчування,
5971,Медичні товари,Ліки,Інші ліки,Протиблювотні препарати,,Протиблювотні препарати,
5974,Медичні товари,Ліки,Інші ліки,Протимікробні препарати,,Протимікробні препарати,
5972,Медичні товари,Ліки,Інші ліки,Протитуберкульозні препарати,,Протитуберкульозні препарати,
5973,Медичні товари,Ліки,Інші ліки,Розчини для внутрішньовенного введення,,Розчини для внутрішньовенного введення,
6018,Медичні товари,Ліки,Ліки від алергії,Інші препарати від алергії,,Інші препарати від алергії,
6016,Медичні товари,Ліки,Ліки від алергії,Назальні прояви алергії,,Назальні прояви алергії,
6015,Медичні товари,Ліки,Ліки від алергії,Очні прояви алергії,,Очні прояви алергії,
6017,Медичні товари,Ліки,Ліки від алергії,Шкірні прояви алергії,,Шкірні прояви алергії,
8019,Медичні товари,Ліки,Ліки від астми,,,Ліки від астми,
8067,Медичні товари,Ліки,Ліки від діабету,Інсулін,,Інсулін,
8068,Медичні товари,Ліки,Ліки від діабету,Інші ліки від діабету,,Інші ліки від діабету,
8066,Медичні товари,Ліки,Ліки від діабету,Препарати для зниження рівня цукру,,Препарати для зниження рівня цукру,
8072,Медичні товари,Ліки,Ліки від паразитів,Засоби від корости,,Засоби від корости,
8069,Медичні товари,Ліки,Ліки від паразитів,Ліки від амебіазу,,Ліки від амебіазу,
8071,Медичні товари,Ліки,Ліки від паразитів,Протигельмінтні препарати,,Протигельмінтні препарати,
6036,Медичні товари,Ліки,Лікування сечової системи,Інші препарати для лікування сечової системи,,Інші препарати для лікування сечової системи,
6035,Медичні товари,Ліки,Лікування сечової системи,Ліки від циститу,,Ліки від циститу,
6034,Медичні товари,Ліки,Лікування сечової системи,Лікування хвороб нирок,,Лікування хвороб нирок,
6021,Медичні товари,Ліки,Препарати від грипу і застуди,Імуномодулятори та імуностимулятори,,Імуномодулятори та імуностимулятори,
6025,Медичні товари,Ліки,Препарати від грипу і застуди,Інші ліки від грипу та застуди,,Інші ліки від грипу та застуди,
6022,Медичні товари,Ліки,Препарати від грипу і застуди,Ліки від болю в горлі,,Ліки від болю в горлі,
6024,Медичні товари,Ліки,Препарати від грипу і застуди,"Ліки від гаймориту, нежиті й закладеності носа",,"Ліки від гаймориту, нежиті й закладеності носа",
6023,Медичні товари,Ліки,Препарати від грипу і застуди,Ліки від кашлю,,Ліки від кашлю,
6020,Медичні товари,Ліки,Препарати від грипу і застуди,Ліки від симптомів застуди,,Ліки від симптомів застуди,
6019,Медичні товари,Ліки,Препарати від грипу і застуди,Противірусні препарати,,Противірусні препарати,
6039,Медичні товари,Ліки,Препарати для жіночого здоров'я,Жіночі контрацептиви,,Жіночі контрацептиви,
6040,Медичні товари,Ліки,Препарати для жіночого здоров'я,Інші жіночі препарати,,Інші жіночі препарати,
6037,Медичні товари,Ліки,Препарати для жіночого здоров'я,Лікування молочниці,,Лікування молочниці,
6038,Медичні товари,Ліки,Препарати для жіночого здоров'я,Препарати при менопаузі,,Препарати при менопаузі,
8029,Медичні товари,Ліки,Препарати для лікування вушних захворювань,,,Препарати для лікування вушних захворювань,
6045,Медичні товари,Ліки,Препарати для лікування захворювань крові,Інші препарати для лікування захворювань крові,,Інші препарати для лікування захворювань крові,
5990,Медичні товари,Ліки,Препарати для лікування захворювань крові,Кровозамінники,,Кровозамінники,
5991,Медичні товари,Ліки,Препарати для лікування захворювань крові,Кровоспинні препарати,,Кровоспинні препарати,
5989,Медичні товари,Ліки,Препарати для лікування захворювань крові,Ліки від тромбозу,,Ліки від тромбозу,
5992,Медичні товари,Ліки,Препарати для лікування захворювань крові,Протианемічні препарати,,Протианемічні препарати,
5996,Медичні товари,Ліки,Препарати для лікування опорно-рухового апарату,Інші препарати для лікування опорно-рухового апарату,,Інші препарати для лікування опорно-рухового апарату,
5994,Медичні товари,Ліки,Препарати для лікування опорно-рухового апарату,Ліки від подагри,,Ліки від подагри,
5995,Медичні товари,Ліки,Препарати для лікування опорно-рухового апарату,Міорелаксанти,,Міорелаксанти,
5993,Медичні товари,Ліки,Препарати для лікування опорно-рухового апарату,Хондропротектори,,Хондропротектори,
5982,Медичні товари,Ліки,Препарати для лікування ШКТ,Засоби від печії,,Засоби від печії,
5983,Медичні товари,Ліки,Препарати для лікування ШКТ,Інші препарати для лікування ШКТ,,Інші препарати для лікування ШКТ,
5975,Медичні товари,Ліки,Препарати для лікування ШКТ,Ліки від дисбактеріозу,,Ліки від дисбактеріозу,
5979,Медичні товари,Ліки,Препарати для лікування ШКТ,Препарати від гастриту і виразки шлунка,,Препарати від гастриту і виразки шлунка,
5977,Медичні товари,Ліки,Препарати для лікування ШКТ,Препарати від діареї та отруєння,,Препарати від діареї та отруєння,
5976,Медичні товари,Ліки,Препарати для лікування ШКТ,Препарати від здуття,,Препарати від здуття,
5978,Медичні товари,Ліки,Препарати для лікування ШКТ,Препарати для поліпшення травлення,,Препарати для поліпшення травлення,
5980,Медичні товари,Ліки,Препарати для лікування ШКТ,Проносні та засоби від запору,,Проносні та засоби від запору,
5981,Медичні товари,Ліки,Препарати для лікування ШКТ,Спазмолітики,,Спазмолітики,
5997,Медичні товари,Ліки,Препарати для нервової системи,Запаморочення і порушення мозкового кровообігу,,Запаморочення і порушення мозкового кровообігу,
6001,Медичні товари,Ліки,Препарати для нервової системи,Засоби від захитування,,Засоби від захитування,
6003,Медичні товари,Ліки,Препарати для нервової системи,Заспокійливі та снодійні,,Заспокійливі та снодійні,
6004,Медичні товари,Ліки,Препарати для нервової системи,Інші препарати для лікування захворювань нервової системи,,Інші препарати для лікування захворювань нервової системи,
5999,Медичні товари,Ліки,Препарати для нервової системи,Ліки від епілепсії,,Ліки від епілепсії,
6002,Медичні товари,Ліки,Препарати для нервової системи,Препарати для поліпшення роботи ЦНС,,Препарати для поліпшення роботи ЦНС,
5998,Медичні товари,Ліки,Препарати для нервової системи,Препарати магнію,,Препарати магнію,
6000,Медичні товари,Ліки,Препарати для нервової системи,Протипаркінсонічні препарати,,Протипаркінсонічні препарати,
6046,Медичні товари,Ліки,Препарати для очей,Інші препарати для очей,,Інші препарати для очей,
5985,Медичні товари,Ліки,Препарати для очей,Ліки від катаракти і глаукоми,,Ліки від катаракти і глаукоми,
5987,Медичні товари,Ліки,Препарати для очей,Препарати від сухості очей,,Препарати від сухості очей,
5986,Медичні товари,Ліки,Препарати для очей,Препарати для поліпшення зору,,Препарати для поліпшення зору,
5988,Медичні товари,Ліки,Препарати для очей,Протизапальні препарати для очей,,Протизапальні препарати для очей,
6005,Медичні товари,Ліки,Препарати для печінки,Гепатопротектори,,Гепатопротектори,
6007,Медичні товари,Ліки,Препарати для печінки,Інші препарати для лікування печінки,,Інші препарати для лікування печінки,
6006,Медичні товари,Ліки,Препарати для печінки,"Препарати для жовчного міхура, жовчогінні препарати",,"Препарати для жовчного міхура, жовчогінні препарати",
6013,Медичні товари,Ліки,Препарати для серцево-судинної системи,Засоби від геморою,,Засоби від геморою,
6014,Медичні товари,Ліки,Препарати для серцево-судинної системи,Інші засоби для лікування серцево-судинної системи,,Інші засоби для лікування серцево-судинної системи,
6009,Медичні товари,Ліки,Препарати для серцево-судинної системи,Ліки від атеросклерозу,,Ліки від атеросклерозу,
6010,Медичні товари,Ліки,Препарати для серцево-судинної системи,Ліки від варикозу,,Ліки від варикозу,
6012,Медичні товари,Ліки,Препарати для серцево-судинної системи,Ліки від підвищеного тиску,,Ліки від підвищеного тиску,
6008,Медичні товари,Ліки,Препарати для серцево-судинної системи,Препарати для зміцнення судин,,Препарати для зміцнення судин,
6011,Медичні товари,Ліки,Препарати для серцево-судинної системи,Сечогінні засоби,,Сечогінні засоби,
6041,Медичні товари,Ліки,Препарати для чоловічого здоров'я,Для поліпшення потенції,,Для поліпшення потенції,
6042,Медичні товари,Ліки,Препарати для чоловічого здоров'я,Препарати для лікування передміхурової залози,,Препарати для лікування передміхурової залози,
6029,Медичні товари,Ліки,Протигрибкові препарати,Засоби від грибка нігтів і стопи,,Засоби від грибка нігтів і стопи,
6030,Медичні товари,Ліки,Протигрибкові препарати,Інші протигрибкові препарати,,Інші протигрибкові препарати,
7928,Медичні товари,Ліки,Протизапальні й знеболювальні  ліки,Знеболювальні для суглобів і м'язів,,Знеболювальні для суглобів і м'язів,
6028,Медичні товари,Ліки,Протизапальні й знеболювальні  ліки,Інші знеболювальні препарати,,Інші знеболювальні препарати,
6027,Медичні товари,Ліки,Протизапальні й знеболювальні  ліки,Ліки від мігрені,,Ліки від мігрені,
6026,Медичні товари,Ліки,Протизапальні й знеболювальні  ліки,Нестероїдні протизапальні засоби,,Нестероїдні протизапальні засоби,
7988,Медичні товари,Ліки,Протипухлинні препарати,,,Протипухлинні препарати,
5984,Медичні товари,Ліки,Стоматологічні препарати,Препарати для лікування стоматиту й гінгівіту,,Препарати для лікування стоматиту й гінгівіту,
6519,Медичні товари,Медичні меблі,Крісла медичні,,,Крісла медичні,
1403,Медичні товари,Медичні меблі,Масажні столи,,,Масажні столи,
6533,Медичні товари,Медичні меблі,Медичні ліжка,,,Медичні ліжка,
6520,Медичні товари,Медичні меблі,Медичні матраци та подушки,,,Медичні матраци та подушки,
8490,Медичні товари,Медичні меблі,Медичні ширми,,,Медичні ширми,
6861,Медичні товари,Медичні меблі,Столи медичні,,,Столи медичні,
6860,Медичні товари,Медичні меблі,Штативи медичні,,,Штативи медичні,
8912,Медичні товари,Медичні прилади,Аксесуари до слухових апаратів,,,Аксесуари до слухових апаратів,
7200,Медичні товари,Медичні прилади,Бактерицидні опромінювачі,,,Бактерицидні опромінювачі,
7887,Медичні товари,Медичні прилади,Домашня медтехніка,,,Домашня медтехніка,
7873,Медичні товари,Медичні прилади,Інгалятори,,,Інгалятори,
7168,Медичні товари,Медичні прилади,Кисневі концентратори,,,Кисневі концентратори,
3261,Медичні товари,Медичні прилади,Медичне приладдя,,,Медичне приладдя,
7872,Медичні товари,Медичні прилади,Пульсоксиметри,,,Пульсоксиметри,
7201,Медичні товари,Медичні прилади,Рециркулятори бактерицидні,,,Рециркулятори бактерицидні,
7237,Медичні товари,Медичні прилади,Слухові апарати,,,Слухові апарати,
6647,Медичні товари,Медичні прилади,Стетоскопи,,,Стетоскопи,
7885,Медичні товари,Медичні прилади,Термометри медичні,,,Термометри медичні,
6640,Медичні товари,Медичні прилади,Тонометри,,,Тонометри,
3270,Медичні товари,Оптика,Контактні лінзи,,,Контактні лінзи,
8207,Медичні товари,Оптика,Окуляри,Окуляри для зору,,Окуляри для зору,
8209,Медичні товари,Оптика,Окуляри,Окуляри для комп'ютера,,Окуляри для комп'ютера,
3273,Медичні товари,Оптика,Оправи для окулярів,,,Оправи для окулярів,
3271,Медичні товари,Оптика,Розчини для контактних лінз,,,Розчини для контактних лінз,
8463,Медичні товари,Оптика,Футляри для окулярів,,,Футляри для окулярів,
6609,Медичні товари,Ортопедичні вироби,Коректор постави,,,Коректор постави,
6634,Медичні товари,Ортопедичні вироби,Ортопедичні вироби для стопи,,,Ортопедичні вироби для стопи,
1385,Медичні товари,Термоконтейнери медичні,,,,Термоконтейнери медичні,
6648,Будівництво та ремонт,Автоматика для воріт,Автоматика для відкатних воріт,,,Автоматика для відкатних воріт,
6651,Будівництво та ремонт,Автоматика для воріт,Автоматика для гаражних воріт,,,Автоматика для гаражних воріт,
6650,Будівництво та ремонт,Автоматика для воріт,Автоматика для розпашних воріт,,,Автоматика для розпашних воріт,
6654,Будівництво та ремонт,Автоматика для воріт,Пульти для воріт,,,Пульти для воріт,
9518,Будівництво та ремонт,Будівельне кріплення,Аксесуари для хімічних анкерів,,,Аксесуари для хімічних анкерів,
4267,Будівництво та ремонт,Будівельне кріплення,Анкери,,,Анкери,
4269,Будівництво та ремонт,Будівельне кріплення,Дюбелі,,,Дюбелі,
4270,Будівництво та ремонт,Будівельне кріплення,Заклепки будівельні,,,Заклепки будівельні,
4296,Будівництво та ремонт,Будівельне кріплення,Клейкі стрічки,Протиковзкі стрічки,,Протиковзкі стрічки,
4297,Будівництво та ремонт,Будівельне кріплення,Клейкі стрічки,Самоклейкі тримачі,,Самоклейкі тримачі,
4293,Будівництво та ремонт,Будівельне кріплення,Кріпильні системи,Кріпильна система BIS,,Кріпильна система BIS,
8678,Будівництво та ремонт,Будівельне кріплення,Кріплення спеціальне,,,Кріплення спеціальне,
4298,Будівництво та ремонт,Будівельне кріплення,Ланцюги,,,Ланцюги,
4278,Будівництво та ремонт,Будівельне кріплення,Меблеве кріплення,Болти і гвинти меблеві,,Болти і гвинти меблеві,
4283,Будівництво та ремонт,Будівельне кріплення,Меблеве кріплення,Меблеві гайки та муфти,,Меблеві гайки та муфти,
4286,Будівництво та ремонт,Будівельне кріплення,Меблеве кріплення,Меблеві заглушки,,Меблеві заглушки,
4282,Будівництво та ремонт,Будівельне кріплення,Меблеве кріплення,Меблеві кутники,,Меблеві кутники,
4285,Будівництво та ремонт,Будівельне кріплення,Меблеве кріплення,Меблеві стяжки,,Меблеві стяжки,
4279,Будівництво та ремонт,Будівельне кріплення,Меблеве кріплення,Меблеві шурупи та конфірмати,,Меблеві шурупи та конфірмати,
4284,Будівництво та ремонт,Будівельне кріплення,Меблеве кріплення,Підвіси для шаф,,Підвіси для шаф,
4281,Будівництво та ремонт,Будівельне кріплення,Меблеве кріплення,Тримачі дзеркал,,Тримачі дзеркал,
4280,Будівництво та ремонт,Будівельне кріплення,Меблеве кріплення,Шканти,,Шканти,
4271,Будівництво та ремонт,Будівельне кріплення,Метричне кріплення,Болти,,Болти,
4272,Будівництво та ремонт,Будівельне кріплення,Метричне кріплення,Гайки,,Гайки,
8812,Будівництво та ремонт,Будівельне кріплення,Метричне кріплення,Гвинти,,Гвинти,
8811,Будівництво та ремонт,Будівельне кріплення,Метричне кріплення,Пружини,,Пружини,
4273,Будівництво та ремонт,Будівельне кріплення,Метричне кріплення,Шайби,,Шайби,
8774,Будівництво та ремонт,Будівельне кріплення,Метричне кріплення,Шпильки дворізьбові,,Шпильки дворізьбові,
8758,Будівництво та ремонт,Будівельне кріплення,Метричне кріплення,Шпильки різьбові,,Шпильки різьбові,
8759,Будівництво та ремонт,Будівельне кріплення,Метричне кріплення,Шплінти,,Шплінти,
8760,Будівництво та ремонт,Будівельне кріплення,Метричне кріплення,Штифти метричні,,Штифти метричні,
4607,Будівництво та ремонт,Будівельне кріплення,Мотузки,,,Мотузки,
6643,Будівництво та ремонт,Будівельне кріплення,Неодимові магніти,,,Неодимові магніти,
8641,Будівництво та ремонт,Будівельне кріплення,Перфороване кріплення,Кріплення балок,,Кріплення балок,
4268,Будівництво та ремонт,Будівельне кріплення,Перфороване кріплення,Куточки кріпильні,,Куточки кріпильні,
8674,Будівництво та ремонт,Будівельне кріплення,Перфороване кріплення,Кріплення для колон,,Кріплення для колон,
8642,Будівництво та ремонт,Будівельне кріплення,Перфороване кріплення,Перфоровані стрічки,,Перфоровані стрічки,
8644,Будівництво та ремонт,Будівельне кріплення,Перфороване кріплення,Пластини кріпильні,,Пластини кріпильні,
8728,Будівництво та ремонт,Будівельне кріплення,Регульовані опори для терас,,,Регульовані опори для терас,
9028,Будівництво та ремонт,Будівельне кріплення,Ручки затискні,,,Ручки затискні,
4275,Будівництво та ремонт,Будівельне кріплення,Саморізи,,,Саморізи,
4290,Будівництво та ремонт,Будівельне кріплення,Сантехнічне кріплення,Кріплення для умивальників,,Кріплення для умивальників,
4289,Будівництво та ремонт,Будівельне кріплення,Сантехнічне кріплення,Кріплення для унітазів,,Кріплення для унітазів,
8663,Будівництво та ремонт,Будівельне кріплення,Скоби будівельні,,,Скоби будівельні,
4300,Будівництво та ремонт,Будівельне кріплення,Стропи,,,Стропи,
4302,Будівництво та ремонт,Будівельне кріплення,Такелаж,Блоки підйомні,,Блоки підйомні,
4303,Будівництво та ремонт,Будівельне кріплення,Такелаж,Вертлюги,,Вертлюги,
4308,Будівництво та ремонт,Будівельне кріплення,Такелаж,Гаки кранові,,Гаки кранові,
4305,Будівництво та ремонт,Будівельне кріплення,Такелаж,Затискачі для тросів,,Затискачі для тросів,
4306,Будівництво та ремонт,Будівельне кріплення,Такелаж,Карабіни такелажні,,Карабіни такелажні,
4307,Будівництво та ремонт,Будівельне кріплення,Такелаж,Коуші,,Коуші,
4304,Будівництво та ремонт,Будівельне кріплення,Такелаж,Рим-болти та гайки,,Рим-болти та гайки,
4309,Будівництво та ремонт,Будівельне кріплення,Такелаж,Скоби такелажні,,Скоби такелажні,
4310,Будівництво та ремонт,Будівельне кріплення,Такелаж,Талрепи,,Талрепи,
6886,Будівництво та ремонт,Будівельне кріплення,Технічні тканини,,,Технічні тканини,
4299,Будівництво та ремонт,Будівельне кріплення,Троси (канати сталеві),,,Троси (канати сталеві),
8726,Будівництво та ремонт,Будівельне кріплення,Фурнітура для тентів,,,Фурнітура для тентів,
4291,Будівництво та ремонт,Будівельне кріплення,Хімічні анкери,,,Хімічні анкери,
4287,Будівництво та ремонт,Будівельне кріплення,Хомути металеві,,,Хомути металеві,
4274,Будівництво та ремонт,Будівельне кріплення,Цвяхи,,,Цвяхи,
4276,Будівництво та ремонт,Будівельне кріплення,Шурупи,,,Шурупи,
3967,Будівництво та ремонт,Будівельні матеріали,Блоки будівельні,Бетонний блок,,Бетонний блок,
3964,Будівництво та ремонт,Будівельні матеріали,Блоки будівельні,Газобетонний блок,,Газобетонний блок,
3965,Будівництво та ремонт,Будівельні матеріали,Блоки будівельні,Керамічний блок,,Керамічний блок,
8737,Будівництво та ремонт,Будівельні матеріали,Блоки будівельні,Термоблоки,,Термоблоки,
3961,Будівництво та ремонт,Будівельні матеріали,Будівельна сітка та плівка,Плівка поліетиленова,,Плівка поліетиленова,
3960,Будівництво та ремонт,Будівельні матеріали,Будівельна сітка та плівка,Серп'янка,,Серп'янка,
3959,Будівництво та ремонт,Будівельні матеріали,Будівельна сітка та плівка,Сітка зварна,,Сітка зварна,
3956,Будівництво та ремонт,Будівельні матеріали,Будівельна сітка та плівка,Склополотно,,Склополотно,
3957,Будівництво та ремонт,Будівельні матеріали,Будівельна сітка та плівка,Склосітка,,Склосітка,
4038,Будівництво та ремонт,Будівельні матеріали,Будівельна хімія,Антисептик для мінеральних поверхонь,,Антисептик для мінеральних поверхонь,
4037,Будівництво та ремонт,Будівельні матеріали,Будівельна хімія,Бетоноконтакт,,Бетоноконтакт,
4030,Будівництво та ремонт,Будівельні матеріали,Будівельна хімія,Герметики,,Герметики,
4036,Будівництво та ремонт,Будівельні матеріали,Будівельна хімія,Ґрунтовка,,Ґрунтовка,
4031,Будівництво та ремонт,Будівельні матеріали,Будівельна хімія,Добавки до бетону,,Добавки до бетону,
6560,Будівництво та ремонт,Будівельні матеріали,Будівельна хімія,Епоксидна смола,,Епоксидна смола,
4035,Будівництво та ремонт,Будівельні матеріали,Будівельна хімія,Мастика,,Мастика,
4034,Будівництво та ремонт,Будівельні матеріали,Будівельна хімія,Очистка та захист фасадів,,Очистка та захист фасадів,
4032,Будівництво та ремонт,Будівельні матеріали,Будівельна хімія,Пігменти до розчину,,Пігменти до розчину,
4029,Будівництво та ремонт,Будівельні матеріали,Будівельна хімія,Піна монтажна,,Піна монтажна,
4033,Будівництво та ремонт,Будівельні матеріали,Будівельна хімія,Рідке скло,,Рідке скло,
6665,Будівництво та ремонт,Будівельні матеріали,Будівельні суміші,Бетон і готові будівельні розчини,,Бетон і готові будівельні розчини,
5049,Будівництво та ремонт,Будівельні матеріали,Будівельні суміші,Вапно,,Вапно,
3945,Будівництво та ремонт,Будівельні матеріали,Будівельні суміші,Вогнетривкі суміші,,Вогнетривкі суміші,
3946,Будівництво та ремонт,Будівельні матеріали,Будівельні суміші,Гідроізоляція,,Гідроізоляція,
3948,Будівництво та ремонт,Будівельні матеріали,Будівельні суміші,Гіпс будівельний,,Гіпс будівельний,
3940,Будівництво та ремонт,Будівельні матеріали,Будівельні суміші,Декоративна штукатурка,,Декоративна штукатурка,
3953,Будівництво та ремонт,Будівельні матеріали,Будівельні суміші,Керамзит,,Керамзит,
3944,Будівництво та ремонт,Будівельні матеріали,Будівельні суміші,Кладочні суміші,,Кладочні суміші,
3949,Будівництво та ремонт,Будівельні матеріали,Будівельні суміші,Крейда будівельна,,Крейда будівельна,
3951,Будівництво та ремонт,Будівельні матеріали,Будівельні суміші,Пісок,,Пісок,
3943,Будівництво та ремонт,Будівельні матеріали,Будівельні суміші,Ремонтні суміші,,Ремонтні суміші,
3942,Будівництво та ремонт,Будівельні матеріали,Будівельні суміші,Самовирівнювальна підлога,,Самовирівнювальна підлога,
3941,Будівництво та ремонт,Будівельні матеріали,Будівельні суміші,Стяжка,,Стяжка,
3954,Будівництво та ремонт,Будівельні матеріали,Будівельні суміші,Фібра будівельна,,Фібра будівельна,
3950,Будівництво та ремонт,Будівельні матеріали,Будівельні суміші,Цемент,,Цемент,
3939,Будівництво та ремонт,Будівельні матеріали,Будівельні суміші,Шпаклівка,,Шпаклівка,
3938,Будівництво та ремонт,Будівельні матеріали,Будівельні суміші,Штукатурка,,Штукатурка,
3952,Будівництво та ремонт,Будівельні матеріали,Будівельні суміші,Щебінь,,Щебінь,
4020,Будівництво та ремонт,Будівельні матеріали,Гіпсокартонні системи,Гіпсокартон,,Гіпсокартон,
4024,Будівництво та ремонт,Будівельні матеріали,Гіпсокартонні системи,Кріплення для гіпсокартону,,Кріплення для гіпсокартону,
4026,Будівництво та ремонт,Будівельні матеріали,Гіпсокартонні системи,Кутники штукатурні,,Кутники штукатурні,
4025,Будівництво та ремонт,Будівельні матеріали,Гіпсокартонні системи,Маяки штукатурні,,Маяки штукатурні,
4023,Будівництво та ремонт,Будівельні матеріали,Гіпсокартонні системи,Профіль для гіпсокартону,,Профіль для гіпсокартону,
4027,Будівництво та ремонт,Будівельні матеріали,Гіпсокартонні системи,Стрічки звукоізоляційні,,Стрічки звукоізоляційні,
3982,Будівництво та ремонт,Будівельні матеріали,Залізобетонні вироби,,,Залізобетонні вироби,
4045,Будівництво та ремонт,Будівельні матеріали,Клей,Клей для гіпсокартону,,Клей для гіпсокартону,
4049,Будівництво та ремонт,Будівельні матеріали,Клей,Клей для підлогового покриття,,Клей для підлогового покриття,
4050,Будівництво та ремонт,Будівельні матеріали,Клей,Клей для паркету,,Клей для паркету,
4046,Будівництво та ремонт,Будівельні матеріали,Клей,Клей для плитки,,Клей для плитки,
4044,Будівництво та ремонт,Будівельні матеріали,Клей,Клей для теплоізоляції,,Клей для теплоізоляції,
4041,Будівництво та ремонт,Будівельні матеріали,Клей,Клей монтажний,,Клей монтажний,
4043,Будівництво та ремонт,Будівельні матеріали,Клей,Клей ПВА,,Клей ПВА,
4051,Будівництво та ремонт,Будівельні матеріали,Клей,Клей побутовий,,Клей побутовий,
4042,Будівництво та ремонт,Будівельні матеріали,Клей,Клей-герметик,,Клей-герметик,
4052,Будівництво та ремонт,Будівельні матеріали,Клей,Піна-клей,,Піна-клей,
4040,Будівництво та ремонт,Будівельні матеріали,Клей,Рідкі цвяхи,,Рідкі цвяхи,
3975,Будівництво та ремонт,Будівельні матеріали,Паркани та огорожа,Бетонні паркани,,Бетонні паркани,
3976,Будівництво та ремонт,Будівельні матеріали,Паркани та огорожа,Секційні паркани,,Секційні паркани,
8487,Будівництво та ремонт,Будівельні матеріали,Паркани та огорожа,Фотосітка на паркан,,Фотосітка на паркан,
4119,Будівництво та ремонт,Будівельні матеріали,Пиломатеріали та деревні плити,"Бруси, дошки та рейки",,"Бруси, дошки та рейки",
4120,Будівництво та ремонт,Будівельні матеріали,Пиломатеріали та деревні плити,"Дерев'яні куточки, планки та штапики",,"Дерев'яні куточки, планки та штапики",
8646,Будівництво та ремонт,Будівельні матеріали,Пиломатеріали та деревні плити,Дерево,,Дерево,
4122,Будівництво та ремонт,Будівельні матеріали,Пиломатеріали та деревні плити,ДСП та ДВП,,ДСП та ДВП,
4125,Будівництво та ремонт,Будівельні матеріали,Пиломатеріали та деревні плити,Кромка,,Кромка,
4123,Будівництво та ремонт,Будівельні матеріали,Пиломатеріали та деревні плити,Меблеві щити,,Меблеві щити,
4124,Будівництво та ремонт,Будівельні матеріали,Пиломатеріали та деревні плити,Фанера,,Фанера,
4121,Будівництво та ремонт,Будівельні матеріали,Пиломатеріали та деревні плити,OSB-плити,,OSB-плити,
3989,Будівництво та ремонт,Будівельні матеріали,Покрівля,Бітумна черепиця,,Бітумна черепиця,
3993,Будівництво та ремонт,Будівельні матеріали,Покрівля,Бітумні листи,,Бітумні листи,
4006,Будівництво та ремонт,Будівельні матеріали,Покрівля,Водостік,,Водостік,
4995,Будівництво та ремонт,Будівельні матеріали,Покрівля,Керамопласт,,Керамопласт,
4005,Будівництво та ремонт,Будівельні матеріали,Покрівля,Комплектуючі для покрівлі,,Комплектуючі для покрівлі,
3990,Будівництво та ремонт,Будівельні матеріали,Покрівля,Композитна черепиця,,Композитна черепиця,
3998,Будівництво та ремонт,Будівельні матеріали,Покрівля,Лист оцинкований,,Лист оцинкований,
4000,Будівництво та ремонт,Будівельні матеріали,Покрівля,Мансардні вікна,,Мансардні вікна,
3988,Будівництво та ремонт,Будівельні матеріали,Покрівля,Металочерепиця,,Металочерепиця,
3995,Будівництво та ремонт,Будівельні матеріали,Покрівля,Оргскло,,Оргскло,
4003,Будівництво та ремонт,Будівельні матеріали,Покрівля,Підшивка софіт,,Підшивка софіт,
4001,Будівництво та ремонт,Будівельні матеріали,Покрівля,Покрівельна вентиляція,,Покрівельна вентиляція,
3999,Будівництво та ремонт,Будівельні матеріали,Покрівля,Покрівельні плівки та мембрани,,Покрівельні плівки та мембрани,
4002,Будівництво та ремонт,Будівельні матеріали,Покрівля,Покрівельні стрічки,,Покрівельні стрічки,
3994,Будівництво та ремонт,Будівельні матеріали,Покрівля,Полікарбонат,,Полікарбонат,
3996,Будівництво та ремонт,Будівельні матеріали,Покрівля,Прозорий шифер ПВХ,,Прозорий шифер ПВХ,
3992,Будівництво та ремонт,Будівельні матеріали,Покрівля,Профнастил,,Профнастил,
4004,Будівництво та ремонт,Будівельні матеріали,Покрівля,Руберойд,,Руберойд,
5330,Будівництво та ремонт,Будівельні матеріали,Покрівля,Стрічки будівельно-монтажні,,Стрічки будівельно-монтажні,
7156,Будівництво та ремонт,Будівельні матеріали,Покрівля,Термопанелі,,Термопанелі,
9014,Будівництво та ремонт,Будівельні матеріали,Покрівля,Фальцева покрівля,,Фальцева покрівля,
3997,Будівництво та ремонт,Будівельні матеріали,Покрівля,Шифер,,Шифер,
3981,Будівництво та ремонт,Будівельні матеріали,Сайдинг,,,Сайдинг,
4013,Будівництво та ремонт,Будівельні матеріали,Утеплювач і звукоізоляція,Екструдований пінополістирол,,Екструдований пінополістирол,
4011,Будівництво та ремонт,Будівельні матеріали,Утеплювач і звукоізоляція,Мінеральна вата,,Мінеральна вата,
4012,Будівництво та ремонт,Будівельні матеріали,Утеплювач і звукоізоляція,Пінопласт,,Пінопласт,
8959,Будівництво та ремонт,Будівельні матеріали,Утеплювач і звукоізоляція,Піноскло,,Піноскло,
4014,Будівництво та ремонт,Будівельні матеріали,Утеплювач і звукоізоляція,Поролон,,Поролон,
4015,Будівництво та ремонт,Будівельні матеріали,Утеплювач і звукоізоляція,Спінений каучук,,Спінений каучук,
4016,Будівництво та ремонт,Будівельні матеріали,Утеплювач і звукоізоляція,Спінений поліетилен,,Спінений поліетилен,
4017,Будівництво та ремонт,Будівельні матеріали,Утеплювач і звукоізоляція,Технічна ізоляція,,Технічна ізоляція,
9200,Будівництво та ремонт,Будівельні матеріали,Утеплювач і звукоізоляція,Резина листова,,Резина листова,
3972,Будівництво та ремонт,Будівельні матеріали,Цегла,Цегла вогнетривка,,Цегла вогнетривка,
3973,Будівництво та ремонт,Будівельні матеріали,Цегла,Цегла облицювальна,,Цегла облицювальна,
3970,Будівництво та ремонт,Будівельні матеріали,Цегла,Цегла рядова,,Цегла рядова,
3971,Будівництво та ремонт,Будівельні матеріали,Цегла,Цегла силікатна,,Цегла силікатна,
9060,Будівництво та ремонт,Виготовлення ключів,,,,Виготовлення ключів,
4071,Будівництво та ремонт,Вікна,Відливи,,,Відливи,
4067,Будівництво та ремонт,Вікна,Вікна пластикові (ПВХ),,,Вікна пластикові (ПВХ),
4069,Будівництво та ремонт,Вікна,Двері балконні,,,Двері балконні,
6823,Будівництво та ремонт,Вікна,Комплектуючі для монтажу вікон,,,Комплектуючі для монтажу вікон,
4072,Будівництво та ремонт,Вікна,Москітні сітки,,,Москітні сітки,
4070,Будівництво та ремонт,Вікна,Підвіконня,,,Підвіконня,
8628,Будівництво та ремонт,Вікна,Плівка на вікна,,,Плівка на вікна,
9532,Будівництво та ремонт,Вікна,Склопакети,,,Склопакети,
4347,Будівництво та ремонт,Вікна,Фурнітура для вікон,Замки для вікон,,Замки для вікон,
4346,Будівництво та ремонт,Вікна,Фурнітура для вікон,Петлі для вікон,,Петлі для вікон,
4345,Будівництво та ремонт,Вікна,Фурнітура для вікон,Ручки для вікон,,Ручки для вікон,
8984,Будівництво та ремонт,Вікна,Фурнітура для вікон,Штапики для пластикових вікон,,Штапики для пластикових вікон,
9116,Будівництво та ремонт,Вікна,Фурнітура для москітних сіток,,,Фурнітура для москітних сіток,
8681,Будівництво та ремонт,Ворота,Ролетні ворота,,,Ролетні ворота,
9278,Будівництво та ремонт,Ворота,Фурнітура для ролетних воріт,,,Фурнітура для ролетних воріт,
4133,Будівництво та ремонт,Двері,Двері вхідні,,,Двері вхідні,
4135,Будівництво та ремонт,Двері,Двері для саун,,,Двері для саун,
4134,Будівництво та ремонт,Двері,Двері міжкімнатні,,,Двері міжкімнатні,
4137,Будівництво та ремонт,Двері,Дверні коробки,,,Дверні коробки,
4139,Будівництво та ремонт,Двері,Добірні планки,,,Добірні планки,
4136,Будівництво та ремонт,Двері,Жалюзійні дверцята,,,Жалюзійні дверцята,
4138,Будівництво та ремонт,Двері,Лиштва,,,Лиштва,
9426,Будівництво та ремонт,Електротовари,Аксесуари для зарядки електромобілів,,,Аксесуари для зарядки електромобілів,
198,Будівництво та ремонт,Електротовари,Акумулятори,Батарейки,,Батарейки,
3758,Будівництво та ремонт,Електротовари,Альтернативна енергетика,Акумуляторні батареї для сонячних електростанцій,,Акумуляторні батареї для сонячних електростанцій,
3749,Будівництво та ремонт,Електротовари,Альтернативна енергетика,Інвертори для сонячних батарей,,Інвертори для сонячних батарей,
3759,Будівництво та ремонт,Електротовари,Альтернативна енергетика,Кабелі для сонячних електростанцій,,Кабелі для сонячних електростанцій,
7929,Будівництво та ремонт,Електротовари,Альтернативна енергетика,Кріплення для сонячних панелей,,Кріплення для сонячних панелей,
6272,Будівництво та ремонт,Електротовари,Альтернативна енергетика,Лічильники для сонячних електростанцій,,Лічильники для сонячних електростанцій,
7971,Будівництво та ремонт,Електротовари,Альтернативна енергетика,Пристрої для моніторингу сонячних електростанцій,,Пристрої для моніторингу сонячних електростанцій,
6388,Будівництво та ремонт,Електротовари,Альтернативна енергетика,Сонячні електростанції,,Сонячні електростанції,
2778,Будівництво та ремонт,Електротовари,Альтернативна енергетика,Сонячні панелі,,Сонячні панелі,
8205,Будівництво та ремонт,Електротовари,Електромонтажне устаткування,Вита пара,,Вита пара,
3521,Будівництво та ремонт,Електротовари,Електромонтажне устаткування,Дзвінки дверні,,Дзвінки дверні,
3532,Будівництво та ремонт,Електротовари,Електромонтажне устаткування,Електровилки,,Електровилки,
3523,Будівництво та ремонт,Електротовари,Електромонтажне устаткування,Ізоляційні матеріали,,Ізоляційні матеріали,
3524,Будівництво та ремонт,Електротовари,Електромонтажне устаткування,Кабель і провід,,Кабель і провід,
9384,Будівництво та ремонт,Електротовари,Електромонтажне устаткування,Клемні колодки,,Клемні колодки,
9118,Будівництво та ремонт,Електротовари,Електромонтажне устаткування,Комплектуючі для трансформаторів,,Комплектуючі для трансформаторів,
3533,Будівництво та ремонт,Електротовари,Електромонтажне устаткування,Лічильники електроенергії,,Лічильники електроенергії,
3527,Будівництво та ремонт,Електротовари,Електромонтажне устаткування,Патрони для ламп,,Патрони для ламп,
7607,Будівництво та ремонт,Електротовари,Електромонтажне устаткування,Підрозетники,,Підрозетники,
3535,Будівництво та ремонт,Електротовари,Електромонтажне устаткування,Подовжувачі,,Подовжувачі,
3536,Будівництво та ремонт,Електротовари,Електромонтажне устаткування,Розподільчі коробки,,Розподільчі коробки,
4933,Будівництво та ремонт,Електротовари,Електромонтажне устаткування,Силові роз'єми,,Силові роз'єми,
5368,Будівництво та ремонт,Електротовари,Електромонтажне устаткування,Системи для прокладки кабелю,Елементи кріплення кабелю,Елементи кріплення кабелю,
5406,Будівництво та ремонт,Електротовари,Електромонтажне устаткування,Системи для прокладки кабелю,Кабеленесучі системи,Кабеленесучі системи,
5421,Будівництво та ремонт,Електротовари,Електромонтажне устаткування,Системи для прокладки кабелю,Системи з'єднання кабелю,Системи з'єднання кабелю,
3534,Будівництво та ремонт,Електротовари,Електромонтажне устаткування,Сутінкові реле та датчики руху,,Сутінкові реле та датчики руху,
8472,Будівництво та ремонт,Електротовари,Електромонтажне устаткування,Трансформатори струму,,Трансформатори струму,
3537,Будівництво та ремонт,Електротовари,Електромонтажне устаткування,Щити розподільчі та аксесуари,,Щити розподільчі та аксесуари,
9096,Будівництво та ремонт,Електротовари,Електромонтажне устаткування,Колодки для подовжувачів,,Колодки для подовжувачів,
3529,Будівництво та ремонт,Електротовари,Електрофурнітура,Вимикачі,,Вимикачі,
3531,Будівництво та ремонт,Електротовари,Електрофурнітура,Рамки для розеток,,Рамки для розеток,
3528,Будівництво та ремонт,Електротовари,Електрофурнітура,Розетки,,Розетки,
3530,Будівництво та ремонт,Електротовари,Електрофурнітура,Світлорегулятори,,Світлорегулятори,
6842,Будівництво та ремонт,Електротовари,Зарядні станції для електромобілів,,,Зарядні станції для електромобілів,
3511,Будівництво та ремонт,Електротовари,Захист електромереж,Автоматичні вимикачі,,Автоматичні вимикачі,
8714,Будівництво та ремонт,Електротовари,Захист електромереж,Акумулятори для ДБЖ,,Акумулятори для ДБЖ,
183,Будівництво та ремонт,Електротовари,Захист електромереж,Джерела безперебійного живлення,,Джерела безперебійного живлення,
3513,Будівництво та ремонт,Електротовари,Захист електромереж,Диференційні автомати,,Диференційні автомати,
3506,Будівництво та ремонт,Електротовари,Захист електромереж,Заземлення та блискавкозахист,,Заземлення та блискавкозахист,
4942,Будівництво та ремонт,Електротовари,Захист електромереж,Кнопки управління,,Кнопки управління,
3526,Будівництво та ремонт,Електротовари,Захист електромереж,Контактори,,Контактори,
3507,Будівництво та ремонт,Електротовари,Захист електромереж,Спеціалізовані електровимірювальні прилади,,Спеціалізовані електровимірювальні прилади,
8421,Будівництво та ремонт,Електротовари,Захист електромереж,Лабораторні блоки живлення,,Лабораторні блоки живлення,
8952,Будівництво та ремонт,Електротовари,Захист електромереж,Перемикачі введення резерву,,Перемикачі введення резерву,
3512,Будівництво та ремонт,Електротовари,Захист електромереж,Пристрої захисного відключення,,Пристрої захисного відключення,
3508,Будівництво та ремонт,Електротовари,Захист електромереж,Реле напруги,,Реле напруги,
3514,Будівництво та ремонт,Електротовари,Захист електромереж,Реле теплові,,Реле теплові,
3525,Будівництво та ремонт,Електротовари,Захист електромереж,Реле часу та таймери,,Реле часу та таймери,
5221,Будівництво та ремонт,Електротовари,Захист електромереж,Рубильники,,Рубильники,
3509,Будівництво та ремонт,Електротовари,Захист електромереж,Стабілізатори напруги,,Стабілізатори напруги,
9424,Будівництво та ремонт,Електротовари,"Комплектуючі для елементів живлення",,,"Комплектуючі для елементів живлення
",
6843,Будівництво та ремонт,Електротовари,Ліхтарі,,,Ліхтарі,
9098,Будівництво та ремонт,Електротовари,Електромонтажне устаткування,Мережеві перехідники,,Мережеві перехідники,
9038,Будівництво та ремонт,Захисні споруди цивільного захисту,,,,Захисні споруди цивільного захисту,
8920,Будівництво та ремонт,Ковані вироби,Ковані балкони,,,Ковані балкони,
4354,Будівництво та ремонт,Ковані вироби,Ковані ворота,,,Ковані ворота,
8633,Будівництво та ремонт,Ковані вироби,Ковані елементи,Вироби плазмового різання,,Вироби плазмового різання,
8623,Будівництво та ремонт,Ковані вироби,Ковані елементи,Кований металопрокат,,Кований металопрокат,
8626,Будівництво та ремонт,Ковані вироби,Ковані елементи,Ковані вставки,,Ковані вставки,
8643,Будівництво та ремонт,Ковані вироби,Ковані елементи,Ковані декоративні вироби,,Ковані декоративні вироби,
8572,Будівництво та ремонт,Ковані вироби,Ковані елементи,Ковані завитки,,Ковані завитки,
8569,Будівництво та ремонт,Ковані вироби,Ковані елементи,Ковані квіти та листя,,Ковані квіти та листя,
8570,Будівництво та ремонт,Ковані вироби,Ковані елементи,Ковані кільця,,Ковані кільця,
8625,Будівництво та ремонт,Ковані вироби,Ковані елементи,Ковані кришки,,Ковані кришки,
8636,Будівництво та ремонт,Ковані вироби,Ковані елементи,Ковані кронштейни,,Ковані кронштейни,
8571,Будівництво та ремонт,Ковані вироби,Ковані елементи,Ковані кулі,,Ковані кулі,
8624,Будівництво та ремонт,Ковані вироби,Ковані елементи,Ковані перила,,Ковані перила,
8573,Будівництво та ремонт,Ковані вироби,Ковані елементи,Ковані піки,,Ковані піки,
8627,Будівництво та ремонт,Ковані вироби,Ковані елементи,Ковані розетки,,Ковані розетки,
4343,Будівництво та ремонт,Ковані вироби,Ковані елементи,Ковані стійки та балясини,,Ковані стійки та балясини,
8637,Будівництво та ремонт,Ковані вироби,Ковані меблі,,,Ковані меблі,
4353,Будівництво та ремонт,Ковані вироби,Ковані паркани,,,Ковані паркани,
8634,Будівництво та ремонт,Ковані вироби,Ковані решітки,,,Ковані решітки,
4355,Будівництво та ремонт,Ковані вироби,Ковані хвіртки,,,Ковані хвіртки,
3205,Будівництво та ремонт,Лакофарбові матеріали,Аерозольні фарби,,,Аерозольні фарби,
3203,Будівництво та ремонт,Лакофарбові матеріали,Колоранти,,,Колоранти,
3199,Будівництво та ремонт,Лакофарбові матеріали,Лаки,,,Лаки,
3206,Будівництво та ремонт,Лакофарбові матеріали,Просочення для дерева,,,Просочення для дерева,
3207,Будівництво та ремонт,Лакофарбові матеріали,Розчинники,,,Розчинники,
3200,Будівництво та ремонт,Лакофарбові матеріали,Фактурна штукатурка,,,Фактурна штукатурка,
3198,Будівництво та ремонт,Лакофарбові матеріали,Фарба,,,Фарба,
3325,Будівництво та ремонт,Лакофарбові матеріали,Шпаклівки по дереву,,,Шпаклівки по дереву,
8002,Будівництво та ремонт,Металопрокат,Алюмінієвий прокат,Алюмінієвий профіль,,Алюмінієвий профіль,
8770,Будівництво та ремонт,Металопрокат,Алюмінієвий прокат,Алюмінієві композитні панелі,,Алюмінієві композитні панелі,
8003,Будівництво та ремонт,Металопрокат,Алюмінієвий прокат,Куточок алюмінієвий,,Куточок алюмінієвий,
8000,Будівництво та ремонт,Металопрокат,Алюмінієвий прокат,Листи алюмінієві,,Листи алюмінієві,
8001,Будівництво та ремонт,Металопрокат,Алюмінієвий прокат,Труби алюмінієві,,Труби алюмінієві,
3757,Будівництво та ремонт,Металопрокат,Заглушки на труби,,,Заглушки на труби,
7931,Будівництво та ремонт,Металопрокат,Композитна арматура,,,Композитна арматура,
7972,Будівництво та ремонт,Металопрокат,Композитний профіль,,,Композитний профіль,
4329,Будівництво та ремонт,Металопрокат,Нержавіючий прокат,Листи нержавіючі,,Листи нержавіючі,
4327,Будівництво та ремонт,Металопрокат,Нержавіючий прокат,Нержавіюча труба,,Нержавіюча труба,
4326,Будівництво та ремонт,Металопрокат,Нержавіючий прокат,Нержавіючий куточок,,Нержавіючий куточок,
4328,Будівництво та ремонт,Металопрокат,Нержавіючий прокат,Нержавіючі профілі,,Нержавіючі профілі,
9202,Будівництво та ремонт,Металопрокат,Оцинкований металопрокат,,,Оцинкований металопрокат,
4321,Будівництво та ремонт,Металопрокат,Чорний металопрокат,Будівельна арматура,Арматура сталева,Арматура сталева,
8516,Будівництво та ремонт,Металопрокат,Чорний металопрокат,Будівельна арматура,Фіксатори арматури,Фіксатори арматури,
4318,Будівництво та ремонт,Металопрокат,Чорний металопрокат,Дріт в'язальний,,Дріт в'язальний,
4315,Будівництво та ремонт,Металопрокат,Чорний металопрокат,Квадрат металевий,,Квадрат металевий,
4316,Будівництво та ремонт,Металопрокат,Чорний металопрокат,Круг сталевий,,Круг сталевий,
4319,Будівництво та ремонт,Металопрокат,Чорний металопрокат,Куточок металевий,,Куточок металевий,
4317,Будівництво та ремонт,Металопрокат,Чорний металопрокат,Смуга сталева,,Смуга сталева,
4322,Будівництво та ремонт,Металопрокат,Чорний металопрокат,Сталь листова,,Сталь листова,
4324,Будівництво та ремонт,Металопрокат,Чорний металопрокат,Труби сталеві круглі,,Труби сталеві круглі,
4323,Будівництво та ремонт,Металопрокат,Чорний металопрокат,Труби сталеві профільні,,Труби сталеві профільні,
4320,Будівництво та ремонт,Металопрокат,Чорний металопрокат,Швелер,,Швелер,
8810,Будівництво та ремонт,Модульні будинки,,,,Модульні будинки,
4142,Будівництво та ремонт,Оздоблювальні матеріали,Блок-хаус,,,Блок-хаус,
4147,Будівництво та ремонт,Оздоблювальні матеріали,Декоративні балки,,,Декоративні балки,
4146,Будівництво та ремонт,Оздоблювальні матеріали,Ліпний декор,,,Ліпний декор,
8950,Будівництво та ремонт,Оздоблювальні матеріали,Натяжні стелі,Комплектуючі для натяжної стелі,,Комплектуючі для натяжної стелі,
8949,Будівництво та ремонт,Оздоблювальні матеріали,Натяжні стелі,Полотна для натяжної стелі,,Полотна для натяжної стелі,
8926,Будівництво та ремонт,Оздоблювальні матеріали,Натяжні стелі,Профіль для натяжних стель,,Профіль для натяжних стель,
4061,Будівництво та ремонт,Оздоблювальні матеріали,Підвісна стеля,Комплекти підвісної стелі,,Комплекти підвісної стелі,
4063,Будівництво та ремонт,Оздоблювальні матеріали,Підвісна стеля,Кріплення для підвісної стелі,,Кріплення для підвісної стелі,
4059,Будівництво та ремонт,Оздоблювальні матеріали,Підвісна стеля,Плити підвісної стелі,,Плити підвісної стелі,
4062,Будівництво та ремонт,Оздоблювальні матеріали,Підвісна стеля,Профіль для підвісної стелі,,Профіль для підвісної стелі,
4141,Будівництво та ремонт,Оздоблювальні матеріали,Пластикові куточки,,,Пластикові куточки,
9522,Будівництво та ремонт,Оздоблювальні матеріали,Розетки на стелю,,,Розетки на стелю,
4145,Будівництво та ремонт,Оздоблювальні матеріали,Плити на стелю,,,Плити на стелю,
4144,Будівництво та ремонт,Оздоблювальні матеріали,Стельові плінтуси та молдинги,,,Стельові плінтуси та молдинги,
9570,Будівництво та ремонт,Пластик,Конструкційні пластики,,,Конструкційні пластики,
2321,Будівництво та ремонт,Плитка,Декоративна плитка,,,Декоративна плитка,
2323,Будівництво та ремонт,Плитка,Плитка з натурального каменю,,,Плитка з натурального каменю,
4065,Будівництво та ремонт,Плитка,Склоблоки,,,Склоблоки,
2326,Будівництво та ремонт,Плитка,Фуга,,,Фуга,
5075,Будівництво та ремонт,Послуги з категорії «Будівництво та ремонт»,,,,Послуги з категорії «Будівництво та ремонт»,
5917,Будівництво та ремонт,Розумний дім,Безпека оселі,,,Безпека оселі,
384,Будівництво та ремонт,Розумний дім,Відеоспостереження IP,IP-реєстратори,,IP-реєстратори,
5926,Будівництво та ремонт,Розумний дім,Датчики руху,,,Датчики руху,
5922,Будівництво та ремонт,Розумний дім,Керування кліматом,,,Керування кліматом,
5919,Будівництво та ремонт,Розумний дім,Керування освітленням,,,Керування освітленням,
6389,Будівництво та ремонт,Розумний дім,Комплекти для розумного дому,,,Комплекти для розумного дому,
5921,Будівництво та ремонт,Розумний дім,Розумне освітлення,,,Розумне освітлення,
5923,Будівництво та ремонт,Розумний дім,Розумні розетки,,,Розумні розетки,
412,Будівництво та ремонт,Системи безпеки та відеоспостереження,Відеоспостереження,Аксесуари для відеоспостереження,,Аксесуари для відеоспостереження,
5939,Будівництво та ремонт,Системи безпеки та відеоспостереження,Відеоспостереження,Відеореєстратори для відеоспостереження,,Відеореєстратори для відеоспостереження,
3516,Будівництво та ремонт,Системи безпеки та відеоспостереження,Відеоспостереження,Камери відеоспостереження,,Камери відеоспостереження,
5934,Будівництво та ремонт,Системи безпеки та відеоспостереження,Відеоспостереження,Комплекти відеоспостереження,,Комплекти відеоспостереження,
3517,Будівництво та ремонт,Системи безпеки та відеоспостереження,Домофони,,,Домофони,
6595,Будівництво та ремонт,Системи безпеки та відеоспостереження,Охоронні і пожежні сигналізації,Датчики сигналізації,,Датчики сигналізації,
6807,Будівництво та ремонт,Системи безпеки та відеоспостереження,Охоронні і пожежні сигналізації,Комплекти сигналізації,,Комплекти сигналізації,
6381,Будівництво та ремонт,Системи безпеки та відеоспостереження,СКУД (Системи контролю доступу),Замки і засуви,,Замки і засуви,
6383,Будівництво та ремонт,Системи безпеки та відеоспостереження,СКУД (Системи контролю доступу),Захисні ролети,,Захисні ролети,
8245,Будівництво та ремонт,Системи безпеки та відеоспостереження,СКУД (Системи контролю доступу),Зчитувачі карток,,Зчитувачі карток,
8241,Будівництво та ремонт,Системи безпеки та відеоспостереження,СКУД (Системи контролю доступу),Комплектуючі для СККД,,Комплектуючі для СККД,
8956,Будівництво та ремонт,Системи безпеки та відеоспостереження,СКУД (Системи контролю доступу),NFC-мітки,,NFC-мітки,
4949,Будівництво та ремонт,Системи вентиляції. Кліматична техніка,Автоматика для вентиляції,,,Автоматика для вентиляції,
3540,Будівництво та ремонт,Системи вентиляції. Кліматична техніка,Вентиляційні решітки,,,Вентиляційні решітки,
3541,Будівництво та ремонт,Системи вентиляції. Кліматична техніка,Побутові витяжні вентилятори,,,Побутові витяжні вентилятори,
3539,Будівництво та ремонт,Системи вентиляції. Кліматична техніка,Повітропроводи та монтажні елементи,,,Повітропроводи та монтажні елементи,
4948,Будівництво та ремонт,Системи вентиляції. Кліматична техніка,Промислові вентилятори,,,Промислові вентилятори,
3544,Будівництво та ремонт,Системи вентиляції. Кліматична техніка,Рекуператори,,,Рекуператори,
4340,Будівництво та ремонт,Фурнітура для дверей,Вічка дверні,,,Вічка дверні,
4336,Будівництво та ремонт,Фурнітура для дверей,Дверні доводчики,,,Дверні доводчики,
4331,Будівництво та ремонт,Фурнітура для дверей,Дверні ручки,,,Дверні ручки,
6766,Будівництво та ремонт,Фурнітура для дверей,Замки,Аксесуари для замків,,Аксесуари для замків,
8149,Будівництво та ремонт,Фурнітура для дверей,Замки,Брелоки для ключів,,Брелоки для ключів,
4333,Будівництво та ремонт,Фурнітура для дверей,Замки,Замки дверні,,Замки дверні,
6728,Будівництво та ремонт,Фурнітура для дверей,Замки,Замки навісні,,Замки навісні,
8568,Будівництво та ремонт,Фурнітура для дверей,Замки,Накладки на замок,,Накладки на замок,
6313,Будівництво та ремонт,Фурнітура для дверей,Замки,Циліндри для замків,,Циліндри для замків,
6764,Будівництво та ремонт,Фурнітура для дверей,Зворотні планки для замків,,,Зворотні планки для замків,
4332,Будівництво та ремонт,Фурнітура для дверей,Комплекти дверної фурнітури,,,Комплекти дверної фурнітури,
4341,Будівництво та ремонт,Фурнітура для дверей,Номер на двері,,,Номер на двері,
4342,Будівництво та ремонт,Фурнітура для дверей,Оббивка дверей,,,Оббивка дверей,
4334,Будівництво та ремонт,Фурнітура для дверей,Петлі дверні,,,Петлі дверні,
4337,Будівництво та ремонт,Фурнітура для дверей,Розсувні системи для дверей,,,Розсувні системи для дверей,
4335,Будівництво та ремонт,Фурнітура для дверей,Стопори дверні,,,Стопори дверні,
4339,Будівництво та ремонт,Фурнітура для дверей,Ущільнювач для дверей та вікон,,,Ущільнювач для дверей та вікон,
4338,Будівництво та ремонт,Фурнітура для дверей,Шпінгалети та гачки на двері,,,Шпінгалети та гачки на двері,
3213,Будівництво та ремонт,Настінні покриття,Бамбукові шпалери,,,Бамбукові шпалери,
3209,Будівництво та ремонт,Настінні покриття,Декоративні наклейки,,,Декоративні наклейки,
3216,Будівництво та ремонт,Настінні покриття,Клей для шпалер,,,Клей для шпалер,
3214,Будівництво та ремонт,Настінні покриття,Коркові шпалери,,,Коркові шпалери,
5353,Будівництво та ремонт,Настінні покриття,Малярний флізелін та склошпалери,,,Малярний флізелін та склошпалери,
3212,Будівництво та ремонт,Настінні покриття,Рідкі шпалери,,,Рідкі шпалери,
3215,Будівництво та ремонт,Настінні покриття,Самоклейка плівка,,,Самоклейка плівка,
7291,Будівництво та ремонт,Настінні покриття,Стінові панелі,3D-панелі,,3D-панелі,
8668,Будівництво та ремонт,Настінні покриття,Стінові панелі,HPL-плита,,HPL-плита,
9536,Будівництво та ремонт,Настінні покриття,Стінові панелі,SPC-панелі,,SPC-панелі,
4140,Будівництво та ремонт,Настінні покриття,Стінові панелі,Вагонка,,Вагонка,
9388,Будівництво та ремонт,Настінні покриття,Стінові панелі,Відбійники для стін,,Відбійники для стін,
8373,Будівництво та ремонт,Настінні покриття,Стінові панелі,"М’які стінові панелі
",,"М’які стінові панелі
",
9418,Будівництво та ремонт,Настінні покриття,Стінові панелі,Панелі самоклеючі,,Панелі самоклеючі,
9072,Будівництво та ремонт,Настінні покриття,Стінові панелі,Рейкові панелі,,Рейкові панелі,
3210,Будівництво та ремонт,Настінні покриття,Фотошпалери,,,Фотошпалери,
3211,Будівництво та ремонт,Настінні покриття,Шпалери,,,Шпалери,
7664,"Дача, сад та город",Агроконтроль,Системи паралельного водіння,,,Системи паралельного водіння,
7665,"Дача, сад та город",Агроконтроль,GNSS-приймачі,,,GNSS-приймачі,
546,"Дача, сад та город",Біотуалети і біопрепарати,Біотуалети,,,Біотуалети,
545,"Дача, сад та город",Біотуалети і біопрепарати,"Засоби для вигрібних ям, біопрепарати",,,"Засоби для вигрібних ям, біопрепарати",
9534,"Дача, сад та город",Букети квітів,,,,Букети квітів,
7055,"Дача, сад та город",Все для басейну,Аксесуари для басейну,,,Аксесуари для басейну,
527,"Дача, сад та город",Все для басейну,Басейни,,,Басейни,
6720,"Дача, сад та город",Все для басейну,Насоси і картриджі для басейну,,,Насоси і картриджі для басейну,
6717,"Дача, сад та город",Все для басейну,Обладнання для басейну,,,Обладнання для басейну,
528,"Дача, сад та город",Все для басейну,Хімія для басейнів,,,Хімія для басейнів,
5951,"Дача, сад та город",Все для пляжу,Пляжні килимки,,,Пляжні килимки,
8413,"Дача, сад та город",Запчастини для сільськогосподарської техніки,,,,Запчастини для сільськогосподарської техніки,
7652,"Дача, сад та город",Захист від гризунів,Засоби від кротів,,,Засоби від кротів,
3815,"Дача, сад та город",Захист від гризунів,Засоби від мишей і щурів,,,Засоби від мишей і щурів,
7653,"Дача, сад та город",Захист від гризунів,Мишоловки,,,Мишоловки,
438,"Дача, сад та город",Ландшафтний дизайн,Бамбукові вироби,,,Бамбукові вироби,
426,"Дача, сад та город",Ландшафтний дизайн,Бордюри,,,Бордюри,
7169,"Дача, сад та город",Ландшафтний дизайн,Бордюрна стрічка,,,Бордюрна стрічка,
433,"Дача, сад та город",Ландшафтний дизайн,Вуличний декор стін і трафарети,,,Вуличний декор стін і трафарети,
424,"Дача, сад та город",Ландшафтний дизайн,Декоративний камінь,,,Декоративний камінь,
9296,"Дача, сад та город",Ландшафтний дизайн,Декоративні вироби з дерева для саду,,,Декоративні вироби з дерева для саду,
7365,"Дача, сад та город",Ландшафтний дизайн,Декоративні кришки для люків,,,Декоративні кришки для люків,
3834,"Дача, сад та город",Ландшафтний дизайн,Клумби,,,Клумби,
428,"Дача, сад та город",Ландшафтний дизайн,Мульча,,,Мульча,
7222,"Дача, сад та город",Ландшафтний дизайн,Насоси для фонтанів,,,Насоси для фонтанів,
5199,"Дача, сад та город",Ландшафтний дизайн,Огорожі для клумб,,,Огорожі для клумб,
3818,"Дача, сад та город",Ландшафтний дизайн,Садове покриття,,,Садове покриття,
7217,"Дача, сад та город",Ландшафтний дизайн,Садові ставки,Ємність для ставка,,Ємність для ставка,
7357,"Дача, сад та город",Ландшафтний дизайн,Садові ставки,Компресори для ставків,,Компресори для ставків,
7219,"Дача, сад та город",Ландшафтний дизайн,Садові ставки,Насоси для ставків,,Насоси для ставків,
7221,"Дача, сад та город",Ландшафтний дизайн,Садові ставки,Плівки для ставків,,Плівки для ставків,
7220,"Дача, сад та город",Ландшафтний дизайн,Садові ставки,Фільтри для ставків,,Фільтри для ставків,
7218,"Дача, сад та город",Ландшафтний дизайн,Садові ставки,Хімія для ставків,,Хімія для ставків,
430,"Дача, сад та город",Ландшафтний дизайн,Садові фігури,,,Садові фігури,
6049,"Дача, сад та город",Ландшафтний дизайн,Стабілізований мох,,,Стабілізований мох,
425,"Дача, сад та город",Ландшафтний дизайн,Тротуарна плитка,,,Тротуарна плитка,
435,"Дача, сад та город",Ландшафтний дизайн,Флюгери,,,Флюгери,
437,"Дача, сад та город",Ландшафтний дизайн,Фонтани,,,Фонтани,
8475,"Дача, сад та город",Ландшафтний дизайн,Форми для бетону,,,Форми для бетону,
6379,"Дача, сад та город",Ландшафтний дизайн,Форми для тротуарної плитки,,,Форми для тротуарної плитки,
533,"Дача, сад та город",Літній душ та рукомийники,,,,Літній душ та рукомийники,
3816,"Дача, сад та город",Меблі садові,Гамаки,,,Гамаки,
504,"Дача, сад та город",Меблі садові,Гойдалки,Садові гойдалки,,Садові гойдалки,
505,"Дача, сад та город",Меблі садові,Дивани садові,,,Дивани садові,
5347,"Дача, сад та город",Меблі садові,Комплекти садових меблів,,,Комплекти садових меблів,
7936,"Дача, сад та город",Меблі садові,Комплектуючі до садових меблів,,,Комплектуючі до садових меблів,
507,"Дача, сад та город",Меблі садові,Крісла-кокони,,,Крісла-кокони,
509,"Дача, сад та город",Меблі садові,Лавки садові та паркові,,,Лавки садові та паркові,
511,"Дача, сад та город",Меблі садові,Павільйони та намети,,,Павільйони та намети,
508,"Дача, сад та город",Меблі садові,Подушки й матраци для садових меблів,,,Подушки й матраци для садових меблів,
3754,"Дача, сад та город",Меблі садові,Розкладачки,,,Розкладачки,
506,"Дача, сад та город",Меблі садові,Садові та пляжні парасолі,,,Садові та пляжні парасолі,
9284,"Дача, сад та город",Меблі садові,Скрині садові,,,Скрині садові,
5346,"Дача, сад та город",Меблі садові,Стільці садові,,,Стільці садові,
5345,"Дача, сад та город",Меблі садові,Столи садові,,,Столи садові,
5444,"Дача, сад та город",Меблі садові,Тенти,,,Тенти,
510,"Дача, сад та город",Меблі садові,Шезлонги та лежаки,,,Шезлонги та лежаки,
419,"Дача, сад та город",Навіси та споруди для дому,Альтанки,,,Альтанки,
6378,"Дача, сад та город",Навіси та споруди для дому,Госпблоки та сараї,,,Госпблоки та сараї,
8675,"Дача, сад та город",Навіси та споруди для дому,Гроубокси,,,Гроубокси,
420,"Дача, сад та город",Навіси та споруди для дому,Козирки і навіси,,,Козирки і навіси,
8749,"Дача, сад та город",Навіси та споруди для дому,Перголи,,,Перголи,
417,"Дача, сад та город",Навіси та споруди для дому,Поштові скриньки,,,Поштові скриньки,
3977,"Дача, сад та город",Навіси та споруди для дому,Сітка Рабіца,,,Сітка Рабіца,
422,"Дача, сад та город",Навіси та споруди для дому,Теплиці,,,Теплиці,
6657,"Дача, сад та город",Полив та зрошення,Автоматичний полив,,,Автоматичний полив,
7673,"Дача, сад та город",Полив та зрошення,Електромагнітні клапани,,,Електромагнітні клапани,
445,"Дача, сад та город",Полив та зрошення,Ємності для води,,,Ємності для води,
443,"Дача, сад та город",Полив та зрошення,З'єднувачі для шланга,,,З'єднувачі для шланга,
6656,"Дача, сад та город",Полив та зрошення,Зрошувачі,,,Зрошувачі,
3831,"Дача, сад та город",Полив та зрошення,Котушки для шланга,,,Котушки для шланга,
441,"Дача, сад та город",Полив та зрошення,Крапельний полив і зрошення,,,Крапельний полив і зрошення,
444,"Дача, сад та город",Полив та зрошення,Насадки для поливу,,,Насадки для поливу,
1663,"Дача, сад та город",Полив та зрошення,Насоси,Занурювальні насоси,,Занурювальні насоси,
8766,"Дача, сад та город",Полив та зрошення,Насоси,Запчастини для насосів,,Запчастини для насосів,
1668,"Дача, сад та город",Полив та зрошення,Насоси,Мотопомпи,,Мотопомпи,
1662,"Дача, сад та город",Полив та зрошення,Насоси,Поверхневі насоси,,Поверхневі насоси,
6655,"Дача, сад та город",Полив та зрошення,Технічні шланги,,,Технічні шланги,
440,"Дача, сад та город",Полив та зрошення,Шланги для поливу,,,Шланги для поливу,
3826,"Дача, сад та город","Рослини, насіння та горщики",Агроволокно,,,Агроволокно,
8970,"Дача, сад та город","Рослини, насіння та горщики",Аксесуари для горщиків та кашпо,,,Аксесуари для горщиків та кашпо,
489,"Дача, сад та город","Рослини, насіння та горщики",Горщики і кашпо,,,Горщики і кашпо,
478,"Дача, сад та город","Рослини, насіння та горщики",Субстрати для рослин,,,Субстрати для рослин,
3827,"Дача, сад та город","Рослини, насіння та горщики",Добрива,,,Добрива,
7863,"Дача, сад та город","Рослини, насіння та горщики",Засоби захисту рослин,Гербіциди,,Гербіциди,
7865,"Дача, сад та город","Рослини, насіння та горщики",Засоби захисту рослин,Інсектициди,,Інсектициди,
8666,"Дача, сад та город","Рослини, насіння та горщики",Засоби захисту рослин,Корисні комахи,,Корисні комахи,
7866,"Дача, сад та город","Рослини, насіння та горщики",Засоби захисту рослин,Побілка для дерев,,Побілка для дерев,
7864,"Дача, сад та город","Рослини, насіння та горщики",Засоби захисту рослин,Фунгіциди,,Фунгіциди,
548,"Дача, сад та город","Рослини, насіння та горщики",Засоби захисту рослин,Боротьба з садовими шкідниками,,Боротьба з садовими шкідниками,
9198,"Дача, сад та город","Рослини, насіння та горщики",Засоби захисту рослин,Прилипачі,,Прилипачі,
8756,"Дача, сад та город","Рослини, насіння та горщики",Засоби захисту рослин,Протруйники,,Протруйники,
5174,"Дача, сад та город","Рослини, насіння та горщики",Квіти,Живі квіти,,Живі квіти,
5226,"Дача, сад та город","Рослини, насіння та горщики",Кімнатні рослини,Бонсай,,Бонсай,
5173,"Дача, сад та город","Рослини, насіння та горщики",Кімнатні рослини,Декоративно-квітучі,,Декоративно-квітучі,
5223,"Дача, сад та город","Рослини, насіння та горщики",Кімнатні рослини,Декоративно-листяні,,Декоративно-листяні,
8908,"Дача, сад та город","Рослини, насіння та горщики",Кімнатні рослини,Екзотичні кімнатні рослини,,Екзотичні кімнатні рослини,
5227,"Дача, сад та город","Рослини, насіння та горщики",Кімнатні рослини,Орхідеї,,Орхідеї,
5224,"Дача, сад та город","Рослини, насіння та горщики",Кімнатні рослини,Сукуленти,,Сукуленти,
8832,"Дача, сад та город","Рослини, насіння та горщики",Кімнатні рослини,Флораріуми,,Флораріуми,
5225,"Дача, сад та город","Рослини, насіння та горщики",Кімнатні рослини,Цитрусові рослини,,Цитрусові рослини,
9130,"Дача, сад та город","Рослини, насіння та горщики",Кріплення для агроволокна,,,Кріплення для агроволокна,
484,"Дача, сад та город","Рослини, насіння та горщики",Насіння для газону,,,Насіння для газону,
7295,"Дача, сад та город","Рослини, насіння та горщики",Насіння для розсади,Міцелій грибів,,Міцелій грибів,
9292,"Дача, сад та город","Рослини, насіння та горщики",Насіння для розсади,Насіння агротехнічних культур,,Насіння агротехнічних культур,
8781,"Дача, сад та город","Рослини, насіння та горщики",Насіння для розсади,Насіння декоративних рослин,,Насіння декоративних рослин,
5290,"Дача, сад та город","Рослини, насіння та горщики",Насіння для розсади,Насіння квітів,,Насіння квітів,
5289,"Дача, сад та город","Рослини, насіння та горщики",Насіння для розсади,Насіння овочів,,Насіння овочів,
5291,"Дача, сад та город","Рослини, насіння та горщики",Насіння для розсади,Насіння пряних та зелених культур,,Насіння пряних та зелених культур,
5292,"Дача, сад та город","Рослини, насіння та горщики",Насіння для розсади,Насіння ягід,,Насіння ягід,
487,"Дача, сад та город","Рослини, насіння та горщики",Опори для рослин,,,Опори для рослин,
481,"Дача, сад та город","Рослини, насіння та горщики",Підставки для квітів,,,Підставки для квітів,
3718,"Дача, сад та город","Рослини, насіння та горщики",Плівка для теплиць,,,Плівка для теплиць,
477,"Дача, сад та город","Рослини, насіння та горщики",Рослини вуличні,,,Рослини вуличні,
8651,"Дача, сад та город","Рослини, насіння та горщики",Саджанці,,,Рослини вуличні,
488,"Дача, сад та город","Рослини, насіння та горщики",Сітки захисні,,,Сітки захисні,
7908,"Дача, сад та город","Рослини, насіння та горщики",Товари для розсади,Аксесуари для розсади,,Аксесуари для розсади,
3777,"Дача, сад та город","Рослини, насіння та горщики",Товари для розсади,Горщики для розсади,,Горщики для розсади,
4972,"Дача, сад та город","Рослини, насіння та горщики",Товари для розсади,Касети для розсади,,Касети для розсади,
5110,"Дача, сад та город","Рослини, насіння та горщики",Товари для розсади,Таблетки для розсади,,Таблетки для розсади,
5158,"Дача, сад та город","Рослини, насіння та горщики",Цибулини квітів,,,Цибулини квітів,
8712,"Дача, сад та город","Рослини, насіння та горщики",Ялинки живі,,,Ялинки живі,
455,"Дача, сад та город",Садова техніка,Аератори,,,Аератори,
451,"Дача, сад та город",Садова техніка,Газонокосарки,,,Газонокосарки,
456,"Дача, сад та город",Садова техніка,Дровоколи,,,Дровоколи,
6667,"Дача, сад та город",Садова техніка,Комплектуючі для садової техніки,Акумулятори і зарядні пристрої для садової техніки,,Акумулятори і зарядні пристрої для садової техніки,
6646,"Дача, сад та город",Садова техніка,Комплектуючі для садової техніки,Ганчір'я,,Ганчір'я,
6668,"Дача, сад та город",Садова техніка,Комплектуючі для садової техніки,Комплектуючі для газонокосарок,,Комплектуючі для газонокосарок,
6460,"Дача, сад та город",Садова техніка,Комплектуючі для садової техніки,Комплектуючі для мотокіс і тримерів,,Комплектуючі для мотокіс і тримерів,
6457,"Дача, сад та город",Садова техніка,Комплектуючі для садової техніки,Комплектуючі для пил ланцюгових,,Комплектуючі для пил ланцюгових,
6456,"Дача, сад та город",Садова техніка,Комплектуючі для садової техніки,Мастило для садової техніки,,Мастило для садової техніки,
461,"Дача, сад та город",Садова техніка,Комплектуючі для садової техніки,Навісне обладнання для мотоблоків,,Навісне обладнання для мотоблоків,
5379,"Дача, сад та город",Садова техніка,Кормоподрібнювачі,,,Кормоподрібнювачі,
458,"Дача, сад та город",Садова техніка,Культиватори,,,Культиватори,
454,"Дача, сад та город",Садова техніка,Кущорізи,,,Кущорізи,
452,"Дача, сад та город",Садова техніка,Ланцюгові пили,Бензопили,,Бензопили,
6832,"Дача, сад та город",Садова техніка,Ланцюгові пили,Висоторізи,,Висоторізи,
6829,"Дача, сад та город",Садова техніка,Ланцюгові пили,Електропили,,Електропили,
459,"Дача, сад та город",Садова техніка,Міні-трактори,,,Міні-трактори,
6809,"Дача, сад та город",Садова техніка,Мотоблоки,,,Мотоблоки,
3819,"Дача, сад та город",Садова техніка,Мотокоси і тримери садові,,,Мотокоси і тримери садові,
453,"Дача, сад та город",Садова техніка,Пилососи садові,,,Пилососи садові,
457,"Дача, сад та город",Садова техніка,Подрібнювачі садові,,,Подрібнювачі садові,
463,"Дача, сад та город",Садова техніка,Прибиральні машини,,,Прибиральні машини,
465,"Дача, сад та город",Садова техніка,Сівалки ручні,,,Сівалки ручні,
466,"Дача, сад та город",Садова техніка,Сінокосарки,,,Сінокосарки,
462,"Дача, сад та город",Садова техніка,Снігоприбиральна техніка,,,Снігоприбиральна техніка,
3829,"Дача, сад та город",Садовий інвентар,Бури та корчувачі,,,Бури та корчувачі,
470,"Дача, сад та город",Садовий інвентар,Вила,,,Вила,
3824,"Дача, сад та город",Садовий інвентар,Віники та мітли,,,Віники та мітли,
6311,"Дача, сад та город",Садовий інвентар,Гілкорізи,,,Гілкорізи,
7680,"Дача, сад та город",Садовий інвентар,Господарські візки,,,Господарські візки,
3821,"Дача, сад та город",Садовий інвентар,Граблі,,,Граблі,
8271,"Дача, сад та город",Садовий інвентар,Інвентар для прибирання снігу,Льодоруби,,Льодоруби,
8269,"Дача, сад та город",Садовий інвентар,Інвентар для прибирання снігу,Протиожеледні реагенти,,Протиожеледні реагенти,
8830,"Дача, сад та город",Садовий інвентар,Колеса для тачок,,,Колеса для тачок,
8831,"Дача, сад та город",Садовий інвентар,Комплектуючі для обприскувачів,,,Комплектуючі для обприскувачів,
3820,"Дача, сад та город",Садовий інвентар,Компостери,,,Компостери,
468,"Дача, сад та город",Садовий інвентар,Контейнери для сміття,,,Контейнери для сміття,
3838,"Дача, сад та город",Садовий інвентар,Коси та серпи,,,Коси та серпи,
442,"Дача, сад та город",Садовий інвентар,Лійки,,,Лійки,
471,"Дача, сад та город",Садовий інвентар,Лопати,,,Лопати,
7995,"Дача, сад та город",Садовий інвентар,Льодоступи,,,Льодоступи,
6377,"Дача, сад та город",Садовий інвентар,Ножиці садові,,,Ножиці садові,
449,"Дача, сад та город",Садовий інвентар,Обприскувачі,,,Обприскувачі,
3830,"Дача, сад та город",Садовий інвентар,Ручний інструмент для саду,,,Ручний інструмент для саду,
474,"Дача, сад та город",Садовий інвентар,Садові пили,,,Садові пили,
3833,"Дача, сад та город",Садовий інвентар,Сапки,,,Сапки,
472,"Дача, сад та город",Садовий інвентар,Секатори,,,Секатори,
3822,"Дача, сад та город",Садовий інвентар,Совки для сміття,,,Совки для сміття,
473,"Дача, сад та город",Садовий інвентар,Сокири та колуни,,,Сокири та колуни,
8473,"Дача, сад та город",Садовий інвентар,Степлери для підв'язки рослин,,,Степлери для підв'язки рослин,
469,"Дача, сад та город",Садовий інвентар,Тачки,,,Тачки,
3825,"Дача, сад та город",Садовий інвентар,Держаки для садового інструменту,,,Держаки для садового інструменту,
3823,"Дача, сад та город",Садовий інвентар,Ящики та сітки для зберігання,,,Ящики та сітки для зберігання,
9242,"Дача, сад та город",Садовий інвентар,Підв'язки для рослин,,,Підв'язки для рослин,
534,"Дача, сад та город",Товари для лазні,Аксесуари для лазні,,,Аксесуари для лазні,
8864,"Дача, сад та город",Товари для лазні,Готові сауни,,,Готові сауни,
530,"Дача, сад та город",Товари для лазні,Купелі для саун і лазень,,,Купелі для саун і лазень,
531,"Дача, сад та город",Товари для лазні,Меблі для лазні,,,Меблі для лазні,
529,"Дача, сад та город",Товари для лазні,Печі для лазні,,,Печі для лазні,
515,"Дача, сад та город",Товари для пікніка,Аксесуари для гриля,,,Аксесуари для гриля,
7289,"Дача, сад та город",Товари для пікніка,Акумулятори холоду,,,Акумулятори холоду,
9160,"Дача, сад та город",Товари для пікніка,Афганські казани,,,Афганські казани,
9158,"Дача, сад та город",Товари для пікніка,Вуличні кухні,,,Вуличні кухні,
514,"Дача, сад та город",Товари для пікніка,Грилі,,,Грилі,
8638,"Дача, сад та город",Товари для пікніка,Дрова,,,Дрова,
516,"Дача, сад та город",Товари для пікніка,Коптильні,,,Коптильні,
519,"Дача, сад та город",Товари для пікніка,Мангали,,,Мангали,
523,"Дача, сад та город",Товари для пікніка,Набори для пікніка,,,Набори для пікніка,
518,"Дача, сад та город",Товари для пікніка,Паливо для пікніка,,,Паливо для пікніка,
520,"Дача, сад та город",Товари для пікніка,Решітки для гриля,,,Решітки для гриля,
9422,"Дача, сад та город",Товари для пікніка,Садж для шашлику,,,Садж для шашлику,
7227,"Дача, сад та город",Товари для пікніка,Сірники,,,Сірники,
8629,"Дача, сад та город",Товари для пікніка,Сковорода з диска борони,,,Сковорода з диска борони,
524,"Дача, сад та город",Товари для пікніка,Сумки-холодильники,,,Сумки-холодильники,
7290,"Дача, сад та город",Товари для пікніка,Тондири,,,Тондири,
8796,"Дача, сад та город",Товари для пікніка,Тріска для копчення,,,Тріска для копчення,
522,"Дача, сад та город",Товари для пікніка,Шампури,,,Шампури,
8803,"Дача, сад та город",Товари для фермерських господарств,Тваринництво,Доїльне обладнання,,Доїльне обладнання,
9180,"Дача, сад та город",Товари для фермерських господарств,Тваринництво,Засоби дезінфекції в сільському господарстві,,Засоби дезінфекції в сільському господарстві,
8780,"Дача, сад та город",Товари для фермерських господарств,Тваринництво,Обігрів тварин,,Обігрів тварин,
7656,"Дача, сад та город",Усе для бджільництва,Вулики,,,Вулики,
7657,"Дача, сад та город",Усе для бджільництва,Комплектуючі для вуликів,,,Комплектуючі для вуликів,
7658,"Дача, сад та город",Усе для бджільництва,Медогонки,,,Медогонки,
4116,Дитячі товари,Активний відпочинок для дітей,Дитячі гірки,,,Дитячі гірки,
4117,Дитячі товари,Активний відпочинок для дітей,Дитячі гойдалки,,,Дитячі гойдалки,
4865,Дитячі товари,Активний відпочинок для дітей,Дитячі ігрові комплекси,,,Дитячі ігрові комплекси,
1540,Дитячі товари,Активний відпочинок для дітей,Дитячі майданчики,,,Дитячі майданчики,
4866,Дитячі товари,Активний відпочинок для дітей,Дитячі намети та тунелі,,,Дитячі намети та тунелі,
4869,Дитячі товари,Активний відпочинок для дітей,Дитячі пісочниці,,,Дитячі пісочниці,
9080,Дитячі товари,Активний відпочинок для дітей,Дитячі сухі басейни,,,Дитячі сухі басейни,
8692,Дитячі товари,Активний відпочинок для дітей,Інклюзивні дитячі майданчики,,,Інклюзивні дитячі майданчики,
9078,Дитячі товари,Активний відпочинок для дітей,Кульки для сухих басейнів,,,Кульки для сухих басейнів,
9492,Дитячі товари,Активний відпочинок для дітей,Мильні бульбашки,,,Мильні бульбашки,
8986,Дитячі товари,Все для годування дитини,Дитячий посуд для годування,,,Дитячий посуд для годування,
884,Дитячі товари,Все для годування дитини,Йоржики для пляшок,,,Йоржики для пляшок,
886,Дитячі товари,Все для годування дитини,Молоковідсмоктувачі,,,Молоковідсмоктувачі,
750,Дитячі товари,Все для годування дитини,Ніблери,,,Ніблери,
883,Дитячі товари,Все для годування дитини,Підігрівачі та стерилізатори,,,Підігрівачі та стерилізатори,
746,Дитячі товари,Все для годування дитини,Пляшечки для годування,,,Пляшечки для годування,
747,Дитячі товари,Все для годування дитини,Поїльники,,,Поїльники,
4817,Дитячі товари,Все для годування дитини,Прорізувачі,,,Прорізувачі,
748,Дитячі товари,Все для годування дитини,Пустушки,,,Пустушки,
752,Дитячі товари,Все для годування дитини,Соски,,,Соски,
745,Дитячі товари,Все для годування дитини,Стільчики для годування,,,Стільчики для годування,
898,Дитячі товари,Все для купання дитини,Гірки та сидіння для купання,,,Гірки та сидіння для купання,
897,Дитячі товари,Все для купання дитини,Дитячі ванночки,,,Дитячі ванночки,
900,Дитячі товари,Все для купання дитини,Дитячі мочалки та губки,,,Дитячі мочалки та губки,
899,Дитячі товари,Все для купання дитини,Дитячі термометри для води,,,Дитячі термометри для води,
893,Дитячі товари,Дитяча безпека,,,,Дитяча безпека,
868,Дитячі товари,Дитяча кімната,Дитячі ліжечка,,,Дитячі ліжечка,
873,Дитячі товари,Дитяча кімната,Дитячі меблі,,,Дитячі меблі,
872,Дитячі товари,Дитяча кімната,Дитячі шезлонги,,,Дитячі шезлонги,
9348,Дитячі товари,Дитяча кімната,Кокони для немовлят,,,Кокони для немовлят,
871,Дитячі товари,Дитяча кімната,Манежі,,,Манежі,
874,Дитячі товари,Дитяча кімната,Мобілі,,,Мобілі,
758,Дитячі товари,Дитяча кімната,Меблі для сповивання,,,Меблі для сповивання,
9300,Дитячі товари,Дитяча кімната,Матраци для сповивання,,,Матраци для сповивання,
9346,Дитячі товари,Дитяча кімната,Позиціонери для немовлят,,,Позиціонери для немовлят,
904,Дитячі товари,Дитяча кімната,Постільна білизна дитяча,Бортики в ліжечко,,Бортики в ліжечко,
6645,Дитячі товари,Дитяча кімната,Постільна білизна дитяча,Ковдри дитячі,,Ковдри дитячі,
6558,Дитячі товари,Дитяча кімната,Постільна білизна дитяча,Комплекти постільної білизни дитячі,,Комплекти постільної білизни дитячі,
6545,Дитячі товари,Дитяча кімната,Постільна білизна дитяча,Наволочки дитячі,,Наволочки дитячі,
6577,Дитячі товари,Дитяча кімната,Постільна білизна дитяча,Наматрацники дитячі,,Наматрацники дитячі,
244,Дитячі товари,Дитяча кімната,Постільна білизна дитяча,Підковдри дитячі,,Підковдри дитячі,
4112,Дитячі товари,Дитяча кімната,Постільна білизна дитяча,Пледи і покривала дитячі,,Пледи і покривала дитячі,
4870,Дитячі товари,Дитяча кімната,Постільна білизна дитяча,Подушки дитячі,,Подушки дитячі,
6631,Дитячі товари,Дитяча кімната,Постільна білизна дитяча,Простирадла дитячі,,Простирадла дитячі,
889,Дитячі товари,Дитяча кімната,Радіоняні та відеоняні,,,Радіоняні та відеоняні,
2409,Дитячі товари,Дитяча кімната,Розвиваючі килимки,,,Розвиваючі килимки,
9298,Дитячі товари,Дитяча кімната,Ростоміри дитячі,,,Ростоміри дитячі,
758,Дитячі товари,Дитяча кімната,Сповивальні столики,,,Сповивальні столики,
8349,Дитячі товари,Дитяча кімната,Термокилимки для дітей,,,Термокилимки для дітей,
8403,Дитячі товари,Дитяча кімната,Фурнітура для дитячих ліжечок,,,Фурнітура для дитячих ліжечок,
869,Дитячі товари,Дитяча кімната,Ходунки,,,Ходунки,
925,Дитячі товари,Дитяча кімната,Ящики та кошики для іграшок,,,Ящики та кошики для іграшок,
6347,Дитячі товари,Дитяча творчість,3D-ручки,,,3D-ручки,
859,Дитячі товари,Дитяча творчість,Дитяча аплікація,,,Дитяча аплікація,
860,Дитячі товари,Дитяча творчість,Дитяча мозаїка,,,Дитяча мозаїка,
863,Дитячі товари,Дитяча творчість,Дитяче вишивання,,,Дитяче вишивання,
858,Дитячі товари,Дитяча творчість,Дитяче ліплення,,,Дитяче ліплення,
857,Дитячі товари,Дитяча творчість,Дитяче малювання,,,Дитяче малювання,
856,Дитячі товари,Дитяча творчість,Дитяче миловаріння,,,Дитяче миловаріння,
864,Дитячі товари,Дитяча творчість,Дитяче оригамі,,,Дитяче оригамі,
862,Дитячі товари,Дитяча творчість,Дитяче рукоділля,,,Дитяче рукоділля,
2436,Дитячі товари,Дитяча творчість,Дитячі наклейки та тату,,,Дитячі наклейки та тату,
6348,Дитячі товари,Дитяча творчість,Робототехніка,,,Робототехніка,
8717,Дитячі товари,Дитяча творчість,Розмальовки,,,Розмальовки,
743,Дитячі товари,Дитяче харчування,Дитяча вода,,,Дитяча вода,
736,Дитячі товари,Дитяче харчування,Дитяче пюре,,,Дитяче пюре,
742,Дитячі товари,Дитяче харчування,Дитячі каші,,,Дитячі каші,
739,Дитячі товари,Дитяче харчування,Дитячі снеки,,,Дитячі снеки,
737,Дитячі товари,Дитяче харчування,Дитячі соки та напої,,,Дитячі соки та напої,
733,Дитячі товари,Дитяче харчування,Дитячі суміші,,,Дитячі суміші,
738,Дитячі товари,Дитяче харчування,Дитячі чаї,,,Дитячі чаї,
755,Дитячі товари,Дитячий догляд та гігієна,Аспіратори назальні,,,Аспіратори назальні,
756,Дитячі товари,Дитячий догляд та гігієна,Горщики та накладки на унітаз,,,Горщики та накладки на унітаз,
761,Дитячі товари,Дитячий догляд та гігієна,Дитяча косметика,,,Дитяча косметика,
902,Дитячі товари,Дитячий догляд та гігієна,Дитячі засоби для купання,,,Дитячі засоби для купання,
759,Дитячі товари,Дитячий догляд та гігієна,Догляд за дитячою шкірою,,,Догляд за дитячою шкірою,
762,Дитячі товари,Дитячий догляд та гігієна,Манікюрні набори та гребінці для дітей,,,Манікюрні набори та гребінці для дітей,
853,Дитячі товари,Дитячий транспорт,Біговели,,,Біговели,
4991,Дитячі товари,Дитячий транспорт,Дитячі велосипеди,,,Дитячі велосипеди,
854,Дитячі товари,Дитячий транспорт,Дитячі електромобілі,,,Дитячі електромобілі,
4917,Дитячі товари,Дитячий транспорт,"Дитячі каталки, гойдалки",,,"Дитячі каталки, гойдалки",
8823,Дитячі товари,Дитячий транспорт,Запчастини для самокатів,,,Запчастини для самокатів,
8477,Дитячі товари,Дитячий транспорт,Запчастини для скейтбордів,,,Запчастини для скейтбордів,
8273,Дитячі товари,Дитячий транспорт,Конверти в санчата,,,Конверти в санчата,
1437,Дитячі товари,Дитячий транспорт,Самокати,,,Самокати,
5048,Дитячі товари,Дитячий транспорт,Санки,,,Санки,
783,Дитячі товари,Дитячі іграшки,Аксесуари для ляльок і пупсів,,,Аксесуари для ляльок і пупсів,
8095,Дитячі товари,Дитячі іграшки,Акумулятори для радіокерованих моделей,,,Акумулятори для радіокерованих моделей,
765,Дитячі товари,Дитячі іграшки,Дерев'яні іграшки,,,Дерев'яні іграшки,
4868,Дитячі товари,Дитячі іграшки,Дитяча залізниця,,,Дитяча залізниця,
766,Дитячі товари,Дитячі іграшки,Дитяча зброя,,,Дитяча зброя,
777,Дитячі товари,Дитячі іграшки,Дитячі ігрові набори,,,Дитячі ігрові набори,
779,Дитячі товари,Дитячі іграшки,Дитячі ігрові фігурки,,,Дитячі ігрові фігурки,
6874,Дитячі товари,Дитячі іграшки,Дитячі м'ячі,,,Дитячі м'ячі,
774,Дитячі товари,Дитячі іграшки,Дитячі музичні інструменти,,,Дитячі музичні інструменти,
861,Дитячі товари,Дитячі іграшки,Досліди та експерименти,,,Досліди та експерименти,
780,Дитячі товари,Дитячі іграшки,Електронні іграшки,,,Електронні іграшки,
785,Дитячі товари,Дитячі іграшки,Збірні моделі,,,Збірні моделі,
768,Дитячі товари,Дитячі іграшки,Іграшки для малюків,,,Іграшки для малюків,
6403,Дитячі товари,Дитячі іграшки,Іграшки для пісочниці та пляжу,,,Іграшки для пісочниці та пляжу,
778,Дитячі товари,Дитячі іграшки,Іграшкові машинки та техніка,,,Іграшкові машинки та техніка,
771,Дитячі товари,Дитячі іграшки,Інтерактивні іграшки,,,Інтерактивні іграшки,
9134,Дитячі товари,Дитячі іграшки,Коляски для ляльки,,,Коляски для ляльки,
772,Дитячі товари,Дитячі іграшки,Конструктори,,,Конструктори,
6781,Дитячі товари,Дитячі іграшки,Конструктори LEGO,,,Конструктори LEGO,
773,Дитячі товари,Дитячі іграшки,Ляльки,,,Ляльки,
775,Дитячі товари,Дитячі іграшки,М'які іграшки,,,М'які іграшки,
782,Дитячі товари,Дитячі іграшки,Масштабні моделі,,,Масштабні моделі,
776,Дитячі товари,Дитячі іграшки,Пазли,,,Пазли,
7140,Дитячі товари,Дитячі іграшки,Патрони до дитячої зброї,,,Патрони до дитячої зброї,
781,Дитячі товари,Дитячі іграшки,Пупси,,,Пупси,
784,Дитячі товари,Дитячі іграшки,Радіокеровані іграшки,,,Радіокеровані іграшки,
6510,Дитячі товари,Дитячі іграшки,Спінери,,,Спінери,
9234,Дитячі товари,Дитячі іграшки,Запчастини для радіокерованих моделей,,,Запчастини для радіокерованих моделей,
843,Дитячі товари,Прогулянки та поїздки,Автокрісла,,,Автокрісла,
847,Дитячі товари,Прогулянки та поїздки,Аксесуари для колясок та автокрісел,,,Аксесуари для колясок та автокрісел,
846,Дитячі товари,Прогулянки та поїздки,Коляски,,,Коляски,
878,Дитячі товари,Прогулянки та поїздки,Слінги та рюкзаки-кенгуру,,,Слінги та рюкзаки-кенгуру,
880,Дитячі товари,Товари для вагітних і годуючих,Одяг для вагітних,Білизна для вагітних і годуючих,Бандажі для вагітних,Бандажі для вагітних,
6705,Дитячі товари,Товари для вагітних і годуючих,Одяг для вагітних,Білизна для вагітних і годуючих,"Бюстгальтери для годування
","Бюстгальтери для годування
",
6400,Дитячі товари,Товари для вагітних і годуючих,Одяг для вагітних,Білизна для вагітних і годуючих,Топи для вагітних,Топи для вагітних,
6597,Дитячі товари,Товари для вагітних і годуючих,Одяг для вагітних,Білизна для вагітних і годуючих,Трусики для вагітних,Трусики для вагітних,
6632,Дитячі товари,Товари для вагітних і годуючих,Одяг для вагітних,Піжами для вагітних,,Піжами для вагітних,
6592,Дитячі товари,Товари для вагітних і годуючих,Одяг для вагітних,Халати для вагітних,,Халати для вагітних,
1384,Дитячі товари,Товари для вагітних і годуючих,Товари для пологового будинку,,,Товари для пологового будинку,
9356,Дитячі товари,Товари для немовлят,Все для хрещення,Аксесуари для хрещення,,Аксесуари для хрещення,
9354,Дитячі товари,Товари для немовлят,Все для хрещення,Крижмо,,Крижмо,
9338,Дитячі товари,Товари для немовлят,Подарунки для новонароджених,,,Подарунки для новонароджених,
4856,Дім та інтер'єр,Господарські товари,Вологопоглиначі,,,Вологопоглиначі,
4575,Дім та інтер'єр,Господарські товари,Господарські сумки,,,Господарські сумки,
4979,Дім та інтер'єр,Господарські товари,Клейонка на стіл,,,Клейонка на стіл,
3122,Дім та інтер'єр,Господарські товари,Одноразовий посуд,,,Одноразовий посуд,
3123,Дім та інтер'єр,Господарські товари,Паперові рушники,,,Паперові рушники,
4609,Дім та інтер'єр,Господарські товари,Поліетиленові пакети,,,Поліетиленові пакети,
3124,Дім та інтер'єр,Господарські товари,Серветки,Серветки столові,,Серветки столові,
3125,Дім та інтер'єр,Господарські товари,Туалетний папір,,,Туалетний папір,
5125,Дім та інтер'єр,Господарські товари,Харчова упаковка,Зубочистки,,Зубочистки,
5124,Дім та інтер'єр,Господарські товари,Харчова упаковка,Контейнери з фольги,,Контейнери з фольги,
5115,Дім та інтер'єр,Господарські товари,Харчова упаковка,Пергамент для випічки,,Пергамент для випічки,
5123,Дім та інтер'єр,Господарські товари,Харчова упаковка,Рукав для запікання,,Рукав для запікання,
5121,Дім та інтер'єр,Господарські товари,Харчова упаковка,Харчова плівка,,Харчова плівка,
5091,Дім та інтер'єр,Господарські товари,Харчова упаковка,Харчова фольга,,Харчова фольга,
5136,Дім та інтер'єр,Господарські товари,Харчова упаковка,Харчові пакети,,Харчові пакети,
3126,Дім та інтер'єр,Господарські товари,Хусточки паперові,,,Хусточки паперові,
6685,Дім та інтер'єр,Декор для дому,Ароматичні засоби,Аксесуари для аромаламп і пахощів,,Аксесуари для аромаламп і пахощів,
1360,Дім та інтер'єр,Декор для дому,Ароматичні засоби,Аромадифузори,,Аромадифузори,
1354,Дім та інтер'єр,Декор для дому,Ароматичні засоби,Аромалампи,,Аромалампи,
1341,Дім та інтер'єр,Декор для дому,Ароматичні засоби,Аромаолії,,Аромаолії,
1346,Дім та інтер'єр,Декор для дому,Ароматичні засоби,Аромапалички,,Аромапалички,
1369,Дім та інтер'єр,Декор для дому,Ароматичні засоби,Аромасвічки,,Аромасвічки,
1342,Дім та інтер'єр,Декор для дому,Ароматичні засоби,Ароматичні саше,,Ароматичні саше,
6792,Дім та інтер'єр,Декор для дому,Ароматичні засоби,Наповнювачі для аромадифузорів,,Наповнювачі для аромадифузорів,
1691,Дім та інтер'єр,Декор для дому,Вази,,,Вази,
1779,Дім та інтер'єр,Декор для дому,Годинники,Годинники настільні,,Годинники настільні,
1778,Дім та інтер'єр,Декор для дому,Годинники,Годинники настінні,,Годинники настінні,
5171,Дім та інтер'єр,Декор для дому,Годинники,Наручні годинники,,Наручні годинники,
6451,Дім та інтер'єр,Декор для дому,Годинники,Проєкційні годинники,,Проєкційні годинники,
6366,Дім та інтер'єр,Декор для дому,Годинники,Ремінці для годинників,,Ремінці для годинників,
1747,Дім та інтер'єр,Декор для дому,Декор настінний,,,Декор настінний,
1696,Дім та інтер'єр,Декор для дому,"Декоративні елементи, фрукти і овочі",,,"Декоративні елементи, фрукти і овочі",
1738,Дім та інтер'єр,Декор для дому,Декоративні меблі,,,Декоративні меблі,
6554,Дім та інтер'єр,Декор для дому,Дерева щастя,,,Дерева щастя,
1705,Дім та інтер'єр,Декор для дому,Ікони,,,Ікони,
1679,Дім та інтер'єр,Декор для дому,Картини,,,Картини,
1695,Дім та інтер'єр,Декор для дому,Декоративні кошики,,,Декоративні кошики,
1709,Дім та інтер'єр,Декор для дому,Ключниці настінні,,,Ключниці настінні,
5451,Дім та інтер'єр,Декор для дому,Косметичні аксесуари,,,Косметичні аксесуари,
6382,Дім та інтер'єр,Декор для дому,Кріплення для картин,,,Кріплення для картин,
1717,Дім та інтер'єр,Декор для дому,Ляльки інтер'єрні,,,Ляльки інтер'єрні,
6448,Дім та інтер'єр,Декор для дому,Мудборди,,,Мудборди,
1736,Дім та інтер'єр,Декор для дому,Підсвічники,,,Підсвічники,
8131,Дім та інтер'єр,Декор для дому,Підставки для прикрас,,,Підставки для прикрас,
8686,Дім та інтер'єр,Декор для дому,Подарунки і сувеніри,Аксесуари для колекціонерів,,Аксесуари для колекціонерів,
6806,Дім та інтер'єр,Декор для дому,Подарунки і сувеніри,Баночки із записками,,Баночки із записками,
2447,Дім та інтер'єр,Декор для дому,Подарунки і сувеніри,Віяла,,Віяла,
8195,Дім та інтер'єр,Декор для дому,Подарунки і сувеніри,Все для упаковки подарунків,Наповнювачі для коробок,Наповнювачі для коробок,
2478,Дім та інтер'єр,Декор для дому,Подарунки і сувеніри,Все для упаковки подарунків,Подарунковий папір,Подарунковий папір,
2479,Дім та інтер'єр,Декор для дому,Подарунки і сувеніри,Все для упаковки подарунків,Подарункові коробки,Подарункові коробки,
2474,Дім та інтер'єр,Декор для дому,Подарунки і сувеніри,Все для упаковки подарунків,Подарункові пакети,Подарункові пакети,
2483,Дім та інтер'єр,Декор для дому,Подарунки і сувеніри,Все для упаковки подарунків,Стрічки для упаковки,Стрічки для упаковки,
6469,Дім та інтер'єр,Декор для дому,Подарунки і сувеніри,Головоломки,,Головоломки,
7288,Дім та інтер'єр,Декор для дому,Подарунки і сувеніри,Іграшки антистрес,,Іграшки антистрес,
2485,Дім та інтер'єр,Декор для дому,Подарунки і сувеніри,Ігрові набори,,Ігрові набори,
2448,Дім та інтер'єр,Декор для дому,Подарунки і сувеніри,Карти таро,,Карти таро,
6330,Дім та інтер'єр,Декор для дому,Подарунки і сувеніри,Книги побажань,,Книги побажань,
8713,Дім та інтер'єр,Декор для дому,Подарунки і сувеніри,Колекційні банкноти,,Колекційні банкноти,
8309,Дім та інтер'єр,Декор для дому,Подарунки і сувеніри,Колекційні монети,,Колекційні монети,
6641,Дім та інтер'єр,Декор для дому,Подарунки і сувеніри,Листівки та конверти для грошей,,Листівки та конверти для грошей,
1743,Дім та інтер'єр,Декор для дому,Подарунки і сувеніри,Магніти сувенірні,,Магніти сувенірні,
6314,Дім та інтер'єр,Декор для дому,Подарунки і сувеніри,Мінібари,,Мінібари,
2450,Дім та інтер'єр,Декор для дому,Подарунки і сувеніри,Морська колекція,,Морська колекція,
8683,Дім та інтер'єр,Декор для дому,Подарунки і сувеніри,Нагородна атрибутика,,Нагородна атрибутика,
7293,Дім та інтер'єр,Декор для дому,Подарунки і сувеніри,Нарди,,Нарди,
2452,Дім та інтер'єр,Декор для дому,Подарунки і сувеніри,Обереги,,Обереги,
8519,Дім та інтер'єр,Декор для дому,Подарунки і сувеніри,Подарункові набори,Подарункові бокси,Подарункові бокси,
2486,Дім та інтер'єр,Декор для дому,Подарунки і сувеніри,Подарункові набори,Подарункові набори для алкоголю,Подарункові набори для алкоголю,
6315,Дім та інтер'єр,Декор для дому,Подарунки і сувеніри,Портсигари,,Портсигари,
8747,Дім та інтер'єр,Декор для дому,Подарунки і сувеніри,Прапори та аксесуари,Прапори,Прапори,
8748,Дім та інтер'єр,Декор для дому,Подарунки і сувеніри,Прапори та аксесуари,Флагштоки,Флагштоки,
7287,Дім та інтер'єр,Декор для дому,Подарунки і сувеніри,Пупирки,,Пупирки,
2464,Дім та інтер'єр,Декор для дому,Подарунки і сувеніри,Сертифікати та карти подарункові,,Сертифікати та карти подарункові,
1713,Дім та інтер'єр,Декор для дому,Подарунки і сувеніри,Скарбнички,,Скарбнички,
1700,Дім та інтер'єр,Декор для дому,Подарунки і сувеніри,Таблички та написи,,Таблички та написи,
6328,Дім та інтер'єр,Декор для дому,Подарунки і сувеніри,Техно-арт,,Техно-арт,
6538,Дім та інтер'єр,Декор для дому,Подарунки і сувеніри,Українські сувеніри,,Українські сувеніри,
6329,Дім та інтер'єр,Декор для дому,Подарунки і сувеніри,Феншуй,,Феншуй,
7878,Дім та інтер'єр,Декор для дому,Подарунки і сувеніри,Шахи,,Шахи,
1748,Дім та інтер'єр,Декор для дому,Рамки для фото,,,Рамки для фото,
1753,Дім та інтер'єр,Декор для дому,Свічки,,,Свічки,
2453,Дім та інтер'єр,Декор для дому,Скретч-карти і постери,,,Скретч-карти і постери,
1781,Дім та інтер'єр,Декор для дому,Скриньки,,,Скриньки,
7620,Дім та інтер'єр,Декор для дому,Стабілізовані квіти,,,Стабілізовані квіти,
1771,Дім та інтер'єр,Декор для дому,Статуетки,,,Статуетки,
7691,Дім та інтер'єр,Декор для дому,Топери на торт,,,Топери на торт,
1773,Дім та інтер'єр,Декор для дому,Фотоальбоми,,,Фотоальбоми,
8267,Дім та інтер'єр,Декор для дому,Фурнітура для скриньок,,,Фурнітура для скриньок,
1706,Дім та інтер'єр,Декор для дому,Штучні рослини,,,Штучні рослини,
9328,Дім та інтер'єр,Зберігання та догляд за одягом,Аксесуари для прасування,,,Аксесуари для прасування,
4574,Дім та інтер'єр,Зберігання та догляд за одягом,Вакуумні пакети для речей,,,Вакуумні пакети для речей,
3129,Дім та інтер'єр,Зберігання та догляд за одягом,Догляд за одягом,,,Догляд за одягом,
3131,Дім та інтер'єр,Зберігання та догляд за одягом,Дошки для прасування,,,Дошки для прасування,
4593,Дім та інтер'єр,Зберігання та догляд за одягом,Кошики для білизни,,,Кошики для білизни,
5144,Дім та інтер'єр,Зберігання та догляд за одягом,Органайзери для одягу,,,Органайзери для одягу,
9330,Дім та інтер'єр,Зберігання та догляд за одягом,Пластикові шафи,,,Пластикові шафи,
4478,Дім та інтер'єр,Зберігання та догляд за одягом,Плечики для одягу,,,Плечики для одягу,
3130,Дім та інтер'єр,Зберігання та догляд за одягом,Сушарки для білизни,,,Сушарки для білизни,
4576,Дім та інтер'єр,Зберігання та догляд за одягом,Тканинні шафи,,,Тканинні шафи,
4573,Дім та інтер'єр,Зберігання та догляд за одягом,Чохли для одягу,,,Чохли для одягу,
9326,Дім та інтер'єр,Зберігання та догляд за одягом,Чохли для прасувальної дошки,,,Чохли для прасувальної дошки,
4572,Дім та інтер'єр,Зберігання та догляд за одягом,Ящики для зберігання,,,Ящики для зберігання,
3111,Дім та інтер'єр,Інвентар для прибирання,Відра,,,Відра,
5024,Дім та інтер'єр,Інвентар для прибирання,Візки для прибирання,,,Візки для прибирання,
3116,Дім та інтер'єр,Інвентар для прибирання,Господарчі рукавички,,,Господарчі рукавички,
3114,Дім та інтер'єр,Інвентар для прибирання,Губки господарчі,,,Губки господарчі,
9212,Дім та інтер'єр,Інвентар для прибирання,Комплектуючі для інвентаря для прибирання,,,Комплектуючі для інвентаря для прибирання,
9192,Дім та інтер'єр,Інвентар для прибирання,Магнітні щітки для миття вікон,,,Магнітні щітки для миття вікон,
3115,Дім та інтер'єр,Інвентар для прибирання,Мішки для сміття,,,Мішки для сміття,
3118,Дім та інтер'єр,Інвентар для прибирання,Насадки до швабр,,,Насадки до швабр,
3113,Дім та інтер'єр,Інвентар для прибирання,Серветки для прибирання,,,Серветки для прибирання,
9154,Дім та інтер'єр,Інвентар для прибирання,Скребки для миття вікон,,,Скребки для миття вікон,
1190,Дім та інтер'єр,Інвентар для прибирання,Сміттєві урни і баки,,,Сміттєві урни і баки,
3112,Дім та інтер'єр,Інвентар для прибирання,Тази,,,Тази,
3117,Дім та інтер'єр,Інвентар для прибирання,Швабри,,,Швабри,
9190,Дім та інтер'єр,Інвентар для прибирання,Щітки для миття посуду,,,Щітки для миття посуду,
3119,Дім та інтер'єр,Інвентар для прибирання,Щітки для прибирання,,,Щітки для прибирання,
231,Дім та інтер'єр,Книги,Дитячі книги,,,Дитячі книги,
647,Дім та інтер'єр,Книги,Книги для батьків,,,Книги для батьків,
616,Дім та інтер'єр,Книги,Книги з магії та езотерики,,,Книги з магії та езотерики,
606,Дім та інтер'єр,Книги,Книги з мистецтва та культури,,,Книги з мистецтва та культури,
611,Дім та інтер'єр,Книги,Книги з психології,,,Книги з психології,
236,Дім та інтер'єр,Книги,Книги іноземними мовами,,,Книги іноземними мовами,
591,Дім та інтер'єр,Книги,Книги про бізнес,,,Книги про бізнес,
605,Дім та інтер'єр,Книги,"Книги про історію, філософію та суспільство",,,"Книги про історію, філософію та суспільство",
242,Дім та інтер'єр,Книги,Книги про медицину,,,Книги про медицину,
607,Дім та інтер'єр,Книги,Книги про релігії,,,Книги про релігії,
614,Дім та інтер'єр,Книги,Книги про спорт і відпочинок,,,Книги про спорт і відпочинок,
610,Дім та інтер'єр,Книги,Книги про хобі та дозвілля,,,Книги про хобі та дозвілля,
240,Дім та інтер'єр,Книги,Книги рецептів,,,Книги рецептів,
4760,Дім та інтер'єр,Книги,Колекційні видання книг,,,Колекційні видання книг,
7619,Дім та інтер'єр,Книги,Комікси і графічні романи,,,Комікси і графічні романи,
235,Дім та інтер'єр,Книги,Навчальна література,,,Навчальна література,
241,Дім та інтер'єр,Книги,Наукова література,,,Наукова література,
617,Дім та інтер'єр,Книги,Нетекстові видання,,,Нетекстові видання,
7709,Дім та інтер'єр,Книги,Підручники,,,Підручники,
243,Дім та інтер'єр,Книги,Словники та енциклопедії,,,Словники та енциклопедії,
664,Дім та інтер'єр,Книги,Технічна література,,,Технічна література,
233,Дім та інтер'єр,Книги,Художня література,,,Художня література,
238,Дім та інтер'єр,Книги,Юридична література,,,Юридична література,
7858,Дім та інтер'єр,Музичні інструменти,Аксесуари для музикантів,Пюпітри,,Пюпітри,
8640,Дім та інтер'єр,Музичні інструменти,Аксесуари для музикантів,Стійки для звукового обладнання,,Стійки для звукового обладнання,
8639,Дім та інтер'єр,Музичні інструменти,Аксесуари для музикантів,Стійки для мікрофонів,,Стійки для мікрофонів,
7876,Дім та інтер'єр,Музичні інструменти,Акустичні матеріали,,,Акустичні матеріали,
8157,Дім та інтер'єр,Музичні інструменти,Генератори спецефектів,Генератори диму,,Генератори диму,
8159,Дім та інтер'єр,Музичні інструменти,Генератори спецефектів,Генератори мильних бульбашок,,Генератори мильних бульбашок,
8161,Дім та інтер'єр,Музичні інструменти,Генератори спецефектів,Генератори снігу,,Генератори снігу,
8165,Дім та інтер'єр,Музичні інструменти,Генератори спецефектів,Генератори туману,,Генератори туману,
7669,Дім та інтер'єр,Музичні інструменти,Гітари,Аксесуари для гітар,,Аксесуари для гітар,
7697,Дім та інтер'єр,Музичні інструменти,Гітари,Акустичні гітари,,Акустичні гітари,
7694,Дім та інтер'єр,Музичні інструменти,Гітари,Електрогітари,,Електрогітари,
7700,Дім та інтер'єр,Музичні інструменти,Гітари,Укулеле,,Укулеле,
7720,Дім та інтер'єр,Музичні інструменти,Гітари,Чохли для гітар,,Чохли для гітар,
7698,Дім та інтер'єр,Музичні інструменти,Гітари,Класичні гітари,,Класичні гітари,
8137,Дім та інтер'єр,Музичні інструменти,Гітарне обладнання,Гітарні ефекти,,Гітарні ефекти,
7712,Дім та інтер'єр,Музичні інструменти,Гітарне обладнання,Ремені для гітар,,Ремені для гітар,
7722,Дім та інтер'єр,Музичні інструменти,Гітарне обладнання,Стійки для гітар,,Стійки для гітар,
8141,Дім та інтер'єр,Музичні інструменти,Гітарне обладнання,Струни для гітар,,Струни для гітар,
7668,Дім та інтер'єр,Музичні інструменти,Динаміки для підсилювачів,,,Динаміки для підсилювачів,
7769,Дім та інтер'єр,Музичні інструменти,Духові інструменти,Аксесуари для духових,,Аксесуари для духових,
5104,Дім та інтер'єр,Музичні інструменти,Духові інструменти,Губні гармошки,,Губні гармошки,
7759,Дім та інтер'єр,Музичні інструменти,Духові інструменти,Саксофони,,Саксофони,
8011,Дім та інтер'єр,Музичні інструменти,Звукове обладнання,Мікрофони інструментальні,,Мікрофони інструментальні,
7809,Дім та інтер'єр,Музичні інструменти,Звукове обладнання,Мікшерні пульти,,Мікшерні пульти,
7812,Дім та інтер'єр,Музичні інструменти,Звукове обладнання,Обладнання для обробки звука,,Обладнання для обробки звука,
7810,Дім та інтер'єр,Музичні інструменти,Звукове обладнання,Підсилювачі потужності,,Підсилювачі потужності,
7815,Дім та інтер'єр,Музичні інструменти,Звукове обладнання,Трансляційне обладнання,,Трансляційне обладнання,
7730,Дім та інтер'єр,Музичні інструменти,Клавішні інструменти,Акордеони,,Акордеони,
7737,Дім та інтер'єр,Музичні інструменти,Клавішні інструменти,Аксесуари для клавішних,,Аксесуари для клавішних,
7724,Дім та інтер'єр,Музичні інструменти,Клавішні інструменти,Синтезатори,,Синтезатори,
8687,Дім та інтер'єр,Музичні інструменти,Комплекти сцени,Аксесуари для сценічного обладнання,,Аксесуари для сценічного обладнання,
8688,Дім та інтер'єр,Музичні інструменти,Комплекти сцени,Подіуми сценічні,,Подіуми сценічні,
8689,Дім та інтер'єр,Музичні інструменти,Комплекти сцени,Ферми для сцени,,Ферми для сцени,
7670,Дім та інтер'єр,Музичні інструменти,Метрономи і тюнери,,,Метрономи і тюнери,
5118,Дім та інтер'єр,Музичні інструменти,Народні інструменти,,,Народні інструменти,
6569,Дім та інтер'єр,Музичні інструменти,Радіосистеми,,,Радіосистеми,
7747,Дім та інтер'єр,Музичні інструменти,Смичкові інструменти,Аксесуари для смичкових,,Аксесуари для смичкових,
7740,Дім та інтер'єр,Музичні інструменти,Смичкові інструменти,Віолончелі,,Віолончелі,
7742,Дім та інтер'єр,Музичні інструменти,Смичкові інструменти,Скрипки,,Скрипки,
7666,Дім та інтер'єр,Музичні інструменти,Ударні інструменти,Барабани,,Барабани,
7783,Дім та інтер'єр,Музичні інструменти,Ударні інструменти,Барабанні палички,,Барабанні палички,
5093,Дім та інтер'єр,Музичні інструменти,Ударні інструменти,Перкусія,,Перкусія,
7782,Дім та інтер'єр,Музичні інструменти,Ударні інструменти,Пластики для барабанів,,Пластики для барабанів,
7778,Дім та інтер'єр,Музичні інструменти,Ударні інструменти,Тарілки для ударних,,Тарілки для ударних,
7667,Дім та інтер'єр,Музичні інструменти,Ударні інструменти,Ударні установки,,Ударні установки,
7787,Дім та інтер'єр,Музичні інструменти,DJ-обладнання,,,DJ-обладнання,
8930,Дім та інтер'єр,Новорічні товари,Килимки під ялинку,,,Килимки під ялинку,
2497,Дім та інтер'єр,Новорічні товари,Новорічні іграшки,Верхівки для ялинки,,Верхівки для ялинки,
7693,Дім та інтер'єр,Новорічні товари,Новорічні іграшки,Гачки для іграшок,,Гачки для іграшок,
2498,Дім та інтер'єр,Новорічні товари,Новорічні іграшки,Іграшки на ялинку,,Іграшки на ялинку,
2496,Дім та інтер'єр,Новорічні товари,Новорічні іграшки,Кулі новорічні,,Кулі новорічні,
2501,Дім та інтер'єр,Новорічні товари,Новорічні іграшки,М'які іграшки новорічні,,М'які іграшки новорічні,
2500,Дім та інтер'єр,Новорічні товари,Новорічні іграшки,Ялинкові набори,,Ялинкові набори,
2499,Дім та інтер'єр,Новорічні товари,Новорічні іграшки,Янголятка для ялинки,,Янголятка для ялинки,
8295,Дім та інтер'єр,Новорічні товари,Новорічні прикраси та декор,Адвент-календарі,,Адвент-календарі,
2507,Дім та інтер'єр,Новорічні товари,Новорічні прикраси та декор,Вінки новорічні,,Вінки новорічні,
2505,Дім та інтер'єр,Новорічні товари,Новорічні прикраси та декор,Гілочки новорічні,,Гілочки новорічні,
2503,Дім та інтер'єр,Новорічні товари,Новорічні прикраси та декор,Гірлянди,,Гірлянди,
7078,Дім та інтер'єр,Новорічні товари,Новорічні прикраси та декор,Квіти новорічні,,Квіти новорічні,
2510,Дім та інтер'єр,Новорічні товари,Новорічні прикраси та декор,Намиста на ялинку,,Намиста на ялинку,
2511,Дім та інтер'єр,Новорічні товари,Новорічні прикраси та декор,Новорічна декорація,,Новорічна декорація,
2509,Дім та інтер'єр,Новорічні товари,Новорічні прикраси та декор,Новорічний дощик,,Новорічний дощик,
2514,Дім та інтер'єр,Новорічні товари,Новорічні прикраси та декор,Новорічні сувеніри,,Новорічні сувеніри,
2506,Дім та інтер'єр,Новорічні товари,Новорічні прикраси та декор,Підвіски новорічні,,Підвіски новорічні,
2515,Дім та інтер'єр,Новорічні товари,Новорічні прикраси та декор,Сніжинки для ялинки,,Сніжинки для ялинки,
2512,Дім та інтер'єр,Новорічні товари,Новорічні прикраси та декор,Фігури новорічні,,Фігури новорічні,
7871,Дім та інтер'єр,Новорічні товари,Новорічні прикраси та декор,Хвойні гірлянди,,Хвойні гірлянди,
8297,Дім та інтер'єр,Новорічні товари,Підставки під ялинки,,,Підставки під ялинки,
2526,Дім та інтер'єр,Новорічні товари,Символ 2026 року,,,Символ 2026 року,
4682,Дім та інтер'єр,Новорічні товари,Штучний сніг,,,Штучний сніг,
2528,Дім та інтер'єр,Новорічні товари,Штучні ялинки,,,Штучні ялинки,
9350,Дім та інтер'єр,Посуд,Аксесуари для кухні,Аксесуари для м'ясорубок,,Аксесуари для м'ясорубок,
3293,Дім та інтер'єр,Посуд,Аксесуари для кухні,Вінчики,,Вінчики,
3295,Дім та інтер'єр,Посуд,Аксесуари для кухні,Горіхоколи,,Горіхоколи,
1701,Дім та інтер'єр,Посуд,Аксесуари для кухні,Дошки кухонні,,Дошки кухонні,
1756,Дім та інтер'єр,Посуд,Аксесуари для кухні,Друшляки та сита,,Друшляки та сита,
3294,Дім та інтер'єр,Посуд,Аксесуари для кухні,Картоплем'ялки,,Картоплем'ялки,
9506,Дім та інтер'єр,Посуд,Аксесуари для кухні,Ковбасні шприци ,,Ковбасні шприци ,
3292,Дім та інтер'єр,Посуд,Аксесуари для кухні,Ложки та виделки кухонні,,Ложки та виделки кухонні,
3291,Дім та інтер'єр,Посуд,Аксесуари для кухні,Лопатки кухонні,,Лопатки кухонні,
7351,Дім та інтер'єр,Посуд,Аксесуари для кухні,Лотки для столових приборів,,Лотки для столових приборів,
7353,Дім та інтер'єр,Посуд,Аксесуари для кухні,М'яке скло,,М'яке скло,
3288,Дім та інтер'єр,Посуд,Аксесуари для кухні,М'ясорубки ручні,,М'ясорубки ручні,
1728,Дім та інтер'єр,Посуд,Аксесуари для кухні,Миски,,Миски,
1727,Дім та інтер'єр,Посуд,Аксесуари для кухні,Мірний посуд,,Мірний посуд,
6449,Дім та інтер'єр,Посуд,Аксесуари для кухні,Млинки для кави,,Млинки для кави,
6435,Дім та інтер'єр,Посуд,Аксесуари для кухні,Млинки для спецій,,Млинки для спецій,
3289,Дім та інтер'єр,Посуд,Аксесуари для кухні,Молотки та сокирки кухонні,,Молотки та сокирки кухонні,
3296,Дім та інтер'єр,Посуд,Аксесуари для кухні,Набори кухонного приладдя,,Набори кухонного приладдя,
7951,Дім та інтер'єр,Посуд,Аксесуари для кухні,Овочерізки,,Овочерізки,
3290,Дім та інтер'єр,Посуд,Аксесуари для кухні,Ополоники,,Ополоники,
8702,Дім та інтер'єр,Посуд,Аксесуари для кухні,Органайзери для кухні,,Органайзери для кухні,
8777,Дім та інтер'єр,Посуд,Аксесуари для кухні,Підставки для паперових рушників,,Підставки для паперових рушників,
1739,Дім та інтер'єр,Посуд,Аксесуари для кухні,Підставки для посуду,,Підставки для посуду,
7914,Дім та інтер'єр,Посуд,Аксесуари для кухні,Преси для часнику,,Преси для часнику,
3312,Дім та інтер'єр,Посуд,Аксесуари для кухні,Ручні соковижималки,,Ручні соковижималки,
7934,Дім та інтер'єр,Посуд,Аксесуари для кухні,Ступки для спецій,,Ступки для спецій,
7352,Дім та інтер'єр,Посуд,Аксесуари для кухні,Сушарки для посуду,,Сушарки для посуду,
1726,Дім та інтер'єр,Посуд,Аксесуари для кухні,Тертки для кухні,,Тертки для кухні,
6547,Дім та інтер'єр,Посуд,Аксесуари для кухні,Шумівки,,Шумівки,
8197,Дім та інтер'єр,Посуд,Аксесуари для кухні,Щипці кухонні,,Щипці кухонні,
7958,Дім та інтер'єр,Посуд,Аксесуари для кухні,Яйцерізки,,Яйцерізки,
3308,Дім та інтер'єр,Посуд,Барні аксесуари,Барні шейкери,,Барні шейкери,
7711,Дім та інтер'єр,Посуд,Барні аксесуари,Відкривачки,,Відкривачки,
3304,Дім та інтер'єр,Посуд,Барні аксесуари,Відра для льоду та охолоджувачі пляшок,,Відра для льоду та охолоджувачі пляшок,
3307,Дім та інтер'єр,Посуд,Барні аксесуари,Гейзери та корки для пляшок,,Гейзери та корки для пляшок,
3315,Дім та інтер'єр,Посуд,Барні аксесуари,Декоратори та кремери,,Декоратори та кремери,
3313,Дім та інтер'єр,Посуд,Барні аксесуари,Ложки для морозива,,Ложки для морозива,
3305,Дім та інтер'єр,Посуд,Барні аксесуари,Набори для бару,,Набори для бару,
8658,Дім та інтер'єр,Посуд,Барні аксесуари,Стрейнери,,Стрейнери,
3310,Дім та інтер'єр,Посуд,Барні аксесуари,Товкачі для коктейлів та барні ложки,,Товкачі для коктейлів та барні ложки,
3303,Дім та інтер'єр,Посуд,Барні аксесуари,Тримачі для пляшок,,Тримачі для пляшок,
3314,Дім та інтер'єр,Посуд,Барні аксесуари,Трубочки та прикраси для коктейлів,,Трубочки та прикраси для коктейлів,
7939,Дім та інтер'єр,Посуд,Барні аксесуари,Фляги,,Фляги,
3309,Дім та інтер'єр,Посуд,Барні аксесуари,Форми для льоду,,Форми для льоду,
3317,Дім та інтер'єр,Посуд,Барні аксесуари,Шпажки для канапе,,Шпажки для канапе,
3306,Дім та інтер'єр,Посуд,Барні аксесуари,Штопори,,Штопори,
753,Дім та інтер'єр,Посуд,Дитячий посуд,,,Дитячий посуд,
3299,Дім та інтер'єр,Посуд,Кухонні ножі та набори,Кухонні ножиці,,Кухонні ножиці,
3298,Дім та інтер'єр,Посуд,Кухонні ножі та набори,Кухонні ножі,,Кухонні ножі,
3300,Дім та інтер'єр,Посуд,Кухонні ножі та набори,Набори ножів,,Набори ножів,
7599,Дім та інтер'єр,Посуд,Кухонні ножі та набори,Овочечистки,,Овочечистки,
3302,Дім та інтер'єр,Посуд,Кухонні ножі та набори,Підставки та планки для ножів,,Підставки та планки для ножів,
9434,Дім та інтер'єр,Посуд,Кухонні ножі та набори,Скребки для чищення риби,,Скребки для чищення риби,
3301,Дім та інтер'єр,Посуд,Кухонні ножі та набори,Точила для ножів,,Точила для ножів,
7586,Дім та інтер'єр,Посуд,Посуд для запікання та випічки,Горщики для запікання,,Горщики для запікання,
3330,Дім та інтер'єр,Посуд,Посуд для запікання та випічки,Інструменти для тіста та ролів,,Інструменти для тіста та ролів,
3286,Дім та інтер'єр,Посуд,Посуд для запікання та випічки,Качалки та килимки для розкачування,,Качалки та килимки для розкачування,
3285,Дім та інтер'єр,Посуд,Посуд для запікання та випічки,Кондитерські інструменти,,Кондитерські інструменти,
3283,Дім та інтер'єр,Посуд,Посуд для запікання та випічки,Кондитерські шприци та мішки,,Кондитерські шприци та мішки,
3287,Дім та інтер'єр,Посуд,Посуд для запікання та випічки,Пензлики кондитерські,,Пензлики кондитерські,
3284,Дім та інтер'єр,Посуд,Посуд для запікання та випічки,Таймери кухонні,,Таймери кухонні,
8742,Дім та інтер'єр,Посуд,Посуд для запікання та випічки,Термометри кухонні,,Термометри кухонні,
1744,Дім та інтер'єр,Посуд,Посуд для запікання та випічки,Форми для випічки,,Форми для випічки,
3282,Дім та інтер'єр,Посуд,Посуд для запікання та випічки,Форми кухонні,,Форми кухонні,
1686,Дім та інтер'єр,Посуд,Посуд для зберігання,Банки,,Банки,
8779,Дім та інтер'єр,Посуд,Посуд для зберігання,Бочки та діжки,,Бочки та діжки,
1690,Дім та інтер'єр,Посуд,Посуд для зберігання,Бутлі,,Бутлі,
1692,Дім та інтер'єр,Посуд,Посуд для зберігання,Все для консервування,,Все для консервування,
1704,Дім та інтер'єр,Посуд,Посуд для зберігання,Затискачі для пакетів,,Затискачі для пакетів,
1721,Дім та інтер'єр,Посуд,Посуд для зберігання,Ланч-бокси,,Ланч-бокси,
8998,Дім та інтер'єр,Посуд,Посуд для зберігання,Лотки для яєць,,Лотки для яєць,
6817,Дім та інтер'єр,Посуд,Посуд для зберігання,Пляшки,,Пляшки,
1768,Дім та інтер'єр,Посуд,Посуд для зберігання,Термоси,,Термоси,
1712,Дім та інтер'єр,Посуд,Посуд для зберігання,Харчові контейнери,,Харчові контейнери,
1774,Дім та інтер'єр,Посуд,Посуд для зберігання,Хлібниці,,Хлібниці,
9508,Дім та інтер'єр,Посуд,Посуд для приготування,Адаптери для індукційних плит,,Адаптери для індукційних плит,
8809,Дім та інтер'єр,Посуд,Посуд для приготування,Гейзерні кавоварки,,Гейзерні кавоварки,
3279,Дім та інтер'єр,Посуд,Посуд для приготування,Гусятниці,,Гусятниці,
9390,Дім та інтер'єр,Посуд,Посуд для приготування,Електрокаструлі,,Електрокаструлі,
1708,Дім та інтер'єр,Посуд,Посуд для приготування,Каструлі,,Каструлі,
1733,Дім та інтер'єр,Посуд,Посуд для приготування,Каструлі-пароварки,,Каструлі-пароварки,
1711,Дім та інтер'єр,Посуд,Посуд для приготування,Ковші,,Ковші,
1715,Дім та інтер'єр,Посуд,Посуд для приготування,Кришки для посуду,,Кришки для посуду,
6450,Дім та інтер'єр,Посуд,Посуд для приготування,Марміти,,Марміти,
1772,Дім та інтер'єр,Посуд,Посуд для приготування,Набори для фондю,,Набори для фондю,
9332,Дім та інтер'єр,Посуд,Посуд для приготування,Набори посуду для приготування,,Набори посуду для приготування,
8996,Дім та інтер'єр,Посуд,Посуд для приготування,Пароварки для каструль,,Пароварки для каструль,
1758,Дім та інтер'єр,Посуд,Посуд для приготування,Сковорідки,,Сковорідки,
1759,Дім та інтер'єр,Посуд,Посуд для приготування,Скороварки,,Скороварки,
1760,Дім та інтер'єр,Посуд,Посуд для приготування,Соковарки,,Соковарки,
1761,Дім та інтер'єр,Посуд,Посуд для приготування,Сотейники,,Сотейники,
9002,Дім та інтер'єр,Посуд,Посуд для приготування,Таджини,,Таджини,
1769,Дім та інтер'єр,Посуд,Посуд для приготування,Турки,,Турки,
1775,Дім та інтер'єр,Посуд,Посуд для приготування,Чайники,,Чайники,
7600,Дім та інтер'єр,Посуд,Посуд для приготування,Шинківниці,,Шинківниці,
9398,Дім та інтер'єр,Посуд,Посуд для чаю та кави,Аксесуари для чаю та кави,,Аксесуари для чаю та кави,
9342,Дім та інтер'єр,Посуд,Посуд для чаю та кави,Посуд для приготування кави,,Посуд для приготування кави,
9400,Дім та інтер'єр,Посуд,Посуд для чаю та кави,Ситечка для заварювання чаю,,Ситечка для заварювання чаю,
9000,Дім та інтер'єр,Посуд,Сервірування столу,Дошки для сервірування,,Дошки для сервірування,
1729,Дім та інтер'єр,Посуд,Сервірування столу,Ємності для спецій,,Ємності для спецій,
1703,Дім та інтер'єр,Посуд,Сервірування столу,Заварювальні чайники та кавники,,Заварювальні чайники та кавники,
1710,Дім та інтер'єр,Посуд,Сервірування столу,Килимки під тарілки,,Килимки під тарілки,
8659,Дім та інтер'єр,Посуд,Сервірування столу,Кошики для сервірування,,Кошики для сервірування,
1722,Дім та інтер'єр,Посуд,Сервірування столу,Лимонниці та банки для меду,,Лимонниці та банки для меду,
1723,Дім та інтер'єр,Посуд,Сервірування столу,Маслянки кухонні,,Маслянки кухонні,
5054,Дім та інтер'єр,Посуд,Сервірування столу,Молочники,,Молочники,
9022,Дім та інтер'єр,Посуд,Сервірування столу,Підставки для зубочисток,,Підставки для зубочисток,
8994,Дім та інтер'єр,Посуд,Сервірування столу,Підставки для яєць,,Підставки для яєць,
9112,Дім та інтер'єр,Посуд,Сервірування столу,Підставки під чашки,,Підставки під чашки,
1734,Дім та інтер'єр,Посуд,Сервірування столу,Попільниці,,Попільниці,
1751,Дім та інтер'єр,Посуд,Сервірування столу,Серветниці,,Серветниці,
1762,Дім та інтер'єр,Посуд,Сервірування столу,Соусники та ікорниці,,Соусники та ікорниці,
1746,Дім та інтер'єр,Посуд,Сервірування столу,Таці,,Таці,
1752,Дім та інтер'єр,Посуд,Сервірування столу,Цукорниці,,Цукорниці,
9144,Дім та інтер'єр,Посуд,Сервірування столу,Супниці,,Супниці,
1689,Дім та інтер'єр,Посуд,Столовий посуд,Блюда,,Блюда,
7868,Дім та інтер'єр,Посуд,Столовий посуд,Бокали,,Бокали,
1716,Дім та інтер'єр,Посуд,Столовий посуд,Глечики та графини,,Глечики та графини,
1714,Дім та інтер'єр,Посуд,Столовий посуд,Креманки,,Креманки,
1749,Дім та інтер'єр,Посуд,Столовий посуд,Салатники,,Салатники,
1754,Дім та інтер'єр,Посуд,Столовий посуд,Сервізи для чаю та кави,,Сервізи для чаю та кави,
1763,Дім та інтер'єр,Посуд,Столовий посуд,Склянки,,Склянки,
1764,Дім та інтер'єр,Посуд,Столовий посуд,Столові прибори,,Столові прибори,
1766,Дім та інтер'єр,Посуд,Столовий посуд,Столові сервізи,,Столові сервізи,
1767,Дім та інтер'єр,Посуд,Столовий посуд,Тарілки,,Тарілки,
7869,Дім та інтер'єр,Посуд,Столовий посуд,Чарки,,Чарки,
1780,Дім та інтер'єр,Посуд,Столовий посуд,Чашки,,Чашки,
7377,Дім та інтер'єр,Посуд,Сувенірний посуд,,,Сувенірний посуд,
9494,Дім та інтер'єр,"Свята, розваги та дозвілля",Все для свята,Аксесуари для повітряних кульок,,Аксесуари для повітряних кульок,
9132,Дім та інтер'єр,"Свята, розваги та дозвілля",Все для свята,Бонбоньєрки,,Бонбоньєрки,
2519,Дім та інтер'єр,"Свята, розваги та дозвілля",Все для свята,Піротехніка,Бенгальські вогні,Бенгальські вогні,
8724,Дім та інтер'єр,"Свята, розваги та дозвілля",Все для свята,Піротехніка,Кольоровий дим,Кольоровий дим,
2520,Дім та інтер'єр,"Свята, розваги та дозвілля",Все для свята,Піротехніка,Салюти та феєрверки,Салюти та феєрверки,
2472,Дім та інтер'єр,"Свята, розваги та дозвілля",Все для свята,Повітряні кулі,,Повітряні кулі,
4680,Дім та інтер'єр,"Свята, розваги та дозвілля",Все для свята,Сервіровка святкового столу,,Сервіровка святкового столу,
4642,Дім та інтер'єр,"Свята, розваги та дозвілля",Все для свята,Товари для Гелловіну,Декор на Гелловін,Декор на Гелловін,
4643,Дім та інтер'єр,"Свята, розваги та дозвілля",Все для свята,Товари для Гелловіну,Костюми на Гелловін,Костюми на Гелловін,
8682,Дім та інтер'єр,"Свята, розваги та дозвілля",Все для свята,Товари для Гелловіну,Посуд на Гелловін,Посуд на Гелловін,
4635,Дім та інтер'єр,"Свята, розваги та дозвілля",Все для свята,Товари для карнавалу,,Товари для карнавалу,
2518,Дім та інтер'єр,"Свята, розваги та дозвілля",Все для свята,Хлопавки,,Хлопавки,
4646,Дім та інтер'єр,"Свята, розваги та дозвілля",Декор на День святого Валентина,,,Декор на День святого Валентина,
770,Дім та інтер'єр,"Свята, розваги та дозвілля",Настільні ігри,,,Настільні ігри,
4654,Дім та інтер'єр,"Свята, розваги та дозвілля",Усе для Великодня,Великодній декор,,Великодній декор,
4653,Дім та інтер'єр,"Свята, розваги та дозвілля",Усе для Великодня,Кошики плетені,,Кошики плетені,
8988,Дім та інтер'єр,"Свята, розваги та дозвілля",Усе для Великодня,Лампадки,,Лампадки,
4657,Дім та інтер'єр,"Свята, розваги та дозвілля",Усе для Великодня,Набори для виготовлення писанок,,Набори для виготовлення писанок,
8517,Дім та інтер'єр,"Свята, розваги та дозвілля",Фотозони,,,Фотозони,
1699,Дім та інтер'єр,Текстиль для дому,Декоративні подушки,,,Декоративні подушки,
7350,Дім та інтер'єр,Текстиль для дому,Килимки для сушіння посуду,,,Килимки для сушіння посуду,
1731,Дім та інтер'єр,Текстиль для дому,Ковдри,,,Ковдри,
1725,Дім та інтер'єр,Текстиль для дому,Матраци,,,Матраци,
1785,Дім та інтер'єр,Текстиль для дому,Наматрацники,,,Наматрацники,
1735,Дім та інтер'єр,Текстиль для дому,Пледи,,,Пледи,
1740,Дім та інтер'єр,Текстиль для дому,Подушки,,,Подушки,
1741,Дім та інтер'єр,Текстиль для дому,Покривала,,,Покривала,
9504,Дім та інтер'єр,Текстиль для дому,Постільна білизна,Аксесуари до постільної білизни,,Аксесуари до постільної білизни,
1742,Дім та інтер'єр,Текстиль для дому,Постільна білизна,Комплекти постільної білизни,,Комплекти постільної білизни,
3812,Дім та інтер'єр,Текстиль для дому,Постільна білизна,Наволочки,,Наволочки,
3811,Дім та інтер'єр,Текстиль для дому,Постільна білизна,Підковдри,,Підковдри,
3810,Дім та інтер'єр,Текстиль для дому,Постільна білизна,Простирадла,,Простирадла,
2007,Дім та інтер'єр,Текстиль для дому,Рушники,,,Рушники,
1719,Дім та інтер'єр,Текстиль для дому,Текстиль для кухні,Кухонні рушники,,Кухонні рушники,
1745,Дім та інтер'єр,Текстиль для дому,Текстиль для кухні,Прихватки,,Прихватки,
1750,Дім та інтер'єр,Текстиль для дому,Текстиль для кухні,Серветки тканинні,,Серветки тканинні,
1757,Дім та інтер'єр,Текстиль для дому,Текстиль для кухні,Скатертини,,Скатертини,
1770,Дім та інтер'єр,Текстиль для дому,Текстиль для кухні,Фартухи,,Фартухи,
1678,Дім та інтер'єр,Текстиль для дому,Тканини,,,Тканини,
1755,Дім та інтер'єр,Текстиль для дому,Чохли для меблів,Подушки на стільці,,Подушки на стільці,
7890,Дім та інтер'єр,Текстиль для дому,Чохли для меблів,Чохли для диванів,,Чохли для диванів,
7240,Дім та інтер'єр,Текстиль для дому,Чохли для меблів,Чохли для крісел,,Чохли для крісел,
7241,Дім та інтер'єр,Текстиль для дому,Чохли для меблів,Чохли для садових меблів,,Чохли для садових меблів,
9374,Дім та інтер'єр,Текстиль для дому,Чохли для меблів,Чохли на спинку ліжка,,Чохли на спинку ліжка,
8732,Дім та інтер'єр,Церковне начиння,,,,Церковне начиння,
3807,Дім та інтер'єр,Все для оформлення вікон,Аксесуари для штор,,,Аксесуари для штор,
3809,Дім та інтер'єр,Все для оформлення вікон,Жалюзі,,,Жалюзі,
2550,Дім та інтер'єр,Все для оформлення вікон,Карнизи,,,Карнизи,
8253,Дім та інтер'єр,Все для оформлення вікон,Комплектуючі для карнизів,,,Комплектуючі для карнизів,
3808,Дім та інтер'єр,Все для оформлення вікон,Римські штори,,,Римські штори,
3806,Дім та інтер'єр,Все для оформлення вікон,Рулонні штори,,,Рулонні штори,
8485,Дім та інтер'єр,Все для оформлення вікон,Тюль,,,Тюль,
8768,Дім та інтер'єр,Все для оформлення вікон,Фурнітура для жалюзі,,,Фурнітура для жалюзі,
8910,Дім та інтер'єр,Все для оформлення вікон,Фурнітура для рулонних штор,,,Фурнітура для рулонних штор,
3802,Дім та інтер'єр,Все для оформлення вікон,Штори,,,Штори,
7713,Електроніка,Аксесуари для електроніки,Аксесуари до квадрокоптерів,,,Аксесуари до квадрокоптерів,
2534,Електроніка,Аксесуари для електроніки,Док-станції,,,Док-станції,
2821,Електроніка,Аксесуари для електроніки,Кабелі та перехідники,,,Кабелі та перехідники,
8464,Електроніка,Аксесуари для електроніки,Органайзери для кабелів,,,Органайзери для кабелів,
9156,Електроніка,Аксесуари для електроніки,Підставки для гаджетів,,,"Підставки для гаджетів
",
212,Електроніка,Аксесуари для електроніки,"Сумки, рюкзаки та чохли для ноутбуків",,,"Сумки, рюкзаки та чохли для ноутбуків",
211,Електроніка,Аксесуари для електроніки,Чистильні засоби,,,Чистильні засоби,
8698,Електроніка,Аксесуари для електроніки,Чохли для повербанків,,,Чохли для повербанків,
178,Електроніка,Гаджети,Електронні книги,,,Електронні книги,
6826,Електроніка,Геймінг,,,,Геймінг,
7204,Електроніка,Електротранспорт,Аксесуари для електротранспорту,,,Аксесуари для електротранспорту,
7713,Електроніка,Електротранспорт,Аксесуари до квадрокоптерів,,,Аксесуари до квадрокоптерів,
7203,Електроніка,Електротранспорт,Гіроборди,,,Гіроборди,
7205,Електроніка,Електротранспорт,Електровелосипеди,,,Електровелосипеди,
7206,Електроніка,Електротранспорт,Електрокарти,,,Електрокарти,
7202,Електроніка,Електротранспорт,Електросамокати,,,Електросамокати,
7207,Електроніка,Електротранспорт,Електроскутери,,,Електроскутери,
7153,Електроніка,Електротранспорт,Запчастини для електротранспорту,,,Запчастини для електротранспорту,
7243,Електроніка,Електротранспорт,Квадрокоптери,,,Квадрокоптери,
6332,Електроніка,Запчастини для цифрової техніки,Акумулятори для планшетів,,,Акумулятори для планшетів,
6339,Електроніка,Запчастини для цифрової техніки,Дисплеї для телефонів,,,Дисплеї для телефонів,
6334,Електроніка,Запчастини для цифрової техніки,Корпуси для ноутбуків,,,Корпуси для ноутбуків,
8615,Електроніка,Запчастини для цифрової техніки,Лампи підсвічування монітора CCFL,,,Лампи підсвічування монітора CCFL,
6335,Електроніка,Запчастини для цифрової техніки,Матриці (екрани) для ноутбуків,,,Матриці (екрани) для ноутбуків,
6336,Електроніка,Запчастини для цифрової техніки,Петлі для ноутбуків,,,Петлі для ноутбуків,
6333,Електроніка,Запчастини для цифрової техніки,Тачскрини для планшетів,,,Тачскрини для планшетів,
6337,Електроніка,Запчастини для цифрової техніки,Шлейфи для матриць,,,Шлейфи для матриць,
6340,Електроніка,Запчастини для цифрової техніки,Шлейфи для телефонів,,,Шлейфи для телефонів,
8484,Електроніка,Зарядні станції,,,,Зарядні станції,
5013,Електроніка,Ігрові пристрої,Аксесуари для приставок,,,Аксесуари для приставок,
203,Електроніка,Ігрові пристрої,Джойстики,,,Джойстики,
5362,Електроніка,Ігрові пристрої,Зброя доповненої реальності,,,Зброя доповненої реальності,
5012,Електроніка,Ігрові пристрої,Ігри для приставок,,,Ігри для приставок,
202,Електроніка,Ігрові пристрої,Ігрові приставки,,,Ігрові приставки,
6424,Електроніка,Ігрові пристрої,Подарунки для геймерів,,,Подарунки для геймерів,
5361,Електроніка,Ігрові пристрої,Iгрові керма,,,Iгрові керма,
182,Електроніка,"Комп'ютери, ноутбуки та планшети",3D-принтери та аксесуари,3D-принтери,,3D-принтери,
8939,Електроніка,"Комп'ютери, ноутбуки та планшети",3D-принтери та аксесуари,Витратні матеріали для 3D-принтерів,,Витратні матеріали для 3D-принтерів,
8940,Електроніка,"Комп'ютери, ноутбуки та планшети",3D-принтери та аксесуари,Запчастини для 3D-принтерів,,Запчастини для 3D-принтерів,
2544,Електроніка,"Комп'ютери, ноутбуки та планшети",Аксесуари для ноутбуків,Акумулятори для ноутбуків,,Акумулятори для ноутбуків,
5314,Електроніка,"Комп'ютери, ноутбуки та планшети",Аксесуари для ноутбуків,Зарядні пристрої та блоки живлення для ноутбуків,,Зарядні пристрої та блоки живлення для ноутбуків,
189,Електроніка,"Комп'ютери, ноутбуки та планшети",Аксесуари для ноутбуків,Підставки для ноутбуків,,Підставки для ноутбуків,
6062,Електроніка,"Комп'ютери, ноутбуки та планшети",Аксесуари для планшетів,Аксесуари для графічних планшетів,,Аксесуари для графічних планшетів,
7613,Електроніка,"Комп'ютери, ноутбуки та планшети",Аксесуари для планшетів,Захисне скло для планшетів,,Захисне скло для планшетів,
7614,Електроніка,"Комп'ютери, ноутбуки та планшети",Аксесуари для планшетів,Стилуси,,Стилуси,
2530,Електроніка,"Комп'ютери, ноутбуки та планшети",Аксесуари для планшетів,Чохли для планшетів,,Чохли для планшетів,
2542,Електроніка,"Комп'ютери, ноутбуки та планшети",Комп'ютерні комплектуючі,Блоки живлення,,Блоки живлення,
367,Електроніка,"Комп'ютери, ноутбуки та планшети",Комп'ютерні комплектуючі,Відеокарти,,Відеокарти,
195,Електроніка,"Комп'ютери, ноутбуки та планшети",Комп'ютерні комплектуючі,Жорсткі диски,,Жорсткі диски,
372,Електроніка,"Комп'ютери, ноутбуки та планшети",Комп'ютерні комплектуючі,Звукові карти,,Звукові карти,
368,Електроніка,"Комп'ютери, ноутбуки та планшети",Комп'ютерні комплектуючі,Кишені для жорстких дисків,,Кишені для жорстких дисків,
7717,Електроніка,"Комп'ютери, ноутбуки та планшети",Комп'ютерні комплектуючі,Комплектуючі для мікрокомп'ютерів,,Комплектуючі для мікрокомп'ютерів,
8476,Електроніка,"Комп'ютери, ноутбуки та планшети",Комп'ютерні комплектуючі,Комплектуючі та обладнання для майнінгу,Апаратні ключі,Апаратні ключі,
8223,Електроніка,"Комп'ютери, ноутбуки та планшети",Комп'ютерні комплектуючі,Комплектуючі та обладнання для майнінгу,Гаманці для криптовалют,Гаманці для криптовалют,
8799,Електроніка,"Комп'ютери, ноутбуки та планшети",Комп'ютерні комплектуючі,Комплектуючі та обладнання для майнінгу,Майнери,Майнери,
370,Електроніка,"Комп'ютери, ноутбуки та планшети",Комп'ютерні комплектуючі,Корпуси для ПК,,Корпуси для ПК,
373,Електроніка,"Комп'ютери, ноутбуки та планшети",Комп'ютерні комплектуючі,Кулери для ПК,,Кулери для ПК,
369,Електроніка,"Комп'ютери, ноутбуки та планшети",Комп'ютерні комплектуючі,Материнські плати,,Материнські плати,
6338,Електроніка,"Комп'ютери, ноутбуки та планшети",Комп'ютерні комплектуючі,Мережеві сховища (NAS),,Мережеві сховища (NAS),
7685,Електроніка,"Комп'ютери, ноутбуки та планшети",Комп'ютерні комплектуючі,Мікрокомп'ютери,,Мікрокомп'ютери,
374,Електроніка,"Комп'ютери, ноутбуки та планшети",Комп'ютерні комплектуючі,Оперативна пам'ять,,Оперативна пам'ять,
366,Електроніка,"Комп'ютери, ноутбуки та планшети",Комп'ютерні комплектуючі,Оптичні приводи,,Оптичні приводи,
371,Електроніка,"Комп'ютери, ноутбуки та планшети",Комп'ютерні комплектуючі,Процесори,,Процесори,
2537,Електроніка,"Комп'ютери, ноутбуки та планшети",Комп'ютерні комплектуючі,SSD-диски,,SSD-диски,
180,Електроніка,"Комп'ютери, ноутбуки та планшети",Моноблоки,,,Моноблоки,
179,Електроніка,"Комп'ютери, ноутбуки та планшети",Ноутбуки,,,Ноутбуки,
177,Електроніка,"Комп'ютери, ноутбуки та планшети",Планшети,,,Планшети,
398,Електроніка,"Комп'ютери, ноутбуки та планшети",Сервери,,,Сервери,
363,Електроніка,"Комп'ютери, ноутбуки та планшети",Системні блоки (ПК),,,Системні блоки (ПК),
8649,Електроніка,Комп'ютерна периферія,Аксесуари для пристроїв введення,,,Аксесуари для пристроїв введення,
192,Електроніка,Комп'ютерна периферія,Веб-камери,,,Веб-камери,
6819,Електроніка,Комп'ютерна периферія,Графічні планшети,,,Графічні планшети,
210,Електроніка,Комп'ютерна периферія,Картрідери та USB-хаби,,,Картрідери та USB-хаби,
214,Електроніка,Комп'ютерна периферія,Килимки для мишок,,,Килимки для мишок,
3483,Електроніка,Комп'ютерна периферія,Клавіатури,,,Клавіатури,
193,Електроніка,Комп'ютерна периферія,Клавіатури та миші в комплекті,,,Клавіатури та миші в комплекті,
8478,Електроніка,Комп'ютерна периферія,Колонки для ПК,,,Колонки для ПК,
3484,Електроніка,Комп'ютерна периферія,Комп'ютерні мишки,,,Комп'ютерні мишки,
169,Електроніка,Комп'ютерна периферія,Мікрофони,,,Мікрофони,
199,Електроніка,Комп'ютерна периферія,Мобільний Інтернет,,,Мобільний Інтернет,
194,Електроніка,Комп'ютерна периферія,Флеш-пам'ять USB,,,Флеш-пам'ять USB,
394,Електроніка,Мережеве обладнання,Антени для Wi-Fi,,,Антени для Wi-Fi,
392,Електроніка,Мережеве обладнання,Комутатори (світчі),,,Комутатори (світчі),
200,Електроніка,Мережеве обладнання,Маршрутизатори та Wi-Fi-роутери,,,Маршрутизатори та Wi-Fi-роутери,
404,Електроніка,Мережеве обладнання,Мережеві адаптери та карти,,,Мережеві адаптери та карти,
8727,Електроніка,Мережеве обладнання,Мережеві конектори,,,Мережеві конектори,
209,Електроніка,Мережеве обладнання,Патч-корди,,,Патч-корди,
8105,Електроніка,Мережеве обладнання,Підсилювачі мобільного зв'язку,,,Підсилювачі мобільного зв'язку,
8699,Електроніка,Мережеве обладнання,Ретранслятори Wi-Fi,,,Ретранслятори Wi-Fi,
400,Електроніка,Мережеве обладнання,Точки доступу Wi-Fi,,,Точки доступу Wi-Fi,
2543,Електроніка,Мобільні телефони,Акумулятори для мобільних телефонів,,,Акумулятори для мобільних телефонів,
2546,Електроніка,Мобільні телефони,Гарнітури,,,Гарнітури,
2539,Електроніка,Мобільні телефони,Зарядні пристрої для телефонів,,,Зарядні пристрої для телефонів,
215,Електроніка,Мобільні телефони,Захисне скло,,,Захисне скло,
3485,Електроніка,Мобільні телефони,Карти пам'яті,,,Карти пам'яті,
7299,Електроніка,Мобільні телефони,Кнопкові телефони,,,Кнопкові телефони,
6360,Електроніка,Мобільні телефони,Об'єктиви для мобільних пристроїв,,,Об'єктиви для мобільних пристроїв,
2540,Електроніка,Мобільні телефони,Повербанки,,,Повербанки,
2545,Електроніка,Мобільні телефони,Селфі-моноподи,,,Селфі-моноподи,
176,Електроніка,Мобільні телефони,Смартфони,,,Смартфони,
6716,Електроніка,Мобільні телефони,Чохли для мобільних телефонів,Універсальні чохли для телефонів,,Універсальні чохли для телефонів,
6699,Електроніка,Мобільні телефони,Чохли для мобільних телефонів,Чохли для телефонів Apple,,Чохли для телефонів Apple,
6773,Електроніка,Мобільні телефони,Чохли для мобільних телефонів,Чохли для телефонів Asus,,Чохли для телефонів Asus,
6701,Електроніка,Мобільні телефони,Чохли для мобільних телефонів,Чохли для телефонів Bravis,,Чохли для телефонів Bravis,
6702,Електроніка,Мобільні телефони,Чохли для мобільних телефонів,Чохли для телефонів Doogee,,Чохли для телефонів Doogee,
6695,Електроніка,Мобільні телефони,Чохли для мобільних телефонів,Чохли для телефонів Honor,,Чохли для телефонів Honor,
6775,Електроніка,Мобільні телефони,Чохли для мобільних телефонів,Чохли для телефонів HTC,,Чохли для телефонів HTC,
6707,Електроніка,Мобільні телефони,Чохли для мобільних телефонів,Чохли для телефонів Huawei,,Чохли для телефонів Huawei,
8783,Електроніка,Мобільні телефони,Чохли для мобільних телефонів,Чохли для телефонів Infinix,,Чохли для телефонів Infinix,
6709,Електроніка,Мобільні телефони,Чохли для мобільних телефонів,Чохли для телефонів Lenovo,,Чохли для телефонів Lenovo,
6777,Електроніка,Мобільні телефони,Чохли для мобільних телефонів,Чохли для телефонів LG,,Чохли для телефонів LG,
6772,Електроніка,Мобільні телефони,Чохли для мобільних телефонів,Чохли для телефонів Meizu,,Чохли для телефонів Meizu,
6771,Електроніка,Мобільні телефони,Чохли для мобільних телефонів,Чохли для телефонів Motorola,,Чохли для телефонів Motorola,
6770,Електроніка,Мобільні телефони,Чохли для мобільних телефонів,Чохли для телефонів Nokia,,Чохли для телефонів Nokia,
6774,Електроніка,Мобільні телефони,Чохли для мобільних телефонів,Чохли для телефонів OnePlus,,Чохли для телефонів OnePlus,
8229,Електроніка,Мобільні телефони,Чохли для мобільних телефонів,Чохли для телефонів OPPO,,Чохли для телефонів OPPO,
8369,Електроніка,Мобільні телефони,Чохли для мобільних телефонів,Чохли для телефонів realme,,Чохли для телефонів realme,
6711,Електроніка,Мобільні телефони,Чохли для мобільних телефонів,Чохли для телефонів Samsung,,Чохли для телефонів Samsung,
6769,Електроніка,Мобільні телефони,Чохли для мобільних телефонів,Чохли для телефонів Sony,,Чохли для телефонів Sony,
8227,Електроніка,Мобільні телефони,Чохли для мобільних телефонів,Чохли для телефонів Tecno,,Чохли для телефонів Tecno,
8371,Електроніка,Мобільні телефони,Чохли для мобільних телефонів,Чохли для телефонів Vivo,,Чохли для телефонів Vivo,
6712,Електроніка,Мобільні телефони,Чохли для мобільних телефонів,Чохли для телефонів Xiaomi,,Чохли для телефонів Xiaomi,
6715,Електроніка,Мобільні телефони,Чохли для мобільних телефонів,Чохли для телефонів ZTE,,Чохли для телефонів ZTE,
8711,Електроніка,Мобільні телефони,Чохли для мобільних телефонів,Чохли-повербанки,,Чохли-повербанки,
185,Електроніка,Монітори,,,,Монітори,
8289,Електроніка,Навушники та аксесуари,Аксесуари для навушників,,,Аксесуари для навушників,
197,Електроніка,Навушники та аксесуари,Навушники,,,Навушники,
7242,Електроніка,Навушники та аксесуари,Чохли для навушників,,,Чохли для навушників,
7356,Електроніка,Носимі гаджети,Аксесуари для носимих гаджетів,Аксесуари для пошукових брелоків,,Аксесуари для пошукових брелоків,
6550,Електроніка,Носимі гаджети,Аксесуари для носимих гаджетів,Аксесуари для смарт-годинників,,Аксесуари для смарт-годинників,
7355,Електроніка,Носимі гаджети,Аксесуари для носимих гаджетів,Аксесуари для фітнес-браслетів,,Аксесуари для фітнес-браслетів,
7877,Електроніка,Носимі гаджети,Окуляри віртуальної реальності,,,Окуляри віртуальної реальності,
7608,Електроніка,Носимі гаджети,Пошукові брелоки,,,Пошукові брелоки,
388,Електроніка,Носимі гаджети,Смарт-годинники,,,Смарт-годинники,
7301,Електроніка,Носимі гаджети,Фітнес-браслети,,,Фітнес-браслети,
8097,Електроніка,Оргтехніка,БФП,,,БФП,
187,Електроніка,Оргтехніка,Витратні матеріали для принтерів та БФП,,,Витратні матеріали для принтерів та БФП,
362,Електроніка,Оргтехніка,Екрани для проєкторів,,,Екрани для проєкторів,
7305,Електроніка,Оргтехніка,Інтерактивні дошки,,,Інтерактивні дошки,
8654,Електроніка,Оргтехніка,Кронштейни для проєкторів,,,Кронштейни для проєкторів,
8723,Електроніка,Оргтехніка,Плотери,,,Плотери,
181,Електроніка,Оргтехніка,Принтери,,,Принтери,
186,Електроніка,Оргтехніка,Проєктори,,,Проєктори,
184,Електроніка,Оргтехніка,Сканери,,,Сканери,
359,Електроніка,Оргтехніка,Телефонія,АТС та продукти VoIP,,АТС та продукти VoIP,
174,Електроніка,Оргтехніка,Телефонія,Стаціонарні телефони,,Стаціонарні телефони,
358,Електроніка,Оргтехніка,Телефонія,Факси,,Факси,
196,Електроніка,Портативні колонки,,,,Портативні колонки,
5060,Електроніка,Послуги з категорії «Електроніка»,,,,Послуги з категорії «Електроніка»,
9012,Електроніка,Програмне забезпечення та послуги,Антивіруси,,,Антивіруси,
9008,Електроніка,Програмне забезпечення та послуги,Операційні системи,,,Операційні системи,
9010,Електроніка,Програмне забезпечення та послуги,Офісні програми,,,Офісні програми,
9006,Електроніка,Програмне забезпечення та послуги,Програмне забезпечення,,,Програмне забезпечення,
173,Електроніка,Теле- та аудіотехніка,Аксесуари для теле- та аудіотехніки,,,Аксесуари для теле- та аудіотехніки,
7799,Електроніка,Теле- та аудіотехніка,Активні акустичні системи,,,Активні акустичні системи,
4908,Електроніка,Теле- та аудіотехніка,Акустика Hi-Fi,,,Акустика Hi-Fi,
2554,Електроніка,Теле- та аудіотехніка,Антени для телевізорів,,,Антени для телевізорів,
8622,Електроніка,Теле- та аудіотехніка,Вінілові платівки,,,Вінілові платівки,
8081,Електроніка,Теле- та аудіотехніка,Гучномовці,,,Гучномовці,
2551,Електроніка,Теле- та аудіотехніка,Диктофони,,,Диктофони,
162,Електроніка,Теле- та аудіотехніка,Домашні кінотеатри,,,Домашні кінотеатри,
6439,Електроніка,Теле- та аудіотехніка,Електронні перекладачі,,,Електронні перекладачі,
361,Електроніка,Теле- та аудіотехніка,Інформаційні дисплеї,,,Інформаційні дисплеї,
7816,Електроніка,Теле- та аудіотехніка,Караоке-системи,,,Караоке-системи,
355,Електроніка,Теле- та аудіотехніка,Кріплення для ТВ,,,Кріплення для ТВ,
4907,Електроніка,Теле- та аудіотехніка,Магнітоли,,,Магнітоли,
168,Електроніка,Теле- та аудіотехніка,Музичні центри,,,Музичні центри,
4836,Електроніка,Теле- та аудіотехніка,Підставки під ТВ,,,Підставки під ТВ,
6367,Електроніка,Теле- та аудіотехніка,Програвачі вінілу,,,Програвачі вінілу,
170,Електроніка,Теле- та аудіотехніка,Радіоприймачі,,,Радіоприймачі,
6644,Електроніка,Теле- та аудіотехніка,Рамки для телевізорів,,,Рамки для телевізорів,
7905,Електроніка,Теле- та аудіотехніка,Смарт-приставки,,,Смарт-приставки,
6363,Електроніка,Теле- та аудіотехніка,Стереопідсилювачі,,,Стереопідсилювачі,
161,Електроніка,Теле- та аудіотехніка,Телевізори,,,Телевізори,
2552,Електроніка,Теле- та аудіотехніка,Тюнери Т2 і TV-ресивери,,,Тюнери Т2 і TV-ресивери,
6362,Електроніка,Теле- та аудіотехніка,Універсальні пульти ДК,,,Універсальні пульти ДК,
167,Електроніка,Теле- та аудіотехніка,MP3-плеєри,,,MP3-плеєри,
2538,Електроніка,Фото- та відеотехніка,Аксесуари для екшн-камер,,,Аксесуари для екшн-камер,
208,Електроніка,Фото- та відеотехніка,Аксесуари для фото- та відеотехніки,,,Аксесуари для фото- та відеотехніки,
2535,Електроніка,Фото- та відеотехніка,Акумулятори для фото- та відеокамер,,,Акумулятори для фото- та відеокамер,
728,Електроніка,Фото- та відеотехніка,Витратні матеріали та запчастини до фотолабораторій,,,Витратні матеріали та запчастини до фотолабораторій,
207,Електроніка,Фото- та відеотехніка,Екшн-камери,,,Екшн-камери,
2536,Електроніка,Фото- та відеотехніка,Зарядні пристрої для фото- та відеокамер,,,Зарядні пристрої для фото- та відеокамер,
376,Електроніка,Фото- та відеотехніка,Об'єктиви,,,Об'єктиви,
2532,Електроніка,Фото- та відеотехніка,Світлофільтри,,,Світлофільтри,
6436,Електроніка,Фото- та відеотехніка,Стедіками,,,Стедіками,
2531,Електроніка,Фото- та відеотехніка,Сумки і чохли для фото та відео,,,Сумки і чохли для фото та відео,
205,Електроніка,Фото- та відеотехніка,Фотоапарати,,,Фотоапарати,
375,Електроніка,Фото- та відеотехніка,Фотоосвітлення,,,Фотоосвітлення,
377,Електроніка,Фото- та відеотехніка,Штативи,,,Штативи,
4852,Зоотовари,Акваріуми,Акваріуми і тераріуми,,,Акваріуми і тераріуми,
7692,Зоотовари,Акваріуми,Акваріумні рибки,,,Акваріумні рибки,
4861,Зоотовари,Акваріуми,Декор та ґрунти для акваріума,,,Декор та ґрунти для акваріума,
4849,Зоотовари,Акваріуми,Догляд за акваріумом,,,Догляд за акваріумом,
4858,Зоотовари,Акваріуми,Обладнання для акваріума,,,Обладнання для акваріума,
4860,Зоотовари,Акваріуми,Тумби та підставки для акваріума,,,Тумби та підставки для акваріума,
7375,Зоотовари,Амуніція для тварин,Адресники для собак,,,Адресники для собак,
7374,Зоотовари,Амуніція для тварин,Карабіни для повідців,,,Карабіни для повідців,
7371,Зоотовари,Амуніція для тварин,Намордники для собак,,,Намордники для собак,
7372,Зоотовари,Амуніція для тварин,Нашийники для тварин,,,Нашийники для тварин,
7373,Зоотовари,Амуніція для тварин,Повідці для тварин,,,Повідці для тварин,
7376,Зоотовари,Амуніція для тварин,Шлейки для тварин,,,Шлейки для тварин,
7602,Зоотовари,Догляд та гігієна тварин,Догляд за пащею тварин,,,Догляд за пащею тварин,
4851,Зоотовари,Догляд та гігієна тварин,Засоби від паразитів для тварин,,,Засоби від паразитів для тварин,
4853,Зоотовари,Догляд та гігієна тварин,Засоби для виховання тварин,,,Засоби для виховання тварин,
4854,Зоотовари,Догляд та гігієна тварин,Інструменти для догляду за тваринами,,,Інструменти для догляду за тваринами,
7335,Зоотовари,Догляд та гігієна тварин,Косметика для тварин,Бальзами для тварин,,Бальзами для тварин,
7344,Зоотовари,Догляд та гігієна тварин,Косметика для тварин,Пелюшки для собак,,Пелюшки для собак,
7334,Зоотовари,Догляд та гігієна тварин,Косметика для тварин,Шампуні для тварин,,Шампуні для тварин,
9032,Зоотовари,Догляд та гігієна тварин,Пилососи для шерсті тварин,,,Пилососи для шерсті тварин,
8751,Зоотовари,Догляд та гігієна тварин,Підгузки для собак,,,Підгузки для собак,
9496,Зоотовари,Здоров'я тварин,Ветеринарні коміри,,,Ветеринарні коміри,
7360,Зоотовари,Здоров'я тварин,Ветпрепарати для тварин,,,Ветпрепарати для тварин,
7358,Зоотовари,Здоров'я тварин,Вітаміни для тварин,,,Вітаміни для тварин,
7359,Зоотовари,Здоров'я тварин,Засоби від глистів для тварин,,,Засоби від глистів для тварин,
9410,Зоотовари,Іграшки для тварин,Іграшки для собак,,,Іграшки для собак,
9412,Зоотовари,Іграшки для тварин,Іграшки для гризунів,,,Іграшки для гризунів,
9408,Зоотовари,Іграшки для тварин,Іграшки для котів,,,Іграшки для котів,
9414,Зоотовари,Іграшки для тварин,Іграшки для птахів,,,"Іграшки для птахів
",
6353,Зоотовари,Інкубатори,,,,Інкубатори,
7623,Зоотовари,Корм для домашніх тварин,Комбікорм,,,Комбікорм,
4847,Зоотовари,Корм для домашніх тварин,Корм для гризунів,,,Корм для гризунів,
4841,Зоотовари,Корм для домашніх тварин,Корм для екзотичних тварин,,,Корм для екзотичних тварин,
7621,Зоотовари,Корм для домашніх тварин,Корм для корів,,,Корм для корів,
4844,Зоотовари,Корм для домашніх тварин,Корм для котів,,,Корм для котів,
4839,Зоотовари,Корм для домашніх тварин,Корм для птахів,,,Корм для птахів,
4846,Зоотовари,Корм для домашніх тварин,Корм для риб,,,Корм для риб,
7622,Зоотовари,Корм для домашніх тварин,Корм для свиней,,,Корм для свиней,
4842,Зоотовари,Корм для домашніх тварин,Корм для собак,,,Корм для собак,
6051,Зоотовари,Ласощі для котів,,,,Ласощі для котів,
7933,Зоотовари,Ласощі для собак,,,,Ласощі для собак,
7959,Зоотовари,Мурашині ферми,,,,Мурашині ферми,
8972,Зоотовари,Птахівництво,Годівниці для свійської птиці,,,Годівниці для свійської птиці,
8974,Зоотовари,Птахівництво,Курники,,,Курники,
8976,Зоотовари,Птахівництво,Машини для зняття пір'я,,,Машини для зняття пір'я,
8803,Зоотовари,Тваринництво,Доїльне обладнання,,,Доїльне обладнання,
8780,Зоотовари,Тваринництво,Обігрів тварин,,,Обігрів тварин,
7572,Зоотовари,Товари для котів,Кігтеточки для котів,,,Кігтеточки для котів,
8858,Зоотовари,Товари для котів,Одяг для котів,,,Одяг для котів,
7366,Зоотовари,Товари для собак,Одяг для собак,,,Одяг для собак,
7367,Зоотовари,Утримання тварин,Автоматичні годівниці,,,Автоматичні годівниці,
492,Зоотовари,Утримання тварин,Будинки та лежаки для тварин,,,Будинки та лежаки для тварин,
4850,Зоотовари,Утримання тварин,Засоби для прибирання за тваринами,,,Засоби для прибирання за тваринами,
5936,Зоотовари,Утримання тварин,Килимки для котячого туалету,,,Килимки для котячого туалету,
8007,Зоотовари,Утримання тварин,Лотки для тварин,,,Лотки для тварин,
501,Зоотовари,Утримання тварин,Наповнювачі для лотків,,,Наповнювачі для лотків,
495,Зоотовари,Утримання тварин,Посуд для тварин,,,Посуд для тварин,
493,Зоотовари,Утримання тварин,"Сумки, клітки та переноски для тварин",,,"Сумки, клітки та переноски для тварин",
7679,Інструменти та обладнання,Будівельне обладнання,Бадді для бетону,,,Бадді для бетону,
2697,Інструменти та обладнання,Будівельне обладнання,Бензорізи,,,Бензорізи,
2682,Інструменти та обладнання,Будівельне обладнання,Бетономішалки,,,Бетономішалки,
5063,Інструменти та обладнання,Будівельне обладнання,Будівельна техніка,,,Будівельна техніка,
2690,Інструменти та обладнання,Будівельне обладнання,Віброноги,,,Віброноги,
2689,Інструменти та обладнання,Будівельне обладнання,Віброплити,,,Віброплити,
2692,Інструменти та обладнання,Будівельне обладнання,Віброрейки,,,Віброрейки,
2693,Інструменти та обладнання,Будівельне обладнання,Глибинні вібратори,,,Глибинні вібратори,
4054,Інструменти та обладнання,Будівельне обладнання,Драбини,Драбини будівельні,,Драбини будівельні,
4056,Інструменти та обладнання,Будівельне обладнання,Драбини,Помости,,Помости,
4055,Інструменти та обладнання,Будівельне обладнання,Драбини,Стрем'янки,,Стрем'янки,
4057,Інструменти та обладнання,Будівельне обладнання,Драбини,Сходи на горище,,Сходи на горище,
4152,Інструменти та обладнання,Будівельне обладнання,Драбини,Сходові марші,Балясини та стовпи,Балясини та стовпи,
4155,Інструменти та обладнання,Будівельне обладнання,Драбини,Сходові марші,Додаткові елементи для сходів,Додаткові елементи для сходів,
4153,Інструменти та обладнання,Будівельне обладнання,Драбини,Сходові марші,Косоури та майданчики,Косоури та майданчики,
4150,Інструменти та обладнання,Будівельне обладнання,Драбини,Сходові марші,Модульні сходи,Модульні сходи,
4154,Інструменти та обладнання,Будівельне обладнання,Драбини,Сходові марші,Поручні та перила,Поручні та перила,
4151,Інструменти та обладнання,Будівельне обладнання,Драбини,Сходові марші,Сходинки та підсхідці,Сходинки та підсхідці,
2686,Інструменти та обладнання,Будівельне обладнання,Електротельфери,,,Електротельфери,
9104,Інструменти та обладнання,Будівельне обладнання,Запчастини для будівельної техніки,Запчастини для бензорізів,,Запчастини для бензорізів,
9106,Інструменти та обладнання,Будівельне обладнання,Запчастини для будівельної техніки,Запчастини для бетонозмішувачів,,Запчастини для бетонозмішувачів,
9110,Інструменти та обладнання,Будівельне обладнання,Запчастини для будівельної техніки,Запчастини для бурильного обладнання,,Запчастини для бурильного обладнання,
9108,Інструменти та обладнання,Будівельне обладнання,Запчастини для будівельної техніки,Запчастини для віброобладнання,,Запчастини для віброобладнання,
9102,Інструменти та обладнання,Будівельне обладнання,Запчастини для будівельної техніки,Запчастини для фарбувального обладнання,,Запчастини для фарбувального обладнання,
9174,Інструменти та обладнання,Будівельне обладнання,Запчастини для будівельної техніки,Запчастини для фарбувального обладнання,Блоки керування для фарбувального обладнання,Блоки керування для фарбувального обладнання,
9162,Інструменти та обладнання,Будівельне обладнання,Запчастини для будівельної техніки,Запчастини для фарбувального обладнання,Витратні матеріали для фарбувального обладнання,Витратні матеріали для фарбувального обладнання,
9172,Інструменти та обладнання,Будівельне обладнання,Запчастини для будівельної техніки,Запчастини для фарбувального обладнання,Двигуни для фарбувального обладнання,Двигуни для фарбувального обладнання,
9164,Інструменти та обладнання,Будівельне обладнання,Запчастини для будівельної техніки,Запчастини для фарбувального обладнання,З’єднувальна арматура для фарбувального обладнання,З’єднувальна арматура для фарбувального обладнання,
9166,Інструменти та обладнання,Будівельне обладнання,Запчастини для будівельної техніки,Запчастини для фарбувального обладнання,Комплектуючі для ремонту фарбувального обладнання,Комплектуючі для ремонту фарбувального обладнання,
9178,Інструменти та обладнання,Будівельне обладнання,Запчастини для будівельної техніки,Запчастини для фарбувального обладнання,Сопла та соплотримачі для фарбувального обладнання,Сопла та соплотримачі для фарбувального обладнання,
9170,Інструменти та обладнання,Будівельне обладнання,Запчастини для будівельної техніки,Запчастини для фарбувального обладнання,Фільтри для фарбувального обладнання,Фільтри для фарбувального обладнання,
9176,Інструменти та обладнання,Будівельне обладнання,Запчастини для будівельної техніки,Запчастини для фарбувального обладнання,Шланги для фарбувального обладнання,Шланги для фарбувального обладнання,
9100,Інструменти та обладнання,Будівельне обладнання,Запчастини для будівельної техніки,Запчастини для штукатурних станцій,,Запчастини для штукатурних станцій,
9222,Інструменти та обладнання,Будівельне обладнання,Запчастини для будівельної техніки,Запчастини для обладнання для стяжки підлоги,,Запчастини для обладнання для стяжки підлоги,
2694,Інструменти та обладнання,Будівельне обладнання,Затиральні машини для бетону,,,Затиральні машини для бетону,
7906,Інструменти та обладнання,Будівельне обладнання,Інструмент для газобетону,,,Інструмент для газобетону,
2687,Інструменти та обладнання,Будівельне обладнання,Каретки і кран-балки для талів,,,Каретки і кран-балки для талів,
9406,Інструменти та обладнання,Будівельне обладнання,Комплектуючі для мотобурів,,,Комплектуючі для мотобурів,
7194,Інструменти та обладнання,Будівельне обладнання,Ручні лебідки,,,Ручні лебідки,
460,Інструменти та обладнання,Будівельне обладнання,Мотобури,,,Мотобури,
2696,Інструменти та обладнання,Будівельне обладнання,Паркетошліфувальні машини,,,Паркетошліфувальні машини,
2683,Інструменти та обладнання,Будівельне обладнання,Плиткорізи,,,Плиткорізи,
2685,Інструменти та обладнання,Будівельне обладнання,Талі,,,Талі,
6704,Інструменти та обладнання,Будівельне обладнання,Установки алмазного свердління,,,Установки алмазного свердління,
9498,Інструменти та обладнання,Будівельне обладнання,Шнеки для мотобурів,,,Шнеки для мотобурів,
6325,Інструменти та обладнання,Будівельне обладнання,Штукатурні станції,,,Штукатурні станції,
2644,Інструменти та обладнання,Вимірювальний інструмент,Далекоміри,,,Далекоміри,
2819,Інструменти та обладнання,Вимірювальний інструмент,Детектори,Алкотестери,,Алкотестери,
2808,Інструменти та обладнання,Вимірювальний інструмент,Детектори,Відеоскопи,,Відеоскопи,
2802,Інструменти та обладнання,Вимірювальний інструмент,Детектори,Вологоміри,,Вологоміри,
2800,Інструменти та обладнання,Вимірювальний інструмент,Детектори,Газоаналізатори,,Газоаналізатори,
2799,Інструменти та обладнання,Вимірювальний інструмент,Детектори,Детектори прихованої проводки,,Детектори прихованої проводки,
6782,Інструменти та обладнання,Вимірювальний інструмент,Детектори,Динамометри,,Динамометри,
2812,Інструменти та обладнання,Вимірювальний інструмент,Детектори,Дифманометри,,Дифманометри,
2818,Інструменти та обладнання,Вимірювальний інструмент,Детектори,Дозиметри,,Дозиметри,
2805,Інструменти та обладнання,Вимірювальний інструмент,Детектори,Люксметри,,Люксметри,
2798,Інструменти та обладнання,Вимірювальний інструмент,Детектори,Металошукачі,,Металошукачі,
4987,Інструменти та обладнання,Вимірювальний інструмент,Детектори,Мультиметри,,Мультиметри,
2801,Інструменти та обладнання,Вимірювальний інструмент,Детектори,Пірометри,,Пірометри,
9150,Інструменти та обладнання,Вимірювальний інструмент,Детектори,Рефрактометри,,Рефрактометри,
2814,Інструменти та обладнання,Вимірювальний інструмент,Детектори,Тахометри,,Тахометри,
2809,Інструменти та обладнання,Вимірювальний інструмент,Детектори,Тепловізори будівельні,,Тепловізори будівельні,
2811,Інструменти та обладнання,Вимірювальний інструмент,Детектори,Термоанемометри,,Термоанемометри,
2807,Інструменти та обладнання,Вимірювальний інструмент,Детектори,Термогігрометри,,Термогігрометри,
8111,Інструменти та обладнання,Вимірювальний інструмент,Детектори,"Тестери для води, повітря, ґрунту",,"Тестери для води, повітря, ґрунту",
2803,Інструменти та обладнання,Вимірювальний інструмент,Детектори,Товщиноміри,,Товщиноміри,
2804,Інструменти та обладнання,Вимірювальний інструмент,Детектори,Шумоміри,,Шумоміри,
2645,Інструменти та обладнання,Вимірювальний інструмент,Кутники,,,Кутники,
2646,Інструменти та обладнання,Вимірювальний інструмент,Кутоміри,,,Кутоміри,
2647,Інструменти та обладнання,Вимірювальний інструмент,Лінійки будівельні,,,Лінійки будівельні,
2648,Інструменти та обладнання,Вимірювальний інструмент,Маркери та олівці будівельні,,,Маркери та олівці будівельні,
2649,Інструменти та обладнання,Вимірювальний інструмент,Нівеліри,,,Нівеліри,
2650,Інструменти та обладнання,Вимірювальний інструмент,Правила,,,Правила,
2651,Інструменти та обладнання,Вимірювальний інструмент,Рівні,,,Рівні,
2652,Інструменти та обладнання,Вимірювальний інструмент,Рулетки,,,Рулетки,
8932,Інструменти та обладнання,Вимірювальний інструмент,Шаблони будівельні,,,Шаблони будівельні,
2653,Інструменти та обладнання,Вимірювальний інструмент,Шнури та фарби розмічальні,,,Шнури та фарби розмічальні,
2654,Інструменти та обладнання,Вимірювальний інструмент,Штангенциркулі,,,Штангенциркулі,
2655,Інструменти та обладнання,Вимірювальний інструмент,Штативи для нівелірів,,,Штативи для нівелірів,
2588,Інструменти та обладнання,Витратні матеріали,Акумулятори та зарядні пристрої для інструментів,,,Акумулятори та зарядні пристрої для інструментів,
2590,Інструменти та обладнання,Витратні матеріали,Біти для шуруповерта,,,Біти для шуруповерта,
2591,Інструменти та обладнання,Витратні матеріали,Бури та зубила,,,Бури та зубила,
2592,Інструменти та обладнання,Витратні матеріали,Витратні матеріали для паяння,,,Витратні матеріали для паяння,
2589,Інструменти та обладнання,Витратні матеріали,Диски алмазні,,,Диски алмазні,
2593,Інструменти та обладнання,Витратні матеріали,Диски пиляльні,,,Диски пиляльні,
2605,Інструменти та обладнання,Витратні матеріали,Комплектуючі до електроінструмента,,,Комплектуючі до електроінструмента,
2595,Інструменти та обладнання,Витратні матеріали,Коронки та кільцеві пили,,,Коронки та кільцеві пили,
2587,Інструменти та обладнання,Витратні матеріали,Круги відрізні,,,Круги відрізні,
8576,Інструменти та обладнання,Витратні матеріали,Кульки для підшипників,,,Кульки для підшипників,
2607,Інструменти та обладнання,Витратні матеріали,Мішки для пилососа,,,Мішки для пилососа,
2608,Інструменти та обладнання,Витратні матеріали,Насадки для мультиінструменту,,,Насадки для мультиінструменту,
2602,Інструменти та обладнання,Витратні матеріали,Ножі для електрорубанка,,,Ножі для електрорубанка,
3015,Інструменти та обладнання,Витратні матеріали,Патрони для дрилів,,,Патрони для дрилів,
2597,Інструменти та обладнання,Витратні матеріали,Пилки для лобзика,,,Пилки для лобзика,
2606,Інструменти та обладнання,Витратні матеріали,Підшипники,,,Підшипники,
3016,Інструменти та обладнання,Витратні матеріали,Ролики до плиткорізів,,,Ролики до плиткорізів,
2598,Інструменти та обладнання,Витратні матеріали,Свердла,,,Свердла,
2599,Інструменти та обладнання,Витратні матеріали,Скоби для степлера,,,Скоби для степлера,
2603,Інструменти та обладнання,Витратні матеріали,Стержні клейові,,,Стержні клейові,
2600,Інструменти та обладнання,Витратні матеріали,Фрези,,,Фрези,
3011,Інструменти та обладнання,Витратні матеріали,Шліфування та полірування,Абразивні сітки та губки,,Абразивні сітки та губки,
3013,Інструменти та обладнання,Витратні матеріали,Шліфування та полірування,Бруски шліфувальні,,Бруски шліфувальні,
3007,Інструменти та обладнання,Витратні матеріали,Шліфування та полірування,Кордщітки,,Кордщітки,
3009,Інструменти та обладнання,Витратні матеріали,Шліфування та полірування,Круги на липучці,,Круги на липучці,
3010,Інструменти та обладнання,Витратні матеріали,Шліфування та полірування,Круги пелюсткові,,Круги пелюсткові,
2596,Інструменти та обладнання,Витратні матеріали,Шліфування та полірування,Наждачний папір,,Наждачний папір,
3012,Інструменти та обладнання,Витратні матеріали,Шліфування та полірування,Оснащення для полірування та шліфування,,Оснащення для полірування та шліфування,
3008,Інструменти та обладнання,Витратні матеріали,Шліфування та полірування,Стрічки безкінцеві,,Стрічки безкінцеві,
3014,Інструменти та обладнання,Витратні матеріали,Шліфування та полірування,Чашки шліфувальні,,Чашки шліфувальні,
2572,Інструменти та обладнання,Електроінструменти,Багатофункціональний інструмент,,,Багатофункціональний інструмент,
2565,Інструменти та обладнання,Електроінструменти,Болгарки,,,Болгарки,
4693,Інструменти та обладнання,Електроінструменти,Викрутки акумуляторні,,,Викрутки акумуляторні,
2571,Інструменти та обладнання,Електроінструменти,Відбійні молотки,,,Відбійні молотки,
2567,Інструменти та обладнання,Електроінструменти,Гайковерти,,,Гайковерти,
5313,Інструменти та обладнання,Електроінструменти,Гравери,,,Гравери,
2568,Інструменти та обладнання,Електроінструменти,Дискові пили,,,Дискові пили,
2569,Інструменти та обладнання,Електроінструменти,Дрилі,,,Дрилі,
2570,Інструменти та обладнання,Електроінструменти,Електролобзики,,,Електролобзики,
2574,Інструменти та обладнання,Електроінструменти,Електроножиці,,,Електроножиці,
2579,Інструменти та обладнання,Електроінструменти,Електрорубанки,,,Електрорубанки,
7238,Інструменти та обладнання,Електроінструменти,Запчастини до електроінструменту,,,Запчастини до електроінструменту,
8676,Інструменти та обладнання,Електроінструменти,Міксери будівельні,,,Міксери будівельні,
2573,Інструменти та обладнання,Електроінструменти,Набори електроінструментів,,,Набори електроінструментів,
2575,Інструменти та обладнання,Електроінструменти,Паяльники та випалювачі,,,Паяльники та випалювачі,
2576,Інструменти та обладнання,Електроінструменти,Перфоратори,,,Перфоратори,
2577,Інструменти та обладнання,Електроінструменти,Пістолети клейові,,,Пістолети клейові,
7867,Інструменти та обладнання,Електроінструменти,Полірувальні машини,,,Полірувальні машини,
2581,Інструменти та обладнання,Електроінструменти,Степлери електричні,,,Степлери електричні,
2583,Інструменти та обладнання,Електроінструменти,Фарборозпилювачі,,,Фарборозпилювачі,
2582,Інструменти та обладнання,Електроінструменти,Фени будівельні,,,Фени будівельні,
2584,Інструменти та обладнання,Електроінструменти,Фрезери,,,Фрезери,
2580,Інструменти та обладнання,Електроінструменти,Шабельні пили,,,Шабельні пили,
2578,Інструменти та обладнання,Електроінструменти,Шліфувальні машини,,,Шліфувальні машини,
2566,Інструменти та обладнання,Електроінструменти,Штроборізи,,,Штроборізи,
2585,Інструменти та обладнання,Електроінструменти,Шуруповерти,,,Шуруповерти,
2785,Інструменти та обладнання,Енергозабезпечення,Автоматичне введення резерву (АВР),,,Автоматичне введення резерву (АВР),
2780,Інструменти та обладнання,Енергозабезпечення,Акумулятори гелеві,,,Акумулятори гелеві,
2779,Інструменти та обладнання,Енергозабезпечення,Вітрогенератори,,,Вітрогенератори,
2776,Інструменти та обладнання,Енергозабезпечення,Генератори,,,Генератори,
7956,Інструменти та обладнання,Енергозабезпечення,Комплектуючі для генераторів,,,Комплектуючі для генераторів,
2781,Інструменти та обладнання,Енергозабезпечення,Контролери заряду АКБ,,,Контролери заряду АКБ,
8435,Інструменти та обладнання,Енергозабезпечення,Контролери захисту обладнання,,,Контролери захисту обладнання,
8491,Інструменти та обладнання,Енергозабезпечення,Накопичувачі енергії,,,Накопичувачі енергії,
1635,Інструменти та обладнання,Енергозабезпечення,Промислові обігрівачі,,,Промислові обігрівачі,
1634,Інструменти та обладнання,Енергозабезпечення,Теплові гармати,,,Теплові гармати,
4845,Інструменти та обладнання,Засоби індивідуального захисту,Засоби захисту органів слуху,,,Засоби захисту органів слуху,
2677,Інструменти та обладнання,Засоби індивідуального захисту,Зварювальні маски,,,Зварювальні маски,
7188,Інструменти та обладнання,Засоби індивідуального захисту,Калоші,,,Калоші,
2670,Інструменти та обладнання,Засоби індивідуального захисту,Каски будівельні,,,Каски будівельні,
2676,Інструменти та обладнання,Засоби індивідуального захисту,Наколінники будівельні,,,Наколінники будівельні,
2672,Інструменти та обладнання,Засоби індивідуального захисту,Окуляри захисні,,,Окуляри захисні,
2671,Інструменти та обладнання,Засоби індивідуального захисту,Респіратори та маски,,,Респіратори та маски,
2674,Інструменти та обладнання,Засоби індивідуального захисту,Рукавиці робочі,,,Рукавиці робочі,
2678,Інструменти та обладнання,Засоби індивідуального захисту,Рукавички та килимки діелектричні,,,Рукавички та килимки діелектричні,
8708,Інструменти та обладнання,Засоби індивідуального захисту,Світловідбиваючі елементи,,,Світловідбиваючі елементи,
8327,Інструменти та обладнання,Засоби індивідуального захисту,Світловідбивна стрічка,,,Світловідбивна стрічка,
2680,Інструменти та обладнання,Засоби індивідуального захисту,Спецвзуття,,,Спецвзуття,
2679,Інструменти та обладнання,Засоби індивідуального захисту,Спецодяг,,,Спецодяг,
2675,Інструменти та обладнання,Засоби індивідуального захисту,Страхувальні пояси,,,Страхувальні пояси,
4692,Інструменти та обладнання,Засоби індивідуального захисту,Стрічки сигнальні,,,Стрічки сигнальні,
2718,Інструменти та обладнання,Зварювальне обладнання,Газозварювальне обладнання,Зварювальні рукави,,Зварювальні рукави,
2708,Інструменти та обладнання,Зварювальне обладнання,Газозварювальне обладнання,Редуктори газові,,Редуктори газові,
2705,Інструменти та обладнання,Зварювальне обладнання,Газозварювальне обладнання,Різаки газові,,Різаки газові,
2594,Інструменти та обладнання,Зварювальне обладнання,Електроди та зварювальний дріт,,,Електроди та зварювальний дріт,
2604,Інструменти та обладнання,Зварювальне обладнання,Зварювальні комплектуючі,,,Зварювальні комплектуючі,
2699,Інструменти та обладнання,Зварювальне обладнання,Інвертори зварювальні,,,Інвертори зварювальні,
2701,Інструменти та обладнання,Зварювальне обладнання,Напівавтомати зварювальні,,,Напівавтомати зварювальні,
7362,Інструменти та обладнання,Зварювальне обладнання,Обладнання для зварювання пластмас,,,Обладнання для зварювання пластмас,
2703,Інструменти та обладнання,Зварювальне обладнання,Паяльні лампи,,,Паяльні лампи,
2702,Інструменти та обладнання,Зварювальне обладнання,Плазморізи,,,Плазморізи,
9228,Інструменти та обладнання,Зварювальне обладнання,Індукційні нагрівачі,,,Індукційні нагрівачі,
2787,Інструменти та обладнання,Малярний та оздоблювальний інструмент,Валики голчасті,,,Валики голчасті,
2658,Інструменти та обладнання,Малярний та оздоблювальний інструмент,Валики малярні,,,Валики малярні,
2661,Інструменти та обладнання,Малярний та оздоблювальний інструмент,Вінчики та міксери будівельні,,,Вінчики та міксери будівельні,
2664,Інструменти та обладнання,Малярний та оздоблювальний інструмент,Гладилки,,,Гладилки,
2657,Інструменти та обладнання,Малярний та оздоблювальний інструмент,Ємності будівельні,,,Ємності будівельні,
2662,Інструменти та обладнання,Малярний та оздоблювальний інструмент,Кельми будівельні,,,Кельми будівельні,
9520,Інструменти та обладнання,Малярний та оздоблювальний інструмент,Кюветки,,,Кюветки,
2660,Інструменти та обладнання,Малярний та оздоблювальний інструмент,Малярні стрічки та плівки,,,Малярні стрічки та плівки,
3813,Інструменти та обладнання,Малярний та оздоблювальний інструмент,Ножі будівельні,,,Ножі будівельні,
2659,Інструменти та обладнання,Малярний та оздоблювальний інструмент,Пензлі малярні,,,Пензлі малярні,
2667,Інструменти та обладнання,Малярний та оздоблювальний інструмент,Приладдя для укладання плитки,,,Приладдя для укладання плитки,
9514,Інструменти та обладнання,Малярний та оздоблювальний інструмент,Ручки для валиків,,,Ручки для валиків,
2668,Інструменти та обладнання,Малярний та оздоблювальний інструмент,Скребки для оздоблювальних робіт,,,Скребки для оздоблювальних робіт,
2663,Інструменти та обладнання,Малярний та оздоблювальний інструмент,Терки будівельні,,,Терки будівельні,
2666,Інструменти та обладнання,Малярний та оздоблювальний інструмент,Хрестики для плитки,,,Хрестики для плитки,
2665,Інструменти та обладнання,Малярний та оздоблювальний інструмент,Шпателі,,,Шпателі,
3324,Інструменти та обладнання,Малярний та оздоблювальний інструмент,Штампи та трафарети для декору,,,Штампи та трафарети для декору,
7151,Інструменти та обладнання,Пневмоінструмент та обладнання,Аерографи,,,Аерографи,
2770,Інструменти та обладнання,Пневмоінструмент та обладнання,Болгарки пневматичні,,,Болгарки пневматичні,
6621,Інструменти та обладнання,Пневмоінструмент та обладнання,Витратні матеріали для пневмоінструменту,,,Витратні матеріали для пневмоінструменту,
7687,Інструменти та обладнання,Пневмоінструмент та обладнання,Відбійні молотки пневматичні,,,Відбійні молотки пневматичні,
2772,Інструменти та обладнання,Пневмоінструмент та обладнання,Заклепочники пневматичні,,,Заклепочники пневматичні,
2763,Інструменти та обладнання,Пневмоінструмент та обладнання,Комплектуючі до пневмоінструменту,,,Комплектуючі до пневмоінструменту,
2774,Інструменти та обладнання,Пневмоінструмент та обладнання,Набори пневмоінструменту,,,Набори пневмоінструменту,
2768,Інструменти та обладнання,Пневмоінструмент та обладнання,Підготовка повітря,,,Підготовка повітря,
6865,Інструменти та обладнання,Пневмоінструмент та обладнання,Пневмогайковерти,,,Пневмогайковерти,
2765,Інструменти та обладнання,Пневмоінструмент та обладнання,Пневмодрилі,,,Пневмодрилі,
6531,Інструменти та обладнання,Пневмоінструмент та обладнання,Пневмоножиці,,,Пневмоножиці,
6514,Інструменти та обладнання,Пневмоінструмент та обладнання,Пневмопістолети для накачування шин,,,Пневмопістолети для накачування шин,
6509,Інструменти та обладнання,Пневмоінструмент та обладнання,Пневмопістолети для розпилювання і нагнітання,,,Пневмопістолети для розпилювання і нагнітання,
2771,Інструменти та обладнання,Пневмоінструмент та обладнання,Пневмопістолети продувні,,,Пневмопістолети продувні,
2764,Інструменти та обладнання,Пневмоінструмент та обладнання,Пневмостеплери,,,Пневмостеплери,
2769,Інструменти та обладнання,Пневмоінструмент та обладнання,Пневмошліфмашини,,,Пневмошліфмашини,
2766,Інструменти та обладнання,Пневмоінструмент та обладнання,Фарбопульти пневматичні,,,Фарбопульти пневматичні,
2767,Інструменти та обладнання,Пневмоінструмент та обладнання,Фітинги для пневмоінструменту,,,Фітинги для пневмоінструменту,
6559,Інструменти та обладнання,Пневмоінструмент та обладнання,Шланги високого тиску,,,Шланги високого тиску,
6881,Інструменти та обладнання,Послуги з категорії «Інструменти та обладнання»,,,,Послуги з категорії «Інструменти та обладнання»,
1444,Інструменти та обладнання,Ручний інструмент,Автоінструмент,Знімачі універсальні,,Знімачі універсальні,
1405,Інструменти та обладнання,Ручний інструмент,Автоінструмент,Інструмент автоелектрика,,Інструмент автоелектрика,
1443,Інструменти та обладнання,Ручний інструмент,Автоінструмент,Інструмент для ремонту двигуна,,Інструмент для ремонту двигуна,
1404,Інструменти та обладнання,Ручний інструмент,Автоінструмент,Інструмент для рихтування кузова,,Інструмент для рихтування кузова,
1460,Інструменти та обладнання,Ручний інструмент,Автоінструмент,"Шприци для солідолу, масла",,"Шприци для солідолу, масла",
2610,Інструменти та обладнання,Ручний інструмент,Викрутки,,,Викрутки,
2618,Інструменти та обладнання,Ручний інструмент,"Воротки, тріскачки та головки",,,"Воротки, тріскачки та головки",
5962,Інструменти та обладнання,Ручний інструмент,Динамометричні ключі,,,Динамометричні ключі,
2793,Інструменти та обладнання,Ручний інструмент,Електромонтажний інструмент,Інструмент для зняття ізоляції,,Інструмент для зняття ізоляції,
2794,Інструменти та обладнання,Ручний інструмент,Електромонтажний інструмент,Інструмент для різання проводів,,Інструмент для різання проводів,
2792,Інструменти та обладнання,Ручний інструмент,Електромонтажний інструмент,Кримпери,,Кримпери,
2782,Інструменти та обладнання,Ручний інструмент,Електромонтажний інструмент,Монтажні ножі,,Монтажні ножі,
2795,Інструменти та обладнання,Ручний інструмент,Електромонтажний інструмент,Тестери електричні,,Тестери електричні,
3017,Інструменти та обладнання,Ручний інструмент,Заклепники,,,Заклепники,
2616,Інструменти та обладнання,Ручний інструмент,Зубила,,,Зубила,
5097,Інструменти та обладнання,Ручний інструмент,Киянки,,,Киянки,
2617,Інструменти та обладнання,Ручний інструмент,Ключі та набори ключів,,,Ключі та набори ключів,
2640,Інструменти та обладнання,Ручний інструмент,Ключі трубні та розвідні,,,Ключі трубні та розвідні,
5096,Інструменти та обладнання,Ручний інструмент,Кувалди,,,Кувалди,
8235,Інструменти та обладнання,Ручний інструмент,Лещата,,,Лещата,
2796,Інструменти та обладнання,Ручний інструмент,Лінзи та лупи,,,Лінзи та лупи,
2615,Інструменти та обладнання,Ручний інструмент,Ломи та цвяходери,,,Ломи та цвяходери,
2629,Інструменти та обладнання,Ручний інструмент,Мітчики та плашки,,,Мітчики та плашки,
2614,Інструменти та обладнання,Ручний інструмент,Молотки,,,Молотки,
2624,Інструменти та обладнання,Ручний інструмент,Монтажні пістолети,,,Монтажні пістолети,
2630,Інструменти та обладнання,Ручний інструмент,Мультитули,,,Мультитули,
2613,Інструменти та обладнання,Ручний інструмент,Набори інструментів,,,Набори інструментів,
2625,Інструменти та обладнання,Ручний інструмент,Напилки,,,Напилки,
2621,Інструменти та обладнання,Ручний інструмент,Ножиці по металу,,,Ножиці по металу,
5127,Інструменти та обладнання,Ручний інструмент,Пили,Навскісники,,Навскісники,
2619,Інструменти та обладнання,Ручний інструмент,Пили,Ножівки по дереву,,Ножівки по дереву,
2620,Інструменти та обладнання,Ручний інструмент,Пили,Ножівки по металу,,Ножівки по металу,
4873,Інструменти та обладнання,Ручний інструмент,Пили,Полотна для ручних ножівок,,Полотна для ручних ножівок,
2628,Інструменти та обладнання,Ручний інструмент,Присоски для скла,,,Присоски для скла,
2632,Інструменти та обладнання,Ручний інструмент,Рубанки ручні,,,Рубанки ручні,
2642,Інструменти та обладнання,Ручний інструмент,Сантехнічний інструмент,Інструмент для прочистки труб,,Інструмент для прочистки труб,
2636,Інструменти та обладнання,Ручний інструмент,Сантехнічний інструмент,Клупи трубні,,Клупи трубні,
2639,Інструменти та обладнання,Ручний інструмент,Сантехнічний інструмент,Паяльники для пластикових труб,,Паяльники для пластикових труб,
2635,Інструменти та обладнання,Ручний інструмент,Сантехнічний інструмент,Прес-інструмент,,Прес-інструмент,
2641,Інструменти та обладнання,Ручний інструмент,Сантехнічний інструмент,Розвальцювальники та фаскознімачі,,Розвальцювальники та фаскознімачі,
2638,Інструменти та обладнання,Ручний інструмент,Сантехнічний інструмент,Трубозгини ручні,,Трубозгини ручні,
2637,Інструменти та обладнання,Ручний інструмент,Сантехнічний інструмент,Труборізи,,Труборізи,
2627,Інструменти та обладнання,Ручний інструмент,Склорізи,,,Склорізи,
6765,Інструменти та обладнання,Ручний інструмент,Спеціалізований інструмент,,,Спеціалізований інструмент,
2631,Інструменти та обладнання,Ручний інструмент,Стамески,,,Стамески,
2623,Інструменти та обладнання,Ручний інструмент,Степлери будівельні ручні,,,Степлери будівельні ручні,
2622,Інструменти та обладнання,Ручний інструмент,Струбцини,,,Струбцини,
4929,Інструменти та обладнання,Ручний інструмент,Тримачі інструментів,,,Тримачі інструментів,
2612,Інструменти та обладнання,Ручний інструмент,Шарнірно-губцевий інструмент,,,Шарнірно-губцевий інструмент,
2626,Інструменти та обладнання,Ручний інструмент,Щітки по металу,,,Щітки по металу,
8934,Інструменти та обладнання,Ручний інструмент,Екстрактори болтів,,,Екстрактори болтів,
2726,Інструменти та обладнання,Станки та промислове обладнання,Вантажопідйомні візки,,,Вантажопідйомні візки,
2723,Інструменти та обладнання,Станки та промислове обладнання,Двигуни для садової техніки,,,Двигуни для садової техніки,
2733,Інструменти та обладнання,Станки та промислове обладнання,Деревообробні станки,Комбіновані станки по дереву,,Комбіновані станки по дереву,
2728,Інструменти та обладнання,Станки та промислове обладнання,Деревообробні станки,Рейсмуси,,Рейсмуси,
2736,Інструменти та обладнання,Станки та промислове обладнання,Деревообробні станки,Стрічкові пили по дереву,,Стрічкові пили по дереву,
2730,Інструменти та обладнання,Станки та промислове обладнання,Деревообробні станки,Токарні станки по дереву,,Токарні станки по дереву,
2739,Інструменти та обладнання,Станки та промислове обладнання,Деревообробні станки,Торцювальні пили,,Торцювальні пили,
2735,Інструменти та обладнання,Станки та промислове обладнання,Деревообробні станки,Фрезерні станки по дереву,,Фрезерні станки по дереву,
2732,Інструменти та обладнання,Станки та промислове обладнання,Деревообробні станки,Фугувально-рейсмусові станки,,Фугувально-рейсмусові станки,
2729,Інструменти та обладнання,Станки та промислове обладнання,Деревообробні станки,Циркулярні станки,,Циркулярні станки,
2734,Інструменти та обладнання,Станки та промислове обладнання,Деревообробні станки,Шліфувальні станки по дереву,,Шліфувальні станки по дереву,
7590,Інструменти та обладнання,Станки та промислове обладнання,Дистилятори для виробництва алкоголю,,,Дистилятори для виробництва алкоголю,
8814,Інструменти та обладнання,Станки та промислове обладнання,Електродвигуни,,,Електродвигуни,
2721,Інструменти та обладнання,Станки та промислове обладнання,Інструментальні столи та верстаки,,,Інструментальні столи та верстаки,
7119,Інструменти та обладнання,Станки та промислове обладнання,Комплектуючі для верстатів,,,Комплектуючі для верстатів,
2722,Інструменти та обладнання,Станки та промислове обладнання,Компресори,,,Компресори,
2747,Інструменти та обладнання,Станки та промислове обладнання,Металообробні станки,Важільні ножиці по металу,,Важільні ножиці по металу,
2749,Інструменти та обладнання,Станки та промислове обладнання,Металообробні станки,Гідравлічні трубозгини,,Гідравлічні трубозгини,
2741,Інструменти та обладнання,Станки та промислове обладнання,Металообробні станки,Електроточила,,Електроточила,
2745,Інструменти та обладнання,Станки та промислове обладнання,Металообробні станки,Згинальні станки,,Згинальні станки,
2752,Інструменти та обладнання,Станки та промислове обладнання,Металообробні станки,Монтажні пили,,Монтажні пили,
2748,Інструменти та обладнання,Станки та промислове обладнання,Металообробні станки,Ручні та гідравлічні преси,,Ручні та гідравлічні преси,
2743,Інструменти та обладнання,Станки та промислове обладнання,Металообробні станки,Свердлильні станки,,Свердлильні станки,
8630,Інструменти та обладнання,Станки та промислове обладнання,Металообробні станки,Станки для згинання арматури,,Станки для згинання арматури,
2746,Інструменти та обладнання,Станки та промислове обладнання,Металообробні станки,Стрічкові пили по металу,,Стрічкові пили по металу,
2742,Інструменти та обладнання,Станки та промислове обладнання,Металообробні станки,Токарні станки по металу,,Токарні станки по металу,
2744,Інструменти та обладнання,Станки та промислове обладнання,Металообробні станки,Фрезерні станки по металу,,Фрезерні станки по металу,
7935,Інструменти та обладнання,Станки та промислове обладнання,Обладнання для заправних станцій,Насоси для перекачування палива,,Насоси для перекачування палива,
2724,Інструменти та обладнання,Станки та промислове обладнання,Обладнання для заправних станцій,,,Обладнання для заправних станцій,
8329,Інструменти та обладнання,Станки та промислове обладнання,Панелі для інструмента,,,Панелі для інструмента,
6882,Інструменти та обладнання,Станки та промислове обладнання,Промислові колеса,,,Промислові колеса,
5170,Інструменти та обладнання,Станки та промислове обладнання,Ремені для переміщення вантажів,,,Ремені для переміщення вантажів,
2688,Інструменти та обладнання,Станки та промислове обладнання,Штабелери та навантажувачі,,,Штабелери та навантажувачі,
6512,Інструменти та обладнання,Техніка для прибирання,Аксесуари та комплектуючі для прибиральної техніки,,,Аксесуари та комплектуючі для прибиральної техніки,
2720,Інструменти та обладнання,Техніка для прибирання,Мийки високого тиску,,,Мийки високого тиску,
2725,Інструменти та обладнання,Техніка для прибирання,Пилососи промислові,,,Пилососи промислові,
6628,Інструменти та обладнання,Техніка для прибирання,Підлогомийні машини,,,Підлогомийні машини,
6604,Інструменти та обладнання,Техніка для прибирання,Професійні засоби для чищення та догляду,,,Професійні засоби для чищення та догляду,
6856,Інструменти та обладнання,Техніка для прибирання,Професійні парогенератори,,,Професійні парогенератори,
2611,Інструменти та обладнання,Ящики та органайзери для інструментів,,,,Ящики та органайзери для інструментів,
9064,Канцтовари,Дошкільні рюкзаки,,,,Дошкільні рюкзаки,
1889,Канцтовари,Настільне приладдя,Кошики для паперу,,,Кошики для паперу,
1894,Канцтовари,Настільне приладдя,Лотки для паперу,,,Лотки для паперу,
1899,Канцтовари,Настільне приладдя,Настільні набори,,,Настільні набори,
1898,Канцтовари,Настільне приладдя,Підкладки для письма,,,Підкладки для письма,
1906,Канцтовари,Настільне приладдя,Підставки для канцелярії,,,Підставки для канцелярії,
1866,Канцтовари,Обладнання для презентацій,Аксесуари для дощок,,,Аксесуари для дощок,
1879,Канцтовари,Обладнання для презентацій,Офісні дошки,,,Офісні дошки,
7994,Канцтовари,Обладнання для презентацій,Фліпчарти,,,Фліпчарти,
8469,Канцтовари,Офісне обладнання,Аксесуари для ручних принтерів,,,Аксесуари для ручних принтерів,
7115,Канцтовари,Офісне обладнання,Бігувальні машини,,,Бігувальні машини,
1873,Канцтовари,Офісне обладнання,Брошурувальники,,,Брошурувальники,
1864,Канцтовари,Офісне обладнання,Витратні матеріали для брошурувальників,,,Витратні матеріали для брошурувальників,
8722,Канцтовари,Офісне обладнання,Витратні матеріали для ламінаторів,,,Витратні матеріали для ламінаторів,
1913,Канцтовари,Офісне обладнання,Знищувачі документів (шредери),,,Знищувачі документів (шредери),
1883,Канцтовари,Офісне обладнання,Калькулятори,,,Калькулятори,
8808,Канцтовари,Офісне обладнання,Комплектуючі для виготовлення календарів,,,Комплектуючі для виготовлення календарів,
1892,Канцтовари,Офісне обладнання,Ламінатори,,,Ламінатори,
1896,Канцтовари,Офісне обладнання,Маркіратори,,,Маркіратори,
1887,Канцтовари,Офісне обладнання,Різаки для паперу,,,Різаки для паперу,
517,Канцтовари,Офісне обладнання,Термоклейові машини,,,Термоклейові машини,
3318,Канцтовари,Офісне приладдя,Біндери,,,Біндери,
9018,Канцтовари,Офісне приладдя,Диспенсери для скотчу,,,Диспенсери для скотчу,
1881,Канцтовари,Офісне приладдя,Діркопробивачі,,,Діркопробивачі,
1909,Канцтовари,Офісне приладдя,Канцелярська клейка стрічка,,,Канцелярська клейка стрічка,
3319,Канцтовари,Офісне приладдя,Канцелярські кнопки,,,Канцелярські кнопки,
1900,Канцтовари,Офісне приладдя,Канцелярські ножиці,,,Канцелярські ножиці,
1884,Канцтовари,Офісне приладдя,Канцелярські ножі,,,Канцелярські ножі,
1886,Канцтовари,Офісне приладдя,Клей канцелярський,,,Клей канцелярський,
1895,Канцтовари,Офісне приладдя,Лупи,,,Лупи,
3320,Канцтовари,Офісне приладдя,Резинки для грошей,,,Резинки для грошей,
1874,Канцтовари,Офісне приладдя,Скоби,,,Скоби,
1910,Канцтовари,Офісне приладдя,Скріпки,,,Скріпки,
1911,Канцтовари,Офісне приладдя,Степлери,,,Степлери,
1878,Канцтовари,Паперова продукція,Бланки,,,Бланки,
1871,Канцтовари,Паперова продукція,Блокноти,,,Блокноти,
1915,Канцтовари,Паперова продукція,Етикетки,,,Етикетки,
8101,Канцтовари,Паперова продукція,Календарі,,,Календарі,
1875,Канцтовари,Паперова продукція,Конверти,,,Конверти,
1901,Канцтовари,Паперова продукція,Офісний папір,,,Офісний папір,
4898,Канцтовари,Паперова продукція,Офісні щоденники,,,Офісні щоденники,
1870,Канцтовари,Паперова продукція,Папір для нотаток,,,Папір для нотаток,
1902,Канцтовари,Паперова продукція,Папір спеціальний,,,Папір спеціальний,
7671,Канцтовари,Паперова продукція,Планери,,,Планери,
8733,Канцтовари,Періодичні видання,,,,Періодичні видання,
3321,Канцтовари,Письмове приладдя,Гумки,,,Гумки,
1890,Канцтовари,Письмове приладдя,Коректори,,,Коректори,
1893,Канцтовари,Письмове приладдя,Лінійки,,,Лінійки,
1897,Канцтовари,Письмове приладдя,Маркери,,,Маркери,
1885,Канцтовари,Письмове приладдя,Олівці,,,Олівці,
1908,Канцтовари,Письмове приладдя,Письмові ручки,,,Письмові ручки,
5519,Канцтовари,Письмове приладдя,Стержні та чорнила,,,Стержні та чорнила,
1912,Канцтовари,Письмове приладдя,Чинки для олівців,,,Чинки для олівців,
6507,Канцтовари,Преміум-канцелярія,Блокноти і записні книги преміум,,,Блокноти і записні книги преміум,
1907,Канцтовари,Преміум-канцелярія,Подарункові настільні набори,,,Подарункові настільні набори,
1425,Канцтовари,Преміум-канцелярія,Подарункові ручки,,,Подарункові ручки,
1868,Канцтовари,Приладдя для діловодства,Бейджі,,,Бейджі,
1872,Канцтовари,Приладдя для діловодства,Бокси для архівації,,,Бокси для архівації,
1876,Канцтовари,Приладдя для діловодства,Візитниці,,,Візитниці,
1882,Канцтовари,Приладдя для діловодства,Індексні розділювачі,,,Індексні розділювачі,
1903,Канцтовари,Приладдя для діловодства,Папки,,,Папки,
1914,Канцтовари,Приладдя для діловодства,Файли,,,Файли,
9226,Канцтовари,Рукоділля та творчість,Аксесуари для рукоділля,Нитки,,Нитки,
3474,Канцтовари,Рукоділля та творчість,Аксесуари для рукоділля,"Органайзери, бокси та коробки",,"Органайзери, бокси та коробки",
3467,Канцтовари,Рукоділля та творчість,Аксесуари для рукоділля,Швейна фурнітура,,Швейна фурнітура,
3341,Канцтовари,Рукоділля та творчість,Аплікація,,,Аплікація,
9430,Канцтовари,Рукоділля та творчість,Все для бісероплетіння,Бісер,,Бісер,
3451,Канцтовари,Рукоділля та творчість,Все для бісероплетіння,Набори для бісероплетіння,,Набори для бісероплетіння,
9432,Канцтовари,Рукоділля та творчість,Все для бісероплетіння,Станки для бісероплетіння,,Станки для бісероплетіння,
8574,Канцтовари,Рукоділля та творчість,В'язання,Гачки для в'язання,,Гачки для в'язання,
3427,Канцтовари,Рукоділля та творчість,В'язання,Пряжа,,Пряжа,
8612,Канцтовари,Рукоділля та творчість,В'язання,Спиці для в'язання,,Спиці для в'язання,
3408,Канцтовари,Рукоділля та творчість,Валяння,Набори для валяння,,Набори для валяння,
5413,Канцтовари,Рукоділля та творчість,Виготовлення свічок,Ароматизатори для виготовлення  свічок,,Ароматизатори для виготовлення  свічок,
1519,Канцтовари,Рукоділля та творчість,Виготовлення свічок,Барвники для виготовлення свічок,,Барвники для виготовлення свічок,
1393,Канцтовари,Рукоділля та творчість,Виготовлення свічок,Віск для виготовлення свічок,,Віск для виготовлення свічок,
3665,Канцтовари,Рукоділля та творчість,Виготовлення свічок,Ґноти для виготовлення свічок,,Ґноти для виготовлення свічок,
6345,Канцтовари,Рукоділля та творчість,Виготовлення свічок,Комплектуючі для виготовлення свічок,,Комплектуючі для виготовлення свічок,
6050,Канцтовари,Рукоділля та творчість,Виготовлення свічок,Набори для виготовлення свічок,,Набори для виготовлення свічок,
3137,Канцтовари,Рукоділля та творчість,Виготовлення свічок,Усе для виготовлення гелевих свічок,,Усе для виготовлення гелевих свічок,
3678,Канцтовари,Рукоділля та творчість,Виготовлення свічок,Форми для виготовлення  свічок,,Форми для виготовлення  свічок,
3393,Канцтовари,Рукоділля та творчість,Вишивка,Алмазна мозаїка,,Алмазна мозаїка,
8922,Канцтовари,Рукоділля та творчість,Вишивка,Інструменти для алмазної мозаїки,,Інструменти для алмазної мозаїки,
3390,Канцтовари,Рукоділля та творчість,Вишивка,Вишивка бісером,,Вишивка бісером,
8613,Канцтовари,Рукоділля та творчість,Вишивка,Заготовки для вишивки,,Заготовки для вишивки,
3396,Канцтовари,Рукоділля та творчість,Вишивка,Набори для вишивання,,Набори для вишивання,
3392,Канцтовари,Рукоділля та творчість,Вишивка,Набори для вишивання хрестиком,,Набори для вишивання хрестиком,
8255,Канцтовари,Рукоділля та творчість,Графіка та аерографія,Лінери,,Лінери,
3333,Канцтовари,Рукоділля та творчість,Графіка та аерографія,Папір для креслення,,Папір для креслення,
3489,Канцтовари,Рукоділля та творчість,Графіка та аерографія,Пастель для творчості,,Пастель для творчості,
3337,Канцтовари,Рукоділля та творчість,Графіка та аерографія,Туш і чорнила для креслення,,Туш і чорнила для креслення,
3382,Канцтовари,Рукоділля та творчість,Декупаж,Заготовки для декупажу,,Заготовки для декупажу,
3388,Канцтовари,Рукоділля та творчість,Декупаж,Заготовки для листівок,,Заготовки для листівок,
3386,Канцтовари,Рукоділля та творчість,Декупаж,Карти для декупажу,,Карти для декупажу,
3384,Канцтовари,Рукоділля та творчість,Декупаж,"Клеї, лаки та медіуми для декупажу",,"Клеї, лаки та медіуми для декупажу",
3385,Канцтовари,Рукоділля та творчість,Декупаж,Набори для декупажу,,Набори для декупажу,
3491,Канцтовари,Рукоділля та творчість,Декупаж,Набори для кардмейкінгу,,Набори для кардмейкінгу,
3380,Канцтовари,Рукоділля та творчість,Декупаж,Папір для декупажу,,Папір для декупажу,
3351,Канцтовари,Рукоділля та творчість,Живопис та малювання,Аксесуари для малювання,,Аксесуари для малювання,
3343,Канцтовари,Рукоділля та творчість,Живопис та малювання,Картини за номерами,,Картини за номерами,
3346,Канцтовари,Рукоділля та творчість,Живопис та малювання,Мольберти,,Мольберти,
3350,Канцтовари,Рукоділля та творчість,Живопис та малювання,Набори для малювання та живопису,,Набори для малювання та живопису,
3347,Канцтовари,Рукоділля та творчість,Живопис та малювання,Основа для живопису,,Основа для живопису,
3349,Канцтовари,Рукоділля та творчість,Живопис та малювання,Пензлі й мастихіни для малювання,,Пензлі й мастихіни для малювання,
3495,Канцтовари,Рукоділля та творчість,Живопис та малювання,Підрамники та багети,,Підрамники та багети,
3362,Канцтовари,Рукоділля та творчість,Ліплення та моделювання,Інструменти для ліплення та моделювання,,Інструменти для ліплення та моделювання,
3357,Канцтовари,Рукоділля та творчість,Ліплення та моделювання,Килимки для творчості,,Килимки для творчості,
3361,Канцтовари,Рукоділля та творчість,Ліплення та моделювання,Набори для ліплення та моделювання,,Набори для ліплення та моделювання,
3359,Канцтовари,Рукоділля та творчість,Ліплення та моделювання,Паста для моделювання,,Паста для моделювання,
3354,Канцтовари,Рукоділля та творчість,Ліплення та моделювання,Пластика для ліплення,,Пластика для ліплення,
8916,Канцтовари,Рукоділля та творчість,Малювання світлом,,,Малювання світлом,
8486,Канцтовари,Рукоділля та творчість,Матеріали для моделювання,,,Матеріали для моделювання,
3493,Канцтовари,Рукоділля та творчість,Миловаріння,Набори для миловаріння,,Набори для миловаріння,
3496,Канцтовари,Рукоділля та творчість,Набори для творчості,,,Набори для творчості,
3442,Канцтовари,Рукоділля та творчість,Оригамі,Набори для оригамі,,Набори для оригамі,
7611,Канцтовари,Рукоділля та творчість,Оригамі,Паперкрафт,,Паперкрафт,
3494,Канцтовари,Рукоділля та творчість,Розпис скла та кераміки,,,Розпис скла та кераміки,
3498,Канцтовари,Рукоділля та творчість,Розпис тканини,,,Розпис тканини,
7286,Канцтовари,Рукоділля та творчість,Скетчбуки,,,Скетчбуки,
3370,Канцтовари,Рукоділля та творчість,Скрапбукінг та квілінг,Альбоми для скрапбукінгу,,Альбоми для скрапбукінгу,
3492,Канцтовари,Рукоділля та творчість,Скрапбукінг та квілінг,Декоративні елементи,,Декоративні елементи,
8982,Канцтовари,Рукоділля та творчість,Скрапбукінг та квілінг,Інструменти для ембосінгу,,Інструменти для ембосінгу,
3378,Канцтовари,Рукоділля та творчість,Скрапбукінг та квілінг,Інструменти для скрапбукінгу та квілінгу,,Інструменти для скрапбукінгу та квілінгу,
9220,Канцтовари,Рукоділля та творчість,Скрапбукінг та квілінг,Картон малярний,,Картон малярний,
3373,Канцтовари,Рукоділля та творчість,Скрапбукінг та квілінг,Картон дизайнерський,,Картон дизайнерський,
3369,Канцтовари,Рукоділля та творчість,Скрапбукінг та квілінг,Клей для творчості,,Клей для творчості,
3377,Канцтовари,Рукоділля та творчість,Скрапбукінг та квілінг,Набори для квілінгу,,Набори для квілінгу,
3375,Канцтовари,Рукоділля та творчість,Скрапбукінг та квілінг,Папір для квілінгу,,Папір для квілінгу,
3365,Канцтовари,Рукоділля та творчість,Скрапбукінг та квілінг,Папір для скрапбукінгу,,Папір для скрапбукінгу,
3368,Канцтовари,Рукоділля та творчість,Скрапбукінг та квілінг,Самоклеюча тканина та матеріали,,Самоклеюча тканина та матеріали,
3367,Канцтовари,Рукоділля та творчість,Скрапбукінг та квілінг,Штампи силіконові та чорнила,,Штампи силіконові та чорнила,
3497,Канцтовари,Рукоділля та творчість,Трафарети для творчості,,,Трафарети для творчості,
3460,Канцтовари,Рукоділля та творчість,Фарби для малювання,Акварельні фарби,,Акварельні фарби,
3461,Канцтовари,Рукоділля та творчість,Фарби для малювання,Акрилові фарби,,Акрилові фарби,
3462,Канцтовари,Рукоділля та творчість,Фарби для малювання,Гуашеві фарби,,Гуашеві фарби,
4891,Канцтовари,Рукоділля та творчість,Фарби для малювання,Дитячі фарби,,Дитячі фарби,
3464,Канцтовари,Рукоділля та творчість,Фарби для малювання,Олійні фарби,,Олійні фарби,
3405,Канцтовари,Рукоділля та творчість,Фетр для рукоділля,,,Фетр для рукоділля,
8942,Канцтовари,Рукоділля та творчість,Фоаміран,,,Фоаміран,
4897,Канцтовари,Товари для малювання та творчості,Аксесуари для творчості,,,Аксесуари для творчості,
4878,Канцтовари,Товари для малювання та творчості,Альбоми та папір для малювання,,,Альбоми та папір для малювання,
4876,Канцтовари,Товари для малювання та творчості,Дошки для малювання,,,Дошки для малювання,
4892,Канцтовари,Товари для малювання та творчості,Картон для творчості,,,Картон для творчості,
4919,Канцтовари,Товари для малювання та творчості,Крейда,,,Крейда,
4894,Канцтовари,Товари для малювання та творчості,Папір для творчості,,,Папір для творчості,
4904,Канцтовари,Товари для малювання та творчості,Пластилін,,,Пластилін,
4901,Канцтовари,Товари для малювання та творчості,Фломастери,,,Фломастери,
1333,Канцтовари,Шкільне приладдя,Аксесуари до рюкзаків та сумок,,,Аксесуари до рюкзаків та сумок,
814,Канцтовари,Шкільне приладдя,Барельєфні моделі,,,Барельєфні моделі,
7913,Канцтовари,Шкільне приладдя,Географічні карти,,,Географічні карти,
1877,Канцтовари,Шкільне приладдя,Глобуси,,,Глобуси,
4990,Канцтовари,Шкільне приладдя,Навчальне приладдя та набори,,,Навчальне приладдя та набори,
4875,Канцтовари,Шкільне приладдя,Обкладинки шкільні,,,Обкладинки шкільні,
4877,Канцтовари,Шкільне приладдя,Папки шкільні,,,Папки шкільні,
4874,Канцтовари,Шкільне приладдя,Пенали шкільні,,,Пенали шкільні,
9114,Канцтовари,Шкільне приладдя,Прописи,,,Прописи,
9086,Канцтовари,Шкільне приладдя,Робочі зошити,,,Робочі зошити,
4889,Канцтовари,Шкільне приладдя,Сумки для взуття,,,Сумки для взуття,
3322,Канцтовари,Шкільне приладдя,Циркулі та готовальні,,,Циркулі та готовальні,
4881,Канцтовари,Шкільне приладдя,Шкільні щоденники,,,Шкільні щоденники,
4879,Канцтовари,Шкільні зошити,,,,Шкільні зошити,
4885,Канцтовари,"Рюкзаки шкільні
",,,,"Рюкзаки шкільні
",
1916,Канцтовари,Штемпельна продукція,,,,Штемпельна продукція,
5205,Краса та здоров'я,Аксесуари для догляду,Аксесуари для волосся,Аксесуари для фарбування волосся,,Аксесуари для фарбування волосся,
6438,Краса та здоров'я,Аксесуари для догляду,Аксесуари для волосся,Бігуді,,Бігуді,
6738,Краса та здоров'я,Аксесуари для догляду,Аксесуари для волосся,Валики для волосся,,Валики для волосся,
3176,Краса та здоров'я,Аксесуари для догляду,Аксесуари для волосся,Гребінці,,Гребінці,
6812,Краса та здоров'я,Аксесуари для догляду,Аксесуари для волосся,Заколки для волосся,,Заколки для волосся,
6349,Краса та здоров'я,Аксесуари для догляду,Аксесуари для волосся,Канекалони,,Канекалони,
6434,Краса та здоров'я,Аксесуари для догляду,Аксесуари для волосся,Ножиці для стрижки,,Ножиці для стрижки,
6354,Краса та здоров'я,Аксесуари для догляду,Аксесуари для волосся,Перуки,,Перуки,
6740,Краса та здоров'я,Аксесуари для догляду,Аксесуари для волосся,Резинки для волосся,,Резинки для волосся,
9076,Краса та здоров'я,Аксесуари для догляду,Аксесуари для волосся,Шапочки для душу,,Шапочки для душу,
8815,Краса та здоров'я,Аксесуари для догляду,Аксесуари для макіяжу,Все для ламінування вій,,Все для ламінування вій,
3231,Краса та здоров'я,Аксесуари для догляду,Аксесуари для макіяжу,Накладні вії,,Накладні вії,
5425,Краса та здоров'я,Аксесуари для догляду,Аксесуари для макіяжу,Пензлики для макіяжу,,Пензлики для макіяжу,
4973,Краса та здоров'я,Аксесуари для догляду,Аксесуари для макіяжу,Пінцети,,Пінцети,
5385,Краса та здоров'я,Аксесуари для догляду,Аксесуари для макіяжу,Спонжі для макіяжу,,Спонжі для макіяжу,
6828,Краса та здоров'я,Аксесуари для догляду,Аксесуари для макіяжу,Стругачки косметичні,,Стругачки косметичні,
6700,Краса та здоров'я,Аксесуари для догляду,Аксесуари для макіяжу,Щипці для завивання вій,,Щипці для завивання вій,
4967,Краса та здоров'я,Аксесуари для догляду,Аксесуари для тіла та ванної,,,Аксесуари для тіла та ванної,
8691,Краса та здоров'я,Аксесуари для догляду,Інструменти для манікюру та педикюру,Витратні матеріали для стерилізації,,Витратні матеріали для стерилізації,
4971,Краса та здоров'я,Аксесуари для догляду,Інструменти для манікюру та педикюру,Кусачки для нігтів,,Кусачки для нігтів,
4977,Краса та здоров'я,Аксесуари для догляду,Інструменти для манікюру та педикюру,Лопатки для манікюру і педикюру,,Лопатки для манікюру і педикюру,
6733,Краса та здоров'я,Аксесуари для догляду,Інструменти для манікюру та педикюру,Манікюрні ножиці,,Манікюрні ножиці,
5105,Краса та здоров'я,Аксесуари для догляду,Інструменти для манікюру та педикюру,Набори для манікюру,,Набори для манікюру,
7703,Краса та здоров'я,Аксесуари для догляду,Інструменти для манікюру та педикюру,Накладні нігті,,Накладні нігті,
824,Краса та здоров'я,Аксесуари для догляду,Інструменти для манікюру та педикюру,Пензлики для манікюру,,Пензлики для манікюру,
4978,Краса та здоров'я,Аксесуари для догляду,Інструменти для манікюру та педикюру,Пилки та бафи для нігтів,,Пилки та бафи для нігтів,
4983,Краса та здоров'я,Аксесуари для догляду,Інструменти для манікюру та педикюру,Стерилізатори для манікюру,,Стерилізатори для манікюру,
4975,Краса та здоров'я,Аксесуари для догляду,Інструменти для манікюру та педикюру,Терки для ніг,,Терки для ніг,
8631,Краса та здоров'я,Аксесуари для догляду,Щітки для сухого масажу,,,Щітки для сухого масажу,
6763,Краса та здоров'я,Декоративна косметика,Бодіарт,,,Бодіарт,
8951,Краса та здоров'я,Декоративна косметика,Косметика для губ,Блиск для губ,,Блиск для губ,
3234,Краса та здоров'я,Декоративна косметика,Косметика для губ,Олівець для губ,,Олівець для губ,
3233,Краса та здоров'я,Декоративна косметика,Косметика для губ,Помада губна,,Помада губна,
8953,Краса та здоров'я,Декоративна косметика,Косметика для губ,Тінт для губ,,Тінт для губ,
4962,Краса та здоров'я,Декоративна косметика,Косметика для нігтів,База для гель-лаку,,База для гель-лаку,
4961,Краса та здоров'я,Декоративна косметика,Косметика для нігтів,Гель-лаки,,Гель-лаки,
3254,Краса та здоров'я,Декоративна косметика,Косметика для нігтів,Догляд за кутикулою,,Догляд за кутикулою,
3251,Краса та здоров'я,Декоративна косметика,Косметика для нігтів,Закріплювач лаку,,Закріплювач лаку,
4959,Краса та здоров'я,Декоративна косметика,Косметика для нігтів,Засоби для зміцнення нігтів,,Засоби для зміцнення нігтів,
3252,Краса та здоров'я,Декоративна косметика,Косметика для нігтів,Лак для нігтів,,Лак для нігтів,
3250,Краса та здоров'я,Декоративна косметика,Косметика для нігтів,Рідина для зняття лаку,,Рідина для зняття лаку,
3247,Краса та здоров'я,Декоративна косметика,Косметика для нігтів,Усе для дизайну нігтів,,Усе для дизайну нігтів,
3237,Краса та здоров'я,Декоративна косметика,Косметика для обличчя,База під макіяж,,База під макіяж,
3241,Краса та здоров'я,Декоративна косметика,Косметика для обличчя,Бронзери та хайлайтери,,Бронзери та хайлайтери,
3236,Краса та здоров'я,Декоративна косметика,Косметика для обличчя,Коректор та консилер,,Коректор та консилер,
3238,Краса та здоров'я,Декоративна косметика,Косметика для обличчя,Пудра для обличчя,,Пудра для обличчя,
3239,Краса та здоров'я,Декоративна косметика,Косметика для обличчя,Рум'яна,,Рум'яна,
3240,Краса та здоров'я,Декоративна косметика,Косметика для обличчя,Тональні засоби,,Тональні засоби,
3227,Краса та здоров'я,Декоративна косметика,Косметика для очей,Олівець для брів,,Олівець для брів,
3226,Краса та здоров'я,Декоративна косметика,Косметика для очей,Олівець для очей,,Олівець для очей,
3228,Краса та здоров'я,Декоративна косметика,Косметика для очей,Підводки для очей,,Підводки для очей,
3229,Краса та здоров'я,Декоративна косметика,Косметика для очей,Тіні для очей,,Тіні для очей,
3230,Краса та здоров'я,Декоративна косметика,Косметика для очей,Туш для вій,,Туш для вій,
9148,Краса та здоров'я,Декоративна косметика,Косметика для очей,Фарба для брів та вій,,Фарба для брів та вій,
8153,Краса та здоров'я,Декоративна косметика,Тимчасові татуювання,,,Тимчасові татуювання,
8311,Краса та здоров'я,Доглядова косметика,Для ванни та душу,Бомбочки для ванни,,Бомбочки для ванни,
3139,Краса та здоров'я,Доглядова косметика,Для ванни та душу,Гель для душу,,Гель для душу,
3143,Краса та здоров'я,Доглядова косметика,Для ванни та душу,Мило,,Мило,
3142,Краса та здоров'я,Доглядова косметика,Для ванни та душу,Піна для ванни,,Піна для ванни,
3141,Краса та здоров'я,Доглядова косметика,Для ванни та душу,Сіль для ванни,,Сіль для ванни,
3140,Краса та здоров'я,Доглядова косметика,Для ванни та душу,Скраб для тіла,,Скраб для тіла,
6351,Краса та здоров'я,Доглядова косметика,Догляд за волоссям,Ампули для волосся,,Ампули для волосся,
3171,Краса та здоров'я,Доглядова косметика,Догляд за волоссям,Бальзам для волосся,,Бальзам для волосся,
6526,Краса та здоров'я,Доглядова косметика,Догляд за волоссям,Засоби для укладки волосся,Гель для волосся,Гель для волосся,
3173,Краса та здоров'я,Доглядова косметика,Догляд за волоссям,Засоби для укладки волосся,Лак для волосся,Лак для волосся,
8243,Краса та здоров'я,Доглядова косметика,Догляд за волоссям,Засоби для укладки волосся,Паста для волосся,Паста для волосся,
3174,Краса та здоров'я,Доглядова косметика,Догляд за волоссям,Засоби для укладки волосся,Піна для волосся,Піна для волосся,
7189,Краса та здоров'я,Доглядова косметика,Догляд за волоссям,Кондиціонер для волосся,,Кондиціонер для волосся,
7190,Краса та здоров'я,Доглядова косметика,Догляд за волоссям,Крем для волосся,,Крем для волосся,
3172,Краса та здоров'я,Доглядова косметика,Догляд за волоссям,Маска для волосся,,Маска для волосся,
3175,Краса та здоров'я,Доглядова косметика,Догляд за волоссям,Олія для волосся,,Олія для волосся,
6306,Краса та здоров'я,Доглядова косметика,Догляд за волоссям,Сироватка для волосся,,Сироватка для волосся,
9238,Краса та здоров'я,Доглядова косметика,Догляд за волоссям,Скраби для шкіри голови,,Скраби для шкіри голови,
7135,Краса та здоров'я,Доглядова косметика,Догляд за волоссям,Спрей для волосся,,Спрей для волосся,
6617,Краса та здоров'я,Доглядова косметика,Догляд за волоссям,Сухі шампуні,,Сухі шампуні,
6638,Краса та здоров'я,Доглядова косметика,Догляд за волоссям,Термозахист для волосся,,Термозахист для волосся,
7137,Краса та здоров'я,Доглядова косметика,Догляд за волоссям,Фарбування волосся,Відтінкові засоби для волосся,Відтінкові засоби для волосся,
7138,Краса та здоров'я,Доглядова косметика,Догляд за волоссям,Фарбування волосся,Окисники для волосся,Окисники для волосся,
7139,Краса та здоров'я,Доглядова косметика,Догляд за волоссям,Фарбування волосся,Освітлювачі для волосся,Освітлювачі для волосся,
7136,Краса та здоров'я,Доглядова косметика,Догляд за волоссям,Фарбування волосся,Фарба для волосся,Фарба для волосся,
3169,Краса та здоров'я,Доглядова косметика,Догляд за волоссям,Шампунь,,Шампунь,
3183,Краса та здоров'я,Доглядова косметика,Догляд за обличчям,Бальзам для губ,,Бальзам для губ,
8957,Краса та здоров'я,Доглядова косметика,Догляд за обличчям,Гель для обличчя,,Гель для обличчя,
3181,Краса та здоров'я,Доглядова косметика,Догляд за обличчям,Гель та пінка для вмивання,,Гель та пінка для вмивання,
8947,Краса та здоров'я,Доглядова косметика,Догляд за обличчям,Гігієнічна помада,,Гігієнічна помада,
3180,Краса та здоров'я,Доглядова косметика,Догляд за обличчям,Засоби для зняття макіяжу,,Засоби для зняття макіяжу,
3182,Краса та здоров'я,Доглядова косметика,Догляд за обличчям,Засоби для шкіри навколо очей,,Засоби для шкіри навколо очей,
3179,Краса та здоров'я,Доглядова косметика,Догляд за обличчям,Крем для обличчя,,Крем для обличчя,
3184,Краса та здоров'я,Доглядова косметика,Догляд за обличчям,Маска для обличчя,,Маска для обличчя,
6574,Краса та здоров'я,Доглядова косметика,Догляд за обличчям,Патчі під очі,,Патчі під очі,
3186,Краса та здоров'я,Доглядова косметика,Догляд за обличчям,Сироватка для обличчя,,Сироватка для обличчя,
3185,Краса та здоров'я,Доглядова косметика,Догляд за обличчям,Скраб та пілінг,,Скраб та пілінг,
6540,Краса та здоров'я,Доглядова косметика,Догляд за обличчям,Термальна вода,,Термальна вода,
5056,Краса та здоров'я,Доглядова косметика,Догляд за обличчям,Тонер для обличчя,,Тонер для обличчя,
6556,Краса та здоров'я,Доглядова косметика,Догляд за обличчям,Тоніки та лосьйони,,Тоніки та лосьйони,
8954,Краса та здоров'я,Доглядова косметика,Догляд за обличчям,Флюїди для обличчя,,Флюїди для обличчя,
6875,Краса та здоров'я,Доглядова косметика,Догляд за обличчям,"BB-, CC-креми",,"BB-, CC-креми",
3189,Краса та здоров'я,Доглядова косметика,Догляд за ротовою порожниною,Зубна паста,,Зубна паста,
7304,Краса та здоров'я,Доглядова косметика,Догляд за ротовою порожниною,Зубний порошок,,Зубний порошок,
3192,Краса та здоров'я,Доглядова косметика,Догляд за ротовою порожниною,Зубні нитки,,Зубні нитки,
3190,Краса та здоров'я,Доглядова косметика,Догляд за ротовою порожниною,Зубні щітки,,Зубні щітки,
9034,Краса та здоров'я,Доглядова косметика,Догляд за ротовою порожниною,Йоржики для зубів,,Йоржики для зубів,
3191,Краса та здоров'я,Доглядова косметика,Догляд за ротовою порожниною,Ополіскувач для ротової порожнини,,Ополіскувач для ротової порожнини,
8945,Краса та здоров'я,Доглядова косметика,Догляд за ротовою порожниною,Освіжувач для ротової порожнини,,Освіжувач для ротової порожнини,
9438,Краса та здоров'я,Доглядова косметика,Догляд за ротовою порожниною,Очищувачі язика,,Очищувачі язика,
9084,Краса та здоров'я,Доглядова косметика,Догляд за ротовою порожниною,Футляри для зубних щіток,,Футляри для зубних щіток,
3160,Краса та здоров'я,Доглядова косметика,Догляд за тілом,Дезодорант,,Дезодорант,
3162,Краса та здоров'я,Доглядова косметика,Догляд за тілом,Догляд для ніг,,Догляд для ніг,
3149,Краса та здоров'я,Доглядова косметика,Догляд за тілом,Засоби для депіляції,,Засоби для депіляції,
3157,Краса та здоров'я,Доглядова косметика,Догляд за тілом,Засоби для засмаги і захисту від сонця,,Засоби для засмаги і захисту від сонця,
6350,Краса та здоров'я,Доглядова косметика,Догляд за тілом,Косметичний парафін,,Косметичний парафін,
6529,Краса та здоров'я,Доглядова косметика,Догляд за тілом,Косметичні олії,,Косметичні олії,
3155,Краса та здоров'я,Доглядова косметика,Догляд за тілом,Креми для рук,,Креми для рук,
3161,Краса та здоров'я,Доглядова косметика,Догляд за тілом,Крем для тіла,,Крем для тіла,
8614,Краса та здоров'я,Доглядова косметика,Догляд за тілом,Масажні свічки,,Масажні свічки,
3145,Краса та здоров'я,Доглядова косметика,Догляд за тілом,Молочко і лосьйон для тіла,,Молочко і лосьйон для тіла,
7606,Краса та здоров'я,Доглядова косметика,Догляд за тілом,Спрей для тіла,,Спрей для тіла,
6727,Краса та здоров'я,Доглядова косметика,Засоби для гоління,Аксесуари для гоління,,Аксесуари для гоління,
6724,Краса та здоров'я,Доглядова косметика,Засоби для гоління,Гель для гоління,,Гель для гоління,
3219,Краса та здоров'я,Доглядова косметика,Засоби для гоління,Засоби після гоління,,Засоби після гоління,
6722,Краса та здоров'я,Доглядова косметика,Засоби для гоління,Картриджі для гоління,,Картриджі для гоління,
6726,Краса та здоров'я,Доглядова косметика,Засоби для гоління,Крем для гоління,,Крем для гоління,
6725,Краса та здоров'я,Доглядова косметика,Засоби для гоління,Піна для гоління,,Піна для гоління,
3221,Краса та здоров'я,Доглядова косметика,Засоби для гоління,Станки для гоління,,Станки для гоління,
9214,Краса та здоров'я,Доглядова косметика,Засоби для гоління,Мило для гоління,,Мило для гоління,
3187,Краса та здоров'я,Доглядова косметика,Особиста гігієна,Ватні диски та палички,,Ватні диски та палички,
3267,Краса та здоров'я,Доглядова косметика,Особиста гігієна,Вологі серветки,,Вологі серветки,
5116,Краса та здоров'я,Доглядова косметика,Особиста гігієна,Жіноча гігієна,Менструальні чаші,Менструальні чаші,
792,Краса та здоров'я,Доглядова косметика,Особиста гігієна,Жіноча гігієна,Прокладки,Прокладки,
6923,Краса та здоров'я,Доглядова косметика,Особиста гігієна,Жіноча гігієна,Тампони,Тампони,
3144,Краса та здоров'я,Доглядова косметика,Особиста гігієна,Засоби для інтимної гігієни,,Засоби для інтимної гігієни,
3262,Краса та здоров'я,Доглядова косметика,Особиста гігієна,Підгузки для дорослих,,Підгузки для дорослих,
8731,Краса та здоров'я,Доглядова косметика,Особиста гігієна,Урологічні прокладки,,Урологічні прокладки,
3133,Краса та здоров'я,Парфумерія,,,,Парфумерія,
3163,Краса та здоров'я,Подарункові набори косметики,,,,Подарункові набори косметики,
8647,Краса та здоров'я,Товари для дітей,Накопичувач для підгузків,,,Накопичувач для підгузків,
4859,Краса та здоров'я,Товари для дітей,Підгузки дитячі,,,Підгузки дитячі,
6867,Краса та здоров'я,Чоловіча лінія,Догляд за бородою,,,Догляд за бородою,
7195,Меблі,Банкетки,,,,Банкетки,
4263,Меблі,Вішалки для одягу,,,,Вішалки для одягу,
4570,Меблі,Гардеробні системи,,,,Гардеробні системи,
4264,Меблі,Дзеркала,Дзеркала настінні,,,Дзеркала настінні,
7993,Меблі,Дзеркала,Підлогові дзеркала,,,Підлогові дзеркала,
6818,Меблі,Етажерки,,,,Етажерки,
5298,Меблі,Комоди,,,,Комоди,
5195,Меблі,Комплектуючі для гардеробної,,,,Комплектуючі для гардеробної,
4597,Меблі,Кухні,Готові кухні,,,Готові кухні,
4598,Меблі,Кухні,Кухонні куточки,,,Кухонні куточки,
4605,Меблі,Кухні,Кухонні фасади,,,Кухонні фасади,
5304,Меблі,Кухні,Модульні кухні,,,Модульні кухні,
4982,Меблі,Кухні,Плінтуси для стільниць,,,Плінтуси для стільниць,
4601,Меблі,Кухні,Подрібнювачі харчових відходів,,,Подрібнювачі харчових відходів,
4599,Меблі,Кухні,Стільниці для кухні,,,Стільниці для кухні,
4604,Меблі,Кухні,Тумби для кухні,,,Тумби для кухні,
4606,Меблі,Кухні,Цоколі та комплектуючі для кухні,,,Цоколі та комплектуючі для кухні,
4603,Меблі,Кухні,Шафи для кухні,,,Шафи для кухні,
6454,Меблі,Ліжка і комплектуючі,Бортики захисні та балдахіни для ліжок,,,Бортики захисні та балдахіни для ліжок,
6452,Меблі,Ліжка і комплектуючі,Каркаси і ламелі для ліжок,,,Каркаси і ламелі для ліжок,
9186,Меблі,Ліжка і комплектуючі,Каркаси для ліжка,,,Каркаси для ліжка,
9188,Меблі,Ліжка і комплектуючі,Ламелі для ліжка,,,Ламелі для ліжка,
4237,Меблі,Ліжка і комплектуючі,Ліжка,,,Ліжка,
6453,Меблі,Ліжка і комплектуючі,Шухляди під ліжка,,,Шухляди під ліжка,
5296,Меблі,М'які меблі,Безкаркасні меблі,,,Безкаркасні меблі,
4234,Меблі,М'які меблі,Дивани,,,Дивани,
8351,Меблі,М'які меблі,Крісла,Крісла-гойдалки,,Крісла-гойдалки,
8353,Меблі,М'які меблі,Крісла,Крісла-ліжка,,Крісла-ліжка,
5336,Меблі,М'які меблі,Крісла,М'які крісла,,М'які крісла,
8231,Меблі,М'які меблі,Крісла,Масажні крісла,,Масажні крісла,
4236,Меблі,М'які меблі,Пуфи,,,Пуфи,
4583,Меблі,Меблева фурнітура,Аксесуари для барних стійок,,,Аксесуари для барних стійок,
4589,Меблі,Меблева фурнітура,Висувні системи та направляючі,,,Висувні системи та направляючі,
4592,Меблі,Меблева фурнітура,Відбійники і накладки на ніжки,,,Відбійники і накладки на ніжки,
4590,Меблі,Меблева фурнітура,Гачки для одягу,,,Гачки для одягу,
4579,Меблі,Меблева фурнітура,Карго для кухні,,,Карго для кухні,
4596,Меблі,Меблева фурнітура,Кріплення для полиць,,,Кріплення для полиць,
4591,Меблі,Меблева фурнітура,Меблеві замки та магніти,,,Меблеві замки та магніти,
4587,Меблі,Меблева фурнітура,Меблеві ніжки,,,Меблеві ніжки,
4588,Меблі,Меблева фурнітура,Меблеві ролики та колеса,,,Меблеві ролики та колеса,
4585,Меблі,Меблева фурнітура,Меблеві ручки,,,Меблеві ручки,
4595,Меблі,Меблева фурнітура,Меблеві труби та профілі,,,Меблеві труби та профілі,
8802,Меблі,Меблева фурнітура,Механізми для столів,,,Механізми для столів,
4584,Меблі,Меблева фурнітура,Петлі меблеві,,,Петлі меблеві,
8299,Меблі,Меблева фурнітура,Підйомні механізми для фасадів,,,Підйомні механізми для фасадів,
4582,Меблі,Меблева фурнітура,Рейлінги для кухні,,,Рейлінги для кухні,
4594,Меблі,Меблева фурнітура,Ремонт і перетягування м'яких меблів,,,Ремонт і перетягування м'яких меблів,
4581,Меблі,Меблева фурнітура,Сушарки вбудовувані,,,Сушарки вбудовувані,
4260,Меблі,Меблеві гарнітури,Меблі для передпокою,Передпокої,,Передпокої,
9428,Меблі,Меблеві гарнітури,Меблі для передпокою,Стійки для парасольок,,Стійки для парасольок,
4261,Меблі,Меблеві гарнітури,Стінки для вітальні,,,Стінки для вітальні,
9324,Меблі,Меблі для офісу,Аксесуари для офісних крісел,,,Аксесуари для офісних крісел,
7870,Меблі,Меблі для офісу,Запчастини для офісних крісел,,,Запчастини для офісних крісел,
4223,Меблі,Меблі для офісу,Офісні крісла,,,Офісні крісла,
4225,Меблі,Меблі для офісу,Офісні стільці,,,Офісні стільці,
4227,Меблі,Меблі для офісу,Шафи офісні,,,Шафи офісні,
8093,Меблі,Меблі для спальні,Спальні (комплекти),,,Спальні (комплекти),
5302,Меблі,Підставки і тумби для взуття,,,,Підставки і тумби для взуття,
4265,Меблі,Полиці,,,,Полиці,
4241,Меблі,Стелажі,,,,Стелажі,
4254,Меблі,Стільці,Барні стільці,,,Барні стільці,
4250,Меблі,Стільці,Дерев'яні стільці,,,Дерев'яні стільці,
5303,Меблі,Стільці,Дитячі стільці,,,Дитячі стільці,
387,Меблі,Стільці,Кухонні стільці,,,Кухонні стільці,
4251,Меблі,Стільці,Металеві стільці,,,Металеві стільці,
4252,Меблі,Стільці,Пластикові стільці,,,Пластикові стільці,
4257,Меблі,Стільці,Сидіння та каркаси для стільців,,,Сидіння та каркаси для стільців,
4253,Меблі,Стільці,Табурети,,,Табурети,
9004,Меблі,Столи,Аксесуари для парт,,,Аксесуари для парт,
8233,Меблі,Столи,Барні столи,,,Барні столи,
4245,Меблі,Столи,Журнальні столики,,,Журнальні столики,
4246,Меблі,Столи,Комп'ютерні столи,,,Комп'ютерні столи,
4248,Меблі,Столи,Комплектуючі для столів,,,Комплектуючі для столів,
4244,Меблі,Столи,Обідні столи,,,Обідні столи,
4992,Меблі,Столи,Парти,,,Парти,
4950,Меблі,Столи,Письмові столи,,,Письмові столи,
5299,Меблі,Столи,Туалетні столики,,,Туалетні столики,
4240,Меблі,Тумби,,,,Тумби,
1389,Меблі,Шафи та комлектуючі,Двері до шаф-купе,,,Двері до шаф-купе,
5838,Меблі,Шафи та комлектуючі,Додаткові елементи до шаф,,,Додаткові елементи до шаф,
3774,Меблі,Шафи та комлектуючі,Комлектуючі до шаф-купе,,,Комлектуючі до шаф-купе,
6708,Меблі,Шафи та комлектуючі,Корпуси шаф-купе,,,Корпуси шаф-купе,
3728,Меблі,Шафи та комлектуючі,Наповнення для шаф-купе,,,Наповнення для шаф-купе,
4239,Меблі,Шафи та комлектуючі,Шафи,,,Шафи,
4569,Меблі,Шафи та комлектуючі,Шафи-купе,,,Шафи-купе,
5366,"Одяг, взуття, аксесуари",Аксесуари для одягу,Візитниці та картхолдери,,,Візитниці та картхолдери,
5433,"Одяг, взуття, аксесуари",Аксесуари для одягу,Гаманці,,,Гаманці,
446,"Одяг, взуття, аксесуари",Аксесуари для одягу,Гаманці туристичні,,,Гаманці туристичні,
8804,"Одяг, взуття, аксесуари",Аксесуари для одягу,Головні убори,Балаклави,,Балаклави,
6115,"Одяг, взуття, аксесуари",Аксесуари для одягу,Головні убори,Берети,,Берети,
5898,"Одяг, взуття, аксесуари",Аксесуари для одягу,Головні убори,Капелюхи,,Капелюхи,
6568,"Одяг, взуття, аксесуари",Аксесуари для одягу,Головні убори,Кепки,,Кепки,
7345,"Одяг, взуття, аксесуари",Аксесуари для одягу,Головні убори,Панамки,,Панамки,
6467,"Одяг, взуття, аксесуари",Аксесуари для одягу,Головні убори,Пов'язки на голову,,Пов'язки на голову,
3795,"Одяг, взуття, аксесуари",Аксесуари для одягу,Головні убори,Шапки,,Шапки,
6530,"Одяг, взуття, аксесуари",Аксесуари для одягу,Запонки і затискачі для краваток,,,Запонки і затискачі для краваток,
5086,"Одяг, взуття, аксесуари",Аксесуари для одягу,Затискачі для купюр,,,Затискачі для купюр,
7654,"Одяг, взуття, аксесуари",Аксесуари для одягу,Косметички,,,Косметички,
9030,"Одяг, взуття, аксесуари",Аксесуари для одягу,Краватки,,,Краватки,
5447,"Одяг, взуття, аксесуари",Аксесуари для одягу,Обкладинки для документів,,,Обкладинки для документів,
9380,"Одяг, взуття, аксесуари",Аксесуари для одягу,Органайзери для документів,,,Органайзери для документів,
5423,"Одяг, взуття, аксесуари",Аксесуари для одягу,Парасолі,,,Парасолі,
1838,"Одяг, взуття, аксесуари",Аксесуари для одягу,Підтяжки,,,Підтяжки,
5408,"Одяг, взуття, аксесуари",Аксесуари для одягу,Портмоне,,,Портмоне,
9218,"Одяг, взуття, аксесуари",Аксесуари для одягу,Портупеї,,,Портупеї,
5390,"Одяг, взуття, аксесуари",Аксесуари для одягу,Ремені та пояси,,,Ремені та пояси,
5374,"Одяг, взуття, аксесуари",Аксесуари для одягу,Сонцезахисні окуляри,,,Сонцезахисні окуляри,
5403,"Одяг, взуття, аксесуари",Аксесуари для одягу,Сумки та валізи,Аксесуари для сумок та валіз,,Аксесуари для сумок та валіз,
5442,"Одяг, взуття, аксесуари",Аксесуари для одягу,Сумки та валізи,Валізи,,Валізи,
7302,"Одяг, взуття, аксесуари",Аксесуари для одягу,Сумки та валізи,Дорожні сумки,,Дорожні сумки,
8337,"Одяг, взуття, аксесуари",Аксесуари для одягу,Сумки та валізи,ЕКО-сумки,,ЕКО-сумки,
5432,"Одяг, взуття, аксесуари",Аксесуари для одягу,Сумки та валізи,Жіночі сумки,,Жіночі сумки,
1598,"Одяг, взуття, аксесуари",Аксесуари для одягу,Сумки та валізи,Міські рюкзаки,,Міські рюкзаки,
6384,"Одяг, взуття, аксесуари",Аксесуари для одягу,Сумки та валізи,Пляжні сумки,,Пляжні сумки,
5392,"Одяг, взуття, аксесуари",Аксесуари для одягу,Сумки та валізи,Портфелі ділові,,Портфелі ділові,
5384,"Одяг, взуття, аксесуари",Аксесуари для одягу,Сумки та валізи,Поясні сумки,,Поясні сумки,
5434,"Одяг, взуття, аксесуари",Аксесуари для одягу,Сумки та валізи,Чоловічі сумки,,Чоловічі сумки,
7681,"Одяг, взуття, аксесуари",Аксесуари для одягу,Термоаплікація на одяг,,,Термоаплікація на одяг,
5305,"Одяг, взуття, аксесуари",Аксесуари для одягу,Тревел-кейси,,,Тревел-кейси,
5372,"Одяг, взуття, аксесуари",Аксесуари для одягу,Чохли для ключів,,,Чохли для ключів,
5415,"Одяг, взуття, аксесуари",Аксесуари для одягу,Шарфи та шалі,,,Шарфи та шалі,
3779,"Одяг, взуття, аксесуари",Взуття,Аксесуари для взуття,,,Аксесуари для взуття,
5427,"Одяг, взуття, аксесуари",Взуття,Балетки,,,Балетки,
7601,"Одяг, взуття, аксесуари",Взуття,Бахіли від дощу,,,Бахіли від дощу,
8462,"Одяг, взуття, аксесуари",Взуття,Берці,,,Берці,
5389,"Одяг, взуття, аксесуари",Взуття,Босоніжки,,,Босоніжки,
1336,"Одяг, взуття, аксесуари",Взуття,Бутси,,,Бутси,
8928,"Одяг, взуття, аксесуари",Взуття,Валянки,,,Валянки,
5440,"Одяг, взуття, аксесуари",Взуття,Гумові чоботи,,,Гумові чоботи,
6630,"Одяг, взуття, аксесуари",Взуття,Дитяче взуття,Аквашузи дитячі,,Аквашузи дитячі,
2410,"Одяг, взуття, аксесуари",Взуття,Дитяче взуття,Балетки дитячі,,Балетки дитячі,
2411,"Одяг, взуття, аксесуари",Взуття,Дитяче взуття,Кеди дитячі,,Кеди дитячі,
825,"Одяг, взуття, аксесуари",Взуття,Дитяче взуття,Сандалі дитячі,,Сандалі дитячі,
5010,"Одяг, взуття, аксесуари",Взуття,Дитяче взуття,Тапочки дитячі,,Тапочки дитячі,
2415,"Одяг, взуття, аксесуари",Взуття,Дитяче взуття,Туфлі дитячі,,Туфлі дитячі,
819,"Одяг, взуття, аксесуари",Взуття,Дитяче взуття,Черевики дитячі,,Черевики дитячі,
2412,"Одяг, взуття, аксесуари",Взуття,Дитяче взуття,Чешки дитячі,,Чешки дитячі,
821,"Одяг, взуття, аксесуари",Взуття,Дитяче взуття,Чоботи дитячі,,Чоботи дитячі,
826,"Одяг, взуття, аксесуари",Взуття,Дитяче взуття,Шльопанці дитячі,,Шльопанці дитячі,
5431,"Одяг, взуття, аксесуари",Взуття,Домашні тапочки,,,Домашні тапочки,
5449,"Одяг, взуття, аксесуари",Взуття,Кеди,,,Кеди,
5419,"Одяг, взуття, аксесуари",Взуття,Кросівки,,,Кросівки,
5422,"Одяг, взуття, аксесуари",Взуття,Мокасини та сліпони,,,Мокасини та сліпони,
7193,"Одяг, взуття, аксесуари",Взуття,Сабо,,,Сабо,
5377,"Одяг, взуття, аксесуари",Взуття,Сандалії,,,Сандалії,
1549,"Одяг, взуття, аксесуари",Взуття,Тапочки для коралів,,,Тапочки для коралів,
5192,"Одяг, взуття, аксесуари",Взуття,Туристичне взуття,Аксесуари для туристичного взуття,Гамаші туристичні,Гамаші туристичні,
5095,"Одяг, взуття, аксесуари",Взуття,Туристичне взуття,Аксесуари для туристичного взуття,Засоби для догляду за туристичним взуттям,Засоби для догляду за туристичним взуттям,
5101,"Одяг, взуття, аксесуари",Взуття,Туристичне взуття,Чоботи туристичні,,Чоботи туристичні,
6466,"Одяг, взуття, аксесуари",Взуття,Туфлі,,,Туфлі,
5439,"Одяг, взуття, аксесуари",Взуття,Уггі,,,Уггі,
3859,"Одяг, взуття, аксесуари",Взуття,Черевики,,,Черевики,
5394,"Одяг, взуття, аксесуари",Взуття,Чоботи,,,Чоботи,
5417,"Одяг, взуття, аксесуари",Взуття,Шльопанці,,,Шльопанці,
3836,"Одяг, взуття, аксесуари",Одяг,Верхній одяг,Жилети,,Жилети,
6575,"Одяг, взуття, аксесуари",Одяг,Верхній одяг,Куртки,,Куртки,
6703,"Одяг, взуття, аксесуари",Одяг,Верхній одяг,Пальта,,Пальта,
7925,"Одяг, взуття, аксесуари",Одяг,Верхній одяг,Шуби,,Шуби,
9244,"Одяг, взуття, аксесуари",Одяг,Верхній одяг,Тренчі,,Тренчі,
8826,"Одяг, взуття, аксесуари",Одяг,Весільний одяг,Весільна фата,,Весільна фата,
6305,"Одяг, взуття, аксесуари",Одяг,Весільний одяг,Весільні аксесуари,,Весільні аксесуари,
8827,"Одяг, взуття, аксесуари",Одяг,Весільний одяг,Весільні сукні,,Весільні сукні,
5365,"Одяг, взуття, аксесуари",Одяг,Вишиванки,,,Вишиванки,
3773,"Одяг, взуття, аксесуари",Одяг,Гетри,,,Гетри,
8820,"Одяг, взуття, аксесуари",Одяг,Гірськолижний одяг,Лижні костюми,,Лижні костюми,
5400,"Одяг, взуття, аксесуари",Одяг,Кофти,,,Кофти,
1791,"Одяг, взуття, аксесуари",Одяг,Джинси,,,Джинси,
2849,"Одяг, взуття, аксесуари",Одяг,Дитячий одяг,Аксесуари дитячі,Дитячі прикраси,Дитячі прикраси,
2419,"Одяг, взуття, аксесуари",Одяг,Дитячий одяг,Аксесуари дитячі,Дитячі рукавиці,Дитячі рукавиці,
810,"Одяг, взуття, аксесуари",Одяг,Дитячий одяг,Аксесуари дитячі,Краватки дитячі,Краватки дитячі,
6501,"Одяг, взуття, аксесуари",Одяг,Дитячий одяг,Аксесуари дитячі,Метелики дитячі,Метелики дитячі,
921,"Одяг, взуття, аксесуари",Одяг,Дитячий одяг,Аксесуари дитячі,Парасольки дитячі,Парасольки дитячі,
2420,"Одяг, взуття, аксесуари",Одяг,Дитячий одяг,Аксесуари дитячі,Ремені дитячі,Ремені дитячі,
924,"Одяг, взуття, аксесуари",Одяг,Дитячий одяг,Аксесуари дитячі,Сонцезахисні окуляри дитячі,Сонцезахисні окуляри дитячі,
2418,"Одяг, взуття, аксесуари",Одяг,Дитячий одяг,Аксесуари дитячі,Шарфи і снуди дитячі,Шарфи і снуди дитячі,
7244,"Одяг, взуття, аксесуари",Одяг,Дитячий одяг,Аксесуари для новонароджених,Дряпки,Дряпки,
6863,"Одяг, взуття, аксесуари",Одяг,Дитячий одяг,Аксесуари для новонароджених,Куточки для купання,Куточки для купання,
794,"Одяг, взуття, аксесуари",Одяг,Дитячий одяг,Аксесуари для новонароджених,Пінетки,Пінетки,
6503,"Одяг, взуття, аксесуари",Одяг,Дитячий одяг,Аксесуари для новонароджених,Рушники дитячі,Рушники дитячі,
751,"Одяг, взуття, аксесуари",Одяг,Дитячий одяг,Аксесуари для новонароджених,Слинявчики та нагрудники,Слинявчики та нагрудники,
2430,"Одяг, взуття, аксесуари",Одяг,Дитячий одяг,Верхній одяг дитячий,Вітровки дитячі,Вітровки дитячі,
796,"Одяг, взуття, аксесуари",Одяг,Дитячий одяг,Верхній одяг дитячий,Дитячі зимові комбінезони,Дитячі зимові комбінезони,
804,"Одяг, взуття, аксесуари",Одяг,Дитячий одяг,Верхній одяг дитячий,Дитячі зимові комплекти,Дитячі зимові комплекти,
2431,"Одяг, взуття, аксесуари",Одяг,Дитячий одяг,Верхній одяг дитячий,Дощовики дитячі,Дощовики дитячі,
811,"Одяг, взуття, аксесуари",Одяг,Дитячий одяг,Верхній одяг дитячий,Жилети дитячі,Жилети дитячі,
801,"Одяг, взуття, аксесуари",Одяг,Дитячий одяг,Верхній одяг дитячий,Куртки дитячі,Куртки дитячі,
6546,"Одяг, взуття, аксесуари",Одяг,Дитячий одяг,Верхній одяг дитячий,Пальта дитячі,Пальта дитячі,
6868,"Одяг, взуття, аксесуари",Одяг,Дитячий одяг,Верхній одяг дитячий,Плащі дитячі,Плащі дитячі,
6585,"Одяг, взуття, аксесуари",Одяг,Дитячий одяг,Головні убори дитячі,Кепки дитячі,Кепки дитячі,
2432,"Одяг, взуття, аксесуари",Одяг,Дитячий одяг,Колготки дитячі,,Колготки дитячі,
6511,"Одяг, взуття, аксесуари",Одяг,Дитячий одяг,Лосини дитячі,,Лосини дитячі,
6602,"Одяг, взуття, аксесуари",Одяг,Дитячий одяг,Національний одяг дитячий,Вишиванки дитячі,Вишиванки дитячі,
6555,"Одяг, взуття, аксесуари",Одяг,Дитячий одяг,Національний одяг дитячий,Вінки дитячі,Вінки дитячі,
6528,"Одяг, взуття, аксесуари",Одяг,Дитячий одяг,Національний одяг дитячий,Плаття-вишиванки дитячі,Плаття-вишиванки дитячі,
6872,"Одяг, взуття, аксесуари",Одяг,Дитячий одяг,Національний одяг дитячий,Спідниці-вишиванки дитячі,Спідниці-вишиванки дитячі,
6542,"Одяг, взуття, аксесуари",Одяг,Дитячий одяг,Національний одяг дитячий,Шаровари дитячі,Шаровари дитячі,
787,"Одяг, взуття, аксесуари",Одяг,Дитячий одяг,Одяг для новонароджених,Боді дитячі,Боді дитячі,
5396,"Одяг, взуття, аксесуари",Одяг,Дитячий одяг,Одяг для новонароджених,Верхній одяг для новонароджених,Верхній одяг для новонароджених,
166,"Одяг, взуття, аксесуари",Одяг,Дитячий одяг,Одяг для новонароджених,Головні убори для новонароджених,Головні убори для новонароджених,
795,"Одяг, взуття, аксесуари",Одяг,Дитячий одяг,Одяг для новонароджених,Конверти для новонароджених,Конверти для новонароджених,
790,"Одяг, взуття, аксесуари",Одяг,Дитячий одяг,Одяг для новонароджених,Кофтинки для новонароджених,Кофтинки для новонароджених,
6601,"Одяг, взуття, аксесуари",Одяг,Дитячий одяг,Одяг для новонароджених,Льолі для новонароджених,Льолі для новонароджених,
788,"Одяг, взуття, аксесуари",Одяг,Дитячий одяг,Одяг для новонароджених,Набори для новонароджених,Набори для новонароджених,
793,"Одяг, взуття, аксесуари",Одяг,Дитячий одяг,Одяг для новонароджених,Одяг для хрещення,Одяг для хрещення,
760,"Одяг, взуття, аксесуари",Одяг,Дитячий одяг,Одяг для новонароджених,Пелюшки дитячі,Пелюшки дитячі,
6524,"Одяг, взуття, аксесуари",Одяг,Дитячий одяг,Одяг для новонароджених,Пісочники дитячі,Пісочники дитячі,
791,"Одяг, взуття, аксесуари",Одяг,Дитячий одяг,Одяг для новонароджених,Повзунки для новонароджених,Повзунки для новонароджених,
6871,"Одяг, взуття, аксесуари",Одяг,Дитячий одяг,Одяг для новонароджених,Чоловічки дитячі,Чоловічки дитячі,
6599,"Одяг, взуття, аксесуари",Одяг,Дитячий одяг,Одяг для новонароджених,Штанці для новонароджених,Штанці для новонароджених,
2425,"Одяг, взуття, аксесуари",Одяг,Дитячий одяг,Пляжний одяг дитячий,Купальники дитячі,Купальники дитячі,
816,"Одяг, взуття, аксесуари",Одяг,Дитячий одяг,Пляжний одяг дитячий,Плавки дитячі,Плавки дитячі,
2426,"Одяг, взуття, аксесуари",Одяг,Дитячий одяг,Повсякденний дитячий одяг,Блузки дитячі,Блузки дитячі,
799,"Одяг, взуття, аксесуари",Одяг,Дитячий одяг,Повсякденний дитячий одяг,Джинси дитячі,Джинси дитячі,
9092,"Одяг, взуття, аксесуари",Одяг,Дитячий одяг,Повсякденний дитячий одяг,Комбінезони дитячі,Комбінезони дитячі,
2427,"Одяг, взуття, аксесуари",Одяг,Дитячий одяг,Повсякденний дитячий одяг,Костюми дитячі,Костюми дитячі,
6603,"Одяг, взуття, аксесуари",Одяг,Дитячий одяг,Повсякденний дитячий одяг,Піджаки дитячі,Піджаки дитячі,
797,"Одяг, взуття, аксесуари",Одяг,Дитячий одяг,Повсякденний дитячий одяг,Плаття дитячі,Плаття дитячі,
6852,"Одяг, взуття, аксесуари",Одяг,Дитячий одяг,Повсякденний дитячий одяг,Сарафани дитячі,Сарафани дитячі,
812,"Одяг, взуття, аксесуари",Одяг,Дитячий одяг,Повсякденний дитячий одяг,Сорочки дитячі,Сорочки дитячі,
2433,"Одяг, взуття, аксесуари",Одяг,Дитячий одяг,Повсякденний дитячий одяг,Спідниці дитячі,Спідниці дитячі,
809,"Одяг, взуття, аксесуари",Одяг,Дитячий одяг,Повсякденний дитячий одяг,Спортивні костюми дитячі,Спортивні костюми дитячі,
798,"Одяг, взуття, аксесуари",Одяг,Дитячий одяг,Повсякденний дитячий одяг,Футболки дитячі,Футболки дитячі,
2429,"Одяг, взуття, аксесуари",Одяг,Дитячий одяг,Повсякденний дитячий одяг,Шорти дитячі,Шорти дитячі,
2428,"Одяг, взуття, аксесуари",Одяг,Дитячий одяг,Повсякденний дитячий одяг,Штани дитячі,Штани дитячі,
6583,"Одяг, взуття, аксесуари",Одяг,Дитячий одяг,Повсякденний дитячий одяг,Топи для дівчаток,Топи для дівчаток,
805,"Одяг, взуття, аксесуари",Одяг,Дитячий одяг,Светри і кофти дитячі,,Светри і кофти дитячі,
6549,"Одяг, взуття, аксесуари",Одяг,Дитячий одяг,Спідня білизна дитяча,Кальсони дитячі,Кальсони дитячі,
6582,"Одяг, взуття, аксесуари",Одяг,Дитячий одяг,Спідня білизна дитяча,Комплекти спідньої білизни дитячі,Комплекти спідньої білизни дитячі,
6504,"Одяг, взуття, аксесуари",Одяг,Дитячий одяг,Спідня білизна дитяча,Ліфи дитячі,Ліфи дитячі,
6561,"Одяг, взуття, аксесуари",Одяг,Дитячий одяг,Спідня білизна дитяча,Майки дитячі,Майки дитячі,
6562,"Одяг, взуття, аксесуари",Одяг,Дитячий одяг,Спідня білизна дитяча,Піжами дитячі,Піжами дитячі,
6598,"Одяг, взуття, аксесуари",Одяг,Дитячий одяг,Спідня білизна дитяча,Термобілизна дитяча,Термобілизна дитяча,
6583,"Одяг, взуття, аксесуари",Одяг,Дитячий одяг,Спідня білизна дитяча,Топи дитячі,Топи дитячі,
6587,"Одяг, взуття, аксесуари",Одяг,Дитячий одяг,Спідня білизна дитяча,Труси дитячі,Труси дитячі,
6605,"Одяг, взуття, аксесуари",Одяг,Дитячий одяг,Спідня білизна дитяча,Халати дитячі,Халати дитячі,
9208,"Одяг, взуття, аксесуари",Одяг,Дитячий одяг,Спідня білизна дитяча,Нічні сорочки для дівчаток,Нічні сорочки для дівчаток,
800,"Одяг, взуття, аксесуари",Одяг,Дитячий одяг,Шкарпетки дитячі,,Шкарпетки дитячі,
7297,"Одяг, взуття, аксесуари",Одяг,Дитячий одяг,Шкільна форма дитяча,Брюки шкільні,Брюки шкільні,
6864,"Одяг, взуття, аксесуари",Одяг,Дитячий одяг,Шкільна форма дитяча,Костюми шкільні,Костюми шкільні,
6539,"Одяг, взуття, аксесуари",Одяг,Дитячий одяг,Шкільна форма дитяча,Плаття шкільні,Плаття шкільні,
6600,"Одяг, взуття, аксесуари",Одяг,Дитячий одяг,Шкільна форма дитяча,Сарафани шкільні,Сарафани шкільні,
6535,"Одяг, взуття, аксесуари",Одяг,Дитячий одяг,Шкільна форма дитяча,Спідниці шкільні,Спідниці шкільні,
7953,"Одяг, взуття, аксесуари",Одяг,Домашній одяг,Домашні костюми,,Домашні костюми,
6355,"Одяг, взуття, аксесуари",Одяг,Домашній одяг,Кігурумі,,Кігурумі,
7932,"Одяг, взуття, аксесуари",Одяг,Домашній одяг,Нічні сорочки,,Нічні сорочки,
7927,"Одяг, взуття, аксесуари",Одяг,Домашній одяг,Піжами,,Піжами,
7926,"Одяг, взуття, аксесуари",Одяг,Домашній одяг,Халати,,Халати,
7211,"Одяг, взуття, аксесуари",Одяг,Жіночий одяг,Білизна жіноча,Бюстгальтери,Бюстгальтери,
7212,"Одяг, взуття, аксесуари",Одяг,Жіночий одяг,Білизна жіноча,Комплекти нижньої білизни,Комплекти нижньої білизни,
7213,"Одяг, взуття, аксесуари",Одяг,Жіночий одяг,Білизна жіноча,Коригувальна білизна,Коригувальна білизна,
7228,"Одяг, взуття, аксесуари",Одяг,Жіночий одяг,Білизна жіноча,Корсети та бюстьє,Корсети та бюстьє,
9250,"Одяг, взуття, аксесуари",Одяг,Жіночий одяг,Білизна жіноча,Пояс для панчіх,Пояс для панчіх,
5426,"Одяг, взуття, аксесуари",Одяг,Жіночий одяг,Блузки,,Блузки,
6571,"Одяг, взуття, аксесуари",Одяг,Жіночий одяг,Боді,,Боді,
5383,"Одяг, взуття, аксесуари",Одяг,Жіночий одяг,Комбінезони жіночі,,Комбінезони жіночі,
6358,"Одяг, взуття, аксесуари",Одяг,Жіночий одяг,Маски для сну,,Маски для сну,
7215,"Одяг, взуття, аксесуари",Одяг,Жіночий одяг,Панчішно-шкарпеткові вироби,Колготи,Колготи,
7214,"Одяг, взуття, аксесуари",Одяг,Жіночий одяг,Панчішно-шкарпеткові вироби,Панчохи,Панчохи,
7192,"Одяг, взуття, аксесуари",Одяг,Жіночий одяг,Сарафани,,Сарафани,
5414,"Одяг, взуття, аксесуари",Одяг,Жіночий одяг,Спідниці,,Спідниці,
5430,"Одяг, взуття, аксесуари",Одяг,Жіночий одяг,Туніки,,Туніки,
6611,"Одяг, взуття, аксесуари",Одяг,Карнавальні костюми,,,Карнавальні костюми,
7998,"Одяг, взуття, аксесуари",Одяг,Компресійний одяг,,,Компресійний одяг,
8739,"Одяг, взуття, аксесуари",Одяг,Класичні костюми,,,Класичні костюми,
9194,"Одяг, взуття, аксесуари",Одяг,Костюми,Прогулянкові костюми,,Прогулянкові костюми,
6572,"Одяг, взуття, аксесуари",Одяг,Купальники,,,Купальники,
6767,"Одяг, взуття, аксесуари",Одяг,Майки,,,Майки,
6827,"Одяг, взуття, аксесуари",Одяг,Одяг для єдиноборств,,,Одяг для єдиноборств,
5410,"Одяг, взуття, аксесуари",Одяг,Піджаки,,,Піджаки,
3778,"Одяг, взуття, аксесуари",Одяг,Плавки,,,Плавки,
3668,"Одяг, взуття, аксесуари",Одяг,Поло,,,Поло,
5429,"Одяг, взуття, аксесуари",Одяг,Рукавички зимові,,,Рукавички зимові,
1846,"Одяг, взуття, аксесуари",Одяг,Сорочки,,,Сорочки,
8960,"Одяг, взуття, аксесуари",Одяг,Спідня білизна,Труси,,Труси,
9286,"Одяг, взуття, аксесуари",Одяг,Спідня білизна,Фурнітура для нижньої білизни,,Фурнітура для нижньої білизни,
5448,"Одяг, взуття, аксесуари",Одяг,Спортивні костюми,,,Спортивні костюми,
6390,"Одяг, взуття, аксесуари",Одяг,Сукні,,,Сукні,
1379,"Одяг, взуття, аксесуари",Одяг,Термобілизна,,,Термобілизна,
6567,"Одяг, взуття, аксесуари",Одяг,Топи жіночі,,,Топи жіночі,
6321,"Одяг, взуття, аксесуари",Одяг,Туристичний одяг,Дощовики і пончо туристичні,,Дощовики і пончо туристичні,
6844,"Одяг, взуття, аксесуари",Одяг,Туристичний одяг,Комбінезони туристичні,,Комбінезони туристичні,
5102,"Одяг, взуття, аксесуари",Одяг,Туристичний одяг,Костюми для риболовлі,,Костюми для риболовлі,
6446,"Одяг, взуття, аксесуари",Одяг,Туристичний одяг,Кофти туристичні,,Кофти туристичні,
6459,"Одяг, взуття, аксесуари",Одяг,Туристичний одяг,"Нашивки, шеврони і патчі",,"Нашивки, шеврони і патчі",
1501,"Одяг, взуття, аксесуари",Одяг,Туристичний одяг,Тактичні рукавички,,Тактичні рукавички,
6649,"Одяг, взуття, аксесуари",Одяг,Туристичний одяг,Тактичні сорочки,,Тактичні сорочки,
6433,"Одяг, взуття, аксесуари",Одяг,Туристичний одяг,Тактичні штани,,Тактичні штани,
3666,"Одяг, взуття, аксесуари",Одяг,Футболки,,,Футболки,
1337,"Одяг, взуття, аксесуари",Одяг,Футбольна форма,,,Футбольна форма,
5381,"Одяг, взуття, аксесуари",Одяг,Шкарпетки,,,Шкарпетки,
1860,"Одяг, взуття, аксесуари",Одяг,Шорти,,,Шорти,
6698,"Одяг, взуття, аксесуари",Одяг,Штани,Лосини,,Лосини,
1793,"Одяг, взуття, аксесуари",Одяг,Штани,Спортивні штани,,Спортивні штани,
1790,"Одяг, взуття, аксесуари",Одяг,Штани,Брюки,,Брюки,
1798,"Одяг, взуття, аксесуари",Прикраси,Біжутерія,,,Біжутерія,
2457,"Одяг, взуття, аксесуари",Прикраси,Браслети,,,Браслети,
6356,"Одяг, взуття, аксесуари",Прикраси,Буси,,,Буси,
2455,"Одяг, взуття, аксесуари",Прикраси,Каблучки,,,Каблучки,
6357,"Одяг, взуття, аксесуари",Прикраси,Кольє та намиста,,,Кольє та намиста,
6359,"Одяг, взуття, аксесуари",Прикраси,Кулони та підвіски,,,Кулони та підвіски,
2456,"Одяг, взуття, аксесуари",Прикраси,Сережки,,,Сережки,
6361,"Одяг, взуття, аксесуари",Прикраси,Чокери,,,Чокери,
6411,"Одяг, взуття, аксесуари",Прикраси,Ювелірні прикраси,Золоті прикраси,Золоті сережки,Золоті сережки,
6412,"Одяг, взуття, аксесуари",Прикраси,Ювелірні прикраси,Срібні прикраси,Срібні булавки і шпильки,Срібні булавки і шпильки,
6419,"Одяг, взуття, аксесуари",Прикраси,Ювелірні прикраси,Срібні прикраси,Срібні кулони,Срібні кулони,
6416,"Одяг, взуття, аксесуари",Прикраси,Ювелірні прикраси,Срібні прикраси,Срібні підвіски,Срібні підвіски,
6420,"Одяг, взуття, аксесуари",Прикраси,Ювелірні прикраси,Срібні прикраси,Срібні сережки,Срібні сережки,
6413,"Одяг, взуття, аксесуари",Прикраси,Ювелірні прикраси,Срібні прикраси,Шарми на браслет,Шарми на браслет,
6417,"Одяг, взуття, аксесуари",Прикраси,Ювелірні прикраси,Срібні прикраси,Шнурки на руку,Шнурки на руку,
5628,Освітлення,Бра,,,,Бра,
5913,Освітлення,Вуличні світильники,Вулична підсвітка для сходів та фасаду,,,Вулична підсвітка для сходів та фасаду,
5904,Освітлення,Вуличні світильники,Консольні світильники,,,Консольні світильники,
5883,Освітлення,Вуличні світильники,Прожектори,,,Прожектори,
5871,Освітлення,Вуличні світильники,Садові світильники,,,Садові світильники,
5875,Освітлення,Вуличні світильники,Світильники на сонячній батареї,,,Світильники на сонячній батареї,
7705,Освітлення,Комплектуючі для освітлення,Аксесуари для ліхтарів,,,Аксесуари для ліхтарів,
8690,Освітлення,Комплектуючі для освітлення,Комплектуючі для люстр,,,Комплектуючі для люстр,
7233,Освітлення,Комплектуючі для освітлення,Комплектуючі для світильників,,,Комплектуючі для світильників,
5874,Освітлення,Комплектуючі для освітлення,Плафони,,,Плафони,
5882,Освітлення,Комплектуючі для освітлення,Шнури для світильників,,,Шнури для світильників,
9036,Освітлення,Лампи для ноутбуків,,,,Лампи для ноутбуків,
5901,Освітлення,Лампочки,Галогенні лампи,,,Галогенні лампи,
5905,Освітлення,Лампочки,Декоративні лампи,,,Декоративні лампи,
5892,Освітлення,Лампочки,Енергозберігаючі лампи,,,Енергозберігаючі лампи,
5877,Освітлення,Лампочки,Лампи розжарювання,,,Лампи розжарювання,
5881,Освітлення,Лампочки,Люмінесцентні лампи,,,Люмінесцентні лампи,
8707,Освітлення,Лампочки,Світлодіоди,,,Світлодіоди,
5884,Освітлення,Лампочки,Світлодіодні лампи (LED),,,Світлодіодні лампи (LED),
5911,Освітлення,Лампочки,Спеціальні лампи,,,Спеціальні лампи,
5627,Освітлення,Люстри,,,,Люстри,
5620,Освітлення,Настільні лампи,,,,Настільні лампи,
8968,Освітлення,Неонові вивіски,,,,Неонові вивіски,
5624,Освітлення,Нічники,,,,Нічники,
3358,Освітлення,Освітлення для дитячої кімнати,,,,Освітлення для дитячої кімнати,
5879,Освітлення,Підсвітка,Підсвітка декоративна,,,Підсвітка декоративна,
5890,Освітлення,Підсвітка,Підсвітка для дзеркал,,,Підсвітка для дзеркал,
5888,Освітлення,Підсвітка,Підсвітка для картин,,,Підсвітка для картин,
5885,Освітлення,Підсвітка,Підсвітка для меблів,,,Підсвітка для меблів,
5870,Освітлення,Світильники,Настінні світильники,,,Настінні світильники,
5887,Освітлення,Світильники,Підвісні світильники,,,Підвісні світильники,
5873,Освітлення,Світильники,Світлодіодні світильники (LED),,,Світлодіодні світильники (LED),
5912,Освітлення,Світильники,Стельові світильники,,,Стельові світильники,
5891,Освітлення,Світильники,Точкові світильники,,,Точкові світильники,
5902,Освітлення,Світильники офісно-промислові,Лінійні світильники,,,Лінійні світильники,
5910,Освітлення,Світильники офісно-промислові,Світильники аварійні,,,Світильники аварійні,
5906,Освітлення,Світильники офісно-промислові,Світильники адміністративні,,,Світильники адміністративні,
5896,Освітлення,Світильники офісно-промислові,Світильники вбудовувані,,,Світильники вбудовувані,
9026,Освітлення,Соляні лампи,,,,Соляні лампи,
5619,Освітлення,Споти,,,,Споти,
3151,Освітлення,Студійне освітлення,Бокси для макрозйомки,,,Бокси для макрозйомки,
7880,Освітлення,Студійне освітлення,Кільцеві лампи,,,Кільцеві лампи,
3798,Освітлення,Студійне освітлення,Світлове обладнання для дискотек,,,Світлове обладнання для дискотек,
3148,Освітлення,Студійне освітлення,Студійні спалахи,,,Студійні спалахи,
3152,Освітлення,Студійне освітлення,Фотофони,,,Фотофони,
5621,Освітлення,Торшери,,,,Торшери,
6537,Освітлення,Трансформатори для ламп,,,,Трансформатори для ламп,
5878,Освітлення,Трекові світильники,Аксесуари для трекових систем,,,Аксесуари для трекових систем,
5869,Освітлення,Трекові світильники,Прожектори на шину,,,Прожектори на шину,
5876,Освітлення,Трекові світильники,Шини для трекових світильників,,,Шини для трекових світильників,
5897,Освітлення,LED-стрічка,Аксесуари для LED-стрічки,,,Аксесуари для LED-стрічки,
5889,Освітлення,LED-стрічка,Профіль та комплектуючі для LED-стрічки,,,Профіль та комплектуючі для LED-стрічки,
5909,Освітлення,LED-стрічка,Світлодіодна стрічка,,,Світлодіодна стрічка,
131,Побутова техніка,Ваги,Ваги підлогові,,,Ваги підлогові,
4691,Побутова техніка,Вбудовувана техніка,Аксесуари для вбудовуваної техніки,,,Аксесуари для вбудовуваної техніки,
83,Побутова техніка,Вбудовувана техніка,Варильні поверхні,,,Варильні поверхні,
4686,Побутова техніка,Вбудовувана техніка,Вбудовувані мікрохвильові печі,,,Вбудовувані мікрохвильові печі,
4689,Побутова техніка,Вбудовувана техніка,Вбудовувані морозильні камери,,,Вбудовувані морозильні камери,
4685,Побутова техніка,Вбудовувана техніка,Вбудовувані посудомийні машини,,,Вбудовувані посудомийні машини,
4687,Побутова техніка,Вбудовувана техніка,Вбудовувані пральні машини,,,Вбудовувані пральні машини,
4688,Побутова техніка,Вбудовувана техніка,Вбудовувані холодильники,,,Вбудовувані холодильники,
84,Побутова техніка,Вбудовувана техніка,Витяжки,,,Витяжки,
82,Побутова техніка,Вбудовувана техніка,Духові шафи,,,Духові шафи,
4690,Побутова техніка,Вбудовувана техніка,Інша вбудовувана техніка,,,Інша вбудовувана техніка,
8824,Побутова техніка,Вбудовувана техніка,Комплекти вбудовуваної техніки,,,Комплекти вбудовуваної техніки,
85,Побутова техніка,Велика побутова техніка,Аксесуари для великої побутової техніки,,,Аксесуари для великої побутової техніки,
8679,Побутова техніка,Велика побутова техніка,Винні шафи,,,Винні шафи,
7327,Побутова техніка,Велика побутова техніка,Запчастини для великої побутової техніки,,,Запчастини для великої побутової техніки,
81,Побутова техніка,Велика побутова техніка,Кухонні плити,,,Кухонні плити,
79,Побутова техніка,Велика побутова техніка,Морозильні камери та скрині,,,Морозильні камери та скрині,
80,Побутова техніка,Велика побутова техніка,Посудомийні машини,,,Посудомийні машини,
77,Побутова техніка,Велика побутова техніка,Пральні машини,,,Пральні машини,
5169,Побутова техніка,Велика побутова техніка,Сушильні машини,,,Сушильні машини,
78,Побутова техніка,Велика побутова техніка,Холодильники,,,Холодильники,
145,Побутова техніка,Кліматична техніка,Аксесуари для кліматичної техніки,,,Аксесуари для кліматичної техніки,
139,Побутова техніка,Кліматична техніка,Вентилятори,,,Вентилятори,
142,Побутова техніка,Кліматична техніка,Зволожувачі повітря,,,Зволожувачі повітря,
141,Побутова техніка,Кліматична техніка,Кондиціонери,,,Кондиціонери,
144,Побутова техніка,Кліматична техніка,Метеостанції та термометри побутові,,,Метеостанції та термометри побутові,
7689,Побутова техніка,Кліматична техніка,Міні-кондиціонери,,,Міні-кондиціонери,
8700,Побутова техніка,Кліматична техніка,Обігрівачі,Газові обігрівачі,,Газові обігрівачі,
9500,Побутова техніка,Кліматична техніка,Обігрівачі,Гасові обігрівачі,,Гасові обігрівачі,
4912,Побутова техніка,Кліматична техніка,Обігрівачі,Інфрачервоні обігрівачі,,Інфрачервоні обігрівачі,
4913,Побутова техніка,Кліматична техніка,Обігрівачі,Конвектори електричні,,Конвектори електричні,
4914,Побутова техніка,Кліматична техніка,Обігрівачі,Масляні обігрівачі,,Масляні обігрівачі,
4994,Побутова техніка,Кліматична техніка,Обігрівачі,Повітряні завіси,,Повітряні завіси,
4910,Побутова техніка,Кліматична техніка,Обігрівачі,Тепловентилятори,,Тепловентилятори,
4985,Побутова техніка,Кліматична техніка,Обігрівачі,Теплові панелі,,Теплові панелі,
8620,Побутова техніка,Кліматична техніка,Озонатори,,,Озонатори,
4915,Побутова техніка,Кліматична техніка,Осушувачі повітря,,,Осушувачі повітря,
4909,Побутова техніка,Кліматична техніка,Очищувачі повітря,,,Очищувачі повітря,
5059,Побутова техніка,Послуги з категорії «Побутова техніка»,,,,Послуги з категорії «Побутова техніка»,
93,Побутова техніка,Техніка для догляду за домом та одягом,Аксесуари до техніки для догляду за домом,,,Аксесуари до техніки для догляду за домом,
2791,Побутова техніка,Техніка для догляду за домом та одягом,Відпарювачі,,,Відпарювачі,
92,Побутова техніка,Техніка для догляду за домом та одягом,Електросушарки для взуття,,,Електросушарки для взуття,
91,Побутова техніка,Техніка для догляду за домом та одягом,Машинки для видалення катишків,,,Машинки для видалення катишків,
8193,Побутова техніка,Техніка для догляду за домом та одягом,Оверлоки,,,Оверлоки,
7615,Побутова техніка,Техніка для догляду за домом та одягом,Парогенератори,,,Парогенератори,
88,Побутова техніка,Техніка для догляду за домом та одягом,Пароочисники,,,Пароочисники,
87,Побутова техніка,Техніка для догляду за домом та одягом,Пилососи,,,Пилососи,
89,Побутова техніка,Техніка для догляду за домом та одягом,Праски,,,Праски,
5929,Побутова техніка,Техніка для догляду за домом та одягом,Роботи-пилососи,,,Роботи-пилососи,
90,Побутова техніка,Техніка для догляду за домом та одягом,Швейні машинки,,,Швейні машинки,
9216,Побутова техніка,Техніка для догляду за домом та одягом,Електричні щітки для прибирання,,,Електричні щітки для прибирання,
9088,Побутова техніка,Техніка для догляду за домом та одягом,Роботи-мийники вікон,,,Роботи-мийники вікон ,
137,Побутова техніка,Техніка для краси і здоров'я,Аксесуари до техніки для краси і здоров'я,,,Аксесуари до техніки для краси і здоров'я,
6557,Побутова техніка,Техніка для краси і здоров'я,Воскоплави,,,Воскоплави,
8736,Побутова техніка,Техніка для краси і здоров'я,Електричні грілки,,,Електричні грілки,
130,Побутова техніка,Техніка для краси і здоров'я,Електричні зубні щітки,,,Електричні зубні щітки,
126,Побутова техніка,Техніка для краси і здоров'я,Електробритви,,,Електробритви,
134,Побутова техніка,Техніка для краси і здоров'я,Електромасажери,,,Електромасажери,
127,Побутова техніка,Техніка для краси і здоров'я,Епілятори,,,Епілятори,
7285,Побутова техніка,Техніка для краси і здоров'я,Іригатори,,,Іригатори,
3796,Побутова техніка,Техніка для краси і здоров'я,Лампи для манікюру,,,Лампи для манікюру,
128,Побутова техніка,Техніка для краси і здоров'я,Машинки для стрижки,,,Машинки для стрижки,
9068,Побутова техніка,Техніка для краси і здоров'я,Насадки для зубних щіток,,,Насадки для зубних щіток,
136,Побутова техніка,Техніка для краси і здоров'я,Постільна білизна з підігрівом,,,Постільна білизна з підігрівом,
4862,Побутова техніка,Техніка для краси і здоров'я,Прилади для догляду за шкірою,,,Прилади для догляду за шкірою,
133,Побутова техніка,Техніка для краси і здоров'я,Прилади для манікюру і педикюру,,,Прилади для манікюру і педикюру,
129,Побутова техніка,Техніка для краси і здоров'я,Прилади для укладання волосся,,,Прилади для укладання волосся,
5401,Побутова техніка,Техніка для краси і здоров'я,Тримери для стрижки,,,Тримери для стрижки,
2788,Побутова техніка,Техніка для краси і здоров'я,Фени,,,Фени,
2789,Побутова техніка,Техніка для краси і здоров'я,Фотоепілятори,,,Фотоепілятори,
8696,Побутова техніка,Техніка для краси і здоров'я,Фрезери для манікюра,,,Фрезери для манікюра,
113,Побутова техніка,Техніка для приготування їжі,Аерогрилі,,,Аерогрилі,
124,Побутова техніка,Техніка для приготування їжі,Аксесуари до техніки для приготування їжі,,,Аксесуари до техніки для приготування їжі,
119,Побутова техніка,Техніка для приготування їжі,Блендери,,,Блендери,
2559,Побутова техніка,Техніка для приготування їжі,Бутербродниці,,,Бутербродниці,
108,Побутова техніка,Техніка для приготування їжі,Ваги кухонні,,,Ваги кухонні,
8735,Побутова техніка,Техніка для приготування їжі,Вакуумні пакувальники,,,Вакуумні пакувальники,
2558,Побутова техніка,Техніка для приготування їжі,Вафельниці,,,Вафельниці,
112,Побутова техніка,Техніка для приготування їжі,Грилі електричні,,,Грилі електричні,
111,Побутова техніка,Техніка для приготування їжі,Електричні печі,,,Електричні печі,
2562,Побутова техніка,Техніка для приготування їжі,Електрошашличниці,,,Електрошашличниці,
8797,Побутова техніка,Техніка для приготування їжі,Запчастини для кухонної техніки,,,Запчастини для кухонної техніки,
103,Побутова техніка,Техніка для приготування їжі,Йогуртниці,,,Йогуртниці,
117,Побутова техніка,Техніка для приготування їжі,Кухонні комбайни,,,Кухонні комбайни,
9128,Побутова техніка,Техніка для приготування їжі,Кухонні машини,,,Кухонні машини,
116,Побутова техніка,Техніка для приготування їжі,М'ясорубки,,,М'ясорубки,
110,Побутова техніка,Техніка для приготування їжі,Мікрохвильові печі,,,Мікрохвильові печі,
120,Побутова техніка,Техніка для приготування їжі,Міксери,,,Міксери,
105,Побутова техніка,Техніка для приготування їжі,Млинниці,,,Млинниці,
104,Побутова техніка,Техніка для приготування їжі,Морозивниці,,,Морозивниці,
101,Побутова техніка,Техніка для приготування їжі,Мультиварки,,,Мультиварки,
8359,Побутова техніка,Техніка для приготування їжі,Мультипекар,,,Мультипекар,
8750,Побутова техніка,Техніка для приготування їжі,Мультипечі,,,Мультипечі,
109,Побутова техніка,Техніка для приготування їжі,Настільні плити,,,Настільні плити,
102,Побутова техніка,Техніка для приготування їжі,Пароварки,,,Пароварки,
2556,Побутова техніка,Техніка для приготування їжі,Подрібнювачі,,,Подрібнювачі,
118,Побутова техніка,Техніка для приготування їжі,Скиборізки (слайсери),,,Скиборізки (слайсери),
115,Побутова техніка,Техніка для приготування їжі,Сушарки для овочів та фруктів,,,Сушарки для овочів та фруктів,
4855,Побутова техніка,Техніка для приготування їжі,Техніка для кухні,,,Техніка для кухні,
107,Побутова техніка,Техніка для приготування їжі,Тостери,,,Тостери,
114,Побутова техніка,Техніка для приготування їжі,Фритюрниці,,,Фритюрниці,
106,Побутова техніка,Техніка для приготування їжі,Хлібопічки,,,Хлібопічки,
2563,Побутова техніка,Техніка для приготування їжі,Яйцеварки,,,Яйцеварки,
99,Побутова техніка,Техніка для приготування напоїв,Аксесуари до техніки для приготування напоїв,,,Аксесуари до техніки для приготування напоїв,
8961,Побутова техніка,Техніка для приготування напоїв,Апарати для газування води,,,Апарати для газування води,
98,Побутова техніка,Техніка для приготування напоїв,Електрочайники,,,Електрочайники,
95,Побутова техніка,Техніка для приготування напоїв,Все для приготування кави,Кавомашини,,Кавомашини,
96,Побутова техніка,Техніка для приготування напоїв,Все для приготування кави,Кавомолки,,Кавомолки,
2790,Побутова техніка,Техніка для приготування напоїв,Все для приготування кави,Капучинатори,,Капучинатори,
8239,Побутова техніка,Техніка для приготування напоїв,Все для приготування кави,Кавоварки,,Кавоварки,
9140,Побутова техніка,Техніка для приготування напоїв,Все для приготування кави,Електричні турки,,Електричні турки,
9416,Побутова техніка,Техніка для приготування напоїв,Кип'ятильники,,,Кип'ятильники,
8937,Побутова техніка,Техніка для приготування напоїв,Льодогенератори,,,Льодогенератори,
97,Побутова техніка,Техніка для приготування напоїв,Соковижималки,,,Соковижималки,
9120,Побутова техніка,Техніка для приготування напоїв,Термопоти,,,Термопоти,
3127,Побутова хімія,Аксесуари для прання,,,,Аксесуари для прання,
8415,Побутова хімія,Барвники для одягу,,,,Барвники для одягу,
3102,Побутова хімія,Відбілювачі та засоби для виведення плям,,,,Відбілювачі та засоби для виведення плям,
3103,Побутова хімія,Господарчі мила для прання,,,,Господарчі мила для прання,
7339,Побутова хімія,Засоби від комах,Засоби від кліщів,,,Засоби від кліщів,
7340,Побутова хімія,Засоби від комах,Засоби від клопів,,,Засоби від клопів,
3108,Побутова хімія,Засоби від комах,Засоби від комарів,,,Засоби від комарів,
7342,Побутова хімія,Засоби від комах,Засоби від молі,,,Засоби від молі,
7338,Побутова хімія,Засоби від комах,Засоби від мошок,,,Засоби від мошок,
7337,Побутова хімія,Засоби від комах,Засоби від мурах,,,Засоби від мурах,
7336,Побутова хімія,Засоби від комах,Засоби від мух,,,Засоби від мух,
7343,Побутова хімія,Засоби від комах,Засоби від ос,,,Засоби від ос,
3107,Побутова хімія,Засоби від комах,Засоби від тарганів,,,Засоби від тарганів,
5899,Побутова хімія,Засоби від комах,Знищувачі комах,,,Знищувачі комах,
172,Побутова хімія,Засоби від комах,Фумігатори,,,Фумігатори,
3097,Побутова хімія,Засоби для миття посуду,,,,Засоби для миття посуду,
3781,Побутова хімія,Засоби для прибирання,Засоби для ванних кімнат,,,Засоби для ванних кімнат,
2423,Побутова хімія,Засоби для прибирання,Засоби для догляду за меблями,,,Засоби для догляду за меблями,
5088,Побутова хімія,Засоби для прибирання,Засоби для догляду за унітазом,,,Засоби для догляду за унітазом,
3780,Побутова хімія,Засоби для прибирання,Засоби для кухні,,,Засоби для кухні,
3788,Побутова хімія,Засоби для прибирання,Засоби для миття вікон,,,Засоби для миття вікон,
2416,Побутова хімія,Засоби для прибирання,Засоби для миття підлоги,,,Засоби для миття підлоги,
3326,Побутова хімія,Засоби для прибирання,Засоби для прочищення труб,,,Засоби для прочищення труб,
2424,Побутова хімія,Засоби для прибирання,Засоби для чищення килимів,,,Засоби для чищення килимів,
5148,Побутова хімія,Засоби для прибирання,Універсальні миючі засоби,,,Універсальні миючі засоби,
7053,Побутова хімія,Засоби по догляду за взуттям,Губки для взуття,,,Губки для взуття,
3146,Побутова хімія,Засоби по догляду за взуттям,Дезодоранти для взуття,,,Дезодоранти для взуття,
9182,Побутова хімія,Засоби по догляду за взуттям,Колодки для взуття,,,Колодки для взуття,
2435,Побутова хімія,Засоби по догляду за взуттям,Крем для взуття,,,Крем для взуття,
4903,Побутова хімія,Засоби по догляду за взуттям,Ложки для взуття,,,Ложки для взуття,
3794,Побутова хімія,Засоби по догляду за взуттям,Спеціальний догляд для взуття,,,Спеціальний догляд для взуття,
3801,Побутова хімія,Засоби по догляду за взуттям,Устілки для взуття,,,Устілки для взуття,
2434,Побутова хімія,Засоби по догляду за взуттям,Фарба для шкіряних виробів,,,Фарба для шкіряних виробів,
4890,Побутова хімія,Засоби по догляду за взуттям,Шнурки для взуття,,,Шнурки для взуття,
9184,Побутова хімія,Засоби по догляду за взуттям,Щітки для взуття,,,Щітки для взуття,
8085,Побутова хімія,Засоби по догляду за побутовою технікою,,,,Засоби по догляду за побутовою технікою,
3100,Побутова хімія,Кондиціонери для білизни,,,,Кондиціонери для білизни,
3098,Побутова хімія,Освіжувачі повітря,,,,Освіжувачі повітря,
3099,Побутова хімія,Пральний порошок,,,,Пральний порошок,
3106,Побутова хімія,Спеціалізовані засоби,,,,Спеціалізовані засоби,
6757,Покриття для підлоги,Брудозахисні килимки,,,,Брудозахисні килимки,
8219,Покриття для підлоги,Гумова плитка,,,,Гумова плитка,
8805,Покриття для підлоги,Гумове покриття,,,,Гумове покриття,
4127,Покриття для підлоги,Дерев'яна підлога,,,,Дерев'яна підлога,
2328,Покриття для підлоги,Доріжки,,,,Доріжки,
6831,Покриття для підлоги,Захисні килимки під крісла,,,,Захисні килимки під крісла,
2320,Покриття для підлоги,Керамічна плитка та керамограніт,,,,Керамічна плитка та керамограніт,
2329,Покриття для підлоги,Килими,,,,Килими,
9288,Покриття для підлоги,Килимова плитка,,,,Килимова плитка,
2322,Покриття для підлоги,Клінкерна плитка,,,,Клінкерна плитка,
2330,Покриття для підлоги,Ковролін,,,,Ковролін,
8303,Покриття для підлоги,Коркова підлога,,,,Коркова підлога,
2338,Покриття для підлоги,Кутники та профілі для плитки,,,,Кутники та профілі для плитки,
2331,Покриття для підлоги,Ламінат,,,,Ламінат,
2332,Покриття для підлоги,Лінолеум,,,,Лінолеум,
2334,Покриття для підлоги,Паркетна дошка,,,,Паркетна дошка,
4131,Покриття для підлоги,Підкладка,,,,Підкладка,
2339,Покриття для підлоги,Плінтус,,,,Плінтус,
4130,Покриття для підлоги,Поріжки,,,,Поріжки,
2341,Покриття для підлоги,Розетки для труб,,,,Розетки для труб,
6276,Покриття для підлоги,Терасна дошка,,,,Терасна дошка,
9290,Покриття для підлоги,Штучна трава,,,,Штучна трава,
8798,Продукти,Алкогольні напої,Вермут,,,Вермут,
6756,Продукти,Алкогольні напої,Вино ігристе та шампанське,,,Вино ігристе та шампанське,
6739,Продукти,Алкогольні напої,Вино тихе,,,Вино тихе,
6742,Продукти,Алкогольні напої,Лікери,,,Лікери,
6755,Продукти,Алкогольні напої,Міцні алкогольні напої,Абсент,,Абсент,
6747,Продукти,Алкогольні напої,Міцні алкогольні напої,Віскі,,Віскі,
6750,Продукти,Алкогольні напої,Міцні алкогольні напої,Горілка,,Горілка,
7997,Продукти,Алкогольні напої,Міцні алкогольні напої,Граппа,,Граппа,
6754,Продукти,Алкогольні напої,Міцні алкогольні напої,Джин,,Джин,
6749,Продукти,Алкогольні напої,Міцні алкогольні напої,Коньяк,,Коньяк,
8738,Продукти,Алкогольні напої,Міцні алкогольні напої,Настоянки та бальзами,,Настоянки та бальзами,
6751,Продукти,Алкогольні напої,Міцні алкогольні напої,Ром,,Ром,
6752,Продукти,Алкогольні напої,Міцні алкогольні напої,Текіла і мескаль,,Текіла і мескаль,
7592,Продукти,Алкогольні напої,Обладнання для виробництва алкоголю,Аксесуари для обладнання виробництва алкоголю,,Аксесуари для обладнання виробництва алкоголю,
8107,Продукти,Алкогольні напої,Обладнання для виробництва алкоголю,Комплектуючі для обладнання виробництва алкоголю,,Комплектуючі для обладнання виробництва алкоголю,
6745,Продукти,Алкогольні напої,Пиво,,,Пиво,
7595,Продукти,Алкогольні напої,Сировина для виробництва алкоголю,Дріжджі спиртові,,Дріжджі спиртові,
7594,Продукти,Алкогольні напої,Сировина для виробництва алкоголю,Прянощі для виробництва алкоголю,,Прянощі для виробництва алкоголю,
7596,Продукти,Алкогольні напої,Сировина для виробництва алкоголю,Сировина для дозрівання дистилятів,,Сировина для дозрівання дистилятів,
6746,Продукти,Алкогольні напої,Слабоалкогольні напої,,,Слабоалкогольні напої,
6073,Продукти,Бакалія,Бобові,,,Бобові,
6066,Продукти,Бакалія,Все для випічки,Ароматизатори харчові,,Ароматизатори харчові,
7888,Продукти,Бакалія,Все для випічки,Борошно,,Борошно,
6065,Продукти,Бакалія,Все для випічки,Ванілін,,Ванілін,
7175,Продукти,Бакалія,Все для випічки,Дріжджі,,Дріжджі,
6077,Продукти,Бакалія,Все для випічки,Желе,,Желе,
7172,Продукти,Бакалія,Все для випічки,Загусники,,Загусники,
6281,Продукти,Бакалія,Все для випічки,Крохмаль,,Крохмаль,
9322,Продукти,Бакалія,Все для випічки,Кондитерська начинка,,Кондитерська начинка,
7176,Продукти,Бакалія,Все для випічки,Лимонна кислота,,Лимонна кислота,
7173,Продукти,Бакалія,Все для випічки,Посипки,,Посипки,
7989,Продукти,Бакалія,Все для випічки,Розпушувачі,,Розпушувачі,
6064,Продукти,Бакалія,Все для випічки,Сода,,Сода,
7174,Продукти,Бакалія,Все для випічки,Сухі суміші для приготування,,Сухі суміші для приготування,
7177,Продукти,Бакалія,Все для випічки,Харчові барвники,,Харчові барвники,
6266,Продукти,Бакалія,Гірчиця,,,Гірчиця,
3753,Продукти,Бакалія,Заправки для салатів,,,Заправки для салатів,
5310,Продукти,Бакалія,Їжа швидкого приготування,,,Їжа швидкого приготування,
6262,Продукти,Бакалія,Кетчупи,,,Кетчупи,
6277,Продукти,Бакалія,Консерви і паштети,М'ясні консерви,,М'ясні консерви,
6279,Продукти,Бакалія,Консерви і паштети,Паштети,,Паштети,
6280,Продукти,Бакалія,Консерви і паштети,Рибні консерви,,Рибні консерви,
6283,Продукти,Бакалія,Консервовані продукти,Варення,,Варення,
7178,Продукти,Бакалія,Консервовані продукти,Консервовані гриби,,Консервовані гриби,
6282,Продукти,Бакалія,Консервовані продукти,Овочева консервація,,Овочева консервація,
7171,Продукти,Бакалія,Консервовані продукти,Оливки і маслини,,Оливки і маслини,
7170,Продукти,Бакалія,Консервовані продукти,Фруктова консервація,,Фруктова консервація,
6106,Продукти,Бакалія,Крупи,Булгур,,Булгур,
6112,Продукти,Бакалія,Крупи,Вівсяна крупа,,Вівсяна крупа,
6102,Продукти,Бакалія,Крупи,Гречка,,Гречка,
6107,Продукти,Бакалія,Крупи,Кіноа,,Кіноа,
6110,Продукти,Бакалія,Крупи,Кукурудзяна крупа,,Кукурудзяна крупа,
6111,Продукти,Бакалія,Крупи,Кускус,,Кускус,
6104,Продукти,Бакалія,Крупи,Манка,,Манка,
6105,Продукти,Бакалія,Крупи,Перлова крупа,,Перлова крупа,
6109,Продукти,Бакалія,Крупи,Пшенична крупа,,Пшенична крупа,
6101,Продукти,Бакалія,Крупи,Рис,,Рис,
6117,Продукти,Бакалія,Крупи,Чіа,,Чіа,
6116,Продукти,Бакалія,Крупи,Ячмінна крупа,,Ячмінна крупа,
7875,Продукти,Бакалія,Кухонна сіль,,,Кухонна сіль,
6265,Продукти,Бакалія,Майонези,,,Майонези,
6074,Продукти,Бакалія,Макаронні вироби,,,Макаронні вироби,
6309,Продукти,Бакалія,Маринади,,,Маринади,
6075,Продукти,Бакалія,Мед,,,Мед,
5903,Продукти,Бакалія,Оцет,,,Оцет,
5312,Продукти,Бакалія,Приправи та спеції,,,Приправи та спеції,
5308,Продукти,Бакалія,Рослинна олія,,,Рослинна олія,
6307,Продукти,Бакалія,Сиропи і топінги,,,Сиропи і топінги,
7182,Продукти,Бакалія,Снеки,Зернята,,Зернята,
7180,Продукти,Бакалія,Снеки,Кукурудзяні палички,,Кукурудзяні палички,
6288,Продукти,Бакалія,Снеки,М'ясні снеки,,М'ясні снеки,
6285,Продукти,Бакалія,Снеки,Попкорн,,Попкорн,
6289,Продукти,Бакалія,Снеки,Рибні снеки,,Рибні снеки,
6286,Продукти,Бакалія,Снеки,Сирні закуски,,Сирні закуски,
6287,Продукти,Бакалія,Снеки,Сухарики,,Сухарики,
6284,Продукти,Бакалія,Снеки,Чипси,,Чипси,
6310,Продукти,Бакалія,Соуси,,,Соуси,
6072,Продукти,Бакалія,Суперфуди,,,Суперфуди,
5041,Продукти,Бакалія,Сухі сніданки,,,Сухі сніданки,
5309,Продукти,Бакалія,Товари для суші,,,Товари для суші,
6263,Продукти,Бакалія,Томатні пасти,,,Томатні пасти,
6267,Продукти,Бакалія,Хрін,,,Хрін,
6273,Продукти,Бакалія,Цукор,,,Цукор,
6068,Продукти,Горіхи,,,,Горіхи,
5886,Продукти,Готова їжа,,,,Готова їжа,
6166,Продукти,Заморожені продукти і напівфабрикати,Заморожені гриби,,,Заморожені гриби,
6165,Продукти,Заморожені продукти і напівфабрикати,Заморожені овочі,,,Заморожені овочі,
6167,Продукти,Заморожені продукти і напівфабрикати,Заморожені фрукти,,,Заморожені фрукти,
6248,Продукти,Заморожені продукти і напівфабрикати,Напівфабрикати,Вареники,,Вареники,
6252,Продукти,Заморожені продукти і напівфабрикати,Напівфабрикати,Заморожена лазанья,,Заморожена лазанья,
6251,Продукти,Заморожені продукти і напівфабрикати,Напівфабрикати,Заморожена піца,,Заморожена піца,
6261,Продукти,Заморожені продукти і напівфабрикати,Напівфабрикати,Заморожене тісто,,Заморожене тісто,
6255,Продукти,Заморожені продукти і напівфабрикати,Напівфабрикати,Заморожені біфштекси,,Заморожені біфштекси,
6256,Продукти,Заморожені продукти і напівфабрикати,Напівфабрикати,Заморожені котлети,,Заморожені котлети,
6253,Продукти,Заморожені продукти і напівфабрикати,Напівфабрикати,Заморожені млинці,,Заморожені млинці,
6257,Продукти,Заморожені продукти і напівфабрикати,Напівфабрикати,Заморожені нагетси,,Заморожені нагетси,
6254,Продукти,Заморожені продукти і напівфабрикати,Напівфабрикати,Заморожені сирники,,Заморожені сирники,
6250,Продукти,Заморожені продукти і напівфабрикати,Напівфабрикати,Заморожені супи,,Заморожені супи,
6259,Продукти,Заморожені продукти і напівфабрикати,Напівфабрикати,Заморожені тістечка,,Заморожені тістечка,
6258,Продукти,Заморожені продукти і напівфабрикати,Напівфабрикати,Заморожені торти,,Заморожені торти,
6260,Продукти,Заморожені продукти і напівфабрикати,Напівфабрикати,Заморожений хліб,,Заморожений хліб,
6247,Продукти,Заморожені продукти і напівфабрикати,Напівфабрикати,Пельмені,,Пельмені,
6249,Продукти,Заморожені продукти і напівфабрикати,Напівфабрикати,Манти,,Манти,
8744,Продукти,Кондитерські вироби,Батончики,,,Батончики,
5038,Продукти,Кондитерські вироби,Вафлі,,,Вафлі,
8745,Продукти,Кондитерські вироби,Вітамінізовані цукерки,,,Вітамінізовані цукерки,
6164,Продукти,Кондитерські вироби,Горіхові пасти,,,Горіхові пасти,
5042,Продукти,Кондитерські вироби,Жувальна гумка,,,Жувальна гумка,
6154,Продукти,Кондитерські вироби,Зефір,,,Зефір,
6155,Продукти,Кондитерські вироби,Кекси,,,Кекси,
9204,Продукти,Кондитерські вироби,Кондитерські прикраси,,,Кондитерські прикраси,
6156,Продукти,Кондитерські вироби,Коржі для торта,,,Коржі для торта,
5040,Продукти,Кондитерські вироби,Круасани,,,Круасани,
6157,Продукти,Кондитерські вироби,Льодяники,,,Льодяники,
6158,Продукти,Кондитерські вироби,Мармелад,,,Мармелад,
6159,Продукти,Кондитерські вироби,Пастила,,,Пастила,
5037,Продукти,Кондитерські вироби,Печиво,,,Печиво,
6160,Продукти,Кондитерські вироби,Пироги,,,Пироги,
6162,Продукти,Кондитерські вироби,Пряники,,,Пряники,
6153,Продукти,Кондитерські вироби,Східні солодощі,,,Східні солодощі,
6161,Продукти,Кондитерські вироби,Тістечка,,,Тістечка,
6163,Продукти,Кондитерські вироби,Торти,,,Торти,
5036,Продукти,Кондитерські вироби,Цукерки,,,Цукерки,
6421,Продукти,Кондитерські вироби,Шоколад,,,Шоколад,
6291,Продукти,М'ясо та м'ясні продукти,М'ясні вироби,Ковбаси,,Ковбаси,
7184,Продукти,М'ясо та м'ясні продукти,М'ясні вироби,М'ясний рулет,,М'ясний рулет,
7183,Продукти,М'ясо та м'ясні продукти,М'ясні вироби,Мариноване м'ясо для шашлику,,Мариноване м'ясо для шашлику,
7368,Продукти,М'ясо та м'ясні продукти,М'ясні вироби,Охолоджені напівфабрикати,,Охолоджені напівфабрикати,
6293,Продукти,М'ясо та м'ясні продукти,М'ясні вироби,Сардельки,,Сардельки,
6294,Продукти,М'ясо та м'ясні продукти,М'ясні вироби,Сосиски,,Сосиски,
6290,Продукти,М'ясо та м'ясні продукти,М'ясні вироби,Стейки,,Стейки,
3752,Продукти,М'ясо та м'ясні продукти,М'ясні вироби,Фарш,,Фарш,
7185,Продукти,М'ясо та м'ясні продукти,М'ясні делікатеси,Балик,,Балик,
6296,Продукти,М'ясо та м'ясні продукти,М'ясні делікатеси,Бастурма,,Бастурма,
6297,Продукти,М'ясо та м'ясні продукти,М'ясні делікатеси,Бекон,,Бекон,
6298,Продукти,М'ясо та м'ясні продукти,М'ясні делікатеси,Буженина,,Буженина,
6299,Продукти,М'ясо та м'ясні продукти,М'ясні делікатеси,Грудинка,,Грудинка,
6300,Продукти,М'ясо та м'ясні продукти,М'ясні делікатеси,Карбонад,,Карбонад,
7186,Продукти,М'ясо та м'ясні продукти,М'ясні делікатеси,Корейка,,Корейка,
6301,Продукти,М'ясо та м'ясні продукти,М'ясні делікатеси,Окіст,,Окіст,
6302,Продукти,М'ясо та м'ясні продукти,М'ясні делікатеси,Сало,,Сало,
6303,Продукти,М'ясо та м'ясні продукти,М'ясні делікатеси,Хамон,,Хамон,
3762,Продукти,М'ясо та м'ясні продукти,М'ясні делікатеси,Шийка,,Шийка,
6292,Продукти,М'ясо та м'ясні продукти,М'ясні делікатеси,Шинка,,Шинка,
7187,Продукти,М'ясо та м'ясні продукти,М'ясні делікатеси,Шпондер,,Шпондер,
8409,Продукти,М'ясо та м'ясні продукти,Оболонки для ковбас,,,Оболонки для ковбас,
6177,Продукти,М'ясо та м'ясні продукти,Свіже м'ясо,Баранина,,Баранина,
6182,Продукти,М'ясо та м'ясні продукти,Свіже м'ясо,Гусятина,,Гусятина,
6183,Продукти,М'ясо та м'ясні продукти,Свіже м'ясо,Індичатина,,Індичатина,
6193,Продукти,М'ясо та м'ясні продукти,Свіже м'ясо,Качатина,,Качатина,
6185,Продукти,М'ясо та м'ясні продукти,Свіже м'ясо,Кролятина,,Кролятина,
6186,Продукти,М'ясо та м'ясні продукти,Свіже м'ясо,Курятина,,Курятина,
6188,Продукти,М'ясо та м'ясні продукти,Свіже м'ясо,Мармурова яловичина,,Мармурова яловичина,
6184,Продукти,М'ясо та м'ясні продукти,Свіже м'ясо,М'ясо кабана,,М'ясо кабана,
6190,Продукти,М'ясо та м'ясні продукти,Свіже м'ясо,Перепел,,Перепел,
6191,Продукти,М'ясо та м'ясні продукти,Свіже м'ясо,Свинина,,Свинина,
6192,Продукти,М'ясо та м'ясні продукти,Свіже м'ясо,Телятина,,Телятина,
6194,Продукти,М'ясо та м'ясні продукти,Свіже м'ясо,Цесарка,,Цесарка,
6195,Продукти,М'ясо та м'ясні продукти,Свіже м'ясо,Ягнятина,,Ягнятина,
6181,Продукти,М'ясо та м'ясні продукти,Свіже м'ясо,Яловичина,,Яловичина,
6056,Продукти,Молочні продукти і яйця,Вершки,,,Вершки,
6063,Продукти,Молочні продукти і яйця,Вершкове масло,,,Вершкове масло,
6060,Продукти,Молочні продукти і яйця,Згущене молоко,,,Згущене молоко,
5286,Продукти,Молочні продукти і яйця,Йогурти,,,Йогурти,
7091,Продукти,Молочні продукти і яйця,Кисломолочні продукти,Айран,,Айран,
7094,Продукти,Молочні продукти і яйця,Кисломолочні продукти,Закваска,,Закваска,
7092,Продукти,Молочні продукти і яйця,Кисломолочні продукти,Кефір,,Кефір,
7093,Продукти,Молочні продукти і яйця,Кисломолочні продукти,Ряжанка,,Ряжанка,
7086,Продукти,Молочні продукти і яйця,Кисломолочні продукти,Сир кисломолочний,,Сир кисломолочний,
6121,Продукти,Молочні продукти і яйця,Маргарин,,,Маргарин,
6057,Продукти,Молочні продукти і яйця,Молоко,,,Молоко,
6123,Продукти,Молочні продукти і яйця,Морозиво,,,Морозиво,
6129,Продукти,Молочні продукти і яйця,Рослинне молоко,Вівсяне молоко,,Вівсяне молоко,
6127,Продукти,Молочні продукти і яйця,Рослинне молоко,Кокосове молоко,,Кокосове молоко,
6128,Продукти,Молочні продукти і яйця,Рослинне молоко,Мигдалеве молоко,,Мигдалеве молоко,
6131,Продукти,Молочні продукти і яйця,Рослинне молоко,Рисове молоко,,Рисове молоко,
6132,Продукти,Молочні продукти і яйця,Рослинне молоко,Соєве молоко,,Соєве молоко,
6122,Продукти,Молочні продукти і яйця,Сири,,,Сири,
6058,Продукти,Молочні продукти і яйця,Сирки глазуровані,,,Сирки глазуровані,
6061,Продукти,Молочні продукти і яйця,Сирні десерти,,,Сирні десерти,
6059,Продукти,Молочні продукти і яйця,Сметана,,,Сметана,
6124,Продукти,Молочні продукти і яйця,Яйця,,,Яйця,
7650,Продукти,Напої,Безалкогольне вино,,,Безалкогольне вино,
802,Продукти,Напої,Безалкогольне пиво,,,Безалкогольне пиво,
5044,Продукти,Напої,Вода,,,Вода,
6180,Продукти,Напої,Гарячі напої,Гарячий шоколад,,Гарячий шоколад,
5034,Продукти,Напої,Гарячі напої,Кава,,Кава,
6178,Продукти,Напої,Гарячі напої,Какао,,Какао,
6179,Продукти,Напої,Гарячі напої,Цикорій,,Цикорій,
5033,Продукти,Напої,Гарячі напої,Чай,,Чай,
5035,Продукти,Напої,Енергетичні напої,,,Енергетичні напої,
5043,Продукти,Напої,Соки,,,Соки,
5032,Продукти,Напої,Солодка вода,,,Солодка вода,
6138,Продукти,"Овочі, фрукти і гриби",Гриби,,,Гриби,
6137,Продукти,"Овочі, фрукти і гриби",Зелень і салати,,,Зелень і салати,
6134,Продукти,"Овочі, фрукти і гриби",Овочі,,,Овочі,
6135,Продукти,"Овочі, фрукти і гриби",Фрукти,,,Фрукти,
7096,Продукти,"Овочі, фрукти і гриби",Ягоди,Лохина,,Лохина,
7099,Продукти,"Овочі, фрукти і гриби",Ягоди,Полуниця,,Полуниця,
7103,Продукти,"Овочі, фрукти і гриби",Ягоди,Фізаліс,,Фізаліс,
6054,Продукти,Риба і морепродукти,Ікра,,,Ікра,
7088,Продукти,Риба і морепродукти,Морепродукти,Восьминоги,,Восьминоги,
7083,Продукти,Риба і морепродукти,Морепродукти,Кальмари,,Кальмари,
7087,Продукти,Риба і морепродукти,Морепродукти,Крабові палички,,Крабові палички,
7082,Продукти,Риба і морепродукти,Морепродукти,Креветки,,Креветки,
7084,Продукти,Риба і морепродукти,Морепродукти,Мідії,,Мідії,
7090,Продукти,Риба і морепродукти,Морепродукти,Морські молюски,,Морські молюски,
7085,Продукти,Риба і морепродукти,Морепродукти,Раки,,Раки,
7089,Продукти,Риба і морепродукти,Морепродукти,Рапани,,Рапани,
6053,Продукти,Риба і морепродукти,Морська капуста,,,Морська капуста,
8123,Продукти,Риба і морепродукти,Риба,В'ялена риба,,В'ялена риба,
7079,Продукти,Риба і морепродукти,Риба,Заморожена риба,,Заморожена риба,
7081,Продукти,Риба і морепродукти,Риба,Копчена риба,,Копчена риба,
6295,Продукти,Риба і морепродукти,Риба,Охолоджена риба,,Охолоджена риба,
7080,Продукти,Риба і морепродукти,Риба,Солена риба,,Солена риба,
6308,Продукти,Сублімовані продукти,,,,Сублімовані продукти,
8778,Продукти,Сухі пайки,,,,Сухі пайки,
6069,Продукти,Сухофрукти,,,,Сухофрукти,
8247,Продукти,Тютюнові вироби,Аксесуари для електронних сигарет,,,Аксесуари для електронних сигарет,
9016,Продукти,Тютюнові вироби,Аксесуари для курильних трубок,,,Аксесуари для курильних трубок,
7682,Продукти,Тютюнові вироби,Гільзи для сигарет,,,Гільзи для сигарет,
6800,Продукти,Тютюнові вироби,Електронні сигарети,,,Електронні сигарети,
7333,Продукти,Тютюнові вироби,Кальяни та аксесуари,Аксесуари для кальянів,Інші аксесуари для кальянів,Інші аксесуари для кальянів,
7331,Продукти,Тютюнові вироби,Кальяни та аксесуари,Аксесуари для кальянів,Калауди для кальянів,Калауди для кальянів,
7330,Продукти,Тютюнові вироби,Кальяни та аксесуари,Аксесуари для кальянів,Кошики для вугілля,Кошики для вугілля,
7326,Продукти,Тютюнові вироби,Кальяни та аксесуари,Аксесуари для кальянів,Мундштуки для кальянів,Мундштуки для кальянів,
7329,Продукти,Тютюнові вироби,Кальяни та аксесуари,Аксесуари для кальянів,Розпалювачі вугілля,Розпалювачі вугілля,
7332,Продукти,Тютюнові вироби,Кальяни та аксесуари,Аксесуари для кальянів,Сумки для кальянів,Сумки для кальянів,
6324,Продукти,Тютюнові вироби,Кальяни та аксесуари,Вугілля для кальянів,,Вугілля для кальянів,
7315,Продукти,Тютюнові вироби,Кальяни та аксесуари,Засоби для догляду за кальянами,Йоржики і щітки для кальянів,Йоржики і щітки для кальянів,
7316,Продукти,Тютюнові вироби,Кальяни та аксесуари,Засоби для догляду за кальянами,Хімія для чищення кальянів,Хімія для чищення кальянів,
6323,Продукти,Тютюнові вироби,Кальяни та аксесуари,Кальяни,,Кальяни,
7324,Продукти,Тютюнові вироби,Кальяни та аксесуари,Комплектуючі для кальянів,Кліки і різьба для кальянів,Кліки і різьба для кальянів,
7321,Продукти,Тютюнові вироби,Кальяни та аксесуари,Комплектуючі для кальянів,Ковпачки для кальянів,Ковпачки для кальянів,
6317,Продукти,Тютюнові вироби,Кальяни та аксесуари,Комплектуючі для кальянів,Колби для кальянів,Колби для кальянів,
7323,Продукти,Тютюнові вироби,Кальяни та аксесуари,Комплектуючі для кальянів,Конектори для кальянів,Конектори для кальянів,
7319,Продукти,Тютюнові вироби,Кальяни та аксесуари,Комплектуючі для кальянів,Тарілки для кальянів,Тарілки для кальянів,
7322,Продукти,Тютюнові вироби,Кальяни та аксесуари,Комплектуючі для кальянів,Ущільнювачі й кульки для кальянів,Ущільнювачі й кульки для кальянів,
7325,Продукти,Тютюнові вироби,Кальяни та аксесуари,Комплектуючі для кальянів,Фільтри і дифузори для кальянів,Фільтри і дифузори для кальянів,
6320,Продукти,Тютюнові вироби,Кальяни та аксесуари,Комплектуючі для кальянів,Чаші для кальянів,Чаші для кальянів,
7317,Продукти,Тютюнові вироби,Кальяни та аксесуари,Комплектуючі для кальянів,Шахти для кальянів,Шахти для кальянів,
7320,Продукти,Тютюнові вироби,Кальяни та аксесуари,Комплектуючі для кальянів,Шланги для кальянів,Шланги для кальянів,
6318,Продукти,Тютюнові вироби,Кальяни та аксесуари,Охолоджувачі для кальянів,,Охолоджувачі для кальянів,
7573,Продукти,Тютюнові вироби,Кальяни та аксесуари,Тютюн для кальяна,,Тютюн для кальяна,
6326,Продукти,Тютюнові вироби,Кальяни та аксесуари,Фольга для кальянів,,Фольга для кальянів,
6322,Продукти,Тютюнові вироби,Кальяни та аксесуари,Щипці для кальянів,,Щипці для кальянів,
6820,Продукти,Тютюнові вироби,Комплектуючі для електронних сигарет,,,Комплектуючі для електронних сигарет,
7684,Продукти,Тютюнові вироби,Машинки для набивання сигарет,,,Машинки для набивання сигарет,
8936,Продукти,Тютюнові вироби,Нікотинові подушечки,,,Нікотинові подушечки,
8089,Продукти,Тютюнові вироби,Папір для самокруток,,,Папір для самокруток,
6821,Продукти,Тютюнові вироби,Рідини для електронних сигарет,,,Рідини для електронних сигарет,
6797,Продукти,Тютюнові вироби,Сигарети,,,Сигарети,
6798,Продукти,Тютюнові вироби,Сигари й сигарили,,,Сигари й сигарили,
6802,Продукти,Тютюнові вироби,Системи нагрівання тютюну,,,Системи нагрівання тютюну,
8701,Продукти,Тютюнові вироби,Трубки для паління,,,Трубки для паління,
6799,Продукти,Тютюнові вироби,Тютюн фасований,,,Тютюн фасований,
6140,Продукти,Хлібобулочні вироби,Булочки,,,Булочки,
6141,Продукти,Хлібобулочні вироби,Випічка,,,Випічка,
6151,Продукти,Хлібобулочні вироби,Галети,,,Галети,
6150,Продукти,Хлібобулочні вироби,Крекери,,,Крекери,
6143,Продукти,Хлібобулочні вироби,Лаваші,,,Лаваші,
6144,Продукти,Хлібобулочні вироби,Паски,,,Паски,
6145,Продукти,Хлібобулочні вироби,Піта,,,Піта,
7181,Продукти,Хлібобулочні вироби,Соломка,,,Соломка,
6149,Продукти,Хлібобулочні вироби,Сухарі,,,Сухарі,
6147,Продукти,Хлібобулочні вироби,Сушки,,,Сушки,
6152,Продукти,Хлібобулочні вироби,Тарталетки,,,Тарталетки,
6139,Продукти,Хлібобулочні вироби,Хліб,,,Хліб,
6146,Продукти,Хлібобулочні вироби,Хлібні палички,,,Хлібні палички,
6142,Продукти,Хлібобулочні вироби,Хлібці,,,Хлібці,
999,Сантехніка,Аксесуари для ванних кімнат,Відра та кошики для ванної кімнати,,,Відра та кошики для ванної кімнати,
6626,Сантехніка,Аксесуари для ванних кімнат,Гачки та планки для ванної кімнати,,,Гачки та планки для ванної кімнати,
6619,Сантехніка,Аксесуари для ванних кімнат,Дозатори для рідкого мила,,,Дозатори для рідкого мила,
6629,Сантехніка,Аксесуари для ванних кімнат,Йоржики для унітаза,,,Йоржики для унітаза,
1001,Сантехніка,Аксесуари для ванних кімнат,Килимки для ванної кімнати,,,Килимки для ванної кімнати,
6502,Сантехніка,Аксесуари для ванних кімнат,Косметичні дзеркала,,,Косметичні дзеркала,
6873,Сантехніка,Аксесуари для ванних кімнат,Мильниці,,,Мильниці,
6508,Сантехніка,Аксесуари для ванних кімнат,Набори аксесуарів,,,Набори аксесуарів,
6854,Сантехніка,Аксесуари для ванних кімнат,Поручні для ванни,,,Поручні для ванни,
1002,Сантехніка,Аксесуари для ванних кімнат,Стійки для ванної кімнати,,,Стійки для ванної кімнати,
6544,Сантехніка,Аксесуари для ванних кімнат,Сушарки для рук,,,Сушарки для рук,
6594,Сантехніка,Аксесуари для ванних кімнат,Тримачі для ванної кімнати,,,Тримачі для ванної кімнати,
6543,Сантехніка,Аксесуари для ванних кімнат,Тримачі для зубних щіток,,,Тримачі для зубних щіток,
6624,Сантехніка,Аксесуари для ванних кімнат,Тримачі для рушників,,,Тримачі для рушників,
6620,Сантехніка,Аксесуари для ванних кімнат,Тримачі для туалетного паперу,,,Тримачі для туалетного паперу,
1000,Сантехніка,Аксесуари для ванних кімнат,Шторки та карнизи для ванної кімнати,,,Шторки та карнизи для ванної кімнати,
8664,Сантехніка,Товари для ванної кімнати,Акрил для ванн,,,Акрил для ванн,
962,Сантехніка,Товари для ванної кімнати,Ванни,,,Ванни,
963,Сантехніка,Товари для ванної кімнати,Ванни гідромасажні,,,Ванни гідромасажні,
6732,Сантехніка,Товари для ванної кімнати,Засоби для догляду за ванною кімнатою,,,Засоби для догляду за ванною кімнатою,
6905,Сантехніка,Товари для ванної кімнати,Монтажні елементи та аксесуари для ванн,,,Монтажні елементи та аксесуари для ванн,
967,Сантехніка,Товари для ванної кімнати,Ніжки для ванн,,,Ніжки для ванн,
965,Сантехніка,Товари для ванної кімнати,Панелі для ванн,,,Панелі для ванн,
966,Сантехніка,Товари для ванної кімнати,Шторки для ванн,,,Шторки для ванн,
964,Сантехніка,Товари для ванної кімнати,SPA-басейни,,,SPA-басейни,
1656,Сантехніка,"Водопровід, каналізація та фільтрація",Арматура для зливних бачків,,,Арматура для зливних бачків,
6607,Сантехніка,"Водопровід, каналізація та фільтрація",Водопровід,Водопровідні труби,Металопластикові труби,Металопластикові труби,
6614,Сантехніка,"Водопровід, каналізація та фільтрація",Водопровід,Водопровідні труби,Мідні труби,Мідні труби,
6613,Сантехніка,"Водопровід, каналізація та фільтрація",Водопровід,Водопровідні труби,ПВХ-труби,ПВХ-труби,
6581,Сантехніка,"Водопровід, каналізація та фільтрація",Водопровід,Водопровідні труби,Поліетиленові труби,Поліетиленові труби,
6590,Сантехніка,"Водопровід, каналізація та фільтрація",Водопровід,Водопровідні труби,Поліетиленові труби зшиті,Поліетиленові труби зшиті,
6610,Сантехніка,"Водопровід, каналізація та фільтрація",Водопровід,Водопровідні труби,Поліпропіленові труби,Поліпропіленові труби,
1649,Сантехніка,"Водопровід, каналізація та фільтрація",Водопровід,Дверцята ревізійні,,Дверцята ревізійні,
6903,Сантехніка,"Водопровід, каналізація та фільтрація",Водопровід,Засоби герметизації,,Засоби герметизації,
6904,Сантехніка,"Водопровід, каналізація та фільтрація",Водопровід,Захист водопровідної системи,,Захист водопровідної системи,
1650,Сантехніка,"Водопровід, каналізація та фільтрація",Водопровід,Ізоляція для труб,,Ізоляція для труб,
6622,Сантехніка,"Водопровід, каналізація та фільтрація",Водопровід,Фітинги для водопровідних труб,Фітинги для зшитого поліетилену,Фітинги для зшитого поліетилену,
6907,Сантехніка,"Водопровід, каналізація та фільтрація",Водопровід,Фітинги для водопровідних труб,Фітинги для металопластикових труб,Фітинги для металопластикових труб,
6911,Сантехніка,"Водопровід, каналізація та фільтрація",Водопровід,Фітинги для водопровідних труб,Фітинги для мідних труб,Фітинги для мідних труб,
6912,Сантехніка,"Водопровід, каналізація та фільтрація",Водопровід,Фітинги для водопровідних труб,Фітинги для ПВХ-труб,Фітинги для ПВХ-труб,
6909,Сантехніка,"Водопровід, каналізація та фільтрація",Водопровід,Фітинги для водопровідних труб,Фітинги для поліетиленових труб,Фітинги для поліетиленових труб,
6910,Сантехніка,"Водопровід, каналізація та фільтрація",Водопровід,Фітинги для водопровідних труб,Фітинги для поліпропіленових труб,Фітинги для поліпропіленових труб,
6625,Сантехніка,"Водопровід, каналізація та фільтрація",Водопровід,Фітинги для водопровідних труб,Фітинги для сталевих труб,Фітинги для сталевих труб,
6906,Сантехніка,"Водопровід, каналізація та фільтрація",Водопровід,Фітинги для водопровідних труб,Фітинги різьбові,Фітинги різьбові,
1648,Сантехніка,"Водопровід, каналізація та фільтрація",Запірна арматура,,,Запірна арматура,
5349,Сантехніка,"Водопровід, каналізація та фільтрація",Каналізація,Внутрішня каналізація,,Внутрішня каналізація,
5348,Сантехніка,"Водопровід, каналізація та фільтрація",Каналізація,Зовнішня каналізація,,Зовнішня каналізація,
1657,Сантехніка,"Водопровід, каналізація та фільтрація",Каналізація,Каналізаційні люки,,Каналізаційні люки,
1658,Сантехніка,"Водопровід, каналізація та фільтрація",Каналізація,Лінійне водовідведення,,Лінійне водовідведення,
1660,Сантехніка,"Водопровід, каналізація та фільтрація",Каналізація,Септик,,Септик,
1655,Сантехніка,"Водопровід, каналізація та фільтрація",Каналізація,Труба гофрована,,Труба гофрована,
6913,Сантехніка,"Водопровід, каналізація та фільтрація",Кулери для води,,,Кулери для води,
1640,Сантехніка,"Водопровід, каналізація та фільтрація",Лічильники води,,,Лічильники води,
1670,Сантехніка,"Водопровід, каналізація та фільтрація",Насоси водопровідні та каналізаційні,Автоматика для насосів,,Автоматика для насосів,
1666,Сантехніка,"Водопровід, каналізація та фільтрація",Насоси водопровідні та каналізаційні,Водопровідні насоси,,Водопровідні насоси,
1665,Сантехніка,"Водопровід, каналізація та фільтрація",Насоси водопровідні та каналізаційні,Каналізаційні станції,,Каналізаційні станції,
1669,Сантехніка,"Водопровід, каналізація та фільтрація",Насоси водопровідні та каналізаційні,"Розширювальні баки, гідроакумулятори",,"Розширювальні баки, гідроакумулятори",
1667,Сантехніка,"Водопровід, каналізація та фільтрація",Насоси водопровідні та каналізаційні,Циркуляційні насоси,,Циркуляційні насоси,
6729,Сантехніка,"Водопровід, каналізація та фільтрація",Підключення унітаза,,,Підключення унітаза,
1654,Сантехніка,"Водопровід, каналізація та фільтрація",Сифони,,,Сифони,
6636,Сантехніка,"Водопровід, каналізація та фільтрація",Трапи,,,Трапи,
8834,Сантехніка,"Водопровід, каналізація та фільтрація",Фільтри і системи очищення води,Дезінфекція питної води,,Дезінфекція питної води,
6327,Сантехніка,"Водопровід, каналізація та фільтрація",Фільтри і системи очищення води,Іонізатори води,,Іонізатори води,
1676,Сантехніка,"Водопровід, каналізація та фільтрація",Фільтри і системи очищення води,Картриджі для фільтрів води,,Картриджі для фільтрів води,
6401,Сантехніка,"Водопровід, каналізація та фільтрація",Фільтри і системи очищення води,Комплексне очищення води,,Комплексне очищення води,
6686,Сантехніка,"Водопровід, каналізація та фільтрація",Фільтри і системи очищення води,Комплектуючі до фільтрів для води,,Комплектуючі до фільтрів для води,
6730,Сантехніка,"Водопровід, каналізація та фільтрація",Фільтри і системи очищення води,Сіль для очищення води,,Сіль для очищення води,
1673,Сантехніка,"Водопровід, каналізація та фільтрація",Фільтри і системи очищення води,Фільтри для питної води,,Фільтри для питної води,
1674,Сантехніка,"Водопровід, каналізація та фільтрація",Фільтри і системи очищення води,Фільтри магістральні,,Фільтри магістральні,
1675,Сантехніка,"Водопровід, каналізація та фільтрація",Фільтри і системи очищення води,Фільтри проти накипу,,Фільтри проти накипу,
1647,Сантехніка,"Водопровід, каналізація та фільтрація",Шланги для підключення,,,Шланги для підключення,
7167,Сантехніка,Душові гарнітури,Аератори для крана,,,Аератори для крана,
6914,Сантехніка,Душові гарнітури,Аксесуари та комплектуючі для змішувачів,,,Аксесуари та комплектуючі для змішувачів,
9376,Сантехніка,Душові гарнітури,Верхні та бокові душі ,,,Верхні та бокові душі ,
6924,Сантехніка,Душові гарнітури,Гігієнічний душ,,,Гігієнічний душ,
6918,Сантехніка,Душові гарнітури,Гідромасажні панелі,,,Гідромасажні панелі,
6917,Сантехніка,Душові гарнітури,Душові набори,,,Душові набори,
6922,Сантехніка,Душові гарнітури,Душові системи,,,Душові системи,
9420,Сантехніка,Душові гарнітури,Кронштейни для душу,,,Кронштейни для душу,
6920,Сантехніка,Душові гарнітури,Лійки для душу,,,Лійки для душу,
6916,Сантехніка,Душові гарнітури,Шланги для душу,,,Шланги для душу,
6921,Сантехніка,Душові гарнітури,"Штанги, тримачі та підключення для душу",,,"Штанги, тримачі та підключення для душу",
970,Сантехніка,Душові кабіни та гідробокси,Гідромасажні бокси,,,Гідромасажні бокси,
972,Сантехніка,Душові кабіни та гідробокси,Душові двері та стінки,,,Душові двері та стінки,
969,Сантехніка,Душові кабіни та гідробокси,Душові кабіни,,,Душові кабіни,
971,Сантехніка,Душові кабіни та гідробокси,Душові піддони,,,Душові піддони,
6908,Сантехніка,Душові кабіни та гідробокси,Комплектуючі та аксесуари для душових кабін та боксів,,,Комплектуючі та аксесуари для душових кабін та боксів,
6779,Сантехніка,Душові кабіни та гідробокси,Монтажні елементи для душових кабін і боксів,,,Монтажні елементи для душових кабін і боксів,
993,Сантехніка,Змішувачі,,,,Змішувачі,
983,Сантехніка,Інсталяційні системи,Інсталяції,,,Інсталяції,
984,Сантехніка,Інсталяційні системи,Клавіші змиву та комплектуючі,,,Клавіші змиву та комплектуючі,
988,Сантехніка,Меблі для ванної кімнати,Дзеркала для ванної кімнати,,,Дзеркала для ванної кімнати,
991,Сантехніка,Меблі для ванної кімнати,Полиці для ванної кімнати,,,Полиці для ванної кімнати,
3561,Сантехніка,Меблі для ванної кімнати,Стільниці і комплектуючі для ванної кімнати,,,Стільниці і комплектуючі для ванної кімнати,
987,Сантехніка,Меблі для ванної кімнати,Тумби для ванної кімнати,,,Тумби для ванної кімнати,
989,Сантехніка,Меблі для ванної кімнати,Шафи та пенали для ванної кімнати,,,Шафи та пенали для ванної кімнати,
4600,Сантехніка,Мийки для кухні,,,,Мийки для кухні,
1629,Сантехніка,Опалення,Альтернативні джерела енергії,Сонячні колектори,,Сонячні колектори,
1632,Сантехніка,Опалення,Альтернативні джерела енергії,Теплові насоси,,Теплові насоси,
8741,Сантехніка,Опалення,Альтернативні джерела енергії,Фанкойли,,Фанкойли,
7930,Сантехніка,Опалення,Водонагрівачі,Аксесуари для водонагрівачів,,Аксесуари для водонагрівачів,
1619,Сантехніка,Опалення,Водонагрівачі,Бойлери,,Бойлери,
1623,Сантехніка,Опалення,Водонагрівачі,Буферні ємкості теплоакумулятори,,Буферні ємкості теплоакумулятори,
1620,Сантехніка,Опалення,Водонагрівачі,Газові колонки,,Газові колонки,
1622,Сантехніка,Опалення,Водонагрівачі,Проточні водонагрівачі,,Проточні водонагрівачі,
4104,Сантехніка,Опалення,Все для камінів,Засоби для догляду за камінами,,Засоби для догляду за камінами,
4097,Сантехніка,Опалення,Все для камінів,Набори камінного приладдя,,Набори камінного приладдя,
8706,Сантехніка,Опалення,Все для камінів,Паливні брикети,,Паливні брикети,
4105,Сантехніка,Опалення,Все для камінів,Підпалка для камінів,,Підпалка для камінів,
1641,Сантехніка,Опалення,Контрольно-вимірювальні прилади,Лічильники газу,,Лічильники газу,
1642,Сантехніка,Опалення,Контрольно-вимірювальні прилади,Лічильники тепла,,Лічильники тепла,
7030,Сантехніка,Опалення,Контрольно-вимірювальні прилади,Системи захисту від протікання та заливання,,Системи захисту від протікання та заливання,
1609,Сантехніка,Опалення,Котли опалення,Комплектуючі для котлів та допоміжне обладнання,,Комплектуючі для котлів та допоміжне обладнання,
1607,Сантехніка,Опалення,Котли опалення,Конвектори газові,,Конвектори газові,
1604,Сантехніка,Опалення,Котли опалення,Котли газові,,Котли газові,
1605,Сантехніка,Опалення,Котли опалення,Котли електричні,,Котли електричні,
1606,Сантехніка,Опалення,Котли опалення,Котли твердопаливні,,Котли твердопаливні,
5459,Сантехніка,Опалення,Котли опалення,Обв'язка котлів,,Обв'язка котлів,
7985,Сантехніка,Опалення,Котли опалення,Розподільні колектори,Колектори водопровідні,Колектори водопровідні,
7984,Сантехніка,Опалення,Котли опалення,Розподільні колектори,Колектори для опалення,Колектори для опалення,
7986,Сантехніка,Опалення,Котли опалення,Розподільні колектори,Комплектуючі для колекторів,Комплектуючі для колекторів,
5463,Сантехніка,Опалення,Котли опалення,Терморегулятори для котлів,,Терморегулятори для котлів,
8705,Сантехніка,Опалення,Паливні пелети,,,Паливні пелети,
7991,Сантехніка,Опалення,Печі та каміни,Біокаміни,,Біокаміни,
4090,Сантехніка,Опалення,Печі та каміни,Булер'яни,,Булер'яни,
8813,Сантехніка,Опалення,Печі та каміни,Газові каміни,,Газові каміни,
4094,Сантехніка,Опалення,Печі та каміни,Димоходи,,Димоходи,
4086,Сантехніка,Опалення,Печі та каміни,Електрокаміни,,Електрокаміни,
8829,Сантехніка,Опалення,Печі та каміни,Елементи розподілу повітря для каміну,,Елементи розподілу повітря для каміну,
4091,Сантехніка,Опалення,Печі та каміни,Печі для дому,,Печі для дому,
4093,Сантехніка,Опалення,Печі та каміни,Пічне литво,,Пічне литво,
4087,Сантехніка,Опалення,Печі та каміни,Портали та облицювання,,Портали та облицювання,
4095,Сантехніка,Опалення,Печі та каміни,Решітки камінні,,Решітки камінні,
7897,Сантехніка,Опалення,Печі та каміни,Скло для камінів,,Скло для камінів,
4088,Сантехніка,Опалення,Печі та каміни,Топки,,Топки,
8755,Сантехніка,Опалення,Печі та каміни,Чаші для вогнища,,Чаші для вогнища,
5168,Сантехніка,Опалення,Радіатори опалення,Внутрішньопідлогові конвектори,,Внутрішньопідлогові конвектори,
1616,Сантехніка,Опалення,Радіатори опалення,Екрани для радіаторів,,Екрани для радіаторів,
3159,Сантехніка,Опалення,Радіатори опалення,Електробатареї,,Електробатареї,
1617,Сантехніка,Опалення,Радіатори опалення,Комплектуючі для радіаторів,,Комплектуючі для радіаторів,
1612,Сантехніка,Опалення,Радіатори опалення,Радіатори алюмінієві,,Радіатори алюмінієві,
1613,Сантехніка,Опалення,Радіатори опалення,Радіатори біметалеві,,Радіатори біметалеві,
6919,Сантехніка,Опалення,Радіатори опалення,Радіатори дизайнерські,,Радіатори дизайнерські,
1611,Сантехніка,Опалення,Радіатори опалення,Радіатори сталеві,,Радіатори сталеві,
5460,Сантехніка,Опалення,Радіатори опалення,Рідини для систем опалення,,Рідини для систем опалення,
1615,Сантехніка,Опалення,Радіатори опалення,Терморегулююча арматура,,Терморегулююча арматура,
1627,Сантехніка,Опалення,Тепла підлога,Тепла підлога водяна,,Тепла підлога водяна,
1625,Сантехніка,Опалення,Тепла підлога,Тепла підлога електрична,,Тепла підлога електрична,
1626,Сантехніка,Опалення,Тепла підлога,Терморегулятори,,Терморегулятори,
9210,Сантехніка,Опалення,Саморегулюючий нагрівальний кабель,,,Саморегулюючий нагрівальний кабель,
5461,Сантехніка,Рушникосушарки,Комплектуючі для рушникосушарок,,,Комплектуючі для рушникосушарок,
1004,Сантехніка,Рушникосушарки,Рушникосушарки водяні,,,Рушникосушарки водяні,
1005,Сантехніка,Рушникосушарки,Рушникосушарки електричні,,,Рушникосушарки електричні,
5462,Сантехніка,Рушникосушарки,ТЕНи водяні,,,ТЕНи водяні,
976,Сантехніка,Умивальники і п'єдестали,П'єдестали для раковин,,,П'єдестали для раковин,
975,Сантехніка,Умивальники і п'єдестали,Раковини та умивальники,,,Раковини та умивальники,
980,Сантехніка,Сантехнічна кераміка,Бачки для унітаза,,,Бачки для унітаза,
977,Сантехніка,Сантехнічна кераміка,Біде,,,Біде,
978,Сантехніка,Сантехнічна кераміка,Пісуари,,,Пісуари,
981,Сантехніка,Сантехнічна кераміка,Сидіння та кришки для унітаза,,,Сидіння та кришки для унітаза,
974,Сантехніка,Сантехнічна кераміка,Унітази,,,Унітази,
979,Сантехніка,Сантехнічна кераміка,Чаші Генуя,,,Чаші Генуя,
9248,Сантехніка,Сантехнічна кераміка,Чохли на кришку унітаза ,,,Чохли на кришку унітаза ,
1495,Спортивні товари,Активний відпочинок і прогулянки,Дартс,,,Дартс,
1436,Спортивні товари,Активний відпочинок і прогулянки,Роликові ковзани,,,Роликові ковзани,
5143,Спортивні товари,Активний відпочинок і прогулянки,Спорядження для альпіністів,,,Спорядження для альпіністів,
1494,Спортивні товари,Активний відпочинок і прогулянки,Фризбі,,,Фризбі,
8006,Спортивні товари,Все для йоги,Аксесуари для йоги,,,Аксесуари для йоги,
8005,Спортивні товари,Все для йоги,Блоки для йоги,,,Блоки для йоги,
7118,Спортивні товари,Все для йоги,Гамаки для йоги,,,Гамаки для йоги,
416,Спортивні товари,Все для йоги,Дошки Садху,,,Дошки Садху,
7114,Спортивні товари,Все для йоги,Кільця для пілатесу та йоги,,,Кільця для пілатесу та йоги,
7892,Спортивні товари,Все для йоги,Колеса для йоги,,,Колеса для йоги,
1428,Спортивні товари,Все для йоги,Масажери,,,Масажери,
9276,Спортивні товари,Все для йоги,Меблі для йоги,,,Меблі для йоги,
5944,Спортивні товари,Все для йоги,Набір для йоги,,,Набір для йоги,
6098,Спортивні товари,Все для йоги,Ремені для йоги,,,Ремені для йоги,
3789,Спортивні товари,Зимові види спорту,Аксесуари для лиж і сноуборду,,,Аксесуари для лиж і сноуборду,
1381,Спортивні товари,Зимові види спорту,Ковзани,Аксесуари для ковзанів,,Аксесуари для ковзанів,
1555,Спортивні товари,Зимові види спорту,Ковзани,Фігурні ковзани,,Фігурні ковзани,
1556,Спортивні товари,Зимові види спорту,Ковзани,Хокейні ковзани,,Хокейні ковзани,
3785,Спортивні товари,Зимові види спорту,Кріплення для лиж і сноубордів,,,Кріплення для лиж і сноубордів,
6719,Спортивні товари,Зимові види спорту,Лижне спорядження,Гірськолижні шоломи,,Гірськолижні шоломи,
3782,Спортивні товари,Зимові види спорту,Лижне спорядження,Лижі,,Лижі,
3784,Спортивні товари,Зимові види спорту,Лижне спорядження,Лижні черевики,,Лижні черевики,
1462,Спортивні товари,Зимові види спорту,Лижне спорядження,Лижоролери,,Лижоролери,
3783,Спортивні товари,Зимові види спорту,Лижне спорядження,Палиці лижні,,Палиці лижні,
3786,Спортивні товари,Зимові види спорту,Маски для лиж і сноуборду,,,Маски для лиж і сноуборду,
1372,Спортивні товари,Зимові види спорту,Сноубордичне спорядження,Сноуборди,,Сноуборди,
1352,Спортивні товари,Ігрові види спорту,Бейсбольні бити,,,Бейсбольні бити,
1344,Спортивні товари,Ігрові види спорту,Все для баскетболу,Аксесуари для баскетболу,,Аксесуари для баскетболу,
9136,Спортивні товари,Ігрові види спорту,Все для баскетболу,Баскетбольні кільця,,Баскетбольні кільця,
1340,Спортивні товари,Ігрові види спорту,Все для баскетболу,Баскетбольні м'ячі,,Баскетбольні м'ячі,
9138,Спортивні товари,Ігрові види спорту,Все для баскетболу,Баскетбольні сітки,,Баскетбольні сітки,
1349,Спортивні товари,Ігрові види спорту,Волейбол,Аксесуари для волейболу,,Аксесуари для волейболу,
3776,Спортивні товари,Ігрові види спорту,Волейбол,Волейбольна сітка,,Волейбольна сітка,
1343,Спортивні товари,Ігрові види спорту,Все для баскетболу,Баскетбольні стійки та щити,,Баскетбольні стійки та щити,
1350,Спортивні товари,Ігрові види спорту,М'ячі,Волейбольні м'ячі,,Волейбольні м'ячі,
1353,Спортивні товари,Ігрові види спорту,М'ячі,Гандбольні м'ячі,,Гандбольні м'ячі,
8010,Спортивні товари,Ігрові види спорту,М'ячі,М'ячі для регбі,,М'ячі для регбі,
1459,Спортивні товари,Ігрові види спорту,Настільний футбол,,,Настільний футбол,
1452,Спортивні товари,Ігрові види спорту,Товари для більярду,Аксесуари для більярду,,Аксесуари для більярду,
1453,Спортивні товари,Ігрові види спорту,Товари для більярду,Більярдні киї,,Більярдні киї,
1451,Спортивні товари,Ігрові види спорту,Товари для більярду,Більярдні столи,,Більярдні столи,
1457,Спортивні товари,Ігрові види спорту,Товари для більярду,Більярдні кулі,,Більярдні кулі,
1365,Спортивні товари,Ігрові види спорту,Товари для великого тенісу і бадмінтону,Аксесуари для великого тенісу і бадмінтону,,Аксесуари для великого тенісу і бадмінтону,
1368,Спортивні товари,Ігрові види спорту,Товари для великого тенісу і бадмінтону,Волани для бадмінтону,,Волани для бадмінтону,
1362,Спортивні товари,Ігрові види спорту,Товари для великого тенісу і бадмінтону,М'ячі для великого тенісу,,М'ячі для великого тенісу,
1367,Спортивні товари,Ігрові види спорту,Товари для великого тенісу і бадмінтону,Ракетки для бадмінтону,,Ракетки для бадмінтону,
1361,Спортивні товари,Ігрові види спорту,Товари для великого тенісу і бадмінтону,Ракетки для великого тенісу,,Ракетки для великого тенісу,
8479,Спортивні товари,Ігрові види спорту,Товари для гольфу,,,Товари для гольфу,
1359,Спортивні товари,Ігрові види спорту,Товари для настільного тенісу,Аксесуари для настільного тенісу,,Аксесуари для настільного тенісу,
1358,Спортивні товари,Ігрові види спорту,Товари для настільного тенісу,М'ячі для настільного тенісу,,М'ячі для настільного тенісу,
1357,Спортивні товари,Ігрові види спорту,Товари для настільного тенісу,Ракетки для настільного тенісу,,Ракетки для настільного тенісу,
1356,Спортивні товари,Ігрові види спорту,Товари для настільного тенісу,Тенісні столи,,Тенісні столи,
8816,Спортивні товари,Ігрові види спорту,Товари для піклболу,,,Товари для піклболу,
1338,Спортивні товари,Ігрові види спорту,Товари для футболу,Аксесуари для футболу,,Аксесуари для футболу,
7166,Спортивні товари,Ігрові види спорту,Товари для футболу,Воротарські рукавички,,Воротарські рукавички,
1335,Спортивні товари,Ігрові види спорту,Товари для футболу,Футбольні м'ячі,,Футбольні м'ячі,
8313,Спортивні товари,Ігрові види спорту,Товари для футболу,Щитки футбольні,,Щитки футбольні,
3792,Спортивні товари,Ігрові види спорту,Товари для хокею,Аксесуари для хокею,,Аксесуари для хокею,
1380,Спортивні товари,Ігрові види спорту,Товари для хокею,Хокейний захист,,Хокейний захист,
1377,Спортивні товари,Ігрові види спорту,Товари для хокею,Хокейні ключки,,Хокейні ключки,
8695,Спортивні товари,Кінний спорт,Аксесуари для кінного спорту,,,Аксесуари для кінного спорту,
8854,Спортивні товари,Обладнання для кросфіту,Тренувальні петлі,,,Тренувальні петлі,
6721,Спортивні товари,Обслуговування спортивного обладнання,,,,Обслуговування спортивного обладнання,
1438,Спортивні товари,Скейтборди,,,,Скейтборди,
1430,Спортивні товари,Спортивне харчування,Амінокислоти,,,Амінокислоти,
6688,Спортивні товари,Спортивне харчування,Бустери тестостерону,,,Бустери тестостерону,
1429,Спортивні товари,Спортивне харчування,Гейнери,,,Гейнери,
6437,Спортивні товари,Спортивне харчування,Жирні кислоти,,,Жирні кислоти,
1431,Спортивні товари,Спортивне харчування,Жироспалювачі,,,Жироспалювачі,
6691,Спортивні товари,Спортивне харчування,Замінники харчування,,,Замінники харчування,
6689,Спортивні товари,Спортивне харчування,Ізотоніки,,,Ізотоніки,
6687,Спортивні товари,Спортивне харчування,Креатин,,,Креатин,
6443,Спортивні товари,Спортивне харчування,Натуральні добавки та екстракти,,,Натуральні добавки та екстракти,
6692,Спортивні товари,Спортивне харчування,Передтренувальні комплекси,,,Передтренувальні комплекси,
6444,Спортивні товари,Спортивне харчування,Пробіотики та пребіотики,,,Пробіотики та пребіотики,
1427,Спортивні товари,Спортивне харчування,Протеїн,,,Протеїн,
6690,Спортивні товари,Спортивне харчування,Спортивні батончики,,,Спортивні батончики,
1433,Спортивні товари,Спортивне харчування,Спортивні енергетики,,,Спортивні енергетики,
8730,Спортивні товари,Спортивний інвентар,Балетні верстати,,,Балетні верстати,
8008,Спортивні товари,Спортивний інвентар,Предмети для художньої гімнастики,,,Предмети для художньої гімнастики,
1409,Спортивні товари,Спортивні аксесуари,Захисні бандажі,,,Захисні бандажі,
1439,Спортивні товари,Спортивні аксесуари,Захист для активного відпочинку,,,Захист для активного відпочинку,
8773,Спортивні товари,Спортивні аксесуари,Захист спини,,,Захист спини,
8211,Спортивні товари,Спортивні аксесуари,Магнезія спортивна,,,Магнезія спортивна,
8775,Спортивні товари,Спортивні аксесуари,Набір захисту для катання,,,Набір захисту для катання,
6675,Спортивні товари,Спортивні аксесуари,Рюкзаки,Рюкзаки тактичні,,Рюкзаки тактичні,
1597,Спортивні товари,Спортивні аксесуари,Рюкзаки,Спортивні рюкзаки,,Спортивні рюкзаки,
3714,Спортивні товари,Спортивні аксесуари,Рюкзаки,Туристичні рюкзаки,,Туристичні рюкзаки,
1499,Спортивні товари,Спортивні аксесуари,Спортивні сонцезахисні окуляри,,,Спортивні сонцезахисні окуляри,
1596,Спортивні товари,Спортивні аксесуари,Спортивні сумки,,,Спортивні сумки,
8772,Спортивні товари,Спортивні аксесуари,Спортивні шоломи,,,Спортивні шоломи,
4997,Спортивні товари,Спортивні аксесуари,Тейп кінезіологічний,,,Тейп кінезіологічний,
9304,Спортивні товари,Спортивні аксесуари,Шейкери спортивні,,,Шейкери спортивні,
8740,Спортивні товари,Спортивні майданчики,,,,Спортивні майданчики,
1348,Спортивні товари,Спортивний одяг,Волейбольна форма,,,Волейбольна форма,
1391,Спортивні товари,Товари для боксу та єдиноборств,Аксесуари для боксу,,,Аксесуари для боксу,
3242,Спортивні товари,Товари для боксу та єдиноборств,Бинти для боксу,,,Бинти для боксу,
1387,Спортивні товари,Товари для боксу та єдиноборств,Боксерський захист,,,Боксерський захист,
1383,Спортивні товари,Товари для боксу та єдиноборств,Боксерські мішки і груші,,,Боксерські мішки і груші,
1386,Спортивні товари,Товари для боксу та єдиноборств,Боксерські рукавички,,,Боксерські рукавички,
3150,Спортивні товари,Товари для боксу та єдиноборств,Капи,,,Капи,
1390,Спортивні товари,Товари для боксу та єдиноборств,Лапи та маківари для боксу,,,Лапи та маківари для боксу,
3797,Спортивні товари,Товари для боксу та єдиноборств,Татамі та ринги,,,Татамі та ринги,
9528,Спортивні товари,Товари для боксу та єдиноборств,Тренажери для боксу,,,Тренажери для боксу,
7883,Спортивні товари,Товари для велоспорту,Велогума,,,Велогума,
7891,Спортивні товари,Товари для велоспорту,Велоінструмент,,,Велоінструмент,
6563,Спортивні товари,Товари для велоспорту,Велоодяг,,,Велоодяг,
8660,Спортивні товари,Товари для велоспорту,Велорукавички,,,Велорукавички,
1441,Спортивні товари,Товари для велоспорту,Велосипеди,,,Велосипеди,
1445,Спортивні товари,Товари для велоспорту,Велосипедний інвентар,,,Велосипедний інвентар,
8494,Спортивні товари,Товари для велоспорту,Велосипедні запчастини,Вилки на велосипед,,Вилки на велосипед,
8497,Спортивні товари,Товари для велоспорту,Велосипедні запчастини,Гальма велосипедні,,Гальма велосипедні,
8515,Спортивні товари,Товари для велоспорту,Велосипедні запчастини,Колеса на велосипед,Втулки велосипеда,Втулки велосипеда,
8514,Спортивні товари,Товари для велоспорту,Велосипедні запчастини,Колеса на велосипед,Ободи на велосипед,Ободи на велосипед,
8508,Спортивні товари,Товари для велоспорту,Велосипедні запчастини,Рульове керування велосипеда,Винос керма,Винос керма,
8509,Спортивні товари,Товари для велоспорту,Велосипедні запчастини,Рульове керування велосипеда,Грипси,Грипси,
8507,Спортивні товари,Товари для велоспорту,Велосипедні запчастини,Рульове керування велосипеда,Кермо для велосипеда,Кермо для велосипеда,
8511,Спортивні товари,Товари для велоспорту,Велосипедні запчастини,Рульове керування велосипеда,Обмотка керма,Обмотка керма,
8513,Спортивні товари,Товари для велоспорту,Велосипедні запчастини,Рульове керування велосипеда,Проставні кільця,Проставні кільця,
8510,Спортивні товари,Товари для велоспорту,Велосипедні запчастини,Рульове керування велосипеда,Роги на кермо велосипеда,Роги на кермо велосипеда,
8512,Спортивні товари,Товари для велоспорту,Велосипедні запчастини,Рульове керування велосипеда,Рульова колонка велосипеда,Рульова колонка велосипеда,
8498,Спортивні товари,Товари для велоспорту,Велосипедні запчастини,Сідла для велосипеда,,Сідла для велосипеда,
8502,Спортивні товари,Товари для велоспорту,Велосипедні запчастини,Трансмісія велосипеда,Зірки на велосипед,Зірки на велосипед,
8504,Спортивні товари,Товари для велоспорту,Велосипедні запчастини,Трансмісія велосипеда,Каретки велосипедні,Каретки велосипедні,
8505,Спортивні товари,Товари для велоспорту,Велосипедні запчастини,Трансмісія велосипеда,Ланцюги на велосипед,Ланцюги на велосипед,
8501,Спортивні товари,Товари для велоспорту,Велосипедні запчастини,Трансмісія велосипеда,Манетки,Манетки,
8506,Спортивні товари,Товари для велоспорту,Велосипедні запчастини,Трансмісія велосипеда,Педалі велосипеда,Педалі велосипеда,
8500,Спортивні товари,Товари для велоспорту,Велосипедні запчастини,Трансмісія велосипеда,Перемикачі швидкостей,Перемикачі швидкостей,
8503,Спортивні товари,Товари для велоспорту,Велосипедні запчастини,Трансмісія велосипеда,Шатуни велосипедні,Шатуни велосипедні,
3699,Спортивні товари,Товари для велоспорту,Велосипедні комп'ютери,,,Велосипедні комп'ютери,
7198,Спортивні товари,Товари для велоспорту,Велосумки,,,Велосумки,
7884,Спортивні товари,Товари для велоспорту,Велофляги і фляготримачі,,,Велофляги і фляготримачі,
7662,Спортивні товари,Товари для велоспорту,Велохімія,,,Велохімія,
7199,Спортивні товари,Товари для велоспорту,Дзвінки на велосипед,,,Дзвінки на велосипед,
8648,Спортивні товари,Товари для велоспорту,Дитячі велокрісла,,,Дитячі велокрісла,
7882,Спортивні товари,Товари для велоспорту,Замки велосипедні,,,Замки велосипедні,
3726,Спортивні товари,Товари для велоспорту,Крила для велосипеда,,,Крила для велосипеда,
7881,Спортивні товари,Товари для велоспорту,Насоси велосипедні,,,Насоси велосипедні,
7197,Спортивні товари,Товари для велоспорту,Тримачі для телефону на велосипед,,,Тримачі для телефону на велосипед,
1497,Спортивні товари,Товари для плавання,Аксесуари для плавання,,,Аксесуари для плавання,
9306,Спортивні товари,Товари для плавання,Бервуха та затискачі для носа для плавання,,,Бервуха та затискачі для носа для плавання,
9074,Спортивні товари,Товари для плавання,Набори для плавання,,,Набори для плавання,
1550,Спортивні товари,Товари для плавання,Окуляри для плавання,,,Окуляри для плавання,
1496,Спортивні товари,Товари для плавання,Шапочки для плавання,,,Шапочки для плавання,
1401,Спортивні товари,Тренажери,Вільні ваги,Тренажери для преса,,Тренажери для преса,
1538,Спортивні товари,Тренажери,Вуличні тренажери,,,Вуличні тренажери,
8635,Спортивні товари,Тренажери,Запчастини для тренажерів,,,Запчастини для тренажерів,
1525,Спортивні товари,Тренажери,Кардіотренажери,Бігові доріжки,,Бігові доріжки,
1523,Спортивні товари,Тренажери,Кардіотренажери,Велотренажери,,Велотренажери,
1527,Спортивні товари,Тренажери,Кардіотренажери,Гребні тренажери,,Гребні тренажери,
1524,Спортивні товари,Тренажери,Кардіотренажери,Орбітреки,,Орбітреки,
8259,Спортивні товари,Тренажери,Кардіотренажери,Степери,,Степери,
1418,Спортивні товари,Тренажери,Силові тренажери,Гантелі,,Гантелі,
6402,Спортивні товари,Тренажери,Силові тренажери,Гирі,,Гирі,
3800,Спортивні товари,Тренажери,Силові тренажери,Гіперекстензія,,Гіперекстензія,
1419,Спортивні товари,Тренажери,Силові тренажери,Грифи та замки,,Грифи та замки,
1536,Спортивні товари,Тренажери,Силові тренажери,Диски для штанги,,Диски для штанги,
8305,Спортивні товари,Тренажери,Силові тренажери,Інверсійні столи,,Інверсійні столи,
3799,Спортивні товари,Тренажери,Силові тренажери,Комбіновані станки,,Комбіновані станки,
1537,Спортивні товари,Тренажери,Силові тренажери,Спортивні лави,,Спортивні лави,
9280,Спортивні товари,Тренажери,Силові тренажери,Стійки для штанг,,Стійки для штанг,
1423,Спортивні товари,Тренажери,Силові тренажери,Турніки,,Турніки,
1529,Спортивні товари,Тренажери,Силові тренажери,Фітнес-станції,,Фітнес-станції,
1541,Спортивні товари,Тренажери,Силові тренажери,Шведські стінки та комплекси,,Шведські стінки та комплекси,
1421,Спортивні товари,Тренажери,Силові тренажери,Штанги,,Штанги,
9240,Спортивні товари,Фітнес і тренування,Мішки для кросфіту,Мішки для кросфіту,,Мішки для кросфіту,
1449,Спортивні товари,Фітнес і тренування,Аксесуари для батутів,,,Аксесуари для батутів,
1406,Спортивні товари,Фітнес і тренування,Атлетичні пояси та лямки,,,Атлетичні пояси та лямки,
1394,Спортивні товари,Фітнес і тренування,Балансувальні платформи,,,Балансувальні платформи,
1446,Спортивні товари,Фітнес і тренування,Батути,,,Батути,
8856,Спортивні товари,Фітнес і тренування,Бодібари,,,Бодібари,
3618,Спортивні товари,Фітнес і тренування,Гімнастичне обладнання,,,Гімнастичне обладнання,
1545,Спортивні товари,Фітнес і тренування,Гімнастичні мати,,,Гімнастичні мати,
1415,Спортивні товари,Фітнес і тренування,Диск здоров'я,,,Диск здоров'я,
1411,Спортивні товари,Фітнес і тренування,Еспандери та кистьові тренажери,,,Еспандери та кистьові тренажери,
1400,Спортивні товари,Фітнес і тренування,Килимки для фітнесу та пілатесу,,,Килимки для фітнесу та пілатесу,
1397,Спортивні товари,Фітнес і тренування,М'ячі для фітнесу,,,М'ячі для фітнесу,
8363,Спортивні товари,Фітнес і тренування,Медболи,,,Медболи,
1414,Спортивні товари,Фітнес і тренування,Обважнювачі,,,Обважнювачі,
1396,Спортивні товари,Фітнес і тренування,Обручі та хулахупи,,,Обручі та хулахупи,
6794,Спортивні товари,Фітнес і тренування,Резинки для фітнесу,,,Резинки для фітнесу,
1408,Спортивні товари,Фітнес і тренування,Ролики для преса,,,Ролики для преса,
1410,Спортивні товари,Фітнес і тренування,Рукавиці для спорту,,,Рукавиці для спорту,
1412,Спортивні товари,Фітнес і тренування,Скакалки,,,Скакалки,
9224,Спортивні товари,Фітнес і тренування,Степ-платформи,,,Степ-платформи,
1413,Спортивні товари,Фітнес і тренування,Товари для схуднення,,,Товари для схуднення,
1407,Спортивні товари,Фітнес і тренування,Упори для віджимання,,,Упори для віджимання,
8852,Товари для бізнесу,Ваговимірювальне обладнання,Ваги платформні,,,Ваги платформні,
9062,Товари для бізнесу,Ваговимірювальне обладнання,Ваги товарні,,,Ваги товарні,
8840,Товари для бізнесу,Ваговимірювальне обладнання,Ваги-рокла,,,Ваги-рокла,
8868,Товари для бізнесу,Ваговимірювальне обладнання,Ваговимірювальні датчики,,,Ваговимірювальні датчики,
8866,Товари для бізнесу,Ваговимірювальне обладнання,Вагові індикатори,,,Вагові індикатори,
5369,Товари для бізнесу,Ваговимірювальне обладнання,Комплектуючі для вагів,,,Комплектуючі для вагів,
8842,Товари для бізнесу,Ваговимірювальне обладнання,Кранові ваги,,,Кранові ваги,
8844,Товари для бізнесу,Ваговимірювальне обладнання,Палетні ваги,,,Палетні ваги,
4451,Товари для бізнесу,Ваговимірювальне обладнання,Торговельні ваги,,,Торговельні ваги,
8846,Товари для бізнесу,Ваговимірювальне обладнання,Фасувальні ваги,,,Фасувальні ваги,
8848,Товари для бізнесу,Ваговимірювальне обладнання,Ювелірні ваги,,,Ювелірні ваги,
7226,Товари для бізнесу,Вендингові автомати,,,,Вендингові автомати,
8215,Товари для бізнесу,Витратні матеріали для салонів краси,,,,Витратні матеріали для салонів краси,
7296,Товари для бізнесу,МАФи (кіоски),,,,МАФи (кіоски),
8480,Товари для бізнесу,Меблі для салону краси,,,,Меблі для салону краси,
5087,Товари для бізнесу,Металеві меблі,Металеві ключниці,,,Металеві ключниці,
5228,Товари для бізнесу,Металеві меблі,Металеві шафи,,,Металеві шафи,
9236,Товари для бізнесу,Металеві меблі,Лавки в роздягальню,,,Лавки в роздягальню,
8621,Товари для бізнесу,Надувна реклама,,,,Надувна реклама,
7592,Товари для бізнесу,Обладнання для виробництва алкоголю,Аксесуари для обладнання виробництва алкоголю,,,Аксесуари для обладнання виробництва алкоголю,
8107,Товари для бізнесу,Обладнання для виробництва алкоголю,Комплектуючі для обладнання виробництва алкоголю,,,Комплектуючі для обладнання виробництва алкоголю,
8992,Товари для бізнесу,Освітні курси,,,,Освітні курси,
9404,Товари для бізнесу,Пожежне обладнання,Аксесуари для вогнегасників,,,Аксесуари для вогнегасників,
4388,Товари для бізнесу,Пожежне обладнання,Знаки безпеки,,,Знаки безпеки,
7634,Товари для бізнесу,Пожежне обладнання,Пожежний інвентар,,,Пожежний інвентар,
7629,Товари для бізнесу,Пожежне обладнання,Пожежні голівки,,,Пожежні голівки,
4386,Товари для бізнесу,Пожежне обладнання,Пожежні інструкції та схеми,,,Пожежні інструкції та схеми,
7628,Товари для бізнесу,Пожежне обладнання,Пожежні крани,,,Пожежні крани,
4387,Товари для бізнесу,Пожежне обладнання,Пожежні рукави,,,Пожежні рукави,
7630,Товари для бізнесу,Пожежне обладнання,Пожежні стволи,,,Пожежні стволи,
4385,Товари для бізнесу,Пожежне обладнання,Пожежні шафи,,,Пожежні шафи,
4384,Товари для бізнесу,Пожежне обладнання,Пожежні щити,,,Пожежні щити,
8189,Товари для бізнесу,Пожежне обладнання,Протипожежні муфти,,,Протипожежні муфти,
5306,Товари для бізнесу,Посуд для ресторанів та кафе,Аксесуари для сервірування,,,Аксесуари для сервірування,
4417,Товари для бізнесу,Посуд для ресторанів та кафе,Барне та ресторанне скло,,,Барне та ресторанне скло,
4403,Товари для бізнесу,Посуд для ресторанів та кафе,Барний інвентар,,,Барний інвентар,
6393,Товари для бізнесу,Посуд для ресторанів та кафе,Кондитерський інвентар для ресторанів і кафе,,,Кондитерський інвентар для ресторанів і кафе,
7886,Товари для бізнесу,Посуд для ресторанів та кафе,Кухонний інвентар для ресторанів,Гастроємності,,Гастроємності,
6394,Товари для бізнесу,Посуд для ресторанів та кафе,Кухонний інвентар для ресторанів,Допоміжний інвентар для ресторанів і кафе,,Допоміжний інвентар для ресторанів і кафе,
6396,Товари для бізнесу,Посуд для ресторанів та кафе,Кухонний інвентар для ресторанів,Кухонні дошки для ресторанів і кафе,,Кухонні дошки для ресторанів і кафе,
6395,Товари для бізнесу,Посуд для ресторанів та кафе,Кухонний інвентар для ресторанів,Кухонні ножі для ресторанів і кафе,,Кухонні ножі для ресторанів і кафе,
6398,Товари для бізнесу,Посуд для ресторанів та кафе,Кухонний інвентар для ресторанів,Миски та контейнери для ресторанів і кафе,,Миски та контейнери для ресторанів і кафе,
6397,Товари для бізнесу,Посуд для ресторанів та кафе,Кухонний інвентар для ресторанів,Роздавальний інвентар для ресторанів і кафе,,Роздавальний інвентар для ресторанів і кафе,
4398,Товари для бізнесу,Посуд для ресторанів та кафе,Наплитний посуд для ресторанів,,,Наплитний посуд для ресторанів,
4416,Товари для бізнесу,Посуд для ресторанів та кафе,Столовий посуд для ресторанів,,,Столовий посуд для ресторанів,
6815,Товари для бізнесу,Пральне обладнання,Прасувальне обладнання,,,Прасувальне обладнання,
6813,Товари для бізнесу,Пральне обладнання,Промислові пральні машини,,,Промислові пральні машини,
6814,Товари для бізнесу,Пральне обладнання,Промислові сушильні машини,,,Промислові сушильні машини,
1463,Товари для бізнесу,Професійне кухонне обладнання,Електромеханічне обладнання для кухні,Картоплечистки промислові,,Картоплечистки промислові,
6364,Товари для бізнесу,Професійне кухонне обладнання,Електромеханічне обладнання для кухні,Кутери,,Кутери,
1493,Товари для бізнесу,Професійне кухонне обладнання,Електромеханічне обладнання для кухні,М'ясорубки промислові,,М'ясорубки промислові,
7676,Товари для бізнесу,Професійне кухонне обладнання,Електромеханічне обладнання для кухні,Маслопреси,,Маслопреси,
7677,Товари для бізнесу,Професійне кухонне обладнання,Електромеханічне обладнання для кухні,Млини для зерна,,Млини для зерна,
9206,Товари для бізнесу,Професійне кухонне обладнання,Електромеханічне обладнання для кухні,Обладнання для суші,,Обладнання для суші,
2469,Товари для бізнесу,Професійне кухонне обладнання,Електромеханічне обладнання для кухні,Овочерізки промислові,,Овочерізки промислові,
807,Товари для бізнесу,Професійне кухонне обладнання,Електромеханічне обладнання для кухні,Стерилізатори промислові,,Стерилізатори промислові,
1698,Товари для бізнесу,Професійне кухонне обладнання,Електромеханічне обладнання для кухні,Тістоміси промислові,,Тістоміси промислові,
5128,Товари для бізнесу,Професійне кухонне обладнання,Електромеханічне обладнання для кухні,Тісторозкатувальні машини,,Тісторозкатувальні машини,
6365,Товари для бізнесу,Професійне кухонне обладнання,Електромеханічне обладнання для кухні,Фаршезмішувачі,,Фаршезмішувачі,
7674,Товари для бізнесу,Професійне кухонне обладнання,Електромеханічне обладнання для кухні,Харчові змішувачі,,Харчові змішувачі,
9362,Товари для бізнесу,Професійне кухонне обладнання,Морозильне обладнання,Морозильні бонети,,Морозильні бонети,
9364,Товари для бізнесу,Професійне кухонне обладнання,Морозильне обладнання,Морозильні вітрини,,Морозильні вітрини,
9366,Товари для бізнесу,Професійне кухонне обладнання,Морозильне обладнання,Морозильні скрині промислові,,Морозильні скрині промислові,
9360,Товари для бізнесу,Професійне кухонне обладнання,Морозильне обладнання,Морозильні шафи промислові,,Морозильні шафи промислові,
4399,Товари для бізнесу,Професійне кухонне обладнання,Нейтральне обладнання,,,Нейтральне обладнання,
4400,Товари для бізнесу,Професійне кухонне обладнання,Одяг для персоналу,,,Одяг для персоналу,
8821,Товари для бізнесу,Професійне кухонне обладнання,Професійне обладнання для бару,Електрокип'ятильники,,Електрокип'ятильники,
4402,Товари для бізнесу,Професійне кухонне обладнання,Професійне обладнання для бару,Електромеханічне обладнання для бару,,Електромеханічне обладнання для бару,
8860,Товари для бізнесу,Професійне кухонне обладнання,Професійне обладнання для бару,Пивне обладнання,,Пивне обладнання,
4396,Товари для бізнесу,Професійне кухонне обладнання,Професійні посудомийні машини,,,Професійні посудомийні машини,
7678,Товари для бізнесу,Професійне кухонне обладнання,Теплове обладнання для кухні,Автоклави,,Автоклави,
6883,Товари для бізнесу,Професійне кухонне обладнання,Теплове обладнання для кухні,Апарати для пончиків,,Апарати для пончиків,
6884,Товари для бізнесу,Професійне кухонне обладнання,Теплове обладнання для кухні,Апарати для попкорну,,Апарати для попкорну,
6880,Товари для бізнесу,Професійне кухонне обладнання,Теплове обладнання для кухні,Апарати для солодкої вати,,Апарати для солодкої вати,
6879,Товари для бізнесу,Професійне кухонне обладнання,Теплове обладнання для кухні,Апарати для шаурми,,Апарати для шаурми,
6885,Товари для бізнесу,Професійне кухонне обладнання,Теплове обладнання для кухні,Кавові автомати,,Кавові автомати,
6847,Товари для бізнесу,Професійне кухонне обладнання,Теплове обладнання для кухні,Коптильні промислові,,Коптильні промислові,
6848,Товари для бізнесу,Професійне кухонне обладнання,Теплове обладнання для кухні,Котли харчоварильні,,Котли харчоварильні,
6833,Товари для бізнесу,Професійне кухонне обладнання,Теплове обладнання для кухні,Пароконвектомати,,Пароконвектомати,
6837,Товари для бізнесу,Професійне кухонне обладнання,Теплове обладнання для кухні,Поверхні для смаження,,Поверхні для смаження,
6845,Товари для бізнесу,Професійне кухонне обладнання,Теплове обладнання для кухні,Промислові грилі,,Промислові грилі,
6857,Товари для бізнесу,Професійне кухонне обладнання,Теплове обладнання для кухні,Професійні  млинниці,,Професійні  млинниці,
6835,Товари для бізнесу,Професійне кухонне обладнання,Теплове обладнання для кухні,Професійні печі,,Професійні печі,
6836,Товари для бізнесу,Професійне кухонне обладнання,Теплове обладнання для кухні,Професійні плити,,Професійні плити,
6839,Товари для бізнесу,Професійне кухонне обладнання,Теплове обладнання для кухні,Професійні сковорідки,,Професійні сковорідки,
6841,Товари для бізнесу,Професійне кухонне обладнання,Теплове обладнання для кухні,Професійні фритюрниці,,Професійні фритюрниці,
6838,Товари для бізнесу,Професійне кухонне обладнання,Теплове обладнання для кухні,Теплові вітрини,,Теплові вітрини,
8935,Товари для бізнесу,Професійне кухонне обладнання,Хлібопекарське і кондитерське обладнання,Допоміжне хлібопекарське обладнання,,Допоміжне хлібопекарське обладнання,
6171,Товари для бізнесу,Професійне кухонне обладнання,Хлібопекарське і кондитерське обладнання,Камери остаточного вистоювання,,Камери остаточного вистоювання,
7637,Товари для бізнесу,Професійне кухонне обладнання,Хлібопекарське і кондитерське обладнання,Тістоподільники,,Тістоподільники,
4395,Товари для бізнесу,Професійне кухонне обладнання,Холодильне обладнання,,,Холодильне обладнання,
4371,Товари для бізнесу,Сейфи,,,,Сейфи,
7707,Товари для бізнесу,Системи виклику персоналу,,,,Системи виклику персоналу,
6887,Товари для бізнесу,Складське устаткування,Візки складські,,,Візки складські,
4441,Товари для бізнесу,Складське устаткування,Драбини складські,,,Драбини складські,
6793,Товари для бізнесу,Складське устаткування,ПВХ-завіси,,,ПВХ-завіси,
8709,Товари для бізнесу,Складське устаткування,Піддони складські,,,Піддони складські,
4437,Товари для бізнесу,Складське устаткування,Пломбувальні пристрої,Пломби,,Пломби,
4439,Товари для бізнесу,Складське устаткування,Пломбувальні пристрої,Пломбіратори,,Пломбіратори,
4438,Товари для бізнесу,Складське устаткування,Пломбувальні пристрої,Пломбувальний дріт,,Пломбувальний дріт,
4420,Товари для бізнесу,Складське устаткування,Фронтальні стелажі,,,Фронтальні стелажі,
8433,Товари для бізнесу,Стоматологічне обладнання,,,,Стоматологічне обладнання,
8467,Товари для бізнесу,Товари для татуажу та перманентного макіяжу,,,,Товари для татуажу та перманентного макіяжу,
8754,Товари для бізнесу,Торгове обладнання,Касове устаткування,Грошові скриньки,,Грошові скриньки,
4455,Товари для бізнесу,Торгове обладнання,Касове устаткування,Детектори валют,,Детектори валют,
5201,Товари для бізнесу,Торгове обладнання,Касове устаткування,Каси самообслуговування,,Каси самообслуговування,
4450,Товари для бізнесу,Торгове обладнання,Касове устаткування,Касові апарати,,Касові апарати,
4457,Товари для бізнесу,Торгове обладнання,Касове устаткування,Касові бокси,,Касові бокси,
8671,Товари для бізнесу,Торгове обладнання,Касове устаткування,Касові стійки,,Касові стійки,
8670,Товари для бізнесу,Торгове обладнання,Касове устаткування,Касові стрічки,,Касові стрічки,
4456,Товари для бізнесу,Торгове обладнання,Касове устаткування,Лічильник банкнот і монет,,Лічильник банкнот і монет,
4452,Товари для бізнесу,Торгове обладнання,Касове устаткування,Принтери етикеток,,Принтери етикеток,
4454,Товари для бізнесу,Торгове обладнання,Касове устаткування,Принтери чеків,,Принтери чеків,
4453,Товари для бізнесу,Торгове обладнання,Касове устаткування,Сканери штрих-кодів,,Сканери штрих-кодів,
4449,Товари для бізнесу,Торгове обладнання,Касове устаткування,Фіскальні реєстратори,,Фіскальні реєстратори,
8471,Товари для бізнесу,Торгове обладнання,Маркувальне обладнання,Витратні матеріали для маркувального обладнання,,Витратні матеріали для маркувального обладнання,
8672,Товари для бізнесу,Торгове обладнання,Маркувальне обладнання,Голчасті пістолети,,Голчасті пістолети,
4663,Товари для бізнесу,Торгове обладнання,Пакувальне обладнання,Зварювачі пакетів,,Зварювачі пакетів,
4430,Товари для бізнесу,Торгове обладнання,Пакувальне обладнання,Пакувальні матеріали,"Гофрокартон
","Гофрокартон
",
4295,Товари для бізнесу,Торгове обладнання,Пакувальне обладнання,Пакувальні матеріали,Двосторонні клейкі стрічки,Двосторонні клейкі стрічки,
4429,Товари для бізнесу,Торгове обладнання,Пакувальне обладнання,Пакувальні матеріали,Картонні коробки,Картонні коробки,
4608,Товари для бізнесу,Торгове обладнання,Пакувальне обладнання,Пакувальні матеріали,Мішки,Мішки,
4431,Товари для бізнесу,Торгове обладнання,Пакувальне обладнання,Пакувальні матеріали,Пакувальний крафт-папір,Пакувальний крафт-папір,
4427,Товари для бізнесу,Торгове обладнання,Пакувальне обладнання,Пакувальні матеріали,Пакувальні клейкі стрічки,Пакувальні клейкі стрічки,
4432,Товари для бізнесу,Торгове обладнання,Пакувальне обладнання,Пакувальні матеріали,Пухирчаста плівка,Пухирчаста плівка,
4428,Товари для бізнесу,Торгове обладнання,Пакувальне обладнання,Пакувальні матеріали,Стретч-плівка,Стретч-плівка,
4433,Товари для бізнесу,Торгове обладнання,Пакувальне обладнання,Пакувальні матеріали,Стрічка пакувальна поліпропіленова,Стрічка пакувальна поліпропіленова,
8407,Товари для бізнесу,Торгове обладнання,Пакувальне обладнання,Пакувальні матеріали,Упаковка для фастфуду,Упаковка для фастфуду,
8661,Товари для бізнесу,Торгове обладнання,Пакувальне обладнання,Стрепінг інструмент,,Стрепінг інструмент,
4470,Товари для бізнесу,Торгове обладнання,Рекламне обладнання,Аксесуари для рекламних конструкцій,,Аксесуари для рекламних конструкцій,
4469,Товари для бізнесу,Торгове обладнання,Рекламне обладнання,Дверні та настільні таблички,,Дверні та настільні таблички,
4465,Товари для бізнесу,Торгове обладнання,Рекламне обладнання,Інформаційні стенди,,Інформаційні стенди,
4467,Товари для бізнесу,Торгове обладнання,Рекламне обладнання,Лайтбокси,,Лайтбокси,
8801,Товари для бізнесу,Торгове обладнання,Рекламне обладнання,Підставки для вітрини,,Підставки для вітрини,
4463,Товари для бізнесу,Торгове обладнання,Рекламне обладнання,Рамки для постерів,,Рамки для постерів,
7616,Товари для бізнесу,Торгове обладнання,Торгове обладнання для магазину,Візки для супермаркетів,,Візки для супермаркетів,
7617,Товари для бізнесу,Торгове обладнання,Торгове обладнання для магазину,Кошики для покупок,,Кошики для покупок,
4475,Товари для бізнесу,Торгове обладнання,Торгове обладнання для магазину,Манекени,,Манекени,
4476,Товари для бізнесу,Торгове обладнання,Торгове обладнання для магазину,Настінні торгові системи,,Настінні торгові системи,
4483,Товари для бізнесу,Торгове обладнання,Торгове обладнання для магазину,Система Джокер,,Система Джокер,
4479,Товари для бізнесу,Торгове обладнання,Торгове обладнання для магазину,Сітки торговельні,,Сітки торговельні,
4482,Товари для бізнесу,Торгове обладнання,Торгове обладнання для магазину,Торгові вітрини з ДСП,,Торгові вітрини з ДСП,
7618,Товари для бізнесу,Торгове обладнання,Торгове обладнання для магазину,Тримачі для пакетів,,Тримачі для пакетів,
3748,Товари для бізнесу,Торгове обладнання,Торгове обладнання для магазину,Фурнітура для торгівельного обладнання,,Фурнітура для торгівельного обладнання,
5378,Товари для бізнесу,Торгове обладнання,Торговельні стелажі,Комплектуючі для торгових стелажів,,Комплектуючі для торгових стелажів,
4486,Товари для бізнесу,Торгове обладнання,Торговельні стелажі,Стелажі для харчових продуктів,,Стелажі для харчових продуктів,
8944,Товари для бізнесу,Транспортерна стрічка,,,,Транспортерна стрічка,
7675,Товари для бізнесу,Ультразвукові ванни,,,,Ультразвукові ванни,
8225,Товари для бізнесу,Хімічні реактиви,,,,Хімічні реактиви,
6659,Товари для бізнесу,HoReCa Текстиль професійний,Декоративний текстиль HoReCa,,,Декоративний текстиль HoReCa,
6714,Товари для бізнесу,HoReCa Текстиль професійний,Матраци і наматрацники для готелів,,,Матраци і наматрацники для готелів,
6713,Товари для бізнесу,HoReCa Текстиль професійний,Махрові вироби для готелів,,,Махрові вироби для готелів,
6660,Товари для бізнесу,HoReCa Текстиль професійний,Пледи HoReCa,,,Пледи HoReCa,
6736,Товари для бізнесу,HoReCa Текстиль професійний,Подушки і ковдри HoReCa,,,Подушки і ковдри HoReCa,
6723,Товари для бізнесу,HoReCa Текстиль професійний,Постільна білизна для готелів,,,Постільна білизна для готелів,
6662,Товари для бізнесу,HoReCa Текстиль професійний,Спецодяг HoReCa,,,Спецодяг HoReCa,
6718,Товари для бізнесу,HoReCa Текстиль професійний,Текстиль для ресторанів і кафе,,,Текстиль для ресторанів і кафе,
6661,Товари для бізнесу,HoReCa Текстиль професійний,Штори і тюлі HoReCa,,,Штори і тюлі HoReCa,
8395,Туризм і мілітарі,Аксесуари для газових пальників,,,,Аксесуари для газових пальників,
8203,Туризм і мілітарі,Аксесуари для наметів,,,,Аксесуари для наметів,
2717,Туризм і мілітарі,Балони газові,,,,Балони газові,
3702,Туризм і мілітарі,Відпочинок на воді,Дайвінг та підводне полювання,Гідрокостюми,,Гідрокостюми,
3695,Туризм і мілітарі,Відпочинок на воді,Дайвінг та підводне полювання,Ласти,,Ласти,
3696,Туризм і мілітарі,Відпочинок на воді,Дайвінг та підводне полювання,Маски для дайвінгу,,Маски для дайвінгу,
8918,Туризм і мілітарі,Відпочинок на воді,Дайвінг та підводне полювання,Регулятори для дайвінга,,Регулятори для дайвінга,
3697,Туризм і мілітарі,Відпочинок на воді,Дайвінг та підводне полювання,Трубки для дайвінгу,,Трубки для дайвінгу,
3670,Туризм і мілітарі,Відпочинок на воді,Двигуни для човнів,,,Двигуни для човнів,
3681,Туризм і мілітарі,Відпочинок на воді,Ехолоти,,,Ехолоти,
3673,Туризм і мілітарі,Відпочинок на воді,Човни,Аксесуари для човнів,Весла та системи керування,Весла та системи керування,
8955,Туризм і мілітарі,Відпочинок на воді,Човни,Аксесуари для човнів,Запчастини для якірних лебідок,Запчастини для якірних лебідок,
3676,Туризм і мілітарі,Відпочинок на воді,Човни,Аксесуари для човнів,Накладки на сидіння та рундуки,Накладки на сидіння та рундуки,
3686,Туризм і мілітарі,Відпочинок на воді,Човни,Аксесуари для човнів,Рятувальні жилети,Рятувальні жилети,
3679,Туризм і мілітарі,Відпочинок на воді,Човни,Аксесуари для човнів,Тюнінг човнів,Тюнінг човнів,
3675,Туризм і мілітарі,Відпочинок на воді,Човни,Аксесуари для човнів,Якірні лебідки,Якірні лебідки,
3672,Туризм і мілітарі,Відпочинок на воді,Човни,Аксесуари для човнів,"Якорі, кранці та мотузки","Якорі, кранці та мотузки",
3669,Туризм і мілітарі,Відпочинок на воді,Човни,Катамарани,,Катамарани,
3667,Туризм і мілітарі,Відпочинок на воді,Човни,Каяки та байдарки,,Каяки та байдарки,
3664,Туризм і мілітарі,Відпочинок на воді,Човни,Моторні човни та катери,,Моторні човни та катери,
3663,Туризм і мілітарі,Відпочинок на воді,Човни,Надувні човни,,Надувні човни,
7318,Туризм і мілітарі,Відпочинок на воді,Човни,Насоси для човнів ПВХ,,Насоси для човнів ПВХ,
8520,Туризм і мілітарі,Відпочинок на воді,Човни,SUP-дошки,,SUP-дошки,
8828,Туризм і мілітарі,Військове спорядження,Армійські жетони,,,Армійські жетони,
3764,Туризм і мілітарі,Військове спорядження,Бронежилети,,,Бронежилети,
1392,Туризм і мілітарі,Військове спорядження,Військова форма,,,Військова форма,
8776,Туризм і мілітарі,Військове спорядження,Засоби для розмінування,,,Засоби для розмінування,
6743,Туризм і мілітарі,Військове спорядження,Засоби маскування,,,Засоби маскування,
8684,Туризм і мілітарі,Військове спорядження,Каски військові,,,Каски військові,
9302,Туризм і мілітарі,Військове спорядження,Кріплення для навушників,,,Кріплення для навушників,
789,Туризм і мілітарі,Військове спорядження,Підсумки,,,Підсумки,
6677,Туризм і мілітарі,Військове спорядження,Сумки тактичні,,,Сумки тактичні,
8697,Туризм і мілітарі,Військове спорядження,Тактична медицина,,,Тактична медицина,
9122,Туризм і мілітарі,Все для кемпінгу,,,,Все для кемпінгу,
7328,Туризм і мілітарі,Все для походу,,,,Все для походу,
3709,Туризм і мілітарі,Газові пальники,,,,Газові пальники,
7347,Туризм і мілітарі,Гермомішки,,,,Гермомішки,
6372,Туризм і мілітарі,Запальнички та аксесуари,,,,Запальнички та аксесуари,
7695,Туризм і мілітарі,Засоби зв'язку та електроніка,Аксесуари для рацій,,,Аксесуари для рацій,
3622,Туризм і мілітарі,Засоби зв'язку та електроніка,Рації,,,Рації,
6371,Туризм і мілітарі,Засоби зв'язку та електроніка,Фотопастки,,,Фотопастки,
3708,Туризм і мілітарі,Каремати,,,,Каремати,
3712,Туризм і мілітарі,Компаси,,,,Компаси,
8653,Туризм і мілітарі,Компресійні мішки,,,,Компресійні мішки,
8399,Туризм і мілітарі,Маскувальні сітки,,,,Маскувальні сітки,
7937,Туризм і мілітарі,Мілітарі,Зброя,Вогнепальна зброя,Гладкоствольна зброя,Гладкоствольна зброя,
7938,Туризм і мілітарі,Мілітарі,Зброя,Вогнепальна зброя,Нарізна зброя,Нарізна зброя,
7940,Туризм і мілітарі,Мілітарі,Зброя,Духові трубки,,Духові трубки,
3743,Туризм і мілітарі,Мілітарі,Зброя,Зберігання і транспортування зброї,Кобури,Кобури,
3745,Туризм і мілітарі,Мілітарі,Зброя,Зберігання і транспортування зброї,Коробки для набоїв,Коробки для набоїв,
7973,Туризм і мілітарі,Мілітарі,Зброя,Зберігання і транспортування зброї,Патронташі та бандольєри,Патронташі та бандольєри,
3747,Туризм і мілітарі,Мілітарі,Зброя,Зберігання і транспортування зброї,Ремені для зброї,Ремені для зброї,
3741,Туризм і мілітарі,Мілітарі,Зброя,Зберігання і транспортування зброї,Чохли для зброї,Чохли для зброї,
7918,Туризм і мілітарі,Мілітарі,Зброя,Зброя самооборони,,Зброя самооборони,
7920,Туризм і мілітарі,Мілітарі,Зброя,Комплектуючі до зброї,,Комплектуючі до зброї,
3734,Туризм і мілітарі,Мілітарі,Зброя,Луки та арбалети,Аксесуари для метальної зброї,Аксесуари для метальної зброї,
3732,Туризм і мілітарі,Мілітарі,Зброя,Луки та арбалети,Арбалети,Арбалети,
3731,Туризм і мілітарі,Мілітарі,Зброя,Луки та арбалети,Луки,Луки,
3733,Туризм і мілітарі,Мілітарі,Зброя,Луки та арбалети,Рогатки,Рогатки,
7960,Туризм і мілітарі,Мілітарі,Зброя,Набої для зброї,Набої для гладкоствольної зброї,Набої для гладкоствольної зброї,
7961,Туризм і мілітарі,Мілітарі,Зброя,Набої для зброї,Набої для нарізної зброї,Набої для нарізної зброї,
7962,Туризм і мілітарі,Мілітарі,Зброя,Набої для зброї,Набої для травматичної зброї,Набої для травматичної зброї,
7964,Туризм і мілітарі,Мілітарі,Зброя,Набої для зброї,Набої Флобера,Набої Флобера,
7965,Туризм і мілітарі,Мілітарі,Зброя,Набої для зброї,Пневматичні кулі,Пневматичні кулі,
7942,Туризм і мілітарі,Мілітарі,Зброя,Набої для зброї,Стріли для арбалета й лука,Стріли для арбалета й лука,
7963,Туризм і мілітарі,Мілітарі,Зброя,Набої для зброї,Холості набої для зброї,Холості набої для зброї,
7915,Туризм і мілітарі,Мілітарі,Зброя,Пістолети під патрон Флобера,,Пістолети під патрон Флобера,
3727,Туризм і мілітарі,Мілітарі,Зброя,Пневматична зброя,Аксесуари для пневматичної зброї,Аксесуари для пневматичної зброї,
9024,Туризм і мілітарі,Мілітарі,Зброя,Пневматична зброя,Зброя для страйкболу,Зброя для страйкболу,
3724,Туризм і мілітарі,Мілітарі,Зброя,Пневматична зброя,Пневматичні гвинтівки,Пневматичні гвинтівки,
3725,Туризм і мілітарі,Мілітарі,Зброя,Пневматична зброя,Пневматичні пістолети,Пневматичні пістолети,
7916,Туризм і мілітарі,Мілітарі,Зброя,Сигнальна зброя,,Сигнальна зброя,
7952,Туризм і мілітарі,Мілітарі,Зброя,Спорядження і аксесуари для зброї,Розвантажувальні жилети,Розвантажувальні жилети,
7947,Туризм і мілітарі,Мілітарі,Зброя,Стрілецькі аксесуари,,Стрілецькі аксесуари,
7990,Туризм і мілітарі,Мілітарі,Зброя,Холодна зброя,,Холодна зброя,
7976,Туризм і мілітарі,Мілітарі,Зброя,Чищення і догляд за зброєю,Засоби для чищення зброї,Засоби для чищення зброї,
7977,Туризм і мілітарі,Мілітарі,Зброя,Чищення і догляд за зброєю,Йоржики для зброї,Йоржики для зброї,
7978,Туризм і мілітарі,Мілітарі,Зброя,Чищення і догляд за зброєю,Набори для чищення зброї,Набори для чищення зброї,
7980,Туризм і мілітарі,Мілітарі,Зброя,Чищення і догляд за зброєю,Патчі для чищення зброї,Патчі для чищення зброї,
7979,Туризм і мілітарі,Мілітарі,Зброя,Чищення і догляд за зброєю,Протяжки для чищення стволів,Протяжки для чищення стволів,
7975,Туризм і мілітарі,Мілітарі,Зброя,Чищення і догляд за зброєю,Шомполи для чистки зброї,Шомполи для чистки зброї,
3738,Туризм і мілітарі,Мілітарі,Зброя,Макети зброї ,,Макети зброї ,
7911,Туризм і мілітарі,Мілітарі,Оптика для зброї,,,Оптика для зброї,
8752,Туризм і мілітарі,Набори для виживання,,,,Набори для виживання,
3719,Туризм і мілітарі,Надувні меблі та аксесуари,Надувні круги та аксесуари,,,Надувні круги та аксесуари,
3716,Туризм і мілітарі,Надувні меблі та аксесуари,Надувні матраци,,,Надувні матраци,
7234,Туризм і мілітарі,Надувні меблі та аксесуари,Надувні подушки,,,Надувні подушки,
3720,Туризм і мілітарі,Надувні меблі та аксесуари,Насоси для надувних виробів,,,Насоси для надувних виробів,
3706,Туризм і мілітарі,Намети,,,,Намети,
3620,Туризм і мілітарі,Ножі,Інструменти для правки та заточування,,,Інструменти для правки та заточування,
3617,Туризм і мілітарі,Ножі,Туристичні ножі,,,Туристичні ножі,
8721,Туризм і мілітарі,Ножі,Чохли для ножів,,,Чохли для ножів,
3624,Туризм і мілітарі,Оптичні прилади,Біноклі,,,Біноклі,
3630,Туризм і мілітарі,Оптичні прилади,Мікроскопи,,,Мікроскопи,
3625,Туризм і мілітарі,Оптичні прилади,Підзорні труби,,,Підзорні труби,
3627,Туризм і мілітарі,Оптичні прилади,Прилади нічного бачення,,,Прилади нічного бачення,
3629,Туризм і мілітарі,Оптичні прилади,Телескопи,,,Телескопи,
3710,Туризм і мілітарі,Посуд туристичний,,,,Посуд туристичний,
7348,Туризм і мілітарі,Самонадувні килимки,,,,Самонадувні килимки,
3707,Туризм і мілітарі,Спальні мішки,,,,Спальні мішки,
6684,Туризм і мілітарі,Спорядження та екіпірування,Навушники тактичні,,,Навушники тактичні,
3768,Туризм і мілітарі,Спорядження та екіпірування,Налокітники,,,Налокітники,
6369,Туризм і мілітарі,Спорядження та екіпірування,Окуляри тактичні,,,Окуляри тактичні,
6370,Туризм і мілітарі,Спорядження та екіпірування,Тактичні ручки,,,Тактичні ручки,
6374,Туризм і мілітарі,Спорядження та екіпірування,Туристичне гідрообладнання,,,Туристичне гідрообладнання,
6373,Туризм і мілітарі,Спорядження та екіпірування,Туристичні грілки,,,Туристичні грілки,
3637,Туризм і мілітарі,Товари для риболовлі,Аксесуари для риболовлі,,,Аксесуари для риболовлі,
6108,Туризм і мілітарі,Товари для риболовлі,Все для зимової риболовлі,Жерлиці,,Жерлиці,
3635,Туризм і мілітарі,Товари для риболовлі,Вудилища,,,Вудилища,
3638,Туризм і мілітарі,Товари для риболовлі,Індикатори клювання,,,Індикатори клювання,
3311,Туризм і мілітарі,Товари для риболовлі,Комплектуючі для підсаки,,,Комплектуючі для підсаки,
3640,Туризм і мілітарі,Товари для риболовлі,Льодобури та аксесуари,,,Льодобури та аксесуари,
3643,Туризм і мілітарі,Товари для риболовлі,Монтажі та елементи оснащення,Вертлюги та застібки для риболовлі,,Вертлюги та застібки для риболовлі,
3642,Туризм і мілітарі,Товари для риболовлі,Монтажі та елементи оснащення,Гачки для риболовлі,,Гачки для риболовлі,
3646,Туризм і мілітарі,Товари для риболовлі,Монтажі та елементи оснащення,Годівниці для риболовлі,,Годівниці для риболовлі,
3649,Туризм і мілітарі,Товари для риболовлі,Монтажі та елементи оснащення,Готові оснастки,,Готові оснастки,
3648,Туризм і мілітарі,Товари для риболовлі,Монтажі та елементи оснащення,ПВА-матеріали,,ПВА-матеріали,
3645,Туризм і мілітарі,Товари для риболовлі,Монтажі та елементи оснащення,Повідки для риболовлі,,Повідки для риболовлі,
3647,Туризм і мілітарі,Товари для риболовлі,Монтажі та елементи оснащення,Поплавці,,Поплавці,
3644,Туризм і мілітарі,Товари для риболовлі,Монтажі та елементи оснащення,Тягарці для риболовлі,,Тягарці для риболовлі,
3650,Туризм і мілітарі,Товари для риболовлі,Підкормки та насадки,,,Підкормки та насадки,
7588,Туризм і мілітарі,Товари для риболовлі,Підсаки для риболовлі,,,Підсаки для риболовлі,
3653,Туризм і мілітарі,Товари для риболовлі,Підставки під вудилища,,,Підставки під вудилища,
3636,Туризм і мілітарі,Товари для риболовлі,Риболовні котушки,,,Риболовні котушки,
7587,Туризм і мілітарі,Товари для риболовлі,Садки для риболовлі,,,Садки для риболовлі,
7907,Туризм і мілітарі,Товари для риболовлі,Спінінги,,,Спінінги,
3655,Туризм і мілітарі,Товари для риболовлі,Сувеніри та подарунки для мисливців і рибалок,,,Сувеніри та подарунки для мисливців і рибалок,
8365,Туризм і мілітарі,Товари для риболовлі,Човники для риболовлі,,,Човники для риболовлі,
3657,Туризм і мілітарі,Товари для риболовлі,Чохли для риболовлі,,,Чохли для риболовлі,
3658,Туризм і мілітарі,Товари для риболовлі,Шнури та волосіні,,,Шнури та волосіні,
3652,Туризм і мілітарі,Товари для риболовлі,Штучні приманки,Балансири,,Балансири,
3651,Туризм і мілітарі,Товари для риболовлі,Штучні приманки,Блешні,,Блешні,
3654,Туризм і мілітарі,Товари для риболовлі,Штучні приманки,Воблери,,Воблери,
8333,Туризм і мілітарі,Товари для риболовлі,Штучні приманки,Мормишки,,Мормишки,
3656,Туризм і мілітарі,Товари для риболовлі,Штучні приманки,Силіконові приманки,,Силіконові приманки,
8301,Туризм і мілітарі,Товари для риболовлі,Штучні приманки,Форми для силіконових принад,,Форми для силіконових принад,
3659,Туризм і мілітарі,Товари для риболовлі,Ящики та сумки для риболовлі,,,Ящики та сумки для риболовлі,
5454,Туризм і мілітарі,Трекінгові палиці,,,,Трекінгові палиці,
8693,Туризм і мілітарі,Туристичні лампи,,,,Туристичні лампи,
3711,Туризм і мілітарі,Туристичні меблі,,,,Туристичні меблі,
6678,Туризм і мілітарі,Туристичні рюкзаки та сумки,Чохли на рюкзак,,,Чохли на рюкзак,
9526,Інтимні товари,Аксесуари до інтимних іграшок,,,,Аксесуари до інтимних іграшок,
9448,Інтимні товари,Догляд за секс-іграшками,,,,Догляд за секс-іграшками,
9450,Інтимні товари,Еротичні масажні олії та косметика,,,,Еротичні масажні олії та косметика,
9452,Інтимні товари,Збуджуючі засоби,,,,Збуджуючі засоби,
9454,Інтимні товари,Парфуми з феромонами,,,,Парфуми з феромонами,
9456,Інтимні товари,Секс-машини,,,,Секс-машини,
9458,Інтимні товари,Фетиш та BDSM,,,,Фетиш та BDSM,
9460,Інтимні товари,Еротичні приколи та сувеніри,,,,Еротичні приколи та сувеніри,
9550,Інтимні товари,Інтимні іграшки,Анальні іграшки,Анальний душ,,Анальний душ,
9548,Інтимні товари,Інтимні іграшки,Анальні іграшки,Анальні розширювачі,,Анальні розширювачі,
9484,Інтимні товари,Інтимні іграшки,Анальні іграшки,Анальні пробки,,Анальні пробки,
9486,Інтимні товари,Інтимні іграшки,Анальні іграшки,Анальні кульки та намисто,,Анальні кульки та намисто,
9488,Інтимні товари,Інтимні іграшки,Анальні іграшки,Масажери простати,,Масажери простати,
9466,Інтимні товари,Інтимні іграшки,Вібратори,,,Вібратори,
9468,Інтимні товари,Інтимні іграшки,Секс-ляльки,,,Секс-ляльки,
9470,Інтимні товари,Інтимні іграшки,Ерекційні кільця,,,Ерекційні кільця,
9472,Інтимні товари,Інтимні іграшки,Мастурбатори,,,Мастурбатори,
9474,Інтимні товари,Інтимні іграшки,Насадки на член,,,Насадки на член,
9476,Інтимні товари,Інтимні іграшки,Екстендери та помпи,,,Екстендери та помпи,
9478,Інтимні товари,Інтимні іграшки,Вагінальні кульки та тренажери,,,Вагінальні кульки та тренажери,
9480,Інтимні товари,Інтимні іграшки,Фалоімітатори,,,Фалоімітатори,
9482,Інтимні товари,Інтимні іграшки,Страпони,,,Страпони,
7216,Інтимні товари,Спокуслива білизна,Еротична білизна,,,Еротична білизна,
9464,Інтимні товари,Спокуслива білизна,Еротичні костюми,,,Еротичні костюми,