article,name,category_id,opt_price,current_sell,correct_sell,commission_rate,current_margin,correct_margin,breakeven_price,breakeven_margin,price_for_5pct,margin_at_5pct,diff,needs_update,available,qty
FL9 6K,Протитуманні світлодіодні лінзи QRay FL9+ 6000K,8,6825.0,7310,7310,0.07,-26.7,-26.7,7340,1.2,7710,345.3,0,False,True,4
FL9+ 3K,Протитуманні світлодіодні лінзи QRay FL9+ 3000K,8,6825.0,7310,7310,0.07,-26.7,-26.7,7340,1.2,7710,345.3,0,False,True,2
QBR-FH 0448-68,Перехідна рамка QIV QBR-FH 0448-68 Toyota 4Runner 5 N280 200,4,6370.0,7140,7140,0.12,-86.8,-86.8,7240,1.2,7610,326.8,0,False,True,1
QBR-FH 0453-68,Перехідна рамка QIV QBR-FH 0453-68 Toyota Camry 7 XV 50 55 2,4,6143.0,6890,6890,0.12,-79.8,-79.8,6990,8.2,7330,307.4,0,False,True,1
QBR-FH 0454-68,Перехідна рамка QIV QBR-FH 0454-68 Toyota Camry 2000-2003 12,4,6370.0,7140,7140,0.12,-86.8,-86.8,7240,1.2,7610,326.8,0,False,True,2
QBR-FH 0454-68A,Перехідна рамка QIV QBR-FH 0454-68A Toyota Camry 2000-2003 1,4,6370.0,7140,7140,0.12,-86.8,-86.8,7240,1.2,7610,326.8,0,False,True,2
QBR-FH 0606-68,Перехідна рамка QIV QBR-FH 0606-68 Nissan Qashqai 1 J10 2007,4,6143.0,6890,6890,0.12,-79.8,-79.8,6990,8.2,7330,307.4,0,False,True,5
QBR-FH 0707-49,Перехідна рамка QIV QBR-FH 0707-49 Hyundai Sonata 6 YF 2010-,4,7280.0,8160,8160,0.12,-99.2,-99.2,8280,6.4,8690,367.2,0,False,True,3
QBR-FH 0708-68,Перехідна рамка QIV QBR-FH 0708-68 Hyundai Tucson 2006-2013 ,4,6143.0,6890,6890,0.12,-79.8,-79.8,6990,8.2,7330,307.4,0,False,True,3
QBR-FH 0709-49,"Перехідна рамка QIV QBR-FH 0709-49 Hyundai Tucson, IX35 2010",4,6370.0,7140,7140,0.12,-86.8,-86.8,7240,1.2,7610,326.8,0,False,True,2
QBR-FH 0710-49,"Перехідна рамка QIV QBR-FH 0710-49 Hyundai Tucson, IX45 2013",4,6825.0,7650,7650,0.12,-93.0,-93.0,7760,3.8,8150,347.0,0,False,True,2
QBR-FH 2304-68,Перехідна рамка QIV QBR-FH 2304-68 Jeep Compass 2017+ 12.3 д,4,6370.0,7140,7140,0.12,-86.8,-86.8,7240,1.2,7610,326.8,0,False,True,3
QBR-FH 2610-68,Перехідна рамка QIV QBR-FH 2610-68 Mazda 3 (Alexa) 2010-2013,4,6598.0,7390,7390,0.12,-94.8,-94.8,7500,2.0,7880,336.4,0,False,True,2
QBR-FH 3301-68,Перехідна рамка QIV QBR-FH 3301-68 для Mitsubishi Lancer 10 ,4,6598.0,7390,7390,0.12,-94.8,-94.8,7500,2.0,7880,336.4,0,False,True,4
QBR-FH 6101-68,Перехідна рамка QIV QBR-FH 6101-68 SsangYong Rexton Y250 II ,4,6370.0,7140,7140,0.12,-86.8,-86.8,7240,1.2,7610,326.8,0,False,True,2
QBR-FH 8004-02,"Перехідна рамка QIV QBR-FH 8004-02 Lexus RX300 (RX330, RX350",4,10010.0,10720,10720,0.07,-40.4,-40.4,10770,6.1,11310,508.3,0,False,True,2
QBR-KH 0503-39,Інсталяційний комплект QIV QBR-KH 0503-39 під Nissan Teana J,4,9100.0,10200,10200,0.07,386.0,386.0,9790,-484.8,10280,460.4,0,False,True,2
QBR-KH 1109-49,Інсталяційний комплект QIV QBR-KH 1109-49 Ford Escape 3 (Kug,4,8645.0,9690,9690,0.12,-117.8,-117.8,9830,5.4,9770,-47.4,0,False,True,2
QBR-KH 3214-12,Інсталяційний комплект QIV QBR-KH 3214-12 під Audi Q5L 2018-,4,6598.0,7390,7390,0.12,-94.8,-94.8,7500,2.0,7880,336.4,0,False,True,1
QBR-KH 3216-12,Інсталяційний комплект QIV QBR-KH 3216-12 під Audi A6L 2012-,4,6825.0,7650,7650,0.12,-93.0,-93.0,7760,3.8,8150,347.0,0,False,True,1
QBR-KH 3217-12,Інсталяційний комплект QIV QBR-KH 3217-12 під Audi A6L 2016-,4,6825.0,7650,7650,0.12,-93.0,-93.0,7760,3.8,8150,347.0,0,False,True,1
QBR-KH 3823-39,Інсталяційний комплект QIV QBR-KH 3823-39 BMW E46 1998-2004 ,4,7280.0,8160,8160,0.12,-99.2,-99.2,8280,6.4,8690,367.2,0,False,True,4
QBR-KH 8001-42,Інсталяційний комплект QIV QBR-KH 8001-42 під Lexus ES 2012-,4,9100.0,10200,10200,0.07,386.0,386.0,9790,-484.8,10280,460.4,0,False,True,1
QBR-KH 8006-39,Інсталяційний комплект QIV QBR-KH 8006-39 під Lexus LS430 (C,4,10920.0,11690,11690,0.07,-48.3,-48.3,11750,7.5,12330,546.9,0,False,True,1
QBR-KH 8006-82,Інсталяційний комплект QIV QBR-KH 8006-82 Lexus IS 2006-2013,4,10010.0,10720,10720,0.07,-40.4,-40.4,10770,6.1,11310,508.3,0,False,True,1
QBR-FH 2305-68,Перехідна рамка QIV QBR-FH 2305-68 Jeep Grand Cherokee 2008-,4,6143.0,6890,6890,0.12,-79.8,-79.8,6990,8.2,7330,307.4,0,False,True,2
QBR-FH 2306-68,Перехідна рамка QIV QBR-FH 2306-68 Jeep Grand Cherokee 2014-,4,6143.0,6890,6890,0.12,-79.8,-79.8,6990,8.2,7330,307.4,0,False,True,2
QBR-K 9005-83,Інсталяційний комплект QBR-K 9005-83 під Toyota Land Cruiser,4,6143.0,6890,6890,0.12,-79.8,-79.8,6990,8.2,7330,307.4,0,False,True,5
Q64575,Інсталяційний комплект під BMW 1 E88 E82 E81 E87 2004-2011 (,4,7690.0,8620,8620,0.12,-104.4,-104.4,8740,1.2,9180,388.4,0,False,True,1
Q64576,Інсталяційний комплект під BMW 1 E88 E82 E81 E87 2004-2011 (,4,7690.0,8620,8620,0.12,-104.4,-104.4,8740,1.2,9180,388.4,0,False,True,1
Q64603,Інсталяційний комплект під Mercedes Benz C-Class W203 CL203 ,4,7735.0,8670,8670,0.12,-105.4,-105.4,8790,0.2,9230,387.4,0,False,True,1
Q64604,Інсталяційний комплект під Mercedes Benz C/CLK Class S203 W2,4,7735.0,8670,8670,0.12,-105.4,-105.4,8790,0.2,9230,387.4,0,False,True,2
Q64605,Інсталяційний комплект під Mercedes Benz C/CLK Class S203 W2,4,7781.0,8720,8720,0.12,-107.4,-107.4,8850,7.0,9290,394.2,0,False,True,5
Q64606,Інсталяційний комплект під Mercedes Benz CLK Class C209 A209,4,8008.0,8970,8970,0.12,-114.4,-114.4,9100,0.0,9560,404.8,0,False,True,5
Q64608,Інсталяційний комплект під Mercedes Benz E-Class S211 W211 C,4,8327.0,9330,9330,0.12,-116.6,-116.6,9470,6.6,9940,420.2,0,False,True,7
Q64609,Інсталяційний комплект під Mercedes Benz ML GL ML350 GL320 X,4,7690.0,8620,8620,0.12,-104.4,-104.4,8740,1.2,9180,388.4,0,False,True,1
Q64610,Інсталяційний комплект під Mercedes Benz R-Class W251 R280 R,4,7690.0,8620,8620,0.12,-104.4,-104.4,8740,1.2,9180,388.4,0,False,True,1
Q64611,Інсталяційний комплект під Mercedes Benz S-Class W220 VV220 ,4,7826.0,8770,8770,0.12,-108.4,-108.4,8900,6.0,9340,393.2,0,False,True,5
Q64614,Інсталяційний комплект під Mercedes-Benz M-Class M Class W16,4,6052.0,6780,6780,0.12,-85.6,-85.6,6880,2.4,7230,310.4,0,False,True,4
Q64615,Інсталяційний комплект під Mercedes-Benz ML 320 350 W163 200,4,8145.0,9130,9130,0.12,-110.6,-110.6,9260,3.8,9720,408.6,0,False,True,1
Q64616,Інсталяційний комплект під Mercedes-Benz ML 320 350 W163 200,4,8145.0,9130,9130,0.12,-110.6,-110.6,9260,3.8,9720,408.6,0,False,True,1
Q64619,Інсталяційний комплект під Porsche Cayenne I 1 9PA 2002-2010,4,8054.0,9030,9030,0.12,-107.6,-107.6,9160,6.8,9610,402.8,0,False,True,1
Q64621,Інсталяційний комплект під Volkswagen Touareg FL NF 2010-201,4,7917.0,8870,8870,0.12,-111.4,-111.4,9000,3.0,9450,399.0,0,False,True,1
Q64626,Інсталяційний комплект під Audi A4 A5 B8 2007-2015 (F1) (W1),4,6097.0,6830,6830,0.12,-86.6,-86.6,6930,1.4,7280,309.4,0,False,True,6
Q64627,Інсталяційний комплект під Audi A4 A5 B8 2007-2015 (F1) (W2),4,6097.0,6830,6830,0.12,-86.6,-86.6,6930,1.4,7280,309.4,0,False,True,6
Q64628,Інсталяційний комплект під Audi Q5 2010-2018 (F3) (W1) 10 дю,4,6143.0,6890,6890,0.12,-79.8,-79.8,6990,8.2,7330,307.4,0,False,True,1
Q64629,Інсталяційний комплект під Audi Q5 2010-2018 (F3) (W2) 10 дю,4,6143.0,6890,6890,0.12,-79.8,-79.8,6990,8.2,7330,307.4,0,False,True,1
Q64687,Інсталяційний комплект під Honda Accord 9 CR 2012-2018 (W2) ,4,6461.0,7240,7240,0.12,-89.8,-89.8,7350,7.0,7710,323.8,0,False,True,5
Q64688,Інсталяційний комплект під Honda Accord 9 CR 2012-2018 (W3) ,4,6143.0,6890,6890,0.12,-79.8,-79.8,6990,8.2,7330,307.4,0,False,True,10
Q64690,Інсталяційний комплект під Honda Accord 9 CR 2012-2018 (W5) ,4,7462.0,8360,8360,0.12,-105.2,-105.2,8480,0.4,8910,378.8,0,False,True,5
Q64691,Інсталяційний комплект під Honda Accord 9 CR 2012-2018 (W6) ,4,6143.0,6890,6890,0.12,-79.8,-79.8,6990,8.2,7330,307.4,0,False,True,15
Q64748,Інсталяційний комплект під Lexus RX300 2019+ 10 дюймів,4,7326.0,8210,8210,0.12,-101.2,-101.2,8330,4.4,8750,374.0,0,False,True,5
Q64901,Інсталяційний комплект під Audi Q5 2010-2018 (F1) (W1) 9 дюй,4,6097.0,6830,6830,0.12,-86.6,-86.6,6930,1.4,7280,309.4,0,False,True,3
Q64902,Інсталяційний комплект під Audi Q5 2010-2018 (F1) (W2) 9 дюй,4,6097.0,6830,6830,0.12,-86.6,-86.6,6930,1.4,7280,309.4,0,False,True,3
Q64921,Інсталяційний комплект під BMW X5/X6 2007-2017 (W1) 9 дюймів,4,6006.0,6730,6730,0.12,-83.6,-83.6,6830,4.4,7170,303.6,0,False,True,6
Q64922,Інсталяційний комплект під BMW X5/X6 2007-2017 (W2) 9 дюймів,4,6006.0,6730,6730,0.12,-83.6,-83.6,6830,4.4,7170,303.6,0,False,True,4
Q65148,Інсталяційний комплект під Lexus ES 2012-2018 9 дюймів,4,9282.0,10400,10400,0.07,390.0,390.0,9990,-490.8,10480,464.4,0,False,True,3
Q65154,Інсталяційний комплект під Lexus NX200 Z10 NX 200 2014-2020 ,4,8827.0,9890,9890,0.12,-123.8,-123.8,9500,-467.0,9970,-53.4,0,False,True,3
Q65155,Інсталяційний комплект під Lexus NX200 Z10 NX 200 2014-2020 ,4,8827.0,9890,9890,0.12,-123.8,-123.8,9500,-467.0,9970,-53.4,0,False,True,3
Q65156,Інсталяційний комплект під Lexus RX270 RX350 RX450h AL10 3 2,4,7599.0,8520,8520,0.12,-101.4,-101.4,8640,4.2,9070,382.6,0,False,True,4
Q65157,Інсталяційний комплект під Lexus RX270 RX350 RX450h AL10 3 2,4,9282.0,10400,10400,0.07,390.0,390.0,9990,-490.8,10480,464.4,0,False,True,3
Q65197,Інсталяційний комплект під Mercedes-Benz C-Class 3 W204 C204,4,6416.0,7190,7190,0.12,-88.8,-88.8,7300,8.0,7660,324.8,0,False,True,1
Q68400,Інсталяційний комплект під Toyota Reiz 2011+ Mark X 2009-201,4,8190.0,9180,9180,0.12,-111.6,-111.6,9310,2.8,9780,416.4,0,False,True,2
Q68413,Інсталяційний комплект під BMW 1 E88 E82 E81 E87 2004-2011 (,4,7690.0,8620,8620,0.12,-104.4,-104.4,8740,1.2,9180,388.4,0,False,True,1
Q68414,Інсталяційний комплект під BMW 3 E90 E91 E92 E93 2005-2013 (,4,7599.0,8520,8520,0.12,-101.4,-101.4,8640,4.2,9070,382.6,0,False,True,1
Q68439,Інсталяційний комплект під Mercedes Benz A-Class W169 2004-2,4,7644.0,8570,8570,0.12,-102.4,-102.4,8690,3.2,9130,390.4,0,False,True,1
Q68441,Інсталяційний комплект під Mercedes-Benz ML 320 350 W163 200,4,8236.0,9230,9230,0.12,-113.6,-113.6,9360,0.8,9830,414.4,0,False,True,1
Q68540,Інсталяційний комплект під Renault Latitude 1 2010-2015 10 д,4,7690.0,8620,8620,0.12,-104.4,-104.4,8740,1.2,9180,388.4,0,False,True,1
Q68666,Інсталяційний комплект під Audi A4 A5 B8 2007-2015 (F3) (W1),4,6188.0,6940,6940,0.12,-80.8,-80.8,7040,7.2,7390,315.2,0,False,True,6
Q68667,Інсталяційний комплект під Audi A4 A5 B8 2007-2015 (F3) (W2),4,6188.0,6940,6940,0.12,-80.8,-80.8,7040,7.2,7390,315.2,0,False,True,10
Q68672,Інсталяційний комплект під Audi Q5 2010-2018 (F4) (W1) 12.3 ,4,6143.0,6890,6890,0.12,-79.8,-79.8,6990,8.2,7330,307.4,0,False,True,4
Q68673,Інсталяційний комплект під Audi Q5 2010-2018 (F4) (W2) 12.3 ,4,6143.0,6890,6890,0.12,-79.8,-79.8,6990,8.2,7330,307.4,0,False,True,4
Q68730,Інсталяційний комплект під Lexus RX270 RX350 RX450h AL10 3 2,4,8827.0,9890,9890,0.12,-123.8,-123.8,9500,-467.0,9970,-53.4,0,False,True,1
Q68731,Інсталяційний комплект під Lexus RX270 RX350 RX450h AL10 3 2,4,7144.0,8010,8010,0.12,-95.2,-95.2,8120,1.6,8530,362.4,0,False,True,1
Q68748,Інсталяційний комплект під Mercedes Benz ML/GL-Class 2012-20,4,8372.0,9380,9380,0.12,-117.6,-117.6,9520,5.6,9990,419.2,0,False,True,4
Q68751,Інсталяційний комплект під Mersedes-Benz GLE/GLS-Class 2015-,4,6871.0,7700,7700,0.12,-95.0,-95.0,7810,1.8,8200,345.0,0,False,True,2
Q68935,Інсталяційний комплект під Mercedes Benz ML/GL-Class 2012-20,4,9373.0,10500,10500,0.07,392.0,392.0,10080,1.4,10590,475.7,0,False,True,4
QBR-F 1163-18,Перехідна рамка QBR-F 1163-18 для Ford Taurus 2011-2016 9 дю,4,10920.0,11690,11690,0.07,-48.3,-48.3,11750,7.5,12330,546.9,0,False,True,2
QBR-FH 3910-01,Перехідна рамка QBR-FH 3910-01 Mercedes Benz ML/GL-Class 201,4,6143.0,6890,6890,0.12,-79.8,-79.8,6990,8.2,7330,307.4,0,False,True,11
QBR-K 0534-39,Інсталяційний комплект QBR-K 0534-39 під Infiniti FX35 FX37 ,4,6825.0,7650,7650,0.12,-93.0,-93.0,7760,3.8,8150,347.0,0,False,True,2
QBR-K 0535-39,Інсталяційний комплект QBR-K 0535-39 під Infiniti G4 G25 G35,4,6370.0,7140,7140,0.12,-86.8,-86.8,7240,1.2,7610,326.8,0,False,True,1
QBR-K 0549-39,Інсталяційний комплект QBR-K 0549-39 під Infiniti QX60 2020+,4,7053.0,7900,7900,0.12,-101.0,-101.0,8020,4.6,8420,356.6,0,False,True,3
QBR-K 0553-39,Інсталяційний комплект QBR-K 0553-39 під Infiniti QX50 2013-,4,7053.0,7900,7900,0.12,-101.0,-101.0,8020,4.6,8420,356.6,0,False,True,1
QBR-K 0610-65,Інсталяційний комплект QBR-K 0610-65 під Nissan Pathfinder A,4,11375.0,12180,12180,0.07,-47.6,-47.6,12240,8.2,12850,575.5,0,False,True,1
QBR-K 0611-65,Інсталяційний комплект QBR-K 0611-65 під Nissan Pathfinder B,4,11375.0,12180,12180,0.07,-47.6,-47.6,12240,8.2,12850,575.5,0,False,True,1
QBR-K 0612-65,Інсталяційний комплект QBR-K 0612-65 під Nissan Pathfinder C,4,11375.0,12180,12180,0.07,-47.6,-47.6,12240,8.2,12850,575.5,0,False,True,1
QBR-K 0628-65,"Інсталяційний комплект QBR-K 0628-65 під Nissan Patrol, 2012",4,11830.0,12660,12660,0.07,-56.2,-56.2,12730,8.9,13360,594.8,0,False,True,1
QBR-K 0629-65,"Інсталяційний комплект QBR-K 0629-65 під Nissan Patrol, 2012",4,11830.0,12660,12660,0.07,-56.2,-56.2,12730,8.9,13360,594.8,0,False,True,1
QBR-K 0630-65,"Інсталяційний комплект QBR-K 0630-65 під Nissan Patrol, 2012",4,11830.0,12660,12660,0.07,-56.2,-56.2,12730,8.9,13360,594.8,0,False,True,2
QBR-K 1137-XP,Інсталяційний комплект QBR-K 1137-XP під Ford Expedition 201,4,17745.0,18990,18990,0.07,-84.3,-84.3,19090,8.7,19620,501.6,0,False,True,1
QBR-K 1138-XP,Інсталяційний комплект QBR-K 1138-XP під Ford F150 2015-2021,4,18200.0,19480,19480,0.07,-83.6,-83.6,19570,0.1,20120,914.0,0,False,True,1
QBR-K 3823-39,Інсталяційний комплект QBRK 3823-39 під BMW Mini Cooper R50 ,4,6962.0,7800,7800,0.12,-98.0,-98.0,7920,7.6,8310,350.8,0,False,True,1
QBR-K 7015-56,Інсталяційний комплект QBR-K 7015-56 під Lexus LS460 LS600 2,4,9328.0,10450,10450,0.07,390.5,390.5,10040,9.2,10540,474.2,0,False,True,2
QBR-K 8000-67,Інсталяційний комплект QBR-K 8000-67 під Lexus LX 470 LC100 ,4,9100.0,10200,10200,0.07,386.0,386.0,9790,-484.8,10280,460.4,0,False,True,1
QBR-K 8000-75,Інсталяційний комплект QBRK 8000-75 під Lexus LX470 1998-200,4,6234.0,6990,6990,0.12,-82.8,-82.8,7090,5.2,7440,313.2,0,False,True,2
QBR-K 8010-75,"Інсталяційний комплект QBRK 8010-75 під Lexus RX300, RX330, ",4,6006.0,6730,6730,0.12,-83.6,-83.6,6830,4.4,7170,303.6,0,False,True,1
QBR-K 8012-67,Перехідна рамка QBR-K 8012-67 для Lexus LX570 2007-2010 (K) ,4,10465.0,11200,11200,0.07,-49.0,-49.0,11260,6.8,11820,527.6,0,False,True,1
QBR-K 8015-82,Інсталяційний комплект QBR-K 8015-82 під Lexus IS250 XE20 20,4,9100.0,10200,10200,0.07,386.0,386.0,9790,-484.8,10280,460.4,0,False,True,2
QBR-K 8021-39,Інсталяційний комплект QBRK 8021-39 під Lexus CT CT200 CT200,4,7963.0,8920,8920,0.12,-113.4,-113.4,9050,1.0,9510,405.8,0,False,True,1
QBR-K 8023-39,Інсталяційний комплект QBR-K 8023-39 під Lexus GX 2010-2013 ,4,6825.0,7650,7650,0.12,-93.0,-93.0,7760,3.8,8150,347.0,0,False,True,2
QBR-K 8024-39,Інсталяційний комплект QBR-K 8024-39 під Lexus GX 2014-2015 ,4,15015.0,16070,16070,0.07,-69.9,-69.9,16150,4.5,16960,757.8,0,False,True,1
QBR-K 9044-30,Інсталяційний комплект QBR-K 9044-30 під Toyota Camry 8 XV 7,4,6370.0,7140,7140,0.12,-86.8,-86.8,7240,1.2,7610,326.8,0,False,True,1
QBR-KH 0410-83,Інсталяційний комплект QIV QBR-KH 0410-83 Toyota Land Cruise,4,6825.0,7650,7650,0.12,-93.0,-93.0,7760,3.8,8150,347.0,0,False,True,1
QBR-KH 0411-83,Інсталяційний комплект QIV QBR-KH 0411-83 Toyota Land Cruise,4,6825.0,7650,7650,0.12,-93.0,-93.0,7760,3.8,8150,347.0,0,False,True,1
Q65330,Інсталяційний комплект під Toyota Crown S210 2012-2018 (W2) ,4,8691.0,9740,9740,0.12,-119.8,-119.8,9880,3.4,9820,-49.4,0,False,True,3
QIV-Q5-103 Audi,Автомагнітола Q5 Audi 10.33 дюйми 2K 6/128 (10.33 дюйми 2K Q,2,28665.0,30100,30100,0.05,-70.0,-70.0,30180,6.0,31690,1440.5,0,False,True,1
QIV-Q2-7-BMW_E39,Автомагнітола QIV Q2 BMW E39 7 дюймів 4/64 (7 дюймів QLED 8c,2,13650.0,14610,14610,0.07,-62.7,-62.7,14680,2.4,15420,690.6,0,False,True,1
QIV-Q2-7-BMW_E53,Автомагнітола QIV Q2 BMW E53 7 дюймів 4/64 (7 дюймів QLED 8c,2,13650.0,14610,14610,0.07,-62.7,-62.7,14680,2.4,15420,690.6,0,False,True,2
10-2KM300S-360,"Автомагнітола M300S 2K 10"" 4/32 360 View (10"" 2K Qled 8core ",2,14333.0,15340,15340,0.07,-66.8,-66.8,15420,7.6,16190,723.7,0,False,True,1
10M300S-FT-0Din,"Автомагнітола M300S 10"" 4/32 - 0 Din (10"" 8core 7862 4/32 4G",2,12740.0,13640,13640,0.07,-54.8,-54.8,13700,1.0,14390,642.7,0,False,True,1
9M300S-FT-0Din,"Автомагнітола M300S 9"" 4/32 - 0 Din (9"" 8core 7862 4/32 4G C",2,12740.0,13640,13640,0.07,-54.8,-54.8,13700,1.0,14390,642.7,0,False,True,2
M7Plus-10,"Автомагнітола M7 2K Plus 10"" 6/128 (10"" 2K Qled 8core 7870 6",2,18109.0,19380,19380,0.07,-85.6,-85.6,19480,7.4,20020,910.0,0,False,True,1
10M700S,"Автомагнітола M700S 10"" 8/128 (10"" 8core 7862 8/128 4G CarPl",2,17973.0,19240,19240,0.07,-79.8,-79.8,19330,3.9,19870,506.1,0,False,True,1
FD7S-M200S,"Автомагнітола M200S Ford 2/32 (7"" 8core 9863 2/32 4G CarPlay",2,11148.0,11930,11930,0.07,-53.1,-53.1,11990,2.7,12590,560.7,0,False,True,1
FH10464_360,Автомагнітола FH10464_360 10.33 дюймів 4/64 (10.33 дюймів QL,2,15015.0,16070,16070,0.07,-69.9,-69.9,16150,4.5,16960,757.8,0,False,True,4
FH12664_360,Автомагнітола FH12664_360 12.3 дюймів 6/64 (12.3 дюймів QLED,2,17745.0,18990,18990,0.07,-84.3,-84.3,19090,8.7,19620,501.6,0,False,True,2
M6P10 4/64,"Автомагнітола M6 Pro 4/64 (10"" Qled 8core 7862S FYT 4/64 4G ",2,17745.0,18990,18990,0.07,-84.3,-84.3,19090,8.7,19620,501.6,0,False,True,1
NA_H21,Автомагнітола FH12664 12.3 дюймів 6/64 (12.3 дюймів QLED 8co,2,16835.0,18020,18020,0.07,-76.4,-76.4,18110,7.3,19010,844.3,0,False,True,2
Q45154,Штатна магнітола Q1 під Audi A6L 2005-2011 (K) 9 дюймів,2,10829.0,11590,11590,0.07,-50.3,-50.3,11650,5.5,12230,544.9,0,False,True,1
Q45157,Штатна магнітола Q1 під BMW Mini (F2) 2010-2016 (K) 9 дюймів,2,10192.0,10910,10910,0.07,-45.7,-45.7,10960,0.8,11510,512.3,0,False,True,1
Q45159,Штатна магнітола Q1 під BMW Mini Cooper R50 R52 R53 R56 R60 ,2,12422.0,13300,13300,0.07,-53.0,-53.0,13360,2.8,14030,625.9,0,False,True,1
Q45160,Штатна магнітола Q1 під BMW X5 (E70) 2006-2013; X6 (E71) 200,2,10147.0,10860,10860,0.07,-47.2,-47.2,10920,8.6,11460,510.8,0,False,True,1
Q45161,Штатна магнітола Q1 під BMW X5 (E70) 2006-2013; X6 (E71) 200,2,10192.0,10910,10910,0.07,-45.7,-45.7,10960,0.8,11510,512.3,0,False,True,1
Q45162,Штатна магнітола Q1 під Buick Lacrosse 2013-2015 (K) 9 дюймі,2,9146.0,10250,10250,0.07,386.5,386.5,9840,-486.8,10330,460.9,0,False,True,1
Q45164,Штатна магнітола Q1 під Cadillac SRX 2010-2011 (K1) 9 дюймів,2,10420.0,11150,11150,0.07,-50.5,-50.5,11210,5.3,11770,526.1,0,False,True,1
Q45165,Штатна магнітола Q1 під Cadillac SRX 2010-2011 (K2) 9 дюймів,2,10420.0,11150,11150,0.07,-50.5,-50.5,11210,5.3,11770,526.1,0,False,True,1
Q45166,Штатна магнітола Q1 під Cadillac SRX/ATS/SLS 2007-2015 (K) 9,2,9100.0,10200,10200,0.07,386.0,386.0,9790,-484.8,10280,460.4,0,False,True,1
Q45167,Штатна магнітола Q1 під Chevrolet Malibu 8 2012-2015 (K) 9 д,2,8645.0,9690,9690,0.12,-117.8,-117.8,9830,5.4,9770,-47.4,0,False,True,1
Q45168,Штатна магнітола Q1 під Chevrolet Malibu 9 2015-2020 (K) 9 д,2,8691.0,9740,9740,0.12,-119.8,-119.8,9880,3.4,9820,-49.4,0,False,True,1
Q45169,Штатна магнітола Q1 під Dodge Journey JC 2011-2020 (Fiat Fre,2,9100.0,10200,10200,0.07,386.0,386.0,9790,-484.8,10280,460.4,0,False,True,1
Q45170,Штатна магнітола Q1 під Dodge Ram 2013-2019 (K1) WOOD 9 дюйм,2,10693.0,11450,11450,0.07,-44.5,-44.5,11500,2.0,12080,541.4,0,False,True,1
Q45171,Штатна магнітола Q1 під Ford Edge 2011-2015 (K) 9 дюймів,2,9601.0,10760,10760,0.07,405.8,405.8,10330,5.9,10840,480.2,0,False,True,1
Q45172,Штатна магнітола Q1 під Ford Focus 3 Mk 3 2011-2019 (K1) 9 д,2,8145.0,9130,9130,0.12,-110.6,-110.6,9260,3.8,9720,408.6,0,False,True,1
Q45173,Штатна магнітола Q1 під Ford Focus 3 Mk 3 2011-2019 (K2) 9 д,2,8281.0,9280,9280,0.12,-114.6,-114.6,9420,8.6,9890,422.2,0,False,True,1
Q45174,Штатна магнітола Q1 під Ford Kuga 2 Escape 3 2012 - 2019 (K1,2,9191.0,10300,10300,0.07,388.0,388.0,9890,-487.8,10380,462.4,0,False,True,1
Q45176,Штатна магнітола Q1 під Ford Mondeo 4 2011-2014 9 дюймів,2,9055.0,10150,10150,0.07,384.5,384.5,9740,-483.8,10230,458.9,0,False,True,1
Q45177,Штатна магнітола Q1 під Ford Mondeo 5 2014-2019 (K) 9 дюймів,2,9055.0,10150,10150,0.07,384.5,384.5,9740,-483.8,10230,458.9,0,False,True,1
Q45178,Штатна магнітола Q1 під Great Wall C30 2015+ (K) 9 дюймів,2,9055.0,10150,10150,0.07,384.5,384.5,9740,-483.8,10230,458.9,0,False,True,1
Q45179,Штатна магнітола Q1 під Haval H7 2016-2021 (K) 9 дюймів,2,9100.0,10200,10200,0.07,386.0,386.0,9790,-484.8,10280,460.4,0,False,True,1
Q45180,Штатна магнітола Q1 під Honda Accord 2018+ (K) 9 дюймів,2,8600.0,9640,9640,0.12,-116.8,-116.8,9780,6.4,9710,-55.2,0,False,True,1
Q45181,Штатна магнітола Q1 під Infiniti FX (S51) 2008-2013; QX70 20,2,10374.0,11110,11110,0.07,-41.7,-41.7,11160,4.8,11720,525.6,0,False,True,1
Q45182,Штатна магнітола Q1 під Infiniti G4 G25 G35 G37 2006-2013 Q4,2,9965.0,11170,11170,0.07,423.1,423.1,10720,4.6,11260,506.8,0,False,True,1
Q45184,Штатна магнітола Q1 під Infiniti QX60 1 2014-2016 (K2) 9 дюй,2,10784.0,11540,11540,0.07,-51.8,-51.8,11600,4.0,12180,543.4,0,False,True,1
Q45187,Штатна магнітола Q1 під Lexus CT CT200 CT200h 2010-2018 (K1),2,8782.0,9840,9840,0.12,-122.8,-122.8,9980,0.4,9920,-52.4,0,False,True,1
Q45189,Штатна магнітола Q1 під Lexus ES350 5 V XV40 2006-2012 (K) 9,2,8873.0,9940,9940,0.12,-125.8,-125.8,9550,-469.0,10020,445.6,0,False,True,1
Q45190,Штатна магнітола Q1 під Lexus GS300 IS 1998-2004 (K) 9 дюймі,2,10784.0,11540,11540,0.07,-51.8,-51.8,11600,4.0,12180,543.4,0,False,True,1
Q45191,Штатна магнітола Q1 під Lexus IS200 XE10 1999-2005 For Toyot,2,10693.0,11450,11450,0.07,-44.5,-44.5,11500,2.0,12080,541.4,0,False,True,1
Q45192,Штатна магнітола Q1 під Lexus LS460 LS600 2006-2010 (K) 9 дю,2,12103.0,12960,12960,0.07,-50.2,-50.2,13020,5.6,13670,610.1,0,False,True,1
Q45193,"Штатна магнітола Q1 під Lexus LX470 1998-2002, Toyota LC100 ",2,11694.0,12520,12520,0.07,-50.4,-50.4,12580,5.4,13210,591.3,0,False,True,1
Q45194,Штатна магнітола Q1 під Lexus RX270 RX350 RX450h AL10 3 2008,2,9874.0,11060,11060,0.07,411.8,411.8,10620,2.6,11150,495.5,0,False,True,1
Q45195,"Штатна магнітола Q1 під Lexus RX300, RX330, RX350, RX400H, T",2,11466.0,12270,12270,0.07,-54.9,-54.9,12330,0.9,12950,577.5,0,False,True,1
Q45196,Штатна магнітола Q1 під Mazda 3 Mazda3 Axela BM 2013-2017 (K,2,8008.0,8970,8970,0.12,-114.4,-114.4,9100,0.0,9560,404.8,0,False,True,1
Q45197,Штатна магнітола Q1 під Mazda 3 Mazda3 Axela BM 2014-2019 (K,2,8008.0,8970,8970,0.12,-114.4,-114.4,9100,0.0,9560,404.8,0,False,True,1
Q45198,Штатна магнітола Q1 під Mazda 6 3 GJ GL 2015-2018 (K) 9 дюйм,2,8645.0,9690,9690,0.12,-117.8,-117.8,9830,5.4,9770,-47.4,0,False,True,1
Q45199,Штатна магнітола Q1 під Mazda 6 2018+ (K) 9 дюймів,2,8372.0,9380,9380,0.12,-117.6,-117.6,9520,5.6,9990,419.2,0,False,True,1
Q45201,Штатна магнітола Q1 під Mazda 6 GG Atenza 2004-2015 (K2) 9 д,2,8099.0,9080,9080,0.12,-108.6,-108.6,9210,5.8,9670,410.6,0,False,True,1
Q45202,Штатна магнітола Q1 під Mazda CX5 CX-5 CX 5 1 KE 2012-2015 (,2,8418.0,9430,9430,0.12,-119.6,-119.6,9570,3.6,9510,-49.2,0,False,True,1
Q45203,Штатна магнітола Q1 під Mazda CX5 CX-5 CX 5 1 KE 2012-2015 (,2,8645.0,9690,9690,0.12,-117.8,-117.8,9830,5.4,9770,-47.4,0,False,True,1
Q45204,Штатна магнітола Q1 під Mercedes Benz S Class W221 2009 - 20,2,10784.0,11540,11540,0.07,-51.8,-51.8,11600,4.0,12180,543.4,0,False,True,1
Q45205,Штатна магнітола Q1 під Mercedes Benz S Class W221 2009 - 20,2,10784.0,11540,11540,0.07,-51.8,-51.8,11600,4.0,12180,543.4,0,False,True,1
Q45207,Штатна магнітола Q1 під Mitsubishi Lancer 10 CY 2007-2012 Ga,2,8190.0,9180,9180,0.12,-111.6,-111.6,9310,2.8,9780,416.4,0,False,True,1
Q45209,Штатна магнітола Q1 під Opel Astra H (F1) 2006-2014 (K) 9 дю,2,9419.0,10550,10550,0.07,392.5,392.5,10130,1.9,10640,476.2,0,False,True,1
Q45210,Штатна магнітола Q1 під Opel Vectra 3 C 2002-2008 (K) 9 дюйм,2,8964.0,10040,10040,0.07,373.2,373.2,9640,-480.8,10130,456.9,0,False,True,1
Q45211,Штатна магнітола Q1 під Opel Zafira B 2005-2014 For Opel Ast,2,9191.0,10300,10300,0.07,388.0,388.0,9890,-487.8,10380,462.4,0,False,True,1
Q45214,Штатна магнітола Q1 під Volkswagen Touareg GP 2002-2010 (K) ,2,9874.0,11060,11060,0.07,411.8,411.8,10620,2.6,11150,495.5,0,False,True,1
Q45215,Штатна магнітола Q1 під BMW 1 E88 E82 E81 E87 2004-2011 (F2),2,12103.0,12960,12960,0.07,-50.2,-50.2,13020,5.6,13670,610.1,0,False,True,1
Q45216,Штатна магнітола Q1 під BMW 1 E88 E82 E81 E87 2004-2011 (F3),2,12103.0,12960,12960,0.07,-50.2,-50.2,13020,5.6,13670,610.1,0,False,True,1
Q45217,Штатна магнітола Q1 під BMW 3-Series 3 Series E46 1998-2006 ,2,8691.0,9740,9740,0.12,-119.8,-119.8,9880,3.4,9820,-49.4,0,False,True,1
Q45218,Штатна магнітола Q1 під BMW 3-Series 3 Series E46 1998-2006 ,2,8554.0,9590,9590,0.12,-114.8,-114.8,9730,8.4,9660,-53.2,0,False,True,1
Q45219,Штатна магнітола Q1 під BMW X5 E39 E53 1999 - 2006 (W2) 9 дю,2,8736.0,9790,9790,0.12,-120.8,-120.8,9930,2.4,9870,-50.4,0,False,True,1
Q45220,Штатна магнітола Q1 під BMW X5 E39 E53 1999 - 2006 (W4) 9 дю,2,8600.0,9640,9640,0.12,-116.8,-116.8,9780,6.4,9710,-55.2,0,False,True,1
Q45221,Штатна магнітола Q1 під Buick Enclave 2007-2012 (W2) 9 дюймі,2,8554.0,9590,9590,0.12,-114.8,-114.8,9730,8.4,9660,-53.2,0,False,True,1
Q45222,Штатна магнітола Q1 під Chevrolet Cobalt 2 2011 - 2018 (W3) ,2,8554.0,9590,9590,0.12,-114.8,-114.8,9730,8.4,9660,-53.2,0,False,True,1
Q45223,Штатна магнітола Q1 під Chevrolet Cobalt 2 2011 - 2018 (W4) ,2,8691.0,9740,9740,0.12,-119.8,-119.8,9880,3.4,9820,-49.4,0,False,True,1
Q45224,Штатна магнітола Q1 під Chevrolet Colorado 2015-2022 GMC Can,2,8145.0,9130,9130,0.12,-110.6,-110.6,9260,3.8,9720,408.6,0,False,True,1
Q45225,Штатна магнітола Q1 під Chevrolet Cruze J300 J308 2012-2015 ,2,8554.0,9590,9590,0.12,-114.8,-114.8,9730,8.4,9660,-53.2,0,False,True,1
Q45226,Штатна магнітола Q1 під Chevrolet Malibu 9 2015-2020 (F1) (W,2,7826.0,8770,8770,0.12,-108.4,-108.4,8900,6.0,9340,393.2,0,False,True,1
Q45227,Штатна магнітола Q1 під Chevrolet Malibu 9 2015-2020 (F3) (W,2,8372.0,9380,9380,0.12,-117.6,-117.6,9520,5.6,9990,419.2,0,False,True,1
Q45228,Штатна магнітола Q1 під Chevrolet Menlo 2019+ (F1) 9 дюймів,2,8281.0,9280,9280,0.12,-114.6,-114.6,9420,8.6,9890,422.2,0,False,True,1
Q45230,Штатна магнітола Q1 під Fiat 500X 2014-2020 9 дюймів,2,8236.0,9230,9230,0.12,-113.6,-113.6,9360,0.8,9830,414.4,0,False,True,1
Q45231,Штатна магнітола Q1 під Ford Focus 2011-2019 (F1) (W2) 9 дюй,2,8099.0,9080,9080,0.12,-108.6,-108.6,9210,5.8,9670,410.6,0,False,True,1
Q45232,Штатна магнітола Q1 під Ford Mondeo 5 2014-2019 (W2) 9 дюймі,2,7917.0,8870,8870,0.12,-111.4,-111.4,9000,3.0,9450,399.0,0,False,True,1
Q45233,Штатна магнітола Q1 під Ford Transit Custom V363 2017-2023 1,2,8281.0,9280,9280,0.12,-114.6,-114.6,9420,8.6,9890,422.2,0,False,True,1
Q45234,Штатна магнітола Q1 під Honda Spirior 2014-2018 9 дюймів,2,8782.0,9840,9840,0.12,-122.8,-122.8,9980,0.4,9920,-52.4,0,False,True,1
Q45235,Штатна магнітола Q1 під Hummer H2 2003-2007 9 дюймів,2,9009.0,10100,10100,0.07,384.0,384.0,9690,-481.8,10180,458.4,0,False,True,1
Q45236,Штатна магнітола Q1 під Hummer H2 E85 2007-2009 9 дюймів,2,8691.0,9740,9740,0.12,-119.8,-119.8,9880,3.4,9820,-49.4,0,False,True,1
Q45238,Штатна магнітола Q1 під Hyundai Elantra VII CN7 2020-2021 (W,2,8736.0,9790,9790,0.12,-120.8,-120.8,9930,2.4,9870,-50.4,0,False,True,1
Q45239,Штатна магнітола Q1 під Hyundai Elantra VII CN7 2020-2021 (W,2,8054.0,9030,9030,0.12,-107.6,-107.6,9160,6.8,9610,402.8,0,False,True,1
Q45240,Штатна магнітола Q1 під Hyundai Sonata NF Sonica 2004-2008 (,2,8782.0,9840,9840,0.12,-122.8,-122.8,9980,0.4,9920,-52.4,0,False,True,1
Q45241,Штатна магнітола Q1 під Jeep Grand Cherokee II WJ 1998-2004 ,2,8645.0,9690,9690,0.12,-117.8,-117.8,9830,5.4,9770,-47.4,0,False,True,1
Q45242,Штатна магнітола Q1 під Jeep Grand Cherokee II WJ 1998-2004 ,2,8873.0,9940,9940,0.12,-125.8,-125.8,9550,-469.0,10020,445.6,0,False,True,1
Q45243,Штатна магнітола Q1 під Mercedes Benz C-Class W203 CL203 C20,2,12149.0,13000,13000,0.07,-59.0,-59.0,13070,6.1,13720,610.6,0,False,True,1
Q45244,Штатна магнітола Q1 під Mercedes Benz C/CLK Class S203 W203 ,2,12376.0,13250,13250,0.07,-53.5,-53.5,13310,2.3,13980,625.4,0,False,True,1
Q45245,Штатна магнітола Q1 під Mercedes Benz C/CLK Class S203 W203 ,2,12422.0,13300,13300,0.07,-53.0,-53.0,13360,2.8,14030,625.9,0,False,True,1
Q45246,Штатна магнітола Q1 під Mercedes Benz CLK Class C209 A209 20,2,12649.0,13540,13540,0.07,-56.8,-56.8,13610,8.3,14290,640.7,0,False,True,1
Q45247,Штатна магнітола Q1 під Mercedes Benz CLK Class C209 A209 20,2,12649.0,13540,13540,0.07,-56.8,-56.8,13610,8.3,14290,640.7,0,False,True,1
Q45248,Штатна магнітола Q1 під Mercedes Benz E-Class S211 W211 CLS-,2,12740.0,13640,13640,0.07,-54.8,-54.8,13700,1.0,14390,642.7,0,False,True,1
Q45249,Штатна магнітола Q1 під Mercedes Benz ML GL ML350 GL320 X164,2,12103.0,12960,12960,0.07,-50.2,-50.2,13020,5.6,13670,610.1,0,False,True,1
Q45250,Штатна магнітола Q1 під Mercedes Benz R-Class W251 R280 R300,2,12103.0,12960,12960,0.07,-50.2,-50.2,13020,5.6,13670,610.1,0,False,True,1
Q45251,Штатна магнітола Q1 під Mercedes Benz S-Class W220 VV220 199,2,12467.0,13340,13340,0.07,-60.8,-60.8,13410,4.3,14080,627.4,0,False,True,1
Q45253,Штатна магнітола Q1 під Mercedes Benz SL 2008-2012 (W3) 9 дю,2,8782.0,9840,9840,0.12,-122.8,-122.8,9980,0.4,9920,-52.4,0,False,True,1
Q45254,Штатна магнітола Q1 під Mercedes-Benz M-Class M Class W166 M,2,10647.0,11400,11400,0.07,-45.0,-45.0,11450,1.5,12030,540.9,0,False,True,1
Q45255,Штатна магнітола Q1 під Mercedes-Benz ML 320 350 W163 2001-2,2,12558.0,13440,13440,0.07,-58.8,-58.8,13510,6.3,14180,629.4,0,False,True,1
Q45256,Штатна магнітола Q1 під Mercedes-Benz ML 320 350 W163 2001-2,2,12558.0,13440,13440,0.07,-58.8,-58.8,13510,6.3,14180,629.4,0,False,True,1
Q45257,Штатна магнітола Q1 під MG 3 2017+ (F1) (W1) 9 дюймів,2,7826.0,8770,8770,0.12,-108.4,-108.4,8900,6.0,9340,393.2,0,False,True,1
Q45258,Штатна магнітола Q1 під Opel Insignia 1 Buick Regal 2013-201,2,8099.0,9080,9080,0.12,-108.6,-108.6,9210,5.8,9670,410.6,0,False,True,1
Q45259,Штатна магнітола Q1 під Porsche Cayenne I 1 9PA 2002-2010 (W,2,12376.0,13250,13250,0.07,-53.5,-53.5,13310,2.3,13980,625.4,0,False,True,1
Q45260,Штатна магнітола Q1 під Toyota Prius 2 2003-2011 (F1) 9 дюйм,2,8145.0,9130,9130,0.12,-110.6,-110.6,9260,3.8,9720,408.6,0,False,True,1
Q45261,Штатна магнітола Q1 під Volkswagen Touareg FL NF 2010-2018 (,2,12285.0,13150,13150,0.07,-55.5,-55.5,13210,0.3,13880,623.4,0,False,True,1
Q45263,Штатна магнітола Q1 під Volvo S80 2001-2006 (W2) 9 дюймів,2,8236.0,9230,9230,0.12,-113.6,-113.6,9360,0.8,9830,414.4,0,False,True,1
Q45264,Штатна магнітола Q1 під Volvo XC60 2008-2017 (W2) 9 дюймів,2,8463.0,9480,9480,0.12,-120.6,-120.6,9620,2.6,9560,-50.2,0,False,True,1
Q45413,Штатна магнітола Q1 під Buick GL8 2004-2007 (W1) 9 дюймів,2,7144.0,8010,8010,0.12,-95.2,-95.2,8120,1.6,8530,362.4,0,False,True,1
Q45414,Штатна магнітола Q1 під Buick GL8 2005-2010 (F1) (W1) 9 дюйм,2,7144.0,8010,8010,0.12,-95.2,-95.2,8120,1.6,8530,362.4,0,False,True,1
Q45415,Штатна магнітола Q1 під Buick Regal 2005-2008 9 дюймів,2,7235.0,8110,8110,0.12,-98.2,-98.2,8230,7.4,8640,368.2,0,False,True,1
Q45416,Штатна магнітола Q1 під Buick Royaum 2005-2006 9 дюймів,2,8099.0,9080,9080,0.12,-108.6,-108.6,9210,5.8,9670,410.6,0,False,True,1
Q45417,Штатна магнітола Q1 під Chevrolet Captiva 1 2006-2011 (W1) 9,2,7417.0,8310,8310,0.12,-104.2,-104.2,8430,1.4,8850,371.0,0,False,True,1
Q45418,Штатна магнітола Q1 під Chevrolet Captiva 1 2011-2016 (F1) (,2,7371.0,8260,8260,0.12,-102.2,-102.2,8380,3.4,8800,373.0,0,False,True,1
Q45419,"Штатна магнітола Q1 під Chevrolet Captiva, Epica 2006-2011 A",2,7326.0,8210,8210,0.12,-101.2,-101.2,8330,4.4,8750,374.0,0,False,True,1
Q45420,"Штатна магнітола Q1 під Chevrolet Captiva, Epica 2006-2011 A",2,7144.0,8010,8010,0.12,-95.2,-95.2,8120,1.6,8530,362.4,0,False,True,1
Q45421,Штатна магнітола Q1 під Chevrolet Cavalier 2016+ (F1) (W1) 9,2,7098.0,7950,7950,0.12,-102.0,-102.0,8070,3.6,8470,355.6,0,False,True,1
Q45422,Штатна магнітола Q1 під Chevrolet Epica 1 2006 - 2012 (F1) 9,2,7144.0,8010,8010,0.12,-95.2,-95.2,8120,1.6,8530,362.4,0,False,True,1
Q45423,Штатна магнітола Q1 під Chevrolet Epica 2013-2017 Chery A3 2,2,7462.0,8360,8360,0.12,-105.2,-105.2,8480,0.4,8910,378.8,0,False,True,1
Q45424,Штатна магнітола Q1 під Chevrolet Epica 2013-2017 Chery A3 2,2,7462.0,8360,8360,0.12,-105.2,-105.2,8480,0.4,8910,378.8,0,False,True,1
Q45425,Штатна магнітола Q1 під Chevrolet Lacetti J200 Buick Excelle,2,7189.0,8060,8060,0.12,-96.2,-96.2,8170,0.6,8580,361.4,0,False,True,1
Q45426,Штатна магнітола Q1 під Chevrolet Lacetti J200 Buick Excelle,2,7098.0,7950,7950,0.12,-102.0,-102.0,8070,3.6,8470,355.6,0,False,True,1
Q45427,Штатна магнітола Q1 під Chevrolet Lova RV 2016+ (W1) 9 дюймі,2,7189.0,8060,8060,0.12,-96.2,-96.2,8170,0.6,8580,361.4,0,False,True,1
Q45428,Штатна магнітола Q1 під Chevrolet Onix 2012-2019 (W1) 9 дюйм,2,7235.0,8110,8110,0.12,-98.2,-98.2,8230,7.4,8640,368.2,0,False,True,1
Q45429,Штатна магнітола Q1 під Chevrolet Sail 2009-2013 9 дюймів,2,7144.0,8010,8010,0.12,-95.2,-95.2,8120,1.6,8530,362.4,0,False,True,1
Q45430,Штатна магнітола Q1 під Chevrolet Spark 2009-2016 (W1) 9 дюй,2,7280.0,8160,8160,0.12,-99.2,-99.2,8280,6.4,8690,367.2,0,False,True,1
Q45431,Штатна магнітола Q1 під Chevrolet Colorado 2016-2020 TrailBl,2,7417.0,8310,8310,0.12,-104.2,-104.2,8430,1.4,8850,371.0,0,False,True,1
Q45432,Штатна магнітола Q1 під Chevrolet Colorado 2016-2020 TrailBl,2,7462.0,8360,8360,0.12,-105.2,-105.2,8480,0.4,8910,378.8,0,False,True,1
Q45433,Штатна магнітола Q1 під Citroen C1 2014-2021 Toyota Aygo 201,2,7462.0,8360,8360,0.12,-105.2,-105.2,8480,0.4,8910,378.8,0,False,True,1
Q45434,Штатна магнітола Q1 під Fiat Stilo 2001-2007 9 дюймів,2,7189.0,8060,8060,0.12,-96.2,-96.2,8170,0.6,8580,361.4,0,False,True,1
Q45435,Штатна магнітола Q1 під Ford Escape 1 2000-2007 (Mazda Tribu,2,7417.0,8310,8310,0.12,-104.2,-104.2,8430,1.4,8850,371.0,0,False,True,1
Q45436,Штатна магнітола Q1 під Ford Escape 2007+ (Mazda Tribute 200,2,7417.0,8310,8310,0.12,-104.2,-104.2,8430,1.4,8850,371.0,0,False,True,1
Q45437,Штатна магнітола Q1 під Ford Escort 2015-2021 (F1) 9 дюймів,2,7189.0,8060,8060,0.12,-96.2,-96.2,8170,0.6,8580,361.4,0,False,True,1
Q45438,Штатна магнітола Q1 під Ford Escort 2015-2021 (F2) 9 дюймів,2,7144.0,8010,8010,0.12,-95.2,-95.2,8120,1.6,8530,362.4,0,False,True,1
Q45439,Штатна магнітола Q1 під Ford Escort 2015-2021 (F3) 9 дюймів,2,7690.0,8620,8620,0.12,-104.4,-104.4,8740,1.2,9180,388.4,0,False,True,1
Q45440,Штатна магнітола Q1 під Ford Expedition 2006-2017 (W1) 9 дюй,2,7599.0,8520,8520,0.12,-101.4,-101.4,8640,4.2,9070,382.6,0,False,True,1
Q45441,Штатна магнітола Q1 під Ford Fiesta Mk VI 5 Mk5 2002 - 2008 ,2,7235.0,8110,8110,0.12,-98.2,-98.2,8230,7.4,8640,368.2,0,False,True,1
Q45442,"Штатна магнітола Q1 під Ford Figo Aspire, Freestyle 2015-201",2,7235.0,8110,8110,0.12,-98.2,-98.2,8230,7.4,8640,368.2,0,False,True,1
Q45443,Штатна магнітола Q1 під Ford Focus 2 Mk 2 2004-2011 (F3) (W1,2,7144.0,8010,8010,0.12,-95.2,-95.2,8120,1.6,8530,362.4,0,False,True,1
Q45444,Штатна магнітола Q1 під Ford Mondeo 3 2000 - 2007 (F1) 9 дюй,2,7280.0,8160,8160,0.12,-99.2,-99.2,8280,6.4,8690,367.2,0,False,True,1
Q45445,Штатна магнітола Q1 під Ford Mondeo 3 2000 - 2007 (F2) 9 дюй,2,7280.0,8160,8160,0.12,-99.2,-99.2,8280,6.4,8690,367.2,0,False,True,1
Q45446,Штатна магнітола Q1 під Ford Mondeo 3 2000 - 2007 (F3) 9 дюй,2,7280.0,8160,8160,0.12,-99.2,-99.2,8280,6.4,8690,367.2,0,False,True,1
Q45448,Штатна магнітола Q1 під Ford Tourneo Courier 2013-2022 9 дюй,2,7553.0,8460,8460,0.12,-108.2,-108.2,8590,6.2,9020,384.6,0,False,True,1
Q45449,"Штатна магнітола Q1 під Ford Tourneo, Custom, Transit 2012-2",2,7235.0,8110,8110,0.12,-98.2,-98.2,8230,7.4,8640,368.2,0,False,True,1
Q45450,"Штатна магнітола Q1 під Ford Tourneo, Custom, Transit 2012-2",2,7326.0,8210,8210,0.12,-101.2,-101.2,8330,4.4,8750,374.0,0,False,True,1
Q45452,Штатна магнітола Q1 під Great Wall Haval H3 H5 2011-2016 9 д,2,7098.0,7950,7950,0.12,-102.0,-102.0,8070,3.6,8470,355.6,0,False,True,1
Q45453,Штатна магнітола Q1 під Great Wall C30 2012-2013 (F1) 9 дюйм,2,7144.0,8010,8010,0.12,-95.2,-95.2,8120,1.6,8530,362.4,0,False,True,1
Q45454,Штатна магнітола Q1 під Great Wall C30 2015+ 9 дюймів,2,7189.0,8060,8060,0.12,-96.2,-96.2,8170,0.6,8580,361.4,0,False,True,1
Q45455,Штатна магнітола Q1 під Great Wall Haval H6 2009-2017 9 дюйм,2,7189.0,8060,8060,0.12,-96.2,-96.2,8170,0.6,8580,361.4,0,False,True,1
Q45456,Штатна магнітола Q1 під Great Wall Hover H5 1 2010-2017 9 дю,2,7144.0,8010,8010,0.12,-95.2,-95.2,8120,1.6,8530,362.4,0,False,True,1
Q45457,Штатна магнітола Q1 під Great Wall Hover M2 2010-2015 9 дюйм,2,7144.0,8010,8010,0.12,-95.2,-95.2,8120,1.6,8530,362.4,0,False,True,1
Q45458,Штатна магнітола Q1 під Great Wall ORA IQ 2018 9 дюймів,2,7189.0,8060,8060,0.12,-96.2,-96.2,8170,0.6,8580,361.4,0,False,True,1
Q45459,Штатна магнітола Q1 під Great Wall Voleex C20 2011-2015 9 дю,2,7189.0,8060,8060,0.12,-96.2,-96.2,8170,0.6,8580,361.4,0,False,True,1
Q45460,Штатна магнітола Q1 під Great Wall Voleex C50 2011-2013 9 дю,2,7326.0,8210,8210,0.12,-101.2,-101.2,8330,4.4,8750,374.0,0,False,True,1
Q45461,Штатна магнітола Q1 під Great Wall Voleex C50 2013-2016 9 дю,2,7235.0,8110,8110,0.12,-98.2,-98.2,8230,7.4,8640,368.2,0,False,True,1
Q45462,Штатна магнітола Q1 під Great Wall Voleex V80 2011-2013 9 дю,2,7144.0,8010,8010,0.12,-95.2,-95.2,8120,1.6,8530,362.4,0,False,True,1
Q45463,Штатна магнітола Q1 під Great Wall Wingle (5) 2017+ (W1) 9 д,2,7280.0,8160,8160,0.12,-99.2,-99.2,8280,6.4,8690,367.2,0,False,True,1
Q45464,Штатна магнітола Q1 під Honda Accord (CG) 1997-2002 9 дюймів,2,7235.0,8110,8110,0.12,-98.2,-98.2,8230,7.4,8640,368.2,0,False,True,1
Q45465,Штатна магнітола Q1 під Honda Accord 7 2002-2008 (diesel) 9 ,2,7735.0,8670,8670,0.12,-105.4,-105.4,8790,0.2,9230,387.4,0,False,True,1
Q45466,Штатна магнітола Q1 під Honda Accord 8 2008-2013 (F2) (W1) 9,2,7599.0,8520,8520,0.12,-101.4,-101.4,8640,4.2,9070,382.6,0,False,True,1
Q45467,Штатна магнітола Q1 під Honda Accord 8 2008-2013 (F2) (W3) 9,2,7508.0,8410,8410,0.12,-107.2,-107.2,8540,7.2,8960,376.8,0,False,True,1
Q45468,Штатна магнітола Q1 під Honda Accord 8 2014-2016 9 дюймів,2,7872.0,8820,8820,0.12,-110.4,-110.4,8950,4.0,9400,400.0,0,False,True,1
Q45469,Штатна магнітола Q1 під Honda Airwave 2005-2010 (F2) 9 дюймі,2,7326.0,8210,8210,0.12,-101.2,-101.2,8330,4.4,8750,374.0,0,False,True,1
Q45470,Штатна магнітола Q1 під Honda City 2020+ 9 дюймів,2,7280.0,8160,8160,0.12,-99.2,-99.2,8280,6.4,8690,367.2,0,False,True,1
Q45471,Штатна магнітола Q1 під Honda Civic 7 2000-2006 9 дюймів,2,7235.0,8110,8110,0.12,-98.2,-98.2,8230,7.4,8640,368.2,0,False,True,1
Q45472,Штатна магнітола Q1 під Honda Civic 9 Middle East 2013-2016 ,2,7280.0,8160,8160,0.12,-99.2,-99.2,8280,6.4,8690,367.2,0,False,True,1
Q45473,Штатна магнітола Q1 під Honda Civic 10 FC FK 2015-2020 (W1) ,2,7189.0,8060,8060,0.12,-96.2,-96.2,8170,0.6,8580,361.4,0,False,True,1
Q45474,Штатна магнітола Q1 під Honda Civic 1995-2001 (F1) 9 дюймів,2,7280.0,8160,8160,0.12,-99.2,-99.2,8280,6.4,8690,367.2,0,False,True,1
Q45475,Штатна магнітола Q1 під Honda Civic 2005 9 дюймів,2,7280.0,8160,8160,0.12,-99.2,-99.2,8280,6.4,8690,367.2,0,False,True,1
Q45477,Штатна магнітола Q1 під Honda CR-V 2 CRV 2001-2006 9 дюймів,2,7235.0,8110,8110,0.12,-98.2,-98.2,8230,7.4,8640,368.2,0,False,True,1
Q45478,Штатна магнітола Q1 під Honda CR-V CR-V 3 RE 2006-2012 (F1) ,2,7098.0,7950,7950,0.12,-102.0,-102.0,8070,3.6,8470,355.6,0,False,True,1
Q45479,Штатна магнітола Q1 під Honda CR-Z 1 CRZ 2010-2016 (W1) 9 дю,2,7326.0,8210,8210,0.12,-101.2,-101.2,8330,4.4,8750,374.0,0,False,True,1
Q45480,Штатна магнітола Q1 під Honda Crider 2013-2018 (F3) (W1) 9 д,2,7189.0,8060,8060,0.12,-96.2,-96.2,8170,0.6,8580,361.4,0,False,True,1
Q45481,"Штатна магнітола Q1 під Honda Fit, Jazz 2020+ (F1) (W1) 9 дю",2,7098.0,7950,7950,0.12,-102.0,-102.0,8070,3.6,8470,355.6,0,False,True,1
Q45482,"Штатна магнітола Q1 під Honda HR-V, Vezel, XR-V 2014+ (F1) (",2,7098.0,7950,7950,0.12,-102.0,-102.0,8070,3.6,8470,355.6,0,False,True,1
Q45483,"Штатна магнітола Q1 під Honda HR-V, Vezel, XR-V 2014+ (F1) (",2,7098.0,7950,7950,0.12,-102.0,-102.0,8070,3.6,8470,355.6,0,False,True,1
Q45484,Штатна магнітола Q1 під Honda Insight 2009-2014 9 дюймів,2,7235.0,8110,8110,0.12,-98.2,-98.2,8230,7.4,8640,368.2,0,False,True,1
Q45485,Штатна магнітола Q1 під Honda Jade 2013-2020 (W1) 9 дюймів,2,7189.0,8060,8060,0.12,-96.2,-96.2,8170,0.6,8580,361.4,0,False,True,1
Q45486,Штатна магнітола Q1 під Honda Jazz 1 GD Fit 1 City 2001 - 20,2,7144.0,8010,8010,0.12,-95.2,-95.2,8120,1.6,8530,362.4,0,False,True,1
Q45487,Штатна магнітола Q1 під Honda Jazz 1 GD Fit 1 City 2001 - 20,2,7280.0,8160,8160,0.12,-99.2,-99.2,8280,6.4,8690,367.2,0,False,True,1
Q45488,Штатна магнітола Q1 під Honda Jazz 3 2015-2020 Fit 3 GP GK 2,2,7280.0,8160,8160,0.12,-99.2,-99.2,8280,6.4,8690,367.2,0,False,True,1
Q45489,Штатна магнітола Q1 під Honda Odyssey (RB1/RB2) 2003-2008 (F,2,7599.0,8520,8520,0.12,-101.4,-101.4,8640,4.2,9070,382.6,0,False,True,1
Q45490,Штатна магнітола Q1 під Honda Odyssey 2022+ (W1) 9 дюймів,2,7326.0,8210,8210,0.12,-101.2,-101.2,8330,4.4,8750,374.0,0,False,True,1
Q45491,Штатна магнітола Q1 під Honda Pilot 2005-2008 (F1) 9 дюймів,2,7553.0,8460,8460,0.12,-108.2,-108.2,8590,6.2,9020,384.6,0,False,True,1
Q45493,Штатна магнітола Q1 під Hyundai Accent 3 2006-2011 Verna 200,2,7144.0,8010,8010,0.12,-95.2,-95.2,8120,1.6,8530,362.4,0,False,True,1
Q45494,Штатна магнітола Q1 під Hyundai Accent lc 1999-2012 Verna lc,2,7189.0,8060,8060,0.12,-96.2,-96.2,8170,0.6,8580,361.4,0,False,True,1
Q45495,Штатна магнітола Q1 під Hyundai Azera 2006-2010 Grandeur (TG,2,7144.0,8010,8010,0.12,-95.2,-95.2,8120,1.6,8530,362.4,0,False,True,1
Q45496,Штатна магнітола Q1 під Hyundai Azera 2006-2010 Grandeur (TG,2,7144.0,8010,8010,0.12,-95.2,-95.2,8120,1.6,8530,362.4,0,False,True,1
Q45497,Штатна магнітола Q1 під Hyundai Celesta Elantra 2017-2023 (F,2,7144.0,8010,8010,0.12,-95.2,-95.2,8120,1.6,8530,362.4,0,False,True,1
Q45498,Штатна магнітола Q1 під Hyundai Elantra 3 2003-2010 Avante (,2,7053.0,7900,7900,0.12,-101.0,-101.0,8020,4.6,8420,356.6,0,False,True,1
Q45499,Штатна магнітола Q1 під Hyundai Elantra 3 2003-2010 Avante (,2,7053.0,7900,7900,0.12,-101.0,-101.0,8020,4.6,8420,356.6,0,False,True,1
Q45500,Штатна магнітола Q1 під Hyundai Elantra 4 HD Avante (HD) 200,2,7144.0,8010,8010,0.12,-95.2,-95.2,8120,1.6,8530,362.4,0,False,True,1
Q45501,Штатна магнітола Q1 під Hyundai Elantra 4 HD Avante (HD) 200,2,7144.0,8010,8010,0.12,-95.2,-95.2,8120,1.6,8530,362.4,0,False,True,1
Q45502,Штатна магнітола Q1 під Hyundai Elantra 5 JK GD MD UD 2011-2,2,7098.0,7950,7950,0.12,-102.0,-102.0,8070,3.6,8470,355.6,0,False,True,1
Q45503,Штатна магнітола Q1 під Hyundai Elantra 5 JK GD MD UD 2014-2,2,7144.0,8010,8010,0.12,-95.2,-95.2,8120,1.6,8530,362.4,0,False,True,1
Q45504,Штатна магнітола Q1 під Hyundai Elantra 6 2015-2018 Avante 2,2,7098.0,7950,7950,0.12,-102.0,-102.0,8070,3.6,8470,355.6,0,False,True,1
Q45505,Штатна магнітола Q1 під Hyundai Elantra 6 Avante (AD) 2018-2,2,7189.0,8060,8060,0.12,-96.2,-96.2,8170,0.6,8580,361.4,0,False,True,1
Q45506,Штатна магнітола Q1 під Hyundai Eon 2011+ 9 дюймів,2,7235.0,8110,8110,0.12,-98.2,-98.2,8230,7.4,8640,368.2,0,False,True,1
Q45507,Штатна магнітола Q1 під Hyundai H1 Starex 2016-2020 9 дюймів,2,7189.0,8060,8060,0.12,-96.2,-96.2,8170,0.6,8580,361.4,0,False,True,1
Q45508,Штатна магнітола Q1 під Hyundai H1 TQ 2007-2015 9 дюймів,2,7144.0,8010,8010,0.12,-95.2,-95.2,8120,1.6,8530,362.4,0,False,True,1
Q45509,Штатна магнітола Q1 під Hyundai H1 TQ 2017+ 9 дюймів,2,7189.0,8060,8060,0.12,-96.2,-96.2,8170,0.6,8580,361.4,0,False,True,1
Q45510,Штатна магнітола Q1 під Hyundai i10 2007-2013 9 дюймів,2,7189.0,8060,8060,0.12,-96.2,-96.2,8170,0.6,8580,361.4,0,False,True,1
Q45511,Штатна магнітола Q1 під Hyundai i10 2013-2016 Xcent 2014-201,2,7189.0,8060,8060,0.12,-96.2,-96.2,8170,0.6,8580,361.4,0,False,True,1
Q45512,Штатна магнітола Q1 під Hyundai i10 2019+ 9 дюймів,2,7326.0,8210,8210,0.12,-101.2,-101.2,8330,4.4,8750,374.0,0,False,True,1
Q45513,Штатна магнітола Q1 під Hyundai i20 2 2008-2012 (F1) 9 дюймі,2,7235.0,8110,8110,0.12,-98.2,-98.2,8230,7.4,8640,368.2,0,False,True,1
Q45514,Штатна магнітола Q1 під Hyundai i20 2 2008-2012 (F2) 9 дюймі,2,7235.0,8110,8110,0.12,-98.2,-98.2,8230,7.4,8640,368.2,0,False,True,1
Q45515,Штатна магнітола Q1 під Hyundai i20 2 2012-2014 9 дюймів,2,7235.0,8110,8110,0.12,-98.2,-98.2,8230,7.4,8640,368.2,0,False,True,1
Q45516,Штатна магнітола Q1 під Hyundai i30 1 FD 2007-2012 (F1) 9 дю,2,7189.0,8060,8060,0.12,-96.2,-96.2,8170,0.6,8580,361.4,0,False,True,1
Q45517,Штатна магнітола Q1 під Hyundai i30 1 FD 2007-2012 (F2) 9 дю,2,7189.0,8060,8060,0.12,-96.2,-96.2,8170,0.6,8580,361.4,0,False,True,1
Q45518,Штатна магнітола Q1 під Hyundai i30 2 GD 2011-2017 9 дюймів,2,7235.0,8110,8110,0.12,-98.2,-98.2,8230,7.4,8640,368.2,0,False,True,1
Q45519,Штатна магнітола Q1 під Hyundai i40 2011-2019 9 дюймів,2,7189.0,8060,8060,0.12,-96.2,-96.2,8170,0.6,8580,361.4,0,False,True,1
Q45520,Штатна магнітола Q1 під Hyundai IONIQ 2016+ (W1) 9 дюймів,2,7508.0,8410,8410,0.12,-107.2,-107.2,8540,7.2,8960,376.8,0,False,True,1
Q45521,Штатна магнітола Q1 під Hyundai ix25 2020,2,7189.0,8060,8060,0.12,-96.2,-96.2,8170,0.6,8580,361.4,0,False,True,1
Q45522,Штатна магнітола Q1 під Hyundai IX35 2017-2023 (W1) 9 дюймів,2,7189.0,8060,8060,0.12,-96.2,-96.2,8170,0.6,8580,361.4,0,False,True,1
Q45523,Штатна магнітола Q1 під Hyundai Matrix 2001-2010 9 дюймів,2,7235.0,8110,8110,0.12,-98.2,-98.2,8230,7.4,8640,368.2,0,False,True,1
Q45524,Штатна магнітола Q1 під Hyundai Mistra 2013-2017 (W1) 9 дюйм,2,7098.0,7950,7950,0.12,-102.0,-102.0,8070,3.6,8470,355.6,0,False,True,1
Q45525,Штатна магнітола Q1 під Hyundai Reina 2017-2021 (F1) 9 дюймі,2,7098.0,7950,7950,0.12,-102.0,-102.0,8070,3.6,8470,355.6,0,False,True,1
Q45526,Штатна магнітола Q1 під Hyundai Reina 2017-2021 (F2) 9 дюймі,2,7098.0,7950,7950,0.12,-102.0,-102.0,8070,3.6,8470,355.6,0,False,True,1
Q45527,Штатна магнітола Q1 під Hyundai Rohens Coupe 2004-2006 (F1) ,2,7189.0,8060,8060,0.12,-96.2,-96.2,8170,0.6,8580,361.4,0,False,True,1
Q45528,Штатна магнітола Q1 під Hyundai Rohens Coupe 2004-2006 (F2) ,2,7508.0,8410,8410,0.12,-107.2,-107.2,8540,7.2,8960,376.8,0,False,True,1
Q45529,Штатна магнітола Q1 під Hyundai Rohens Coupe 2004-2006 (F3) ,2,7371.0,8260,8260,0.12,-102.2,-102.2,8380,3.4,8800,373.0,0,False,True,1
Q45530,Штатна магнітола Q1 під Hyundai Santa Fe 2 2006-2012 (W1) 9 ,2,7144.0,8010,8010,0.12,-95.2,-95.2,8120,1.6,8530,362.4,0,False,True,1
Q45531,Штатна магнітола Q1 під Hyundai Santa Fe 2 2006-2012 (W2) 9 ,2,7144.0,8010,8010,0.12,-95.2,-95.2,8120,1.6,8530,362.4,0,False,True,1
Q45532,Штатна магнітола Q1 під Hyundai Santa Fe 2 2006-2012 (W3) 9 ,2,7280.0,8160,8160,0.12,-99.2,-99.2,8280,6.4,8690,367.2,0,False,True,1
Q45533,"Штатна магнітола Q1 під Hyundai Santa Fe 3, iX45 2013-2016 (",2,7144.0,8010,8010,0.12,-95.2,-95.2,8120,1.6,8530,362.4,0,False,True,1
Q45534,Штатна магнітола Q1 під Hyundai Santro 2006-2015 9 дюймів,2,7189.0,8060,8060,0.12,-96.2,-96.2,8170,0.6,8580,361.4,0,False,True,1
Q45535,"Штатна магнітола Q1 під Hyundai Solaris 1 Verna, i-25, Accen",2,7098.0,7950,7950,0.12,-102.0,-102.0,8070,3.6,8470,355.6,0,False,True,1
Q45536,"Штатна магнітола Q1 під Hyundai Solaris 1 Verna, i-25, Accen",2,7098.0,7950,7950,0.12,-102.0,-102.0,8070,3.6,8470,355.6,0,False,True,1
Q45537,"Штатна магнітола Q1 під Hyundai Solaris 2, Verna 2020-2022 S",2,7280.0,8160,8160,0.12,-99.2,-99.2,8280,6.4,8690,367.2,0,False,True,1
Q45538,Штатна магнітола Q1 під Hyundai Solaris 2 Verna 2017-2018 Ac,2,7144.0,8010,8010,0.12,-95.2,-95.2,8120,1.6,8530,362.4,0,False,True,1
Q45539,Штатна магнітола Q1 під Hyundai Solaris 2 Verna 2017-2018 Ac,2,7053.0,7900,7900,0.12,-101.0,-101.0,8020,4.6,8420,356.6,0,False,True,1
Q45540,Штатна магнітола Q1 під Hyundai Sonata 6 YF 2009-2014 (W1) 9,2,7189.0,8060,8060,0.12,-96.2,-96.2,8170,0.6,8580,361.4,0,False,True,1
Q45541,Штатна магнітола Q1 під Hyundai Sonata 7 LF 2014-2017 (W1) 9,2,7235.0,8110,8110,0.12,-98.2,-98.2,8230,7.4,8640,368.2,0,False,True,1
Q45542,Штатна магнітола Q1 під Hyundai Sonata EF 2001-2012 9 дюймів,2,7144.0,8010,8010,0.12,-95.2,-95.2,8120,1.6,8530,362.4,0,False,True,1
Q45543,Штатна магнітола Q1 під Hyundai Sonata NF 2008-2010 (F1) (W1,2,7189.0,8060,8060,0.12,-96.2,-96.2,8170,0.6,8580,361.4,0,False,True,1
Q45544,Штатна магнітола Q1 під Hyundai Sonata NF 2008-2010 (F1) (W2,2,7189.0,8060,8060,0.12,-96.2,-96.2,8170,0.6,8580,361.4,0,False,True,1
Q45545,Штатна магнітола Q1 під Hyundai Sonata NF 2008-2010 (F2) (W1,2,7189.0,8060,8060,0.12,-96.2,-96.2,8170,0.6,8580,361.4,0,False,True,1
Q45546,Штатна магнітола Q1 під Hyundai Sonata NF 2008-2010 (F2) (W2,2,7189.0,8060,8060,0.12,-96.2,-96.2,8170,0.6,8580,361.4,0,False,True,1
Q45547,Штатна магнітола Q1 під Hyundai Sonata NF Sonica 2004-2008 (,2,7189.0,8060,8060,0.12,-96.2,-96.2,8170,0.6,8580,361.4,0,False,True,1
Q45548,"Штатна магнітола Q1 під Hyundai Starex, H1 2007-2015 i800, i",2,7144.0,8010,8010,0.12,-95.2,-95.2,8120,1.6,8530,362.4,0,False,True,1
Q45549,Штатна магнітола Q1 під Hyundai Tucson 3 2015-2018 (W1) 9 дю,2,7098.0,7950,7950,0.12,-102.0,-102.0,8070,3.6,8470,355.6,0,False,True,1
Q45550,Штатна магнітола Q1 під Hyundai Tucson 3 2015-2018 (W2) 9 дю,2,7371.0,8260,8260,0.12,-102.2,-102.2,8380,3.4,8800,373.0,0,False,True,1
Q45551,"Штатна магнітола Q1 під Hyundai Tucson, IX35 2010-2018 (F1) ",2,7098.0,7950,7950,0.12,-102.0,-102.0,8070,3.6,8470,355.6,0,False,True,1
Q45552,Штатна магнітола Q1 під Hyundai Veloster FS 2011 - 2017 (W1),2,7553.0,8460,8460,0.12,-108.2,-108.2,8590,6.2,9020,384.6,0,False,True,1
Q45553,Штатна магнітола Q1 під Hyundai Venue 2019+ (F1) 9 дюймів,2,7326.0,8210,8210,0.12,-101.2,-101.2,8330,4.4,8750,374.0,0,False,True,1
Q45554,"Штатна магнітола Q1 під Hyundai Veracruz, IX55 2007-2013 (F2",2,7508.0,8410,8410,0.12,-107.2,-107.2,8540,7.2,8960,376.8,0,False,True,1
Q45555,Штатна магнітола Q1 під Iveco Bronte 2014-2017 (F1) 9 дюймів,2,7235.0,8110,8110,0.12,-98.2,-98.2,8230,7.4,8640,368.2,0,False,True,1
Q45556,Штатна магнітола Q1 під Iveco Daily 2013-2017 9 дюймів,2,7280.0,8160,8160,0.12,-99.2,-99.2,8280,6.4,8690,367.2,0,False,True,1
Q45557,Штатна магнітола Q1 під Iveco Daily 2018-2020 9 дюймів,2,7144.0,8010,8010,0.12,-95.2,-95.2,8120,1.6,8530,362.4,0,False,True,1
Q45558,"Штатна магнітола Q1 під Kia Borrego, Mohave 2008 - 2011 (W1)",2,7098.0,7950,7950,0.12,-102.0,-102.0,8070,3.6,8470,355.6,0,False,True,1
Q45559,Штатна магнітола Q1 під Kia Carens 2013-2022; Rondo 2012-201,2,7144.0,8010,8010,0.12,-95.2,-95.2,8120,1.6,8530,362.4,0,False,True,1
Q45560,Штатна магнітола Q1 під Kia Carens UN 2006-2012 Rondo 2007-2,2,7189.0,8060,8060,0.12,-96.2,-96.2,8170,0.6,8580,361.4,0,False,True,1
Q45561,Штатна магнітола Q1 під Kia Carens UN 2006-2012 Rondo 2007-2,2,7189.0,8060,8060,0.12,-96.2,-96.2,8170,0.6,8580,361.4,0,False,True,1
Q45562,Штатна магнітола Q1 під Kia Carnival UP GQ 2002-2006 (F1) 9 ,2,7235.0,8110,8110,0.12,-98.2,-98.2,8230,7.4,8640,368.2,0,False,True,1
Q45563,Штатна магнітола Q1 під Kia CEED Cee'd 2,2,7189.0,8060,8060,0.12,-96.2,-96.2,8170,0.6,8580,361.4,0,False,True,1
Q45565,Штатна магнітола Q1 під Kia Cerato 1 LD 2004-2008 (F1) 9 дюй,2,7144.0,8010,8010,0.12,-95.2,-95.2,8120,1.6,8530,362.4,0,False,True,1
Q45566,Штатна магнітола Q1 під Kia Cerato 1 LD 2004-2008 (F2) 9 дюй,2,7235.0,8110,8110,0.12,-98.2,-98.2,8230,7.4,8640,368.2,0,False,True,1
Q45567,Штатна магнітола Q1 під Kia Cerato 1 LD 2004-2008 (F3) 9 дюй,2,7189.0,8060,8060,0.12,-96.2,-96.2,8170,0.6,8580,361.4,0,False,True,1
Q45568,"Штатна магнітола Q1 під Kia Cerato 2 TD Forte TD, Naza Forte",2,7189.0,8060,8060,0.12,-96.2,-96.2,8170,0.6,8580,361.4,0,False,True,1
Q45569,"Штатна магнітола Q1 під Kia Cerato 2 TD Forte TD, Naza Forte",2,7144.0,8010,8010,0.12,-95.2,-95.2,8120,1.6,8530,362.4,0,False,True,1
Q45570,"Штатна магнітола Q1 під Kia Cerato 2 TD Forte TD, Naza Forte",2,7144.0,8010,8010,0.12,-95.2,-95.2,8120,1.6,8530,362.4,0,False,True,1
Q45571,"Штатна магнітола Q1 під Kia Cerato 2 TD Forte TD, Naza Forte",2,7098.0,7950,7950,0.12,-102.0,-102.0,8070,3.6,8470,355.6,0,False,True,1
Q45572,Штатна магнітола Q1 під Kia Cerato 3 YD Forte 2013-2017 K3 2,2,7053.0,7900,7900,0.12,-101.0,-101.0,8020,4.6,8420,356.6,0,False,True,1
Q45573,Штатна магнітола Q1 під Kia Cerato 3 YD Forte 2013-2017 K3 2,2,7144.0,8010,8010,0.12,-95.2,-95.2,8120,1.6,8530,362.4,0,False,True,1
Q45574,"Штатна магнітола Q1 під Kia Cerato 4, Forte BD, K3 2018-2020",2,7371.0,8260,8260,0.12,-102.2,-102.2,8380,3.4,8800,373.0,0,False,True,1
Q45575,"Штатна магнітола Q1 під Kia K4, Cachet 2017-2018 (F3) 9 дюйм",2,7144.0,8010,8010,0.12,-95.2,-95.2,8120,1.6,8530,362.4,0,False,True,1
Q45576,Штатна магнітола Q1 під Kia Morning 2 picanto 2011 - 2017 (W,2,7098.0,7950,7950,0.12,-102.0,-102.0,8070,3.6,8470,355.6,0,False,True,1
Q45577,Штатна магнітола Q1 під Kia Morning 2 picanto 2011 - 2017 (W,2,7371.0,8260,8260,0.12,-102.2,-102.2,8380,3.4,8800,373.0,0,False,True,1
Q45578,"Штатна магнітола Q1 під Kia Morning, Picanto 2007-2011 (W1) ",2,7189.0,8060,8060,0.12,-96.2,-96.2,8170,0.6,8580,361.4,0,False,True,1
Q45579,"Штатна магнітола Q1 під Kia Morning, Picanto 2007-2011 (W2) ",2,7189.0,8060,8060,0.12,-96.2,-96.2,8170,0.6,8580,361.4,0,False,True,1
Q45580,Штатна магнітола Q1 під Kia Niro 2016+ (W1) 9 дюймів,2,7326.0,8210,8210,0.12,-101.2,-101.2,8330,4.4,8750,374.0,0,False,True,1
Q45581,"Штатна магнітола Q1 під Kia Opirus, Amanti 2006-2010 9 дюймі",2,7417.0,8310,8310,0.12,-104.2,-104.2,8430,1.4,8850,371.0,0,False,True,1
Q45582,"Штатна магнітола Q1 під Kia Optima 3 TF, K5 2010-2013 (F2) (",2,7144.0,8010,8010,0.12,-95.2,-95.2,8120,1.6,8530,362.4,0,False,True,1
Q45583,"Штатна магнітола Q1 під Kia Optima K5 Magentis, Lotze TF MG ",2,7235.0,8110,8110,0.12,-98.2,-98.2,8230,7.4,8640,368.2,0,False,True,1
Q45584,Штатна магнітола Q1 під Kia Optima TF K5 2011-2015 9 дюймів,2,7144.0,8010,8010,0.12,-95.2,-95.2,8120,1.6,8530,362.4,0,False,True,1
Q45585,Штатна магнітола Q1 під Kia Rio 2 2005-2011 (F1) 9 дюймів,2,7189.0,8060,8060,0.12,-96.2,-96.2,8170,0.6,8580,361.4,0,False,True,1
Q45586,Штатна магнітола Q1 під Kia Rio 2 2005-2011 (F2) 9 дюймів,2,7144.0,8010,8010,0.12,-95.2,-95.2,8120,1.6,8530,362.4,0,False,True,1
Q45588,"Штатна магнітола Q1 під Kia Rio 4 IV FB, K2 2020-2022 Solari",2,7280.0,8160,8160,0.12,-99.2,-99.2,8280,6.4,8690,367.2,0,False,True,1
Q45589,Штатна магнітола Q1 під Kia Rio 4 K3 2015-2017 9 дюймів,2,7189.0,8060,8060,0.12,-96.2,-96.2,8170,0.6,8580,361.4,0,False,True,1
Q45590,Штатна магнітола Q1 під Kia RIO 4 K3 Pride 2011-2015 9 дюймі,2,7144.0,8010,8010,0.12,-95.2,-95.2,8120,1.6,8530,362.4,0,False,True,1
Q45591,Штатна магнітола Q1 під Kia Rio 2004-2006 9 дюймів,2,7280.0,8160,8160,0.12,-99.2,-99.2,8280,6.4,8690,367.2,0,False,True,1
Q45592,Штатна магнітола Q1 під Kia Rio YB KX Cross 2016-2024 9 дюйм,2,7462.0,8360,8360,0.12,-105.2,-105.2,8480,0.4,8910,378.8,0,False,True,1
Q45593,"Штатна магнітола Q1 під Kia Sedona, Carnival 2014+ (W1) 9 дю",2,7462.0,8360,8360,0.12,-105.2,-105.2,8480,0.4,8910,378.8,0,False,True,1
Q45594,Штатна магнітола Q1 під Kia Soluto Pegas 2017+ (W1) 9 дюймів,2,7144.0,8010,8010,0.12,-95.2,-95.2,8120,1.6,8530,362.4,0,False,True,1
Q45595,Штатна магнітола Q1 під Kia Soluto Pegas 2017+ (W2) 9 дюймів,2,7417.0,8310,8310,0.12,-104.2,-104.2,8430,1.4,8850,371.0,0,False,True,1
Q45596,Штатна магнітола Q1 під Kia Sorento BL 2002 - 2011 9 дюймів,2,7371.0,8260,8260,0.12,-102.2,-102.2,8380,3.4,8800,373.0,0,False,True,1
Q45597,Штатна магнітола Q1 під Kia Sorento BL 2013 - 2014 (F1) (W1),2,7280.0,8160,8160,0.12,-99.2,-99.2,8280,6.4,8690,367.2,0,False,True,1
Q45598,Штатна магнітола Q1 під Kia Sorento BL 2013 - 2014 (F2) 9 дю,2,7053.0,7900,7900,0.12,-101.0,-101.0,8020,4.6,8420,356.6,0,False,True,1
Q45599,Штатна магнітола Q1 під Kia Soul 1 2008 - 2014 (W1) 9 дюймів,2,7235.0,8110,8110,0.12,-98.2,-98.2,8230,7.4,8640,368.2,0,False,True,1
Q45600,Штатна магнітола Q1 під Kia Soul 1 2008 - 2014 (W2) 9 дюймів,2,7189.0,8060,8060,0.12,-96.2,-96.2,8170,0.6,8580,361.4,0,False,True,1
Q45601,Штатна магнітола Q1 під Kia Soul 2 PS 2013-2019 (F1) 9 дюймі,2,7280.0,8160,8160,0.12,-99.2,-99.2,8280,6.4,8690,367.2,0,False,True,1
Q45602,Штатна магнітола Q1 під Kia Soul 2 PS 2013-2019 (F2) 9 дюймі,2,7235.0,8110,8110,0.12,-98.2,-98.2,8230,7.4,8640,368.2,0,False,True,1
Q45603,Штатна магнітола Q1 під Kia Soul SK3 2019-2020 9 дюймів,2,7326.0,8210,8210,0.12,-101.2,-101.2,8330,4.4,8750,374.0,0,False,True,1
Q45604,Штатна магнітола Q1 під Kia Sportage (KM) 2008-2010 (W1) 9 д,2,7189.0,8060,8060,0.12,-96.2,-96.2,8170,0.6,8580,361.4,0,False,True,1
Q45605,Штатна магнітола Q1 під Kia Sportage (KM) 2008-2010 (W2) 9 д,2,7144.0,8010,8010,0.12,-95.2,-95.2,8120,1.6,8530,362.4,0,False,True,1
Q45607,Штатна магнітола Q1 під Kia Sportage 4 QL 2016-2018 (KX5) (F,2,7189.0,8060,8060,0.12,-96.2,-96.2,8170,0.6,8580,361.4,0,False,True,1
Q45608,Штатна магнітола Q1 під Kia Sportage 4 QL 2018-2022 (KX5) (W,2,7235.0,8110,8110,0.12,-98.2,-98.2,8230,7.4,8640,368.2,0,False,True,1
Q45609,Штатна магнітола Q1 під Kia Sportage 2005-2009 (F1) 9 дюймів,2,7371.0,8260,8260,0.12,-102.2,-102.2,8380,3.4,8800,373.0,0,False,True,1
Q45610,Штатна магнітола Q1 під LADA Granta Cross 2018-2019 9 дюймів,2,7235.0,8110,8110,0.12,-98.2,-98.2,8230,7.4,8640,368.2,0,False,True,1
Q45611,Штатна магнітола Q1 під LADA Granta Sport 2011-2018 Kalina 2,2,7189.0,8060,8060,0.12,-96.2,-96.2,8170,0.6,8580,361.4,0,False,True,1
Q45612,Штатна магнітола Q1 під Lada Largus 2012-2020 (W1) 9 дюймів,2,7326.0,8210,8210,0.12,-101.2,-101.2,8330,4.4,8750,374.0,0,False,True,1
Q45613,Штатна магнітола Q1 під LADA Priora I 1 2007-2013 (F1) 9 дюй,2,7280.0,8160,8160,0.12,-99.2,-99.2,8280,6.4,8690,367.2,0,False,True,1
Q45614,Штатна магнітола Q1 під LADA Vesta Cross Sport 2015-2019 (W1,2,7371.0,8260,8260,0.12,-102.2,-102.2,8380,3.4,8800,373.0,0,False,True,1
Q45615,Штатна магнітола Q1 під LADA Xray 2015-2019 9 дюймів,2,7462.0,8360,8360,0.12,-105.2,-105.2,8480,0.4,8910,378.8,0,False,True,1
Q45617,Штатна магнітола Q1 під Lexus ES250 ES300 ES330 2001-2006 (T,2,7280.0,8160,8160,0.12,-99.2,-99.2,8280,6.4,8690,367.2,0,False,True,1
Q45618,Штатна магнітола Q1 під Mazda 2 DE 2007-2014 9 дюймів,2,7235.0,8110,8110,0.12,-98.2,-98.2,8230,7.4,8640,368.2,0,False,True,1
Q45619,"Штатна магнітола Q1 під Mazda 2, Demio, CX-3 2014+ (W1) 9 дю",2,7326.0,8210,8210,0.12,-101.2,-101.2,8330,4.4,8750,374.0,0,False,True,1
Q45620,Штатна магнітола Q1 під Mazda 3 Mazda3 Axela BM 2013-2017 (W,2,7326.0,8210,8210,0.12,-101.2,-101.2,8330,4.4,8750,374.0,0,False,True,1
Q45621,Штатна магнітола Q1 під Mazda 5 2 CR Premacy 2005-2010 Ford ,2,7189.0,8060,8060,0.12,-96.2,-96.2,8170,0.6,8580,361.4,0,False,True,1
Q45622,Штатна магнітола Q1 під Mazda 5 3 CW Premacy 2010-2015 Nissa,2,7189.0,8060,8060,0.12,-96.2,-96.2,8170,0.6,8580,361.4,0,False,True,1
Q45623,Штатна магнітола Q1 під Mazda 6 3 GL GJ 2012-2017 (F1) 9 дюй,2,7235.0,8110,8110,0.12,-98.2,-98.2,8230,7.4,8640,368.2,0,False,True,1
Q45624,Штатна магнітола Q1 під Mazda 6 2018+ (W1) 9 дюймів,2,7326.0,8210,8210,0.12,-101.2,-101.2,8330,4.4,8750,374.0,0,False,True,1
Q45625,Штатна магнітола Q1 під Mazda 6 GG Atenza 2004-2015 (F3) (W1,2,7553.0,8460,8460,0.12,-108.2,-108.2,8590,6.2,9020,384.6,0,False,True,1
Q45626,Штатна магнітола Q1 під Mazda 6 GG Atenza 2004-2015 (F3) (W2,2,7735.0,8670,8670,0.12,-105.4,-105.4,8790,0.2,9230,387.4,0,False,True,1
Q45627,Штатна магнітола Q1 під Mazda 6 GG Atenza 2004-2015 (F5) (W1,2,7872.0,8820,8820,0.12,-110.4,-110.4,8950,4.0,9400,400.0,0,False,True,1
Q45628,Штатна магнітола Q1 під Mazda 6 GG Atenza 2004-2015 (F5) (W2,2,7690.0,8620,8620,0.12,-104.4,-104.4,8740,1.2,9180,388.4,0,False,True,1
Q45629,"Штатна магнітола Q1 під Mazda 8, MPV LY 2006-2016 9 дюймів",2,7189.0,8060,8060,0.12,-96.2,-96.2,8170,0.6,8580,361.4,0,False,True,1
Q45630,Штатна магнітола Q1 під Mazda CX-5 2017+ (F1) (W1) 9 дюймів,2,7462.0,8360,8360,0.12,-105.2,-105.2,8480,0.4,8910,378.8,0,False,True,1
Q45631,Штатна магнітола Q1 під Mazda CX5 CX-5 CX 5 1 KE 2012-2015 (,2,7189.0,8060,8060,0.12,-96.2,-96.2,8170,0.6,8580,361.4,0,False,True,1
Q45632,Штатна магнітола Q1 під Mercedes Benz SL 2008-2012 (W1) 9 дю,2,11648.0,12470,12470,0.07,-50.9,-50.9,12530,4.9,13160,590.8,0,False,True,1
Q45633,Штатна магнітола Q1 під Mercedes Benz Smart Fortwo 2 2010-20,2,7235.0,8110,8110,0.12,-98.2,-98.2,8230,7.4,8640,368.2,0,False,True,1
Q45634,Штатна магнітола Q1 під MG 3 2011-2017 9 дюймів,2,7326.0,8210,8210,0.12,-101.2,-101.2,8330,4.4,8750,374.0,0,False,True,1
Q45635,Штатна магнітола Q1 під MG 5 2007-2015 (W2) 9 дюймів,2,7417.0,8310,8310,0.12,-104.2,-104.2,8430,1.4,8850,371.0,0,False,True,1
Q45636,Штатна магнітола Q1 під Mitsubishi ASX 1 RVR 2016-2022 (F2) ,2,7508.0,8410,8410,0.12,-107.2,-107.2,8540,7.2,8960,376.8,0,False,True,1
Q45637,Штатна магнітола Q1 під Mitsubishi Colt Plus 2013+ 9 дюймів,2,7280.0,8160,8160,0.12,-99.2,-99.2,8280,6.4,8690,367.2,0,False,True,1
Q45638,Штатна магнітола Q1 під Mitsubishi Galant 2004-2010; Grunder,2,7280.0,8160,8160,0.12,-99.2,-99.2,8280,6.4,8690,367.2,0,False,True,1
Q45639,"Штатна магнітола Q1 під Mitsubishi Grand, Lancer 2017-2022 9",2,7235.0,8110,8110,0.12,-98.2,-98.2,8230,7.4,8640,368.2,0,False,True,1
Q45640,Штатна магнітола Q1 під Mitsubishi Grandis 1 2006-2008 (F1) ,2,7280.0,8160,8160,0.12,-99.2,-99.2,8280,6.4,8690,367.2,0,False,True,1
Q45641,Штатна магнітола Q1 під Mitsubishi Grandis 1 2006-2008 (F3) ,2,7553.0,8460,8460,0.12,-108.2,-108.2,8590,6.2,9020,384.6,0,False,True,1
Q45642,Штатна магнітола Q1 під Mitsubishi Grandis 1 2008-2011 (F2) ,2,7371.0,8260,8260,0.12,-102.2,-102.2,8380,3.4,8800,373.0,0,False,True,1
Q45643,Штатна магнітола Q1 під Mitsubishi L200 5 2015-2019-Automati,2,7326.0,8210,8210,0.12,-101.2,-101.2,8330,4.4,8750,374.0,0,False,True,1
Q45644,Штатна магнітола Q1 під Mitsubishi L200 5 2015-2019-Manual a,2,7417.0,8310,8310,0.12,-104.2,-104.2,8430,1.4,8850,371.0,0,False,True,1
Q45645,Штатна магнітола Q1 під Mitsubishi L200 5 Triton 2018-2020 (,2,7371.0,8260,8260,0.12,-102.2,-102.2,8380,3.4,8800,373.0,0,False,True,1
Q45646,Штатна магнітола Q1 під Mitsubishi L200 5 Triton 2018-2020 (,2,7917.0,8870,8870,0.12,-111.4,-111.4,9000,3.0,9450,399.0,0,False,True,1
Q45647,Штатна магнітола Q1 під Mitsubishi Lancer 9 CS 2000-2010 (F1,2,7280.0,8160,8160,0.12,-99.2,-99.2,8280,6.4,8690,367.2,0,False,True,1
Q45648,Штатна магнітола Q1 під Mitsubishi Mirage 6 2012-2018 Space ,2,7235.0,8110,8110,0.12,-98.2,-98.2,8230,7.4,8640,368.2,0,False,True,1
Q45649,Штатна магнітола Q1 під Mitsubishi Outlander 1 2002-2008 (F1,2,7280.0,8160,8160,0.12,-99.2,-99.2,8280,6.4,8690,367.2,0,False,True,1
Q45650,Штатна магнітола Q1 під Mitsubishi Outlander 1 2002-2008 9 д,2,7280.0,8160,8160,0.12,-99.2,-99.2,8280,6.4,8690,367.2,0,False,True,1
Q45651,Штатна магнітола Q1 під Mitsubishi Outlander 2 CW0W 2005-201,2,7189.0,8060,8060,0.12,-96.2,-96.2,8170,0.6,8580,361.4,0,False,True,1
Q45654,"Штатна магнітола Q1 під Mitsubishi Pajero Pajero, Montero, S",2,7280.0,8160,8160,0.12,-99.2,-99.2,8280,6.4,8690,367.2,0,False,True,1
Q45655,Штатна магнітола Q1 під Mitsubishi Pajero Sport 2 L200 Trito,2,7235.0,8110,8110,0.12,-98.2,-98.2,8230,7.4,8640,368.2,0,False,True,1
Q45656,Штатна магнітола Q1 під Mitsubishi Pajero Sport 3 2016-2018 ,2,7326.0,8210,8210,0.12,-101.2,-101.2,8330,4.4,8750,374.0,0,False,True,1
Q45657,"Штатна магнітола Q1 під Mitsubishi Pajero, Montero, Shogun 1",2,7280.0,8160,8160,0.12,-99.2,-99.2,8280,6.4,8690,367.2,0,False,True,1
Q45658,Штатна магнітола Q1 під Mitsubishi Xpander 2017-2020 (F1) (W,2,7235.0,8110,8110,0.12,-98.2,-98.2,8230,7.4,8640,368.2,0,False,True,1
Q45659,Штатна магнітола Q1 під Mitsubishi Xpander 2017-2020 (F1) (W,2,7326.0,8210,8210,0.12,-101.2,-101.2,8330,4.4,8750,374.0,0,False,True,1
Q45660,Штатна магнітола Q1 під Nissan Altima 2006-2012 (F1) 9 дюймі,2,7144.0,8010,8010,0.12,-95.2,-95.2,8120,1.6,8530,362.4,0,False,True,1
Q45661,Штатна магнітола Q1 під Nissan Altima 2006-2012 (F2) 9 дюймі,2,7144.0,8010,8010,0.12,-95.2,-95.2,8120,1.6,8530,362.4,0,False,True,1
Q45663,Штатна магнітола Q1 під Nissan Juke 2010-2014 (Infiniti ESQ ,2,7189.0,8060,8060,0.12,-96.2,-96.2,8170,0.6,8580,361.4,0,False,True,1
Q45665,"Штатна магнітола Q1 під Nissan Lannia, Bluebird 2015-2022 (W",2,7098.0,7950,7950,0.12,-102.0,-102.0,8070,3.6,8470,355.6,0,False,True,1
Q45667,Штатна магнітола Q1 під Nissan Micra 2013-2019; March 2013+ ,2,7280.0,8160,8160,0.12,-99.2,-99.2,8280,6.4,8690,367.2,0,False,True,1
Q45668,"Штатна магнітола Q1 під Nissan Micra, March (K13) 2010-2013,",2,7144.0,8010,8010,0.12,-95.2,-95.2,8120,1.6,8530,362.4,0,False,True,1
Q45669,Штатна магнітола Q1 під Nissan Navara 3 D40 2004-2010 Pathfi,2,7235.0,8110,8110,0.12,-98.2,-98.2,8230,7.4,8640,368.2,0,False,True,1
Q45670,"Штатна магнітола Q1 під Nissan NP300, Navara, Frontier 2017+",2,7189.0,8060,8060,0.12,-96.2,-96.2,8170,0.6,8580,361.4,0,False,True,1
Q45671,Штатна магнітола Q1 під Nissan NV200 2009+ 9 дюймів,2,7144.0,8010,8010,0.12,-95.2,-95.2,8120,1.6,8530,362.4,0,False,True,1
Q45672,Штатна магнітола Q1 під Nissan NV350 2012-2017 9 дюймів,2,7508.0,8410,8410,0.12,-107.2,-107.2,8540,7.2,8960,376.8,0,False,True,1
Q45673,Штатна магнітола Q1 під Nissan Patrol (Y61) 2004-2021 Safari,2,7326.0,8210,8210,0.12,-101.2,-101.2,8330,4.4,8750,374.0,0,False,True,1
Q45674,Штатна магнітола Q1 під Nissan Patrol (Y61) 2004-2021 Safari,2,7417.0,8310,8310,0.12,-104.2,-104.2,8430,1.4,8850,371.0,0,False,True,1
Q45675,Штатна магнітола Q1 під Nissan Patrol Y62 2010-2020 (F1) 9 д,2,7599.0,8520,8520,0.12,-101.4,-101.4,8640,4.2,9070,382.6,0,False,True,1
Q45676,Штатна магнітола Q1 під Nissan Qashqai 1 J10 2006-2013 (F1) ,2,7144.0,8010,8010,0.12,-95.2,-95.2,8120,1.6,8530,362.4,0,False,True,1
Q45677,Штатна магнітола Q1 під Nissan Serena 2016+ 9 дюймів,2,7144.0,8010,8010,0.12,-95.2,-95.2,8120,1.6,8530,362.4,0,False,True,1
Q45678,Штатна магнітола Q1 під Nissan Sunny 2004-2010 9 дюймів,2,7280.0,8160,8160,0.12,-99.2,-99.2,8280,6.4,8690,367.2,0,False,True,1
Q45679,Штатна магнітола Q1 під Nissan Tiida (C12) 2011-2016 (W1) 9 ,2,7189.0,8060,8060,0.12,-96.2,-96.2,8170,0.6,8580,361.4,0,False,True,1
Q45680,Штатна магнітола Q1 під Nissan Tiida 2011-2016 (F2) 9 дюймів,2,7235.0,8110,8110,0.12,-98.2,-98.2,8230,7.4,8640,368.2,0,False,True,1
Q45681,"Штатна магнітола Q1 під Nissan Tiida C11 2004-2013 (F2) 10""",2,7144.0,8010,8010,0.12,-95.2,-95.2,8120,1.6,8530,362.4,0,False,True,1
Q45684,Штатна магнітола Q1 під Peugeot 207 2006-2015 9 дюймів,2,7371.0,8260,8260,0.12,-102.2,-102.2,8380,3.4,8800,373.0,0,False,True,1
Q45685,Штатна магнітола Q1 під Peugeot 307 1 2001-2008 (W2) 9 дюймі,2,7189.0,8060,8060,0.12,-96.2,-96.2,8170,0.6,8580,361.4,0,False,True,1
Q45686,Штатна магнітола Q1 під Peugeot 405 2006-2007 (F1) 9 дюймів,2,7462.0,8360,8360,0.12,-105.2,-105.2,8480,0.4,8910,378.8,0,False,True,1
Q45687,Штатна магнітола Q1 під Renault Kangoo 2015-2018 (W1) 9 дюйм,2,7280.0,8160,8160,0.12,-99.2,-99.2,8280,6.4,8690,367.2,0,False,True,1
Q45688,Штатна магнітола Q1 під Renault Koleos 2008 - 2016 (W1) 9 дю,2,7826.0,8770,8770,0.12,-108.4,-108.4,8900,6.0,9340,393.2,0,False,True,1
Q45689,Штатна магнітола Q1 під Renault Koleos 2008 - 2016 (W2) 9 дю,2,7826.0,8770,8770,0.12,-108.4,-108.4,8900,6.0,9340,393.2,0,False,True,1
Q45690,Штатна магнітола Q1 під Renault Kwid 2015-2019 (W1) 9 дюймів,2,7144.0,8010,8010,0.12,-95.2,-95.2,8120,1.6,8530,362.4,0,False,True,1
Q45691,Штатна магнітола Q1 під Skoda Fabia 2014-2020 (W1) 9 дюймів,2,7098.0,7950,7950,0.12,-102.0,-102.0,8070,3.6,8470,355.6,0,False,True,1
Q45692,"Штатна магнітола Q1 під SsangYong Actyon, Kyron 2005-2011 9 ",2,7371.0,8260,8260,0.12,-102.2,-102.2,8380,3.4,8800,373.0,0,False,True,1
Q45693,Штатна магнітола Q1 під SsangYong Korando 3 2010-2013 Actyon,2,7235.0,8110,8110,0.12,-98.2,-98.2,8230,7.4,8640,368.2,0,False,True,1
Q45694,Штатна магнітола Q1 під SsangYong Korando 3 Actyon 2 2013-20,2,7189.0,8060,8060,0.12,-96.2,-96.2,8170,0.6,8580,361.4,0,False,True,1
Q45695,Штатна магнітола Q1 під SsangYong Rexton 2001-2006 9 дюймів,2,7371.0,8260,8260,0.12,-102.2,-102.2,8380,3.4,8800,373.0,0,False,True,1
Q45696,Штатна магнітола Q1 під SsangYong Rexton Y290 III 3 2012-201,2,7280.0,8160,8160,0.12,-99.2,-99.2,8280,6.4,8690,367.2,0,False,True,1
Q45697,Штатна магнітола Q1 під SsangYong Tivoli 2019-2021 9 дюймів,2,7280.0,8160,8160,0.12,-99.2,-99.2,8280,6.4,8690,367.2,0,False,True,1
Q45698,"Штатна магнітола Q1 під Subaru Forester 3 SH 2008-2012, Impr",2,7189.0,8060,8060,0.12,-96.2,-96.2,8170,0.6,8580,361.4,0,False,True,1
Q45699,Штатна магнітола Q1 під Subaru Forester 4 SJ 2012-2015 Impre,2,7189.0,8060,8060,0.12,-96.2,-96.2,8170,0.6,8580,361.4,0,False,True,1
Q45700,Штатна магнітола Q1 під Subaru Forester SJ 2015-2018 Impreza,2,7189.0,8060,8060,0.12,-96.2,-96.2,8170,0.6,8580,361.4,0,False,True,1
Q45701,Штатна магнітола Q1 під Subaru Impreza GD GG WRX 2002-2007 9,2,7508.0,8410,8410,0.12,-107.2,-107.2,8540,7.2,8960,376.8,0,False,True,1
Q45702,Штатна магнітола Q1 під Subaru Outback 3 Legacy 4 2003-2009 ,2,7508.0,8410,8410,0.12,-107.2,-107.2,8540,7.2,8960,376.8,0,False,True,1
Q45703,Штатна магнітола Q1 під Subaru Outback 4 Legacy 5 2009-2014 ,2,7553.0,8460,8460,0.12,-108.2,-108.2,8590,6.2,9020,384.6,0,False,True,1
Q45704,Штатна магнітола Q1 під Subaru Outback 5 2014-2018 Legacy 6 ,2,7462.0,8360,8360,0.12,-105.2,-105.2,8480,0.4,8910,378.8,0,False,True,1
Q45705,"Штатна магнітола Q1 під Suzuki Alivio, Creta 2015+ 9 дюймів",2,7189.0,8060,8060,0.12,-96.2,-96.2,8170,0.6,8580,361.4,0,False,True,1
Q45706,Штатна магнітола Q1 під Suzuki Alto 600 2019+ 9 дюймів,2,7417.0,8310,8310,0.12,-104.2,-104.2,8430,1.4,8850,371.0,0,False,True,1
Q45707,Штатна магнітола Q1 під Suzuki Alto 2009-2016 Maruti A-Star ,2,7189.0,8060,8060,0.12,-96.2,-96.2,8170,0.6,8580,361.4,0,False,True,1
Q45708,Штатна магнітола Q1 під Suzuki Baleno 2010+ 9 дюймів,2,7189.0,8060,8060,0.12,-96.2,-96.2,8170,0.6,8580,361.4,0,False,True,1
Q45709,Штатна магнітола Q1 під Suzuki Beidouxing 2004-2012 9 дюймів,2,7189.0,8060,8060,0.12,-96.2,-96.2,8170,0.6,8580,361.4,0,False,True,1
Q45710,"Штатна магнітола Q1 під Suzuki Celerio, Cultus 2014+ (F1) 9 ",2,7280.0,8160,8160,0.12,-99.2,-99.2,8280,6.4,8690,367.2,0,False,True,1
Q45711,Штатна магнітола Q1 під Suzuki Ertiga 2020+ 9 дюймів,2,7189.0,8060,8060,0.12,-96.2,-96.2,8170,0.6,8580,361.4,0,False,True,1
Q45712,Штатна магнітола Q1 під Suzuki Grand Vitara 3 Escudo 2005-20,2,7144.0,8010,8010,0.12,-95.2,-95.2,8120,1.6,8530,362.4,0,False,True,1
Q45713,Штатна магнітола Q1 під Suzuki Jimny 3 2005-2019 9 дюймів,2,7280.0,8160,8160,0.12,-99.2,-99.2,8280,6.4,8690,367.2,0,False,True,1
Q45714,Штатна магнітола Q1 під Suzuki Jimny JB64 2018-2020 9 дюймів,2,7189.0,8060,8060,0.12,-96.2,-96.2,8170,0.6,8580,361.4,0,False,True,1
Q45715,Штатна магнітола Q1 під Suzuki Kizashi 2009-2015 (W1) 9 дюйм,2,7235.0,8110,8110,0.12,-98.2,-98.2,8230,7.4,8640,368.2,0,False,True,1
Q45716,Штатна магнітола Q1 під Suzuki Kizashi 2009-2015 (W2) 9 дюйм,2,7417.0,8310,8310,0.12,-104.2,-104.2,8430,1.4,8850,371.0,0,False,True,1
Q45717,Штатна магнітола Q1 під Suzuki Liana 1 2004-2008 9 дюймів,2,7235.0,8110,8110,0.12,-98.2,-98.2,8230,7.4,8640,368.2,0,False,True,1
Q45718,Штатна магнітола Q1 під Suzuki Liana A6 2014-2015 9 дюймів,2,7417.0,8310,8310,0.12,-104.2,-104.2,8430,1.4,8850,371.0,0,False,True,1
Q45719,Штатна магнітола Q1 під Suzuki Swift 4 2011-2017 Ertiga 2012,2,7189.0,8060,8060,0.12,-96.2,-96.2,8170,0.6,8580,361.4,0,False,True,1
Q45720,Штатна магнітола Q1 під Suzuki Swift 5 2016-2020 (F1) 9 дюйм,2,7189.0,8060,8060,0.12,-96.2,-96.2,8170,0.6,8580,361.4,0,False,True,1
Q45721,Штатна магнітола Q1 під Suzuki SX4 2 S-Cross 2012-2016 9 дюй,2,7235.0,8110,8110,0.12,-98.2,-98.2,8230,7.4,8640,368.2,0,False,True,1
Q45722,Штатна магнітола Q1 під Suzuki Vitara 4 2014-2018 9 дюймів,2,7189.0,8060,8060,0.12,-96.2,-96.2,8170,0.6,8580,361.4,0,False,True,1
Q45723,Штатна магнітола Q1 під Suzuki Wagon 2017-2021 9 дюймів,2,7189.0,8060,8060,0.12,-96.2,-96.2,8170,0.6,8580,361.4,0,False,True,1
Q45724,Штатна магнітола Q1 під Toyota Allion T260 2007-2020 9 дюймі,2,7371.0,8260,8260,0.12,-102.2,-102.2,8380,3.4,8800,373.0,0,False,True,1
Q45725,Штатна магнітола Q1 під Toyota Alphard 2003-2007 (F1) (W1) 9,2,7189.0,8060,8060,0.12,-96.2,-96.2,8170,0.6,8580,361.4,0,False,True,1
Q45726,Штатна магнітола Q1 під Toyota Alphard 2003-2007 (F2) (W1) 9,2,7235.0,8110,8110,0.12,-98.2,-98.2,8230,7.4,8640,368.2,0,False,True,1
Q45727,Штатна магнітола Q1 під Toyota Avanza 2004-2012 9 дюймів,2,7371.0,8260,8260,0.12,-102.2,-102.2,8380,3.4,8800,373.0,0,False,True,1
Q45728,Штатна магнітола Q1 під Toyota Avanza 2019+ 9 дюймів,2,7371.0,8260,8260,0.12,-102.2,-102.2,8380,3.4,8800,373.0,0,False,True,1
Q45729,Штатна магнітола Q1 під Toyota Avensis 3 2008-2015 9 дюймів,2,7280.0,8160,8160,0.12,-99.2,-99.2,8280,6.4,8690,367.2,0,False,True,1
Q45730,Штатна магнітола Q1 під Toyota Avensis T250 2 II 2003-2009 9,2,7144.0,8010,8010,0.12,-95.2,-95.2,8120,1.6,8530,362.4,0,False,True,1
Q45731,Штатна магнітола Q1 під Toyota Camry 5 XV 30 2001-2006 (F1) ,2,7144.0,8010,8010,0.12,-95.2,-95.2,8120,1.6,8530,362.4,0,False,True,1
Q45732,Штатна магнітола Q1 під Toyota Camry 5 XV 30 2001-2006 (F1) ,2,7144.0,8010,8010,0.12,-95.2,-95.2,8120,1.6,8530,362.4,0,False,True,1
Q45733,Штатна магнітола Q1 під Toyota Camry 6 XV 40 50 2006-2011 (F,2,7053.0,7900,7900,0.12,-101.0,-101.0,8020,4.6,8420,356.6,0,False,True,1
Q45734,Штатна магнітола Q1 під Toyota Corolla (EX) 2012-2017 9 дюйм,2,7098.0,7950,7950,0.12,-102.0,-102.0,8070,3.6,8470,355.6,0,False,True,1
Q45735,Штатна магнітола Q1 під Toyota Corolla 9 E120 2004-2006 (F1),2,7280.0,8160,8160,0.12,-99.2,-99.2,8280,6.4,8690,367.2,0,False,True,1
Q45736,Штатна магнітола Q1 під Toyota Corolla 9 E120 2004-2006 (F2),2,7417.0,8310,8310,0.12,-104.2,-104.2,8430,1.4,8850,371.0,0,False,True,1
Q45737,Штатна магнітола Q1 під Toyota Corolla 10 E140 E150 2006-201,2,7098.0,7950,7950,0.12,-102.0,-102.0,8070,3.6,8470,355.6,0,False,True,1
Q45738,Штатна магнітола Q1 під Toyota Corolla 10 E140 E150 2006-201,2,7053.0,7900,7900,0.12,-101.0,-101.0,8020,4.6,8420,356.6,0,False,True,1
Q45739,Штатна магнітола Q1 під Toyota Corolla 11 2017-2018 (F3) (W1,2,7098.0,7950,7950,0.12,-102.0,-102.0,8070,3.6,8470,355.6,0,False,True,1
Q45740,Штатна магнітола Q1 під Toyota Corolla E130 E120 2007-2012 (,2,7098.0,7950,7950,0.12,-102.0,-102.0,8070,3.6,8470,355.6,0,False,True,1
Q45741,Штатна магнітола Q1 під Toyota Corolla E130 E120 2007-2012 (,2,7098.0,7950,7950,0.12,-102.0,-102.0,8070,3.6,8470,355.6,0,False,True,1
Q45742,Штатна магнітола Q1 під Toyota Corolla E150 2007-2015 (Rumio,2,7599.0,8520,8520,0.12,-101.4,-101.4,8640,4.2,9070,382.6,0,False,True,1
Q45743,Штатна магнітола Q1 під Toyota Corolla Verso AR10 2004-2009 ,2,7235.0,8110,8110,0.12,-98.2,-98.2,8230,7.4,8640,368.2,0,False,True,1
Q45744,Штатна магнітола Q1 під Toyota Fortuner 1 AN50 AN60 HILUX Re,2,7280.0,8160,8160,0.12,-99.2,-99.2,8280,6.4,8690,367.2,0,False,True,1
Q45745,Штатна магнітола Q1 під Toyota Fortuner 1 AN50 AN60 HILUX Re,2,7326.0,8210,8210,0.12,-101.2,-101.2,8330,4.4,8750,374.0,0,False,True,1
Q45746,Штатна магнітола Q1 під Toyota Fortuner 1 AN50 AN60 HILUX Re,2,7280.0,8160,8160,0.12,-99.2,-99.2,8280,6.4,8690,367.2,0,False,True,1
Q45747,Штатна магнітола Q1 під Toyota Fortuner 2 2015-2018 SW4 2016,2,7144.0,8010,8010,0.12,-95.2,-95.2,8120,1.6,8530,362.4,0,False,True,1
Q45748,"Штатна магнітола Q1 під Toyota GT 86, Subaru BRZ 2012-2016 9",2,7371.0,8260,8260,0.12,-102.2,-102.2,8380,3.4,8800,373.0,0,False,True,1
Q45749,Штатна магнітола Q1 під Toyota Highlander 1 XU20 2001-2007 (,2,7235.0,8110,8110,0.12,-98.2,-98.2,8230,7.4,8640,368.2,0,False,True,1
Q45750,"Штатна магнітола Q1 під Toyota Innova, Crysta 2008-2010 (F1)",2,7280.0,8160,8160,0.12,-99.2,-99.2,8280,6.4,8690,367.2,0,False,True,1
Q45751,"Штатна магнітола Q1 під Toyota Innova, Crysta 2008-2010 (F2)",2,7462.0,8360,8360,0.12,-105.2,-105.2,8480,0.4,8910,378.8,0,False,True,1
Q45752,"Штатна магнітола Q1 під Toyota Innova, Crysta 2010-2014 9 дю",2,7280.0,8160,8160,0.12,-99.2,-99.2,8280,6.4,8690,367.2,0,False,True,1
Q45753,"Штатна магнітола Q1 під Toyota Innova, Crysta(right) 2015+ (",2,7235.0,8110,8110,0.12,-98.2,-98.2,8230,7.4,8640,368.2,0,False,True,1
Q45754,Штатна магнітола Q1 під Toyota Land Cruiser 11 200 2015-2018,2,7144.0,8010,8010,0.12,-95.2,-95.2,8120,1.6,8530,362.4,0,False,True,1
Q45755,Штатна магнітола Q1 під Toyota Land Cruiser 70 Series LC 79 ,2,7189.0,8060,8060,0.12,-96.2,-96.2,8170,0.6,8580,361.4,0,False,True,1
Q45756,Штатна магнітола Q1 під Toyota Land Cruiser 70 Series LC 79 ,2,7326.0,8210,8210,0.12,-101.2,-101.2,8330,4.4,8750,374.0,0,False,True,1
Q45757,Штатна магнітола Q1 під Toyota Land Cruiser LC 100-A 2002-20,2,7144.0,8010,8010,0.12,-95.2,-95.2,8120,1.6,8530,362.4,0,False,True,1
Q45758,Штатна магнітола Q1 під Toyota Land Cruiser Prado 120 2004-2,2,7053.0,7900,7900,0.12,-101.0,-101.0,8020,4.6,8420,356.6,0,False,True,1
Q45759,Штатна магнітола Q1 під Toyota Land Cruiser Prado 120 2004-2,2,7326.0,8210,8210,0.12,-101.2,-101.2,8330,4.4,8750,374.0,0,False,True,1
Q45760,Штатна магнітола Q1 під Toyota Land Cruiser Prado 120 J120 2,2,7189.0,8060,8060,0.12,-96.2,-96.2,8170,0.6,8580,361.4,0,False,True,1
Q45761,Штатна магнітола Q1 під Toyota Land Cruiser Prado 150 2009-2,2,7144.0,8010,8010,0.12,-95.2,-95.2,8120,1.6,8530,362.4,0,False,True,1
Q45762,Штатна магнітола Q1 під Toyota Mark II (JZX110) 2000-2004; V,2,7144.0,8010,8010,0.12,-95.2,-95.2,8120,1.6,8530,362.4,0,False,True,1
Q45763,"Штатна магнітола Q1 під Toyota Mark X 2004-2009, Reiz 2005-2",2,7098.0,7950,7950,0.12,-102.0,-102.0,8070,3.6,8470,355.6,0,False,True,1
Q45764,Штатна магнітола Q1 під Toyota Matrix 2008-2011 (Pontiac Vib,2,7371.0,8260,8260,0.12,-102.2,-102.2,8380,3.4,8800,373.0,0,False,True,1
Q45765,Штатна магнітола Q1 під Toyota Matrix E130 2002-2004 9 дюймі,2,7326.0,8210,8210,0.12,-101.2,-101.2,8330,4.4,8750,374.0,0,False,True,1
Q45766,Штатна магнітола Q1 під Toyota Matrix E130 2004-2008 9 дюймі,2,7326.0,8210,8210,0.12,-101.2,-101.2,8330,4.4,8750,374.0,0,False,True,1
Q45767,"Штатна магнітола Q1 під Toyota Previa 2007+, Estima 2006-201",2,7144.0,8010,8010,0.12,-95.2,-95.2,8120,1.6,8530,362.4,0,False,True,1
Q45768,Штатна магнітола Q1 під Toyota Prius 2016-2018 9 дюймів,2,7235.0,8110,8110,0.12,-98.2,-98.2,8230,7.4,8640,368.2,0,False,True,1
Q45769,Штатна магнітола Q1 під Toyota Prius V 2012-2017 (W1) 9 дюйм,2,7280.0,8160,8160,0.12,-99.2,-99.2,8280,6.4,8690,367.2,0,False,True,1
Q45770,Штатна магнітола Q1 під Toyota Prius XW30 2009-2015 (F1) 9 д,2,7144.0,8010,8010,0.12,-95.2,-95.2,8120,1.6,8530,362.4,0,False,True,1
Q45771,Штатна магнітола Q1 під Toyota RAV4 3 XA30 2005-2013 (F1) 9 ,2,7053.0,7900,7900,0.12,-101.0,-101.0,8020,4.6,8420,356.6,0,False,True,1
Q45772,Штатна магнітола Q1 під Toyota RAV4 2000-2003 9 дюймів,2,7189.0,8060,8060,0.12,-96.2,-96.2,8170,0.6,8580,361.4,0,False,True,1
Q45773,Штатна магнітола Q1 під Toyota RAV4 2003-2005 9 дюймів,2,7235.0,8110,8110,0.12,-98.2,-98.2,8230,7.4,8640,368.2,0,False,True,1
Q45774,Штатна магнітола Q1 під Toyota Reiz 2011+ Mark X 2009-2019 (,2,7098.0,7950,7950,0.12,-102.0,-102.0,8070,3.6,8470,355.6,0,False,True,1
Q45775,Штатна магнітола Q1 під Toyota Rush 2018+ Daihatsu Terios II,2,7189.0,8060,8060,0.12,-96.2,-96.2,8170,0.6,8580,361.4,0,False,True,1
Q45776,"Штатна магнітола Q1 під Toyota Rush J200, Daihatsu Be-Go, Te",2,7326.0,8210,8210,0.12,-101.2,-101.2,8330,4.4,8750,374.0,0,False,True,1
Q45777,Штатна магнітола Q1 під Toyota Sienna 3 XL30 2010 - 2014 (W1,2,7098.0,7950,7950,0.12,-102.0,-102.0,8070,3.6,8470,355.6,0,False,True,1
Q45778,Штатна магнітола Q1 під Toyota Sienna 2004-2010 (W1) 9 дюймі,2,7280.0,8160,8160,0.12,-99.2,-99.2,8280,6.4,8690,367.2,0,False,True,1
Q45779,Штатна магнітола Q1 під Toyota Tacoma 2 Hilux 2005-2015 (W1),2,7280.0,8160,8160,0.12,-99.2,-99.2,8280,6.4,8690,367.2,0,False,True,1
Q45780,Штатна магнітола Q1 під Toyota Tacoma N300 2015-2021 (W1) 9 ,2,7235.0,8110,8110,0.12,-98.2,-98.2,8230,7.4,8640,368.2,0,False,True,1
Q45781,Штатна магнітола Q1 під Toyota Universal (F1) (W2) 9 дюймів,2,7462.0,8360,8360,0.12,-105.2,-105.2,8480,0.4,8910,378.8,0,False,True,1
Q45782,Штатна магнітола Q1 під Toyota Venza 2008-2016 9 дюймів,2,7280.0,8160,8160,0.12,-99.2,-99.2,8280,6.4,8690,367.2,0,False,True,1
Q45783,Штатна магнітола Q1 під Toyota Verso R20 2009-2018 (F1) 9 дю,2,7144.0,8010,8010,0.12,-95.2,-95.2,8120,1.6,8530,362.4,0,False,True,1
Q45784,Штатна магнітола Q1 під Toyota Verso R20 2009-2018 (F2) 9 дю,2,7189.0,8060,8060,0.12,-96.2,-96.2,8170,0.6,8580,361.4,0,False,True,1
Q45785,Штатна магнітола Q1 під Toyota Vios 2003+ 9 дюймів,2,7053.0,7900,7900,0.12,-101.0,-101.0,8020,4.6,8420,356.6,0,False,True,1
Q45786,Штатна магнітола Q1 під Toyota Vios Yaris L 2020-2022 (F2) 9,2,7144.0,8010,8010,0.12,-95.2,-95.2,8120,1.6,8530,362.4,0,False,True,1
Q45787,"Штатна магнітола Q1 під Toyota Vios, Yaris 2008 - 2012 Belta",2,7098.0,7950,7950,0.12,-102.0,-102.0,8070,3.6,8470,355.6,0,False,True,1
Q45788,"Штатна магнітола Q1 під Toyota Vios, Yaris 2008 - 2012 Belta",2,7053.0,7900,7900,0.12,-101.0,-101.0,8020,4.6,8420,356.6,0,False,True,1
Q45789,Штатна магнітола Q1 під Toyota Vitz 2015-2020 (W1) 9 дюймів,2,7371.0,8260,8260,0.12,-102.2,-102.2,8380,3.4,8800,373.0,0,False,True,1
Q45790,"Штатна магнітола Q1 під Toyota Wigo, Agya 2013-2021 9 дюймів",2,7280.0,8160,8160,0.12,-99.2,-99.2,8280,6.4,8690,367.2,0,False,True,1
Q45791,Штатна магнітола Q1 під Toyota Yaris 2011-2014 9 дюймів,2,7189.0,8060,8060,0.12,-96.2,-96.2,8170,0.6,8580,361.4,0,False,True,1
Q45792,Штатна магнітола Q1 під Toyota Yaris Vios 2017-2020 (F1) 9'',2,7189.0,8060,8060,0.12,-96.2,-96.2,8170,0.6,8580,361.4,0,False,True,1
Q45793,Штатна магнітола Q1 під Toyota Yaris Vios 2017-2020 (F2) 9'',2,7235.0,8110,8110,0.12,-98.2,-98.2,8230,7.4,8640,368.2,0,False,True,1
Q45795,"Штатна магнітола Q1 під Toyota Yaris XP90, Vitz, Platz 2005-",2,7144.0,8010,8010,0.12,-95.2,-95.2,8120,1.6,8530,362.4,0,False,True,1
Q45796,Штатна магнітола Q1 під UAZ Patriot 3 (F2) Profi 2016-2021 (,2,7417.0,8310,8310,0.12,-104.2,-104.2,8430,1.4,8850,371.0,0,False,True,1
Q45797,Штатна магнітола Q1 під UAZ Patriot 2012-2016 9 дюймів,2,7280.0,8160,8160,0.12,-99.2,-99.2,8280,6.4,8690,367.2,0,False,True,1
Q45798,Штатна магнітола Q1 під Volkswagen Bora 2012-2016 (W1) 9 дюй,2,7098.0,7950,7950,0.12,-102.0,-102.0,8070,3.6,8470,355.6,0,False,True,1
Q45799,Штатна магнітола Q1 під Volkswagen Jetta 2013+ (W1) 9 дюймів,2,7053.0,7900,7900,0.12,-101.0,-101.0,8020,4.6,8420,356.6,0,False,True,1
Q45800,Штатна магнітола Q1 під Volkswagen Lavida 2010-2012 (W1) 9 д,2,7098.0,7950,7950,0.12,-102.0,-102.0,8070,3.6,8470,355.6,0,False,True,1
Q45801,Штатна магнітола Q1 під Volkswagen Lavida 2015-2018 (F2) (W2,2,7098.0,7950,7950,0.12,-102.0,-102.0,8070,3.6,8470,355.6,0,False,True,1
Q45802,Штатна магнітола Q1 під Volkswagen POLO 5 2008-2020 (W1) 9 д,2,7098.0,7950,7950,0.12,-102.0,-102.0,8070,3.6,8470,355.6,0,False,True,1
Q45803,Штатна магнітола Q1 під Volkswagen Santana 2012+ (F1) (W1) 9,2,7053.0,7900,7900,0.12,-101.0,-101.0,8020,4.6,8420,356.6,0,False,True,1
Q45804,Штатна магнітола Q1 під Volkswagen Santana 2012+ (F2) (W1) 9,2,7007.0,7850,7850,0.12,-99.0,-99.0,7970,6.6,8370,358.6,0,False,True,1
Q45824,Штатна магнітола Q1 під Acura TSX 2008-2012 Honda Accord 200,2,8600.0,9640,9640,0.12,-116.8,-116.8,9780,6.4,9710,-55.2,0,False,True,1
Q45828,Штатна магнітола Q1 під Audi Q5 2010-2018 (F1) (W1) 9 дюймів,2,10784.0,11540,11540,0.07,-51.8,-51.8,11600,4.0,12180,543.4,0,False,True,1
Q45829,Штатна магнітола Q1 під Audi Q5 2010-2018 (F1) (W2) 9 дюймів,2,10784.0,11540,11540,0.07,-51.8,-51.8,11600,4.0,12180,543.4,0,False,True,1
Q45831,Штатна магнітола Q1 під BMW 1 E88 E82 E81 E87 2004-2011 (F1),2,8008.0,8970,8970,0.12,-114.4,-114.4,9100,0.0,9560,404.8,0,False,True,1
Q45832,Штатна магнітола Q1 під BMW 1 E88 E82 E81 E87 2004-2011 (F2),2,8008.0,8970,8970,0.12,-114.4,-114.4,9100,0.0,9560,404.8,0,False,True,1
Q45833,Штатна магнітола Q1 під BMW 1-Series (F20 / F21) 2011-2019 9,2,10283.0,11010,11010,0.07,-43.7,-43.7,11060,2.8,11610,514.3,0,False,True,1
Q45834,Штатна магнітола Q1 під BMW 3 E90 E91 E92 E93 2005-2013 9 дю,2,7917.0,8870,8870,0.12,-111.4,-111.4,9000,3.0,9450,399.0,0,False,True,1
Q45835,Штатна магнітола Q1 під BMW 3-Series (F30/F31/F34/F35/F80) 2,2,10329.0,11060,11060,0.07,-43.2,-43.2,11110,3.3,11670,524.1,0,False,True,1
Q45836,Штатна магнітола Q1 під BMW 3-Series 3 Series E46 1998-2006 ,2,8190.0,9180,9180,0.12,-111.6,-111.6,9310,2.8,9780,416.4,0,False,True,1
Q45838,Штатна магнітола Q1 під BMW 5 Series F10 F11 NBT 2013-2017 (,2,10238.0,10960,10960,0.07,-45.2,-45.2,11010,1.3,11560,512.8,0,False,True,1
Q45839,Штатна магнітола Q1 під BMW 5 Series F10 F11 NBT 2013-2017 (,2,10238.0,10960,10960,0.07,-45.2,-45.2,11010,1.3,11560,512.8,0,False,True,1
Q45840,Штатна магнітола Q1 під BMW X3 2011-2016 (W1) 9 дюймів,2,10283.0,11010,11010,0.07,-43.7,-43.7,11060,2.8,11610,514.3,0,False,True,1
Q45841,Штатна магнітола Q1 під BMW X3 2011-2016 (W2) 9 дюймів,2,10283.0,11010,11010,0.07,-43.7,-43.7,11060,2.8,11610,514.3,0,False,True,1
Q45843,Штатна магнітола Q1 під Bmw X5 (E53) 1999-2006 (W1) 9 дюймів,2,8190.0,9180,9180,0.12,-111.6,-111.6,9310,2.8,9780,416.4,0,False,True,1
Q45845,Штатна магнітола Q1 під Bmw X5 (E53) 1999-2006 (W4) 9 дюймів,2,8418.0,9430,9430,0.12,-119.6,-119.6,9570,3.6,9510,-49.2,0,False,True,1
Q45846,Штатна магнітола Q1 під BMW X5 E39 E53 1999 - 2006 (W1) 9 дю,2,8236.0,9230,9230,0.12,-113.6,-113.6,9360,0.8,9830,414.4,0,False,True,1
Q45848,Штатна магнітола Q1 під BMW X5 F15 X6 F16 2014-2019 (W1) 9 д,2,10875.0,11640,11640,0.07,-49.8,-49.8,11700,6.0,12280,545.4,0,False,True,1
Q45849,Штатна магнітола Q1 під BMW X5 F15 X6 F16 2014-2019 (W2) 9 д,2,10875.0,11640,11640,0.07,-49.8,-49.8,11700,6.0,12280,545.4,0,False,True,1
Q45850,Штатна магнітола Q1 під Buick Enclave 2007-2012 (W1) 9 дюймі,2,8554.0,9590,9590,0.12,-114.8,-114.8,9730,8.4,9660,-53.2,0,False,True,1
Q45851,Штатна магнітола Q1 під Buick Encore 2016+ Opel Mokka 2016-2,2,7644.0,8570,8570,0.12,-102.4,-102.4,8690,3.2,9130,390.4,0,False,True,1
Q45852,Штатна магнітола Q1 під Buick Encore 2016+ Opel Mokka 2016-2,2,7644.0,8570,8570,0.12,-102.4,-102.4,8690,3.2,9130,390.4,0,False,True,1
Q45853,Штатна магнітола Q1 під Buick Envision 2020+ 9 дюймів,2,8190.0,9180,9180,0.12,-111.6,-111.6,9310,2.8,9780,416.4,0,False,True,1
Q45854,Штатна магнітола Q1 під Buick Excelle 2018 (F1) (W2) 9 дюймі,2,7826.0,8770,8770,0.12,-108.4,-108.4,8900,6.0,9340,393.2,0,False,True,1
Q45855,Штатна магнітола Q1 під Buick Excelle 2018 (F1) (W3) 9 дюймі,2,7826.0,8770,8770,0.12,-108.4,-108.4,8900,6.0,9340,393.2,0,False,True,1
Q45856,"Штатна магнітола Q1 під Buick Excelle, Opel Astra J 2009-201",2,7644.0,8570,8570,0.12,-102.4,-102.4,8690,3.2,9130,390.4,0,False,True,1
Q45857,Штатна магнітола Q1 під Buick GL6 2017-2023 (W1) 9 дюймів,2,8236.0,9230,9230,0.12,-113.6,-113.6,9360,0.8,9830,414.4,0,False,True,1
Q45858,Штатна магнітола Q1 під Buick GL6 2017-2023 (W2) 9 дюймів,2,7781.0,8720,8720,0.12,-107.4,-107.4,8850,7.0,9290,394.2,0,False,True,1
Q45859,Штатна магнітола Q1 під Buick GL8 2004-2007 (W2) 9 дюймів,2,7735.0,8670,8670,0.12,-105.4,-105.4,8790,0.2,9230,387.4,0,False,True,1
Q45860,Штатна магнітола Q1 під Buick GL8 2005-2010 (F1) (W2) 9 дюйм,2,7735.0,8670,8670,0.12,-105.4,-105.4,8790,0.2,9230,387.4,0,False,True,1
Q45861,Штатна магнітола Q1 під Buick GL8 2005-2010 (F1) (W3) 9 дюйм,2,7735.0,8670,8670,0.12,-105.4,-105.4,8790,0.2,9230,387.4,0,False,True,1
Q45862,Штатна магнітола Q1 під Buick GL8 2014-2017 (W1) 9 дюймів,2,7781.0,8720,8720,0.12,-107.4,-107.4,8850,7.0,9290,394.2,0,False,True,1
Q45863,Штатна магнітола Q1 під Buick GL8 2014-2017 (W2) 9 дюймів,2,7963.0,8920,8920,0.12,-113.4,-113.4,9050,1.0,9510,405.8,0,False,True,1
Q45864,Штатна магнітола Q1 під Buick Lacrosse 2006-2009 (F1) (W1) 9,2,7917.0,8870,8870,0.12,-111.4,-111.4,9000,3.0,9450,399.0,0,False,True,1
Q45865,Штатна магнітола Q1 під Buick Lacrosse 2006-2009 (F1) (W3) 9,2,7963.0,8920,8920,0.12,-113.4,-113.4,9050,1.0,9510,405.8,0,False,True,1
Q45866,Штатна магнітола Q1 під Buick Lacrosse 2009-2013 (W1) 9 дюйм,2,8008.0,8970,8970,0.12,-114.4,-114.4,9100,0.0,9560,404.8,0,False,True,1
Q45867,Штатна магнітола Q1 під Buick Lacrosse 2009-2013 (W2) 9 дюйм,2,7781.0,8720,8720,0.12,-107.4,-107.4,8850,7.0,9290,394.2,0,False,True,1
Q45868,Штатна магнітола Q1 під Buick Regal 2008-2013 Opel Insignia ,2,7644.0,8570,8570,0.12,-102.4,-102.4,8690,3.2,9130,390.4,0,False,True,1
Q45869,Штатна магнітола Q1 під Buick Regal 2008-2013 Opel Insignia ,2,7735.0,8670,8670,0.12,-105.4,-105.4,8790,0.2,9230,387.4,0,False,True,1
Q45871,Штатна магнітола Q1 під Chevrolet Aveo 2 2011-2015 Sonic 201,2,7690.0,8620,8620,0.12,-104.4,-104.4,8740,1.2,9180,388.4,0,False,True,1
Q45872,Штатна магнітола Q1 під Chevrolet Aveo 3 2016-2021 Sonic 201,2,8827.0,9890,9890,0.12,-123.8,-123.8,9500,-467.0,9970,-53.4,0,False,True,1
Q45873,Штатна магнітола Q1 під Chevrolet Aveo 3 2016-2021 Sonic 201,2,8645.0,9690,9690,0.12,-117.8,-117.8,9830,5.4,9770,-47.4,0,False,True,1
Q45874,Штатна магнітола Q1 під Chevrolet Aveo 2014-2016 9 дюймів,2,7644.0,8570,8570,0.12,-102.4,-102.4,8690,3.2,9130,390.4,0,False,True,1
Q45877,Штатна магнітола Q1 під Chevrolet Cavalier 2016+ (F1) (W2) 9,2,7690.0,8620,8620,0.12,-104.4,-104.4,8740,1.2,9180,388.4,0,False,True,1
Q45878,Штатна магнітола Q1 під Chevrolet Cobalt 2 2011 - 2018 (W1) ,2,7690.0,8620,8620,0.12,-104.4,-104.4,8740,1.2,9180,388.4,0,False,True,1
Q45879,Штатна магнітола Q1 під Chevrolet Cobalt 2 2011 - 2018 (W2) ,2,7963.0,8920,8920,0.12,-113.4,-113.4,9050,1.0,9510,405.8,0,False,True,1
Q45880,Штатна магнітола Q1 під Chevrolet Colorado 2015-2022 GMC Can,2,8782.0,9840,9840,0.12,-122.8,-122.8,9980,0.4,9920,-52.4,0,False,True,1
Q45881,Штатна магнітола Q1 під Chevrolet Cruze 2 2016-2023 (W1) 9 д,2,7963.0,8920,8920,0.12,-113.4,-113.4,9050,1.0,9510,405.8,0,False,True,1
Q45882,Штатна магнітола Q1 під Chevrolet Cruze 2 2016-2023 (W2) 9 д,2,7735.0,8670,8670,0.12,-105.4,-105.4,8790,0.2,9230,387.4,0,False,True,1
Q45883,Штатна магнітола Q1 під Chevrolet Cruze 3 2020+ (W1) 9 дюймі,2,7781.0,8720,8720,0.12,-107.4,-107.4,8850,7.0,9290,394.2,0,False,True,1
Q45884,Штатна магнітола Q1 під Chevrolet Cruze 3 2020+ (W2) 9 дюймі,2,7735.0,8670,8670,0.12,-105.4,-105.4,8790,0.2,9230,387.4,0,False,True,1
Q45885,Штатна магнітола Q1 під Chevrolet Cruze J300 2008-2014 (F1) ,2,7599.0,8520,8520,0.12,-101.4,-101.4,8640,4.2,9070,382.6,0,False,True,1
Q45886,Штатна магнітола Q1 під Chevrolet Cruze J300 J308 2012-2015 ,2,7690.0,8620,8620,0.12,-104.4,-104.4,8740,1.2,9180,388.4,0,False,True,1
Q45887,Штатна магнітола Q1 під Chevrolet Lova RV 2016+ (W2) 9 дюймі,2,7735.0,8670,8670,0.12,-105.4,-105.4,8790,0.2,9230,387.4,0,False,True,1
Q45888,Штатна магнітола Q1 під Chevrolet Malibu 8 2012-2015 9 дюймі,2,7644.0,8570,8570,0.12,-102.4,-102.4,8690,3.2,9130,390.4,0,False,True,1
Q45889,Штатна магнітола Q1 під Chevrolet Malibu 9 2015-2020 (F1) (W,2,7735.0,8670,8670,0.12,-105.4,-105.4,8790,0.2,9230,387.4,0,False,True,1
Q45890,Штатна магнітола Q1 під Chevrolet Malibu 9 2015-2020 (F3) (W,2,7963.0,8920,8920,0.12,-113.4,-113.4,9050,1.0,9510,405.8,0,False,True,1
Q45891,Штатна магнітола Q1 під Chevrolet Malibu 9 2015-2020 (F3) (W,2,8236.0,9230,9230,0.12,-113.6,-113.6,9360,0.8,9830,414.4,0,False,True,1
Q45892,Штатна магнітола Q1 під Chevrolet Malibu 9 2015-2020 (F3) (W,2,8145.0,9130,9130,0.12,-110.6,-110.6,9260,3.8,9720,408.6,0,False,True,1
Q45893,Штатна магнітола Q1 під Chevrolet Malibu 9 2015-2020 (F3) (W,2,8190.0,9180,9180,0.12,-111.6,-111.6,9310,2.8,9780,416.4,0,False,True,1
Q45894,Штатна магнітола Q1 під Chevrolet Malibu 9 2015-2020 (F3) (W,2,7963.0,8920,8920,0.12,-113.4,-113.4,9050,1.0,9510,405.8,0,False,True,1
Q45895,Штатна магнітола Q1 під Chevrolet Malibu 9 2015-2020 (F3) (W,2,8236.0,9230,9230,0.12,-113.6,-113.6,9360,0.8,9830,414.4,0,False,True,1
Q45896,Штатна магнітола Q1 під Chevrolet Monza 2019-2022 (F2) (W1) ,2,7781.0,8720,8720,0.12,-107.4,-107.4,8850,7.0,9290,394.2,0,False,True,1
Q45897,Штатна магнітола Q1 під Chevrolet Monza 2019-2022 (F2) (W2) ,2,7781.0,8720,8720,0.12,-107.4,-107.4,8850,7.0,9290,394.2,0,False,True,1
Q45898,Штатна магнітола Q1 під Chevrolet Onix 2012-2019 (W2) 9 дюйм,2,7735.0,8670,8670,0.12,-105.4,-105.4,8790,0.2,9230,387.4,0,False,True,1
Q45899,Штатна магнітола Q1 під Chevrolet Onix 2012-2019 (W3) 9 дюйм,2,8008.0,8970,8970,0.12,-114.4,-114.4,9100,0.0,9560,404.8,0,False,True,1
Q45900,Штатна магнітола Q1 під Chevrolet Onix 2012-2019 (W4) 9 дюйм,2,7826.0,8770,8770,0.12,-108.4,-108.4,8900,6.0,9340,393.2,0,False,True,1
Q45901,Штатна магнітола Q1 під Chevrolet Onix 2020+ (F2) (W1) 9 дюй,2,8327.0,9330,9330,0.12,-116.6,-116.6,9470,6.6,9940,420.2,0,False,True,1
Q45902,Штатна магнітола Q1 під Chevrolet Onix 2020+ (F2) (W2) 9 дюй,2,8281.0,9280,9280,0.12,-114.6,-114.6,9420,8.6,9890,422.2,0,False,True,1
Q45903,Штатна магнітола Q1 під Chevrolet Sail 2014-2023 9 дюймів,2,7781.0,8720,8720,0.12,-107.4,-107.4,8850,7.0,9290,394.2,0,False,True,1
Q45904,Штатна магнітола Q1 під Chevrolet Spark 2009-2016 (W2) 9 дюй,2,7690.0,8620,8620,0.12,-104.4,-104.4,8740,1.2,9180,388.4,0,False,True,1
Q45905,Штатна магнітола Q1 під Chevrolet Spark Beat 2015-2018 (Daew,2,7781.0,8720,8720,0.12,-107.4,-107.4,8850,7.0,9290,394.2,0,False,True,1
Q45906,"Штатна магнітола Q1 під Chevrolet Spark, Baic, Beat 2019+ Da",2,7644.0,8570,8570,0.12,-102.4,-102.4,8690,3.2,9130,390.4,0,False,True,1
Q45907,Штатна магнітола Q1 під Chevrolet Tahoe Suburban 2007-2012 G,2,8509.0,9540,9540,0.12,-113.8,-113.8,9670,0.6,9610,-52.2,0,False,True,1
Q45908,Штатна магнітола Q1 під Chevrolet Tahoe Suburban 2007-2012 G,2,8372.0,9380,9380,0.12,-117.6,-117.6,9520,5.6,9990,419.2,0,False,True,1
Q45909,Штатна магнітола Q1 під Chevrolet Colorado 2016-2020 TrailBl,2,8691.0,9740,9740,0.12,-119.8,-119.8,9880,3.4,9820,-49.4,0,False,True,1
Q45910,Штатна магнітола Q1 під Chevrolet Colorado 2016-2020 TrailBl,2,8873.0,9940,9940,0.12,-125.8,-125.8,9550,-469.0,10020,445.6,0,False,True,1
Q45911,Штатна магнітола Q1 під Chevrolet Trailblazer 2019-2023 9 ді,2,7963.0,8920,8920,0.12,-113.4,-113.4,9050,1.0,9510,405.8,0,False,True,1
Q45912,Штатна магнітола Q1 під Chevrolet Trax 2017+ Tracker 2016+ (,2,7690.0,8620,8620,0.12,-104.4,-104.4,8740,1.2,9180,388.4,0,False,True,1
Q45913,Штатна магнітола Q1 під Chevrolet Trax 2017+ Tracker 2016+ (,2,7690.0,8620,8620,0.12,-104.4,-104.4,8740,1.2,9180,388.4,0,False,True,1
Q45914,"Штатна магнітола Q1 під Chevrolet Trax, Tracker 2013-2017 (H",2,7690.0,8620,8620,0.12,-104.4,-104.4,8740,1.2,9180,388.4,0,False,True,1
Q45915,Штатна магнітола Q1 під Chrysler 300C 1 2004-2011 (F1) (W1) ,2,8145.0,9130,9130,0.12,-110.6,-110.6,9260,3.8,9720,408.6,0,False,True,1
Q45916,Штатна магнітола Q1 під Chrysler 300C 1 2004-2011 (F1) (W2) ,2,8281.0,9280,9280,0.12,-114.6,-114.6,9420,8.6,9890,422.2,0,False,True,1
Q45918,Штатна магнітола Q1 під Chrysler Sebring 3 JS 2006-2010 9 дю,2,8190.0,9180,9180,0.12,-111.6,-111.6,9310,2.8,9780,416.4,0,False,True,1
Q45919,Штатна магнітола Q1 під Citroen C-Elysee 2008-2013 (F2) (W2),2,7690.0,8620,8620,0.12,-104.4,-104.4,8740,1.2,9180,388.4,0,False,True,1
Q45920,Штатна магнітола Q1 під Citroen C4 2015-2018 (W1) 9 дюймів,2,7735.0,8670,8670,0.12,-105.4,-105.4,8790,0.2,9230,387.4,0,False,True,1
Q45921,Штатна магнітола Q1 під Citroen C4 2015-2018 (W2) 9 дюймів,2,7826.0,8770,8770,0.12,-108.4,-108.4,8900,6.0,9340,393.2,0,False,True,1
Q45922,Штатна магнітола Q1 під Citroen C4 LA LC C-Triomphe C-Quatre,2,7690.0,8620,8620,0.12,-104.4,-104.4,8740,1.2,9180,388.4,0,False,True,1
Q45923,Штатна магнітола Q1 під Citroen C4 LA LC C-Triomphe C-Quatre,2,7690.0,8620,8620,0.12,-104.4,-104.4,8740,1.2,9180,388.4,0,False,True,1
Q45924,Штатна магнітола Q1 під Citroen C5 Aircross 2017-2022 9 дюйм,2,8145.0,9130,9130,0.12,-110.6,-110.6,9260,3.8,9720,408.6,0,False,True,1
Q45925,"Штатна магнітола Q1 під Citroen DS4, DS5, DS6 2015-2018 9 дю",2,7826.0,8770,8770,0.12,-108.4,-108.4,8900,6.0,9340,393.2,0,False,True,1
Q45926,Штатна магнітола Q1 під Citroen Jumpy 3 Space Tourer 2016-20,2,7781.0,8720,8720,0.12,-107.4,-107.4,8850,7.0,9290,394.2,0,False,True,1
Q45927,Штатна магнітола Q1 під Citroen Jumpy 3 Space Tourer 2016-20,2,7872.0,8820,8820,0.12,-110.4,-110.4,8950,4.0,9400,400.0,0,False,True,1
Q45928,Штатна магнітола Q1 під Dodge Caliber PM 2009-2013 9 дюймів,2,8099.0,9080,9080,0.12,-108.6,-108.6,9210,5.8,9670,410.6,0,False,True,1
Q45930,Штатна магнітола Q1 під Dodge Dart 2012-2016 (Fiat Viagio 20,2,8873.0,9940,9940,0.12,-125.8,-125.8,9550,-469.0,10020,445.6,0,False,True,1
Q45931,Штатна магнітола Q1 під Dodge Dart 2012-2016 (Fiat Viagio 20,2,8736.0,9790,9790,0.12,-120.8,-120.8,9930,2.4,9870,-50.4,0,False,True,1
Q45932,Штатна магнітола Q1 під Dodge Journey 2008-2011 9 дюймів,2,8008.0,8970,8970,0.12,-114.4,-114.4,9100,0.0,9560,404.8,0,False,True,1
Q45934,Штатна магнітола Q1 під Fiat 500 (312) 2007-2015 9 дюймів,2,8190.0,9180,9180,0.12,-111.6,-111.6,9310,2.8,9780,416.4,0,False,True,1
Q45935,Штатна магнітола Q1 під Fiat Argo 2017+ 9 дюймів,2,8190.0,9180,9180,0.12,-111.6,-111.6,9310,2.8,9780,416.4,0,False,True,1
Q45936,Штатна магнітола Q1 під Fiat Bravo 198 2 II 2007-2014 9 дюйм,2,8054.0,9030,9030,0.12,-107.6,-107.6,9160,6.8,9610,402.8,0,False,True,1
Q45938,Штатна магнітола Q1 під Fiat Doblo 2010-2015 9 дюймів,2,8099.0,9080,9080,0.12,-108.6,-108.6,9210,5.8,9670,410.6,0,False,True,1
Q45939,Штатна магнітола Q1 під Fiat Doblo 2016-2021 9 дюймів,2,8509.0,9540,9540,0.12,-113.8,-113.8,9670,0.6,9610,-52.2,0,False,True,1
Q45940,"Штатна магнітола Q1 під Fiat Ducato 3, Peugeot Boxer 2, Citr",2,8099.0,9080,9080,0.12,-108.6,-108.6,9210,5.8,9670,410.6,0,False,True,1
Q45941,Штатна магнітола Q1 під Fiat Strada 2012-2020; Idea 2013-201,2,8054.0,9030,9030,0.12,-107.6,-107.6,9160,6.8,9610,402.8,0,False,True,1
Q45942,"Штатна магнітола Q1 під Fiat Tipo, Egea 2015+ (F1) 9 дюймів",2,7963.0,8920,8920,0.12,-113.4,-113.4,9050,1.0,9510,405.8,0,False,True,1
Q45943,Штатна магнітола Q1 під Fiat Toro 2016-2021 9 дюймів,2,8281.0,9280,9280,0.12,-114.6,-114.6,9420,8.6,9890,422.2,0,False,True,1
Q45944,Штатна магнітола Q1 під Fiat Uno 2014-2020 9 дюймів,2,8054.0,9030,9030,0.12,-107.6,-107.6,9160,6.8,9610,402.8,0,False,True,1
Q45945,Штатна магнітола Q1 під Ford Ecosport 2013-2017 (F1) 9 дюймі,2,7735.0,8670,8670,0.12,-105.4,-105.4,8790,0.2,9230,387.4,0,False,True,1
Q45946,Штатна магнітола Q1 під Ford Edge 2 2015-2024 (F1) (W1) 9 дю,2,7644.0,8570,8570,0.12,-102.4,-102.4,8690,3.2,9130,390.4,0,False,True,1
Q45947,Штатна магнітола Q1 під Ford Edge 2 2015-2024 (F1) (W2) 9 дю,2,7644.0,8570,8570,0.12,-102.4,-102.4,8690,3.2,9130,390.4,0,False,True,1
Q45948,Штатна магнітола Q1 під Ford Escape 2007-2012 Mazda Tribute ,2,8463.0,9480,9480,0.12,-120.6,-120.6,9620,2.6,9560,-50.2,0,False,True,1
Q45949,Штатна магнітола Q1 під Ford Escape 2007+ (Mazda Tribute 200,2,8463.0,9480,9480,0.12,-120.6,-120.6,9620,2.6,9560,-50.2,0,False,True,1
Q45950,Штатна магнітола Q1 під Ford Expedition 2006-2017 (W2) 9 дюй,2,8645.0,9690,9690,0.12,-117.8,-117.8,9830,5.4,9770,-47.4,0,False,True,1
Q45951,Штатна магнітола Q1 під Ford F150 P415 Raptor 2008-2014 (F2),2,8281.0,9280,9280,0.12,-114.6,-114.6,9420,8.6,9890,422.2,0,False,True,1
Q45952,Штатна магнітола Q1 під Ford Fiesta 6 Mk 6 2008-2013 (F1) (W,2,7735.0,8670,8670,0.12,-105.4,-105.4,8790,0.2,9230,387.4,0,False,True,1
Q45953,Штатна магнітола Q1 під Ford Fiesta 6 Mk 6 2008-2013 (F1) (W,2,7735.0,8670,8670,0.12,-105.4,-105.4,8790,0.2,9230,387.4,0,False,True,1
Q45954,Штатна магнітола Q1 під Ford Fiesta 6 Mk 6 2008-2013 (F1) (W,2,8236.0,9230,9230,0.12,-113.6,-113.6,9360,0.8,9830,414.4,0,False,True,1
Q45955,"Штатна магнітола Q1 під Ford Figo Aspire, Freestyle 2015-201",2,7781.0,8720,8720,0.12,-107.4,-107.4,8850,7.0,9290,394.2,0,False,True,1
Q45957,Штатна магнітола Q1 під Ford Focus 2011-2019 (F1) (W1) 9 дюй,2,7826.0,8770,8770,0.12,-108.4,-108.4,8900,6.0,9340,393.2,0,False,True,1
Q45958,Штатна магнітола Q1 під Ford Kuga 2 Escape 3 2012 - 2019 C-M,2,7781.0,8720,8720,0.12,-107.4,-107.4,8850,7.0,9290,394.2,0,False,True,1
Q45959,Штатна магнітола Q1 під Ford Mustang 2015-2023 (F1) 9 дюймів,2,8918.0,9990,9990,0.12,-126.8,-126.8,9590,-478.8,10070,447.1,0,False,True,1
Q45960,Штатна магнітола Q1 під Ford Mustang 2015-2023 (F2) 9 дюймів,2,8736.0,9790,9790,0.12,-120.8,-120.8,9930,2.4,9870,-50.4,0,False,True,1
Q45962,Штатна магнітола Q1 під Ford Ranger 3 2011-2015 9 дюймів,2,8463.0,9480,9480,0.12,-120.6,-120.6,9620,2.6,9560,-50.2,0,False,True,1
Q45963,Штатна магнітола Q1 під Ford Ranger 2011-2015 9 дюймів,2,8600.0,9640,9640,0.12,-116.8,-116.8,9780,6.4,9710,-55.2,0,False,True,1
Q45964,Штатна магнітола Q1 під Ford Ranger 2015-2023 Everest 2015-2,2,7826.0,8770,8770,0.12,-108.4,-108.4,8900,6.0,9340,393.2,0,False,True,1
Q45965,Штатна магнітола Q1 під Ford Ranger 2015-2023 Everest 2015-2,2,8236.0,9230,9230,0.12,-113.6,-113.6,9360,0.8,9830,414.4,0,False,True,1
Q45966,Штатна магнітола Q1 під Ford Ranger 2015-2023 Everest 2015-2,2,7735.0,8670,8670,0.12,-105.4,-105.4,8790,0.2,9230,387.4,0,False,True,1
Q45967,Штатна магнітола Q1 під Ford Ranger 2015-2023 Everest 2015-2,2,8145.0,9130,9130,0.12,-110.6,-110.6,9260,3.8,9720,408.6,0,False,True,1
Q45970,Штатна магнітола Q1 під Ford Taurus 2015+ 9 дюймів,2,7826.0,8770,8770,0.12,-108.4,-108.4,8900,6.0,9340,393.2,0,False,True,1
Q45971,"Штатна магнітола Q1 під Ford Tourneo, Custom, Transit 2012-2",2,7735.0,8670,8670,0.12,-105.4,-105.4,8790,0.2,9230,387.4,0,False,True,1
Q45972,"Штатна магнітола Q1 під Ford Tourneo, Custom, Transit 2012-2",2,7826.0,8770,8770,0.12,-108.4,-108.4,8900,6.0,9340,393.2,0,False,True,1
Q45973,Штатна магнітола Q1 під Ford Transit 2014+ 9 дюймів,2,7917.0,8870,8870,0.12,-111.4,-111.4,9000,3.0,9450,399.0,0,False,True,1
Q45974,Штатна магнітола Q1 під Ford Transit Pro 2021 (F1) 9 дюймів,2,7781.0,8720,8720,0.12,-107.4,-107.4,8850,7.0,9290,394.2,0,False,True,1
Q45975,Штатна магнітола Q1 під Great Wall Haval H2 2014-2018 (W1) 9,2,7644.0,8570,8570,0.12,-102.4,-102.4,8690,3.2,9130,390.4,0,False,True,1
Q45976,Штатна магнітола Q1 під Great Wall Haval H2 2014-2018 (W2) 9,2,7644.0,8570,8570,0.12,-102.4,-102.4,8690,3.2,9130,390.4,0,False,True,1
Q45977,Штатна магнітола Q1 під Great Wall Haval H2 2017-2018 (W1) 9,2,7690.0,8620,8620,0.12,-104.4,-104.4,8740,1.2,9180,388.4,0,False,True,1
Q45978,Штатна магнітола Q1 під Great Wall Haval H2 2017-2018 (W2) 9,2,7690.0,8620,8620,0.12,-104.4,-104.4,8740,1.2,9180,388.4,0,False,True,1
Q45979,Штатна магнітола Q1 під Great Wall Haval H2s 2017-2018 9 дюй,2,8008.0,8970,8970,0.12,-114.4,-114.4,9100,0.0,9560,404.8,0,False,True,1
Q45980,Штатна магнітола Q1 під Great Wall Haval H6 2018-2020 9 дюйм,2,7872.0,8820,8820,0.12,-110.4,-110.4,8950,4.0,9400,400.0,0,False,True,1
Q45981,Штатна магнітола Q1 під Great Wall Haval H6 Coupe 2018 (W1) ,2,7826.0,8770,8770,0.12,-108.4,-108.4,8900,6.0,9340,393.2,0,False,True,1
Q45982,Штатна магнітола Q1 під Great Wall Haval H6 Coupe 2018 (W2) ,2,7872.0,8820,8820,0.12,-110.4,-110.4,8950,4.0,9400,400.0,0,False,True,1
Q45983,Штатна магнітола Q1 під Great Wall Haval H6 Coupe 2018 (W3) ,2,7917.0,8870,8870,0.12,-111.4,-111.4,9000,3.0,9450,399.0,0,False,True,1
Q45984,Штатна магнітола Q1 під Great Wall Haval H6 Sport 2018-2020 ,2,7826.0,8770,8770,0.12,-108.4,-108.4,8900,6.0,9340,393.2,0,False,True,1
Q45985,Штатна магнітола Q1 під Great Wall Haval H6 Sport 2018-2020 ,2,7872.0,8820,8820,0.12,-110.4,-110.4,8950,4.0,9400,400.0,0,False,True,1
Q45986,Штатна магнітола Q1 під Great Wall Haval H9 2015-2019 9 дюйм,2,8327.0,9330,9330,0.12,-116.6,-116.6,9470,6.6,9940,420.2,0,False,True,1
Q45987,Штатна магнітола Q1 під Great Wall Hover Haval F7 F7X 2019-2,2,7963.0,8920,8920,0.12,-113.4,-113.4,9050,1.0,9510,405.8,0,False,True,1
Q45988,Штатна магнітола Q1 під Great Wall Hover Haval F7 F7X 2019-2,2,8099.0,9080,9080,0.12,-108.6,-108.6,9210,5.8,9670,410.6,0,False,True,1
Q45989,Штатна магнітола Q1 під Great Wall Pao 2019+; Poer 2021+; P-,2,8190.0,9180,9180,0.12,-111.6,-111.6,9310,2.8,9780,416.4,0,False,True,1
Q45990,Штатна магнітола Q1 під Great Wall Pao 2019+; Poer 2021+; P-,2,7963.0,8920,8920,0.12,-113.4,-113.4,9050,1.0,9510,405.8,0,False,True,1
Q45991,Штатна магнітола Q1 під Great Wall Pao 2019+; Poer 2021+; P-,2,7917.0,8870,8870,0.12,-111.4,-111.4,9000,3.0,9450,399.0,0,False,True,1
Q45992,Штатна магнітола Q1 під Great Wall Wingle (5) 2017+ (W2) 9 д,2,7644.0,8570,8570,0.12,-102.4,-102.4,8690,3.2,9130,390.4,0,False,True,1
Q45993,Штатна магнітола Q1 під Great Wall Wingle (5) 2017+ (W3) 9 д,2,7917.0,8870,8870,0.12,-111.4,-111.4,9000,3.0,9450,399.0,0,False,True,1
Q45994,Штатна магнітола Q1 під Haval H1 2014-2017 9 дюймів,2,7917.0,8870,8870,0.12,-111.4,-111.4,9000,3.0,9450,399.0,0,False,True,1
Q45995,Штатна магнітола Q1 під Haval H4 2018+ 9 дюймів,2,7872.0,8820,8820,0.12,-110.4,-110.4,8950,4.0,9400,400.0,0,False,True,1
Q45996,Штатна магнітола Q1 під Haval H7 2016-2021 (W1) 9 дюймів,2,8554.0,9590,9590,0.12,-114.8,-114.8,9730,8.4,9660,-53.2,0,False,True,1
Q45997,Штатна магнітола Q1 під Haval H7 2016-2021 (W2) 9 дюймів,2,8691.0,9740,9740,0.12,-119.8,-119.8,9880,3.4,9820,-49.4,0,False,True,1
Q45998,Штатна магнітола Q1 під Haval H7 2016-2021 (W3) 9 дюймів,2,8236.0,9230,9230,0.12,-113.6,-113.6,9360,0.8,9830,414.4,0,False,True,1
Q45999,Штатна магнітола Q1 під Honda Accord 8 2008-2013 (F2) (W2) 9,2,8190.0,9180,9180,0.12,-111.6,-111.6,9310,2.8,9780,416.4,0,False,True,1
Q46000,Штатна магнітола Q1 під Honda Accord 8 2009-2013 (F1) 9 дюйм,2,8418.0,9430,9430,0.12,-119.6,-119.6,9570,3.6,9510,-49.2,0,False,True,1
Q46001,Штатна магнітола Q1 під Honda Civic 9 FB FK FD 2011-2015 9 д,2,7690.0,8620,8620,0.12,-104.4,-104.4,8740,1.2,9180,388.4,0,False,True,1
Q46002,Штатна магнітола Q1 під Honda Civic 10 FC FK 2015-2020 (W2) ,2,7826.0,8770,8770,0.12,-108.4,-108.4,8900,6.0,9340,393.2,0,False,True,1
Q46003,Штатна магнітола Q1 під Honda Civic Hatchback 2012-2017 9 дю,2,7917.0,8870,8870,0.12,-111.4,-111.4,9000,3.0,9450,399.0,0,False,True,1
Q46004,Штатна магнітола Q1 під Honda CR-V CR-V 5 RT RW 2017-2022 (F,2,7781.0,8720,8720,0.12,-107.4,-107.4,8850,7.0,9290,394.2,0,False,True,1
Q46005,Штатна магнітола Q1 під Honda CR-V CR-V 5 RT RW 2017-2022 (F,2,7872.0,8820,8820,0.12,-110.4,-110.4,8950,4.0,9400,400.0,0,False,True,1
Q46006,Штатна магнітола Q1 під Honda CR-V CR-V 5 RT RW 2017-2022 (F,2,7826.0,8770,8770,0.12,-108.4,-108.4,8900,6.0,9340,393.2,0,False,True,1
Q46007,Штатна магнітола Q1 під Honda CR-Z 1 CRZ 2010-2016 (W2) 9 дю,2,7826.0,8770,8770,0.12,-108.4,-108.4,8900,6.0,9340,393.2,0,False,True,1
Q46008,Штатна магнітола Q1 під Honda Crider 2013-2018 (F3) (W2) 9 д,2,7735.0,8670,8670,0.12,-105.4,-105.4,8790,0.2,9230,387.4,0,False,True,1
Q46009,Штатна магнітола Q1 під Honda Crosstour 2014-2016 (W1) 9 дюй,2,8645.0,9690,9690,0.12,-117.8,-117.8,9830,5.4,9770,-47.4,0,False,True,1
Q46010,Штатна магнітола Q1 під Honda Crosstour 2014-2016 (W2) 9 дюй,2,8099.0,9080,9080,0.12,-108.6,-108.6,9210,5.8,9670,410.6,0,False,True,1
Q46012,Штатна магнітола Q1 під Honda Elysion 2016-2021 (W2) 9 дюймі,2,7781.0,8720,8720,0.12,-107.4,-107.4,8850,7.0,9290,394.2,0,False,True,1
Q46013,Штатна магнітола Q1 під Honda Elysion 2019-2020 9 дюймів,2,7917.0,8870,8870,0.12,-111.4,-111.4,9000,3.0,9450,399.0,0,False,True,1
Q46014,"Штатна магнітола Q1 під Honda Fit, Jazz 2020+ (F1) (W2) 9 дю",2,7462.0,8360,8360,0.12,-105.2,-105.2,8480,0.4,8910,378.8,0,False,True,1
Q46015,"Штатна магнітола Q1 під Honda HR-V, Vezel, XR-V 2014+ (F1) (",2,7599.0,8520,8520,0.12,-101.4,-101.4,8640,4.2,9070,382.6,0,False,True,1
Q46016,"Штатна магнітола Q1 під Honda HR-V, Vezel, XR-V 2014+ (F1) (",2,7417.0,8310,8310,0.12,-104.2,-104.2,8430,1.4,8850,371.0,0,False,True,1
Q46017,"Штатна магнітола Q1 під Honda HR-V, Vezel, XR-V 2014+ (F1) (",2,7644.0,8570,8570,0.12,-102.4,-102.4,8690,3.2,9130,390.4,0,False,True,1
Q46018,Штатна магнітола Q1 під Honda Jade 2013-2020 (W2) 9 дюймів,2,7690.0,8620,8620,0.12,-104.4,-104.4,8740,1.2,9180,388.4,0,False,True,1
Q46019,Штатна магнітола Q1 під Honda Lingpai 2022+ (F1) 9 дюймів,2,8145.0,9130,9130,0.12,-110.6,-110.6,9260,3.8,9720,408.6,0,False,True,1
Q46020,Штатна магнітола Q1 під Honda Odyssey 2022+ (W2) 9 дюймів,2,8099.0,9080,9080,0.12,-108.6,-108.6,9210,5.8,9670,410.6,0,False,True,1
Q46021,Штатна магнітола Q1 під Honda Odyssey 2022+ (W3) 9 дюймів,2,7917.0,8870,8870,0.12,-111.4,-111.4,9000,3.0,9450,399.0,0,False,True,1
Q46022,Штатна магнітола Q1 під Hyundai Elantra 6 2015-2018 Avante 2,2,7781.0,8720,8720,0.12,-107.4,-107.4,8850,7.0,9290,394.2,0,False,True,1
Q46023,Штатна магнітола Q1 під Hyundai Elantra 6 Avante (AD) 2018-2,2,7872.0,8820,8820,0.12,-110.4,-110.4,8950,4.0,9400,400.0,0,False,True,1
Q46024,Штатна магнітола Q1 під Hyundai Genesis 2008-2013 (W2) 9 дюй,2,8782.0,9840,9840,0.12,-122.8,-122.8,9980,0.4,9920,-52.4,0,False,True,1
Q46025,"Штатна магнітола Q1 під Hyundai Genesis Coupe 2009-2012, Roh",2,8372.0,9380,9380,0.12,-117.6,-117.6,9520,5.6,9990,419.2,0,False,True,1
Q46026,Штатна магнітола Q1 під Hyundai IONIQ 2016+ (W2) 9 дюймів,2,7917.0,8870,8870,0.12,-111.4,-111.4,9000,3.0,9450,399.0,0,False,True,1
Q46027,Штатна магнітола Q1 під Hyundai IX35 2017-2023 (W2) 9 дюймів,2,7735.0,8670,8670,0.12,-105.4,-105.4,8790,0.2,9230,387.4,0,False,True,1
Q46028,Штатна магнітола Q1 під Hyundai IX35 2017-2023 (W3) 9 дюймів,2,7872.0,8820,8820,0.12,-110.4,-110.4,8950,4.0,9400,400.0,0,False,True,1
Q46029,Штатна магнітола Q1 під Hyundai Lafesta 2018-2022 9 дюймів,2,7917.0,8870,8870,0.12,-111.4,-111.4,9000,3.0,9450,399.0,0,False,True,1
Q46030,Штатна магнітола Q1 під Hyundai Mistra 2013-2017 (W2) 9 дюйм,2,8054.0,9030,9030,0.12,-107.6,-107.6,9160,6.8,9610,402.8,0,False,True,1
Q46031,Штатна магнітола Q1 під Hyundai Mistra 2017-2023 (F2) 9 дюйм,2,7781.0,8720,8720,0.12,-107.4,-107.4,8850,7.0,9290,394.2,0,False,True,1
Q46032,Штатна магнітола Q1 під Hyundai Rohens Coupe 2012 9 дюймів,2,8873.0,9940,9940,0.12,-125.8,-125.8,9550,-469.0,10020,445.6,0,False,True,1
Q46033,"Штатна магнітола Q1 під Hyundai Santa Fe 3, iX45 2013-2016 (",2,8327.0,9330,9330,0.12,-116.6,-116.6,9470,6.6,9940,420.2,0,False,True,1
Q46034,"Штатна магнітола Q1 під Hyundai Santa Fe 3, iX45 2013-2016 (",2,8418.0,9430,9430,0.12,-119.6,-119.6,9570,3.6,9510,-49.2,0,False,True,1
Q46035,Штатна магнітола Q1 під Hyundai Sonata 6 YF 2009-2014 (W2) 9,2,8145.0,9130,9130,0.12,-110.6,-110.6,9260,3.8,9720,408.6,0,False,True,1
Q46036,Штатна магнітола Q1 під Hyundai Sonata 7 LF 2014-2017 (W2) 9,2,8372.0,9380,9380,0.12,-117.6,-117.6,9520,5.6,9990,419.2,0,False,True,1
Q46037,Штатна магнітола Q1 під Hyundai Sonata 7 LF 2017-2019 (W1) 9,2,8145.0,9130,9130,0.12,-110.6,-110.6,9260,3.8,9720,408.6,0,False,True,1
Q46038,Штатна магнітола Q1 під Hyundai Sonata 7 LF 2017-2019 (W2) 9,2,8327.0,9330,9330,0.12,-116.6,-116.6,9470,6.6,9940,420.2,0,False,True,1
Q46039,"Штатна магнітола Q1 під Hyundai Tucson, IX35 2010-2018 (F1) ",2,8054.0,9030,9030,0.12,-107.6,-107.6,9160,6.8,9610,402.8,0,False,True,1
Q46040,"Штатна магнітола Q1 під Hyundai Tucson, IX35 2010-2018 (F1) ",2,8418.0,9430,9430,0.12,-119.6,-119.6,9570,3.6,9510,-49.2,0,False,True,1
Q46041,Штатна магнітола Q1 під Hyundai Veloster FS 2011 - 2017 (W2),2,8554.0,9590,9590,0.12,-114.8,-114.8,9730,8.4,9660,-53.2,0,False,True,1
Q46042,Штатна магнітола Q1 під Infiniti M (Y50) 2005-2007 Nissan Fu,2,10556.0,11300,11300,0.07,-47.0,-47.0,11360,8.8,11920,529.6,0,False,True,1
Q46043,Штатна магнітола Q1 під Infiniti M (Y50) 2008-2010 Nissan Fu,2,10647.0,11400,11400,0.07,-45.0,-45.0,11450,1.5,12030,540.9,0,False,True,1
Q46044,Штатна магнітола Q1 під Iveco Daily 6 2014-2022 (W1) 9 дюймі,2,8236.0,9230,9230,0.12,-113.6,-113.6,9360,0.8,9830,414.4,0,False,True,1
Q46045,Штатна магнітола Q1 під Iveco Daily 6 2014-2022 (W2) 9 дюймі,2,8236.0,9230,9230,0.12,-113.6,-113.6,9360,0.8,9830,414.4,0,False,True,1
Q46046,Штатна магнітола Q1 під Jeep Commander 2005-2010 (F1) 9 дюйм,2,8463.0,9480,9480,0.12,-120.6,-120.6,9620,2.6,9560,-50.2,0,False,True,1
Q46047,Штатна магнітола Q1 під Jeep Grand Cherokee WK2 2010-2013 9 ,2,8099.0,9080,9080,0.12,-108.6,-108.6,9210,5.8,9670,410.6,0,False,True,1
Q46048,Штатна магнітола Q1 під Jeep Grand Cherokee WK2 2013-2020 (F,2,7872.0,8820,8820,0.12,-110.4,-110.4,8950,4.0,9400,400.0,0,False,True,1
Q46050,Штатна магнітола Q1 під Jeep Wrangler 4 JL 2018-2023 9 дюймі,2,7872.0,8820,8820,0.12,-110.4,-110.4,8950,4.0,9400,400.0,0,False,True,1
Q46051,Штатна магнітола Q1 під Jeep Wrangler Rubicon 2008-2010 (F1),2,7963.0,8920,8920,0.12,-113.4,-113.4,9050,1.0,9510,405.8,0,False,True,1
Q46052,"Штатна магнітола Q1 під Kia Borrego, Mohave 2008 - 2011 (W2)",2,8418.0,9430,9430,0.12,-119.6,-119.6,9570,3.6,9510,-49.2,0,False,True,1
Q46053,"Штатна магнітола Q1 під Kia Cerato 4, Forte BD, K3 2018-2020",2,8645.0,9690,9690,0.12,-117.8,-117.8,9830,5.4,9770,-47.4,0,False,True,1
Q46054,"Штатна магнітола Q1 під Kia Cerato 4, Forte BD, K3 2018-2020",2,7963.0,8920,8920,0.12,-113.4,-113.4,9050,1.0,9510,405.8,0,False,True,1
Q46055,"Штатна магнітола Q1 під Kia K4, Cachet 2017-2018 (F1) 9 дюйм",2,7826.0,8770,8770,0.12,-108.4,-108.4,8900,6.0,9340,393.2,0,False,True,1
Q46056,"Штатна магнітола Q1 під Kia K4, Cachet 2017-2018 (F2) 9 дюйм",2,7826.0,8770,8770,0.12,-108.4,-108.4,8900,6.0,9340,393.2,0,False,True,1
Q46057,Штатна магнітола Q1 під Kia KX3 2020+ (F1) (W1) 9 дюймів,2,8691.0,9740,9740,0.12,-119.8,-119.8,9880,3.4,9820,-49.4,0,False,True,1
Q46058,Штатна магнітола Q1 під Kia KX3 2019-2023 (F1) 9 дюймів,2,8054.0,9030,9030,0.12,-107.6,-107.6,9160,6.8,9610,402.8,0,False,True,1
Q46059,Штатна магнітола Q1 під Kia Niro 2016+ (W2) 9 дюймів,2,8600.0,9640,9640,0.12,-116.8,-116.8,9780,6.4,9710,-55.2,0,False,True,1
Q46060,"Штатна магнітола Q1 під Kia Optima 3 TF, K5 2010-2013 (F2) (",2,8463.0,9480,9480,0.12,-120.6,-120.6,9620,2.6,9560,-50.2,0,False,True,1
Q46061,"Штатна магнітола Q1 під Kia Optima 3 TF, K5 2010-2013 (F2) (",2,8099.0,9080,9080,0.12,-108.6,-108.6,9210,5.8,9670,410.6,0,False,True,1
Q46062,"Штатна магнітола Q1 під Kia Sedona, Carnival 2014+ (W2) 9 дю",2,8554.0,9590,9590,0.12,-114.8,-114.8,9730,8.4,9660,-53.2,0,False,True,1
Q46063,Штатна магнітола Q1 під Kia Sorento BL 2013 - 2014 (F1) (W2),2,8463.0,9480,9480,0.12,-120.6,-120.6,9620,2.6,9560,-50.2,0,False,True,1
Q46065,Штатна магнітола Q1 під Kia Sportage 4 QL 2016-2018 (KX5) (F,2,7690.0,8620,8620,0.12,-104.4,-104.4,8740,1.2,9180,388.4,0,False,True,1
Q46066,Штатна магнітола Q1 під Kia Sportage 4 QL 2016-2018 (KX5) (F,2,8463.0,9480,9480,0.12,-120.6,-120.6,9620,2.6,9560,-50.2,0,False,True,1
Q46067,Штатна магнітола Q1 під Kia Sportage 4 QL 2016-2018 (KX5) (F,2,8463.0,9480,9480,0.12,-120.6,-120.6,9620,2.6,9560,-50.2,0,False,True,1
Q46068,Штатна магнітола Q1 під Kia Sportage 4 QL 2018-2022 (KX5) (W,2,8509.0,9540,9540,0.12,-113.8,-113.8,9670,0.6,9610,-52.2,0,False,True,1
Q46071,Штатна магнітола Q1 під Land Rover 2005-2009 Range Rover Spo,2,9282.0,10400,10400,0.07,390.0,390.0,9990,-490.8,10480,464.4,0,False,True,1
Q46072,Штатна магнітола Q1 під Land Rover Freelander 2 2006-2012 (W,2,8964.0,10040,10040,0.07,373.2,373.2,9640,-480.8,10130,456.9,0,False,True,1
Q46073,Штатна магнітола Q1 під Land Rover Freelander 3 2004-2005 Di,2,9328.0,10450,10450,0.07,390.5,390.5,10040,9.2,10540,474.2,0,False,True,1
Q46074,Штатна магнітола Q1 під Land Rover Freelander 3 2005-2009 Di,2,9328.0,10450,10450,0.07,390.5,390.5,10040,9.2,10540,474.2,0,False,True,1
Q46075,Штатна магнітола Q1 під Lexus ES 2012-2018 9 дюймів,2,13332.0,14270,14270,0.07,-60.9,-60.9,14340,4.2,15060,673.8,0,False,True,1
Q46076,Штатна магнітола Q1 під Lexus ES250 ES300 ES330 2001-2006 (T,2,8145.0,9130,9130,0.12,-110.6,-110.6,9260,3.8,9720,408.6,0,False,True,1
Q46078,Штатна магнітола Q1 під Lexus GS300 S190 GS350 GS400 GS430 G,2,9419.0,10550,10550,0.07,392.5,392.5,10130,1.9,10640,476.2,0,False,True,1
Q46079,"Штатна магнітола Q1 під Lexus LS430, XF30 2000-2006, Toyota ",2,8964.0,10040,10040,0.07,373.2,373.2,9640,-480.8,10130,456.9,0,False,True,1
Q46080,"Штатна магнітола Q1 під Lexus LS430, XF30 2000-2006, Toyota ",2,9601.0,10760,10760,0.07,405.8,405.8,10330,5.9,10840,480.2,0,False,True,1
Q46081,Штатна магнітола Q1 під Lexus NX200 Z10 NX 200 2014-2020 (W1,2,12877.0,13780,13780,0.07,-61.6,-61.6,13850,3.5,14540,645.2,0,False,True,1
Q46082,Штатна магнітола Q1 під Lexus NX200 Z10 NX 200 2014-2020 (W2,2,12877.0,13780,13780,0.07,-61.6,-61.6,13850,3.5,14540,645.2,0,False,True,1
Q46083,Штатна магнітола Q1 під Lexus RX270 RX350 RX450h AL10 3 2008,2,12058.0,12910,12910,0.07,-51.7,-51.7,12970,4.1,13620,608.6,0,False,True,1
Q46084,Штатна магнітола Q1 під Lexus RX270 RX350 RX450h AL10 3 2008,2,13332.0,14270,14270,0.07,-60.9,-60.9,14340,4.2,15060,673.8,0,False,True,1
Q46085,Штатна магнітола Q1 під Lexus RX300 XU10 1997-2003 Toyota Ha,2,8782.0,9840,9840,0.12,-122.8,-122.8,9980,0.4,9920,-52.4,0,False,True,1
Q46086,"Штатна магнітола Q1 під Mazda 2, Demio, CX-3 2014+ (W2) 9 дю",2,7917.0,8870,8870,0.12,-111.4,-111.4,9000,3.0,9450,399.0,0,False,True,1
Q46087,"Штатна магнітола Q1 під Mazda 2, Demio, CX-3 2014+ (W3) 9 дю",2,8190.0,9180,9180,0.12,-111.6,-111.6,9310,2.8,9780,416.4,0,False,True,1
Q46088,Штатна магнітола Q1 під Mazda 3 Mazda3 Axela BM 2013-2017 (W,2,7963.0,8920,8920,0.12,-113.4,-113.4,9050,1.0,9510,405.8,0,False,True,1
Q46089,Штатна магнітола Q1 під Mazda 3 Mazda3 Axela BM 2013-2017 (W,2,7917.0,8870,8870,0.12,-111.4,-111.4,9000,3.0,9450,399.0,0,False,True,1
Q46090,Штатна магнітола Q1 під Mazda 3 Mazda3 Axela BM 2013-2017 (W,2,8190.0,9180,9180,0.12,-111.6,-111.6,9310,2.8,9780,416.4,0,False,True,1
Q46091,Штатна магнітола Q1 під Mazda 6 2018+ (W2) 9 дюймів,2,7917.0,8870,8870,0.12,-111.4,-111.4,9000,3.0,9450,399.0,0,False,True,1
Q46092,Штатна магнітола Q1 під Mazda 6 2018+ (W3) 9 дюймів,2,7917.0,8870,8870,0.12,-111.4,-111.4,9000,3.0,9450,399.0,0,False,True,1
Q46093,"Штатна магнітола Q1 під Mazda 6, Atenza 2008-2012 (F1) 9 дюй",2,7690.0,8620,8620,0.12,-104.4,-104.4,8740,1.2,9180,388.4,0,False,True,1
Q46095,Штатна магнітола Q1 під Mazda BT-50 2012-2017 9 дюймів,2,8281.0,9280,9280,0.12,-114.6,-114.6,9420,8.6,9890,422.2,0,False,True,1
Q46096,Штатна магнітола Q1 під Mazda BT-50 2020+ 9 дюймів,2,8281.0,9280,9280,0.12,-114.6,-114.6,9420,8.6,9890,422.2,0,False,True,1
Q46097,Штатна магнітола Q1 під Mazda CX-5 2017+ (F1) (W2) 9 дюймів,2,8509.0,9540,9540,0.12,-113.8,-113.8,9670,0.6,9610,-52.2,0,False,True,1
Q46098,Штатна магнітола Q1 під Mazda CX5 CX-5 CX 5 1 KE 2012-2015 (,2,7781.0,8720,8720,0.12,-107.4,-107.4,8850,7.0,9290,394.2,0,False,True,1
Q46099,Штатна магнітола Q1 під Mazda CX5 CX-5 CX 5 1 KE 2012-2015 (,2,8054.0,9030,9030,0.12,-107.6,-107.6,9160,6.8,9610,402.8,0,False,True,1
Q46101,Штатна магнітола Q1 під Mazda RX-8 SE 2009-2011 9 дюймів,2,8463.0,9480,9480,0.12,-120.6,-120.6,9620,2.6,9560,-50.2,0,False,True,1
Q46102,Штатна магнітола Q1 під Mercedes Benz A-Class (W168) 1997-20,2,7508.0,8410,8410,0.12,-107.2,-107.2,8540,7.2,8960,376.8,0,False,True,1
Q46103,Штатна магнітола Q1 під Mercedes Benz A-Class (W168) 1997-20,2,7508.0,8410,8410,0.12,-107.2,-107.2,8540,7.2,8960,376.8,0,False,True,1
Q46104,Штатна магнітола Q1 під Mercedes Benz A-Class W169 2004-2012,2,7963.0,8920,8920,0.12,-113.4,-113.4,9050,1.0,9510,405.8,0,False,True,1
Q46105,Штатна магнітола Q1 під Mercedes Benz C Class 3 W204 S204 20,2,8463.0,9480,9480,0.12,-120.6,-120.6,9620,2.6,9560,-50.2,0,False,True,1
Q46107,Штатна магнітола Q1 під Mercedes Benz C-Class W203 CL203 C20,2,8054.0,9030,9030,0.12,-107.6,-107.6,9160,6.8,9610,402.8,0,False,True,1
Q46108,Штатна магнітола Q1 під Mercedes Benz C/CLK Class S203 W203 ,2,8054.0,9030,9030,0.12,-107.6,-107.6,9160,6.8,9610,402.8,0,False,True,1
Q46109,Штатна магнітола Q1 під Mercedes Benz C/CLK Class S203 W203 ,2,8099.0,9080,9080,0.12,-108.6,-108.6,9210,5.8,9670,410.6,0,False,True,1
Q46110,Штатна магнітола Q1 під Mercedes Benz CLK Class C209 A209 20,2,8327.0,9330,9330,0.12,-116.6,-116.6,9470,6.6,9940,420.2,0,False,True,1
Q46111,Штатна магнітола Q1 під Mercedes Benz E-Class S211 W211 CLS-,2,7826.0,8770,8770,0.12,-108.4,-108.4,8900,6.0,9340,393.2,0,False,True,1
Q46112,Штатна магнітола Q1 під Mercedes Benz E-Class S211 W211 CLS-,2,7963.0,8920,8920,0.12,-113.4,-113.4,9050,1.0,9510,405.8,0,False,True,1
Q46113,Штатна магнітола Q1 під Mercedes Benz E-Class S211 W211 CLS-,2,8645.0,9690,9690,0.12,-117.8,-117.8,9830,5.4,9770,-47.4,0,False,True,1
Q46114,Штатна магнітола Q1 під Mercedes Benz ML GL ML350 GL320 X164,2,8008.0,8970,8970,0.12,-114.4,-114.4,9100,0.0,9560,404.8,0,False,True,1
Q46115,Штатна магнітола Q1 під Mercedes Benz R-Class W251 R280 R300,2,8008.0,8970,8970,0.12,-114.4,-114.4,9100,0.0,9560,404.8,0,False,True,1
Q46116,Штатна магнітола Q1 під Mercedes Benz S-Class W220 VV220 199,2,8827.0,9890,9890,0.12,-123.8,-123.8,9500,-467.0,9970,-53.4,0,False,True,1
Q46117,Штатна магнітола Q1 під Mercedes Benz S-Class W220 VV220 199,2,8145.0,9130,9130,0.12,-110.6,-110.6,9260,3.8,9720,408.6,0,False,True,1
Q46119,Штатна магнітола Q1 під Mercedes Benz SLK-Class SLK Class R1,2,8736.0,9790,9790,0.12,-120.8,-120.8,9930,2.4,9870,-50.4,0,False,True,1
Q46120,Штатна магнітола Q1 під Mercedes Benz SLK-Class SLK Class R1,2,8054.0,9030,9030,0.12,-107.6,-107.6,9160,6.8,9610,402.8,0,False,True,1
Q46121,Штатна магнітола Q1 під Mercedes Benz Smart Fortwo 3 C453 A4,2,7917.0,8870,8870,0.12,-111.4,-111.4,9000,3.0,9450,399.0,0,False,True,1
Q46122,Штатна магнітола Q1 під Mercedes Benz Smart Fortwo 3 C453 A4,2,8509.0,9540,9540,0.12,-113.8,-113.8,9670,0.6,9610,-52.2,0,False,True,1
Q46123,"Штатна магнітола Q1 під Mercedes W203 2000-2004, W209 2002-2",2,8145.0,9130,9130,0.12,-110.6,-110.6,9260,3.8,9720,408.6,0,False,True,1
Q46124,Штатна магнітола Q1 під Mercedes-Benz C-Class 3 W204 C204 S2,2,11102.0,11880,11880,0.07,-53.6,-53.6,11940,2.2,12540,560.2,0,False,True,1
Q46125,Штатна магнітола Q1 під Mercedes-Benz M-Class M Class W166 M,2,10556.0,11300,11300,0.07,-47.0,-47.0,11360,8.8,11920,529.6,0,False,True,1
Q46126,Штатна магнітола Q1 під Mercedes-Benz ML 320 350 W163 2001-2,2,8463.0,9480,9480,0.12,-120.6,-120.6,9620,2.6,9560,-50.2,0,False,True,1
Q46127,Штатна магнітола Q1 під Mercedes-Benz ML 320 350 W163 2001-2,2,8463.0,9480,9480,0.12,-120.6,-120.6,9620,2.6,9560,-50.2,0,False,True,1
Q46128,Штатна магнітола Q1 під MG 3 2017+ (F1) (W2) 9 дюймів,2,7826.0,8770,8770,0.12,-108.4,-108.4,8900,6.0,9340,393.2,0,False,True,1
Q46129,Штатна магнітола Q1 під MG 3 2017+ (F2) (W2) 9 дюймів,2,7872.0,8820,8820,0.12,-110.4,-110.4,8950,4.0,9400,400.0,0,False,True,1
Q46130,Штатна магнітола Q1 під MG 6 E-Drive 2018+,2,7917.0,8870,8870,0.12,-111.4,-111.4,9000,3.0,9450,399.0,0,False,True,1
Q46131,Штатна магнітола Q1 під MG GS 2015-2016 9 дюймів,2,7963.0,8920,8920,0.12,-113.4,-113.4,9050,1.0,9510,405.8,0,False,True,1
Q46132,Штатна магнітола Q1 під MG GS 2017-2019 9 дюймів,2,7963.0,8920,8920,0.12,-113.4,-113.4,9050,1.0,9510,405.8,0,False,True,1
Q46133,Штатна магнітола Q1 під Mitsubishi ASX 1 RVR 2016-2022 (F2) ,2,8554.0,9590,9590,0.12,-114.8,-114.8,9730,8.4,9660,-53.2,0,False,True,1
Q46134,Штатна магнітола Q1 під Mitsubishi Eclipse Cross 2017-2021 (,2,8145.0,9130,9130,0.12,-110.6,-110.6,9260,3.8,9720,408.6,0,False,True,1
Q46135,Штатна магнітола Q1 під Mitsubishi Galant 2004-2010; Grunder,2,8372.0,9380,9380,0.12,-117.6,-117.6,9520,5.6,9990,419.2,0,False,True,1
Q46136,Штатна магнітола Q1 під Mitsubishi L200 5 2015-2019-Automati,2,8281.0,9280,9280,0.12,-114.6,-114.6,9420,8.6,9890,422.2,0,False,True,1
Q46137,Штатна магнітола Q1 під Mitsubishi L200 5 2015-2019-Manual a,2,8372.0,9380,9380,0.12,-117.6,-117.6,9520,5.6,9990,419.2,0,False,True,1
Q46138,Штатна магнітола Q1 під Mitsubishi L200 5 Triton 2018-2020 (,2,8327.0,9330,9330,0.12,-116.6,-116.6,9470,6.6,9940,420.2,0,False,True,1
Q46139,Штатна магнітола Q1 під Mitsubishi L200 5 Triton 2018-2020 (,2,8827.0,9890,9890,0.12,-123.8,-123.8,9500,-467.0,9970,-53.4,0,False,True,1
Q46140,Штатна магнітола Q1 під Mitsubishi L200 5 Triton 2018-2020 (,2,8873.0,9940,9940,0.12,-125.8,-125.8,9550,-469.0,10020,445.6,0,False,True,1
Q46141,Штатна магнітола Q1 під Mitsubishi Outlander 2 CW0W 2005-201,2,8190.0,9180,9180,0.12,-111.6,-111.6,9310,2.8,9780,416.4,0,False,True,1
Q46142,Штатна магнітола Q1 під Mitsubishi Outlander 2 CW0W 2005-201,2,8236.0,9230,9230,0.12,-113.6,-113.6,9360,0.8,9830,414.4,0,False,True,1
Q46147,Штатна магнітола Q1 під Mitsubishi Pajero Sport 2 L200 Trito,2,7917.0,8870,8870,0.12,-111.4,-111.4,9000,3.0,9450,399.0,0,False,True,1
Q46149,Штатна магнітола Q1 під Mitsubishi Pajero Sport 3 2016-2018 ,2,8008.0,8970,8970,0.12,-114.4,-114.4,9100,0.0,9560,404.8,0,False,True,1
Q46151,Штатна магнітола Q1 під Mitsubishi Pajero Sport 2019+ (F2) (,2,8372.0,9380,9380,0.12,-117.6,-117.6,9520,5.6,9990,419.2,0,False,True,1
Q46152,Штатна магнітола Q1 під Mitsubishi Pajero Sport 2019+ (F2) (,2,8327.0,9330,9330,0.12,-116.6,-116.6,9470,6.6,9940,420.2,0,False,True,1
Q46153,"Штатна магнітола Q1 під Nissan Altima, Teana 2012+ (F1) 9 дю",2,7690.0,8620,8620,0.12,-104.4,-104.4,8740,1.2,9180,388.4,0,False,True,1
Q46154,Штатна магнітола Q1 під Nissan Juke 2010-2014 (Infiniti ESQ ,2,8736.0,9790,9790,0.12,-120.8,-120.8,9930,2.4,9870,-50.4,0,False,True,1
Q46155,"Штатна магнітола Q1 під Nissan Lannia, Bluebird 2015-2022 (W",2,7599.0,8520,8520,0.12,-101.4,-101.4,8640,4.2,9070,382.6,0,False,True,1
Q46157,Штатна магнітола Q1 під Nissan Murano 2008-2014 (W2) 9 дюймі,2,8145.0,9130,9130,0.12,-110.6,-110.6,9260,3.8,9720,408.6,0,False,True,1
Q46158,"Штатна магнітола Q1 під Nissan NP300, Navara, Frontier 2017+",2,8691.0,9740,9740,0.12,-119.8,-119.8,9880,3.4,9820,-49.4,0,False,True,1
Q46159,Штатна магнітола Q1 під Nissan Qashqai 1 J10 2006-2013 (F1) ,2,8281.0,9280,9280,0.12,-114.6,-114.6,9420,8.6,9890,422.2,0,False,True,1
Q46160,Штатна магнітола Q1 під Nissan Sylphy 2020-2022 9 дюймів,2,8236.0,9230,9230,0.12,-113.6,-113.6,9360,0.8,9830,414.4,0,False,True,1
Q46161,Штатна магнітола Q1 під Nissan Teana J31 2003-2008 (F2) 9 дю,2,8736.0,9790,9790,0.12,-120.8,-120.8,9930,2.4,9870,-50.4,0,False,True,1
Q46162,Штатна магнітола Q1 під Nissan Tiida (C12) 2011-2016 (W2) 9 ,2,7644.0,8570,8570,0.12,-102.4,-102.4,8690,3.2,9130,390.4,0,False,True,1
Q46163,Штатна магнітола Q1 під Nissan Tiida (C12) 2011-2016 (W3) 9 ,2,7644.0,8570,8570,0.12,-102.4,-102.4,8690,3.2,9130,390.4,0,False,True,1
Q46164,Штатна магнітола Q1 під Opel (Vauxhall) Astra K 2015-2019 Bu,2,7826.0,8770,8770,0.12,-108.4,-108.4,8900,6.0,9340,393.2,0,False,True,1
Q46165,Штатна магнітола Q1 під Opel (Vauxhall) Astra K 2015-2019 Bu,2,7872.0,8820,8820,0.12,-110.4,-110.4,8950,4.0,9400,400.0,0,False,True,1
Q46166,Штатна магнітола Q1 під Opel (Vauxhall) Astra K 2015-2019 Bu,2,7917.0,8870,8870,0.12,-111.4,-111.4,9000,3.0,9450,399.0,0,False,True,1
Q46168,Штатна магнітола Q1 під Opel Corsa 2014-2019 Adam 2013-2019 ,2,8463.0,9480,9480,0.12,-120.6,-120.6,9620,2.6,9560,-50.2,0,False,True,1
Q46169,Штатна магнітола Q1 під Opel Corsa F 2019+ 9 дюймів,2,7963.0,8920,8920,0.12,-113.4,-113.4,9050,1.0,9510,405.8,0,False,True,1
Q46170,Штатна магнітола Q1 під Opel Insignia 1 Buick Regal 2013-201,2,7963.0,8920,8920,0.12,-113.4,-113.4,9050,1.0,9510,405.8,0,False,True,1
Q46174,Штатна магнітола Q1 під Opel Meriva 2010-2014 9 дюймів,2,8054.0,9030,9030,0.12,-107.6,-107.6,9160,6.8,9610,402.8,0,False,True,1
Q46175,Штатна магнітола Q1 під Opel Mokka 1 2012-2016 Vauxhall Mokk,2,7826.0,8770,8770,0.12,-108.4,-108.4,8900,6.0,9340,393.2,0,False,True,1
Q46178,Штатна магнітола Q1 під Peugeot 206 1998-2012 (W2) 9 дюймів,2,7735.0,8670,8670,0.12,-105.4,-105.4,8790,0.2,9230,387.4,0,False,True,1
Q46179,Штатна магнітола Q1 під Peugeot 206 1998-2012 (W3) 9 дюймів,2,7826.0,8770,8770,0.12,-108.4,-108.4,8900,6.0,9340,393.2,0,False,True,1
Q46180,Штатна магнітола Q1 під Peugeot 301 For Citroen C-Elysee CEl,2,7644.0,8570,8570,0.12,-102.4,-102.4,8690,3.2,9130,390.4,0,False,True,1
Q46181,Штатна магнітола Q1 під Peugeot 307 1 2001-2008 (W3) 9 дюймі,2,7644.0,8570,8570,0.12,-102.4,-102.4,8690,3.2,9130,390.4,0,False,True,1
Q46182,Штатна магнітола Q1 під Peugeot 308 2010-2015 (F1) (W1) 9 дю,2,7690.0,8620,8620,0.12,-104.4,-104.4,8740,1.2,9180,388.4,0,False,True,1
Q46183,Штатна магнітола Q1 під Peugeot 308 2010-2015 (F1) (W2) 9 дю,2,7781.0,8720,8720,0.12,-107.4,-107.4,8850,7.0,9290,394.2,0,False,True,1
Q46184,Штатна магнітола Q1 під Peugeot 308 2010-2015 (F2) 9 дюймів,2,8463.0,9480,9480,0.12,-120.6,-120.6,9620,2.6,9560,-50.2,0,False,True,1
Q46185,Штатна магнітола Q1 під Peugeot 308 T9 308S 2013-2017 9 дюйм,2,7735.0,8670,8670,0.12,-105.4,-105.4,8790,0.2,9230,387.4,0,False,True,1
Q46186,Штатна магнітола Q1 під Peugeot 407 1 2004-2011 9 дюймів,2,8645.0,9690,9690,0.12,-117.8,-117.8,9830,5.4,9770,-47.4,0,False,True,1
Q46187,Штатна магнітола Q1 під Peugeot 408 1 T7 2012-2020 For Peuge,2,7781.0,8720,8720,0.12,-107.4,-107.4,8850,7.0,9290,394.2,0,False,True,1
Q46188,Штатна магнітола Q1 під Peugeot 408 1 T7 2012-2020 For Peuge,2,7781.0,8720,8720,0.12,-107.4,-107.4,8850,7.0,9290,394.2,0,False,True,1
Q46189,Штатна магнітола Q1 під Peugeot 508 2011-2018 9 дюймів,2,7781.0,8720,8720,0.12,-107.4,-107.4,8850,7.0,9290,394.2,0,False,True,1
Q46190,Штатна магнітола Q1 під Peugeot 607 2004-2010 9 дюймів,2,7963.0,8920,8920,0.12,-113.4,-113.4,9050,1.0,9510,405.8,0,False,True,1
Q46191,Штатна магнітола Q1 під Peugeot 2008 II 2 2019-2021 9 дюймів,2,7781.0,8720,8720,0.12,-107.4,-107.4,8850,7.0,9290,394.2,0,False,True,1
Q46192,Штатна магнітола Q1 під Peugeot 3008 1 2009-2016 (F1) 9 дюйм,2,7690.0,8620,8620,0.12,-104.4,-104.4,8740,1.2,9180,388.4,0,False,True,1
Q46193,Штатна магнітола Q1 під Peugeot 3008 1 2009-2016 (F2) 9 дюйм,2,7690.0,8620,8620,0.12,-104.4,-104.4,8740,1.2,9180,388.4,0,False,True,1
Q46194,"Штатна магнітола Q1 під Peugeot 4008, 5008 2017+ 9 дюймів",2,8008.0,8970,8970,0.12,-114.4,-114.4,9100,0.0,9560,404.8,0,False,True,1
Q46195,Штатна магнітола Q1 під Porsche Cayenne I 1 9PA 2002-2010 (W,2,8281.0,9280,9280,0.12,-114.6,-114.6,9420,8.6,9890,422.2,0,False,True,1
Q46196,Штатна магнітола Q1 під Renault Clio 4 BH98 KH98 2005-2014 9,2,8418.0,9430,9430,0.12,-119.6,-119.6,9570,3.6,9510,-49.2,0,False,True,1
Q46197,Штатна магнітола Q1 під Renault Clio 4 BH98 KH98 2019+ 9 дюй,2,8099.0,9080,9080,0.12,-108.6,-108.6,9210,5.8,9670,410.6,0,False,True,1
Q46198,Штатна магнітола Q1 під Renault Dokker 2012-2020 9 дюймів,2,8372.0,9380,9380,0.12,-117.6,-117.6,9520,5.6,9990,419.2,0,False,True,1
Q46200,Штатна магнітола Q1 під Renault Duster 2015-2020 LADA Largus,2,8099.0,9080,9080,0.12,-108.6,-108.6,9210,5.8,9670,410.6,0,False,True,1
Q46204,Штатна магнітола Q1 під Renault Jmev Elight 2022+ 9 дюймів,2,8463.0,9480,9480,0.12,-120.6,-120.6,9620,2.6,9560,-50.2,0,False,True,1
Q46205,Штатна магнітола Q1 під Renault Kadjar 2015-2017 (W1) 9 дюйм,2,7781.0,8720,8720,0.12,-107.4,-107.4,8850,7.0,9290,394.2,0,False,True,1
Q46206,Штатна магнітола Q1 під Renault Kadjar 2015-2017 (W2) 9 дюйм,2,7917.0,8870,8870,0.12,-111.4,-111.4,9000,3.0,9450,399.0,0,False,True,1
Q46207,Штатна магнітола Q1 під Renault Kangoo 2015-2018 (W2) 9 дюйм,2,8463.0,9480,9480,0.12,-120.6,-120.6,9620,2.6,9560,-50.2,0,False,True,1
Q46208,Штатна магнітола Q1 під Renault Kaptur 2016-2019 Captur 2013,2,7963.0,8920,8920,0.12,-113.4,-113.4,9050,1.0,9510,405.8,0,False,True,1
Q46212,Штатна магнітола Q1 під Renault Kwid 2015-2019 (W2) 9 дюймів,2,7872.0,8820,8820,0.12,-110.4,-110.4,8950,4.0,9400,400.0,0,False,True,1
Q46213,Штатна магнітола Q1 під Renault Kwid 2015-2019 (W3) 9 дюймів,2,8054.0,9030,9030,0.12,-107.6,-107.6,9160,6.8,9610,402.8,0,False,True,1
Q46217,Штатна магнітола Q1 під Renault Logan 2 2012-2019 Sandero 2 ,2,8145.0,9130,9130,0.12,-110.6,-110.6,9260,3.8,9720,408.6,0,False,True,1
Q46219,Штатна магнітола Q1 під Renault Logan 2 2012-2019 Sandero 2 ,2,8099.0,9080,9080,0.12,-108.6,-108.6,9210,5.8,9670,410.6,0,False,True,1
Q46221,Штатна магнітола Q1 під Renault Megane 3 2008-2014 (W1) 9 дю,2,8327.0,9330,9330,0.12,-116.6,-116.6,9470,6.6,9940,420.2,0,False,True,1
Q46222,Штатна магнітола Q1 під Renault Megane 3 2008-2014 (W2) 9 дю,2,8281.0,9280,9280,0.12,-114.6,-114.6,9420,8.6,9890,422.2,0,False,True,1
Q46223,"Штатна магнітола Q1 під Renault Megane 3 2008-2016, Fluence ",2,8554.0,9590,9590,0.12,-114.8,-114.8,9730,8.4,9660,-53.2,0,False,True,1
Q46224,"Штатна магнітола Q1 під Renault Megane 3 2008-2016, Fluence ",2,8509.0,9540,9540,0.12,-113.8,-113.8,9670,0.6,9610,-52.2,0,False,True,1
Q46228,Штатна магнітола Q1 під Seat Altea 2004-2015 Toledo 2004-200,2,7599.0,8520,8520,0.12,-101.4,-101.4,8640,4.2,9070,382.6,0,False,True,1
Q46229,Штатна магнітола Q1 під Seat Ibiza 2008-2015 9 дюймів,2,7462.0,8360,8360,0.12,-105.2,-105.2,8480,0.4,8910,378.8,0,False,True,1
Q46230,"Штатна магнітола Q1 під Seat Ibiza, Arona 2017-2020 9 дюймів",2,7599.0,8520,8520,0.12,-101.4,-101.4,8640,4.2,9070,382.6,0,False,True,1
Q46231,Штатна магнітола Q1 під Seat Leon 2 2005-2012 9 дюймів,2,7599.0,8520,8520,0.12,-101.4,-101.4,8640,4.2,9070,382.6,0,False,True,1
Q46232,Штатна магнітола Q1 під Seat Leon 3 2012-2020 9 дюймів,2,7644.0,8570,8570,0.12,-102.4,-102.4,8690,3.2,9130,390.4,0,False,True,1
Q46233,Штатна магнітола Q1 під Skoda Fabia 2014-2020 (W2) 9 дюймів,2,7371.0,8260,8260,0.12,-102.2,-102.2,8380,3.4,8800,373.0,0,False,True,1
Q46234,"Штатна магнітола Q1 під Skoda Octavia (1Z) 2004-2013, Yeti 2",2,7417.0,8310,8310,0.12,-104.2,-104.2,8430,1.4,8850,371.0,0,False,True,1
Q46235,"Штатна магнітола Q1 під Skoda Octavia (1Z) 2004-2013, Yeti 2",2,7417.0,8310,8310,0.12,-104.2,-104.2,8430,1.4,8850,371.0,0,False,True,1
Q46236,Штатна магнітола Q1 під Subaru Forester 4 SJ 2012-2015 Impre,2,8782.0,9840,9840,0.12,-122.8,-122.8,9980,0.4,9920,-52.4,0,False,True,1
Q46237,Штатна магнітола Q1 під Subaru Forester SJ 2019+ 9 дюймів,2,8145.0,9130,9130,0.12,-110.6,-110.6,9260,3.8,9720,408.6,0,False,True,1
Q46238,"Штатна магнітола Q1 під Subaru Impreza, Forester 5 2018-2021",2,8099.0,9080,9080,0.12,-108.6,-108.6,9210,5.8,9670,410.6,0,False,True,1
Q46239,Штатна магнітола Q1 під Subaru Outback 4 Legacy 5 2009-2014 ,2,8918.0,9990,9990,0.12,-126.8,-126.8,9590,-478.8,10070,447.1,0,False,True,1
Q46240,Штатна магнітола Q1 під Subaru Outback 5 2014-2018 Legacy 6 ,2,8827.0,9890,9890,0.12,-123.8,-123.8,9500,-467.0,9970,-53.4,0,False,True,1
Q46241,Штатна магнітола Q1 під Toyota 4Runner 5 N280 2009 - 2020 9 ,2,7826.0,8770,8770,0.12,-108.4,-108.4,8900,6.0,9340,393.2,0,False,True,1
Q46242,Штатна магнітола Q1 під Toyota Alphard 2003-2007 (F1) (W2) 9,2,8054.0,9030,9030,0.12,-107.6,-107.6,9160,6.8,9610,402.8,0,False,True,1
Q46243,Штатна магнітола Q1 під Toyota Alphard 2003-2007 (F2) (W2) 9,2,8099.0,9080,9080,0.12,-108.6,-108.6,9210,5.8,9670,410.6,0,False,True,1
Q46247,Штатна магнітола Q1 під Toyota Avalon 3 2005-2010 9 дюймів,2,8099.0,9080,9080,0.12,-108.6,-108.6,9210,5.8,9670,410.6,0,False,True,1
Q46248,Штатна магнітола Q1 під Toyota Avalon 2013-2018 9 дюймів,2,8509.0,9540,9540,0.12,-113.8,-113.8,9670,0.6,9610,-52.2,0,False,True,1
Q46249,Штатна магнітола Q1 під Toyota C-HR CHR 2016-2020 (F1) (W1) ,2,7690.0,8620,8620,0.12,-104.4,-104.4,8740,1.2,9180,388.4,0,False,True,1
Q46250,Штатна магнітола Q1 під Toyota C-HR CHR 2016-2020 (F1) (W2) ,2,7735.0,8670,8670,0.12,-105.4,-105.4,8790,0.2,9230,387.4,0,False,True,1
Q46251,Штатна магнітола Q1 під Toyota C-HR CHR 2016-2020 (F2) (W1) ,2,7781.0,8720,8720,0.12,-107.4,-107.4,8850,7.0,9290,394.2,0,False,True,1
Q46252,Штатна магнітола Q1 під Toyota C-HR CHR 2016-2020 (F2) (W2) ,2,7826.0,8770,8770,0.12,-108.4,-108.4,8900,6.0,9340,393.2,0,False,True,1
Q46253,Штатна магнітола Q1 під Toyota Camry 5 XV 30 2001-2006 (F1) ,2,8008.0,8970,8970,0.12,-114.4,-114.4,9100,0.0,9560,404.8,0,False,True,1
Q46254,Штатна магнітола Q1 під Toyota Camry 6 XV 40 50 2006-2011 (F,2,8463.0,9480,9480,0.12,-120.6,-120.6,9620,2.6,9560,-50.2,0,False,True,1
Q46255,Штатна магнітола Q1 під Toyota Corolla 11 2017-2018 (F3) (W2,2,7599.0,8520,8520,0.12,-101.4,-101.4,8640,4.2,9070,382.6,0,False,True,1
Q46256,Штатна магнітола Q1 під Toyota Crown S210 2012-2018 (W1) 9 д,2,8418.0,9430,9430,0.12,-119.6,-119.6,9570,3.6,9510,-49.2,0,False,True,1
Q46257,Штатна магнітола Q1 під Toyota Crown S210 2012-2018 (W2) 9 д,2,12786.0,13690,13690,0.07,-54.3,-54.3,13750,1.5,14440,643.2,0,False,True,1
Q46259,Штатна магнітола Q1 під Toyota FJ Cruiser J15 2006-2020 (F2),2,7917.0,8870,8870,0.12,-111.4,-111.4,9000,3.0,9450,399.0,0,False,True,1
Q46260,Штатна магнітола Q1 під Toyota FJ Cruiser J15 2006-2020 (F3),2,7963.0,8920,8920,0.12,-113.4,-113.4,9050,1.0,9510,405.8,0,False,True,1
Q46262,Штатна магнітола Q1 під Toyota Fortuner 2 2015-2018 SW4 2016,2,7644.0,8570,8570,0.12,-102.4,-102.4,8690,3.2,9130,390.4,0,False,True,1
Q46263,Штатна магнітола Q1 під Toyota Highlander 1 XU20 2001-2007 (,2,8099.0,9080,9080,0.12,-108.6,-108.6,9210,5.8,9670,410.6,0,False,True,1
Q46264,"Штатна магнітола Q1 під Toyota Innova, Crysta(right) 2015+ (",2,7690.0,8620,8620,0.12,-104.4,-104.4,8740,1.2,9180,388.4,0,False,True,1
Q46265,Штатна магнітола Q1 під Toyota Land Cruiser 11 200 2015-2018,2,7735.0,8670,8670,0.12,-105.4,-105.4,8790,0.2,9230,387.4,0,False,True,1
Q46266,Штатна магнітола Q1 під Toyota Land Cruiser LC 100-A 2002-20,2,8008.0,8970,8970,0.12,-114.4,-114.4,9100,0.0,9560,404.8,0,False,True,1
Q46267,Штатна магнітола Q1 під Toyota Land Cruiser Prado 120 2004-2,2,8190.0,9180,9180,0.12,-111.6,-111.6,9310,2.8,9780,416.4,0,False,True,1
Q46268,Штатна магнітола Q1 під Toyota Land Cruiser Prado 120 2004-2,2,9737.0,10910,10910,0.07,409.3,409.3,10470,0.1,11000,493.0,0,False,True,1
Q46269,Штатна магнітола Q1 під Toyota Land Cruiser Prado 150 2009-2,2,7644.0,8570,8570,0.12,-102.4,-102.4,8690,3.2,9130,390.4,0,False,True,1
Q46270,"Штатна магнітола Q1 під Toyota Mark X 2004-2009, Reiz 2005-2",2,8964.0,10040,10040,0.07,373.2,373.2,9640,-480.8,10130,456.9,0,False,True,1
Q46271,Штатна магнітола Q1 під Toyota Prius V 2012-2017 (W2) 9 дюйм,2,8509.0,9540,9540,0.12,-113.8,-113.8,9670,0.6,9610,-52.2,0,False,True,1
Q46272,Штатна магнітола Q1 під Toyota Reiz 2011+ Mark X 2009-2019 (,2,7599.0,8520,8520,0.12,-101.4,-101.4,8640,4.2,9070,382.6,0,False,True,1
Q46273,Штатна магнітола Q1 під Toyota Rush 2018+ Daihatsu Terios II,2,7781.0,8720,8720,0.12,-107.4,-107.4,8850,7.0,9290,394.2,0,False,True,1
Q46274,Штатна магнітола Q1 під Toyota Sienna 3 XL30 2010 - 2014 (W2,2,7599.0,8520,8520,0.12,-101.4,-101.4,8640,4.2,9070,382.6,0,False,True,1
Q46275,Штатна магнітола Q1 під Toyota Sienna 3 XL30 2014-2020 (W1) ,2,7781.0,8720,8720,0.12,-107.4,-107.4,8850,7.0,9290,394.2,0,False,True,1
Q46276,Штатна магнітола Q1 під Toyota Sienna 3 XL30 2014-2020 (W2) ,2,7826.0,8770,8770,0.12,-108.4,-108.4,8900,6.0,9340,393.2,0,False,True,1
Q46277,Штатна магнітола Q1 під Toyota Sienna 2004-2010 (W2) 9 дюймі,2,8145.0,9130,9130,0.12,-110.6,-110.6,9260,3.8,9720,408.6,0,False,True,1
Q46278,Штатна магнітола Q1 під Toyota Tacoma 2 Hilux 2005-2015 (W2),2,8054.0,9030,9030,0.12,-107.6,-107.6,9160,6.8,9610,402.8,0,False,True,1
Q46279,Штатна магнітола Q1 під Toyota Tacoma N300 2015-2021 (W2) 9 ,2,8418.0,9430,9430,0.12,-119.6,-119.6,9570,3.6,9510,-49.2,0,False,True,1
Q46280,Штатна магнітола Q1 під Toyota Tacoma N300 2015-2021 (W3) 9 ,2,8418.0,9430,9430,0.12,-119.6,-119.6,9570,3.6,9510,-49.2,0,False,True,1
Q46281,Штатна магнітола Q1 під Toyota Tundra XK50 2013-2020 (F1) (W,2,7644.0,8570,8570,0.12,-102.4,-102.4,8690,3.2,9130,390.4,0,False,True,1
Q46282,Штатна магнітола Q1 під Toyota Tundra XK50 2013-2020 (F1) (W,2,8372.0,9380,9380,0.12,-117.6,-117.6,9520,5.6,9990,419.2,0,False,True,1
Q46283,Штатна магнітола Q1 під Toyota Vitz 2015-2020 (W2) 9 дюймів,2,7826.0,8770,8770,0.12,-108.4,-108.4,8900,6.0,9340,393.2,0,False,True,1
Q46284,Штатна магнітола Q1 під UAZ Patriot 3 (F2) Profi 2016-2021 (,2,8418.0,9430,9430,0.12,-119.6,-119.6,9570,3.6,9510,-49.2,0,False,True,1
Q46285,"Штатна магнітола Q1 під Volksvagen Polo, Passat, Golf, Arteo",2,7326.0,8210,8210,0.12,-101.2,-101.2,8330,4.4,8750,374.0,0,False,True,1
Q46286,"Штатна магнітола Q1 під Volksvagen Polo, Passat, Golf, Arteo",2,7462.0,8360,8360,0.12,-105.2,-105.2,8480,0.4,8910,378.8,0,False,True,1
Q46287,Штатна магнітола Q1 під Volkswagen Amarok 2016-2022 9 дюймів,2,7826.0,8770,8770,0.12,-108.4,-108.4,8900,6.0,9340,393.2,0,False,True,1
Q46288,Штатна магнітола Q1 під Volkswagen Beetle A5 2011-2019 (W1) ,2,7417.0,8310,8310,0.12,-104.2,-104.2,8430,1.4,8850,371.0,0,False,True,1
Q46289,Штатна магнітола Q1 під Volkswagen Beetle A5 2011-2019 (W2) ,2,7417.0,8310,8310,0.12,-104.2,-104.2,8430,1.4,8850,371.0,0,False,True,1
Q46290,Штатна магнітола Q1 під Volkswagen Bora 2012-2016 (W2) 9 дюй,2,7371.0,8260,8260,0.12,-102.2,-102.2,8380,3.4,8800,373.0,0,False,True,1
Q46291,Штатна магнітола Q1 під Volkswagen Caravelle 6 T6.1 T6 2015 ,2,7599.0,8520,8520,0.12,-101.4,-101.4,8640,4.2,9070,382.6,0,False,True,1
Q46292,Штатна магнітола Q1 під Volkswagen Golf 6 2006-2018 (W1) 9 д,2,7371.0,8260,8260,0.12,-102.2,-102.2,8380,3.4,8800,373.0,0,False,True,1
Q46293,Штатна магнітола Q1 під Volkswagen Golf 6 2006-2018 (W2) 9 д,2,7371.0,8260,8260,0.12,-102.2,-102.2,8380,3.4,8800,373.0,0,False,True,1
Q46294,Штатна магнітола Q1 під Volkswagen Jetta 2013+ (W2) 9 дюймів,2,7326.0,8210,8210,0.12,-101.2,-101.2,8330,4.4,8750,374.0,0,False,True,1
Q46295,Штатна магнітола Q1 під Volkswagen Lamando 2014-2018 (W1) 9 ,2,7508.0,8410,8410,0.12,-107.2,-107.2,8540,7.2,8960,376.8,0,False,True,1
Q46296,Штатна магнітола Q1 під Volkswagen Lamando 2014-2018 (W2) 9 ,2,7371.0,8260,8260,0.12,-102.2,-102.2,8380,3.4,8800,373.0,0,False,True,1
Q46297,Штатна магнітола Q1 під Volkswagen Lavida 2010-2012 (W2) 9 д,2,7371.0,8260,8260,0.12,-102.2,-102.2,8380,3.4,8800,373.0,0,False,True,1
Q46298,Штатна магнітола Q1 під Volkswagen Lavida 2015-2018 (F2) (W1,2,7371.0,8260,8260,0.12,-102.2,-102.2,8380,3.4,8800,373.0,0,False,True,1
Q46299,Штатна магнітола Q1 під Volkswagen Multivan T5 2003-2015 9 д,2,7462.0,8360,8360,0.12,-105.2,-105.2,8480,0.4,8910,378.8,0,False,True,1
Q46302,Штатна магнітола Q1 під Volkswagen Passat 7 B7 NMS 2015-2018,2,7417.0,8310,8310,0.12,-104.2,-104.2,8430,1.4,8850,371.0,0,False,True,1
Q46303,Штатна магнітола Q1 під Volkswagen Passat 7 B7 NMS 2015-2018,2,7417.0,8310,8310,0.12,-104.2,-104.2,8430,1.4,8850,371.0,0,False,True,1
Q46304,Штатна магнітола Q1 під Volkswagen Passat 7 B7 NMS 2015-2018,2,7371.0,8260,8260,0.12,-102.2,-102.2,8380,3.4,8800,373.0,0,False,True,1
Q46305,Штатна магнітола Q1 під Volkswagen Passat 7 B7 NMS 2015-2018,2,7371.0,8260,8260,0.12,-102.2,-102.2,8380,3.4,8800,373.0,0,False,True,1
Q46306,Штатна магнітола Q1 під Volkswagen Passat B7 2010-2014 9 дюй,2,7462.0,8360,8360,0.12,-105.2,-105.2,8480,0.4,8910,378.8,0,False,True,1
Q46307,Штатна магнітола Q1 під Volkswagen POLO 5 2008-2020 (W2) 9 д,2,7371.0,8260,8260,0.12,-102.2,-102.2,8380,3.4,8800,373.0,0,False,True,1
Q46308,Штатна магнітола Q1 під Volkswagen Santana 2012+ (F1) (W2) 9,2,7326.0,8210,8210,0.12,-101.2,-101.2,8330,4.4,8750,374.0,0,False,True,1
Q46309,Штатна магнітола Q1 під Volkswagen Santana 2012+ (F2) (W2) 9,2,7326.0,8210,8210,0.12,-101.2,-101.2,8330,4.4,8750,374.0,0,False,True,1
Q46310,Штатна магнітола Q1 під Volkswagen Scirocco 2015+ (F1) 9 дюй,2,7417.0,8310,8310,0.12,-104.2,-104.2,8430,1.4,8850,371.0,0,False,True,1
Q46311,Штатна магнітола Q1 під Volkswagen Scirocco 2015+ (F2) 9 дюй,2,7417.0,8310,8310,0.12,-104.2,-104.2,8430,1.4,8850,371.0,0,False,True,1
Q46312,Штатна магнітола Q1 під Volkswagen Scirocco 2015+ (F3) 9 дюй,2,7417.0,8310,8310,0.12,-104.2,-104.2,8430,1.4,8850,371.0,0,False,True,1
Q46313,Штатна магнітола Q1 під Volkswagen Scirocco 2015+ (F4) 9 дюй,2,7417.0,8310,8310,0.12,-104.2,-104.2,8430,1.4,8850,371.0,0,False,True,1
Q46314,Штатна магнітола Q1 під Volkswagen Sharan 2011-2018 (Seat Al,2,7508.0,8410,8410,0.12,-107.2,-107.2,8540,7.2,8960,376.8,0,False,True,1
Q46315,Штатна магнітола Q1 під Volkswagen Sharan 2011-2018 (Seat Al,2,7508.0,8410,8410,0.12,-107.2,-107.2,8540,7.2,8960,376.8,0,False,True,1
Q46316,Штатна магнітола Q1 під Volkswagen Tiguan 1 NF 2006-2017 (F1,2,7371.0,8260,8260,0.12,-102.2,-102.2,8380,3.4,8800,373.0,0,False,True,1
Q46317,Штатна магнітола Q1 під Volkswagen Tiguan 1 NF 2006-2017 (F1,2,7371.0,8260,8260,0.12,-102.2,-102.2,8380,3.4,8800,373.0,0,False,True,1
Q46318,Штатна магнітола Q1 під Volkswagen Tiguan 1 NF 2006-2017 Gol,2,7462.0,8360,8360,0.12,-105.2,-105.2,8480,0.4,8910,378.8,0,False,True,1
Q46320,Штатна магнітола Q1 під Volkswagen Tiguan 1 NF 2006-2017 Gol,2,7371.0,8260,8260,0.12,-102.2,-102.2,8380,3.4,8800,373.0,0,False,True,1
Q46321,Штатна магнітола Q1 під Volkswagen Tiguan 1 NF 2006-2017 Gol,2,7371.0,8260,8260,0.12,-102.2,-102.2,8380,3.4,8800,373.0,0,False,True,1
Q46322,Штатна магнітола Q1 під Volkswagen Touareg FL NF 2010-2018 (,2,7963.0,8920,8920,0.12,-113.4,-113.4,9050,1.0,9510,405.8,0,False,True,1
Q46325,Штатна магнітола Q1 під Volvo S60 2013-2018 (W1) 9 дюймів,2,8372.0,9380,9380,0.12,-117.6,-117.6,9520,5.6,9990,419.2,0,False,True,1
Q46326,Штатна магнітола Q1 під Volvo S60 2013-2018 (W2) 9 дюймів,2,10511.0,11250,11250,0.07,-48.5,-48.5,11310,7.3,11870,528.1,0,False,True,1
Q46327,Штатна магнітола Q1 під Volvo S80 2006-2010 9 дюймів,2,8645.0,9690,9690,0.12,-117.8,-117.8,9830,5.4,9770,-47.4,0,False,True,1
Q46328,Штатна магнітола Q1 під Volvo XC60 2008-2017 (W1) 9 дюймів,2,10511.0,11250,11250,0.07,-48.5,-48.5,11310,7.3,11870,528.1,0,False,True,1
QIV-Q1+-10,"Автомагнітола Q1+ 10"" 2/32 4G (10"", QLED, 8Cores, 2/32Gb, Ca",2,6825.0,7650,7650,0.12,-93.0,-93.0,7760,3.8,8150,347.0,0,False,True,1
QIV-Q1+-10-2_64,"Автомагнітола Q1+ 10"" 2/64 4G (10"", QLED, 8Cores, 2/64Gb, 4G",2,7508.0,8410,8410,0.12,-107.2,-107.2,8540,7.2,8960,376.8,0,False,True,50
QIV-Q1+-10_4_64,"Автомагнітола Q1+ 10"" 4/64 4G (10"", QLED, 8Cores, 4/64Gb, Ca",2,8418.0,9430,9430,0.12,-119.6,-119.6,9570,3.6,9510,-49.2,0,False,True,92
QIV-Q1+-9,"Автомагнітола Q1+ 9"" 2/32 4G (9"", QLED, 8Cores, 2/32Gb, 4G, ",2,6825.0,7650,7650,0.12,-93.0,-93.0,7760,3.8,8150,347.0,0,False,True,2
QIV-Q1+-9-2_64,"Автомагнітола Q1+ 9"" 2/64 4G (9"", QLED, 8Cores, 2/64Gb, 4G, ",2,7508.0,8410,8410,0.12,-107.2,-107.2,8540,7.2,8960,376.8,0,False,True,22
QIV-Q1+-9_4_64,"Автомагнітола Q1+ 9"" 4/64 4G (9"", QLED, 8Cores, 4/64Gb, 4G, ",2,8418.0,9430,9430,0.12,-119.6,-119.6,9570,3.6,9510,-49.2,0,False,True,63
QIV-Q1-7-BK-Opel,"Автомагнітола Q1 Opel 7 дюймів 2/64 4G Black (7"", IPS, 4Core",2,9100.0,10200,10200,0.07,386.0,386.0,9790,-484.8,10280,460.4,0,False,True,3
QIV-Q2-10,Автомагнітола Q2 10 дюймів 4/32 (10 дюймів QLED 8core 7862 4,2,10101.0,10810,10810,0.07,-47.7,-47.7,10870,8.1,11410,510.3,0,False,True,6
QIV-Q2-7-BK-Opel,Автомагнітола Q2 Opel 7 дюймів 4/32 Black (7 дюймів QLED 8co,2,11830.0,12660,12660,0.07,-56.2,-56.2,12730,8.9,13360,594.8,0,False,True,1
QIV-Q2-7-GR-Opel,Автомагнітола Q2 Opel 7 дюймів 4/32 Grey (7 дюймів QLED 8cor,2,11830.0,12660,12660,0.07,-56.2,-56.2,12730,8.9,13360,594.8,0,False,True,1
QIV-Q2-7-SL-Opel,Автомагнітола Q2 Opel 7 дюймів 4/32 Silver (7 дюймів QLED 8c,2,11830.0,12660,12660,0.07,-56.2,-56.2,12730,8.9,13360,594.8,0,False,True,2
QIV-Q2-9,Автомагнітола Q2 9 дюймів 4/32 (9 дюймів InCell 8core 7862 4,2,10101.0,10810,10810,0.07,-47.7,-47.7,10870,8.1,11410,510.3,0,False,True,5
QIV-Q3+_10,Автомагнітола Q3+ 10 дюймів 2K 4/64 (10 дюймів 2K Qled 8core,2,13878.0,14850,14850,0.07,-67.5,-67.5,14930,6.9,15670,695.1,0,False,True,15
QIV-Q3+_9,Автомагнітола Q3+ 9 дюймів 2K 4/64 (9 дюймів 2K Qled 8core 7,2,13878.0,14850,14850,0.07,-67.5,-67.5,14930,6.9,15670,695.1,0,False,True,15
QIV-Q4-103 MB,Автомагнітола Q4 Mercedes Benz/Audi 10.33 дюйми 2K 4/64 (10.,2,18200.0,19480,19480,0.07,-83.6,-83.6,19570,0.1,20120,914.0,0,False,True,9
QIV-Q4-123 Audi,Автомагнітола Q4 Audi 12.3 дюйми 2K 4/64 (12.3 дюйми 2K Qled,2,20475.0,21500,21500,0.05,-50.0,-50.0,21560,7.0,22640,1033.0,0,False,True,5
QIV-Q4-123 BMW,Автомагнітола Q4 BMW 12.3 дюйми 2K 4/64 (12.3 дюйми 2K Qled ,2,20475.0,21500,21500,0.05,-50.0,-50.0,21560,7.0,22640,1033.0,0,False,True,2
QIV-Q4-123 MB,Автомагнітола Q4 Mercedes Benz 12.3 дюйми 2K 4/64 (12.3 дюйм,2,20475.0,21500,21500,0.05,-50.0,-50.0,21560,7.0,22640,1033.0,0,False,True,3
QIV-Q4-123 Mazda,Автомагнітола Q4 Mazda 12.3 дюйми 2K 4/64 (12.3 дюйми 2K Qle,2,27300.0,28670,28670,0.05,-63.5,-63.5,28740,3.0,30180,1371.0,0,False,True,1
QIV-Q4-123 Toyota,Автомагнітола Q4 Toyota 12.3 дюйми 2K 4/64 (12.3 дюйми 2K Ql,2,28665.0,30100,30100,0.05,-70.0,-70.0,30180,6.0,31690,1440.5,0,False,True,3
QIV-Q4-150 Toyota,Автомагнітола Q4 Toyota 15.00 дюймів 2K 4/64 (15.00 дюймів 2,2,34125.0,35840,35840,0.05,-77.0,-77.0,35930,8.5,37720,1709.0,0,False,True,2
QIV-Q5-10,Автомагнітола Q5 10 дюймів 2K 6/128 (10 дюймів 2K Qled 8core,2,18200.0,19480,19480,0.07,-83.6,-83.6,19570,0.1,20120,914.0,0,False,True,2
QIV-Q5-9,Автомагнітола Q5 9 дюймів 2K 6/128 (9 дюймів 2K Qled 8core 7,2,18200.0,19480,19480,0.07,-83.6,-83.6,19570,0.1,20120,914.0,0,False,True,2
QIV-Q6-10,Автомагнітола Q6 10 дюймів 2K 8/128 (10 дюймів 2K Qled 8core,2,25025.0,26280,26280,0.05,-59.0,-59.0,26350,7.5,27660,1252.0,0,False,True,3
QIV-Q6-9,Автомагнітола Q6 9 дюймів 2K 8/128 (9 дюймів 2K Qled 8core 7,2,25025.0,26280,26280,0.05,-59.0,-59.0,26350,7.5,27660,1252.0,0,False,True,8
QIV-Q6L-9,Автомагнітола Q6L 9 дюймів 2K 8/128 (9 дюймів 2K Qled 8core ,2,17745.0,18990,18990,0.07,-84.3,-84.3,19090,8.7,19620,501.6,0,False,True,2
Q63010,Штатна магнітола 2K 360 CC3 6*128Gb під Buick GL8 2020+ (K) ,2,29530.0,31010,31010,0.05,-70.5,-70.5,31090,5.5,32640,1478.0,0,False,True,1
Q63011,Штатна магнітола 2K 360 CC3 6*128Gb під Ford Mustang 2009-20,2,29757.0,31250,31250,0.05,-69.5,-69.5,31330,6.5,32890,1488.5,0,False,True,1
Q63013,Штатна магнітола 2K 360 CC3 6*128Gb під Honda Elysion 2016-2,2,29166.0,30630,30630,0.05,-67.5,-67.5,30710,8.5,32240,1462.0,0,False,True,1
Q63014,Штатна магнітола 2K 360 CC3 6*128Gb під Toyota Highlander 2 ,2,27892.0,29290,29290,0.05,-66.5,-66.5,29360,0.0,30830,1396.5,0,False,True,1
Q63078,Штатна магнітола 2K 360 CC3 6*128Gb під BMW X1 E84 2009 - 20,2,27983.0,29390,29390,0.05,-62.5,-62.5,29460,4.0,30930,1400.5,0,False,True,1
Q63079,Штатна магнітола 2K 360 CC3 6*128Gb під Buick ENVISION 2014-,2,27755.0,29150,29150,0.05,-62.5,-62.5,29220,4.0,30680,1391.0,0,False,True,1
Q63080,Штатна магнітола 2K 360 CC3 6*128Gb під Buick Lacrosse 2013-,2,27710.0,29100,29100,0.05,-65.0,-65.0,29170,1.5,30630,1388.5,0,False,True,1
Q63081,Штатна магнітола 2K 360 CC3 6*128Gb під Buick Velite 6 2019+,2,28210.0,29630,29630,0.05,-61.5,-61.5,29700,5.0,31180,1411.0,0,False,True,1
Q63082,Штатна магнітола 2K 360 CC3 6*128Gb під Chevrolet Menlo 2019,2,27846.0,29240,29240,0.05,-68.0,-68.0,29320,8.0,30780,1395.0,0,False,True,1
Q63083,"Штатна магнітола 2K 360 CC3 6*128Gb під Chevrolet Silverado,",2,27710.0,29100,29100,0.05,-65.0,-65.0,29170,1.5,30630,1388.5,0,False,True,1
Q63084,"Штатна магнітола 2K 360 CC3 6*128Gb під Chevrolet Silverado,",2,27983.0,29390,29390,0.05,-62.5,-62.5,29460,4.0,30930,1400.5,0,False,True,1
Q63085,Штатна магнітола 2K 360 CC3 6*128Gb під Honda Avancier 2016-,2,28802.0,30250,30250,0.05,-64.5,-64.5,30320,2.0,31840,1446.0,0,False,True,1
Q63086,Штатна магнітола 2K 360 CC3 6*128Gb під Honda Civic 2021+ 10,2,27755.0,29150,29150,0.05,-62.5,-62.5,29220,4.0,30680,1391.0,0,False,True,1
Q63087,Штатна магнітола 2K 360 CC3 6*128Gb під Honda UR-V 2017-2023,2,29257.0,30720,30720,0.05,-73.0,-73.0,30800,3.0,32340,1466.0,0,False,True,1
Q63088,Штатна магнітола 2K 360 CC3 6*128Gb під Hyundai Sonata DN8 2,2,28301.0,29720,29720,0.05,-67.0,-67.0,29800,9.0,31290,1424.5,0,False,True,1
Q63089,Штатна магнітола 2K 360 CC3 6*128Gb під Kia CEED Cee'd 2 JD ,2,28256.0,29670,29670,0.05,-69.5,-69.5,29750,6.5,31240,1422.0,0,False,True,1
Q63090,Штатна магнітола 2K 360 CC3 6*128Gb під Kia Seltos 2019+ (F1,2,28347.0,29770,29770,0.05,-65.5,-65.5,29840,1.0,31340,1426.0,0,False,True,1
Q63092,Штатна магнітола 2K 360 CC3 6*128Gb під Opel Insignia 1 Buic,2,27664.0,29050,29050,0.05,-66.5,-66.5,29120,0.0,30580,1387.0,0,False,True,1
Q63093,Штатна магнітола 2K 360 CC3 6*128Gb під Renault Sandero 3 20,2,27846.0,29240,29240,0.05,-68.0,-68.0,29320,8.0,30780,1395.0,0,False,True,1
Q63094,Штатна магнітола 2K 360 CC3 6*128Gb під Toyota Camry VIII 8 ,2,27346.0,28720,28720,0.05,-62.0,-62.0,28790,4.5,30230,1372.5,0,False,True,1
Q63095,Штатна магнітола 2K 360 CC3 6*128Gb під Toyota Camry VIII 8 ,2,27346.0,28720,28720,0.05,-62.0,-62.0,28790,4.5,30230,1372.5,0,False,True,1
Q63096,Штатна магнітола 2K 360 CC3 6*128Gb під Buick Excelle 2008-2,2,26754.0,28100,28100,0.05,-59.0,-59.0,28170,7.5,29580,1347.0,0,False,True,1
Q63097,Штатна магнітола 2K 360 CC3 6*128Gb під Buick Excelle 2008-2,2,26754.0,28100,28100,0.05,-59.0,-59.0,28170,7.5,29580,1347.0,0,False,True,1
Q63098,Штатна магнітола 2K 360 CC3 6*128Gb під Buick GL8 3 2017-202,2,26936.0,28290,28290,0.05,-60.5,-60.5,28360,6.0,29780,1355.0,0,False,True,1
Q63099,Штатна магнітола 2K 360 CC3 6*128Gb під Buick GL8 3 2017-202,2,27027.0,28380,28380,0.05,-66.0,-66.0,28450,0.5,29880,1359.0,0,False,True,1
Q63100,Штатна магнітола 2K 360 CC3 6*128Gb під Buick GL8 2005-2010 ,2,26891.0,28240,28240,0.05,-63.0,-63.0,28310,3.5,29730,1352.5,0,False,True,1
Q63101,Штатна магнітола 2K 360 CC3 6*128Gb під Chevrolet Captiva 1 ,2,26891.0,28240,28240,0.05,-63.0,-63.0,28310,3.5,29730,1352.5,0,False,True,1
Q63102,Штатна магнітола 2K 360 CC3 6*128Gb під Chevrolet Lacetti J2,2,26754.0,28100,28100,0.05,-59.0,-59.0,28170,7.5,29580,1347.0,0,False,True,1
Q63103,Штатна магнітола 2K 360 CC3 6*128Gb під Chevrolet Lacetti J2,2,26663.0,28000,28000,0.05,-63.0,-63.0,28070,3.5,29470,1333.5,0,False,True,1
Q63104,Штатна магнітола 2K 360 CC3 6*128Gb під Chevrolet Lacetti J2,2,26663.0,28000,28000,0.05,-63.0,-63.0,28070,3.5,29470,1333.5,0,False,True,1
Q63105,"Штатна магнітола 2K 360 CC3 6*128Gb під Chevrolet Silverado,",2,26709.0,28050,28050,0.05,-61.5,-61.5,28120,5.0,29530,1344.5,0,False,True,1
Q63106,Штатна магнітола 2K 360 CC3 6*128Gb під Chrysler Grand Voyag,2,26982.0,28340,28340,0.05,-59.0,-59.0,28410,7.5,29830,1356.5,0,False,True,1
Q63108,Штатна магнітола 2K 360 CC3 6*128Gb під Ford EcoSport 2017-2,2,26891.0,28240,28240,0.05,-63.0,-63.0,28310,3.5,29730,1352.5,0,False,True,1
Q63110,Штатна магнітола 2K 360 CC3 6*128Gb під Great Wall Hover (Ha,2,26891.0,28240,28240,0.05,-63.0,-63.0,28310,3.5,29730,1352.5,0,False,True,1
Q63111,Штатна магнітола 2K 360 CC3 6*128Gb під Great Wall Hover (Ha,2,26936.0,28290,28290,0.05,-60.5,-60.5,28360,6.0,29780,1355.0,0,False,True,1
Q63112,Штатна магнітола 2K 360 CC3 6*128Gb під Great Wall Hover M4 ,2,26891.0,28240,28240,0.05,-63.0,-63.0,28310,3.5,29730,1352.5,0,False,True,1
Q63113,Штатна магнітола 2K 360 CC3 6*128Gb під Great Wall Wingle (6,2,26891.0,28240,28240,0.05,-63.0,-63.0,28310,3.5,29730,1352.5,0,False,True,1
Q63114,Штатна магнітола 2K 360 CC3 6*128Gb під Great Wall Wingle 5 ,2,26845.0,28190,28190,0.05,-64.5,-64.5,28260,2.0,29680,1351.0,0,False,True,1
Q63115,Штатна магнітола 2K 360 CC3 6*128Gb під Honda Civic 8 FK FN ,2,26754.0,28100,28100,0.05,-59.0,-59.0,28170,7.5,29580,1347.0,0,False,True,1
Q63116,Штатна магнітола 2K 360 CC3 6*128Gb під Honda CR-V CR-V 3 RE,2,26891.0,28240,28240,0.05,-63.0,-63.0,28310,3.5,29730,1352.5,0,False,True,1
Q63117,Штатна магнітола 2K 360 CC3 6*128Gb під Honda CR-V CRV 4 RM ,2,26936.0,28290,28290,0.05,-60.5,-60.5,28360,6.0,29780,1355.0,0,False,True,1
Q63118,Штатна магнітола 2K 360 CC3 6*128Gb під Honda Crider 2013-20,2,26754.0,28100,28100,0.05,-59.0,-59.0,28170,7.5,29580,1347.0,0,False,True,1
Q63119,Штатна магнітола 2K 360 CC3 6*128Gb під Honda Crider 2013-20,2,26754.0,28100,28100,0.05,-59.0,-59.0,28170,7.5,29580,1347.0,0,False,True,1
Q63120,Штатна магнітола 2K 360 CC3 6*128Gb під Honda Crider 2018+ E,2,26709.0,28050,28050,0.05,-61.5,-61.5,28120,5.0,29530,1344.5,0,False,True,1
Q63121,Штатна магнітола 2K 360 CC3 6*128Gb під Honda Crosstour 1 TF,2,27164.0,28530,28530,0.05,-60.5,-60.5,28600,6.0,30030,1364.5,0,False,True,1
Q63122,Штатна магнітола 2K 360 CC3 6*128Gb під Honda Freed 2008-201,2,26845.0,28190,28190,0.05,-64.5,-64.5,28260,2.0,29680,1351.0,0,False,True,1
Q63123,Штатна магнітола 2K 360 CC3 6*128Gb під Honda Jazz 3 Fit 3 G,2,26754.0,28100,28100,0.05,-59.0,-59.0,28170,7.5,29580,1347.0,0,False,True,1
Q63124,Штатна магнітола 2K 360 CC3 6*128Gb під Honda Odyssey (RB1/R,2,27164.0,28530,28530,0.05,-60.5,-60.5,28600,6.0,30030,1364.5,0,False,True,1
Q63125,"Штатна магнітола 2K 360 CC3 6*128Gb під Honda XRV,HRV ,WRV, ",2,26800.0,28140,28140,0.05,-67.0,-67.0,28220,9.0,29630,1348.5,0,False,True,1
Q63126,"Штатна магнітола 2K 360 CC3 6*128Gb під Honda XRV,HRV ,WRV, ",2,26800.0,28140,28140,0.05,-67.0,-67.0,28220,9.0,29630,1348.5,0,False,True,1
Q63127,Штатна магнітола 2K 360 CC3 6*128Gb під Hyundai Creta IX25 2,2,26709.0,28050,28050,0.05,-61.5,-61.5,28120,5.0,29530,1344.5,0,False,True,1
Q63128,Штатна магнітола 2K 360 CC3 6*128Gb під Hyundai Creta IX25 2,2,26800.0,28140,28140,0.05,-67.0,-67.0,28220,9.0,29630,1348.5,0,False,True,1
Q63129,Штатна магнітола 2K 360 CC3 6*128Gb під Hyundai Elantra 5 JK,2,26845.0,28190,28190,0.05,-64.5,-64.5,28260,2.0,29680,1351.0,0,False,True,1
Q63130,Штатна магнітола 2K 360 CC3 6*128Gb під Hyundai Elantra 5 JK,2,26936.0,28290,28290,0.05,-60.5,-60.5,28360,6.0,29780,1355.0,0,False,True,1
Q63131,Штатна магнітола 2K 360 CC3 6*128Gb під Hyundai Elantra 5 JK,2,26936.0,28290,28290,0.05,-60.5,-60.5,28360,6.0,29780,1355.0,0,False,True,1
Q63132,"Штатна магнітола 2K 360 CC3 6*128Gb під Hyundai IX25 2020+, ",2,26754.0,28100,28100,0.05,-59.0,-59.0,28170,7.5,29580,1347.0,0,False,True,1
Q63133,Штатна магнітола 2K 360 CC3 6*128Gb під Hyundai Tucson 2004-,2,26709.0,28050,28050,0.05,-61.5,-61.5,28120,5.0,29530,1344.5,0,False,True,1
Q63134,Штатна магнітола 2K 360 CC3 6*128Gb під Hyundai Tucson NX 20,2,26845.0,28190,28190,0.05,-64.5,-64.5,28260,2.0,29680,1351.0,0,False,True,1
Q63135,"Штатна магнітола 2K 360 CC3 6*128Gb під Hyundai Tucson, IX35",2,26709.0,28050,28050,0.05,-61.5,-61.5,28120,5.0,29530,1344.5,0,False,True,1
Q63136,Штатна магнітола 2K 360 CC3 6*128Gb під Iveco Bronte 2014-20,2,27391.0,28770,28770,0.05,-59.5,-59.5,28840,7.0,30280,1375.0,0,False,True,1
Q63137,Штатна магнітола 2K 360 CC3 6*128Gb під Kia Carens UN 2022+ ,2,27027.0,28380,28380,0.05,-66.0,-66.0,28450,0.5,29880,1359.0,0,False,True,1
Q63138,"Штатна магнітола 2K 360 CC3 6*128Gb під Kia Cerato 4, Forte ",2,26891.0,28240,28240,0.05,-63.0,-63.0,28310,3.5,29730,1352.5,0,False,True,1
Q63139,Штатна магнітола 2K 360 CC3 6*128Gb під KIA Cerato 2017+ (F1,2,26754.0,28100,28100,0.05,-59.0,-59.0,28170,7.5,29580,1347.0,0,False,True,1
Q63140,Штатна магнітола 2K 360 CC3 6*128Gb під KX1 2018-2023 (W1) 1,2,26845.0,28190,28190,0.05,-64.5,-64.5,28260,2.0,29680,1351.0,0,False,True,1
Q63141,Штатна магнітола 2K 360 CC3 6*128Gb під KX1 2018-2023 (W2) 1,2,27118.0,28480,28480,0.05,-62.0,-62.0,28550,4.5,29980,1363.0,0,False,True,1
Q63142,Штатна магнітола 2K 360 CC3 6*128Gb під Kia KX3 2015-2018 10,2,26663.0,28000,28000,0.05,-63.0,-63.0,28070,3.5,29470,1333.5,0,False,True,1
Q63143,"Штатна магнітола 2K 360 CC3 6*128Gb під Kia Optima 4 JF, K5 ",2,26663.0,28000,28000,0.05,-63.0,-63.0,28070,3.5,29470,1333.5,0,False,True,1
Q63144,"Штатна магнітола 2K 360 CC3 6*128Gb під Kia Optima 4 JF, K5 ",2,27027.0,28380,28380,0.05,-66.0,-66.0,28450,0.5,29880,1359.0,0,False,True,1
Q63145,Штатна магнітола 2K 360 CC3 6*128Gb під Kia RIO 4 2016 - 201,2,26754.0,28100,28100,0.05,-59.0,-59.0,28170,7.5,29580,1347.0,0,False,True,1
Q63146,Штатна магнітола 2K 360 CC3 6*128Gb під Kia RIO 4 2016 - 201,2,26800.0,28140,28140,0.05,-67.0,-67.0,28220,9.0,29630,1348.5,0,False,True,1
Q63148,Штатна магнітола 2K 360 CC3 6*128Gb під Kia Sorento 3 2014-2,2,26754.0,28100,28100,0.05,-59.0,-59.0,28170,7.5,29580,1347.0,0,False,True,1
Q63149,Штатна магнітола 2K 360 CC3 6*128Gb під Kia Sportage (NP) 20,2,26754.0,28100,28100,0.05,-59.0,-59.0,28170,7.5,29580,1347.0,0,False,True,1
Q63150,Штатна магнітола 2K 360 CC3 6*128Gb під Mazda 6 GG Atenza 20,2,27118.0,28480,28480,0.05,-62.0,-62.0,28550,4.5,29980,1363.0,0,False,True,1
Q63151,Штатна магнітола 2K 360 CC3 6*128Gb під Mazda 6 GG Atenza 20,2,27300.0,28670,28670,0.05,-63.5,-63.5,28740,3.0,30180,1371.0,0,False,True,1
Q63152,Штатна магнітола 2K 360 CC3 6*128Gb під MG GT 2015-2017 10 д,2,26800.0,28140,28140,0.05,-67.0,-67.0,28220,9.0,29630,1348.5,0,False,True,1
Q63153,Штатна магнітола 2K 360 CC3 6*128Gb під MG ZS 2017+ (W1) 10 ,2,26800.0,28140,28140,0.05,-67.0,-67.0,28220,9.0,29630,1348.5,0,False,True,1
Q63154,Штатна магнітола 2K 360 CC3 6*128Gb під MG ZS 2020 10 дюймів,2,27027.0,28380,28380,0.05,-66.0,-66.0,28450,0.5,29880,1359.0,0,False,True,1
Q63155,Штатна магнітола 2K 360 CC3 6*128Gb під Mitsubishi ASX 1 RVR,2,26800.0,28140,28140,0.05,-67.0,-67.0,28220,9.0,29630,1348.5,0,False,True,1
Q63157,Штатна магнітола 2K 360 CC3 6*128Gb під Mitsubishi Lancer 10,2,26754.0,28100,28100,0.05,-59.0,-59.0,28170,7.5,29580,1347.0,0,False,True,1
Q63158,Штатна магнітола 2K 360 CC3 6*128Gb під Mitsubishi Outlander,2,26845.0,28190,28190,0.05,-64.5,-64.5,28260,2.0,29680,1351.0,0,False,True,1
Q63159,Штатна магнітола 2K 360 CC3 6*128Gb під Mitsubishi Outlander,2,26936.0,28290,28290,0.05,-60.5,-60.5,28360,6.0,29780,1355.0,0,False,True,1
Q63160,Штатна магнітола 2K 360 CC3 6*128Gb під Mitsubishi Outlander,2,26891.0,28240,28240,0.05,-63.0,-63.0,28310,3.5,29730,1352.5,0,False,True,1
Q63161,Штатна магнітола 2K 360 CC3 6*128Gb під Mitsubishi Outlander,2,26891.0,28240,28240,0.05,-63.0,-63.0,28310,3.5,29730,1352.5,0,False,True,1
Q63162,"Штатна магнітола 2K 360 CC3 6*128Gb під Nissan Almera, Sentr",2,26936.0,28290,28290,0.05,-60.5,-60.5,28360,6.0,29780,1355.0,0,False,True,1
Q63163,Штатна магнітола 2K 360 CC3 6*128Gb під Nissan Kicks P15 201,2,26754.0,28100,28100,0.05,-59.0,-59.0,28170,7.5,29580,1347.0,0,False,True,1
Q63164,Штатна магнітола 2K 360 CC3 6*128Gb під Nissan Livina 2013-2,2,26709.0,28050,28050,0.05,-61.5,-61.5,28120,5.0,29530,1344.5,0,False,True,1
Q63165,"Штатна магнітола 2K 360 CC3 6*128Gb під Nissan NP300, Navara",2,26754.0,28100,28100,0.05,-59.0,-59.0,28170,7.5,29580,1347.0,0,False,True,1
Q63166,"Штатна магнітола 2K 360 CC3 6*128Gb під Nissan NP300, Navara",2,27027.0,28380,28380,0.05,-66.0,-66.0,28450,0.5,29880,1359.0,0,False,True,1
Q63168,Штатна магнітола 2K 360 CC3 6*128Gb під Nissan Patrol Y62 20,2,27027.0,28380,28380,0.05,-66.0,-66.0,28450,0.5,29880,1359.0,0,False,True,1
Q63169,Штатна магнітола 2K 360 CC3 6*128Gb під Nissan Sentra 2012+ ,2,26663.0,28000,28000,0.05,-63.0,-63.0,28070,3.5,29470,1333.5,0,False,True,1
Q63171,Штатна магнітола 2K 360 CC3 6*128Gb під Nissan Sentra 2012+ ,2,26663.0,28000,28000,0.05,-63.0,-63.0,28070,3.5,29470,1333.5,0,False,True,1
Q63173,Штатна магнітола 2K 360 CC3 6*128Gb під Nissan Sunny 2014-20,2,26709.0,28050,28050,0.05,-61.5,-61.5,28120,5.0,29530,1344.5,0,False,True,1
Q63174,Штатна магнітола 2K 360 CC3 6*128Gb під Nissan Sunny 2014-20,2,26709.0,28050,28050,0.05,-61.5,-61.5,28120,5.0,29530,1344.5,0,False,True,1
Q63175,"Штатна магнітола 2K 360 CC3 6*128Gb під Nissan Sunny, Almera",2,26754.0,28100,28100,0.05,-59.0,-59.0,28170,7.5,29580,1347.0,0,False,True,1
Q63176,Штатна магнітола 2K 360 CC3 6*128Gb під Nissan Sylphy Classi,2,26754.0,28100,28100,0.05,-59.0,-59.0,28170,7.5,29580,1347.0,0,False,True,1
Q63177,Штатна магнітола 2K 360 CC3 6*128Gb під Nissan Sylphy Classi,2,26800.0,28140,28140,0.05,-67.0,-67.0,28220,9.0,29630,1348.5,0,False,True,1
Q63178,Штатна магнітола 2K 360 CC3 6*128Gb під Nissan Tiida (C12) 2,2,26800.0,28140,28140,0.05,-67.0,-67.0,28220,9.0,29630,1348.5,0,False,True,1
Q63179,Штатна магнітола 2K 360 CC3 6*128Gb під Nissan X-Terra 2020+,2,26982.0,28340,28340,0.05,-59.0,-59.0,28410,7.5,29830,1356.5,0,False,True,1
Q63180,Штатна магнітола 2K 360 CC3 6*128Gb під Nissan X-Trail X Tra,2,26800.0,28140,28140,0.05,-67.0,-67.0,28220,9.0,29630,1348.5,0,False,True,1
Q63182,"Штатна магнітола 2K 360 CC3 6*128Gb під Nissan X-Trail, Qash",2,26982.0,28340,28340,0.05,-59.0,-59.0,28410,7.5,29830,1356.5,0,False,True,1
Q63187,Штатна магнітола 2K 360 CC3 6*128Gb під Suzuki Swift 3 2003-,2,26754.0,28100,28100,0.05,-59.0,-59.0,28170,7.5,29580,1347.0,0,False,True,1
Q63188,Штатна магнітола 2K 360 CC3 6*128Gb під Toyota Allion T260/2,2,26936.0,28290,28290,0.05,-60.5,-60.5,28360,6.0,29780,1355.0,0,False,True,1
Q63189,Штатна магнітола 2K 360 CC3 6*128Gb під Toyota Auris 2006-20,2,26845.0,28190,28190,0.05,-64.5,-64.5,28260,2.0,29680,1351.0,0,False,True,1
Q63190,Штатна магнітола 2K 360 CC3 6*128Gb під Toyota Avensis T270 ,2,26845.0,28190,28190,0.05,-64.5,-64.5,28260,2.0,29680,1351.0,0,False,True,1
Q63191,Штатна магнітола 2K 360 CC3 6*128Gb під Toyota Avensis T270 ,2,27027.0,28380,28380,0.05,-66.0,-66.0,28450,0.5,29880,1359.0,0,False,True,1
Q63193,Штатна магнітола 2K 360 CC3 6*128Gb під Toyota Camry 7 XV 50,2,26800.0,28140,28140,0.05,-67.0,-67.0,28220,9.0,29630,1348.5,0,False,True,1
Q63194,Штатна магнітола 2K 360 CC3 6*128Gb під Toyota Camry 7 XV 50,2,26709.0,28050,28050,0.05,-61.5,-61.5,28120,5.0,29530,1344.5,0,False,True,1
Q63198,Штатна магнітола 2K 360 CC3 6*128Gb під Toyota Camry VIII 8 ,2,26845.0,28190,28190,0.05,-64.5,-64.5,28260,2.0,29680,1351.0,0,False,True,1
Q63206,Штатна магнітола 2K 360 CC3 6*128Gb під Toyota Corolla 12 20,2,26800.0,28140,28140,0.05,-67.0,-67.0,28220,9.0,29630,1348.5,0,False,True,1
Q63207,Штатна магнітола 2K 360 CC3 6*128Gb під Toyota Corolla 12 20,2,26709.0,28050,28050,0.05,-61.5,-61.5,28120,5.0,29530,1344.5,0,False,True,1
Q63209,Штатна магнітола 2K 360 CC3 6*128Gb під Toyota Hiace 2004-20,2,26663.0,28000,28000,0.05,-63.0,-63.0,28070,3.5,29470,1333.5,0,False,True,1
Q63210,Штатна магнітола 2K 360 CC3 6*128Gb під Toyota Hiace 2010-20,2,26891.0,28240,28240,0.05,-63.0,-63.0,28310,3.5,29730,1352.5,0,False,True,1
Q63212,Штатна магнітола 2K 360 CC3 6*128Gb під Toyota Highlander 20,2,26800.0,28140,28140,0.05,-67.0,-67.0,28220,9.0,29630,1348.5,0,False,True,1
Q63214,Штатна магнітола 2K 360 CC3 6*128Gb під Toyota Land Cruiser ,2,26754.0,28100,28100,0.05,-59.0,-59.0,28170,7.5,29580,1347.0,0,False,True,1
Q63215,Штатна магнітола 2K 360 CC3 6*128Gb під Toyota Land Cruiser ,2,26800.0,28140,28140,0.05,-67.0,-67.0,28220,9.0,29630,1348.5,0,False,True,1
Q63216,Штатна магнітола 2K 360 CC3 6*128Gb під Toyota Land Cruiser ,2,26800.0,28140,28140,0.05,-67.0,-67.0,28220,9.0,29630,1348.5,0,False,True,1
Q63217,Штатна магнітола 2K 360 CC3 6*128Gb під Toyota Noah R80 Esqu,2,26891.0,28240,28240,0.05,-63.0,-63.0,28310,3.5,29730,1352.5,0,False,True,1
Q63218,Штатна магнітола 2K 360 CC3 6*128Gb під Toyota Previa 2000-2,2,26845.0,28190,28190,0.05,-64.5,-64.5,28260,2.0,29680,1351.0,0,False,True,1
Q63222,Штатна магнітола 2K 360 CC3 6*128Gb під Toyota RAV4 XA50 201,2,26800.0,28140,28140,0.05,-67.0,-67.0,28220,9.0,29630,1348.5,0,False,True,1
Q63223,Штатна магнітола 2K 360 CC3 6*128Gb під Toyota RAV4 XA50 201,2,26800.0,28140,28140,0.05,-67.0,-67.0,28220,9.0,29630,1348.5,0,False,True,1
Q63234,Штатна магнітола 2K 360 CC3 6*128Gb під Toyota Wish 2009+ 10,2,26754.0,28100,28100,0.05,-59.0,-59.0,28170,7.5,29580,1347.0,0,False,True,1
Q63241,Штатна магнітола 2K 360 CC3 6*128Gb під Audi A4 A5 B8 2007-2,2,30349.0,31870,31870,0.05,-72.5,-72.5,31950,3.5,33550,1523.5,0,False,True,1
Q63242,Штатна магнітола 2K 360 CC3 6*128Gb під Audi A4 A5 B8 2007-2,2,30349.0,31870,31870,0.05,-72.5,-72.5,31950,3.5,33550,1523.5,0,False,True,1
Q63243,Штатна магнітола 2K 360 CC3 6*128Gb під Audi Q5 2010-2018 (F,2,30394.0,31920,31920,0.05,-70.0,-70.0,32000,6.0,33600,1526.0,0,False,True,1
Q63244,Штатна магнітола 2K 360 CC3 6*128Gb під Audi Q5 2010-2018 (F,2,30394.0,31920,31920,0.05,-70.0,-70.0,32000,6.0,33600,1526.0,0,False,True,1
Q63245,Штатна магнітола 2K 360 CC3 6*128Gb під BMW X1 E84 2009 - 20,2,29757.0,31250,31250,0.05,-69.5,-69.5,31330,6.5,32890,1488.5,0,False,True,1
Q63247,Штатна магнітола 2K 360 CC3 6*128Gb під Buick Encore 2021+ (,2,28028.0,29430,29430,0.05,-69.5,-69.5,29510,6.5,30980,1403.0,0,False,True,1
Q63250,Штатна магнітола 2K 360 CC3 6*128Gb під Buick GL8 3 2017-202,2,27300.0,28670,28670,0.05,-63.5,-63.5,28740,3.0,30180,1371.0,0,False,True,1
Q63251,Штатна магнітола 2K 360 CC3 6*128Gb під Buick GL8 3 2017-202,2,27391.0,28770,28770,0.05,-59.5,-59.5,28840,7.0,30280,1375.0,0,False,True,1
Q63252,Штатна магнітола 2K 360 CC3 6*128Gb під Buick GL8 2005-2010 ,2,27482.0,28860,28860,0.05,-65.0,-65.0,28930,1.5,30380,1379.0,0,False,True,1
Q63254,Штатна магнітола 2K 360 CC3 6*128Gb під Buick Lacrosse 2016-,2,27573.0,28960,28960,0.05,-61.0,-61.0,29030,5.5,30480,1383.0,0,False,True,1
Q63255,Штатна магнітола 2K 360 CC3 6*128Gb під Buick Velite 6 2019+,2,28392.0,29820,29820,0.05,-63.0,-63.0,29890,3.5,31390,1428.5,0,False,True,1
Q63257,Штатна магнітола 2K 360 CC3 6*128Gb під Cadillac CTS 2002-20,2,28756.0,30200,30200,0.05,-66.0,-66.0,30270,0.5,31790,1444.5,0,False,True,1
Q63259,Штатна магнітола 2K 360 CC3 6*128Gb під Chevrolet Onix 2019-,2,27437.0,28810,28810,0.05,-67.5,-67.5,28890,8.5,30330,1376.5,0,False,True,1
Q63260,Штатна магнітола 2K 360 CC3 6*128Gb під Chevrolet Onix 2019-,2,27755.0,29150,29150,0.05,-62.5,-62.5,29220,4.0,30680,1391.0,0,False,True,1
Q63261,Штатна магнітола 2K 360 CC3 6*128Gb під Chevrolet Onix 2020+,2,27346.0,28720,28720,0.05,-62.0,-62.0,28790,4.5,30230,1372.5,0,False,True,1
Q63262,Штатна магнітола 2K 360 CC3 6*128Gb під Chevrolet Onix 2020+,2,27300.0,28670,28670,0.05,-63.5,-63.5,28740,3.0,30180,1371.0,0,False,True,1
Q63263,Штатна магнітола 2K 360 CC3 6*128Gb під Chevrolet Orlando 20,2,27300.0,28670,28670,0.05,-63.5,-63.5,28740,3.0,30180,1371.0,0,False,True,1
Q63264,Штатна магнітола 2K 360 CC3 6*128Gb під Chevrolet Orlando 20,2,27255.0,28620,28620,0.05,-66.0,-66.0,28690,0.5,30130,1368.5,0,False,True,1
Q63265,"Штатна магнітола 2K 360 CC3 6*128Gb під Chevrolet Silverado,",2,28347.0,29770,29770,0.05,-65.5,-65.5,29840,1.0,31340,1426.0,0,False,True,1
Q63266,Штатна магнітола 2K 360 CC3 6*128Gb під Chrysler Grand Voyag,2,28119.0,29530,29530,0.05,-65.5,-65.5,29600,1.0,31080,1407.0,0,False,True,1
Q63267,Штатна магнітола 2K 360 CC3 6*128Gb під Chrysler Grand Voyag,2,28347.0,29770,29770,0.05,-65.5,-65.5,29840,1.0,31340,1426.0,0,False,True,1
Q63268,Штатна магнітола 2K 360 CC3 6*128Gb під Citroen C1 2005-2014,2,27346.0,28720,28720,0.05,-62.0,-62.0,28790,4.5,30230,1372.5,0,False,True,1
Q63270,Штатна магнітола 2K 360 CC3 6*128Gb під Citroen C3 XR 2014-2,2,27209.0,28570,28570,0.05,-67.5,-67.5,28650,8.5,30080,1367.0,0,False,True,1
Q63272,Штатна магнітола 2K 360 CC3 6*128Gb під Citroen C3 XR 2019-2,2,27437.0,28810,28810,0.05,-67.5,-67.5,28890,8.5,30330,1376.5,0,False,True,1
Q63273,Штатна магнітола 2K 360 CC3 6*128Gb під Citroen C4 2 B7 2010,2,27209.0,28570,28570,0.05,-67.5,-67.5,28650,8.5,30080,1367.0,0,False,True,1
Q63274,Штатна магнітола 2K 360 CC3 6*128Gb під Citroen C4 L 2019+ (,2,27164.0,28530,28530,0.05,-60.5,-60.5,28600,6.0,30030,1364.5,0,False,True,1
Q63276,Штатна магнітола 2K 360 CC3 6*128Gb під Citroen C5 2009-2017,2,27300.0,28670,28670,0.05,-63.5,-63.5,28740,3.0,30180,1371.0,0,False,True,1
Q63277,Штатна магнітола 2K 360 CC3 6*128Gb під Citroen C5 2013-2016,2,27528.0,28910,28910,0.05,-63.5,-63.5,28980,3.0,30430,1380.5,0,False,True,1
Q63278,Штатна магнітола 2K 360 CC3 6*128Gb під Citroen Quatre 2012-,2,27255.0,28620,28620,0.05,-66.0,-66.0,28690,0.5,30130,1368.5,0,False,True,1
Q63279,Штатна магнітола 2K 360 CC3 6*128Gb під Citroen Quatre 2012-,2,27255.0,28620,28620,0.05,-66.0,-66.0,28690,0.5,30130,1368.5,0,False,True,1
Q63280,Штатна магнітола 2K 360 CC3 6*128Gb під Dodge Caliber 2007-2,2,27755.0,29150,29150,0.05,-62.5,-62.5,29220,4.0,30680,1391.0,0,False,True,1
Q63282,Штатна магнітола 2K 360 CC3 6*128Gb під Ford EcoSport 2017-2,2,27573.0,28960,28960,0.05,-61.0,-61.0,29030,5.5,30480,1383.0,0,False,True,1
Q63283,Штатна магнітола 2K 360 CC3 6*128Gb під Ford Focus 2018-2022,2,27710.0,29100,29100,0.05,-65.0,-65.0,29170,1.5,30630,1388.5,0,False,True,1
Q63284,Штатна магнітола 2K 360 CC3 6*128Gb під Ford Fusion 2009-201,2,28210.0,29630,29630,0.05,-61.5,-61.5,29700,5.0,31180,1411.0,0,False,True,1
Q63285,Штатна магнітола 2K 360 CC3 6*128Gb під Ford Fusion 2009-201,2,28210.0,29630,29630,0.05,-61.5,-61.5,29700,5.0,31180,1411.0,0,False,True,1
Q63288,Штатна магнітола 2K 360 CC3 6*128Gb під Ford Territory 2018+,2,27710.0,29100,29100,0.05,-65.0,-65.0,29170,1.5,30630,1388.5,0,False,True,1
Q63289,Штатна магнітола 2K 360 CC3 6*128Gb під Ford Transit 2020+ (,2,27755.0,29150,29150,0.05,-62.5,-62.5,29220,4.0,30680,1391.0,0,False,True,1
Q63290,Штатна магнітола 2K 360 CC3 6*128Gb під Ford Transit Fusion ,2,27482.0,28860,28860,0.05,-65.0,-65.0,28930,1.5,30380,1379.0,0,False,True,1
Q63291,Штатна магнітола 2K 360 CC3 6*128Gb під Great Wall Haval H6 ,2,27346.0,28720,28720,0.05,-62.0,-62.0,28790,4.5,30230,1372.5,0,False,True,1
Q63292,Штатна магнітола 2K 360 CC3 6*128Gb під Great Wall Haval H6 ,2,27437.0,28810,28810,0.05,-67.5,-67.5,28890,8.5,30330,1376.5,0,False,True,1
Q63293,Штатна магнітола 2K 360 CC3 6*128Gb під Great Wall Haval H6 ,2,27346.0,28720,28720,0.05,-62.0,-62.0,28790,4.5,30230,1372.5,0,False,True,1
Q63294,Штатна магнітола 2K 360 CC3 6*128Gb під Great Wall Haval H6 ,2,27391.0,28770,28770,0.05,-59.5,-59.5,28840,7.0,30280,1375.0,0,False,True,1
Q63295,Штатна магнітола 2K 360 CC3 6*128Gb під Great Wall Haval H6 ,2,27391.0,28770,28770,0.05,-59.5,-59.5,28840,7.0,30280,1375.0,0,False,True,1
Q63296,Штатна магнітола 2K 360 CC3 6*128Gb під Great Wall Poer King,2,27937.0,29340,29340,0.05,-64.0,-64.0,29410,2.5,30880,1399.0,0,False,True,1
Q63297,Штатна магнітола 2K 360 CC3 6*128Gb під Great Wall Poer King,2,27846.0,29240,29240,0.05,-68.0,-68.0,29320,8.0,30780,1395.0,0,False,True,1
Q63298,Штатна магнітола 2K 360 CC3 6*128Gb під Great Wall Wingle (6,2,27255.0,28620,28620,0.05,-66.0,-66.0,28690,0.5,30130,1368.5,0,False,True,1
Q63299,Штатна магнітола 2K 360 CC3 6*128Gb під Haval H8 2012-2017 1,2,27846.0,29240,29240,0.05,-68.0,-68.0,29320,8.0,30780,1395.0,0,False,True,1
Q63300,Штатна магнітола 2K 360 CC3 6*128Gb під Honda Accord 8 2008-,2,28074.0,29480,29480,0.05,-68.0,-68.0,29560,8.0,31030,1404.5,0,False,True,1
Q63301,Штатна магнітола 2K 360 CC3 6*128Gb під Honda Accord 9 CR 20,2,28938.0,30390,30390,0.05,-67.5,-67.5,30470,8.5,31990,1452.5,0,False,True,1
Q63302,Штатна магнітола 2K 360 CC3 6*128Gb під Honda Accord 9 CR 20,2,30531.0,32060,32060,0.05,-74.0,-74.0,32140,2.0,33750,1531.5,0,False,True,1
Q63303,Штатна магнітола 2K 360 CC3 6*128Gb під Honda Accord 9 CR 20,2,30303.0,31820,31820,0.05,-74.0,-74.0,31900,2.0,33500,1522.0,0,False,True,1
Q63304,Штатна магнітола 2K 360 CC3 6*128Gb під Honda Accord 9 CR 20,2,29302.0,30770,30770,0.05,-70.5,-70.5,30850,5.5,32390,1468.5,0,False,True,1
Q63305,Штатна магнітола 2K 360 CC3 6*128Gb під Honda Accord 9 CR 20,2,31259.0,32830,32830,0.05,-70.5,-70.5,32910,5.5,34550,1563.5,0,False,True,1
Q63306,Штатна магнітола 2K 360 CC3 6*128Gb під Honda Accord 9 CR 20,2,30303.0,31820,31820,0.05,-74.0,-74.0,31900,2.0,33500,1522.0,0,False,True,1
Q63307,Штатна магнітола 2K 360 CC3 6*128Gb під Honda Accord 9 CR 20,2,29393.0,30870,30870,0.05,-66.5,-66.5,30940,0.0,32490,1472.5,0,False,True,1
Q63308,Штатна магнітола 2K 360 CC3 6*128Gb під Honda Accord 9 CR 20,2,27846.0,29240,29240,0.05,-68.0,-68.0,29320,8.0,30780,1395.0,0,False,True,1
Q63309,Штатна магнітола 2K 360 CC3 6*128Gb під Honda Accord 2017-20,2,27482.0,28860,28860,0.05,-65.0,-65.0,28930,1.5,30380,1379.0,0,False,True,1
Q63310,Штатна магнітола 2K 360 CC3 6*128Gb під Honda Accord 2017-20,2,27528.0,28910,28910,0.05,-63.5,-63.5,28980,3.0,30430,1380.5,0,False,True,1
Q63311,Штатна магнітола 2K 360 CC3 6*128Gb під Honda Avancier 2016-,2,28392.0,29820,29820,0.05,-63.0,-63.0,29890,3.5,31390,1428.5,0,False,True,1
Q63312,Штатна магнітола 2K 360 CC3 6*128Gb під Honda CR-V 2022+ 10 ,2,27801.0,29200,29200,0.05,-61.0,-61.0,29270,5.5,30730,1392.5,0,False,True,1
Q63313,Штатна магнітола 2K 360 CC3 6*128Gb під Honda CR-V CRV 4 RM ,2,27346.0,28720,28720,0.05,-62.0,-62.0,28790,4.5,30230,1372.5,0,False,True,1
Q63314,Штатна магнітола 2K 360 CC3 6*128Gb під Honda CR-V CRV 4 RM ,2,27664.0,29050,29050,0.05,-66.5,-66.5,29120,0.0,30580,1387.0,0,False,True,1
Q63315,Штатна магнітола 2K 360 CC3 6*128Gb під Honda CR-V CRV 4 RM ,2,27619.0,29000,29000,0.05,-69.0,-69.0,29080,7.0,30530,1384.5,0,False,True,1
Q63316,Штатна магнітола 2K 360 CC3 6*128Gb під Honda Crider 2013-20,2,27255.0,28620,28620,0.05,-66.0,-66.0,28690,0.5,30130,1368.5,0,False,True,1
Q63317,Штатна магнітола 2K 360 CC3 6*128Gb під Honda Crider 2013-20,2,27255.0,28620,28620,0.05,-66.0,-66.0,28690,0.5,30130,1368.5,0,False,True,1
Q63318,Штатна магнітола 2K 360 CC3 6*128Gb під Honda Crider 2018+ E,2,27255.0,28620,28620,0.05,-66.0,-66.0,28690,0.5,30130,1368.5,0,False,True,1
Q63319,Штатна магнітола 2K 360 CC3 6*128Gb під Honda Crosstour 1 TF,2,27846.0,29240,29240,0.05,-68.0,-68.0,29320,8.0,30780,1395.0,0,False,True,1
Q63320,Штатна магнітола 2K 360 CC3 6*128Gb під Honda Lingpai 2022+ ,2,27755.0,29150,29150,0.05,-62.5,-62.5,29220,4.0,30680,1391.0,0,False,True,1
Q63321,Штатна магнітола 2K 360 CC3 6*128Gb під Honda Odyssey 2008-2,2,28119.0,29530,29530,0.05,-65.5,-65.5,29600,1.0,31080,1407.0,0,False,True,1
Q63322,Штатна магнітола 2K 360 CC3 6*128Gb під Honda Odyssey 2008-2,2,28210.0,29630,29630,0.05,-61.5,-61.5,29700,5.0,31180,1411.0,0,False,True,1
Q63323,Штатна магнітола 2K 360 CC3 6*128Gb під Honda Odyssey 2008-2,2,27892.0,29290,29290,0.05,-66.5,-66.5,29360,0.0,30830,1396.5,0,False,True,1
Q63324,Штатна магнітола 2K 360 CC3 6*128Gb під Honda Odyssey 2008-2,2,27801.0,29200,29200,0.05,-61.0,-61.0,29270,5.5,30730,1392.5,0,False,True,1
Q63325,Штатна магнітола 2K 360 CC3 6*128Gb під Honda Odyssey 2013-2,2,27300.0,28670,28670,0.05,-63.5,-63.5,28740,3.0,30180,1371.0,0,False,True,1
Q63326,Штатна магнітола 2K 360 CC3 6*128Gb під Honda Odyssey 2017+ ,2,27391.0,28770,28770,0.05,-59.5,-59.5,28840,7.0,30280,1375.0,0,False,True,1
Q63327,Штатна магнітола 2K 360 CC3 6*128Gb під Honda Pilot YF6 2016,2,28028.0,29430,29430,0.05,-69.5,-69.5,29510,6.5,30980,1403.0,0,False,True,1
Q63328,Штатна магнітола 2K 360 CC3 6*128Gb під Honda Pilot YF6 2016,2,28483.0,29910,29910,0.05,-68.5,-68.5,29990,7.5,31490,1432.5,0,False,True,1
Q63329,Штатна магнітола 2K 360 CC3 6*128Gb під Honda UR-V 2017-2023,2,28847.0,30290,30290,0.05,-71.5,-71.5,30370,4.5,31890,1448.5,0,False,True,1
Q63330,Штатна магнітола 2K 360 CC3 6*128Gb під Honda XR-V 2023 (W1),2,27209.0,28570,28570,0.05,-67.5,-67.5,28650,8.5,30080,1367.0,0,False,True,1
Q63331,Штатна магнітола 2K 360 CC3 6*128Gb під Honda XR-V 2023 (W2),2,27664.0,29050,29050,0.05,-66.5,-66.5,29120,0.0,30580,1387.0,0,False,True,1
Q63332,"Штатна магнітола 2K 360 CC3 6*128Gb під Honda XRV,HRV ,WRV, ",2,27300.0,28670,28670,0.05,-63.5,-63.5,28740,3.0,30180,1371.0,0,False,True,1
Q63333,"Штатна магнітола 2K 360 CC3 6*128Gb під Honda XRV,HRV ,WRV, ",2,27346.0,28720,28720,0.05,-62.0,-62.0,28790,4.5,30230,1372.5,0,False,True,1
Q63334,"Штатна магнітола 2K 360 CC3 6*128Gb під Honda XRV,HRV ,WRV, ",2,27118.0,28480,28480,0.05,-62.0,-62.0,28550,4.5,29980,1363.0,0,False,True,1
Q63335,Штатна магнітола 2K 360 CC3 6*128Gb під Honda ZRV 2022+ (W1),2,27983.0,29390,29390,0.05,-62.5,-62.5,29460,4.0,30930,1400.5,0,False,True,1
Q63336,Штатна магнітола 2K 360 CC3 6*128Gb під Honda ZRV 2022+ (W2),2,28483.0,29910,29910,0.05,-68.5,-68.5,29990,7.5,31490,1432.5,0,False,True,1
Q63337,Штатна магнітола 2K 360 CC3 6*128Gb під Hyundai Creta IX25 2,2,27391.0,28770,28770,0.05,-59.5,-59.5,28840,7.0,30280,1375.0,0,False,True,1
Q63338,Штатна магнітола 2K 360 CC3 6*128Gb під Hyundai Kona 2017-20,2,27437.0,28810,28810,0.05,-67.5,-67.5,28890,8.5,30330,1376.5,0,False,True,1
Q63339,Штатна магнітола 2K 360 CC3 6*128Gb під Hyundai Mistra 2017-,2,27391.0,28770,28770,0.05,-59.5,-59.5,28840,7.0,30280,1375.0,0,False,True,1
Q63340,Штатна магнітола 2K 360 CC3 6*128Gb під Hyundai Tucson NX 20,2,27528.0,28910,28910,0.05,-63.5,-63.5,28980,3.0,30430,1380.5,0,False,True,1
Q63341,Штатна магнітола 2K 360 CC3 6*128Gb під Hyundai Tucson NX 20,2,28210.0,29630,29630,0.05,-61.5,-61.5,29700,5.0,31180,1411.0,0,False,True,1
Q63342,"Штатна магнітола 2K 360 CC3 6*128Gb під Hyundai Tucson, IX35",2,27391.0,28770,28770,0.05,-59.5,-59.5,28840,7.0,30280,1375.0,0,False,True,1
Q63343,"Штатна магнітола 2K 360 CC3 6*128Gb під Hyundai Tucson, IX35",2,27255.0,28620,28620,0.05,-66.0,-66.0,28690,0.5,30130,1368.5,0,False,True,1
Q63345,Штатна магнітола 2K 360 CC3 6*128Gb під Jeep Compass 1 MK 20,2,27801.0,29200,29200,0.05,-61.0,-61.0,29270,5.5,30730,1392.5,0,False,True,1
Q63348,Штатна магнітола 2K 360 CC3 6*128Gb під Jeep Grand Cherokee ,2,27937.0,29340,29340,0.05,-64.0,-64.0,29410,2.5,30880,1399.0,0,False,True,1
Q63354,Штатна магнітола 2K 360 CC3 6*128Gb під Kia KX3 2019-2023 (F,2,27437.0,28810,28810,0.05,-67.5,-67.5,28890,8.5,30330,1376.5,0,False,True,1
Q63355,Штатна магнітола 2K 360 CC3 6*128Gb під Kia KX7 2017-2021 (W,2,27391.0,28770,28770,0.05,-59.5,-59.5,28840,7.0,30280,1375.0,0,False,True,1
Q63356,Штатна магнітола 2K 360 CC3 6*128Gb під Kia KX7 2017-2021 (W,2,28074.0,29480,29480,0.05,-68.0,-68.0,29560,8.0,31030,1404.5,0,False,True,1
Q63357,"Штатна магнітола 2K 360 CC3 6*128Gb під Kia Optima 4 JF, K5 ",2,28028.0,29430,29430,0.05,-69.5,-69.5,29510,6.5,30980,1403.0,0,False,True,1
Q63358,"Штатна магнітола 2K 360 CC3 6*128Gb під Kia Optima 4 JF, K5 ",2,27255.0,28620,28620,0.05,-66.0,-66.0,28690,0.5,30130,1368.5,0,False,True,1
Q63359,"Штатна магнітола 2K 360 CC3 6*128Gb під Kia Optima 4 JF, K5 ",2,28301.0,29720,29720,0.05,-67.0,-67.0,29800,9.0,31290,1424.5,0,False,True,1
Q63360,Штатна магнітола 2K 360 CC3 6*128Gb під Kia Sorento 3 2014-2,2,27346.0,28720,28720,0.05,-62.0,-62.0,28790,4.5,30230,1372.5,0,False,True,1
Q63361,Штатна магнітола 2K 360 CC3 6*128Gb під Kia Sorento 3 2014-2,2,28074.0,29480,29480,0.05,-68.0,-68.0,29560,8.0,31030,1404.5,0,False,True,1
Q63362,Штатна магнітола 2K 360 CC3 6*128Gb під Kia Sportage (NP) 20,2,27437.0,28810,28810,0.05,-67.5,-67.5,28890,8.5,30330,1376.5,0,False,True,1
Q63363,Штатна магнітола 2K 360 CC3 6*128Gb під Lexus RX300 2019+ 10,2,31350.0,32920,32920,0.05,-76.0,-76.0,33000,0.0,34650,1567.5,0,False,True,1
Q63364,"Штатна магнітола 2K 360 CC3 6*128Gb під Mazda 3, Axela 2019+",2,27391.0,28770,28770,0.05,-59.5,-59.5,28840,7.0,30280,1375.0,0,False,True,1
Q63365,Штатна магнітола 2K 360 CC3 6*128Gb під Mazda CX-9 TB 2006-2,2,27801.0,29200,29200,0.05,-61.0,-61.0,29270,5.5,30730,1392.5,0,False,True,1
Q63366,Штатна магнітола 2K 360 CC3 6*128Gb під Mercedes Benz E Clas,2,30076.0,31580,31580,0.05,-75.0,-75.0,31660,1.0,33250,1511.5,0,False,True,1
Q63368,Штатна магнітола 2K 360 CC3 6*128Gb під Mercedes Benz Vito 3,2,27801.0,29200,29200,0.05,-61.0,-61.0,29270,5.5,30730,1392.5,0,False,True,1
Q63369,Штатна магнітола 2K 360 CC3 6*128Gb під Mercedes-Benz Vito 2,2,27619.0,29000,29000,0.05,-69.0,-69.0,29080,7.0,30530,1384.5,0,False,True,1
Q63370,Штатна магнітола 2K 360 CC3 6*128Gb під Mercedes-Benz Vito 3,2,27573.0,28960,28960,0.05,-61.0,-61.0,29030,5.5,30480,1383.0,0,False,True,1
Q63371,Штатна магнітола 2K 360 CC3 6*128Gb під MG 6 2017-2020 10 дю,2,27664.0,29050,29050,0.05,-66.5,-66.5,29120,0.0,30580,1387.0,0,False,True,1
Q63372,Штатна магнітола 2K 360 CC3 6*128Gb під MG HS 2019 10 дюймів,2,27619.0,29000,29000,0.05,-69.0,-69.0,29080,7.0,30530,1384.5,0,False,True,1
Q63373,Штатна магнітола 2K 360 CC3 6*128Gb під MG ZS 2017+ (W2) 10 ,2,27528.0,28910,28910,0.05,-63.5,-63.5,28980,3.0,30430,1380.5,0,False,True,1
Q63375,Штатна магнітола 2K 360 CC3 6*128Gb під Mitsubishi Eclipse C,2,27801.0,29200,29200,0.05,-61.0,-61.0,29270,5.5,30730,1392.5,0,False,True,1
Q63377,Штатна магнітола 2K 360 CC3 6*128Gb під Mitsubishi Outlander,2,27801.0,29200,29200,0.05,-61.0,-61.0,29270,5.5,30730,1392.5,0,False,True,1
Q63378,Штатна магнітола 2K 360 CC3 6*128Gb під Mitsubishi Outlander,2,27937.0,29340,29340,0.05,-64.0,-64.0,29410,2.5,30880,1399.0,0,False,True,1
Q63379,Штатна магнітола 2K 360 CC3 6*128Gb під Mitsubishi Outlander,2,27846.0,29240,29240,0.05,-68.0,-68.0,29320,8.0,30780,1395.0,0,False,True,1
Q63380,Штатна магнітола 2K 360 CC3 6*128Gb під Nissan Altima L34 20,2,27528.0,28910,28910,0.05,-63.5,-63.5,28980,3.0,30430,1380.5,0,False,True,1
Q63381,Штатна магнітола 2K 360 CC3 6*128Gb під Nissan Altima L34 20,2,27528.0,28910,28910,0.05,-63.5,-63.5,28980,3.0,30430,1380.5,0,False,True,1
Q63382,Штатна магнітола 2K 360 CC3 6*128Gb під Nissan Altima L34 20,2,27528.0,28910,28910,0.05,-63.5,-63.5,28980,3.0,30430,1380.5,0,False,True,1
Q63383,Штатна магнітола 2K 360 CC3 6*128Gb під Nissan Altima L34 20,2,27528.0,28910,28910,0.05,-63.5,-63.5,28980,3.0,30430,1380.5,0,False,True,1
Q63384,Штатна магнітола 2K 360 CC3 6*128Gb під Nissan Kicks P15 201,2,27209.0,28570,28570,0.05,-67.5,-67.5,28650,8.5,30080,1367.0,0,False,True,1
Q63385,Штатна магнітола 2K 360 CC3 6*128Gb під Nissan Kicks P15 201,2,28256.0,29670,29670,0.05,-69.5,-69.5,29750,6.5,31240,1422.0,0,False,True,1
Q63386,Штатна магнітола 2K 360 CC3 6*128Gb під Nissan Maxima A36 20,2,27391.0,28770,28770,0.05,-59.5,-59.5,28840,7.0,30280,1375.0,0,False,True,1
Q63387,Штатна магнітола 2K 360 CC3 6*128Gb під Nissan Murano 3 Z52 ,2,27164.0,28530,28530,0.05,-60.5,-60.5,28600,6.0,30030,1364.5,0,False,True,1
Q63388,Штатна магнітола 2K 360 CC3 6*128Gb під Nissan Murano 3 Z52 ,2,27755.0,29150,29150,0.05,-62.5,-62.5,29220,4.0,30680,1391.0,0,False,True,1
Q63389,Штатна магнітола 2K 360 CC3 6*128Gb під Nissan Murano 3 Z52 ,2,27164.0,28530,28530,0.05,-60.5,-60.5,28600,6.0,30030,1364.5,0,False,True,1
Q63390,"Штатна магнітола 2K 360 CC3 6*128Gb під Nissan NP300, Navara",2,27209.0,28570,28570,0.05,-67.5,-67.5,28650,8.5,30080,1367.0,0,False,True,1
Q63392,Штатна магнітола 2K 360 CC3 6*128Gb під Nissan Sentra 2012+ ,2,27164.0,28530,28530,0.05,-60.5,-60.5,28600,6.0,30030,1364.5,0,False,True,1
Q63393,Штатна магнітола 2K 360 CC3 6*128Gb під Nissan Sylphy 2019+ ,2,27437.0,28810,28810,0.05,-67.5,-67.5,28890,8.5,30330,1376.5,0,False,True,1
Q63394,Штатна магнітола 2K 360 CC3 6*128Gb під Nissan Sylphy 2019+ ,2,27437.0,28810,28810,0.05,-67.5,-67.5,28890,8.5,30330,1376.5,0,False,True,1
Q63395,Штатна магнітола 2K 360 CC3 6*128Gb під Nissan Teana J32 200,2,27664.0,29050,29050,0.05,-66.5,-66.5,29120,0.0,30580,1387.0,0,False,True,1
Q63396,Штатна магнітола 2K 360 CC3 6*128Gb під Nissan Teana J32 200,2,27573.0,28960,28960,0.05,-61.0,-61.0,29030,5.5,30480,1383.0,0,False,True,1
Q63397,Штатна магнітола 2K 360 CC3 6*128Gb під Nissan Teana J32 200,2,27755.0,29150,29150,0.05,-62.5,-62.5,29220,4.0,30680,1391.0,0,False,True,1
Q63398,Штатна магнітола 2K 360 CC3 6*128Gb під Nissan Teana J32 200,2,27846.0,29240,29240,0.05,-68.0,-68.0,29320,8.0,30780,1395.0,0,False,True,1
Q63399,Штатна магнітола 2K 360 CC3 6*128Gb під Nissan Teana J32 200,2,27937.0,29340,29340,0.05,-64.0,-64.0,29410,2.5,30880,1399.0,0,False,True,1
Q63400,Штатна магнітола 2K 360 CC3 6*128Gb під Nissan Teana J33 201,2,27164.0,28530,28530,0.05,-60.5,-60.5,28600,6.0,30030,1364.5,0,False,True,1
Q63401,Штатна магнітола 2K 360 CC3 6*128Gb під Nissan Teana J33 201,2,27801.0,29200,29200,0.05,-61.0,-61.0,29270,5.5,30730,1392.5,0,False,True,1
Q63407,"Штатна магнітола 2K 360 CC3 6*128Gb під Nissan X-Trail, Qash",2,27164.0,28530,28530,0.05,-60.5,-60.5,28600,6.0,30030,1364.5,0,False,True,1
Q63408,"Штатна магнітола 2K 360 CC3 6*128Gb під Nissan X-Trail, Qash",2,28210.0,29630,29630,0.05,-61.5,-61.5,29700,5.0,31180,1411.0,0,False,True,1
Q63409,"Штатна магнітола 2K 360 CC3 6*128Gb під Nissan X-Trail, Qash",2,28301.0,29720,29720,0.05,-67.0,-67.0,29800,9.0,31290,1424.5,0,False,True,1
Q63410,"Штатна магнітола 2K 360 CC3 6*128Gb під Nissan X-Trail, Qash",2,27391.0,28770,28770,0.05,-59.5,-59.5,28840,7.0,30280,1375.0,0,False,True,1
Q63411,"Штатна магнітола 2K 360 CC3 6*128Gb під Nissan X-Trail, Qash",2,27391.0,28770,28770,0.05,-59.5,-59.5,28840,7.0,30280,1375.0,0,False,True,1
Q63412,"Штатна магнітола 2K 360 CC3 6*128Gb під Nissan X-Trail, Qash",2,27482.0,28860,28860,0.05,-65.0,-65.0,28930,1.5,30380,1379.0,0,False,True,1
Q63413,"Штатна магнітола 2K 360 CC3 6*128Gb під Nissan X-Trail, Rogu",2,27983.0,29390,29390,0.05,-62.5,-62.5,29460,4.0,30930,1400.5,0,False,True,1
Q63414,"Штатна магнітола 2K 360 CC3 6*128Gb під Nissan X-Trail, Rogu",2,27573.0,28960,28960,0.05,-61.0,-61.0,29030,5.5,30480,1383.0,0,False,True,1
Q63416,Штатна магнітола 2K 360 CC3 6*128Gb під Peugeot 408 2014-201,2,27164.0,28530,28530,0.05,-60.5,-60.5,28600,6.0,30030,1364.5,0,False,True,1
Q63417,Штатна магнітола 2K 360 CC3 6*128Gb під Peugeot 408 2014-201,2,27255.0,28620,28620,0.05,-66.0,-66.0,28690,0.5,30130,1368.5,0,False,True,1
Q63418,Штатна магнітола 2K 360 CC3 6*128Gb під Peugeot 408 2014-201,2,27437.0,28810,28810,0.05,-67.5,-67.5,28890,8.5,30330,1376.5,0,False,True,1
Q63419,Штатна магнітола 2K 360 CC3 6*128Gb під Peugeot 2008 1 208 2,2,27255.0,28620,28620,0.05,-66.0,-66.0,28690,0.5,30130,1368.5,0,False,True,1
Q63420,Штатна магнітола 2K 360 CC3 6*128Gb під Peugeot 2008 1 208 2,2,27346.0,28720,28720,0.05,-62.0,-62.0,28790,4.5,30230,1372.5,0,False,True,1
Q63422,Штатна магнітола 2K 360 CC3 6*128Gb під Renault Clio 4 BH98 ,2,28165.0,29580,29580,0.05,-64.0,-64.0,29650,2.5,31130,1408.5,0,False,True,1
Q63424,Штатна магнітола 2K 360 CC3 6*128Gb під Renault Duster Arkan,2,27573.0,28960,28960,0.05,-61.0,-61.0,29030,5.5,30480,1383.0,0,False,True,1
Q63430,Штатна магнітола 2K 360 CC3 6*128Gb під Skoda Fabia 2 2007-2,2,26936.0,28290,28290,0.05,-60.5,-60.5,28360,6.0,29780,1355.0,0,False,True,1
Q63433,Штатна магнітола 2K 360 CC3 6*128Gb під Skoda Octavia 2 A5 2,2,26982.0,28340,28340,0.05,-59.0,-59.0,28410,7.5,29830,1356.5,0,False,True,1
Q63436,Штатна магнітола 2K 360 CC3 6*128Gb під Skoda Superb 2 B6 20,2,26936.0,28290,28290,0.05,-60.5,-60.5,28360,6.0,29780,1355.0,0,False,True,1
Q63439,Штатна магнітола 2K 360 CC3 6*128Gb під Toyota Allion T260/2,2,28074.0,29480,29480,0.05,-68.0,-68.0,29560,8.0,31030,1404.5,0,False,True,1
Q63441,Штатна магнітола 2K 360 CC3 6*128Gb під Toyota Camry 7 XV 50,2,27255.0,28620,28620,0.05,-66.0,-66.0,28690,0.5,30130,1368.5,0,False,True,1
Q63442,Штатна магнітола 2K 360 CC3 6*128Gb під Toyota Camry 7 XV 50,2,27164.0,28530,28530,0.05,-60.5,-60.5,28600,6.0,30030,1364.5,0,False,True,1
Q63443,Штатна магнітола 2K 360 CC3 6*128Gb під Toyota Camry 7 XV 50,2,27209.0,28570,28570,0.05,-67.5,-67.5,28650,8.5,30080,1367.0,0,False,True,1
Q63444,Штатна магнітола 2K 360 CC3 6*128Gb під Toyota Camry 8 XV 70,2,27482.0,28860,28860,0.05,-65.0,-65.0,28930,1.5,30380,1379.0,0,False,True,1
Q63445,Штатна магнітола 2K 360 CC3 6*128Gb під Toyota Camry 8 XV 70,2,27346.0,28720,28720,0.05,-62.0,-62.0,28790,4.5,30230,1372.5,0,False,True,1
Q63446,Штатна магнітола 2K 360 CC3 6*128Gb під Toyota Coaster 2015+,2,27209.0,28570,28570,0.05,-67.5,-67.5,28650,8.5,30080,1367.0,0,False,True,1
Q63447,Штатна магнітола 2K 360 CC3 6*128Gb під Toyota Corolla 11 Mi,2,27255.0,28620,28620,0.05,-66.0,-66.0,28690,0.5,30130,1368.5,0,False,True,1
Q63448,Штатна магнітола 2K 360 CC3 6*128Gb під Toyota Corolla 11 Mi,2,27164.0,28530,28530,0.05,-60.5,-60.5,28600,6.0,30030,1364.5,0,False,True,1
Q63449,Штатна магнітола 2K 360 CC3 6*128Gb під Toyota Corolla 11 20,2,27164.0,28530,28530,0.05,-60.5,-60.5,28600,6.0,30030,1364.5,0,False,True,1
Q63450,Штатна магнітола 2K 360 CC3 6*128Gb під Toyota Corolla 11 20,2,27164.0,28530,28530,0.05,-60.5,-60.5,28600,6.0,30030,1364.5,0,False,True,1
Q63451,Штатна магнітола 2K 360 CC3 6*128Gb під Toyota Corolla 11 20,2,27255.0,28620,28620,0.05,-66.0,-66.0,28690,0.5,30130,1368.5,0,False,True,1
Q63452,Штатна магнітола 2K 360 CC3 6*128Gb під Toyota Corolla 11 20,2,27209.0,28570,28570,0.05,-67.5,-67.5,28650,8.5,30080,1367.0,0,False,True,1
Q63453,Штатна магнітола 2K 360 CC3 6*128Gb під Toyota Corolla 12 20,2,27346.0,28720,28720,0.05,-62.0,-62.0,28790,4.5,30230,1372.5,0,False,True,1
Q63454,Штатна магнітола 2K 360 CC3 6*128Gb під Toyota Corolla 12 20,2,27164.0,28530,28530,0.05,-60.5,-60.5,28600,6.0,30030,1364.5,0,False,True,1
Q63455,Штатна магнітола 2K 360 CC3 6*128Gb під Toyota Corolla 12 20,2,27528.0,28910,28910,0.05,-63.5,-63.5,28980,3.0,30430,1380.5,0,False,True,1
Q63456,Штатна магнітола 2K 360 CC3 6*128Gb під Toyota Crown S200 20,2,28301.0,29720,29720,0.05,-67.0,-67.0,29800,9.0,31290,1424.5,0,False,True,1
Q63458,Штатна магнітола 2K 360 CC3 6*128Gb під Toyota Harrier XU60 ,2,28256.0,29670,29670,0.05,-69.5,-69.5,29750,6.5,31240,1422.0,0,False,True,1
Q63459,Штатна магнітола 2K 360 CC3 6*128Gb під Toyota Harrier XU60 ,2,27710.0,29100,29100,0.05,-65.0,-65.0,29170,1.5,30630,1388.5,0,False,True,1
Q63461,Штатна магнітола 2K 360 CC3 6*128Gb під Toyota Highlander 3 ,2,27118.0,28480,28480,0.05,-62.0,-62.0,28550,4.5,29980,1363.0,0,False,True,1
Q63462,Штатна магнітола 2K 360 CC3 6*128Gb під Toyota Highlander 3 ,2,27209.0,28570,28570,0.05,-67.5,-67.5,28650,8.5,30080,1367.0,0,False,True,1
Q63463,Штатна магнітола 2K 360 CC3 6*128Gb під Toyota Highlander 20,2,27209.0,28570,28570,0.05,-67.5,-67.5,28650,8.5,30080,1367.0,0,False,True,1
Q63466,Штатна магнітола 2K 360 CC3 6*128Gb під Toyota Land Cruiser ,2,27300.0,28670,28670,0.05,-63.5,-63.5,28740,3.0,30180,1371.0,0,False,True,1
Q63467,Штатна магнітола 2K 360 CC3 6*128Gb під Toyota Land Cruiser ,2,27391.0,28770,28770,0.05,-59.5,-59.5,28840,7.0,30280,1375.0,0,False,True,1
Q63468,Штатна магнітола 2K 360 CC3 6*128Gb під Toyota Land Cruiser ,2,27346.0,28720,28720,0.05,-62.0,-62.0,28790,4.5,30230,1372.5,0,False,True,1
Q63469,Штатна магнітола 2K 360 CC3 6*128Gb під Toyota Land Cruiser ,2,27437.0,28810,28810,0.05,-67.5,-67.5,28890,8.5,30330,1376.5,0,False,True,1
Q63470,Штатна магнітола 2K 360 CC3 6*128Gb під Toyota Land Cruiser ,2,27983.0,29390,29390,0.05,-62.5,-62.5,29460,4.0,30930,1400.5,0,False,True,1
Q63471,Штатна магнітола 2K 360 CC3 6*128Gb під Toyota Raize 2019+ (,2,27391.0,28770,28770,0.05,-59.5,-59.5,28840,7.0,30280,1375.0,0,False,True,1
Q63472,Штатна магнітола 2K 360 CC3 6*128Gb під Toyota RAV4 4 XA40 5,2,27255.0,28620,28620,0.05,-66.0,-66.0,28690,0.5,30130,1368.5,0,False,True,1
Q63473,Штатна магнітола 2K 360 CC3 6*128Gb під Toyota RAV4 XA50 201,2,27300.0,28670,28670,0.05,-63.5,-63.5,28740,3.0,30180,1371.0,0,False,True,1
Q63474,Штатна магнітола 2K 360 CC3 6*128Gb під Toyota RAV4 XA50 201,2,27937.0,29340,29340,0.05,-64.0,-64.0,29410,2.5,30880,1399.0,0,False,True,1
Q63475,Штатна магнітола 2K 360 CC3 6*128Gb під Toyota Sienna 2021+ ,2,27528.0,28910,28910,0.05,-63.5,-63.5,28980,3.0,30430,1380.5,0,False,True,1
Q63476,Штатна магнітола 2K 360 CC3 6*128Gb під Toyota Sienna 2021+ ,2,27710.0,29100,29100,0.05,-65.0,-65.0,29170,1.5,30630,1388.5,0,False,True,1
Q63477,Штатна магнітола 2K 360 CC3 6*128Gb під Toyota Sienna 2021+ ,2,27391.0,28770,28770,0.05,-59.5,-59.5,28840,7.0,30280,1375.0,0,False,True,1
Q63478,Штатна магнітола 2K 360 CC3 6*128Gb під Toyota Sienta 2015+ ,2,27983.0,29390,29390,0.05,-62.5,-62.5,29460,4.0,30930,1400.5,0,False,True,1
Q63481,Штатна магнітола 2K 360 CC3 6*128Gb під Volkswagen Bora 2016,2,26891.0,28240,28240,0.05,-63.0,-63.0,28310,3.5,29730,1352.5,0,False,True,1
Q63486,Штатна магнітола 2K 360 CC3 6*128Gb під Volkswagen Jetta 5 2,2,26982.0,28340,28340,0.05,-59.0,-59.0,28410,7.5,29830,1356.5,0,False,True,1
Q63487,Штатна магнітола 2K 360 CC3 6*128Gb під Volkswagen Jetta 5 2,2,26982.0,28340,28340,0.05,-59.0,-59.0,28410,7.5,29830,1356.5,0,False,True,1
Q63489,Штатна магнітола 2K 360 CC3 6*128Gb під Volkswagen Passat (N,2,27118.0,28480,28480,0.05,-62.0,-62.0,28550,4.5,29980,1363.0,0,False,True,1
Q63490,Штатна магнітола 2K 360 CC3 6*128Gb під Volkswagen Passat (N,2,27118.0,28480,28480,0.05,-62.0,-62.0,28550,4.5,29980,1363.0,0,False,True,1
Q63494,Штатна магнітола 2K 360 CC3 6*128Gb під Volkswagen Passat 7 ,2,26891.0,28240,28240,0.05,-63.0,-63.0,28310,3.5,29730,1352.5,0,False,True,1
Q63495,Штатна магнітола 2K 360 CC3 6*128Gb під Volkswagen Passat 7 ,2,26891.0,28240,28240,0.05,-63.0,-63.0,28310,3.5,29730,1352.5,0,False,True,1
Q63496,Штатна магнітола 2K 360 CC3 6*128Gb під Volkswagen Passat 7 ,2,27027.0,28380,28380,0.05,-66.0,-66.0,28450,0.5,29880,1359.0,0,False,True,1
Q63500,Штатна магнітола 2K 360 CC3 6*128Gb під Volkswagen Sagitar 2,2,26936.0,28290,28290,0.05,-60.5,-60.5,28360,6.0,29780,1355.0,0,False,True,1
Q63503,Штатна магнітола 2K 360 CC3 6*128Gb під Volkswagen Touran 1 ,2,26936.0,28290,28290,0.05,-60.5,-60.5,28360,6.0,29780,1355.0,0,False,True,1
Q63505,Штатна магнітола 2K 360 CC3 6*128Gb під Volkswagen Touran 1 ,2,26936.0,28290,28290,0.05,-60.5,-60.5,28360,6.0,29780,1355.0,0,False,True,1
Q63507,Штатна магнітола 2K 360 CC3 6*128Gb під Volkswagen Touran 2 ,2,26982.0,28340,28340,0.05,-59.0,-59.0,28410,7.5,29830,1356.5,0,False,True,1
Q63509,Штатна магнітола 2K 360 CC3 6*128Gb під Volkswagen Touran 2 ,2,26982.0,28340,28340,0.05,-59.0,-59.0,28410,7.5,29830,1356.5,0,False,True,1
QIV-Q4-13 Toyota,Автомагнітола QIV Q4 Toyota 13 дюймів 2K 4/64 (13 дюймів 2K ,2,29575.0,31060,31060,0.05,-68.0,-68.0,31140,8.0,32690,1480.5,0,False,True,4
QBR-KH 3822-39,Інсталяційний комплект QIV QBR-KH 3822-39 BMW E39 1995-2004 ,3,7053.0,7900,7900,0.12,-101.0,-101.0,8020,4.6,8420,356.6,0,False,True,4
QBR-KH 8007-82,Інсталяційний комплект QIV QBR-KH 8007-82 Lexus GS 2006-2012,3,10010.0,10720,10720,0.07,-40.4,-40.4,10770,6.1,11310,508.3,0,False,True,1
LX0609,Перетворювач сигналу адаптер CAN-BUS Lexus QBR LX0609 (LZ (H,3,6143.0,6890,6890,0.12,-79.8,-79.8,6990,8.2,7330,307.4,0,False,True,3
QBR-A 0175,Адаптер камери заднього огляду QBR-A 0175 для Volkswagen,3,9555.0,10710,10710,0.07,405.3,405.3,10280,5.4,10790,479.7,0,False,True,1
QBR-A 0376A,Перетворювач сигналу BMW EVO (LVDS модуль) QIV QBR-A 0376A,3,6143.0,6890,6890,0.12,-79.8,-79.8,6990,8.2,7330,307.4,0,False,True,1
QBR-A 0382A_T500,Перетворювач сигналу Audi L3 (LVDS модуль T500) QIV QBR-A 03,3,8645.0,9690,9690,0.12,-117.8,-117.8,9830,5.4,9770,-47.4,0,False,True,1
QBR-A 4000,Оптичний перетворювач звуку QBR-A 4000 (MOST150),3,6598.0,7390,7390,0.12,-94.8,-94.8,7500,2.0,7880,336.4,0,False,True,2
QBR-A 038UN,Перетворювач сигналу Toyota LC150 2010-2013 TypeUN (LVDS мод,3,10920.0,11690,11690,0.07,-48.3,-48.3,11750,7.5,12330,546.9,0,False,True,1
