article,rrc,rrc_adjusted,sell_price,commission_rate,commission,margin_vs_rrc
QIV-Q4-150 Toyota,34125.0,34125.0,35930,0.05,1796.5,8.5
Q63363,31350.0,31350.0,33000,0.05,1650.0,0.0
Q63305,31259.0,31259.0,32910,0.05,1645.5,5.5
Q63302,30531.0,30531.0,32140,0.05,1607.0,2.0
Q63243,30394.0,30394.0,32000,0.05,1600.0,6.0
Q63244,30394.0,30394.0,32000,0.05,1600.0,6.0
Q63241,30349.0,30349.0,31950,0.05,1597.5,3.5
Q63242,30349.0,30349.0,31950,0.05,1597.5,3.5
Q63303,30303.0,30303.0,31900,0.05,1595.0,2.0
Q63306,30303.0,30303.0,31900,0.05,1595.0,2.0
Q63366,30076.0,30076.0,31660,0.05,1583.0,1.0
Q63011,29757.0,29757.0,31330,0.05,1566.5,6.5
Q63245,29757.0,29757.0,31330,0.05,1566.5,6.5
QIV-Q4-13 Toyota,29575.0,29575.0,31140,0.05,1557.0,8.0
Q63010,29530.0,29530.0,31090,0.05,1554.5,5.5
Q63307,29393.0,29393.0,30940,0.05,1547.0,0.0
Q63304,29302.0,29302.0,30850,0.05,1542.5,5.5
Q63087,29257.0,29257.0,30800,0.05,1540.0,3.0
Q63013,29166.0,29166.0,30710,0.05,1535.5,8.5
Q63391,29029.0,29029.0,30560,0.05,1528.0,3.0
Q63301,28938.0,28938.0,30470,0.05,1523.5,8.5
Q63329,28847.0,28847.0,30370,0.05,1518.5,4.5
Q63085,28802.0,28802.0,30320,0.05,1516.0,2.0
Q63257,28756.0,28756.0,30270,0.05,1513.5,0.5
QIV-Q4-123 Toyota,28665.0,28665.0,30180,0.05,1509.0,6.0
QIV-Q5-103 Audi,28665.0,28665.0,30180,0.05,1509.0,6.0
Q63328,28483.0,28483.0,29990,0.05,1499.5,7.5
Q63336,28483.0,28483.0,29990,0.05,1499.5,7.5
Q63255,28392.0,28392.0,29890,0.05,1494.5,3.5
Q63256,28392.0,28392.0,29890,0.05,1494.5,3.5
Q63311,28392.0,28392.0,29890,0.05,1494.5,3.5
Q63090,28347.0,28347.0,29840,0.05,1492.0,1.0
Q63265,28347.0,28347.0,29840,0.05,1492.0,1.0
Q63267,28347.0,28347.0,29840,0.05,1492.0,1.0
Q63359,28301.0,28301.0,29800,0.05,1490.0,9.0
Q63409,28301.0,28301.0,29800,0.05,1490.0,9.0
Q63456,28301.0,28301.0,29800,0.05,1490.0,9.0
Q63088,28301.0,28301.0,29800,0.05,1490.0,9.0
Q63367,28256.0,28256.0,29750,0.05,1487.5,6.5
Q63385,28256.0,28256.0,29750,0.05,1487.5,6.5
Q63458,28256.0,28256.0,29750,0.05,1487.5,6.5
Q63089,28256.0,28256.0,29750,0.05,1487.5,6.5
Q63404,28210.0,28210.0,29700,0.05,1485.0,5.0
Q63408,28210.0,28210.0,29700,0.05,1485.0,5.0
Q63081,28210.0,28210.0,29700,0.05,1485.0,5.0
Q63284,28210.0,28210.0,29700,0.05,1485.0,5.0
Q63285,28210.0,28210.0,29700,0.05,1485.0,5.0
Q63322,28210.0,28210.0,29700,0.05,1485.0,5.0
Q63341,28210.0,28210.0,29700,0.05,1485.0,5.0
Q63422,28165.0,28165.0,29650,0.05,1482.5,2.5
Q63266,28119.0,28119.0,29600,0.05,1480.0,1.0
Q63321,28119.0,28119.0,29600,0.05,1480.0,1.0
Q63356,28074.0,28074.0,29560,0.05,1478.0,8.0
Q63361,28074.0,28074.0,29560,0.05,1478.0,8.0
Q63439,28074.0,28074.0,29560,0.05,1478.0,8.0
Q63300,28074.0,28074.0,29560,0.05,1478.0,8.0
Q63357,28028.0,28028.0,29510,0.05,1475.5,6.5
Q63247,28028.0,28028.0,29510,0.05,1475.5,6.5
Q63327,28028.0,28028.0,29510,0.05,1475.5,6.5
Q63413,27983.0,27983.0,29460,0.05,1473.0,4.0
Q63464,27983.0,27983.0,29460,0.05,1473.0,4.0
Q63470,27983.0,27983.0,29460,0.05,1473.0,4.0
Q63478,27983.0,27983.0,29460,0.05,1473.0,4.0
Q63078,27983.0,27983.0,29460,0.05,1473.0,4.0
Q63084,27983.0,27983.0,29460,0.05,1473.0,4.0
Q63246,27983.0,27983.0,29460,0.05,1473.0,4.0
Q63335,27983.0,27983.0,29460,0.05,1473.0,4.0
Q63378,27937.0,27937.0,29410,0.05,1470.5,2.5
Q63399,27937.0,27937.0,29410,0.05,1470.5,2.5
Q63474,27937.0,27937.0,29410,0.05,1470.5,2.5
Q63296,27937.0,27937.0,29410,0.05,1470.5,2.5
Q63348,27937.0,27937.0,29410,0.05,1470.5,2.5
Q63014,27892.0,27892.0,29360,0.05,1468.0,0.0
Q63323,27892.0,27892.0,29360,0.05,1468.0,0.0
Q63350,27892.0,27892.0,29360,0.05,1468.0,0.0
Q63352,27892.0,27892.0,29360,0.05,1468.0,0.0
Q63379,27846.0,27846.0,29320,0.05,1466.0,8.0
Q63398,27846.0,27846.0,29320,0.05,1466.0,8.0
Q63082,27846.0,27846.0,29320,0.05,1466.0,8.0
Q63093,27846.0,27846.0,29320,0.05,1466.0,8.0
Q63297,27846.0,27846.0,29320,0.05,1466.0,8.0
Q63299,27846.0,27846.0,29320,0.05,1466.0,8.0
Q63308,27846.0,27846.0,29320,0.05,1466.0,8.0
Q63319,27846.0,27846.0,29320,0.05,1466.0,8.0
Q63365,27801.0,27801.0,29270,0.05,1463.5,5.5
Q63368,27801.0,27801.0,29270,0.05,1463.5,5.5
Q63375,27801.0,27801.0,29270,0.05,1463.5,5.5
Q63377,27801.0,27801.0,29270,0.05,1463.5,5.5
Q63401,27801.0,27801.0,29270,0.05,1463.5,5.5
Q63312,27801.0,27801.0,29270,0.05,1463.5,5.5
Q63324,27801.0,27801.0,29270,0.05,1463.5,5.5
Q63345,27801.0,27801.0,29270,0.05,1463.5,5.5
Q63388,27755.0,27755.0,29220,0.05,1461.0,4.0
Q63397,27755.0,27755.0,29220,0.05,1461.0,4.0
Q63079,27755.0,27755.0,29220,0.05,1461.0,4.0
Q63086,27755.0,27755.0,29220,0.05,1461.0,4.0
Q63260,27755.0,27755.0,29220,0.05,1461.0,4.0
Q63280,27755.0,27755.0,29220,0.05,1461.0,4.0
Q63289,27755.0,27755.0,29220,0.05,1461.0,4.0
Q63320,27755.0,27755.0,29220,0.05,1461.0,4.0
Q63459,27710.0,27710.0,29170,0.05,1458.5,1.5
Q63476,27710.0,27710.0,29170,0.05,1458.5,1.5
Q63080,27710.0,27710.0,29170,0.05,1458.5,1.5
Q63083,27710.0,27710.0,29170,0.05,1458.5,1.5
Q63248,27710.0,27710.0,29170,0.05,1458.5,1.5
Q63281,27710.0,27710.0,29170,0.05,1458.5,1.5
Q63283,27710.0,27710.0,29170,0.05,1458.5,1.5
Q63288,27710.0,27710.0,29170,0.05,1458.5,1.5
Q63371,27664.0,27664.0,29120,0.05,1456.0,0.0
Q63395,27664.0,27664.0,29120,0.05,1456.0,0.0
Q63403,27664.0,27664.0,29120,0.05,1456.0,0.0
Q63092,27664.0,27664.0,29120,0.05,1456.0,0.0
Q63314,27664.0,27664.0,29120,0.05,1456.0,0.0
Q63331,27664.0,27664.0,29120,0.05,1456.0,0.0
Q63369,27619.0,27619.0,29080,0.05,1454.0,7.0
Q63372,27619.0,27619.0,29080,0.05,1454.0,7.0
Q63440,27619.0,27619.0,29080,0.05,1454.0,7.0
Q63091,27619.0,27619.0,29080,0.05,1454.0,7.0
Q63249,27619.0,27619.0,29080,0.05,1454.0,7.0
Q63315,27619.0,27619.0,29080,0.05,1454.0,7.0
Q63370,27573.0,27573.0,29030,0.05,1451.5,5.5
Q63396,27573.0,27573.0,29030,0.05,1451.5,5.5
Q63414,27573.0,27573.0,29030,0.05,1451.5,5.5
Q63424,27573.0,27573.0,29030,0.05,1451.5,5.5
Q63460,27573.0,27573.0,29030,0.05,1451.5,5.5
Q63465,27573.0,27573.0,29030,0.05,1451.5,5.5
Q63253,27573.0,27573.0,29030,0.05,1451.5,5.5
Q63254,27573.0,27573.0,29030,0.05,1451.5,5.5
Q63282,27573.0,27573.0,29030,0.05,1451.5,5.5
Q63373,27528.0,27528.0,28980,0.05,1449.0,3.0
Q63380,27528.0,27528.0,28980,0.05,1449.0,3.0
Q63381,27528.0,27528.0,28980,0.05,1449.0,3.0
Q63382,27528.0,27528.0,28980,0.05,1449.0,3.0
Q63383,27528.0,27528.0,28980,0.05,1449.0,3.0
Q63415,27528.0,27528.0,28980,0.05,1449.0,3.0
Q63455,27528.0,27528.0,28980,0.05,1449.0,3.0
Q63475,27528.0,27528.0,28980,0.05,1449.0,3.0
Q63277,27528.0,27528.0,28980,0.05,1449.0,3.0
Q63310,27528.0,27528.0,28980,0.05,1449.0,3.0
Q63340,27528.0,27528.0,28980,0.05,1449.0,3.0
Q63353,27482.0,27482.0,28930,0.05,1446.5,1.5
Q63406,27482.0,27482.0,28930,0.05,1446.5,1.5
Q63412,27482.0,27482.0,28930,0.05,1446.5,1.5
Q63444,27482.0,27482.0,28930,0.05,1446.5,1.5
Q63252,27482.0,27482.0,28930,0.05,1446.5,1.5
Q63290,27482.0,27482.0,28930,0.05,1446.5,1.5
Q63309,27482.0,27482.0,28930,0.05,1446.5,1.5
Q63351,27482.0,27482.0,28930,0.05,1446.5,1.5
Q63354,27437.0,27437.0,28890,0.05,1444.5,8.5
Q63362,27437.0,27437.0,28890,0.05,1444.5,8.5
Q63393,27437.0,27437.0,28890,0.05,1444.5,8.5
Q63394,27437.0,27437.0,28890,0.05,1444.5,8.5
Q63418,27437.0,27437.0,28890,0.05,1444.5,8.5
Q63469,27437.0,27437.0,28890,0.05,1444.5,8.5
Q63259,27437.0,27437.0,28890,0.05,1444.5,8.5
Q63272,27437.0,27437.0,28890,0.05,1444.5,8.5
Q63275,27437.0,27437.0,28890,0.05,1444.5,8.5
Q63292,27437.0,27437.0,28890,0.05,1444.5,8.5
Q63338,27437.0,27437.0,28890,0.05,1444.5,8.5
Q63355,27391.0,27391.0,28840,0.05,1442.0,7.0
Q63364,27391.0,27391.0,28840,0.05,1442.0,7.0
Q63386,27391.0,27391.0,28840,0.05,1442.0,7.0
Q63405,27391.0,27391.0,28840,0.05,1442.0,7.0
Q63410,27391.0,27391.0,28840,0.05,1442.0,7.0
Q63411,27391.0,27391.0,28840,0.05,1442.0,7.0
Q63457,27391.0,27391.0,28840,0.05,1442.0,7.0
Q63467,27391.0,27391.0,28840,0.05,1442.0,7.0
Q63471,27391.0,27391.0,28840,0.05,1442.0,7.0
Q63477,27391.0,27391.0,28840,0.05,1442.0,7.0
Q63136,27391.0,27391.0,28840,0.05,1442.0,7.0
Q63185,27391.0,27391.0,28840,0.05,1442.0,7.0
Q63251,27391.0,27391.0,28840,0.05,1442.0,7.0
Q63294,27391.0,27391.0,28840,0.05,1442.0,7.0
Q63295,27391.0,27391.0,28840,0.05,1442.0,7.0
Q63326,27391.0,27391.0,28840,0.05,1442.0,7.0
Q63337,27391.0,27391.0,28840,0.05,1442.0,7.0
Q63339,27391.0,27391.0,28840,0.05,1442.0,7.0
Q63342,27391.0,27391.0,28840,0.05,1442.0,7.0
Q63360,27346.0,27346.0,28790,0.05,1439.5,4.5
Q63420,27346.0,27346.0,28790,0.05,1439.5,4.5
Q63445,27346.0,27346.0,28790,0.05,1439.5,4.5
Q63453,27346.0,27346.0,28790,0.05,1439.5,4.5
Q63468,27346.0,27346.0,28790,0.05,1439.5,4.5
Q63094,27346.0,27346.0,28790,0.05,1439.5,4.5
Q63095,27346.0,27346.0,28790,0.05,1439.5,4.5
Q63261,27346.0,27346.0,28790,0.05,1439.5,4.5
Q63268,27346.0,27346.0,28790,0.05,1439.5,4.5
Q63269,27346.0,27346.0,28790,0.05,1439.5,4.5
Q63271,27346.0,27346.0,28790,0.05,1439.5,4.5
Q63291,27346.0,27346.0,28790,0.05,1439.5,4.5
Q63293,27346.0,27346.0,28790,0.05,1439.5,4.5
Q63313,27346.0,27346.0,28790,0.05,1439.5,4.5
Q63333,27346.0,27346.0,28790,0.05,1439.5,4.5
Q63466,27300.0,27300.0,28740,0.05,1437.0,3.0
Q63473,27300.0,27300.0,28740,0.05,1437.0,3.0
Q63482,27300.0,27300.0,28740,0.05,1437.0,3.0
Q63151,27300.0,27300.0,28740,0.05,1437.0,3.0
Q63250,27300.0,27300.0,28740,0.05,1437.0,3.0
Q63262,27300.0,27300.0,28740,0.05,1437.0,3.0
Q63263,27300.0,27300.0,28740,0.05,1437.0,3.0
Q63276,27300.0,27300.0,28740,0.05,1437.0,3.0
Q63325,27300.0,27300.0,28740,0.05,1437.0,3.0
Q63332,27300.0,27300.0,28740,0.05,1437.0,3.0
Q63344,27300.0,27300.0,28740,0.05,1437.0,3.0
QIV-Q4-123 Mazda,27300.0,27300.0,28740,0.05,1437.0,3.0
Q63358,27255.0,27255.0,28690,0.05,1434.5,0.5
Q63417,27255.0,27255.0,28690,0.05,1434.5,0.5
Q63419,27255.0,27255.0,28690,0.05,1434.5,0.5
Q63441,27255.0,27255.0,28690,0.05,1434.5,0.5
Q63447,27255.0,27255.0,28690,0.05,1434.5,0.5
Q63451,27255.0,27255.0,28690,0.05,1434.5,0.5
Q63472,27255.0,27255.0,28690,0.05,1434.5,0.5
Q63488,27255.0,27255.0,28690,0.05,1434.5,0.5
Q63498,27255.0,27255.0,28690,0.05,1434.5,0.5
Q63264,27255.0,27255.0,28690,0.05,1434.5,0.5
Q63278,27255.0,27255.0,28690,0.05,1434.5,0.5
Q63279,27255.0,27255.0,28690,0.05,1434.5,0.5
Q63298,27255.0,27255.0,28690,0.05,1434.5,0.5
Q63316,27255.0,27255.0,28690,0.05,1434.5,0.5
Q63317,27255.0,27255.0,28690,0.05,1434.5,0.5
Q63318,27255.0,27255.0,28690,0.05,1434.5,0.5
Q63343,27255.0,27255.0,28690,0.05,1434.5,0.5
Q63384,27209.0,27209.0,28650,0.05,1432.5,8.5
Q63390,27209.0,27209.0,28650,0.05,1432.5,8.5
Q63443,27209.0,27209.0,28650,0.05,1432.5,8.5
Q63446,27209.0,27209.0,28650,0.05,1432.5,8.5
Q63452,27209.0,27209.0,28650,0.05,1432.5,8.5
Q63462,27209.0,27209.0,28650,0.05,1432.5,8.5
Q63463,27209.0,27209.0,28650,0.05,1432.5,8.5
Q63270,27209.0,27209.0,28650,0.05,1432.5,8.5
Q63273,27209.0,27209.0,28650,0.05,1432.5,8.5
Q63330,27209.0,27209.0,28650,0.05,1432.5,8.5
Q63387,27164.0,27164.0,28600,0.05,1430.0,6.0
Q63389,27164.0,27164.0,28600,0.05,1430.0,6.0
Q63392,27164.0,27164.0,28600,0.05,1430.0,6.0
Q63400,27164.0,27164.0,28600,0.05,1430.0,6.0
Q63402,27164.0,27164.0,28600,0.05,1430.0,6.0
Q63407,27164.0,27164.0,28600,0.05,1430.0,6.0
Q63416,27164.0,27164.0,28600,0.05,1430.0,6.0
Q63442,27164.0,27164.0,28600,0.05,1430.0,6.0
Q63448,27164.0,27164.0,28600,0.05,1430.0,6.0
Q63449,27164.0,27164.0,28600,0.05,1430.0,6.0
Q63450,27164.0,27164.0,28600,0.05,1430.0,6.0
Q63454,27164.0,27164.0,28600,0.05,1430.0,6.0
Q63484,27164.0,27164.0,28600,0.05,1430.0,6.0
Q63492,27164.0,27164.0,28600,0.05,1430.0,6.0
Q63121,27164.0,27164.0,28600,0.05,1430.0,6.0
Q63124,27164.0,27164.0,28600,0.05,1430.0,6.0
Q63274,27164.0,27164.0,28600,0.05,1430.0,6.0
Q63346,27164.0,27164.0,28600,0.05,1430.0,6.0
Q63461,27118.0,27118.0,28550,0.05,1427.5,4.5
Q63489,27118.0,27118.0,28550,0.05,1427.5,4.5
Q63490,27118.0,27118.0,28550,0.05,1427.5,4.5
Q63511,27118.0,27118.0,28550,0.05,1427.5,4.5
Q63141,27118.0,27118.0,28550,0.05,1427.5,4.5
Q63150,27118.0,27118.0,28550,0.05,1427.5,4.5
Q63334,27118.0,27118.0,28550,0.05,1427.5,4.5
Q63431,27073.0,27073.0,28500,0.05,1425.0,2.0
Q63497,27073.0,27073.0,28500,0.05,1425.0,2.0
Q63438,27027.0,27027.0,28450,0.05,1422.5,0.5
Q63483,27027.0,27027.0,28450,0.05,1422.5,0.5
Q63491,27027.0,27027.0,28450,0.05,1422.5,0.5
Q63493,27027.0,27027.0,28450,0.05,1422.5,0.5
Q63496,27027.0,27027.0,28450,0.05,1422.5,0.5
Q63501,27027.0,27027.0,28450,0.05,1422.5,0.5
Q63099,27027.0,27027.0,28450,0.05,1422.5,0.5
Q63137,27027.0,27027.0,28450,0.05,1422.5,0.5
Q63144,27027.0,27027.0,28450,0.05,1422.5,0.5
Q63154,27027.0,27027.0,28450,0.05,1422.5,0.5
Q63166,27027.0,27027.0,28450,0.05,1422.5,0.5
Q63168,27027.0,27027.0,28450,0.05,1422.5,0.5
Q63191,27027.0,27027.0,28450,0.05,1422.5,0.5
Q63432,26982.0,26982.0,28410,0.05,1420.5,7.5
Q63433,26982.0,26982.0,28410,0.05,1420.5,7.5
Q63486,26982.0,26982.0,28410,0.05,1420.5,7.5
Q63487,26982.0,26982.0,28410,0.05,1420.5,7.5
Q63507,26982.0,26982.0,28410,0.05,1420.5,7.5
Q63508,26982.0,26982.0,28410,0.05,1420.5,7.5
Q63509,26982.0,26982.0,28410,0.05,1420.5,7.5
Q63106,26982.0,26982.0,28410,0.05,1420.5,7.5
Q63179,26982.0,26982.0,28410,0.05,1420.5,7.5
Q63182,26982.0,26982.0,28410,0.05,1420.5,7.5
Q63430,26936.0,26936.0,28360,0.05,1418.0,6.0
Q63435,26936.0,26936.0,28360,0.05,1418.0,6.0
Q63436,26936.0,26936.0,28360,0.05,1418.0,6.0
Q63437,26936.0,26936.0,28360,0.05,1418.0,6.0
Q63480,26936.0,26936.0,28360,0.05,1418.0,6.0
Q63499,26936.0,26936.0,28360,0.05,1418.0,6.0
Q63500,26936.0,26936.0,28360,0.05,1418.0,6.0
Q63502,26936.0,26936.0,28360,0.05,1418.0,6.0
Q63503,26936.0,26936.0,28360,0.05,1418.0,6.0
Q63504,26936.0,26936.0,28360,0.05,1418.0,6.0
Q63505,26936.0,26936.0,28360,0.05,1418.0,6.0
Q63506,26936.0,26936.0,28360,0.05,1418.0,6.0
Q63510,26936.0,26936.0,28360,0.05,1418.0,6.0
Q63098,26936.0,26936.0,28360,0.05,1418.0,6.0
Q63111,26936.0,26936.0,28360,0.05,1418.0,6.0
Q63117,26936.0,26936.0,28360,0.05,1418.0,6.0
Q63130,26936.0,26936.0,28360,0.05,1418.0,6.0
Q63131,26936.0,26936.0,28360,0.05,1418.0,6.0
Q63159,26936.0,26936.0,28360,0.05,1418.0,6.0
Q63162,26936.0,26936.0,28360,0.05,1418.0,6.0
Q63183,26936.0,26936.0,28360,0.05,1418.0,6.0
Q63188,26936.0,26936.0,28360,0.05,1418.0,6.0
Q63434,26891.0,26891.0,28310,0.05,1415.5,3.5
Q63481,26891.0,26891.0,28310,0.05,1415.5,3.5
Q63485,26891.0,26891.0,28310,0.05,1415.5,3.5
Q63494,26891.0,26891.0,28310,0.05,1415.5,3.5
Q63495,26891.0,26891.0,28310,0.05,1415.5,3.5
Q63100,26891.0,26891.0,28310,0.05,1415.5,3.5
Q63101,26891.0,26891.0,28310,0.05,1415.5,3.5
Q63108,26891.0,26891.0,28310,0.05,1415.5,3.5
Q63110,26891.0,26891.0,28310,0.05,1415.5,3.5
Q63112,26891.0,26891.0,28310,0.05,1415.5,3.5
Q63113,26891.0,26891.0,28310,0.05,1415.5,3.5
Q63116,26891.0,26891.0,28310,0.05,1415.5,3.5
Q63138,26891.0,26891.0,28310,0.05,1415.5,3.5
Q63160,26891.0,26891.0,28310,0.05,1415.5,3.5
Q63161,26891.0,26891.0,28310,0.05,1415.5,3.5
Q63210,26891.0,26891.0,28310,0.05,1415.5,3.5
Q63217,26891.0,26891.0,28310,0.05,1415.5,3.5
Q63114,26845.0,26845.0,28260,0.05,1413.0,2.0
Q63122,26845.0,26845.0,28260,0.05,1413.0,2.0
Q63129,26845.0,26845.0,28260,0.05,1413.0,2.0
Q63134,26845.0,26845.0,28260,0.05,1413.0,2.0
Q63140,26845.0,26845.0,28260,0.05,1413.0,2.0
Q63158,26845.0,26845.0,28260,0.05,1413.0,2.0
Q63186,26845.0,26845.0,28260,0.05,1413.0,2.0
Q63189,26845.0,26845.0,28260,0.05,1413.0,2.0
Q63190,26845.0,26845.0,28260,0.05,1413.0,2.0
Q63198,26845.0,26845.0,28260,0.05,1413.0,2.0
Q63208,26845.0,26845.0,28260,0.05,1413.0,2.0
Q63218,26845.0,26845.0,28260,0.05,1413.0,2.0
Q63125,26800.0,26800.0,28220,0.05,1411.0,9.0
Q63126,26800.0,26800.0,28220,0.05,1411.0,9.0
Q63128,26800.0,26800.0,28220,0.05,1411.0,9.0
Q63146,26800.0,26800.0,28220,0.05,1411.0,9.0
Q63147,26800.0,26800.0,28220,0.05,1411.0,9.0
Q63152,26800.0,26800.0,28220,0.05,1411.0,9.0
Q63153,26800.0,26800.0,28220,0.05,1411.0,9.0
Q63155,26800.0,26800.0,28220,0.05,1411.0,9.0
Q63177,26800.0,26800.0,28220,0.05,1411.0,9.0
Q63178,26800.0,26800.0,28220,0.05,1411.0,9.0
Q63180,26800.0,26800.0,28220,0.05,1411.0,9.0
Q63193,26800.0,26800.0,28220,0.05,1411.0,9.0
Q63196,26800.0,26800.0,28220,0.05,1411.0,9.0
Q63197,26800.0,26800.0,28220,0.05,1411.0,9.0
Q63206,26800.0,26800.0,28220,0.05,1411.0,9.0
Q63212,26800.0,26800.0,28220,0.05,1411.0,9.0
Q63213,26800.0,26800.0,28220,0.05,1411.0,9.0
Q63215,26800.0,26800.0,28220,0.05,1411.0,9.0
Q63216,26800.0,26800.0,28220,0.05,1411.0,9.0
Q63219,26800.0,26800.0,28220,0.05,1411.0,9.0
Q63222,26800.0,26800.0,28220,0.05,1411.0,9.0
Q63223,26800.0,26800.0,28220,0.05,1411.0,9.0
Q63096,26754.0,26754.0,28170,0.05,1408.5,7.5
Q63097,26754.0,26754.0,28170,0.05,1408.5,7.5
Q63102,26754.0,26754.0,28170,0.05,1408.5,7.5
Q63107,26754.0,26754.0,28170,0.05,1408.5,7.5
Q63115,26754.0,26754.0,28170,0.05,1408.5,7.5
Q63118,26754.0,26754.0,28170,0.05,1408.5,7.5
Q63119,26754.0,26754.0,28170,0.05,1408.5,7.5
Q63123,26754.0,26754.0,28170,0.05,1408.5,7.5
Q63132,26754.0,26754.0,28170,0.05,1408.5,7.5
Q63139,26754.0,26754.0,28170,0.05,1408.5,7.5
Q63145,26754.0,26754.0,28170,0.05,1408.5,7.5
Q63148,26754.0,26754.0,28170,0.05,1408.5,7.5
Q63149,26754.0,26754.0,28170,0.05,1408.5,7.5
Q63157,26754.0,26754.0,28170,0.05,1408.5,7.5
Q63163,26754.0,26754.0,28170,0.05,1408.5,7.5
Q63165,26754.0,26754.0,28170,0.05,1408.5,7.5
Q63175,26754.0,26754.0,28170,0.05,1408.5,7.5
Q63176,26754.0,26754.0,28170,0.05,1408.5,7.5
Q63187,26754.0,26754.0,28170,0.05,1408.5,7.5
Q63192,26754.0,26754.0,28170,0.05,1408.5,7.5
Q63200,26754.0,26754.0,28170,0.05,1408.5,7.5
Q63204,26754.0,26754.0,28170,0.05,1408.5,7.5
Q63214,26754.0,26754.0,28170,0.05,1408.5,7.5
Q63220,26754.0,26754.0,28170,0.05,1408.5,7.5
Q63224,26754.0,26754.0,28170,0.05,1408.5,7.5
Q63229,26754.0,26754.0,28170,0.05,1408.5,7.5
Q63231,26754.0,26754.0,28170,0.05,1408.5,7.5
Q63233,26754.0,26754.0,28170,0.05,1408.5,7.5
Q63234,26754.0,26754.0,28170,0.05,1408.5,7.5
Q63105,26709.0,26709.0,28120,0.05,1406.0,5.0
Q63120,26709.0,26709.0,28120,0.05,1406.0,5.0
Q63127,26709.0,26709.0,28120,0.05,1406.0,5.0
Q63133,26709.0,26709.0,28120,0.05,1406.0,5.0
Q63135,26709.0,26709.0,28120,0.05,1406.0,5.0
Q63164,26709.0,26709.0,28120,0.05,1406.0,5.0
Q63173,26709.0,26709.0,28120,0.05,1406.0,5.0
Q63174,26709.0,26709.0,28120,0.05,1406.0,5.0
Q63194,26709.0,26709.0,28120,0.05,1406.0,5.0
Q63195,26709.0,26709.0,28120,0.05,1406.0,5.0
Q63199,26709.0,26709.0,28120,0.05,1406.0,5.0
Q63205,26709.0,26709.0,28120,0.05,1406.0,5.0
Q63207,26709.0,26709.0,28120,0.05,1406.0,5.0
Q63211,26709.0,26709.0,28120,0.05,1406.0,5.0
Q63227,26709.0,26709.0,28120,0.05,1406.0,5.0
Q63228,26709.0,26709.0,28120,0.05,1406.0,5.0
Q63235,26709.0,26709.0,28120,0.05,1406.0,5.0
Q63239,26709.0,26709.0,28120,0.05,1406.0,5.0
Q63240,26709.0,26709.0,28120,0.05,1406.0,5.0
Q63103,26663.0,26663.0,28070,0.05,1403.5,3.5
Q63104,26663.0,26663.0,28070,0.05,1403.5,3.5
Q63109,26663.0,26663.0,28070,0.05,1403.5,3.5
Q63142,26663.0,26663.0,28070,0.05,1403.5,3.5
Q63143,26663.0,26663.0,28070,0.05,1403.5,3.5
Q63169,26663.0,26663.0,28070,0.05,1403.5,3.5
Q63171,26663.0,26663.0,28070,0.05,1403.5,3.5
Q63184,26663.0,26663.0,28070,0.05,1403.5,3.5
Q63201,26663.0,26663.0,28070,0.05,1403.5,3.5
Q63202,26663.0,26663.0,28070,0.05,1403.5,3.5
Q63203,26663.0,26663.0,28070,0.05,1403.5,3.5
Q63209,26663.0,26663.0,28070,0.05,1403.5,3.5
Q63221,26663.0,26663.0,28070,0.05,1403.5,3.5
Q63226,26663.0,26663.0,28070,0.05,1403.5,3.5
Q63230,26663.0,26663.0,28070,0.05,1403.5,3.5
Q63232,26663.0,26663.0,28070,0.05,1403.5,3.5
Q63236,26663.0,26663.0,28070,0.05,1403.5,3.5
Q63237,26618.0,26618.0,28020,0.05,1401.0,1.0
Q63238,26618.0,26618.0,28020,0.05,1401.0,1.0
QIV-Q6-9,25025.0,25025.0,26350,0.05,1317.5,7.5
QIV-Q6-10,25025.0,25025.0,26350,0.05,1317.5,7.5
QBR-K 9038-30,23660.0,23660.0,24910,0.05,1245.5,4.5
QIV-Q4-123 BMW,20475.0,20475.0,21560,0.05,1078.0,7.0
QIV-Q4-123 MB,20475.0,20475.0,21560,0.05,1078.0,7.0
QIV-Q4-123 Audi,20475.0,20475.0,21560,0.05,1078.0,7.0
QIV-Q5-9,18200.0,18200.0,19570,0.07,1369.9,0.1
QIV-Q5-10,18200.0,18200.0,19570,0.07,1369.9,0.1
QBR-K 1138-XP,18200.0,18200.0,19570,0.07,1369.9,0.1
QIV-Q4-103 BMW,18200.0,18200.0,19570,0.07,1369.9,0.1
QIV-Q4-103 MB,18200.0,18200.0,19570,0.07,1369.9,0.1
M7Plus-10,18109.0,18109.0,19480,0.07,1363.6,7.4
10M700S,17973.0,17973.0,19330,0.07,1353.1,3.9
M6P10 4/64,17745.0,17745.0,19090,0.07,1336.3,8.7
QBR-K 1137-XP,17745.0,17745.0,19090,0.07,1336.3,8.7
QIV-Q6L-9,17745.0,17745.0,19090,0.07,1336.3,8.7
FH12664_360,17745.0,17745.0,19090,0.07,1336.3,8.7
NA_H21,16835.0,16835.0,18110,0.07,1267.7,7.3
QBR-K 8024-39,15015.0,15015.0,16150,0.07,1130.5,4.5
FH10464_360,15015.0,15015.0,16150,0.07,1130.5,4.5
10-2KM300S-360,14333.0,14333.0,15420,0.07,1079.4,7.6
NA_H20,14105.0,14105.0,15170,0.07,1061.9,3.1
QIV-Q3+_9,13878.0,13878.0,14930,0.07,1045.1,6.9
QIV-Q3+_10,13878.0,13878.0,14930,0.07,1045.1,6.9
QIV-Q2-7-BMW_E39,13650.0,13650.0,14680,0.07,1027.6,2.4
QIV-Q2-7-BMW_E53,13650.0,13650.0,14680,0.07,1027.6,2.4
Q45212,13605.0,13605.0,14630,0.07,1024.1,0.9
Q46075,13332.0,13332.0,14340,0.07,1003.8,4.2
Q46084,13332.0,13332.0,14340,0.07,1003.8,4.2
Q46081,12877.0,12877.0,13850,0.07,969.5,3.5
Q46082,12877.0,12877.0,13850,0.07,969.5,3.5
Q46246,12831.0,12831.0,13800,0.07,966.0,3.0
Q46257,12786.0,12786.0,13750,0.07,962.5,1.5
Q45248,12740.0,12740.0,13700,0.07,959.0,1.0
QBR-K 0542-39,12740.0,12740.0,13700,0.07,959.0,1.0
9M300S-FT-0Din,12740.0,12740.0,13700,0.07,959.0,1.0
10M300S-FT-0Din,12740.0,12740.0,13700,0.07,959.0,1.0
QIV-Q2-7-BMW_E46,12740.0,12740.0,13700,0.07,959.0,1.0
Q45246,12649.0,12649.0,13610,0.07,952.7,8.3
Q45247,12649.0,12649.0,13610,0.07,952.7,8.3
Q45255,12558.0,12558.0,13510,0.07,945.7,6.3
Q45256,12558.0,12558.0,13510,0.07,945.7,6.3
Q45251,12467.0,12467.0,13410,0.07,938.7,4.3
Q45159,12422.0,12422.0,13360,0.07,935.2,2.8
Q45245,12422.0,12422.0,13360,0.07,935.2,2.8
Q45244,12376.0,12376.0,13310,0.07,931.7,2.3
Q45259,12376.0,12376.0,13310,0.07,931.7,2.3
Q45261,12285.0,12285.0,13210,0.07,924.7,0.3
QIV-Q2-7-VW_TRG,12285.0,12285.0,13210,0.07,924.7,0.3
Q45243,12149.0,12149.0,13070,0.07,914.9,6.1
Q68459,12149.0,12149.0,13070,0.07,914.9,6.1
Q45192,12103.0,12103.0,13020,0.07,911.4,5.6
Q45215,12103.0,12103.0,13020,0.07,911.4,5.6
Q45216,12103.0,12103.0,13020,0.07,911.4,5.6
Q45249,12103.0,12103.0,13020,0.07,911.4,5.6
Q45250,12103.0,12103.0,13020,0.07,911.4,5.6
Q46083,12058.0,12058.0,12970,0.07,907.9,4.1
Q68460,12058.0,12058.0,12970,0.07,907.9,4.1
Q46319,12012.0,12012.0,12920,0.07,904.4,3.6
QBR-K 0629-65,11830.0,11830.0,12730,0.07,891.1,8.9
QBR-K 0630-65,11830.0,11830.0,12730,0.07,891.1,8.9
QBR-K 0628-65,11830.0,11830.0,12730,0.07,891.1,8.9
Q68461,11830.0,11830.0,12730,0.07,891.1,8.9
QIV-Q2-7-BK-Opel,11830.0,11830.0,12730,0.07,891.1,8.9
QIV-Q2-7-GR-Opel,11830.0,11830.0,12730,0.07,891.1,8.9
QIV-Q2-7-SL-Opel,11830.0,11830.0,12730,0.07,891.1,8.9
Q46452,11785.0,11785.0,12680,0.07,887.6,7.4
Q45193,11694.0,11694.0,12580,0.07,880.6,5.4
Q46394,11694.0,11694.0,12580,0.07,880.6,5.4
Q45632,11648.0,11648.0,12530,0.07,877.1,4.9
Q45188,11603.0,11603.0,12480,0.07,873.6,3.4
Q45195,11466.0,11466.0,12330,0.07,863.1,0.9
QBR-K 0610-65,11375.0,11375.0,12240,0.07,856.8,8.2
QBR-K 0611-65,11375.0,11375.0,12240,0.07,856.8,8.2
QBR-K 0612-65,11375.0,11375.0,12240,0.07,856.8,8.2
FD7S-M200S,11148.0,11148.0,11990,0.07,839.3,2.7
Q46124,11102.0,11102.0,11940,0.07,835.8,2.2
Q46391,10966.0,10966.0,11800,0.07,826.0,8.0
QBR-F 1163-18,10920.0,10920.0,11750,0.07,822.5,7.5
QBR-A 038UN,10920.0,10920.0,11750,0.07,822.5,7.5
QBR-KH 8006-39,10920.0,10920.0,11750,0.07,822.5,7.5
Q45848,10875.0,10875.0,11700,0.07,819.0,6.0
Q45849,10875.0,10875.0,11700,0.07,819.0,6.0
Q45154,10829.0,10829.0,11650,0.07,815.5,5.5
Q46332,10829.0,10829.0,11650,0.07,815.5,5.5
Q46333,10829.0,10829.0,11650,0.07,815.5,5.5
Q45183,10784.0,10784.0,11600,0.07,812.0,4.0
Q45184,10784.0,10784.0,11600,0.07,812.0,4.0
Q45185,10784.0,10784.0,11600,0.07,812.0,4.0
Q45190,10784.0,10784.0,11600,0.07,812.0,4.0
Q45204,10784.0,10784.0,11600,0.07,812.0,4.0
Q45205,10784.0,10784.0,11600,0.07,812.0,4.0
Q45828,10784.0,10784.0,11600,0.07,812.0,4.0
Q45829,10784.0,10784.0,11600,0.07,812.0,4.0
Q46330,10784.0,10784.0,11600,0.07,812.0,4.0
Q46331,10784.0,10784.0,11600,0.07,812.0,4.0
Q46392,10738.0,10738.0,11550,0.07,808.5,3.5
Q46395,10738.0,10738.0,11550,0.07,808.5,3.5
9M200S,10693.0,10693.0,11500,0.07,805.0,2.0
Q45170,10693.0,10693.0,11500,0.07,805.0,2.0
Q45191,10693.0,10693.0,11500,0.07,805.0,2.0
Q45254,10647.0,10647.0,11450,0.07,801.5,1.5
Q46043,10647.0,10647.0,11450,0.07,801.5,1.5
Q46042,10556.0,10556.0,11360,0.07,795.2,8.8
Q46125,10556.0,10556.0,11360,0.07,795.2,8.8
Q46326,10511.0,10511.0,11310,0.07,791.7,7.3
Q46328,10511.0,10511.0,11310,0.07,791.7,7.3
Q46455,10511.0,10511.0,11310,0.07,791.7,7.3
Q46106,10465.0,10465.0,11260,0.07,788.2,6.8
AFS3.0,10465.0,10465.0,11260,0.07,788.2,6.8
QBR-K 8012-67,10465.0,10465.0,11260,0.07,788.2,6.8
Q68457,10465.0,10465.0,11260,0.07,788.2,6.8
Q45164,10420.0,10420.0,11210,0.07,784.7,5.3
Q45165,10420.0,10420.0,11210,0.07,784.7,5.3
Q45181,10374.0,10374.0,11160,0.07,781.2,4.8
Q45835,10329.0,10329.0,11110,0.07,777.7,3.3
Q68468,10329.0,10329.0,11110,0.07,777.7,3.3
Q45833,10283.0,10283.0,11060,0.07,774.2,2.8
Q45840,10283.0,10283.0,11060,0.07,774.2,2.8
Q45841,10283.0,10283.0,11060,0.07,774.2,2.8
Q45838,10238.0,10238.0,11010,0.07,770.7,1.3
Q45839,10238.0,10238.0,11010,0.07,770.7,1.3
Q45142,10192.0,10192.0,10960,0.07,767.2,0.8
Q45157,10192.0,10192.0,10960,0.07,767.2,0.8
Q45161,10192.0,10192.0,10960,0.07,767.2,0.8
Q46334,10192.0,10192.0,10960,0.07,767.2,0.8
Q45160,10147.0,10147.0,10920,0.07,764.4,8.6
QIV-Q2-9,10101.0,10101.0,10870,0.07,760.9,8.1
QIV-Q2-10,10101.0,10101.0,10870,0.07,760.9,8.1
QBR-KH 8006-82,10010.0,10010.0,10770,0.07,753.9,6.1
QBR-KH 8007-82,10010.0,10010.0,10770,0.07,753.9,6.1
QBR-FH 8004-02,10010.0,10010.0,10770,0.07,753.9,6.1
Q45141,9965.0,9965.0,10720,0.07,750.4,4.6
Q45182,9965.0,9965.0,10720,0.07,750.4,4.6
Q45194,9874.0,9874.0,10620,0.07,743.4,2.6
Q45214,9874.0,9874.0,10620,0.07,743.4,2.6
Q46396,9828.0,9828.0,10570,0.07,739.9,2.1
Q46268,9737.0,9737.0,10470,0.07,732.9,0.1
Q46393,9737.0,9737.0,10470,0.07,732.9,0.1
Q45815,9692.0,9692.0,10430,0.07,730.1,7.9
Q45144,9601.0,9601.0,10330,0.07,723.1,5.9
Q45158,9601.0,9601.0,10330,0.07,723.1,5.9
Q45171,9601.0,9601.0,10330,0.07,723.1,5.9
Q46080,9601.0,9601.0,10330,0.07,723.1,5.9
QBR-A 0175,9555.0,9555.0,10280,0.07,719.6,5.4
Q46480,9464.0,9464.0,10180,0.07,712.6,3.4
Q45209,9419.0,9419.0,10130,0.07,709.1,1.9
Q46078,9419.0,9419.0,10130,0.07,709.1,1.9
Q46390,9373.0,9373.0,10080,0.07,705.6,1.4
Q68935,9373.0,9373.0,10080,0.07,705.6,1.4
Q46073,9328.0,9328.0,10040,0.07,702.8,9.2
Q46074,9328.0,9328.0,10040,0.07,702.8,9.2
Q46156,9328.0,9328.0,10040,0.07,702.8,9.2
QBR-K 1136-57,9328.0,9328.0,10040,0.07,702.8,9.2
QBR-K 7015-56,9328.0,9328.0,10040,0.07,702.8,9.2
Q45162,9146.0,9146.0,10000,0.07,700.0,154.0
Q45166,9100.0,9100.0,10000,0.07,700.0,200.0
Q45169,9100.0,9100.0,10000,0.07,700.0,200.0
Q45174,9191.0,9191.0,10000,0.07,700.0,109.0
Q45176,9055.0,9055.0,10000,0.07,700.0,245.0
Q45177,9055.0,9055.0,10000,0.07,700.0,245.0
Q45178,9055.0,9055.0,10000,0.07,700.0,245.0
Q45179,9100.0,9100.0,10000,0.07,700.0,200.0
Q45189,8873.0,8873.0,10000,0.07,700.0,427.0
Q45210,8964.0,8964.0,10000,0.07,700.0,336.0
Q45211,9191.0,9191.0,10000,0.07,700.0,109.0
Q45235,9009.0,9009.0,10000,0.07,700.0,291.0
Q45237,8873.0,8873.0,10000,0.07,700.0,427.0
Q45242,8873.0,8873.0,10000,0.07,700.0,427.0
Q45265,9009.0,9009.0,10000,0.07,700.0,291.0
Q45813,9237.0,9237.0,10000,0.07,700.0,63.0
Q45825,9146.0,9146.0,10000,0.07,700.0,154.0
Q45872,8827.0,8827.0,10000,0.07,700.0,473.0
Q45910,8873.0,8873.0,10000,0.07,700.0,427.0
Q45930,8873.0,8873.0,10000,0.07,700.0,427.0
Q45933,9009.0,9009.0,10000,0.07,700.0,291.0
Q45959,8918.0,8918.0,10000,0.07,700.0,382.0
Q46032,8873.0,8873.0,10000,0.07,700.0,427.0
Q46270,8964.0,8964.0,10000,0.07,700.0,336.0
Q46344,8827.0,8827.0,10000,0.07,700.0,473.0
Q46345,8827.0,8827.0,10000,0.07,700.0,473.0
Q46346,9191.0,9191.0,10000,0.07,700.0,109.0
Q46400,8827.0,8827.0,10000,0.07,700.0,473.0
Q46417,8918.0,8918.0,10000,0.07,700.0,382.0
Q46418,9282.0,9282.0,10000,0.07,700.0,18.0
Q46425,8918.0,8918.0,10000,0.07,700.0,382.0
Q46071,9282.0,9282.0,10000,0.07,700.0,18.0
Q46072,8964.0,8964.0,10000,0.07,700.0,336.0
Q46079,8964.0,8964.0,10000,0.07,700.0,336.0
Q46116,8827.0,8827.0,10000,0.07,700.0,473.0
Q46139,8827.0,8827.0,10000,0.07,700.0,473.0
Q46140,8873.0,8873.0,10000,0.07,700.0,427.0
Q46239,8918.0,8918.0,10000,0.07,700.0,382.0
Q46240,8827.0,8827.0,10000,0.07,700.0,473.0
Q65148,9282.0,9282.0,10000,0.07,700.0,18.0
Q65154,8827.0,8827.0,10000,0.07,700.0,473.0
Q65155,8827.0,8827.0,10000,0.07,700.0,473.0
Q65157,9282.0,9282.0,10000,0.07,700.0,18.0
QBR-K 8015-82,9100.0,9100.0,10000,0.07,700.0,200.0
QBR-K 8000-67,9100.0,9100.0,10000,0.07,700.0,200.0
Q68452,9191.0,9191.0,10000,0.07,700.0,109.0
Q68730,8827.0,8827.0,10000,0.07,700.0,473.0
QIV-Q1-7-SL-Opel,9100.0,9100.0,10000,0.07,700.0,200.0
QIV-Q1-7-BK-Opel,9100.0,9100.0,10000,0.07,700.0,200.0
QBR-KH 8001-42,9100.0,9100.0,10000,0.07,700.0,200.0
QBR-KH 0503-39,9100.0,9100.0,10000,0.07,700.0,200.0
Q45187,8782.0,8782.0,9980,0.12,1197.6,0.4
Q45234,8782.0,8782.0,9980,0.12,1197.6,0.4
Q45240,8782.0,8782.0,9980,0.12,1197.6,0.4
Q45253,8782.0,8782.0,9980,0.12,1197.6,0.4
Q45818,8782.0,8782.0,9980,0.12,1197.6,0.4
Q45880,8782.0,8782.0,9980,0.12,1197.6,0.4
Q46024,8782.0,8782.0,9980,0.12,1197.6,0.4
Q46354,8782.0,8782.0,9980,0.12,1197.6,0.4
Q46356,8782.0,8782.0,9980,0.12,1197.6,0.4
Q46085,8782.0,8782.0,9980,0.12,1197.6,0.4
Q46236,8782.0,8782.0,9980,0.12,1197.6,0.4
Q45219,8736.0,8736.0,9930,0.12,1191.6,2.4
Q45238,8736.0,8736.0,9930,0.12,1191.6,2.4
Q45816,8736.0,8736.0,9930,0.12,1191.6,2.4
Q45931,8736.0,8736.0,9930,0.12,1191.6,2.4
Q45960,8736.0,8736.0,9930,0.12,1191.6,2.4
Q46448,8736.0,8736.0,9930,0.12,1191.6,2.4
Q46498,8736.0,8736.0,9930,0.12,1191.6,2.4
Q46545,8736.0,8736.0,9930,0.12,1191.6,2.4
Q46119,8736.0,8736.0,9930,0.12,1191.6,2.4
Q46154,8736.0,8736.0,9930,0.12,1191.6,2.4
Q46161,8736.0,8736.0,9930,0.12,1191.6,2.4
Q65319,8736.0,8736.0,9930,0.12,1191.6,2.4
Q45168,8691.0,8691.0,9880,0.12,1185.6,3.4
Q45217,8691.0,8691.0,9880,0.12,1185.6,3.4
Q45223,8691.0,8691.0,9880,0.12,1185.6,3.4
Q45236,8691.0,8691.0,9880,0.12,1185.6,3.4
Q45817,8691.0,8691.0,9880,0.12,1185.6,3.4
Q45909,8691.0,8691.0,9880,0.12,1185.6,3.4
Q45997,8691.0,8691.0,9880,0.12,1185.6,3.4
Q46456,8691.0,8691.0,9880,0.12,1185.6,3.4
Q46474,8691.0,8691.0,9880,0.12,1185.6,3.4
Q46547,8691.0,8691.0,9880,0.12,1185.6,3.4
Q46057,8691.0,8691.0,9880,0.12,1185.6,3.4
Q46158,8691.0,8691.0,9880,0.12,1185.6,3.4
Q65330,8691.0,8691.0,9880,0.12,1185.6,3.4
Q45167,8645.0,8645.0,9830,0.12,1179.6,5.4
Q45198,8645.0,8645.0,9830,0.12,1179.6,5.4
Q45203,8645.0,8645.0,9830,0.12,1179.6,5.4
Q45241,8645.0,8645.0,9830,0.12,1179.6,5.4
Q45809,8645.0,8645.0,9830,0.12,1179.6,5.4
Q45873,8645.0,8645.0,9830,0.12,1179.6,5.4
Q45950,8645.0,8645.0,9830,0.12,1179.6,5.4
Q46009,8645.0,8645.0,9830,0.12,1179.6,5.4
Q46327,8645.0,8645.0,9830,0.12,1179.6,5.4
Q46373,8645.0,8645.0,9830,0.12,1179.6,5.4
Q46374,8645.0,8645.0,9830,0.12,1179.6,5.4
Q46411,8645.0,8645.0,9830,0.12,1179.6,5.4
Q46430,8645.0,8645.0,9830,0.12,1179.6,5.4
Q46493,8645.0,8645.0,9830,0.12,1179.6,5.4
Q46497,8645.0,8645.0,9830,0.12,1179.6,5.4
Q46053,8645.0,8645.0,9830,0.12,1179.6,5.4
Q46113,8645.0,8645.0,9830,0.12,1179.6,5.4
Q46146,8645.0,8645.0,9830,0.12,1179.6,5.4
Q46186,8645.0,8645.0,9830,0.12,1179.6,5.4
QBR-A 0382A_T500,8645.0,8645.0,9830,0.12,1179.6,5.4
QBR-KH 1109-49,8645.0,8645.0,9830,0.12,1179.6,5.4
Q45180,8600.0,8600.0,9780,0.12,1173.6,6.4
Q45220,8600.0,8600.0,9780,0.12,1173.6,6.4
Q45824,8600.0,8600.0,9780,0.12,1173.6,6.4
Q45963,8600.0,8600.0,9780,0.12,1173.6,6.4
Q46511,8600.0,8600.0,9780,0.12,1173.6,6.4
Q46059,8600.0,8600.0,9780,0.12,1173.6,6.4
Q68544,8600.0,8600.0,9780,0.12,1173.6,6.4
Q45218,8554.0,8554.0,9730,0.12,1167.6,8.4
Q45221,8554.0,8554.0,9730,0.12,1167.6,8.4
Q45222,8554.0,8554.0,9730,0.12,1167.6,8.4
Q45225,8554.0,8554.0,9730,0.12,1167.6,8.4
Q45850,8554.0,8554.0,9730,0.12,1167.6,8.4
Q45996,8554.0,8554.0,9730,0.12,1167.6,8.4
Q46041,8554.0,8554.0,9730,0.12,1167.6,8.4
Q46355,8554.0,8554.0,9730,0.12,1167.6,8.4
Q46410,8554.0,8554.0,9730,0.12,1167.6,8.4
Q46062,8554.0,8554.0,9730,0.12,1167.6,8.4
Q46133,8554.0,8554.0,9730,0.12,1167.6,8.4
Q46223,8554.0,8554.0,9730,0.12,1167.6,8.4
Q45206,8509.0,8509.0,9670,0.12,1160.4,0.6
Q45262,8509.0,8509.0,9670,0.12,1160.4,0.6
Q45907,8509.0,8509.0,9670,0.12,1160.4,0.6
Q45939,8509.0,8509.0,9670,0.12,1160.4,0.6
Q46248,8509.0,8509.0,9670,0.12,1160.4,0.6
Q46271,8509.0,8509.0,9670,0.12,1160.4,0.6
Q46389,8509.0,8509.0,9670,0.12,1160.4,0.6
Q46445,8509.0,8509.0,9670,0.12,1160.4,0.6
Q46450,8509.0,8509.0,9670,0.12,1160.4,0.6
Q46528,8509.0,8509.0,9670,0.12,1160.4,0.6
Q46068,8509.0,8509.0,9670,0.12,1160.4,0.6
Q46097,8509.0,8509.0,9670,0.12,1160.4,0.6
Q46122,8509.0,8509.0,9670,0.12,1160.4,0.6
Q46211,8509.0,8509.0,9670,0.12,1160.4,0.6
Q46224,8509.0,8509.0,9670,0.12,1160.4,0.6
Q45264,8463.0,8463.0,9620,0.12,1154.4,2.6
Q45937,8463.0,8463.0,9620,0.12,1154.4,2.6
Q45948,8463.0,8463.0,9620,0.12,1154.4,2.6
Q45949,8463.0,8463.0,9620,0.12,1154.4,2.6
Q45961,8463.0,8463.0,9620,0.12,1154.4,2.6
Q45962,8463.0,8463.0,9620,0.12,1154.4,2.6
Q46046,8463.0,8463.0,9620,0.12,1154.4,2.6
Q46254,8463.0,8463.0,9620,0.12,1154.4,2.6
Q46336,8463.0,8463.0,9620,0.12,1154.4,2.6
Q46416,8463.0,8463.0,9620,0.12,1154.4,2.6
Q46446,8463.0,8463.0,9620,0.12,1154.4,2.6
Q46060,8463.0,8463.0,9620,0.12,1154.4,2.6
Q46063,8463.0,8463.0,9620,0.12,1154.4,2.6
Q46066,8463.0,8463.0,9620,0.12,1154.4,2.6
Q46067,8463.0,8463.0,9620,0.12,1154.4,2.6
Q46101,8463.0,8463.0,9620,0.12,1154.4,2.6
Q46105,8463.0,8463.0,9620,0.12,1154.4,2.6
Q46126,8463.0,8463.0,9620,0.12,1154.4,2.6
Q46127,8463.0,8463.0,9620,0.12,1154.4,2.6
Q46168,8463.0,8463.0,9620,0.12,1154.4,2.6
Q46184,8463.0,8463.0,9620,0.12,1154.4,2.6
Q46204,8463.0,8463.0,9620,0.12,1154.4,2.6
Q46207,8463.0,8463.0,9620,0.12,1154.4,2.6
Q68382,8463.0,8463.0,9620,0.12,1154.4,2.6
Q45202,8418.0,8418.0,9570,0.12,1148.4,3.6
Q45806,8418.0,8418.0,9570,0.12,1148.4,3.6
Q45812,8418.0,8418.0,9570,0.12,1148.4,3.6
Q45845,8418.0,8418.0,9570,0.12,1148.4,3.6
Q46000,8418.0,8418.0,9570,0.12,1148.4,3.6
Q46034,8418.0,8418.0,9570,0.12,1148.4,3.6
Q46040,8418.0,8418.0,9570,0.12,1148.4,3.6
Q46553,8418.0,8418.0,9570,0.12,1148.4,3.6
Q46559,8418.0,8418.0,9570,0.12,1148.4,3.6
Q46567,8418.0,8418.0,9570,0.12,1148.4,3.6
Q46256,8418.0,8418.0,9570,0.12,1148.4,3.6
Q46279,8418.0,8418.0,9570,0.12,1148.4,3.6
Q46280,8418.0,8418.0,9570,0.12,1148.4,3.6
Q46284,8418.0,8418.0,9570,0.12,1148.4,3.6
Q46329,8418.0,8418.0,9570,0.12,1148.4,3.6
Q46335,8418.0,8418.0,9570,0.12,1148.4,3.6
Q46424,8418.0,8418.0,9570,0.12,1148.4,3.6
Q46502,8418.0,8418.0,9570,0.12,1148.4,3.6
Q46052,8418.0,8418.0,9570,0.12,1148.4,3.6
Q46196,8418.0,8418.0,9570,0.12,1148.4,3.6
QIV-Q1+-9_4_64,8418.0,8418.0,9570,0.12,1148.4,3.6
QIV-Q1+-10_4_64,8418.0,8418.0,9570,0.12,1148.4,3.6
Q45199,8372.0,8372.0,9520,0.12,1142.4,5.6
Q45227,8372.0,8372.0,9520,0.12,1142.4,5.6
Q45908,8372.0,8372.0,9520,0.12,1142.4,5.6
Q46025,8372.0,8372.0,9520,0.12,1142.4,5.6
Q46036,8372.0,8372.0,9520,0.12,1142.4,5.6
Q46563,8372.0,8372.0,9520,0.12,1142.4,5.6
Q46282,8372.0,8372.0,9520,0.12,1142.4,5.6
Q46325,8372.0,8372.0,9520,0.12,1142.4,5.6
Q46385,8372.0,8372.0,9520,0.12,1142.4,5.6
Q46437,8372.0,8372.0,9520,0.12,1142.4,5.6
Q46467,8372.0,8372.0,9520,0.12,1142.4,5.6
Q46488,8372.0,8372.0,9520,0.12,1142.4,5.6
Q46135,8372.0,8372.0,9520,0.12,1142.4,5.6
Q46137,8372.0,8372.0,9520,0.12,1142.4,5.6
Q46151,8372.0,8372.0,9520,0.12,1142.4,5.6
Q46198,8372.0,8372.0,9520,0.12,1142.4,5.6
Q68748,8372.0,8372.0,9520,0.12,1142.4,5.6
Q45145,8327.0,8327.0,9470,0.12,1136.4,6.6
Q45213,8327.0,8327.0,9470,0.12,1136.4,6.6
Q45901,8327.0,8327.0,9470,0.12,1136.4,6.6
Q45986,8327.0,8327.0,9470,0.12,1136.4,6.6
Q46033,8327.0,8327.0,9470,0.12,1136.4,6.6
Q46038,8327.0,8327.0,9470,0.12,1136.4,6.6
Q46412,8327.0,8327.0,9470,0.12,1136.4,6.6
Q46439,8327.0,8327.0,9470,0.12,1136.4,6.6
Q46441,8327.0,8327.0,9470,0.12,1136.4,6.6
Q46110,8327.0,8327.0,9470,0.12,1136.4,6.6
Q46138,8327.0,8327.0,9470,0.12,1136.4,6.6
Q46152,8327.0,8327.0,9470,0.12,1136.4,6.6
Q46221,8327.0,8327.0,9470,0.12,1136.4,6.6
Q64608,8327.0,8327.0,9470,0.12,1136.4,6.6
Q45173,8281.0,8281.0,9420,0.12,1130.4,8.6
Q45228,8281.0,8281.0,9420,0.12,1130.4,8.6
Q45233,8281.0,8281.0,9420,0.12,1130.4,8.6
Q45810,8281.0,8281.0,9420,0.12,1130.4,8.6
Q45821,8281.0,8281.0,9420,0.12,1130.4,8.6
Q45902,8281.0,8281.0,9420,0.12,1130.4,8.6
Q45916,8281.0,8281.0,9420,0.12,1130.4,8.6
Q45943,8281.0,8281.0,9420,0.12,1130.4,8.6
Q45951,8281.0,8281.0,9420,0.12,1130.4,8.6
Q46386,8281.0,8281.0,9420,0.12,1130.4,8.6
Q46388,8281.0,8281.0,9420,0.12,1130.4,8.6
Q46397,8281.0,8281.0,9420,0.12,1130.4,8.6
Q46408,8281.0,8281.0,9420,0.12,1130.4,8.6
Q46468,8281.0,8281.0,9420,0.12,1130.4,8.6
Q46487,8281.0,8281.0,9420,0.12,1130.4,8.6
Q46095,8281.0,8281.0,9420,0.12,1130.4,8.6
Q46096,8281.0,8281.0,9420,0.12,1130.4,8.6
Q46136,8281.0,8281.0,9420,0.12,1130.4,8.6
Q46159,8281.0,8281.0,9420,0.12,1130.4,8.6
Q46195,8281.0,8281.0,9420,0.12,1130.4,8.6
Q46222,8281.0,8281.0,9420,0.12,1130.4,8.6
Q45229,8236.0,8236.0,9360,0.12,1123.2,0.8
Q45230,8236.0,8236.0,9360,0.12,1123.2,0.8
Q45263,8236.0,8236.0,9360,0.12,1123.2,0.8
Q45846,8236.0,8236.0,9360,0.12,1123.2,0.8
Q45857,8236.0,8236.0,9360,0.12,1123.2,0.8
Q45891,8236.0,8236.0,9360,0.12,1123.2,0.8
Q45895,8236.0,8236.0,9360,0.12,1123.2,0.8
Q45954,8236.0,8236.0,9360,0.12,1123.2,0.8
Q45965,8236.0,8236.0,9360,0.12,1123.2,0.8
Q45998,8236.0,8236.0,9360,0.12,1123.2,0.8
Q46044,8236.0,8236.0,9360,0.12,1123.2,0.8
Q46045,8236.0,8236.0,9360,0.12,1123.2,0.8
Q46401,8236.0,8236.0,9360,0.12,1123.2,0.8
Q46413,8236.0,8236.0,9360,0.12,1123.2,0.8
Q46434,8236.0,8236.0,9360,0.12,1123.2,0.8
Q46454,8236.0,8236.0,9360,0.12,1123.2,0.8
Q46457,8236.0,8236.0,9360,0.12,1123.2,0.8
Q46464,8236.0,8236.0,9360,0.12,1123.2,0.8
Q46466,8236.0,8236.0,9360,0.12,1123.2,0.8
Q46490,8236.0,8236.0,9360,0.12,1123.2,0.8
Q46142,8236.0,8236.0,9360,0.12,1123.2,0.8
Q46145,8236.0,8236.0,9360,0.12,1123.2,0.8
Q46160,8236.0,8236.0,9360,0.12,1123.2,0.8
Q68441,8236.0,8236.0,9360,0.12,1123.2,0.8
Q45207,8190.0,8190.0,9310,0.12,1117.2,2.8
Q45807,8190.0,8190.0,9310,0.12,1117.2,2.8
Q45814,8190.0,8190.0,9310,0.12,1117.2,2.8
Q45836,8190.0,8190.0,9310,0.12,1117.2,2.8
Q45843,8190.0,8190.0,9310,0.12,1117.2,2.8
Q45853,8190.0,8190.0,9310,0.12,1117.2,2.8
Q45893,8190.0,8190.0,9310,0.12,1117.2,2.8
Q45918,8190.0,8190.0,9310,0.12,1117.2,2.8
Q45934,8190.0,8190.0,9310,0.12,1117.2,2.8
Q45935,8190.0,8190.0,9310,0.12,1117.2,2.8
Q45989,8190.0,8190.0,9310,0.12,1117.2,2.8
Q45999,8190.0,8190.0,9310,0.12,1117.2,2.8
Q46267,8190.0,8190.0,9310,0.12,1117.2,2.8
Q46349,8190.0,8190.0,9310,0.12,1117.2,2.8
Q46369,8190.0,8190.0,9310,0.12,1117.2,2.8
Q46378,8190.0,8190.0,9310,0.12,1117.2,2.8
Q46409,8190.0,8190.0,9310,0.12,1117.2,2.8
Q46477,8190.0,8190.0,9310,0.12,1117.2,2.8
Q46486,8190.0,8190.0,9310,0.12,1117.2,2.8
Q46087,8190.0,8190.0,9310,0.12,1117.2,2.8
Q46090,8190.0,8190.0,9310,0.12,1117.2,2.8
Q46141,8190.0,8190.0,9310,0.12,1117.2,2.8
Q46144,8190.0,8190.0,9310,0.12,1117.2,2.8
Q46173,8190.0,8190.0,9310,0.12,1117.2,2.8
QIV-Q1+_8 VW,8190.0,8190.0,9310,0.12,1117.2,2.8
Q68400,8190.0,8190.0,9310,0.12,1117.2,2.8
QBR-K 4090-56,8145.0,8145.0,9260,0.12,1111.2,3.8
Q45172,8145.0,8145.0,9260,0.12,1111.2,3.8
Q45224,8145.0,8145.0,9260,0.12,1111.2,3.8
Q45260,8145.0,8145.0,9260,0.12,1111.2,3.8
Q45808,8145.0,8145.0,9260,0.12,1111.2,3.8
Q45811,8145.0,8145.0,9260,0.12,1111.2,3.8
Q45892,8145.0,8145.0,9260,0.12,1111.2,3.8
Q45915,8145.0,8145.0,9260,0.12,1111.2,3.8
Q45924,8145.0,8145.0,9260,0.12,1111.2,3.8
Q45967,8145.0,8145.0,9260,0.12,1111.2,3.8
Q46019,8145.0,8145.0,9260,0.12,1111.2,3.8
Q46035,8145.0,8145.0,9260,0.12,1111.2,3.8
Q46037,8145.0,8145.0,9260,0.12,1111.2,3.8
Q46548,8145.0,8145.0,9260,0.12,1111.2,3.8
Q46565,8145.0,8145.0,9260,0.12,1111.2,3.8
Q46277,8145.0,8145.0,9260,0.12,1111.2,3.8
Q46337,8145.0,8145.0,9260,0.12,1111.2,3.8
Q46370,8145.0,8145.0,9260,0.12,1111.2,3.8
Q46372,8145.0,8145.0,9260,0.12,1111.2,3.8
Q46377,8145.0,8145.0,9260,0.12,1111.2,3.8
Q46076,8145.0,8145.0,9260,0.12,1111.2,3.8
Q46117,8145.0,8145.0,9260,0.12,1111.2,3.8
Q46123,8145.0,8145.0,9260,0.12,1111.2,3.8
Q46134,8145.0,8145.0,9260,0.12,1111.2,3.8
Q46157,8145.0,8145.0,9260,0.12,1111.2,3.8
Q46171,8145.0,8145.0,9260,0.12,1111.2,3.8
Q46217,8145.0,8145.0,9260,0.12,1111.2,3.8
Q46237,8145.0,8145.0,9260,0.12,1111.2,3.8
Q64615,8145.0,8145.0,9260,0.12,1111.2,3.8
Q64616,8145.0,8145.0,9260,0.12,1111.2,3.8
Q45201,8099.0,8099.0,9210,0.12,1105.2,5.8
Q45231,8099.0,8099.0,9210,0.12,1105.2,5.8
Q45258,8099.0,8099.0,9210,0.12,1105.2,5.8
Q45416,8099.0,8099.0,9210,0.12,1105.2,5.8
Q45820,8099.0,8099.0,9210,0.12,1105.2,5.8
Q45928,8099.0,8099.0,9210,0.12,1105.2,5.8
Q45938,8099.0,8099.0,9210,0.12,1105.2,5.8
Q45940,8099.0,8099.0,9210,0.12,1105.2,5.8
Q45988,8099.0,8099.0,9210,0.12,1105.2,5.8
Q46010,8099.0,8099.0,9210,0.12,1105.2,5.8
Q46020,8099.0,8099.0,9210,0.12,1105.2,5.8
Q46047,8099.0,8099.0,9210,0.12,1105.2,5.8
Q46263,8099.0,8099.0,9210,0.12,1105.2,5.8
Q46403,8099.0,8099.0,9210,0.12,1105.2,5.8
Q46420,8099.0,8099.0,9210,0.12,1105.2,5.8
Q46460,8099.0,8099.0,9210,0.12,1105.2,5.8
Q46484,8099.0,8099.0,9210,0.12,1105.2,5.8
Q46492,8099.0,8099.0,9210,0.12,1105.2,5.8
Q46061,8099.0,8099.0,9210,0.12,1105.2,5.8
Q46109,8099.0,8099.0,9210,0.12,1105.2,5.8
Q46172,8099.0,8099.0,9210,0.12,1105.2,5.8
Q46197,8099.0,8099.0,9210,0.12,1105.2,5.8
Q46200,8099.0,8099.0,9210,0.12,1105.2,5.8
Q46219,8099.0,8099.0,9210,0.12,1105.2,5.8
Q46238,8099.0,8099.0,9210,0.12,1105.2,5.8
Q46243,8099.0,8099.0,9210,0.12,1105.2,5.8
Q46247,8099.0,8099.0,9210,0.12,1105.2,5.8
Q45239,8054.0,8054.0,9160,0.12,1099.2,6.8
Q45819,8054.0,8054.0,9160,0.12,1099.2,6.8
Q45870,8054.0,8054.0,9160,0.12,1099.2,6.8
Q45936,8054.0,8054.0,9160,0.12,1099.2,6.8
Q45941,8054.0,8054.0,9160,0.12,1099.2,6.8
Q45944,8054.0,8054.0,9160,0.12,1099.2,6.8
Q46030,8054.0,8054.0,9160,0.12,1099.2,6.8
Q46039,8054.0,8054.0,9160,0.12,1099.2,6.8
Q46278,8054.0,8054.0,9160,0.12,1099.2,6.8
Q46338,8054.0,8054.0,9160,0.12,1099.2,6.8
Q46404,8054.0,8054.0,9160,0.12,1099.2,6.8
Q46458,8054.0,8054.0,9160,0.12,1099.2,6.8
Q46461,8054.0,8054.0,9160,0.12,1099.2,6.8
Q46529,8054.0,8054.0,9160,0.12,1099.2,6.8
Q46058,8054.0,8054.0,9160,0.12,1099.2,6.8
Q46099,8054.0,8054.0,9160,0.12,1099.2,6.8
Q46107,8054.0,8054.0,9160,0.12,1099.2,6.8
Q46108,8054.0,8054.0,9160,0.12,1099.2,6.8
Q46120,8054.0,8054.0,9160,0.12,1099.2,6.8
Q46174,8054.0,8054.0,9160,0.12,1099.2,6.8
Q46213,8054.0,8054.0,9160,0.12,1099.2,6.8
Q46242,8054.0,8054.0,9160,0.12,1099.2,6.8
Q64619,8054.0,8054.0,9160,0.12,1099.2,6.8
Q45196,8008.0,8008.0,9100,0.12,1092.0,0.0
Q45197,8008.0,8008.0,9100,0.12,1092.0,0.0
Q45831,8008.0,8008.0,9100,0.12,1092.0,0.0
Q45832,8008.0,8008.0,9100,0.12,1092.0,0.0
Q45866,8008.0,8008.0,9100,0.12,1092.0,0.0
Q45899,8008.0,8008.0,9100,0.12,1092.0,0.0
Q45932,8008.0,8008.0,9100,0.12,1092.0,0.0
Q45979,8008.0,8008.0,9100,0.12,1092.0,0.0
Q46549,8008.0,8008.0,9100,0.12,1092.0,0.0
Q46554,8008.0,8008.0,9100,0.12,1092.0,0.0
Q46253,8008.0,8008.0,9100,0.12,1092.0,0.0
Q46266,8008.0,8008.0,9100,0.12,1092.0,0.0
Q46342,8008.0,8008.0,9100,0.12,1092.0,0.0
Q46343,8008.0,8008.0,9100,0.12,1092.0,0.0
Q46371,8008.0,8008.0,9100,0.12,1092.0,0.0
Q46459,8008.0,8008.0,9100,0.12,1092.0,0.0
Q46485,8008.0,8008.0,9100,0.12,1092.0,0.0
Q46503,8008.0,8008.0,9100,0.12,1092.0,0.0
Q46513,8008.0,8008.0,9100,0.12,1092.0,0.0
Q46114,8008.0,8008.0,9100,0.12,1092.0,0.0
Q46115,8008.0,8008.0,9100,0.12,1092.0,0.0
Q46149,8008.0,8008.0,9100,0.12,1092.0,0.0
Q46194,8008.0,8008.0,9100,0.12,1092.0,0.0
Q64606,8008.0,8008.0,9100,0.12,1092.0,0.0
QBR-K 8021-39,7963.0,7963.0,9050,0.12,1086.0,1.0
Q45863,7963.0,7963.0,9050,0.12,1086.0,1.0
Q45865,7963.0,7963.0,9050,0.12,1086.0,1.0
Q45879,7963.0,7963.0,9050,0.12,1086.0,1.0
Q45881,7963.0,7963.0,9050,0.12,1086.0,1.0
Q45890,7963.0,7963.0,9050,0.12,1086.0,1.0
Q45894,7963.0,7963.0,9050,0.12,1086.0,1.0
Q45911,7963.0,7963.0,9050,0.12,1086.0,1.0
Q45942,7963.0,7963.0,9050,0.12,1086.0,1.0
Q45987,7963.0,7963.0,9050,0.12,1086.0,1.0
Q45990,7963.0,7963.0,9050,0.12,1086.0,1.0
Q46564,7963.0,7963.0,9050,0.12,1086.0,1.0
Q46260,7963.0,7963.0,9050,0.12,1086.0,1.0
Q46322,7963.0,7963.0,9050,0.12,1086.0,1.0
Q46366,7963.0,7963.0,9050,0.12,1086.0,1.0
Q46399,7963.0,7963.0,9050,0.12,1086.0,1.0
Q46429,7963.0,7963.0,9050,0.12,1086.0,1.0
Q46462,7963.0,7963.0,9050,0.12,1086.0,1.0
Q46469,7963.0,7963.0,9050,0.12,1086.0,1.0
Q46470,7963.0,7963.0,9050,0.12,1086.0,1.0
Q46471,7963.0,7963.0,9050,0.12,1086.0,1.0
Q46472,7963.0,7963.0,9050,0.12,1086.0,1.0
Q46504,7963.0,7963.0,9050,0.12,1086.0,1.0
Q46544,7963.0,7963.0,9050,0.12,1086.0,1.0
Q46051,7963.0,7963.0,9050,0.12,1086.0,1.0
Q46054,7963.0,7963.0,9050,0.12,1086.0,1.0
Q46088,7963.0,7963.0,9050,0.12,1086.0,1.0
Q46104,7963.0,7963.0,9050,0.12,1086.0,1.0
Q46112,7963.0,7963.0,9050,0.12,1086.0,1.0
Q46131,7963.0,7963.0,9050,0.12,1086.0,1.0
Q46132,7963.0,7963.0,9050,0.12,1086.0,1.0
Q46169,7963.0,7963.0,9050,0.12,1086.0,1.0
Q46170,7963.0,7963.0,9050,0.12,1086.0,1.0
Q46190,7963.0,7963.0,9050,0.12,1086.0,1.0
Q46208,7963.0,7963.0,9050,0.12,1086.0,1.0
Q45232,7917.0,7917.0,9000,0.12,1080.0,3.0
Q45646,7917.0,7917.0,9000,0.12,1080.0,3.0
Q45834,7917.0,7917.0,9000,0.12,1080.0,3.0
Q45864,7917.0,7917.0,9000,0.12,1080.0,3.0
Q45973,7917.0,7917.0,9000,0.12,1080.0,3.0
Q45983,7917.0,7917.0,9000,0.12,1080.0,3.0
Q45991,7917.0,7917.0,9000,0.12,1080.0,3.0
Q45993,7917.0,7917.0,9000,0.12,1080.0,3.0
Q45994,7917.0,7917.0,9000,0.12,1080.0,3.0
Q46003,7917.0,7917.0,9000,0.12,1080.0,3.0
Q46013,7917.0,7917.0,9000,0.12,1080.0,3.0
Q46021,7917.0,7917.0,9000,0.12,1080.0,3.0
Q46026,7917.0,7917.0,9000,0.12,1080.0,3.0
Q46029,7917.0,7917.0,9000,0.12,1080.0,3.0
Q46259,7917.0,7917.0,9000,0.12,1080.0,3.0
Q46341,7917.0,7917.0,9000,0.12,1080.0,3.0
Q46379,7917.0,7917.0,9000,0.12,1080.0,3.0
Q46398,7917.0,7917.0,9000,0.12,1080.0,3.0
Q46440,7917.0,7917.0,9000,0.12,1080.0,3.0
Q46442,7917.0,7917.0,9000,0.12,1080.0,3.0
Q46495,7917.0,7917.0,9000,0.12,1080.0,3.0
Q46501,7917.0,7917.0,9000,0.12,1080.0,3.0
Q46533,7917.0,7917.0,9000,0.12,1080.0,3.0
Q46086,7917.0,7917.0,9000,0.12,1080.0,3.0
Q46089,7917.0,7917.0,9000,0.12,1080.0,3.0
Q46091,7917.0,7917.0,9000,0.12,1080.0,3.0
Q46092,7917.0,7917.0,9000,0.12,1080.0,3.0
Q46121,7917.0,7917.0,9000,0.12,1080.0,3.0
Q46130,7917.0,7917.0,9000,0.12,1080.0,3.0
Q46143,7917.0,7917.0,9000,0.12,1080.0,3.0
Q46147,7917.0,7917.0,9000,0.12,1080.0,3.0
Q46166,7917.0,7917.0,9000,0.12,1080.0,3.0
Q46206,7917.0,7917.0,9000,0.12,1080.0,3.0
Q64621,7917.0,7917.0,9000,0.12,1080.0,3.0
Q45468,7872.0,7872.0,8950,0.12,1074.0,4.0
Q45627,7872.0,7872.0,8950,0.12,1074.0,4.0
Q45927,7872.0,7872.0,8950,0.12,1074.0,4.0
Q45980,7872.0,7872.0,8950,0.12,1074.0,4.0
Q45982,7872.0,7872.0,8950,0.12,1074.0,4.0
Q45985,7872.0,7872.0,8950,0.12,1074.0,4.0
Q45995,7872.0,7872.0,8950,0.12,1074.0,4.0
Q46005,7872.0,7872.0,8950,0.12,1074.0,4.0
Q46023,7872.0,7872.0,8950,0.12,1074.0,4.0
Q46028,7872.0,7872.0,8950,0.12,1074.0,4.0
Q46558,7872.0,7872.0,8950,0.12,1074.0,4.0
Q46323,7872.0,7872.0,8950,0.12,1074.0,4.0
Q46348,7872.0,7872.0,8950,0.12,1074.0,4.0
Q46361,7872.0,7872.0,8950,0.12,1074.0,4.0
Q46364,7872.0,7872.0,8950,0.12,1074.0,4.0
Q46381,7872.0,7872.0,8950,0.12,1074.0,4.0
Q46427,7872.0,7872.0,8950,0.12,1074.0,4.0
Q46443,7872.0,7872.0,8950,0.12,1074.0,4.0
Q46451,7872.0,7872.0,8950,0.12,1074.0,4.0
Q46482,7872.0,7872.0,8950,0.12,1074.0,4.0
Q46483,7872.0,7872.0,8950,0.12,1074.0,4.0
Q46507,7872.0,7872.0,8950,0.12,1074.0,4.0
Q46048,7872.0,7872.0,8950,0.12,1074.0,4.0
Q46050,7872.0,7872.0,8950,0.12,1074.0,4.0
Q46129,7872.0,7872.0,8950,0.12,1074.0,4.0
Q46165,7872.0,7872.0,8950,0.12,1074.0,4.0
Q46212,7872.0,7872.0,8950,0.12,1074.0,4.0
Q45226,7826.0,7826.0,8900,0.12,1068.0,6.0
Q45257,7826.0,7826.0,8900,0.12,1068.0,6.0
Q45307,7826.0,7826.0,8900,0.12,1068.0,6.0
Q45356,7826.0,7826.0,8900,0.12,1068.0,6.0
Q45688,7826.0,7826.0,8900,0.12,1068.0,6.0
Q45689,7826.0,7826.0,8900,0.12,1068.0,6.0
Q45854,7826.0,7826.0,8900,0.12,1068.0,6.0
Q45855,7826.0,7826.0,8900,0.12,1068.0,6.0
Q45900,7826.0,7826.0,8900,0.12,1068.0,6.0
Q45921,7826.0,7826.0,8900,0.12,1068.0,6.0
Q45925,7826.0,7826.0,8900,0.12,1068.0,6.0
Q45957,7826.0,7826.0,8900,0.12,1068.0,6.0
Q45964,7826.0,7826.0,8900,0.12,1068.0,6.0
Q45970,7826.0,7826.0,8900,0.12,1068.0,6.0
Q45972,7826.0,7826.0,8900,0.12,1068.0,6.0
Q45981,7826.0,7826.0,8900,0.12,1068.0,6.0
Q45984,7826.0,7826.0,8900,0.12,1068.0,6.0
Q46002,7826.0,7826.0,8900,0.12,1068.0,6.0
Q46006,7826.0,7826.0,8900,0.12,1068.0,6.0
Q46007,7826.0,7826.0,8900,0.12,1068.0,6.0
Q46556,7826.0,7826.0,8900,0.12,1068.0,6.0
Q46560,7826.0,7826.0,8900,0.12,1068.0,6.0
Q46566,7826.0,7826.0,8900,0.12,1068.0,6.0
Q46252,7826.0,7826.0,8900,0.12,1068.0,6.0
Q46276,7826.0,7826.0,8900,0.12,1068.0,6.0
Q46283,7826.0,7826.0,8900,0.12,1068.0,6.0
Q46287,7826.0,7826.0,8900,0.12,1068.0,6.0
Q46340,7826.0,7826.0,8900,0.12,1068.0,6.0
Q46383,7826.0,7826.0,8900,0.12,1068.0,6.0
Q46384,7826.0,7826.0,8900,0.12,1068.0,6.0
Q46415,7826.0,7826.0,8900,0.12,1068.0,6.0
Q46426,7826.0,7826.0,8900,0.12,1068.0,6.0
Q46428,7826.0,7826.0,8900,0.12,1068.0,6.0
Q46431,7826.0,7826.0,8900,0.12,1068.0,6.0
Q46444,7826.0,7826.0,8900,0.12,1068.0,6.0
Q46453,7826.0,7826.0,8900,0.12,1068.0,6.0
Q46475,7826.0,7826.0,8900,0.12,1068.0,6.0
Q46494,7826.0,7826.0,8900,0.12,1068.0,6.0
Q46499,7826.0,7826.0,8900,0.12,1068.0,6.0
Q46500,7826.0,7826.0,8900,0.12,1068.0,6.0
Q46546,7826.0,7826.0,8900,0.12,1068.0,6.0
Q46055,7826.0,7826.0,8900,0.12,1068.0,6.0
Q46056,7826.0,7826.0,8900,0.12,1068.0,6.0
Q46111,7826.0,7826.0,8900,0.12,1068.0,6.0
Q46128,7826.0,7826.0,8900,0.12,1068.0,6.0
Q46164,7826.0,7826.0,8900,0.12,1068.0,6.0
Q46175,7826.0,7826.0,8900,0.12,1068.0,6.0
Q46179,7826.0,7826.0,8900,0.12,1068.0,6.0
Q46241,7826.0,7826.0,8900,0.12,1068.0,6.0
Q64611,7826.0,7826.0,8900,0.12,1068.0,6.0
Q45822,7781.0,7781.0,8850,0.12,1062.0,7.0
Q45823,7781.0,7781.0,8850,0.12,1062.0,7.0
Q45858,7781.0,7781.0,8850,0.12,1062.0,7.0
Q45862,7781.0,7781.0,8850,0.12,1062.0,7.0
Q45867,7781.0,7781.0,8850,0.12,1062.0,7.0
Q45883,7781.0,7781.0,8850,0.12,1062.0,7.0
Q45896,7781.0,7781.0,8850,0.12,1062.0,7.0
Q45897,7781.0,7781.0,8850,0.12,1062.0,7.0
Q45903,7781.0,7781.0,8850,0.12,1062.0,7.0
Q45905,7781.0,7781.0,8850,0.12,1062.0,7.0
Q45926,7781.0,7781.0,8850,0.12,1062.0,7.0
Q45955,7781.0,7781.0,8850,0.12,1062.0,7.0
Q45958,7781.0,7781.0,8850,0.12,1062.0,7.0
Q45974,7781.0,7781.0,8850,0.12,1062.0,7.0
Q46004,7781.0,7781.0,8850,0.12,1062.0,7.0
Q46012,7781.0,7781.0,8850,0.12,1062.0,7.0
Q46022,7781.0,7781.0,8850,0.12,1062.0,7.0
Q46031,7781.0,7781.0,8850,0.12,1062.0,7.0
Q46557,7781.0,7781.0,8850,0.12,1062.0,7.0
Q46251,7781.0,7781.0,8850,0.12,1062.0,7.0
Q46273,7781.0,7781.0,8850,0.12,1062.0,7.0
Q46275,7781.0,7781.0,8850,0.12,1062.0,7.0
Q46350,7781.0,7781.0,8850,0.12,1062.0,7.0
Q46357,7781.0,7781.0,8850,0.12,1062.0,7.0
Q46358,7781.0,7781.0,8850,0.12,1062.0,7.0
Q46360,7781.0,7781.0,8850,0.12,1062.0,7.0
Q46380,7781.0,7781.0,8850,0.12,1062.0,7.0
Q46382,7781.0,7781.0,8850,0.12,1062.0,7.0
Q46402,7781.0,7781.0,8850,0.12,1062.0,7.0
Q46422,7781.0,7781.0,8850,0.12,1062.0,7.0
Q46449,7781.0,7781.0,8850,0.12,1062.0,7.0
Q46509,7781.0,7781.0,8850,0.12,1062.0,7.0
Q46534,7781.0,7781.0,8850,0.12,1062.0,7.0
Q46542,7781.0,7781.0,8850,0.12,1062.0,7.0
Q46098,7781.0,7781.0,8850,0.12,1062.0,7.0
Q46183,7781.0,7781.0,8850,0.12,1062.0,7.0
Q46187,7781.0,7781.0,8850,0.12,1062.0,7.0
Q46188,7781.0,7781.0,8850,0.12,1062.0,7.0
Q46189,7781.0,7781.0,8850,0.12,1062.0,7.0
Q46191,7781.0,7781.0,8850,0.12,1062.0,7.0
Q46205,7781.0,7781.0,8850,0.12,1062.0,7.0
Q64605,7781.0,7781.0,8850,0.12,1062.0,7.0
Q45322,7735.0,7735.0,8790,0.12,1054.8,0.2
Q45465,7735.0,7735.0,8790,0.12,1054.8,0.2
Q45626,7735.0,7735.0,8790,0.12,1054.8,0.2
Q45859,7735.0,7735.0,8790,0.12,1054.8,0.2
Q45860,7735.0,7735.0,8790,0.12,1054.8,0.2
Q45861,7735.0,7735.0,8790,0.12,1054.8,0.2
Q45869,7735.0,7735.0,8790,0.12,1054.8,0.2
Q45882,7735.0,7735.0,8790,0.12,1054.8,0.2
Q45884,7735.0,7735.0,8790,0.12,1054.8,0.2
Q45887,7735.0,7735.0,8790,0.12,1054.8,0.2
Q45889,7735.0,7735.0,8790,0.12,1054.8,0.2
Q45898,7735.0,7735.0,8790,0.12,1054.8,0.2
Q45920,7735.0,7735.0,8790,0.12,1054.8,0.2
Q45945,7735.0,7735.0,8790,0.12,1054.8,0.2
Q45952,7735.0,7735.0,8790,0.12,1054.8,0.2
Q45953,7735.0,7735.0,8790,0.12,1054.8,0.2
Q45966,7735.0,7735.0,8790,0.12,1054.8,0.2
Q45971,7735.0,7735.0,8790,0.12,1054.8,0.2
Q46008,7735.0,7735.0,8790,0.12,1054.8,0.2
Q46027,7735.0,7735.0,8790,0.12,1054.8,0.2
Q46555,7735.0,7735.0,8790,0.12,1054.8,0.2
Q46562,7735.0,7735.0,8790,0.12,1054.8,0.2
Q46571,7735.0,7735.0,8790,0.12,1054.8,0.2
Q46250,7735.0,7735.0,8790,0.12,1054.8,0.2
Q46265,7735.0,7735.0,8790,0.12,1054.8,0.2
Q46339,7735.0,7735.0,8790,0.12,1054.8,0.2
Q46351,7735.0,7735.0,8790,0.12,1054.8,0.2
Q46352,7735.0,7735.0,8790,0.12,1054.8,0.2
Q46365,7735.0,7735.0,8790,0.12,1054.8,0.2
Q46414,7735.0,7735.0,8790,0.12,1054.8,0.2
Q46421,7735.0,7735.0,8790,0.12,1054.8,0.2
Q46433,7735.0,7735.0,8790,0.12,1054.8,0.2
Q46178,7735.0,7735.0,8790,0.12,1054.8,0.2
Q46185,7735.0,7735.0,8790,0.12,1054.8,0.2
Q64603,7735.0,7735.0,8790,0.12,1054.8,0.2
Q64604,7735.0,7735.0,8790,0.12,1054.8,0.2
NA_H29,7735.0,7735.0,8790,0.12,1054.8,0.2
Q45439,7690.0,7690.0,8740,0.12,1048.8,1.2
Q45628,7690.0,7690.0,8740,0.12,1048.8,1.2
Q45794,7690.0,7690.0,8740,0.12,1048.8,1.2
Q45871,7690.0,7690.0,8740,0.12,1048.8,1.2
Q45877,7690.0,7690.0,8740,0.12,1048.8,1.2
Q45878,7690.0,7690.0,8740,0.12,1048.8,1.2
Q45886,7690.0,7690.0,8740,0.12,1048.8,1.2
Q45904,7690.0,7690.0,8740,0.12,1048.8,1.2
Q45912,7690.0,7690.0,8740,0.12,1048.8,1.2
Q45913,7690.0,7690.0,8740,0.12,1048.8,1.2
Q45914,7690.0,7690.0,8740,0.12,1048.8,1.2
Q45919,7690.0,7690.0,8740,0.12,1048.8,1.2
Q45922,7690.0,7690.0,8740,0.12,1048.8,1.2
Q45923,7690.0,7690.0,8740,0.12,1048.8,1.2
Q45977,7690.0,7690.0,8740,0.12,1048.8,1.2
Q45978,7690.0,7690.0,8740,0.12,1048.8,1.2
Q46001,7690.0,7690.0,8740,0.12,1048.8,1.2
Q46018,7690.0,7690.0,8740,0.12,1048.8,1.2
Q46561,7690.0,7690.0,8740,0.12,1048.8,1.2
Q46577,7690.0,7690.0,8740,0.12,1048.8,1.2
Q46587,7690.0,7690.0,8740,0.12,1048.8,1.2
Q46249,7690.0,7690.0,8740,0.12,1048.8,1.2
Q46264,7690.0,7690.0,8740,0.12,1048.8,1.2
Q46353,7690.0,7690.0,8740,0.12,1048.8,1.2
Q46367,7690.0,7690.0,8740,0.12,1048.8,1.2
Q46368,7690.0,7690.0,8740,0.12,1048.8,1.2
Q46387,7690.0,7690.0,8740,0.12,1048.8,1.2
Q46405,7690.0,7690.0,8740,0.12,1048.8,1.2
Q46406,7690.0,7690.0,8740,0.12,1048.8,1.2
Q46407,7690.0,7690.0,8740,0.12,1048.8,1.2
Q46432,7690.0,7690.0,8740,0.12,1048.8,1.2
Q46447,7690.0,7690.0,8740,0.12,1048.8,1.2
Q46506,7690.0,7690.0,8740,0.12,1048.8,1.2
Q46508,7690.0,7690.0,8740,0.12,1048.8,1.2
Q46530,7690.0,7690.0,8740,0.12,1048.8,1.2
Q46536,7690.0,7690.0,8740,0.12,1048.8,1.2
Q46540,7690.0,7690.0,8740,0.12,1048.8,1.2
Q46049,7690.0,7690.0,8740,0.12,1048.8,1.2
Q46065,7690.0,7690.0,8740,0.12,1048.8,1.2
Q46093,7690.0,7690.0,8740,0.12,1048.8,1.2
Q46153,7690.0,7690.0,8740,0.12,1048.8,1.2
Q46182,7690.0,7690.0,8740,0.12,1048.8,1.2
Q46192,7690.0,7690.0,8740,0.12,1048.8,1.2
Q46193,7690.0,7690.0,8740,0.12,1048.8,1.2
Q64575,7690.0,7690.0,8740,0.12,1048.8,1.2
Q64576,7690.0,7690.0,8740,0.12,1048.8,1.2
Q64609,7690.0,7690.0,8740,0.12,1048.8,1.2
Q64610,7690.0,7690.0,8740,0.12,1048.8,1.2
Q68413,7690.0,7690.0,8740,0.12,1048.8,1.2
Q68540,7690.0,7690.0,8740,0.12,1048.8,1.2
Q45616,7644.0,7644.0,8690,0.12,1042.8,3.2
Q45851,7644.0,7644.0,8690,0.12,1042.8,3.2
Q45852,7644.0,7644.0,8690,0.12,1042.8,3.2
Q45856,7644.0,7644.0,8690,0.12,1042.8,3.2
Q45868,7644.0,7644.0,8690,0.12,1042.8,3.2
Q45874,7644.0,7644.0,8690,0.12,1042.8,3.2
Q45888,7644.0,7644.0,8690,0.12,1042.8,3.2
Q45906,7644.0,7644.0,8690,0.12,1042.8,3.2
Q45946,7644.0,7644.0,8690,0.12,1042.8,3.2
Q45947,7644.0,7644.0,8690,0.12,1042.8,3.2
Q45975,7644.0,7644.0,8690,0.12,1042.8,3.2
Q45976,7644.0,7644.0,8690,0.12,1042.8,3.2
Q45992,7644.0,7644.0,8690,0.12,1042.8,3.2
Q46017,7644.0,7644.0,8690,0.12,1042.8,3.2
Q46551,7644.0,7644.0,8690,0.12,1042.8,3.2
Q46552,7644.0,7644.0,8690,0.12,1042.8,3.2
Q46262,7644.0,7644.0,8690,0.12,1042.8,3.2
Q46269,7644.0,7644.0,8690,0.12,1042.8,3.2
Q46281,7644.0,7644.0,8690,0.12,1042.8,3.2
Q46359,7644.0,7644.0,8690,0.12,1042.8,3.2
Q46362,7644.0,7644.0,8690,0.12,1042.8,3.2
Q46419,7644.0,7644.0,8690,0.12,1042.8,3.2
Q46473,7644.0,7644.0,8690,0.12,1042.8,3.2
Q46479,7644.0,7644.0,8690,0.12,1042.8,3.2
Q46532,7644.0,7644.0,8690,0.12,1042.8,3.2
Q46535,7644.0,7644.0,8690,0.12,1042.8,3.2
Q46541,7644.0,7644.0,8690,0.12,1042.8,3.2
Q46100,7644.0,7644.0,8690,0.12,1042.8,3.2
Q46162,7644.0,7644.0,8690,0.12,1042.8,3.2
Q46163,7644.0,7644.0,8690,0.12,1042.8,3.2
Q46180,7644.0,7644.0,8690,0.12,1042.8,3.2
Q46181,7644.0,7644.0,8690,0.12,1042.8,3.2
Q46232,7644.0,7644.0,8690,0.12,1042.8,3.2
Q68439,7644.0,7644.0,8690,0.12,1042.8,3.2
Q45292,7599.0,7599.0,8640,0.12,1036.8,4.2
Q45295,7599.0,7599.0,8640,0.12,1036.8,4.2
Q45440,7599.0,7599.0,8640,0.12,1036.8,4.2
Q45466,7599.0,7599.0,8640,0.12,1036.8,4.2
Q45489,7599.0,7599.0,8640,0.12,1036.8,4.2
Q45675,7599.0,7599.0,8640,0.12,1036.8,4.2
Q45742,7599.0,7599.0,8640,0.12,1036.8,4.2
Q45885,7599.0,7599.0,8640,0.12,1036.8,4.2
Q46015,7599.0,7599.0,8640,0.12,1036.8,4.2
Q46573,7599.0,7599.0,8640,0.12,1036.8,4.2
Q46581,7599.0,7599.0,8640,0.12,1036.8,4.2
Q46255,7599.0,7599.0,8640,0.12,1036.8,4.2
Q46272,7599.0,7599.0,8640,0.12,1036.8,4.2
Q46274,7599.0,7599.0,8640,0.12,1036.8,4.2
Q46291,7599.0,7599.0,8640,0.12,1036.8,4.2
Q46363,7599.0,7599.0,8640,0.12,1036.8,4.2
Q46435,7599.0,7599.0,8640,0.12,1036.8,4.2
Q46476,7599.0,7599.0,8640,0.12,1036.8,4.2
Q46478,7599.0,7599.0,8640,0.12,1036.8,4.2
Q46481,7599.0,7599.0,8640,0.12,1036.8,4.2
Q46489,7599.0,7599.0,8640,0.12,1036.8,4.2
Q46491,7599.0,7599.0,8640,0.12,1036.8,4.2
Q46496,7599.0,7599.0,8640,0.12,1036.8,4.2
Q46505,7599.0,7599.0,8640,0.12,1036.8,4.2
Q46531,7599.0,7599.0,8640,0.12,1036.8,4.2
Q46537,7599.0,7599.0,8640,0.12,1036.8,4.2
Q46538,7599.0,7599.0,8640,0.12,1036.8,4.2
Q46539,7599.0,7599.0,8640,0.12,1036.8,4.2
Q46543,7599.0,7599.0,8640,0.12,1036.8,4.2
Q46155,7599.0,7599.0,8640,0.12,1036.8,4.2
Q46228,7599.0,7599.0,8640,0.12,1036.8,4.2
Q46230,7599.0,7599.0,8640,0.12,1036.8,4.2
Q46231,7599.0,7599.0,8640,0.12,1036.8,4.2
Q65156,7599.0,7599.0,8640,0.12,1036.8,4.2
Q68414,7599.0,7599.0,8640,0.12,1036.8,4.2
Q45312,7553.0,7553.0,8590,0.12,1030.8,6.2
Q45321,7553.0,7553.0,8590,0.12,1030.8,6.2
Q45448,7553.0,7553.0,8590,0.12,1030.8,6.2
Q45491,7553.0,7553.0,8590,0.12,1030.8,6.2
Q45552,7553.0,7553.0,8590,0.12,1030.8,6.2
Q45625,7553.0,7553.0,8590,0.12,1030.8,6.2
Q45641,7553.0,7553.0,8590,0.12,1030.8,6.2
Q45703,7553.0,7553.0,8590,0.12,1030.8,6.2
Q46550,7553.0,7553.0,8590,0.12,1030.8,6.2
Q46578,7553.0,7553.0,8590,0.12,1030.8,6.2
Q46579,7553.0,7553.0,8590,0.12,1030.8,6.2
Q46600,7553.0,7553.0,8590,0.12,1030.8,6.2
Q46423,7553.0,7553.0,8590,0.12,1030.8,6.2
Q45467,7508.0,7508.0,8540,0.12,1024.8,7.2
Q45520,7508.0,7508.0,8540,0.12,1024.8,7.2
Q45528,7508.0,7508.0,8540,0.12,1024.8,7.2
Q45554,7508.0,7508.0,8540,0.12,1024.8,7.2
Q45636,7508.0,7508.0,8540,0.12,1024.8,7.2
Q45672,7508.0,7508.0,8540,0.12,1024.8,7.2
Q45701,7508.0,7508.0,8540,0.12,1024.8,7.2
Q45702,7508.0,7508.0,8540,0.12,1024.8,7.2
Q46586,7508.0,7508.0,8540,0.12,1024.8,7.2
Q46295,7508.0,7508.0,8540,0.12,1024.8,7.2
Q46314,7508.0,7508.0,8540,0.12,1024.8,7.2
Q46315,7508.0,7508.0,8540,0.12,1024.8,7.2
Q46520,7508.0,7508.0,8540,0.12,1024.8,7.2
Q46102,7508.0,7508.0,8540,0.12,1024.8,7.2
Q46103,7508.0,7508.0,8540,0.12,1024.8,7.2
QIV-Q1+-9-2_64,7508.0,7508.0,8540,0.12,1024.8,7.2
QIV-Q1+-10-2_64,7508.0,7508.0,8540,0.12,1024.8,7.2
Q45270,7462.0,7462.0,8480,0.12,1017.6,0.4
Q45308,7462.0,7462.0,8480,0.12,1017.6,0.4
Q45315,7462.0,7462.0,8480,0.12,1017.6,0.4
Q45325,7462.0,7462.0,8480,0.12,1017.6,0.4
Q45337,7462.0,7462.0,8480,0.12,1017.6,0.4
Q45339,7462.0,7462.0,8480,0.12,1017.6,0.4
Q45362,7462.0,7462.0,8480,0.12,1017.6,0.4
Q45423,7462.0,7462.0,8480,0.12,1017.6,0.4
Q45424,7462.0,7462.0,8480,0.12,1017.6,0.4
Q45432,7462.0,7462.0,8480,0.12,1017.6,0.4
Q45433,7462.0,7462.0,8480,0.12,1017.6,0.4
Q45592,7462.0,7462.0,8480,0.12,1017.6,0.4
Q45593,7462.0,7462.0,8480,0.12,1017.6,0.4
Q45615,7462.0,7462.0,8480,0.12,1017.6,0.4
Q45630,7462.0,7462.0,8480,0.12,1017.6,0.4
Q45686,7462.0,7462.0,8480,0.12,1017.6,0.4
Q45704,7462.0,7462.0,8480,0.12,1017.6,0.4
Q45751,7462.0,7462.0,8480,0.12,1017.6,0.4
Q45781,7462.0,7462.0,8480,0.12,1017.6,0.4
Q46014,7462.0,7462.0,8480,0.12,1017.6,0.4
Q46572,7462.0,7462.0,8480,0.12,1017.6,0.4
Q46580,7462.0,7462.0,8480,0.12,1017.6,0.4
Q46582,7462.0,7462.0,8480,0.12,1017.6,0.4
Q46585,7462.0,7462.0,8480,0.12,1017.6,0.4
Q46590,7462.0,7462.0,8480,0.12,1017.6,0.4
Q46286,7462.0,7462.0,8480,0.12,1017.6,0.4
Q46299,7462.0,7462.0,8480,0.12,1017.6,0.4
Q46306,7462.0,7462.0,8480,0.12,1017.6,0.4
Q46318,7462.0,7462.0,8480,0.12,1017.6,0.4
Q46527,7462.0,7462.0,8480,0.12,1017.6,0.4
Q46229,7462.0,7462.0,8480,0.12,1017.6,0.4
Q64690,7462.0,7462.0,8480,0.12,1017.6,0.4
Q45277,7417.0,7417.0,8430,0.12,1011.6,1.4
Q45350,7417.0,7417.0,8430,0.12,1011.6,1.4
Q45353,7417.0,7417.0,8430,0.12,1011.6,1.4
Q45417,7417.0,7417.0,8430,0.12,1011.6,1.4
Q45431,7417.0,7417.0,8430,0.12,1011.6,1.4
Q45435,7417.0,7417.0,8430,0.12,1011.6,1.4
Q45436,7417.0,7417.0,8430,0.12,1011.6,1.4
Q45581,7417.0,7417.0,8430,0.12,1011.6,1.4
Q45595,7417.0,7417.0,8430,0.12,1011.6,1.4
Q45635,7417.0,7417.0,8430,0.12,1011.6,1.4
Q45644,7417.0,7417.0,8430,0.12,1011.6,1.4
Q45674,7417.0,7417.0,8430,0.12,1011.6,1.4
Q45706,7417.0,7417.0,8430,0.12,1011.6,1.4
Q45716,7417.0,7417.0,8430,0.12,1011.6,1.4
Q45718,7417.0,7417.0,8430,0.12,1011.6,1.4
Q45736,7417.0,7417.0,8430,0.12,1011.6,1.4
Q45796,7417.0,7417.0,8430,0.12,1011.6,1.4
Q46016,7417.0,7417.0,8430,0.12,1011.6,1.4
Q46575,7417.0,7417.0,8430,0.12,1011.6,1.4
Q46576,7417.0,7417.0,8430,0.12,1011.6,1.4
Q46596,7417.0,7417.0,8430,0.12,1011.6,1.4
Q46597,7417.0,7417.0,8430,0.12,1011.6,1.4
Q46598,7417.0,7417.0,8430,0.12,1011.6,1.4
Q46288,7417.0,7417.0,8430,0.12,1011.6,1.4
Q46289,7417.0,7417.0,8430,0.12,1011.6,1.4
Q46302,7417.0,7417.0,8430,0.12,1011.6,1.4
Q46303,7417.0,7417.0,8430,0.12,1011.6,1.4
Q46310,7417.0,7417.0,8430,0.12,1011.6,1.4
Q46311,7417.0,7417.0,8430,0.12,1011.6,1.4
Q46312,7417.0,7417.0,8430,0.12,1011.6,1.4
Q46313,7417.0,7417.0,8430,0.12,1011.6,1.4
Q46521,7417.0,7417.0,8430,0.12,1011.6,1.4
Q46522,7417.0,7417.0,8430,0.12,1011.6,1.4
Q46234,7417.0,7417.0,8430,0.12,1011.6,1.4
Q46235,7417.0,7417.0,8430,0.12,1011.6,1.4
Q45269,7371.0,7371.0,8380,0.12,1005.6,3.4
Q45282,7371.0,7371.0,8380,0.12,1005.6,3.4
Q45288,7371.0,7371.0,8380,0.12,1005.6,3.4
Q45301,7371.0,7371.0,8380,0.12,1005.6,3.4
Q45302,7371.0,7371.0,8380,0.12,1005.6,3.4
Q45330,7371.0,7371.0,8380,0.12,1005.6,3.4
Q45333,7371.0,7371.0,8380,0.12,1005.6,3.4
Q45354,7371.0,7371.0,8380,0.12,1005.6,3.4
Q45359,7371.0,7371.0,8380,0.12,1005.6,3.4
Q45418,7371.0,7371.0,8380,0.12,1005.6,3.4
Q45529,7371.0,7371.0,8380,0.12,1005.6,3.4
Q45550,7371.0,7371.0,8380,0.12,1005.6,3.4
Q45574,7371.0,7371.0,8380,0.12,1005.6,3.4
Q45577,7371.0,7371.0,8380,0.12,1005.6,3.4
Q45596,7371.0,7371.0,8380,0.12,1005.6,3.4
Q45609,7371.0,7371.0,8380,0.12,1005.6,3.4
Q45614,7371.0,7371.0,8380,0.12,1005.6,3.4
Q45642,7371.0,7371.0,8380,0.12,1005.6,3.4
Q45645,7371.0,7371.0,8380,0.12,1005.6,3.4
Q45684,7371.0,7371.0,8380,0.12,1005.6,3.4
Q45692,7371.0,7371.0,8380,0.12,1005.6,3.4
Q45695,7371.0,7371.0,8380,0.12,1005.6,3.4
Q45724,7371.0,7371.0,8380,0.12,1005.6,3.4
Q45727,7371.0,7371.0,8380,0.12,1005.6,3.4
Q45728,7371.0,7371.0,8380,0.12,1005.6,3.4
Q45748,7371.0,7371.0,8380,0.12,1005.6,3.4
Q45764,7371.0,7371.0,8380,0.12,1005.6,3.4
Q45789,7371.0,7371.0,8380,0.12,1005.6,3.4
Q46569,7371.0,7371.0,8380,0.12,1005.6,3.4
Q46588,7371.0,7371.0,8380,0.12,1005.6,3.4
Q46589,7371.0,7371.0,8380,0.12,1005.6,3.4
Q46591,7371.0,7371.0,8380,0.12,1005.6,3.4
Q46592,7371.0,7371.0,8380,0.12,1005.6,3.4
Q46593,7371.0,7371.0,8380,0.12,1005.6,3.4
Q46594,7371.0,7371.0,8380,0.12,1005.6,3.4
Q46595,7371.0,7371.0,8380,0.12,1005.6,3.4
Q46599,7371.0,7371.0,8380,0.12,1005.6,3.4
Q46290,7371.0,7371.0,8380,0.12,1005.6,3.4
Q46292,7371.0,7371.0,8380,0.12,1005.6,3.4
Q46293,7371.0,7371.0,8380,0.12,1005.6,3.4
Q46296,7371.0,7371.0,8380,0.12,1005.6,3.4
Q46297,7371.0,7371.0,8380,0.12,1005.6,3.4
Q46298,7371.0,7371.0,8380,0.12,1005.6,3.4
Q46304,7371.0,7371.0,8380,0.12,1005.6,3.4
Q46305,7371.0,7371.0,8380,0.12,1005.6,3.4
Q46307,7371.0,7371.0,8380,0.12,1005.6,3.4
Q46316,7371.0,7371.0,8380,0.12,1005.6,3.4
Q46317,7371.0,7371.0,8380,0.12,1005.6,3.4
Q46320,7371.0,7371.0,8380,0.12,1005.6,3.4
Q46321,7371.0,7371.0,8380,0.12,1005.6,3.4
Q46519,7371.0,7371.0,8380,0.12,1005.6,3.4
Q46524,7371.0,7371.0,8380,0.12,1005.6,3.4
Q46525,7371.0,7371.0,8380,0.12,1005.6,3.4
Q46526,7371.0,7371.0,8380,0.12,1005.6,3.4
Q46233,7371.0,7371.0,8380,0.12,1005.6,3.4
Q45271,7326.0,7326.0,8330,0.12,999.6,4.4
Q45272,7326.0,7326.0,8330,0.12,999.6,4.4
Q45279,7326.0,7326.0,8330,0.12,999.6,4.4
Q45281,7326.0,7326.0,8330,0.12,999.6,4.4
Q45283,7326.0,7326.0,8330,0.12,999.6,4.4
Q45284,7326.0,7326.0,8330,0.12,999.6,4.4
Q45287,7326.0,7326.0,8330,0.12,999.6,4.4
Q45309,7326.0,7326.0,8330,0.12,999.6,4.4
Q45331,7326.0,7326.0,8330,0.12,999.6,4.4
Q45332,7326.0,7326.0,8330,0.12,999.6,4.4
Q45381,7326.0,7326.0,8330,0.12,999.6,4.4
Q45388,7326.0,7326.0,8330,0.12,999.6,4.4
Q45419,7326.0,7326.0,8330,0.12,999.6,4.4
Q45450,7326.0,7326.0,8330,0.12,999.6,4.4
Q45460,7326.0,7326.0,8330,0.12,999.6,4.4
Q45469,7326.0,7326.0,8330,0.12,999.6,4.4
Q45479,7326.0,7326.0,8330,0.12,999.6,4.4
Q45490,7326.0,7326.0,8330,0.12,999.6,4.4
Q45512,7326.0,7326.0,8330,0.12,999.6,4.4
Q45553,7326.0,7326.0,8330,0.12,999.6,4.4
Q45580,7326.0,7326.0,8330,0.12,999.6,4.4
Q45603,7326.0,7326.0,8330,0.12,999.6,4.4
Q45612,7326.0,7326.0,8330,0.12,999.6,4.4
Q45619,7326.0,7326.0,8330,0.12,999.6,4.4
Q45620,7326.0,7326.0,8330,0.12,999.6,4.4
Q45624,7326.0,7326.0,8330,0.12,999.6,4.4
Q45634,7326.0,7326.0,8330,0.12,999.6,4.4
Q45643,7326.0,7326.0,8330,0.12,999.6,4.4
Q45656,7326.0,7326.0,8330,0.12,999.6,4.4
Q45659,7326.0,7326.0,8330,0.12,999.6,4.4
Q45673,7326.0,7326.0,8330,0.12,999.6,4.4
Q45745,7326.0,7326.0,8330,0.12,999.6,4.4
Q45756,7326.0,7326.0,8330,0.12,999.6,4.4
Q45759,7326.0,7326.0,8330,0.12,999.6,4.4
Q45765,7326.0,7326.0,8330,0.12,999.6,4.4
Q45766,7326.0,7326.0,8330,0.12,999.6,4.4
Q45776,7326.0,7326.0,8330,0.12,999.6,4.4
Q46570,7326.0,7326.0,8330,0.12,999.6,4.4
Q46574,7326.0,7326.0,8330,0.12,999.6,4.4
Q46583,7326.0,7326.0,8330,0.12,999.6,4.4
Q46584,7326.0,7326.0,8330,0.12,999.6,4.4
Q46285,7326.0,7326.0,8330,0.12,999.6,4.4
Q46294,7326.0,7326.0,8330,0.12,999.6,4.4
Q46308,7326.0,7326.0,8330,0.12,999.6,4.4
Q46309,7326.0,7326.0,8330,0.12,999.6,4.4
Q46523,7326.0,7326.0,8330,0.12,999.6,4.4
Q64748,7326.0,7326.0,8330,0.12,999.6,4.4
Q45285,7280.0,7280.0,8280,0.12,993.6,6.4
Q45293,7280.0,7280.0,8280,0.12,993.6,6.4
Q45300,7280.0,7280.0,8280,0.12,993.6,6.4
Q45305,7280.0,7280.0,8280,0.12,993.6,6.4
Q45311,7280.0,7280.0,8280,0.12,993.6,6.4
Q45329,7280.0,7280.0,8280,0.12,993.6,6.4
Q45357,7280.0,7280.0,8280,0.12,993.6,6.4
Q45360,7280.0,7280.0,8280,0.12,993.6,6.4
Q45361,7280.0,7280.0,8280,0.12,993.6,6.4
Q45369,7280.0,7280.0,8280,0.12,993.6,6.4
Q45379,7280.0,7280.0,8280,0.12,993.6,6.4
Q45389,7280.0,7280.0,8280,0.12,993.6,6.4
Q45430,7280.0,7280.0,8280,0.12,993.6,6.4
Q45444,7280.0,7280.0,8280,0.12,993.6,6.4
Q45445,7280.0,7280.0,8280,0.12,993.6,6.4
Q45446,7280.0,7280.0,8280,0.12,993.6,6.4
Q45447,7280.0,7280.0,8280,0.12,993.6,6.4
Q45463,7280.0,7280.0,8280,0.12,993.6,6.4
Q45470,7280.0,7280.0,8280,0.12,993.6,6.4
Q45472,7280.0,7280.0,8280,0.12,993.6,6.4
Q45474,7280.0,7280.0,8280,0.12,993.6,6.4
Q45475,7280.0,7280.0,8280,0.12,993.6,6.4
Q45487,7280.0,7280.0,8280,0.12,993.6,6.4
Q45488,7280.0,7280.0,8280,0.12,993.6,6.4
Q45532,7280.0,7280.0,8280,0.12,993.6,6.4
Q45537,7280.0,7280.0,8280,0.12,993.6,6.4
Q45556,7280.0,7280.0,8280,0.12,993.6,6.4
Q45588,7280.0,7280.0,8280,0.12,993.6,6.4
Q45591,7280.0,7280.0,8280,0.12,993.6,6.4
Q45597,7280.0,7280.0,8280,0.12,993.6,6.4
Q45601,7280.0,7280.0,8280,0.12,993.6,6.4
Q45613,7280.0,7280.0,8280,0.12,993.6,6.4
Q45617,7280.0,7280.0,8280,0.12,993.6,6.4
Q45637,7280.0,7280.0,8280,0.12,993.6,6.4
Q45638,7280.0,7280.0,8280,0.12,993.6,6.4
Q45640,7280.0,7280.0,8280,0.12,993.6,6.4
Q45647,7280.0,7280.0,8280,0.12,993.6,6.4
Q45649,7280.0,7280.0,8280,0.12,993.6,6.4
Q45650,7280.0,7280.0,8280,0.12,993.6,6.4
Q45653,7280.0,7280.0,8280,0.12,993.6,6.4
Q45654,7280.0,7280.0,8280,0.12,993.6,6.4
Q45657,7280.0,7280.0,8280,0.12,993.6,6.4
Q45667,7280.0,7280.0,8280,0.12,993.6,6.4
Q45678,7280.0,7280.0,8280,0.12,993.6,6.4
Q45687,7280.0,7280.0,8280,0.12,993.6,6.4
Q45696,7280.0,7280.0,8280,0.12,993.6,6.4
Q45697,7280.0,7280.0,8280,0.12,993.6,6.4
Q45710,7280.0,7280.0,8280,0.12,993.6,6.4
Q45713,7280.0,7280.0,8280,0.12,993.6,6.4
Q45729,7280.0,7280.0,8280,0.12,993.6,6.4
Q45735,7280.0,7280.0,8280,0.12,993.6,6.4
Q45744,7280.0,7280.0,8280,0.12,993.6,6.4
Q45746,7280.0,7280.0,8280,0.12,993.6,6.4
Q45750,7280.0,7280.0,8280,0.12,993.6,6.4
Q45752,7280.0,7280.0,8280,0.12,993.6,6.4
Q45769,7280.0,7280.0,8280,0.12,993.6,6.4
Q45778,7280.0,7280.0,8280,0.12,993.6,6.4
Q45779,7280.0,7280.0,8280,0.12,993.6,6.4
Q45782,7280.0,7280.0,8280,0.12,993.6,6.4
Q45790,7280.0,7280.0,8280,0.12,993.6,6.4
Q45797,7280.0,7280.0,8280,0.12,993.6,6.4
QBR-KH 3823-39,7280.0,7280.0,8280,0.12,993.6,6.4
QBR-FH 0707-49,7280.0,7280.0,8280,0.12,993.6,6.4
Q45296,7235.0,7235.0,8230,0.12,987.6,7.4
Q45297,7235.0,7235.0,8230,0.12,987.6,7.4
Q45299,7235.0,7235.0,8230,0.12,987.6,7.4
Q45317,7235.0,7235.0,8230,0.12,987.6,7.4
Q45318,7235.0,7235.0,8230,0.12,987.6,7.4
Q45323,7235.0,7235.0,8230,0.12,987.6,7.4
Q45324,7235.0,7235.0,8230,0.12,987.6,7.4
Q45326,7235.0,7235.0,8230,0.12,987.6,7.4
Q45348,7235.0,7235.0,8230,0.12,987.6,7.4
Q45349,7235.0,7235.0,8230,0.12,987.6,7.4
Q45351,7235.0,7235.0,8230,0.12,987.6,7.4
Q45364,7235.0,7235.0,8230,0.12,987.6,7.4
Q45367,7235.0,7235.0,8230,0.12,987.6,7.4
Q45368,7235.0,7235.0,8230,0.12,987.6,7.4
Q45377,7235.0,7235.0,8230,0.12,987.6,7.4
Q45383,7235.0,7235.0,8230,0.12,987.6,7.4
Q45384,7235.0,7235.0,8230,0.12,987.6,7.4
Q45386,7235.0,7235.0,8230,0.12,987.6,7.4
Q45387,7235.0,7235.0,8230,0.12,987.6,7.4
Q45390,7235.0,7235.0,8230,0.12,987.6,7.4
Q45393,7235.0,7235.0,8230,0.12,987.6,7.4
Q45394,7235.0,7235.0,8230,0.12,987.6,7.4
Q45415,7235.0,7235.0,8230,0.12,987.6,7.4
Q45428,7235.0,7235.0,8230,0.12,987.6,7.4
Q45441,7235.0,7235.0,8230,0.12,987.6,7.4
Q45442,7235.0,7235.0,8230,0.12,987.6,7.4
Q45449,7235.0,7235.0,8230,0.12,987.6,7.4
Q45461,7235.0,7235.0,8230,0.12,987.6,7.4
Q45464,7235.0,7235.0,8230,0.12,987.6,7.4
Q45471,7235.0,7235.0,8230,0.12,987.6,7.4
Q45477,7235.0,7235.0,8230,0.12,987.6,7.4
Q45484,7235.0,7235.0,8230,0.12,987.6,7.4
Q45506,7235.0,7235.0,8230,0.12,987.6,7.4
Q45513,7235.0,7235.0,8230,0.12,987.6,7.4
Q45514,7235.0,7235.0,8230,0.12,987.6,7.4
Q45515,7235.0,7235.0,8230,0.12,987.6,7.4
Q45518,7235.0,7235.0,8230,0.12,987.6,7.4
Q45523,7235.0,7235.0,8230,0.12,987.6,7.4
Q45541,7235.0,7235.0,8230,0.12,987.6,7.4
Q45555,7235.0,7235.0,8230,0.12,987.6,7.4
Q45562,7235.0,7235.0,8230,0.12,987.6,7.4
Q45566,7235.0,7235.0,8230,0.12,987.6,7.4
Q45583,7235.0,7235.0,8230,0.12,987.6,7.4
Q45599,7235.0,7235.0,8230,0.12,987.6,7.4
Q45602,7235.0,7235.0,8230,0.12,987.6,7.4
Q45608,7235.0,7235.0,8230,0.12,987.6,7.4
Q45610,7235.0,7235.0,8230,0.12,987.6,7.4
Q45618,7235.0,7235.0,8230,0.12,987.6,7.4
Q45623,7235.0,7235.0,8230,0.12,987.6,7.4
Q45633,7235.0,7235.0,8230,0.12,987.6,7.4
Q45639,7235.0,7235.0,8230,0.12,987.6,7.4
Q45648,7235.0,7235.0,8230,0.12,987.6,7.4
Q45655,7235.0,7235.0,8230,0.12,987.6,7.4
Q45658,7235.0,7235.0,8230,0.12,987.6,7.4
Q45669,7235.0,7235.0,8230,0.12,987.6,7.4
Q45680,7235.0,7235.0,8230,0.12,987.6,7.4
Q45683,7235.0,7235.0,8230,0.12,987.6,7.4
Q45693,7235.0,7235.0,8230,0.12,987.6,7.4
Q45715,7235.0,7235.0,8230,0.12,987.6,7.4
Q45717,7235.0,7235.0,8230,0.12,987.6,7.4
Q45721,7235.0,7235.0,8230,0.12,987.6,7.4
Q45726,7235.0,7235.0,8230,0.12,987.6,7.4
Q45743,7235.0,7235.0,8230,0.12,987.6,7.4
Q45749,7235.0,7235.0,8230,0.12,987.6,7.4
Q45753,7235.0,7235.0,8230,0.12,987.6,7.4
Q45768,7235.0,7235.0,8230,0.12,987.6,7.4
Q45773,7235.0,7235.0,8230,0.12,987.6,7.4
Q45780,7235.0,7235.0,8230,0.12,987.6,7.4
Q45793,7235.0,7235.0,8230,0.12,987.6,7.4
Q45267,7189.0,7189.0,8170,0.12,980.4,0.6
Q45268,7189.0,7189.0,8170,0.12,980.4,0.6
Q45273,7189.0,7189.0,8170,0.12,980.4,0.6
Q45278,7189.0,7189.0,8170,0.12,980.4,0.6
Q45286,7189.0,7189.0,8170,0.12,980.4,0.6
Q45289,7189.0,7189.0,8170,0.12,980.4,0.6
Q45290,7189.0,7189.0,8170,0.12,980.4,0.6
Q45294,7189.0,7189.0,8170,0.12,980.4,0.6
Q45303,7189.0,7189.0,8170,0.12,980.4,0.6
Q45310,7189.0,7189.0,8170,0.12,980.4,0.6
Q45316,7189.0,7189.0,8170,0.12,980.4,0.6
Q45319,7189.0,7189.0,8170,0.12,980.4,0.6
Q45320,7189.0,7189.0,8170,0.12,980.4,0.6
Q45328,7189.0,7189.0,8170,0.12,980.4,0.6
Q45334,7189.0,7189.0,8170,0.12,980.4,0.6
Q45336,7189.0,7189.0,8170,0.12,980.4,0.6
Q45346,7189.0,7189.0,8170,0.12,980.4,0.6
Q45347,7189.0,7189.0,8170,0.12,980.4,0.6
Q45358,7189.0,7189.0,8170,0.12,980.4,0.6
Q45363,7189.0,7189.0,8170,0.12,980.4,0.6
Q45371,7189.0,7189.0,8170,0.12,980.4,0.6
Q45375,7189.0,7189.0,8170,0.12,980.4,0.6
Q45385,7189.0,7189.0,8170,0.12,980.4,0.6
Q45391,7189.0,7189.0,8170,0.12,980.4,0.6
Q45395,7189.0,7189.0,8170,0.12,980.4,0.6
Q45400,7189.0,7189.0,8170,0.12,980.4,0.6
Q45402,7189.0,7189.0,8170,0.12,980.4,0.6
Q45404,7189.0,7189.0,8170,0.12,980.4,0.6
Q45405,7189.0,7189.0,8170,0.12,980.4,0.6
Q45425,7189.0,7189.0,8170,0.12,980.4,0.6
Q45427,7189.0,7189.0,8170,0.12,980.4,0.6
Q45434,7189.0,7189.0,8170,0.12,980.4,0.6
Q45437,7189.0,7189.0,8170,0.12,980.4,0.6
Q45454,7189.0,7189.0,8170,0.12,980.4,0.6
Q45455,7189.0,7189.0,8170,0.12,980.4,0.6
Q45458,7189.0,7189.0,8170,0.12,980.4,0.6
Q45459,7189.0,7189.0,8170,0.12,980.4,0.6
Q45473,7189.0,7189.0,8170,0.12,980.4,0.6
Q45480,7189.0,7189.0,8170,0.12,980.4,0.6
Q45485,7189.0,7189.0,8170,0.12,980.4,0.6
Q45494,7189.0,7189.0,8170,0.12,980.4,0.6
Q45505,7189.0,7189.0,8170,0.12,980.4,0.6
Q45507,7189.0,7189.0,8170,0.12,980.4,0.6
Q45509,7189.0,7189.0,8170,0.12,980.4,0.6
Q45510,7189.0,7189.0,8170,0.12,980.4,0.6
Q45511,7189.0,7189.0,8170,0.12,980.4,0.6
Q45516,7189.0,7189.0,8170,0.12,980.4,0.6
Q45517,7189.0,7189.0,8170,0.12,980.4,0.6
Q45519,7189.0,7189.0,8170,0.12,980.4,0.6
Q45521,7189.0,7189.0,8170,0.12,980.4,0.6
Q45522,7189.0,7189.0,8170,0.12,980.4,0.6
Q45527,7189.0,7189.0,8170,0.12,980.4,0.6
Q45534,7189.0,7189.0,8170,0.12,980.4,0.6
Q45540,7189.0,7189.0,8170,0.12,980.4,0.6
Q45543,7189.0,7189.0,8170,0.12,980.4,0.6
Q45544,7189.0,7189.0,8170,0.12,980.4,0.6
Q45545,7189.0,7189.0,8170,0.12,980.4,0.6
Q45546,7189.0,7189.0,8170,0.12,980.4,0.6
Q45547,7189.0,7189.0,8170,0.12,980.4,0.6
Q45560,7189.0,7189.0,8170,0.12,980.4,0.6
Q45561,7189.0,7189.0,8170,0.12,980.4,0.6
Q45563,7189.0,7189.0,8170,0.12,980.4,0.6
Q45567,7189.0,7189.0,8170,0.12,980.4,0.6
Q45568,7189.0,7189.0,8170,0.12,980.4,0.6
Q45578,7189.0,7189.0,8170,0.12,980.4,0.6
Q45579,7189.0,7189.0,8170,0.12,980.4,0.6
Q45585,7189.0,7189.0,8170,0.12,980.4,0.6
Q45589,7189.0,7189.0,8170,0.12,980.4,0.6
Q45600,7189.0,7189.0,8170,0.12,980.4,0.6
Q45604,7189.0,7189.0,8170,0.12,980.4,0.6
Q45607,7189.0,7189.0,8170,0.12,980.4,0.6
Q45611,7189.0,7189.0,8170,0.12,980.4,0.6
Q45621,7189.0,7189.0,8170,0.12,980.4,0.6
Q45622,7189.0,7189.0,8170,0.12,980.4,0.6
Q45629,7189.0,7189.0,8170,0.12,980.4,0.6
Q45631,7189.0,7189.0,8170,0.12,980.4,0.6
Q45651,7189.0,7189.0,8170,0.12,980.4,0.6
Q45652,7189.0,7189.0,8170,0.12,980.4,0.6
Q45663,7189.0,7189.0,8170,0.12,980.4,0.6
Q45670,7189.0,7189.0,8170,0.12,980.4,0.6
Q45679,7189.0,7189.0,8170,0.12,980.4,0.6
Q45685,7189.0,7189.0,8170,0.12,980.4,0.6
Q45694,7189.0,7189.0,8170,0.12,980.4,0.6
Q45698,7189.0,7189.0,8170,0.12,980.4,0.6
Q45699,7189.0,7189.0,8170,0.12,980.4,0.6
Q45700,7189.0,7189.0,8170,0.12,980.4,0.6
Q45705,7189.0,7189.0,8170,0.12,980.4,0.6
Q45707,7189.0,7189.0,8170,0.12,980.4,0.6
Q45708,7189.0,7189.0,8170,0.12,980.4,0.6
Q45709,7189.0,7189.0,8170,0.12,980.4,0.6
Q45711,7189.0,7189.0,8170,0.12,980.4,0.6
Q45714,7189.0,7189.0,8170,0.12,980.4,0.6
Q45719,7189.0,7189.0,8170,0.12,980.4,0.6
Q45720,7189.0,7189.0,8170,0.12,980.4,0.6
Q45722,7189.0,7189.0,8170,0.12,980.4,0.6
Q45723,7189.0,7189.0,8170,0.12,980.4,0.6
Q45725,7189.0,7189.0,8170,0.12,980.4,0.6
Q45755,7189.0,7189.0,8170,0.12,980.4,0.6
Q45760,7189.0,7189.0,8170,0.12,980.4,0.6
Q45772,7189.0,7189.0,8170,0.12,980.4,0.6
Q45775,7189.0,7189.0,8170,0.12,980.4,0.6
Q45784,7189.0,7189.0,8170,0.12,980.4,0.6
Q45791,7189.0,7189.0,8170,0.12,980.4,0.6
Q45792,7189.0,7189.0,8170,0.12,980.4,0.6
Q68317,7189.0,7189.0,8170,0.12,980.4,0.6
Q45276,7144.0,7144.0,8120,0.12,974.4,1.6
Q45291,7144.0,7144.0,8120,0.12,974.4,1.6
Q45298,7144.0,7144.0,8120,0.12,974.4,1.6
Q45304,7144.0,7144.0,8120,0.12,974.4,1.6
Q45306,7144.0,7144.0,8120,0.12,974.4,1.6
Q45335,7144.0,7144.0,8120,0.12,974.4,1.6
Q45344,7144.0,7144.0,8120,0.12,974.4,1.6
Q45345,7144.0,7144.0,8120,0.12,974.4,1.6
Q45365,7144.0,7144.0,8120,0.12,974.4,1.6
Q45366,7144.0,7144.0,8120,0.12,974.4,1.6
Q45370,7144.0,7144.0,8120,0.12,974.4,1.6
Q45376,7144.0,7144.0,8120,0.12,974.4,1.6
Q45378,7144.0,7144.0,8120,0.12,974.4,1.6
Q45382,7144.0,7144.0,8120,0.12,974.4,1.6
Q45398,7144.0,7144.0,8120,0.12,974.4,1.6
Q45399,7144.0,7144.0,8120,0.12,974.4,1.6
Q45406,7144.0,7144.0,8120,0.12,974.4,1.6
Q45410,7144.0,7144.0,8120,0.12,974.4,1.6
Q45411,7144.0,7144.0,8120,0.12,974.4,1.6
Q45413,7144.0,7144.0,8120,0.12,974.4,1.6
Q45414,7144.0,7144.0,8120,0.12,974.4,1.6
Q45420,7144.0,7144.0,8120,0.12,974.4,1.6
Q45422,7144.0,7144.0,8120,0.12,974.4,1.6
Q45429,7144.0,7144.0,8120,0.12,974.4,1.6
Q45438,7144.0,7144.0,8120,0.12,974.4,1.6
Q45443,7144.0,7144.0,8120,0.12,974.4,1.6
Q45453,7144.0,7144.0,8120,0.12,974.4,1.6
Q45456,7144.0,7144.0,8120,0.12,974.4,1.6
Q45457,7144.0,7144.0,8120,0.12,974.4,1.6
Q45462,7144.0,7144.0,8120,0.12,974.4,1.6
Q45486,7144.0,7144.0,8120,0.12,974.4,1.6
Q45493,7144.0,7144.0,8120,0.12,974.4,1.6
Q45495,7144.0,7144.0,8120,0.12,974.4,1.6
Q45496,7144.0,7144.0,8120,0.12,974.4,1.6
Q45497,7144.0,7144.0,8120,0.12,974.4,1.6
Q45500,7144.0,7144.0,8120,0.12,974.4,1.6
Q45501,7144.0,7144.0,8120,0.12,974.4,1.6
Q45503,7144.0,7144.0,8120,0.12,974.4,1.6
Q45508,7144.0,7144.0,8120,0.12,974.4,1.6
Q45530,7144.0,7144.0,8120,0.12,974.4,1.6
Q45531,7144.0,7144.0,8120,0.12,974.4,1.6
Q45533,7144.0,7144.0,8120,0.12,974.4,1.6
Q45538,7144.0,7144.0,8120,0.12,974.4,1.6
Q45542,7144.0,7144.0,8120,0.12,974.4,1.6
Q45548,7144.0,7144.0,8120,0.12,974.4,1.6
Q45557,7144.0,7144.0,8120,0.12,974.4,1.6
Q45559,7144.0,7144.0,8120,0.12,974.4,1.6
Q45565,7144.0,7144.0,8120,0.12,974.4,1.6
Q45569,7144.0,7144.0,8120,0.12,974.4,1.6
Q45570,7144.0,7144.0,8120,0.12,974.4,1.6
Q45573,7144.0,7144.0,8120,0.12,974.4,1.6
Q45575,7144.0,7144.0,8120,0.12,974.4,1.6
Q45582,7144.0,7144.0,8120,0.12,974.4,1.6
Q45584,7144.0,7144.0,8120,0.12,974.4,1.6
Q45586,7144.0,7144.0,8120,0.12,974.4,1.6
Q45590,7144.0,7144.0,8120,0.12,974.4,1.6
Q45594,7144.0,7144.0,8120,0.12,974.4,1.6
Q45605,7144.0,7144.0,8120,0.12,974.4,1.6
Q45660,7144.0,7144.0,8120,0.12,974.4,1.6
Q45661,7144.0,7144.0,8120,0.12,974.4,1.6
Q45668,7144.0,7144.0,8120,0.12,974.4,1.6
Q45671,7144.0,7144.0,8120,0.12,974.4,1.6
Q45676,7144.0,7144.0,8120,0.12,974.4,1.6
Q45677,7144.0,7144.0,8120,0.12,974.4,1.6
Q45681,7144.0,7144.0,8120,0.12,974.4,1.6
Q45690,7144.0,7144.0,8120,0.12,974.4,1.6
Q45712,7144.0,7144.0,8120,0.12,974.4,1.6
Q45730,7144.0,7144.0,8120,0.12,974.4,1.6
Q45731,7144.0,7144.0,8120,0.12,974.4,1.6
Q45732,7144.0,7144.0,8120,0.12,974.4,1.6
Q45747,7144.0,7144.0,8120,0.12,974.4,1.6
Q45754,7144.0,7144.0,8120,0.12,974.4,1.6
Q45757,7144.0,7144.0,8120,0.12,974.4,1.6
Q45761,7144.0,7144.0,8120,0.12,974.4,1.6
Q45762,7144.0,7144.0,8120,0.12,974.4,1.6
Q45767,7144.0,7144.0,8120,0.12,974.4,1.6
Q45770,7144.0,7144.0,8120,0.12,974.4,1.6
Q45783,7144.0,7144.0,8120,0.12,974.4,1.6
Q45786,7144.0,7144.0,8120,0.12,974.4,1.6
Q45795,7144.0,7144.0,8120,0.12,974.4,1.6
Q68731,7144.0,7144.0,8120,0.12,974.4,1.6
Q45274,7098.0,7098.0,8070,0.12,968.4,3.6
Q45275,7098.0,7098.0,8070,0.12,968.4,3.6
Q45280,7098.0,7098.0,8070,0.12,968.4,3.6
Q45313,7098.0,7098.0,8070,0.12,968.4,3.6
Q45314,7098.0,7098.0,8070,0.12,968.4,3.6
Q45340,7098.0,7098.0,8070,0.12,968.4,3.6
Q45342,7098.0,7098.0,8070,0.12,968.4,3.6
Q45355,7098.0,7098.0,8070,0.12,968.4,3.6
Q45372,7098.0,7098.0,8070,0.12,968.4,3.6
Q45373,7098.0,7098.0,8070,0.12,968.4,3.6
Q45374,7098.0,7098.0,8070,0.12,968.4,3.6
Q45380,7098.0,7098.0,8070,0.12,968.4,3.6
Q45392,7098.0,7098.0,8070,0.12,968.4,3.6
Q45397,7098.0,7098.0,8070,0.12,968.4,3.6
Q45401,7098.0,7098.0,8070,0.12,968.4,3.6
Q45403,7098.0,7098.0,8070,0.12,968.4,3.6
Q45407,7098.0,7098.0,8070,0.12,968.4,3.6
Q45421,7098.0,7098.0,8070,0.12,968.4,3.6
Q45426,7098.0,7098.0,8070,0.12,968.4,3.6
Q45452,7098.0,7098.0,8070,0.12,968.4,3.6
Q45478,7098.0,7098.0,8070,0.12,968.4,3.6
Q45481,7098.0,7098.0,8070,0.12,968.4,3.6
Q45482,7098.0,7098.0,8070,0.12,968.4,3.6
Q45483,7098.0,7098.0,8070,0.12,968.4,3.6
Q45502,7098.0,7098.0,8070,0.12,968.4,3.6
Q45504,7098.0,7098.0,8070,0.12,968.4,3.6
Q45524,7098.0,7098.0,8070,0.12,968.4,3.6
Q45525,7098.0,7098.0,8070,0.12,968.4,3.6
Q45526,7098.0,7098.0,8070,0.12,968.4,3.6
Q45535,7098.0,7098.0,8070,0.12,968.4,3.6
Q45536,7098.0,7098.0,8070,0.12,968.4,3.6
Q45549,7098.0,7098.0,8070,0.12,968.4,3.6
Q45551,7098.0,7098.0,8070,0.12,968.4,3.6
Q45558,7098.0,7098.0,8070,0.12,968.4,3.6
Q45571,7098.0,7098.0,8070,0.12,968.4,3.6
Q45576,7098.0,7098.0,8070,0.12,968.4,3.6
Q45665,7098.0,7098.0,8070,0.12,968.4,3.6
Q45691,7098.0,7098.0,8070,0.12,968.4,3.6
Q45734,7098.0,7098.0,8070,0.12,968.4,3.6
Q45737,7098.0,7098.0,8070,0.12,968.4,3.6
Q45739,7098.0,7098.0,8070,0.12,968.4,3.6
Q45740,7098.0,7098.0,8070,0.12,968.4,3.6
Q45741,7098.0,7098.0,8070,0.12,968.4,3.6
Q45763,7098.0,7098.0,8070,0.12,968.4,3.6
Q45774,7098.0,7098.0,8070,0.12,968.4,3.6
Q45777,7098.0,7098.0,8070,0.12,968.4,3.6
Q45787,7098.0,7098.0,8070,0.12,968.4,3.6
Q45798,7098.0,7098.0,8070,0.12,968.4,3.6
Q45800,7098.0,7098.0,8070,0.12,968.4,3.6
Q45801,7098.0,7098.0,8070,0.12,968.4,3.6
Q45802,7098.0,7098.0,8070,0.12,968.4,3.6
Q45408,7053.0,7053.0,8020,0.12,962.4,4.6
Q45409,7053.0,7053.0,8020,0.12,962.4,4.6
Q45498,7053.0,7053.0,8020,0.12,962.4,4.6
Q45499,7053.0,7053.0,8020,0.12,962.4,4.6
Q45539,7053.0,7053.0,8020,0.12,962.4,4.6
Q45572,7053.0,7053.0,8020,0.12,962.4,4.6
Q45598,7053.0,7053.0,8020,0.12,962.4,4.6
Q45733,7053.0,7053.0,8020,0.12,962.4,4.6
Q45738,7053.0,7053.0,8020,0.12,962.4,4.6
Q45758,7053.0,7053.0,8020,0.12,962.4,4.6
Q45771,7053.0,7053.0,8020,0.12,962.4,4.6
Q45785,7053.0,7053.0,8020,0.12,962.4,4.6
Q45788,7053.0,7053.0,8020,0.12,962.4,4.6
Q45799,7053.0,7053.0,8020,0.12,962.4,4.6
Q45803,7053.0,7053.0,8020,0.12,962.4,4.6
QBR-K 0553-39,7053.0,7053.0,8020,0.12,962.4,4.6
QBR-K 0549-39,7053.0,7053.0,8020,0.12,962.4,4.6
QBR-K 6327-82,7053.0,7053.0,8020,0.12,962.4,4.6
QBR-KH 3822-39,7053.0,7053.0,8020,0.12,962.4,4.6
Q45804,7007.0,7007.0,7970,0.12,956.4,6.6
QBR-K 3823-39,6962.0,6962.0,7920,0.12,950.4,7.6
Q65623,6962.0,6962.0,7920,0.12,950.4,7.6
Q68751,6871.0,6871.0,7810,0.12,937.2,1.8
QBR-K 8023-39,6825.0,6825.0,7760,0.12,931.2,3.8
QIV-Q1+-9,6825.0,6825.0,7760,0.12,931.2,3.8
QIV-Q1+-10,6825.0,6825.0,7760,0.12,931.2,3.8
QBR-K 0534-39,6825.0,6825.0,7760,0.12,931.2,3.8
QBR-KH 0410-83,6825.0,6825.0,7760,0.12,931.2,3.8
QBR-KH 0411-83,6825.0,6825.0,7760,0.12,931.2,3.8
QIV-Q1+-7-UNI,6825.0,6825.0,7760,0.12,931.2,3.8
QBR-KH 3216-12,6825.0,6825.0,7760,0.12,931.2,3.8
QBR-KH 3217-12,6825.0,6825.0,7760,0.12,931.2,3.8
QBR-FH 0710-49,6825.0,6825.0,7760,0.12,931.2,3.8
QBR-K 7015-67,6643.0,6643.0,7550,0.12,906.0,1.0
QBR-A 4107,6598.0,6598.0,7500,0.12,900.0,2.0
QBR-A 4000,6598.0,6598.0,7500,0.12,900.0,2.0
QBR-FH 3301-68,6598.0,6598.0,7500,0.12,900.0,2.0
QBR-KH 3214-12,6598.0,6598.0,7500,0.12,900.0,2.0
QBR-FH 2610-68,6598.0,6598.0,7500,0.12,900.0,2.0
Q64687,6461.0,6461.0,7350,0.12,882.0,7.0
FL9 6K,6825.0,6825.0,7340,0.07,513.8,1.2
FL9+ 3K,6825.0,6825.0,7340,0.07,513.8,1.2
Q65197,6416.0,6416.0,7300,0.12,876.0,8.0
FL9 3K,6370.0,6370.0,7240,0.12,868.8,1.2
QBR-K 0535-39,6370.0,6370.0,7240,0.12,868.8,1.2
QBR-K 9044-30,6370.0,6370.0,7240,0.12,868.8,1.2
QBR-FH 6101-68,6370.0,6370.0,7240,0.12,868.8,1.2
QBR-FH 0709-49,6370.0,6370.0,7240,0.12,868.8,1.2
QBR-FH 0448-68,6370.0,6370.0,7240,0.12,868.8,1.2
QBR-FH 2304-68,6370.0,6370.0,7240,0.12,868.8,1.2
QBR-FH 0454-68,6370.0,6370.0,7240,0.12,868.8,1.2
QBR-FH 0454-68A,6370.0,6370.0,7240,0.12,868.8,1.2
QBR-K 8000-75,6234.0,6234.0,7090,0.12,850.8,5.2
Q68666,6188.0,6188.0,7040,0.12,844.8,7.2
Q68667,6188.0,6188.0,7040,0.12,844.8,7.2
LX0609,6143.0,6143.0,6990,0.12,838.8,8.2
Q64628,6143.0,6143.0,6990,0.12,838.8,8.2
Q64629,6143.0,6143.0,6990,0.12,838.8,8.2
Q64688,6143.0,6143.0,6990,0.12,838.8,8.2
Q64691,6143.0,6143.0,6990,0.12,838.8,8.2
QBR-FH 3910-01,6143.0,6143.0,6990,0.12,838.8,8.2
Q68672,6143.0,6143.0,6990,0.12,838.8,8.2
Q68673,6143.0,6143.0,6990,0.12,838.8,8.2
QBR-A 0376A,6143.0,6143.0,6990,0.12,838.8,8.2
QBR-K 9005-83,6143.0,6143.0,6990,0.12,838.8,8.2
QBR-FH 0708-68,6143.0,6143.0,6990,0.12,838.8,8.2
QBR-FH 0606-68,6143.0,6143.0,6990,0.12,838.8,8.2
QBR-FH 2305-68,6143.0,6143.0,6990,0.12,838.8,8.2
QBR-FH 2306-68,6143.0,6143.0,6990,0.12,838.8,8.2
QBR-FH 0453-68,6143.0,6143.0,6990,0.12,838.8,8.2
Q64626,6097.0,6097.0,6930,0.12,831.6,1.4
Q64627,6097.0,6097.0,6930,0.12,831.6,1.4
Q64901,6097.0,6097.0,6930,0.12,831.6,1.4
Q64902,6097.0,6097.0,6930,0.12,831.6,1.4
Q64614,6052.0,6052.0,6880,0.12,825.6,2.4
QBR-K 8010-75,6006.0,6006.0,6830,0.12,819.6,4.4
Q64921,6006.0,6006.0,6830,0.12,819.6,4.4
Q64922,6006.0,6006.0,6830,0.12,819.6,4.4
TY0587,5915.0,5915.0,6730,0.12,807.6,7.4
QBR-A 4060A,5915.0,5915.0,6730,0.12,807.6,7.4
QBR-K 04119-68,5915.0,5915.0,6730,0.12,807.6,7.4
Q68743,5915.0,5915.0,6730,0.12,807.6,7.4
QBR-A 0383A,5915.0,5915.0,6730,0.12,807.6,7.4
QBR-A 0384A,5915.0,5915.0,6730,0.12,807.6,7.4
QBR-A 0379A,5915.0,5915.0,6730,0.12,807.6,7.4
QBR-FH 3303-68,5915.0,5915.0,6730,0.12,807.6,7.4
QBR-FH 3304-68,5915.0,5915.0,6730,0.12,807.6,7.4
QBR-FH 3916-68,5915.0,5915.0,6730,0.12,807.6,7.4
QBR-FH 0505-83,5915.0,5915.0,6730,0.12,807.6,7.4
QBR-FH 0105-68,5915.0,5915.0,6730,0.12,807.6,7.4
QBR-FH 0447-68,5915.0,5915.0,6730,0.12,807.6,7.4
QBR-FH 0452-68,5915.0,5915.0,6730,0.12,807.6,7.4
Q65198,5870.0,5870.0,6680,0.12,801.6,8.4
Q65399,5870.0,5870.0,6680,0.12,801.6,8.4
Q65401,5870.0,5870.0,6680,0.12,801.6,8.4
Q64751,5824.0,5824.0,6620,0.12,794.4,1.6
Q G8 (під VW),5824.0,5824.0,6620,0.12,794.4,1.6
Q68223,5824.0,5824.0,6620,0.12,794.4,1.6
Q68453,5824.0,5824.0,6620,0.12,794.4,1.6
Q68703,5824.0,5824.0,6620,0.12,794.4,1.6
Q65116,5779.0,5779.0,6570,0.12,788.4,2.6
Q65179,5779.0,5779.0,6570,0.12,788.4,2.6
Q68738,5779.0,5779.0,6570,0.12,788.4,2.6
Q68741,5779.0,5779.0,6570,0.12,788.4,2.6
Q68744,5779.0,5779.0,6570,0.12,788.4,2.6
Q68745,5779.0,5779.0,6570,0.12,788.4,2.6
Q68746,5779.0,5779.0,6570,0.12,788.4,2.6
Q68747,5779.0,5779.0,6570,0.12,788.4,2.6
Q68750,5779.0,5779.0,6570,0.12,788.4,2.6
Q68686,5733.0,5733.0,6520,0.12,782.4,4.6
Q65115,5688.0,5688.0,6470,0.12,776.4,5.6
Q G6 (під VW),5642.0,5642.0,6420,0.12,770.4,7.6
Q G7 (під VW),5642.0,5642.0,6420,0.12,770.4,7.6
Q B8 (під VW),5642.0,5642.0,6420,0.12,770.4,7.6
Q68839,5551.0,5551.0,6310,0.12,757.2,1.8
Q64908,5460.0,5460.0,6210,0.12,745.2,4.8
QBR-FH 0408-68,5460.0,5460.0,6210,0.12,745.2,4.8
QBR-FH 0416-68A,5460.0,5460.0,6210,0.12,745.2,4.8
Q64906,5415.0,5415.0,6160,0.12,739.2,5.8
Q64913,5415.0,5415.0,6160,0.12,739.2,5.8
Q64914,5415.0,5415.0,6160,0.12,739.2,5.8
Q68220,5415.0,5415.0,6160,0.12,739.2,5.8
Q68676,5415.0,5415.0,6160,0.12,739.2,5.8
QCVBU 4089 MB 05,5369.0,5369.0,6110,0.12,733.2,7.8
QBR-K 4114-39,5369.0,5369.0,6110,0.12,733.2,7.8
Q64911,5369.0,5369.0,6110,0.12,733.2,7.8
Q64912,5369.0,5369.0,6110,0.12,733.2,7.8
Q68695,5369.0,5369.0,6110,0.12,733.2,7.8
QBR-K 0545-39,5324.0,5324.0,6050,0.12,726.0,0.0
QBR-K 0546-39,5324.0,5324.0,6050,0.12,726.0,0.0
QBR-K 0548-39,5324.0,5324.0,6050,0.12,726.0,0.0
QBR-K 3907-82,5324.0,5324.0,6050,0.12,726.0,0.0
QBR-K 3913-82,5324.0,5324.0,6050,0.12,726.0,0.0
QBR-K 8018-39,5324.0,5324.0,6050,0.12,726.0,0.0
Q64630,5324.0,5324.0,6050,0.12,726.0,0.0
Q68474,5324.0,5324.0,6050,0.12,726.0,0.0
Q68678,5324.0,5324.0,6050,0.12,726.0,0.0
Q68705,5324.0,5324.0,6050,0.12,726.0,0.0
QCVBU 4089 FD 02,5278.0,5278.0,6000,0.12,720.0,2.0
QBR-K 7012-56,5233.0,5233.0,6000,0.12,720.0,47.0
QBR-K 0551-39,4914.0,4914.0,6000,0.12,720.0,366.0
QBR-K 2319-65,5233.0,5233.0,6000,0.12,720.0,47.0
QBR-K 6619-39,4960.0,4960.0,6000,0.12,720.0,320.0
QBR-K 6620-39,4960.0,4960.0,6000,0.12,720.0,320.0
QBR-K 8016-75,5233.0,5233.0,6000,0.12,720.0,47.0
QBR-A 4060,5005.0,5005.0,6000,0.12,720.0,275.0
QBR-A 4111,5005.0,5005.0,6000,0.12,720.0,275.0
QBR-A 4157,5005.0,5005.0,6000,0.12,720.0,275.0
Q64692,4914.0,4914.0,6000,0.12,720.0,366.0
JP2353,5005.0,5005.0,6000,0.12,720.0,275.0
QBR-K 1115-36,5005.0,5005.0,6000,0.12,720.0,275.0
QBR-K 8008-68,5005.0,5005.0,6000,0.12,720.0,275.0
QBR-K 0622-68,5005.0,5005.0,6000,0.12,720.0,275.0
QBR-K 0623-68,5005.0,5005.0,6000,0.12,720.0,275.0
QBR-K 9045-30,5005.0,5005.0,6000,0.12,720.0,275.0
QBR-K 1125-65A,5096.0,5096.0,6000,0.12,720.0,184.0
Q68609,4914.0,4914.0,6000,0.12,720.0,366.0
Q68680,5278.0,5278.0,6000,0.12,720.0,2.0
Q68682,5278.0,5278.0,6000,0.12,720.0,2.0
Q68684,5278.0,5278.0,6000,0.12,720.0,2.0
Q68687,5278.0,5278.0,6000,0.12,720.0,2.0
Q68689,5278.0,5278.0,6000,0.12,720.0,2.0
Q68691,5278.0,5278.0,6000,0.12,720.0,2.0
Q68693,5278.0,5278.0,6000,0.12,720.0,2.0
Q68697,5278.0,5278.0,6000,0.12,720.0,2.0
Q68699,5278.0,5278.0,6000,0.12,720.0,2.0
Q68701,5278.0,5278.0,6000,0.12,720.0,2.0
QBR-KH 1102-49,5233.0,5233.0,6000,0.12,720.0,47.0
QBR-FH 1104-02,5233.0,5233.0,6000,0.12,720.0,47.0
QIV-Q1-9-2_64,5005.0,5005.0,6000,0.12,720.0,275.0
QIV-Q1-10-2_64,5005.0,5005.0,6000,0.12,720.0,275.0
QBR-FH 0321-68,5233.0,5233.0,6000,0.12,720.0,47.0
QBR-FH 0418-68A,5233.0,5233.0,6000,0.12,720.0,47.0
E7,5551.0,5551.0,5970,0.07,417.9,1.1
Q64421,4869.0,4869.0,5940,0.18,1069.2,1.8
Q64689,4869.0,4869.0,5940,0.18,1069.2,1.8
QBR-K 0374-37,4778.0,4778.0,5830,0.18,1049.4,2.6
QBR-KH 1110-68,4778.0,4778.0,5830,0.18,1049.4,2.6
QBR-K 1146-65,4732.0,4732.0,5780,0.18,1040.4,7.6
QBR-K 3818-39,4732.0,4732.0,5780,0.18,1040.4,7.6
QBR-K 3820-39,4732.0,4732.0,5780,0.18,1040.4,7.6
QBR-A 4115,4732.0,4732.0,5780,0.18,1040.4,7.6
QBR-K 3817-39,4687.0,4687.0,5720,0.18,1029.6,3.4
Q68465,4687.0,4687.0,5720,0.18,1029.6,3.4
Q65341,4596.0,4596.0,5610,0.18,1009.8,4.2
QIV-Q1-9-PremPack,4550.0,4550.0,5550,0.18,999.0,1.0
QIV-Q1-10-PremPack,4550.0,4550.0,5550,0.18,999.0,1.0
Q65153,4550.0,4550.0,5550,0.18,999.0,1.0
QBR-F 5001-68,4550.0,4550.0,5550,0.18,999.0,1.0
QBR-K 0777-39,4550.0,4550.0,5550,0.18,999.0,1.0
QBR-F 8010-68,4550.0,4550.0,5550,0.18,999.0,1.0
Q68838,4550.0,4550.0,5550,0.18,999.0,1.0
QBR-K 0536-39,4505.0,4505.0,5500,0.18,990.0,5.0
QBR-K 1035-26,4505.0,4505.0,5500,0.18,990.0,5.0
LX0608,4505.0,4505.0,5500,0.18,990.0,5.0
Q64686,4459.0,4459.0,5440,0.18,979.2,1.8
QBR-K 0165-65,4414.0,4414.0,5390,0.18,970.2,5.8
QBR-K 7013-68,4414.0,4414.0,5390,0.18,970.2,5.8
Q64419,4414.0,4414.0,5390,0.18,970.2,5.8
QBR-FH 3912-01,4414.0,4414.0,5390,0.18,970.2,5.8
HD0351A,4332.0,4332.0,5290,0.18,952.2,5.8
QBR-A 0018-36,4323.0,4323.0,5280,0.18,950.4,6.6
Q68222,4323.0,4323.0,5280,0.18,950.4,6.6
Q68430,4323.0,4323.0,5280,0.18,950.4,6.6
QBR-FH 1205-68,4323.0,4323.0,5280,0.18,950.4,6.6
QBR-FH 0400-10,4323.0,4323.0,5280,0.18,950.4,6.6
"Q17 2,5""",4869.0,4869.0,5240,0.07,366.8,4.2
Q65151,4277.0,4277.0,5220,0.18,939.6,3.4
QBR-WC 0430,4277.0,4277.0,5220,0.18,939.6,3.4
Q68219,4277.0,4277.0,5220,0.18,939.6,3.4
Q68221,4277.0,4277.0,5220,0.18,939.6,3.4
Q68226,4277.0,4277.0,5220,0.18,939.6,3.4
Q68227,4277.0,4277.0,5220,0.18,939.6,3.4
Q68677,4277.0,4277.0,5220,0.18,939.6,3.4
Q68739,4277.0,4277.0,5220,0.18,939.6,3.4
Q68742,4277.0,4277.0,5220,0.18,939.6,3.4
Q64776,4232.0,4232.0,5170,0.18,930.6,7.4
Q68224,4232.0,4232.0,5170,0.18,930.6,7.4
Q68225,4232.0,4232.0,5170,0.18,930.6,7.4
Q68428,4232.0,4232.0,5170,0.18,930.6,7.4
Q68429,4232.0,4232.0,5170,0.18,930.6,7.4
Q68436,4232.0,4232.0,5170,0.18,930.6,7.4
Q68696,4232.0,4232.0,5170,0.18,930.6,7.4
Q65146,4186.0,4186.0,5110,0.18,919.8,4.2
Q65147,4186.0,4186.0,5110,0.18,919.8,4.2
Q68473,4186.0,4186.0,5110,0.18,919.8,4.2
Q68475,4186.0,4186.0,5110,0.18,919.8,4.2
Q68665,4186.0,4186.0,5110,0.18,919.8,4.2
Q68679,4186.0,4186.0,5110,0.18,919.8,4.2
Q68706,4186.0,4186.0,5110,0.18,919.8,4.2
QBR-K 0334-63,4141.0,4141.0,5050,0.18,909.0,0.0
QBR-K 1125-36,4141.0,4141.0,5050,0.18,909.0,0.0
QBR-K 3822-39,4141.0,4141.0,5050,0.18,909.0,0.0
Q65144,4141.0,4141.0,5050,0.18,909.0,0.0
QBR-WC 0440,4141.0,4141.0,5050,0.18,909.0,0.0
Q68377,4141.0,4141.0,5050,0.18,909.0,0.0
Q68681,4141.0,4141.0,5050,0.18,909.0,0.0
Q68683,4141.0,4141.0,5050,0.18,909.0,0.0
Q68685,4141.0,4141.0,5050,0.18,909.0,0.0
Q68688,4141.0,4141.0,5050,0.18,909.0,0.0
Q68690,4141.0,4141.0,5050,0.18,909.0,0.0
Q68692,4141.0,4141.0,5050,0.18,909.0,0.0
Q68694,4141.0,4141.0,5050,0.18,909.0,0.0
Q68698,4141.0,4141.0,5050,0.18,909.0,0.0
Q68700,4141.0,4141.0,5050,0.18,909.0,0.0
Q68702,4141.0,4141.0,5050,0.18,909.0,0.0
Q68704,4141.0,4141.0,5050,0.18,909.0,0.0
Q64714,4095.0,4095.0,5000,0.18,900.0,5.0
Q65229,4095.0,4095.0,5000,0.18,900.0,5.0
Q68283,4095.0,4095.0,5000,0.18,900.0,5.0
Q68442,4095.0,4095.0,5000,0.18,900.0,5.0
QBR-A 0374A,4095.0,4095.0,5000,0.18,900.0,5.0
QBR-A 0375A,4095.0,4095.0,5000,0.18,900.0,5.0
QBR-A 0377A,4095.0,4095.0,5000,0.18,900.0,5.0
QBR-A 0378A,4095.0,4095.0,5000,0.18,900.0,5.0
QBR-A 0380A_M100,4095.0,4095.0,5000,0.18,900.0,5.0
QBR-A 0381A_T300,4095.0,4095.0,5000,0.18,900.0,5.0
Q68454,4050.0,4050.0,4940,0.18,889.2,0.8
Q64898,4004.0,4004.0,4890,0.18,880.2,5.8
Q68259,4004.0,4004.0,4890,0.18,880.2,5.8
Q68361,4004.0,4004.0,4890,0.18,880.2,5.8
Q68462,4004.0,4004.0,4890,0.18,880.2,5.8
Q68638,4004.0,4004.0,4890,0.18,880.2,5.8
Q68639,4004.0,4004.0,4890,0.18,880.2,5.8
Q68640,4004.0,4004.0,4890,0.18,880.2,5.8
Q68651,4004.0,4004.0,4890,0.18,880.2,5.8
QBR-K 5202-56,3959.0,3959.0,4830,0.18,869.4,1.6
Q64595,3959.0,3959.0,4830,0.18,869.4,1.6
Q64642,3959.0,3959.0,4830,0.18,869.4,1.6
Q68455,3959.0,3959.0,4830,0.18,869.4,1.6
QCVBU 4089 PG/CT 01,3913.0,3913.0,4780,0.18,860.4,6.6
Q64625,3913.0,3913.0,4780,0.18,860.4,6.6
Q68228,3913.0,3913.0,4780,0.18,860.4,6.6
Q68260,3913.0,3913.0,4780,0.18,860.4,6.6
Q68433,3913.0,3913.0,4780,0.18,860.4,6.6
QCVBU 4089 FD 03,3868.0,3868.0,4720,0.18,849.6,2.4
AU4102,3868.0,3868.0,4720,0.18,849.6,2.4
Q65006,3868.0,3868.0,4720,0.18,849.6,2.4
QBR-K 1150-47,3868.0,3868.0,4720,0.18,849.6,2.4
QBR-K 1135-36,3868.0,3868.0,4720,0.18,849.6,2.4
Q68437,3868.0,3868.0,4720,0.18,849.6,2.4
Q68496,3868.0,3868.0,4720,0.18,849.6,2.4
Q68708,3868.0,3868.0,4720,0.18,849.6,2.4
QBR-FH 0409-68A,3868.0,3868.0,4720,0.18,849.6,2.4
QCVBU 4089 MB 03,3822.0,3822.0,4670,0.18,840.6,7.4
QBR-K 3807-39,3822.0,3822.0,4670,0.18,840.6,7.4
Q64597,3822.0,3822.0,4670,0.18,840.6,7.4
Q65145,3822.0,3822.0,4670,0.18,840.6,7.4
TY0600,3822.0,3822.0,4670,0.18,840.6,7.4
Q68936,3822.0,3822.0,4670,0.18,840.6,7.4
QCVBU 4089 UN 01,3777.0,3777.0,4610,0.18,829.8,3.2
Q65032,3777.0,3777.0,4610,0.18,829.8,3.2
Q68503,3777.0,3777.0,4610,0.18,829.8,3.2
QCVBU 4089 IV 02,3731.0,3731.0,4550,0.18,819.0,0.0
QBR-K 1126-36,3731.0,3731.0,4550,0.18,819.0,0.0
QBR-K 5209-56,3731.0,3731.0,4550,0.18,819.0,0.0
Q64424,3731.0,3731.0,4550,0.18,819.0,0.0
Q64602,3731.0,3731.0,4550,0.18,819.0,0.0
Q64713,3731.0,3731.0,4550,0.18,819.0,0.0
Q64721,3731.0,3731.0,4550,0.18,819.0,0.0
Q64983,3731.0,3731.0,4550,0.18,819.0,0.0
Q65003,3731.0,3731.0,4550,0.18,819.0,0.0
Q65105,3731.0,3731.0,4550,0.18,819.0,0.0
Q65152,3731.0,3731.0,4550,0.18,819.0,0.0
Q65312,3731.0,3731.0,4550,0.18,819.0,0.0
Q68443,3731.0,3731.0,4550,0.18,819.0,0.0
Q68712,3731.0,3731.0,4550,0.18,819.0,0.0
QCVBU 4089 CT/PG/TY 01,3686.0,3686.0,4500,0.18,810.0,4.0
QBR-K 1039-39,3686.0,3686.0,4500,0.18,810.0,4.0
Q64422,3686.0,3686.0,4500,0.18,810.0,4.0
Q64598,3686.0,3686.0,4500,0.18,810.0,4.0
Q64600,3686.0,3686.0,4500,0.18,810.0,4.0
Q64641,3686.0,3686.0,4500,0.18,810.0,4.0
Q64945,3686.0,3686.0,4500,0.18,810.0,4.0
Q65213,3686.0,3686.0,4500,0.18,810.0,4.0
Q68335,3686.0,3686.0,4500,0.18,810.0,4.0
Q68435,3686.0,3686.0,4500,0.18,810.0,4.0
QBR-K 1830-36,3640.0,3640.0,4440,0.18,799.2,0.8
QBR-K 2305-65,3640.0,3640.0,4440,0.18,799.2,0.8
QBR-K 6617-39,3640.0,3640.0,4440,0.18,799.2,0.8
Q64423,3640.0,3640.0,4440,0.18,799.2,0.8
Q64583,3640.0,3640.0,4440,0.18,799.2,0.8
Q64596,3640.0,3640.0,4440,0.18,799.2,0.8
Q64650,3640.0,3640.0,4440,0.18,799.2,0.8
Q64696,3640.0,3640.0,4440,0.18,799.2,0.8
Q64953,3640.0,3640.0,4440,0.18,799.2,0.8
Q65097,3640.0,3640.0,4440,0.18,799.2,0.8
Q65158,3640.0,3640.0,4440,0.18,799.2,0.8
Q65212,3640.0,3640.0,4440,0.18,799.2,0.8
Q65313,3640.0,3640.0,4440,0.18,799.2,0.8
QBR-F 7015-68,3640.0,3640.0,4440,0.18,799.2,0.8
Q68284,3640.0,3640.0,4440,0.18,799.2,0.8
Q68432,3640.0,3640.0,4440,0.18,799.2,0.8
Q68449,3640.0,3640.0,4440,0.18,799.2,0.8
Q68569,3640.0,3640.0,4440,0.18,799.2,0.8
Q68570,3640.0,3640.0,4440,0.18,799.2,0.8
Q68749,3640.0,3640.0,4440,0.18,799.2,0.8
QBR-FH 0705-68,3640.0,3640.0,4440,0.18,799.2,0.8
QBR-FH 3804-42,3640.0,3640.0,4440,0.18,799.2,0.8
QCVBU 4089 CT/PG/TY 02,3595.0,3595.0,4390,0.18,790.2,4.8
QBR-K 1123-36,3595.0,3595.0,4390,0.18,790.2,4.8
QBR-K 1134-36,3595.0,3595.0,4390,0.18,790.2,4.8
QBR-K 1833-30,3595.0,3595.0,4390,0.18,790.2,4.8
MB4059,3595.0,3595.0,4390,0.18,790.2,4.8
AU4106,3595.0,3595.0,4390,0.18,790.2,4.8
Q64640,3595.0,3595.0,4390,0.18,790.2,4.8
Q64744,3595.0,3595.0,4390,0.18,790.2,4.8
Q64794,3595.0,3595.0,4390,0.18,790.2,4.8
Q65033,3595.0,3595.0,4390,0.18,790.2,4.8
Q65227,3595.0,3595.0,4390,0.18,790.2,4.8
Q65234,3595.0,3595.0,4390,0.18,790.2,4.8
Q65309,3595.0,3595.0,4390,0.18,790.2,4.8
Q68301,3595.0,3595.0,4390,0.18,790.2,4.8
Q68336,3595.0,3595.0,4390,0.18,790.2,4.8
Q68339,3595.0,3595.0,4390,0.18,790.2,4.8
Q68374,3595.0,3595.0,4390,0.18,790.2,4.8
Q68415,3595.0,3595.0,4390,0.18,790.2,4.8
Q68505,3595.0,3595.0,4390,0.18,790.2,4.8
Q68534,3595.0,3595.0,4390,0.18,790.2,4.8
Q0389,3572.0,3572.0,4360,0.18,784.8,3.2
Q64579,3549.0,3549.0,4330,0.18,779.4,1.6
Q64594,3549.0,3549.0,4330,0.18,779.4,1.6
Q64613,3549.0,3549.0,4330,0.18,779.4,1.6
Q64652,3549.0,3549.0,4330,0.18,779.4,1.6
Q64752,3549.0,3549.0,4330,0.18,779.4,1.6
Q64770,3549.0,3549.0,4330,0.18,779.4,1.6
Q64982,3549.0,3549.0,4330,0.18,779.4,1.6
Q65130,3549.0,3549.0,4330,0.18,779.4,1.6
Q65231,3549.0,3549.0,4330,0.18,779.4,1.6
Q68326,3549.0,3549.0,4330,0.18,779.4,1.6
Q68348,3549.0,3549.0,4330,0.18,779.4,1.6
Q68446,3549.0,3549.0,4330,0.18,779.4,1.6
Q68554,3549.0,3549.0,4330,0.18,779.4,1.6
Q68555,3549.0,3549.0,4330,0.18,779.4,1.6
Q68560,3549.0,3549.0,4330,0.18,779.4,1.6
HD0351,3531.0,3531.0,4310,0.18,775.8,3.2
QBR-K 5226-56,3504.0,3504.0,4280,0.18,770.4,5.6
QBR-K 7012-82,3504.0,3504.0,4280,0.18,770.4,5.6
Q64577,3504.0,3504.0,4280,0.18,770.4,5.6
Q64581,3504.0,3504.0,4280,0.18,770.4,5.6
Q64582,3504.0,3504.0,4280,0.18,770.4,5.6
Q64585,3504.0,3504.0,4280,0.18,770.4,5.6
Q64601,3504.0,3504.0,4280,0.18,770.4,5.6
Q64669,3504.0,3504.0,4280,0.18,770.4,5.6
Q64670,3504.0,3504.0,4280,0.18,770.4,5.6
Q64707,3504.0,3504.0,4280,0.18,770.4,5.6
Q64726,3504.0,3504.0,4280,0.18,770.4,5.6
Q64789,3504.0,3504.0,4280,0.18,770.4,5.6
Q64793,3504.0,3504.0,4280,0.18,770.4,5.6
Q64946,3504.0,3504.0,4280,0.18,770.4,5.6
Q65004,3504.0,3504.0,4280,0.18,770.4,5.6
Q65023,3504.0,3504.0,4280,0.18,770.4,5.6
Q65126,3504.0,3504.0,4280,0.18,770.4,5.6
Q65189,3504.0,3504.0,4280,0.18,770.4,5.6
Q65219,3504.0,3504.0,4280,0.18,770.4,5.6
Q65259,3504.0,3504.0,4280,0.18,770.4,5.6
Q68359,3504.0,3504.0,4280,0.18,770.4,5.6
Q68418,3504.0,3504.0,4280,0.18,770.4,5.6
Q68466,3504.0,3504.0,4280,0.18,770.4,5.6
Q68533,3504.0,3504.0,4280,0.18,770.4,5.6
QCVBU 4089 VW 04,3458.0,3458.0,4220,0.18,759.6,2.4
FD1186,3458.0,3458.0,4220,0.18,759.6,2.4
Q65036,3458.0,3458.0,4220,0.18,759.6,2.4
Q65132,3458.0,3458.0,4220,0.18,759.6,2.4
Q65400,3458.0,3458.0,4220,0.18,759.6,2.4
Q68306,3458.0,3458.0,4220,0.18,759.6,2.4
Q68320,3458.0,3458.0,4220,0.18,759.6,2.4
Q68394,3458.0,3458.0,4220,0.18,759.6,2.4
Q68512,3458.0,3458.0,4220,0.18,759.6,2.4
16-094,3413.0,3413.0,4170,0.18,750.6,6.4
QBR-K 8011-39,3413.0,3413.0,4170,0.18,750.6,6.4
Q64415,3413.0,3413.0,4170,0.18,750.6,6.4
Q64706,3413.0,3413.0,4170,0.18,750.6,6.4
Q64897,3413.0,3413.0,4170,0.18,750.6,6.4
Q64923,3413.0,3413.0,4170,0.18,750.6,6.4
Q65070,3413.0,3413.0,4170,0.18,750.6,6.4
Q65082,3413.0,3413.0,4170,0.18,750.6,6.4
Q65114,3413.0,3413.0,4170,0.18,750.6,6.4
Q65135,3413.0,3413.0,4170,0.18,750.6,6.4
Q65192,3413.0,3413.0,4170,0.18,750.6,6.4
QBR-WC 0303,3413.0,3413.0,4170,0.18,750.6,6.4
Q-A BUS 01,3413.0,3413.0,4170,0.18,750.6,6.4
Q-A BUS 03,3413.0,3413.0,4170,0.18,750.6,6.4
Q-A BUS 04,3413.0,3413.0,4170,0.18,750.6,6.4
Q-A BUS 05,3413.0,3413.0,4170,0.18,750.6,6.4
Q-A BUS 06,3413.0,3413.0,4170,0.18,750.6,6.4
Q-A BUS 07 (black),3413.0,3413.0,4170,0.18,750.6,6.4
Q-A BUS 08 (white),3413.0,3413.0,4170,0.18,750.6,6.4
Q-A BUS 09,3413.0,3413.0,4170,0.18,750.6,6.4
Q68245,3413.0,3413.0,4170,0.18,750.6,6.4
Q68248,3413.0,3413.0,4170,0.18,750.6,6.4
Q68346,3413.0,3413.0,4170,0.18,750.6,6.4
Q68347,3413.0,3413.0,4170,0.18,750.6,6.4
Q68514,3413.0,3413.0,4170,0.18,750.6,6.4
Q68520,3413.0,3413.0,4170,0.18,750.6,6.4
Q68526,3413.0,3413.0,4170,0.18,750.6,6.4
Q68720,3413.0,3413.0,4170,0.18,750.6,6.4
Q68725,3413.0,3413.0,4170,0.18,750.6,6.4
QBR-FH 0417-68A,3413.0,3413.0,4170,0.18,750.6,6.4
QIV CAM-360,3413.0,3413.0,4170,0.18,750.6,6.4
QCVBU 4089 DG 01,3367.0,3367.0,4110,0.18,739.8,3.2
QCVBU 4089 NS 01,3367.0,3367.0,4110,0.18,739.8,3.2
Q64418,3367.0,3367.0,4110,0.18,739.8,3.2
Q64580,3367.0,3367.0,4110,0.18,739.8,3.2
Q64622,3367.0,3367.0,4110,0.18,739.8,3.2
Q64624,3367.0,3367.0,4110,0.18,739.8,3.2
Q64741,3367.0,3367.0,4110,0.18,739.8,3.2
Q64746,3367.0,3367.0,4110,0.18,739.8,3.2
Q64980,3367.0,3367.0,4110,0.18,739.8,3.2
Q65012,3367.0,3367.0,4110,0.18,739.8,3.2
Q65141,3367.0,3367.0,4110,0.18,739.8,3.2
Q65206,3367.0,3367.0,4110,0.18,739.8,3.2
Q68246,3367.0,3367.0,4110,0.18,739.8,3.2
Q68247,3367.0,3367.0,4110,0.18,739.8,3.2
Q68272,3367.0,3367.0,4110,0.18,739.8,3.2
Q68309,3367.0,3367.0,4110,0.18,739.8,3.2
Q68315,3367.0,3367.0,4110,0.18,739.8,3.2
Q68371,3367.0,3367.0,4110,0.18,739.8,3.2
Q68447,3367.0,3367.0,4110,0.18,739.8,3.2
Q68516,3367.0,3367.0,4110,0.18,739.8,3.2
Q68519,3367.0,3367.0,4110,0.18,739.8,3.2
Q68521,3367.0,3367.0,4110,0.18,739.8,3.2
Q68522,3367.0,3367.0,4110,0.18,739.8,3.2
QBR-K 8001-39,3322.0,3322.0,4060,0.18,730.8,7.2
Q64578,3322.0,3322.0,4060,0.18,730.8,7.2
Q64651,3322.0,3322.0,4060,0.18,730.8,7.2
Q64712,3322.0,3322.0,4060,0.18,730.8,7.2
Q64742,3322.0,3322.0,4060,0.18,730.8,7.2
Q64807,3322.0,3322.0,4060,0.18,730.8,7.2
Q64824,3322.0,3322.0,4060,0.18,730.8,7.2
Q65021,3322.0,3322.0,4060,0.18,730.8,7.2
Q65022,3322.0,3322.0,4060,0.18,730.8,7.2
Q65034,3322.0,3322.0,4060,0.18,730.8,7.2
Q65035,3322.0,3322.0,4060,0.18,730.8,7.2
Q65133,3322.0,3322.0,4060,0.18,730.8,7.2
Q65136,3322.0,3322.0,4060,0.18,730.8,7.2
Q65139,3322.0,3322.0,4060,0.18,730.8,7.2
Q65140,3322.0,3322.0,4060,0.18,730.8,7.2
Q65170,3322.0,3322.0,4060,0.18,730.8,7.2
Q65174,3322.0,3322.0,4060,0.18,730.8,7.2
Q65178,3322.0,3322.0,4060,0.18,730.8,7.2
Q65186,3322.0,3322.0,4060,0.18,730.8,7.2
Q65241,3322.0,3322.0,4060,0.18,730.8,7.2
Q65344,3322.0,3322.0,4060,0.18,730.8,7.2
QBR-FH 0317-83,3322.0,3322.0,4060,0.18,730.8,7.2
Q68267,3322.0,3322.0,4060,0.18,730.8,7.2
Q68285,3322.0,3322.0,4060,0.18,730.8,7.2
Q68299,3322.0,3322.0,4060,0.18,730.8,7.2
Q68311,3322.0,3322.0,4060,0.18,730.8,7.2
Q68314,3322.0,3322.0,4060,0.18,730.8,7.2
Q68345,3322.0,3322.0,4060,0.18,730.8,7.2
Q68356,3322.0,3322.0,4060,0.18,730.8,7.2
Q68357,3322.0,3322.0,4060,0.18,730.8,7.2
Q68372,3322.0,3322.0,4060,0.18,730.8,7.2
Q68518,3322.0,3322.0,4060,0.18,730.8,7.2
Q68740,3322.0,3322.0,4060,0.18,730.8,7.2
Q68786,3322.0,3322.0,4060,0.18,730.8,7.2
Q68932,3322.0,3322.0,4060,0.18,730.8,7.2
QCVBU 4089 FA 01,3276.0,3276.0,4000,0.18,720.0,4.0
QCVBU 4089 IV 01,3276.0,3276.0,4000,0.18,720.0,4.0
QCVBU 4089 MB 04,3276.0,3276.0,4000,0.18,720.0,4.0
HD0375,3276.0,3276.0,4000,0.18,720.0,4.0
HD0375A,3276.0,3276.0,4000,0.18,720.0,4.0
Q65069,3276.0,3276.0,4000,0.18,720.0,4.0
Q65107,3276.0,3276.0,4000,0.18,720.0,4.0
Q65113,3276.0,3276.0,4000,0.18,720.0,4.0
Q65125,3276.0,3276.0,4000,0.18,720.0,4.0
Q65296,3276.0,3276.0,4000,0.18,720.0,4.0
Q68353,3276.0,3276.0,4000,0.18,720.0,4.0
Q68367,3276.0,3276.0,4000,0.18,720.0,4.0
Q68417,3276.0,3276.0,4000,0.18,720.0,4.0
Q68424,3276.0,3276.0,4000,0.18,720.0,4.0
Q68479,3276.0,3276.0,4000,0.18,720.0,4.0
Q68931,3276.0,3276.0,4000,0.18,720.0,4.0
W-TB0004,3253.0,3253.0,3970,0.18,714.6,2.4
QCVBU 4089 GMS 01,3231.0,3231.0,3950,0.18,711.0,8.0
16-093,3231.0,3231.0,3950,0.18,711.0,8.0
QBR-K 1241-36,3231.0,3231.0,3950,0.18,711.0,8.0
Q64763,3231.0,3231.0,3950,0.18,711.0,8.0
Q64849,3231.0,3231.0,3950,0.18,711.0,8.0
Q64855,3231.0,3231.0,3950,0.18,711.0,8.0
Q64863,3231.0,3231.0,3950,0.18,711.0,8.0
Q64981,3231.0,3231.0,3950,0.18,711.0,8.0
Q65195,3231.0,3231.0,3950,0.18,711.0,8.0
Q65208,3231.0,3231.0,3950,0.18,711.0,8.0
Q65284,3231.0,3231.0,3950,0.18,711.0,8.0
Q65297,3231.0,3231.0,3950,0.18,711.0,8.0
Q65329,3231.0,3231.0,3950,0.18,711.0,8.0
Q65352,3231.0,3231.0,3950,0.18,711.0,8.0
Q65353,3231.0,3231.0,3950,0.18,711.0,8.0
Q65357,3231.0,3231.0,3950,0.18,711.0,8.0
Q65402,3231.0,3231.0,3950,0.18,711.0,8.0
QBR-FH 0415-68A,3231.0,3231.0,3950,0.18,711.0,8.0
Q68263,3231.0,3231.0,3950,0.18,711.0,8.0
Q68325,3231.0,3231.0,3950,0.18,711.0,8.0
Q68330,3231.0,3231.0,3950,0.18,711.0,8.0
Q68373,3231.0,3231.0,3950,0.18,711.0,8.0
Q68398,3231.0,3231.0,3950,0.18,711.0,8.0
Q68448,3231.0,3231.0,3950,0.18,711.0,8.0
Q68568,3231.0,3231.0,3950,0.18,711.0,8.0
16-150,3223.0,3223.0,3940,0.18,709.2,7.8
QBR-K 1242-36,3185.0,3185.0,3890,0.18,700.2,4.8
QBR-K 2616-42,3185.0,3185.0,3890,0.18,700.2,4.8
QBR-K 2628-42,3185.0,3185.0,3890,0.18,700.2,4.8
Q64412,3185.0,3185.0,3890,0.18,700.2,4.8
Q64685,3185.0,3185.0,3890,0.18,700.2,4.8
Q64859,3185.0,3185.0,3890,0.18,700.2,4.8
Q65073,3185.0,3185.0,3890,0.18,700.2,4.8
Q65106,3185.0,3185.0,3890,0.18,700.2,4.8
Q65119,3185.0,3185.0,3890,0.18,700.2,4.8
Q65210,3185.0,3185.0,3890,0.18,700.2,4.8
Q65224,3185.0,3185.0,3890,0.18,700.2,4.8
Q65280,3185.0,3185.0,3890,0.18,700.2,4.8
Q65355,3185.0,3185.0,3890,0.18,700.2,4.8
Q65398,3185.0,3185.0,3890,0.18,700.2,4.8
QAU 8001 (K),3185.0,3185.0,3890,0.18,700.2,4.8
QBR-WC 0439,3185.0,3185.0,3890,0.18,700.2,4.8
Q68344,3185.0,3185.0,3890,0.18,700.2,4.8
Q68487,3185.0,3185.0,3890,0.18,700.2,4.8
Q68564,3185.0,3185.0,3890,0.18,700.2,4.8
Q68760,3185.0,3185.0,3890,0.18,700.2,4.8
QBR-F 8024-68,3185.0,3185.0,3890,0.18,700.2,4.8
QBR-FH 2601-42,3185.0,3185.0,3890,0.18,700.2,4.8
QBR-FH 0706-50,3185.0,3185.0,3890,0.18,700.2,4.8
Q68911,3162.0,3162.0,3860,0.18,694.8,3.2
22-338,3140.0,3140.0,3830,0.18,689.4,0.6
QBR-K 0340-42,3140.0,3140.0,3830,0.18,689.4,0.6
Q64735,3140.0,3140.0,3830,0.18,689.4,0.6
Q64737,3140.0,3140.0,3830,0.18,689.4,0.6
Q64784,3140.0,3140.0,3830,0.18,689.4,0.6
Q65109,3140.0,3140.0,3830,0.18,689.4,0.6
Q65199,3140.0,3140.0,3830,0.18,689.4,0.6
Q65200,3140.0,3140.0,3830,0.18,689.4,0.6
Q65211,3140.0,3140.0,3830,0.18,689.4,0.6
Q65225,3140.0,3140.0,3830,0.18,689.4,0.6
Q65257,3140.0,3140.0,3830,0.18,689.4,0.6
Q65269,3140.0,3140.0,3830,0.18,689.4,0.6
Q65277,3140.0,3140.0,3830,0.18,689.4,0.6
Q65327,3140.0,3140.0,3830,0.18,689.4,0.6
Q68265,3140.0,3140.0,3830,0.18,689.4,0.6
Q68300,3140.0,3140.0,3830,0.18,689.4,0.6
Q68328,3140.0,3140.0,3830,0.18,689.4,0.6
Q68332,3140.0,3140.0,3830,0.18,689.4,0.6
Q68495,3140.0,3140.0,3830,0.18,689.4,0.6
Q68553,3140.0,3140.0,3830,0.18,689.4,0.6
Q68866,3140.0,3140.0,3830,0.18,689.4,0.6
Q64587,3094.0,3094.0,3780,0.18,680.4,5.6
Q64589,3094.0,3094.0,3780,0.18,680.4,5.6
Q64623,3094.0,3094.0,3780,0.18,680.4,5.6
Q64632,3094.0,3094.0,3780,0.18,680.4,5.6
Q64693,3094.0,3094.0,3780,0.18,680.4,5.6
Q64733,3094.0,3094.0,3780,0.18,680.4,5.6
Q64764,3094.0,3094.0,3780,0.18,680.4,5.6
Q64918,3094.0,3094.0,3780,0.18,680.4,5.6
Q65059,3094.0,3094.0,3780,0.18,680.4,5.6
Q65111,3094.0,3094.0,3780,0.18,680.4,5.6
Q65209,3094.0,3094.0,3780,0.18,680.4,5.6
Q65271,3094.0,3094.0,3780,0.18,680.4,5.6
Q65294,3094.0,3094.0,3780,0.18,680.4,5.6
QBR-K 1146-68,3094.0,3094.0,3780,0.18,680.4,5.6
Q68333,3094.0,3094.0,3780,0.18,680.4,5.6
Q68343,3094.0,3094.0,3780,0.18,680.4,5.6
Q68362,3094.0,3094.0,3780,0.18,680.4,5.6
Q68451,3094.0,3094.0,3780,0.18,680.4,5.6
Q68492,3094.0,3094.0,3780,0.18,680.4,5.6
Q68502,3094.0,3094.0,3780,0.18,680.4,5.6
QBR-K 3328-36,3049.0,3049.0,3720,0.18,669.6,1.4
Q64416,3049.0,3049.0,3720,0.18,669.6,1.4
Q64427,3049.0,3049.0,3720,0.18,669.6,1.4
Q64588,3049.0,3049.0,3720,0.18,669.6,1.4
Q64590,3049.0,3049.0,3720,0.18,669.6,1.4
Q64593,3049.0,3049.0,3720,0.18,669.6,1.4
Q64681,3049.0,3049.0,3720,0.18,669.6,1.4
Q64684,3049.0,3049.0,3720,0.18,669.6,1.4
Q64720,3049.0,3049.0,3720,0.18,669.6,1.4
Q64750,3049.0,3049.0,3720,0.18,669.6,1.4
Q64762,3049.0,3049.0,3720,0.18,669.6,1.4
Q64783,3049.0,3049.0,3720,0.18,669.6,1.4
Q64798,3049.0,3049.0,3720,0.18,669.6,1.4
Q64989,3049.0,3049.0,3720,0.18,669.6,1.4
Q65024,3049.0,3049.0,3720,0.18,669.6,1.4
Q65098,3049.0,3049.0,3720,0.18,669.6,1.4
Q65117,3049.0,3049.0,3720,0.18,669.6,1.4
Q65118,3049.0,3049.0,3720,0.18,669.6,1.4
Q65168,3049.0,3049.0,3720,0.18,669.6,1.4
Q65169,3049.0,3049.0,3720,0.18,669.6,1.4
Q65215,3049.0,3049.0,3720,0.18,669.6,1.4
Q65218,3049.0,3049.0,3720,0.18,669.6,1.4
Q65232,3049.0,3049.0,3720,0.18,669.6,1.4
Q65268,3049.0,3049.0,3720,0.18,669.6,1.4
Q65295,3049.0,3049.0,3720,0.18,669.6,1.4
Q68233,3049.0,3049.0,3720,0.18,669.6,1.4
Q68249,3049.0,3049.0,3720,0.18,669.6,1.4
Q68273,3049.0,3049.0,3720,0.18,669.6,1.4
Q68276,3049.0,3049.0,3720,0.18,669.6,1.4
Q68290,3049.0,3049.0,3720,0.18,669.6,1.4
Q68304,3049.0,3049.0,3720,0.18,669.6,1.4
Q68329,3049.0,3049.0,3720,0.18,669.6,1.4
Q68338,3049.0,3049.0,3720,0.18,669.6,1.4
Q68352,3049.0,3049.0,3720,0.18,669.6,1.4
Q68366,3049.0,3049.0,3720,0.18,669.6,1.4
Q68402,3049.0,3049.0,3720,0.18,669.6,1.4
Q68420,3049.0,3049.0,3720,0.18,669.6,1.4
Q68421,3049.0,3049.0,3720,0.18,669.6,1.4
Q68444,3049.0,3049.0,3720,0.18,669.6,1.4
Q68450,3049.0,3049.0,3720,0.18,669.6,1.4
QCVBU 4089 FD 01,3003.0,3003.0,3670,0.18,660.6,6.4
16-084,3003.0,3003.0,3670,0.18,660.6,6.4
Q64631,3003.0,3003.0,3670,0.18,660.6,6.4
Q64682,3003.0,3003.0,3670,0.18,660.6,6.4
Q64708,3003.0,3003.0,3670,0.18,660.6,6.4
Q64930,3003.0,3003.0,3670,0.18,660.6,6.4
Q64991,3003.0,3003.0,3670,0.18,660.6,6.4
Q65016,3003.0,3003.0,3670,0.18,660.6,6.4
Q65183,3003.0,3003.0,3670,0.18,660.6,6.4
Q65214,3003.0,3003.0,3670,0.18,660.6,6.4
Q65217,3003.0,3003.0,3670,0.18,660.6,6.4
Q68262,3003.0,3003.0,3670,0.18,660.6,6.4
Q68423,3003.0,3003.0,3670,0.18,660.6,6.4
Q68445,3003.0,3003.0,3670,0.18,660.6,6.4
Q68458,3003.0,3003.0,3670,0.18,660.6,6.4
Q68491,3003.0,3003.0,3670,0.18,660.6,6.4
Q68507,3003.0,3003.0,3670,0.18,660.6,6.4
Q68508,3003.0,3003.0,3670,0.18,660.6,6.4
Q68523,3003.0,3003.0,3670,0.18,660.6,6.4
Q68716,3003.0,3003.0,3670,0.18,660.6,6.4
VL6013,2985.0,2985.0,3650,0.18,657.0,8.0
QAPU 2053 FD 04 (1080p),2958.0,2958.0,3610,0.18,649.8,2.2
QBR-K 2614-42,2958.0,2958.0,3610,0.18,649.8,2.2
QBR-K 3914-56,2958.0,2958.0,3610,0.18,649.8,2.2
BM4112,2958.0,2958.0,3610,0.18,649.8,2.2
BM4118,2958.0,2958.0,3610,0.18,649.8,2.2
Q64704,2958.0,2958.0,3610,0.18,649.8,2.2
Q64730,2958.0,2958.0,3610,0.18,649.8,2.2
Q64773,2958.0,2958.0,3610,0.18,649.8,2.2
Q64786,2958.0,2958.0,3610,0.18,649.8,2.2
Q64919,2958.0,2958.0,3610,0.18,649.8,2.2
Q64974,2958.0,2958.0,3610,0.18,649.8,2.2
Q65007,2958.0,2958.0,3610,0.18,649.8,2.2
Q65071,2958.0,2958.0,3610,0.18,649.8,2.2
MD-30-D1,2958.0,2958.0,3610,0.18,649.8,2.2
Q-30-D3,2958.0,2958.0,3610,0.18,649.8,2.2
Q68252,2958.0,2958.0,3610,0.18,649.8,2.2
Q68271,2958.0,2958.0,3610,0.18,649.8,2.2
Q68370,2958.0,2958.0,3610,0.18,649.8,2.2
Q68486,2958.0,2958.0,3610,0.18,649.8,2.2
TB1256,2958.0,2958.0,3610,0.18,649.8,2.2
QBR-FH 2602-42,2958.0,2958.0,3610,0.18,649.8,2.2
QBR-K 2626-42,2912.0,2912.0,3560,0.18,640.8,7.2
Q64413,2912.0,2912.0,3560,0.18,640.8,7.2
Q64420,2912.0,2912.0,3560,0.18,640.8,7.2
Q64620,2912.0,2912.0,3560,0.18,640.8,7.2
Q64665,2912.0,2912.0,3560,0.18,640.8,7.2
Q64666,2912.0,2912.0,3560,0.18,640.8,7.2
Q64709,2912.0,2912.0,3560,0.18,640.8,7.2
Q64753,2912.0,2912.0,3560,0.18,640.8,7.2
Q64760,2912.0,2912.0,3560,0.18,640.8,7.2
Q64909,2912.0,2912.0,3560,0.18,640.8,7.2
Q64916,2912.0,2912.0,3560,0.18,640.8,7.2
Q64975,2912.0,2912.0,3560,0.18,640.8,7.2
Q65001,2912.0,2912.0,3560,0.18,640.8,7.2
Q65008,2912.0,2912.0,3560,0.18,640.8,7.2
Q65027,2912.0,2912.0,3560,0.18,640.8,7.2
Q65038,2912.0,2912.0,3560,0.18,640.8,7.2
Q65108,2912.0,2912.0,3560,0.18,640.8,7.2
Q65160,2912.0,2912.0,3560,0.18,640.8,7.2
Q65163,2912.0,2912.0,3560,0.18,640.8,7.2
Q68229,2912.0,2912.0,3560,0.18,640.8,7.2
Q68230,2912.0,2912.0,3560,0.18,640.8,7.2
Q68269,2912.0,2912.0,3560,0.18,640.8,7.2
Q68275,2912.0,2912.0,3560,0.18,640.8,7.2
Q68296,2912.0,2912.0,3560,0.18,640.8,7.2
Q68438,2912.0,2912.0,3560,0.18,640.8,7.2
Q68490,2912.0,2912.0,3560,0.18,640.8,7.2
Q68547,2912.0,2912.0,3560,0.18,640.8,7.2
AU4101,2876.0,2876.0,3510,0.18,631.8,2.2
MB4155,2876.0,2876.0,3510,0.18,631.8,2.2
MB4156,2876.0,2876.0,3510,0.18,631.8,2.2
QAPU 2053 CH/GMS04(1080p),2867.0,2867.0,3500,0.18,630.0,3.0
QAPU 2053 TY 06 (1080p),2867.0,2867.0,3500,0.18,630.0,3.0
QBR-K 0497-36,2867.0,2867.0,3500,0.18,630.0,3.0
QBR-K 0497-42,2867.0,2867.0,3500,0.18,630.0,3.0
Q64414,2867.0,2867.0,3500,0.18,630.0,3.0
Q64417,2867.0,2867.0,3500,0.18,630.0,3.0
Q64584,2867.0,2867.0,3500,0.18,630.0,3.0
Q64591,2867.0,2867.0,3500,0.18,630.0,3.0
Q64673,2867.0,2867.0,3500,0.18,630.0,3.0
Q64674,2867.0,2867.0,3500,0.18,630.0,3.0
Q64697,2867.0,2867.0,3500,0.18,630.0,3.0
Q64756,2867.0,2867.0,3500,0.18,630.0,3.0
Q64782,2867.0,2867.0,3500,0.18,630.0,3.0
Q64788,2867.0,2867.0,3500,0.18,630.0,3.0
Q64988,2867.0,2867.0,3500,0.18,630.0,3.0
Q65011,2867.0,2867.0,3500,0.18,630.0,3.0
Q65013,2867.0,2867.0,3500,0.18,630.0,3.0
Q65062,2867.0,2867.0,3500,0.18,630.0,3.0
Q65072,2867.0,2867.0,3500,0.18,630.0,3.0
Q65110,2867.0,2867.0,3500,0.18,630.0,3.0
Q65134,2867.0,2867.0,3500,0.18,630.0,3.0
Q65233,2867.0,2867.0,3500,0.18,630.0,3.0
Q65290,2867.0,2867.0,3500,0.18,630.0,3.0
Q65340,2867.0,2867.0,3500,0.18,630.0,3.0
Q68261,2867.0,2867.0,3500,0.18,630.0,3.0
Q68287,2867.0,2867.0,3500,0.18,630.0,3.0
Q68310,2867.0,2867.0,3500,0.18,630.0,3.0
Q68350,2867.0,2867.0,3500,0.18,630.0,3.0
Q68383,2867.0,2867.0,3500,0.18,630.0,3.0
Q68416,2867.0,2867.0,3500,0.18,630.0,3.0
Q68532,2867.0,2867.0,3500,0.18,630.0,3.0
Q68556,2867.0,2867.0,3500,0.18,630.0,3.0
Q68727,2867.0,2867.0,3500,0.18,630.0,3.0
16-159,2821.0,2821.0,3450,0.18,621.0,8.0
QBR-K 1104-09A,2821.0,2821.0,3450,0.18,621.0,8.0
Q64426,2821.0,2821.0,3450,0.18,621.0,8.0
Q64618,2821.0,2821.0,3450,0.18,621.0,8.0
Q64645,2821.0,2821.0,3450,0.18,621.0,8.0
Q64668,2821.0,2821.0,3450,0.18,621.0,8.0
Q64705,2821.0,2821.0,3450,0.18,621.0,8.0
Q64757,2821.0,2821.0,3450,0.18,621.0,8.0
Q64964,2821.0,2821.0,3450,0.18,621.0,8.0
Q64968,2821.0,2821.0,3450,0.18,621.0,8.0
Q65009,2821.0,2821.0,3450,0.18,621.0,8.0
Q65010,2821.0,2821.0,3450,0.18,621.0,8.0
Q65014,2821.0,2821.0,3450,0.18,621.0,8.0
Q65040,2821.0,2821.0,3450,0.18,621.0,8.0
Q65103,2821.0,2821.0,3450,0.18,621.0,8.0
Q65112,2821.0,2821.0,3450,0.18,621.0,8.0
Q65120,2821.0,2821.0,3450,0.18,621.0,8.0
Q65149,2821.0,2821.0,3450,0.18,621.0,8.0
Q65190,2821.0,2821.0,3450,0.18,621.0,8.0
Q65196,2821.0,2821.0,3450,0.18,621.0,8.0
Q65207,2821.0,2821.0,3450,0.18,621.0,8.0
Q65273,2821.0,2821.0,3450,0.18,621.0,8.0
Q65292,2821.0,2821.0,3450,0.18,621.0,8.0
Q65310,2821.0,2821.0,3450,0.18,621.0,8.0
Q65320,2821.0,2821.0,3450,0.18,621.0,8.0
QBR-K 1127-36,2821.0,2821.0,3450,0.18,621.0,8.0
Q68268,2821.0,2821.0,3450,0.18,621.0,8.0
Q68281,2821.0,2821.0,3450,0.18,621.0,8.0
Q68282,2821.0,2821.0,3450,0.18,621.0,8.0
Q68289,2821.0,2821.0,3450,0.18,621.0,8.0
Q68316,2821.0,2821.0,3450,0.18,621.0,8.0
Q68463,2821.0,2821.0,3450,0.18,621.0,8.0
Q68737,2821.0,2821.0,3450,0.18,621.0,8.0
M9JZ-S,3185.0,3185.0,3430,0.07,240.1,4.9
QCVBU 4089 FA/PG/CT 03,2776.0,2776.0,3390,0.18,610.2,3.8
QCVBU 4089 VW 02,2776.0,2776.0,3390,0.18,610.2,3.8
QCVBU 4089 VW 03,2776.0,2776.0,3390,0.18,610.2,3.8
22-638,2776.0,2776.0,3390,0.18,610.2,3.8
22-692,2776.0,2776.0,3390,0.18,610.2,3.8
22-702,2776.0,2776.0,3390,0.18,610.2,3.8
Q64599,2776.0,2776.0,3390,0.18,610.2,3.8
Q64699,2776.0,2776.0,3390,0.18,610.2,3.8
Q64926,2776.0,2776.0,3390,0.18,610.2,3.8
Q64966,2776.0,2776.0,3390,0.18,610.2,3.8
Q65017,2776.0,2776.0,3390,0.18,610.2,3.8
Q65061,2776.0,2776.0,3390,0.18,610.2,3.8
Q65083,2776.0,2776.0,3390,0.18,610.2,3.8
Q65092,2776.0,2776.0,3390,0.18,610.2,3.8
Q65093,2776.0,2776.0,3390,0.18,610.2,3.8
Q65172,2776.0,2776.0,3390,0.18,610.2,3.8
Q65182,2776.0,2776.0,3390,0.18,610.2,3.8
Q65230,2776.0,2776.0,3390,0.18,610.2,3.8
Q65246,2776.0,2776.0,3390,0.18,610.2,3.8
Q65270,2776.0,2776.0,3390,0.18,610.2,3.8
Q65286,2776.0,2776.0,3390,0.18,610.2,3.8
Q65311,2776.0,2776.0,3390,0.18,610.2,3.8
QBR-FH 3901-68A,2776.0,2776.0,3390,0.18,610.2,3.8
Q68318,2776.0,2776.0,3390,0.18,610.2,3.8
Q68341,2776.0,2776.0,3390,0.18,610.2,3.8
Q68385,2776.0,2776.0,3390,0.18,610.2,3.8
Q68388,2776.0,2776.0,3390,0.18,610.2,3.8
Q68426,2776.0,2776.0,3390,0.18,610.2,3.8
Q68434,2776.0,2776.0,3390,0.18,610.2,3.8
Q68497,2776.0,2776.0,3390,0.18,610.2,3.8
Q68506,2776.0,2776.0,3390,0.18,610.2,3.8
Q68567,2776.0,2776.0,3390,0.18,610.2,3.8
QAPU 2053 JP 01 (1080p),2730.0,2730.0,3330,0.18,599.4,0.6
16-088,2730.0,2730.0,3330,0.18,599.4,0.6
16-129,2730.0,2730.0,3330,0.18,599.4,0.6
22-1437,2730.0,2730.0,3330,0.18,599.4,0.6
22-785,2730.0,2730.0,3330,0.18,599.4,0.6
QBR-K 3324-36,2730.0,2730.0,3330,0.18,599.4,0.6
Q64633,2730.0,2730.0,3330,0.18,599.4,0.6
Q64700,2730.0,2730.0,3330,0.18,599.4,0.6
Q64716,2730.0,2730.0,3330,0.18,599.4,0.6
Q64754,2730.0,2730.0,3330,0.18,599.4,0.6
Q64758,2730.0,2730.0,3330,0.18,599.4,0.6
Q64780,2730.0,2730.0,3330,0.18,599.4,0.6
Q64809,2730.0,2730.0,3330,0.18,599.4,0.6
Q64825,2730.0,2730.0,3330,0.18,599.4,0.6
Q64844,2730.0,2730.0,3330,0.18,599.4,0.6
Q64861,2730.0,2730.0,3330,0.18,599.4,0.6
Q64965,2730.0,2730.0,3330,0.18,599.4,0.6
Q65005,2730.0,2730.0,3330,0.18,599.4,0.6
Q65180,2730.0,2730.0,3330,0.18,599.4,0.6
Q65181,2730.0,2730.0,3330,0.18,599.4,0.6
Q65193,2730.0,2730.0,3330,0.18,599.4,0.6
Q65204,2730.0,2730.0,3330,0.18,599.4,0.6
Q65205,2730.0,2730.0,3330,0.18,599.4,0.6
Q65222,2730.0,2730.0,3330,0.18,599.4,0.6
Q65244,2730.0,2730.0,3330,0.18,599.4,0.6
Q65315,2730.0,2730.0,3330,0.18,599.4,0.6
Q65351,2730.0,2730.0,3330,0.18,599.4,0.6
Q65395,2730.0,2730.0,3330,0.18,599.4,0.6
QFD 8010 (K),2730.0,2730.0,3330,0.18,599.4,0.6
QFD 8027 (K),2730.0,2730.0,3330,0.18,599.4,0.6
BM3807,2730.0,2730.0,3330,0.18,599.4,0.6
QBR-K 1125-47,2730.0,2730.0,3330,0.18,599.4,0.6
QBR-K 0314-21A,2730.0,2730.0,3330,0.18,599.4,0.6
TB6216,2730.0,2730.0,3330,0.18,599.4,0.6
Q68270,2730.0,2730.0,3330,0.18,599.4,0.6
Q68384,2730.0,2730.0,3330,0.18,599.4,0.6
Q68410,2730.0,2730.0,3330,0.18,599.4,0.6
Q68431,2730.0,2730.0,3330,0.18,599.4,0.6
Q68537,2730.0,2730.0,3330,0.18,599.4,0.6
Q68561,2730.0,2730.0,3330,0.18,599.4,0.6
Q68563,2730.0,2730.0,3330,0.18,599.4,0.6
Q68565,2730.0,2730.0,3330,0.18,599.4,0.6
Q68711,2730.0,2730.0,3330,0.18,599.4,0.6
Q68714,2730.0,2730.0,3330,0.18,599.4,0.6
Q68719,2730.0,2730.0,3330,0.18,599.4,0.6
Q68759,2730.0,2730.0,3330,0.18,599.4,0.6
TB730,2730.0,2730.0,3330,0.18,599.4,0.6
QBR-F 04129-68,2730.0,2730.0,3330,0.18,599.4,0.6
QBR-F 7029-82,2730.0,2730.0,3330,0.18,599.4,0.6
TB1938,2730.0,2730.0,3330,0.18,599.4,0.6
TB2040,2730.0,2730.0,3330,0.18,599.4,0.6
QAPU 2053 FD 02 (1080p),2685.0,2685.0,3280,0.18,590.4,4.6
QBR-K 1104-18,2685.0,2685.0,3280,0.18,590.4,4.6
Q64592,2685.0,2685.0,3280,0.18,590.4,4.6
Q64617,2685.0,2685.0,3280,0.18,590.4,4.6
Q64755,2685.0,2685.0,3280,0.18,590.4,4.6
Q64845,2685.0,2685.0,3280,0.18,590.4,4.6
Q64850,2685.0,2685.0,3280,0.18,590.4,4.6
Q64904,2685.0,2685.0,3280,0.18,590.4,4.6
Q64905,2685.0,2685.0,3280,0.18,590.4,4.6
Q64943,2685.0,2685.0,3280,0.18,590.4,4.6
Q64997,2685.0,2685.0,3280,0.18,590.4,4.6
Q65015,2685.0,2685.0,3280,0.18,590.4,4.6
Q65052,2685.0,2685.0,3280,0.18,590.4,4.6
Q65124,2685.0,2685.0,3280,0.18,590.4,4.6
Q65131,2685.0,2685.0,3280,0.18,590.4,4.6
Q65187,2685.0,2685.0,3280,0.18,590.4,4.6
Q65188,2685.0,2685.0,3280,0.18,590.4,4.6
Q65203,2685.0,2685.0,3280,0.18,590.4,4.6
Q65245,2685.0,2685.0,3280,0.18,590.4,4.6
Q65326,2685.0,2685.0,3280,0.18,590.4,4.6
Q65339,2685.0,2685.0,3280,0.18,590.4,4.6
Q68342,2685.0,2685.0,3280,0.18,590.4,4.6
Q68351,2685.0,2685.0,3280,0.18,590.4,4.6
Q68389,2685.0,2685.0,3280,0.18,590.4,4.6
Q68401,2685.0,2685.0,3280,0.18,590.4,4.6
Q68425,2685.0,2685.0,3280,0.18,590.4,4.6
Q68427,2685.0,2685.0,3280,0.18,590.4,4.6
Q68467,2685.0,2685.0,3280,0.18,590.4,4.6
Q68504,2685.0,2685.0,3280,0.18,590.4,4.6
16-089,2639.0,2639.0,3220,0.18,579.6,1.4
QBR-K 2607-09,2639.0,2639.0,3220,0.18,579.6,1.4
QBR-K 2607-09A,2639.0,2639.0,3220,0.18,579.6,1.4
Q64634,2639.0,2639.0,3220,0.18,579.6,1.4
Q64766,2639.0,2639.0,3220,0.18,579.6,1.4
Q64768,2639.0,2639.0,3220,0.18,579.6,1.4
Q64781,2639.0,2639.0,3220,0.18,579.6,1.4
Q64799,2639.0,2639.0,3220,0.18,579.6,1.4
Q64938,2639.0,2639.0,3220,0.18,579.6,1.4
Q64939,2639.0,2639.0,3220,0.18,579.6,1.4
Q65063,2639.0,2639.0,3220,0.18,579.6,1.4
Q65161,2639.0,2639.0,3220,0.18,579.6,1.4
Q65177,2639.0,2639.0,3220,0.18,579.6,1.4
Q65185,2639.0,2639.0,3220,0.18,579.6,1.4
Q65194,2639.0,2639.0,3220,0.18,579.6,1.4
Q65202,2639.0,2639.0,3220,0.18,579.6,1.4
Q65216,2639.0,2639.0,3220,0.18,579.6,1.4
Q65220,2639.0,2639.0,3220,0.18,579.6,1.4
Q65242,2639.0,2639.0,3220,0.18,579.6,1.4
Q65247,2639.0,2639.0,3220,0.18,579.6,1.4
Q65281,2639.0,2639.0,3220,0.18,579.6,1.4
Q68294,2639.0,2639.0,3220,0.18,579.6,1.4
Q68355,2639.0,2639.0,3220,0.18,579.6,1.4
Q68363,2639.0,2639.0,3220,0.18,579.6,1.4
Q68419,2639.0,2639.0,3220,0.18,579.6,1.4
Q68477,2639.0,2639.0,3220,0.18,579.6,1.4
Q68482,2639.0,2639.0,3220,0.18,579.6,1.4
Q68552,2639.0,2639.0,3220,0.18,579.6,1.4
Q68591,2639.0,2639.0,3220,0.18,579.6,1.4
Q68718,2639.0,2639.0,3220,0.18,579.6,1.4
TB1581,2639.0,2639.0,3220,0.18,579.6,1.4
QAPU 2053 CH/GMS03(1080p),2594.0,2594.0,3170,0.18,570.6,5.4
Q64637,2594.0,2594.0,3170,0.18,570.6,5.4
Q64638,2594.0,2594.0,3170,0.18,570.6,5.4
Q64639,2594.0,2594.0,3170,0.18,570.6,5.4
Q64667,2594.0,2594.0,3170,0.18,570.6,5.4
Q64695,2594.0,2594.0,3170,0.18,570.6,5.4
Q64725,2594.0,2594.0,3170,0.18,570.6,5.4
Q64765,2594.0,2594.0,3170,0.18,570.6,5.4
Q64767,2594.0,2594.0,3170,0.18,570.6,5.4
Q64907,2594.0,2594.0,3170,0.18,570.6,5.4
Q64937,2594.0,2594.0,3170,0.18,570.6,5.4
Q64972,2594.0,2594.0,3170,0.18,570.6,5.4
Q65060,2594.0,2594.0,3170,0.18,570.6,5.4
Q65064,2594.0,2594.0,3170,0.18,570.6,5.4
Q65066,2594.0,2594.0,3170,0.18,570.6,5.4
Q65127,2594.0,2594.0,3170,0.18,570.6,5.4
Q65159,2594.0,2594.0,3170,0.18,570.6,5.4
Q65162,2594.0,2594.0,3170,0.18,570.6,5.4
Q65164,2594.0,2594.0,3170,0.18,570.6,5.4
Q65165,2594.0,2594.0,3170,0.18,570.6,5.4
Q65201,2594.0,2594.0,3170,0.18,570.6,5.4
Q65333,2594.0,2594.0,3170,0.18,570.6,5.4
Q68231,2594.0,2594.0,3170,0.18,570.6,5.4
Q68244,2594.0,2594.0,3170,0.18,570.6,5.4
Q68274,2594.0,2594.0,3170,0.18,570.6,5.4
Q68354,2594.0,2594.0,3170,0.18,570.6,5.4
Q68381,2594.0,2594.0,3170,0.18,570.6,5.4
Q68387,2594.0,2594.0,3170,0.18,570.6,5.4
Q68391,2594.0,2594.0,3170,0.18,570.6,5.4
Q68395,2594.0,2594.0,3170,0.18,570.6,5.4
Q68399,2594.0,2594.0,3170,0.18,570.6,5.4
Q68478,2594.0,2594.0,3170,0.18,570.6,5.4
Q68528,2594.0,2594.0,3170,0.18,570.6,5.4
Q68529,2594.0,2594.0,3170,0.18,570.6,5.4
Q68546,2594.0,2594.0,3170,0.18,570.6,5.4
Q68548,2594.0,2594.0,3170,0.18,570.6,5.4
16-041,2548.0,2548.0,3110,0.18,559.8,2.2
16-072,2548.0,2548.0,3110,0.18,559.8,2.2
16-167,2548.0,2548.0,3110,0.18,559.8,2.2
22-281,2548.0,2548.0,3110,0.18,559.8,2.2
QBR-K 2612-42,2548.0,2548.0,3110,0.18,559.8,2.2
QBR-K 2612-82,2548.0,2548.0,3110,0.18,559.8,2.2
Q64657,2548.0,2548.0,3110,0.18,559.8,2.2
Q64660,2548.0,2548.0,3110,0.18,559.8,2.2
Q64675,2548.0,2548.0,3110,0.18,559.8,2.2
Q64694,2548.0,2548.0,3110,0.18,559.8,2.2
Q64791,2548.0,2548.0,3110,0.18,559.8,2.2
Q64797,2548.0,2548.0,3110,0.18,559.8,2.2
Q64800,2548.0,2548.0,3110,0.18,559.8,2.2
Q64803,2548.0,2548.0,3110,0.18,559.8,2.2
Q64840,2548.0,2548.0,3110,0.18,559.8,2.2
Q64860,2548.0,2548.0,3110,0.18,559.8,2.2
Q64936,2548.0,2548.0,3110,0.18,559.8,2.2
Q64952,2548.0,2548.0,3110,0.18,559.8,2.2
Q64954,2548.0,2548.0,3110,0.18,559.8,2.2
Q64963,2548.0,2548.0,3110,0.18,559.8,2.2
Q64967,2548.0,2548.0,3110,0.18,559.8,2.2
Q64984,2548.0,2548.0,3110,0.18,559.8,2.2
Q65000,2548.0,2548.0,3110,0.18,559.8,2.2
Q65056,2548.0,2548.0,3110,0.18,559.8,2.2
Q65067,2548.0,2548.0,3110,0.18,559.8,2.2
Q65076,2548.0,2548.0,3110,0.18,559.8,2.2
Q65086,2548.0,2548.0,3110,0.18,559.8,2.2
Q65094,2548.0,2548.0,3110,0.18,559.8,2.2
Q65099,2548.0,2548.0,3110,0.18,559.8,2.2
Q65102,2548.0,2548.0,3110,0.18,559.8,2.2
Q65121,2548.0,2548.0,3110,0.18,559.8,2.2
Q65123,2548.0,2548.0,3110,0.18,559.8,2.2
Q65243,2548.0,2548.0,3110,0.18,559.8,2.2
Q65252,2548.0,2548.0,3110,0.18,559.8,2.2
Q65267,2548.0,2548.0,3110,0.18,559.8,2.2
Q65279,2548.0,2548.0,3110,0.18,559.8,2.2
Q65285,2548.0,2548.0,3110,0.18,559.8,2.2
Q65332,2548.0,2548.0,3110,0.18,559.8,2.2
Q65396,2548.0,2548.0,3110,0.18,559.8,2.2
QBR-FH 0602-68A,2548.0,2548.0,3110,0.18,559.8,2.2
Q68232,2548.0,2548.0,3110,0.18,559.8,2.2
Q68237,2548.0,2548.0,3110,0.18,559.8,2.2
Q68238,2548.0,2548.0,3110,0.18,559.8,2.2
Q68240,2548.0,2548.0,3110,0.18,559.8,2.2
Q68243,2548.0,2548.0,3110,0.18,559.8,2.2
Q68250,2548.0,2548.0,3110,0.18,559.8,2.2
Q68278,2548.0,2548.0,3110,0.18,559.8,2.2
Q68279,2548.0,2548.0,3110,0.18,559.8,2.2
Q68298,2548.0,2548.0,3110,0.18,559.8,2.2
Q68305,2548.0,2548.0,3110,0.18,559.8,2.2
Q68386,2548.0,2548.0,3110,0.18,559.8,2.2
Q68405,2548.0,2548.0,3110,0.18,559.8,2.2
Q68481,2548.0,2548.0,3110,0.18,559.8,2.2
Q68483,2548.0,2548.0,3110,0.18,559.8,2.2
Q68494,2548.0,2548.0,3110,0.18,559.8,2.2
Q68498,2548.0,2548.0,3110,0.18,559.8,2.2
Q68509,2548.0,2548.0,3110,0.18,559.8,2.2
Q68511,2548.0,2548.0,3110,0.18,559.8,2.2
Q68536,2548.0,2548.0,3110,0.18,559.8,2.2
Q68753,2548.0,2548.0,3110,0.18,559.8,2.2
Q68754,2548.0,2548.0,3110,0.18,559.8,2.2
QAPU 2053 CH/GMS02(1080p),2503.0,2503.0,3060,0.18,550.8,6.2
16-048,2503.0,2503.0,3060,0.18,550.8,6.2
22-068,2503.0,2503.0,3060,0.18,550.8,6.2
22-234,2503.0,2503.0,3060,0.18,550.8,6.2
22-280,2503.0,2503.0,3060,0.18,550.8,6.2
22-357,2503.0,2503.0,3060,0.18,550.8,6.2
Q64586,2503.0,2503.0,3060,0.18,550.8,6.2
Q64662,2503.0,2503.0,3060,0.18,550.8,6.2
Q64677,2503.0,2503.0,3060,0.18,550.8,6.2
Q64723,2503.0,2503.0,3060,0.18,550.8,6.2
Q64736,2503.0,2503.0,3060,0.18,550.8,6.2
Q64738,2503.0,2503.0,3060,0.18,550.8,6.2
Q64739,2503.0,2503.0,3060,0.18,550.8,6.2
Q64747,2503.0,2503.0,3060,0.18,550.8,6.2
Q64778,2503.0,2503.0,3060,0.18,550.8,6.2
Q64779,2503.0,2503.0,3060,0.18,550.8,6.2
Q64829,2503.0,2503.0,3060,0.18,550.8,6.2
Q64854,2503.0,2503.0,3060,0.18,550.8,6.2
Q65043,2503.0,2503.0,3060,0.18,550.8,6.2
Q65046,2503.0,2503.0,3060,0.18,550.8,6.2
Q65053,2503.0,2503.0,3060,0.18,550.8,6.2
Q65055,2503.0,2503.0,3060,0.18,550.8,6.2
Q65058,2503.0,2503.0,3060,0.18,550.8,6.2
Q65068,2503.0,2503.0,3060,0.18,550.8,6.2
Q65078,2503.0,2503.0,3060,0.18,550.8,6.2
Q65096,2503.0,2503.0,3060,0.18,550.8,6.2
Q65101,2503.0,2503.0,3060,0.18,550.8,6.2
Q65184,2503.0,2503.0,3060,0.18,550.8,6.2
Q65239,2503.0,2503.0,3060,0.18,550.8,6.2
Q65263,2503.0,2503.0,3060,0.18,550.8,6.2
Q65407,2503.0,2503.0,3060,0.18,550.8,6.2
QQAU/VW 8002 (K),2503.0,2503.0,3060,0.18,550.8,6.2
QMB 8003 (K),2503.0,2503.0,3060,0.18,550.8,6.2
QLR/FD 8004 (K),2503.0,2503.0,3060,0.18,550.8,6.2
QAU 8005 (K),2503.0,2503.0,3060,0.18,550.8,6.2
QBM 8006 (K),2503.0,2503.0,3060,0.18,550.8,6.2
QMB 8008 (K),2503.0,2503.0,3060,0.18,550.8,6.2
QMB 8009 (K),2503.0,2503.0,3060,0.18,550.8,6.2
QSK 8011 (K),2503.0,2503.0,3060,0.18,550.8,6.2
QQAU/SK 8012 (K),2503.0,2503.0,3060,0.18,550.8,6.2
QMB 8013 (K),2503.0,2503.0,3060,0.18,550.8,6.2
QMB 8042 (K),2503.0,2503.0,3060,0.18,550.8,6.2
QMB 8015 (K),2503.0,2503.0,3060,0.18,550.8,6.2
QRN 8016 (K),2503.0,2503.0,3060,0.18,550.8,6.2
QBR-F 0555-68,2503.0,2503.0,3060,0.18,550.8,6.2
QBR-F 0639-68,2503.0,2503.0,3060,0.18,550.8,6.2
AU4160,2503.0,2503.0,3060,0.18,550.8,6.2
QBR-K 1224-36A,2503.0,2503.0,3060,0.18,550.8,6.2
QBR-K 2613-42,2503.0,2503.0,3060,0.18,550.8,6.2
QBR-K 2609-42,2503.0,2503.0,3060,0.18,550.8,6.2
QBR-K 0533-36A,2503.0,2503.0,3060,0.18,550.8,6.2
QBR-K 0533-36,2503.0,2503.0,3060,0.18,550.8,6.2
QBR-K 0497-42A,2503.0,2503.0,3060,0.18,550.8,6.2
QBR-K 0497-36A,2503.0,2503.0,3060,0.18,550.8,6.2
Q68242,2503.0,2503.0,3060,0.18,550.8,6.2
Q68277,2503.0,2503.0,3060,0.18,550.8,6.2
Q68297,2503.0,2503.0,3060,0.18,550.8,6.2
Q68489,2503.0,2503.0,3060,0.18,550.8,6.2
Q68513,2503.0,2503.0,3060,0.18,550.8,6.2
Q68724,2503.0,2503.0,3060,0.18,550.8,6.2
Q68736,2503.0,2503.0,3060,0.18,550.8,6.2
Q68755,2503.0,2503.0,3060,0.18,550.8,6.2
Q68756,2503.0,2503.0,3060,0.18,550.8,6.2
16-212,2457.0,2457.0,3000,0.18,540.0,3.0
22-268,2457.0,2457.0,3000,0.18,540.0,3.0
22-340,2457.0,2457.0,3000,0.18,540.0,3.0
22-361,2457.0,2457.0,3000,0.18,540.0,3.0
22-609,2457.0,2457.0,3000,0.18,540.0,3.0
22-636,2457.0,2457.0,3000,0.18,540.0,3.0
Q64428,2457.0,2457.0,3000,0.18,540.0,3.0
Q64429,2457.0,2457.0,3000,0.18,540.0,3.0
Q64636,2457.0,2457.0,3000,0.18,540.0,3.0
Q64644,2457.0,2457.0,3000,0.18,540.0,3.0
Q64653,2457.0,2457.0,3000,0.18,540.0,3.0
Q64654,2457.0,2457.0,3000,0.18,540.0,3.0
Q64656,2457.0,2457.0,3000,0.18,540.0,3.0
Q64679,2457.0,2457.0,3000,0.18,540.0,3.0
Q64680,2457.0,2457.0,3000,0.18,540.0,3.0
Q64711,2457.0,2457.0,3000,0.18,540.0,3.0
Q64722,2457.0,2457.0,3000,0.18,540.0,3.0
Q64724,2457.0,2457.0,3000,0.18,540.0,3.0
Q64727,2457.0,2457.0,3000,0.18,540.0,3.0
Q64740,2457.0,2457.0,3000,0.18,540.0,3.0
Q64771,2457.0,2457.0,3000,0.18,540.0,3.0
Q64790,2457.0,2457.0,3000,0.18,540.0,3.0
Q64795,2457.0,2457.0,3000,0.18,540.0,3.0
Q64796,2457.0,2457.0,3000,0.18,540.0,3.0
Q64852,2457.0,2457.0,3000,0.18,540.0,3.0
Q64856,2457.0,2457.0,3000,0.18,540.0,3.0
Q64999,2457.0,2457.0,3000,0.18,540.0,3.0
Q65054,2457.0,2457.0,3000,0.18,540.0,3.0
Q65057,2457.0,2457.0,3000,0.18,540.0,3.0
Q65075,2457.0,2457.0,3000,0.18,540.0,3.0
Q65079,2457.0,2457.0,3000,0.18,540.0,3.0
Q65080,2457.0,2457.0,3000,0.18,540.0,3.0
Q65128,2457.0,2457.0,3000,0.18,540.0,3.0
Q65129,2457.0,2457.0,3000,0.18,540.0,3.0
Q65171,2457.0,2457.0,3000,0.18,540.0,3.0
Q65238,2457.0,2457.0,3000,0.18,540.0,3.0
Q65256,2457.0,2457.0,3000,0.18,540.0,3.0
Q65260,2457.0,2457.0,3000,0.18,540.0,3.0
Q65261,2457.0,2457.0,3000,0.18,540.0,3.0
Q65262,2457.0,2457.0,3000,0.18,540.0,3.0
Q65314,2457.0,2457.0,3000,0.18,540.0,3.0
QBR-FH 2302-68A,2457.0,2457.0,3000,0.18,540.0,3.0
Q68241,2457.0,2457.0,3000,0.18,540.0,3.0
Q68251,2457.0,2457.0,3000,0.18,540.0,3.0
Q68291,2457.0,2457.0,3000,0.18,540.0,3.0
Q68292,2457.0,2457.0,3000,0.18,540.0,3.0
Q68308,2457.0,2457.0,3000,0.18,540.0,3.0
Q68334,2457.0,2457.0,3000,0.18,540.0,3.0
Q68390,2457.0,2457.0,3000,0.18,540.0,3.0
Q68393,2457.0,2457.0,3000,0.18,540.0,3.0
Q68397,2457.0,2457.0,3000,0.18,540.0,3.0
Q68406,2457.0,2457.0,3000,0.18,540.0,3.0
Q68476,2457.0,2457.0,3000,0.18,540.0,3.0
Q68515,2457.0,2457.0,3000,0.18,540.0,3.0
Q68530,2457.0,2457.0,3000,0.18,540.0,3.0
Q68535,2457.0,2457.0,3000,0.18,540.0,3.0
Q68543,2457.0,2457.0,3000,0.18,540.0,3.0
Q68551,2457.0,2457.0,3000,0.18,540.0,3.0
Q68715,2457.0,2457.0,3000,0.18,540.0,3.0
Q68729,2457.0,2457.0,3000,0.18,540.0,3.0
22-267,2412.0,2412.0,2950,0.18,531.0,7.0
22-309,2412.0,2412.0,2950,0.18,531.0,7.0
22-336,2412.0,2412.0,2950,0.18,531.0,7.0
22-337,2412.0,2412.0,2950,0.18,531.0,7.0
Q64646,2412.0,2412.0,2950,0.18,531.0,7.0
Q64676,2412.0,2412.0,2950,0.18,531.0,7.0
Q64678,2412.0,2412.0,2950,0.18,531.0,7.0
Q64698,2412.0,2412.0,2950,0.18,531.0,7.0
Q64718,2412.0,2412.0,2950,0.18,531.0,7.0
Q64745,2412.0,2412.0,2950,0.18,531.0,7.0
Q64749,2412.0,2412.0,2950,0.18,531.0,7.0
Q64853,2412.0,2412.0,2950,0.18,531.0,7.0
Q64862,2412.0,2412.0,2950,0.18,531.0,7.0
Q64927,2412.0,2412.0,2950,0.18,531.0,7.0
Q64928,2412.0,2412.0,2950,0.18,531.0,7.0
Q64932,2412.0,2412.0,2950,0.18,531.0,7.0
Q64933,2412.0,2412.0,2950,0.18,531.0,7.0
Q64934,2412.0,2412.0,2950,0.18,531.0,7.0
Q64940,2412.0,2412.0,2950,0.18,531.0,7.0
Q64956,2412.0,2412.0,2950,0.18,531.0,7.0
Q64973,2412.0,2412.0,2950,0.18,531.0,7.0
Q64976,2412.0,2412.0,2950,0.18,531.0,7.0
Q65030,2412.0,2412.0,2950,0.18,531.0,7.0
Q65037,2412.0,2412.0,2950,0.18,531.0,7.0
Q65045,2412.0,2412.0,2950,0.18,531.0,7.0
Q65047,2412.0,2412.0,2950,0.18,531.0,7.0
Q65077,2412.0,2412.0,2950,0.18,531.0,7.0
Q65085,2412.0,2412.0,2950,0.18,531.0,7.0
Q65095,2412.0,2412.0,2950,0.18,531.0,7.0
Q65104,2412.0,2412.0,2950,0.18,531.0,7.0
Q65237,2412.0,2412.0,2950,0.18,531.0,7.0
Q65248,2412.0,2412.0,2950,0.18,531.0,7.0
Q65251,2412.0,2412.0,2950,0.18,531.0,7.0
Q65278,2412.0,2412.0,2950,0.18,531.0,7.0
Q65325,2412.0,2412.0,2950,0.18,531.0,7.0
Q65346,2412.0,2412.0,2950,0.18,531.0,7.0
Q65348,2412.0,2412.0,2950,0.18,531.0,7.0
Q65356,2412.0,2412.0,2950,0.18,531.0,7.0
QBR-FH 3701-13,2412.0,2412.0,2950,0.18,531.0,7.0
Q68236,2412.0,2412.0,2950,0.18,531.0,7.0
Q68256,2412.0,2412.0,2950,0.18,531.0,7.0
Q68280,2412.0,2412.0,2950,0.18,531.0,7.0
Q68313,2412.0,2412.0,2950,0.18,531.0,7.0
Q68396,2412.0,2412.0,2950,0.18,531.0,7.0
Q68412,2412.0,2412.0,2950,0.18,531.0,7.0
Q68464,2412.0,2412.0,2950,0.18,531.0,7.0
Q68485,2412.0,2412.0,2950,0.18,531.0,7.0
Q68510,2412.0,2412.0,2950,0.18,531.0,7.0
Q68566,2412.0,2412.0,2950,0.18,531.0,7.0
Q68723,2412.0,2412.0,2950,0.18,531.0,7.0
Q68849,2412.0,2412.0,2950,0.18,531.0,7.0
QAPU 2053 DG 01 (1080p),2366.0,2366.0,2890,0.18,520.2,3.8
QAPU 2053 FD 05 (1080p),2366.0,2366.0,2890,0.18,520.2,3.8
QAPU 2053 NS 01 (1080p),2366.0,2366.0,2890,0.18,520.2,3.8
QAPU 2053 TY 03 (1080p),2366.0,2366.0,2890,0.18,520.2,3.8
16-097,2366.0,2366.0,2890,0.18,520.2,3.8
22-1412,2366.0,2366.0,2890,0.18,520.2,3.8
22-1471,2366.0,2366.0,2890,0.18,520.2,3.8
22-1479,2366.0,2366.0,2890,0.18,520.2,3.8
22-1483,2366.0,2366.0,2890,0.18,520.2,3.8
22-481,2366.0,2366.0,2890,0.18,520.2,3.8
22-783,2366.0,2366.0,2890,0.18,520.2,3.8
22-996,2366.0,2366.0,2890,0.18,520.2,3.8
QBR-A 0012-18,2366.0,2366.0,2890,0.18,520.2,3.8
Q64635,2366.0,2366.0,2890,0.18,520.2,3.8
Q64647,2366.0,2366.0,2890,0.18,520.2,3.8
Q64710,2366.0,2366.0,2890,0.18,520.2,3.8
Q64717,2366.0,2366.0,2890,0.18,520.2,3.8
Q64830,2366.0,2366.0,2890,0.18,520.2,3.8
Q64838,2366.0,2366.0,2890,0.18,520.2,3.8
Q64851,2366.0,2366.0,2890,0.18,520.2,3.8
Q64858,2366.0,2366.0,2890,0.18,520.2,3.8
Q64931,2366.0,2366.0,2890,0.18,520.2,3.8
Q64935,2366.0,2366.0,2890,0.18,520.2,3.8
Q64942,2366.0,2366.0,2890,0.18,520.2,3.8
Q64957,2366.0,2366.0,2890,0.18,520.2,3.8
Q64969,2366.0,2366.0,2890,0.18,520.2,3.8
Q64970,2366.0,2366.0,2890,0.18,520.2,3.8
Q64978,2366.0,2366.0,2890,0.18,520.2,3.8
Q64994,2366.0,2366.0,2890,0.18,520.2,3.8
Q64998,2366.0,2366.0,2890,0.18,520.2,3.8
Q65025,2366.0,2366.0,2890,0.18,520.2,3.8
Q65028,2366.0,2366.0,2890,0.18,520.2,3.8
Q65031,2366.0,2366.0,2890,0.18,520.2,3.8
Q65081,2366.0,2366.0,2890,0.18,520.2,3.8
Q65100,2366.0,2366.0,2890,0.18,520.2,3.8
Q65255,2366.0,2366.0,2890,0.18,520.2,3.8
Q65324,2366.0,2366.0,2890,0.18,520.2,3.8
Q65338,2366.0,2366.0,2890,0.18,520.2,3.8
Q65360,2366.0,2366.0,2890,0.18,520.2,3.8
QBR-F 2325-68,2366.0,2366.0,2890,0.18,520.2,3.8
QBR-F 4601-39,2366.0,2366.0,2890,0.18,520.2,3.8
Q68255,2366.0,2366.0,2890,0.18,520.2,3.8
Q68286,2366.0,2366.0,2890,0.18,520.2,3.8
Q68295,2366.0,2366.0,2890,0.18,520.2,3.8
Q68307,2366.0,2366.0,2890,0.18,520.2,3.8
Q68484,2366.0,2366.0,2890,0.18,520.2,3.8
Q68501,2366.0,2366.0,2890,0.18,520.2,3.8
Q68517,2366.0,2366.0,2890,0.18,520.2,3.8
Q68562,2366.0,2366.0,2890,0.18,520.2,3.8
Q68713,2366.0,2366.0,2890,0.18,520.2,3.8
Q68758,2366.0,2366.0,2890,0.18,520.2,3.8
Q68876,2366.0,2366.0,2890,0.18,520.2,3.8
Q68933,2366.0,2366.0,2890,0.18,520.2,3.8
QAPU 2053 FD 06 (1080p),2321.0,2321.0,2840,0.18,511.2,7.8
QAPU 2053 IZ 01 (1080p),2321.0,2321.0,2840,0.18,511.2,7.8
Q65637,2321.0,2321.0,2840,0.18,511.2,7.8
Q64648,2321.0,2321.0,2840,0.18,511.2,7.8
Q64701,2321.0,2321.0,2840,0.18,511.2,7.8
Q64702,2321.0,2321.0,2840,0.18,511.2,7.8
Q64703,2321.0,2321.0,2840,0.18,511.2,7.8
Q64728,2321.0,2321.0,2840,0.18,511.2,7.8
Q64729,2321.0,2321.0,2840,0.18,511.2,7.8
Q64743,2321.0,2321.0,2840,0.18,511.2,7.8
Q64805,2321.0,2321.0,2840,0.18,511.2,7.8
Q64857,2321.0,2321.0,2840,0.18,511.2,7.8
Q64955,2321.0,2321.0,2840,0.18,511.2,7.8
Q64960,2321.0,2321.0,2840,0.18,511.2,7.8
Q64962,2321.0,2321.0,2840,0.18,511.2,7.8
Q64971,2321.0,2321.0,2840,0.18,511.2,7.8
Q65018,2321.0,2321.0,2840,0.18,511.2,7.8
Q65026,2321.0,2321.0,2840,0.18,511.2,7.8
Q65039,2321.0,2321.0,2840,0.18,511.2,7.8
Q65044,2321.0,2321.0,2840,0.18,511.2,7.8
Q65074,2321.0,2321.0,2840,0.18,511.2,7.8
Q65091,2321.0,2321.0,2840,0.18,511.2,7.8
Q65138,2321.0,2321.0,2840,0.18,511.2,7.8
Q65166,2321.0,2321.0,2840,0.18,511.2,7.8
Q65264,2321.0,2321.0,2840,0.18,511.2,7.8
Q65323,2321.0,2321.0,2840,0.18,511.2,7.8
Q68288,2321.0,2321.0,2840,0.18,511.2,7.8
Q68312,2321.0,2321.0,2840,0.18,511.2,7.8
Q68349,2321.0,2321.0,2840,0.18,511.2,7.8
Q68392,2321.0,2321.0,2840,0.18,511.2,7.8
Q68407,2321.0,2321.0,2840,0.18,511.2,7.8
Q68499,2321.0,2321.0,2840,0.18,511.2,7.8
Q68527,2321.0,2321.0,2840,0.18,511.2,7.8
Q68757,2321.0,2321.0,2840,0.18,511.2,7.8
Q68782,2321.0,2321.0,2840,0.18,511.2,7.8
Q68785,2321.0,2321.0,2840,0.18,511.2,7.8
Q68907,2321.0,2321.0,2840,0.18,511.2,7.8
Q68934,2321.0,2321.0,2840,0.18,511.2,7.8
HD0352A,2293.0,2293.0,2800,0.18,504.0,3.0
HD0379,2293.0,2293.0,2800,0.18,504.0,3.0
16-068,2286.0,2286.0,2790,0.18,502.2,1.8
16-121,2275.0,2275.0,2780,0.18,500.4,4.6
22-1035,2275.0,2275.0,2780,0.18,500.4,4.6
22-1126,2275.0,2275.0,2780,0.18,500.4,4.6
22-1149,2275.0,2275.0,2780,0.18,500.4,4.6
22-299,2275.0,2275.0,2780,0.18,500.4,4.6
22-317,2275.0,2275.0,2780,0.18,500.4,4.6
22-318,2275.0,2275.0,2780,0.18,500.4,4.6
22-327,2275.0,2275.0,2780,0.18,500.4,4.6
22-664,2275.0,2275.0,2780,0.18,500.4,4.6
22-706,2275.0,2275.0,2780,0.18,500.4,4.6
22-724,2275.0,2275.0,2780,0.18,500.4,4.6
Q65618,2275.0,2275.0,2780,0.18,500.4,4.6
Q64649,2275.0,2275.0,2780,0.18,500.4,4.6
Q64661,2275.0,2275.0,2780,0.18,500.4,4.6
Q64683,2275.0,2275.0,2780,0.18,500.4,4.6
Q64715,2275.0,2275.0,2780,0.18,500.4,4.6
Q64826,2275.0,2275.0,2780,0.18,500.4,4.6
Q64832,2275.0,2275.0,2780,0.18,500.4,4.6
Q64836,2275.0,2275.0,2780,0.18,500.4,4.6
Q64847,2275.0,2275.0,2780,0.18,500.4,4.6
Q64867,2275.0,2275.0,2780,0.18,500.4,4.6
Q64944,2275.0,2275.0,2780,0.18,500.4,4.6
Q64950,2275.0,2275.0,2780,0.18,500.4,4.6
Q64951,2275.0,2275.0,2780,0.18,500.4,4.6
Q64959,2275.0,2275.0,2780,0.18,500.4,4.6
Q64977,2275.0,2275.0,2780,0.18,500.4,4.6
Q64985,2275.0,2275.0,2780,0.18,500.4,4.6
Q64986,2275.0,2275.0,2780,0.18,500.4,4.6
Q64987,2275.0,2275.0,2780,0.18,500.4,4.6
Q64993,2275.0,2275.0,2780,0.18,500.4,4.6
Q65050,2275.0,2275.0,2780,0.18,500.4,4.6
Q65051,2275.0,2275.0,2780,0.18,500.4,4.6
Q65090,2275.0,2275.0,2780,0.18,500.4,4.6
Q65122,2275.0,2275.0,2780,0.18,500.4,4.6
Q65173,2275.0,2275.0,2780,0.18,500.4,4.6
Q65226,2275.0,2275.0,2780,0.18,500.4,4.6
Q65258,2275.0,2275.0,2780,0.18,500.4,4.6
Q65322,2275.0,2275.0,2780,0.18,500.4,4.6
Q65337,2275.0,2275.0,2780,0.18,500.4,4.6
Q65342,2275.0,2275.0,2780,0.18,500.4,4.6
Q65459,2275.0,2275.0,2780,0.18,500.4,4.6
QBR-K 1210-36,2275.0,2275.0,2780,0.18,500.4,4.6
QBR-K 1210-35,2275.0,2275.0,2780,0.18,500.4,4.6
Q68239,2275.0,2275.0,2780,0.18,500.4,4.6
Q68253,2275.0,2275.0,2780,0.18,500.4,4.6
Q68254,2275.0,2275.0,2780,0.18,500.4,4.6
Q68293,2275.0,2275.0,2780,0.18,500.4,4.6
Q68319,2275.0,2275.0,2780,0.18,500.4,4.6
Q68411,2275.0,2275.0,2780,0.18,500.4,4.6
Q68488,2275.0,2275.0,2780,0.18,500.4,4.6
Q68549,2275.0,2275.0,2780,0.18,500.4,4.6
Q68550,2275.0,2275.0,2780,0.18,500.4,4.6
Q68581,2275.0,2275.0,2780,0.18,500.4,4.6
Q68637,2275.0,2275.0,2780,0.18,500.4,4.6
Q68852,2275.0,2275.0,2780,0.18,500.4,4.6
Q68904,2275.0,2275.0,2780,0.18,500.4,4.6
DVR_X8_2K,2275.0,2275.0,2780,0.18,500.4,4.6
QBR-FH 1107-42,2275.0,2275.0,2780,0.18,500.4,4.6
QBR-FH 1106-42,2275.0,2275.0,2780,0.18,500.4,4.6
QIV Q-BA S 662,2275.0,2275.0,2780,0.18,500.4,4.6
TBN1000,2275.0,2275.0,2780,0.18,500.4,4.6
QBR-FH 2611-68,2275.0,2275.0,2780,0.18,500.4,4.6
HD0352,2257.0,2257.0,2760,0.18,496.8,6.2
IN0599,2257.0,2257.0,2760,0.18,496.8,6.2
16-058,2230.0,2230.0,2720,0.18,489.6,0.4
22-025,2230.0,2230.0,2720,0.18,489.6,0.4
22-103,2230.0,2230.0,2720,0.18,489.6,0.4
22-117,2230.0,2230.0,2720,0.18,489.6,0.4
22-150,2230.0,2230.0,2720,0.18,489.6,0.4
22-652,2230.0,2230.0,2720,0.18,489.6,0.4
Q65679,2230.0,2230.0,2720,0.18,489.6,0.4
Q65680,2230.0,2230.0,2720,0.18,489.6,0.4
Q64470,2230.0,2230.0,2720,0.18,489.6,0.4
Q64519,2230.0,2230.0,2720,0.18,489.6,0.4
Q64663,2230.0,2230.0,2720,0.18,489.6,0.4
Q64664,2230.0,2230.0,2720,0.18,489.6,0.4
Q64769,2230.0,2230.0,2720,0.18,489.6,0.4
Q64775,2230.0,2230.0,2720,0.18,489.6,0.4
Q64802,2230.0,2230.0,2720,0.18,489.6,0.4
Q64804,2230.0,2230.0,2720,0.18,489.6,0.4
Q64828,2230.0,2230.0,2720,0.18,489.6,0.4
Q64831,2230.0,2230.0,2720,0.18,489.6,0.4
Q64837,2230.0,2230.0,2720,0.18,489.6,0.4
Q64848,2230.0,2230.0,2720,0.18,489.6,0.4
Q64873,2230.0,2230.0,2720,0.18,489.6,0.4
Q64883,2230.0,2230.0,2720,0.18,489.6,0.4
Q64924,2230.0,2230.0,2720,0.18,489.6,0.4
Q64925,2230.0,2230.0,2720,0.18,489.6,0.4
Q64929,2230.0,2230.0,2720,0.18,489.6,0.4
Q64941,2230.0,2230.0,2720,0.18,489.6,0.4
Q64947,2230.0,2230.0,2720,0.18,489.6,0.4
Q64961,2230.0,2230.0,2720,0.18,489.6,0.4
Q64979,2230.0,2230.0,2720,0.18,489.6,0.4
Q64992,2230.0,2230.0,2720,0.18,489.6,0.4
Q64995,2230.0,2230.0,2720,0.18,489.6,0.4
Q64996,2230.0,2230.0,2720,0.18,489.6,0.4
Q65019,2230.0,2230.0,2720,0.18,489.6,0.4
Q65020,2230.0,2230.0,2720,0.18,489.6,0.4
Q65048,2230.0,2230.0,2720,0.18,489.6,0.4
Q65049,2230.0,2230.0,2720,0.18,489.6,0.4
Q65065,2230.0,2230.0,2720,0.18,489.6,0.4
Q65088,2230.0,2230.0,2720,0.18,489.6,0.4
Q65235,2230.0,2230.0,2720,0.18,489.6,0.4
Q65236,2230.0,2230.0,2720,0.18,489.6,0.4
Q65265,2230.0,2230.0,2720,0.18,489.6,0.4
Q65335,2230.0,2230.0,2720,0.18,489.6,0.4
Q65347,2230.0,2230.0,2720,0.18,489.6,0.4
Q65354,2230.0,2230.0,2720,0.18,489.6,0.4
QBR-FH 1103-01,2230.0,2230.0,2720,0.18,489.6,0.4
QBR-FH 0446-10,2230.0,2230.0,2720,0.18,489.6,0.4
Q68340,2230.0,2230.0,2720,0.18,489.6,0.4
Q68375,2230.0,2230.0,2720,0.18,489.6,0.4
Q68524,2230.0,2230.0,2720,0.18,489.6,0.4
Q68525,2230.0,2230.0,2720,0.18,489.6,0.4
Q68538,2230.0,2230.0,2720,0.18,489.6,0.4
Q68597,2230.0,2230.0,2720,0.18,489.6,0.4
Q68726,2230.0,2230.0,2720,0.18,489.6,0.4
Q68728,2230.0,2230.0,2720,0.18,489.6,0.4
Q68735,2230.0,2230.0,2720,0.18,489.6,0.4
Q68812,2230.0,2230.0,2720,0.18,489.6,0.4
16-086,2184.0,2184.0,2670,0.18,480.6,5.4
16-134,2184.0,2184.0,2670,0.18,480.6,5.4
22-359,2184.0,2184.0,2670,0.18,480.6,5.4
22-377,2184.0,2184.0,2670,0.18,480.6,5.4
QBR-W BM-3806,2184.0,2184.0,2670,0.18,480.6,5.4
Q64655,2184.0,2184.0,2670,0.18,480.6,5.4
Q64658,2184.0,2184.0,2670,0.18,480.6,5.4
Q64719,2184.0,2184.0,2670,0.18,480.6,5.4
Q64731,2184.0,2184.0,2670,0.18,480.6,5.4
Q64772,2184.0,2184.0,2670,0.18,480.6,5.4
Q64774,2184.0,2184.0,2670,0.18,480.6,5.4
Q64777,2184.0,2184.0,2670,0.18,480.6,5.4
Q64785,2184.0,2184.0,2670,0.18,480.6,5.4
Q64787,2184.0,2184.0,2670,0.18,480.6,5.4
Q64792,2184.0,2184.0,2670,0.18,480.6,5.4
Q64827,2184.0,2184.0,2670,0.18,480.6,5.4
Q64833,2184.0,2184.0,2670,0.18,480.6,5.4
Q64834,2184.0,2184.0,2670,0.18,480.6,5.4
Q64835,2184.0,2184.0,2670,0.18,480.6,5.4
Q64839,2184.0,2184.0,2670,0.18,480.6,5.4
Q64958,2184.0,2184.0,2670,0.18,480.6,5.4
Q65228,2184.0,2184.0,2670,0.18,480.6,5.4
Q65253,2184.0,2184.0,2670,0.18,480.6,5.4
Q65254,2184.0,2184.0,2670,0.18,480.6,5.4
Q65305,2184.0,2184.0,2670,0.18,480.6,5.4
Q65328,2184.0,2184.0,2670,0.18,480.6,5.4
Q65345,2184.0,2184.0,2670,0.18,480.6,5.4
TB1388,2184.0,2184.0,2670,0.18,480.6,5.4
Q68322,2184.0,2184.0,2670,0.18,480.6,5.4
Q68360,2184.0,2184.0,2670,0.18,480.6,5.4
Q68531,2184.0,2184.0,2670,0.18,480.6,5.4
Q68717,2184.0,2184.0,2670,0.18,480.6,5.4
Q68851,2184.0,2184.0,2670,0.18,480.6,5.4
QBR-F 3943-82,2184.0,2184.0,2670,0.18,480.6,5.4
LTB4114,2184.0,2184.0,2670,0.18,480.6,5.4
LTB4115,2184.0,2184.0,2670,0.18,480.6,5.4
Q68919,2161.0,2161.0,2640,0.18,475.2,3.8
QAPU 2053 CH/GMS01(1080p),2139.0,2139.0,2610,0.18,469.8,1.2
QAPU 2053 DG 02 (1080p),2139.0,2139.0,2610,0.18,469.8,1.2
QAPU 2053 FD 01 (1080p),2139.0,2139.0,2610,0.18,469.8,1.2
QAPU 2053 FD 03 (1080p),2139.0,2139.0,2610,0.18,469.8,1.2
QAPU 2053 TY 01 (1080p),2139.0,2139.0,2610,0.18,469.8,1.2
QAPU 2053 TY 05 (1080p),2139.0,2139.0,2610,0.18,469.8,1.2
22-553,2139.0,2139.0,2610,0.18,469.8,1.2
Q65617,2139.0,2139.0,2610,0.18,469.8,1.2
Q64485,2139.0,2139.0,2610,0.18,469.8,1.2
Q64659,2139.0,2139.0,2610,0.18,469.8,1.2
Q64801,2139.0,2139.0,2610,0.18,469.8,1.2
Q64846,2139.0,2139.0,2610,0.18,469.8,1.2
Q64869,2139.0,2139.0,2610,0.18,469.8,1.2
Q64877,2139.0,2139.0,2610,0.18,469.8,1.2
Q65301,2139.0,2139.0,2610,0.18,469.8,1.2
Q65303,2139.0,2139.0,2610,0.18,469.8,1.2
Q65304,2139.0,2139.0,2610,0.18,469.8,1.2
Q65364,2139.0,2139.0,2610,0.18,469.8,1.2
Q65456,2139.0,2139.0,2610,0.18,469.8,1.2
QBR-FH 8002-18,2139.0,2139.0,2610,0.18,469.8,1.2
Q68409,2139.0,2139.0,2610,0.18,469.8,1.2
Q68500,2139.0,2139.0,2610,0.18,469.8,1.2
Q68842,2139.0,2139.0,2610,0.18,469.8,1.2
Q68894,2139.0,2139.0,2610,0.18,469.8,1.2
Q68930,2116.0,2116.0,2590,0.18,466.2,7.8
QBR-W MZ_Long,2111.0,2111.0,2580,0.18,464.4,4.6
16-036,2093.0,2093.0,2560,0.18,460.8,6.2
22-1262,2093.0,2093.0,2560,0.18,460.8,6.2
22-1353,2093.0,2093.0,2560,0.18,460.8,6.2
22-1451,2093.0,2093.0,2560,0.18,460.8,6.2
22-1499,2093.0,2093.0,2560,0.18,460.8,6.2
22-435,2093.0,2093.0,2560,0.18,460.8,6.2
22-544,2093.0,2093.0,2560,0.18,460.8,6.2
22-615,2093.0,2093.0,2560,0.18,460.8,6.2
22-760,2093.0,2093.0,2560,0.18,460.8,6.2
22-761,2093.0,2093.0,2560,0.18,460.8,6.2
22-774,2093.0,2093.0,2560,0.18,460.8,6.2
22-789,2093.0,2093.0,2560,0.18,460.8,6.2
22-806,2093.0,2093.0,2560,0.18,460.8,6.2
22-977,2093.0,2093.0,2560,0.18,460.8,6.2
Q65619,2093.0,2093.0,2560,0.18,460.8,6.2
Q64874,2093.0,2093.0,2560,0.18,460.8,6.2
Q64875,2093.0,2093.0,2560,0.18,460.8,6.2
Q64896,2093.0,2093.0,2560,0.18,460.8,6.2
Q65087,2093.0,2093.0,2560,0.18,460.8,6.2
Q65175,2093.0,2093.0,2560,0.18,460.8,6.2
Q65176,2093.0,2093.0,2560,0.18,460.8,6.2
Q65430,2093.0,2093.0,2560,0.18,460.8,6.2
QBR-FH 6301-18,2093.0,2093.0,2560,0.18,460.8,6.2
Q68321,2093.0,2093.0,2560,0.18,460.8,6.2
Q68403,2093.0,2093.0,2560,0.18,460.8,6.2
Q68586,2093.0,2093.0,2560,0.18,460.8,6.2
Q68578,2093.0,2093.0,2560,0.18,460.8,6.2
Q68584,2093.0,2093.0,2560,0.18,460.8,6.2
Q68635,2093.0,2093.0,2560,0.18,460.8,6.2
Q68647,2093.0,2093.0,2560,0.18,460.8,6.2
Q68870,2093.0,2093.0,2560,0.18,460.8,6.2
Q68921,2070.0,2070.0,2530,0.18,455.4,4.6
Q68925,2070.0,2070.0,2530,0.18,455.4,4.6
08-004,2048.0,2048.0,2500,0.18,450.0,2.0
22-045,2048.0,2048.0,2500,0.18,450.0,2.0
22-094,2048.0,2048.0,2500,0.18,450.0,2.0
22-130,2048.0,2048.0,2500,0.18,450.0,2.0
22-1436,2048.0,2048.0,2500,0.18,450.0,2.0
22-271,2048.0,2048.0,2500,0.18,450.0,2.0
22-278,2048.0,2048.0,2500,0.18,450.0,2.0
22-296,2048.0,2048.0,2500,0.18,450.0,2.0
22-302,2048.0,2048.0,2500,0.18,450.0,2.0
22-322,2048.0,2048.0,2500,0.18,450.0,2.0
22-405,2048.0,2048.0,2500,0.18,450.0,2.0
22-410,2048.0,2048.0,2500,0.18,450.0,2.0
22-465,2048.0,2048.0,2500,0.18,450.0,2.0
22-497,2048.0,2048.0,2500,0.18,450.0,2.0
22-536,2048.0,2048.0,2500,0.18,450.0,2.0
22-577,2048.0,2048.0,2500,0.18,450.0,2.0
22-730,2048.0,2048.0,2500,0.18,450.0,2.0
22-735,2048.0,2048.0,2500,0.18,450.0,2.0
22-874,2048.0,2048.0,2500,0.18,450.0,2.0
22-907,2048.0,2048.0,2500,0.18,450.0,2.0
Q64816,2048.0,2048.0,2500,0.18,450.0,2.0
Q64882,2048.0,2048.0,2500,0.18,450.0,2.0
Q65089,2048.0,2048.0,2500,0.18,450.0,2.0
Q65368,2048.0,2048.0,2500,0.18,450.0,2.0
Q65387,2048.0,2048.0,2500,0.18,450.0,2.0
Q65388,2048.0,2048.0,2500,0.18,450.0,2.0
Q65607,2048.0,2048.0,2500,0.18,450.0,2.0
QIV Q-TRA_2053,2048.0,2048.0,2500,0.18,450.0,2.0
QBR-WC (4072+6014),2048.0,2048.0,2500,0.18,450.0,2.0
QBR-F 6207-09,2048.0,2048.0,2500,0.18,450.0,2.0
QBR-F 0636-09,2048.0,2048.0,2500,0.18,450.0,2.0
QBR-W RN-40101,2048.0,2048.0,2500,0.18,450.0,2.0
Q-TA S 225,2048.0,2048.0,2500,0.18,450.0,2.0
Q-TA S 307,2048.0,2048.0,2500,0.18,450.0,2.0
QBR-F 1232-17,2048.0,2048.0,2500,0.18,450.0,2.0
QBR-F 1126-68,2048.0,2048.0,2500,0.18,450.0,2.0
QBR-K 2613-82,2048.0,2048.0,2500,0.18,450.0,2.0
QBR-FH 3702-68A,2048.0,2048.0,2500,0.18,450.0,2.0
Q68376,2048.0,2048.0,2500,0.18,450.0,2.0
Q68408,2048.0,2048.0,2500,0.18,450.0,2.0
Q68572,2048.0,2048.0,2500,0.18,450.0,2.0
Q68575,2048.0,2048.0,2500,0.18,450.0,2.0
Q68646,2048.0,2048.0,2500,0.18,450.0,2.0
Q68752,2048.0,2048.0,2500,0.18,450.0,2.0
Q68910,2048.0,2048.0,2500,0.18,450.0,2.0
QBR-FH 4105-68A,2048.0,2048.0,2500,0.18,450.0,2.0
QBR-W MZ_Short,2048.0,2048.0,2500,0.18,450.0,2.0
QBR-FH 3811-01,2048.0,2048.0,2500,0.18,450.0,2.0
Q68923,2025.0,2025.0,2470,0.18,444.6,0.4
16-085,2002.0,2002.0,2450,0.18,441.0,7.0
16-098,2002.0,2002.0,2450,0.18,441.0,7.0
22-1343,2002.0,2002.0,2450,0.18,441.0,7.0
22-1362,2002.0,2002.0,2450,0.18,441.0,7.0
22-1365,2002.0,2002.0,2450,0.18,441.0,7.0
22-1511,2002.0,2002.0,2450,0.18,441.0,7.0
22-1524,2002.0,2002.0,2450,0.18,441.0,7.0
22-344,2002.0,2002.0,2450,0.18,441.0,7.0
Q65666,2002.0,2002.0,2450,0.18,441.0,7.0
Q64455,2002.0,2002.0,2450,0.18,441.0,7.0
Q64458,2002.0,2002.0,2450,0.18,441.0,7.0
Q64823,2002.0,2002.0,2450,0.18,441.0,7.0
Q64868,2002.0,2002.0,2450,0.18,441.0,7.0
Q64876,2002.0,2002.0,2450,0.18,441.0,7.0
Q64878,2002.0,2002.0,2450,0.18,441.0,7.0
Q64881,2002.0,2002.0,2450,0.18,441.0,7.0
Q64886,2002.0,2002.0,2450,0.18,441.0,7.0
Q65302,2002.0,2002.0,2450,0.18,441.0,7.0
Q65359,2002.0,2002.0,2450,0.18,441.0,7.0
Q65372,2002.0,2002.0,2450,0.18,441.0,7.0
Q65379,2002.0,2002.0,2450,0.18,441.0,7.0
Q65391,2002.0,2002.0,2450,0.18,441.0,7.0
Q65392,2002.0,2002.0,2450,0.18,441.0,7.0
Q65431,2002.0,2002.0,2450,0.18,441.0,7.0
Q65457,2002.0,2002.0,2450,0.18,441.0,7.0
Q65480,2002.0,2002.0,2450,0.18,441.0,7.0
Q65733,2002.0,2002.0,2450,0.18,441.0,7.0
QBR-F 1127-68,2002.0,2002.0,2450,0.18,441.0,7.0
Q68903,2002.0,2002.0,2450,0.18,441.0,7.0
TB1523,2002.0,2002.0,2450,0.18,441.0,7.0
16-083,1957.0,1957.0,2390,0.18,430.2,2.8
16-208,1957.0,1957.0,2390,0.18,430.2,2.8
22-112,1957.0,1957.0,2390,0.18,430.2,2.8
22-224,1957.0,1957.0,2390,0.18,430.2,2.8
22-611,1957.0,1957.0,2390,0.18,430.2,2.8
22-805,1957.0,1957.0,2390,0.18,430.2,2.8
22-969,1957.0,1957.0,2390,0.18,430.2,2.8
QBR-F 6105-39,1957.0,1957.0,2390,0.18,430.2,2.8
Q65616,1957.0,1957.0,2390,0.18,430.2,2.8
Q65632,1957.0,1957.0,2390,0.18,430.2,2.8
Q65694,1957.0,1957.0,2390,0.18,430.2,2.8
Q64475,1957.0,1957.0,2390,0.18,430.2,2.8
Q64484,1957.0,1957.0,2390,0.18,430.2,2.8
Q64817,1957.0,1957.0,2390,0.18,430.2,2.8
Q64818,1957.0,1957.0,2390,0.18,430.2,2.8
Q64871,1957.0,1957.0,2390,0.18,430.2,2.8
Q64872,1957.0,1957.0,2390,0.18,430.2,2.8
Q64892,1957.0,1957.0,2390,0.18,430.2,2.8
Q64893,1957.0,1957.0,2390,0.18,430.2,2.8
Q64894,1957.0,1957.0,2390,0.18,430.2,2.8
Q65307,1957.0,1957.0,2390,0.18,430.2,2.8
Q65308,1957.0,1957.0,2390,0.18,430.2,2.8
Q65361,1957.0,1957.0,2390,0.18,430.2,2.8
Q65362,1957.0,1957.0,2390,0.18,430.2,2.8
Q65375,1957.0,1957.0,2390,0.18,430.2,2.8
Q65376,1957.0,1957.0,2390,0.18,430.2,2.8
Q65383,1957.0,1957.0,2390,0.18,430.2,2.8
Q65384,1957.0,1957.0,2390,0.18,430.2,2.8
Q65385,1957.0,1957.0,2390,0.18,430.2,2.8
Q65386,1957.0,1957.0,2390,0.18,430.2,2.8
Q65439,1957.0,1957.0,2390,0.18,430.2,2.8
Q65482,1957.0,1957.0,2390,0.18,430.2,2.8
Q65543,1957.0,1957.0,2390,0.18,430.2,2.8
QBR-FH 4103-01,1957.0,1957.0,2390,0.18,430.2,2.8
QBR-FH 4102-68,1957.0,1957.0,2390,0.18,430.2,2.8
QBR-FH 3810-68,1957.0,1957.0,2390,0.18,430.2,2.8
QBR-FH 3814-01,1957.0,1957.0,2390,0.18,430.2,2.8
QBR-FH 3911-68,1957.0,1957.0,2390,0.18,430.2,2.8
Q68404,1957.0,1957.0,2390,0.18,430.2,2.8
Q68573,1957.0,1957.0,2390,0.18,430.2,2.8
Q68576,1957.0,1957.0,2390,0.18,430.2,2.8
Q68577,1957.0,1957.0,2390,0.18,430.2,2.8
Q68613,1957.0,1957.0,2390,0.18,430.2,2.8
Q68644,1957.0,1957.0,2390,0.18,430.2,2.8
Q68648,1957.0,1957.0,2390,0.18,430.2,2.8
Q68828,1957.0,1957.0,2390,0.18,430.2,2.8
Q68831,1957.0,1957.0,2390,0.18,430.2,2.8
Q68841,1957.0,1957.0,2390,0.18,430.2,2.8
Q68902,1957.0,1957.0,2390,0.18,430.2,2.8
Q68909,1957.0,1957.0,2390,0.18,430.2,2.8
QCV 2053 FD 01,1911.0,1911.0,2340,0.18,421.2,7.8
QCV 2053 FD 03,1911.0,1911.0,2340,0.18,421.2,7.8
22-048,1911.0,1911.0,2340,0.18,421.2,7.8
22-069,1911.0,1911.0,2340,0.18,421.2,7.8
22-077,1911.0,1911.0,2340,0.18,421.2,7.8
22-1087,1911.0,1911.0,2340,0.18,421.2,7.8
22-1134,1911.0,1911.0,2340,0.18,421.2,7.8
22-196,1911.0,1911.0,2340,0.18,421.2,7.8
22-243,1911.0,1911.0,2340,0.18,421.2,7.8
22-432,1911.0,1911.0,2340,0.18,421.2,7.8
22-436,1911.0,1911.0,2340,0.18,421.2,7.8
22-475,1911.0,1911.0,2340,0.18,421.2,7.8
22-621,1911.0,1911.0,2340,0.18,421.2,7.8
22-637,1911.0,1911.0,2340,0.18,421.2,7.8
22-707,1911.0,1911.0,2340,0.18,421.2,7.8
TY0601,1911.0,1911.0,2340,0.18,421.2,7.8
QBR-F 3930-82,1911.0,1911.0,2340,0.18,421.2,7.8
Q65627,1911.0,1911.0,2340,0.18,421.2,7.8
Q65663,1911.0,1911.0,2340,0.18,421.2,7.8
Q65692,1911.0,1911.0,2340,0.18,421.2,7.8
Q65693,1911.0,1911.0,2340,0.18,421.2,7.8
Q64815,1911.0,1911.0,2340,0.18,421.2,7.8
Q64820,1911.0,1911.0,2340,0.18,421.2,7.8
Q64821,1911.0,1911.0,2340,0.18,421.2,7.8
Q64822,1911.0,1911.0,2340,0.18,421.2,7.8
Q64865,1911.0,1911.0,2340,0.18,421.2,7.8
Q64884,1911.0,1911.0,2340,0.18,421.2,7.8
Q64885,1911.0,1911.0,2340,0.18,421.2,7.8
Q64887,1911.0,1911.0,2340,0.18,421.2,7.8
Q64888,1911.0,1911.0,2340,0.18,421.2,7.8
Q64889,1911.0,1911.0,2340,0.18,421.2,7.8
Q64890,1911.0,1911.0,2340,0.18,421.2,7.8
Q64891,1911.0,1911.0,2340,0.18,421.2,7.8
Q64895,1911.0,1911.0,2340,0.18,421.2,7.8
Q65306,1911.0,1911.0,2340,0.18,421.2,7.8
Q65363,1911.0,1911.0,2340,0.18,421.2,7.8
Q65365,1911.0,1911.0,2340,0.18,421.2,7.8
Q65366,1911.0,1911.0,2340,0.18,421.2,7.8
Q65369,1911.0,1911.0,2340,0.18,421.2,7.8
Q65370,1911.0,1911.0,2340,0.18,421.2,7.8
Q65371,1911.0,1911.0,2340,0.18,421.2,7.8
Q65377,1911.0,1911.0,2340,0.18,421.2,7.8
Q65378,1911.0,1911.0,2340,0.18,421.2,7.8
Q65380,1911.0,1911.0,2340,0.18,421.2,7.8
Q65389,1911.0,1911.0,2340,0.18,421.2,7.8
Q65390,1911.0,1911.0,2340,0.18,421.2,7.8
Q65393,1911.0,1911.0,2340,0.18,421.2,7.8
Q65394,1911.0,1911.0,2340,0.18,421.2,7.8
Q65458,1911.0,1911.0,2340,0.18,421.2,7.8
Q65511,1911.0,1911.0,2340,0.18,421.2,7.8
Q65519,1911.0,1911.0,2340,0.18,421.2,7.8
Q65545,1911.0,1911.0,2340,0.18,421.2,7.8
YT-3.0SHROUD-53w,1911.0,1911.0,2340,0.18,421.2,7.8
QBR-FH 4001-82,1911.0,1911.0,2340,0.18,421.2,7.8
QBR-FH 3819-01,1911.0,1911.0,2340,0.18,421.2,7.8
QBR-F 6007-68,1911.0,1911.0,2340,0.18,421.2,7.8
Q68574,1911.0,1911.0,2340,0.18,421.2,7.8
Q68585,1911.0,1911.0,2340,0.18,421.2,7.8
Q68604,1911.0,1911.0,2340,0.18,421.2,7.8
Q68622,1911.0,1911.0,2340,0.18,421.2,7.8
Q68707,1911.0,1911.0,2340,0.18,421.2,7.8
Q68721,1911.0,1911.0,2340,0.18,421.2,7.8
Q68722,1911.0,1911.0,2340,0.18,421.2,7.8
Q68778,1911.0,1911.0,2340,0.18,421.2,7.8
Q68780,1911.0,1911.0,2340,0.18,421.2,7.8
Q68821,1911.0,1911.0,2340,0.18,421.2,7.8
Q68858,1911.0,1911.0,2340,0.18,421.2,7.8
Q68865,1911.0,1911.0,2340,0.18,421.2,7.8
Q68908,1911.0,1911.0,2340,0.18,421.2,7.8
22-1278,1866.0,1866.0,2280,0.18,410.4,3.6
22-1358,1866.0,1866.0,2280,0.18,410.4,3.6
22-1402,1866.0,1866.0,2280,0.18,410.4,3.6
22-1481,1866.0,1866.0,2280,0.18,410.4,3.6
Q65621,1866.0,1866.0,2280,0.18,410.4,3.6
Q65677,1866.0,1866.0,2280,0.18,410.4,3.6
Q65695,1866.0,1866.0,2280,0.18,410.4,3.6
Q64433,1866.0,1866.0,2280,0.18,410.4,3.6
Q64471,1866.0,1866.0,2280,0.18,410.4,3.6
Q64478,1866.0,1866.0,2280,0.18,410.4,3.6
Q64488,1866.0,1866.0,2280,0.18,410.4,3.6
Q64500,1866.0,1866.0,2280,0.18,410.4,3.6
Q64502,1866.0,1866.0,2280,0.18,410.4,3.6
Q64525,1866.0,1866.0,2280,0.18,410.4,3.6
Q64819,1866.0,1866.0,2280,0.18,410.4,3.6
Q64866,1866.0,1866.0,2280,0.18,410.4,3.6
Q64870,1866.0,1866.0,2280,0.18,410.4,3.6
Q64879,1866.0,1866.0,2280,0.18,410.4,3.6
Q64880,1866.0,1866.0,2280,0.18,410.4,3.6
Q65358,1866.0,1866.0,2280,0.18,410.4,3.6
Q65367,1866.0,1866.0,2280,0.18,410.4,3.6
Q65381,1866.0,1866.0,2280,0.18,410.4,3.6
Q65382,1866.0,1866.0,2280,0.18,410.4,3.6
Q65414,1866.0,1866.0,2280,0.18,410.4,3.6
Q65423,1866.0,1866.0,2280,0.18,410.4,3.6
Q65424,1866.0,1866.0,2280,0.18,410.4,3.6
Q65583,1866.0,1866.0,2280,0.18,410.4,3.6
Q65584,1866.0,1866.0,2280,0.18,410.4,3.6
Q65606,1866.0,1866.0,2280,0.18,410.4,3.6
QBR-FH 4104-01,1866.0,1866.0,2280,0.18,410.4,3.6
QBR-FH 3816-01,1866.0,1866.0,2280,0.18,410.4,3.6
QBR-FH 3815-01,1866.0,1866.0,2280,0.18,410.4,3.6
QBR-FH 0311-68A,1866.0,1866.0,2280,0.18,410.4,3.6
QBR-FH 0701-01,1866.0,1866.0,2280,0.18,410.4,3.6
QBR-FH 0703-01,1866.0,1866.0,2280,0.18,410.4,3.6
QBR-FH 0501-68A,1866.0,1866.0,2280,0.18,410.4,3.6
Q68595,1866.0,1866.0,2280,0.18,410.4,3.6
Q68596,1866.0,1866.0,2280,0.18,410.4,3.6
Q68602,1866.0,1866.0,2280,0.18,410.4,3.6
Q68605,1866.0,1866.0,2280,0.18,410.4,3.6
Q68641,1866.0,1866.0,2280,0.18,410.4,3.6
Q68643,1866.0,1866.0,2280,0.18,410.4,3.6
Q68764,1866.0,1866.0,2280,0.18,410.4,3.6
Q68765,1866.0,1866.0,2280,0.18,410.4,3.6
Q68806,1866.0,1866.0,2280,0.18,410.4,3.6
Q68810,1866.0,1866.0,2280,0.18,410.4,3.6
Q68811,1866.0,1866.0,2280,0.18,410.4,3.6
Q68813,1866.0,1866.0,2280,0.18,410.4,3.6
Q68817,1866.0,1866.0,2280,0.18,410.4,3.6
Q68847,1866.0,1866.0,2280,0.18,410.4,3.6
Q68879,1866.0,1866.0,2280,0.18,410.4,3.6
Q68880,1866.0,1866.0,2280,0.18,410.4,3.6
Q68884,1866.0,1866.0,2280,0.18,410.4,3.6
Q68888,1866.0,1866.0,2280,0.18,410.4,3.6
Q68889,1866.0,1866.0,2280,0.18,410.4,3.6
Q68912,1866.0,1866.0,2280,0.18,410.4,3.6
Q68914,1843.0,1843.0,2250,0.18,405.0,2.0
Q68929,1843.0,1843.0,2250,0.18,405.0,2.0
QCV 2053 BU 03,1820.0,1820.0,2220,0.18,399.6,0.4
16-127,1820.0,1820.0,2220,0.18,399.6,0.4
16-132,1820.0,1820.0,2220,0.18,399.6,0.4
22-036,1820.0,1820.0,2220,0.18,399.6,0.4
22-135,1820.0,1820.0,2220,0.18,399.6,0.4
22-140,1820.0,1820.0,2220,0.18,399.6,0.4
22-1466,1820.0,1820.0,2220,0.18,399.6,0.4
22-194,1820.0,1820.0,2220,0.18,399.6,0.4
22-207,1820.0,1820.0,2220,0.18,399.6,0.4
22-249,1820.0,1820.0,2220,0.18,399.6,0.4
22-418,1820.0,1820.0,2220,0.18,399.6,0.4
22-501,1820.0,1820.0,2220,0.18,399.6,0.4
22-726,1820.0,1820.0,2220,0.18,399.6,0.4
22-988,1820.0,1820.0,2220,0.18,399.6,0.4
F-100,1820.0,1820.0,2220,0.18,399.6,0.4
QBR-F 0494-04,1820.0,1820.0,2220,0.18,399.6,0.4
QBR-F 9008-68A,1820.0,1820.0,2220,0.18,399.6,0.4
QBR-F 1026-55,1820.0,1820.0,2220,0.18,399.6,0.4
Q65626,1820.0,1820.0,2220,0.18,399.6,0.4
Q65635,1820.0,1820.0,2220,0.18,399.6,0.4
Q65665,1820.0,1820.0,2220,0.18,399.6,0.4
Q65697,1820.0,1820.0,2220,0.18,399.6,0.4
Q65707,1820.0,1820.0,2220,0.18,399.6,0.4
Q65709,1820.0,1820.0,2220,0.18,399.6,0.4
Q64440,1820.0,1820.0,2220,0.18,399.6,0.4
Q64513,1820.0,1820.0,2220,0.18,399.6,0.4
Q64516,1820.0,1820.0,2220,0.18,399.6,0.4
Q65408,1820.0,1820.0,2220,0.18,399.6,0.4
Q65422,1820.0,1820.0,2220,0.18,399.6,0.4
Q65426,1820.0,1820.0,2220,0.18,399.6,0.4
Q65427,1820.0,1820.0,2220,0.18,399.6,0.4
Q65572,1820.0,1820.0,2220,0.18,399.6,0.4
Q65586,1820.0,1820.0,2220,0.18,399.6,0.4
Q65727,1820.0,1820.0,2220,0.18,399.6,0.4
Q65787,1820.0,1820.0,2220,0.18,399.6,0.4
QIV Q-TA_2053,1820.0,1820.0,2220,0.18,399.6,0.4
QIV Q-BA_2053,1820.0,1820.0,2220,0.18,399.6,0.4
QIV Q-UA_2053,1820.0,1820.0,2220,0.18,399.6,0.4
QBR-F 1104-83,1820.0,1820.0,2220,0.18,399.6,0.4
QBR-F 0636-68,1820.0,1820.0,2220,0.18,399.6,0.4
QBR-W LX-8004,1820.0,1820.0,2220,0.18,399.6,0.4
QBR-F 2613-42,1820.0,1820.0,2220,0.18,399.6,0.4
QBR-F 1317-68,1820.0,1820.0,2220,0.18,399.6,0.4
QBR-F 6218-56,1820.0,1820.0,2220,0.18,399.6,0.4
QBR-F 6229-13,1820.0,1820.0,2220,0.18,399.6,0.4
QBR-F 7022-68,1820.0,1820.0,2220,0.18,399.6,0.4
MB3901,1820.0,1820.0,2220,0.18,399.6,0.4
BM3809,1820.0,1820.0,2220,0.18,399.6,0.4
BM3810,1820.0,1820.0,2220,0.18,399.6,0.4
QBR-FH 3818-68,1820.0,1820.0,2220,0.18,399.6,0.4
QBR-FH 3801-68,1820.0,1820.0,2220,0.18,399.6,0.4
QBR-FH 3807-68,1820.0,1820.0,2220,0.18,399.6,0.4
QBR-FH 3800-68,1820.0,1820.0,2220,0.18,399.6,0.4
QBR-FH 5002-68,1820.0,1820.0,2220,0.18,399.6,0.4
QBR-FH 3802-68,1820.0,1820.0,2220,0.18,399.6,0.4
QBR-FH 3812-01,1820.0,1820.0,2220,0.18,399.6,0.4
QBR-FH 3803-68A,1820.0,1820.0,2220,0.18,399.6,0.4
QBR-FH 0310-68,1820.0,1820.0,2220,0.18,399.6,0.4
QBR-FH 0300-68A,1820.0,1820.0,2220,0.18,399.6,0.4
QBR-FH 0313-68A,1820.0,1820.0,2220,0.18,399.6,0.4
QBR-FH 0312-68A,1820.0,1820.0,2220,0.18,399.6,0.4
QBR-FH 6001-68A,1820.0,1820.0,2220,0.18,399.6,0.4
QBR-FH 0804-42,1820.0,1820.0,2220,0.18,399.6,0.4
QBR-FH 0801-68A,1820.0,1820.0,2220,0.18,399.6,0.4
QBR-FH 2603-68A,1820.0,1820.0,2220,0.18,399.6,0.4
QBR-FH 2605-68A,1820.0,1820.0,2220,0.18,399.6,0.4
QBR-FH 2608-01,1820.0,1820.0,2220,0.18,399.6,0.4
QBR-FH 2604-68A,1820.0,1820.0,2220,0.18,399.6,0.4
QBR-FH 3907-68A,1820.0,1820.0,2220,0.18,399.6,0.4
QBR-FH 3906-68A,1820.0,1820.0,2220,0.18,399.6,0.4
QBR-FH 3904-68A,1820.0,1820.0,2220,0.18,399.6,0.4
QBR-FH 3903-68A,1820.0,1820.0,2220,0.18,399.6,0.4
QBR-FH 3902-68A,1820.0,1820.0,2220,0.18,399.6,0.4
QBR-FH 3908-01,1820.0,1820.0,2220,0.18,399.6,0.4
QBR-FH 0600-68A,1820.0,1820.0,2220,0.18,399.6,0.4
QBR-FH 0900-68A,1820.0,1820.0,2220,0.18,399.6,0.4
QBR-FH 0407-68A,1820.0,1820.0,2220,0.18,399.6,0.4
QBR-FH 0405-68A,1820.0,1820.0,2220,0.18,399.6,0.4
Q68607,1820.0,1820.0,2220,0.18,399.6,0.4
Q68619,1820.0,1820.0,2220,0.18,399.6,0.4
Q68642,1820.0,1820.0,2220,0.18,399.6,0.4
QBR-F 04126-02,1820.0,1820.0,2220,0.18,399.6,0.4
Q68772,1820.0,1820.0,2220,0.18,399.6,0.4
Q68775,1820.0,1820.0,2220,0.18,399.6,0.4
Q68863,1820.0,1820.0,2220,0.18,399.6,0.4
QBR-F 2329-68,1820.0,1820.0,2220,0.18,399.6,0.4
QBR-F 50101-68,1820.0,1820.0,2220,0.18,399.6,0.4
QBR-F 5034-68,1820.0,1820.0,2220,0.18,399.6,0.4
QBR-F 9051-82,1820.0,1820.0,2220,0.18,399.6,0.4
QBR-F 3944-13,1820.0,1820.0,2220,0.18,399.6,0.4
QBR-F 3945-68,1820.0,1820.0,2220,0.18,399.6,0.4
QBR-FH 2607-01,1820.0,1820.0,2220,0.18,399.6,0.4
VL6016,1820.0,1820.0,2220,0.18,399.6,0.4
TB1964,1820.0,1820.0,2220,0.18,399.6,0.4
Q68915,1797.0,1797.0,2200,0.18,396.0,7.0
Q68924,1797.0,1797.0,2200,0.18,396.0,7.0
Q68928,1797.0,1797.0,2200,0.18,396.0,7.0
QCV 2053 AU/VW 05,1775.0,1775.0,2170,0.18,390.6,4.4
QCV 2053 BM 01,1775.0,1775.0,2170,0.18,390.6,4.4
16-055,1775.0,1775.0,2170,0.18,390.6,4.4
22-193,1775.0,1775.0,2170,0.18,390.6,4.4
22-493,1775.0,1775.0,2170,0.18,390.6,4.4
22-999,1775.0,1775.0,2170,0.18,390.6,4.4
QBR-F 6613-50,1775.0,1775.0,2170,0.18,390.6,4.4
Q65633,1775.0,1775.0,2170,0.18,390.6,4.4
Q65636,1775.0,1775.0,2170,0.18,390.6,4.4
Q65675,1775.0,1775.0,2170,0.18,390.6,4.4
Q65683,1775.0,1775.0,2170,0.18,390.6,4.4
Q65686,1775.0,1775.0,2170,0.18,390.6,4.4
Q64432,1775.0,1775.0,2170,0.18,390.6,4.4
Q64445,1775.0,1775.0,2170,0.18,390.6,4.4
Q64451,1775.0,1775.0,2170,0.18,390.6,4.4
Q64464,1775.0,1775.0,2170,0.18,390.6,4.4
Q64465,1775.0,1775.0,2170,0.18,390.6,4.4
Q64493,1775.0,1775.0,2170,0.18,390.6,4.4
Q64496,1775.0,1775.0,2170,0.18,390.6,4.4
Q64517,1775.0,1775.0,2170,0.18,390.6,4.4
Q64522,1775.0,1775.0,2170,0.18,390.6,4.4
Q65409,1775.0,1775.0,2170,0.18,390.6,4.4
Q65520,1775.0,1775.0,2170,0.18,390.6,4.4
Q65541,1775.0,1775.0,2170,0.18,390.6,4.4
Q65565,1775.0,1775.0,2170,0.18,390.6,4.4
Q65568,1775.0,1775.0,2170,0.18,390.6,4.4
Q65587,1775.0,1775.0,2170,0.18,390.6,4.4
Q65600,1775.0,1775.0,2170,0.18,390.6,4.4
Q65605,1775.0,1775.0,2170,0.18,390.6,4.4
Q65739,1775.0,1775.0,2170,0.18,390.6,4.4
Q65755,1775.0,1775.0,2170,0.18,390.6,4.4
QBR-FH 0702-68A,1775.0,1775.0,2170,0.18,390.6,4.4
Q68588,1775.0,1775.0,2170,0.18,390.6,4.4
Q68612,1775.0,1775.0,2170,0.18,390.6,4.4
Q68618,1775.0,1775.0,2170,0.18,390.6,4.4
Q68787,1775.0,1775.0,2170,0.18,390.6,4.4
Q68807,1775.0,1775.0,2170,0.18,390.6,4.4
Q68816,1775.0,1775.0,2170,0.18,390.6,4.4
Q68832,1775.0,1775.0,2170,0.18,390.6,4.4
Q68844,1775.0,1775.0,2170,0.18,390.6,4.4
Q68856,1775.0,1775.0,2170,0.18,390.6,4.4
Q68860,1775.0,1775.0,2170,0.18,390.6,4.4
Q68877,1775.0,1775.0,2170,0.18,390.6,4.4
Q68882,1775.0,1775.0,2170,0.18,390.6,4.4
QBR-FH 3808-68,1775.0,1775.0,2170,0.18,390.6,4.4
TY0611,1747.0,1747.0,2140,0.18,385.2,7.8
Q68649,1752.0,1752.0,2140,0.18,385.2,2.8
Q68905,1752.0,1752.0,2140,0.18,385.2,2.8
Q68906,1752.0,1752.0,2140,0.18,385.2,2.8
QCV 2053 JP 01,1729.0,1729.0,2110,0.18,379.8,1.2
16-077,1729.0,1729.0,2110,0.18,379.8,1.2
16-078,1729.0,1729.0,2110,0.18,379.8,1.2
22-099,1729.0,1729.0,2110,0.18,379.8,1.2
22-1047,1729.0,1729.0,2110,0.18,379.8,1.2
22-1170,1729.0,1729.0,2110,0.18,379.8,1.2
22-1191,1729.0,1729.0,2110,0.18,379.8,1.2
22-1319,1729.0,1729.0,2110,0.18,379.8,1.2
22-1414,1729.0,1729.0,2110,0.18,379.8,1.2
22-1421,1729.0,1729.0,2110,0.18,379.8,1.2
22-1489,1729.0,1729.0,2110,0.18,379.8,1.2
22-1585,1729.0,1729.0,2110,0.18,379.8,1.2
22-191,1729.0,1729.0,2110,0.18,379.8,1.2
22-415,1729.0,1729.0,2110,0.18,379.8,1.2
22-416,1729.0,1729.0,2110,0.18,379.8,1.2
22-551,1729.0,1729.0,2110,0.18,379.8,1.2
22-777,1729.0,1729.0,2110,0.18,379.8,1.2
22-871,1729.0,1729.0,2110,0.18,379.8,1.2
QBR-F 1042-82,1729.0,1729.0,2110,0.18,379.8,1.2
QBR-F 3937-68,1729.0,1729.0,2110,0.18,379.8,1.2
QBR-F 7014-68,1729.0,1729.0,2110,0.18,379.8,1.2
QBR-F 9008-68,1729.0,1729.0,2110,0.18,379.8,1.2
Q65615,1729.0,1729.0,2110,0.18,379.8,1.2
Q65625,1729.0,1729.0,2110,0.18,379.8,1.2
Q65634,1729.0,1729.0,2110,0.18,379.8,1.2
Q65647,1729.0,1729.0,2110,0.18,379.8,1.2
Q65650,1729.0,1729.0,2110,0.18,379.8,1.2
Q65664,1729.0,1729.0,2110,0.18,379.8,1.2
Q64434,1729.0,1729.0,2110,0.18,379.8,1.2
Q64435,1729.0,1729.0,2110,0.18,379.8,1.2
Q64442,1729.0,1729.0,2110,0.18,379.8,1.2
Q64444,1729.0,1729.0,2110,0.18,379.8,1.2
Q64446,1729.0,1729.0,2110,0.18,379.8,1.2
Q64447,1729.0,1729.0,2110,0.18,379.8,1.2
Q64450,1729.0,1729.0,2110,0.18,379.8,1.2
Q64472,1729.0,1729.0,2110,0.18,379.8,1.2
Q64494,1729.0,1729.0,2110,0.18,379.8,1.2
Q64495,1729.0,1729.0,2110,0.18,379.8,1.2
Q64551,1729.0,1729.0,2110,0.18,379.8,1.2
Q65410,1729.0,1729.0,2110,0.18,379.8,1.2
Q65441,1729.0,1729.0,2110,0.18,379.8,1.2
Q65451,1729.0,1729.0,2110,0.18,379.8,1.2
Q65460,1729.0,1729.0,2110,0.18,379.8,1.2
Q65470,1729.0,1729.0,2110,0.18,379.8,1.2
Q65481,1729.0,1729.0,2110,0.18,379.8,1.2
Q65503,1729.0,1729.0,2110,0.18,379.8,1.2
Q65544,1729.0,1729.0,2110,0.18,379.8,1.2
Q65571,1729.0,1729.0,2110,0.18,379.8,1.2
Q65594,1729.0,1729.0,2110,0.18,379.8,1.2
Q65603,1729.0,1729.0,2110,0.18,379.8,1.2
Q65610,1729.0,1729.0,2110,0.18,379.8,1.2
Q65611,1729.0,1729.0,2110,0.18,379.8,1.2
Q65735,1729.0,1729.0,2110,0.18,379.8,1.2
Q65736,1729.0,1729.0,2110,0.18,379.8,1.2
Q65747,1729.0,1729.0,2110,0.18,379.8,1.2
Q65750,1729.0,1729.0,2110,0.18,379.8,1.2
Q65756,1729.0,1729.0,2110,0.18,379.8,1.2
Q65757,1729.0,1729.0,2110,0.18,379.8,1.2
Q65767,1729.0,1729.0,2110,0.18,379.8,1.2
LX8002,1729.0,1729.0,2110,0.18,379.8,1.2
QBR-F 2316-68,1729.0,1729.0,2110,0.18,379.8,1.2
QBR-F 8101-50,1729.0,1729.0,2110,0.18,379.8,1.2
QBR-F 1159-82,1729.0,1729.0,2110,0.18,379.8,1.2
QBR-F 0864-50,1729.0,1729.0,2110,0.18,379.8,1.2
QBR-F 3330-02,1729.0,1729.0,2110,0.18,379.8,1.2
QBR-F 0381-50,1729.0,1729.0,2110,0.18,379.8,1.2
QBR-F 3334-02,1729.0,1729.0,2110,0.18,379.8,1.2
Q68627,1729.0,1729.0,2110,0.18,379.8,1.2
Q68579,1729.0,1729.0,2110,0.18,379.8,1.2
Q68593,1729.0,1729.0,2110,0.18,379.8,1.2
Q68598,1729.0,1729.0,2110,0.18,379.8,1.2
Q68599,1729.0,1729.0,2110,0.18,379.8,1.2
Q68603,1729.0,1729.0,2110,0.18,379.8,1.2
Q68626,1729.0,1729.0,2110,0.18,379.8,1.2
Q68790,1729.0,1729.0,2110,0.18,379.8,1.2
Q68820,1729.0,1729.0,2110,0.18,379.8,1.2
Q68829,1729.0,1729.0,2110,0.18,379.8,1.2
Q68833,1729.0,1729.0,2110,0.18,379.8,1.2
Q68837,1729.0,1729.0,2110,0.18,379.8,1.2
Q68845,1729.0,1729.0,2110,0.18,379.8,1.2
Q68853,1729.0,1729.0,2110,0.18,379.8,1.2
Q68857,1729.0,1729.0,2110,0.18,379.8,1.2
Q68859,1729.0,1729.0,2110,0.18,379.8,1.2
Q68883,1729.0,1729.0,2110,0.18,379.8,1.2
Q68890,1729.0,1729.0,2110,0.18,379.8,1.2
Q68893,1729.0,1729.0,2110,0.18,379.8,1.2
Q68913,1706.0,1706.0,2090,0.18,376.2,7.8
Q68916,1706.0,1706.0,2090,0.18,376.2,7.8
Q68917,1706.0,1706.0,2090,0.18,376.2,7.8
Q68918,1706.0,1706.0,2090,0.18,376.2,7.8
Q68926,1706.0,1706.0,2090,0.18,376.2,7.8
Q68927,1706.0,1706.0,2090,0.18,376.2,7.8
QCV 2053 CD 01,1684.0,1684.0,2060,0.18,370.8,5.2
QCV 2053 FA 01,1684.0,1684.0,2060,0.18,370.8,5.2
QCV 2053 MB 01,1684.0,1684.0,2060,0.18,370.8,5.2
QCV 2053 MB 03,1684.0,1684.0,2060,0.18,370.8,5.2
16-033,1684.0,1684.0,2060,0.18,370.8,5.2
16-053,1684.0,1684.0,2060,0.18,370.8,5.2
22-1153,1684.0,1684.0,2060,0.18,370.8,5.2
22-1260,1684.0,1684.0,2060,0.18,370.8,5.2
22-1320,1684.0,1684.0,2060,0.18,370.8,5.2
22-1356,1684.0,1684.0,2060,0.18,370.8,5.2
22-1467,1684.0,1684.0,2060,0.18,370.8,5.2
22-1576,1684.0,1684.0,2060,0.18,370.8,5.2
22-1577,1684.0,1684.0,2060,0.18,370.8,5.2
NS0591,1684.0,1684.0,2060,0.18,370.8,5.2
FA2371,1684.0,1684.0,2060,0.18,370.8,5.2
LR6208,1684.0,1684.0,2060,0.18,370.8,5.2
LR7011,1684.0,1684.0,2060,0.18,370.8,5.2
Q65628,1684.0,1684.0,2060,0.18,370.8,5.2
Q65629,1684.0,1684.0,2060,0.18,370.8,5.2
Q65631,1684.0,1684.0,2060,0.18,370.8,5.2
Q65638,1684.0,1684.0,2060,0.18,370.8,5.2
Q65640,1684.0,1684.0,2060,0.18,370.8,5.2
Q65641,1684.0,1684.0,2060,0.18,370.8,5.2
Q65644,1684.0,1684.0,2060,0.18,370.8,5.2
Q65645,1684.0,1684.0,2060,0.18,370.8,5.2
Q65648,1684.0,1684.0,2060,0.18,370.8,5.2
Q65658,1684.0,1684.0,2060,0.18,370.8,5.2
Q65669,1684.0,1684.0,2060,0.18,370.8,5.2
Q65678,1684.0,1684.0,2060,0.18,370.8,5.2
Q65687,1684.0,1684.0,2060,0.18,370.8,5.2
Q65688,1684.0,1684.0,2060,0.18,370.8,5.2
Q65701,1684.0,1684.0,2060,0.18,370.8,5.2
Q65704,1684.0,1684.0,2060,0.18,370.8,5.2
Q64448,1684.0,1684.0,2060,0.18,370.8,5.2
Q64456,1684.0,1684.0,2060,0.18,370.8,5.2
Q64463,1684.0,1684.0,2060,0.18,370.8,5.2
Q64468,1684.0,1684.0,2060,0.18,370.8,5.2
Q64474,1684.0,1684.0,2060,0.18,370.8,5.2
Q64492,1684.0,1684.0,2060,0.18,370.8,5.2
Q64520,1684.0,1684.0,2060,0.18,370.8,5.2
Q64523,1684.0,1684.0,2060,0.18,370.8,5.2
Q64532,1684.0,1684.0,2060,0.18,370.8,5.2
Q64542,1684.0,1684.0,2060,0.18,370.8,5.2
Q64552,1684.0,1684.0,2060,0.18,370.8,5.2
Q65421,1684.0,1684.0,2060,0.18,370.8,5.2
Q65435,1684.0,1684.0,2060,0.18,370.8,5.2
Q65436,1684.0,1684.0,2060,0.18,370.8,5.2
Q65437,1684.0,1684.0,2060,0.18,370.8,5.2
Q65438,1684.0,1684.0,2060,0.18,370.8,5.2
Q65454,1684.0,1684.0,2060,0.18,370.8,5.2
Q65461,1684.0,1684.0,2060,0.18,370.8,5.2
Q65463,1684.0,1684.0,2060,0.18,370.8,5.2
Q65465,1684.0,1684.0,2060,0.18,370.8,5.2
Q65466,1684.0,1684.0,2060,0.18,370.8,5.2
Q65478,1684.0,1684.0,2060,0.18,370.8,5.2
Q65479,1684.0,1684.0,2060,0.18,370.8,5.2
Q65523,1684.0,1684.0,2060,0.18,370.8,5.2
Q65528,1684.0,1684.0,2060,0.18,370.8,5.2
Q65547,1684.0,1684.0,2060,0.18,370.8,5.2
Q65579,1684.0,1684.0,2060,0.18,370.8,5.2
Q65582,1684.0,1684.0,2060,0.18,370.8,5.2
Q65588,1684.0,1684.0,2060,0.18,370.8,5.2
Q65592,1684.0,1684.0,2060,0.18,370.8,5.2
Q65604,1684.0,1684.0,2060,0.18,370.8,5.2
Q65608,1684.0,1684.0,2060,0.18,370.8,5.2
Q65720,1684.0,1684.0,2060,0.18,370.8,5.2
Q65726,1684.0,1684.0,2060,0.18,370.8,5.2
Q65737,1684.0,1684.0,2060,0.18,370.8,5.2
Q65743,1684.0,1684.0,2060,0.18,370.8,5.2
Q65760,1684.0,1684.0,2060,0.18,370.8,5.2
Q65770,1684.0,1684.0,2060,0.18,370.8,5.2
Q65773,1684.0,1684.0,2060,0.18,370.8,5.2
Q65781,1684.0,1684.0,2060,0.18,370.8,5.2
Q65788,1684.0,1684.0,2060,0.18,370.8,5.2
QBR-F 0495-50A,1684.0,1684.0,2060,0.18,370.8,5.2
QBR-FH 0314-42,1684.0,1684.0,2060,0.18,370.8,5.2
QBR-F 0194-09,1684.0,1684.0,2060,0.18,370.8,5.2
Q68580,1684.0,1684.0,2060,0.18,370.8,5.2
Q68592,1684.0,1684.0,2060,0.18,370.8,5.2
Q68606,1684.0,1684.0,2060,0.18,370.8,5.2
Q68610,1684.0,1684.0,2060,0.18,370.8,5.2
Q68611,1684.0,1684.0,2060,0.18,370.8,5.2
Q68617,1684.0,1684.0,2060,0.18,370.8,5.2
Q68625,1684.0,1684.0,2060,0.18,370.8,5.2
Q68634,1684.0,1684.0,2060,0.18,370.8,5.2
Q68645,1684.0,1684.0,2060,0.18,370.8,5.2
Q68773,1684.0,1684.0,2060,0.18,370.8,5.2
Q68774,1684.0,1684.0,2060,0.18,370.8,5.2
Q68776,1684.0,1684.0,2060,0.18,370.8,5.2
Q68792,1684.0,1684.0,2060,0.18,370.8,5.2
Q68798,1684.0,1684.0,2060,0.18,370.8,5.2
Q68808,1684.0,1684.0,2060,0.18,370.8,5.2
Q68836,1684.0,1684.0,2060,0.18,370.8,5.2
Q68850,1684.0,1684.0,2060,0.18,370.8,5.2
Q68854,1684.0,1684.0,2060,0.18,370.8,5.2
Q68855,1684.0,1684.0,2060,0.18,370.8,5.2
Q68871,1684.0,1684.0,2060,0.18,370.8,5.2
Q68875,1684.0,1684.0,2060,0.18,370.8,5.2
Q68891,1684.0,1684.0,2060,0.18,370.8,5.2
Q68900,1684.0,1684.0,2060,0.18,370.8,5.2
Q68901,1684.0,1684.0,2060,0.18,370.8,5.2
AU4126,1674.0,1674.0,2050,0.18,369.0,7.0
Q68920,1661.0,1661.0,2030,0.18,365.4,3.6
Q68922,1661.0,1661.0,2030,0.18,365.4,3.6
QA DT K,1638.0,1638.0,2000,0.18,360.0,2.0
QA DT T,1638.0,1638.0,2000,0.18,360.0,2.0
QCV 2053 AU/VW 04,1638.0,1638.0,2000,0.18,360.0,2.0
QCV 2053 BM 03,1638.0,1638.0,2000,0.18,360.0,2.0
QCV 2053 BU 01,1638.0,1638.0,2000,0.18,360.0,2.0
QCV 2053 BU 02,1638.0,1638.0,2000,0.18,360.0,2.0
16-061,1638.0,1638.0,2000,0.18,360.0,2.0
22-017,1638.0,1638.0,2000,0.18,360.0,2.0
22-1003,1638.0,1638.0,2000,0.18,360.0,2.0
22-1063,1638.0,1638.0,2000,0.18,360.0,2.0
22-111,1638.0,1638.0,2000,0.18,360.0,2.0
22-1114,1638.0,1638.0,2000,0.18,360.0,2.0
22-1125,1638.0,1638.0,2000,0.18,360.0,2.0
22-1127,1638.0,1638.0,2000,0.18,360.0,2.0
22-1202,1638.0,1638.0,2000,0.18,360.0,2.0
22-1258,1638.0,1638.0,2000,0.18,360.0,2.0
22-1288,1638.0,1638.0,2000,0.18,360.0,2.0
22-1302,1638.0,1638.0,2000,0.18,360.0,2.0
22-1309,1638.0,1638.0,2000,0.18,360.0,2.0
22-1310,1638.0,1638.0,2000,0.18,360.0,2.0
22-1311,1638.0,1638.0,2000,0.18,360.0,2.0
22-1325,1638.0,1638.0,2000,0.18,360.0,2.0
22-1359,1638.0,1638.0,2000,0.18,360.0,2.0
22-1407,1638.0,1638.0,2000,0.18,360.0,2.0
22-1539,1638.0,1638.0,2000,0.18,360.0,2.0
22-358,1638.0,1638.0,2000,0.18,360.0,2.0
22-393,1638.0,1638.0,2000,0.18,360.0,2.0
22-500,1638.0,1638.0,2000,0.18,360.0,2.0
22-515,1638.0,1638.0,2000,0.18,360.0,2.0
22-677,1638.0,1638.0,2000,0.18,360.0,2.0
22-932,1638.0,1638.0,2000,0.18,360.0,2.0
22-949,1638.0,1638.0,2000,0.18,360.0,2.0
Q0457,1638.0,1638.0,2000,0.18,360.0,2.0
QBR-F 0170-50,1638.0,1638.0,2000,0.18,360.0,2.0
QBR-F 0177-39,1638.0,1638.0,2000,0.18,360.0,2.0
QBR-F 0532-26,1638.0,1638.0,2000,0.18,360.0,2.0
QBR-F 0549-13,1638.0,1638.0,2000,0.18,360.0,2.0
QBR-F 0763-39,1638.0,1638.0,2000,0.18,360.0,2.0
QBR-F 0770-39,1638.0,1638.0,2000,0.18,360.0,2.0
QBR-F 1041-82,1638.0,1638.0,2000,0.18,360.0,2.0
QBR-F 3929-56,1638.0,1638.0,2000,0.18,360.0,2.0
QBR-F 6005-68,1638.0,1638.0,2000,0.18,360.0,2.0
QBR-F 6324-68,1638.0,1638.0,2000,0.18,360.0,2.0
QBR-F 6325-68,1638.0,1638.0,2000,0.18,360.0,2.0
QBR-F 7013-68,1638.0,1638.0,2000,0.18,360.0,2.0
QBR-F 8014-68,1638.0,1638.0,2000,0.18,360.0,2.0
Q65712,1638.0,1638.0,2000,0.18,360.0,2.0
Q65614,1638.0,1638.0,2000,0.18,360.0,2.0
Q65624,1638.0,1638.0,2000,0.18,360.0,2.0
Q65630,1638.0,1638.0,2000,0.18,360.0,2.0
Q65639,1638.0,1638.0,2000,0.18,360.0,2.0
Q65646,1638.0,1638.0,2000,0.18,360.0,2.0
Q65649,1638.0,1638.0,2000,0.18,360.0,2.0
Q65660,1638.0,1638.0,2000,0.18,360.0,2.0
Q65671,1638.0,1638.0,2000,0.18,360.0,2.0
Q65674,1638.0,1638.0,2000,0.18,360.0,2.0
Q65684,1638.0,1638.0,2000,0.18,360.0,2.0
Q65706,1638.0,1638.0,2000,0.18,360.0,2.0
Q65708,1638.0,1638.0,2000,0.18,360.0,2.0
Q64459,1638.0,1638.0,2000,0.18,360.0,2.0
Q64462,1638.0,1638.0,2000,0.18,360.0,2.0
Q64480,1638.0,1638.0,2000,0.18,360.0,2.0
Q64481,1638.0,1638.0,2000,0.18,360.0,2.0
Q64486,1638.0,1638.0,2000,0.18,360.0,2.0
Q64487,1638.0,1638.0,2000,0.18,360.0,2.0
Q64489,1638.0,1638.0,2000,0.18,360.0,2.0
Q64511,1638.0,1638.0,2000,0.18,360.0,2.0
Q64512,1638.0,1638.0,2000,0.18,360.0,2.0
Q64514,1638.0,1638.0,2000,0.18,360.0,2.0
Q64527,1638.0,1638.0,2000,0.18,360.0,2.0
Q64530,1638.0,1638.0,2000,0.18,360.0,2.0
Q64531,1638.0,1638.0,2000,0.18,360.0,2.0
Q64540,1638.0,1638.0,2000,0.18,360.0,2.0
Q64546,1638.0,1638.0,2000,0.18,360.0,2.0
Q64547,1638.0,1638.0,2000,0.18,360.0,2.0
Q64549,1638.0,1638.0,2000,0.18,360.0,2.0
Q64550,1638.0,1638.0,2000,0.18,360.0,2.0
Q64556,1638.0,1638.0,2000,0.18,360.0,2.0
Q64557,1638.0,1638.0,2000,0.18,360.0,2.0
Q65406,1638.0,1638.0,2000,0.18,360.0,2.0
Q65419,1638.0,1638.0,2000,0.18,360.0,2.0
Q65432,1638.0,1638.0,2000,0.18,360.0,2.0
Q65433,1638.0,1638.0,2000,0.18,360.0,2.0
Q65440,1638.0,1638.0,2000,0.18,360.0,2.0
Q65452,1638.0,1638.0,2000,0.18,360.0,2.0
Q65455,1638.0,1638.0,2000,0.18,360.0,2.0
Q65462,1638.0,1638.0,2000,0.18,360.0,2.0
Q65468,1638.0,1638.0,2000,0.18,360.0,2.0
Q65475,1638.0,1638.0,2000,0.18,360.0,2.0
Q65497,1638.0,1638.0,2000,0.18,360.0,2.0
Q65504,1638.0,1638.0,2000,0.18,360.0,2.0
Q65505,1638.0,1638.0,2000,0.18,360.0,2.0
Q65506,1638.0,1638.0,2000,0.18,360.0,2.0
Q65509,1638.0,1638.0,2000,0.18,360.0,2.0
Q65514,1638.0,1638.0,2000,0.18,360.0,2.0
Q65532,1638.0,1638.0,2000,0.18,360.0,2.0
Q65546,1638.0,1638.0,2000,0.18,360.0,2.0
Q65553,1638.0,1638.0,2000,0.18,360.0,2.0
Q65557,1638.0,1638.0,2000,0.18,360.0,2.0
Q65574,1638.0,1638.0,2000,0.18,360.0,2.0
Q65590,1638.0,1638.0,2000,0.18,360.0,2.0
Q65593,1638.0,1638.0,2000,0.18,360.0,2.0
Q65599,1638.0,1638.0,2000,0.18,360.0,2.0
Q65601,1638.0,1638.0,2000,0.18,360.0,2.0
Q65609,1638.0,1638.0,2000,0.18,360.0,2.0
Q65717,1638.0,1638.0,2000,0.18,360.0,2.0
Q65734,1638.0,1638.0,2000,0.18,360.0,2.0
Q65740,1638.0,1638.0,2000,0.18,360.0,2.0
Q65744,1638.0,1638.0,2000,0.18,360.0,2.0
Q65759,1638.0,1638.0,2000,0.18,360.0,2.0
Q65764,1638.0,1638.0,2000,0.18,360.0,2.0
Q65771,1638.0,1638.0,2000,0.18,360.0,2.0
QBR-F 5090-68,1638.0,1638.0,2000,0.18,360.0,2.0
QBR-F 3301-02,1638.0,1638.0,2000,0.18,360.0,2.0
QBR-F 5033-68,1638.0,1638.0,2000,0.18,360.0,2.0
QBR-F 9026-18,1638.0,1638.0,2000,0.18,360.0,2.0
QBR-F 1147-82,1638.0,1638.0,2000,0.18,360.0,2.0
QBR-F 3804-13,1638.0,1638.0,2000,0.18,360.0,2.0
QBR-F 0907-39,1638.0,1638.0,2000,0.18,360.0,2.0
Q68620,1638.0,1638.0,2000,0.18,360.0,2.0
Q68582,1638.0,1638.0,2000,0.18,360.0,2.0
Q68590,1638.0,1638.0,2000,0.18,360.0,2.0
Q68600,1638.0,1638.0,2000,0.18,360.0,2.0
Q68616,1638.0,1638.0,2000,0.18,360.0,2.0
Q68632,1638.0,1638.0,2000,0.18,360.0,2.0
Q68633,1638.0,1638.0,2000,0.18,360.0,2.0
Q68769,1638.0,1638.0,2000,0.18,360.0,2.0
Q68771,1638.0,1638.0,2000,0.18,360.0,2.0
Q68781,1638.0,1638.0,2000,0.18,360.0,2.0
Q68784,1638.0,1638.0,2000,0.18,360.0,2.0
Q68789,1638.0,1638.0,2000,0.18,360.0,2.0
Q68794,1638.0,1638.0,2000,0.18,360.0,2.0
Q68795,1638.0,1638.0,2000,0.18,360.0,2.0
Q68796,1638.0,1638.0,2000,0.18,360.0,2.0
Q68797,1638.0,1638.0,2000,0.18,360.0,2.0
Q68800,1638.0,1638.0,2000,0.18,360.0,2.0
Q68803,1638.0,1638.0,2000,0.18,360.0,2.0
Q68804,1638.0,1638.0,2000,0.18,360.0,2.0
Q68805,1638.0,1638.0,2000,0.18,360.0,2.0
Q68815,1638.0,1638.0,2000,0.18,360.0,2.0
Q68819,1638.0,1638.0,2000,0.18,360.0,2.0
Q68822,1638.0,1638.0,2000,0.18,360.0,2.0
Q68824,1638.0,1638.0,2000,0.18,360.0,2.0
Q68830,1638.0,1638.0,2000,0.18,360.0,2.0
Q68843,1638.0,1638.0,2000,0.18,360.0,2.0
Q68846,1638.0,1638.0,2000,0.18,360.0,2.0
Q68862,1638.0,1638.0,2000,0.18,360.0,2.0
Q68878,1638.0,1638.0,2000,0.18,360.0,2.0
Q68885,1638.0,1638.0,2000,0.18,360.0,2.0
Q68887,1638.0,1638.0,2000,0.18,360.0,2.0
Q68892,1638.0,1638.0,2000,0.18,360.0,2.0
Q68896,1638.0,1638.0,2000,0.18,360.0,2.0
Q68898,1638.0,1638.0,2000,0.18,360.0,2.0
TB059,1638.0,1638.0,2000,0.18,360.0,2.0
16-064,1627.0,1627.0,1990,0.18,358.2,4.8
QBR-F 3809-39,1602.0,1602.0,1960,0.18,352.8,5.2
QCV 1058D 01 (truck),1593.0,1593.0,1950,0.18,351.0,6.0
QCV 1058D 02 (truck),1593.0,1593.0,1950,0.18,351.0,6.0
QCV 1058D 03 (truck),1593.0,1593.0,1950,0.18,351.0,6.0
QCV 2053 BM 02,1593.0,1593.0,1950,0.18,351.0,6.0
QCV 2053 FD 04,1593.0,1593.0,1950,0.18,351.0,6.0
QCV 2053 MB 02,1593.0,1593.0,1950,0.18,351.0,6.0
QCV 2053 MB 04,1593.0,1593.0,1950,0.18,351.0,6.0
QCV 2053 MB 05,1593.0,1593.0,1950,0.18,351.0,6.0
QCV 2053 MB 06,1593.0,1593.0,1950,0.18,351.0,6.0
16-049,1593.0,1593.0,1950,0.18,351.0,6.0
16-138,1596.0,1596.0,1950,0.18,351.0,3.0
22-026,1593.0,1593.0,1950,0.18,351.0,6.0
22-056,1593.0,1593.0,1950,0.18,351.0,6.0
22-1027,1593.0,1593.0,1950,0.18,351.0,6.0
22-1364,1593.0,1593.0,1950,0.18,351.0,6.0
22-1378,1593.0,1593.0,1950,0.18,351.0,6.0
22-175,1593.0,1593.0,1950,0.18,351.0,6.0
22-469,1593.0,1593.0,1950,0.18,351.0,6.0
22-656,1593.0,1593.0,1950,0.18,351.0,6.0
22-873,1593.0,1593.0,1950,0.18,351.0,6.0
QBR-F 1010-39,1593.0,1593.0,1950,0.18,351.0,6.0
QBR-F 0181-26,1593.0,1593.0,1950,0.18,351.0,6.0
QBR-F 2321-68,1593.0,1593.0,1950,0.18,351.0,6.0
Q65612,1593.0,1593.0,1950,0.18,351.0,6.0
Q65613,1593.0,1593.0,1950,0.18,351.0,6.0
Q65620,1593.0,1593.0,1950,0.18,351.0,6.0
Q65622,1593.0,1593.0,1950,0.18,351.0,6.0
Q65642,1593.0,1593.0,1950,0.18,351.0,6.0
Q65643,1593.0,1593.0,1950,0.18,351.0,6.0
Q65654,1593.0,1593.0,1950,0.18,351.0,6.0
Q65661,1593.0,1593.0,1950,0.18,351.0,6.0
Q65670,1593.0,1593.0,1950,0.18,351.0,6.0
Q65676,1593.0,1593.0,1950,0.18,351.0,6.0
Q65685,1593.0,1593.0,1950,0.18,351.0,6.0
Q65689,1593.0,1593.0,1950,0.18,351.0,6.0
Q65690,1593.0,1593.0,1950,0.18,351.0,6.0
Q65691,1593.0,1593.0,1950,0.18,351.0,6.0
Q65696,1593.0,1593.0,1950,0.18,351.0,6.0
Q65698,1593.0,1593.0,1950,0.18,351.0,6.0
Q65699,1593.0,1593.0,1950,0.18,351.0,6.0
Q65700,1593.0,1593.0,1950,0.18,351.0,6.0
Q65702,1593.0,1593.0,1950,0.18,351.0,6.0
Q65705,1593.0,1593.0,1950,0.18,351.0,6.0
Q65710,1593.0,1593.0,1950,0.18,351.0,6.0
Q65711,1593.0,1593.0,1950,0.18,351.0,6.0
Q64430,1593.0,1593.0,1950,0.18,351.0,6.0
Q64431,1593.0,1593.0,1950,0.18,351.0,6.0
Q64436,1593.0,1593.0,1950,0.18,351.0,6.0
Q64441,1593.0,1593.0,1950,0.18,351.0,6.0
Q64449,1593.0,1593.0,1950,0.18,351.0,6.0
Q64452,1593.0,1593.0,1950,0.18,351.0,6.0
Q64453,1593.0,1593.0,1950,0.18,351.0,6.0
Q64457,1593.0,1593.0,1950,0.18,351.0,6.0
Q64466,1593.0,1593.0,1950,0.18,351.0,6.0
Q64473,1593.0,1593.0,1950,0.18,351.0,6.0
Q64479,1593.0,1593.0,1950,0.18,351.0,6.0
Q64482,1593.0,1593.0,1950,0.18,351.0,6.0
Q64483,1593.0,1593.0,1950,0.18,351.0,6.0
Q64491,1593.0,1593.0,1950,0.18,351.0,6.0
Q64497,1593.0,1593.0,1950,0.18,351.0,6.0
Q64499,1593.0,1593.0,1950,0.18,351.0,6.0
Q64509,1593.0,1593.0,1950,0.18,351.0,6.0
Q64510,1593.0,1593.0,1950,0.18,351.0,6.0
Q64521,1593.0,1593.0,1950,0.18,351.0,6.0
Q64526,1593.0,1593.0,1950,0.18,351.0,6.0
Q64534,1593.0,1593.0,1950,0.18,351.0,6.0
Q64538,1593.0,1593.0,1950,0.18,351.0,6.0
Q64548,1593.0,1593.0,1950,0.18,351.0,6.0
Q64554,1593.0,1593.0,1950,0.18,351.0,6.0
Q65416,1593.0,1593.0,1950,0.18,351.0,6.0
Q65418,1593.0,1593.0,1950,0.18,351.0,6.0
Q65425,1593.0,1593.0,1950,0.18,351.0,6.0
Q65428,1593.0,1593.0,1950,0.18,351.0,6.0
Q65445,1593.0,1593.0,1950,0.18,351.0,6.0
Q65446,1593.0,1593.0,1950,0.18,351.0,6.0
Q65449,1593.0,1593.0,1950,0.18,351.0,6.0
Q65450,1593.0,1593.0,1950,0.18,351.0,6.0
Q65464,1593.0,1593.0,1950,0.18,351.0,6.0
Q65471,1593.0,1593.0,1950,0.18,351.0,6.0
Q65476,1593.0,1593.0,1950,0.18,351.0,6.0
Q65485,1593.0,1593.0,1950,0.18,351.0,6.0
Q65496,1593.0,1593.0,1950,0.18,351.0,6.0
Q65498,1593.0,1593.0,1950,0.18,351.0,6.0
Q65500,1593.0,1593.0,1950,0.18,351.0,6.0
Q65501,1593.0,1593.0,1950,0.18,351.0,6.0
Q65502,1593.0,1593.0,1950,0.18,351.0,6.0
Q65507,1593.0,1593.0,1950,0.18,351.0,6.0
Q65508,1593.0,1593.0,1950,0.18,351.0,6.0
Q65510,1593.0,1593.0,1950,0.18,351.0,6.0
Q65512,1593.0,1593.0,1950,0.18,351.0,6.0
Q65513,1593.0,1593.0,1950,0.18,351.0,6.0
Q65518,1593.0,1593.0,1950,0.18,351.0,6.0
Q65525,1593.0,1593.0,1950,0.18,351.0,6.0
Q65531,1593.0,1593.0,1950,0.18,351.0,6.0
Q65534,1593.0,1593.0,1950,0.18,351.0,6.0
Q65535,1593.0,1593.0,1950,0.18,351.0,6.0
Q65536,1593.0,1593.0,1950,0.18,351.0,6.0
Q65537,1593.0,1593.0,1950,0.18,351.0,6.0
Q65538,1593.0,1593.0,1950,0.18,351.0,6.0
Q65551,1593.0,1593.0,1950,0.18,351.0,6.0
Q65552,1593.0,1593.0,1950,0.18,351.0,6.0
Q65554,1593.0,1593.0,1950,0.18,351.0,6.0
Q65558,1593.0,1593.0,1950,0.18,351.0,6.0
Q65559,1593.0,1593.0,1950,0.18,351.0,6.0
Q65569,1593.0,1593.0,1950,0.18,351.0,6.0
Q65570,1593.0,1593.0,1950,0.18,351.0,6.0
Q65576,1593.0,1593.0,1950,0.18,351.0,6.0
Q65580,1593.0,1593.0,1950,0.18,351.0,6.0
Q65591,1593.0,1593.0,1950,0.18,351.0,6.0
Q65595,1593.0,1593.0,1950,0.18,351.0,6.0
Q65598,1593.0,1593.0,1950,0.18,351.0,6.0
Q65602,1593.0,1593.0,1950,0.18,351.0,6.0
Q65713,1593.0,1593.0,1950,0.18,351.0,6.0
Q65714,1593.0,1593.0,1950,0.18,351.0,6.0
Q65716,1593.0,1593.0,1950,0.18,351.0,6.0
Q65746,1593.0,1593.0,1950,0.18,351.0,6.0
Q65751,1593.0,1593.0,1950,0.18,351.0,6.0
Q65763,1593.0,1593.0,1950,0.18,351.0,6.0
Q65766,1593.0,1593.0,1950,0.18,351.0,6.0
Q65775,1593.0,1593.0,1950,0.18,351.0,6.0
Q65782,1593.0,1593.0,1950,0.18,351.0,6.0
QBR-F 8302-68,1593.0,1593.0,1950,0.18,351.0,6.0
QBR-F 8303-68,1593.0,1593.0,1950,0.18,351.0,6.0
QBR-F 0558-68,1593.0,1593.0,1950,0.18,351.0,6.0
QBR-F 1117-42,1593.0,1593.0,1950,0.18,351.0,6.0
GM2378,1593.0,1593.0,1950,0.18,351.0,6.0
QBR-F 2321-18,1593.0,1593.0,1950,0.18,351.0,6.0
QBR-F 6216-68,1593.0,1593.0,1950,0.18,351.0,6.0
QBR-F 6209-82,1593.0,1593.0,1950,0.18,351.0,6.0
QBR-F 0780-02,1593.0,1593.0,1950,0.18,351.0,6.0
QBR-F 0857-82,1593.0,1593.0,1950,0.18,351.0,6.0
QBR-F 0860-68,1593.0,1593.0,1950,0.18,351.0,6.0
QBR-F 7023-09,1593.0,1593.0,1950,0.18,351.0,6.0
QBR-F 0556-68,1593.0,1593.0,1950,0.18,351.0,6.0
QBR-F 5206-68,1593.0,1593.0,1950,0.18,351.0,6.0
QBR-F 0454-68,1593.0,1593.0,1950,0.18,351.0,6.0
QBR-F 04102-50,1593.0,1593.0,1950,0.18,351.0,6.0
QBR-F 04104-82,1593.0,1593.0,1950,0.18,351.0,6.0
QBR-F 0195-68,1593.0,1593.0,1950,0.18,351.0,6.0
QBR-F 0174-42,1593.0,1593.0,1950,0.18,351.0,6.0
QBR-F 9003-50A,1593.0,1593.0,1950,0.18,351.0,6.0
QBR-F 1105-16,1593.0,1593.0,1950,0.18,351.0,6.0
QBR-F 0799-82,1593.0,1593.0,1950,0.18,351.0,6.0
QBR-F 0193-09,1593.0,1593.0,1950,0.18,351.0,6.0
TB1197,1593.0,1593.0,1950,0.18,351.0,6.0
K 0331-42,1593.0,1593.0,1950,0.18,351.0,6.0
QBR-F 0445-35,1593.0,1593.0,1950,0.18,351.0,6.0
Q68583,1593.0,1593.0,1950,0.18,351.0,6.0
Q68589,1593.0,1593.0,1950,0.18,351.0,6.0
Q68594,1593.0,1593.0,1950,0.18,351.0,6.0
Q68624,1593.0,1593.0,1950,0.18,351.0,6.0
Q68636,1593.0,1593.0,1950,0.18,351.0,6.0
TB2047,1593.0,1593.0,1950,0.18,351.0,6.0
Q68768,1593.0,1593.0,1950,0.18,351.0,6.0
Q68777,1593.0,1593.0,1950,0.18,351.0,6.0
Q68791,1593.0,1593.0,1950,0.18,351.0,6.0
Q68826,1593.0,1593.0,1950,0.18,351.0,6.0
Q68848,1593.0,1593.0,1950,0.18,351.0,6.0
Q68874,1593.0,1593.0,1950,0.18,351.0,6.0
Q68897,1593.0,1593.0,1950,0.18,351.0,6.0
QBR-F 5066-02A,1593.0,1593.0,1950,0.18,351.0,6.0
QBR-F 3502-13,1593.0,1593.0,1950,0.18,351.0,6.0
QBR-F 1165-68,1593.0,1593.0,1950,0.18,351.0,6.0
QBR-F 04109-68,1593.0,1593.0,1950,0.18,351.0,6.0
QBR-F 04112-09,1593.0,1593.0,1950,0.18,351.0,6.0
QBR-F 04123-68,1593.0,1593.0,1950,0.18,351.0,6.0
QBR-F 0465-68,1593.0,1593.0,1950,0.18,351.0,6.0
TB1869,1593.0,1593.0,1950,0.18,351.0,6.0
QBR-F 0640-68,1593.0,1593.0,1950,0.18,351.0,6.0
DVR_W6S,1593.0,1593.0,1950,0.18,351.0,6.0
DVR_W05,1593.0,1593.0,1950,0.18,351.0,6.0
QBR-FH 0103-13,1593.0,1593.0,1950,0.18,351.0,6.0
QBR-F 6232-09,1593.0,1593.0,1950,0.18,351.0,6.0
QBR-FH 4108-50,1593.0,1593.0,1950,0.18,351.0,6.0
QBR-FH 3821-01,1593.0,1593.0,1950,0.18,351.0,6.0
QBR-FH 3913-01,1593.0,1593.0,1950,0.18,351.0,6.0
QBR-FH 3914-01,1593.0,1593.0,1950,0.18,351.0,6.0
QBR-FH 3915-01,1593.0,1593.0,1950,0.18,351.0,6.0
QBR-F 0777-39,1565.0,1565.0,1910,0.18,343.8,1.2
TB1416,1565.0,1565.0,1910,0.18,343.8,1.2
QCV 2053 K,1547.0,1547.0,1890,0.18,340.2,2.8
QCV 2053 T,1547.0,1547.0,1890,0.18,340.2,2.8
16-027,1547.0,1547.0,1890,0.18,340.2,2.8
16-031,1547.0,1547.0,1890,0.18,340.2,2.8
16-047,1547.0,1547.0,1890,0.18,340.2,2.8
16-054,1547.0,1547.0,1890,0.18,340.2,2.8
16-082,1547.0,1547.0,1890,0.18,340.2,2.8
16-117,1547.0,1547.0,1890,0.18,340.2,2.8
22-1026,1547.0,1547.0,1890,0.18,340.2,2.8
22-1082,1547.0,1547.0,1890,0.18,340.2,2.8
22-1083,1547.0,1547.0,1890,0.18,340.2,2.8
22-1192,1547.0,1547.0,1890,0.18,340.2,2.8
22-1318,1547.0,1547.0,1890,0.18,340.2,2.8
22-1321,1547.0,1547.0,1890,0.18,340.2,2.8
22-1363,1547.0,1547.0,1890,0.18,340.2,2.8
22-1403,1547.0,1547.0,1890,0.18,340.2,2.8
22-1418,1547.0,1547.0,1890,0.18,340.2,2.8
22-1462,1547.0,1547.0,1890,0.18,340.2,2.8
22-1492,1547.0,1547.0,1890,0.18,340.2,2.8
22-1550,1547.0,1547.0,1890,0.18,340.2,2.8
22-165,1547.0,1547.0,1890,0.18,340.2,2.8
22-177,1547.0,1547.0,1890,0.18,340.2,2.8
22-178,1547.0,1547.0,1890,0.18,340.2,2.8
22-188,1547.0,1547.0,1890,0.18,340.2,2.8
22-510,1547.0,1547.0,1890,0.18,340.2,2.8
22-600,1547.0,1547.0,1890,0.18,340.2,2.8
22-732,1547.0,1547.0,1890,0.18,340.2,2.8
SB4019,1547.0,1547.0,1890,0.18,340.2,2.8
QBR-F 5076-18,1547.0,1547.0,1890,0.18,340.2,2.8
QBR-F 9002-68,1547.0,1547.0,1890,0.18,340.2,2.8
Q65651,1547.0,1547.0,1890,0.18,340.2,2.8
Q65652,1547.0,1547.0,1890,0.18,340.2,2.8
Q65659,1547.0,1547.0,1890,0.18,340.2,2.8
Q65662,1547.0,1547.0,1890,0.18,340.2,2.8
Q65667,1547.0,1547.0,1890,0.18,340.2,2.8
Q65668,1547.0,1547.0,1890,0.18,340.2,2.8
Q65672,1547.0,1547.0,1890,0.18,340.2,2.8
Q65681,1547.0,1547.0,1890,0.18,340.2,2.8
Q65703,1547.0,1547.0,1890,0.18,340.2,2.8
Q64439,1547.0,1547.0,1890,0.18,340.2,2.8
Q64454,1547.0,1547.0,1890,0.18,340.2,2.8
Q64461,1547.0,1547.0,1890,0.18,340.2,2.8
Q64467,1547.0,1547.0,1890,0.18,340.2,2.8
Q64469,1547.0,1547.0,1890,0.18,340.2,2.8
Q64498,1547.0,1547.0,1890,0.18,340.2,2.8
Q64507,1547.0,1547.0,1890,0.18,340.2,2.8
Q64508,1547.0,1547.0,1890,0.18,340.2,2.8
Q64528,1547.0,1547.0,1890,0.18,340.2,2.8
Q64529,1547.0,1547.0,1890,0.18,340.2,2.8
Q64539,1547.0,1547.0,1890,0.18,340.2,2.8
Q64545,1547.0,1547.0,1890,0.18,340.2,2.8
Q64569,1547.0,1547.0,1890,0.18,340.2,2.8
Q64573,1547.0,1547.0,1890,0.18,340.2,2.8
Q64574,1547.0,1547.0,1890,0.18,340.2,2.8
Q65404,1547.0,1547.0,1890,0.18,340.2,2.8
Q65405,1547.0,1547.0,1890,0.18,340.2,2.8
Q65411,1547.0,1547.0,1890,0.18,340.2,2.8
Q65413,1547.0,1547.0,1890,0.18,340.2,2.8
Q65420,1547.0,1547.0,1890,0.18,340.2,2.8
Q65429,1547.0,1547.0,1890,0.18,340.2,2.8
Q65434,1547.0,1547.0,1890,0.18,340.2,2.8
Q65444,1547.0,1547.0,1890,0.18,340.2,2.8
Q65447,1547.0,1547.0,1890,0.18,340.2,2.8
Q65448,1547.0,1547.0,1890,0.18,340.2,2.8
Q65453,1547.0,1547.0,1890,0.18,340.2,2.8
Q65477,1547.0,1547.0,1890,0.18,340.2,2.8
Q65484,1547.0,1547.0,1890,0.18,340.2,2.8
Q65486,1547.0,1547.0,1890,0.18,340.2,2.8
Q65487,1547.0,1547.0,1890,0.18,340.2,2.8
Q65488,1547.0,1547.0,1890,0.18,340.2,2.8
Q65491,1547.0,1547.0,1890,0.18,340.2,2.8
Q65492,1547.0,1547.0,1890,0.18,340.2,2.8
Q65494,1547.0,1547.0,1890,0.18,340.2,2.8
Q65499,1547.0,1547.0,1890,0.18,340.2,2.8
Q65521,1547.0,1547.0,1890,0.18,340.2,2.8
Q65522,1547.0,1547.0,1890,0.18,340.2,2.8
Q65524,1547.0,1547.0,1890,0.18,340.2,2.8
Q65529,1547.0,1547.0,1890,0.18,340.2,2.8
Q65533,1547.0,1547.0,1890,0.18,340.2,2.8
Q65539,1547.0,1547.0,1890,0.18,340.2,2.8
Q65548,1547.0,1547.0,1890,0.18,340.2,2.8
Q65550,1547.0,1547.0,1890,0.18,340.2,2.8
Q65556,1547.0,1547.0,1890,0.18,340.2,2.8
Q65560,1547.0,1547.0,1890,0.18,340.2,2.8
Q65561,1547.0,1547.0,1890,0.18,340.2,2.8
Q65564,1547.0,1547.0,1890,0.18,340.2,2.8
Q65566,1547.0,1547.0,1890,0.18,340.2,2.8
Q65573,1547.0,1547.0,1890,0.18,340.2,2.8
Q65575,1547.0,1547.0,1890,0.18,340.2,2.8
Q65577,1547.0,1547.0,1890,0.18,340.2,2.8
Q65581,1547.0,1547.0,1890,0.18,340.2,2.8
Q65585,1547.0,1547.0,1890,0.18,340.2,2.8
Q65596,1547.0,1547.0,1890,0.18,340.2,2.8
Q65721,1547.0,1547.0,1890,0.18,340.2,2.8
Q65722,1547.0,1547.0,1890,0.18,340.2,2.8
Q65723,1547.0,1547.0,1890,0.18,340.2,2.8
Q65745,1547.0,1547.0,1890,0.18,340.2,2.8
Q65748,1547.0,1547.0,1890,0.18,340.2,2.8
Q65752,1547.0,1547.0,1890,0.18,340.2,2.8
Q65753,1547.0,1547.0,1890,0.18,340.2,2.8
Q65761,1547.0,1547.0,1890,0.18,340.2,2.8
Q65774,1547.0,1547.0,1890,0.18,340.2,2.8
Q65777,1547.0,1547.0,1890,0.18,340.2,2.8
Q65786,1547.0,1547.0,1890,0.18,340.2,2.8
QBR-F 2430-13,1547.0,1547.0,1890,0.18,340.2,2.8
QBR-F 6117-09,1547.0,1547.0,1890,0.18,340.2,2.8
QBR-F 1043-42,1547.0,1547.0,1890,0.18,340.2,2.8
QBR-F 1035-68,1547.0,1547.0,1890,0.18,340.2,2.8
Q68628,1547.0,1547.0,1890,0.18,340.2,2.8
Q68629,1547.0,1547.0,1890,0.18,340.2,2.8
Q68587,1547.0,1547.0,1890,0.18,340.2,2.8
Q68601,1547.0,1547.0,1890,0.18,340.2,2.8
Q68608,1547.0,1547.0,1890,0.18,340.2,2.8
Q68766,1547.0,1547.0,1890,0.18,340.2,2.8
Q68770,1547.0,1547.0,1890,0.18,340.2,2.8
Q68788,1547.0,1547.0,1890,0.18,340.2,2.8
Q68793,1547.0,1547.0,1890,0.18,340.2,2.8
Q68799,1547.0,1547.0,1890,0.18,340.2,2.8
Q68814,1547.0,1547.0,1890,0.18,340.2,2.8
Q68818,1547.0,1547.0,1890,0.18,340.2,2.8
Q68823,1547.0,1547.0,1890,0.18,340.2,2.8
Q68825,1547.0,1547.0,1890,0.18,340.2,2.8
Q68869,1547.0,1547.0,1890,0.18,340.2,2.8
Q68873,1547.0,1547.0,1890,0.18,340.2,2.8
Q68886,1547.0,1547.0,1890,0.18,340.2,2.8
Q68899,1547.0,1547.0,1890,0.18,340.2,2.8
QCV 2053 CD 02,1502.0,1502.0,1840,0.18,331.2,6.8
QCV 2053 FD 02,1502.0,1502.0,1840,0.18,331.2,6.8
16-038,1502.0,1502.0,1840,0.18,331.2,6.8
16-126,1502.0,1502.0,1840,0.18,331.2,6.8
QHY-12,1502.0,1502.0,1840,0.18,331.2,6.8
QHY-17,1502.0,1502.0,1840,0.18,331.2,6.8
22-1050,1502.0,1502.0,1840,0.18,331.2,6.8
22-1067,1502.0,1502.0,1840,0.18,331.2,6.8
22-1068,1502.0,1502.0,1840,0.18,331.2,6.8
22-1071,1502.0,1502.0,1840,0.18,331.2,6.8
22-1098,1502.0,1502.0,1840,0.18,331.2,6.8
22-1112,1502.0,1502.0,1840,0.18,331.2,6.8
22-1131,1502.0,1502.0,1840,0.18,331.2,6.8
22-1132,1502.0,1502.0,1840,0.18,331.2,6.8
22-1160,1502.0,1502.0,1840,0.18,331.2,6.8
22-1175,1502.0,1502.0,1840,0.18,331.2,6.8
22-1182,1502.0,1502.0,1840,0.18,331.2,6.8
22-1203,1502.0,1502.0,1840,0.18,331.2,6.8
22-1250,1502.0,1502.0,1840,0.18,331.2,6.8
22-1276,1502.0,1502.0,1840,0.18,331.2,6.8
22-1290,1502.0,1502.0,1840,0.18,331.2,6.8
22-1327,1502.0,1502.0,1840,0.18,331.2,6.8
22-1430,1502.0,1502.0,1840,0.18,331.2,6.8
22-1442,1502.0,1502.0,1840,0.18,331.2,6.8
22-1460,1502.0,1502.0,1840,0.18,331.2,6.8
22-1500,1502.0,1502.0,1840,0.18,331.2,6.8
22-1575,1502.0,1502.0,1840,0.18,331.2,6.8
22-478,1502.0,1502.0,1840,0.18,331.2,6.8
22-494,1502.0,1502.0,1840,0.18,331.2,6.8
Q0354,1502.0,1502.0,1840,0.18,331.2,6.8
Q0873,1502.0,1502.0,1840,0.18,331.2,6.8
QSL-12,1502.0,1502.0,1840,0.18,331.2,6.8
HD0377,1502.0,1502.0,1840,0.18,331.2,6.8
LX0610,1502.0,1502.0,1840,0.18,331.2,6.8
HM4109,1502.0,1502.0,1840,0.18,331.2,6.8
QBR-F 0430-82,1502.0,1502.0,1840,0.18,331.2,6.8
QBR-F 0452-18,1502.0,1502.0,1840,0.18,331.2,6.8
QBR-F 0528-68,1502.0,1502.0,1840,0.18,331.2,6.8
QBR-F 0541-68,1502.0,1502.0,1840,0.18,331.2,6.8
QBR-F 0542-68,1502.0,1502.0,1840,0.18,331.2,6.8
QBR-F 0776-50,1502.0,1502.0,1840,0.18,331.2,6.8
QBR-F 0778-39,1502.0,1502.0,1840,0.18,331.2,6.8
QBR-F 0778-39A,1502.0,1502.0,1840,0.18,331.2,6.8
QBR-F 1157-82,1502.0,1502.0,1840,0.18,331.2,6.8
QBR-F 1831-13,1502.0,1502.0,1840,0.18,331.2,6.8
QBR-F 5026-18,1502.0,1502.0,1840,0.18,331.2,6.8
QBR-F 5099-68,1502.0,1502.0,1840,0.18,331.2,6.8
QBR-F 5209-68,1502.0,1502.0,1840,0.18,331.2,6.8
QBR-F 6104-09,1502.0,1502.0,1840,0.18,331.2,6.8
QBR-F 9031-68,1502.0,1502.0,1840,0.18,331.2,6.8
Q65656,1502.0,1502.0,1840,0.18,331.2,6.8
Q65682,1502.0,1502.0,1840,0.18,331.2,6.8
Q64437,1502.0,1502.0,1840,0.18,331.2,6.8
Q64438,1502.0,1502.0,1840,0.18,331.2,6.8
Q64443,1502.0,1502.0,1840,0.18,331.2,6.8
Q64476,1502.0,1502.0,1840,0.18,331.2,6.8
Q64477,1502.0,1502.0,1840,0.18,331.2,6.8
Q64503,1502.0,1502.0,1840,0.18,331.2,6.8
Q64505,1502.0,1502.0,1840,0.18,331.2,6.8
Q64518,1502.0,1502.0,1840,0.18,331.2,6.8
Q64535,1502.0,1502.0,1840,0.18,331.2,6.8
Q64536,1502.0,1502.0,1840,0.18,331.2,6.8
Q64537,1502.0,1502.0,1840,0.18,331.2,6.8
Q64543,1502.0,1502.0,1840,0.18,331.2,6.8
Q64555,1502.0,1502.0,1840,0.18,331.2,6.8
Q64570,1502.0,1502.0,1840,0.18,331.2,6.8
Q65412,1502.0,1502.0,1840,0.18,331.2,6.8
Q65417,1502.0,1502.0,1840,0.18,331.2,6.8
Q65443,1502.0,1502.0,1840,0.18,331.2,6.8
Q65469,1502.0,1502.0,1840,0.18,331.2,6.8
Q65472,1502.0,1502.0,1840,0.18,331.2,6.8
Q65473,1502.0,1502.0,1840,0.18,331.2,6.8
Q65493,1502.0,1502.0,1840,0.18,331.2,6.8
Q65495,1502.0,1502.0,1840,0.18,331.2,6.8
Q65515,1502.0,1502.0,1840,0.18,331.2,6.8
Q65516,1502.0,1502.0,1840,0.18,331.2,6.8
Q65517,1502.0,1502.0,1840,0.18,331.2,6.8
Q65526,1502.0,1502.0,1840,0.18,331.2,6.8
Q65527,1502.0,1502.0,1840,0.18,331.2,6.8
Q65540,1502.0,1502.0,1840,0.18,331.2,6.8
Q65542,1502.0,1502.0,1840,0.18,331.2,6.8
Q65549,1502.0,1502.0,1840,0.18,331.2,6.8
Q65562,1502.0,1502.0,1840,0.18,331.2,6.8
Q65567,1502.0,1502.0,1840,0.18,331.2,6.8
Q65725,1502.0,1502.0,1840,0.18,331.2,6.8
Q65728,1502.0,1502.0,1840,0.18,331.2,6.8
Q65730,1502.0,1502.0,1840,0.18,331.2,6.8
Q65731,1502.0,1502.0,1840,0.18,331.2,6.8
Q65732,1502.0,1502.0,1840,0.18,331.2,6.8
Q65768,1502.0,1502.0,1840,0.18,331.2,6.8
Q65789,1502.0,1502.0,1840,0.18,331.2,6.8
Q65791,1502.0,1502.0,1840,0.18,331.2,6.8
Q65792,1502.0,1502.0,1840,0.18,331.2,6.8
Q65793,1502.0,1502.0,1840,0.18,331.2,6.8
QBR-F 0383-68,1502.0,1502.0,1840,0.18,331.2,6.8
QBR-F 0554-18,1502.0,1502.0,1840,0.18,331.2,6.8
QBR-F 6226-09,1502.0,1502.0,1840,0.18,331.2,6.8
QBR-F 0766-02,1502.0,1502.0,1840,0.18,331.2,6.8
QBR-F 0143-35,1502.0,1502.0,1840,0.18,331.2,6.8
QBR-F 0132-35,1502.0,1502.0,1840,0.18,331.2,6.8
QBR-F 0154-17,1502.0,1502.0,1840,0.18,331.2,6.8
QBR-F 4491-09,1502.0,1502.0,1840,0.18,331.2,6.8
QBR-F 3902-17,1502.0,1502.0,1840,0.18,331.2,6.8
QBR-F 1162-09,1502.0,1502.0,1840,0.18,331.2,6.8
QBR-F 1224-82,1502.0,1502.0,1840,0.18,331.2,6.8
QBR-F 1245-50,1502.0,1502.0,1840,0.18,331.2,6.8
QBR-F 1311-68,1502.0,1502.0,1840,0.18,331.2,6.8
QBR-F 6227-68,1502.0,1502.0,1840,0.18,331.2,6.8
QBR-F 0764-17,1502.0,1502.0,1840,0.18,331.2,6.8
QBR-F 0798-02,1502.0,1502.0,1840,0.18,331.2,6.8
QBR-F 0779-68,1502.0,1502.0,1840,0.18,331.2,6.8
QBR-F 3707-19,1502.0,1502.0,1840,0.18,331.2,6.8
QBR-F 3706-13,1502.0,1502.0,1840,0.18,331.2,6.8
QBR-F 2634-68,1502.0,1502.0,1840,0.18,331.2,6.8
QBR-F 3327-30,1502.0,1502.0,1840,0.18,331.2,6.8
QBR-F 0518-36,1502.0,1502.0,1840,0.18,331.2,6.8
QBR-F 0536-18,1502.0,1502.0,1840,0.18,331.2,6.8
QBR-F 0633-82A,1502.0,1502.0,1840,0.18,331.2,6.8
QBR-F 5067-82,1502.0,1502.0,1840,0.18,331.2,6.8
QBR-F 2635-68,1502.0,1502.0,1840,0.18,331.2,6.8
QBR-F 0634-68,1502.0,1502.0,1840,0.18,331.2,6.8
QBR-F 0468-82A,1502.0,1502.0,1840,0.18,331.2,6.8
QBR-F 3815-50,1502.0,1502.0,1840,0.18,331.2,6.8
QBR-F 1158-19,1502.0,1502.0,1840,0.18,331.2,6.8
Q68615,1502.0,1502.0,1840,0.18,331.2,6.8
QBR-F 9021-68,1502.0,1502.0,1840,0.18,331.2,6.8
Q68767,1502.0,1502.0,1840,0.18,331.2,6.8
Q68827,1502.0,1502.0,1840,0.18,331.2,6.8
SiX2_H4,1600.0,1600.0,1840,0.13,239.2,0.8
QBR-F 0710-82,1502.0,1502.0,1840,0.18,331.2,6.8
TB2225-1,1502.0,1502.0,1840,0.18,331.2,6.8
TBA8000,1502.0,1502.0,1840,0.18,331.2,6.8
QBR-FH 0305-68,1502.0,1502.0,1840,0.18,331.2,6.8
QBR-F 0870-18,1502.0,1502.0,1840,0.18,331.2,6.8
16-051,1456.0,1456.0,1780,0.18,320.4,3.6
16-056,1456.0,1456.0,1780,0.18,320.4,3.6
16-067,1456.0,1456.0,1780,0.18,320.4,3.6
QFD-14,1456.0,1456.0,1780,0.18,320.4,3.6
22-063,1456.0,1456.0,1780,0.18,320.4,3.6
22-1004,1456.0,1456.0,1780,0.18,320.4,3.6
22-1005,1456.0,1456.0,1780,0.18,320.4,3.6
22-1016,1456.0,1456.0,1780,0.18,320.4,3.6
22-1054,1456.0,1456.0,1780,0.18,320.4,3.6
22-1070,1456.0,1456.0,1780,0.18,320.4,3.6
22-1073,1456.0,1456.0,1780,0.18,320.4,3.6
22-1143,1456.0,1456.0,1780,0.18,320.4,3.6
22-1144,1456.0,1456.0,1780,0.18,320.4,3.6
22-1164,1456.0,1456.0,1780,0.18,320.4,3.6
22-1184,1456.0,1456.0,1780,0.18,320.4,3.6
22-1196,1456.0,1456.0,1780,0.18,320.4,3.6
22-1229,1456.0,1456.0,1780,0.18,320.4,3.6
22-1233,1456.0,1456.0,1780,0.18,320.4,3.6
22-1254,1456.0,1456.0,1780,0.18,320.4,3.6
22-1272,1456.0,1456.0,1780,0.18,320.4,3.6
22-1283,1456.0,1456.0,1780,0.18,320.4,3.6
22-1295,1456.0,1456.0,1780,0.18,320.4,3.6
22-1308,1456.0,1456.0,1780,0.18,320.4,3.6
22-1355,1456.0,1456.0,1780,0.18,320.4,3.6
22-1420,1456.0,1456.0,1780,0.18,320.4,3.6
22-1484,1456.0,1456.0,1780,0.18,320.4,3.6
22-1531,1456.0,1456.0,1780,0.18,320.4,3.6
22-1532,1456.0,1456.0,1780,0.18,320.4,3.6
22-1534,1456.0,1456.0,1780,0.18,320.4,3.6
22-1541,1456.0,1456.0,1780,0.18,320.4,3.6
22-1560,1456.0,1456.0,1780,0.18,320.4,3.6
22-197,1456.0,1456.0,1780,0.18,320.4,3.6
22-421,1456.0,1456.0,1780,0.18,320.4,3.6
22-423,1456.0,1456.0,1780,0.18,320.4,3.6
22-449,1456.0,1456.0,1780,0.18,320.4,3.6
22-575,1456.0,1456.0,1780,0.18,320.4,3.6
22-714,1456.0,1456.0,1780,0.18,320.4,3.6
22-768,1456.0,1456.0,1780,0.18,320.4,3.6
22-811,1456.0,1456.0,1780,0.18,320.4,3.6
22-941,1456.0,1456.0,1780,0.18,320.4,3.6
22-975,1456.0,1456.0,1780,0.18,320.4,3.6
QTY-19,1456.0,1456.0,1780,0.18,320.4,3.6
HY1085,1456.0,1456.0,1780,0.18,320.4,3.6
CV1200,1456.0,1456.0,1780,0.18,320.4,3.6
QBR-F 0182-82,1456.0,1456.0,1780,0.18,320.4,3.6
QBR-F 0185-68,1456.0,1456.0,1780,0.18,320.4,3.6
QBR-F 0447-68,1456.0,1456.0,1780,0.18,320.4,3.6
QBR-F 0497-68,1456.0,1456.0,1780,0.18,320.4,3.6
QBR-F 0498-68,1456.0,1456.0,1780,0.18,320.4,3.6
QBR-F 7012-50,1456.0,1456.0,1780,0.18,320.4,3.6
QBR-F 0811-68,1456.0,1456.0,1780,0.18,320.4,3.6
QBR-F 1030-18,1456.0,1456.0,1780,0.18,320.4,3.6
QBR-F 1033-39,1456.0,1456.0,1780,0.18,320.4,3.6
QBR-F 1129-35,1456.0,1456.0,1780,0.18,320.4,3.6
QBR-F 2305-50,1456.0,1456.0,1780,0.18,320.4,3.6
QBR-F 2311-30,1456.0,1456.0,1780,0.18,320.4,3.6
QBR-F 3075-82,1456.0,1456.0,1780,0.18,320.4,3.6
QBR-F 3812-50,1456.0,1456.0,1780,0.18,320.4,3.6
QBR-F 5067-02,1456.0,1456.0,1780,0.18,320.4,3.6
QBR-F 6310-82,1456.0,1456.0,1780,0.18,320.4,3.6
Q64571,1456.0,1456.0,1780,0.18,320.4,3.6
Q64572,1456.0,1456.0,1780,0.18,320.4,3.6
Q65489,1456.0,1456.0,1780,0.18,320.4,3.6
Q65490,1456.0,1456.0,1780,0.18,320.4,3.6
Q65530,1456.0,1456.0,1780,0.18,320.4,3.6
Q65563,1456.0,1456.0,1780,0.18,320.4,3.6
Q65589,1456.0,1456.0,1780,0.18,320.4,3.6
Q65724,1456.0,1456.0,1780,0.18,320.4,3.6
Q65729,1456.0,1456.0,1780,0.18,320.4,3.6
Q65749,1456.0,1456.0,1780,0.18,320.4,3.6
Q65762,1456.0,1456.0,1780,0.18,320.4,3.6
Q65776,1456.0,1456.0,1780,0.18,320.4,3.6
Q65779,1456.0,1456.0,1780,0.18,320.4,3.6
Q65790,1456.0,1456.0,1780,0.18,320.4,3.6
Q65794,1456.0,1456.0,1780,0.18,320.4,3.6
QBR-F 4029-50A,1456.0,1456.0,1780,0.18,320.4,3.6
QBR-F 0165-26,1456.0,1456.0,1780,0.18,320.4,3.6
QBR-F 6209-09,1456.0,1456.0,1780,0.18,320.4,3.6
QBR-F 04118-09,1456.0,1456.0,1780,0.18,320.4,3.6
QBR-F 0520-13,1456.0,1456.0,1780,0.18,320.4,3.6
QBR-F 1318-68,1456.0,1456.0,1780,0.18,320.4,3.6
QBR-F 1036-39,1456.0,1456.0,1780,0.18,320.4,3.6
QBR-F 7012-82A,1456.0,1456.0,1780,0.18,320.4,3.6
QBR-F 1305-68,1456.0,1456.0,1780,0.18,320.4,3.6
QBR-F 6223-82,1456.0,1456.0,1780,0.18,320.4,3.6
QBR-F 1213-18,1456.0,1456.0,1780,0.18,320.4,3.6
QBR-F 5205-68,1456.0,1456.0,1780,0.18,320.4,3.6
QBR-F 04117-68,1456.0,1456.0,1780,0.18,320.4,3.6
Q68623,1456.0,1456.0,1780,0.18,320.4,3.6
QBR-F 5201-18,1456.0,1456.0,1780,0.18,320.4,3.6
QBR-F 0415-18,1456.0,1456.0,1780,0.18,320.4,3.6
QBR-F 8023-68,1420.0,1420.0,1740,0.18,313.2,6.8
QCV 1058D K,1411.0,1411.0,1730,0.18,311.4,7.6
QCV 1058D MK 01 Black,1411.0,1411.0,1730,0.18,311.4,7.6
QCV 1058D MK 02 Black,1411.0,1411.0,1730,0.18,311.4,7.6
QCV 1058D MT Black,1411.0,1411.0,1730,0.18,311.4,7.6
QCV 1058D MT Silvery,1411.0,1411.0,1730,0.18,311.4,7.6
QCV 1058D T Black,1411.0,1411.0,1730,0.18,311.4,7.6
QCV 1058D T Silvery,1411.0,1411.0,1730,0.18,311.4,7.6
QCV 1058D T White,1411.0,1411.0,1730,0.18,311.4,7.6
16-042,1411.0,1411.0,1730,0.18,311.4,7.6
22-084,1411.0,1411.0,1730,0.18,311.4,7.6
22-1074,1411.0,1411.0,1730,0.18,311.4,7.6
22-1120,1411.0,1411.0,1730,0.18,311.4,7.6
22-1227,1411.0,1411.0,1730,0.18,311.4,7.6
22-1230,1411.0,1411.0,1730,0.18,311.4,7.6
22-1241,1411.0,1411.0,1730,0.18,311.4,7.6
22-1252,1411.0,1411.0,1730,0.18,311.4,7.6
22-1263,1411.0,1411.0,1730,0.18,311.4,7.6
22-1266,1411.0,1411.0,1730,0.18,311.4,7.6
22-1304,1411.0,1411.0,1730,0.18,311.4,7.6
22-1307,1411.0,1411.0,1730,0.18,311.4,7.6
22-1324,1411.0,1411.0,1730,0.18,311.4,7.6
22-1330,1411.0,1411.0,1730,0.18,311.4,7.6
22-1367,1411.0,1411.0,1730,0.18,311.4,7.6
22-1397,1411.0,1411.0,1730,0.18,311.4,7.6
22-143,1411.0,1411.0,1730,0.18,311.4,7.6
22-1440,1411.0,1411.0,1730,0.18,311.4,7.6
22-1588,1411.0,1411.0,1730,0.18,311.4,7.6
22-310,1411.0,1411.0,1730,0.18,311.4,7.6
22-321,1411.0,1411.0,1730,0.18,311.4,7.6
22-368,1411.0,1411.0,1730,0.18,311.4,7.6
22-483,1411.0,1411.0,1730,0.18,311.4,7.6
22-487,1411.0,1411.0,1730,0.18,311.4,7.6
22-495,1411.0,1411.0,1730,0.18,311.4,7.6
22-571,1411.0,1411.0,1730,0.18,311.4,7.6
22-731,1411.0,1411.0,1730,0.18,311.4,7.6
22-753,1411.0,1411.0,1730,0.18,311.4,7.6
22-776,1411.0,1411.0,1730,0.18,311.4,7.6
22-787,1411.0,1411.0,1730,0.18,311.4,7.6
22-795,1411.0,1411.0,1730,0.18,311.4,7.6
22-823,1411.0,1411.0,1730,0.18,311.4,7.6
Q0340,1411.0,1411.0,1730,0.18,311.4,7.6
Q0614,1411.0,1411.0,1730,0.18,311.4,7.6
Q0654,1411.0,1411.0,1730,0.18,311.4,7.6
QNS-24,1411.0,1411.0,1730,0.18,311.4,7.6
NS0598,1411.0,1411.0,1730,0.18,311.4,7.6
BK1074,1411.0,1411.0,1730,0.18,311.4,7.6
GM2367,1411.0,1411.0,1730,0.18,311.4,7.6
MB4158,1411.0,1411.0,1730,0.18,311.4,7.6
QBR-F 0139-09,1411.0,1411.0,1730,0.18,311.4,7.6
QBR-F 7016-09,1411.0,1411.0,1730,0.18,311.4,7.6
QBR-F 5000-68,1411.0,1411.0,1730,0.18,311.4,7.6
QBR-F 0172-76,1411.0,1411.0,1730,0.18,311.4,7.6
QBR-F 0355-47,1411.0,1411.0,1730,0.18,311.4,7.6
QBR-F 0377-68,1411.0,1411.0,1730,0.18,311.4,7.6
QBR-F 0406-09,1411.0,1411.0,1730,0.18,311.4,7.6
QBR-F 0491-18,1411.0,1411.0,1730,0.18,311.4,7.6
QBR-F 0493-09,1411.0,1411.0,1730,0.18,311.4,7.6
QBR-F 2312-68,1411.0,1411.0,1730,0.18,311.4,7.6
QBR-F 0830-68,1411.0,1411.0,1730,0.18,311.4,7.6
QBR-F 1040-35,1411.0,1411.0,1730,0.18,311.4,7.6
QBR-F 1104-09A,1411.0,1411.0,1730,0.18,311.4,7.6
QBR-F 1128-50,1411.0,1411.0,1730,0.18,311.4,7.6
QBR-F 1231-36,1411.0,1411.0,1730,0.18,311.4,7.6
QBR-F 1821-30,1411.0,1411.0,1730,0.18,311.4,7.6
QBR-F 3308-17,1411.0,1411.0,1730,0.18,311.4,7.6
QBR-F 3705-30,1411.0,1411.0,1730,0.18,311.4,7.6
QBR-F 3814-68,1411.0,1411.0,1730,0.18,311.4,7.6
QBR-F 4011-09,1411.0,1411.0,1730,0.18,311.4,7.6
QBR-F 4635-09,1411.0,1411.0,1730,0.18,311.4,7.6
QBR-F 5017-68,1411.0,1411.0,1730,0.18,311.4,7.6
QBR-F 6204-09A,1411.0,1411.0,1730,0.18,311.4,7.6
QBR-F 9033-68,1411.0,1411.0,1730,0.18,311.4,7.6
Q65795,1411.0,1411.0,1730,0.18,311.4,7.6
QBR-F 04116-68,1411.0,1411.0,1730,0.18,311.4,7.6
QBR-F 3205-09,1411.0,1411.0,1730,0.18,311.4,7.6
QBR-F 2707-09,1411.0,1411.0,1730,0.18,311.4,7.6
QBR-F 0821-09,1411.0,1411.0,1730,0.18,311.4,7.6
QBR-F 2715-17,1411.0,1411.0,1730,0.18,311.4,7.6
QBR-F 4424-13,1411.0,1411.0,1730,0.18,311.4,7.6
QBR-F 4490-09,1411.0,1411.0,1730,0.18,311.4,7.6
QBR-F 2706-16,1411.0,1411.0,1730,0.18,311.4,7.6
QBR-F 0320-02,1411.0,1411.0,1730,0.18,311.4,7.6
QBR-F 0121-35,1411.0,1411.0,1730,0.18,311.4,7.6
QBR-F 2434-13,1411.0,1411.0,1730,0.18,311.4,7.6
BM3811,1411.0,1411.0,1730,0.18,311.4,7.6
QBR-F 1002-21,1411.0,1411.0,1730,0.18,311.4,7.6
QBR-F 0382-09,1411.0,1411.0,1730,0.18,311.4,7.6
QBR-F 3073-50,1411.0,1411.0,1730,0.18,311.4,7.6
QBR-F 4204-68,1411.0,1411.0,1730,0.18,311.4,7.6
Si_H13,1500.0,1500.0,1730,0.13,224.9,5.1
Si_H4,1500.0,1500.0,1730,0.13,224.9,5.1
QBR-F 0904-50,1383.0,1383.0,1690,0.18,304.2,2.8
GL2307,1383.0,1383.0,1690,0.18,304.2,2.8
QBR-F 04112-68,1383.0,1383.0,1690,0.18,304.2,2.8
QBR-F 2306-68,1383.0,1383.0,1690,0.18,304.2,2.8
QCV 2053 RN 01,1365.0,1365.0,1670,0.18,300.6,4.4
16-059,1365.0,1365.0,1670,0.18,300.6,4.4
16-075,1365.0,1365.0,1670,0.18,300.6,4.4
16-076,1365.0,1365.0,1670,0.18,300.6,4.4
16-115,1365.0,1365.0,1670,0.18,300.6,4.4
22-1022,1365.0,1365.0,1670,0.18,300.6,4.4
22-1034,1365.0,1365.0,1670,0.18,300.6,4.4
22-1129,1365.0,1365.0,1670,0.18,300.6,4.4
22-1176,1365.0,1365.0,1670,0.18,300.6,4.4
22-1179,1365.0,1365.0,1670,0.18,300.6,4.4
22-1240,1365.0,1365.0,1670,0.18,300.6,4.4
22-1259,1365.0,1365.0,1670,0.18,300.6,4.4
22-1285,1365.0,1365.0,1670,0.18,300.6,4.4
22-1419,1365.0,1365.0,1670,0.18,300.6,4.4
22-1435,1365.0,1365.0,1670,0.18,300.6,4.4
22-1439,1365.0,1365.0,1670,0.18,300.6,4.4
22-1513,1365.0,1365.0,1670,0.18,300.6,4.4
22-1533,1365.0,1365.0,1670,0.18,300.6,4.4
22-1548,1365.0,1365.0,1670,0.18,300.6,4.4
22-419,1365.0,1365.0,1670,0.18,300.6,4.4
22-624,1365.0,1365.0,1670,0.18,300.6,4.4
Q0065,1365.0,1365.0,1670,0.18,300.6,4.4
Q0108,1365.0,1365.0,1670,0.18,300.6,4.4
Q0307,1365.0,1365.0,1670,0.18,300.6,4.4
Q0886,1365.0,1365.0,1670,0.18,300.6,4.4
BK0369,1365.0,1365.0,1670,0.18,300.6,4.4
OP0466,1365.0,1365.0,1670,0.18,300.6,4.4
PG0966,1365.0,1365.0,1670,0.18,300.6,4.4
QBR-F 0846-68,1365.0,1365.0,1670,0.18,300.6,4.4
QBR-F 0165-09,1365.0,1365.0,1670,0.18,300.6,4.4
QBR-F 0429-18,1365.0,1365.0,1670,0.18,300.6,4.4
QBR-F 0430-68,1365.0,1365.0,1670,0.18,300.6,4.4
QBR-F 0449-39,1365.0,1365.0,1670,0.18,300.6,4.4
QBR-F 0468-09,1365.0,1365.0,1670,0.18,300.6,4.4
QBR-F 0481-50,1365.0,1365.0,1670,0.18,300.6,4.4
QBR-F 0531-04,1365.0,1365.0,1670,0.18,300.6,4.4
QBR-F 0714-18,1365.0,1365.0,1670,0.18,300.6,4.4
QBR-F 0920-68,1365.0,1365.0,1670,0.18,300.6,4.4
QBR-F 6102-09,1365.0,1365.0,1670,0.18,300.6,4.4
QBR-F 1113-09,1365.0,1365.0,1670,0.18,300.6,4.4
QBR-F 3902-50,1365.0,1365.0,1670,0.18,300.6,4.4
QBR-F 0716-09,1365.0,1365.0,1670,0.18,300.6,4.4
QBR-F 0741-09,1365.0,1365.0,1670,0.18,300.6,4.4
QBR-F 0777-09,1365.0,1365.0,1670,0.18,300.6,4.4
QBR-F 0796-09,1365.0,1365.0,1670,0.18,300.6,4.4
QBR-F 0842-68,1365.0,1365.0,1670,0.18,300.6,4.4
QBR-F 0861-68,1365.0,1365.0,1670,0.18,300.6,4.4
QBR-F 1133-30,1365.0,1365.0,1670,0.18,300.6,4.4
QBR-F 1152-30,1365.0,1365.0,1670,0.18,300.6,4.4
QBR-F 1313-82,1365.0,1365.0,1670,0.18,300.6,4.4
QBR-F 1820-50,1365.0,1365.0,1670,0.18,300.6,4.4
QBR-F 1824-39,1365.0,1365.0,1670,0.18,300.6,4.4
QBR-F 2116-68,1365.0,1365.0,1670,0.18,300.6,4.4
QBR-F 2317-50,1365.0,1365.0,1670,0.18,300.6,4.4
QBR-F 2612-42,1365.0,1365.0,1670,0.18,300.6,4.4
QBR-F 3079-09,1365.0,1365.0,1670,0.18,300.6,4.4
QBR-F 3081-09,1365.0,1365.0,1670,0.18,300.6,4.4
QBR-F 3082-68,1365.0,1365.0,1670,0.18,300.6,4.4
QBR-F 3319-18,1365.0,1365.0,1670,0.18,300.6,4.4
QBR-F 3324-82,1365.0,1365.0,1670,0.18,300.6,4.4
QBR-F 3325-57,1365.0,1365.0,1670,0.18,300.6,4.4
QBR-F 3904-02,1365.0,1365.0,1670,0.18,300.6,4.4
QBR-F 4101-05,1365.0,1365.0,1670,0.18,300.6,4.4
QBR-F 5010-09,1365.0,1365.0,1670,0.18,300.6,4.4
QBR-F 5025-68,1365.0,1365.0,1670,0.18,300.6,4.4
QBR-F 5029-09,1365.0,1365.0,1670,0.18,300.6,4.4
QBR-F 5064-71,1365.0,1365.0,1670,0.18,300.6,4.4
QBR-F 6208-82,1365.0,1365.0,1670,0.18,300.6,4.4
QBR-F 9020-68,1365.0,1365.0,1670,0.18,300.6,4.4
QBR-F 9039-68,1365.0,1365.0,1670,0.18,300.6,4.4
Qjp-02Afs,1365.0,1365.0,1670,0.18,300.6,4.4
Qlx-03Afs,1365.0,1365.0,1670,0.18,300.6,4.4
Qbm-09,1365.0,1365.0,1670,0.18,300.6,4.4
Bi-LED-24V-12V,1365.0,1365.0,1670,0.18,300.6,4.4
QBR-WC (3048+0304),1365.0,1365.0,1670,0.18,300.6,4.4
QBR-F 3509-26,1365.0,1365.0,1670,0.18,300.6,4.4
QBR-F 6231-09,1365.0,1365.0,1670,0.18,300.6,4.4
QBR-F 2911-42,1365.0,1365.0,1670,0.18,300.6,4.4
QBR-F 5002-82,1365.0,1365.0,1670,0.18,300.6,4.4
QBR-F 2701-50,1365.0,1365.0,1670,0.18,300.6,4.4
QBR-F 3510-26,1365.0,1365.0,1670,0.18,300.6,4.4
QBR-F 0120-35,1365.0,1365.0,1670,0.18,300.6,4.4
QBR-F 1024-02,1365.0,1365.0,1670,0.18,300.6,4.4
QBR-F 0483-18,1365.0,1365.0,1670,0.18,300.6,4.4
QBR-F 04105-30,1365.0,1365.0,1670,0.18,300.6,4.4
Qsd-244,1365.0,1365.0,1670,0.18,300.6,4.4
QBR-F 6230-68,1365.0,1365.0,1670,0.18,300.6,4.4
QBR-F 6228-68,1365.0,1365.0,1670,0.18,300.6,4.4
QBR-F 04110-30,1365.0,1365.0,1670,0.18,300.6,4.4
QBR-F 1210-09,1365.0,1365.0,1670,0.18,300.6,4.4
QBR-F 1217-21,1365.0,1365.0,1670,0.18,300.6,4.4
QBR-F 2425-18,1365.0,1365.0,1670,0.18,300.6,4.4
QBR-F 1309-13,1365.0,1365.0,1670,0.18,300.6,4.4
QBR-F 6217-68,1365.0,1365.0,1670,0.18,300.6,4.4
QBR-F 6218-68,1365.0,1365.0,1670,0.18,300.6,4.4
QBR-F 1101-50,1365.0,1365.0,1670,0.18,300.6,4.4
QBR-F 1160-68,1365.0,1365.0,1670,0.18,300.6,4.4
QBR-F 1154-82,1365.0,1365.0,1670,0.18,300.6,4.4
QBR-F 0751-02,1365.0,1365.0,1670,0.18,300.6,4.4
QBR-F 0712-68,1365.0,1365.0,1670,0.18,300.6,4.4
QBR-F 4024-57,1365.0,1365.0,1670,0.18,300.6,4.4
QBR-F 0713-82,1365.0,1365.0,1670,0.18,300.6,4.4
QBR-F 0702-18,1365.0,1365.0,1670,0.18,300.6,4.4
QBR-F 0857-09,1365.0,1365.0,1670,0.18,300.6,4.4
QBR-F 0801-04,1365.0,1365.0,1670,0.18,300.6,4.4
QBR-F 0802-35A,1365.0,1365.0,1670,0.18,300.6,4.4
QBR-F 0824-82,1365.0,1365.0,1670,0.18,300.6,4.4
QBR-F 0857-82A,1365.0,1365.0,1670,0.18,300.6,4.4
QBR-F 0802-35,1365.0,1365.0,1670,0.18,300.6,4.4
QBR-F 0836-18,1365.0,1365.0,1670,0.18,300.6,4.4
QBR-F 2610-82A,1365.0,1365.0,1670,0.18,300.6,4.4
QBR-F 3329-35,1365.0,1365.0,1670,0.18,300.6,4.4
QBR-F 4202-82,1365.0,1365.0,1670,0.18,300.6,4.4
QBR-F 0625-02,1365.0,1365.0,1670,0.18,300.6,4.4
QBR-F 0510-82A,1365.0,1365.0,1670,0.18,300.6,4.4
QBR-F 0612-17,1365.0,1365.0,1670,0.18,300.6,4.4
QBR-F 0508-12,1365.0,1365.0,1670,0.18,300.6,4.4
QBR-F 5229-09,1365.0,1365.0,1670,0.18,300.6,4.4
QBR-F 6116-09,1365.0,1365.0,1670,0.18,300.6,4.4
QBR-F 2529-02,1365.0,1365.0,1670,0.18,300.6,4.4
QBR-F 2528-02,1365.0,1365.0,1670,0.18,300.6,4.4
QBR-F 9047-02,1365.0,1365.0,1670,0.18,300.6,4.4
QBR-F 04114-09,1365.0,1365.0,1670,0.18,300.6,4.4
QBR-F 0175-17,1365.0,1365.0,1670,0.18,300.6,4.4
TB1450,1365.0,1365.0,1670,0.18,300.6,4.4
TB1451,1365.0,1365.0,1670,0.18,300.6,4.4
QBR-F 3612-18,1365.0,1365.0,1670,0.18,300.6,4.4
QBR-F 3612-57,1365.0,1365.0,1670,0.18,300.6,4.4
QBR-F 1224-56,1365.0,1365.0,1670,0.18,300.6,4.4
QBR-F 0721-82,1365.0,1365.0,1670,0.18,300.6,4.4
QBR-F 0720-17,1365.0,1365.0,1670,0.18,300.6,4.4
QBR-F 1034-50,1365.0,1365.0,1670,0.18,300.6,4.4
QBR-F 9017-68,1365.0,1365.0,1670,0.18,300.6,4.4
QBR-F 0168-47A,1365.0,1365.0,1670,0.18,300.6,4.4
QBR-F 0191-50,1365.0,1365.0,1670,0.18,300.6,4.4
TB1089,1365.0,1365.0,1670,0.18,300.6,4.4
QBR-F 0466-02,1365.0,1365.0,1670,0.18,300.6,4.4
QBR-F 0496-30,1365.0,1365.0,1670,0.18,300.6,4.4
TB521,1365.0,1365.0,1670,0.18,300.6,4.4
QBR-F 6106-82,1365.0,1365.0,1670,0.18,300.6,4.4
QBR-F 0457-18A,1365.0,1365.0,1670,0.18,300.6,4.4
QBR-F 1148-50,1365.0,1365.0,1670,0.18,300.6,4.4
QBR-F 04103-68,1365.0,1365.0,1670,0.18,300.6,4.4
QBR-F 04117-09,1365.0,1365.0,1670,0.18,300.6,4.4
QBR-F 04121-68,1365.0,1365.0,1670,0.18,300.6,4.4
QBR-F 04122-68,1365.0,1365.0,1670,0.18,300.6,4.4
QBR-F 04128-68,1365.0,1365.0,1670,0.18,300.6,4.4
QBR-F 04130-68,1365.0,1365.0,1670,0.18,300.6,4.4
QBR-F 0435-36A,1365.0,1365.0,1670,0.18,300.6,4.4
QBR-F 0456-82,1365.0,1365.0,1670,0.18,300.6,4.4
TY0581,1347.0,1347.0,1650,0.18,297.0,6.0
QBR-F 2318-68,1347.0,1347.0,1650,0.18,297.0,6.0
QAU-07,1320.0,1320.0,1610,0.18,289.8,0.2
QCC-14,1320.0,1320.0,1610,0.18,289.8,0.2
22-008,1320.0,1320.0,1610,0.18,289.8,0.2
22-1092,1320.0,1320.0,1610,0.18,289.8,0.2
22-1246,1320.0,1320.0,1610,0.18,289.8,0.2
22-1247,1320.0,1320.0,1610,0.18,289.8,0.2
22-1280,1320.0,1320.0,1610,0.18,289.8,0.2
22-146,1320.0,1320.0,1610,0.18,289.8,0.2
22-147,1320.0,1320.0,1610,0.18,289.8,0.2
22-375,1320.0,1320.0,1610,0.18,289.8,0.2
22-578,1320.0,1320.0,1610,0.18,289.8,0.2
22-799,1320.0,1320.0,1610,0.18,289.8,0.2
22-816,1320.0,1320.0,1610,0.18,289.8,0.2
22-930,1320.0,1320.0,1610,0.18,289.8,0.2
22-971,1320.0,1320.0,1610,0.18,289.8,0.2
Q0068,1320.0,1320.0,1610,0.18,289.8,0.2
Q0097,1320.0,1320.0,1610,0.18,289.8,0.2
Q0483,1320.0,1320.0,1610,0.18,289.8,0.2
QBR-W TY-0437,1320.0,1320.0,1610,0.18,289.8,0.2
QBR-W NS-5047,1320.0,1320.0,1610,0.18,289.8,0.2
QBR-W NS-5049,1320.0,1320.0,1610,0.18,289.8,0.2
QBR-F 0164-30,1320.0,1320.0,1610,0.18,289.8,0.2
QBR-F 0160-18,1320.0,1320.0,1610,0.18,289.8,0.2
QBR-F 0179-42,1320.0,1320.0,1610,0.18,289.8,0.2
QBR-F 0310-82,1320.0,1320.0,1610,0.18,289.8,0.2
QBR-F 0330-09,1320.0,1320.0,1610,0.18,289.8,0.2
QBR-F 0415-09,1320.0,1320.0,1610,0.18,289.8,0.2
QBR-F 0427-09,1320.0,1320.0,1610,0.18,289.8,0.2
QBR-F 0445-18,1320.0,1320.0,1610,0.18,289.8,0.2
QBR-F 0460-18,1320.0,1320.0,1610,0.18,289.8,0.2
QBR-F 0461-26,1320.0,1320.0,1610,0.18,289.8,0.2
QBR-F 0468-82,1320.0,1320.0,1610,0.18,289.8,0.2
QBR-F 0501-18,1320.0,1320.0,1610,0.18,289.8,0.2
QBR-F 0528-50,1320.0,1320.0,1610,0.18,289.8,0.2
QBR-F 0529-82,1320.0,1320.0,1610,0.18,289.8,0.2
QBR-F 0631-50,1320.0,1320.0,1610,0.18,289.8,0.2
QBR-F 0632-09,1320.0,1320.0,1610,0.18,289.8,0.2
QBR-F 0724-02,1320.0,1320.0,1610,0.18,289.8,0.2
QBR-F 0757-09,1320.0,1320.0,1610,0.18,289.8,0.2
QBR-F 0762-50,1320.0,1320.0,1610,0.18,289.8,0.2
QBR-F 0774-68,1320.0,1320.0,1610,0.18,289.8,0.2
QBR-F 0782-68,1320.0,1320.0,1610,0.18,289.8,0.2
QBR-F 0785-18,1320.0,1320.0,1610,0.18,289.8,0.2
QBR-F 0816-09,1320.0,1320.0,1610,0.18,289.8,0.2
QBR-F 0822-18A,1320.0,1320.0,1610,0.18,289.8,0.2
QBR-F 0826-09,1320.0,1320.0,1610,0.18,289.8,0.2
QBR-F 0905-16,1320.0,1320.0,1610,0.18,289.8,0.2
QBR-F 0906-09,1320.0,1320.0,1610,0.18,289.8,0.2
QBR-F 0912-82,1320.0,1320.0,1610,0.18,289.8,0.2
QBR-F 1003-09,1320.0,1320.0,1610,0.18,289.8,0.2
QBR-F 1014-68,1320.0,1320.0,1610,0.18,289.8,0.2
QBR-F 1016-04,1320.0,1320.0,1610,0.18,289.8,0.2
QBR-F 1017-09,1320.0,1320.0,1610,0.18,289.8,0.2
QBR-F 1019-18,1320.0,1320.0,1610,0.18,289.8,0.2
QBR-F 1025-09A,1320.0,1320.0,1610,0.18,289.8,0.2
QBR-F 1032-50,1320.0,1320.0,1610,0.18,289.8,0.2
QBR-F 1116-17,1320.0,1320.0,1610,0.18,289.8,0.2
QBR-F 1121-17,1320.0,1320.0,1610,0.18,289.8,0.2
QBR-F 1132-57,1320.0,1320.0,1610,0.18,289.8,0.2
QBR-F 1216-26,1320.0,1320.0,1610,0.18,289.8,0.2
QBR-F 1219-02,1320.0,1320.0,1610,0.18,289.8,0.2
QBR-F 1222-09,1320.0,1320.0,1610,0.18,289.8,0.2
QBR-F 1225-13,1320.0,1320.0,1610,0.18,289.8,0.2
QBR-F 1312-02,1320.0,1320.0,1610,0.18,289.8,0.2
QBR-F 1817-18,1320.0,1320.0,1610,0.18,289.8,0.2
QBR-F 1823-82,1320.0,1320.0,1610,0.18,289.8,0.2
QBR-F 1827-68,1320.0,1320.0,1610,0.18,289.8,0.2
QBR-F 1829-68,1320.0,1320.0,1610,0.18,289.8,0.2
QBR-F 2105-82,1320.0,1320.0,1610,0.18,289.8,0.2
QBR-F 2627-82,1320.0,1320.0,1610,0.18,289.8,0.2
QBR-F 3080-30,1320.0,1320.0,1610,0.18,289.8,0.2
QBR-F 3303-18,1320.0,1320.0,1610,0.18,289.8,0.2
QBR-F 3307-27,1320.0,1320.0,1610,0.18,289.8,0.2
QBR-F 3307-30,1320.0,1320.0,1610,0.18,289.8,0.2
QBR-F 3310-09,1320.0,1320.0,1610,0.18,289.8,0.2
QBR-F 3323-50,1320.0,1320.0,1610,0.18,289.8,0.2
QBR-F 3800-17,1320.0,1320.0,1610,0.18,289.8,0.2
QBR-F 3802-02,1320.0,1320.0,1610,0.18,289.8,0.2
QBR-F 3929-30A,1320.0,1320.0,1610,0.18,289.8,0.2
QBR-F 3936-68,1320.0,1320.0,1610,0.18,289.8,0.2
QBR-F 4052-02,1320.0,1320.0,1610,0.18,289.8,0.2
QBR-F 4062-02A,1320.0,1320.0,1610,0.18,289.8,0.2
QBR-F 4101-30,1320.0,1320.0,1610,0.18,289.8,0.2
QBR-F 5065-02,1320.0,1320.0,1610,0.18,289.8,0.2
QBR-F 5209-39,1320.0,1320.0,1610,0.18,289.8,0.2
QBR-F 6002-02,1320.0,1320.0,1610,0.18,289.8,0.2
QBR-F 6219-09,1320.0,1320.0,1610,0.18,289.8,0.2
QBR-F 6225-30,1320.0,1320.0,1610,0.18,289.8,0.2
QBR-F 7011-18,1320.0,1320.0,1610,0.18,289.8,0.2
QBR-F 9014-09,1320.0,1320.0,1610,0.18,289.8,0.2
QBR-F 9015-09,1320.0,1320.0,1610,0.18,289.8,0.2
QBR-F 9047-09,1320.0,1320.0,1610,0.18,289.8,0.2
QBR-F 5025-82,1320.0,1320.0,1610,0.18,289.8,0.2
QBR-F 0865-09,1320.0,1320.0,1610,0.18,289.8,0.2
QBR-F 0209-09A,1320.0,1320.0,1610,0.18,289.8,0.2
QBR-F 5011-09,1320.0,1320.0,1610,0.18,289.8,0.2
QBR-F 2802-02,1320.0,1320.0,1610,0.18,289.8,0.2
QBR-F 2400-09,1320.0,1320.0,1610,0.18,289.8,0.2
QBR-F 0304-02,1320.0,1320.0,1610,0.18,289.8,0.2
QBR-F 2401-04,1320.0,1320.0,1610,0.18,289.8,0.2
QBR-F 4001-06,1320.0,1320.0,1610,0.18,289.8,0.2
QBR-F 24002-09,1320.0,1320.0,1610,0.18,289.8,0.2
QBR-F 3204-09,1320.0,1320.0,1610,0.18,289.8,0.2
QBR-F 3109-09,1320.0,1320.0,1610,0.18,289.8,0.2
QBR-F 1811-02,1320.0,1320.0,1610,0.18,289.8,0.2
QBR-F 3333-02,1320.0,1320.0,1610,0.18,289.8,0.2
QBR-F 4413-09,1320.0,1320.0,1610,0.18,289.8,0.2
QBR-F 1610-35,1320.0,1320.0,1610,0.18,289.8,0.2
QBR-F 1012-18,1320.0,1320.0,1610,0.18,289.8,0.2
QBR-F 0760-18,1320.0,1320.0,1610,0.18,289.8,0.2
QBR-F 3311-35,1320.0,1320.0,1610,0.18,289.8,0.2
QBR-F 0456-17,1320.0,1320.0,1610,0.18,289.8,0.2
Q0897-F2,1310.0,1310.0,1600,0.18,288.0,2.0
QBR-F 0373-02,1310.0,1310.0,1600,0.18,288.0,2.0
TB2661,1310.0,1310.0,1600,0.18,288.0,2.0
QGM-11,1274.0,1274.0,1560,0.18,280.8,5.2
QJP-02,1274.0,1274.0,1560,0.18,280.8,5.2
22-064,1274.0,1274.0,1560,0.18,280.8,5.2
22-065,1274.0,1274.0,1560,0.18,280.8,5.2
22-091,1274.0,1274.0,1560,0.18,280.8,5.2
22-181,1274.0,1274.0,1560,0.18,280.8,5.2
22-443,1274.0,1274.0,1560,0.18,280.8,5.2
22-647,1274.0,1274.0,1560,0.18,280.8,5.2
22-953,1274.0,1274.0,1560,0.18,280.8,5.2
Q0004-F2,1274.0,1274.0,1560,0.18,280.8,5.2
Q0029,1274.0,1274.0,1560,0.18,280.8,5.2
Q0044-F2,1274.0,1274.0,1560,0.18,280.8,5.2
Q0069,1274.0,1274.0,1560,0.18,280.8,5.2
Q0406,1274.0,1274.0,1560,0.18,280.8,5.2
Q0558,1274.0,1274.0,1560,0.18,280.8,5.2
Q0722,1274.0,1274.0,1560,0.18,280.8,5.2
HD0355A,1274.0,1274.0,1560,0.18,280.8,5.2
LX0616,1274.0,1274.0,1560,0.18,280.8,5.2
MS3309,1274.0,1274.0,1560,0.18,280.8,5.2
QBR-F 0704-82,1274.0,1274.0,1560,0.18,280.8,5.2
QBR-F 0722-02,1274.0,1274.0,1560,0.18,280.8,5.2
QBR-F 2609-18,1274.0,1274.0,1560,0.18,280.8,5.2
QBR-F 0715-35A,1274.0,1274.0,1560,0.18,280.8,5.2
QBR-F 1103-82,1274.0,1274.0,1560,0.18,280.8,5.2
QBR-F 0410-82,1274.0,1274.0,1560,0.18,280.8,5.2
QBR-F 0110-02,1274.0,1274.0,1560,0.18,280.8,5.2
QBR-F 0111-02,1274.0,1274.0,1560,0.18,280.8,5.2
QBR-F 0126-02,1274.0,1274.0,1560,0.18,280.8,5.2
QBR-F 0158-82,1274.0,1274.0,1560,0.18,280.8,5.2
QBR-F 0209-09,1274.0,1274.0,1560,0.18,280.8,5.2
QBR-F 0210-02,1274.0,1274.0,1560,0.18,280.8,5.2
QBR-F 0315-06,1274.0,1274.0,1560,0.18,280.8,5.2
QBR-F 0368-09,1274.0,1274.0,1560,0.18,280.8,5.2
QBR-F 0409-18,1274.0,1274.0,1560,0.18,280.8,5.2
QBR-F 0420-82A,1274.0,1274.0,1560,0.18,280.8,5.2
QBR-F 0428-02,1274.0,1274.0,1560,0.18,280.8,5.2
QBR-F 0429-09A,1274.0,1274.0,1560,0.18,280.8,5.2
QBR-F 0434-82,1274.0,1274.0,1560,0.18,280.8,5.2
QBR-F 0451-18A,1274.0,1274.0,1560,0.18,280.8,5.2
QBR-F 0520-02,1274.0,1274.0,1560,0.18,280.8,5.2
QBR-F 0520-18,1274.0,1274.0,1560,0.18,280.8,5.2
QBR-F 0524-18,1274.0,1274.0,1560,0.18,280.8,5.2
QBR-F 0525-02,1274.0,1274.0,1560,0.18,280.8,5.2
QBR-F 1010-09,1274.0,1274.0,1560,0.18,280.8,5.2
QBR-A 01119,1274.0,1274.0,1560,0.18,280.8,5.2
QBR-F 0703-82,1274.0,1274.0,1560,0.18,280.8,5.2
QBR-F 0726-09,1274.0,1274.0,1560,0.18,280.8,5.2
QBR-F 0746-82,1274.0,1274.0,1560,0.18,280.8,5.2
QBR-F 0761-50,1274.0,1274.0,1560,0.18,280.8,5.2
QBR-F 0809-02,1274.0,1274.0,1560,0.18,280.8,5.2
QBR-F 0817-18,1274.0,1274.0,1560,0.18,280.8,5.2
QBR-F 0821-06,1274.0,1274.0,1560,0.18,280.8,5.2
QBR-F 0901-35A,1274.0,1274.0,1560,0.18,280.8,5.2
QBR-F 0910A-18,1274.0,1274.0,1560,0.18,280.8,5.2
QBR-F 0914-82,1274.0,1274.0,1560,0.18,280.8,5.2
QBR-F 1012-01,1274.0,1274.0,1560,0.18,280.8,5.2
QBR-F 1022-26,1274.0,1274.0,1560,0.18,280.8,5.2
QBR-F 1110-35,1274.0,1274.0,1560,0.18,280.8,5.2
QBR-F 1118-82,1274.0,1274.0,1560,0.18,280.8,5.2
QBR-F 1135-50,1274.0,1274.0,1560,0.18,280.8,5.2
QBR-F 1239-18,1274.0,1274.0,1560,0.18,280.8,5.2
QBR-F 1239-30,1274.0,1274.0,1560,0.18,280.8,5.2
QBR-F 1303-09,1274.0,1274.0,1560,0.18,280.8,5.2
QBR-F 1306-29B,1274.0,1274.0,1560,0.18,280.8,5.2
QBR-F 1809-09,1274.0,1274.0,1560,0.18,280.8,5.2
QBR-F 1818-13,1274.0,1274.0,1560,0.18,280.8,5.2
QBR-F 1825-68,1274.0,1274.0,1560,0.18,280.8,5.2
QBR-F 1835-82,1274.0,1274.0,1560,0.18,280.8,5.2
QBR-F 2302-09,1274.0,1274.0,1560,0.18,280.8,5.2
QBR-F 2604-09,1274.0,1274.0,1560,0.18,280.8,5.2
QBR-F 3302-18,1274.0,1274.0,1560,0.18,280.8,5.2
QBR-F 3933-17,1274.0,1274.0,1560,0.18,280.8,5.2
QBR-F 4010-09,1274.0,1274.0,1560,0.18,280.8,5.2
QBR-F 50009-04,1274.0,1274.0,1560,0.18,280.8,5.2
QBR-F 5004-71,1274.0,1274.0,1560,0.18,280.8,5.2
QBR-F 5026-82,1274.0,1274.0,1560,0.18,280.8,5.2
QBR-F 6114-09,1274.0,1274.0,1560,0.18,280.8,5.2
QBR-F 6202-35,1274.0,1274.0,1560,0.18,280.8,5.2
QBR-F 6326-68,1274.0,1274.0,1560,0.18,280.8,5.2
QBR-F 8004-68,1274.0,1274.0,1560,0.18,280.8,5.2
QBR-F 9003-82,1274.0,1274.0,1560,0.18,280.8,5.2
QBR-F 9029-68,1274.0,1274.0,1560,0.18,280.8,5.2
QBR-F 2606-04,1274.0,1274.0,1560,0.18,280.8,5.2
QBR-F 0302-18,1274.0,1274.0,1560,0.18,280.8,5.2
QBR-F 2527-50,1274.0,1274.0,1560,0.18,280.8,5.2
QBR-F 3522-09,1274.0,1274.0,1560,0.18,280.8,5.2
QBR-F 4414-13,1274.0,1274.0,1560,0.18,280.8,5.2
QBR-F 2505-02,1274.0,1274.0,1560,0.18,280.8,5.2
QBR-F 3506-02,1274.0,1274.0,1560,0.18,280.8,5.2
QBR-F 2705-16A,1274.0,1274.0,1560,0.18,280.8,5.2
QBR-F 2709-06,1274.0,1274.0,1560,0.18,280.8,5.2
QBR-F 2711-68,1274.0,1274.0,1560,0.18,280.8,5.2
QBR-F 3101-68,1274.0,1274.0,1560,0.18,280.8,5.2
QBR-F 3201-82,1274.0,1274.0,1560,0.18,280.8,5.2
QBR-F 3202-09,1274.0,1274.0,1560,0.18,280.8,5.2
QBR-F 3102-09,1274.0,1274.0,1560,0.18,280.8,5.2
QBR-F 3104-06,1274.0,1274.0,1560,0.18,280.8,5.2
QBR-F 3208-36,1274.0,1274.0,1560,0.18,280.8,5.2
QBR-F 3518-02,1274.0,1274.0,1560,0.18,280.8,5.2
QBR-F 3527-51,1274.0,1274.0,1560,0.18,280.8,5.2
QBR-F 2713-50,1274.0,1274.0,1560,0.18,280.8,5.2
QBR-F 3604-06,1274.0,1274.0,1560,0.18,280.8,5.2
QBR-F 0721-17,1274.0,1274.0,1560,0.18,280.8,5.2
QBR-F 2410-13,1274.0,1274.0,1560,0.18,280.8,5.2
QBR-F 2412-09,1274.0,1274.0,1560,0.18,280.8,5.2
QBR-F 2423-68,1274.0,1274.0,1560,0.18,280.8,5.2
QBR-F 3072-02A,1274.0,1274.0,1560,0.18,280.8,5.2
QBR-F 2436-13,1274.0,1274.0,1560,0.18,280.8,5.2
Qcl-50,1274.0,1274.0,1560,0.18,280.8,5.2
QBR-F 2327-68,1274.0,1274.0,1560,0.18,280.8,5.2
QBR-F 7025-68,1274.0,1274.0,1560,0.18,280.8,5.2
QBR-F 0619-36,1274.0,1274.0,1560,0.18,280.8,5.2
QBR-F 2322-50,1274.0,1274.0,1560,0.18,280.8,5.2
QBR-F 2324-18,1274.0,1274.0,1560,0.18,280.8,5.2
TB2225,1274.0,1274.0,1560,0.18,280.8,5.2
QBR-F 1164-83,1274.0,1274.0,1560,0.18,280.8,5.2
QBR-F 0152-17B,1274.0,1274.0,1560,0.18,280.8,5.2
QBR-F 0150-35A,1274.0,1274.0,1560,0.18,280.8,5.2
QBR-F 0142-35,1274.0,1274.0,1560,0.18,280.8,5.2
TB1223,1274.0,1274.0,1560,0.18,280.8,5.2
QIV Q-TC+_2053,1274.0,1274.0,1560,0.18,280.8,5.2
QIV Q-BC+_2053,1274.0,1274.0,1560,0.18,280.8,5.2
QBR-F 7028-83,1274.0,1274.0,1560,0.18,280.8,5.2
TB1608,1274.0,1274.0,1560,0.18,280.8,5.2
QBR-W VL-6005,1274.0,1274.0,1560,0.18,280.8,5.2
Q0763,1238.0,1238.0,1510,0.18,271.8,0.2
Q0765-F2,1238.0,1238.0,1510,0.18,271.8,0.2
Q1158,1238.0,1238.0,1510,0.18,271.8,0.2
Q1223,1238.0,1238.0,1510,0.18,271.8,0.2
HY0714,1238.0,1238.0,1510,0.18,271.8,0.2
HY0716,1238.0,1238.0,1510,0.18,271.8,0.2
HY0770,1238.0,1238.0,1510,0.18,271.8,0.2
QBR-F 1240-68,1238.0,1238.0,1510,0.18,271.8,0.2
QBR-F 2305-82,1238.0,1238.0,1510,0.18,271.8,0.2
QBR-F 2307-82,1238.0,1238.0,1510,0.18,271.8,0.2
QBR-F 3330-09,1238.0,1238.0,1510,0.18,271.8,0.2
CD6601,1238.0,1238.0,1510,0.18,271.8,0.2
QBR-F 1104-17,1238.0,1238.0,1510,0.18,271.8,0.2
QBR-F 5203-68,1238.0,1238.0,1510,0.18,271.8,0.2
16-073,1229.0,1229.0,1500,0.18,270.0,1.0
QGM-05,1229.0,1229.0,1500,0.18,270.0,1.0
QGM-12,1229.0,1229.0,1500,0.18,270.0,1.0
QHD-15,1229.0,1229.0,1500,0.18,270.0,1.0
22-381,1229.0,1229.0,1500,0.18,270.0,1.0
22-557,1229.0,1229.0,1500,0.18,270.0,1.0
22-901,1229.0,1229.0,1500,0.18,270.0,1.0
22-981,1229.0,1229.0,1500,0.18,270.0,1.0
Q0002,1229.0,1229.0,1500,0.18,270.0,1.0
Q0988,1229.0,1229.0,1500,0.18,270.0,1.0
HD0364,1229.0,1229.0,1500,0.18,270.0,1.0
TY0589,1229.0,1229.0,1500,0.18,270.0,1.0
VL6002,1229.0,1229.0,1500,0.18,270.0,1.0
VL6003,1229.0,1229.0,1500,0.18,270.0,1.0
QBR-W MB-4036,1229.0,1229.0,1500,0.18,270.0,1.0
QBR-W NS-5048,1229.0,1229.0,1500,0.18,270.0,1.0
QBR-F 0748-02,1229.0,1229.0,1500,0.18,270.0,1.0
QBR-F 0103-17,1229.0,1229.0,1500,0.18,270.0,1.0
QBR-F 0107-02,1229.0,1229.0,1500,0.18,270.0,1.0
QBR-F 0128-35A,1229.0,1229.0,1500,0.18,270.0,1.0
QBR-F 0135-06,1229.0,1229.0,1500,0.18,270.0,1.0
QBR-F 0135-35B,1229.0,1229.0,1500,0.18,270.0,1.0
QBR-F 0153-82,1229.0,1229.0,1500,0.18,270.0,1.0
QBR-F 0155-17,1229.0,1229.0,1500,0.18,270.0,1.0
QBR-F 0156-82,1229.0,1229.0,1500,0.18,270.0,1.0
QBR-F 0157-17,1229.0,1229.0,1500,0.18,270.0,1.0
QBR-F 0207-82,1229.0,1229.0,1500,0.18,270.0,1.0
QBR-F 0404-82,1229.0,1229.0,1500,0.18,270.0,1.0
QBR-F 0411-18,1229.0,1229.0,1500,0.18,270.0,1.0
QBR-F 0503-02,1229.0,1229.0,1500,0.18,270.0,1.0
QBR-F 0702-35,1229.0,1229.0,1500,0.18,270.0,1.0
QBR-F 3804-17,1229.0,1229.0,1500,0.18,270.0,1.0
QBR-F 1204-02,1229.0,1229.0,1500,0.18,270.0,1.0
QBR-F 2501-82,1229.0,1229.0,1500,0.18,270.0,1.0
QBR-F 4104-09,1229.0,1229.0,1500,0.18,270.0,1.0
QBR-F 0705-82,1229.0,1229.0,1500,0.18,270.0,1.0
QBR-F 0706-82,1229.0,1229.0,1500,0.18,270.0,1.0
QBR-F 0715-35,1229.0,1229.0,1500,0.18,270.0,1.0
QBR-F 0801-18,1229.0,1229.0,1500,0.18,270.0,1.0
QBR-F 0807-04,1229.0,1229.0,1500,0.18,270.0,1.0
QBR-F 0809-05,1229.0,1229.0,1500,0.18,270.0,1.0
QBR-F 0824-09,1229.0,1229.0,1500,0.18,270.0,1.0
QBR-F 1015-50,1229.0,1229.0,1500,0.18,270.0,1.0
QBR-F 1021-18,1229.0,1229.0,1500,0.18,270.0,1.0
QBR-F 1819-82,1229.0,1229.0,1500,0.18,270.0,1.0
QBR-F 2303-09,1229.0,1229.0,1500,0.18,270.0,1.0
QBR-F 2608-04,1229.0,1229.0,1500,0.18,270.0,1.0
QBR-F 2611-30,1229.0,1229.0,1500,0.18,270.0,1.0
QBR-F 3301-24,1229.0,1229.0,1500,0.18,270.0,1.0
QBR-F 3304-09,1229.0,1229.0,1500,0.18,270.0,1.0
QBR-F 3305-50,1229.0,1229.0,1500,0.18,270.0,1.0
QBR-F 3901-82,1229.0,1229.0,1500,0.18,270.0,1.0
QBR-F 3917-02,1229.0,1229.0,1500,0.18,270.0,1.0
QBR-F 3938-17A,1229.0,1229.0,1500,0.18,270.0,1.0
QBR-F 4106-82,1229.0,1229.0,1500,0.18,270.0,1.0
QBR-F 6205-82,1229.0,1229.0,1500,0.18,270.0,1.0
QBR-F 9009-82,1229.0,1229.0,1500,0.18,270.0,1.0
QBR-F 4107-17,1229.0,1229.0,1500,0.18,270.0,1.0
Qbm-60,1229.0,1229.0,1500,0.18,270.0,1.0
QBR-F 0326-14A,1229.0,1229.0,1500,0.18,270.0,1.0
QBR-F 2108-13,1229.0,1229.0,1500,0.18,270.0,1.0
TY0469,1229.0,1229.0,1500,0.18,270.0,1.0
QBR-F 0408-35,1229.0,1229.0,1500,0.18,270.0,1.0
SiX2_H7,1300.0,1300.0,1500,0.13,195.0,5.0
SiX2_HB3HB4,1300.0,1300.0,1500,0.13,195.0,5.0
Q0342,1201.0,1201.0,1470,0.18,264.6,4.4
Q0468,1201.0,1201.0,1470,0.18,264.6,4.4
Q0473,1201.0,1201.0,1470,0.18,264.6,4.4
Q0609,1201.0,1201.0,1470,0.18,264.6,4.4
Q0660,1201.0,1201.0,1470,0.18,264.6,4.4
Q0699,1201.0,1201.0,1470,0.18,264.6,4.4
Q0748,1201.0,1201.0,1470,0.18,264.6,4.4
Q0842,1201.0,1201.0,1470,0.18,264.6,4.4
Q0862,1201.0,1201.0,1470,0.18,264.6,4.4
Q0927,1201.0,1201.0,1470,0.18,264.6,4.4
Q0966,1201.0,1201.0,1470,0.18,264.6,4.4
Q0994,1201.0,1201.0,1470,0.18,264.6,4.4
Q1018,1201.0,1201.0,1470,0.18,264.6,4.4
Q1023,1201.0,1201.0,1470,0.18,264.6,4.4
TY0467,1201.0,1201.0,1470,0.18,264.6,4.4
NS0573,1201.0,1201.0,1470,0.18,264.6,4.4
FD1182,1201.0,1201.0,1470,0.18,264.6,4.4
MZ2619,1201.0,1201.0,1470,0.18,264.6,4.4
CD6203,1201.0,1201.0,1470,0.18,264.6,4.4
QBR-F 0190-50,1201.0,1201.0,1470,0.18,264.6,4.4
QBR-F 0338-50,1201.0,1201.0,1470,0.18,264.6,4.4
QBR-F 0737-50,1201.0,1201.0,1470,0.18,264.6,4.4
QBR-F 0808-68,1201.0,1201.0,1470,0.18,264.6,4.4
QBR-F 1145-13,1201.0,1201.0,1470,0.18,264.6,4.4
QBR-F 2629-39,1201.0,1201.0,1470,0.18,264.6,4.4
QBR-F 3939-30,1201.0,1201.0,1470,0.18,264.6,4.4
QBR-F 5063-02A,1201.0,1201.0,1470,0.18,264.6,4.4
QBR-F 6108-50,1201.0,1201.0,1470,0.18,264.6,4.4
QBR-F 8011-68,1201.0,1201.0,1470,0.18,264.6,4.4
QBR-F 0196-09,1201.0,1201.0,1470,0.18,264.6,4.4
QBR-F 1313-71,1201.0,1201.0,1470,0.18,264.6,4.4
QBR-F 2320-50,1201.0,1201.0,1470,0.18,264.6,4.4
QBR-F 1246-68,1201.0,1201.0,1470,0.18,264.6,4.4
QBR-F 2301-68,1201.0,1201.0,1470,0.18,264.6,4.4
QBR-F 6006-68,1201.0,1201.0,1470,0.18,264.6,4.4
QBR-F 50100-68,1201.0,1201.0,1470,0.18,264.6,4.4
TB0920,1201.0,1201.0,1470,0.18,264.6,4.4
TB1411,1201.0,1201.0,1470,0.18,264.6,4.4
TBL2106,1201.0,1201.0,1470,0.18,264.6,4.4
16-066,1183.0,1183.0,1450,0.18,261.0,6.0
QCC-02,1183.0,1183.0,1450,0.18,261.0,6.0
QCC-03,1183.0,1183.0,1450,0.18,261.0,6.0
QCC-12,1183.0,1183.0,1450,0.18,261.0,6.0
QCR-01,1183.0,1183.0,1450,0.18,261.0,6.0
QCR-03,1183.0,1183.0,1450,0.18,261.0,6.0
22-095,1183.0,1183.0,1450,0.18,261.0,6.0
22-498,1183.0,1183.0,1450,0.18,261.0,6.0
22-564,1183.0,1183.0,1450,0.18,261.0,6.0
MS3301,1183.0,1183.0,1450,0.18,261.0,6.0
QBR-W VL-4079,1183.0,1183.0,1450,0.18,261.0,6.0
QBR-W AU-4100,1183.0,1183.0,1450,0.18,261.0,6.0
QBR-W AU-4110,1183.0,1183.0,1450,0.18,261.0,6.0
QBR-F 0425-82,1183.0,1183.0,1450,0.18,261.0,6.0
QBR-F 0108-82,1183.0,1183.0,1450,0.18,261.0,6.0
QBR-F 0202-02,1183.0,1183.0,1450,0.18,261.0,6.0
QBR-F 0324-35,1183.0,1183.0,1450,0.18,261.0,6.0
QBR-F 0400-82,1183.0,1183.0,1450,0.18,261.0,6.0
QBR-F 0411-02,1183.0,1183.0,1450,0.18,261.0,6.0
QBR-F 0418-82,1183.0,1183.0,1450,0.18,261.0,6.0
QBR-F 0442-16,1183.0,1183.0,1450,0.18,261.0,6.0
QBR-F 0510-18,1183.0,1183.0,1450,0.18,261.0,6.0
QBR-F 2518-30,1183.0,1183.0,1450,0.18,261.0,6.0
QBR-F 3805-17,1183.0,1183.0,1450,0.18,261.0,6.0
QBR-F 3825-17,1183.0,1183.0,1450,0.18,261.0,6.0
Q0495,1165.0,1165.0,1430,0.18,257.4,7.6
Q0621,1165.0,1165.0,1430,0.18,257.4,7.6
Q0688,1165.0,1165.0,1430,0.18,257.4,7.6
Q0797,1165.0,1165.0,1430,0.18,257.4,7.6
Q0846,1165.0,1165.0,1430,0.18,257.4,7.6
Q0877,1165.0,1165.0,1430,0.18,257.4,7.6
HY0713,1165.0,1165.0,1430,0.18,257.4,7.6
GM1083,1165.0,1165.0,1430,0.18,257.4,7.6
FA6209,1165.0,1165.0,1430,0.18,257.4,7.6
QBR-F 0481-68,1165.0,1165.0,1430,0.18,257.4,7.6
QBR-F 9012-36,1165.0,1165.0,1430,0.18,257.4,7.6
QBR-F 0632-18,1165.0,1165.0,1430,0.18,257.4,7.6
QBR-F 3322-82,1165.0,1165.0,1430,0.18,257.4,7.6
QBR-F 6217-56,1165.0,1165.0,1430,0.18,257.4,7.6
QBR-F 7019-68,1165.0,1165.0,1430,0.18,257.4,7.6
QBR-F 0384-68,1165.0,1165.0,1430,0.18,257.4,7.6
Qvw-04,1229.0,1229.0,1420,0.13,184.6,6.4
16-035,1138.0,1138.0,1390,0.18,250.2,1.8
16-043,1138.0,1138.0,1390,0.18,250.2,1.8
16-130,1138.0,1138.0,1390,0.18,250.2,1.8
22-566,1138.0,1138.0,1390,0.18,250.2,1.8
22-613,1138.0,1138.0,1390,0.18,250.2,1.8
22-979,1138.0,1138.0,1390,0.18,250.2,1.8
QTY-05,1138.0,1138.0,1390,0.18,250.2,1.8
HD0367,1138.0,1138.0,1390,0.18,250.2,1.8
NS0571,1138.0,1138.0,1390,0.18,250.2,1.8
CH2366,1138.0,1138.0,1390,0.18,250.2,1.8
MS3305,1138.0,1138.0,1390,0.18,250.2,1.8
VL6202,1138.0,1138.0,1390,0.18,250.2,1.8
IV7004,1138.0,1138.0,1390,0.18,250.2,1.8
IV7005,1138.0,1138.0,1390,0.18,250.2,1.8
QBR-W TY-0461,1138.0,1138.0,1390,0.18,250.2,1.8
QBR-A 0056 14,1138.0,1138.0,1390,0.18,250.2,1.8
QIV Q-TC_2053,1138.0,1138.0,1390,0.18,250.2,1.8
QIV Q-UC_2053,1138.0,1138.0,1390,0.18,250.2,1.8
QBR-WC (1020+1009),1138.0,1138.0,1390,0.18,250.2,1.8
OP5202,1138.0,1138.0,1390,0.18,250.2,1.8
TB1972,1138.0,1138.0,1390,0.18,250.2,1.8
TB1490,1138.0,1138.0,1390,0.18,250.2,1.8
FD1163,1138.0,1138.0,1390,0.18,250.2,1.8
QIV Q-TC_1346,1138.0,1138.0,1390,0.18,250.2,1.8
QIV Q-BC_1346,1138.0,1138.0,1390,0.18,250.2,1.8
QIV Q-UC_1346,1138.0,1138.0,1390,0.18,250.2,1.8
Q0142,1128.0,1128.0,1380,0.18,248.4,3.6
Q0315,1128.0,1128.0,1380,0.18,248.4,3.6
Q0404,1128.0,1128.0,1380,0.18,248.4,3.6
Q0433,1128.0,1128.0,1380,0.18,248.4,3.6
Q0445,1128.0,1128.0,1380,0.18,248.4,3.6
Q0578,1128.0,1128.0,1380,0.18,248.4,3.6
Q0579,1128.0,1128.0,1380,0.18,248.4,3.6
Q0659,1128.0,1128.0,1380,0.18,248.4,3.6
Q0683,1128.0,1128.0,1380,0.18,248.4,3.6
Q0703,1128.0,1128.0,1380,0.18,248.4,3.6
Q0710,1128.0,1128.0,1380,0.18,248.4,3.6
Q0739,1128.0,1128.0,1380,0.18,248.4,3.6
Q0835,1128.0,1128.0,1380,0.18,248.4,3.6
Q0884,1128.0,1128.0,1380,0.18,248.4,3.6
Q0926,1128.0,1128.0,1380,0.18,248.4,3.6
Q0941,1128.0,1128.0,1380,0.18,248.4,3.6
Q0981,1128.0,1128.0,1380,0.18,248.4,3.6
Q0982,1128.0,1128.0,1380,0.18,248.4,3.6
TY0613,1128.0,1128.0,1380,0.18,248.4,3.6
CD4117,1128.0,1128.0,1380,0.18,248.4,3.6
QBR-F 0364-18,1128.0,1128.0,1380,0.18,248.4,3.6
QBR-F 0435-50A,1128.0,1128.0,1380,0.18,248.4,3.6
QBR-F 0446-82A,1128.0,1128.0,1380,0.18,248.4,3.6
QBR-F 0540-09,1128.0,1128.0,1380,0.18,248.4,3.6
QBR-F 4112-82,1128.0,1128.0,1380,0.18,248.4,3.6
QBR-F 0627-18,1128.0,1128.0,1380,0.18,248.4,3.6
QBR-F 0633-68,1128.0,1128.0,1380,0.18,248.4,3.6
QBR-F 0731-09,1128.0,1128.0,1380,0.18,248.4,3.6
QBR-F 0789-09,1128.0,1128.0,1380,0.18,248.4,3.6
QBR-F 0842-18,1128.0,1128.0,1380,0.18,248.4,3.6
QBR-F 3803-09,1128.0,1128.0,1380,0.18,248.4,3.6
QBR-F 3810-39,1128.0,1128.0,1380,0.18,248.4,3.6
QBR-F 3813-50,1128.0,1128.0,1380,0.18,248.4,3.6
QBR-F 3927-68,1128.0,1128.0,1380,0.18,248.4,3.6
QBR-F 3929-17,1128.0,1128.0,1380,0.18,248.4,3.6
QBR-F 4012-50,1128.0,1128.0,1380,0.18,248.4,3.6
QBR-F 4095-50,1128.0,1128.0,1380,0.18,248.4,3.6
QBR-F 6109-68,1128.0,1128.0,1380,0.18,248.4,3.6
QBR-F 6204-09,1128.0,1128.0,1380,0.18,248.4,3.6
QBR-F 6212-09,1128.0,1128.0,1380,0.18,248.4,3.6
QBR-F 8007-68,1128.0,1128.0,1380,0.18,248.4,3.6
QBR-F 9032-68,1128.0,1128.0,1380,0.18,248.4,3.6
QBR-F 0867-68,1128.0,1128.0,1380,0.18,248.4,3.6
QBR-F 04115-68,1128.0,1128.0,1380,0.18,248.4,3.6
22-619,1092.0,1092.0,1340,0.18,241.2,6.8
22-766,1092.0,1092.0,1340,0.18,241.2,6.8
Q0003-F1,1092.0,1092.0,1340,0.18,241.2,6.8
Q0003-F2,1092.0,1092.0,1340,0.18,241.2,6.8
Q0012,1092.0,1092.0,1340,0.18,241.2,6.8
Q0051,1092.0,1092.0,1340,0.18,241.2,6.8
Q0053,1092.0,1092.0,1340,0.18,241.2,6.8
Q0077,1092.0,1092.0,1340,0.18,241.2,6.8
Q0098,1092.0,1092.0,1340,0.18,241.2,6.8
Q0156,1092.0,1092.0,1340,0.18,241.2,6.8
Q0221,1092.0,1092.0,1340,0.18,241.2,6.8
Q0247,1092.0,1092.0,1340,0.18,241.2,6.8
Q0301,1092.0,1092.0,1340,0.18,241.2,6.8
Q0312,1092.0,1092.0,1340,0.18,241.2,6.8
Q0319,1092.0,1092.0,1340,0.18,241.2,6.8
Q0337,1092.0,1092.0,1340,0.18,241.2,6.8
Q0451,1092.0,1092.0,1340,0.18,241.2,6.8
Q0531,1092.0,1092.0,1340,0.18,241.2,6.8
Q0551,1092.0,1092.0,1340,0.18,241.2,6.8
Q0553,1092.0,1092.0,1340,0.18,241.2,6.8
Q0628,1092.0,1092.0,1340,0.18,241.2,6.8
Q0631,1092.0,1092.0,1340,0.18,241.2,6.8
Q0635,1092.0,1092.0,1340,0.18,241.2,6.8
Q0721,1092.0,1092.0,1340,0.18,241.2,6.8
Q0744,1092.0,1092.0,1340,0.18,241.2,6.8
Q0779,1092.0,1092.0,1340,0.18,241.2,6.8
Q0781,1092.0,1092.0,1340,0.18,241.2,6.8
Q0800,1092.0,1092.0,1340,0.18,241.2,6.8
Q0812,1092.0,1092.0,1340,0.18,241.2,6.8
Q0870,1092.0,1092.0,1340,0.18,241.2,6.8
Q0944,1092.0,1092.0,1340,0.18,241.2,6.8
Q0964,1092.0,1092.0,1340,0.18,241.2,6.8
Q0987,1092.0,1092.0,1340,0.18,241.2,6.8
Q0989,1092.0,1092.0,1340,0.18,241.2,6.8
Q1066,1092.0,1092.0,1340,0.18,241.2,6.8
VW0170,1092.0,1092.0,1340,0.18,241.2,6.8
HY0707,1092.0,1092.0,1340,0.18,241.2,6.8
GM1084,1092.0,1092.0,1340,0.18,241.2,6.8
FD1174,1092.0,1092.0,1340,0.18,241.2,6.8
MS3308,1092.0,1092.0,1340,0.18,241.2,6.8
PR4035,1092.0,1092.0,1340,0.18,241.2,6.8
BK7001,1092.0,1092.0,1340,0.18,241.2,6.8
FA7002,1092.0,1092.0,1340,0.18,241.2,6.8
QBR-W TY-0457,1092.0,1092.0,1340,0.18,241.2,6.8
QBR-W HD-3061,1092.0,1092.0,1340,0.18,241.2,6.8
QBR-F 0428-09,1092.0,1092.0,1340,0.18,241.2,6.8
QBR-F 0180-09,1092.0,1092.0,1340,0.18,241.2,6.8
QBR-F 0312-09A,1092.0,1092.0,1340,0.18,241.2,6.8
QBR-F 0378-09,1092.0,1092.0,1340,0.18,241.2,6.8
QBR-F 0428A-09,1092.0,1092.0,1340,0.18,241.2,6.8
QBR-F 0463-09,1092.0,1092.0,1340,0.18,241.2,6.8
QBR-F 0495-50,1092.0,1092.0,1340,0.18,241.2,6.8
QBR-F 0500-09,1092.0,1092.0,1340,0.18,241.2,6.8
QBR-F 0537-50,1092.0,1092.0,1340,0.18,241.2,6.8
QBR-F 0611-35,1092.0,1092.0,1340,0.18,241.2,6.8
QBR-F 0715-26,1092.0,1092.0,1340,0.18,241.2,6.8
QBR-F 0742-09,1092.0,1092.0,1340,0.18,241.2,6.8
QBR-F 0756-09,1092.0,1092.0,1340,0.18,241.2,6.8
QBR-F 0786-09,1092.0,1092.0,1340,0.18,241.2,6.8
QBR-F 0795-09,1092.0,1092.0,1340,0.18,241.2,6.8
QBR-F 0825-05,1092.0,1092.0,1340,0.18,241.2,6.8
QBR-F 0835-50,1092.0,1092.0,1340,0.18,241.2,6.8
QBR-F 0840-68,1092.0,1092.0,1340,0.18,241.2,6.8
QBR-F 0842-50,1092.0,1092.0,1340,0.18,241.2,6.8
QBR-F 0917-09,1092.0,1092.0,1340,0.18,241.2,6.8
QBR-F 1148-82,1092.0,1092.0,1340,0.18,241.2,6.8
QBR-F 1151-09,1092.0,1092.0,1340,0.18,241.2,6.8
QBR-F 1152-68,1092.0,1092.0,1340,0.18,241.2,6.8
QBR-F 1153-82,1092.0,1092.0,1340,0.18,241.2,6.8
QBR-F 1231-68,1092.0,1092.0,1340,0.18,241.2,6.8
QBR-F 1301-09A,1092.0,1092.0,1340,0.18,241.2,6.8
QBR-F 2310-50,1092.0,1092.0,1340,0.18,241.2,6.8
QBR-F 2610-82,1092.0,1092.0,1340,0.18,241.2,6.8
QBR-F 2615-42,1092.0,1092.0,1340,0.18,241.2,6.8
QBR-F 2623-42,1092.0,1092.0,1340,0.18,241.2,6.8
QBR-F 2632-82,1092.0,1092.0,1340,0.18,241.2,6.8
QBR-F 3071-09,1092.0,1092.0,1340,0.18,241.2,6.8
QBR-F 3803-02,1092.0,1092.0,1340,0.18,241.2,6.8
QBR-F 3806-02,1092.0,1092.0,1340,0.18,241.2,6.8
QBR-F 3808-68,1092.0,1092.0,1340,0.18,241.2,6.8
QBR-F 4094-30,1092.0,1092.0,1340,0.18,241.2,6.8
QBR-F 4105-68,1092.0,1092.0,1340,0.18,241.2,6.8
QBR-F 50011-09,1092.0,1092.0,1340,0.18,241.2,6.8
QBR-F 5009-82,1092.0,1092.0,1340,0.18,241.2,6.8
QBR-F 5063-02,1092.0,1092.0,1340,0.18,241.2,6.8
QBR-F 6004-50,1092.0,1092.0,1340,0.18,241.2,6.8
QBR-F 6216-09,1092.0,1092.0,1340,0.18,241.2,6.8
QBR-F 7004-26,1092.0,1092.0,1340,0.18,241.2,6.8
QBR-F 9003-09,1092.0,1092.0,1340,0.18,241.2,6.8
QBR-F 9004-30,1092.0,1092.0,1340,0.18,241.2,6.8
QBR-F 2709-02,1092.0,1092.0,1340,0.18,241.2,6.8
QBR-F 2407-09,1092.0,1092.0,1340,0.18,241.2,6.8
QBR-F 1137-71,1092.0,1092.0,1340,0.18,241.2,6.8
QBR-F 0609-42,1092.0,1092.0,1340,0.18,241.2,6.8
QBR RN5001,1092.0,1092.0,1340,0.18,241.2,6.8
QBR-F 5068-82,1092.0,1092.0,1340,0.18,241.2,6.8
QBR-F 5204-68,1092.0,1092.0,1340,0.18,241.2,6.8
QBR-F 1316-68,1092.0,1092.0,1340,0.18,241.2,6.8
QBR-F 3515-82,1092.0,1092.0,1340,0.18,241.2,6.8
QBR-F 0797-68,1092.0,1092.0,1340,0.18,241.2,6.8
QBR-F 3704-51,1092.0,1092.0,1340,0.18,241.2,6.8
QBR-F 2615-68,1092.0,1092.0,1340,0.18,241.2,6.8
QBR-F 8027-76,1092.0,1092.0,1340,0.18,241.2,6.8
QBR-F 0457-18b,1092.0,1092.0,1340,0.18,241.2,6.8
QBR-F 3501-01,1092.0,1092.0,1340,0.18,241.2,6.8
QBR-F 04127-09,1092.0,1092.0,1340,0.18,241.2,6.8
TB755,1092.0,1092.0,1340,0.18,241.2,6.8
TBL2110,1092.0,1092.0,1340,0.18,241.2,6.8
Q0449,1069.0,1069.0,1310,0.18,235.8,5.2
Q0025,1056.0,1056.0,1290,0.18,232.2,1.8
Q0045,1056.0,1056.0,1290,0.18,232.2,1.8
Q0060,1056.0,1056.0,1290,0.18,232.2,1.8
Q0094,1056.0,1056.0,1290,0.18,232.2,1.8
Q0144,1056.0,1056.0,1290,0.18,232.2,1.8
Q0150,1056.0,1056.0,1290,0.18,232.2,1.8
Q0187,1056.0,1056.0,1290,0.18,232.2,1.8
Q0248,1056.0,1056.0,1290,0.18,232.2,1.8
Q0254,1056.0,1056.0,1290,0.18,232.2,1.8
Q0261,1056.0,1056.0,1290,0.18,232.2,1.8
Q0303,1056.0,1056.0,1290,0.18,232.2,1.8
Q0328,1056.0,1056.0,1290,0.18,232.2,1.8
Q0364,1056.0,1056.0,1290,0.18,232.2,1.8
Q0407,1056.0,1056.0,1290,0.18,232.2,1.8
Q0414,1056.0,1056.0,1290,0.18,232.2,1.8
Q0519,1056.0,1056.0,1290,0.18,232.2,1.8
Q0582,1056.0,1056.0,1290,0.18,232.2,1.8
Q0611,1056.0,1056.0,1290,0.18,232.2,1.8
Q0675,1056.0,1056.0,1290,0.18,232.2,1.8
Q0709,1056.0,1056.0,1290,0.18,232.2,1.8
Q0786,1056.0,1056.0,1290,0.18,232.2,1.8
Q0832,1056.0,1056.0,1290,0.18,232.2,1.8
Q0856,1056.0,1056.0,1290,0.18,232.2,1.8
Q0999,1056.0,1056.0,1290,0.18,232.2,1.8
Q1011-F1,1056.0,1056.0,1290,0.18,232.2,1.8
Q1046,1056.0,1056.0,1290,0.18,232.2,1.8
HD0308,1056.0,1056.0,1290,0.18,232.2,1.8
HD0371,1056.0,1056.0,1290,0.18,232.2,1.8
TY0602,1056.0,1056.0,1290,0.18,232.2,1.8
TY0603,1056.0,1056.0,1290,0.18,232.2,1.8
FD1173,1056.0,1056.0,1290,0.18,232.2,1.8
FD1179,1056.0,1056.0,1290,0.18,232.2,1.8
MS3307,1056.0,1056.0,1290,0.18,232.2,1.8
QBR-F 0403-17,1056.0,1056.0,1290,0.18,232.2,1.8
QBR-F 0833-09,1056.0,1056.0,1290,0.18,232.2,1.8
QBR-F 0104-35,1056.0,1056.0,1290,0.18,232.2,1.8
QBR-F 0205-09,1056.0,1056.0,1290,0.18,232.2,1.8
QBR-F 0367-09,1056.0,1056.0,1290,0.18,232.2,1.8
QBR-F 0367-82,1056.0,1056.0,1290,0.18,232.2,1.8
QBR-F 0404-09,1056.0,1056.0,1290,0.18,232.2,1.8
QBR-F 0413-02,1056.0,1056.0,1290,0.18,232.2,1.8
QBR-F 0425-09,1056.0,1056.0,1290,0.18,232.2,1.8
QBR-F 0462-05,1056.0,1056.0,1290,0.18,232.2,1.8
QBR-F 0468-18,1056.0,1056.0,1290,0.18,232.2,1.8
QBR-F 0479-09,1056.0,1056.0,1290,0.18,232.2,1.8
QBR-F 0492-09,1056.0,1056.0,1290,0.18,232.2,1.8
QBR-F 0498-18,1056.0,1056.0,1290,0.18,232.2,1.8
QBR-F 0511-09,1056.0,1056.0,1290,0.18,232.2,1.8
QBR-F 4105-02,1056.0,1056.0,1290,0.18,232.2,1.8
QBR-F 2315-68,1056.0,1056.0,1290,0.18,232.2,1.8
QBR-F 5011-82,1056.0,1056.0,1290,0.18,232.2,1.8
QBR-F 0618-50,1056.0,1056.0,1290,0.18,232.2,1.8
QBR-F 0725-02,1056.0,1056.0,1290,0.18,232.2,1.8
QBR-F 0736-09,1056.0,1056.0,1290,0.18,232.2,1.8
QBR-F 0743-09A,1056.0,1056.0,1290,0.18,232.2,1.8
QBR-F 0744-09,1056.0,1056.0,1290,0.18,232.2,1.8
QBR-F 0745-09,1056.0,1056.0,1290,0.18,232.2,1.8
QBR-F 0750-50,1056.0,1056.0,1290,0.18,232.2,1.8
QBR-F 0750-50A,1056.0,1056.0,1290,0.18,232.2,1.8
QBR-F 0787-09,1056.0,1056.0,1290,0.18,232.2,1.8
QBR-F 0822-18,1056.0,1056.0,1290,0.18,232.2,1.8
QBR-F 0828-57,1056.0,1056.0,1290,0.18,232.2,1.8
QBR-F 0839-09,1056.0,1056.0,1290,0.18,232.2,1.8
QBR-F 0840-02,1056.0,1056.0,1290,0.18,232.2,1.8
QBR-F 0844-02,1056.0,1056.0,1290,0.18,232.2,1.8
QBR-F 0853-09,1056.0,1056.0,1290,0.18,232.2,1.8
QBR-F 0908-47,1056.0,1056.0,1290,0.18,232.2,1.8
QBR-F 0909-82,1056.0,1056.0,1290,0.18,232.2,1.8
QBR-F 0915-09,1056.0,1056.0,1290,0.18,232.2,1.8
QBR-F 1115-09A,1056.0,1056.0,1290,0.18,232.2,1.8
QBR-F 1117-17,1056.0,1056.0,1290,0.18,232.2,1.8
QBR-F 1141-18,1056.0,1056.0,1290,0.18,232.2,1.8
QBR-F 1208-09,1056.0,1056.0,1290,0.18,232.2,1.8
QBR-F 1213-09,1056.0,1056.0,1290,0.18,232.2,1.8
QBR-F 1228-02,1056.0,1056.0,1290,0.18,232.2,1.8
QBR-F 1313-09,1056.0,1056.0,1290,0.18,232.2,1.8
QBR-F 1314-09,1056.0,1056.0,1290,0.18,232.2,1.8
QBR-F 2312-50,1056.0,1056.0,1290,0.18,232.2,1.8
QBR-F 2513-24,1056.0,1056.0,1290,0.18,232.2,1.8
QBR-F 3301-09,1056.0,1056.0,1290,0.18,232.2,1.8
QBR-F 3309-50,1056.0,1056.0,1290,0.18,232.2,1.8
QBR-F 3312-02,1056.0,1056.0,1290,0.18,232.2,1.8
QBR-F 3320-71,1056.0,1056.0,1290,0.18,232.2,1.8
QBR-F 3801-02,1056.0,1056.0,1290,0.18,232.2,1.8
QBR-F 5016-09,1056.0,1056.0,1290,0.18,232.2,1.8
QBR-F 5024-68,1056.0,1056.0,1290,0.18,232.2,1.8
QBR-F 5068-02,1056.0,1056.0,1290,0.18,232.2,1.8
QBR-F 6001-24,1056.0,1056.0,1290,0.18,232.2,1.8
QBR-F 6103-50,1056.0,1056.0,1290,0.18,232.2,1.8
QBR-F 6105-82,1056.0,1056.0,1290,0.18,232.2,1.8
QBR-F 6206-82,1056.0,1056.0,1290,0.18,232.2,1.8
QBR-F 6223-09,1056.0,1056.0,1290,0.18,232.2,1.8
QBR-F 7010-09,1056.0,1056.0,1290,0.18,232.2,1.8
QBR-F 9002-09,1056.0,1056.0,1290,0.18,232.2,1.8
QBR-F 9003-50,1056.0,1056.0,1290,0.18,232.2,1.8
QBR-F 9027-82,1056.0,1056.0,1290,0.18,232.2,1.8
QBR-F 9030-68,1056.0,1056.0,1290,0.18,232.2,1.8
QBR-F 9041-09,1056.0,1056.0,1290,0.18,232.2,1.8
QBR-F 2313-18,1056.0,1056.0,1290,0.18,232.2,1.8
QBR-F 0189-68,1056.0,1056.0,1290,0.18,232.2,1.8
QBR-F 0754-18,1056.0,1056.0,1290,0.18,232.2,1.8
QBR-F 0720-09,1056.0,1056.0,1290,0.18,232.2,1.8
NS0617,1056.0,1056.0,1290,0.18,232.2,1.8
TY0409,1056.0,1056.0,1290,0.18,232.2,1.8
QBR-F 0901-35B,1056.0,1056.0,1290,0.18,232.2,1.8
QBR-F 0402-09,1056.0,1056.0,1290,0.18,232.2,1.8
22-010,1047.0,1047.0,1280,0.18,230.4,2.6
22-163,1047.0,1047.0,1280,0.18,230.4,2.6
22-169,1047.0,1047.0,1280,0.18,230.4,2.6
22-488,1047.0,1047.0,1280,0.18,230.4,2.6
22-679,1047.0,1047.0,1280,0.18,230.4,2.6
Q0787,1047.0,1047.0,1280,0.18,230.4,2.6
Q0788,1047.0,1047.0,1280,0.18,230.4,2.6
Q1059,1047.0,1047.0,1280,0.18,230.4,2.6
HY0768,1047.0,1047.0,1280,0.18,230.4,2.6
HY0769,1047.0,1047.0,1280,0.18,230.4,2.6
BM3801,1047.0,1047.0,1280,0.18,230.4,2.6
FA6204,1047.0,1047.0,1280,0.18,230.4,2.6
OP7008,1047.0,1047.0,1280,0.18,230.4,2.6
QBR-W TY-0436,1047.0,1047.0,1280,0.18,230.4,2.6
QBR-W BK-1037,1047.0,1047.0,1280,0.18,230.4,2.6
QBR-W BM-3805,1047.0,1047.0,1280,0.18,230.4,2.6
RN4028,1047.0,1047.0,1280,0.18,230.4,2.6
Qms-107,1047.0,1047.0,1280,0.18,230.4,2.6
Q-Socket-90,1047.0,1047.0,1280,0.18,230.4,2.6
LR6301,1047.0,1047.0,1280,0.18,230.4,2.6
QBR-W BD3603B,1047.0,1047.0,1280,0.18,230.4,2.6
Qvw-03,1092.0,1092.0,1260,0.13,163.8,4.2
Q0001,1019.0,1019.0,1250,0.18,225.0,6.0
Q0004-F1,1019.0,1019.0,1250,0.18,225.0,6.0
Q0017,1019.0,1019.0,1250,0.18,225.0,6.0
Q0083,1019.0,1019.0,1250,0.18,225.0,6.0
Q0085,1019.0,1019.0,1250,0.18,225.0,6.0
Q0134,1019.0,1019.0,1250,0.18,225.0,6.0
Q0143,1019.0,1019.0,1250,0.18,225.0,6.0
Q0165,1019.0,1019.0,1250,0.18,225.0,6.0
Q0262,1019.0,1019.0,1250,0.18,225.0,6.0
Q0285,1019.0,1019.0,1250,0.18,225.0,6.0
Q0393,1019.0,1019.0,1250,0.18,225.0,6.0
Q0459,1019.0,1019.0,1250,0.18,225.0,6.0
Q0471,1019.0,1019.0,1250,0.18,225.0,6.0
Q0667,1019.0,1019.0,1250,0.18,225.0,6.0
Q0713,1019.0,1019.0,1250,0.18,225.0,6.0
Q0758,1019.0,1019.0,1250,0.18,225.0,6.0
Q0828,1019.0,1019.0,1250,0.18,225.0,6.0
Q0869,1019.0,1019.0,1250,0.18,225.0,6.0
Q1002,1019.0,1019.0,1250,0.18,225.0,6.0
Q1069,1019.0,1019.0,1250,0.18,225.0,6.0
Q1154,1019.0,1019.0,1250,0.18,225.0,6.0
HD0355,1019.0,1019.0,1250,0.18,225.0,6.0
HD0373A,1019.0,1019.0,1250,0.18,225.0,6.0
MB4057,1019.0,1019.0,1250,0.18,225.0,6.0
QBR-F 0833-09A,1019.0,1019.0,1250,0.18,225.0,6.0
QBR-F 3907-18,1019.0,1019.0,1250,0.18,225.0,6.0
QBR-F 3905-09,1019.0,1019.0,1250,0.18,225.0,6.0
QBR-F 6112-09,1019.0,1019.0,1250,0.18,225.0,6.0
QBR-F 0111-17,1019.0,1019.0,1250,0.18,225.0,6.0
QBR-F 0205-18,1019.0,1019.0,1250,0.18,225.0,6.0
QBR-F 0282-42,1019.0,1019.0,1250,0.18,225.0,6.0
QBR-F 0311-82,1019.0,1019.0,1250,0.18,225.0,6.0
QBR-F 0352-18,1019.0,1019.0,1250,0.18,225.0,6.0
QBR-F 0417-06,1019.0,1019.0,1250,0.18,225.0,6.0
QBR-F 0420-82,1019.0,1019.0,1250,0.18,225.0,6.0
QBR-F 0421-06,1019.0,1019.0,1250,0.18,225.0,6.0
QBR-F 0426-16,1019.0,1019.0,1250,0.18,225.0,6.0
QBR-F 0429-09C,1019.0,1019.0,1250,0.18,225.0,6.0
QBR-F 0429-18A,1019.0,1019.0,1250,0.18,225.0,6.0
QBR-F 0434-02,1019.0,1019.0,1250,0.18,225.0,6.0
QBR-F 0435-36,1019.0,1019.0,1250,0.18,225.0,6.0
QBR-F 0449-09,1019.0,1019.0,1250,0.18,225.0,6.0
QBR-F 0457-18,1019.0,1019.0,1250,0.18,225.0,6.0
QBR-F 0497-30,1019.0,1019.0,1250,0.18,225.0,6.0
QBR-F 0521-02,1019.0,1019.0,1250,0.18,225.0,6.0
QBR-F 0524-18A,1019.0,1019.0,1250,0.18,225.0,6.0
QBR-F 0527-09A,1019.0,1019.0,1250,0.18,225.0,6.0
QBR-F 0854-30,1019.0,1019.0,1250,0.18,225.0,6.0
QBR-F 9037-09,1019.0,1019.0,1250,0.18,225.0,6.0
QBR-F 0616-18,1019.0,1019.0,1250,0.18,225.0,6.0
QBR-F 0617-18,1019.0,1019.0,1250,0.18,225.0,6.0
QBR-F 0623-71,1019.0,1019.0,1250,0.18,225.0,6.0
QBR-F 0701-35,1019.0,1019.0,1250,0.18,225.0,6.0
QBR-F 0709-05,1019.0,1019.0,1250,0.18,225.0,6.0
QBR-F 0723-82,1019.0,1019.0,1250,0.18,225.0,6.0
QBR-F 0738-09,1019.0,1019.0,1250,0.18,225.0,6.0
QBR-F 0742-18,1019.0,1019.0,1250,0.18,225.0,6.0
QBR-F 0749-02,1019.0,1019.0,1250,0.18,225.0,6.0
QBR-F 0755-68,1019.0,1019.0,1250,0.18,225.0,6.0
QBR-F 0768-82,1019.0,1019.0,1250,0.18,225.0,6.0
QBR-F 0802-09,1019.0,1019.0,1250,0.18,225.0,6.0
QBR-F 0806-82,1019.0,1019.0,1250,0.18,225.0,6.0
QBR-F 0811-09,1019.0,1019.0,1250,0.18,225.0,6.0
QBR-F 0815-18,1019.0,1019.0,1250,0.18,225.0,6.0
QBR-F 0910-82,1019.0,1019.0,1250,0.18,225.0,6.0
QBR-F 0916-18,1019.0,1019.0,1250,0.18,225.0,6.0
QBR-F 1012-09A,1019.0,1019.0,1250,0.18,225.0,6.0
QBR-F 1105-09A,1019.0,1019.0,1250,0.18,225.0,6.0
QBR-F 1107-09A,1019.0,1019.0,1250,0.18,225.0,6.0
QBR-F 1201-18,1019.0,1019.0,1250,0.18,225.0,6.0
QBR-F 1203-09,1019.0,1019.0,1250,0.18,225.0,6.0
QBR-F 1212-21,1019.0,1019.0,1250,0.18,225.0,6.0
QBR-F 1215-02,1019.0,1019.0,1250,0.18,225.0,6.0
QBR-F 1811-09,1019.0,1019.0,1250,0.18,225.0,6.0
QBR-F 2113-50,1019.0,1019.0,1250,0.18,225.0,6.0
QBR-F 2121-30,1019.0,1019.0,1250,0.18,225.0,6.0
QBR-F 2310-18,1019.0,1019.0,1250,0.18,225.0,6.0
QBR-F 2314-09,1019.0,1019.0,1250,0.18,225.0,6.0
QBR-F 2504-02,1019.0,1019.0,1250,0.18,225.0,6.0
QBR-F 2526-30,1019.0,1019.0,1250,0.18,225.0,6.0
QBR-F 2601-30,1019.0,1019.0,1250,0.18,225.0,6.0
QBR-F 2602-04,1019.0,1019.0,1250,0.18,225.0,6.0
QBR-F 2605-82,1019.0,1019.0,1250,0.18,225.0,6.0
QBR-F 3311-09,1019.0,1019.0,1250,0.18,225.0,6.0
QBR-F 3934-17,1019.0,1019.0,1250,0.18,225.0,6.0
QBR-F 4007-82,1019.0,1019.0,1250,0.18,225.0,6.0
QBR-F 4063-82,1019.0,1019.0,1250,0.18,225.0,6.0
QBR-F 8022-42,1024.0,1024.0,1250,0.18,225.0,1.0
Q0008,1019.0,1019.0,1250,0.18,225.0,6.0
QBR-F 3326-09,1024.0,1024.0,1250,0.18,225.0,1.0
QBR-F 2402-68,1019.0,1019.0,1250,0.18,225.0,6.0
QBR-F 3076-18,1019.0,1019.0,1250,0.18,225.0,6.0
QBR-F 2601-82,1019.0,1019.0,1250,0.18,225.0,6.0
QBR-F 0168-47,1019.0,1019.0,1250,0.18,225.0,6.0
QBR-F 0807-82A,1019.0,1019.0,1250,0.18,225.0,6.0
QBR-F 2420-09,1019.0,1019.0,1250,0.18,225.0,6.0
QBR-F 1102-82,1019.0,1019.0,1250,0.18,225.0,6.0
QBR-F 3207-82,1019.0,1019.0,1250,0.18,225.0,6.0
QBR-F 2712-13,1019.0,1019.0,1250,0.18,225.0,6.0
MZ2622,1019.0,1019.0,1250,0.18,225.0,6.0
QBR-F 0710-06,1019.0,1019.0,1250,0.18,225.0,6.0
JP2312,1019.0,1019.0,1250,0.18,225.0,6.0
VL6014,1019.0,1019.0,1250,0.18,225.0,6.0
TBL2111,1019.0,1019.0,1250,0.18,225.0,6.0
22-057,1001.0,1001.0,1230,0.18,221.4,7.6
22-082,1001.0,1001.0,1230,0.18,221.4,7.6
22-620,1001.0,1001.0,1230,0.18,221.4,7.6
MS3300,1001.0,1001.0,1230,0.18,221.4,7.6
JP2368,1001.0,1001.0,1230,0.18,221.4,7.6
QBR-A 0111,1001.0,1001.0,1230,0.18,221.4,7.6
Q0011,983.0,983.0,1200,0.18,216.0,1.0
Q0233,983.0,983.0,1200,0.18,216.0,1.0
Q0435,983.0,983.0,1200,0.18,216.0,1.0
Q0486,983.0,983.0,1200,0.18,216.0,1.0
Q0502,983.0,983.0,1200,0.18,216.0,1.0
HD0354,983.0,983.0,1200,0.18,216.0,1.0
TY0567,983.0,983.0,1200,0.18,216.0,1.0
TY0597,983.0,983.0,1200,0.18,216.0,1.0
MZ2610,983.0,983.0,1200,0.18,216.0,1.0
MZ2617,983.0,983.0,1200,0.18,216.0,1.0
MS3303,983.0,983.0,1200,0.18,216.0,1.0
VL6206,983.0,983.0,1200,0.18,216.0,1.0
UZ7009A,983.0,983.0,1200,0.18,216.0,1.0
QBR-F 1005-02,983.0,983.0,1200,0.18,216.0,1.0
QBR-F 0105-35,983.0,983.0,1200,0.18,216.0,1.0
QBR-F 0109-02,983.0,983.0,1200,0.18,216.0,1.0
QBR-F 0153-17,983.0,983.0,1200,0.18,216.0,1.0
QBR-F 0156-82A,983.0,983.0,1200,0.18,216.0,1.0
QBR-F 0204-09,983.0,983.0,1200,0.18,216.0,1.0
QBR-F 0208-82,983.0,983.0,1200,0.18,216.0,1.0
QBR-F 0317-17,983.0,983.0,1200,0.18,216.0,1.0
QBR-F 0323-18,983.0,983.0,1200,0.18,216.0,1.0
QBR-F 0403-35,983.0,983.0,1200,0.18,216.0,1.0
QBR-F 0412-02,983.0,983.0,1200,0.18,216.0,1.0
QBR-F 0412-35B,983.0,983.0,1200,0.18,216.0,1.0
QBR-F 0422-57,983.0,983.0,1200,0.18,216.0,1.0
QBR-F 0432-82,983.0,983.0,1200,0.18,216.0,1.0
QBR-F 0439-35,983.0,983.0,1200,0.18,216.0,1.0
QBR-F 0502-82,983.0,983.0,1200,0.18,216.0,1.0
QBR-F 0504-02,983.0,983.0,1200,0.18,216.0,1.0
QBR-F 0509-02,983.0,983.0,1200,0.18,216.0,1.0
QBR-F 0510-04,983.0,983.0,1200,0.18,216.0,1.0
QBR-F 0512-09,983.0,983.0,1200,0.18,216.0,1.0
QBR-F 0519-04,983.0,983.0,1200,0.18,216.0,1.0
QBR-F 0823-36,983.0,983.0,1200,0.18,216.0,1.0
QBR-F 1014-50,983.0,983.0,1200,0.18,216.0,1.0
QBR-F 0807-82,983.0,983.0,1200,0.18,216.0,1.0
QBR-F 1025-09,983.0,983.0,1200,0.18,216.0,1.0
QBR-F 1112-09,983.0,983.0,1200,0.18,216.0,1.0
QBR-F 1211-82,983.0,983.0,1200,0.18,216.0,1.0
QBR-F 1234-09,983.0,983.0,1200,0.18,216.0,1.0
QBR-F 2306-02,983.0,983.0,1200,0.18,216.0,1.0
QBR-F 2502-06,983.0,983.0,1200,0.18,216.0,1.0
QBR-F 2507-06,983.0,983.0,1200,0.18,216.0,1.0
QBR-F 2512-02,983.0,983.0,1200,0.18,216.0,1.0
QBR-F 2610-30,983.0,983.0,1200,0.18,216.0,1.0
QBR-F 3928-17A,983.0,983.0,1200,0.18,216.0,1.0
QBR-F 3932-02,983.0,983.0,1200,0.18,216.0,1.0
QBR-F 4109-17,983.0,983.0,1200,0.18,216.0,1.0
QBR-F 5027-68,983.0,983.0,1200,0.18,216.0,1.0
QBR-F 5069-02,983.0,983.0,1200,0.18,216.0,1.0
22-176,956.0,956.0,1170,0.18,210.6,3.4
22-784,956.0,956.0,1170,0.18,210.6,3.4
Q1074,956.0,956.0,1170,0.18,210.6,3.4
TY0464,956.0,956.0,1170,0.18,210.6,3.4
VW0593,956.0,956.0,1170,0.18,210.6,3.4
JP2352,956.0,956.0,1170,0.18,210.6,3.4
GM2365,956.0,956.0,1170,0.18,210.6,3.4
MZ2615A,956.0,956.0,1170,0.18,210.6,3.4
MB3954,956.0,956.0,1170,0.18,210.6,3.4
RN4015,956.0,956.0,1170,0.18,210.6,3.4
RN4016,956.0,956.0,1170,0.18,210.6,3.4
RN4022,956.0,956.0,1170,0.18,210.6,3.4
OP7003,956.0,956.0,1170,0.18,210.6,3.4
QBR FA7012,956.0,956.0,1170,0.18,210.6,3.4
HD0353,946.0,946.0,1160,0.18,208.8,5.2
HY0465,946.0,946.0,1160,0.18,208.8,5.2
GM2351,946.0,946.0,1160,0.18,208.8,5.2
QBR-W VL-4062,946.0,946.0,1160,0.18,208.8,5.2
QBR-F 0137-05,946.0,946.0,1160,0.18,208.8,5.2
QBR-F 0152-05,946.0,946.0,1160,0.18,208.8,5.2
QBR-F 0310-35,946.0,946.0,1160,0.18,208.8,5.2
QBR-F 0401-82,946.0,946.0,1160,0.18,208.8,5.2
QBR-F 0417-09B,946.0,946.0,1160,0.18,208.8,5.2
QBR-F 0448-30,946.0,946.0,1160,0.18,208.8,5.2
QBR-F 0493-30,946.0,946.0,1160,0.18,208.8,5.2
QBR-F 0707-02,946.0,946.0,1160,0.18,208.8,5.2
QBR-F 0804-35,946.0,946.0,1160,0.18,208.8,5.2
QBR-F 1806-18,946.0,946.0,1160,0.18,208.8,5.2
QBR-F 1004-35,946.0,946.0,1160,0.18,208.8,5.2
QBR CR-2370,946.0,946.0,1160,0.18,208.8,5.2
QBR TY-0603,946.0,946.0,1160,0.18,208.8,5.2
Si_H7,1000.0,1000.0,1150,0.13,149.5,0.5
Si_H11_H8_H9,1000.0,1000.0,1150,0.13,149.5,0.5
QBR-F 3327-02,933.0,933.0,1140,0.18,205.2,1.8
QBR-F 3701-17,933.0,933.0,1140,0.18,205.2,1.8
QBR-F 3822-50,933.0,933.0,1140,0.18,205.2,1.8
22-174,910.0,910.0,1110,0.18,199.8,0.2
22-594,910.0,910.0,1110,0.18,199.8,0.2
S-100,910.0,910.0,1110,0.18,199.8,0.2
HD0354B,910.0,910.0,1110,0.18,199.8,0.2
HD0370,910.0,910.0,1110,0.18,199.8,0.2
TY0585,910.0,910.0,1110,0.18,199.8,0.2
NS0592,910.0,910.0,1110,0.18,199.8,0.2
GW1875,910.0,910.0,1110,0.18,199.8,0.2
MZ2613,910.0,910.0,1110,0.18,199.8,0.2
FA4039,910.0,910.0,1110,0.18,199.8,0.2
AU4104,910.0,910.0,1110,0.18,199.8,0.2
BM4105,910.0,910.0,1110,0.18,199.8,0.2
VL6012,910.0,910.0,1110,0.18,199.8,0.2
QBR-W MB-4037,910.0,910.0,1110,0.18,199.8,0.2
QBR-W RN-4096,910.0,910.0,1110,0.18,199.8,0.2
QBR-F 0320-35,910.0,910.0,1110,0.18,199.8,0.2
QBR-F 1223-17,910.0,910.0,1110,0.18,199.8,0.2
QBR-F 3328-02,910.0,910.0,1110,0.18,199.8,0.2
QMB 8014,910.0,910.0,1110,0.18,199.8,0.2
QCN 8019,910.0,910.0,1110,0.18,199.8,0.2
QCD 8020,910.0,910.0,1110,0.18,199.8,0.2
QMB 8021,910.0,910.0,1110,0.18,199.8,0.2
QFD 8025,910.0,910.0,1110,0.18,199.8,0.2
QAU/SK/VW 8034,910.0,910.0,1110,0.18,199.8,0.2
QMB 8035,910.0,910.0,1110,0.18,199.8,0.2
QFD 8036,910.0,910.0,1110,0.18,199.8,0.2
QFD 8037,910.0,910.0,1110,0.18,199.8,0.2
QBM 8043,910.0,910.0,1110,0.18,199.8,0.2
QFD 9015,910.0,910.0,1110,0.18,199.8,0.2
QBK 8044,910.0,910.0,1110,0.18,199.8,0.2
QBK 8045,910.0,910.0,1110,0.18,199.8,0.2
QAU/SK/VW 8046,910.0,910.0,1110,0.18,199.8,0.2
QAU/SK/VW 8049,910.0,910.0,1110,0.18,199.8,0.2
QBK 8050,910.0,910.0,1110,0.18,199.8,0.2
QMB 8031,910.0,910.0,1110,0.18,199.8,0.2
QBR-F 4064-76,910.0,910.0,1110,0.18,199.8,0.2
QBR-F 4076-76,910.0,910.0,1110,0.18,199.8,0.2
Qun-001,910.0,910.0,1110,0.18,199.8,0.2
Qun-22,910.0,910.0,1110,0.18,199.8,0.2
Qjap-01,910.0,910.0,1110,0.18,199.8,0.2
Qun-06,910.0,910.0,1110,0.18,199.8,0.2
FD1193,910.0,910.0,1110,0.18,199.8,0.2
BM3808,910.0,910.0,1110,0.18,199.8,0.2
BD3602,910.0,910.0,1110,0.18,199.8,0.2
HD0380,910.0,910.0,1110,0.18,199.8,0.2
JP2379,910.0,910.0,1110,0.18,199.8,0.2
TY0403A,910.0,910.0,1110,0.18,199.8,0.2
Q1057,887.0,887.0,1090,0.18,196.2,6.8
GW1873,874.0,874.0,1070,0.18,192.6,3.4
QBR-W TY-0459,874.0,874.0,1070,0.18,192.6,3.4
QBR-W TY-0465,874.0,874.0,1070,0.18,192.6,3.4
HY0771,874.0,874.0,1070,0.18,192.6,3.4
22-157,865.0,865.0,1060,0.18,190.8,4.2
22-343,865.0,865.0,1060,0.18,190.8,4.2
22-394,865.0,865.0,1060,0.18,190.8,4.2
VW0172,865.0,865.0,1060,0.18,190.8,4.2
BM3800,865.0,865.0,1060,0.18,190.8,4.2
MB4058,865.0,865.0,1060,0.18,190.8,4.2
QBR-W BM-3801,865.0,865.0,1060,0.18,190.8,4.2
QBR-W LR-4112,865.0,865.0,1060,0.18,190.8,4.2
QBR-F 0359-47,865.0,865.0,1060,0.18,190.8,4.2
QBR-F 0633-82,865.0,865.0,1060,0.18,190.8,4.2
QBR-F 1031-56,865.0,865.0,1060,0.18,190.8,4.2
QBR-F 3932-68,865.0,865.0,1060,0.18,190.8,4.2
QBR-F 8017-68,865.0,865.0,1060,0.18,190.8,4.2
CV1202,865.0,865.0,1060,0.18,190.8,4.2
SU2501,865.0,865.0,1060,0.18,190.8,4.2
QBR-F 3332-82,865.0,865.0,1060,0.18,190.8,4.2
MB3953,865.0,865.0,1060,0.18,190.8,4.2
Qvw-238 Afs,910.0,910.0,1050,0.13,136.5,3.5
Qvw-05B,910.0,910.0,1050,0.13,136.5,3.5
Q0727,842.0,842.0,1030,0.18,185.4,2.6
Q0737,842.0,842.0,1030,0.18,185.4,2.6
Q0860,842.0,842.0,1030,0.18,185.4,2.6
HD0368,837.0,837.0,1030,0.18,185.4,7.6
NS0551,837.0,837.0,1030,0.18,185.4,7.6
NS0596,837.0,837.0,1030,0.18,185.4,7.6
BK1068,837.0,837.0,1030,0.18,185.4,7.6
FD1187,837.0,837.0,1030,0.18,185.4,7.6
QBR-W TY-0454,837.0,837.0,1030,0.18,185.4,7.6
QBR-W TY-0456,837.0,837.0,1030,0.18,185.4,7.6
QBR-W TY-0458,837.0,837.0,1030,0.18,185.4,7.6
QBR-F 0159-39,842.0,842.0,1030,0.18,185.4,2.6
QBR-F 1101-17,842.0,842.0,1030,0.18,185.4,2.6
QBR CR-2405,837.0,837.0,1030,0.18,185.4,7.6
QBR GL-2364,837.0,837.0,1030,0.18,185.4,7.6
FD8102,837.0,837.0,1030,0.18,185.4,7.6
FD8101,837.0,837.0,1030,0.18,185.4,7.6
TY0465A,837.0,837.0,1030,0.18,185.4,7.6
VL6015,837.0,837.0,1030,0.18,185.4,7.6
16-018,819.0,819.0,1000,0.18,180.0,1.0
Q0466,819.0,819.0,1000,0.18,180.0,1.0
Q0701,819.0,819.0,1000,0.18,180.0,1.0
Q0738,819.0,819.0,1000,0.18,180.0,1.0
Q0743,819.0,819.0,1000,0.18,180.0,1.0
Q0782,819.0,819.0,1000,0.18,180.0,1.0
Q0783,819.0,819.0,1000,0.18,180.0,1.0
Q0789,819.0,819.0,1000,0.18,180.0,1.0
Q0863,819.0,819.0,1000,0.18,180.0,1.0
Q0878-F1,819.0,819.0,1000,0.18,180.0,1.0
Q0878-F2,819.0,819.0,1000,0.18,180.0,1.0
Q0902,819.0,819.0,1000,0.18,180.0,1.0
Q0904,819.0,819.0,1000,0.18,180.0,1.0
Q0950,819.0,819.0,1000,0.18,180.0,1.0
Q1004,819.0,819.0,1000,0.18,180.0,1.0
Q1005,819.0,819.0,1000,0.18,180.0,1.0
HD0373,819.0,819.0,1000,0.18,180.0,1.0
FD1162,819.0,819.0,1000,0.18,180.0,1.0
QBR-W GW-1837,819.0,819.0,1000,0.18,180.0,1.0
QBR-W BM-3804,819.0,819.0,1000,0.18,180.0,1.0
QBR-W RN-4065,819.0,819.0,1000,0.18,180.0,1.0
QBR-W RN-4094,819.0,819.0,1000,0.18,180.0,1.0
QBR-A 01117,819.0,819.0,1000,0.18,180.0,1.0
QBR-A 01118,819.0,819.0,1000,0.18,180.0,1.0
QBR-F 1156-82,819.0,819.0,1000,0.18,180.0,1.0
QBR-F 9028-68,819.0,819.0,1000,0.18,180.0,1.0
Qhd-02,819.0,819.0,1000,0.18,180.0,1.0
Qfd-01,819.0,819.0,1000,0.18,180.0,1.0
QBR-W OP5201,819.0,819.0,1000,0.18,180.0,1.0
JC2708,819.0,819.0,1000,0.18,180.0,1.0
BD3604,819.0,819.0,1000,0.18,180.0,1.0
VW0102,819.0,819.0,1000,0.18,180.0,1.0
QBR-F 8026-76,819.0,819.0,1000,0.18,180.0,1.0
Q0211,796.0,796.0,980,0.18,176.4,7.6
Q0347,796.0,796.0,980,0.18,176.4,7.6
Q0498,796.0,796.0,980,0.18,176.4,7.6
Q0562,796.0,796.0,980,0.18,176.4,7.6
Q0591,796.0,796.0,980,0.18,176.4,7.6
Q0693,796.0,796.0,980,0.18,176.4,7.6
Q0874,796.0,796.0,980,0.18,176.4,7.6
Q0948-F1,796.0,796.0,980,0.18,176.4,7.6
Q0955,796.0,796.0,980,0.18,176.4,7.6
Q0960,796.0,796.0,980,0.18,176.4,7.6
Q1015,796.0,796.0,980,0.18,176.4,7.6
Q1021,796.0,796.0,980,0.18,176.4,7.6
Q1043,796.0,796.0,980,0.18,176.4,7.6
Q1086,796.0,796.0,980,0.18,176.4,7.6
GW1876,801.0,801.0,980,0.18,176.4,2.6
GW1877,801.0,801.0,980,0.18,176.4,2.6
GW1878,801.0,801.0,980,0.18,176.4,2.6
QBR-W PSA-0900,801.0,801.0,980,0.18,176.4,2.6
QBR-W GW-1840,801.0,801.0,980,0.18,176.4,2.6
QBR-W HD-3039,801.0,801.0,980,0.18,176.4,2.6
QBR-F 0487-09,796.0,796.0,980,0.18,176.4,7.6
QBR-F 0536-68,796.0,796.0,980,0.18,176.4,7.6
QBR-F 1149-68,796.0,796.0,980,0.18,176.4,7.6
QBR-F 1306-29A,796.0,796.0,980,0.18,176.4,7.6
QBR-F 3084-82,796.0,796.0,980,0.18,176.4,7.6
QBR-F 3321-68,796.0,796.0,980,0.18,176.4,7.6
QBR-F 3824-68,796.0,796.0,980,0.18,176.4,7.6
QBR-F 9051-58,796.0,796.0,980,0.18,176.4,7.6
QBR-F 3509-09,796.0,796.0,980,0.18,176.4,7.6
GM2377,801.0,801.0,980,0.18,176.4,2.6
QBR-F 04106-82,796.0,796.0,980,0.18,176.4,7.6
QBR-F 2323-18,796.0,796.0,980,0.18,176.4,7.6
MS3304,801.0,801.0,980,0.18,176.4,2.6
QBR-W LX-8011,801.0,801.0,980,0.18,176.4,2.6
TY0403,801.0,801.0,980,0.18,176.4,2.6
TB1793,796.0,796.0,980,0.18,176.4,7.6
Q0293,774.0,774.0,950,0.18,171.0,5.0
Q0343,774.0,774.0,950,0.18,171.0,5.0
Q0479,774.0,774.0,950,0.18,171.0,5.0
Q0690,774.0,774.0,950,0.18,171.0,5.0
Q0694,774.0,774.0,950,0.18,171.0,5.0
Q0764,774.0,774.0,950,0.18,171.0,5.0
Q0792,774.0,774.0,950,0.18,171.0,5.0
Q0814,774.0,774.0,950,0.18,171.0,5.0
Q0825,774.0,774.0,950,0.18,171.0,5.0
Q0861,774.0,774.0,950,0.18,171.0,5.0
Q0880,774.0,774.0,950,0.18,171.0,5.0
Q0959,774.0,774.0,950,0.18,171.0,5.0
Q1035,774.0,774.0,950,0.18,171.0,5.0
Q1065,774.0,774.0,950,0.18,171.0,5.0
Q1082,774.0,774.0,950,0.18,171.0,5.0
Q1224,774.0,774.0,950,0.18,171.0,5.0
JP2309,774.0,774.0,950,0.18,171.0,5.0
RN4003,774.0,774.0,950,0.18,171.0,5.0
QBR-W PSA-0914,774.0,774.0,950,0.18,171.0,5.0
QBR-W BK-1041,774.0,774.0,950,0.18,171.0,5.0
QBR-W JP-2306,774.0,774.0,950,0.18,171.0,5.0
QBR-W MZ-2617,774.0,774.0,950,0.18,171.0,5.0
QBR-W HD-3033,774.0,774.0,950,0.18,171.0,5.0
QBR-W MB-3920,774.0,774.0,950,0.18,171.0,5.0
QBR-W RN-4088,774.0,774.0,950,0.18,171.0,5.0
QBR-W SB-4164,774.0,774.0,950,0.18,171.0,5.0
QBR-W CD-6027,774.0,774.0,950,0.18,171.0,5.0
QBR-F 0178-09,774.0,774.0,950,0.18,171.0,5.0
QBR-F 0783-68,774.0,774.0,950,0.18,171.0,5.0
QBR-F 5203-50,774.0,774.0,950,0.18,171.0,5.0
QBR-F 9025-09,774.0,774.0,950,0.18,171.0,5.0
Q-24V-12V,819.0,819.0,950,0.13,123.5,7.5
Qun-01,774.0,774.0,950,0.18,171.0,5.0
Qun-02,774.0,774.0,950,0.18,171.0,5.0
QBR-F 0192-09,774.0,774.0,950,0.18,171.0,5.0
Qsd-02,774.0,774.0,950,0.18,171.0,5.0
OP1001,774.0,774.0,950,0.18,171.0,5.0
QBR IS2801,774.0,774.0,950,0.18,171.0,5.0
JC2702,774.0,774.0,950,0.18,171.0,5.0
LF3102,774.0,774.0,950,0.18,171.0,5.0
JC2703,774.0,774.0,950,0.18,171.0,5.0
GL3503,774.0,774.0,950,0.18,171.0,5.0
BD3603,774.0,774.0,950,0.18,171.0,5.0
CR2369,774.0,774.0,950,0.18,171.0,5.0
BJ1603,774.0,774.0,950,0.18,171.0,5.0
CR2402,774.0,774.0,950,0.18,171.0,5.0
TY0588,764.0,764.0,940,0.18,169.2,6.8
NS0801,764.0,764.0,940,0.18,169.2,6.8
HY0963,764.0,764.0,940,0.18,169.2,6.8
FD1172,764.0,764.0,940,0.18,169.2,6.8
QBR-W TY-0462,764.0,764.0,940,0.18,169.2,6.8
QBR-W TY-0463,764.0,764.0,940,0.18,169.2,6.8
QBR-W HD-3060,764.0,764.0,940,0.18,169.2,6.8
MS3312,764.0,764.0,940,0.18,169.2,6.8
NS0562,764.0,764.0,940,0.18,169.2,6.8
QBR-F 4006-82A,764.0,764.0,940,0.18,169.2,6.8
JP2350A,764.0,764.0,940,0.18,169.2,6.8
JP2350B,764.0,764.0,940,0.18,169.2,6.8
JP2350C,764.0,764.0,940,0.18,169.2,6.8
Q0289,751.0,751.0,920,0.18,165.6,3.4
Q0361,751.0,751.0,920,0.18,165.6,3.4
Q0390,751.0,751.0,920,0.18,165.6,3.4
Q0418,751.0,751.0,920,0.18,165.6,3.4
Q0434,751.0,751.0,920,0.18,165.6,3.4
Q0442,751.0,751.0,920,0.18,165.6,3.4
Q0488,751.0,751.0,920,0.18,165.6,3.4
Q0499,751.0,751.0,920,0.18,165.6,3.4
Q0504,751.0,751.0,920,0.18,165.6,3.4
Q0587,751.0,751.0,920,0.18,165.6,3.4
Q0656,751.0,751.0,920,0.18,165.6,3.4
Q0676,751.0,751.0,920,0.18,165.6,3.4
Q0696,751.0,751.0,920,0.18,165.6,3.4
Q0698,751.0,751.0,920,0.18,165.6,3.4
Q0723,751.0,751.0,920,0.18,165.6,3.4
Q0730,751.0,751.0,920,0.18,165.6,3.4
Q0736,751.0,751.0,920,0.18,165.6,3.4
Q0790,751.0,751.0,920,0.18,165.6,3.4
Q0795,751.0,751.0,920,0.18,165.6,3.4
Q0810-F2,751.0,751.0,920,0.18,165.6,3.4
Q0811,751.0,751.0,920,0.18,165.6,3.4
Q0834,751.0,751.0,920,0.18,165.6,3.4
Q0843,751.0,751.0,920,0.18,165.6,3.4
Q0865,751.0,751.0,920,0.18,165.6,3.4
Q0875,751.0,751.0,920,0.18,165.6,3.4
Q0879,751.0,751.0,920,0.18,165.6,3.4
Q0883,751.0,751.0,920,0.18,165.6,3.4
Q0887,751.0,751.0,920,0.18,165.6,3.4
Q0895,751.0,751.0,920,0.18,165.6,3.4
Q0919,751.0,751.0,920,0.18,165.6,3.4
Q0922,751.0,751.0,920,0.18,165.6,3.4
Q0933,751.0,751.0,920,0.18,165.6,3.4
Q0936,751.0,751.0,920,0.18,165.6,3.4
Q0951,751.0,751.0,920,0.18,165.6,3.4
Q0957,751.0,751.0,920,0.18,165.6,3.4
Q0977,751.0,751.0,920,0.18,165.6,3.4
Q0978,751.0,751.0,920,0.18,165.6,3.4
Q0986,751.0,751.0,920,0.18,165.6,3.4
Q1007,751.0,751.0,920,0.18,165.6,3.4
Q1010,751.0,751.0,920,0.18,165.6,3.4
Q1016,751.0,751.0,920,0.18,165.6,3.4
Q1017,751.0,751.0,920,0.18,165.6,3.4
Q1070,751.0,751.0,920,0.18,165.6,3.4
Q1079,751.0,751.0,920,0.18,165.6,3.4
Q1151,751.0,751.0,920,0.18,165.6,3.4
QBR-F 0471-02,751.0,751.0,920,0.18,165.6,3.4
QBR-F 0626-18,751.0,751.0,920,0.18,165.6,3.4
QBR-F 0633-18,751.0,751.0,920,0.18,165.6,3.4
QBR-F 0812-68,751.0,751.0,920,0.18,165.6,3.4
QBR-F 0847-02,751.0,751.0,920,0.18,165.6,3.4
QBR-F 0863-68,751.0,751.0,920,0.18,165.6,3.4
QBR-F 0921-39,751.0,751.0,920,0.18,165.6,3.4
QBR-F 1134-02A,751.0,751.0,920,0.18,165.6,3.4
QBR-F 1134-68,751.0,751.0,920,0.18,165.6,3.4
QBR-F 1150-82,751.0,751.0,920,0.18,165.6,3.4
QBR-F 2124-68,751.0,751.0,920,0.18,165.6,3.4
QBR-F 6005-82,751.0,751.0,920,0.18,165.6,3.4
QBR-F 6101-09,751.0,751.0,920,0.18,165.6,3.4
QBR-F 2328-68,751.0,751.0,920,0.18,165.6,3.4
QBR-F 2323-68,751.0,751.0,920,0.18,165.6,3.4
QBR-F 0858-18,751.0,751.0,920,0.18,165.6,3.4
QBR-F 1006-09,751.0,751.0,920,0.18,165.6,3.4
QBR-F 3505-05,751.0,751.0,920,0.18,165.6,3.4
QCV 7440 B,728.0,728.0,890,0.18,160.2,1.8
22-649,728.0,728.0,890,0.18,160.2,1.8
Q0272,728.0,728.0,890,0.18,160.2,1.8
Q0329,728.0,728.0,890,0.18,160.2,1.8
Q0344,728.0,728.0,890,0.18,160.2,1.8
Q0408,728.0,728.0,890,0.18,160.2,1.8
Q0439,728.0,728.0,890,0.18,160.2,1.8
Q0618,728.0,728.0,890,0.18,160.2,1.8
Q0636,728.0,728.0,890,0.18,160.2,1.8
Q0691,728.0,728.0,890,0.18,160.2,1.8
Q0728,728.0,728.0,890,0.18,160.2,1.8
Q0735,728.0,728.0,890,0.18,160.2,1.8
Q0801,728.0,728.0,890,0.18,160.2,1.8
Q0824,728.0,728.0,890,0.18,160.2,1.8
Q0830,728.0,728.0,890,0.18,160.2,1.8
Q0898,728.0,728.0,890,0.18,160.2,1.8
Q0965,728.0,728.0,890,0.18,160.2,1.8
Q1051,728.0,728.0,890,0.18,160.2,1.8
Q1222,728.0,728.0,890,0.18,160.2,1.8
BM3803,728.0,728.0,890,0.18,160.2,1.8
HD0374,728.0,728.0,890,0.18,160.2,1.8
NS0580A,728.0,728.0,890,0.18,160.2,1.8
HY0767,728.0,728.0,890,0.18,160.2,1.8
PSA0961,728.0,728.0,890,0.18,160.2,1.8
PG0965,728.0,728.0,890,0.18,160.2,1.8
FD1181,728.0,728.0,890,0.18,160.2,1.8
MG2102,728.0,728.0,890,0.18,160.2,1.8
SB4018,728.0,728.0,890,0.18,160.2,1.8
QBR-W HY-0708A,728.0,728.0,890,0.18,160.2,1.8
QBR-W HD-3037,728.0,728.0,890,0.18,160.2,1.8
QBR-W HD-3058,728.0,728.0,890,0.18,160.2,1.8
QBR-W CH-6207,728.0,728.0,890,0.18,160.2,1.8
QBR-F 0365-50,728.0,728.0,890,0.18,160.2,1.8
QBR-F 0480-50,728.0,728.0,890,0.18,160.2,1.8
QBR-F 0773-68,728.0,728.0,890,0.18,160.2,1.8
QBR-F 0850-68,728.0,728.0,890,0.18,160.2,1.8
QBR-F 0862-09,728.0,728.0,890,0.18,160.2,1.8
QBR-F 0918-09,728.0,728.0,890,0.18,160.2,1.8
QBR-F 1108-16,728.0,728.0,890,0.18,160.2,1.8
QBR-F 1142-68,728.0,728.0,890,0.18,160.2,1.8
QBR-F 1220-13,728.0,728.0,890,0.18,160.2,1.8
QBR-F 1310-68,728.0,728.0,890,0.18,160.2,1.8
QBR-F 1315-68,728.0,728.0,890,0.18,160.2,1.8
QBR-F 2411-50,728.0,728.0,890,0.18,160.2,1.8
QBR-F 2523-68,728.0,728.0,890,0.18,160.2,1.8
QBR-F 2623-18,728.0,728.0,890,0.18,160.2,1.8
QBR-F 2633-09,728.0,728.0,890,0.18,160.2,1.8
QBR-F 6221-09,728.0,728.0,890,0.18,160.2,1.8
QBR-F 9016-68,728.0,728.0,890,0.18,160.2,1.8
Qhd-03,728.0,728.0,890,0.18,160.2,1.8
Qjp-03,728.0,728.0,890,0.18,160.2,1.8
Qjp-04,728.0,728.0,890,0.18,160.2,1.8
QBR-F 3928-02,728.0,728.0,890,0.18,160.2,1.8
QBR-F 6203-18A,728.0,728.0,890,0.18,160.2,1.8
QBR-F 8012-35,728.0,728.0,890,0.18,160.2,1.8
QBR-F 6203-18,728.0,728.0,890,0.18,160.2,1.8
QBR-W RN-40102,728.0,728.0,890,0.18,160.2,1.8
QBR-W GL-3512,728.0,728.0,890,0.18,160.2,1.8
QBR-F 4033-18,728.0,728.0,890,0.18,160.2,1.8
QBR-F 3306-18,728.0,728.0,890,0.18,160.2,1.8
QBR-F 5098-68,728.0,728.0,890,0.18,160.2,1.8
QBR-F 0731-09B,728.0,728.0,890,0.18,160.2,1.8
RN7013,728.0,728.0,890,0.18,160.2,1.8
TY0410,728.0,728.0,890,0.18,160.2,1.8
QBR-W 0439,728.0,728.0,890,0.18,160.2,1.8
QBR-W BM-3809,728.0,728.0,890,0.18,160.2,1.8
JP2301B,728.0,728.0,890,0.18,160.2,1.8
TY0403B,728.0,728.0,890,0.18,160.2,1.8
Q0088,705.0,705.0,860,0.18,154.8,0.2
Q0147,705.0,705.0,860,0.18,154.8,0.2
Q0155,705.0,705.0,860,0.18,154.8,0.2
Q0284,705.0,705.0,860,0.18,154.8,0.2
Q0306,705.0,705.0,860,0.18,154.8,0.2
Q0317,705.0,705.0,860,0.18,154.8,0.2
Q0345,705.0,705.0,860,0.18,154.8,0.2
Q0350,705.0,705.0,860,0.18,154.8,0.2
Q0425,705.0,705.0,860,0.18,154.8,0.2
Q0427,705.0,705.0,860,0.18,154.8,0.2
Q0432,705.0,705.0,860,0.18,154.8,0.2
Q0452,705.0,705.0,860,0.18,154.8,0.2
Q0492,705.0,705.0,860,0.18,154.8,0.2
Q0496,705.0,705.0,860,0.18,154.8,0.2
Q0521,705.0,705.0,860,0.18,154.8,0.2
Q0534,705.0,705.0,860,0.18,154.8,0.2
Q0567,705.0,705.0,860,0.18,154.8,0.2
Q0570,705.0,705.0,860,0.18,154.8,0.2
Q0573,705.0,705.0,860,0.18,154.8,0.2
Q0595,705.0,705.0,860,0.18,154.8,0.2
Q0605,705.0,705.0,860,0.18,154.8,0.2
Q0617,705.0,705.0,860,0.18,154.8,0.2
Q0638,705.0,705.0,860,0.18,154.8,0.2
Q0646,705.0,705.0,860,0.18,154.8,0.2
Q0663,705.0,705.0,860,0.18,154.8,0.2
Q0665,705.0,705.0,860,0.18,154.8,0.2
Q0682,705.0,705.0,860,0.18,154.8,0.2
Q0684,705.0,705.0,860,0.18,154.8,0.2
Q0692,705.0,705.0,860,0.18,154.8,0.2
Q0702,705.0,705.0,860,0.18,154.8,0.2
Q0706,705.0,705.0,860,0.18,154.8,0.2
Q0729,705.0,705.0,860,0.18,154.8,0.2
Q0734,705.0,705.0,860,0.18,154.8,0.2
Q0749,705.0,705.0,860,0.18,154.8,0.2
Q0751,705.0,705.0,860,0.18,154.8,0.2
Q0765-F1,705.0,705.0,860,0.18,154.8,0.2
Q0794,705.0,705.0,860,0.18,154.8,0.2
Q0796,705.0,705.0,860,0.18,154.8,0.2
Q0804,705.0,705.0,860,0.18,154.8,0.2
Q0810-F1,705.0,705.0,860,0.18,154.8,0.2
Q0831,705.0,705.0,860,0.18,154.8,0.2
Q0848,705.0,705.0,860,0.18,154.8,0.2
Q0855,705.0,705.0,860,0.18,154.8,0.2
Q0864,705.0,705.0,860,0.18,154.8,0.2
Q0899,705.0,705.0,860,0.18,154.8,0.2
Q0985,705.0,705.0,860,0.18,154.8,0.2
Q0992,705.0,705.0,860,0.18,154.8,0.2
Q0993,705.0,705.0,860,0.18,154.8,0.2
Q1045,705.0,705.0,860,0.18,154.8,0.2
Q1054,705.0,705.0,860,0.18,154.8,0.2
Q1063,705.0,705.0,860,0.18,154.8,0.2
Q1068,705.0,705.0,860,0.18,154.8,0.2
Q1071,705.0,705.0,860,0.18,154.8,0.2
Q1084,705.0,705.0,860,0.18,154.8,0.2
Q1091,705.0,705.0,860,0.18,154.8,0.2
Q1113,705.0,705.0,860,0.18,154.8,0.2
Q1123,705.0,705.0,860,0.18,154.8,0.2
Q1129,705.0,705.0,860,0.18,154.8,0.2
Q1133,705.0,705.0,860,0.18,154.8,0.2
Q1303,705.0,705.0,860,0.18,154.8,0.2
Q1310,705.0,705.0,860,0.18,154.8,0.2
QBR-F 0329-50,705.0,705.0,860,0.18,154.8,0.2
QBR-F 0334-82,705.0,705.0,860,0.18,154.8,0.2
QBR-F 0340-82,705.0,705.0,860,0.18,154.8,0.2
QBR-F 0341-30,705.0,705.0,860,0.18,154.8,0.2
QBR-F 0422-50,705.0,705.0,860,0.18,154.8,0.2
QBR-F 0437-04,705.0,705.0,860,0.18,154.8,0.2
QBR-F 0476-50,705.0,705.0,860,0.18,154.8,0.2
QBR-F 0477-09,705.0,705.0,860,0.18,154.8,0.2
QBR-F 0505-82,705.0,705.0,860,0.18,154.8,0.2
QBR-F 0526-50,705.0,705.0,860,0.18,154.8,0.2
QBR-F 0615-82,705.0,705.0,860,0.18,154.8,0.2
QBR-F 0765-09,705.0,705.0,860,0.18,154.8,0.2
QBR-F 0767-09,705.0,705.0,860,0.18,154.8,0.2
QBR-F 0772-47,705.0,705.0,860,0.18,154.8,0.2
QBR-F 0780-09,705.0,705.0,860,0.18,154.8,0.2
QBR-F 0822-82,705.0,705.0,860,0.18,154.8,0.2
QBR-F 0827-14A,705.0,705.0,860,0.18,154.8,0.2
QBR-F 0848-09,705.0,705.0,860,0.18,154.8,0.2
QBR-F 0851-02,705.0,705.0,860,0.18,154.8,0.2
QBR-F 0905-68,705.0,705.0,860,0.18,154.8,0.2
QBR-F 0911-82,705.0,705.0,860,0.18,154.8,0.2
QBR-F 0919-13,705.0,705.0,860,0.18,154.8,0.2
QBR-F 1007-57,705.0,705.0,860,0.18,154.8,0.2
QBR-F 1114-09,705.0,705.0,860,0.18,154.8,0.2
QBR-F 1120-19,705.0,705.0,860,0.18,154.8,0.2
QBR-F 1122-47,705.0,705.0,860,0.18,154.8,0.2
QBR-F 1229-09,705.0,705.0,860,0.18,154.8,0.2
QBR-F 1309-68,705.0,705.0,860,0.18,154.8,0.2
QBR-F 1826-68,705.0,705.0,860,0.18,154.8,0.2
QBR-F 1830-47,705.0,705.0,860,0.18,154.8,0.2
QBR-F 3074-13,705.0,705.0,860,0.18,154.8,0.2
QBR-F 3811-39,705.0,705.0,860,0.18,154.8,0.2
QBR-F 3811-50,705.0,705.0,860,0.18,154.8,0.2
QBR-F 3820-50,705.0,705.0,860,0.18,154.8,0.2
QBR-F 4029-02,705.0,705.0,860,0.18,154.8,0.2
QBR-F 5070-68,705.0,705.0,860,0.18,154.8,0.2
QBR-F 5092-82,705.0,705.0,860,0.18,154.8,0.2
QBR-F 6101-32,705.0,705.0,860,0.18,154.8,0.2
QBR-F 6111-68,705.0,705.0,860,0.18,154.8,0.2
QBR-F 8003-50,705.0,705.0,860,0.18,154.8,0.2
QBR-F 8005-09A,705.0,705.0,860,0.18,154.8,0.2
QBR-F 9019-68,705.0,705.0,860,0.18,154.8,0.2
QBR-F 9036-18,705.0,705.0,860,0.18,154.8,0.2
QBR-F 9043-82,705.0,705.0,860,0.18,154.8,0.2
QBR-F 9046-68,705.0,705.0,860,0.18,154.8,0.2
QBR-F 1813-09A,705.0,705.0,860,0.18,154.8,0.2
QBR-F 0788-09,705.0,705.0,860,0.18,154.8,0.2
QBR-F 2531-68,705.0,705.0,860,0.18,154.8,0.2
HD0378,692.0,692.0,850,0.18,153.0,5.0
NS0541,692.0,692.0,850,0.18,153.0,5.0
BK1064,692.0,692.0,850,0.18,153.0,5.0
PG1421,692.0,692.0,850,0.18,153.0,5.0
GW1867,692.0,692.0,850,0.18,153.0,5.0
GW1870,692.0,692.0,850,0.18,153.0,5.0
HD3078,692.0,692.0,850,0.18,153.0,5.0
HD3079,692.0,692.0,850,0.18,153.0,5.0
MS3302,692.0,692.0,850,0.18,153.0,5.0
RN4020,692.0,692.0,850,0.18,153.0,5.0
RN4021,692.0,692.0,850,0.18,153.0,5.0
QBR-W BK-1039,692.0,692.0,850,0.18,153.0,5.0
QBR-W TY-0453,692.0,692.0,850,0.18,153.0,5.0
QBR-W TY-0460,692.0,692.0,850,0.18,153.0,5.0
QBR-W BK-1038,692.0,692.0,850,0.18,153.0,5.0
QBR-W GW-1841,692.0,692.0,850,0.18,153.0,5.0
QBR-W HD-3047,692.0,692.0,850,0.18,153.0,5.0
QBR-W HD-3065,692.0,692.0,850,0.18,153.0,5.0
QBR-W RN-4030,692.0,692.0,850,0.18,153.0,5.0
QBR-W RN-4082,692.0,692.0,850,0.18,153.0,5.0
QBR-W RN-4091,692.0,692.0,850,0.18,153.0,5.0
SY6101,692.0,692.0,850,0.18,153.0,5.0
BM3800_v1,692.0,692.0,850,0.18,153.0,5.0
Q0036,683.0,683.0,840,0.18,151.2,5.8
Q0050,683.0,683.0,840,0.18,151.2,5.8
Q0061,683.0,683.0,840,0.18,151.2,5.8
Q0126,683.0,683.0,840,0.18,151.2,5.8
Q0133,683.0,683.0,840,0.18,151.2,5.8
Q0151,683.0,683.0,840,0.18,151.2,5.8
Q0159-F1,683.0,683.0,840,0.18,151.2,5.8
Q0169,683.0,683.0,840,0.18,151.2,5.8
Q0191,683.0,683.0,840,0.18,151.2,5.8
Q0225-F1,683.0,683.0,840,0.18,151.2,5.8
Q0225-F2,683.0,683.0,840,0.18,151.2,5.8
Q0231,683.0,683.0,840,0.18,151.2,5.8
Q0240,683.0,683.0,840,0.18,151.2,5.8
Q0243,683.0,683.0,840,0.18,151.2,5.8
Q0265,683.0,683.0,840,0.18,151.2,5.8
Q0271,683.0,683.0,840,0.18,151.2,5.8
Q0279,683.0,683.0,840,0.18,151.2,5.8
Q0286,683.0,683.0,840,0.18,151.2,5.8
Q0297,683.0,683.0,840,0.18,151.2,5.8
Q0431,683.0,683.0,840,0.18,151.2,5.8
Q0437,683.0,683.0,840,0.18,151.2,5.8
Q0475,683.0,683.0,840,0.18,151.2,5.8
Q0476,683.0,683.0,840,0.18,151.2,5.8
Q0517,683.0,683.0,840,0.18,151.2,5.8
Q0518,683.0,683.0,840,0.18,151.2,5.8
Q0545,683.0,683.0,840,0.18,151.2,5.8
Q0552,683.0,683.0,840,0.18,151.2,5.8
Q0566,683.0,683.0,840,0.18,151.2,5.8
Q0581,683.0,683.0,840,0.18,151.2,5.8
Q0586,683.0,683.0,840,0.18,151.2,5.8
Q0613,683.0,683.0,840,0.18,151.2,5.8
Q0625,683.0,683.0,840,0.18,151.2,5.8
Q0629,683.0,683.0,840,0.18,151.2,5.8
Q0641,683.0,683.0,840,0.18,151.2,5.8
Q0651,683.0,683.0,840,0.18,151.2,5.8
Q0658,683.0,683.0,840,0.18,151.2,5.8
Q0661,683.0,683.0,840,0.18,151.2,5.8
Q0672,683.0,683.0,840,0.18,151.2,5.8
Q0673,683.0,683.0,840,0.18,151.2,5.8
Q0686,683.0,683.0,840,0.18,151.2,5.8
Q0708,683.0,683.0,840,0.18,151.2,5.8
Q0719,683.0,683.0,840,0.18,151.2,5.8
Q0741,683.0,683.0,840,0.18,151.2,5.8
Q0756,683.0,683.0,840,0.18,151.2,5.8
Q0767,683.0,683.0,840,0.18,151.2,5.8
Q0791,683.0,683.0,840,0.18,151.2,5.8
Q0844,683.0,683.0,840,0.18,151.2,5.8
Q0885,683.0,683.0,840,0.18,151.2,5.8
Q0906,683.0,683.0,840,0.18,151.2,5.8
Q0970,683.0,683.0,840,0.18,151.2,5.8
Q0972,683.0,683.0,840,0.18,151.2,5.8
Q0974,683.0,683.0,840,0.18,151.2,5.8
Q0995,683.0,683.0,840,0.18,151.2,5.8
Q0998,683.0,683.0,840,0.18,151.2,5.8
Q1026,683.0,683.0,840,0.18,151.2,5.8
Q1031,683.0,683.0,840,0.18,151.2,5.8
Q1042,683.0,683.0,840,0.18,151.2,5.8
Q1089,683.0,683.0,840,0.18,151.2,5.8
Q1090,683.0,683.0,840,0.18,151.2,5.8
Q1103,683.0,683.0,840,0.18,151.2,5.8
Q1118,683.0,683.0,840,0.18,151.2,5.8
Q1124,683.0,683.0,840,0.18,151.2,5.8
Q1209,683.0,683.0,840,0.18,151.2,5.8
Q1213,683.0,683.0,840,0.18,151.2,5.8
Q0066,683.0,683.0,840,0.18,151.2,5.8
VW0104,683.0,683.0,840,0.18,151.2,5.8
HY0709,683.0,683.0,840,0.18,151.2,5.8
GM1066,683.0,683.0,840,0.18,151.2,5.8
QBR-W TY-0434,683.0,683.0,840,0.18,151.2,5.8
QBR-W HY-0726,683.0,683.0,840,0.18,151.2,5.8
QBR-W HY-0727,683.0,683.0,840,0.18,151.2,5.8
QBR-W FD-1114,683.0,683.0,840,0.18,151.2,5.8
QBR-W CV-1210,683.0,683.0,840,0.18,151.2,5.8
QBR-W RN-4009,683.0,683.0,840,0.18,151.2,5.8
QBR-W VL-4061,683.0,683.0,840,0.18,151.2,5.8
QBR-W AU-4104,683.0,683.0,840,0.18,151.2,5.8
QBR-W LR-4116,683.0,683.0,840,0.18,151.2,5.8
QBR-W NS-5054,683.0,683.0,840,0.18,151.2,5.8
QBR-F 0150-18,683.0,683.0,840,0.18,151.2,5.8
QBR-F 0300-13,683.0,683.0,840,0.18,151.2,5.8
QBR-F 0324-26,683.0,683.0,840,0.18,151.2,5.8
QBR-F 0358-02,683.0,683.0,840,0.18,151.2,5.8
QBR-F 0370-02,683.0,683.0,840,0.18,151.2,5.8
QBR-F 0446-82,683.0,683.0,840,0.18,151.2,5.8
QBR-F 0468-18A,683.0,683.0,840,0.18,151.2,5.8
QBR-F 0482-50,683.0,683.0,840,0.18,151.2,5.8
QBR-F 0489-50,683.0,683.0,840,0.18,151.2,5.8
QBR-F 0740-50,683.0,683.0,840,0.18,151.2,5.8
QBR-F 0767-18,683.0,683.0,840,0.18,151.2,5.8
QBR-F 0775-09,683.0,683.0,840,0.18,151.2,5.8
QBR-F 0784-68,683.0,683.0,840,0.18,151.2,5.8
QBR-F 0834-17,683.0,683.0,840,0.18,151.2,5.8
QBR-F 0849-09,683.0,683.0,840,0.18,151.2,5.8
QBR-F 0855-09,683.0,683.0,840,0.18,151.2,5.8
QBR-F 0859-02,683.0,683.0,840,0.18,151.2,5.8
QBR-F 0862-68,683.0,683.0,840,0.18,151.2,5.8
QBR-F 0911-82A,683.0,683.0,840,0.18,151.2,5.8
QBR-F 1013-35,683.0,683.0,840,0.18,151.2,5.8
QBR-F 1029-50,683.0,683.0,840,0.18,151.2,5.8
QBR-F 1154-13,683.0,683.0,840,0.18,151.2,5.8
QBR-F 1200-09,683.0,683.0,840,0.18,151.2,5.8
QBR-F 1233-68,683.0,683.0,840,0.18,151.2,5.8
QBR-F 1237-09,683.0,683.0,840,0.18,151.2,5.8
QBR-F 1242-09,683.0,683.0,840,0.18,151.2,5.8
QBR-F 1307-68,683.0,683.0,840,0.18,151.2,5.8
QBR-F 1800-35,683.0,683.0,840,0.18,151.2,5.8
QBR-F 1808-09,683.0,683.0,840,0.18,151.2,5.8
QBR-F 1808-16,683.0,683.0,840,0.18,151.2,5.8
QBR-F 2609-82,683.0,683.0,840,0.18,151.2,5.8
QBR-F 2631-09,683.0,683.0,840,0.18,151.2,5.8
QBR-F 3073-68,683.0,683.0,840,0.18,151.2,5.8
QBR-F 3306-50,683.0,683.0,840,0.18,151.2,5.8
QBR-F 3315-09,683.0,683.0,840,0.18,151.2,5.8
QBR-F 6224-09,683.0,683.0,840,0.18,151.2,5.8
QBR-F 7018-09,683.0,683.0,840,0.18,151.2,5.8
QBR-F 8005-09,683.0,683.0,840,0.18,151.2,5.8
QBR-F 0484-68,683.0,683.0,840,0.18,151.2,5.8
QBR-F 1001-35,683.0,683.0,840,0.18,151.2,5.8
Qjp-57,683.0,683.0,840,0.18,151.2,5.8
Qray-Adapter-02,683.0,683.0,840,0.18,151.2,5.8
Q-SU-39,683.0,683.0,840,0.18,151.2,5.8
QBR-F 0126-19,683.0,683.0,840,0.18,151.2,5.8
QBR-F 0621-18,683.0,683.0,840,0.18,151.2,5.8
QBR-F 04111-09,683.0,683.0,840,0.18,151.2,5.8
QBR-F 0435-02A,683.0,683.0,840,0.18,151.2,5.8
QBR-W FD1143,683.0,683.0,840,0.18,151.2,5.8
QBR-F 7024-68,683.0,683.0,840,0.18,151.2,5.8
QBR-F 0516-02,683.0,683.0,840,0.18,151.2,5.8
QBR-F 0511-57,683.0,683.0,840,0.18,151.2,5.8
QBR-F 3309-02,683.0,683.0,840,0.18,151.2,5.8
QBR-F 0422-82,683.0,683.0,840,0.18,151.2,5.8
QBR-F 5228-82,683.0,683.0,840,0.18,151.2,5.8
QBR-F 2308-02,683.0,683.0,840,0.18,151.2,5.8
QBR-F 1814-68A,683.0,683.0,840,0.18,151.2,5.8
Q0035-F1,660.0,660.0,810,0.18,145.8,4.2
Q0042,660.0,660.0,810,0.18,145.8,4.2
Q0048,660.0,660.0,810,0.18,145.8,4.2
Q0052,660.0,660.0,810,0.18,145.8,4.2
Q0054,660.0,660.0,810,0.18,145.8,4.2
Q0058,660.0,660.0,810,0.18,145.8,4.2
Q0067-F1,660.0,660.0,810,0.18,145.8,4.2
Q0067-F2,660.0,660.0,810,0.18,145.8,4.2
Q0090,660.0,660.0,810,0.18,145.8,4.2
Q0091,660.0,660.0,810,0.18,145.8,4.2
Q0099,660.0,660.0,810,0.18,145.8,4.2
Q0100,660.0,660.0,810,0.18,145.8,4.2
Q0101,660.0,660.0,810,0.18,145.8,4.2
Q0103,660.0,660.0,810,0.18,145.8,4.2
Q0158,660.0,660.0,810,0.18,145.8,4.2
Q0160-F1,660.0,660.0,810,0.18,145.8,4.2
Q0160-F2,660.0,660.0,810,0.18,145.8,4.2
Q0161,660.0,660.0,810,0.18,145.8,4.2
Q0188,660.0,660.0,810,0.18,145.8,4.2
Q0203,660.0,660.0,810,0.18,145.8,4.2
Q0212,660.0,660.0,810,0.18,145.8,4.2
Q0214,660.0,660.0,810,0.18,145.8,4.2
Q0218,660.0,660.0,810,0.18,145.8,4.2
Q0226,660.0,660.0,810,0.18,145.8,4.2
Q0244,660.0,660.0,810,0.18,145.8,4.2
Q0250,660.0,660.0,810,0.18,145.8,4.2
Q0259-F1,660.0,660.0,810,0.18,145.8,4.2
Q0259-F2,660.0,660.0,810,0.18,145.8,4.2
Q0277,660.0,660.0,810,0.18,145.8,4.2
Q0281,660.0,660.0,810,0.18,145.8,4.2
Q0298,660.0,660.0,810,0.18,145.8,4.2
Q0321,660.0,660.0,810,0.18,145.8,4.2
Q0349,660.0,660.0,810,0.18,145.8,4.2
Q0351,660.0,660.0,810,0.18,145.8,4.2
Q0359,660.0,660.0,810,0.18,145.8,4.2
Q0360,660.0,660.0,810,0.18,145.8,4.2
Q0384,660.0,660.0,810,0.18,145.8,4.2
Q0391,660.0,660.0,810,0.18,145.8,4.2
Q0428,660.0,660.0,810,0.18,145.8,4.2
Q0446,660.0,660.0,810,0.18,145.8,4.2
Q0487,660.0,660.0,810,0.18,145.8,4.2
Q0501,660.0,660.0,810,0.18,145.8,4.2
Q0506,660.0,660.0,810,0.18,145.8,4.2
Q0512,660.0,660.0,810,0.18,145.8,4.2
Q0513,660.0,660.0,810,0.18,145.8,4.2
Q0514,660.0,660.0,810,0.18,145.8,4.2
Q0515,660.0,660.0,810,0.18,145.8,4.2
Q0522,660.0,660.0,810,0.18,145.8,4.2
Q0523,660.0,660.0,810,0.18,145.8,4.2
Q0536,660.0,660.0,810,0.18,145.8,4.2
Q0541,660.0,660.0,810,0.18,145.8,4.2
Q0542-F1,660.0,660.0,810,0.18,145.8,4.2
Q0542-F2,660.0,660.0,810,0.18,145.8,4.2
Q0543,660.0,660.0,810,0.18,145.8,4.2
Q0544,660.0,660.0,810,0.18,145.8,4.2
Q0546,660.0,660.0,810,0.18,145.8,4.2
Q0548,660.0,660.0,810,0.18,145.8,4.2
Q0554,660.0,660.0,810,0.18,145.8,4.2
Q0572,660.0,660.0,810,0.18,145.8,4.2
Q0574,660.0,660.0,810,0.18,145.8,4.2
Q0588,660.0,660.0,810,0.18,145.8,4.2
Q0589,660.0,660.0,810,0.18,145.8,4.2
Q0598,660.0,660.0,810,0.18,145.8,4.2
Q0619,660.0,660.0,810,0.18,145.8,4.2
Q0637,660.0,660.0,810,0.18,145.8,4.2
Q0640,660.0,660.0,810,0.18,145.8,4.2
Q0689,660.0,660.0,810,0.18,145.8,4.2
Q0695,660.0,660.0,810,0.18,145.8,4.2
Q0705,660.0,660.0,810,0.18,145.8,4.2
Q0714,660.0,660.0,810,0.18,145.8,4.2
Q0724,660.0,660.0,810,0.18,145.8,4.2
Q0745,660.0,660.0,810,0.18,145.8,4.2
Q0747,660.0,660.0,810,0.18,145.8,4.2
Q0762,660.0,660.0,810,0.18,145.8,4.2
Q0806,660.0,660.0,810,0.18,145.8,4.2
Q0809,660.0,660.0,810,0.18,145.8,4.2
Q0818,660.0,660.0,810,0.18,145.8,4.2
Q0858,660.0,660.0,810,0.18,145.8,4.2
Q0937,660.0,660.0,810,0.18,145.8,4.2
Q0962,660.0,660.0,810,0.18,145.8,4.2
Q1012-F2,660.0,660.0,810,0.18,145.8,4.2
Q1020,660.0,660.0,810,0.18,145.8,4.2
Q1048,660.0,660.0,810,0.18,145.8,4.2
Q1072,660.0,660.0,810,0.18,145.8,4.2
Q1081,660.0,660.0,810,0.18,145.8,4.2
Q1093,660.0,660.0,810,0.18,145.8,4.2
Q1126,660.0,660.0,810,0.18,145.8,4.2
Q1130,660.0,660.0,810,0.18,145.8,4.2
Q1211,660.0,660.0,810,0.18,145.8,4.2
QBR-F 0727-68,660.0,660.0,810,0.18,145.8,4.2
QBR-F 0107-82,660.0,660.0,810,0.18,145.8,4.2
QBR-F 0142-04,660.0,660.0,810,0.18,145.8,4.2
QBR-F 0154-02,660.0,660.0,810,0.18,145.8,4.2
QBR-F 0169-09,660.0,660.0,810,0.18,145.8,4.2
QBR-F 0303-82A,660.0,660.0,810,0.18,145.8,4.2
QBR-F 0321-09,660.0,660.0,810,0.18,145.8,4.2
QBR-F 0325-17A,660.0,660.0,810,0.18,145.8,4.2
QBR-F 0327-50,660.0,660.0,810,0.18,145.8,4.2
QBR-F 0328-50,660.0,660.0,810,0.18,145.8,4.2
QBR-F 0337-30,660.0,660.0,810,0.18,145.8,4.2
QBR-F 0339-09,660.0,660.0,810,0.18,145.8,4.2
QBR-F 0342-30,660.0,660.0,810,0.18,145.8,4.2
QBR-F 0363-02,660.0,660.0,810,0.18,145.8,4.2
QBR-F 0369-02,660.0,660.0,810,0.18,145.8,4.2
QBR-F 0416-09,660.0,660.0,810,0.18,145.8,4.2
QBR-F 0429-39,660.0,660.0,810,0.18,145.8,4.2
QBR-F 0436-02,660.0,660.0,810,0.18,145.8,4.2
QBR-F 0440-17,660.0,660.0,810,0.18,145.8,4.2
QBR-F 0455-82,660.0,660.0,810,0.18,145.8,4.2
QBR-F 0458-09,660.0,660.0,810,0.18,145.8,4.2
QBR-F 0465-58,660.0,660.0,810,0.18,145.8,4.2
QBR-F 0469-82,660.0,660.0,810,0.18,145.8,4.2
QBR-F 0473-82,660.0,660.0,810,0.18,145.8,4.2
QBR-F 0478-35,660.0,660.0,810,0.18,145.8,4.2
QBR-F 0486-09,660.0,660.0,810,0.18,145.8,4.2
QBR-F 0508-16,660.0,660.0,810,0.18,145.8,4.2
QBR-F 0514-09,660.0,660.0,810,0.18,145.8,4.2
QBR-F 0515-09,660.0,660.0,810,0.18,145.8,4.2
QBR-F 0530-17,660.0,660.0,810,0.18,145.8,4.2
QBR-F 0530-18,660.0,660.0,810,0.18,145.8,4.2
QBR-F 0535-18,660.0,660.0,810,0.18,145.8,4.2
QBR-F 3317-82,660.0,660.0,810,0.18,145.8,4.2
QBR-F 0621-02,660.0,660.0,810,0.18,145.8,4.2
QBR-F 0732-09,660.0,660.0,810,0.18,145.8,4.2
QBR-F 0734-50,660.0,660.0,810,0.18,145.8,4.2
QBR-F 0743-68,660.0,660.0,810,0.18,145.8,4.2
QBR-F 0752-58,660.0,660.0,810,0.18,145.8,4.2
QBR-F 0759-13,660.0,660.0,810,0.18,145.8,4.2
QBR-F 0779-09,660.0,660.0,810,0.18,145.8,4.2
QBR-F 0818-82,660.0,660.0,810,0.18,145.8,4.2
QBR-F 0829-18,660.0,660.0,810,0.18,145.8,4.2
QBR-F 0836-09,660.0,660.0,810,0.18,145.8,4.2
QBR-F 0840-09,660.0,660.0,810,0.18,145.8,4.2
QBR-F 0845-02,660.0,660.0,810,0.18,145.8,4.2
QBR-F 0852-68,660.0,660.0,810,0.18,145.8,4.2
QBR-F 0907-02,660.0,660.0,810,0.18,145.8,4.2
QBR-F 0913-82,660.0,660.0,810,0.18,145.8,4.2
QBR-F 1018-09,660.0,660.0,810,0.18,145.8,4.2
QBR-F 1020-18,660.0,660.0,810,0.18,145.8,4.2
QBR-F 1023-24,660.0,660.0,810,0.18,145.8,4.2
QBR-F 1026-18,660.0,660.0,810,0.18,145.8,4.2
QBR-F 1028-09,660.0,660.0,810,0.18,145.8,4.2
QBR-F 1115-09,660.0,660.0,810,0.18,145.8,4.2
QBR-F 1122-68,660.0,660.0,810,0.18,145.8,4.2
QBR-F 1124-02,660.0,660.0,810,0.18,145.8,4.2
QBR-F 1131-09,660.0,660.0,810,0.18,145.8,4.2
QBR-F 1138-65,660.0,660.0,810,0.18,145.8,4.2
QBR-F 1155-02,660.0,660.0,810,0.18,145.8,4.2
QBR-F 1218-50,660.0,660.0,810,0.18,145.8,4.2
QBR-F 1224-68,660.0,660.0,810,0.18,145.8,4.2
QBR-F 1226-02,660.0,660.0,810,0.18,145.8,4.2
QBR-F 1230-02,660.0,660.0,810,0.18,145.8,4.2
QBR-F 1238-02,660.0,660.0,810,0.18,145.8,4.2
QBR-F 1244-02,660.0,660.0,810,0.18,145.8,4.2
QBR-F 1301-09,660.0,660.0,810,0.18,145.8,4.2
QBR-F 1302-09,660.0,660.0,810,0.18,145.8,4.2
QBR-F 1805-13,660.0,660.0,810,0.18,145.8,4.2
QBR-F 1814-68,660.0,660.0,810,0.18,145.8,4.2
QBR-F 1815-13A,660.0,660.0,810,0.18,145.8,4.2
QBR-F 1822-50,660.0,660.0,810,0.18,145.8,4.2
QBR-F 1834-13,660.0,660.0,810,0.18,145.8,4.2
QBR-F 2107-13,660.0,660.0,810,0.18,145.8,4.2
QBR-F 2115-09,660.0,660.0,810,0.18,145.8,4.2
QBR-F 2522-02,660.0,660.0,810,0.18,145.8,4.2
QBR-F 2624-02,660.0,660.0,810,0.18,145.8,4.2
QBR-F 3083-13,660.0,660.0,810,0.18,145.8,4.2
QBR-F 3083-82,660.0,660.0,810,0.18,145.8,4.2
QBR-F 3316-02A,660.0,660.0,810,0.18,145.8,4.2
QBR-F 3320-09,660.0,660.0,810,0.18,145.8,4.2
QBR-F 3325-18,660.0,660.0,810,0.18,145.8,4.2
QBR-F 3331-68,660.0,660.0,810,0.18,145.8,4.2
QBR-F 3702-68,660.0,660.0,810,0.18,145.8,4.2
QBR-F 3901-17,660.0,660.0,810,0.18,145.8,4.2
QBR-F 5078-09,660.0,660.0,810,0.18,145.8,4.2
QBR-F 5210-02,660.0,660.0,810,0.18,145.8,4.2
QBR-F 5227-71,660.0,660.0,810,0.18,145.8,4.2
QBR-F 6011-24,660.0,660.0,810,0.18,145.8,4.2
QBR-F 6220-09,660.0,660.0,810,0.18,145.8,4.2
QBR-F 6222-02,660.0,660.0,810,0.18,145.8,4.2
QBR-F 7017-68,660.0,660.0,810,0.18,145.8,4.2
QBR-F 9003-30,660.0,660.0,810,0.18,145.8,4.2
QBR-F 9017-18,660.0,660.0,810,0.18,145.8,4.2
QBR-F 9018-09,660.0,660.0,810,0.18,145.8,4.2
QBR-F 9022-18,660.0,660.0,810,0.18,145.8,4.2
QBR-F 9024-18,660.0,660.0,810,0.18,145.8,4.2
QBR-F 9050-68,660.0,660.0,810,0.18,145.8,4.2
QBR-F 0829-02,660.0,660.0,810,0.18,145.8,4.2
QBR-F 2404-68,660.0,660.0,810,0.18,145.8,4.2
QBR-F 0776-18,660.0,660.0,810,0.18,145.8,4.2
QBR-F 2510-09,660.0,660.0,810,0.18,145.8,4.2
QBR-F 0902-35,660.0,660.0,810,0.18,145.8,4.2
QBR-F 2406-09,660.0,660.0,810,0.18,145.8,4.2
QBR-F 3601-09,660.0,660.0,810,0.18,145.8,4.2
QBR-F 3512-17,660.0,660.0,810,0.18,145.8,4.2
QBR-F 1122-71,660.0,660.0,810,0.18,145.8,4.2
QBR-F 0435A-09,660.0,660.0,810,0.18,145.8,4.2
HD0376,655.0,655.0,800,0.18,144.0,1.0
NS0583,655.0,655.0,800,0.18,144.0,1.0
OP0961B,655.0,655.0,800,0.18,144.0,1.0
PG0964,655.0,655.0,800,0.18,144.0,1.0
GM1205,655.0,655.0,800,0.18,144.0,1.0
GW1874,655.0,655.0,800,0.18,144.0,1.0
QBR-W HD-0315,655.0,655.0,800,0.18,144.0,1.0
QBR-W TY-0415,655.0,655.0,800,0.18,144.0,1.0
QBR-W BK-1030,655.0,655.0,800,0.18,144.0,1.0
QBR-W CV-1231,655.0,655.0,800,0.18,144.0,1.0
QBR-W VL-4071,655.0,655.0,800,0.18,144.0,1.0
QBR-W BM-4109,655.0,655.0,800,0.18,144.0,1.0
CT5203,655.0,655.0,800,0.18,144.0,1.0
OP5203,655.0,655.0,800,0.18,144.0,1.0
QBR-W NS0563,655.0,655.0,800,0.18,144.0,1.0
QBR-W BM-3808,655.0,655.0,800,0.18,144.0,1.0
16-017,637.0,637.0,780,0.18,140.4,2.6
QLD-04,637.0,637.0,780,0.18,140.4,2.6
Q0006,637.0,637.0,780,0.18,140.4,2.6
Q0007,637.0,637.0,780,0.18,140.4,2.6
Q0010,637.0,637.0,780,0.18,140.4,2.6
Q0013,637.0,637.0,780,0.18,140.4,2.6
Q0014-F1,637.0,637.0,780,0.18,140.4,2.6
Q0014-F2,637.0,637.0,780,0.18,140.4,2.6
Q0019,637.0,637.0,780,0.18,140.4,2.6
Q0020,637.0,637.0,780,0.18,140.4,2.6
Q0021,637.0,637.0,780,0.18,140.4,2.6
Q0022,637.0,637.0,780,0.18,140.4,2.6
Q0027,637.0,637.0,780,0.18,140.4,2.6
Q0028,637.0,637.0,780,0.18,140.4,2.6
Q0031,637.0,637.0,780,0.18,140.4,2.6
Q0032,637.0,637.0,780,0.18,140.4,2.6
Q0037,637.0,637.0,780,0.18,140.4,2.6
Q0049,637.0,637.0,780,0.18,140.4,2.6
Q0055,637.0,637.0,780,0.18,140.4,2.6
Q0056,637.0,637.0,780,0.18,140.4,2.6
Q0059,637.0,637.0,780,0.18,140.4,2.6
Q0086,637.0,637.0,780,0.18,140.4,2.6
Q0087,637.0,637.0,780,0.18,140.4,2.6
Q0093,637.0,637.0,780,0.18,140.4,2.6
Q0112,637.0,637.0,780,0.18,140.4,2.6
Q0130,637.0,637.0,780,0.18,140.4,2.6
Q0140,637.0,637.0,780,0.18,140.4,2.6
Q0152,637.0,637.0,780,0.18,140.4,2.6
Q0157,637.0,637.0,780,0.18,140.4,2.6
Q0168,637.0,637.0,780,0.18,140.4,2.6
Q0189,637.0,637.0,780,0.18,140.4,2.6
Q0194,637.0,637.0,780,0.18,140.4,2.6
Q0237,637.0,637.0,780,0.18,140.4,2.6
Q0238,637.0,637.0,780,0.18,140.4,2.6
Q0241,637.0,637.0,780,0.18,140.4,2.6
Q0255,637.0,637.0,780,0.18,140.4,2.6
Q0266,637.0,637.0,780,0.18,140.4,2.6
Q0363,637.0,637.0,780,0.18,140.4,2.6
Q0365,637.0,637.0,780,0.18,140.4,2.6
Q0385,637.0,637.0,780,0.18,140.4,2.6
Q0386,637.0,637.0,780,0.18,140.4,2.6
Q0394,637.0,637.0,780,0.18,140.4,2.6
Q0421,637.0,637.0,780,0.18,140.4,2.6
Q0460,637.0,637.0,780,0.18,140.4,2.6
Q0465,637.0,637.0,780,0.18,140.4,2.6
Q0516,637.0,637.0,780,0.18,140.4,2.6
Q0537,637.0,637.0,780,0.18,140.4,2.6
Q0539,637.0,637.0,780,0.18,140.4,2.6
Q0585,637.0,637.0,780,0.18,140.4,2.6
Q0597,637.0,637.0,780,0.18,140.4,2.6
Q0626,637.0,637.0,780,0.18,140.4,2.6
Q0678,637.0,637.0,780,0.18,140.4,2.6
Q0740,637.0,637.0,780,0.18,140.4,2.6
Q0808,637.0,637.0,780,0.18,140.4,2.6
Q0826,637.0,637.0,780,0.18,140.4,2.6
Q0857,637.0,637.0,780,0.18,140.4,2.6
Q0931,637.0,637.0,780,0.18,140.4,2.6
Q1062,637.0,637.0,780,0.18,140.4,2.6
Q1087,637.0,637.0,780,0.18,140.4,2.6
Q1098,637.0,637.0,780,0.18,140.4,2.6
Q1145,637.0,637.0,780,0.18,140.4,2.6
Q1173,637.0,637.0,780,0.18,140.4,2.6
Q1220,637.0,637.0,780,0.18,140.4,2.6
Q1302,637.0,637.0,780,0.18,140.4,2.6
MZ2602,637.0,637.0,780,0.18,140.4,2.6
FA4007,637.0,637.0,780,0.18,140.4,2.6
QBR-W MS-3307,637.0,637.0,780,0.18,140.4,2.6
QBR-W VW-0115,637.0,637.0,780,0.18,140.4,2.6
QBR-W NS-0532,637.0,637.0,780,0.18,140.4,2.6
QBR-W HY-0724,637.0,637.0,780,0.18,140.4,2.6
QBR-W CV-1216,637.0,637.0,780,0.18,140.4,2.6
QBR-W VL-4078,637.0,637.0,780,0.18,140.4,2.6
QBR-F 0428-09A,637.0,637.0,780,0.18,140.4,2.6
QBR-F 0110-17,637.0,637.0,780,0.18,140.4,2.6
QBR-F 0112-05,637.0,637.0,780,0.18,140.4,2.6
QBR-F 0126-02A,637.0,637.0,780,0.18,140.4,2.6
QBR-F 0138-06,637.0,637.0,780,0.18,140.4,2.6
QBR-F 0153-35,637.0,637.0,780,0.18,140.4,2.6
QBR-F 0156-47,637.0,637.0,780,0.18,140.4,2.6
QBR-F 0156-47A,637.0,637.0,780,0.18,140.4,2.6
QBR-F 0161-82,637.0,637.0,780,0.18,140.4,2.6
QBR-F 0162-35,637.0,637.0,780,0.18,140.4,2.6
QBR-F 0167-39,637.0,637.0,780,0.18,140.4,2.6
QBR-F 0167-39A,637.0,637.0,780,0.18,140.4,2.6
QBR-F 0303-82,637.0,637.0,780,0.18,140.4,2.6
QBR-F 0313-35,637.0,637.0,780,0.18,140.4,2.6
QBR-F 0314-06,637.0,637.0,780,0.18,140.4,2.6
QBR-F 0319-09,637.0,637.0,780,0.18,140.4,2.6
QBR-F 0322-50,637.0,637.0,780,0.18,140.4,2.6
QBR-F 0332-39,637.0,637.0,780,0.18,140.4,2.6
QBR-F 0413-35,637.0,637.0,780,0.18,140.4,2.6
QBR-F 0416-09A,637.0,637.0,780,0.18,140.4,2.6
QBR-F 0416-35,637.0,637.0,780,0.18,140.4,2.6
QBR-F 0431-09,637.0,637.0,780,0.18,140.4,2.6
QBR-F 0431-50,637.0,637.0,780,0.18,140.4,2.6
QBR-F 0433-50,637.0,637.0,780,0.18,140.4,2.6
QBR-F 0438-02,637.0,637.0,780,0.18,140.4,2.6
QBR-F 0459-09A,637.0,637.0,780,0.18,140.4,2.6
QBR-F 0459-82,637.0,637.0,780,0.18,140.4,2.6
QBR-F 0465-18,637.0,637.0,780,0.18,140.4,2.6
QBR-F 0499-82,637.0,637.0,780,0.18,140.4,2.6
QBR-F 0505-02,637.0,637.0,780,0.18,140.4,2.6
QBR-F 0506-09,637.0,637.0,780,0.18,140.4,2.6
QBR-F 0506-09A,637.0,637.0,780,0.18,140.4,2.6
QBR-F 0507-09C,637.0,637.0,780,0.18,140.4,2.6
QBR-F 0522-06,637.0,637.0,780,0.18,140.4,2.6
QBR-F 0523-06,637.0,637.0,780,0.18,140.4,2.6
QBR-F 0527-09,637.0,637.0,780,0.18,140.4,2.6
QBR-F 0612-13,637.0,637.0,780,0.18,140.4,2.6
QBR-F 0620-02,637.0,637.0,780,0.18,140.4,2.6
QBR-F 0712-09,637.0,637.0,780,0.18,140.4,2.6
QBR-F 0739-17,637.0,637.0,780,0.18,140.4,2.6
QBR-F 0768-09,637.0,637.0,780,0.18,140.4,2.6
QBR-F 0771-09,637.0,637.0,780,0.18,140.4,2.6
QBR-F 0803-02,637.0,637.0,780,0.18,140.4,2.6
QBR-F 0805-04,637.0,637.0,780,0.18,140.4,2.6
QBR-F 0810-09,637.0,637.0,780,0.18,140.4,2.6
QBR-F 0819-09,637.0,637.0,780,0.18,140.4,2.6
QBR-F 0820-09,637.0,637.0,780,0.18,140.4,2.6
QBR-F 0820-11,637.0,637.0,780,0.18,140.4,2.6
QBR-F 0826-02,637.0,637.0,780,0.18,140.4,2.6
QBR-F 0856-50,637.0,637.0,780,0.18,140.4,2.6
QBR-F 1008-17,637.0,637.0,780,0.18,140.4,2.6
QBR-F 1009-06,637.0,637.0,780,0.18,140.4,2.6
QBR-F 1101-82,637.0,637.0,780,0.18,140.4,2.6
QBR-F 1105-09,637.0,637.0,780,0.18,140.4,2.6
QBR-F 1201-82,637.0,637.0,780,0.18,140.4,2.6
QBR-F 1202-09,637.0,637.0,780,0.18,140.4,2.6
QBR-F 1205-09,637.0,637.0,780,0.18,140.4,2.6
QBR-F 1209-09,637.0,637.0,780,0.18,140.4,2.6
QBR-F 1217-13,637.0,637.0,780,0.18,140.4,2.6
QBR-F 1221-13,637.0,637.0,780,0.18,140.4,2.6
QBR-F 1236-17,637.0,637.0,780,0.18,140.4,2.6
QBR-F 1243-71,637.0,637.0,780,0.18,140.4,2.6
QBR-F 1304-06,637.0,637.0,780,0.18,140.4,2.6
QBR-F 1309-56,637.0,637.0,780,0.18,140.4,2.6
QBR-F 1801-82A,637.0,637.0,780,0.18,140.4,2.6
QBR-F 1804-13,637.0,637.0,780,0.18,140.4,2.6
QBR-F 1812-18,637.0,637.0,780,0.18,140.4,2.6
QBR-F 1815-13,637.0,637.0,780,0.18,140.4,2.6
QBR-F 1828-13,637.0,637.0,780,0.18,140.4,2.6
QBR-F 1832-68,637.0,637.0,780,0.18,140.4,2.6
QBR-F 2101-04,637.0,637.0,780,0.18,140.4,2.6
QBR-F 2101-06,637.0,637.0,780,0.18,140.4,2.6
QBR-F 2102-09,637.0,637.0,780,0.18,140.4,2.6
QBR-F 2103-09,637.0,637.0,780,0.18,140.4,2.6
QBR-F 2122-09,637.0,637.0,780,0.18,140.4,2.6
QBR-F 2508-50,637.0,637.0,780,0.18,140.4,2.6
QBR-F 2509-09,637.0,637.0,780,0.18,140.4,2.6
QBR-F 3314-18,637.0,637.0,780,0.18,140.4,2.6
QBR-F 3316-02,637.0,637.0,780,0.18,140.4,2.6
QBR-F 3701-50,637.0,637.0,780,0.18,140.4,2.6
QBR-F 3703-19,637.0,637.0,780,0.18,140.4,2.6
QBR-F 3926-17,637.0,637.0,780,0.18,140.4,2.6
QBR-F 5071-18,637.0,637.0,780,0.18,140.4,2.6
QBR-F 6113-09,637.0,637.0,780,0.18,140.4,2.6
QBR-F 9034-68,637.0,637.0,780,0.18,140.4,2.6
Q-Socket-96,637.0,637.0,780,0.18,140.4,2.6
FQCD254,637.0,637.0,780,0.18,140.4,2.6
FQCD257,637.0,637.0,780,0.18,140.4,2.6
FQCD258,637.0,637.0,780,0.18,140.4,2.6
FQCD291,637.0,637.0,780,0.18,140.4,2.6
QBR-F 0310A-35,637.0,637.0,780,0.18,140.4,2.6
QBR-F 1101-35A,637.0,637.0,780,0.18,140.4,2.6
QBR-W JAC2709A,637.0,637.0,780,0.18,140.4,2.6
VW0108A,637.0,637.0,780,0.18,140.4,2.6
QBR-W JP-2306A,637.0,637.0,780,0.18,140.4,2.6
QBR-W HD3048,637.0,637.0,780,0.18,140.4,2.6
CT0916,619.0,619.0,760,0.18,136.8,4.2
RN1420,619.0,619.0,760,0.18,136.8,4.2
MZ2615,619.0,619.0,760,0.18,136.8,4.2
QBR-W HD-0308B,619.0,619.0,760,0.18,136.8,4.2
QBR-W HD-0310A,619.0,619.0,760,0.18,136.8,4.2
QBR-W HD-0316,619.0,619.0,760,0.18,136.8,4.2
QBR-W HD-0328,619.0,619.0,760,0.18,136.8,4.2
QBR-W TY-0452,619.0,619.0,760,0.18,136.8,4.2
QBR-W NS-0546,619.0,619.0,760,0.18,136.8,4.2
QBR-W KA-0812,619.0,619.0,760,0.18,136.8,4.2
QBR-W CV-1229,619.0,619.0,760,0.18,136.8,4.2
QBR-W FA-2052,619.0,619.0,760,0.18,136.8,4.2
QBR-W HD-3053,619.0,619.0,760,0.18,136.8,4.2
QBR-W HD-3059,619.0,619.0,760,0.18,136.8,4.2
QBR-W MB-4035,619.0,619.0,760,0.18,136.8,4.2
QBR-W NS-5056,619.0,619.0,760,0.18,136.8,4.2
QBR CR2361,619.0,619.0,760,0.18,136.8,4.2
Q0015,614.0,614.0,750,0.18,135.0,1.0
Q0016,614.0,614.0,750,0.18,135.0,1.0
Q0046,614.0,614.0,750,0.18,135.0,1.0
Q0081,614.0,614.0,750,0.18,135.0,1.0
Q0149,614.0,614.0,750,0.18,135.0,1.0
Q0228,614.0,614.0,750,0.18,135.0,1.0
Q0371,614.0,614.0,750,0.18,135.0,1.0
Q0399,614.0,614.0,750,0.18,135.0,1.0
Q1019,614.0,614.0,750,0.18,135.0,1.0
QBR-F 0102-02,614.0,614.0,750,0.18,135.0,1.0
QBR-F 0102-04,614.0,614.0,750,0.18,135.0,1.0
QBR-F 0110-06,614.0,614.0,750,0.18,135.0,1.0
QBR-F 0112-35,614.0,614.0,750,0.18,135.0,1.0
QBR-F 0125-17,614.0,614.0,750,0.18,135.0,1.0
QBR-F 0131-02,614.0,614.0,750,0.18,135.0,1.0
QBR-F 0203-35,614.0,614.0,750,0.18,135.0,1.0
QBR-F 0206-09,614.0,614.0,750,0.18,135.0,1.0
QBR-F 0301-35,614.0,614.0,750,0.18,135.0,1.0
QBR-F 0305-18,614.0,614.0,750,0.18,135.0,1.0
QBR-F 0305-35,614.0,614.0,750,0.18,135.0,1.0
QBR-F 0306-09,614.0,614.0,750,0.18,135.0,1.0
QBR-F 0308-09,614.0,614.0,750,0.18,135.0,1.0
QBR-F 0311-24B,614.0,614.0,750,0.18,135.0,1.0
QBR-F 0312-42,614.0,614.0,750,0.18,135.0,1.0
QBR-F 0316-09,614.0,614.0,750,0.18,135.0,1.0
QBR-F 0320-35A,614.0,614.0,750,0.18,135.0,1.0
QBR-F 0414-82,614.0,614.0,750,0.18,135.0,1.0
QBR-F 0415-05,614.0,614.0,750,0.18,135.0,1.0
QBR-F 0417-09A,614.0,614.0,750,0.18,135.0,1.0
QBR-F 0422-57A,614.0,614.0,750,0.18,135.0,1.0
QBR-F 0423-82,614.0,614.0,750,0.18,135.0,1.0
QBR-F 0456-35,614.0,614.0,750,0.18,135.0,1.0
QBR-F 0458-82,614.0,614.0,750,0.18,135.0,1.0
QBR-F 0488-09,614.0,614.0,750,0.18,135.0,1.0
QBR-F 0489-02,614.0,614.0,750,0.18,135.0,1.0
QBR-F 0509-82,614.0,614.0,750,0.18,135.0,1.0
QBR-F 0518-68,614.0,614.0,750,0.18,135.0,1.0
QBR-F 0711-82,614.0,614.0,750,0.18,135.0,1.0
QBR-F 0712-17,614.0,614.0,750,0.18,135.0,1.0
QBR-F 0717-05,614.0,614.0,750,0.18,135.0,1.0
QBR-F 0718-05,614.0,614.0,750,0.18,135.0,1.0
QBR-F 0781-13,614.0,614.0,750,0.18,135.0,1.0
QBR-F 0808-06,614.0,614.0,750,0.18,135.0,1.0
QBR-F 0814-18,614.0,614.0,750,0.18,135.0,1.0
QBR-F 0902-06,614.0,614.0,750,0.18,135.0,1.0
QBR-F 0903-06,614.0,614.0,750,0.18,135.0,1.0
QBR-F 0910-71,614.0,614.0,750,0.18,135.0,1.0
QBR-F 1007-09,614.0,614.0,750,0.18,135.0,1.0
QBR-F 1027-09,614.0,614.0,750,0.18,135.0,1.0
QBR-F 1101-35,614.0,614.0,750,0.18,135.0,1.0
QBR-F 1144-51,614.0,614.0,750,0.18,135.0,1.0
QBR-F 1206-02,614.0,614.0,750,0.18,135.0,1.0
QBR-F 1207-02,614.0,614.0,750,0.18,135.0,1.0
QBR-F 1210-18,614.0,614.0,750,0.18,135.0,1.0
QBR-F 1214-09,614.0,614.0,750,0.18,135.0,1.0
QBR-F 1309-14,614.0,614.0,750,0.18,135.0,1.0
QBR-F 1803-82,614.0,614.0,750,0.18,135.0,1.0
QBR-F 1807-18,614.0,614.0,750,0.18,135.0,1.0
QBR-F 1816-04,614.0,614.0,750,0.18,135.0,1.0
QBR-F 2104-13,614.0,614.0,750,0.18,135.0,1.0
QBR-F 2503-09,614.0,614.0,750,0.18,135.0,1.0
QBR-F 2514-58,614.0,614.0,750,0.18,135.0,1.0
QBR-F 2516-09,614.0,614.0,750,0.18,135.0,1.0
QBR-F 2519-02,614.0,614.0,750,0.18,135.0,1.0
QBR-F 2521-02,614.0,614.0,750,0.18,135.0,1.0
QBR-F 2525-02,614.0,614.0,750,0.18,135.0,1.0
QBR-F 2625-30,614.0,614.0,750,0.18,135.0,1.0
QBR-F 4109-71,614.0,614.0,750,0.18,135.0,1.0
QBR-F 7001-09,614.0,614.0,750,0.18,135.0,1.0
QBR-F 7002-09,614.0,614.0,750,0.18,135.0,1.0
QBR-F 7003-09,614.0,614.0,750,0.18,135.0,1.0
QBR-F 9010-82,614.0,614.0,750,0.18,135.0,1.0
QBR-F 0408-02,614.0,614.0,750,0.18,135.0,1.0
QBR-F 3606-68,614.0,614.0,750,0.18,135.0,1.0
Q0372,592.0,592.0,730,0.18,131.4,6.6
13-021,592.0,592.0,730,0.18,131.4,6.6
QBR-F 0101-14,592.0,592.0,730,0.18,131.4,6.6
17-002,592.0,592.0,730,0.18,131.4,6.6
QBR-W HY-0725,592.0,592.0,730,0.18,131.4,6.6
HD0301,592.0,592.0,730,0.18,131.4,6.6
HD0304,592.0,592.0,730,0.18,131.4,6.6
TY0402,592.0,592.0,730,0.18,131.4,6.6
MZ2601,592.0,592.0,730,0.18,131.4,6.6
RN4002,592.0,592.0,730,0.18,131.4,6.6
QBR-W KA-0817,592.0,592.0,730,0.18,131.4,6.6
QBR-W VW-0114,592.0,592.0,730,0.18,131.4,6.6
QBR-W HD-0306,592.0,592.0,730,0.18,131.4,6.6
QBR-W TY-0432,592.0,592.0,730,0.18,131.4,6.6
QBR-W NS-0510A,592.0,592.0,730,0.18,131.4,6.6
QBR-W NS-0560,592.0,592.0,730,0.18,131.4,6.6
QBR-W BK-1026,592.0,592.0,730,0.18,131.4,6.6
QBR-W BK-1032,592.0,592.0,730,0.18,131.4,6.6
QBR-W MZ-2609,592.0,592.0,730,0.18,131.4,6.6
QBR-W MZ-2621,592.0,592.0,730,0.18,131.4,6.6
QBR-W LR-4106,592.0,592.0,730,0.18,131.4,6.6
QBR-W NS-5050,592.0,592.0,730,0.18,131.4,6.6
QBR-F 0126-14,592.0,592.0,730,0.18,131.4,6.6
QBR-F 0129-09,592.0,592.0,730,0.18,131.4,6.6
QBR-F 0130-82,592.0,592.0,730,0.18,131.4,6.6
QBR-F 0326-17,592.0,592.0,730,0.18,131.4,6.6
QBR-F 0354-08,592.0,592.0,730,0.18,131.4,6.6
QBR-F 0354-13,592.0,592.0,730,0.18,131.4,6.6
QBR-F 0718-18,592.0,592.0,730,0.18,131.4,6.6
QBR-F 0830-09,592.0,592.0,730,0.18,131.4,6.6
QBR-F 1111-35,592.0,592.0,730,0.18,131.4,6.6
QBR-F 1802-13,592.0,592.0,730,0.18,131.4,6.6
QBR-W AC-0330,592.0,592.0,730,0.18,131.4,6.6
QBR-W GL3515,592.0,592.0,730,0.18,131.4,6.6
FQUN175,592.0,592.0,730,0.18,131.4,6.6
FQUN176,592.0,592.0,730,0.18,131.4,6.6
FQUN177,592.0,592.0,730,0.18,131.4,6.6
HD0307,582.0,582.0,710,0.18,127.8,0.2
NS0607,582.0,582.0,710,0.18,127.8,0.2
HY0764,582.0,582.0,710,0.18,127.8,0.2
PG0917,582.0,582.0,710,0.18,127.8,0.2
BK1078,582.0,582.0,710,0.18,127.8,0.2
FD1180,582.0,582.0,710,0.18,127.8,0.2
QBR-W BK-1009,582.0,582.0,710,0.18,127.8,0.2
QBR-W NS-0516A,582.0,582.0,710,0.18,127.8,0.2
QBR-W HY-0729,582.0,582.0,710,0.18,127.8,0.2
QBR-W PSA-0915,582.0,582.0,710,0.18,127.8,0.2
QBR-W BK-1011,582.0,582.0,710,0.18,127.8,0.2
QBR-W BK-1015,582.0,582.0,710,0.18,127.8,0.2
QBR-W BK-1029,582.0,582.0,710,0.18,127.8,0.2
QBR-W BK-1034,582.0,582.0,710,0.18,127.8,0.2
QBR-W CV-1123,582.0,582.0,710,0.18,127.8,0.2
QBR-W CV-1204,582.0,582.0,710,0.18,127.8,0.2
QBR-W MZ-2612,582.0,582.0,710,0.18,127.8,0.2
QBR-W VL-4069A,582.0,582.0,710,0.18,127.8,0.2
QBR-W VL-4087,582.0,582.0,710,0.18,127.8,0.2
QBR-W CR-2415,582.0,582.0,710,0.18,127.8,0.2
QBR-W CR-2402,582.0,582.0,710,0.18,127.8,0.2
QBR-W GL-3533,582.0,582.0,710,0.18,127.8,0.2
QBR-W GL-3509,582.0,582.0,710,0.18,127.8,0.2
QBR-F 4057-17,582.0,582.0,710,0.18,127.8,0.2
QBR-F 2603-04,582.0,582.0,710,0.18,127.8,0.2
NS0561,582.0,582.0,710,0.18,127.8,0.2
QBR-W MB3901,582.0,582.0,710,0.18,127.8,0.2
QBR-F 0126-35,569.0,569.0,700,0.18,126.0,5.0
16-105,546.0,546.0,670,0.18,120.6,3.4
16-114,546.0,546.0,670,0.18,120.6,3.4
Q0071,546.0,546.0,670,0.18,120.6,3.4
17-001,546.0,546.0,670,0.18,120.6,3.4
VW0169,546.0,546.0,670,0.18,120.6,3.4
NS0506,546.0,546.0,670,0.18,120.6,3.4
GM1009,546.0,546.0,670,0.18,120.6,3.4
GM1088,546.0,546.0,670,0.18,120.6,3.4
GW1861,546.0,546.0,670,0.18,120.6,3.4
JP2302A,546.0,546.0,670,0.18,120.6,3.4
QBR-W HD-0315A,546.0,546.0,670,0.18,120.6,3.4
QBR-W HD-0321,546.0,546.0,670,0.18,120.6,3.4
QBR-W TY-0409,546.0,546.0,670,0.18,120.6,3.4
QBR-W TY-0438,546.0,546.0,670,0.18,120.6,3.4
QBR-W TY-0443,546.0,546.0,670,0.18,120.6,3.4
QBR-W TY-0446,546.0,546.0,670,0.18,120.6,3.4
QBR-W TY-0467,546.0,546.0,670,0.18,120.6,3.4
QBR-W NS-0505,546.0,546.0,670,0.18,120.6,3.4
QBR-W HY-0707A,546.0,546.0,670,0.18,120.6,3.4
QBR-W HY-0717,546.0,546.0,670,0.18,120.6,3.4
QBR-W HY-0718,546.0,546.0,670,0.18,120.6,3.4
QBR-W KA-0819,546.0,546.0,670,0.18,120.6,3.4
QBR-W BK-1010,546.0,546.0,670,0.18,120.6,3.4
QBR-W BK-1033,546.0,546.0,670,0.18,120.6,3.4
QBR-W CV-1042,546.0,546.0,670,0.18,120.6,3.4
QBR-W FD-1108,546.0,546.0,670,0.18,120.6,3.4
QBR-W FD-1120,546.0,546.0,670,0.18,120.6,3.4
QBR-W FD-1121,546.0,546.0,670,0.18,120.6,3.4
QBR-W FD-1125,546.0,546.0,670,0.18,120.6,3.4
QBR-W FD-1130,546.0,546.0,670,0.18,120.6,3.4
QBR-W FD-1132,546.0,546.0,670,0.18,120.6,3.4
QBR-W CV-1216A,546.0,546.0,670,0.18,120.6,3.4
QBR-W CV-1218,546.0,546.0,670,0.18,120.6,3.4
QBR-W CV-1221,546.0,546.0,670,0.18,120.6,3.4
QBR-W CV-1223,546.0,546.0,670,0.18,120.6,3.4
QBR-W CV-1224,546.0,546.0,670,0.18,120.6,3.4
QBR-W CV-1225,546.0,546.0,670,0.18,120.6,3.4
QBR-W GW-1836,546.0,546.0,670,0.18,120.6,3.4
QBR-W GW-1839,546.0,546.0,670,0.18,120.6,3.4
QBR-W FA-20010,546.0,546.0,670,0.18,120.6,3.4
QBR-W JP-2303,546.0,546.0,670,0.18,120.6,3.4
QBR-W MZ-2622,546.0,546.0,670,0.18,120.6,3.4
QBR-W HD-3027,546.0,546.0,670,0.18,120.6,3.4
QBR-W HD-3029,546.0,546.0,670,0.18,120.6,3.4
QBR-W HD-3036A,546.0,546.0,670,0.18,120.6,3.4
QBR-W HD-3040,546.0,546.0,670,0.18,120.6,3.4
QBR-W HD-3062,546.0,546.0,670,0.18,120.6,3.4
QBR-W MS-3317,546.0,546.0,670,0.18,120.6,3.4
QBR-W MS-3318,546.0,546.0,670,0.18,120.6,3.4
QBR-W MB-3919A,546.0,546.0,670,0.18,120.6,3.4
QBR-W RN-4008,546.0,546.0,670,0.18,120.6,3.4
QBR-W PR-4038A,546.0,546.0,670,0.18,120.6,3.4
QBR-W RN-4050,546.0,546.0,670,0.18,120.6,3.4
QBR-W RN-4073,546.0,546.0,670,0.18,120.6,3.4
QBR-W RN-4076,546.0,546.0,670,0.18,120.6,3.4
QBR-W RN-4090,546.0,546.0,670,0.18,120.6,3.4
QBR-W BM-4107,546.0,546.0,670,0.18,120.6,3.4
QBR-W MB-4114,546.0,546.0,670,0.18,120.6,3.4
QBR-W SB-4160,546.0,546.0,670,0.18,120.6,3.4
QBR-W NS-5046,546.0,546.0,670,0.18,120.6,3.4
QBR-W NS-5053,546.0,546.0,670,0.18,120.6,3.4
QBR-W CH-6203,546.0,546.0,670,0.18,120.6,3.4
QBR-W VL-7000,546.0,546.0,670,0.18,120.6,3.4
HY0772,546.0,546.0,670,0.18,120.6,3.4
QBR-F 4064-18A,546.0,546.0,670,0.18,120.6,3.4
VW0161,546.0,546.0,670,0.18,120.6,3.4
QBR-W CD6004,546.0,546.0,670,0.18,120.6,3.4
QBR-W RN4099,546.0,546.0,670,0.18,120.6,3.4
QBR-W MZ2627,546.0,546.0,670,0.18,120.6,3.4
QBR-W CR2412,546.0,546.0,670,0.18,120.6,3.4
QBR-W AU4118,546.0,546.0,670,0.18,120.6,3.4
QBR-W GL3510,546.0,546.0,670,0.18,120.6,3.4
QBR-W NS0562,546.0,546.0,670,0.18,120.6,3.4
QBR-W HD0334,546.0,546.0,670,0.18,120.6,3.4
QBR-W RE3202,546.0,546.0,670,0.18,120.6,3.4
QBR-W LF3104,546.0,546.0,670,0.18,120.6,3.4
QBR-W RE3206,546.0,546.0,670,0.18,120.6,3.4
QBR-W RE3210,546.0,546.0,670,0.18,120.6,3.4
QBR-W GL3527,546.0,546.0,670,0.18,120.6,3.4
QBR-W AU4126,546.0,546.0,670,0.18,120.6,3.4
QBR-W HD0337,546.0,546.0,670,0.18,120.6,3.4
QBR-F 0188-09,546.0,546.0,670,0.18,120.6,3.4
Q055,510.0,510.0,630,0.18,113.4,6.6
BK1062,510.0,510.0,630,0.18,113.4,6.6
FD1109,510.0,510.0,630,0.18,113.4,6.6
GW1863,510.0,510.0,630,0.18,113.4,6.6
QBR-W HD-0310,510.0,510.0,630,0.18,113.4,6.6
QBR-W HD-0314A,510.0,510.0,630,0.18,113.4,6.6
QBR-W HD-0325A,510.0,510.0,630,0.18,113.4,6.6
QBR-W HD-0333,510.0,510.0,630,0.18,113.4,6.6
QBR-W HY-0719,510.0,510.0,630,0.18,113.4,6.6
QBR-W HY-0730,510.0,510.0,630,0.18,113.4,6.6
QBR-W KA-0806A,510.0,510.0,630,0.18,113.4,6.6
QBR-W FT-2304,510.0,510.0,630,0.18,113.4,6.6
QBR-W HD-3026,510.0,510.0,630,0.18,113.4,6.6
QBR-W HD-3049,510.0,510.0,630,0.18,113.4,6.6
QBR-W HD-3052,510.0,510.0,630,0.18,113.4,6.6
QBR-W HD-3056,510.0,510.0,630,0.18,113.4,6.6
QBR-W HD-3057,510.0,510.0,630,0.18,113.4,6.6
QBR-W MS-3306,510.0,510.0,630,0.18,113.4,6.6
QBR-W UA-6211,510.0,510.0,630,0.18,113.4,6.6
QBR-W TY0477,510.0,510.0,630,0.18,113.4,6.6
QBR-W TY0475,510.0,510.0,630,0.18,113.4,6.6
QBR-W TY0474,510.0,510.0,630,0.18,113.4,6.6
FD1170,510.0,510.0,630,0.18,113.4,6.6
FD1171,510.0,510.0,630,0.18,113.4,6.6
QLD-01,501.0,501.0,620,0.18,111.6,7.4
PSA0915,501.0,501.0,620,0.18,111.6,7.4
FD1152,501.0,501.0,620,0.18,111.6,7.4
QBR-W TY-0428,501.0,501.0,620,0.18,111.6,7.4
QBR-W IV-4159,501.0,501.0,620,0.18,111.6,7.4
QBR-W HD-0305,501.0,501.0,620,0.18,111.6,7.4
QBR-W TY-0404,501.0,501.0,620,0.18,111.6,7.4
QBR-W TY-0425,501.0,501.0,620,0.18,111.6,7.4
QBR-W NS-0511,501.0,501.0,620,0.18,111.6,7.4
QBR-W NS-0528,501.0,501.0,620,0.18,111.6,7.4
QBR-W HY-0705,501.0,501.0,620,0.18,111.6,7.4
QBR-W PSA-0904,501.0,501.0,620,0.18,111.6,7.4
QBR-W BK-1031,501.0,501.0,620,0.18,111.6,7.4
QBR-W FD-1103,501.0,501.0,620,0.18,111.6,7.4
QBR-W FD-1104,501.0,501.0,620,0.18,111.6,7.4
QBR-W FD-1118,501.0,501.0,620,0.18,111.6,7.4
QBR-W CV-1205,501.0,501.0,620,0.18,111.6,7.4
QBR-W JP-2301,501.0,501.0,620,0.18,111.6,7.4
QBR-W SB-4044,501.0,501.0,620,0.18,111.6,7.4
QBR-W RN-4067,501.0,501.0,620,0.18,111.6,7.4
QBR-W HM-6206,501.0,501.0,620,0.18,111.6,7.4
QBR-W FT-6212,501.0,501.0,620,0.18,111.6,7.4
QBR-W GL3529,501.0,501.0,620,0.18,111.6,7.4
QBR-W IS4027,501.0,501.0,620,0.18,111.6,7.4
QBR-W BD3603,501.0,501.0,620,0.18,111.6,7.4
QBR-W JAC2704,501.0,501.0,620,0.18,111.6,7.4
QBR-W CR2422,501.0,501.0,620,0.18,111.6,7.4
QBR-W CR2405,501.0,501.0,620,0.18,111.6,7.4
QBR-W CR4001,501.0,501.0,620,0.18,111.6,7.4
QBR-W JAC2703,501.0,501.0,620,0.18,111.6,7.4
QBR-W LF3101,501.0,501.0,620,0.18,111.6,7.4
QBR-W RE3205,501.0,501.0,620,0.18,111.6,7.4
QBR-W JAC2702,501.0,501.0,620,0.18,111.6,7.4
QBR-W MX2107,501.0,501.0,620,0.18,111.6,7.4
QBR-W RE3207,501.0,501.0,620,0.18,111.6,7.4
RCAMEXT60,501.0,501.0,620,0.18,111.6,7.4
Q1094,473.0,473.0,580,0.18,104.4,2.6
GM1004,473.0,473.0,580,0.18,104.4,2.6
QBR-W TY-0414,473.0,473.0,580,0.18,104.4,2.6
QBR-W TY-0455,473.0,473.0,580,0.18,104.4,2.6
QBR-W NS-0518B,473.0,473.0,580,0.18,104.4,2.6
QBR-W NS-0534,473.0,473.0,580,0.18,104.4,2.6
QBR-W HY-0720,473.0,473.0,580,0.18,104.4,2.6
QBR-W BK-1007,473.0,473.0,580,0.18,104.4,2.6
QBR-W CV-1224A,473.0,473.0,580,0.18,104.4,2.6
QBR-W GW-1831,473.0,473.0,580,0.18,104.4,2.6
QBR-W MZ-2625,473.0,473.0,580,0.18,104.4,2.6
QBR-W MS-3313,473.0,473.0,580,0.18,104.4,2.6
QBR-W RN-4097,473.0,473.0,580,0.18,104.4,2.6
QBR-W NS-5051,473.0,473.0,580,0.18,104.4,2.6
QBR-A 0053B,473.0,473.0,580,0.18,104.4,2.6
QBR-W LN8101,473.0,473.0,580,0.18,104.4,2.6
QBR-W LN8102,473.0,473.0,580,0.18,104.4,2.6
QBR-W CV1217,473.0,473.0,580,0.18,104.4,2.6
HD0309,473.0,473.0,580,0.18,104.4,2.6
QBR-W MS-3310A,473.0,473.0,580,0.18,104.4,2.6
13-116,455.0,455.0,560,0.18,100.8,4.2
TY0406,455.0,455.0,560,0.18,100.8,4.2
NS0502,455.0,455.0,560,0.18,100.8,4.2
QBR-W VW-0107,455.0,455.0,560,0.18,100.8,4.2
QBR-W VW-0110,455.0,455.0,560,0.18,100.8,4.2
QBR-W NS-0512,455.0,455.0,560,0.18,100.8,4.2
QBR-W FA-2013A,455.0,455.0,560,0.18,100.8,4.2
2K 9.5 (Hige Clear),455.0,455.0,560,0.18,100.8,4.2
2K 10.36 (Hige Clear),455.0,455.0,560,0.18,100.8,4.2
10 (Hige Clear),455.0,455.0,560,0.18,100.8,4.2
9 (Hige Clear),455.0,455.0,560,0.18,100.8,4.2
QBR-W FT-2051,455.0,455.0,560,0.18,100.8,4.2
QBR-W 2085,455.0,455.0,560,0.18,100.8,4.2
QBR-W JAC1701,455.0,455.0,560,0.18,100.8,4.2
QBR-F 0468-18B,455.0,455.0,560,0.18,100.8,4.2
QBR-F 0468-18C,455.0,455.0,560,0.18,100.8,4.2
GW1802,437.0,437.0,540,0.18,97.2,5.8
MZ2614,437.0,437.0,540,0.18,97.2,5.8
QBR-W HD-0322,437.0,437.0,540,0.18,97.2,5.8
QBR-W TY-0447,437.0,437.0,540,0.18,97.2,5.8
QBR-W NS-0525,437.0,437.0,540,0.18,97.2,5.8
QBR-W HY-0816,437.0,437.0,540,0.18,97.2,5.8
QBR-W KA-0809,437.0,437.0,540,0.18,97.2,5.8
QBR-W BK-1002,437.0,437.0,540,0.18,97.2,5.8
QBR-W BK-1019,437.0,437.0,540,0.18,97.2,5.8
QBR-W BK-1020,437.0,437.0,540,0.18,97.2,5.8
QBR-W BK-1020A,437.0,437.0,540,0.18,97.2,5.8
QBR-W FD-1122,437.0,437.0,540,0.18,97.2,5.8
QBR-W CV-1212,437.0,437.0,540,0.18,97.2,5.8
QBR-W CV-1213,437.0,437.0,540,0.18,97.2,5.8
QBR-W CV-1220,437.0,437.0,540,0.18,97.2,5.8
QBR-W CV-1222,437.0,437.0,540,0.18,97.2,5.8
QBR-W CV-1230,437.0,437.0,540,0.18,97.2,5.8
QBR-W GW-1815,437.0,437.0,540,0.18,97.2,5.8
QBR-W GW-1833,437.0,437.0,540,0.18,97.2,5.8
QBR-W GW-1835,437.0,437.0,540,0.18,97.2,5.8
QBR-W FA-2084,437.0,437.0,540,0.18,97.2,5.8
QBR-W MG-2101,437.0,437.0,540,0.18,97.2,5.8
QBR-W MG-2102,437.0,437.0,540,0.18,97.2,5.8
QBR-W MG-2114,437.0,437.0,540,0.18,97.2,5.8
QBR-W SZ-2503,437.0,437.0,540,0.18,97.2,5.8
QBR-W HD-3064,437.0,437.0,540,0.18,97.2,5.8
QBR-W MG-3212,437.0,437.0,540,0.18,97.2,5.8
QBR-W MS-3307A,437.0,437.0,540,0.18,97.2,5.8
QBR-W MB-4115,437.0,437.0,540,0.18,97.2,5.8
QBR-W LD-4152,437.0,437.0,540,0.18,97.2,5.8
QBR-W LD-4154,437.0,437.0,540,0.18,97.2,5.8
QBR-F 4064-18,437.0,437.0,540,0.18,97.2,5.8
QBR-W CD6603,437.0,437.0,540,0.18,97.2,5.8
QBR-W LD4169,437.0,437.0,540,0.18,97.2,5.8
QBR-W OP1301,437.0,437.0,540,0.18,97.2,5.8
QBR-W GL3506,437.0,437.0,540,0.18,97.2,5.8
QBR-W MS4019,437.0,437.0,540,0.18,97.2,5.8
QBR-W MS3322,437.0,437.0,540,0.18,97.2,5.8
QBR-W OP5202,437.0,437.0,540,0.18,97.2,5.8
QBR-W SY6101,437.0,437.0,540,0.18,97.2,5.8
QBR-W GL3511,437.0,437.0,540,0.18,97.2,5.8
QBR-W CR2409,437.0,437.0,540,0.18,97.2,5.8
QBR-W JAC2701,437.0,437.0,540,0.18,97.2,5.8
QBR-W JAC2719,437.0,437.0,540,0.18,97.2,5.8
QBR-W LR6302,437.0,437.0,540,0.18,97.2,5.8
QBR-F 0522-02,432.0,432.0,530,0.18,95.4,2.6
QCC-01,410.0,410.0,500,0.18,90.0,0.0
QCC-08,410.0,410.0,500,0.18,90.0,0.0
QGL-03,410.0,410.0,500,0.18,90.0,0.0
QHY-03,410.0,410.0,500,0.18,90.0,0.0
QHY-05,410.0,410.0,500,0.18,90.0,0.0
QJL-03,410.0,410.0,500,0.18,90.0,0.0
QLD-02,410.0,410.0,500,0.18,90.0,0.0
QLD-05,410.0,410.0,500,0.18,90.0,0.0
13-018,410.0,410.0,500,0.18,90.0,0.0
VW0161A,410.0,410.0,500,0.18,90.0,0.0
QBR-W VW-0104A,410.0,410.0,500,0.18,90.0,0.0
QBR-W KA-0805,410.0,410.0,500,0.18,90.0,0.0
QBR-W PSA-0903,410.0,410.0,500,0.18,90.0,0.0
QBR-W CV-1203,410.0,410.0,500,0.18,90.0,0.0
QBR-W CV-1209,410.0,410.0,500,0.18,90.0,0.0
QBR-W MG-2111,410.0,410.0,500,0.18,90.0,0.0
QBR-W JP-2302,410.0,410.0,500,0.18,90.0,0.0
QBR-W JP-2302A,410.0,410.0,500,0.18,90.0,0.0
QBR-W MZ-2616,410.0,410.0,500,0.18,90.0,0.0
QBR-W MS-3305,410.0,410.0,500,0.18,90.0,0.0
QBR-W MS-3311,410.0,410.0,500,0.18,90.0,0.0
QBR-W BM-3800,410.0,410.0,500,0.18,90.0,0.0
QBR-W RN-4047,410.0,410.0,500,0.18,90.0,0.0
QBR-W VL-4072A,410.0,410.0,500,0.18,90.0,0.0
QBR-W AU-4102,410.0,410.0,500,0.18,90.0,0.0
QBR-A 0007A,410.0,410.0,500,0.18,90.0,0.0
QBR-A 0134,410.0,410.0,500,0.18,90.0,0.0
FQBM247,410.0,410.0,500,0.18,90.0,0.0
FQBM282,410.0,410.0,500,0.18,90.0,0.0
FQUN283,410.0,410.0,500,0.18,90.0,0.0
FQUN284,410.0,410.0,500,0.18,90.0,0.0
FQMB302,410.0,410.0,500,0.18,90.0,0.0
CV1061,400.0,400.0,490,0.18,88.2,1.8
GM1203,400.0,400.0,490,0.18,88.2,1.8
GW1804,400.0,400.0,490,0.18,88.2,1.8
QBR-W HD-0314,400.0,400.0,490,0.18,88.2,1.8
QBR-W NS-0514,400.0,400.0,490,0.18,88.2,1.8
QBR-W NS-0525A,400.0,400.0,490,0.18,88.2,1.8
QBR-W NS-0538,400.0,400.0,490,0.18,88.2,1.8
QBR-W NS-0540,400.0,400.0,490,0.18,88.2,1.8
QBR-W NS-0541,400.0,400.0,490,0.18,88.2,1.8
QBR-W HY-0713,400.0,400.0,490,0.18,88.2,1.8
QBR-W KA-0806,400.0,400.0,490,0.18,88.2,1.8
QBR-W BK-1005,400.0,400.0,490,0.18,88.2,1.8
QBR-W BK-1006,400.0,400.0,490,0.18,88.2,1.8
QBR-W FD-1120A,400.0,400.0,490,0.18,88.2,1.8
QBR-W CV-1206,400.0,400.0,490,0.18,88.2,1.8
QBR-W CV-1214,400.0,400.0,490,0.18,88.2,1.8
QBR-W RN-1435,400.0,400.0,490,0.18,88.2,1.8
QBR-W GW-1803,400.0,400.0,490,0.18,88.2,1.8
QBR-W GW-1812,400.0,400.0,490,0.18,88.2,1.8
QBR-W GW-1821,400.0,400.0,490,0.18,88.2,1.8
QBR-W GW-1822,400.0,400.0,490,0.18,88.2,1.8
QBR-W GW-1823,400.0,400.0,490,0.18,88.2,1.8
QBR-W GW-1826,400.0,400.0,490,0.18,88.2,1.8
QBR-W GW-1832,400.0,400.0,490,0.18,88.2,1.8
QBR-W MZ-2601A,400.0,400.0,490,0.18,88.2,1.8
QBR-W MZ-2618,400.0,400.0,490,0.18,88.2,1.8
QBR-W MS-3315,400.0,400.0,490,0.18,88.2,1.8
QBR-W RN-4067A,400.0,400.0,490,0.18,88.2,1.8
QBR-W SB-4157,400.0,400.0,490,0.18,88.2,1.8
QBR-W SZ2504,400.0,400.0,490,0.18,88.2,1.8
QBR-W IS4013,400.0,400.0,490,0.18,88.2,1.8
QBR-W JAC2705,400.0,400.0,490,0.18,88.2,1.8
QBR-W LF3109,400.0,400.0,490,0.18,88.2,1.8
QBR-W RN-4067B,400.0,400.0,490,0.18,88.2,1.8
QBR-F 2524-02,387.0,387.0,480,0.18,86.4,6.6
16-022,364.0,364.0,450,0.18,81.0,5.0
QTY-01,364.0,364.0,450,0.18,81.0,5.0
VW0108,364.0,364.0,450,0.18,81.0,5.0
QBR-W HD-0301,364.0,364.0,450,0.18,81.0,5.0
QBR-W HD-0323,364.0,364.0,450,0.18,81.0,5.0
QBR-W TY-0431,364.0,364.0,450,0.18,81.0,5.0
QBR-W NS-0530,364.0,364.0,450,0.18,81.0,5.0
QBR-W KA-0802,364.0,364.0,450,0.18,81.0,5.0
QBR-W KA-0820,364.0,364.0,450,0.18,81.0,5.0
QBR-W BK-1017,364.0,364.0,450,0.18,81.0,5.0
QBR-W MS-1036,364.0,364.0,450,0.18,81.0,5.0
QBR-W FD-1106,364.0,364.0,450,0.18,81.0,5.0
QBR-W FD-1119,364.0,364.0,450,0.18,81.0,5.0
QBR-W FD-1129,364.0,364.0,450,0.18,81.0,5.0
QBR-W CV-1207,364.0,364.0,450,0.18,81.0,5.0
QBR-W PSA-1436,364.0,364.0,450,0.18,81.0,5.0
QBR-W GW-1801,364.0,364.0,450,0.18,81.0,5.0
QBR-W GW-1804,364.0,364.0,450,0.18,81.0,5.0
QBR-W GW-1828,364.0,364.0,450,0.18,81.0,5.0
QBR-W SZ-2501,364.0,364.0,450,0.18,81.0,5.0
QBR-W MZ-2601,364.0,364.0,450,0.18,81.0,5.0
QBR-W MZ-2619,364.0,364.0,450,0.18,81.0,5.0
QBR-W MZ-2623,364.0,364.0,450,0.18,81.0,5.0
QBR-W HD-3051,364.0,364.0,450,0.18,81.0,5.0
QBR-W MG-3211,364.0,364.0,450,0.18,81.0,5.0
QBR-W MS-3301,364.0,364.0,450,0.18,81.0,5.0
QBR-W MS-3308,364.0,364.0,450,0.18,81.0,5.0
QBR-W MS-3314,364.0,364.0,450,0.18,81.0,5.0
QBR-W MB-3917A,364.0,364.0,450,0.18,81.0,5.0
QBR-W CV-4032,364.0,364.0,450,0.18,81.0,5.0
QBR-W SB-4033,364.0,364.0,450,0.18,81.0,5.0
QBR-W MZ-4066,364.0,364.0,450,0.18,81.0,5.0
QBR-W LD-4165,364.0,364.0,450,0.18,81.0,5.0
QBR-W CH-6204,364.0,364.0,450,0.18,81.0,5.0
QBR-W UA-6209,364.0,364.0,450,0.18,81.0,5.0
QBR-A 0110,364.0,364.0,450,0.18,81.0,5.0
QBR-A 01115,364.0,364.0,450,0.18,81.0,5.0
QBR-A 0133,364.0,364.0,450,0.18,81.0,5.0
QBR-A 0144,364.0,364.0,450,0.18,81.0,5.0
FQBK024,364.0,364.0,450,0.18,81.0,5.0
FQLX039,364.0,364.0,450,0.18,81.0,5.0
FQLR046,364.0,364.0,450,0.18,81.0,5.0
FQAU051,364.0,364.0,450,0.18,81.0,5.0
FQAU052,364.0,364.0,450,0.18,81.0,5.0
FQTY054,364.0,364.0,450,0.18,81.0,5.0
FQMB062,364.0,364.0,450,0.18,81.0,5.0
FQBM065,364.0,364.0,450,0.18,81.0,5.0
FQHD067,364.0,364.0,450,0.18,81.0,5.0
FQPG068,364.0,364.0,450,0.18,81.0,5.0
FQMB071,364.0,364.0,450,0.18,81.0,5.0
FQTY074,364.0,364.0,450,0.18,81.0,5.0
FQBI076,364.0,364.0,450,0.18,81.0,5.0
FQHD081,364.0,364.0,450,0.18,81.0,5.0
FQPR082,364.0,364.0,450,0.18,81.0,5.0
FQTY083,364.0,364.0,450,0.18,81.0,5.0
FQLX085,364.0,364.0,450,0.18,81.0,5.0
FQMB087,364.0,364.0,450,0.18,81.0,5.0
FQTY088,364.0,364.0,450,0.18,81.0,5.0
FQCN093,364.0,364.0,450,0.18,81.0,5.0
FQHY096,364.0,364.0,450,0.18,81.0,5.0
FQVW098,364.0,364.0,450,0.18,81.0,5.0
FQBM102,364.0,364.0,450,0.18,81.0,5.0
FQBM103,364.0,364.0,450,0.18,81.0,5.0
FQBI104,364.0,364.0,450,0.18,81.0,5.0
FQTY118,364.0,364.0,450,0.18,81.0,5.0
FQCD119,364.0,364.0,450,0.18,81.0,5.0
FQCD120,364.0,364.0,450,0.18,81.0,5.0
FQVL122,364.0,364.0,450,0.18,81.0,5.0
FQNS125,364.0,364.0,450,0.18,81.0,5.0
FQBK126,364.0,364.0,450,0.18,81.0,5.0
FQUN128,364.0,364.0,450,0.18,81.0,5.0
FQMB130,364.0,364.0,450,0.18,81.0,5.0
FQBM133,364.0,364.0,450,0.18,81.0,5.0
FQCD134,364.0,364.0,450,0.18,81.0,5.0
FQHD142,364.0,364.0,450,0.18,81.0,5.0
FQBK146,364.0,364.0,450,0.18,81.0,5.0
FQMB147,364.0,364.0,450,0.18,81.0,5.0
FQSB149,364.0,364.0,450,0.18,81.0,5.0
FQVW150,364.0,364.0,450,0.18,81.0,5.0
FQBJ151,364.0,364.0,450,0.18,81.0,5.0
FQBJ152,364.0,364.0,450,0.18,81.0,5.0
FQJP153,364.0,364.0,450,0.18,81.0,5.0
FQHD155,364.0,364.0,450,0.18,81.0,5.0
FQRN156,364.0,364.0,450,0.18,81.0,5.0
FQBM160,364.0,364.0,450,0.18,81.0,5.0
FQFD161,364.0,364.0,450,0.18,81.0,5.0
FQVW162,364.0,364.0,450,0.18,81.0,5.0
FQVL166,364.0,364.0,450,0.18,81.0,5.0
FQVW168,364.0,364.0,450,0.18,81.0,5.0
FQSK171,364.0,364.0,450,0.18,81.0,5.0
FQUN173,364.0,364.0,450,0.18,81.0,5.0
FQBK177,364.0,364.0,450,0.18,81.0,5.0
FQLX178,364.0,364.0,450,0.18,81.0,5.0
FQCD180,364.0,364.0,450,0.18,81.0,5.0
FQTY181,364.0,364.0,450,0.18,81.0,5.0
FQTY182,364.0,364.0,450,0.18,81.0,5.0
FQTY185,364.0,364.0,450,0.18,81.0,5.0
FQAU186,364.0,364.0,450,0.18,81.0,5.0
FQTY187,364.0,364.0,450,0.18,81.0,5.0
FQTY188,364.0,364.0,450,0.18,81.0,5.0
FQBK190,364.0,364.0,450,0.18,81.0,5.0
FQHD191,364.0,364.0,450,0.18,81.0,5.0
FQHD192,364.0,364.0,450,0.18,81.0,5.0
FQHD193,364.0,364.0,450,0.18,81.0,5.0
FQTY194,364.0,364.0,450,0.18,81.0,5.0
FQVW195,364.0,364.0,450,0.18,81.0,5.0
FQVW196,364.0,364.0,450,0.18,81.0,5.0
FQVW197,364.0,364.0,450,0.18,81.0,5.0
FQVW198,364.0,364.0,450,0.18,81.0,5.0
FQVW199,364.0,364.0,450,0.18,81.0,5.0
FQVW200,364.0,364.0,450,0.18,81.0,5.0
FQLX202,364.0,364.0,450,0.18,81.0,5.0
FQBK204,364.0,364.0,450,0.18,81.0,5.0
FQAU205,364.0,364.0,450,0.18,81.0,5.0
FQPR207,364.0,364.0,450,0.18,81.0,5.0
FQAU209,364.0,364.0,450,0.18,81.0,5.0
FQCD211,364.0,364.0,450,0.18,81.0,5.0
FQVW214,364.0,364.0,450,0.18,81.0,5.0
FQAU215,364.0,364.0,450,0.18,81.0,5.0
FQAU216,364.0,364.0,450,0.18,81.0,5.0
FQLX217,364.0,364.0,450,0.18,81.0,5.0
FQSB218,364.0,364.0,450,0.18,81.0,5.0
FQVL219,364.0,364.0,450,0.18,81.0,5.0
FQNS220,364.0,364.0,450,0.18,81.0,5.0
FQBM221,364.0,364.0,450,0.18,81.0,5.0
FQCD225,364.0,364.0,450,0.18,81.0,5.0
FQPR226,364.0,364.0,450,0.18,81.0,5.0
FQAU227,364.0,364.0,450,0.18,81.0,5.0
FQAU229,364.0,364.0,450,0.18,81.0,5.0
FQAU231,364.0,364.0,450,0.18,81.0,5.0
FQBM233,364.0,364.0,450,0.18,81.0,5.0
FQBM234,364.0,364.0,450,0.18,81.0,5.0
FQVW237,364.0,364.0,450,0.18,81.0,5.0
FQHY238,364.0,364.0,450,0.18,81.0,5.0
FQMB240,364.0,364.0,450,0.18,81.0,5.0
FQVW241,364.0,364.0,450,0.18,81.0,5.0
FQVW242,364.0,364.0,450,0.18,81.0,5.0
FQVW243,364.0,364.0,450,0.18,81.0,5.0
FQVW244,364.0,364.0,450,0.18,81.0,5.0
FQTY245,364.0,364.0,450,0.18,81.0,5.0
FQBM246,364.0,364.0,450,0.18,81.0,5.0
FQLX248,364.0,364.0,450,0.18,81.0,5.0
FQVW249,364.0,364.0,450,0.18,81.0,5.0
FQVW250,364.0,364.0,450,0.18,81.0,5.0
FQVW251,364.0,364.0,450,0.18,81.0,5.0
FQVW252,364.0,364.0,450,0.18,81.0,5.0
FQVW253,364.0,364.0,450,0.18,81.0,5.0
FQAU255,364.0,364.0,450,0.18,81.0,5.0
FQHD256,364.0,364.0,450,0.18,81.0,5.0
FQTY259,364.0,364.0,450,0.18,81.0,5.0
FQMB260,364.0,364.0,450,0.18,81.0,5.0
FQMB261,364.0,364.0,450,0.18,81.0,5.0
FQMB262,364.0,364.0,450,0.18,81.0,5.0
FQBM264,364.0,364.0,450,0.18,81.0,5.0
FQMB266,364.0,364.0,450,0.18,81.0,5.0
FQTY267,364.0,364.0,450,0.18,81.0,5.0
FQAU268,364.0,364.0,450,0.18,81.0,5.0
FQAU269,364.0,364.0,450,0.18,81.0,5.0
FQAU272,364.0,364.0,450,0.18,81.0,5.0
FQTY273,364.0,364.0,450,0.18,81.0,5.0
FQBK274,364.0,364.0,450,0.18,81.0,5.0
FQBK275,364.0,364.0,450,0.18,81.0,5.0
FQAU276,364.0,364.0,450,0.18,81.0,5.0
FQMB277,364.0,364.0,450,0.18,81.0,5.0
FQTY278,364.0,364.0,450,0.18,81.0,5.0
FQMB281,364.0,364.0,450,0.18,81.0,5.0
FQAU285,364.0,364.0,450,0.18,81.0,5.0
FQAU286,364.0,364.0,450,0.18,81.0,5.0
FQAU287,364.0,364.0,450,0.18,81.0,5.0
FQAU288,364.0,364.0,450,0.18,81.0,5.0
FQMZ289,364.0,364.0,450,0.18,81.0,5.0
FQAU290,364.0,364.0,450,0.18,81.0,5.0
FQHY292,364.0,364.0,450,0.18,81.0,5.0
FQAU293,364.0,364.0,450,0.18,81.0,5.0
FQVW294,364.0,364.0,450,0.18,81.0,5.0
FQHY295,364.0,364.0,450,0.18,81.0,5.0
FQLX296,364.0,364.0,450,0.18,81.0,5.0
FQAU297,364.0,364.0,450,0.18,81.0,5.0
FQAU298,364.0,364.0,450,0.18,81.0,5.0
FQTY299,364.0,364.0,450,0.18,81.0,5.0
FQTY300,364.0,364.0,450,0.18,81.0,5.0
FQMZ303,364.0,364.0,450,0.18,81.0,5.0
FQLX304,364.0,364.0,450,0.18,81.0,5.0
FQLX305,364.0,364.0,450,0.18,81.0,5.0
FQTY309,364.0,364.0,450,0.18,81.0,5.0
FQTY310,364.0,364.0,450,0.18,81.0,5.0
FQHD311,364.0,364.0,450,0.18,81.0,5.0
FQHD312,364.0,364.0,450,0.18,81.0,5.0
FQBK313,364.0,364.0,450,0.18,81.0,5.0
FQTY314,364.0,364.0,450,0.18,81.0,5.0
FQBK315,364.0,364.0,450,0.18,81.0,5.0
FQHD316,364.0,364.0,450,0.18,81.0,5.0
FQAU317,364.0,364.0,450,0.18,81.0,5.0
FQBK318,364.0,364.0,450,0.18,81.0,5.0
FQTY320,364.0,364.0,450,0.18,81.0,5.0
FQVW321,364.0,364.0,450,0.18,81.0,5.0
FQHD322,364.0,364.0,450,0.18,81.0,5.0
FQAU323,364.0,364.0,450,0.18,81.0,5.0
FQMB324,364.0,364.0,450,0.18,81.0,5.0
FQPR340,364.0,364.0,450,0.18,81.0,5.0
FQAU341,364.0,364.0,450,0.18,81.0,5.0
FQHD342,364.0,364.0,450,0.18,81.0,5.0
FQHD331,364.0,364.0,450,0.18,81.0,5.0
FQHD325,364.0,364.0,450,0.18,81.0,5.0
FQHD345,364.0,364.0,450,0.18,81.0,5.0
FQTY330,364.0,364.0,450,0.18,81.0,5.0
FQTY344,364.0,364.0,450,0.18,81.0,5.0
FQTY349,364.0,364.0,450,0.18,81.0,5.0
FQTY350,364.0,364.0,450,0.18,81.0,5.0
FQTY352,364.0,364.0,450,0.18,81.0,5.0
FQTY353,364.0,364.0,450,0.18,81.0,5.0
FQTY354,364.0,364.0,450,0.18,81.0,5.0
FQTY355,364.0,364.0,450,0.18,81.0,5.0
FQMZ337,364.0,364.0,450,0.18,81.0,5.0
QBR-W TY-0433,364.0,364.0,450,0.18,81.0,5.0
QBR-W TY-0405A,364.0,364.0,450,0.18,81.0,5.0
17-003,341.0,341.0,420,0.18,75.6,3.4
17-004,341.0,341.0,420,0.18,75.6,3.4
17-005,341.0,341.0,420,0.18,75.6,3.4
17-006,341.0,341.0,420,0.18,75.6,3.4
17-007,341.0,341.0,420,0.18,75.6,3.4
18-007,341.0,341.0,420,0.18,75.6,3.4
18-008,341.0,341.0,420,0.18,75.6,3.4
QBR-W TY-0405,328.0,328.0,400,0.18,72.0,0.0
QBR-W PSA-0902,328.0,328.0,400,0.18,72.0,0.0
QBR-W PSA-0908,328.0,328.0,400,0.18,72.0,0.0
QBR-W BK-1016,328.0,328.0,400,0.18,72.0,0.0
QBR-W BK-1018,328.0,328.0,400,0.18,72.0,0.0
QBR-W FD-1112B,328.0,328.0,400,0.18,72.0,0.0
QBR-W FD-1117,328.0,328.0,400,0.18,72.0,0.0
QBR-W CV-1228,328.0,328.0,400,0.18,72.0,0.0
QBR-W GW-1806,328.0,328.0,400,0.18,72.0,0.0
QBR-W GW-1809,328.0,328.0,400,0.18,72.0,0.0
QBR-W GW-1813,328.0,328.0,400,0.18,72.0,0.0
QBR-W GW-1824,328.0,328.0,400,0.18,72.0,0.0
QBR-W MZ-2115,328.0,328.0,400,0.18,72.0,0.0
QBR-W HD-3055,328.0,328.0,400,0.18,72.0,0.0
QBR-W MS-3309,328.0,328.0,400,0.18,72.0,0.0
QBR-W MB-3917,328.0,328.0,400,0.18,72.0,0.0
QBR-W CV-S4014A,328.0,328.0,400,0.18,72.0,0.0
QBR-W MB-4074,328.0,328.0,400,0.18,72.0,0.0
QBR-W LD-4153,328.0,328.0,400,0.18,72.0,0.0
QBR-W CD-6002,328.0,328.0,400,0.18,72.0,0.0
QBR-W VL-4072,328.0,328.0,400,0.18,72.0,0.0
QMS223,319.0,319.0,390,0.18,70.2,0.8
QMS327,319.0,319.0,390,0.18,70.2,0.8
QMS372,319.0,319.0,390,0.18,70.2,0.8
QMS375,319.0,319.0,390,0.18,70.2,0.8
QMS436,319.0,319.0,390,0.18,70.2,0.8
16-003,319.0,319.0,390,0.18,70.2,0.8
QAU028,319.0,319.0,390,0.18,70.2,0.8
QCC-04,319.0,319.0,390,0.18,70.2,0.8
QGM-07,319.0,319.0,390,0.18,70.2,0.8
Q066,319.0,319.0,390,0.18,70.2,0.8
12-035,319.0,319.0,390,0.18,70.2,0.8
12-044,319.0,319.0,390,0.18,70.2,0.8
13-008,319.0,319.0,390,0.18,70.2,0.8
18-001,319.0,319.0,390,0.18,70.2,0.8
18-003,319.0,319.0,390,0.18,70.2,0.8
18-006,319.0,319.0,390,0.18,70.2,0.8
20-002,319.0,319.0,390,0.18,70.2,0.8
20-003,319.0,319.0,390,0.18,70.2,0.8
QBR-W VW-0101,319.0,319.0,390,0.18,70.2,0.8
QBR-W VW-0103,319.0,319.0,390,0.18,70.2,0.8
QBR-W VW-0106,319.0,319.0,390,0.18,70.2,0.8
QBR-W VW-0113A,319.0,319.0,390,0.18,70.2,0.8
QBR-W HD-0311,319.0,319.0,390,0.18,70.2,0.8
QBR-W HD-0320,319.0,319.0,390,0.18,70.2,0.8
QBR-W TY-0403,319.0,319.0,390,0.18,70.2,0.8
QBR-W NS-0502,319.0,319.0,390,0.18,70.2,0.8
QBR-W HY-0716,319.0,319.0,390,0.18,70.2,0.8
QBR-W KA-0803,319.0,319.0,390,0.18,70.2,0.8
QBR-W KA-0803D,319.0,319.0,390,0.18,70.2,0.8
QBR-W PSA-0909,319.0,319.0,390,0.18,70.2,0.8
QBR-W BK-1101A,319.0,319.0,390,0.18,70.2,0.8
QBR-W FD-1128,319.0,319.0,390,0.18,70.2,0.8
QBR-W MS-3302,319.0,319.0,390,0.18,70.2,0.8
QBR-W MS-3304,319.0,319.0,390,0.18,70.2,0.8
QBR-A 0023B,319.0,319.0,390,0.18,70.2,0.8
FQHD002,319.0,319.0,390,0.18,70.2,0.8
FQHD021,319.0,319.0,390,0.18,70.2,0.8
FQFD029,319.0,319.0,390,0.18,70.2,0.8
QLX472,319.0,319.0,390,0.18,70.2,0.8
QBM016,319.0,319.0,390,0.18,70.2,0.8
QBR-A 00102,319.0,319.0,390,0.18,70.2,0.8
QBR-A 0055,319.0,319.0,390,0.18,70.2,0.8
QBR-A 0057,319.0,319.0,390,0.18,70.2,0.8
QBR-A 0086,319.0,319.0,390,0.18,70.2,0.8
QBR-A 13009,319.0,319.0,390,0.18,70.2,0.8
QBR-W HD-0317,291.0,291.0,360,0.18,64.8,4.2
QBR-W TY-0426,291.0,291.0,360,0.18,64.8,4.2
QBR-W HY-0702,291.0,291.0,360,0.18,64.8,4.2
QBR-W PSA-0910,291.0,291.0,360,0.18,64.8,4.2
QBR-W CV-1215,291.0,291.0,360,0.18,64.8,4.2
QBR-W GW-1805,291.0,291.0,360,0.18,64.8,4.2
QBR-W GW-1834,291.0,291.0,360,0.18,64.8,4.2
QBR-W MG-2109,291.0,291.0,360,0.18,64.8,4.2
QBR-W MG-2110,291.0,291.0,360,0.18,64.8,4.2
QBR-W HD-3041,291.0,291.0,360,0.18,64.8,4.2
QBR-W IV-4023,291.0,291.0,360,0.18,64.8,4.2
QBR-W LD-4151,291.0,291.0,360,0.18,64.8,4.2
QBR-W UA-6208,291.0,291.0,360,0.18,64.8,4.2
QBR-A 0054A,291.0,291.0,360,0.18,64.8,4.2
QBR-W 2502,291.0,291.0,360,0.18,64.8,4.2
QBR-W MS-0304,291.0,291.0,360,0.18,64.8,4.2
QBR-W BD-3602,291.0,291.0,360,0.18,64.8,4.2
QBM325,273.0,273.0,340,0.18,61.2,5.8
QBM393,273.0,273.0,340,0.18,61.2,5.8
QCD449,273.0,273.0,340,0.18,61.2,5.8
QMZ444,273.0,273.0,340,0.18,61.2,5.8
QTY467,273.0,273.0,340,0.18,61.2,5.8
16-002,273.0,273.0,340,0.18,61.2,5.8
16-012,273.0,273.0,340,0.18,61.2,5.8
16-015,273.0,273.0,340,0.18,61.2,5.8
22-565,273.0,273.0,340,0.18,61.2,5.8
12-031,273.0,273.0,340,0.18,61.2,5.8
12-033,273.0,273.0,340,0.18,61.2,5.8
12-040,273.0,273.0,340,0.18,61.2,5.8
15-113,273.0,273.0,340,0.18,61.2,5.8
18-002,273.0,273.0,340,0.18,61.2,5.8
18-004,273.0,273.0,340,0.18,61.2,5.8
18-005,273.0,273.0,340,0.18,61.2,5.8
QBR-W TY-0401,273.0,273.0,340,0.18,61.2,5.8
QBR-W TY-0402,273.0,273.0,340,0.18,61.2,5.8
QBR-W NS-0501,273.0,273.0,340,0.18,61.2,5.8
QBR-W HY-0701,273.0,273.0,340,0.18,61.2,5.8
QBR-W HY-0703,273.0,273.0,340,0.18,61.2,5.8
QBR-W HY-0704,273.0,273.0,340,0.18,61.2,5.8
QBR-W KA-0801,273.0,273.0,340,0.18,61.2,5.8
QBR-W BK-1008,273.0,273.0,340,0.18,61.2,5.8
QBR-W FD-1102,273.0,273.0,340,0.18,61.2,5.8
QBR-W CV-2401,273.0,273.0,340,0.18,61.2,5.8
QBR-W SY-4150,273.0,273.0,340,0.18,61.2,5.8
Qray-12,273.0,273.0,340,0.18,61.2,5.8
Q-9005-CB,273.0,273.0,340,0.18,61.2,5.8
Q-H11-CB,273.0,273.0,340,0.18,61.2,5.8
Q-H4-CB,273.0,273.0,340,0.18,61.2,5.8
QBR-W BD-3601,273.0,273.0,340,0.18,61.2,5.8
QFW407,273.0,273.0,340,0.18,61.2,5.8
QLX469,273.0,273.0,340,0.18,61.2,5.8
QHD474,273.0,273.0,340,0.18,61.2,5.8
QHD475,273.0,273.0,340,0.18,61.2,5.8
QBM004,273.0,273.0,340,0.18,61.2,5.8
QPR017-1,273.0,273.0,340,0.18,61.2,5.8
QPR017-2,273.0,273.0,340,0.18,61.2,5.8
QPR020,273.0,273.0,340,0.18,61.2,5.8
QCD024,273.0,273.0,340,0.18,61.2,5.8
QMZ032,273.0,273.0,340,0.18,61.2,5.8
QPR036,273.0,273.0,340,0.18,61.2,5.8
QMZ033,273.0,273.0,340,0.18,61.2,5.8
QBR-A 0009,273.0,273.0,340,0.18,61.2,5.8
QBR-A 0152,273.0,273.0,340,0.18,61.2,5.8
QBR-A 0148,273.0,273.0,340,0.18,61.2,5.8
QBR-A 0089,273.0,273.0,340,0.18,61.2,5.8
QBR-A 13008,273.0,273.0,340,0.18,61.2,5.8
QBR-W HD-0326,255.0,255.0,320,0.18,57.6,7.4
QBR-W PSA-0906,255.0,255.0,320,0.18,57.6,7.4
QBR-W BK-1001,255.0,255.0,320,0.18,57.6,7.4
QBR-W BK-1012,255.0,255.0,320,0.18,57.6,7.4
QBR-W BK-1013,255.0,255.0,320,0.18,57.6,7.4
QBR-W BK-1035,255.0,255.0,320,0.18,57.6,7.4
QBR-W GW-1808,255.0,255.0,320,0.18,57.6,7.4
QBR-W HD-3043,255.0,255.0,320,0.18,57.6,7.4
QBR-W HD-3044,255.0,255.0,320,0.18,57.6,7.4
QBR-W MG-3201,255.0,255.0,320,0.18,57.6,7.4
QBR-W OP-3504A,255.0,255.0,320,0.18,57.6,7.4
QBR-A 0068,255.0,255.0,320,0.18,57.6,7.4
QBR-A 0101,255.0,255.0,320,0.18,57.6,7.4
QBR-W UN-1133A,255.0,255.0,320,0.18,57.6,7.4
QAU027B,228.0,228.0,280,0.18,50.4,1.6
QAU036,228.0,228.0,280,0.18,50.4,1.6
QAU202,228.0,228.0,280,0.18,50.4,1.6
QAU262,228.0,228.0,280,0.18,50.4,1.6
QBK021,228.0,228.0,280,0.18,50.4,1.6
QBK039B,228.0,228.0,280,0.18,50.4,1.6
QBK040,228.0,228.0,280,0.18,50.4,1.6
QBK083,228.0,228.0,280,0.18,50.4,1.6
QBK163,228.0,228.0,280,0.18,50.4,1.6
QBK168,228.0,228.0,280,0.18,50.4,1.6
QBK217,228.0,228.0,280,0.18,50.4,1.6
QBK250,228.0,228.0,280,0.18,50.4,1.6
QBK268,228.0,228.0,280,0.18,50.4,1.6
QBK297,228.0,228.0,280,0.18,50.4,1.6
QBK412,228.0,228.0,280,0.18,50.4,1.6
QBM020,228.0,228.0,280,0.18,50.4,1.6
QBM199,228.0,228.0,280,0.18,50.4,1.6
QCD104,228.0,228.0,280,0.18,50.4,1.6
QCD396,228.0,228.0,280,0.18,50.4,1.6
QCD397,228.0,228.0,280,0.18,50.4,1.6
QCR090,228.0,228.0,280,0.18,50.4,1.6
QCR094,228.0,228.0,280,0.18,50.4,1.6
QCR132,228.0,228.0,280,0.18,50.4,1.6
QCR175,228.0,228.0,280,0.18,50.4,1.6
QCR195,228.0,228.0,280,0.18,50.4,1.6
QCR320,228.0,228.0,280,0.18,50.4,1.6
QCT166,228.0,228.0,280,0.18,50.4,1.6
QCT230,228.0,228.0,280,0.18,50.4,1.6
QCT283C1,228.0,228.0,280,0.18,50.4,1.6
QCT319,228.0,228.0,280,0.18,50.4,1.6
QCV182,228.0,228.0,280,0.18,50.4,1.6
QCV183,228.0,228.0,280,0.18,50.4,1.6
QCV209,228.0,228.0,280,0.18,50.4,1.6
QCV274,228.0,228.0,280,0.18,50.4,1.6
QCV386,228.0,228.0,280,0.18,50.4,1.6
QCV401,228.0,228.0,280,0.18,50.4,1.6
QFA317,228.0,228.0,280,0.18,50.4,1.6
QFD028,228.0,228.0,280,0.18,50.4,1.6
QFD037,228.0,228.0,280,0.18,50.4,1.6
QFD169,228.0,228.0,280,0.18,50.4,1.6
QFD170,228.0,228.0,280,0.18,50.4,1.6
QFD176,228.0,228.0,280,0.18,50.4,1.6
QFD211,228.0,228.0,280,0.18,50.4,1.6
QFD240,228.0,228.0,280,0.18,50.4,1.6
QFD256,228.0,228.0,280,0.18,50.4,1.6
QFD273,228.0,228.0,280,0.18,50.4,1.6
QFD369,228.0,228.0,280,0.18,50.4,1.6
QFD408,228.0,228.0,280,0.18,50.4,1.6
QGAC287,228.0,228.0,280,0.18,50.4,1.6
QGAC293,228.0,228.0,280,0.18,50.4,1.6
QGAC345,228.0,228.0,280,0.18,50.4,1.6
QGAC361,228.0,228.0,280,0.18,50.4,1.6
QGL093G1,228.0,228.0,280,0.18,50.4,1.6
QGL161,228.0,228.0,280,0.18,50.4,1.6
QGL193,228.0,228.0,280,0.18,50.4,1.6
QGL203,228.0,228.0,280,0.18,50.4,1.6
QGL207,228.0,228.0,280,0.18,50.4,1.6
QGL310,228.0,228.0,280,0.18,50.4,1.6
QGL315,228.0,228.0,280,0.18,50.4,1.6
QGL409,228.0,228.0,280,0.18,50.4,1.6
QGMC047,228.0,228.0,280,0.18,50.4,1.6
QGMC078G1,228.0,228.0,280,0.18,50.4,1.6
QGMC158,228.0,228.0,280,0.18,50.4,1.6
QGMC236,228.0,228.0,280,0.18,50.4,1.6
QGW011,228.0,228.0,280,0.18,50.4,1.6
QGW096,228.0,228.0,280,0.18,50.4,1.6
QGW117,228.0,228.0,280,0.18,50.4,1.6
QGW289,228.0,228.0,280,0.18,50.4,1.6
QGW292,228.0,228.0,280,0.18,50.4,1.6
QGW391,228.0,228.0,280,0.18,50.4,1.6
QHD010B,228.0,228.0,280,0.18,50.4,1.6
QHD015,228.0,228.0,280,0.18,50.4,1.6
QHD033,228.0,228.0,280,0.18,50.4,1.6
QHD072,228.0,228.0,280,0.18,50.4,1.6
QHD098,228.0,228.0,280,0.18,50.4,1.6
QHD145,228.0,228.0,280,0.18,50.4,1.6
QHD151,228.0,228.0,280,0.18,50.4,1.6
QHD152,228.0,228.0,280,0.18,50.4,1.6
QHD280,228.0,228.0,280,0.18,50.4,1.6
QHD349,228.0,228.0,280,0.18,50.4,1.6
QHD350H1,228.0,228.0,280,0.18,50.4,1.6
QHD377,228.0,228.0,280,0.18,50.4,1.6
QHD423,228.0,228.0,280,0.18,50.4,1.6
QHD440,228.0,228.0,280,0.18,50.4,1.6
QHD446,228.0,228.0,280,0.18,50.4,1.6
QHD452,228.0,228.0,280,0.18,50.4,1.6
QHD461,228.0,228.0,280,0.18,50.4,1.6
QHY041,228.0,228.0,280,0.18,50.4,1.6
QHY071B,228.0,228.0,280,0.18,50.4,1.6
QHY079,228.0,228.0,280,0.18,50.4,1.6
QHY087B,228.0,228.0,280,0.18,50.4,1.6
QHY155,228.0,228.0,280,0.18,50.4,1.6
QHY160,228.0,228.0,280,0.18,50.4,1.6
QHY164,228.0,228.0,280,0.18,50.4,1.6
QHY167,228.0,228.0,280,0.18,50.4,1.6
QHY224,228.0,228.0,280,0.18,50.4,1.6
QHY225,228.0,228.0,280,0.18,50.4,1.6
QHY233,228.0,228.0,280,0.18,50.4,1.6
QHY257,228.0,228.0,280,0.18,50.4,1.6
QHY263,228.0,228.0,280,0.18,50.4,1.6
QHY302,228.0,228.0,280,0.18,50.4,1.6
QHY353,228.0,228.0,280,0.18,50.4,1.6
QHY354,228.0,228.0,280,0.18,50.4,1.6
QHY360,228.0,228.0,280,0.18,50.4,1.6
QHY406,228.0,228.0,280,0.18,50.4,1.6
QHY410,228.0,228.0,280,0.18,50.4,1.6
QHY428,228.0,228.0,280,0.18,50.4,1.6
QHY453,228.0,228.0,280,0.18,50.4,1.6
QHY466,228.0,228.0,280,0.18,50.4,1.6
QJAC044,228.0,228.0,280,0.18,50.4,1.6
QJAC128,228.0,228.0,280,0.18,50.4,1.6
QJAC336,228.0,228.0,280,0.18,50.4,1.6
QJAC343,228.0,228.0,280,0.18,50.4,1.6
QJAC344,228.0,228.0,280,0.18,50.4,1.6
QJAC403,228.0,228.0,280,0.18,50.4,1.6
QJAC427,228.0,228.0,280,0.18,50.4,1.6
QJP139,228.0,228.0,280,0.18,50.4,1.6
QJP378,228.0,228.0,280,0.18,50.4,1.6
QJP400,228.0,228.0,280,0.18,50.4,1.6
QJP411,228.0,228.0,280,0.18,50.4,1.6
QKA041K1,228.0,228.0,280,0.18,50.4,1.6
QKA055,228.0,228.0,280,0.18,50.4,1.6
QKA056,228.0,228.0,280,0.18,50.4,1.6
QKA079K1,228.0,228.0,280,0.18,50.4,1.6
QKA088,228.0,228.0,280,0.18,50.4,1.6
QKA108,228.0,228.0,280,0.18,50.4,1.6
QKA123,228.0,228.0,280,0.18,50.4,1.6
QKA129,228.0,228.0,280,0.18,50.4,1.6
QKA155K1,228.0,228.0,280,0.18,50.4,1.6
QKA167K1,228.0,228.0,280,0.18,50.4,1.6
QKA225K1,228.0,228.0,280,0.18,50.4,1.6
QKA233K1,228.0,228.0,280,0.18,50.4,1.6
QKA238,228.0,228.0,280,0.18,50.4,1.6
QKA265,228.0,228.0,280,0.18,50.4,1.6
QKA279,228.0,228.0,280,0.18,50.4,1.6
QKA282,228.0,228.0,280,0.18,50.4,1.6
QKA298,228.0,228.0,280,0.18,50.4,1.6
QKA318,228.0,228.0,280,0.18,50.4,1.6
QKA321,228.0,228.0,280,0.18,50.4,1.6
QKA352,228.0,228.0,280,0.18,50.4,1.6
QKA354K1,228.0,228.0,280,0.18,50.4,1.6
QKA359,228.0,228.0,280,0.18,50.4,1.6
QKA364,228.0,228.0,280,0.18,50.4,1.6
QKA468,228.0,228.0,280,0.18,50.4,1.6
QLF112,228.0,228.0,280,0.18,50.4,1.6
QLR186,228.0,228.0,280,0.18,50.4,1.6
QLR357,228.0,228.0,280,0.18,50.4,1.6
QLR384,228.0,228.0,280,0.18,50.4,1.6
QLX196,228.0,228.0,280,0.18,50.4,1.6
QLX307,228.0,228.0,280,0.18,50.4,1.6
QLX332,228.0,228.0,280,0.18,50.4,1.6
QLX333,228.0,228.0,280,0.18,50.4,1.6
QLX418,228.0,228.0,280,0.18,50.4,1.6
QLX419,228.0,228.0,280,0.18,50.4,1.6
QLX443,228.0,228.0,280,0.18,50.4,1.6
QMB102,228.0,228.0,280,0.18,50.4,1.6
QMB121,228.0,228.0,280,0.18,50.4,1.6
QMB244,228.0,228.0,280,0.18,50.4,1.6
QMB259,228.0,228.0,280,0.18,50.4,1.6
QMB379,228.0,228.0,280,0.18,50.4,1.6
QMB394,228.0,228.0,280,0.18,50.4,1.6
QMB404,228.0,228.0,280,0.18,50.4,1.6
QMG074,228.0,228.0,280,0.18,50.4,1.6
QMG283MG1,228.0,228.0,280,0.18,50.4,1.6
QMS097M1,228.0,228.0,280,0.18,50.4,1.6
QMZ023,228.0,228.0,280,0.18,50.4,1.6
QMZ153,228.0,228.0,280,0.18,50.4,1.6
QMZ179,228.0,228.0,280,0.18,50.4,1.6
QMZ266,228.0,228.0,280,0.18,50.4,1.6
QMZ323,228.0,228.0,280,0.18,50.4,1.6
QMZ324,228.0,228.0,280,0.18,50.4,1.6
QMZ334,228.0,228.0,280,0.18,50.4,1.6
QMZ390,228.0,228.0,280,0.18,50.4,1.6
QMZ414,228.0,228.0,280,0.18,50.4,1.6
QMZ415,228.0,228.0,280,0.18,50.4,1.6
QMZ454,228.0,228.0,280,0.18,50.4,1.6
QNS012,228.0,228.0,280,0.18,50.4,1.6
QNS017,228.0,228.0,280,0.18,50.4,1.6
QNS024,228.0,228.0,280,0.18,50.4,1.6
QNS066,228.0,228.0,280,0.18,50.4,1.6
QNS122,228.0,228.0,280,0.18,50.4,1.6
QNS165,228.0,228.0,280,0.18,50.4,1.6
QNS254,228.0,228.0,280,0.18,50.4,1.6
QNS311,228.0,228.0,280,0.18,50.4,1.6
QNS338,228.0,228.0,280,0.18,50.4,1.6
QNS371,228.0,228.0,280,0.18,50.4,1.6
QNS432,228.0,228.0,280,0.18,50.4,1.6
QPG093,228.0,228.0,280,0.18,50.4,1.6
QPG097,228.0,228.0,280,0.18,50.4,1.6
QPG172P1,228.0,228.0,280,0.18,50.4,1.6
QPG210,228.0,228.0,280,0.18,50.4,1.6
QPG283,228.0,228.0,280,0.18,50.4,1.6
QRN200,228.0,228.0,280,0.18,50.4,1.6
QRN255,228.0,228.0,280,0.18,50.4,1.6
QRN281,228.0,228.0,280,0.18,50.4,1.6
QRN312,228.0,228.0,280,0.18,50.4,1.6
QSB106,228.0,228.0,280,0.18,50.4,1.6
QSB227,228.0,228.0,280,0.18,50.4,1.6
QSGMW148,228.0,228.0,280,0.18,50.4,1.6
QSGMW284,228.0,228.0,280,0.18,50.4,1.6
QSGMW374,228.0,228.0,280,0.18,50.4,1.6
QSGMW426,228.0,228.0,280,0.18,50.4,1.6
QSK173,228.0,228.0,280,0.18,50.4,1.6
QSK226S1,228.0,228.0,280,0.18,50.4,1.6
QSY306,228.0,228.0,280,0.18,50.4,1.6
QSY398,228.0,228.0,280,0.18,50.4,1.6
QSZ189,228.0,228.0,280,0.18,50.4,1.6
QSZ313,228.0,228.0,280,0.18,50.4,1.6
QTY001,228.0,228.0,280,0.18,50.4,1.6
QTY002,228.0,228.0,280,0.18,50.4,1.6
QTY006,228.0,228.0,280,0.18,50.4,1.6
QTY007,228.0,228.0,280,0.18,50.4,1.6
QTY014B,228.0,228.0,280,0.18,50.4,1.6
QTY022,228.0,228.0,280,0.18,50.4,1.6
QTY060,228.0,228.0,280,0.18,50.4,1.6
QTY078,228.0,228.0,280,0.18,50.4,1.6
QTY086,228.0,228.0,280,0.18,50.4,1.6
QTY137B,228.0,228.0,280,0.18,50.4,1.6
QTY143,228.0,228.0,280,0.18,50.4,1.6
QTY172,228.0,228.0,280,0.18,50.4,1.6
QTY190,228.0,228.0,280,0.18,50.4,1.6
QTY201,228.0,228.0,280,0.18,50.4,1.6
QTY285,228.0,228.0,280,0.18,50.4,1.6
QTY295,228.0,228.0,280,0.18,50.4,1.6
QTY299,228.0,228.0,280,0.18,50.4,1.6
QTY316,228.0,228.0,280,0.18,50.4,1.6
QTY328,228.0,228.0,280,0.18,50.4,1.6
QTY342,228.0,228.0,280,0.18,50.4,1.6
QTY358,228.0,228.0,280,0.18,50.4,1.6
QTY363,228.0,228.0,280,0.18,50.4,1.6
QTY389,228.0,228.0,280,0.18,50.4,1.6
QTY430,228.0,228.0,280,0.18,50.4,1.6
QTY433,228.0,228.0,280,0.18,50.4,1.6
QTY435,228.0,228.0,280,0.18,50.4,1.6
QTY437,228.0,228.0,280,0.18,50.4,1.6
QTY442,228.0,228.0,280,0.18,50.4,1.6
QTY445,228.0,228.0,280,0.18,50.4,1.6
QTY447,228.0,228.0,280,0.18,50.4,1.6
QTY450,228.0,228.0,280,0.18,50.4,1.6
QTY451,228.0,228.0,280,0.18,50.4,1.6
QVL177,228.0,228.0,280,0.18,50.4,1.6
QVL366,228.0,228.0,280,0.18,50.4,1.6
QVL368,228.0,228.0,280,0.18,50.4,1.6
QVW008,228.0,228.0,280,0.18,50.4,1.6
QVW013,228.0,228.0,280,0.18,50.4,1.6
QVW059,228.0,228.0,280,0.18,50.4,1.6
QVW067,228.0,228.0,280,0.18,50.4,1.6
QVW095,228.0,228.0,280,0.18,50.4,1.6
QVW099,228.0,228.0,280,0.18,50.4,1.6
QVW136,228.0,228.0,280,0.18,50.4,1.6
QVW162,228.0,228.0,280,0.18,50.4,1.6
QVW174,228.0,228.0,280,0.18,50.4,1.6
QVW194,228.0,228.0,280,0.18,50.4,1.6
QVW198,228.0,228.0,280,0.18,50.4,1.6
QVW226,228.0,228.0,280,0.18,50.4,1.6
QVW277,228.0,228.0,280,0.18,50.4,1.6
QVW288,228.0,228.0,280,0.18,50.4,1.6
16-009,228.0,228.0,280,0.18,50.4,1.6
12-029,228.0,228.0,280,0.18,50.4,1.6
12-037,228.0,228.0,280,0.18,50.4,1.6
15-108,228.0,228.0,280,0.18,50.4,1.6
15-109,228.0,228.0,280,0.18,50.4,1.6
15-201,228.0,228.0,280,0.18,50.4,1.6
20-006,228.0,228.0,280,0.18,50.4,1.6
20-008,228.0,228.0,280,0.18,50.4,1.6
20-009,228.0,228.0,280,0.18,50.4,1.6
QBR-A 0107,228.0,228.0,280,0.18,50.4,1.6
Qray -33,228.0,228.0,280,0.18,50.4,1.6
QBJ339,228.0,228.0,280,0.18,50.4,1.6
QDN340,228.0,228.0,280,0.18,50.4,1.6
QBI351,228.0,228.0,280,0.18,50.4,1.6
QFD392,228.0,228.0,280,0.18,50.4,1.6
QYS402,228.0,228.0,280,0.18,50.4,1.6
QDN417,228.0,228.0,280,0.18,50.4,1.6
QBI425,228.0,228.0,280,0.18,50.4,1.6
QCD463,228.0,228.0,280,0.18,50.4,1.6
QLX471,228.0,228.0,280,0.18,50.4,1.6
QHD473,228.0,228.0,280,0.18,50.4,1.6
QCD018,228.0,228.0,280,0.18,50.4,1.6
QCD019,228.0,228.0,280,0.18,50.4,1.6
QCD022,228.0,228.0,280,0.18,50.4,1.6
QCD025,228.0,228.0,280,0.18,50.4,1.6
QTY034,228.0,228.0,280,0.18,50.4,1.6
QTY016,228.0,228.0,280,0.18,50.4,1.6
QHD191,228.0,228.0,280,0.18,50.4,1.6
QRN416,228.0,228.0,280,0.18,50.4,1.6
QCD026,228.0,228.0,280,0.18,50.4,1.6
QDN337,228.0,228.0,280,0.18,50.4,1.6
QGL110,228.0,228.0,280,0.18,50.4,1.6
QBJ178,228.0,228.0,280,0.18,50.4,1.6
QDN188,228.0,228.0,280,0.18,50.4,1.6
QHD208,228.0,228.0,280,0.18,50.4,1.6
QCN212,228.0,228.0,280,0.18,50.4,1.6
QDN214,228.0,228.0,280,0.18,50.4,1.6
QHD216,228.0,228.0,280,0.18,50.4,1.6
QRE228,228.0,228.0,280,0.18,50.4,1.6
QHY234,228.0,228.0,280,0.18,50.4,1.6
QBI251,228.0,228.0,280,0.18,50.4,1.6
QHD252,228.0,228.0,280,0.18,50.4,1.6
QHT260,228.0,228.0,280,0.18,50.4,1.6
QHT261,228.0,228.0,280,0.18,50.4,1.6
QBI264,228.0,228.0,280,0.18,50.4,1.6
QHI286,228.0,228.0,280,0.18,50.4,1.6
QFW291,228.0,228.0,280,0.18,50.4,1.6
QMZ294,228.0,228.0,280,0.18,50.4,1.6
QHI301,228.0,228.0,280,0.18,50.4,1.6
QBI329,228.0,228.0,280,0.18,50.4,1.6
QBI330,228.0,228.0,280,0.18,50.4,1.6
QCN331,228.0,228.0,280,0.18,50.4,1.6
QZT335,228.0,228.0,280,0.18,50.4,1.6
QBR-W BK-1003,218.0,218.0,270,0.18,48.6,3.4
QBR-W CV-1201,218.0,218.0,270,0.18,48.6,3.4
QBR-W GW-1807,218.0,218.0,270,0.18,48.6,3.4
QBR-W GW-1810,218.0,218.0,270,0.18,48.6,3.4
QBR-A 0095,218.0,218.0,270,0.18,48.6,3.4
16-016,182.0,182.0,230,0.18,41.4,6.6
12-004,182.0,182.0,230,0.18,41.4,6.6
12-011,182.0,182.0,230,0.18,41.4,6.6
12-015,182.0,182.0,230,0.18,41.4,6.6
12-016,182.0,182.0,230,0.18,41.4,6.6
13-015,182.0,182.0,230,0.18,41.4,6.6
15-202,182.0,182.0,230,0.18,41.4,6.6
20-001,182.0,182.0,230,0.18,41.4,6.6
20-004,182.0,182.0,230,0.18,41.4,6.6
20-005,182.0,182.0,230,0.18,41.4,6.6
20-007,182.0,182.0,230,0.18,41.4,6.6
QBR-W CV-1501,182.0,182.0,230,0.18,41.4,6.6
QBR-A 0085,182.0,182.0,230,0.18,41.4,6.6
QBR-A 0008,182.0,182.0,230,0.18,41.4,6.6
QBR-A 0012A,182.0,182.0,230,0.18,41.4,6.6
QBR-A 0019,182.0,182.0,230,0.18,41.4,6.6
QBR-A 0051A,182.0,182.0,230,0.18,41.4,6.6
QBR-A 0059,182.0,182.0,230,0.18,41.4,6.6
QBR-A 0081,182.0,182.0,230,0.18,41.4,6.6
QBR-A 0104,182.0,182.0,230,0.18,41.4,6.6
QBR-A 0105,182.0,182.0,230,0.18,41.4,6.6
QBR-A 01110,182.0,182.0,230,0.18,41.4,6.6
QBR-A 01120,182.0,182.0,230,0.18,41.4,6.6
QBR-A 1000,182.0,182.0,230,0.18,41.4,6.6
QBR-A 0034,182.0,182.0,230,0.18,41.4,6.6
QBR-A 0016,182.0,182.0,230,0.18,41.4,6.6
QBR-A 0006A,182.0,182.0,230,0.18,41.4,6.6
QBR-A 0040,182.0,182.0,230,0.18,41.4,6.6
QBR-A 0047,182.0,182.0,230,0.18,41.4,6.6
QBR-A 01114,182.0,182.0,230,0.18,41.4,6.6
QBR-A 0125,182.0,182.0,230,0.18,41.4,6.6
QBR-A 0126,182.0,182.0,230,0.18,41.4,6.6
QBR-A 0128,182.0,182.0,230,0.18,41.4,6.6
QBR-A 0013,182.0,182.0,230,0.18,41.4,6.6
QBR-A 0154,182.0,182.0,230,0.18,41.4,6.6
QBR-A 0048,182.0,182.0,230,0.18,41.4,6.6
QBR-A 0052,182.0,182.0,230,0.18,41.4,6.6
Q-Screws-60mm,182.0,182.0,210,0.13,27.3,0.7
QBR-A 0007,146.0,146.0,180,0.18,32.4,1.6
QBR-A 0041,146.0,146.0,180,0.18,32.4,1.6
QBR-A 0065,146.0,146.0,180,0.18,32.4,1.6
QBR-A 0093,146.0,146.0,180,0.18,32.4,1.6
QBR-A 0027,146.0,146.0,180,0.18,32.4,1.6
QBR-A 0023,146.0,146.0,180,0.18,32.4,1.6
QBR-A 0024,146.0,146.0,180,0.18,32.4,1.6
QBR-A 0036,146.0,146.0,180,0.18,32.4,1.6
QBR-A 0099,146.0,146.0,180,0.18,32.4,1.6
QBR-A 0124,146.0,146.0,180,0.18,32.4,1.6
QBR-A 0127,146.0,146.0,180,0.18,32.4,1.6
QBR-A 0129,146.0,146.0,180,0.18,32.4,1.6
QBR-A 0130,146.0,146.0,180,0.18,32.4,1.6
QBR-A 0131,146.0,146.0,180,0.18,32.4,1.6
QBR-A 0132,146.0,146.0,180,0.18,32.4,1.6
QBR-A 0137,146.0,146.0,180,0.18,32.4,1.6
QBR-A 0143,146.0,146.0,180,0.18,32.4,1.6
QBR-A 0069,146.0,146.0,180,0.18,32.4,1.6
QBR-A 0044,146.0,146.0,180,0.18,32.4,1.6
13-017,137.0,137.0,170,0.18,30.6,2.4
Q05,137.0,137.0,170,0.18,30.6,2.4
QBR-A 0091,109.0,109.0,140,0.18,25.2,5.8
QBR-F 4066-50,114.0,114.0,140,0.18,25.2,0.8
