cat	catName	code	attr	type	source	value	sku
9478	Вагінальні кульки та тренажери	13954	Тип товару	select	db	тренажер	AL40571
9466	Вібратори	10173	Підігрів	select	binary		SO1340
9466	Вібратори	3369	Призначення	select	none		SO1340
9466	Вібратори	3106	Вид	select	none		SO1340
9466	Вібратори	3103	Тип приладу	select	none		SO1340
9466	Вібратори	13037	Конструкція	select	none		SO1340
9466	Вібратори	10210	Керування через застосунок (Smart)	select	binary		SO1340
9466	Вібратори	9977	Кілька насадок	select	binary		SO1340
9466	Вібратори	4212	Кількість режимів роботи	select	none		SO1340
9466	Вібратори	11988	Кріплення на присоску	select	binary		SO1340
9466	Вібратори	11367	Телескопічний	select	binary		SO1340
9624	Засоби для збільшення члену	15782	Збільшення довжини	select	binary		PJ12910
9624	Засоби для збільшення члену	15754	Їстівна формула	select	binary		PJ12910
9624	Засоби для збільшення члену	15749	Збуджуючий	select	binary		PJ12910
9624	Засоби для збільшення члену	15781	Тип впливу	select	none		PJ12910
9624	Засоби для збільшення члену	15783	Збільшення товщини	select	binary		PJ12910
9624	Засоби для збільшення члену	15784	Посилення ерекції	select	binary		PJ12910
9624	Засоби для збільшення члену	15768	Посилення чутливості	select	binary		PJ12910
9624	Засоби для збільшення члену	15785	Подовження статевого акту	select	binary		PJ12910
9624	Засоби для збільшення члену	15786	Посилення кровообігу	select	binary		PJ12910
9624	Засоби для збільшення члену	15780	Тип	select	none		PJ12910
9624	Засоби для збільшення члену	15787	З перцем	select	binary		PJ12910
9624	Засоби для збільшення члену	15766	Аромат	select	none		PJ12910
9624	Засоби для збільшення члену	15764	Основа засобу	select	none		PJ12910
9624	Засоби для збільшення члену	15788	Для джелкінгу (масажний)	select	binary		PJ12910
9632	Олія для еротичного масажу	15742	Об’єм	select	prom-inval	50	SO2357
9632	Олія для еротичного масажу	15741	Кількість	select	none		SO2357
9620	Аксесуари для мастурбаторів	15300	Основний матеріал	select	none		F19266
9620	Аксесуари для мастурбаторів	78	Колір виробника	multiselect	text-many	айс, вайс, він	F19266
9468	Секс-ляльки	5223	Анальний отвір	select	binary		SO2490
9468	Секс-ляльки	5414	Тип фігури	select	text	середня	SO2490
9468	Секс-ляльки	6092	Позиція тіла	select	none		SO2490
9468	Секс-ляльки	6303	Тип ляльки	select	none		SO2490
9468	Секс-ляльки	6151	Стать ляльки	select	none		SO2490
9468	Секс-ляльки	4251	Сенсорне реагування	select	binary		SO2490
9468	Секс-ляльки	4793	Звукові ефекти	select	binary		SO2490
9468	Секс-ляльки	5255	Вагінальний отвір	select	binary		SO2490
9468	Секс-ляльки	5262	Колір волосся	select	none		SO2490
9468	Секс-ляльки	5024	Сумісність з VR	select	binary		SO2490
9468	Секс-ляльки	5181	Статевий член	select	binary		SO2490
9468	Секс-ляльки	5197	Оральний отвір	select	binary		SO2490
9474	Насадки на член	7192	Текстура поверхні	select	none		MD0388
9474	Насадки на член	7215	Тип	select	none		MD0388
9474	Насадки на член	13037	Конструкція	select	prom-inval	односторонні	MD0388
9466	Вібратори	4212	Кількість режимів роботи	select	db-inval	160	SO1403
9526	Аксесуари до інтимних іграшок	14746	Тип аксесуара	select	none		BM-VP
9526	Аксесуари до інтимних іграшок	14747	Основний матеріал	select	none		BM-VP
9526	Аксесуари до інтимних іграшок	78	Колір виробника	multiselect	none		BM-VP
9526	Аксесуари до інтимних іграшок	2845	Колір	select	none		BM-VP
9632	Олія для еротичного масажу	15744	Аромат	select	db	ваніль	SO2373
9632	Олія для еротичного масажу	15743	Стать	select	db	унісекс	SO2373
9632	Олія для еротичного масажу	15742	Об’єм	select	db-inval	3	SO2373
9632	Олія для еротичного масажу	15741	Кількість	select	none		SO2373
9472	Мастурбатори	3106	Вид	select	db	реалістичні	MD1137
9632	Олія для еротичного масажу	15742	Об’єм	select	prom-inval	100	SO2379
9632	Олія для еротичного масажу	15741	Кількість	select	none		SO2379
9624	Засоби для збільшення члену	15782	Збільшення довжини	select	binary		PJ12900
9624	Засоби для збільшення члену	15754	Їстівна формула	select	binary		PJ12900
9624	Засоби для збільшення члену	15781	Тип впливу	select	text	накопичувальний	PJ12900
9624	Засоби для збільшення члену	15783	Збільшення товщини	select	binary		PJ12900
9624	Засоби для збільшення члену	15784	Посилення ерекції	select	binary		PJ12900
9624	Засоби для збільшення члену	15785	Подовження статевого акту	select	binary		PJ12900
9624	Засоби для збільшення члену	15786	Посилення кровообігу	select	binary		PJ12900
9624	Засоби для збільшення члену	15780	Тип	select	text	крем	PJ12900
9624	Засоби для збільшення члену	15787	З перцем	select	binary		PJ12900
9624	Засоби для збільшення члену	15766	Аромат	select	none		PJ12900
9624	Засоби для збільшення члену	15764	Основа засобу	select	none		PJ12900
9624	Засоби для збільшення члену	15788	Для джелкінгу (масажний)	select	binary		PJ12900
9484	Анальні пробки	13948	Тип товару	select	none		SO1998
9484	Анальні пробки	11579	Вібрація	select	binary		SO1998
9484	Анальні пробки	11098	Тип живлення	select	none		SO1998
9484	Анальні пробки	12731	Матеріал	select	none		SO1998
9484	Анальні пробки	12891	Форма	select	prom-inval	конусна	SO1998
9484	Анальні пробки	10173	Підігрів	select	binary		SO1998
9632	Олія для еротичного масажу	15742	Об’єм	select	prom-inval	59	SO1851
9632	Олія для еротичного масажу	15741	Кількість	select	none		SO1851
9470	Ерекційні кільця	13037	Конструкція	select	db-inval	односторонні	AD30649
9470	Ерекційні кільця	3369	Призначення	select	db-inval	кліторні	AD30649
9628	Засоби для орального сексу	15749	Збуджуючий	select	binary		SO2367
9628	Засоби для орального сексу	15766	Аромат	select	none		SO2367
9628	Засоби для орального сексу	15768	Посилення чутливості	select	binary		SO2367
9628	Засоби для орального сексу	15769	Посилення слиновиділення	select	binary		SO2367
9628	Засоби для орального сексу	15770	Віброефект	select	binary		SO2367
9628	Засоби для орального сексу	15743	Стать	select	none		SO2367
9628	Засоби для орального сексу	15745	Зігріваючий	select	binary		SO2367
9628	Засоби для орального сексу	15750	Зволожуючий	select	binary		SO2367
9628	Засоби для орального сексу	15763	Тип	select	text	гель	SO2367
9628	Засоби для орального сексу	15765	Смак	select	none		SO2367
9628	Засоби для орального сексу	15771	Сумісність з презервативами	select	binary		SO2367
9628	Засоби для орального сексу	15772	Сумісність з секс-іграшками	select	binary		SO2367
9628	Засоби для орального сексу	15773	Веганський	select	binary		SO2367
9628	Засоби для орального сексу	15774	Тип упаковки	select	none		SO2367
9628	Засоби для орального сексу	15747	Розслаблюючий	select	binary		SO2367
9632	Олія для еротичного масажу	15744	Аромат	select	db	без аромату	SO2503
9632	Олія для еротичного масажу	15743	Стать	select	db	унісекс	SO2503
9632	Олія для еротичного масажу	15742	Об’єм	select	db-inval	100	SO2503
9632	Олія для еротичного масажу	15741	Кількість	select	none		SO2503
9550	Анальний душ	78	Колір виробника	multiselect	text-many	224, black, він	NA001
9550	Анальний душ	757	Довжина шланга	float	none		NA001
9526	Аксесуари до інтимних іграшок	14746	Тип аксесуара	select	none		HM-VP
9526	Аксесуари до інтимних іграшок	14747	Основний матеріал	select	none		HM-VP
9526	Аксесуари до інтимних іграшок	78	Колір виробника	multiselect	none		HM-VP
9526	Аксесуари до інтимних іграшок	2845	Колір	select	none		HM-VP
9470	Ерекційні кільця	13037	Конструкція	select	prom-inval	односторонні	AD30393
9470	Ерекційні кільця	3369	Призначення	select	prom-inval	кліторні	AD30393
9526	Аксесуари до інтимних іграшок	14746	Тип аксесуара	select	none		ME041
9526	Аксесуари до інтимних іграшок	14747	Основний матеріал	select	none		ME041
9526	Аксесуари до інтимних іграшок	78	Колір виробника	multiselect	none		ME041
9526	Аксесуари до інтимних іграшок	2845	Колір	select	none		ME041
9632	Олія для еротичного масажу	15742	Об’єм	select	prom-inval	59	SO1839
9632	Олія для еротичного масажу	15741	Кількість	select	none		SO1839
9630	Свічки для інтимного масажу	15742	Об’єм	select	db-inval	80	SO1848
9630	Свічки для інтимного масажу	15741	Кількість	select	none		SO1848
9630	Свічки для інтимного масажу	15761	Час горіння	select	db	до 3 годин	SO1848
9630	Свічки для інтимного масажу	15762	Тип воску	select	db	комбінований	SO1848
9630	Свічки для інтимного масажу	15744	Аромат	select	db	полуниця	SO1848
9630	Свічки для інтимного масажу	15743	Стать	select	db	унісекс	SO1848
9468	Секс-ляльки	5223	Анальний отвір	select	binary		SO1263
9468	Секс-ляльки	5414	Тип фігури	select	none		SO1263
9468	Секс-ляльки	6092	Позиція тіла	select	none		SO1263
9468	Секс-ляльки	6303	Тип ляльки	select	none		SO1263
9468	Секс-ляльки	6151	Стать ляльки	select	none		SO1263
9468	Секс-ляльки	4251	Сенсорне реагування	select	binary		SO1263
9468	Секс-ляльки	4793	Звукові ефекти	select	binary		SO1263
9468	Секс-ляльки	5255	Вагінальний отвір	select	binary		SO1263
9468	Секс-ляльки	5262	Колір волосся	select	none		SO1263
9468	Секс-ляльки	5024	Сумісність з VR	select	binary		SO1263
9468	Секс-ляльки	5181	Статевий член	select	binary		SO1263
9468	Секс-ляльки	5197	Оральний отвір	select	binary		SO1263
9484	Анальні пробки	13948	Тип товару	select	none		SO1339
9484	Анальні пробки	11098	Тип живлення	select	none		SO1339
9484	Анальні пробки	12891	Форма	select	none		SO1339
9484	Анальні пробки	10173	Підігрів	select	binary		SO1339
9630	Свічки для інтимного масажу	15742	Об’єм	select	prom-inval	80	SO1858
9630	Свічки для інтимного масажу	15741	Кількість	select	none		SO1858
7216	Еротична білизна	13949	Стать	select	none		SO2224
7216	Еротична білизна	13948	Тип товару	select	db-inval	бандаж/фіксатор	SO2224
7216	Еротична білизна	12923	Розмір	select	none		SO2224
3141	Сіль для ванни	2856	Стать	multiselect	none		SO2542
3141	Сіль для ванни	51	Вид	multiselect	none		SO2542
3141	Сіль для ванни	2854	Призначення	multiselect	none		SO2542
3141	Сіль для ванни	150	Вага	float	none		SO2542
3141	Сіль для ванни	9502	Клас косметики	multiselect	none		SO2542
3141	Сіль для ванни	6687	Аромат	multiselect	none		SO2542
9526	Аксесуари до інтимних іграшок	14746	Тип аксесуара	select	none		ME012
9526	Аксесуари до інтимних іграшок	14747	Основний матеріал	select	none		ME012
9526	Аксесуари до інтимних іграшок	78	Колір виробника	multiselect	none		ME012
9526	Аксесуари до інтимних іграшок	2845	Колір	select	none		ME012
9630	Свічки для інтимного масажу	15742	Об’єм	select	db-inval	80	SO1850
9630	Свічки для інтимного масажу	15741	Кількість	select	none		SO1850
9630	Свічки для інтимного масажу	15761	Час горіння	select	db	до 3 годин	SO1850
9630	Свічки для інтимного масажу	15762	Тип воску	select	db	комбінований	SO1850
9630	Свічки для інтимного масажу	15744	Аромат	select	db	без аромату	SO1850
9630	Свічки для інтимного масажу	15743	Стать	select	db	унісекс	SO1850
9620	Аксесуари для мастурбаторів	15300	Основний матеріал	select	none		F16647
9620	Аксесуари для мастурбаторів	78	Колір виробника	multiselect	text	тан	F16647
9632	Олія для еротичного масажу	15744	Аромат	select	db	без аромату	SO2383
9632	Олія для еротичного масажу	15743	Стать	select	db	унісекс	SO2383
9632	Олія для еротичного масажу	15742	Об’єм	select	db-inval	3	SO2383
9632	Олія для еротичного масажу	15741	Кількість	select	none		SO2383
9616	Аксесуари для страпонів	78	Колір виробника	multiselect	text-many	100, ash, бавовна	AD40779
9472	Мастурбатори	3106	Вид	select	db	реалістичні	F12441
9460	Еротичні приколи та сувеніри	12731	Матеріал	select	prom-inval	SuperSkin, Метал	F35211
9630	Свічки для інтимного масажу	15742	Об’єм	select	db-inval	30	SO2516
9630	Свічки для інтимного масажу	15741	Кількість	select	none		SO2516
9630	Свічки для інтимного масажу	15761	Час горіння	select	db	до 3 годин	SO2516
9630	Свічки для інтимного масажу	15762	Тип воску	select	db	парафін (рафінований косметичний)	SO2516
9630	Свічки для інтимного масажу	15744	Аромат	select	db	троянда	SO2516
9630	Свічки для інтимного масажу	15743	Стать	select	db	унісекс	SO2516
9466	Вібратори	10173	Підігрів	select	binary		AL20431
9466	Вібратори	3369	Призначення	select	none		AL20431
9466	Вібратори	3106	Вид	select	none		AL20431
9466	Вібратори	3103	Тип приладу	select	none		AL20431
9466	Вібратори	13037	Конструкція	select	none		AL20431
9466	Вібратори	10210	Керування через застосунок (Smart)	select	binary		AL20431
9466	Вібратори	9977	Кілька насадок	select	binary		AL20431
9466	Вібратори	4212	Кількість режимів роботи	select	none		AL20431
9466	Вібратори	11988	Кріплення на присоску	select	binary		AL20431
9466	Вібратори	11953	Водонепроникний	select	binary		AL20431
9466	Вібратори	11367	Телескопічний	select	binary		AL20431
9470	Ерекційні кільця	13037	Конструкція	select	prom-inval	з мошонкою	SO2443
9470	Ерекційні кільця	3369	Призначення	select	prom-inval	вагінальні	SO2443
7216	Еротична білизна	13949	Стать	select	none		SO3131
7216	Еротична білизна	13948	Тип товару	select	prom-inval	набір	SO3131
7216	Еротична білизна	12923	Розмір	select	none		SO3131
9472	Мастурбатори	3106	Вид	select	db	реалістичні	SO3940
9632	Олія для еротичного масажу	15744	Аромат	select	db	без аромату	SO1208
9632	Олія для еротичного масажу	15743	Стать	select	db	унісекс	SO1208
9632	Олія для еротичного масажу	15742	Об’єм	select	db-inval	3	SO1208
9632	Олія для еротичного масажу	15741	Кількість	select	none		SO1208
3219	Засоби після гоління	1098	Об'єм	float	db-num	100	PJ11870
3219	Засоби після гоління	2856	Стать	multiselect	none		PJ11870
3219	Засоби після гоління	3087	Тип засобу	select	none		PJ11870
3219	Засоби після гоління	3088	Дія засобу	multiselect	none		PJ11870
3219	Засоби після гоління	9502	Клас косметики	multiselect	none		PJ11870
3219	Засоби після гоління	2855	Тип шкіри	multiselect	none		PJ11870
9470	Ерекційні кільця	13037	Конструкція	select	prom-inval	з мошонкою	SO2444
9470	Ерекційні кільця	3369	Призначення	select	prom-inval	кліторні	SO2444
9448	Догляд за секс-іграшками	14036	Дія	select	db	догляд та відновлення	SO2004
9448	Догляд за секс-іграшками	14024	Тип засобу	select	db	спрей	SO2004
9578	Меблі для сексу	762	Вага	float	none		SO4424
9578	Меблі для сексу	2470	Довжина	float	prom-num	1270	SO4424
9578	Меблі для сексу	111	Ширина	float	none		SO4424
9578	Меблі для сексу	110	Висота	float	none		SO4424
5116	Менструальні чаші	12097	Базовий колір	multiselect	none		SO3583
5116	Менструальні чаші	5406	Ароматизовані	select	binary		SO3583
5116	Менструальні чаші	78	Колір виробника	multiselect	none		SO3583
5116	Менструальні чаші	1098	Об'єм	float	db-num	15	SO3583
5116	Менструальні чаші	2847	Кількість в упаковці	float	none		SO3583
5116	Менструальні чаші	5408	Розмір	multiselect	none		SO3583
9460	Еротичні приколи та сувеніри	13948	Тип товару	select	db	мило	SO4799
9460	Еротичні приколи та сувеніри	13948	Тип товару	select	db	мило	SO4802
9630	Свічки для інтимного масажу	15742	Об’єм	select	db-inval	30	SO4478
9630	Свічки для інтимного масажу	15741	Кількість	select	none		SO4478
9630	Свічки для інтимного масажу	15761	Час горіння	select	db	до 3 годин	SO4478
9630	Свічки для інтимного масажу	15762	Тип воску	select	db	соєвий	SO4478
9630	Свічки для інтимного масажу	15744	Аромат	select	db	без аромату	SO4478
9630	Свічки для інтимного масажу	15743	Стать	select	db	унісекс	SO4478
9474	Насадки на член	13039	Вид	select	db	нереалістичні	MD0609
9472	Мастурбатори	12731	Матеріал	select	prom-inval	Поліуретан	SO1648
9620	Аксесуари для мастурбаторів	15300	Основний матеріал	select	none		F16630
9620	Аксесуари для мастурбаторів	78	Колір виробника	multiselect	text-many	бук, він, лайт	F16630
9632	Олія для еротичного масажу	15744	Аромат	select	db	ваніль	SO3216
9632	Олія для еротичного масажу	15743	Стать	select	db	для чоловіків	SO3216
9632	Олія для еротичного масажу	15742	Об’єм	select	db-inval	125	SO3216
9632	Олія для еротичного масажу	15741	Кількість	select	none		SO3216
9628	Засоби для орального сексу	15766	Аромат	select	db	солона карамель	SO3201
9628	Засоби для орального сексу	15743	Стать	select	db	унісекс	SO3201
9628	Засоби для орального сексу	15763	Тип	select	db	олія	SO3201
9628	Засоби для орального сексу	15765	Смак	select	db	солона карамель	SO3201
9628	Засоби для орального сексу	15774	Тип упаковки	select	db	пляшка з дозатором	SO3201
9484	Анальні пробки	13948	Тип товару	select	none		SO2787
9484	Анальні пробки	11579	Вібрація	select	binary		SO2787
9484	Анальні пробки	11098	Тип живлення	select	none		SO2787
9484	Анальні пробки	12731	Матеріал	select	prom-inval	ПВХ	SO2787
9484	Анальні пробки	12891	Форма	select	prom-inval	конусна	SO2787
9484	Анальні пробки	10173	Підігрів	select	binary		SO2787
7216	Еротична білизна	13949	Стать	select	none		SO3448
7216	Еротична білизна	13948	Тип товару	select	db-inval	бандаж/фіксатор	SO3448
7216	Еротична білизна	12923	Розмір	select	none		SO3448
9632	Олія для еротичного масажу	15758	Без ароматизаторів	select	binary		SO2551
9632	Олія для еротичного масажу	15757	Без гліцерину	select	binary		SO2551
9632	Олія для еротичного масажу	15756	Без парабенів	select	binary		SO2551
9632	Олія для еротичного масажу	15755	Органічний продукт	select	binary		SO2551
9632	Олія для еротичного масажу	15754	Їстівна формула	select	binary		SO2551
9632	Олія для еротичного масажу	15753	Антистресовий	select	binary		SO2551
9632	Олія для еротичного масажу	15752	Пом'якшуючий	select	binary		SO2551
9632	Олія для еротичного масажу	15750	Зволожуючий	select	binary		SO2551
9632	Олія для еротичного масажу	15744	Аромат	select	none		SO2551
9632	Олія для еротичного масажу	15743	Стать	select	none		SO2551
9632	Олія для еротичного масажу	15742	Об’єм	select	prom-inval	450	SO2551
9632	Олія для еротичного масажу	15741	Кількість	select	none		SO2551
9632	Олія для еротичного масажу	15745	Зігріваючий	select	binary		SO2551
9632	Олія для еротичного масажу	15746	Охолоджуючий	select	binary		SO2551
9632	Олія для еротичного масажу	15747	Розслаблюючий	select	binary		SO2551
9632	Олія для еротичного масажу	15748	Тонізуючий	select	binary		SO2551
9632	Олія для еротичного масажу	15759	З феромонами	select	binary		SO2551
9526	Аксесуари до інтимних іграшок	14746	Тип аксесуара	select	db	насадка	SO4096
9526	Аксесуари до інтимних іграшок	78	Колір виробника	multiselect	none		SO4096
9526	Аксесуари до інтимних іграшок	2845	Колір	select	none		SO4096
9526	Аксесуари до інтимних іграшок	14746	Тип аксесуара	select	none		SO3363
9526	Аксесуари до інтимних іграшок	14747	Основний матеріал	select	none		SO3363
9526	Аксесуари до інтимних іграшок	78	Колір виробника	multiselect	text	тан	SO3363
9526	Аксесуари до інтимних іграшок	2845	Колір	select	none		SO3363
9460	Еротичні приколи та сувеніри	12731	Матеріал	select	prom-inval	SuperSkin	F35310
9632	Олія для еротичного масажу	15744	Аромат	select	db	кокос	SO2374
9632	Олія для еротичного масажу	15743	Стать	select	db	унісекс	SO2374
9632	Олія для еротичного масажу	15742	Об’єм	select	db-inval	3	SO2374
9632	Олія для еротичного масажу	15741	Кількість	select	none		SO2374
9472	Мастурбатори	3106	Вид	select	db	нереалістичні	F19723
9526	Аксесуари до інтимних іграшок	14746	Тип аксесуара	select	none		ME011
9526	Аксесуари до інтимних іграшок	14747	Основний матеріал	select	none		ME011
9526	Аксесуари до інтимних іграшок	78	Колір виробника	multiselect	none		ME011
9526	Аксесуари до інтимних іграшок	2845	Колір	select	none		ME011
9466	Вібратори	10173	Підігрів	select	binary		SO1644
9466	Вібратори	3369	Призначення	select	prom-inval	для стимуляції вульви	SO1644
9466	Вібратори	3106	Вид	select	none		SO1644
9466	Вібратори	3103	Тип приладу	select	text	вакуумний стимулятор	SO1644
9466	Вібратори	13037	Конструкція	select	none		SO1644
9466	Вібратори	10210	Керування через застосунок (Smart)	select	binary		SO1644
9466	Вібратори	9977	Кілька насадок	select	binary		SO1644
9466	Вібратори	12731	Матеріал	select	prom-inval	Силікон | ABS-пластик	SO1644
9466	Вібратори	11988	Кріплення на присоску	select	binary		SO1644
9466	Вібратори	11953	Водонепроникний	select	binary		SO1644
9466	Вібратори	11367	Телескопічний	select	binary		SO1644
9632	Олія для еротичного масажу	15758	Без ароматизаторів	select	binary		SO2364
9632	Олія для еротичного масажу	15757	Без гліцерину	select	binary		SO2364
9632	Олія для еротичного масажу	15756	Без парабенів	select	binary		SO2364
9632	Олія для еротичного масажу	15755	Органічний продукт	select	binary		SO2364
9632	Олія для еротичного масажу	15753	Антистресовий	select	binary		SO2364
9632	Олія для еротичного масажу	15752	Пом'якшуючий	select	binary		SO2364
9632	Олія для еротичного масажу	15750	Зволожуючий	select	binary		SO2364
9632	Олія для еротичного масажу	15749	Збуджуючий	select	binary		SO2364
9632	Олія для еротичного масажу	15744	Аромат	select	text	кокос	SO2364
9632	Олія для еротичного масажу	15743	Стать	select	none		SO2364
9632	Олія для еротичного масажу	15742	Об’єм	select	prom-inval	30	SO2364
9632	Олія для еротичного масажу	15741	Кількість	select	text	набір	SO2364
9632	Олія для еротичного масажу	15746	Охолоджуючий	select	binary		SO2364
9632	Олія для еротичного масажу	15747	Розслаблюючий	select	binary		SO2364
9632	Олія для еротичного масажу	15748	Тонізуючий	select	binary		SO2364
9632	Олія для еротичного масажу	15759	З феромонами	select	binary		SO2364
9628	Засоби для орального сексу	15766	Аромат	select	db	цитрусовий	SO3205
9628	Засоби для орального сексу	15743	Стать	select	db	унісекс	SO3205
9628	Засоби для орального сексу	15763	Тип	select	db	льодяники	SO3205
9628	Засоби для орального сексу	15765	Смак	select	db-inval	м'ятна жуйка	SO3205
9628	Засоби для орального сексу	15774	Тип упаковки	select	db	пляшка з дозатором	SO3205
9630	Свічки для інтимного масажу	15742	Об’єм	select	db-inval	170	SO2515
9630	Свічки для інтимного масажу	15741	Кількість	select	none		SO2515
9630	Свічки для інтимного масажу	15761	Час горіння	select	db	до 3 годин	SO2515
9630	Свічки для інтимного масажу	15762	Тип воску	select	db	комбінований	SO2515
9630	Свічки для інтимного масажу	15744	Аромат	select	db	без аромату	SO2515
9630	Свічки для інтимного масажу	15743	Стать	select	db	унісекс	SO2515
9632	Олія для еротичного масажу	15742	Об’єм	select	prom-inval	100	SO2371
9632	Олія для еротичного масажу	15741	Кількість	select	none		SO2371
9470	Ерекційні кільця	3369	Призначення	select	prom-inval	кліторні	SO2738
9630	Свічки для інтимного масажу	15742	Об’єм	select	db-inval	170	SO2514
9630	Свічки для інтимного масажу	15741	Кількість	select	none		SO2514
9630	Свічки для інтимного масажу	15761	Час горіння	select	db	до 3 годин	SO2514
9630	Свічки для інтимного масажу	15762	Тип воску	select	db	комбінований	SO2514
9630	Свічки для інтимного масажу	15744	Аромат	select	db	шоколад	SO2514
9630	Свічки для інтимного масажу	15743	Стать	select	db	унісекс	SO2514
9526	Аксесуари до інтимних іграшок	14746	Тип аксесуара	select	none		SO2463
9526	Аксесуари до інтимних іграшок	14747	Основний матеріал	select	none		SO2463
9526	Аксесуари до інтимних іграшок	78	Колір виробника	multiselect	text-many	ash, ніч, тан	SO2463
9526	Аксесуари до інтимних іграшок	2845	Колір	select	none		SO2463
9474	Насадки на член	13039	Вид	select	db	реалістичні	SO3718
9460	Еротичні приколи та сувеніри	13948	Тип товару	select	db	мило	SO2632
9484	Анальні пробки	13948	Тип товару	select	db	анальний душ	ACE001
9484	Анальні пробки	11098	Тип живлення	select	prom-inval	Батарейки	ACE001
9470	Ерекційні кільця	9698	Текстура поверхні	select	db	гладка	SO2744
9470	Ерекційні кільця	13037	Конструкція	select	db	одинарні	SO2744
9470	Ерекційні кільця	3369	Призначення	select	db	підтримка ерекції	SO2744
9470	Ерекційні кільця	9695	Тип	select	db	кільце	SO2744
9632	Олія для еротичного масажу	15744	Аромат	select	db	без аромату	SO1206
9632	Олія для еротичного масажу	15743	Стать	select	db	унісекс	SO1206
9632	Олія для еротичного масажу	15742	Об’єм	select	db-inval	3	SO1206
9632	Олія для еротичного масажу	15741	Кількість	select	none		SO1206
9460	Еротичні приколи та сувеніри	13948	Тип товару	select	db	мило	SO2644
9526	Аксесуари до інтимних іграшок	14746	Тип аксесуара	select	none		HM-30-LI
9526	Аксесуари до інтимних іграшок	14747	Основний матеріал	select	none		HM-30-LI
9526	Аксесуари до інтимних іграшок	78	Колір виробника	multiselect	text	тан	HM-30-LI
9526	Аксесуари до інтимних іграшок	2845	Колір	select	none		HM-30-LI
5116	Менструальні чаші	12097	Базовий колір	multiselect	none		SO3994
5116	Менструальні чаші	5406	Ароматизовані	select	binary		SO3994
5116	Менструальні чаші	78	Колір виробника	multiselect	text-many	ash, orange, агат	SO3994
5116	Менструальні чаші	1098	Об'єм	float	prom-num	15	SO3994
5116	Менструальні чаші	2847	Кількість в упаковці	float	none		SO3994
5116	Менструальні чаші	5408	Розмір	multiselect	none		SO3994
9550	Анальний душ	78	Колір виробника	multiselect	text-many	він, м 330, мос	SO2183
9550	Анальний душ	757	Довжина шланга	float	none		SO2183
9526	Аксесуари до інтимних іграшок	78	Колір виробника	multiselect	text-many	sage, бук, тис	SO3605
9526	Аксесуари до інтимних іграшок	2845	Колір	select	none		SO3605
9526	Аксесуари до інтимних іграшок	78	Колір виробника	multiselect	text-many	ash, black	SO2798
9526	Аксесуари до інтимних іграшок	78	Колір виробника	multiselect	text-many	тан, чорний	BM-081
9526	Аксесуари до інтимних іграшок	2845	Колір	select	text	чорний	BM-081
9466	Вібратори	10173	Підігрів	select	binary		SO2989
9466	Вібратори	3369	Призначення	select	db	вагінально-анальні	SO2989
9466	Вібратори	3106	Вид	select	db	нереалістичні	SO2989
9466	Вібратори	3103	Тип приладу	select	db	класичний вібратор	SO2989
9466	Вібратори	13037	Конструкція	select	db	подвійні	SO2989
9466	Вібратори	10210	Керування через застосунок (Smart)	select	binary		SO2989
9466	Вібратори	9977	Кілька насадок	select	binary		SO2989
9466	Вібратори	4212	Кількість режимів роботи	select	db	10	SO2989
9466	Вібратори	11988	Кріплення на присоску	select	binary		SO2989
9466	Вібратори	11953	Водонепроникний	select	binary		SO2989
9466	Вібратори	11367	Телескопічний	select	binary		SO2989
9632	Олія для еротичного масажу	15744	Аромат	select	db	без аромату	SO2386
9632	Олія для еротичного масажу	15743	Стать	select	db	унісекс	SO2386
9632	Олія для еротичного масажу	15742	Об’єм	select	db-inval	3	SO2386
9632	Олія для еротичного масажу	15741	Кількість	select	none		SO2386
9630	Свічки для інтимного масажу	15742	Об’єм	select	db-inval	170	SO2511
9630	Свічки для інтимного масажу	15741	Кількість	select	none		SO2511
9630	Свічки для інтимного масажу	15761	Час горіння	select	db	до 3 годин	SO2511
9630	Свічки для інтимного масажу	15762	Тип воску	select	db	комбінований	SO2511
9630	Свічки для інтимного масажу	15744	Аромат	select	db	ваніль	SO2511
9630	Свічки для інтимного масажу	15743	Стать	select	db	унісекс	SO2511
9628	Засоби для орального сексу	15749	Збуджуючий	select	binary		SO2554
9628	Засоби для орального сексу	15766	Аромат	select	none		SO2554
9628	Засоби для орального сексу	15769	Посилення слиновиділення	select	binary		SO2554
9628	Засоби для орального сексу	15770	Віброефект	select	binary		SO2554
9628	Засоби для орального сексу	15743	Стать	select	none		SO2554
9628	Засоби для орального сексу	15750	Зволожуючий	select	binary		SO2554
9628	Засоби для орального сексу	15763	Тип	select	none		SO2554
9628	Засоби для орального сексу	15765	Смак	select	none		SO2554
9628	Засоби для орального сексу	15771	Сумісність з презервативами	select	binary		SO2554
9628	Засоби для орального сексу	15772	Сумісність з секс-іграшками	select	binary		SO2554
9628	Засоби для орального сексу	15773	Веганський	select	binary		SO2554
9628	Засоби для орального сексу	15774	Тип упаковки	select	none		SO2554
9628	Засоби для орального сексу	15747	Розслаблюючий	select	binary		SO2554
9628	Засоби для орального сексу	15766	Аромат	select	db	цитрусовий	SO2533
9628	Засоби для орального сексу	15743	Стать	select	db	унісекс	SO2533
9628	Засоби для орального сексу	15763	Тип	select	db	гель	SO2533
9628	Засоби для орального сексу	15765	Смак	select	db	без смаку	SO2533
9628	Засоби для орального сексу	15774	Тип упаковки	select	db	пляшка з дозатором	SO2533
9632	Олія для еротичного масажу	15744	Аромат	select	db	без аромату	SO2387
9632	Олія для еротичного масажу	15743	Стать	select	db	унісекс	SO2387
9632	Олія для еротичного масажу	15742	Об’єм	select	db-inval	3	SO2387
9632	Олія для еротичного масажу	15741	Кількість	select	none		SO2387
9526	Аксесуари до інтимних іграшок	78	Колір виробника	multiselect	text-many	мос, тис, шовк	SO3018
9526	Аксесуари до інтимних іграшок	2845	Колір	select	none		SO3018
9632	Олія для еротичного масажу	15758	Без ароматизаторів	select	binary		SO2700
9632	Олія для еротичного масажу	15757	Без гліцерину	select	binary		SO2700
9632	Олія для еротичного масажу	15756	Без парабенів	select	binary		SO2700
9632	Олія для еротичного масажу	15755	Органічний продукт	select	binary		SO2700
9632	Олія для еротичного масажу	15754	Їстівна формула	select	binary		SO2700
9632	Олія для еротичного масажу	15753	Антистресовий	select	binary		SO2700
9632	Олія для еротичного масажу	15752	Пом'якшуючий	select	binary		SO2700
9632	Олія для еротичного масажу	15749	Збуджуючий	select	binary		SO2700
9632	Олія для еротичного масажу	15744	Аромат	select	none		SO2700
9632	Олія для еротичного масажу	15743	Стать	select	none		SO2700
9632	Олія для еротичного масажу	15742	Об’єм	select	prom-inval	100	SO2700
9632	Олія для еротичного масажу	15741	Кількість	select	none		SO2700
9632	Олія для еротичного масажу	15745	Зігріваючий	select	binary		SO2700
9632	Олія для еротичного масажу	15746	Охолоджуючий	select	binary		SO2700
9632	Олія для еротичного масажу	15747	Розслаблюючий	select	binary		SO2700
9632	Олія для еротичного масажу	15748	Тонізуючий	select	binary		SO2700
9632	Олія для еротичного масажу	15759	З феромонами	select	binary		SO2700
9632	Олія для еротичного масажу	15758	Без ароматизаторів	select	binary		SO4874
9632	Олія для еротичного масажу	15757	Без гліцерину	select	binary		SO4874
9632	Олія для еротичного масажу	15756	Без парабенів	select	binary		SO4874
9632	Олія для еротичного масажу	15755	Органічний продукт	select	binary		SO4874
9632	Олія для еротичного масажу	15753	Антистресовий	select	binary		SO4874
9632	Олія для еротичного масажу	15752	Пом'якшуючий	select	binary		SO4874
9632	Олія для еротичного масажу	15749	Збуджуючий	select	binary		SO4874
9632	Олія для еротичного масажу	15744	Аромат	select	none		SO4874
9632	Олія для еротичного масажу	15743	Стать	select	none		SO4874
9632	Олія для еротичного масажу	15742	Об’єм	select	prom-inval	150	SO4874
9632	Олія для еротичного масажу	15741	Кількість	select	none		SO4874
9632	Олія для еротичного масажу	15745	Зігріваючий	select	binary		SO4874
9632	Олія для еротичного масажу	15746	Охолоджуючий	select	binary		SO4874
9632	Олія для еротичного масажу	15747	Розслаблюючий	select	binary		SO4874
9632	Олія для еротичного масажу	15748	Тонізуючий	select	binary		SO4874
9632	Олія для еротичного масажу	15759	З феромонами	select	binary		SO4874
9632	Олія для еротичного масажу	15744	Аромат	select	db	без аромату	SO4495
9632	Олія для еротичного масажу	15743	Стать	select	db	унісекс	SO4495
9632	Олія для еротичного масажу	15742	Об’єм	select	db-inval	240	SO4495
9632	Олія для еротичного масажу	15741	Кількість	select	none		SO4495
9632	Олія для еротичного масажу	15744	Аромат	select	db	без аромату	SO2385
9632	Олія для еротичного масажу	15743	Стать	select	db	унісекс	SO2385
9632	Олія для еротичного масажу	15742	Об’єм	select	db-inval	3	SO2385
9632	Олія для еротичного масажу	15741	Кількість	select	none		SO2385
9484	Анальні пробки	13948	Тип товару	select	db	анальний душ	SO1639
9484	Анальні пробки	11098	Тип живлення	select	prom-inval	Батарейки	SO1639
9632	Олія для еротичного масажу	15742	Об’єм	select	prom-inval	50	SO2381
9632	Олія для еротичного масажу	15741	Кількість	select	none		SO2381
9632	Олія для еротичного масажу	15744	Аромат	select	db	без аромату	SO3213
9632	Олія для еротичного масажу	15743	Стать	select	db	унісекс	SO3213
9632	Олія для еротичного масажу	15742	Об’єм	select	db-inval	125	SO3213
9632	Олія для еротичного масажу	15741	Кількість	select	none		SO3213
9470	Ерекційні кільця	13037	Конструкція	select	prom-inval	односторонні	MD1397
9470	Ерекційні кільця	3369	Призначення	select	prom-inval	кліторні	MD1397
9466	Вібратори	10173	Підігрів	select	binary		SO2303
9466	Вібратори	3369	Призначення	select	prom-inval	для стимуляції вульви	SO2303
9466	Вібратори	3106	Вид	select	none		SO2303
9466	Вібратори	3103	Тип приладу	select	none		SO2303
9466	Вібратори	13037	Конструкція	select	none		SO2303
9466	Вібратори	10210	Керування через застосунок (Smart)	select	binary		SO2303
9466	Вібратори	9977	Кілька насадок	select	binary		SO2303
9466	Вібратори	12731	Матеріал	select	prom-inval	Силікон | ABS-пластик	SO2303
9466	Вібратори	11988	Кріплення на присоску	select	binary		SO2303
9466	Вібратори	11367	Телескопічний	select	binary		SO2303
3142	Піна для ванни	2856	Стать	multiselect	none		SO2544
3142	Піна для ванни	2854	Призначення	multiselect	none		SO2544
3142	Піна для ванни	1098	Об'єм	float	db-num	575 г	SO2544
3142	Піна для ванни	51	Вид	multiselect	none		SO2544
3142	Піна для ванни	9502	Клас косметики	multiselect	none		SO2544
9620	Аксесуари для мастурбаторів	15298	Тип аксесуару	select	db	рукав	SO4504
9620	Аксесуари для мастурбаторів	78	Колір виробника	multiselect	none		SO4504
3142	Піна для ванни	2856	Стать	multiselect	none		SO2545
3142	Піна для ванни	2854	Призначення	multiselect	none		SO2545
3142	Піна для ванни	1098	Об'єм	float	db-num	575 г	SO2545
3142	Піна для ванни	51	Вид	multiselect	none		SO2545
3142	Піна для ванни	9502	Клас косметики	multiselect	none		SO2545
9628	Засоби для орального сексу	15749	Збуджуючий	select	binary		SO2555
9628	Засоби для орального сексу	15766	Аромат	select	none		SO2555
9628	Засоби для орального сексу	15769	Посилення слиновиділення	select	binary		SO2555
9628	Засоби для орального сексу	15770	Віброефект	select	binary		SO2555
9628	Засоби для орального сексу	15743	Стать	select	none		SO2555
9628	Засоби для орального сексу	15750	Зволожуючий	select	binary		SO2555
9628	Засоби для орального сексу	15763	Тип	select	none		SO2555
9628	Засоби для орального сексу	15765	Смак	select	none		SO2555
9628	Засоби для орального сексу	15771	Сумісність з презервативами	select	binary		SO2555
9628	Засоби для орального сексу	15772	Сумісність з секс-іграшками	select	binary		SO2555
9628	Засоби для орального сексу	15773	Веганський	select	binary		SO2555
9628	Засоби для орального сексу	15774	Тип упаковки	select	none		SO2555
9628	Засоби для орального сексу	15747	Розслаблюючий	select	binary		SO2555
9474	Насадки на член	13039	Вид	select	db	нереалістичні	SO1274
7216	Еротична білизна	13949	Стать	select	none		SO2340
7216	Еротична білизна	13948	Тип товару	select	prom-inval	набір	SO2340
7216	Еротична білизна	12923	Розмір	select	none		SO2340
9474	Насадки на член	13039	Вид	select	db	реалістичні	SO3720
9484	Анальні пробки	13948	Тип товару	select	none		SO2784
9484	Анальні пробки	11579	Вібрація	select	binary		SO2784
9484	Анальні пробки	11098	Тип живлення	select	none		SO2784
9484	Анальні пробки	12731	Матеріал	select	prom-inval	ПВХ	SO2784
9484	Анальні пробки	12891	Форма	select	prom-inval	конусна	SO2784
9484	Анальні пробки	10173	Підігрів	select	binary		SO2784
9468	Секс-ляльки	5223	Анальний отвір	select	binary		SO1264
9468	Секс-ляльки	5414	Тип фігури	select	none		SO1264
9468	Секс-ляльки	6092	Позиція тіла	select	none		SO1264
9468	Секс-ляльки	6303	Тип ляльки	select	none		SO1264
9468	Секс-ляльки	6151	Стать ляльки	select	none		SO1264
9468	Секс-ляльки	4251	Сенсорне реагування	select	binary		SO1264
9468	Секс-ляльки	4793	Звукові ефекти	select	binary		SO1264
9468	Секс-ляльки	5255	Вагінальний отвір	select	binary		SO1264
9468	Секс-ляльки	5262	Колір волосся	select	none		SO1264
9468	Секс-ляльки	5024	Сумісність з VR	select	binary		SO1264
9468	Секс-ляльки	5181	Статевий член	select	binary		SO1264
9468	Секс-ляльки	5197	Оральний отвір	select	binary		SO1264
9460	Еротичні приколи та сувеніри	12731	Матеріал	select	prom-inval	ламінований картон Розмір: 17 х 10 см	SO4099
9632	Олія для еротичного масажу	15742	Об’єм	select	prom-inval	50	SO2358
9632	Олія для еротичного масажу	15741	Кількість	select	none		SO2358
9632	Олія для еротичного масажу	15758	Без ароматизаторів	select	binary		SO1387
9632	Олія для еротичного масажу	15757	Без гліцерину	select	binary		SO1387
9632	Олія для еротичного масажу	15756	Без парабенів	select	binary		SO1387
9632	Олія для еротичного масажу	15755	Органічний продукт	select	binary		SO1387
9632	Олія для еротичного масажу	15754	Їстівна формула	select	db	Так	SO1387
9632	Олія для еротичного масажу	15753	Антистресовий	select	binary		SO1387
9632	Олія для еротичного масажу	15752	Пом'якшуючий	select	binary		SO1387
9632	Олія для еротичного масажу	15750	Зволожуючий	select	db	Так	SO1387
9632	Олія для еротичного масажу	15749	Збуджуючий	select	binary		SO1387
9632	Олія для еротичного масажу	15744	Аромат	select	none		SO1387
9632	Олія для еротичного масажу	15743	Стать	select	none		SO1387
9632	Олія для еротичного масажу	15742	Об’єм	select	db-inval	150	SO1387
9632	Олія для еротичного масажу	15741	Кількість	select	none		SO1387
9632	Олія для еротичного масажу	15745	Зігріваючий	select	binary		SO1387
9632	Олія для еротичного масажу	15746	Охолоджуючий	select	binary		SO1387
9632	Олія для еротичного масажу	15747	Розслаблюючий	select	binary		SO1387
9632	Олія для еротичного масажу	15748	Тонізуючий	select	binary		SO1387
9632	Олія для еротичного масажу	15759	З феромонами	select	binary		SO1387
9526	Аксесуари до інтимних іграшок	14746	Тип аксесуара	select	none		BM-245
9526	Аксесуари до інтимних іграшок	14747	Основний матеріал	select	none		BM-245
9526	Аксесуари до інтимних іграшок	78	Колір виробника	multiselect	text-many	грі, тан, тис	BM-245
9526	Аксесуари до інтимних іграшок	2845	Колір	select	none		BM-245
9480	Фалоімітатори	13039	Вид	select	db	реалістичні	SO5969
9480	Фалоімітатори	12731	Матеріал	select	prom-inval	при нагріванні стає більш податливим, а при охолодженні більш жорстким; надійна	SO5969
9466	Вібратори	10173	Підігрів	select	binary		SO1764
9466	Вібратори	3369	Призначення	select	none		SO1764
9466	Вібратори	3106	Вид	select	none		SO1764
9466	Вібратори	3103	Тип приладу	select	none		SO1764
9466	Вібратори	13037	Конструкція	select	none		SO1764
9466	Вібратори	10210	Керування через застосунок (Smart)	select	binary		SO1764
9466	Вібратори	9977	Кілька насадок	select	binary		SO1764
9466	Вібратори	4212	Кількість режимів роботи	select	none		SO1764
9466	Вібратори	11988	Кріплення на присоску	select	binary		SO1764
9466	Вібратори	11953	Водонепроникний	select	binary		SO1764
9466	Вібратори	11367	Телескопічний	select	binary		SO1764
9470	Ерекційні кільця	13037	Конструкція	select	db-inval	односторонні	MD1410
9470	Ерекційні кільця	3369	Призначення	select	db-inval	кліторні	MD1410
9632	Олія для еротичного масажу	15744	Аромат	select	db	шоколад	SO1205
9632	Олія для еротичного масажу	15743	Стать	select	db	унісекс	SO1205
9632	Олія для еротичного масажу	15742	Об’єм	select	db-inval	3	SO1205
9632	Олія для еротичного масажу	15741	Кількість	select	none		SO1205
9474	Насадки на член	13039	Вид	select	db	нереалістичні	SO2698
9632	Олія для еротичного масажу	15758	Без ароматизаторів	select	binary		SO2714
9632	Олія для еротичного масажу	15757	Без гліцерину	select	binary		SO2714
9632	Олія для еротичного масажу	15756	Без парабенів	select	binary		SO2714
9632	Олія для еротичного масажу	15755	Органічний продукт	select	binary		SO2714
9632	Олія для еротичного масажу	15753	Антистресовий	select	binary		SO2714
9632	Олія для еротичного масажу	15752	Пом'якшуючий	select	binary		SO2714
9632	Олія для еротичного масажу	15749	Збуджуючий	select	binary		SO2714
9632	Олія для еротичного масажу	15744	Аромат	select	none		SO2714
9632	Олія для еротичного масажу	15743	Стать	select	none		SO2714
9632	Олія для еротичного масажу	15742	Об’єм	select	prom-inval	150	SO2714
9632	Олія для еротичного масажу	15741	Кількість	select	none		SO2714
9632	Олія для еротичного масажу	15745	Зігріваючий	select	binary		SO2714
9632	Олія для еротичного масажу	15746	Охолоджуючий	select	binary		SO2714
9632	Олія для еротичного масажу	15747	Розслаблюючий	select	binary		SO2714
9632	Олія для еротичного масажу	15748	Тонізуючий	select	binary		SO2714
9632	Олія для еротичного масажу	15759	З феромонами	select	binary		SO2714
7216	Еротична білизна	13949	Стать	select	none		SO6601
7216	Еротична білизна	13948	Тип товару	select	db-inval	бандаж/фіксатор	SO6601
7216	Еротична білизна	12923	Розмір	select	none		SO6601
9470	Ерекційні кільця	13037	Конструкція	select	prom-inval	односторонні	AD30604
9470	Ерекційні кільця	3369	Призначення	select	prom-inval	кліторні	AD30604
9460	Еротичні приколи та сувеніри	13948	Тип товару	select	db	мило	SO2642
9632	Олія для еротичного масажу	15744	Аромат	select	db	без аромату	SO3939
9632	Олія для еротичного масажу	15743	Стать	select	db	унісекс	SO3939
9632	Олія для еротичного масажу	15742	Об’єм	select	db-inval	240	SO3939
9632	Олія для еротичного масажу	15741	Кількість	select	none		SO3939
9526	Аксесуари до інтимних іграшок	78	Колір виробника	multiselect	none		BSH-02
9526	Аксесуари до інтимних іграшок	2845	Колір	select	none		BSH-02
9474	Насадки на член	13039	Вид	select	db	нереалістичні	SO2491
5116	Менструальні чаші	12097	Базовий колір	multiselect	none		SO3579
5116	Менструальні чаші	5406	Ароматизовані	select	binary		SO3579
5116	Менструальні чаші	78	Колір виробника	multiselect	none		SO3579
5116	Менструальні чаші	1098	Об'єм	float	db-num	15	SO3579
5116	Менструальні чаші	2847	Кількість в упаковці	float	none		SO3579
5116	Менструальні чаші	5408	Розмір	multiselect	none		SO3579
9632	Олія для еротичного масажу	15744	Аромат	select	db	без аромату	SO2384
9632	Олія для еротичного масажу	15743	Стать	select	db	унісекс	SO2384
9632	Олія для еротичного масажу	15742	Об’єм	select	db-inval	3	SO2384
9632	Олія для еротичного масажу	15741	Кількість	select	none		SO2384
9472	Мастурбатори	3106	Вид	select	db	нереалістичні	SO1809
9460	Еротичні приколи та сувеніри	13948	Тип товару	select	db	еротичні ігри	AD30352
9632	Олія для еротичного масажу	15744	Аромат	select	db	без аромату	SO1835
9632	Олія для еротичного масажу	15743	Стать	select	db	унісекс	SO1835
9632	Олія для еротичного масажу	15742	Об’єм	select	db-inval	59	SO1835
9632	Олія для еротичного масажу	15741	Кількість	select	none		SO1835
9484	Анальні пробки	11579	Вібрація	select	binary		SO2962
9484	Анальні пробки	11098	Тип живлення	select	none		SO2962
9484	Анальні пробки	12891	Форма	select	none		SO2962
9484	Анальні пробки	10173	Підігрів	select	binary		SO2962
9448	Догляд за секс-іграшками	14036	Дія	select	db	антибактеріальна дезінфекція	SO1354
9448	Догляд за секс-іграшками	14024	Тип засобу	select	db	спрей	SO1354
9632	Олія для еротичного масажу	15744	Аромат	select	db	кокос	SO4810
9632	Олія для еротичного масажу	15743	Стать	select	db	унісекс	SO4810
9632	Олія для еротичного масажу	15742	Об’єм	select	db-inval	240	SO4810
9632	Олія для еротичного масажу	15741	Кількість	select	none		SO4810
9632	Олія для еротичного масажу	15742	Об’єм	select	prom-inval	50	SO2359
9632	Олія для еротичного масажу	15741	Кількість	select	none		SO2359
9526	Аксесуари до інтимних іграшок	14746	Тип аксесуара	select	none		SO2941
9526	Аксесуари до інтимних іграшок	14747	Основний матеріал	select	none		SO2941
9526	Аксесуари до інтимних іграшок	78	Колір виробника	multiselect	none		SO2941
9526	Аксесуари до інтимних іграшок	2845	Колір	select	none		SO2941
9526	Аксесуари до інтимних іграшок	14746	Тип аксесуара	select	db	насадка	SO2973
9526	Аксесуари до інтимних іграшок	78	Колір виробника	multiselect	none		SO2973
9526	Аксесуари до інтимних іграшок	2845	Колір	select	none		SO2973
9480	Фалоімітатори	11953	Водонепроникний	select	binary		SO4020
9480	Фалоімітатори	13039	Вид	select	none		SO4020
9480	Фалоімітатори	13037	Конструкція	select	none		SO4020
9480	Фалоімітатори	11988	Кріплення на присоску	select	binary		SO4020
9526	Аксесуари до інтимних іграшок	14746	Тип аксесуара	select	none		SO2436
9526	Аксесуари до інтимних іграшок	14747	Основний матеріал	select	text	силікон	SO2436
9526	Аксесуари до інтимних іграшок	78	Колір виробника	multiselect	text-many	100, мос, сажа	SO2436
9526	Аксесуари до інтимних іграшок	2845	Колір	select	none		SO2436
9628	Засоби для орального сексу	15766	Аромат	select	db	без аромату	SO2534
9628	Засоби для орального сексу	15743	Стать	select	db	унісекс	SO2534
9628	Засоби для орального сексу	15763	Тип	select	db	гель	SO2534
9628	Засоби для орального сексу	15765	Смак	select	db	без смаку	SO2534
9628	Засоби для орального сексу	15774	Тип упаковки	select	db	пляшка з дозатором	SO2534
9526	Аксесуари до інтимних іграшок	14746	Тип аксесуара	select	none		SO4560
9526	Аксесуари до інтимних іграшок	14747	Основний матеріал	select	none		SO4560
9526	Аксесуари до інтимних іграшок	78	Колір виробника	multiselect	none		SO4560
9526	Аксесуари до інтимних іграшок	2845	Колір	select	none		SO4560
9466	Вібратори	3369	Призначення	select	prom-inval	для стимуляції вульви	SO3618
9466	Вібратори	3106	Вид	select	none		SO3618
9466	Вібратори	3103	Тип приладу	select	none		SO3618
9466	Вібратори	13037	Конструкція	select	none		SO3618
9466	Вібратори	10210	Керування через застосунок (Smart)	select	binary		SO3618
9466	Вібратори	9977	Кілька насадок	select	binary		SO3618
9466	Вібратори	11988	Кріплення на присоску	select	binary		SO3618
9466	Вібратори	11367	Телескопічний	select	binary		SO3618
9470	Ерекційні кільця	13037	Конструкція	select	prom-inval	односторонні	AD30723
9470	Ерекційні кільця	3369	Призначення	select	prom-inval	кліторні	AD30723
7216	Еротична білизна	13949	Стать	select	none		SO3136
7216	Еротична білизна	13948	Тип товару	select	prom-inval	набір	SO3136
7216	Еротична білизна	12923	Розмір	select	none		SO3136
9470	Ерекційні кільця	9698	Текстура поверхні	select	db	гладка	BM-PR-01
9470	Ерекційні кільця	13037	Конструкція	select	db	одинарні	BM-PR-01
9470	Ерекційні кільця	3369	Призначення	select	db	підтримка ерекції	BM-PR-01
9470	Ерекційні кільця	9695	Тип	select	db	кільце	BM-PR-01
7216	Еротична білизна	13949	Стать	select	none		SO3449
7216	Еротична білизна	13948	Тип товару	select	db-inval	бандаж/фіксатор	SO3449
7216	Еротична білизна	12923	Розмір	select	none		SO3449
9628	Засоби для орального сексу	15766	Аромат	select	db-inval	шоколад-м'ята	SO3193
9628	Засоби для орального сексу	15743	Стать	select	db	унісекс	SO3193
9628	Засоби для орального сексу	15763	Тип	select	db	спрей	SO3193
9628	Засоби для орального сексу	15765	Смак	select	db-inval	шоколад-м'ята	SO3193
9628	Засоби для орального сексу	15774	Тип упаковки	select	db	пляшка з розпилювачем	SO3193
9468	Секс-ляльки	5223	Анальний отвір	select	binary		SO1266
9468	Секс-ляльки	5414	Тип фігури	select	text	середня	SO1266
9468	Секс-ляльки	6092	Позиція тіла	select	none		SO1266
9468	Секс-ляльки	6303	Тип ляльки	select	none		SO1266
9468	Секс-ляльки	6151	Стать ляльки	select	none		SO1266
9468	Секс-ляльки	4251	Сенсорне реагування	select	binary		SO1266
9468	Секс-ляльки	4793	Звукові ефекти	select	binary		SO1266
9468	Секс-ляльки	5255	Вагінальний отвір	select	binary		SO1266
9468	Секс-ляльки	5262	Колір волосся	select	none		SO1266
9468	Секс-ляльки	5024	Сумісність з VR	select	binary		SO1266
9468	Секс-ляльки	5181	Статевий член	select	binary		SO1266
9468	Секс-ляльки	5197	Оральний отвір	select	binary		SO1266
9632	Олія для еротичного масажу	15744	Аромат	select	db	кокос	SO1209
9632	Олія для еротичного масажу	15743	Стать	select	db	унісекс	SO1209
9632	Олія для еротичного масажу	15742	Об’єм	select	db-inval	3	SO1209
9632	Олія для еротичного масажу	15741	Кількість	select	none		SO1209
9526	Аксесуари до інтимних іграшок	14746	Тип аксесуара	select	none		EEK005
9526	Аксесуари до інтимних іграшок	14747	Основний матеріал	select	none		EEK005
9526	Аксесуари до інтимних іграшок	78	Колір виробника	multiselect	none		EEK005
9526	Аксесуари до інтимних іграшок	2845	Колір	select	none		EEK005
9630	Свічки для інтимного масажу	15742	Об’єм	select	prom-inval	80	SO1853
9630	Свічки для інтимного масажу	15741	Кількість	select	none		SO1853
9478	Вагінальні кульки та тренажери	13954	Тип товару	select	db	тренажер	AD40551
9628	Засоби для орального сексу	15766	Аромат	select	prom-inval	шоколад-м'ята	SO1464
9628	Засоби для орального сексу	15765	Смак	select	prom-inval	шоколад-м'ята	SO1464
9620	Аксесуари для мастурбаторів	78	Колір виробника	multiselect	text-many	218, беж, грі	SO2026
9466	Вібратори	10173	Підігрів	select	binary		SO3782
9466	Вібратори	3369	Призначення	select	prom-inval	для стимуляції вульви	SO3782
9466	Вібратори	3106	Вид	select	none		SO3782
9466	Вібратори	3103	Тип приладу	select	text	віброяйця	SO3782
9466	Вібратори	13037	Конструкція	select	none		SO3782
9466	Вібратори	10210	Керування через застосунок (Smart)	select	binary-hint	застосун	SO3782
9466	Вібратори	9977	Кілька насадок	select	binary		SO3782
9466	Вібратори	4212	Кількість режимів роботи	select	none		SO3782
9466	Вібратори	11988	Кріплення на присоску	select	binary		SO3782
9466	Вібратори	11953	Водонепроникний	select	db-inval	IPX7	SO3782
9466	Вібратори	11367	Телескопічний	select	binary		SO3782
9632	Олія для еротичного масажу	15758	Без ароматизаторів	select	binary		SO3453
9632	Олія для еротичного масажу	15757	Без гліцерину	select	binary		SO3453
9632	Олія для еротичного масажу	15756	Без парабенів	select	binary		SO3453
9632	Олія для еротичного масажу	15755	Органічний продукт	select	binary		SO3453
9632	Олія для еротичного масажу	15753	Антистресовий	select	binary		SO3453
9632	Олія для еротичного масажу	15752	Пом'якшуючий	select	binary		SO3453
9632	Олія для еротичного масажу	15744	Аромат	select	db-inval	м'ятний	SO3453
9632	Олія для еротичного масажу	15743	Стать	select	db	унісекс	SO3453
9632	Олія для еротичного масажу	15742	Об’єм	select	db-inval	6	SO3453
9632	Олія для еротичного масажу	15741	Кількість	select	none		SO3453
9632	Олія для еротичного масажу	15748	Тонізуючий	select	binary		SO3453
9632	Олія для еротичного масажу	15759	З феромонами	select	binary		SO3453
9616	Аксесуари для страпонів	78	Колір виробника	multiselect	none		SO4507
9616	Аксесуари для страпонів	15302	Тип аксесуару	select	db	трусики	SO4507
9474	Насадки на член	13039	Вид	select	db	нереалістичні	SO1816
9628	Засоби для орального сексу	15766	Аромат	select	db	фруктовий	SO3222
9628	Засоби для орального сексу	15743	Стать	select	db	унісекс	SO3222
9628	Засоби для орального сексу	15763	Тип	select	db	гель	SO3222
9628	Засоби для орального сексу	15765	Смак	select	db	кавун	SO3222
9628	Засоби для орального сексу	15774	Тип упаковки	select	db	пляшка з дозатором	SO3222
5401	Тримери для стрижки	9918	Тип	multiselect	text	тример	SO3479
5401	Тримери для стрижки	9921	Матеріал лез	select	none		SO3479
5401	Тримери для стрижки	9919	Призначення	multiselect	none		SO3479
5401	Тримери для стрижки	227	Особливості	multiselect	none		SO3479
5401	Тримери для стрижки	9924	Живлення	multiselect	none		SO3479
5401	Тримери для стрижки	6183	Тип мотора	select	none		SO3479
5401	Тримери для стрижки	4772	Додаткові насадки	multiselect	none		SO3479
9628	Засоби для орального сексу	15749	Збуджуючий	select	binary		SO2841
9628	Засоби для орального сексу	15766	Аромат	select	text	солона карамель	SO2841
9628	Засоби для орального сексу	15768	Посилення чутливості	select	binary		SO2841
9628	Засоби для орального сексу	15769	Посилення слиновиділення	select	binary		SO2841
9628	Засоби для орального сексу	15770	Віброефект	select	binary		SO2841
9628	Засоби для орального сексу	15743	Стать	select	none		SO2841
9628	Засоби для орального сексу	15745	Зігріваючий	select	binary		SO2841
9628	Засоби для орального сексу	15750	Зволожуючий	select	binary		SO2841
9628	Засоби для орального сексу	15754	Їстівна формула	select	binary		SO2841
9628	Засоби для орального сексу	15763	Тип	select	prom-inval	набір	SO2841
9628	Засоби для орального сексу	15765	Смак	select	text-many	карамель, солона карамель, шоколад	SO2841
9628	Засоби для орального сексу	15771	Сумісність з презервативами	select	binary		SO2841
9628	Засоби для орального сексу	15772	Сумісність з секс-іграшками	select	binary		SO2841
9628	Засоби для орального сексу	15773	Веганський	select	binary		SO2841
9628	Засоби для орального сексу	15774	Тип упаковки	select	none		SO2841
9628	Засоби для орального сексу	15746	Охолоджуючий	select	binary		SO2841
9628	Засоби для орального сексу	15747	Розслаблюючий	select	binary		SO2841
9526	Аксесуари до інтимних іграшок	14746	Тип аксесуара	select	none		BM-240
9526	Аксесуари до інтимних іграшок	14747	Основний матеріал	select	none		BM-240
9526	Аксесуари до інтимних іграшок	78	Колір виробника	multiselect	text-many	грі, тан, тис	BM-240
9526	Аксесуари до інтимних іграшок	2845	Колір	select	none		BM-240
9482	Страпони	3103	Тип приладу	select	db	ручний	SO2710
9482	Страпони	437	Тип кріплення	select	db	на ременях	SO2710
9482	Страпони	13037	Конструкція	select	db	подвійні	SO2710
9482	Страпони	13039	Вид	select	db	нереалістичні	SO2710
9466	Вібратори	10173	Підігрів	select	binary		SO5965
9466	Вібратори	3369	Призначення	select	prom-inval	для стимуляції вульви	SO5965
9466	Вібратори	3106	Вид	select	none		SO5965
9466	Вібратори	3103	Тип приладу	select	text	вакуумний стимулятор	SO5965
9466	Вібратори	13037	Конструкція	select	none		SO5965
9466	Вібратори	10210	Керування через застосунок (Smart)	select	binary		SO5965
9466	Вібратори	9977	Кілька насадок	select	binary		SO5965
9466	Вібратори	11988	Кріплення на присоску	select	binary		SO5965
9466	Вібратори	11953	Водонепроникний	select	db-inval	IPX7	SO5965
9466	Вібратори	11367	Телескопічний	select	binary		SO5965
9466	Вібратори	3369	Призначення	select	db	кліторні	SO5415
9466	Вібратори	3106	Вид	select	db	нереалістичні	SO5415
9466	Вібратори	3103	Тип приладу	select	db	класичний вібратор	SO5415
9466	Вібратори	13037	Конструкція	select	db	односторонні	SO5415
9632	Олія для еротичного масажу	15744	Аромат	select	db	без аромату	SO1203
9632	Олія для еротичного масажу	15743	Стать	select	db	унісекс	SO1203
9632	Олія для еротичного масажу	15742	Об’єм	select	db-inval	3	SO1203
9632	Олія для еротичного масажу	15741	Кількість	select	none		SO1203
9474	Насадки на член	13039	Вид	select	db	нереалістичні	SO1271
9458	Фетиш та BDSM	12731	Матеріал	select	prom-inval	Поліуретан	SO5994
9458	Фетиш та BDSM	13948	Тип товару	select	db	батіг/флогер	SO5994
9484	Анальні пробки	12731	Матеріал	select	prom-inval	Акрил	SO6320
9466	Вібратори	10173	Підігрів	select	binary		SO6546
9466	Вібратори	3369	Призначення	select	prom-inval	для стимуляції вульви	SO6546
9466	Вібратори	3106	Вид	select	none		SO6546
9466	Вібратори	3103	Тип приладу	select	none		SO6546
9466	Вібратори	13037	Конструкція	select	none		SO6546
9466	Вібратори	10210	Керування через застосунок (Smart)	select	binary		SO6546
9466	Вібратори	9977	Кілька насадок	select	binary		SO6546
9466	Вібратори	11988	Кріплення на присоску	select	binary		SO6546
9466	Вібратори	11953	Водонепроникний	select	db-inval	IPX4	SO6546
9466	Вібратори	11367	Телескопічний	select	binary		SO6546
9466	Вібратори	10173	Підігрів	select	binary		SO3622
9466	Вібратори	3369	Призначення	select	prom-inval	для стимуляції вульви	SO3622
9466	Вібратори	3106	Вид	select	none		SO3622
9466	Вібратори	3103	Тип приладу	select	text	вакуумний стимулятор	SO3622
9466	Вібратори	13037	Конструкція	select	none		SO3622
9466	Вібратори	10210	Керування через застосунок (Smart)	select	binary		SO3622
9466	Вібратори	9977	Кілька насадок	select	binary		SO3622
9466	Вібратори	11988	Кріплення на присоску	select	binary		SO3622
9466	Вібратори	11953	Водонепроникний	select	binary		SO3622
9466	Вібратори	11367	Телескопічний	select	binary		SO3622
9466	Вібратори	10173	Підігрів	select	binary		SO6713
9466	Вібратори	3369	Призначення	select	prom-inval	для стимуляції вульви	SO6713
9466	Вібратори	3106	Вид	select	none		SO6713
9466	Вібратори	3103	Тип приладу	select	none		SO6713
9466	Вібратори	13037	Конструкція	select	none		SO6713
9466	Вібратори	10210	Керування через застосунок (Smart)	select	binary		SO6713
9466	Вібратори	9977	Кілька насадок	select	binary		SO6713
9466	Вібратори	11988	Кріплення на присоску	select	binary		SO6713
9466	Вібратори	11953	Водонепроникний	select	db-inval	IPX7	SO6713
9466	Вібратори	11367	Телескопічний	select	binary		SO6713
9448	Догляд за секс-іграшками	14036	Дія	select	db	антибактеріальна дезінфекція	SO2803
9448	Догляд за секс-іграшками	14024	Тип засобу	select	db	спрей	SO2803
9468	Секс-ляльки	5223	Анальний отвір	select	binary		SO1268
9468	Секс-ляльки	5414	Тип фігури	select	text	середня	SO1268
9468	Секс-ляльки	6092	Позиція тіла	select	none		SO1268
9468	Секс-ляльки	6303	Тип ляльки	select	none		SO1268
9468	Секс-ляльки	6151	Стать ляльки	select	none		SO1268
9468	Секс-ляльки	4251	Сенсорне реагування	select	binary		SO1268
9468	Секс-ляльки	4793	Звукові ефекти	select	binary		SO1268
9468	Секс-ляльки	5255	Вагінальний отвір	select	binary		SO1268
9468	Секс-ляльки	5262	Колір волосся	select	none		SO1268
9468	Секс-ляльки	5024	Сумісність з VR	select	binary		SO1268
9468	Секс-ляльки	5181	Статевий член	select	binary		SO1268
9468	Секс-ляльки	5197	Оральний отвір	select	binary		SO1268
9484	Анальні пробки	11579	Вібрація	select	binary		SO2955
9484	Анальні пробки	11098	Тип живлення	select	none		SO2955
9484	Анальні пробки	12891	Форма	select	none		SO2955
9484	Анальні пробки	10173	Підігрів	select	binary		SO2955
9470	Ерекційні кільця	12731	Матеріал	select	prom-inval	Натуральна шкіра, Шкіра	SO6785
9458	Фетиш та BDSM	12731	Матеріал	select	none		SO2980
9458	Фетиш та BDSM	13948	Тип товару	select	none		SO2980
9632	Олія для еротичного масажу	15744	Аромат	select	db	полуниця	SO1202
9632	Олія для еротичного масажу	15743	Стать	select	db	унісекс	SO1202
9632	Олія для еротичного масажу	15742	Об’єм	select	db-inval	3	SO1202
9632	Олія для еротичного масажу	15741	Кількість	select	none		SO1202
9526	Аксесуари до інтимних іграшок	78	Колір виробника	multiselect	text-many	100, ash, sage	SO3604
9526	Аксесуари до інтимних іграшок	2845	Колір	select	none		SO3604
9630	Свічки для інтимного масажу	15742	Об’єм	select	db-inval	30	SO2517
9630	Свічки для інтимного масажу	15741	Кількість	select	none		SO2517
9630	Свічки для інтимного масажу	15761	Час горіння	select	db	до 3 годин	SO2517
9630	Свічки для інтимного масажу	15762	Тип воску	select	db	парафін (рафінований косметичний)	SO2517
9630	Свічки для інтимного масажу	15744	Аромат	select	db	кокос	SO2517
9630	Свічки для інтимного масажу	15743	Стать	select	db	унісекс	SO2517
9466	Вібратори	10173	Підігрів	select	binary		SO6994
9466	Вібратори	3369	Призначення	select	prom-inval	для стимуляції вульви	SO6994
9466	Вібратори	3106	Вид	select	none		SO6994
9466	Вібратори	3103	Тип приладу	select	text	вакуумний стимулятор	SO6994
9466	Вібратори	13037	Конструкція	select	none		SO6994
9466	Вібратори	10210	Керування через застосунок (Smart)	select	binary		SO6994
9466	Вібратори	9977	Кілька насадок	select	binary		SO6994
9466	Вібратори	12731	Матеріал	select	prom-inval	Силікон | ABS-пластик	SO6994
9466	Вібратори	11988	Кріплення на присоску	select	binary		SO6994
9466	Вібратори	11953	Водонепроникний	select	db-inval	IPX7	SO6994
9466	Вібратори	11367	Телескопічний	select	binary		SO6994
9448	Догляд за секс-іграшками	14036	Дія	select	db	антибактеріальна дезінфекція	SO3217
9448	Догляд за секс-іграшками	14024	Тип засобу	select	db	спрей	SO3217
9632	Олія для еротичного масажу	15744	Аромат	select	db	шоколад	SO1836
9632	Олія для еротичного масажу	15743	Стать	select	db	унісекс	SO1836
9632	Олія для еротичного масажу	15742	Об’єм	select	db-inval	59	SO1836
9632	Олія для еротичного масажу	15741	Кількість	select	none		SO1836
9632	Олія для еротичного масажу	15758	Без ароматизаторів	select	binary		SO1385
9632	Олія для еротичного масажу	15757	Без гліцерину	select	binary		SO1385
9632	Олія для еротичного масажу	15756	Без парабенів	select	binary		SO1385
9632	Олія для еротичного масажу	15755	Органічний продукт	select	binary		SO1385
9632	Олія для еротичного масажу	15753	Антистресовий	select	binary		SO1385
9632	Олія для еротичного масажу	15752	Пом'якшуючий	select	binary		SO1385
9632	Олія для еротичного масажу	15749	Збуджуючий	select	binary		SO1385
9632	Олія для еротичного масажу	15744	Аромат	select	none		SO1385
9632	Олія для еротичного масажу	15743	Стать	select	none		SO1385
9632	Олія для еротичного масажу	15742	Об’єм	select	prom-inval	150	SO1385
9632	Олія для еротичного масажу	15741	Кількість	select	none		SO1385
9632	Олія для еротичного масажу	15745	Зігріваючий	select	binary		SO1385
9632	Олія для еротичного масажу	15746	Охолоджуючий	select	binary		SO1385
9632	Олія для еротичного масажу	15747	Розслаблюючий	select	binary		SO1385
9632	Олія для еротичного масажу	15748	Тонізуючий	select	binary		SO1385
9632	Олія для еротичного масажу	15759	З феромонами	select	binary		SO1385
9458	Фетиш та BDSM	12731	Матеріал	select	db-inval	джут	SO5206
9458	Фетиш та BDSM	13948	Тип товару	select	db	мотузка бандажна	SO5206
9630	Свічки для інтимного масажу	15742	Об’єм	select	db-inval	30	SO4477
9630	Свічки для інтимного масажу	15741	Кількість	select	none		SO4477
9630	Свічки для інтимного масажу	15761	Час горіння	select	db	до 3 годин	SO4477
9630	Свічки для інтимного масажу	15762	Тип воску	select	db	соєвий	SO4477
9630	Свічки для інтимного масажу	15744	Аромат	select	db	полуниця	SO4477
9630	Свічки для інтимного масажу	15743	Стать	select	db	унісекс	SO4477
9466	Вібратори	10173	Підігрів	select	binary		SO4954
9466	Вібратори	3369	Призначення	select	prom-inval	для стимуляції вульви	SO4954
9466	Вібратори	3106	Вид	select	none		SO4954
9466	Вібратори	3103	Тип приладу	select	none		SO4954
9466	Вібратори	13037	Конструкція	select	none		SO4954
9466	Вібратори	10210	Керування через застосунок (Smart)	select	binary		SO4954
9466	Вібратори	9977	Кілька насадок	select	binary		SO4954
9466	Вібратори	12731	Матеріал	select	none		SO4954
9466	Вібратори	11988	Кріплення на присоску	select	binary		SO4954
9466	Вібратори	11953	Водонепроникний	select	binary		SO4954
9466	Вібратори	11367	Телескопічний	select	binary		SO4954
9624	Засоби для збільшення члену	15782	Збільшення довжини	select	binary		SO1564
9624	Засоби для збільшення члену	15754	Їстівна формула	select	binary		SO1564
9624	Засоби для збільшення члену	15749	Збуджуючий	select	binary		SO1564
9624	Засоби для збільшення члену	15781	Тип впливу	select	none		SO1564
9624	Засоби для збільшення члену	15783	Збільшення товщини	select	binary		SO1564
9624	Засоби для збільшення члену	15784	Посилення ерекції	select	binary		SO1564
9624	Засоби для збільшення члену	15768	Посилення чутливості	select	binary		SO1564
9624	Засоби для збільшення члену	15785	Подовження статевого акту	select	binary		SO1564
9624	Засоби для збільшення члену	15786	Посилення кровообігу	select	binary		SO1564
9624	Засоби для збільшення члену	15780	Тип	select	text	крем	SO1564
9624	Засоби для збільшення члену	15787	З перцем	select	binary		SO1564
9624	Засоби для збільшення члену	15766	Аромат	select	none		SO1564
9624	Засоби для збільшення члену	15764	Основа засобу	select	none		SO1564
9624	Засоби для збільшення члену	15788	Для джелкінгу (масажний)	select	binary		SO1564
9474	Насадки на член	13039	Вид	select	db	нереалістичні	SO1819
9472	Мастурбатори	3106	Вид	select	db	реалістичні	SO4505
9448	Догляд за секс-іграшками	14036	Дія	select	db	догляд та відновлення	SO2437
9448	Догляд за секс-іграшками	14024	Тип засобу	select	db	спрей	SO2437
9458	Фетиш та BDSM	12731	Матеріал	select	db-inval	джут	SO5207
9458	Фетиш та BDSM	13948	Тип товару	select	db	мотузка бандажна	SO5207
7216	Еротична білизна	13949	Стать	select	none		SO3138
7216	Еротична білизна	13948	Тип товару	select	prom-inval	набір	SO3138
7216	Еротична білизна	12923	Розмір	select	none		SO3138
5116	Менструальні чаші	12097	Базовий колір	multiselect	none		SO3590
5116	Менструальні чаші	5406	Ароматизовані	select	binary		SO3590
5116	Менструальні чаші	78	Колір виробника	multiselect	none		SO3590
5116	Менструальні чаші	1098	Об'єм	float	db-num	15	SO3590
5116	Менструальні чаші	2847	Кількість в упаковці	float	none		SO3590
5116	Менструальні чаші	5408	Розмір	multiselect	none		SO3590
6529	Косметичні олії	2854	Призначення	multiselect	text-many	для тіла, догляд, еластичність	SO2363
6529	Косметичні олії	9502	Клас косметики	multiselect	none		SO2363
6529	Косметичні олії	1098	Об'єм	float	prom-num	50	SO2363
6529	Косметичні олії	2856	Стать	multiselect	none		SO2363
6529	Косметичні олії	3003	Вид	select	text	олія	SO2363
6529	Косметичні олії	12543	Вік	multiselect	none		SO2363
9628	Засоби для орального сексу	15766	Аромат	select	db	ягідний	SO2532
9628	Засоби для орального сексу	15743	Стать	select	db	унісекс	SO2532
9628	Засоби для орального сексу	15763	Тип	select	db	гель	SO2532
9628	Засоби для орального сексу	15765	Смак	select	db	полуниця	SO2532
9628	Засоби для орального сексу	15774	Тип упаковки	select	db	пляшка з дозатором	SO2532
9632	Олія для еротичного масажу	15744	Аромат	select	db	без аромату	SO1211
9632	Олія для еротичного масажу	15743	Стать	select	db	унісекс	SO1211
9632	Олія для еротичного масажу	15742	Об’єм	select	db-inval	3	SO1211
9632	Олія для еротичного масажу	15741	Кількість	select	none		SO1211
9632	Олія для еротичного масажу	15744	Аромат	select	db	без аромату	SO4808
9632	Олія для еротичного масажу	15743	Стать	select	db	унісекс	SO4808
9632	Олія для еротичного масажу	15742	Об’єм	select	db-inval	240	SO4808
9632	Олія для еротичного масажу	15741	Кількість	select	none		SO4808
9620	Аксесуари для мастурбаторів	15298	Тип аксесуару	select	db	рукав	SO4092
9620	Аксесуари для мастурбаторів	78	Колір виробника	multiselect	none		SO4092
5116	Менструальні чаші	12097	Базовий колір	multiselect	none		SO3582
5116	Менструальні чаші	5406	Ароматизовані	select	binary		SO3582
5116	Менструальні чаші	78	Колір виробника	multiselect	none		SO3582
5116	Менструальні чаші	1098	Об'єм	float	db-num	15	SO3582
5116	Менструальні чаші	2847	Кількість в упаковці	float	none		SO3582
5116	Менструальні чаші	5408	Розмір	multiselect	none		SO3582
7216	Еротична білизна	13949	Стать	select	none		SO2667
7216	Еротична білизна	13948	Тип товару	select	prom-inval	наліпки	SO2667
7216	Еротична білизна	12923	Розмір	select	none		SO2667
9472	Мастурбатори	12731	Матеріал	select	prom-inval	Поліуретан	SO4548
9632	Олія для еротичного масажу	15758	Без ароматизаторів	select	binary		SO1515
9632	Олія для еротичного масажу	15757	Без гліцерину	select	binary		SO1515
9632	Олія для еротичного масажу	15756	Без парабенів	select	binary		SO1515
9632	Олія для еротичного масажу	15755	Органічний продукт	select	binary		SO1515
9632	Олія для еротичного масажу	15754	Їстівна формула	select	binary		SO1515
9632	Олія для еротичного масажу	15753	Антистресовий	select	binary		SO1515
9632	Олія для еротичного масажу	15752	Пом'якшуючий	select	binary		SO1515
9632	Олія для еротичного масажу	15750	Зволожуючий	select	binary		SO1515
9632	Олія для еротичного масажу	15749	Збуджуючий	select	binary		SO1515
9632	Олія для еротичного масажу	15744	Аромат	select	none		SO1515
9632	Олія для еротичного масажу	15743	Стать	select	none		SO1515
9632	Олія для еротичного масажу	15742	Об’єм	select	prom-inval	30	SO1515
9632	Олія для еротичного масажу	15741	Кількість	select	none		SO1515
9632	Олія для еротичного масажу	15746	Охолоджуючий	select	binary		SO1515
9632	Олія для еротичного масажу	15747	Розслаблюючий	select	binary		SO1515
9632	Олія для еротичного масажу	15748	Тонізуючий	select	binary		SO1515
9632	Олія для еротичного масажу	15759	З феромонами	select	binary		SO1515
9466	Вібратори	10173	Підігрів	select	binary		SO3896
9466	Вібратори	3369	Призначення	select	prom-inval	для стимуляції вульви	SO3896
9466	Вібратори	3106	Вид	select	none		SO3896
9466	Вібратори	3103	Тип приладу	select	none		SO3896
9466	Вібратори	13037	Конструкція	select	none		SO3896
9466	Вібратори	10210	Керування через застосунок (Smart)	select	binary-hint	смартфон	SO3896
9466	Вібратори	9977	Кілька насадок	select	binary		SO3896
9466	Вібратори	11988	Кріплення на присоску	select	binary		SO3896
9466	Вібратори	11953	Водонепроникний	select	binary		SO3896
9466	Вібратори	11367	Телескопічний	select	binary		SO3896
5116	Менструальні чаші	12097	Базовий колір	multiselect	none		SO3584
5116	Менструальні чаші	5406	Ароматизовані	select	binary		SO3584
5116	Менструальні чаші	78	Колір виробника	multiselect	none		SO3584
5116	Менструальні чаші	1098	Об'єм	float	db-num	15	SO3584
5116	Менструальні чаші	2847	Кількість в упаковці	float	none		SO3584
5116	Менструальні чаші	5408	Розмір	multiselect	none		SO3584
9458	Фетиш та BDSM	12731	Матеріал	select	db	бамбук	SO7007
9458	Фетиш та BDSM	13948	Тип товару	select	db	ляпалка/тоуза	SO7007
9484	Анальні пробки	12731	Матеріал	select	prom-inval	сплав алюмінію; Колір: мідний; Розмір: загальна довжина 7,1 см; робоча довжина 4	SO5534
9632	Олія для еротичного масажу	15744	Аромат	select	db	без аромату	SO4813
9632	Олія для еротичного масажу	15743	Стать	select	db	унісекс	SO4813
9632	Олія для еротичного масажу	15742	Об’єм	select	db-inval	240	SO4813
9632	Олія для еротичного масажу	15741	Кількість	select	none		SO4813
7216	Еротична білизна	13949	Стать	select	none		SO3450
7216	Еротична білизна	13948	Тип товару	select	db-inval	бандаж/фіксатор	SO3450
7216	Еротична білизна	12923	Розмір	select	none		SO3450
9466	Вібратори	10173	Підігрів	select	binary		SO3761
9466	Вібратори	3369	Призначення	select	prom-inval	для стимуляції грудей	SO3761
9466	Вібратори	3106	Вид	select	none		SO3761
9466	Вібратори	3103	Тип приладу	select	text-many	вакуумний стимулятор, віброяйця	SO3761
9466	Вібратори	13037	Конструкція	select	none		SO3761
9466	Вібратори	10210	Керування через застосунок (Smart)	select	binary		SO3761
9466	Вібратори	9977	Кілька насадок	select	binary		SO3761
9466	Вібратори	11988	Кріплення на присоску	select	binary		SO3761
9466	Вібратори	11367	Телескопічний	select	binary		SO3761
9466	Вібратори	10173	Підігрів	select	binary		SO6073
9466	Вібратори	3369	Призначення	select	prom-inval	для стимуляції вульви	SO6073
9466	Вібратори	3106	Вид	select	none		SO6073
9466	Вібратори	3103	Тип приладу	select	none		SO6073
9466	Вібратори	13037	Конструкція	select	none		SO6073
9466	Вібратори	10210	Керування через застосунок (Smart)	select	binary		SO6073
9466	Вібратори	9977	Кілька насадок	select	binary		SO6073
9466	Вібратори	11988	Кріплення на присоску	select	binary		SO6073
9466	Вібратори	11953	Водонепроникний	select	db-inval	IPX7	SO6073
9466	Вібратори	11367	Телескопічний	select	binary		SO6073
9480	Фалоімітатори	11953	Водонепроникний	select	binary		SO3805
9480	Фалоімітатори	11579	Вібрація	select	binary		SO3805
9480	Фалоімітатори	11988	Кріплення на присоску	select	binary		SO3805
9470	Ерекційні кільця	13037	Конструкція	select	prom-inval	односторонні	SO3890
9470	Ерекційні кільця	3369	Призначення	select	prom-inval	кліторні	SO3890
9470	Ерекційні кільця	13037	Конструкція	select	prom-inval	односторонні	SO3891
9470	Ерекційні кільця	3369	Призначення	select	prom-inval	кліторні	SO3891
9458	Фетиш та BDSM	12731	Матеріал	select	text	віск	SO5959
9458	Фетиш та BDSM	13948	Тип товару	select	none		SO5959
9616	Аксесуари для страпонів	78	Колір виробника	multiselect	text-many	ash, мос, тан	SO4509
9628	Засоби для орального сексу	15766	Аромат	select	db	цитрусовий	SO3533
9628	Засоби для орального сексу	15743	Стать	select	db	унісекс	SO3533
9628	Засоби для орального сексу	15763	Тип	select	db	крем	SO3533
9628	Засоби для орального сексу	15765	Смак	select	db	без смаку	SO3533
9628	Засоби для орального сексу	15774	Тип упаковки	select	db	пляшка з дозатором	SO3533
9466	Вібратори	10173	Підігрів	select	binary		SO6028
9466	Вібратори	3369	Призначення	select	prom-inval	для стимуляції вульви	SO6028
9466	Вібратори	3106	Вид	select	none		SO6028
9466	Вібратори	3103	Тип приладу	select	text	вакуумний стимулятор	SO6028
9466	Вібратори	13037	Конструкція	select	none		SO6028
9466	Вібратори	10210	Керування через застосунок (Smart)	select	binary		SO6028
9466	Вібратори	9977	Кілька насадок	select	binary		SO6028
9466	Вібратори	12731	Матеріал	select	prom-inval	Силікон, АБС-пластик	SO6028
9466	Вібратори	11988	Кріплення на присоску	select	binary		SO6028
9466	Вібратори	11953	Водонепроникний	select	db-inval	IPX7	SO6028
9466	Вібратори	11367	Телескопічний	select	binary		SO6028
9628	Засоби для орального сексу	15766	Аромат	select	db	без аромату	SO2536
9628	Засоби для орального сексу	15743	Стать	select	db	унісекс	SO2536
9628	Засоби для орального сексу	15763	Тип	select	db	гель	SO2536
9628	Засоби для орального сексу	15765	Смак	select	db	без смаку	SO2536
9628	Засоби для орального сексу	15774	Тип упаковки	select	db	пляшка з дозатором	SO2536
9472	Мастурбатори	12731	Матеріал	select	prom-inval	Поліуретан	SO5110
9550	Анальний душ	78	Колір виробника	multiselect	text-many	ash, вода, груша	SO5532
9550	Анальний душ	757	Довжина шланга	float	none		SO5532
9480	Фалоімітатори	11953	Водонепроникний	select	binary		SO4920
9480	Фалоімітатори	11579	Вібрація	select	binary		SO4920
9480	Фалоімітатори	13039	Вид	select	none		SO4920
9480	Фалоімітатори	13037	Конструкція	select	none		SO4920
9480	Фалоімітатори	12731	Матеріал	select	prom-inval	Метал | ПВХ	SO4920
9480	Фалоімітатори	11988	Кріплення на присоску	select	binary		SO4920
9458	Фетиш та BDSM	12731	Матеріал	select	text	віск	SO5174
9458	Фетиш та BDSM	13948	Тип товару	select	none		SO5174
9460	Еротичні приколи та сувеніри	12731	Матеріал	select	prom-inval	картон Висота коробки: 20 мм Ширина коробки: 60 мм Довжина коробки: 90 мм	SO5891
9484	Анальні пробки	11579	Вібрація	select	binary		SO2961
9484	Анальні пробки	11098	Тип живлення	select	none		SO2961
9484	Анальні пробки	12891	Форма	select	none		SO2961
9484	Анальні пробки	10173	Підігрів	select	binary		SO2961
9628	Засоби для орального сексу	15749	Збуджуючий	select	binary		SO2886
9628	Засоби для орального сексу	15766	Аромат	select	none		SO2886
9628	Засоби для орального сексу	15768	Посилення чутливості	select	binary		SO2886
9628	Засоби для орального сексу	15769	Посилення слиновиділення	select	binary		SO2886
9628	Засоби для орального сексу	15770	Віброефект	select	binary		SO2886
9628	Засоби для орального сексу	15743	Стать	select	none		SO2886
9628	Засоби для орального сексу	15745	Зігріваючий	select	binary		SO2886
9628	Засоби для орального сексу	15750	Зволожуючий	select	binary		SO2886
9628	Засоби для орального сексу	15754	Їстівна формула	select	db	Так	SO2886
9628	Засоби для орального сексу	15763	Тип	select	none		SO2886
9628	Засоби для орального сексу	15765	Смак	select	none		SO2886
9628	Засоби для орального сексу	15771	Сумісність з презервативами	select	binary		SO2886
9628	Засоби для орального сексу	15772	Сумісність з секс-іграшками	select	binary		SO2886
9628	Засоби для орального сексу	15773	Веганський	select	binary		SO2886
9628	Засоби для орального сексу	15774	Тип упаковки	select	none		SO2886
9628	Засоби для орального сексу	15746	Охолоджуючий	select	binary		SO2886
9628	Засоби для орального сексу	15747	Розслаблюючий	select	binary		SO2886
9482	Страпони	3103	Тип приладу	select	db	ручний	SO2711
9482	Страпони	437	Тип кріплення	select	db	на ременях	SO2711
9482	Страпони	13037	Конструкція	select	db	подвійні	SO2711
9482	Страпони	13039	Вид	select	db	нереалістичні	SO2711
9630	Свічки для інтимного масажу	15742	Об’єм	select	db-inval	30	SO6026
9630	Свічки для інтимного масажу	15741	Кількість	select	none		SO6026
9630	Свічки для інтимного масажу	15761	Час горіння	select	db	до 3 годин	SO6026
9630	Свічки для інтимного масажу	15762	Тип воску	select	db	соєвий	SO6026
9630	Свічки для інтимного масажу	15744	Аромат	select	db	без аромату	SO6026
9630	Свічки для інтимного масажу	15743	Стать	select	db	унісекс	SO6026
7216	Еротична білизна	13949	Стать	select	none		SO3137
7216	Еротична білизна	13948	Тип товару	select	prom-inval	набір	SO3137
7216	Еротична білизна	12923	Розмір	select	none		SO3137
9630	Свічки для інтимного масажу	15742	Об’єм	select	none		SO3143
9630	Свічки для інтимного масажу	15741	Кількість	select	none		SO3143
9630	Свічки для інтимного масажу	15742	Об’єм	select	prom-inval	80	SO1844
9630	Свічки для інтимного масажу	15741	Кількість	select	none		SO1844
9448	Догляд за секс-іграшками	14036	Дія	select	db	антибактеріальна дезінфекція	SO5728
9448	Догляд за секс-іграшками	14024	Тип засобу	select	db	спрей	SO5728
9628	Засоби для орального сексу	15766	Аромат	select	db	ягідний	SO3221
9628	Засоби для орального сексу	15743	Стать	select	db	унісекс	SO3221
9628	Засоби для орального сексу	15763	Тип	select	db	гель	SO3221
9628	Засоби для орального сексу	15765	Смак	select	db	полуниця	SO3221
9628	Засоби для орального сексу	15774	Тип упаковки	select	db	пляшка з дозатором	SO3221
5401	Тримери для стрижки	9918	Тип	multiselect	none		SO3480
5401	Тримери для стрижки	9921	Матеріал лез	select	none		SO3480
5401	Тримери для стрижки	9919	Призначення	multiselect	none		SO3480
5401	Тримери для стрижки	227	Особливості	multiselect	none		SO3480
5401	Тримери для стрижки	9924	Живлення	multiselect	none		SO3480
5401	Тримери для стрижки	6183	Тип мотора	select	none		SO3480
5401	Тримери для стрижки	4772	Додаткові насадки	multiselect	none		SO3480
9474	Насадки на член	13039	Вид	select	db	нереалістичні	SO1820
9448	Догляд за секс-іграшками	14036	Дія	select	db	догляд та відновлення	SO4467
9448	Догляд за секс-іграшками	14024	Тип засобу	select	db	порошок	SO4467
9470	Ерекційні кільця	3369	Призначення	select	prom-inval	кліторні	SO5747
9480	Фалоімітатори	13039	Вид	select	db	реалістичні	SO1575
9460	Еротичні приколи та сувеніри	13948	Тип товару	select	db	мило	SO2636
9526	Аксесуари до інтимних іграшок	78	Колір виробника	multiselect	text-many	ash, бавовна, класичний чорний	SO6272
9526	Аксесуари до інтимних іграшок	2845	Колір	select	text	чорний	SO6272
9466	Вібратори	4212	Кількість режимів роботи	select	db-inval	160	SO1730
9458	Фетиш та BDSM	12731	Матеріал	select	text	віск	SO5957
9458	Фетиш та BDSM	13948	Тип товару	select	none		SO5957
9632	Олія для еротичного масажу	15742	Об’єм	select	prom-inval	120	SO6165
9632	Олія для еротичного масажу	15741	Кількість	select	none		SO6165
9478	Вагінальні кульки та тренажери	13954	Тип товару	select	db	тренажер	SO3042
9628	Засоби для орального сексу	15766	Аромат	select	db	ягідний	SO4942
9628	Засоби для орального сексу	15743	Стать	select	db	унісекс	SO4942
9628	Засоби для орального сексу	15763	Тип	select	db	гель	SO4942
9628	Засоби для орального сексу	15765	Смак	select	db	без смаку	SO4942
9628	Засоби для орального сексу	15774	Тип упаковки	select	db	пляшка з дозатором	SO4942
9470	Ерекційні кільця	9698	Текстура поверхні	select	db	гладка	SO5089
9470	Ерекційні кільця	13037	Конструкція	select	db	одинарні	SO5089
9470	Ерекційні кільця	3369	Призначення	select	db	продовження статевого акту	SO5089
9470	Ерекційні кільця	9695	Тип	select	db	кільце	SO5089
9632	Олія для еротичного масажу	15744	Аромат	select	db	троянда	SO4465
9632	Олія для еротичного масажу	15743	Стать	select	db	для чоловіків	SO4465
9632	Олія для еротичного масажу	15742	Об’єм	select	db-inval	125	SO4465
9632	Олія для еротичного масажу	15741	Кількість	select	none		SO4465
9632	Олія для еротичного масажу	15744	Аромат	select	db	кокос	SO5974
9632	Олія для еротичного масажу	15743	Стать	select	db	унісекс	SO5974
9632	Олія для еротичного масажу	15742	Об’єм	select	db-inval	150	SO5974
9632	Олія для еротичного масажу	15741	Кількість	select	none		SO5974
9526	Аксесуари до інтимних іграшок	78	Колір виробника	multiselect	text-many	ash, ink, pink	SO5563
9628	Засоби для орального сексу	15766	Аромат	select	db	цукрова вата	SO4945
9628	Засоби для орального сексу	15743	Стать	select	db	унісекс	SO4945
9628	Засоби для орального сексу	15763	Тип	select	db	льодяники	SO4945
9628	Засоби для орального сексу	15765	Смак	select	db	цукрова вата	SO4945
9628	Засоби для орального сексу	15774	Тип упаковки	select	db	пляшка з дозатором	SO4945
9480	Фалоімітатори	11953	Водонепроникний	select	binary		SO4921
9480	Фалоімітатори	11579	Вібрація	select	binary		SO4921
9480	Фалоімітатори	13039	Вид	select	none		SO4921
9480	Фалоімітатори	13037	Конструкція	select	none		SO4921
9480	Фалоімітатори	12731	Матеріал	select	none		SO4921
9480	Фалоімітатори	11988	Кріплення на присоску	select	binary		SO4921
9630	Свічки для інтимного масажу	15742	Об’єм	select	none		SO3141
9630	Свічки для інтимного масажу	15741	Кількість	select	none		SO3141
9632	Олія для еротичного масажу	15744	Аромат	select	db	кокос	SO5950
9632	Олія для еротичного масажу	15743	Стать	select	db	унісекс	SO5950
9632	Олія для еротичного масажу	15742	Об’єм	select	db-inval	2	SO5950
9632	Олія для еротичного масажу	15741	Кількість	select	none		SO5950
9630	Свічки для інтимного масажу	15742	Об’єм	select	db-inval	170	SO2512
9630	Свічки для інтимного масажу	15741	Кількість	select	none		SO2512
9630	Свічки для інтимного масажу	15761	Час горіння	select	db	до 3 годин	SO2512
9630	Свічки для інтимного масажу	15762	Тип воску	select	db	комбінований	SO2512
9630	Свічки для інтимного масажу	15744	Аромат	select	db	без аромату	SO2512
9630	Свічки для інтимного масажу	15743	Стать	select	db	унісекс	SO2512
9460	Еротичні приколи та сувеніри	13948	Тип товару	select	db	мило	SO6360
3141	Сіль для ванни	2856	Стать	multiselect	none		SO5964
3141	Сіль для ванни	51	Вид	multiselect	text	сіль	SO5964
3141	Сіль для ванни	2854	Призначення	multiselect	text	для ванн	SO5964
3141	Сіль для ванни	150	Вага	float	none		SO5964
3141	Сіль для ванни	9502	Клас косметики	multiselect	none		SO5964
3141	Сіль для ванни	6687	Аромат	multiselect	none		SO5964
9628	Засоби для орального сексу	15766	Аромат	select	db	цукрова вата	SO3198
9628	Засоби для орального сексу	15743	Стать	select	db	унісекс	SO3198
9628	Засоби для орального сексу	15763	Тип	select	db	льодяники	SO3198
9628	Засоби для орального сексу	15765	Смак	select	db	цукрова вата	SO3198
9628	Засоби для орального сексу	15774	Тип упаковки	select	db	пляшка з дозатором	SO3198
9448	Догляд за секс-іграшками	14036	Дія	select	prom	очищення	SO2802
9448	Догляд за секс-іграшками	14024	Тип засобу	select	prom	порошок	SO2802
9464	Еротичні костюми	12731	Матеріал	select	prom-inval	Вініл	SO7356
9464	Еротичні костюми	12923	Розмір	select	none		SO7356
9466	Вібратори	10173	Підігрів	select	binary		SO5569
9466	Вібратори	3369	Призначення	select	prom-inval	для стимуляції вульви	SO5569
9466	Вібратори	3106	Вид	select	none		SO5569
9466	Вібратори	3103	Тип приладу	select	none		SO5569
9466	Вібратори	13037	Конструкція	select	none		SO5569
9466	Вібратори	10210	Керування через застосунок (Smart)	select	binary		SO5569
9466	Вібратори	9977	Кілька насадок	select	binary		SO5569
9466	Вібратори	11988	Кріплення на присоску	select	binary		SO5569
9466	Вібратори	11953	Водонепроникний	select	binary		SO5569
9466	Вібратори	11367	Телескопічний	select	binary		SO5569
9472	Мастурбатори	12731	Матеріал	select	prom-inval	Поліуретан	SO4549
9616	Аксесуари для страпонів	78	Колір виробника	multiselect	none		SO4508
9616	Аксесуари для страпонів	15302	Тип аксесуару	select	db	трусики	SO4508
9632	Олія для еротичного масажу	15744	Аромат	select	db	ваніль	SO1207
9632	Олія для еротичного масажу	15743	Стать	select	db	унісекс	SO1207
9632	Олія для еротичного масажу	15742	Об’єм	select	db-inval	3	SO1207
9632	Олія для еротичного масажу	15741	Кількість	select	none		SO1207
9458	Фетиш та BDSM	12731	Матеріал	select	db-inval	джут	SO5175
9458	Фетиш та BDSM	13948	Тип товару	select	db	мотузка бандажна	SO5175
9628	Засоби для орального сексу	15766	Аромат	select	db	цукрова вата	SO3202
9628	Засоби для орального сексу	15743	Стать	select	db	унісекс	SO3202
9628	Засоби для орального сексу	15763	Тип	select	db	льодяники	SO3202
9628	Засоби для орального сексу	15765	Смак	select	db	цукрова вата	SO3202
9628	Засоби для орального сексу	15774	Тип упаковки	select	db	пляшка з дозатором	SO3202
9466	Вібратори	10173	Підігрів	select	binary		SO4104
9466	Вібратори	3369	Призначення	select	prom-inval	для стимуляції вульви	SO4104
9466	Вібратори	3106	Вид	select	none		SO4104
9466	Вібратори	3103	Тип приладу	select	text	вакуумний стимулятор	SO4104
9466	Вібратори	13037	Конструкція	select	none		SO4104
9466	Вібратори	10210	Керування через застосунок (Smart)	select	binary-hint	додаток	SO4104
9466	Вібратори	9977	Кілька насадок	select	binary		SO4104
9466	Вібратори	11988	Кріплення на присоску	select	binary		SO4104
9466	Вібратори	11953	Водонепроникний	select	db-inval	IPX7	SO4104
9466	Вібратори	11367	Телескопічний	select	binary		SO4104
9466	Вібратори	10173	Підігрів	select	binary		SO6018
9466	Вібратори	3369	Призначення	select	prom-inval	для стимуляції вульви	SO6018
9466	Вібратори	3106	Вид	select	none		SO6018
9466	Вібратори	3103	Тип приладу	select	none		SO6018
9466	Вібратори	13037	Конструкція	select	none		SO6018
9466	Вібратори	10210	Керування через застосунок (Smart)	select	binary		SO6018
9466	Вібратори	9977	Кілька насадок	select	binary		SO6018
9466	Вібратори	11988	Кріплення на присоску	select	binary		SO6018
9466	Вібратори	11953	Водонепроникний	select	db-inval	IPX7	SO6018
9466	Вібратори	11367	Телескопічний	select	binary		SO6018
9632	Олія для еротичного масажу	15744	Аромат	select	db	полуниця	SO1842
9632	Олія для еротичного масажу	15743	Стать	select	db	унісекс	SO1842
9632	Олія для еротичного масажу	15742	Об’єм	select	db-inval	59	SO1842
9632	Олія для еротичного масажу	15741	Кількість	select	none		SO1842
9526	Аксесуари до інтимних іграшок	78	Колір виробника	multiselect	text-many	ash, sage, бук	SO3602
9526	Аксесуари до інтимних іграшок	2845	Колір	select	none		SO3602
3219	Засоби після гоління	1098	Об'єм	float	prom-num	100	PJ13300
3219	Засоби після гоління	2856	Стать	multiselect	none		PJ13300
3219	Засоби після гоління	3087	Тип засобу	select	text	спрей	PJ13300
3219	Засоби після гоління	3088	Дія засобу	multiselect	none		PJ13300
3219	Засоби після гоління	9502	Клас косметики	multiselect	none		PJ13300
3219	Засоби після гоління	2855	Тип шкіри	multiselect	none		PJ13300
9464	Еротичні костюми	12923	Розмір	select	none		SO5397
9484	Анальні пробки	13948	Тип товару	select	none		RO2330
9484	Анальні пробки	11098	Тип живлення	select	none		RO2330
9484	Анальні пробки	12891	Форма	select	none		RO2330
9484	Анальні пробки	10173	Підігрів	select	binary		RO2330
9630	Свічки для інтимного масажу	15742	Об’єм	select	none		SO3140
9630	Свічки для інтимного масажу	15741	Кількість	select	none		SO3140
9460	Еротичні приколи та сувеніри	13948	Тип товару	select	db	мило	SO4798
9632	Олія для еротичного масажу	15742	Об’єм	select	prom-inval	50	SO2360
9632	Олія для еротичного масажу	15741	Кількість	select	none		SO2360
9632	Олія для еротичного масажу	15758	Без ароматизаторів	select	binary		SO5635
9632	Олія для еротичного масажу	15757	Без гліцерину	select	binary		SO5635
9632	Олія для еротичного масажу	15756	Без парабенів	select	binary		SO5635
9632	Олія для еротичного масажу	15755	Органічний продукт	select	binary		SO5635
9632	Олія для еротичного масажу	15754	Їстівна формула	select	db	Так	SO5635
9632	Олія для еротичного масажу	15753	Антистресовий	select	binary		SO5635
9632	Олія для еротичного масажу	15752	Пом'якшуючий	select	binary		SO5635
9632	Олія для еротичного масажу	15750	Зволожуючий	select	binary		SO5635
9632	Олія для еротичного масажу	15749	Збуджуючий	select	binary		SO5635
9632	Олія для еротичного масажу	15744	Аромат	select	none		SO5635
9632	Олія для еротичного масажу	15743	Стать	select	none		SO5635
9632	Олія для еротичного масажу	15742	Об’єм	select	db-inval	150	SO5635
9632	Олія для еротичного масажу	15741	Кількість	select	none		SO5635
9632	Олія для еротичного масажу	15745	Зігріваючий	select	binary		SO5635
9632	Олія для еротичного масажу	15746	Охолоджуючий	select	binary		SO5635
9632	Олія для еротичного масажу	15747	Розслаблюючий	select	binary		SO5635
9632	Олія для еротичного масажу	15748	Тонізуючий	select	binary		SO5635
9632	Олія для еротичного масажу	15759	З феромонами	select	binary		SO5635
9628	Засоби для орального сексу	15766	Аромат	select	db	без аромату	SO2538
9628	Засоби для орального сексу	15743	Стать	select	db	унісекс	SO2538
9628	Засоби для орального сексу	15763	Тип	select	db	гель	SO2538
9628	Засоби для орального сексу	15765	Смак	select	db	без смаку	SO2538
9628	Засоби для орального сексу	15774	Тип упаковки	select	db	пляшка з дозатором	SO2538
9632	Олія для еротичного масажу	15758	Без ароматизаторів	select	binary		SO5949
9632	Олія для еротичного масажу	15757	Без гліцерину	select	binary		SO5949
9632	Олія для еротичного масажу	15756	Без парабенів	select	binary		SO5949
9632	Олія для еротичного масажу	15755	Органічний продукт	select	binary		SO5949
9632	Олія для еротичного масажу	15754	Їстівна формула	select	binary		SO5949
9632	Олія для еротичного масажу	15753	Антистресовий	select	binary		SO5949
9632	Олія для еротичного масажу	15752	Пом'якшуючий	select	binary		SO5949
9632	Олія для еротичного масажу	15750	Зволожуючий	select	binary		SO5949
9632	Олія для еротичного масажу	15749	Збуджуючий	select	binary		SO5949
9632	Олія для еротичного масажу	15744	Аромат	select	none		SO5949
9632	Олія для еротичного масажу	15743	Стать	select	none		SO5949
9632	Олія для еротичного масажу	15742	Об’єм	select	db-inval	2	SO5949
9632	Олія для еротичного масажу	15741	Кількість	select	none		SO5949
9632	Олія для еротичного масажу	15745	Зігріваючий	select	binary		SO5949
9632	Олія для еротичного масажу	15746	Охолоджуючий	select	binary		SO5949
9632	Олія для еротичного масажу	15747	Розслаблюючий	select	db	Так	SO5949
9632	Олія для еротичного масажу	15748	Тонізуючий	select	binary		SO5949
9632	Олія для еротичного масажу	15759	З феромонами	select	binary		SO5949
5116	Менструальні чаші	12097	Базовий колір	multiselect	none		SO3589
5116	Менструальні чаші	5406	Ароматизовані	select	binary		SO3589
5116	Менструальні чаші	78	Колір виробника	multiselect	none		SO3589
5116	Менструальні чаші	1098	Об'єм	float	db-num	15	SO3589
5116	Менструальні чаші	2847	Кількість в упаковці	float	none		SO3589
5116	Менструальні чаші	5408	Розмір	multiselect	none		SO3589
9630	Свічки для інтимного масажу	15742	Об’єм	select	prom-inval	80	SO1859
9630	Свічки для інтимного масажу	15741	Кількість	select	none		SO1859
3141	Сіль для ванни	2856	Стать	multiselect	none		SO6895
3141	Сіль для ванни	51	Вид	multiselect	text	сіль	SO6895
3141	Сіль для ванни	2854	Призначення	multiselect	text-many	для ванн, розслаблення	SO6895
3141	Сіль для ванни	150	Вага	float	none		SO6895
3141	Сіль для ванни	9502	Клас косметики	multiselect	none		SO6895
3141	Сіль для ванни	6687	Аромат	multiselect	none		SO6895
9616	Аксесуари для страпонів	78	Колір виробника	multiselect	text-many	ash, мос, тан	SO4514
3141	Сіль для ванни	2856	Стать	multiselect	none		SO2539
3141	Сіль для ванни	51	Вид	multiselect	none		SO2539
3141	Сіль для ванни	2854	Призначення	multiselect	none		SO2539
3141	Сіль для ванни	150	Вага	float	none		SO2539
3141	Сіль для ванни	9502	Клас косметики	multiselect	none		SO2539
3141	Сіль для ванни	6687	Аромат	multiselect	none		SO2539
9526	Аксесуари до інтимних іграшок	14746	Тип аксесуара	select	none		SO4559
9526	Аксесуари до інтимних іграшок	14747	Основний матеріал	select	none		SO4559
9526	Аксесуари до інтимних іграшок	78	Колір виробника	multiselect	none		SO4559
9526	Аксесуари до інтимних іграшок	2845	Колір	select	none		SO4559
7216	Еротична білизна	13949	Стать	select	none		SO8301
7216	Еротична білизна	13948	Тип товару	select	db-inval	бандаж/фіксатор	SO8301
9466	Вібратори	10173	Підігрів	select	binary		SO2304
9466	Вібратори	3369	Призначення	select	prom-inval	для стимуляції вульви	SO2304
9466	Вібратори	3106	Вид	select	none		SO2304
9466	Вібратори	3103	Тип приладу	select	none		SO2304
9466	Вібратори	13037	Конструкція	select	none		SO2304
9466	Вібратори	10210	Керування через застосунок (Smart)	select	binary		SO2304
9466	Вібратори	9977	Кілька насадок	select	binary		SO2304
9466	Вібратори	12731	Матеріал	select	prom-inval	Силікон | ABS-пластик	SO2304
9466	Вібратори	11988	Кріплення на присоску	select	binary		SO2304
9466	Вібратори	11367	Телескопічний	select	binary		SO2304
9466	Вібратори	10173	Підігрів	select	binary		SO4106
9466	Вібратори	3369	Призначення	select	prom-inval	для стимуляції вульви	SO4106
9466	Вібратори	3106	Вид	select	none		SO4106
9466	Вібратори	3103	Тип приладу	select	text	вакуумний стимулятор	SO4106
9466	Вібратори	13037	Конструкція	select	none		SO4106
9466	Вібратори	10210	Керування через застосунок (Smart)	select	binary-hint	застосун	SO4106
9466	Вібратори	9977	Кілька насадок	select	binary		SO4106
9466	Вібратори	11988	Кріплення на присоску	select	binary		SO4106
9466	Вібратори	11953	Водонепроникний	select	db-inval	IPX7	SO4106
9466	Вібратори	11367	Телескопічний	select	binary		SO4106
9636	Пролонгатори	15764	Основа засобу	select	db	водна	SO4098
9636	Пролонгатори	15780	Тип	select	db	спрей	SO4098
9474	Насадки на член	13039	Вид	select	db	нереалістичні	SO1817
9470	Ерекційні кільця	13037	Конструкція	select	prom-inval	односторонні	SO6955
9470	Ерекційні кільця	3369	Призначення	select	prom-inval	вагінально-кліторні	SO6955
9628	Засоби для орального сексу	15766	Аромат	select	db	без аромату	SO3224
9628	Засоби для орального сексу	15743	Стать	select	db	унісекс	SO3224
9628	Засоби для орального сексу	15763	Тип	select	db	льодяники	SO3224
9628	Засоби для орального сексу	15765	Смак	select	db	без смаку	SO3224
9628	Засоби для орального сексу	15774	Тип упаковки	select	db	пляшка з дозатором	SO3224
7216	Еротична білизна	13949	Стать	select	none		SO2222
7216	Еротична білизна	13948	Тип товару	select	db-inval	бандаж/фіксатор	SO2222
7216	Еротична білизна	12923	Розмір	select	none		SO2222
9470	Ерекційні кільця	9698	Текстура поверхні	select	db	гладка	BM-PR-02
9470	Ерекційні кільця	13037	Конструкція	select	db	одинарні	BM-PR-02
9470	Ерекційні кільця	3369	Призначення	select	db	підтримка ерекції	BM-PR-02
9470	Ерекційні кільця	9695	Тип	select	db	кільце	BM-PR-02
9472	Мастурбатори	12731	Матеріал	select	prom-inval	Поліуретан	SO7045
9460	Еротичні приколи та сувеніри	13948	Тип товару	select	db	мило	SO2646
9632	Олія для еротичного масажу	15758	Без ароматизаторів	select	binary		SO7829
9632	Олія для еротичного масажу	15757	Без гліцерину	select	binary		SO7829
9632	Олія для еротичного масажу	15756	Без парабенів	select	binary		SO7829
9632	Олія для еротичного масажу	15755	Органічний продукт	select	binary		SO7829
9632	Олія для еротичного масажу	15753	Антистресовий	select	binary		SO7829
9632	Олія для еротичного масажу	15752	Пом'якшуючий	select	binary		SO7829
9632	Олія для еротичного масажу	15744	Аромат	select	db-inval	ягідний	SO7829
9632	Олія для еротичного масажу	15743	Стать	select	db	унісекс	SO7829
9632	Олія для еротичного масажу	15742	Об’єм	select	db-inval	6	SO7829
9632	Олія для еротичного масажу	15741	Кількість	select	none		SO7829
9632	Олія для еротичного масажу	15748	Тонізуючий	select	binary		SO7829
9632	Олія для еротичного масажу	15759	З феромонами	select	binary		SO7829
9466	Вібратори	10173	Підігрів	select	binary		RO2477
9466	Вібратори	3369	Призначення	select	none		RO2477
9466	Вібратори	3106	Вид	select	none		RO2477
9466	Вібратори	3103	Тип приладу	select	none		RO2477
9466	Вібратори	13037	Конструкція	select	none		RO2477
9466	Вібратори	10210	Керування через застосунок (Smart)	select	binary		RO2477
9466	Вібратори	9977	Кілька насадок	select	binary		RO2477
9466	Вібратори	4212	Кількість режимів роботи	select	none		RO2477
9466	Вібратори	11988	Кріплення на присоску	select	binary		RO2477
9466	Вібратори	11953	Водонепроникний	select	db	Так	RO2477
9466	Вібратори	11367	Телескопічний	select	binary		RO2477
9474	Насадки на член	13039	Вид	select	db	нереалістичні	SO1814
9526	Аксесуари до інтимних іграшок	14746	Тип аксесуара	select	prom	зарядний кабель	SO7018
9526	Аксесуари до інтимних іграшок	78	Колір виробника	multiselect	text-many	він, крем, скат	SO7018
9526	Аксесуари до інтимних іграшок	2845	Колір	select	none		SO7018
9628	Засоби для орального сексу	15766	Аромат	select	db	без аромату	SO3219
9628	Засоби для орального сексу	15743	Стать	select	db	унісекс	SO3219
9628	Засоби для орального сексу	15763	Тип	select	db	льодяники	SO3219
9628	Засоби для орального сексу	15765	Смак	select	db	без смаку	SO3219
9628	Засоби для орального сексу	15774	Тип упаковки	select	db	пляшка з дозатором	SO3219
9484	Анальні пробки	13948	Тип товару	select	db	класична анальна пробка	SO6317
9484	Анальні пробки	12731	Матеріал	select	db-inval	Акрил	SO6317
9484	Анальні пробки	12891	Форма	select	db	класична конусна	SO6317
9480	Фалоімітатори	11953	Водонепроникний	select	db-inval	IPX8	SO6827
9480	Фалоімітатори	13039	Вид	select	none		SO6827
9480	Фалоімітатори	13037	Конструкція	select	none		SO6827
9480	Фалоімітатори	11988	Кріплення на присоску	select	binary		SO6827
9474	Насадки на член	7192	Текстура поверхні	select	none		SO2344
9474	Насадки на член	7215	Тип	select	none		SO2344
9474	Насадки на член	13037	Конструкція	select	prom-inval	односторонні	SO2344
9470	Ерекційні кільця	13037	Конструкція	select	prom-inval	з мошонкою	SO7497
9470	Ерекційні кільця	3369	Призначення	select	prom-inval	кліторні	SO7497
9464	Еротичні костюми	12731	Матеріал	select	prom-inval	Вініл	SO7355
9464	Еротичні костюми	12923	Розмір	select	none		SO7355
9466	Вібратори	10173	Підігрів	select	binary		SO6119
9466	Вібратори	3369	Призначення	select	prom-inval	для стимуляції вульви	SO6119
9466	Вібратори	3106	Вид	select	none		SO6119
9466	Вібратори	3103	Тип приладу	select	text	вакуумний стимулятор	SO6119
9466	Вібратори	13037	Конструкція	select	none		SO6119
9466	Вібратори	10210	Керування через застосунок (Smart)	select	binary		SO6119
9466	Вібратори	9977	Кілька насадок	select	binary		SO6119
9466	Вібратори	11988	Кріплення на присоску	select	binary		SO6119
9466	Вібратори	11953	Водонепроникний	select	db-inval	IPX7	SO6119
9466	Вібратори	11367	Телескопічний	select	binary		SO6119
9470	Ерекційні кільця	3369	Призначення	select	prom-inval	вагінальні	SO2441
9620	Аксесуари для мастурбаторів	78	Колір виробника	multiselect	text-many	беж, метал, тис	SO7677
9630	Свічки для інтимного масажу	15742	Об’єм	select	db-inval	30	SO2521
9630	Свічки для інтимного масажу	15741	Кількість	select	none		SO2521
9630	Свічки для інтимного масажу	15761	Час горіння	select	db	до 3 годин	SO2521
9630	Свічки для інтимного масажу	15762	Тип воску	select	db	парафін (рафінований косметичний)	SO2521
9630	Свічки для інтимного масажу	15744	Аромат	select	db	кокос	SO2521
9630	Свічки для інтимного масажу	15743	Стать	select	db	унісекс	SO2521
9550	Анальний душ	78	Колір виробника	multiselect	text-many	100, ash, тан	SO5075
9550	Анальний душ	757	Довжина шланга	float	none		SO5075
9466	Вібратори	10173	Підігрів	select	binary		SO6952
9466	Вібратори	3369	Призначення	select	prom-inval	для збільшення члена	SO6952
9466	Вібратори	3106	Вид	select	none		SO6952
9466	Вібратори	3103	Тип приладу	select	none		SO6952
9466	Вібратори	13037	Конструкція	select	none		SO6952
9466	Вібратори	10210	Керування через застосунок (Smart)	select	binary-hint	додаток	SO6952
9466	Вібратори	9977	Кілька насадок	select	binary		SO6952
9466	Вібратори	12731	Матеріал	select	prom-inval	Силікон | ABS-пластик	SO6952
9466	Вібратори	11988	Кріплення на присоску	select	binary		SO6952
9466	Вібратори	11953	Водонепроникний	select	db-inval	IPX7	SO6952
9466	Вібратори	11367	Телескопічний	select	binary		SO6952
9628	Засоби для орального сексу	15766	Аромат	select	db	ягідний	SO2801
9628	Засоби для орального сексу	15743	Стать	select	db	унісекс	SO2801
9628	Засоби для орального сексу	15763	Тип	select	db	спрей	SO2801
9628	Засоби для орального сексу	15765	Смак	select	db	полуниця	SO2801
9628	Засоби для орального сексу	15774	Тип упаковки	select	db	пляшка з розпилювачем	SO2801
9470	Ерекційні кільця	3369	Призначення	select	prom-inval	кліторні	SO2737
9628	Засоби для орального сексу	15766	Аромат	select	db	без аромату	SO2531
9628	Засоби для орального сексу	15743	Стать	select	db	унісекс	SO2531
9628	Засоби для орального сексу	15763	Тип	select	db	гель	SO2531
9628	Засоби для орального сексу	15765	Смак	select	db	вишня	SO2531
9628	Засоби для орального сексу	15774	Тип упаковки	select	db	пляшка з дозатором	SO2531
5116	Менструальні чаші	12097	Базовий колір	multiselect	none		SO3576
5116	Менструальні чаші	5406	Ароматизовані	select	binary		SO3576
5116	Менструальні чаші	78	Колір виробника	multiselect	none		SO3576
5116	Менструальні чаші	1098	Об'єм	float	db-num	15	SO3576
5116	Менструальні чаші	2847	Кількість в упаковці	float	none		SO3576
5116	Менструальні чаші	5408	Розмір	multiselect	none		SO3576
9472	Мастурбатори	12731	Матеріал	select	db-inval	Поліуретан	SO5108
9472	Мастурбатори	3106	Вид	select	db	реалістичні	SO5108
9472	Мастурбатори	12731	Матеріал	select	prom-inval	Поліуретан	SO1647
9632	Олія для еротичного масажу	15744	Аромат	select	db	полуниця	SO2375
9632	Олія для еротичного масажу	15743	Стать	select	db	унісекс	SO2375
9632	Олія для еротичного масажу	15742	Об’єм	select	db-inval	3	SO2375
9632	Олія для еротичного масажу	15741	Кількість	select	none		SO2375
9484	Анальні пробки	12731	Матеріал	select	prom-inval	Акрил	SO6308
9630	Свічки для інтимного масажу	15742	Об’єм	select	db-inval	170	SO3343
9630	Свічки для інтимного масажу	15741	Кількість	select	none		SO3343
9630	Свічки для інтимного масажу	15761	Час горіння	select	db	до 3 годин	SO3343
9630	Свічки для інтимного масажу	15762	Тип воску	select	db	комбінований	SO3343
9630	Свічки для інтимного масажу	15744	Аромат	select	db	без аромату	SO3343
9630	Свічки для інтимного масажу	15743	Стать	select	db	унісекс	SO3343
9458	Фетиш та BDSM	12731	Матеріал	select	prom-inval	Алюміній	SO2979
9458	Фетиш та BDSM	13948	Тип товару	select	none		SO2979
9526	Аксесуари до інтимних іграшок	14746	Тип аксесуара	select	db	зарядний кабель	SO3476
9526	Аксесуари до інтимних іграшок	78	Колір виробника	multiselect	none		SO3476
9526	Аксесуари до інтимних іграшок	2845	Колір	select	none		SO3476
9458	Фетиш та BDSM	12731	Матеріал	select	none		SO4582
9458	Фетиш та BDSM	13948	Тип товару	select	none		SO4582
9628	Засоби для орального сексу	15766	Аромат	select	db	ягідний	SO3490
9628	Засоби для орального сексу	15743	Стать	select	db	унісекс	SO3490
9628	Засоби для орального сексу	15763	Тип	select	db	гель	SO3490
9628	Засоби для орального сексу	15765	Смак	select	db	полуниця	SO3490
9628	Засоби для орального сексу	15774	Тип упаковки	select	db	пляшка з дозатором	SO3490
5116	Менструальні чаші	12097	Базовий колір	multiselect	none		SO6303
5116	Менструальні чаші	5406	Ароматизовані	select	binary		SO6303
5116	Менструальні чаші	78	Колір виробника	multiselect	text-many	100, ash, mint	SO6303
5116	Менструальні чаші	1098	Об'єм	float	prom-num	50	SO6303
5116	Менструальні чаші	2847	Кількість в упаковці	float	none		SO6303
5116	Менструальні чаші	5408	Розмір	multiselect	none		SO6303
9484	Анальні пробки	13948	Тип товару	select	none		SO4926
9484	Анальні пробки	11098	Тип живлення	select	none		SO4926
9484	Анальні пробки	12891	Форма	select	none		SO4926
9484	Анальні пробки	10173	Підігрів	select	binary		SO4926
9628	Засоби для орального сексу	15766	Аромат	select	db	ягідний	SO3226
9628	Засоби для орального сексу	15743	Стать	select	db	унісекс	SO3226
9628	Засоби для орального сексу	15763	Тип	select	db	гель	SO3226
9628	Засоби для орального сексу	15765	Смак	select	db	полуниця	SO3226
9628	Засоби для орального сексу	15774	Тип упаковки	select	db	пляшка з дозатором	SO3226
9448	Догляд за секс-іграшками	14036	Дія	select	db	догляд та відновлення	F16012
9448	Догляд за секс-іграшками	14024	Тип засобу	select	db	спрей	F16012
9466	Вібратори	10173	Підігрів	select	binary		SO3014
9466	Вібратори	3369	Призначення	select	prom-inval	для стимуляції вульви	SO3014
9466	Вібратори	3106	Вид	select	none		SO3014
9466	Вібратори	3103	Тип приладу	select	text	вакуумний стимулятор	SO3014
9466	Вібратори	13037	Конструкція	select	none		SO3014
9466	Вібратори	10210	Керування через застосунок (Smart)	select	binary		SO3014
9466	Вібратори	9977	Кілька насадок	select	binary		SO3014
9466	Вібратори	4212	Кількість режимів роботи	select	none		SO3014
9466	Вібратори	11988	Кріплення на присоску	select	binary		SO3014
9466	Вібратори	11953	Водонепроникний	select	binary		SO3014
9466	Вібратори	11367	Телескопічний	select	binary		SO3014
9550	Анальний душ	78	Колір виробника	multiselect	text-many	мед, ніч, приз	SO4722
9550	Анальний душ	757	Довжина шланга	float	none		SO4722
9628	Засоби для орального сексу	15766	Аромат	select	db	ягідний	SO3234
9628	Засоби для орального сексу	15743	Стать	select	db	унісекс	SO3234
9628	Засоби для орального сексу	15763	Тип	select	db	гель	SO3234
9628	Засоби для орального сексу	15765	Смак	select	db	полуниця	SO3234
9628	Засоби для орального сексу	15774	Тип упаковки	select	db	пляшка з дозатором	SO3234
9470	Ерекційні кільця	13037	Конструкція	select	prom-inval	односторонні	SO1417
9470	Ерекційні кільця	3369	Призначення	select	prom-inval	кліторні	SO1417
9628	Засоби для орального сексу	15766	Аромат	select	db	кавовий	SO3494
9628	Засоби для орального сексу	15743	Стать	select	db	унісекс	SO3494
9628	Засоби для орального сексу	15763	Тип	select	db	льодяники	SO3494
9628	Засоби для орального сексу	15765	Смак	select	db	вишня	SO3494
9628	Засоби для орального сексу	15774	Тип упаковки	select	db	пляшка з розпилювачем	SO3494
9616	Аксесуари для страпонів	78	Колір виробника	multiselect	text-many	ash, мос, тан	SO4516
9470	Ерекційні кільця	3369	Призначення	select	prom-inval	кліторні	SO6130
9632	Олія для еротичного масажу	15758	Без ароматизаторів	select	binary		SO3451
9632	Олія для еротичного масажу	15757	Без гліцерину	select	binary		SO3451
9632	Олія для еротичного масажу	15756	Без парабенів	select	binary		SO3451
9632	Олія для еротичного масажу	15755	Органічний продукт	select	binary		SO3451
9632	Олія для еротичного масажу	15753	Антистресовий	select	binary		SO3451
9632	Олія для еротичного масажу	15752	Пом'якшуючий	select	binary		SO3451
9632	Олія для еротичного масажу	15744	Аромат	select	db-inval	цукрова вата	SO3451
9632	Олія для еротичного масажу	15743	Стать	select	db	унісекс	SO3451
9632	Олія для еротичного масажу	15742	Об’єм	select	db-inval	6	SO3451
9632	Олія для еротичного масажу	15741	Кількість	select	none		SO3451
9632	Олія для еротичного масажу	15748	Тонізуючий	select	binary		SO3451
9632	Олія для еротичного масажу	15759	З феромонами	select	binary		SO3451
9526	Аксесуари до інтимних іграшок	78	Колір виробника	multiselect	text-many	105, ash, sage	SO3601
9526	Аксесуари до інтимних іграшок	2845	Колір	select	none		SO3601
9458	Фетиш та BDSM	12731	Матеріал	select	text	віск	SO5958
9458	Фетиш та BDSM	13948	Тип товару	select	none		SO5958
9632	Олія для еротичного масажу	15744	Аромат	select	db	кокос	SO3340
9632	Олія для еротичного масажу	15743	Стать	select	db	унісекс	SO3340
9632	Олія для еротичного масажу	15742	Об’єм	select	db-inval	3	SO3340
9632	Олія для еротичного масажу	15741	Кількість	select	none		SO3340
9628	Засоби для орального сексу	15766	Аромат	select	db	кавовий	SO3199
9628	Засоби для орального сексу	15743	Стать	select	db	унісекс	SO3199
9628	Засоби для орального сексу	15763	Тип	select	db	олія	SO3199
9628	Засоби для орального сексу	15765	Смак	select	db	кавун	SO3199
9628	Засоби для орального сексу	15774	Тип упаковки	select	db	пляшка з дозатором	SO3199
9526	Аксесуари до інтимних іграшок	78	Колір виробника	multiselect	text-many	ніч, тис, шовк	SO3017
9526	Аксесуари до інтимних іграшок	2845	Колір	select	none		SO3017
9472	Мастурбатори	3106	Вид	select	db	реалістичні	SO4022
9630	Свічки для інтимного масажу	15742	Об’єм	select	db-inval	30	SO2518
9630	Свічки для інтимного масажу	15741	Кількість	select	none		SO2518
9630	Свічки для інтимного масажу	15761	Час горіння	select	db	до 3 годин	SO2518
9630	Свічки для інтимного масажу	15762	Тип воску	select	db	парафін (рафінований косметичний)	SO2518
9630	Свічки для інтимного масажу	15744	Аромат	select	db	кокос	SO2518
9630	Свічки для інтимного масажу	15743	Стать	select	db	унісекс	SO2518
9632	Олія для еротичного масажу	15744	Аромат	select	db	без аромату	SO3333
9632	Олія для еротичного масажу	15743	Стать	select	db	унісекс	SO3333
9632	Олія для еротичного масажу	15742	Об’єм	select	db-inval	3	SO3333
9632	Олія для еротичного масажу	15741	Кількість	select	none		SO3333
9458	Фетиш та BDSM	12731	Матеріал	select	none		SO3755
9458	Фетиш та BDSM	13948	Тип товару	select	none		SO3755
9460	Еротичні приколи та сувеніри	13948	Тип товару	select	db	мило	SO4796
9466	Вібратори	10173	Підігрів	select	binary		SO4953
9466	Вібратори	3369	Призначення	select	prom-inval	для стимуляції вульви	SO4953
9466	Вібратори	3106	Вид	select	none		SO4953
9466	Вібратори	3103	Тип приладу	select	none		SO4953
9466	Вібратори	13037	Конструкція	select	none		SO4953
9466	Вібратори	10210	Керування через застосунок (Smart)	select	binary		SO4953
9466	Вібратори	9977	Кілька насадок	select	binary		SO4953
9466	Вібратори	12731	Матеріал	select	none		SO4953
9466	Вібратори	11988	Кріплення на присоску	select	binary		SO4953
9466	Вібратори	11953	Водонепроникний	select	binary		SO4953
9466	Вібратори	11367	Телескопічний	select	binary		SO4953
9636	Пролонгатори	15764	Основа засобу	select	db	водна	SO4079
9636	Пролонгатори	15780	Тип	select	db	спрей	SO4079
9628	Засоби для орального сексу	15766	Аромат	select	db	фруктовий	SO3227
9628	Засоби для орального сексу	15743	Стать	select	db	унісекс	SO3227
9628	Засоби для орального сексу	15763	Тип	select	db	гель	SO3227
9628	Засоби для орального сексу	15765	Смак	select	db	кавун	SO3227
9628	Засоби для орального сексу	15774	Тип упаковки	select	db	пляшка з дозатором	SO3227
9630	Свічки для інтимного масажу	15742	Об’єм	select	db-inval	35	SO1870
9630	Свічки для інтимного масажу	15741	Кількість	select	none		SO1870
9630	Свічки для інтимного масажу	15761	Час горіння	select	db	до 3 годин	SO1870
9630	Свічки для інтимного масажу	15762	Тип воску	select	db	комбінований	SO1870
9630	Свічки для інтимного масажу	15744	Аромат	select	db	без аромату	SO1870
9630	Свічки для інтимного масажу	15743	Стать	select	db	унісекс	SO1870
9478	Вагінальні кульки та тренажери	13954	Тип товару	select	text-many	кульки, тренажер	SO8711
9478	Вагінальні кульки та тренажери	11579	Вібрація	select	binary-hint	вібрац	SO8711
9478	Вагінальні кульки та тренажери	11098	Тип живлення	select	none		SO8711
9458	Фетиш та BDSM	12731	Матеріал	select	none		SO3754
9458	Фетиш та BDSM	13948	Тип товару	select	none		SO3754
9470	Ерекційні кільця	12731	Матеріал	select	prom-inval	Метал	SO4617
9628	Засоби для орального сексу	15766	Аромат	select	db	ягідний	SO3203
9628	Засоби для орального сексу	15743	Стать	select	db	унісекс	SO3203
9628	Засоби для орального сексу	15763	Тип	select	db	льодяники	SO3203
9628	Засоби для орального сексу	15765	Смак	select	db	полуниця	SO3203
9628	Засоби для орального сексу	15774	Тип упаковки	select	db	пляшка з дозатором	SO3203
9458	Фетиш та BDSM	12731	Матеріал	select	db-inval	джут	SO5202
9458	Фетиш та BDSM	13948	Тип товару	select	db	мотузка бандажна	SO5202
9464	Еротичні костюми	12923	Розмір	select	none		SO5986
9458	Фетиш та BDSM	13948	Тип товару	select	db	ляпалка/тоуза	SO8262
9616	Аксесуари для страпонів	78	Колір виробника	multiselect	text-many	100, ash, мос	SO4078
9460	Еротичні приколи та сувеніри	13948	Тип товару	select	db	мило	SO4800
9472	Мастурбатори	12731	Матеріал	select	prom-inval	Поліуретан	SO5107
7216	Еротична білизна	13949	Стать	select	none		SO3147
7216	Еротична білизна	13948	Тип товару	select	prom-inval	набір	SO3147
7216	Еротична білизна	12923	Розмір	select	none		SO3147
9526	Аксесуари до інтимних іграшок	14746	Тип аксесуара	select	db	зарядний кабель	SO7773
9526	Аксесуари до інтимних іграшок	78	Колір виробника	multiselect	none		SO7773
9526	Аксесуари до інтимних іграшок	2845	Колір	select	none		SO7773
9620	Аксесуари для мастурбаторів	15298	Тип аксесуару	select	db	рукав	SO3944
9620	Аксесуари для мастурбаторів	78	Колір виробника	multiselect	none		SO3944
9632	Олія для еротичного масажу	15742	Об’єм	select	prom-inval	50	SO3330
9632	Олія для еротичного масажу	15741	Кількість	select	none		SO3330
9470	Ерекційні кільця	13037	Конструкція	select	prom-inval	з мошонкою	SO4870
9470	Ерекційні кільця	3369	Призначення	select	prom-inval	вагінальні	SO4870
9636	Пролонгатори	15764	Основа засобу	select	db	водна	SO3186
9636	Пролонгатори	15780	Тип	select	db	гель	SO3186
9464	Еротичні костюми	12923	Розмір	select	none		SO7689
9628	Засоби для орального сексу	15749	Збуджуючий	select	binary		SO2840
9628	Засоби для орального сексу	15766	Аромат	select	none		SO2840
9628	Засоби для орального сексу	15768	Посилення чутливості	select	binary		SO2840
9628	Засоби для орального сексу	15769	Посилення слиновиділення	select	binary		SO2840
9628	Засоби для орального сексу	15770	Віброефект	select	binary		SO2840
9628	Засоби для орального сексу	15743	Стать	select	none		SO2840
9628	Засоби для орального сексу	15745	Зігріваючий	select	binary		SO2840
9628	Засоби для орального сексу	15750	Зволожуючий	select	binary		SO2840
9628	Засоби для орального сексу	15754	Їстівна формула	select	binary		SO2840
9628	Засоби для орального сексу	15763	Тип	select	prom-inval	набір	SO2840
9628	Засоби для орального сексу	15765	Смак	select	text	кавун	SO2840
9628	Засоби для орального сексу	15771	Сумісність з презервативами	select	binary		SO2840
9628	Засоби для орального сексу	15772	Сумісність з секс-іграшками	select	binary		SO2840
9628	Засоби для орального сексу	15773	Веганський	select	binary		SO2840
9628	Засоби для орального сексу	15774	Тип упаковки	select	none		SO2840
9628	Засоби для орального сексу	15746	Охолоджуючий	select	binary		SO2840
9628	Засоби для орального сексу	15747	Розслаблюючий	select	binary		SO2840
9632	Олія для еротичного масажу	15742	Об’єм	select	prom-inval	120	SO6164
9632	Олія для еротичного масажу	15741	Кількість	select	none		SO6164
9488	Масажери простати	10210	Керування через застосунок (Smart)	select	binary		SO7133
9616	Аксесуари для страпонів	78	Колір виробника	multiselect	text-many	100, blue, він	SO3569
9620	Аксесуари для мастурбаторів	15298	Тип аксесуару	select	db	нагрівач	SO8151
9620	Аксесуари для мастурбаторів	78	Колір виробника	multiselect	none		SO8151
9458	Фетиш та BDSM	12731	Матеріал	select	prom-inval	те, що потрібно для довгих ігор з солодкими муками і збудливими пестощами	SO4669
9458	Фетиш та BDSM	13948	Тип товару	select	db	наручники	SO4669
9464	Еротичні костюми	12923	Розмір	select	none		SO5144
5116	Менструальні чаші	12097	Базовий колір	multiselect	none		SO3588
5116	Менструальні чаші	5406	Ароматизовані	select	binary		SO3588
5116	Менструальні чаші	78	Колір виробника	multiselect	none		SO3588
5116	Менструальні чаші	1098	Об'єм	float	db-num	15	SO3588
5116	Менструальні чаші	2847	Кількість в упаковці	float	none		SO3588
5116	Менструальні чаші	5408	Розмір	multiselect	none		SO3588
9466	Вібратори	10173	Підігрів	select	binary		SO6553
9466	Вібратори	3369	Призначення	select	prom-inval	для стимуляції вульви	SO6553
9466	Вібратори	3106	Вид	select	none		SO6553
9466	Вібратори	3103	Тип приладу	select	none		SO6553
9466	Вібратори	13037	Конструкція	select	none		SO6553
9466	Вібратори	10210	Керування через застосунок (Smart)	select	binary		SO6553
9466	Вібратори	9977	Кілька насадок	select	binary		SO6553
9466	Вібратори	12731	Матеріал	select	prom-inval	Силікон, АБС-пластик	SO6553
9466	Вібратори	11988	Кріплення на присоску	select	binary		SO6553
9466	Вібратори	11953	Водонепроникний	select	db-inval	IPX4	SO6553
9466	Вібратори	11367	Телескопічний	select	binary		SO6553
9464	Еротичні костюми	12923	Розмір	select	none		SO7447
9470	Ерекційні кільця	3369	Призначення	select	prom-inval	кліторні	SO4853
7216	Еротична білизна	13949	Стать	select	none		SO7193
7216	Еротична білизна	13948	Тип товару	select	prom-inval	набір	SO7193
7216	Еротична білизна	12731	Матеріал	select	prom-inval	Акрил, Поліуретан, Поліестер	SO7193
7216	Еротична білизна	12923	Розмір	select	none		SO7193
7216	Еротична білизна	13949	Стать	select	none		SO3447
7216	Еротична білизна	13948	Тип товару	select	db-inval	бандаж/фіксатор	SO3447
7216	Еротична білизна	12923	Розмір	select	none		SO3447
9458	Фетиш та BDSM	12731	Матеріал	select	prom-inval	ось те, що відрізняє дану модель від інших	SO2227
9628	Засоби для орального сексу	15766	Аромат	select	db	м'ятний	SO3204
9628	Засоби для орального сексу	15743	Стать	select	db	унісекс	SO3204
9628	Засоби для орального сексу	15763	Тип	select	db	льодяники	SO3204
9628	Засоби для орального сексу	15765	Смак	select	db-inval	м'ятна жуйка	SO3204
9628	Засоби для орального сексу	15774	Тип упаковки	select	db	пляшка з дозатором	SO3204
9632	Олія для еротичного масажу	15744	Аромат	select	db	без аромату	SO4811
9632	Олія для еротичного масажу	15743	Стать	select	db	унісекс	SO4811
9632	Олія для еротичного масажу	15742	Об’єм	select	db-inval	240	SO4811
9632	Олія для еротичного масажу	15741	Кількість	select	none		SO4811
9616	Аксесуари для страпонів	78	Колір виробника	multiselect	text-many	ash, мос, тан	SO4512
9472	Мастурбатори	12731	Матеріал	select	prom-inval	Поліуретан	SO4552
9630	Свічки для інтимного масажу	15742	Об’єм	select	db-inval	30	SO2520
9630	Свічки для інтимного масажу	15741	Кількість	select	none		SO2520
9630	Свічки для інтимного масажу	15761	Час горіння	select	db	до 3 годин	SO2520
9630	Свічки для інтимного масажу	15762	Тип воску	select	db	парафін (рафінований косметичний)	SO2520
9630	Свічки для інтимного масажу	15744	Аромат	select	db	кокос	SO2520
9630	Свічки для інтимного масажу	15743	Стать	select	db	унісекс	SO2520
9460	Еротичні приколи та сувеніри	13948	Тип товару	select	db	мило	SO2638
9632	Олія для еротичного масажу	15758	Без ароматизаторів	select	binary		SO3455
9632	Олія для еротичного масажу	15757	Без гліцерину	select	binary		SO3455
9632	Олія для еротичного масажу	15756	Без парабенів	select	binary		SO3455
9632	Олія для еротичного масажу	15755	Органічний продукт	select	binary		SO3455
9632	Олія для еротичного масажу	15753	Антистресовий	select	binary		SO3455
9632	Олія для еротичного масажу	15752	Пом'якшуючий	select	binary		SO3455
9632	Олія для еротичного масажу	15744	Аромат	select	db-inval	ягідний	SO3455
9632	Олія для еротичного масажу	15743	Стать	select	db	унісекс	SO3455
9632	Олія для еротичного масажу	15742	Об’єм	select	db-inval	6	SO3455
9632	Олія для еротичного масажу	15741	Кількість	select	none		SO3455
9632	Олія для еротичного масажу	15748	Тонізуючий	select	binary		SO3455
9632	Олія для еротичного масажу	15759	З феромонами	select	binary		SO3455
9484	Анальні пробки	13948	Тип товару	select	none		SO2786
9484	Анальні пробки	11579	Вібрація	select	binary		SO2786
9484	Анальні пробки	11098	Тип живлення	select	none		SO2786
9484	Анальні пробки	12731	Матеріал	select	prom-inval	ПВХ	SO2786
9484	Анальні пробки	12891	Форма	select	prom-inval	конусна	SO2786
9484	Анальні пробки	10173	Підігрів	select	binary		SO2786
9484	Анальні пробки	11579	Вібрація	select	binary		SO3806
9484	Анальні пробки	11098	Тип живлення	select	none		SO3806
9484	Анальні пробки	12891	Форма	select	none		SO3806
9484	Анальні пробки	10173	Підігрів	select	binary		SO3806
9470	Ерекційні кільця	13037	Конструкція	select	db-inval	з мошонкою	SO4565
9470	Ерекційні кільця	3369	Призначення	select	db-inval	вагінальні	SO4565
9624	Засоби для збільшення члену	15782	Збільшення довжини	select	binary		SO1955
9624	Засоби для збільшення члену	15754	Їстівна формула	select	binary		SO1955
9624	Засоби для збільшення члену	15749	Збуджуючий	select	binary		SO1955
9624	Засоби для збільшення члену	15781	Тип впливу	select	none		SO1955
9624	Засоби для збільшення члену	15783	Збільшення товщини	select	binary		SO1955
9624	Засоби для збільшення члену	15784	Посилення ерекції	select	binary		SO1955
9624	Засоби для збільшення члену	15768	Посилення чутливості	select	binary		SO1955
9624	Засоби для збільшення члену	15785	Подовження статевого акту	select	binary		SO1955
9624	Засоби для збільшення члену	15786	Посилення кровообігу	select	binary		SO1955
9624	Засоби для збільшення члену	15780	Тип	select	text	крем	SO1955
9624	Засоби для збільшення члену	15787	З перцем	select	binary		SO1955
9624	Засоби для збільшення члену	15766	Аромат	select	none		SO1955
9624	Засоби для збільшення члену	15764	Основа засобу	select	none		SO1955
9624	Засоби для збільшення члену	15788	Для джелкінгу (масажний)	select	binary		SO1955
9476	Екстендери та помпи	3369	Призначення	select	none		SO5119
9476	Екстендери та помпи	4801	Манометр	select	binary		SO5119
9476	Екстендери та помпи	5249	Тип помпи	multiselect	text-many	вакуумна, ручна	SO5119
5116	Менструальні чаші	12097	Базовий колір	multiselect	none		SO3593
5116	Менструальні чаші	5406	Ароматизовані	select	binary		SO3593
5116	Менструальні чаші	78	Колір виробника	multiselect	none		SO3593
5116	Менструальні чаші	1098	Об'єм	float	db-num	15	SO3593
5116	Менструальні чаші	2847	Кількість в упаковці	float	none		SO3593
5116	Менструальні чаші	5408	Розмір	multiselect	none		SO3593
5116	Менструальні чаші	12097	Базовий колір	multiselect	none		SO6305
5116	Менструальні чаші	5406	Ароматизовані	select	binary		SO6305
5116	Менструальні чаші	78	Колір виробника	multiselect	text-many	100, ash, mint	SO6305
5116	Менструальні чаші	1098	Об'єм	float	prom-num	25	SO6305
5116	Менструальні чаші	2847	Кількість в упаковці	float	none		SO6305
5116	Менструальні чаші	5408	Розмір	multiselect	none		SO6305
9620	Аксесуари для мастурбаторів	15298	Тип аксесуару	select	db	рукав	SO4503
9620	Аксесуари для мастурбаторів	78	Колір виробника	multiselect	none		SO4503
9466	Вібратори	10173	Підігрів	select	binary		SO3473
9466	Вібратори	10210	Керування через застосунок (Smart)	select	binary		SO3473
9466	Вібратори	9977	Кілька насадок	select	binary		SO3473
9466	Вібратори	4212	Кількість режимів роботи	select	db	5	SO3473
9466	Вібратори	11988	Кріплення на присоску	select	binary		SO3473
9466	Вібратори	11953	Водонепроникний	select	binary		SO3473
9466	Вібратори	11367	Телескопічний	select	binary		SO3473
9472	Мастурбатори	12731	Матеріал	select	prom-inval	Поліуретан	SO5112
9474	Насадки на член	13039	Вид	select	db	реалістичні	SO3716
9526	Аксесуари до інтимних іграшок	14746	Тип аксесуара	select	prom	зарядний кабель	SO2868
9526	Аксесуари до інтимних іграшок	78	Колір виробника	multiselect	text-many	ash, white, диня	SO2868
9526	Аксесуари до інтимних іграшок	2845	Колір	select	prom	Білий	SO2868
9470	Ерекційні кільця	7267	Регулювання діаметра	select	binary		SO3481
9470	Ерекційні кільця	3369	Призначення	select	none		SO3481
9470	Ерекційні кільця	9695	Тип	select	prom-inval	потовщуюча	SO3481
9466	Вібратори	10173	Підігрів	select	binary		SO3781
9466	Вібратори	3369	Призначення	select	prom-inval	для стимуляції вульви	SO3781
9466	Вібратори	3106	Вид	select	none		SO3781
9466	Вібратори	3103	Тип приладу	select	text	віброяйця	SO3781
9466	Вібратори	13037	Конструкція	select	none		SO3781
9466	Вібратори	10210	Керування через застосунок (Smart)	select	binary-hint	застосун	SO3781
9466	Вібратори	9977	Кілька насадок	select	binary		SO3781
9466	Вібратори	4212	Кількість режимів роботи	select	none		SO3781
9466	Вібратори	11988	Кріплення на присоску	select	binary		SO3781
9466	Вібратори	11953	Водонепроникний	select	db-inval	IPX7	SO3781
9466	Вібратори	11367	Телескопічний	select	binary		SO3781
9632	Олія для еротичного масажу	15742	Об’єм	select	prom-inval	100	SO2378
9632	Олія для еротичного масажу	15741	Кількість	select	none		SO2378
9632	Олія для еротичного масажу	15744	Аромат	select	db	без аромату	SO3936
9632	Олія для еротичного масажу	15743	Стать	select	db	унісекс	SO3936
9632	Олія для еротичного масажу	15742	Об’єм	select	db-inval	240	SO3936
9632	Олія для еротичного масажу	15741	Кількість	select	none		SO3936
9630	Свічки для інтимного масажу	15742	Об’єм	select	db-inval	170	SO2510
9630	Свічки для інтимного масажу	15741	Кількість	select	none		SO2510
9630	Свічки для інтимного масажу	15761	Час горіння	select	db	до 3 годин	SO2510
9630	Свічки для інтимного масажу	15762	Тип воску	select	db	комбінований	SO2510
9630	Свічки для інтимного масажу	15744	Аромат	select	db	троянда	SO2510
9630	Свічки для інтимного масажу	15743	Стать	select	db	унісекс	SO2510
9458	Фетиш та BDSM	13948	Тип товару	select	none		SO4581
9632	Олія для еротичного масажу	15758	Без ароматизаторів	select	binary		SO2553
9632	Олія для еротичного масажу	15757	Без гліцерину	select	binary		SO2553
9632	Олія для еротичного масажу	15756	Без парабенів	select	binary		SO2553
9632	Олія для еротичного масажу	15755	Органічний продукт	select	binary		SO2553
9632	Олія для еротичного масажу	15754	Їстівна формула	select	binary		SO2553
9632	Олія для еротичного масажу	15753	Антистресовий	select	binary		SO2553
9632	Олія для еротичного масажу	15752	Пом'якшуючий	select	binary		SO2553
9632	Олія для еротичного масажу	15750	Зволожуючий	select	binary		SO2553
9632	Олія для еротичного масажу	15744	Аромат	select	none		SO2553
9632	Олія для еротичного масажу	15743	Стать	select	none		SO2553
9632	Олія для еротичного масажу	15742	Об’єм	select	prom-inval	225	SO2553
9632	Олія для еротичного масажу	15741	Кількість	select	none		SO2553
9632	Олія для еротичного масажу	15745	Зігріваючий	select	binary		SO2553
9632	Олія для еротичного масажу	15746	Охолоджуючий	select	binary		SO2553
9632	Олія для еротичного масажу	15747	Розслаблюючий	select	binary		SO2553
9632	Олія для еротичного масажу	15748	Тонізуючий	select	binary		SO2553
9632	Олія для еротичного масажу	15759	З феромонами	select	binary		SO2553
9480	Фалоімітатори	11953	Водонепроникний	select	binary		SO1973
9480	Фалоімітатори	13039	Вид	select	db	реалістичні	SO1973
9480	Фалоімітатори	13037	Конструкція	select	db-inval	одинарні	SO1973
9480	Фалоімітатори	11988	Кріплення на присоску	select	binary		SO1973
9632	Олія для еротичного масажу	15758	Без ароматизаторів	select	binary		SO2702
9632	Олія для еротичного масажу	15757	Без гліцерину	select	binary		SO2702
9632	Олія для еротичного масажу	15756	Без парабенів	select	binary		SO2702
9632	Олія для еротичного масажу	15755	Органічний продукт	select	binary		SO2702
9632	Олія для еротичного масажу	15753	Антистресовий	select	binary		SO2702
9632	Олія для еротичного масажу	15752	Пом'якшуючий	select	binary		SO2702
9632	Олія для еротичного масажу	15749	Збуджуючий	select	binary		SO2702
9632	Олія для еротичного масажу	15744	Аромат	select	none		SO2702
9632	Олія для еротичного масажу	15743	Стать	select	none		SO2702
9632	Олія для еротичного масажу	15742	Об’єм	select	prom-inval	150	SO2702
9632	Олія для еротичного масажу	15741	Кількість	select	none		SO2702
9632	Олія для еротичного масажу	15745	Зігріваючий	select	binary		SO2702
9632	Олія для еротичного масажу	15746	Охолоджуючий	select	binary		SO2702
9632	Олія для еротичного масажу	15747	Розслаблюючий	select	binary		SO2702
9632	Олія для еротичного масажу	15748	Тонізуючий	select	binary		SO2702
9632	Олія для еротичного масажу	15759	З феромонами	select	binary		SO2702
5116	Менструальні чаші	12097	Базовий колір	multiselect	none		FM30531
5116	Менструальні чаші	5406	Ароматизовані	select	binary		FM30531
5116	Менструальні чаші	78	Колір виробника	multiselect	none		FM30531
5116	Менструальні чаші	1098	Об'єм	float	none		FM30531
5116	Менструальні чаші	2847	Кількість в упаковці	float	none		FM30531
5116	Менструальні чаші	5408	Розмір	multiselect	none		FM30531
5116	Менструальні чаші	12097	Базовий колір	multiselect	none		SO3577
5116	Менструальні чаші	5406	Ароматизовані	select	binary		SO3577
5116	Менструальні чаші	78	Колір виробника	multiselect	none		SO3577
5116	Менструальні чаші	1098	Об'єм	float	db-num	15	SO3577
5116	Менструальні чаші	2847	Кількість в упаковці	float	none		SO3577
5116	Менструальні чаші	5408	Розмір	multiselect	none		SO3577
9526	Аксесуари до інтимних іграшок	78	Колір виробника	multiselect	text-many	він, мос, неро	SO2795
9526	Аксесуари до інтимних іграшок	2845	Колір	select	none		SO2795
9628	Засоби для орального сексу	15766	Аромат	select	db	м'ятний	SO3206
9628	Засоби для орального сексу	15743	Стать	select	db	унісекс	SO3206
9628	Засоби для орального сексу	15763	Тип	select	db	льодяники	SO3206
9628	Засоби для орального сексу	15765	Смак	select	db-inval	м'ятна жуйка	SO3206
9628	Засоби для орального сексу	15774	Тип упаковки	select	db	пляшка з дозатором	SO3206
9484	Анальні пробки	11098	Тип живлення	select	prom-inval	Батарейки	SO5570
9550	Анальний душ	78	Колір виробника	multiselect	text-many	айс, вайс, приз	SO1958
9550	Анальний душ	757	Довжина шланга	float	none		SO1958
9480	Фалоімітатори	11953	Водонепроникний	select	db-inval	IPX8	SO6829
9480	Фалоімітатори	13039	Вид	select	none		SO6829
9480	Фалоімітатори	13037	Конструкція	select	none		SO6829
9480	Фалоімітатори	11988	Кріплення на присоску	select	binary		SO6829
9488	Масажери простати	10210	Керування через застосунок (Smart)	select	binary		SO3841
9630	Свічки для інтимного масажу	15742	Об’єм	select	none		SO3145
9630	Свічки для інтимного масажу	15741	Кількість	select	none		SO3145
9480	Фалоімітатори	13039	Вид	select	db	реалістичні	AL20497
9480	Фалоімітатори	12731	Матеріал	select	prom-inval	Тканина	AL20497
9474	Насадки на член	13039	Вид	select	db	нереалістичні	SO1818
9460	Еротичні приколи та сувеніри	12731	Матеріал	select	prom-inval	ламінований картон Виробник : Fun Games Shop, Україна	SO6297
9458	Фетиш та BDSM	13948	Тип товару	select	db	бандаж/фіксатор	SO8248
9466	Вібратори	10173	Підігрів	select	binary		SO6072
9466	Вібратори	3369	Призначення	select	prom-inval	для стимуляції вульви	SO6072
9466	Вібратори	3106	Вид	select	none		SO6072
9466	Вібратори	3103	Тип приладу	select	none		SO6072
9466	Вібратори	13037	Конструкція	select	none		SO6072
9466	Вібратори	10210	Керування через застосунок (Smart)	select	binary		SO6072
9466	Вібратори	9977	Кілька насадок	select	binary		SO6072
9466	Вібратори	11988	Кріплення на присоску	select	binary		SO6072
9466	Вібратори	11953	Водонепроникний	select	db-inval	IPX7	SO6072
9466	Вібратори	11367	Телескопічний	select	binary		SO6072
9466	Вібратори	10173	Підігрів	select	binary		SO6084
9466	Вібратори	3369	Призначення	select	prom-inval	для стимуляції вульви	SO6084
9466	Вібратори	3106	Вид	select	none		SO6084
9466	Вібратори	3103	Тип приладу	select	text	вакуумний стимулятор	SO6084
9466	Вібратори	13037	Конструкція	select	none		SO6084
9466	Вібратори	10210	Керування через застосунок (Smart)	select	binary		SO6084
9466	Вібратори	9977	Кілька насадок	select	binary		SO6084
9466	Вібратори	11988	Кріплення на присоску	select	binary		SO6084
9466	Вібратори	11953	Водонепроникний	select	db-inval	IPX7	SO6084
9466	Вібратори	11367	Телескопічний	select	binary		SO6084
7216	Еротична білизна	13949	Стать	select	none		SO7494
7216	Еротична білизна	13948	Тип товару	select	db-inval	бандаж/фіксатор	SO7494
9474	Насадки на член	13039	Вид	select	db	нереалістичні	SO1277
9466	Вібратори	10173	Підігрів	select	binary		SO3621
9466	Вібратори	3369	Призначення	select	prom-inval	для стимуляції грудей	SO3621
9466	Вібратори	3106	Вид	select	none		SO3621
9466	Вібратори	3103	Тип приладу	select	text-many	вакуумний стимулятор, віброяйця	SO3621
9466	Вібратори	13037	Конструкція	select	none		SO3621
9466	Вібратори	10210	Керування через застосунок (Smart)	select	binary		SO3621
9466	Вібратори	9977	Кілька насадок	select	binary		SO3621
9466	Вібратори	11988	Кріплення на присоску	select	binary		SO3621
9466	Вібратори	11367	Телескопічний	select	binary		SO3621
9466	Вібратори	10173	Підігрів	select	binary		SO6286
9466	Вібратори	3369	Призначення	select	prom-inval	для стимуляції вульви	SO6286
9466	Вібратори	3106	Вид	select	none		SO6286
9466	Вібратори	3103	Тип приладу	select	text	вакуумний стимулятор	SO6286
9466	Вібратори	13037	Конструкція	select	none		SO6286
9466	Вібратори	10210	Керування через застосунок (Smart)	select	binary		SO6286
9466	Вібратори	9977	Кілька насадок	select	binary		SO6286
9466	Вібратори	11988	Кріплення на присоску	select	binary		SO6286
9466	Вібратори	11953	Водонепроникний	select	db-inval	IPX7	SO6286
9466	Вібратори	11367	Телескопічний	select	binary		SO6286
3141	Сіль для ванни	2856	Стать	multiselect	none		SO6894
3141	Сіль для ванни	51	Вид	multiselect	text	сіль	SO6894
3141	Сіль для ванни	2854	Призначення	multiselect	text-many	для ванн, розслаблення	SO6894
3141	Сіль для ванни	150	Вага	float	none		SO6894
3141	Сіль для ванни	9502	Клас косметики	multiselect	none		SO6894
3141	Сіль для ванни	6687	Аромат	multiselect	text	лимон	SO6894
9628	Засоби для орального сексу	15766	Аромат	select	db	ягідний	SO3231
9628	Засоби для орального сексу	15743	Стать	select	db	унісекс	SO3231
9628	Засоби для орального сексу	15763	Тип	select	db	гель	SO3231
9628	Засоби для орального сексу	15765	Смак	select	db	полуниця	SO3231
9628	Засоби для орального сексу	15774	Тип упаковки	select	db	пляшка з дозатором	SO3231
9616	Аксесуари для страпонів	78	Колір виробника	multiselect	text-many	ash, мос, тан	SO4511
9470	Ерекційні кільця	3369	Призначення	select	prom-inval	вагінальні	SO6639
9526	Аксесуари до інтимних іграшок	14746	Тип аксесуара	select	db	зарядний пристрій	SO4095
9526	Аксесуари до інтимних іграшок	78	Колір виробника	multiselect	none		SO4095
9526	Аксесуари до інтимних іграшок	2845	Колір	select	none		SO4095
9448	Догляд за секс-іграшками	14036	Дія	select	db	догляд та відновлення	SO7824
9448	Догляд за секс-іграшками	14024	Тип засобу	select	db	спрей	SO7824
9628	Засоби для орального сексу	15766	Аромат	select	db	без аромату	SO3195
9628	Засоби для орального сексу	15743	Стать	select	db	унісекс	SO3195
9628	Засоби для орального сексу	15763	Тип	select	db	спрей	SO3195
9628	Засоби для орального сексу	15765	Смак	select	db	без смаку	SO3195
9628	Засоби для орального сексу	15774	Тип упаковки	select	db	пляшка з розпилювачем	SO3195
9474	Насадки на член	13039	Вид	select	db	нереалістичні	SO1273
9480	Фалоімітатори	11953	Водонепроникний	select	binary		SO7002
9480	Фалоімітатори	13039	Вид	select	db	реалістичні	SO7002
9480	Фалоімітатори	13037	Конструкція	select	prom-inval	одинарні	SO7002
9480	Фалоімітатори	11988	Кріплення на присоску	select	binary-hint	присоск	SO7002
9616	Аксесуари для страпонів	78	Колір виробника	multiselect	text-many	ash, black, крем	SO9000
9460	Еротичні приколи та сувеніри	12731	Матеріал	select	prom-inval	ламінований картон	SO3811
9630	Свічки для інтимного масажу	15742	Об’єм	select	db-inval	43	SO3174
9630	Свічки для інтимного масажу	15741	Кількість	select	none		SO3174
9466	Вібратори	10173	Підігрів	select	binary		SO4121
9466	Вібратори	3369	Призначення	select	none		SO4121
9466	Вібратори	3106	Вид	select	none		SO4121
9466	Вібратори	3103	Тип приладу	select	none		SO4121
9466	Вібратори	13037	Конструкція	select	none		SO4121
9466	Вібратори	10210	Керування через застосунок (Smart)	select	binary		SO4121
9466	Вібратори	9977	Кілька насадок	select	binary		SO4121
9466	Вібратори	4212	Кількість режимів роботи	select	none		SO4121
9466	Вібратори	11988	Кріплення на присоску	select	binary		SO4121
9466	Вібратори	11953	Водонепроникний	select	binary		SO4121
9466	Вібратори	11367	Телескопічний	select	binary		SO4121
9632	Олія для еротичного масажу	15758	Без ароматизаторів	select	binary		SO2345
9632	Олія для еротичного масажу	15757	Без гліцерину	select	binary		SO2345
9632	Олія для еротичного масажу	15756	Без парабенів	select	binary		SO2345
9632	Олія для еротичного масажу	15755	Органічний продукт	select	binary		SO2345
9632	Олія для еротичного масажу	15754	Їстівна формула	select	binary		SO2345
9632	Олія для еротичного масажу	15753	Антистресовий	select	binary		SO2345
9632	Олія для еротичного масажу	15752	Пом'якшуючий	select	binary		SO2345
9632	Олія для еротичного масажу	15749	Збуджуючий	select	binary		SO2345
9632	Олія для еротичного масажу	15744	Аромат	select	none		SO2345
9632	Олія для еротичного масажу	15743	Стать	select	none		SO2345
9632	Олія для еротичного масажу	15742	Об’єм	select	prom-inval	100	SO2345
9632	Олія для еротичного масажу	15741	Кількість	select	none		SO2345
9632	Олія для еротичного масажу	15745	Зігріваючий	select	binary		SO2345
9632	Олія для еротичного масажу	15746	Охолоджуючий	select	binary		SO2345
9632	Олія для еротичного масажу	15747	Розслаблюючий	select	binary		SO2345
9632	Олія для еротичного масажу	15748	Тонізуючий	select	binary		SO2345
9632	Олія для еротичного масажу	15759	З феромонами	select	binary		SO2345
9464	Еротичні костюми	12923	Розмір	select	none		SO5145
9464	Еротичні костюми	12923	Розмір	select	none		SO5854
9472	Мастурбатори	12731	Матеріал	select	prom-inval	Корпус поліетилен	SO6597
9466	Вібратори	10173	Підігрів	select	binary		SO6542
9466	Вібратори	3369	Призначення	select	prom-inval	для стимуляції вульви	SO6542
9466	Вібратори	3106	Вид	select	none		SO6542
9466	Вібратори	3103	Тип приладу	select	none		SO6542
9466	Вібратори	13037	Конструкція	select	none		SO6542
9466	Вібратори	10210	Керування через застосунок (Smart)	select	binary		SO6542
9466	Вібратори	9977	Кілька насадок	select	binary		SO6542
9466	Вібратори	12731	Матеріал	select	none		SO6542
9466	Вібратори	11988	Кріплення на присоску	select	binary		SO6542
9466	Вібратори	11953	Водонепроникний	select	db-inval	IPX4	SO6542
9466	Вібратори	11367	Телескопічний	select	binary		SO6542
9472	Мастурбатори	12731	Матеріал	select	prom-inval	Поліуретан	SO5115
7216	Еротична білизна	13949	Стать	select	none		SO3446
7216	Еротична білизна	13948	Тип товару	select	db-inval	бандаж/фіксатор	SO3446
7216	Еротична білизна	12923	Розмір	select	none		SO3446
9466	Вібратори	10173	Підігрів	select	binary		SO6715
9466	Вібратори	3369	Призначення	select	prom-inval	для стимуляції грудей	SO6715
9466	Вібратори	3106	Вид	select	none		SO6715
9466	Вібратори	3103	Тип приладу	select	none		SO6715
9466	Вібратори	13037	Конструкція	select	none		SO6715
9466	Вібратори	10210	Керування через застосунок (Smart)	select	binary-hint	застосун	SO6715
9466	Вібратори	9977	Кілька насадок	select	binary		SO6715
9466	Вібратори	11988	Кріплення на присоску	select	binary		SO6715
9466	Вібратори	11953	Водонепроникний	select	db-inval	IPX7	SO6715
9466	Вібратори	11367	Телескопічний	select	binary		SO6715
9466	Вібратори	10173	Підігрів	select	binary		SO2987
9466	Вібратори	10210	Керування через застосунок (Smart)	select	binary		SO2987
9466	Вібратори	9977	Кілька насадок	select	binary		SO2987
9466	Вібратори	4212	Кількість режимів роботи	select	db	5	SO2987
9466	Вібратори	11988	Кріплення на присоску	select	binary		SO2987
9466	Вібратори	11953	Водонепроникний	select	binary		SO2987
9466	Вібратори	11367	Телескопічний	select	binary		SO2987
9470	Ерекційні кільця	13037	Конструкція	select	prom-inval	односторонні	SO6276
9470	Ерекційні кільця	3369	Призначення	select	prom-inval	кліторні	SO6276
9632	Олія для еротичного масажу	15758	Без ароматизаторів	select	binary		SO3454
9632	Олія для еротичного масажу	15757	Без гліцерину	select	binary		SO3454
9632	Олія для еротичного масажу	15756	Без парабенів	select	binary		SO3454
9632	Олія для еротичного масажу	15755	Органічний продукт	select	binary		SO3454
9632	Олія для еротичного масажу	15753	Антистресовий	select	binary		SO3454
9632	Олія для еротичного масажу	15752	Пом'якшуючий	select	binary		SO3454
9632	Олія для еротичного масажу	15744	Аромат	select	db-inval	цитрусовий	SO3454
9632	Олія для еротичного масажу	15743	Стать	select	db	унісекс	SO3454
9632	Олія для еротичного масажу	15742	Об’єм	select	db-inval	6	SO3454
9632	Олія для еротичного масажу	15741	Кількість	select	none		SO3454
9632	Олія для еротичного масажу	15748	Тонізуючий	select	binary		SO3454
9632	Олія для еротичного масажу	15759	З феромонами	select	binary		SO3454
9460	Еротичні приколи та сувеніри	13948	Тип товару	select	db	мило	SO6363
9526	Аксесуари до інтимних іграшок	14746	Тип аксесуара	select	none		SO3362
9526	Аксесуари до інтимних іграшок	14747	Основний матеріал	select	none		SO3362
9526	Аксесуари до інтимних іграшок	78	Колір виробника	multiselect	none		SO3362
9526	Аксесуари до інтимних іграшок	2845	Колір	select	none		SO3362
9474	Насадки на член	13039	Вид	select	db	нереалістичні	SO2492
9484	Анальні пробки	12731	Матеріал	select	prom-inval	Акрил	SO6318
9628	Засоби для орального сексу	15749	Збуджуючий	select	binary		SO5540
9628	Засоби для орального сексу	15766	Аромат	select	none		SO5540
9628	Засоби для орального сексу	15768	Посилення чутливості	select	binary		SO5540
9628	Засоби для орального сексу	15769	Посилення слиновиділення	select	binary		SO5540
9628	Засоби для орального сексу	15743	Стать	select	none		SO5540
9628	Засоби для орального сексу	15750	Зволожуючий	select	binary		SO5540
9628	Засоби для орального сексу	15763	Тип	select	none		SO5540
9628	Засоби для орального сексу	15765	Смак	select	none		SO5540
9628	Засоби для орального сексу	15771	Сумісність з презервативами	select	binary		SO5540
9628	Засоби для орального сексу	15772	Сумісність з секс-іграшками	select	binary		SO5540
9628	Засоби для орального сексу	15774	Тип упаковки	select	none		SO5540
9628	Засоби для орального сексу	15747	Розслаблюючий	select	binary		SO5540
9472	Мастурбатори	12731	Матеріал	select	prom-inval	Поліуретан	SO7044
9466	Вібратори	10173	Підігрів	select	binary		SO6133
9466	Вібратори	3369	Призначення	select	prom-inval	для стимуляції вульви	SO6133
9466	Вібратори	3106	Вид	select	none		SO6133
9466	Вібратори	3103	Тип приладу	select	none		SO6133
9466	Вібратори	13037	Конструкція	select	none		SO6133
9466	Вібратори	10210	Керування через застосунок (Smart)	select	binary		SO6133
9466	Вібратори	9977	Кілька насадок	select	binary		SO6133
9466	Вібратори	11988	Кріплення на присоску	select	binary		SO6133
9466	Вібратори	11953	Водонепроникний	select	db-inval	IPX7	SO6133
9466	Вібратори	11367	Телескопічний	select	binary		SO6133
9476	Екстендери та помпи	3369	Призначення	select	db	для збільшення члена	SO2054
9476	Екстендери та помпи	5249	Тип помпи	multiselect	db	ручна	SO2054
9578	Меблі для сексу	762	Вага	float	none		SO4425
9578	Меблі для сексу	2470	Довжина	float	none		SO4425
9578	Меблі для сексу	15720	Основний матеріал	select	db	текстиль	SO4425
9578	Меблі для сексу	15719	Тип	select	db	секс-стілець	SO4425
9578	Меблі для сексу	111	Ширина	float	none		SO4425
9578	Меблі для сексу	110	Висота	float	none		SO4425
9464	Еротичні костюми	12923	Розмір	select	none		SO5853
9460	Еротичні приколи та сувеніри	12731	Матеріал	select	prom-inval	ламінований картон Виробник: Fun Games Shop, Україна	SO6296
9620	Аксесуари для мастурбаторів	15300	Основний матеріал	select	none		SO6144
9620	Аксесуари для мастурбаторів	78	Колір виробника	multiselect	text-many	ash, агат, алюміній	SO6144
9484	Анальні пробки	13948	Тип товару	select	none		SO4528
9484	Анальні пробки	11579	Вібрація	select	binary		SO4528
9484	Анальні пробки	11098	Тип живлення	select	none		SO4528
9484	Анальні пробки	12891	Форма	select	none		SO4528
9484	Анальні пробки	10173	Підігрів	select	binary		SO4528
5116	Менструальні чаші	12097	Базовий колір	multiselect	none		SO3592
5116	Менструальні чаші	5406	Ароматизовані	select	binary		SO3592
5116	Менструальні чаші	78	Колір виробника	multiselect	none		SO3592
5116	Менструальні чаші	1098	Об'єм	float	db-num	15	SO3592
5116	Менструальні чаші	2847	Кількість в упаковці	float	none		SO3592
5116	Менструальні чаші	5408	Розмір	multiselect	none		SO3592
5116	Менструальні чаші	12097	Базовий колір	multiselect	none		SO3578
5116	Менструальні чаші	5406	Ароматизовані	select	binary		SO3578
5116	Менструальні чаші	78	Колір виробника	multiselect	none		SO3578
5116	Менструальні чаші	1098	Об'єм	float	db-num	15	SO3578
5116	Менструальні чаші	2847	Кількість в упаковці	float	none		SO3578
5116	Менструальні чаші	5408	Розмір	multiselect	none		SO3578
9484	Анальні пробки	12731	Матеріал	select	prom-inval	Акрил	SO6310
9458	Фетиш та BDSM	13948	Тип товару	select	none		SO4586
9620	Аксесуари для мастурбаторів	78	Колір виробника	multiselect	text-many	captain, тис	SO8150
9466	Вібратори	10173	Підігрів	select	binary		SO7409
9466	Вібратори	3369	Призначення	select	prom-inval	для стимуляції вульви	SO7409
9466	Вібратори	3106	Вид	select	none		SO7409
9466	Вібратори	3103	Тип приладу	select	text	вакуумний стимулятор	SO7409
9466	Вібратори	13037	Конструкція	select	none		SO7409
9466	Вібратори	10210	Керування через застосунок (Smart)	select	binary		SO7409
9466	Вібратори	9977	Кілька насадок	select	binary		SO7409
9466	Вібратори	12731	Матеріал	select	prom-inval	Силікон | ABS-пластик	SO7409
9466	Вібратори	11988	Кріплення на присоску	select	binary		SO7409
9466	Вібратори	11953	Водонепроникний	select	db-inval	IPX7	SO7409
9466	Вібратори	11367	Телескопічний	select	binary		SO7409
9460	Еротичні приколи та сувеніри	13948	Тип товару	select	db	мило	SO6366
9464	Еротичні костюми	12731	Матеріал	select	prom-inval	штучні перлини, атлас Колір червоний	SO6792
9464	Еротичні костюми	12923	Розмір	select	none		SO6792
9460	Еротичні приколи та сувеніри	13948	Тип товару	select	db	мило	SO6368
9460	Еротичні приколи та сувеніри	12731	Матеріал	select	prom-inval	ламінований картон	SO4657
9620	Аксесуари для мастурбаторів	78	Колір виробника	multiselect	text-many	ash, він, нейтральний	SO6591
3144	Засоби для інтимної гігієни	51	Вид	multiselect	text-many	гель для інтимної гігієни, засіб для інтимної гігієни	SO5541
3144	Засоби для інтимної гігієни	1098	Об'єм	float	prom-num	100	SO5541
3144	Засоби для інтимної гігієни	2907	Аромат	text	none		SO5541
3144	Засоби для інтимної гігієни	3002	Форма випуску	multiselect	none		SO5541
9526	Аксесуари до інтимних іграшок	14746	Тип аксесуара	select	text	насадка	SO6229
9526	Аксесуари до інтимних іграшок	14747	Основний матеріал	select	none		SO6229
9526	Аксесуари до інтимних іграшок	78	Колір виробника	multiselect	text-many	ash, ніч	SO6229
9526	Аксесуари до інтимних іграшок	2845	Колір	select	none		SO6229
9470	Ерекційні кільця	13037	Конструкція	select	prom-inval	односторонні	SO8119
9470	Ерекційні кільця	3369	Призначення	select	prom-inval	кліторні	SO8119
9466	Вібратори	10173	Підігрів	select	binary		SO1827
9466	Вібратори	3369	Призначення	select	prom-inval	для стимуляції вульви	SO1827
9466	Вібратори	3106	Вид	select	none		SO1827
9466	Вібратори	3103	Тип приладу	select	text	вібратор для пар	SO1827
9466	Вібратори	13037	Конструкція	select	none		SO1827
9466	Вібратори	10210	Керування через застосунок (Smart)	select	binary		SO1827
9466	Вібратори	9977	Кілька насадок	select	binary		SO1827
9466	Вібратори	11988	Кріплення на присоску	select	binary		SO1827
9466	Вібратори	11367	Телескопічний	select	binary		SO1827
9472	Мастурбатори	3106	Вид	select	db	нереалістичні	SO2080
9628	Засоби для орального сексу	15766	Аромат	select	db-inval	шоколад-м'ята	SO1667
9628	Засоби для орального сексу	15765	Смак	select	db-inval	шоколад-м'ята	SO1667
9526	Аксесуари до інтимних іграшок	14746	Тип аксесуара	select	prom	адаптер	SO8621
9526	Аксесуари до інтимних іграшок	78	Колір виробника	multiselect	text-many	100, 106, 108	SO8621
9526	Аксесуари до інтимних іграшок	2845	Колір	select	none		SO8621
5116	Менструальні чаші	12097	Базовий колір	multiselect	none		SO3591
5116	Менструальні чаші	5406	Ароматизовані	select	binary		SO3591
5116	Менструальні чаші	78	Колір виробника	multiselect	none		SO3591
5116	Менструальні чаші	1098	Об'єм	float	db-num	15	SO3591
5116	Менструальні чаші	2847	Кількість в упаковці	float	none		SO3591
5116	Менструальні чаші	5408	Розмір	multiselect	none		SO3591
9482	Страпони	3103	Тип приладу	select	db	нестандартний вібратор	SO2793
9482	Страпони	437	Тип кріплення	select	db	на ременях	SO2793
9482	Страпони	13037	Конструкція	select	db	одинарні	SO2793
9482	Страпони	13039	Вид	select	db	нереалістичні	SO2793
9466	Вібратори	10173	Підігрів	select	binary		SO6117
9466	Вібратори	3369	Призначення	select	prom-inval	для стимуляції вульви	SO6117
9466	Вібратори	3106	Вид	select	none		SO6117
9466	Вібратори	3103	Тип приладу	select	text	вакуумний стимулятор	SO6117
9466	Вібратори	13037	Конструкція	select	none		SO6117
9466	Вібратори	10210	Керування через застосунок (Smart)	select	binary		SO6117
9466	Вібратори	9977	Кілька насадок	select	binary		SO6117
9466	Вібратори	11988	Кріплення на присоску	select	binary		SO6117
9466	Вібратори	11953	Водонепроникний	select	db-inval	IPX7	SO6117
9466	Вібратори	11367	Телескопічний	select	binary		SO6117
5116	Менструальні чаші	12097	Базовий колір	multiselect	none		SO3585
5116	Менструальні чаші	5406	Ароматизовані	select	binary		SO3585
5116	Менструальні чаші	78	Колір виробника	multiselect	none		SO3585
5116	Менструальні чаші	1098	Об'єм	float	db-num	15	SO3585
5116	Менструальні чаші	2847	Кількість в упаковці	float	none		SO3585
5116	Менструальні чаші	5408	Розмір	multiselect	none		SO3585
9470	Ерекційні кільця	12731	Матеріал	select	prom-inval	Поліуретан	SO4664
9526	Аксесуари до інтимних іграшок	14746	Тип аксесуара	select	prom	адаптер	SO4093
9526	Аксесуари до інтимних іграшок	78	Колір виробника	multiselect	text-many	blue, білий, тан	SO4093
9526	Аксесуари до інтимних іграшок	2845	Колір	select	text	білий	SO4093
9484	Анальні пробки	13948	Тип товару	select	db	класична анальна пробка	SO5531
9484	Анальні пробки	12731	Матеріал	select	db-inval	сплав алюмінію; Колір: мідний; Розмір: загальна довжина 8	SO5531
9484	Анальні пробки	12891	Форма	select	db	класична конусна	SO5531
9460	Еротичні приколи та сувеніри	13948	Тип товару	select	db	мило	SO4795
9472	Мастурбатори	12731	Матеріал	select	prom-inval	Поліуретан	SO4627
9632	Олія для еротичного масажу	15742	Об’єм	select	prom-inval	100	SO5937
9632	Олія для еротичного масажу	15741	Кількість	select	none		SO5937
9466	Вібратори	10173	Підігрів	select	binary		SO4102
9466	Вібратори	3369	Призначення	select	prom-inval	для стимуляції вульви	SO4102
9466	Вібратори	3106	Вид	select	none		SO4102
9466	Вібратори	3103	Тип приладу	select	text	вакуумний стимулятор	SO4102
9466	Вібратори	13037	Конструкція	select	none		SO4102
9466	Вібратори	10210	Керування через застосунок (Smart)	select	binary		SO4102
9466	Вібратори	9977	Кілька насадок	select	binary		SO4102
9466	Вібратори	11988	Кріплення на присоску	select	binary		SO4102
9466	Вібратори	11953	Водонепроникний	select	db-inval	IPX7	SO4102
9466	Вібратори	11367	Телескопічний	select	binary		SO4102
9630	Свічки для інтимного масажу	15742	Об’єм	select	db-inval	170	SO2513
9630	Свічки для інтимного масажу	15741	Кількість	select	none		SO2513
9630	Свічки для інтимного масажу	15761	Час горіння	select	db	до 3 годин	SO2513
9630	Свічки для інтимного масажу	15762	Тип воску	select	db	комбінований	SO2513
9630	Свічки для інтимного масажу	15744	Аромат	select	db	полуниця	SO2513
9630	Свічки для інтимного масажу	15743	Стать	select	db	унісекс	SO2513
9472	Мастурбатори	12731	Матеріал	select	prom-inval	Поліуретан	SO4547
9628	Засоби для орального сексу	15749	Збуджуючий	select	binary		SO2547
9628	Засоби для орального сексу	15766	Аромат	select	none		SO2547
9628	Засоби для орального сексу	15768	Посилення чутливості	select	binary		SO2547
9628	Засоби для орального сексу	15769	Посилення слиновиділення	select	binary		SO2547
9628	Засоби для орального сексу	15770	Віброефект	select	binary		SO2547
9628	Засоби для орального сексу	15743	Стать	select	none		SO2547
9628	Засоби для орального сексу	15745	Зігріваючий	select	binary		SO2547
9628	Засоби для орального сексу	15750	Зволожуючий	select	binary		SO2547
9628	Засоби для орального сексу	15754	Їстівна формула	select	db	Так	SO2547
9628	Засоби для орального сексу	15763	Тип	select	none		SO2547
9628	Засоби для орального сексу	15765	Смак	select	none		SO2547
9628	Засоби для орального сексу	15771	Сумісність з презервативами	select	binary		SO2547
9628	Засоби для орального сексу	15772	Сумісність з секс-іграшками	select	binary		SO2547
9628	Засоби для орального сексу	15773	Веганський	select	binary		SO2547
9628	Засоби для орального сексу	15774	Тип упаковки	select	none		SO2547
9628	Засоби для орального сексу	15746	Охолоджуючий	select	binary		SO2547
9628	Засоби для орального сексу	15747	Розслаблюючий	select	binary		SO2547
9466	Вібратори	10173	Підігрів	select	binary		SO6711
9466	Вібратори	3369	Призначення	select	prom-inval	для стимуляції вульви	SO6711
9466	Вібратори	3106	Вид	select	none		SO6711
9466	Вібратори	3103	Тип приладу	select	none		SO6711
9466	Вібратори	13037	Конструкція	select	none		SO6711
9466	Вібратори	10210	Керування через застосунок (Smart)	select	binary		SO6711
9466	Вібратори	9977	Кілька насадок	select	binary		SO6711
9466	Вібратори	11988	Кріплення на присоску	select	binary		SO6711
9466	Вібратори	11953	Водонепроникний	select	db-inval	IPX7	SO6711
9466	Вібратори	11367	Телескопічний	select	binary		SO6711
9526	Аксесуари до інтимних іграшок	14746	Тип аксесуара	select	none		SO1660
9526	Аксесуари до інтимних іграшок	14747	Основний матеріал	select	none		SO1660
9526	Аксесуари до інтимних іграшок	78	Колір виробника	multiselect	none		SO1660
9526	Аксесуари до інтимних іграшок	2845	Колір	select	none		SO1660
9480	Фалоімітатори	11953	Водонепроникний	select	binary		SO7001
9480	Фалоімітатори	13037	Конструкція	select	prom-inval	одинарні	SO7001
9480	Фалоімітатори	11988	Кріплення на присоску	select	binary-hint	присоск	SO7001
9458	Фетиш та BDSM	12731	Матеріал	select	text	віск	SO5960
9458	Фетиш та BDSM	13948	Тип товару	select	none		SO5960
9470	Ерекційні кільця	13037	Конструкція	select	prom-inval	з мошонкою	SO3822
9470	Ерекційні кільця	3369	Призначення	select	prom-inval	кліторні	SO3822
9472	Мастурбатори	12731	Матеріал	select	prom-inval	Поліуретан	SO7328
9458	Фетиш та BDSM	12731	Матеріал	select	text	віск	SO5956
9458	Фетиш та BDSM	13948	Тип товару	select	none		SO5956
9630	Свічки для інтимного масажу	15742	Об’єм	select	db-inval	30	SO2519
9630	Свічки для інтимного масажу	15741	Кількість	select	none		SO2519
9630	Свічки для інтимного масажу	15761	Час горіння	select	db	до 3 годин	SO2519
9630	Свічки для інтимного масажу	15762	Тип воску	select	db	парафін (рафінований косметичний)	SO2519
9630	Свічки для інтимного масажу	15744	Аромат	select	db	кокос	SO2519
9630	Свічки для інтимного масажу	15743	Стать	select	db	унісекс	SO2519
9480	Фалоімітатори	13039	Вид	select	db	реалістичні	SO6023
9472	Мастурбатори	3106	Вид	select	db	нереалістичні	SO7669
9448	Догляд за секс-іграшками	14036	Дія	select	db	догляд та відновлення	SO3845
9448	Догляд за секс-іграшками	14024	Тип засобу	select	db	спрей	SO3845
9632	Олія для еротичного масажу	15758	Без ароматизаторів	select	binary		SO3452
9632	Олія для еротичного масажу	15757	Без гліцерину	select	binary		SO3452
9632	Олія для еротичного масажу	15756	Без парабенів	select	binary		SO3452
9632	Олія для еротичного масажу	15755	Органічний продукт	select	binary		SO3452
9632	Олія для еротичного масажу	15753	Антистресовий	select	binary		SO3452
9632	Олія для еротичного масажу	15752	Пом'якшуючий	select	binary		SO3452
9632	Олія для еротичного масажу	15744	Аромат	select	db-inval	м'ятний	SO3452
9632	Олія для еротичного масажу	15743	Стать	select	db	унісекс	SO3452
9632	Олія для еротичного масажу	15742	Об’єм	select	db-inval	6	SO3452
9632	Олія для еротичного масажу	15741	Кількість	select	none		SO3452
9632	Олія для еротичного масажу	15748	Тонізуючий	select	binary		SO3452
9632	Олія для еротичного масажу	15759	З феромонами	select	binary		SO3452
9526	Аксесуари до інтимних іграшок	14746	Тип аксесуара	select	db	насадка	SO4567
9526	Аксесуари до інтимних іграшок	78	Колір виробника	multiselect	none		SO4567
9526	Аксесуари до інтимних іграшок	2845	Колір	select	none		SO4567
7216	Еротична білизна	13949	Стать	select	none		SO6796
7216	Еротична білизна	13948	Тип товару	select	db-inval	бандаж/фіксатор	SO6796
7216	Еротична білизна	12923	Розмір	select	none		SO6796
9466	Вібратори	10173	Підігрів	select	binary		SO8405
9466	Вібратори	3369	Призначення	select	prom-inval	для стимуляції вульви	SO8405
9466	Вібратори	3106	Вид	select	none		SO8405
9466	Вібратори	3103	Тип приладу	select	none		SO8405
9466	Вібратори	13037	Конструкція	select	none		SO8405
9466	Вібратори	10210	Керування через застосунок (Smart)	select	binary-hint	застосун	SO8405
9466	Вібратори	11988	Кріплення на присоску	select	binary		SO8405
9466	Вібратори	11953	Водонепроникний	select	db-inval	IPX7	SO8405
9466	Вібратори	11367	Телескопічний	select	binary		SO8405
9526	Аксесуари до інтимних іграшок	78	Колір виробника	multiselect	text	тан	SO3475
9526	Аксесуари до інтимних іграшок	2845	Колір	select	none		SO3475
9460	Еротичні приколи та сувеніри	13948	Тип товару	select	db	мило	SO4801
9458	Фетиш та BDSM	12731	Матеріал	select	db-inval	джут	SO5205
9458	Фетиш та BDSM	13948	Тип товару	select	db	мотузка бандажна	SO5205
9466	Вібратори	10173	Підігрів	select	binary		SO6637
9466	Вібратори	3369	Призначення	select	none		SO6637
9466	Вібратори	3106	Вид	select	none		SO6637
9466	Вібратори	3103	Тип приладу	select	none		SO6637
9466	Вібратори	13037	Конструкція	select	none		SO6637
9466	Вібратори	10210	Керування через застосунок (Smart)	select	binary		SO6637
9466	Вібратори	9977	Кілька насадок	select	binary		SO6637
9466	Вібратори	11988	Кріплення на присоску	select	binary		SO6637
9466	Вібратори	11367	Телескопічний	select	binary		SO6637
9480	Фалоімітатори	11953	Водонепроникний	select	db-inval	IPX8	SO6830
9480	Фалоімітатори	13039	Вид	select	none		SO6830
9480	Фалоімітатори	13037	Конструкція	select	none		SO6830
9480	Фалоімітатори	11988	Кріплення на присоску	select	binary		SO6830
9466	Вібратори	10173	Підігрів	select	binary		SO6085
9466	Вібратори	3369	Призначення	select	prom-inval	для стимуляції вульви	SO6085
9466	Вібратори	3106	Вид	select	none		SO6085
9466	Вібратори	3103	Тип приладу	select	text	вакуумний стимулятор	SO6085
9466	Вібратори	13037	Конструкція	select	none		SO6085
9466	Вібратори	10210	Керування через застосунок (Smart)	select	binary		SO6085
9466	Вібратори	9977	Кілька насадок	select	binary		SO6085
9466	Вібратори	11988	Кріплення на присоску	select	binary		SO6085
9466	Вібратори	11953	Водонепроникний	select	db-inval	IPX7	SO6085
9466	Вібратори	11367	Телескопічний	select	binary		SO6085
9484	Анальні пробки	13948	Тип товару	select	none		SO4927
9484	Анальні пробки	11098	Тип живлення	select	none		SO4927
9484	Анальні пробки	12891	Форма	select	none		SO4927
9484	Анальні пробки	10173	Підігрів	select	binary		SO4927
9484	Анальні пробки	12731	Матеріал	select	prom-inval	Акрил	SO6312
9466	Вібратори	10173	Підігрів	select	binary		SO5568
9466	Вібратори	3369	Призначення	select	prom-inval	для стимуляції вульви	SO5568
9466	Вібратори	3106	Вид	select	none		SO5568
9466	Вібратори	3103	Тип приладу	select	none		SO5568
9466	Вібратори	13037	Конструкція	select	none		SO5568
9466	Вібратори	10210	Керування через застосунок (Smart)	select	binary		SO5568
9466	Вібратори	9977	Кілька насадок	select	binary		SO5568
9466	Вібратори	11988	Кріплення на присоску	select	binary		SO5568
9466	Вібратори	11953	Водонепроникний	select	binary		SO5568
9466	Вібратори	11367	Телескопічний	select	binary		SO5568
9526	Аксесуари до інтимних іграшок	14746	Тип аксесуара	select	db	зарядний кабель	SO6940
9526	Аксесуари до інтимних іграшок	78	Колір виробника	multiselect	none		SO6940
9526	Аксесуари до інтимних іграшок	2845	Колір	select	none		SO6940
9526	Аксесуари до інтимних іграшок	78	Колір виробника	multiselect	text-many	мос, тан, тис	SO3016
9526	Аксесуари до інтимних іграшок	2845	Колір	select	none		SO3016
9628	Засоби для орального сексу	15766	Аромат	select	db	цукрова вата	SO3495
9628	Засоби для орального сексу	15743	Стать	select	db	унісекс	SO3495
9628	Засоби для орального сексу	15763	Тип	select	db	льодяники	SO3495
9628	Засоби для орального сексу	15765	Смак	select	db	цукрова вата	SO3495
9628	Засоби для орального сексу	15774	Тип упаковки	select	db	пляшка з розпилювачем	SO3495
9466	Вібратори	10173	Підігрів	select	binary		SO6725
9466	Вібратори	3369	Призначення	select	prom-inval	для стимуляції вульви	SO6725
9466	Вібратори	3106	Вид	select	text	реалістичні	SO6725
9466	Вібратори	3103	Тип приладу	select	text	вакуумний стимулятор	SO6725
9466	Вібратори	13037	Конструкція	select	none		SO6725
9466	Вібратори	10210	Керування через застосунок (Smart)	select	binary-hint	застосун	SO6725
9466	Вібратори	9977	Кілька насадок	select	binary		SO6725
9466	Вібратори	11988	Кріплення на присоску	select	binary		SO6725
9466	Вібратори	11953	Водонепроникний	select	db-inval	IPX7	SO6725
9466	Вібратори	11367	Телескопічний	select	binary		SO6725
9464	Еротичні костюми	12923	Розмір	select	none		SO2659
9466	Вібратори	10173	Підігрів	select	binary		SO6818
9466	Вібратори	3369	Призначення	select	none		SO6818
9466	Вібратори	3106	Вид	select	none		SO6818
9466	Вібратори	3103	Тип приладу	select	none		SO6818
9466	Вібратори	13037	Конструкція	select	none		SO6818
9466	Вібратори	10210	Керування через застосунок (Smart)	select	binary		SO6818
9466	Вібратори	9977	Кілька насадок	select	binary		SO6818
9466	Вібратори	4212	Кількість режимів роботи	select	db	9	SO6818
9466	Вібратори	12731	Матеріал	select	none		SO6818
9466	Вібратори	11988	Кріплення на присоску	select	binary		SO6818
9466	Вібратори	11953	Водонепроникний	select	db-inval	IPX7	SO6818
9466	Вібратори	11367	Телескопічний	select	binary		SO6818
9470	Ерекційні кільця	3369	Призначення	select	prom-inval	кліторні	SO5545
9628	Засоби для орального сексу	15766	Аромат	select	db	цитрусовий	SO3535
9628	Засоби для орального сексу	15743	Стать	select	db	унісекс	SO3535
9628	Засоби для орального сексу	15763	Тип	select	db	крем	SO3535
9628	Засоби для орального сексу	15765	Смак	select	db	без смаку	SO3535
9628	Засоби для орального сексу	15774	Тип упаковки	select	db	пляшка з дозатором	SO3535
9470	Ерекційні кільця	13037	Конструкція	select	prom-inval	односторонні	SO6843
9470	Ерекційні кільця	3369	Призначення	select	prom-inval	вагінально-кліторні	SO6843
9458	Фетиш та BDSM	13948	Тип товару	select	db	наручники	SO8294
9464	Еротичні костюми	12923	Розмір	select	none		SO5924
9632	Олія для еротичного масажу	15744	Аромат	select	db	троянда	SO4464
9632	Олія для еротичного масажу	15743	Стать	select	db	для чоловіків	SO4464
9632	Олія для еротичного масажу	15742	Об’єм	select	db-inval	125	SO4464
9632	Олія для еротичного масажу	15741	Кількість	select	none		SO4464
9632	Олія для еротичного масажу	15744	Аромат	select	db	без аромату	SO3933
9632	Олія для еротичного масажу	15743	Стать	select	db	унісекс	SO3933
9632	Олія для еротичного масажу	15742	Об’єм	select	db-inval	240	SO3933
9632	Олія для еротичного масажу	15741	Кількість	select	none		SO3933
9464	Еротичні костюми	12923	Розмір	select	none		SO5852
9480	Фалоімітатори	11953	Водонепроникний	select	binary		SO2956
9480	Фалоімітатори	11579	Вібрація	select	binary		SO2956
9480	Фалоімітатори	11988	Кріплення на присоску	select	binary		SO2956
9628	Засоби для орального сексу	15766	Аромат	select	db	цукрова вата	SO4944
9628	Засоби для орального сексу	15743	Стать	select	db	унісекс	SO4944
9628	Засоби для орального сексу	15763	Тип	select	db	льодяники	SO4944
9628	Засоби для орального сексу	15765	Смак	select	db	цукрова вата	SO4944
9628	Засоби для орального сексу	15774	Тип упаковки	select	db	пляшка з дозатором	SO4944
9460	Еротичні приколи та сувеніри	13948	Тип товару	select	db	мило	SO2634
9466	Вібратори	10173	Підігрів	select	binary		SO7772
9466	Вібратори	3369	Призначення	select	prom-inval	для стимуляції вульви	SO7772
9466	Вібратори	3106	Вид	select	none		SO7772
9466	Вібратори	3103	Тип приладу	select	none		SO7772
9466	Вібратори	13037	Конструкція	select	none		SO7772
9466	Вібратори	10210	Керування через застосунок (Smart)	select	binary		SO7772
9466	Вібратори	11988	Кріплення на присоску	select	binary		SO7772
9466	Вібратори	11953	Водонепроникний	select	db-inval	IPX7	SO7772
9466	Вібратори	11367	Телескопічний	select	binary		SO7772
9472	Мастурбатори	12731	Матеріал	select	db-inval	ніжніше ніжного! він охопить пеніс з усіх боків, немов солодкий дівочий ротик; в	SO5523
9472	Мастурбатори	3106	Вид	select	db	нереалістичні	SO5523
9632	Олія для еротичного масажу	15742	Об’єм	select	prom-inval	30	SO6632
9632	Олія для еротичного масажу	15741	Кількість	select	none		SO6632
9526	Аксесуари до інтимних іграшок	14746	Тип аксесуара	select	db	зарядний кабель	SO6329
9526	Аксесуари до інтимних іграшок	78	Колір виробника	multiselect	none		SO6329
9526	Аксесуари до інтимних іграшок	2845	Колір	select	none		SO6329
9472	Мастурбатори	12731	Матеріал	select	db-inval	ніжніше ніжного! він охопить пеніс з усіх боків, немов солодкий дівочий ротик; в	SO5522
9472	Мастурбатори	3106	Вид	select	db	нереалістичні	SO5522
9632	Олія для еротичного масажу	15744	Аромат	select	db	полуниця	SO3935
9632	Олія для еротичного масажу	15743	Стать	select	db	унісекс	SO3935
9632	Олія для еротичного масажу	15742	Об’єм	select	db-inval	240	SO3935
9632	Олія для еротичного масажу	15741	Кількість	select	none		SO3935
9620	Аксесуари для мастурбаторів	15298	Тип аксесуару	select	text	адаптер	SO6225
9620	Аксесуари для мастурбаторів	15300	Основний матеріал	select	none		SO6225
9620	Аксесуари для мастурбаторів	78	Колір виробника	multiselect	text-many	ash, лава, лайт	SO6225
9460	Еротичні приколи та сувеніри	13948	Тип товару	select	db	мило	SO6370
7216	Еротична білизна	13949	Стать	select	none		SO7443
7216	Еротична білизна	13948	Тип товару	select	db-inval	бандаж/фіксатор	SO7443
7216	Еротична білизна	13949	Стать	select	none		SO7684
7216	Еротична білизна	13948	Тип товару	select	db-inval	бандаж/фіксатор	SO7684
7216	Еротична білизна	12923	Розмір	select	none		SO7684
9466	Вібратори	10173	Підігрів	select	binary		SO6282
9466	Вібратори	3369	Призначення	select	prom-inval	для стимуляції вульви	SO6282
9466	Вібратори	3106	Вид	select	none		SO6282
9466	Вібратори	3103	Тип приладу	select	text	вакуумний стимулятор	SO6282
9466	Вібратори	13037	Конструкція	select	none		SO6282
9466	Вібратори	10210	Керування через застосунок (Smart)	select	binary		SO6282
9466	Вібратори	9977	Кілька насадок	select	binary		SO6282
9466	Вібратори	12731	Матеріал	select	prom-inval	Силікон | ABS-пластик	SO6282
9466	Вібратори	11988	Кріплення на присоску	select	binary		SO6282
9466	Вібратори	11953	Водонепроникний	select	db-inval	IPX7	SO6282
9466	Вібратори	11367	Телескопічний	select	binary		SO6282
9466	Вібратори	10173	Підігрів	select	binary		SO8408
9466	Вібратори	3369	Призначення	select	prom-inval	для стимуляції вульви	SO8408
9466	Вібратори	3106	Вид	select	none		SO8408
9466	Вібратори	3103	Тип приладу	select	text	вакуумний стимулятор	SO8408
9466	Вібратори	13037	Конструкція	select	none		SO8408
9466	Вібратори	10210	Керування через застосунок (Smart)	select	binary		SO8408
9466	Вібратори	9977	Кілька насадок	select	binary		SO8408
9466	Вібратори	12731	Матеріал	select	none		SO8408
9466	Вібратори	11988	Кріплення на присоску	select	binary		SO8408
9466	Вібратори	11953	Водонепроникний	select	db-inval	IPX7	SO8408
9466	Вібратори	11367	Телескопічний	select	binary		SO8408
9630	Свічки для інтимного масажу	15742	Об’єм	select	none		SO3146
9630	Свічки для інтимного масажу	15741	Кількість	select	none		SO3146
9630	Свічки для інтимного масажу	15761	Час горіння	select	db	до 3 годин	SO3146
9630	Свічки для інтимного масажу	15762	Тип воску	select	db	комбінований	SO3146
9630	Свічки для інтимного масажу	15744	Аромат	select	db	без аромату	SO3146
9630	Свічки для інтимного масажу	15743	Стать	select	db	унісекс	SO3146
9474	Насадки на член	13039	Вид	select	db	реалістичні	SO3719
9460	Еротичні приколи та сувеніри	12731	Матеріал	select	prom-inval	картон Висота коробки: 20 мм Ширина коробки: 60 мм Довжина коробки: 90 мм	SO5889
9480	Фалоімітатори	12731	Матеріал	select	prom-inval	Метал	SO4612
9466	Вібратори	4212	Кількість режимів роботи	select	db-inval	160	SO5529
9484	Анальні пробки	12731	Матеріал	select	prom-inval	Акрил	SO6323
9460	Еротичні приколи та сувеніри	13948	Тип товару	select	db	мило	SO2640
7216	Еротична білизна	13949	Стать	select	none		SO7525
7216	Еротична білизна	13948	Тип товару	select	db-inval	бандаж/фіксатор	SO7525
9630	Свічки для інтимного масажу	15742	Об’єм	select	none		SO3144
9630	Свічки для інтимного масажу	15741	Кількість	select	none		SO3144
9484	Анальні пробки	13948	Тип товару	select	none		SO2811
9484	Анальні пробки	11579	Вібрація	select	binary		SO2811
9484	Анальні пробки	11098	Тип живлення	select	none		SO2811
9484	Анальні пробки	12731	Матеріал	select	db-inval	ПВХ	SO2811
9484	Анальні пробки	12891	Форма	select	db-inval	конусна	SO2811
9484	Анальні пробки	10173	Підігрів	select	binary		SO2811
9458	Фетиш та BDSM	12731	Матеріал	select	db	бамбук	SO7009
9458	Фетиш та BDSM	13948	Тип товару	select	db	ляпалка/тоуза	SO7009
9630	Свічки для інтимного масажу	15742	Об’єм	select	none		SO5932
9630	Свічки для інтимного масажу	15741	Кількість	select	none		SO5932
9628	Засоби для орального сексу	15766	Аромат	select	prom	м'ятний	SO2799
9628	Засоби для орального сексу	15765	Смак	select	prom-inval	м'ятна жуйка	SO2799
9632	Олія для еротичного масажу	15744	Аромат	select	db	кокос	SO3214
9632	Олія для еротичного масажу	15743	Стать	select	db	для чоловіків	SO3214
9632	Олія для еротичного масажу	15742	Об’єм	select	db-inval	125	SO3214
9632	Олія для еротичного масажу	15741	Кількість	select	none		SO3214
9472	Мастурбатори	12731	Матеріал	select	prom-inval	Поліуретан	SO4550
9632	Олія для еротичного масажу	15744	Аромат	select	db	без аромату	SO4809
9632	Олія для еротичного масажу	15743	Стать	select	db	унісекс	SO4809
9632	Олія для еротичного масажу	15742	Об’єм	select	db-inval	240	SO4809
9632	Олія для еротичного масажу	15741	Кількість	select	none		SO4809
9632	Олія для еротичного масажу	15758	Без ароматизаторів	select	binary		SO2701
9632	Олія для еротичного масажу	15757	Без гліцерину	select	binary		SO2701
9632	Олія для еротичного масажу	15756	Без парабенів	select	binary		SO2701
9632	Олія для еротичного масажу	15755	Органічний продукт	select	binary		SO2701
9632	Олія для еротичного масажу	15754	Їстівна формула	select	binary		SO2701
9632	Олія для еротичного масажу	15753	Антистресовий	select	binary		SO2701
9632	Олія для еротичного масажу	15752	Пом'якшуючий	select	binary		SO2701
9632	Олія для еротичного масажу	15749	Збуджуючий	select	binary		SO2701
9632	Олія для еротичного масажу	15744	Аромат	select	none		SO2701
9632	Олія для еротичного масажу	15743	Стать	select	none		SO2701
9632	Олія для еротичного масажу	15742	Об’єм	select	prom-inval	100	SO2701
9632	Олія для еротичного масажу	15741	Кількість	select	none		SO2701
9632	Олія для еротичного масажу	15745	Зігріваючий	select	binary		SO2701
9632	Олія для еротичного масажу	15746	Охолоджуючий	select	binary		SO2701
9632	Олія для еротичного масажу	15747	Розслаблюючий	select	binary		SO2701
9632	Олія для еротичного масажу	15748	Тонізуючий	select	binary		SO2701
9632	Олія для еротичного масажу	15759	З феромонами	select	binary		SO2701
9466	Вібратори	10173	Підігрів	select	binary		SO6077
9466	Вібратори	3369	Призначення	select	prom-inval	для стимуляції вульви	SO6077
9466	Вібратори	3106	Вид	select	none		SO6077
9466	Вібратори	3103	Тип приладу	select	none		SO6077
9466	Вібратори	13037	Конструкція	select	none		SO6077
9466	Вібратори	10210	Керування через застосунок (Smart)	select	binary		SO6077
9466	Вібратори	9977	Кілька насадок	select	binary		SO6077
9466	Вібратори	11988	Кріплення на присоску	select	binary		SO6077
9466	Вібратори	11953	Водонепроникний	select	db-inval	IPX7	SO6077
9466	Вібратори	11367	Телескопічний	select	binary		SO6077
9466	Вібратори	10173	Підігрів	select	binary		SO6283
9466	Вібратори	3369	Призначення	select	db-inval	для стимуляції вульви	SO6283
9466	Вібратори	3106	Вид	select	none		SO6283
9466	Вібратори	3103	Тип приладу	select	none		SO6283
9466	Вібратори	13037	Конструкція	select	none		SO6283
9466	Вібратори	10210	Керування через застосунок (Smart)	select	binary		SO6283
9466	Вібратори	9977	Кілька насадок	select	binary		SO6283
9466	Вібратори	4212	Кількість режимів роботи	select	db	12	SO6283
9466	Вібратори	12731	Матеріал	select	db-inval	Силікон, АБС-пластик, Бавовна	SO6283
9466	Вібратори	11988	Кріплення на присоску	select	binary		SO6283
9466	Вібратори	11953	Водонепроникний	select	db-inval	IPX7	SO6283
9466	Вібратори	11367	Телескопічний	select	binary		SO6283
9620	Аксесуари для мастурбаторів	78	Колір виробника	multiselect	text-many	ash, приз, сталь	SO6590
9632	Олія для еротичного масажу	15758	Без ароматизаторів	select	binary		SO5905
9632	Олія для еротичного масажу	15757	Без гліцерину	select	binary		SO5905
9632	Олія для еротичного масажу	15756	Без парабенів	select	binary		SO5905
9632	Олія для еротичного масажу	15755	Органічний продукт	select	binary		SO5905
9632	Олія для еротичного масажу	15754	Їстівна формула	select	binary		SO5905
9632	Олія для еротичного масажу	15753	Антистресовий	select	binary		SO5905
9632	Олія для еротичного масажу	15752	Пом'якшуючий	select	binary		SO5905
9632	Олія для еротичного масажу	15750	Зволожуючий	select	binary		SO5905
9632	Олія для еротичного масажу	15749	Збуджуючий	select	binary		SO5905
9632	Олія для еротичного масажу	15744	Аромат	select	text	кокос	SO5905
9632	Олія для еротичного масажу	15743	Стать	select	none		SO5905
9632	Олія для еротичного масажу	15742	Об’єм	select	prom-inval	50	SO5905
9632	Олія для еротичного масажу	15741	Кількість	select	none		SO5905
9632	Олія для еротичного масажу	15745	Зігріваючий	select	binary		SO5905
9632	Олія для еротичного масажу	15746	Охолоджуючий	select	binary		SO5905
9632	Олія для еротичного масажу	15748	Тонізуючий	select	binary		SO5905
9632	Олія для еротичного масажу	15759	З феромонами	select	binary		SO5905
9474	Насадки на член	13039	Вид	select	db	нереалістичні	SO1270
9466	Вібратори	10173	Підігрів	select	binary		SO8101
9466	Вібратори	3369	Призначення	select	prom-inval	для стимуляції грудей	SO8101
9466	Вібратори	3106	Вид	select	none		SO8101
9466	Вібратори	3103	Тип приладу	select	text	звуковий стимулятор	SO8101
9466	Вібратори	13037	Конструкція	select	none		SO8101
9466	Вібратори	10210	Керування через застосунок (Smart)	select	binary		SO8101
9466	Вібратори	9977	Кілька насадок	select	binary		SO8101
9466	Вібратори	12731	Матеріал	select	prom-inval	Силікон | ABS-пластик	SO8101
9466	Вібратори	11988	Кріплення на присоску	select	binary		SO8101
9466	Вібратори	11367	Телескопічний	select	binary		SO8101
9466	Вібратори	10173	Підігрів	select	binary		SO3472
9466	Вібратори	10210	Керування через застосунок (Smart)	select	binary		SO3472
9466	Вібратори	9977	Кілька насадок	select	binary		SO3472
9466	Вібратори	4212	Кількість режимів роботи	select	db	8	SO3472
9466	Вібратори	11988	Кріплення на присоску	select	binary		SO3472
9466	Вібратори	11953	Водонепроникний	select	binary		SO3472
9466	Вібратори	11367	Телескопічний	select	binary		SO3472
9628	Засоби для орального сексу	15766	Аромат	select	db	без аромату	SO2535
9628	Засоби для орального сексу	15743	Стать	select	db	унісекс	SO2535
9628	Засоби для орального сексу	15763	Тип	select	db	гель	SO2535
9628	Засоби для орального сексу	15765	Смак	select	db	без смаку	SO2535
9628	Засоби для орального сексу	15774	Тип упаковки	select	db	пляшка з дозатором	SO2535
9616	Аксесуари для страпонів	78	Колір виробника	multiselect	text-many	ash, мос, тан	SO4510
9470	Ерекційні кільця	13037	Конструкція	select	prom-inval	односторонні	SO6079
9470	Ерекційні кільця	3369	Призначення	select	prom-inval	кліторні	SO6079
9466	Вібратори	10173	Підігрів	select	binary		SO8709
9466	Вібратори	3369	Призначення	select	prom-inval	для стимуляції грудей	SO8709
9466	Вібратори	3106	Вид	select	none		SO8709
9466	Вібратори	3103	Тип приладу	select	text-many	вакуумний стимулятор, точковий вібратор	SO8709
9466	Вібратори	13037	Конструкція	select	none		SO8709
9466	Вібратори	10210	Керування через застосунок (Smart)	select	binary		SO8709
9466	Вібратори	9977	Кілька насадок	select	binary		SO8709
9466	Вібратори	11988	Кріплення на присоску	select	binary		SO8709
9466	Вібратори	11953	Водонепроникний	select	db-inval	IPX7	SO8709
9466	Вібратори	11367	Телескопічний	select	binary		SO8709
9526	Аксесуари до інтимних іграшок	14746	Тип аксесуара	select	db	насадка	SO4094
9526	Аксесуари до інтимних іграшок	78	Колір виробника	multiselect	none		SO4094
9526	Аксесуари до інтимних іграшок	2845	Колір	select	none		SO4094
9460	Еротичні приколи та сувеніри	13948	Тип товару	select	db	мило	SO4797
9466	Вібратори	10173	Підігрів	select	binary		SO6552
9466	Вібратори	3369	Призначення	select	prom-inval	для стимуляції вульви	SO6552
9466	Вібратори	3106	Вид	select	none		SO6552
9466	Вібратори	3103	Тип приладу	select	none		SO6552
9466	Вібратори	13037	Конструкція	select	none		SO6552
9466	Вібратори	10210	Керування через застосунок (Smart)	select	binary		SO6552
9466	Вібратори	9977	Кілька насадок	select	binary		SO6552
9466	Вібратори	12731	Матеріал	select	prom-inval	Силікон, АБС-пластик	SO6552
9466	Вібратори	11988	Кріплення на присоску	select	binary		SO6552
9466	Вібратори	11953	Водонепроникний	select	db-inval	IPX4	SO6552
9466	Вібратори	11367	Телескопічний	select	binary		SO6552
5116	Менструальні чаші	12097	Базовий колір	multiselect	none		SO3587
5116	Менструальні чаші	5406	Ароматизовані	select	binary		SO3587
5116	Менструальні чаші	78	Колір виробника	multiselect	none		SO3587
5116	Менструальні чаші	1098	Об'єм	float	db-num	15	SO3587
5116	Менструальні чаші	2847	Кількість в упаковці	float	none		SO3587
5116	Менструальні чаші	5408	Розмір	multiselect	none		SO3587
9464	Еротичні костюми	12923	Розмір	select	none		SO7681
9484	Анальні пробки	11579	Вібрація	select	binary		SO2963
9484	Анальні пробки	11098	Тип живлення	select	none		SO2963
9484	Анальні пробки	12891	Форма	select	none		SO2963
9484	Анальні пробки	10173	Підігрів	select	binary		SO2963
9620	Аксесуари для мастурбаторів	78	Колір виробника	multiselect	text-many	бавовна, він	SO6586
7216	Еротична білизна	13949	Стать	select	none		SO3132
7216	Еротична білизна	13948	Тип товару	select	prom-inval	набір	SO3132
7216	Еротична білизна	12923	Розмір	select	none		SO3132
9466	Вібратори	10173	Підігрів	select	binary		SO6078
9466	Вібратори	3369	Призначення	select	prom-inval	для стимуляції вульви	SO6078
9466	Вібратори	3106	Вид	select	none		SO6078
9466	Вібратори	3103	Тип приладу	select	none		SO6078
9466	Вібратори	13037	Конструкція	select	none		SO6078
9466	Вібратори	10210	Керування через застосунок (Smart)	select	binary		SO6078
9466	Вібратори	9977	Кілька насадок	select	binary		SO6078
9466	Вібратори	11988	Кріплення на присоску	select	binary		SO6078
9466	Вібратори	11953	Водонепроникний	select	db-inval	IPX7	SO6078
9466	Вібратори	11367	Телескопічний	select	binary		SO6078
9484	Анальні пробки	12731	Матеріал	select	prom-inval	Акрил	SO6315
9484	Анальні пробки	12731	Матеріал	select	prom-inval	Акрил	SO6322
9526	Аксесуари до інтимних іграшок	14746	Тип аксесуара	select	none		SO5882
9526	Аксесуари до інтимних іграшок	14747	Основний матеріал	select	none		SO5882
9526	Аксесуари до інтимних іграшок	78	Колір виробника	multiselect	text-many	ash, айс, вайс	SO5882
9526	Аксесуари до інтимних іграшок	2845	Колір	select	none		SO5882
9466	Вібратори	10173	Підігрів	select	binary		SO4960
9466	Вібратори	3369	Призначення	select	prom-inval	для покращення ерекції	SO4960
9466	Вібратори	3106	Вид	select	none		SO4960
9466	Вібратори	3103	Тип приладу	select	text	вакуумний стимулятор	SO4960
9466	Вібратори	13037	Конструкція	select	none		SO4960
9466	Вібратори	10210	Керування через застосунок (Smart)	select	binary		SO4960
9466	Вібратори	9977	Кілька насадок	select	binary		SO4960
9466	Вібратори	11988	Кріплення на присоску	select	binary		SO4960
9466	Вібратори	11953	Водонепроникний	select	binary		SO4960
9466	Вібратори	11367	Телескопічний	select	binary		SO4960
9466	Вібратори	10173	Підігрів	select	binary		SO8402
9466	Вібратори	3369	Призначення	select	prom-inval	для стимуляції вульви	SO8402
9466	Вібратори	3106	Вид	select	none		SO8402
9466	Вібратори	3103	Тип приладу	select	none		SO8402
9466	Вібратори	13037	Конструкція	select	none		SO8402
9466	Вібратори	10210	Керування через застосунок (Smart)	select	binary		SO8402
9466	Вібратори	11988	Кріплення на присоску	select	binary		SO8402
9466	Вібратори	11953	Водонепроникний	select	db-inval	IPX7	SO8402
9466	Вібратори	11367	Телескопічний	select	binary		SO8402
9470	Ерекційні кільця	13037	Конструкція	select	prom-inval	з мошонкою	SO7501
9470	Ерекційні кільця	3369	Призначення	select	prom-inval	кліторні	SO7501
9458	Фетиш та BDSM	12731	Матеріал	select	text	віск	SO5954
9458	Фетиш та BDSM	13948	Тип товару	select	none		SO5954
9472	Мастурбатори	12731	Матеріал	select	prom-inval	Поліуретан	SO5106
9526	Аксесуари до інтимних іграшок	14746	Тип аксесуара	select	db	зарядний кабель	SO6938
9526	Аксесуари до інтимних іграшок	78	Колір виробника	multiselect	none		SO6938
9526	Аксесуари до інтимних іграшок	2845	Колір	select	none		SO6938
9616	Аксесуари для страпонів	78	Колір виробника	multiselect	text-many	103, ash, метал	SO7813
9526	Аксесуари до інтимних іграшок	14746	Тип аксесуара	select	none		SO3361
9526	Аксесуари до інтимних іграшок	14747	Основний матеріал	select	none		SO3361
9526	Аксесуари до інтимних іграшок	78	Колір виробника	multiselect	text	тан	SO3361
9526	Аксесуари до інтимних іграшок	2845	Колір	select	none		SO3361
9458	Фетиш та BDSM	12731	Матеріал	select	db-inval	джут	SO5201
9458	Фетиш та BDSM	13948	Тип товару	select	db	мотузка бандажна	SO5201
9628	Засоби для орального сексу	15749	Збуджуючий	select	binary		SO5951
9628	Засоби для орального сексу	15766	Аромат	select	none		SO5951
9628	Засоби для орального сексу	15768	Посилення чутливості	select	binary		SO5951
9628	Засоби для орального сексу	15769	Посилення слиновиділення	select	binary		SO5951
9628	Засоби для орального сексу	15743	Стать	select	text	для жінок	SO5951
9628	Засоби для орального сексу	15750	Зволожуючий	select	binary		SO5951
9628	Засоби для орального сексу	15754	Їстівна формула	select	binary		SO5951
9628	Засоби для орального сексу	15763	Тип	select	text	олія	SO5951
9628	Засоби для орального сексу	15765	Смак	select	none		SO5951
9628	Засоби для орального сексу	15771	Сумісність з презервативами	select	binary		SO5951
9628	Засоби для орального сексу	15772	Сумісність з секс-іграшками	select	binary		SO5951
9628	Засоби для орального сексу	15773	Веганський	select	binary		SO5951
9628	Засоби для орального сексу	15774	Тип упаковки	select	none		SO5951
9628	Засоби для орального сексу	15747	Розслаблюючий	select	binary		SO5951
9620	Аксесуари для мастурбаторів	78	Колір виробника	multiselect	text-many	ash, кава, нейтральний	SO6301
9480	Фалоімітатори	11953	Водонепроникний	select	db-inval	IPX8	SO6831
9480	Фалоімітатори	13039	Вид	select	none		SO6831
9480	Фалоімітатори	13037	Конструкція	select	none		SO6831
9480	Фалоімітатори	11988	Кріплення на присоску	select	binary		SO6831
9466	Вібратори	10173	Підігрів	select	binary		SO6109
9466	Вібратори	3369	Призначення	select	prom-inval	для стимуляції вульви	SO6109
9466	Вібратори	3106	Вид	select	none		SO6109
9466	Вібратори	3103	Тип приладу	select	none		SO6109
9466	Вібратори	13037	Конструкція	select	none		SO6109
9466	Вібратори	10210	Керування через застосунок (Smart)	select	binary		SO6109
9466	Вібратори	9977	Кілька насадок	select	binary		SO6109
9466	Вібратори	11988	Кріплення на присоску	select	binary		SO6109
9466	Вібратори	11953	Водонепроникний	select	db-inval	IPX7	SO6109
9466	Вібратори	11367	Телескопічний	select	binary		SO6109
9616	Аксесуари для страпонів	78	Колір виробника	multiselect	text-many	ash, мос, тан	SO4875
9630	Свічки для інтимного масажу	15742	Об’єм	select	none		SO3142
9630	Свічки для інтимного масажу	15741	Кількість	select	none		SO3142
9458	Фетиш та BDSM	12731	Матеріал	select	text	віск	SO5955
9458	Фетиш та BDSM	13948	Тип товару	select	none		SO5955
9466	Вібратори	10173	Підігрів	select	binary		SO4103
9466	Вібратори	3369	Призначення	select	prom-inval	для стимуляції вульви	SO4103
9466	Вібратори	3106	Вид	select	none		SO4103
9466	Вібратори	3103	Тип приладу	select	text	вакуумний стимулятор	SO4103
9466	Вібратори	13037	Конструкція	select	none		SO4103
9466	Вібратори	10210	Керування через застосунок (Smart)	select	binary		SO4103
9466	Вібратори	9977	Кілька насадок	select	binary		SO4103
9466	Вібратори	11988	Кріплення на присоску	select	binary		SO4103
9466	Вібратори	11953	Водонепроникний	select	db-inval	IPX7	SO4103
9466	Вібратори	11367	Телескопічний	select	binary		SO4103
9466	Вібратори	10173	Підігрів	select	binary		SO8109
9466	Вібратори	3369	Призначення	select	prom-inval	для стимуляції вульви	SO8109
9466	Вібратори	3106	Вид	select	none		SO8109
9466	Вібратори	3103	Тип приладу	select	text	звуковий стимулятор	SO8109
9466	Вібратори	13037	Конструкція	select	none		SO8109
9466	Вібратори	10210	Керування через застосунок (Smart)	select	binary		SO8109
9466	Вібратори	9977	Кілька насадок	select	binary		SO8109
9466	Вібратори	12731	Матеріал	select	prom-inval	Силікон, АБС-пластик, Метал	SO8109
9466	Вібратори	11988	Кріплення на присоску	select	binary		SO8109
9466	Вібратори	11367	Телескопічний	select	binary		SO8109
9616	Аксесуари для страпонів	78	Колір виробника	multiselect	text-many	ash, мос, тан	SO5096
9466	Вібратори	10173	Підігрів	select	binary		SO6686
9466	Вібратори	3369	Призначення	select	prom-inval	для стимуляції грудей	SO6686
9466	Вібратори	3106	Вид	select	none		SO6686
9466	Вібратори	3103	Тип приладу	select	text	вакуумний стимулятор	SO6686
9466	Вібратори	13037	Конструкція	select	none		SO6686
9466	Вібратори	10210	Керування через застосунок (Smart)	select	binary		SO6686
9466	Вібратори	9977	Кілька насадок	select	binary		SO6686
9466	Вібратори	12731	Матеріал	select	prom-inval	Силікон | ABS-пластик	SO6686
9466	Вібратори	11988	Кріплення на присоску	select	binary		SO6686
9466	Вібратори	11953	Водонепроникний	select	db-inval	IPX4	SO6686
9466	Вібратори	11367	Телескопічний	select	binary		SO6686
9458	Фетиш та BDSM	12731	Матеріал	select	prom-inval	підходить для тривалого використання; об єм регулюється за допомогою застібки-ли	SO3739
9458	Фетиш та BDSM	13948	Тип товару	select	db	бандаж/фіксатор	SO3739
9632	Олія для еротичного масажу	15742	Об’єм	select	prom-inval	120	SO6166
9632	Олія для еротичного масажу	15741	Кількість	select	none		SO6166
9526	Аксесуари до інтимних іграшок	14746	Тип аксесуара	select	db	магнітний замок для вібратора	SO6943
9526	Аксесуари до інтимних іграшок	78	Колір виробника	multiselect	none		SO6943
9526	Аксесуари до інтимних іграшок	2845	Колір	select	db	синій	SO6943
9480	Фалоімітатори	13039	Вид	select	db	реалістичні	SO5967
7216	Еротична білизна	13949	Стать	select	none		SO3445
7216	Еротична білизна	13948	Тип товару	select	db-inval	бандаж/фіксатор	SO3445
7216	Еротична білизна	12923	Розмір	select	none		SO3445
9458	Фетиш та BDSM	12731	Матеріал	select	text	віск	SO5199
9458	Фетиш та BDSM	13948	Тип товару	select	none		SO5199
9616	Аксесуари для страпонів	78	Колір виробника	multiselect	text-many	ash, blue, крем	SO8997
9480	Фалоімітатори	13039	Вид	select	db	реалістичні	SO6031
9550	Анальний душ	78	Колір виробника	multiselect	none		SO6642
9550	Анальний душ	757	Довжина шланга	float	none		SO6642
9632	Олія для еротичного масажу	15744	Аромат	select	db	троянда	SO4807
9632	Олія для еротичного масажу	15743	Стать	select	db	унісекс	SO4807
9632	Олія для еротичного масажу	15742	Об’єм	select	db-inval	240	SO4807
9632	Олія для еротичного масажу	15741	Кількість	select	none		SO4807
9466	Вібратори	10173	Підігрів	select	binary		SO6726
9466	Вібратори	3369	Призначення	select	prom-inval	для стимуляції вульви	SO6726
9466	Вібратори	3106	Вид	select	text	реалістичні	SO6726
9466	Вібратори	3103	Тип приладу	select	text	вакуумний стимулятор	SO6726
9466	Вібратори	13037	Конструкція	select	none		SO6726
9466	Вібратори	10210	Керування через застосунок (Smart)	select	binary-hint	застосун	SO6726
9466	Вібратори	9977	Кілька насадок	select	binary		SO6726
9466	Вібратори	11988	Кріплення на присоску	select	binary		SO6726
9466	Вібратори	11953	Водонепроникний	select	db-inval	IPX7	SO6726
9466	Вібратори	11367	Телескопічний	select	binary		SO6726
9460	Еротичні приколи та сувеніри	12731	Матеріал	select	prom-inval	картон Висота коробки: 20 мм Ширина коробки: 60 мм Довжина коробки: 90 мм	SO5890
9458	Фетиш та BDSM	12731	Матеріал	select	none		SO6071
9458	Фетиш та BDSM	13948	Тип товару	select	none		SO6071
9620	Аксесуари для мастурбаторів	15298	Тип аксесуару	select	db	кабель	SO6949
9620	Аксесуари для мастурбаторів	78	Колір виробника	multiselect	none		SO6949
9458	Фетиш та BDSM	12731	Матеріал	select	text	віск	SO5453
9458	Фетиш та BDSM	13948	Тип товару	select	none		SO5453
9466	Вібратори	10173	Підігрів	select	binary		SO4959
9466	Вібратори	3369	Призначення	select	prom-inval	для покращення ерекції	SO4959
9466	Вібратори	3106	Вид	select	none		SO4959
9466	Вібратори	3103	Тип приладу	select	text	вакуумний стимулятор	SO4959
9466	Вібратори	13037	Конструкція	select	none		SO4959
9466	Вібратори	10210	Керування через застосунок (Smart)	select	binary		SO4959
9466	Вібратори	9977	Кілька насадок	select	binary		SO4959
9466	Вібратори	11988	Кріплення на присоску	select	binary		SO4959
9466	Вібратори	11953	Водонепроникний	select	binary		SO4959
9466	Вібратори	11367	Телескопічний	select	binary		SO4959
7216	Еротична білизна	13949	Стать	select	none		SO7011
7216	Еротична білизна	13948	Тип товару	select	db-inval	бандаж/фіксатор	SO7011
7216	Еротична білизна	12923	Розмір	select	none		SO7011
9458	Фетиш та BDSM	12731	Матеріал	select	text	віск	SO5962
9458	Фетиш та BDSM	13948	Тип товару	select	none		SO5962
9466	Вібратори	3106	Вид	select	db	нереалістичні	SO5533
9466	Вібратори	3103	Тип приладу	select	db	віброкулі	SO5533
9466	Вібратори	4212	Кількість режимів роботи	select	db-inval	160	SO5533
9526	Аксесуари до інтимних іграшок	14746	Тип аксесуара	select	db	насадка	SO4566
9526	Аксесуари до інтимних іграшок	78	Колір виробника	multiselect	none		SO4566
9526	Аксесуари до інтимних іграшок	2845	Колір	select	none		SO4566
9616	Аксесуари для страпонів	78	Колір виробника	multiselect	text-many	100, ash, blue	SO6825
9472	Мастурбатори	12731	Матеріал	select	prom-inval	Корпус поліетилен	SO6595
9526	Аксесуари до інтимних іграшок	78	Колір виробника	multiselect	text-many	ash, ink, pink	SO5560
9458	Фетиш та BDSM	12731	Матеріал	select	db	бамбук	SO7008
9458	Фетиш та BDSM	13948	Тип товару	select	db	ляпалка/тоуза	SO7008
9632	Олія для еротичного масажу	15744	Аромат	select	db	без аромату	SO4494
9632	Олія для еротичного масажу	15743	Стать	select	db	унісекс	SO4494
9632	Олія для еротичного масажу	15742	Об’єм	select	db-inval	240	SO4494
9632	Олія для еротичного масажу	15741	Кількість	select	none		SO4494
9620	Аксесуари для мастурбаторів	15298	Тип аксесуару	select	text	адаптер	SO7122
9620	Аксесуари для мастурбаторів	15300	Основний матеріал	select	none		SO7122
9620	Аксесуари для мастурбаторів	78	Колір виробника	multiselect	text-many	117, ash, крем	SO7122
9466	Вібратори	10173	Підігрів	select	binary		SO7033
9466	Вібратори	3369	Призначення	select	prom-inval	для стимуляції вульви	SO7033
9466	Вібратори	3106	Вид	select	none		SO7033
9466	Вібратори	3103	Тип приладу	select	text	вакуумний стимулятор	SO7033
9466	Вібратори	13037	Конструкція	select	none		SO7033
9466	Вібратори	10210	Керування через застосунок (Smart)	select	binary		SO7033
9466	Вібратори	9977	Кілька насадок	select	binary		SO7033
9466	Вібратори	11988	Кріплення на присоску	select	binary		SO7033
9466	Вібратори	11953	Водонепроникний	select	db-inval	IPX6	SO7033
9466	Вібратори	11367	Телескопічний	select	binary		SO7033
9632	Олія для еротичного масажу	15758	Без ароматизаторів	select	binary		SO5637
9632	Олія для еротичного масажу	15757	Без гліцерину	select	binary		SO5637
9632	Олія для еротичного масажу	15756	Без парабенів	select	binary		SO5637
9632	Олія для еротичного масажу	15755	Органічний продукт	select	binary		SO5637
9632	Олія для еротичного масажу	15754	Їстівна формула	select	db	Так	SO5637
9632	Олія для еротичного масажу	15753	Антистресовий	select	binary		SO5637
9632	Олія для еротичного масажу	15752	Пом'якшуючий	select	binary		SO5637
9632	Олія для еротичного масажу	15750	Зволожуючий	select	binary		SO5637
9632	Олія для еротичного масажу	15749	Збуджуючий	select	binary		SO5637
9632	Олія для еротичного масажу	15744	Аромат	select	none		SO5637
9632	Олія для еротичного масажу	15743	Стать	select	none		SO5637
9632	Олія для еротичного масажу	15742	Об’єм	select	db-inval	150	SO5637
9632	Олія для еротичного масажу	15741	Кількість	select	none		SO5637
9632	Олія для еротичного масажу	15745	Зігріваючий	select	binary		SO5637
9632	Олія для еротичного масажу	15746	Охолоджуючий	select	binary		SO5637
9632	Олія для еротичного масажу	15747	Розслаблюючий	select	binary		SO5637
9632	Олія для еротичного масажу	15748	Тонізуючий	select	binary		SO5637
9632	Олія для еротичного масажу	15759	З феромонами	select	binary		SO5637
9620	Аксесуари для мастурбаторів	15298	Тип аксесуару	select	text	рукав	SO5413
9620	Аксесуари для мастурбаторів	15300	Основний матеріал	select	none		SO5413
9620	Аксесуари для мастурбаторів	78	Колір виробника	multiselect	text-many	ash, кава, натура	SO5413
9470	Ерекційні кільця	13037	Конструкція	select	prom-inval	односторонні	SO2442
9470	Ерекційні кільця	3369	Призначення	select	prom-inval	вагінальні	SO2442
9448	Догляд за секс-іграшками	14036	Дія	select	db	антибактеріальна дезінфекція	SO5729
9448	Догляд за секс-іграшками	14024	Тип засобу	select	db	спрей	SO5729
9484	Анальні пробки	13948	Тип товару	select	none		SO4527
9484	Анальні пробки	11579	Вібрація	select	binary		SO4527
9484	Анальні пробки	11098	Тип живлення	select	none		SO4527
9484	Анальні пробки	12891	Форма	select	none		SO4527
9484	Анальні пробки	10173	Підігрів	select	binary		SO4527
9470	Ерекційні кільця	13037	Конструкція	select	prom-inval	односторонні	SO5743
9470	Ерекційні кільця	3369	Призначення	select	prom-inval	кліторні	SO5743
9458	Фетиш та BDSM	12731	Матеріал	select	text	віск	SO5953
9458	Фетиш та BDSM	13948	Тип товару	select	none		SO5953
9632	Олія для еротичного масажу	15744	Аромат	select	db	без аромату	SO3937
9632	Олія для еротичного масажу	15743	Стать	select	db	унісекс	SO3937
9632	Олія для еротичного масажу	15742	Об’єм	select	db-inval	240	SO3937
9632	Олія для еротичного масажу	15741	Кількість	select	none		SO3937
9470	Ерекційні кільця	13037	Конструкція	select	prom-inval	односторонні	SO6120
9470	Ерекційні кільця	3369	Призначення	select	prom-inval	кліторні	SO6120
9466	Вібратори	10173	Підігрів	select	binary		SO6108
9466	Вібратори	3369	Призначення	select	prom-inval	для стимуляції вульви	SO6108
9466	Вібратори	3106	Вид	select	none		SO6108
9466	Вібратори	3103	Тип приладу	select	none		SO6108
9466	Вібратори	13037	Конструкція	select	none		SO6108
9466	Вібратори	10210	Керування через застосунок (Smart)	select	binary		SO6108
9466	Вібратори	9977	Кілька насадок	select	binary		SO6108
9466	Вібратори	11988	Кріплення на присоску	select	binary		SO6108
9466	Вібратори	11953	Водонепроникний	select	db-inval	IPX7	SO6108
9466	Вібратори	11367	Телескопічний	select	binary		SO6108
9466	Вібратори	10173	Підігрів	select	binary		SO6114
9466	Вібратори	3369	Призначення	select	prom-inval	для стимуляції вульви	SO6114
9466	Вібратори	3106	Вид	select	none		SO6114
9466	Вібратори	3103	Тип приладу	select	text	вакуумний стимулятор	SO6114
9466	Вібратори	13037	Конструкція	select	text	двосторонні	SO6114
9466	Вібратори	10210	Керування через застосунок (Smart)	select	binary		SO6114
9466	Вібратори	9977	Кілька насадок	select	binary		SO6114
9466	Вібратори	11988	Кріплення на присоску	select	binary		SO6114
9466	Вібратори	11953	Водонепроникний	select	db-inval	IPX7	SO6114
9466	Вібратори	11367	Телескопічний	select	binary		SO6114
9466	Вібратори	10173	Підігрів	select	binary		SO6550
9466	Вібратори	10210	Керування через застосунок (Smart)	select	binary		SO6550
9466	Вібратори	9977	Кілька насадок	select	binary		SO6550
9466	Вібратори	11988	Кріплення на присоску	select	binary		SO6550
9466	Вібратори	11953	Водонепроникний	select	db-inval	IPX4	SO6550
9466	Вібратори	11367	Телескопічний	select	binary		SO6550
9466	Вібратори	10173	Підігрів	select	binary		SO6113
9466	Вібратори	3369	Призначення	select	prom-inval	для стимуляції вульви	SO6113
9466	Вібратори	3106	Вид	select	none		SO6113
9466	Вібратори	3103	Тип приладу	select	none		SO6113
9466	Вібратори	13037	Конструкція	select	none		SO6113
9466	Вібратори	10210	Керування через застосунок (Smart)	select	binary-hint	смартфон	SO6113
9466	Вібратори	9977	Кілька насадок	select	binary		SO6113
9466	Вібратори	11988	Кріплення на присоску	select	binary		SO6113
9466	Вібратори	11953	Водонепроникний	select	db-inval	IPX7	SO6113
9466	Вібратори	11367	Телескопічний	select	binary		SO6113
9470	Ерекційні кільця	13037	Конструкція	select	prom-inval	односторонні	SO3839
9470	Ерекційні кільця	3369	Призначення	select	prom-inval	кліторні	SO3839
9472	Мастурбатори	12731	Матеріал	select	db-inval	ніжніше ніжного! він охопить пеніс з усіх боків, немов солодкий дівочий ротик; в	SO5521
9472	Мастурбатори	3106	Вид	select	db	нереалістичні	SO5521
9472	Мастурбатори	12731	Матеріал	select	prom-inval	Поліуретан	SO7043
9460	Еротичні приколи та сувеніри	13948	Тип товару	select	db	мило	SO6358
9632	Олія для еротичного масажу	15744	Аромат	select	db	без аромату	SO4812
9632	Олія для еротичного масажу	15743	Стать	select	db	унісекс	SO4812
9632	Олія для еротичного масажу	15742	Об’єм	select	db-inval	240	SO4812
9632	Олія для еротичного масажу	15741	Кількість	select	none		SO4812
9466	Вібратори	10173	Підігрів	select	binary		SO6549
9466	Вібратори	3369	Призначення	select	prom-inval	для стимуляції вульви	SO6549
9466	Вібратори	3106	Вид	select	none		SO6549
9466	Вібратори	3103	Тип приладу	select	none		SO6549
9466	Вібратори	13037	Конструкція	select	none		SO6549
9466	Вібратори	10210	Керування через застосунок (Smart)	select	binary		SO6549
9466	Вібратори	9977	Кілька насадок	select	binary		SO6549
9466	Вібратори	12731	Матеріал	select	prom-inval	Силікон, АБС-пластик	SO6549
9466	Вібратори	11988	Кріплення на присоску	select	binary		SO6549
9466	Вібратори	11953	Водонепроникний	select	db-inval	IPX4	SO6549
9466	Вібратори	11367	Телескопічний	select	binary		SO6549
9460	Еротичні приколи та сувеніри	13948	Тип товару	select	db	мило	SO6359
9484	Анальні пробки	11579	Вібрація	select	binary		SO2960
9484	Анальні пробки	11098	Тип живлення	select	none		SO2960
9484	Анальні пробки	12891	Форма	select	none		SO2960
9484	Анальні пробки	10173	Підігрів	select	binary		SO2960
9484	Анальні пробки	12731	Матеріал	select	prom-inval	Акрил	SO6307
5116	Менструальні чаші	12097	Базовий колір	multiselect	none		SO3586
5116	Менструальні чаші	5406	Ароматизовані	select	binary		SO3586
5116	Менструальні чаші	78	Колір виробника	multiselect	none		SO3586
5116	Менструальні чаші	1098	Об'єм	float	db-num	15	SO3586
5116	Менструальні чаші	2847	Кількість в упаковці	float	none		SO3586
5116	Менструальні чаші	5408	Розмір	multiselect	none		SO3586
9628	Засоби для орального сексу	15766	Аромат	select	db	без аромату	SO4947
9628	Засоби для орального сексу	15743	Стать	select	db	унісекс	SO4947
9628	Засоби для орального сексу	15763	Тип	select	db	гель	SO4947
9628	Засоби для орального сексу	15765	Смак	select	db	без смаку	SO4947
9628	Засоби для орального сексу	15774	Тип упаковки	select	db	пляшка з дозатором	SO4947
5116	Менструальні чаші	12097	Базовий колір	multiselect	none		FM30541
5116	Менструальні чаші	5406	Ароматизовані	select	binary		FM30541
5116	Менструальні чаші	78	Колір виробника	multiselect	text-many	100, mint, агат	FM30541
5116	Менструальні чаші	1098	Об'єм	float	none		FM30541
5116	Менструальні чаші	2847	Кількість в упаковці	float	none		FM30541
5116	Менструальні чаші	5408	Розмір	multiselect	none		FM30541
9468	Секс-ляльки	5223	Анальний отвір	select	binary		SO1269
9468	Секс-ляльки	5414	Тип фігури	select	none		SO1269
9468	Секс-ляльки	6092	Позиція тіла	select	none		SO1269
9468	Секс-ляльки	6303	Тип ляльки	select	none		SO1269
9468	Секс-ляльки	6151	Стать ляльки	select	none		SO1269
9468	Секс-ляльки	4251	Сенсорне реагування	select	binary		SO1269
9468	Секс-ляльки	4793	Звукові ефекти	select	binary		SO1269
9468	Секс-ляльки	5255	Вагінальний отвір	select	binary		SO1269
9468	Секс-ляльки	5262	Колір волосся	select	none		SO1269
9468	Секс-ляльки	5024	Сумісність з VR	select	binary		SO1269
9468	Секс-ляльки	5181	Статевий член	select	binary		SO1269
9468	Секс-ляльки	5197	Оральний отвір	select	binary		SO1269
9460	Еротичні приколи та сувеніри	13948	Тип товару	select	db	мило	SO6365
9466	Вібратори	3369	Призначення	select	none		SO6090
9466	Вібратори	3106	Вид	select	none		SO6090
9466	Вібратори	3103	Тип приладу	select	none		SO6090
9466	Вібратори	13037	Конструкція	select	none		SO6090
9466	Вібратори	9977	Кілька насадок	select	binary		SO6090
9466	Вібратори	11988	Кріплення на присоску	select	binary		SO6090
9466	Вібратори	11953	Водонепроникний	select	db-inval	IPX7	SO6090
9466	Вібратори	11367	Телескопічний	select	binary		SO6090
9466	Вібратори	10173	Підігрів	select	binary		SO6543
9466	Вібратори	3369	Призначення	select	prom-inval	для покращення ерекції	SO6543
9466	Вібратори	3106	Вид	select	none		SO6543
9466	Вібратори	3103	Тип приладу	select	text	вакуумний стимулятор	SO6543
9466	Вібратори	13037	Конструкція	select	none		SO6543
9466	Вібратори	10210	Керування через застосунок (Smart)	select	binary		SO6543
9466	Вібратори	9977	Кілька насадок	select	binary		SO6543
9466	Вібратори	11988	Кріплення на присоску	select	binary		SO6543
9466	Вібратори	11953	Водонепроникний	select	db-inval	IPX4	SO6543
9466	Вібратори	11367	Телескопічний	select	binary		SO6543
9466	Вібратори	3369	Призначення	select	text	анальні	SO6717
9466	Вібратори	3106	Вид	select	none		SO6717
9466	Вібратори	3103	Тип приладу	select	none		SO6717
9466	Вібратори	13037	Конструкція	select	none		SO6717
9466	Вібратори	9977	Кілька насадок	select	binary		SO6717
9466	Вібратори	11988	Кріплення на присоску	select	binary		SO6717
9466	Вібратори	11367	Телескопічний	select	binary		SO6717
9628	Засоби для орального сексу	15766	Аромат	select	db	кавовий	SO7132
9628	Засоби для орального сексу	15743	Стать	select	db	унісекс	SO7132
9628	Засоби для орального сексу	15763	Тип	select	db	гель	SO7132
9628	Засоби для орального сексу	15765	Смак	select	db	полуниця	SO7132
9628	Засоби для орального сексу	15774	Тип упаковки	select	db	пляшка з дозатором	SO7132
9632	Олія для еротичного масажу	15758	Без ароматизаторів	select	binary		SO2939
9632	Олія для еротичного масажу	15757	Без гліцерину	select	binary		SO2939
9632	Олія для еротичного масажу	15756	Без парабенів	select	binary		SO2939
9632	Олія для еротичного масажу	15755	Органічний продукт	select	binary		SO2939
9632	Олія для еротичного масажу	15754	Їстівна формула	select	db	Так	SO2939
9632	Олія для еротичного масажу	15753	Антистресовий	select	binary		SO2939
9632	Олія для еротичного масажу	15752	Пом'якшуючий	select	binary		SO2939
9632	Олія для еротичного масажу	15750	Зволожуючий	select	db	Так	SO2939
9632	Олія для еротичного масажу	15749	Збуджуючий	select	db	Так	SO2939
9632	Олія для еротичного масажу	15744	Аромат	select	none		SO2939
9632	Олія для еротичного масажу	15743	Стать	select	none		SO2939
9632	Олія для еротичного масажу	15742	Об’єм	select	db-inval	150	SO2939
9632	Олія для еротичного масажу	15741	Кількість	select	none		SO2939
9632	Олія для еротичного масажу	15745	Зігріваючий	select	binary		SO2939
9632	Олія для еротичного масажу	15746	Охолоджуючий	select	binary		SO2939
9632	Олія для еротичного масажу	15747	Розслаблюючий	select	binary		SO2939
9632	Олія для еротичного масажу	15748	Тонізуючий	select	binary		SO2939
9632	Олія для еротичного масажу	15759	З феромонами	select	binary		SO2939
9484	Анальні пробки	13948	Тип товару	select	text	анальна пробка-ялинка	SO2785
9484	Анальні пробки	11579	Вібрація	select	binary		SO2785
9484	Анальні пробки	11098	Тип живлення	select	none		SO2785
9484	Анальні пробки	12731	Матеріал	select	prom-inval	ПВХ	SO2785
9484	Анальні пробки	12891	Форма	select	prom-inval	конусна	SO2785
9484	Анальні пробки	10173	Підігрів	select	binary		SO2785
9526	Аксесуари до інтимних іграшок	78	Колір виробника	multiselect	text-many	ash, red, sil	SO5561
9526	Аксесуари до інтимних іграшок	2845	Колір	select	text-many	зелений, рожевий	SO5561
7216	Еротична білизна	13949	Стать	select	none		SO2341
7216	Еротична білизна	13948	Тип товару	select	prom-inval	набір	SO2341
7216	Еротична білизна	12923	Розмір	select	none		SO2341
7216	Еротична білизна	13949	Стать	select	none		SO6709
7216	Еротична білизна	13948	Тип товару	select	db-inval	бандаж/фіксатор	SO6709
7216	Еротична білизна	12923	Розмір	select	none		SO6709
9474	Насадки на член	13039	Вид	select	db	нереалістичні	SO1272
9472	Мастурбатори	12731	Матеріал	select	db-inval	ніжніше ніжного! він охопить пеніс з усіх боків, немов солодкий дівочий ротик; в	SO5520
9472	Мастурбатори	3106	Вид	select	db	нереалістичні	SO5520
9526	Аксесуари до інтимних іграшок	14746	Тип аксесуара	select	none		DX-SB
9526	Аксесуари до інтимних іграшок	14747	Основний матеріал	select	none		DX-SB
9526	Аксесуари до інтимних іграшок	78	Колір виробника	multiselect	text-many	тан, іній	DX-SB
9526	Аксесуари до інтимних іграшок	2845	Колір	select	none		DX-SB
3141	Сіль для ванни	2856	Стать	multiselect	none		SO2540
3141	Сіль для ванни	51	Вид	multiselect	text	сіль	SO2540
3141	Сіль для ванни	2854	Призначення	multiselect	text	для ванн	SO2540
3141	Сіль для ванни	150	Вага	float	none		SO2540
3141	Сіль для ванни	9502	Клас косметики	multiselect	none		SO2540
3141	Сіль для ванни	6687	Аромат	multiselect	none		SO2540
9470	Ерекційні кільця	13037	Конструкція	select	prom-inval	односторонні	SO6121
9470	Ерекційні кільця	3369	Призначення	select	prom-inval	кліторні	SO6121
9480	Фалоімітатори	11953	Водонепроникний	select	binary		SO4613
9480	Фалоімітатори	11579	Вібрація	select	binary		SO4613
9480	Фалоімітатори	13039	Вид	select	none		SO4613
9480	Фалоімітатори	13037	Конструкція	select	text	двосторонні	SO4613
9480	Фалоімітатори	11988	Кріплення на присоску	select	binary		SO4613
9632	Олія для еротичного масажу	15758	Без ароматизаторів	select	binary		SO2365
9632	Олія для еротичного масажу	15757	Без гліцерину	select	binary		SO2365
9632	Олія для еротичного масажу	15756	Без парабенів	select	binary		SO2365
9632	Олія для еротичного масажу	15755	Органічний продукт	select	binary		SO2365
9632	Олія для еротичного масажу	15753	Антистресовий	select	binary		SO2365
9632	Олія для еротичного масажу	15752	Пом'якшуючий	select	binary		SO2365
9632	Олія для еротичного масажу	15750	Зволожуючий	select	binary		SO2365
9632	Олія для еротичного масажу	15749	Збуджуючий	select	binary		SO2365
9632	Олія для еротичного масажу	15744	Аромат	select	text-many	ваніль, кокос, полуниця	SO2365
9632	Олія для еротичного масажу	15743	Стать	select	none		SO2365
9632	Олія для еротичного масажу	15742	Об’єм	select	prom-inval	30	SO2365
9632	Олія для еротичного масажу	15741	Кількість	select	text	набір	SO2365
9632	Олія для еротичного масажу	15746	Охолоджуючий	select	binary		SO2365
9632	Олія для еротичного масажу	15747	Розслаблюючий	select	binary		SO2365
9632	Олія для еротичного масажу	15748	Тонізуючий	select	binary		SO2365
9632	Олія для еротичного масажу	15759	З феромонами	select	binary		SO2365
9466	Вібратори	10173	Підігрів	select	binary		SO6712
9466	Вібратори	3369	Призначення	select	prom-inval	для стимуляції вульви	SO6712
9466	Вібратори	3106	Вид	select	none		SO6712
9466	Вібратори	3103	Тип приладу	select	none		SO6712
9466	Вібратори	13037	Конструкція	select	none		SO6712
9466	Вібратори	10210	Керування через застосунок (Smart)	select	binary		SO6712
9466	Вібратори	9977	Кілька насадок	select	binary		SO6712
9466	Вібратори	11988	Кріплення на присоску	select	binary		SO6712
9466	Вібратори	11953	Водонепроникний	select	db-inval	IPX7	SO6712
9466	Вібратори	11367	Телескопічний	select	binary		SO6712
3142	Піна для ванни	2856	Стать	multiselect	none		SO2543
3142	Піна для ванни	2854	Призначення	multiselect	none		SO2543
3142	Піна для ванни	1098	Об'єм	float	db-num	575 г	SO2543
3142	Піна для ванни	51	Вид	multiselect	none		SO2543
3142	Піна для ванни	9502	Клас косметики	multiselect	none		SO2543
9470	Ерекційні кільця	9698	Текстура поверхні	select	db	гладка	BM-PR-03
9470	Ерекційні кільця	13037	Конструкція	select	db	одинарні	BM-PR-03
9470	Ерекційні кільця	3369	Призначення	select	db	підтримка ерекції	BM-PR-03
9470	Ерекційні кільця	9695	Тип	select	db	кільце	BM-PR-03
9628	Засоби для орального сексу	15749	Збуджуючий	select	db	Так	SO2546
9628	Засоби для орального сексу	15766	Аромат	select	none		SO2546
9628	Засоби для орального сексу	15768	Посилення чутливості	select	binary		SO2546
9628	Засоби для орального сексу	15769	Посилення слиновиділення	select	binary		SO2546
9628	Засоби для орального сексу	15770	Віброефект	select	binary		SO2546
9628	Засоби для орального сексу	15743	Стать	select	none		SO2546
9628	Засоби для орального сексу	15745	Зігріваючий	select	binary		SO2546
9628	Засоби для орального сексу	15750	Зволожуючий	select	binary		SO2546
9628	Засоби для орального сексу	15754	Їстівна формула	select	db	Так	SO2546
9628	Засоби для орального сексу	15763	Тип	select	none		SO2546
9628	Засоби для орального сексу	15765	Смак	select	none		SO2546
9628	Засоби для орального сексу	15771	Сумісність з презервативами	select	binary		SO2546
9628	Засоби для орального сексу	15772	Сумісність з секс-іграшками	select	binary		SO2546
9628	Засоби для орального сексу	15773	Веганський	select	binary		SO2546
9628	Засоби для орального сексу	15774	Тип упаковки	select	none		SO2546
9628	Засоби для орального сексу	15746	Охолоджуючий	select	binary		SO2546
9628	Засоби для орального сексу	15747	Розслаблюючий	select	binary		SO2546
9628	Засоби для орального сексу	15749	Збуджуючий	select	binary		SO2366
9628	Засоби для орального сексу	15766	Аромат	select	none		SO2366
9628	Засоби для орального сексу	15768	Посилення чутливості	select	binary		SO2366
9628	Засоби для орального сексу	15769	Посилення слиновиділення	select	binary		SO2366
9628	Засоби для орального сексу	15770	Віброефект	select	binary		SO2366
9628	Засоби для орального сексу	15743	Стать	select	none		SO2366
9628	Засоби для орального сексу	15745	Зігріваючий	select	binary		SO2366
9628	Засоби для орального сексу	15750	Зволожуючий	select	binary		SO2366
9628	Засоби для орального сексу	15763	Тип	select	text	гель	SO2366
9628	Засоби для орального сексу	15765	Смак	select	none		SO2366
9628	Засоби для орального сексу	15771	Сумісність з презервативами	select	binary		SO2366
9628	Засоби для орального сексу	15772	Сумісність з секс-іграшками	select	binary		SO2366
9628	Засоби для орального сексу	15773	Веганський	select	binary		SO2366
9628	Засоби для орального сексу	15774	Тип упаковки	select	none		SO2366
9628	Засоби для орального сексу	15747	Розслаблюючий	select	binary		SO2366
9474	Насадки на член	13039	Вид	select	db	нереалістичні	SO1275
9526	Аксесуари до інтимних іграшок	14746	Тип аксесуара	select	db	насадка	SO3606
9526	Аксесуари до інтимних іграшок	78	Колір виробника	multiselect	none		SO3606
9526	Аксесуари до інтимних іграшок	2845	Колір	select	none		SO3606
9448	Догляд за секс-іграшками	14036	Дія	select	db	догляд та відновлення	F16005
9448	Догляд за секс-іграшками	14024	Тип засобу	select	db	порошок	F16005
9476	Екстендери та помпи	3369	Призначення	select	db	для збільшення члена	SO2911
9476	Екстендери та помпи	5249	Тип помпи	multiselect	db	ручна	SO2911
9468	Секс-ляльки	5223	Анальний отвір	select	binary		SO1267
9468	Секс-ляльки	5414	Тип фігури	select	text	середня	SO1267
9468	Секс-ляльки	6092	Позиція тіла	select	none		SO1267
9468	Секс-ляльки	6303	Тип ляльки	select	none		SO1267
9468	Секс-ляльки	6151	Стать ляльки	select	none		SO1267
9468	Секс-ляльки	4251	Сенсорне реагування	select	binary		SO1267
9468	Секс-ляльки	4793	Звукові ефекти	select	binary		SO1267
9468	Секс-ляльки	5255	Вагінальний отвір	select	binary		SO1267
9468	Секс-ляльки	5262	Колір волосся	select	none		SO1267
9468	Секс-ляльки	5024	Сумісність з VR	select	binary		SO1267
9468	Секс-ляльки	5181	Статевий член	select	binary		SO1267
9468	Секс-ляльки	5197	Оральний отвір	select	binary		SO1267
9632	Олія для еротичного масажу	15744	Аромат	select	db	ваніль	SO3215
9632	Олія для еротичного масажу	15743	Стать	select	db	для чоловіків	SO3215
9632	Олія для еротичного масажу	15742	Об’єм	select	db-inval	125	SO3215
9632	Олія для еротичного масажу	15741	Кількість	select	none		SO3215
9526	Аксесуари до інтимних іграшок	14746	Тип аксесуара	select	db	зарядний кабель	SO7770
9526	Аксесуари до інтимних іграшок	78	Колір виробника	multiselect	none		SO7770
9526	Аксесуари до інтимних іграшок	2845	Колір	select	none		SO7770
9470	Ерекційні кільця	3369	Призначення	select	prom-inval	кліторні	SO5575
9466	Вібратори	10173	Підігрів	select	binary		SO1640
9466	Вібратори	3369	Призначення	select	prom-inval	для стимуляції вульви	SO1640
9466	Вібратори	3106	Вид	select	none		SO1640
9466	Вібратори	3103	Тип приладу	select	text	вакуумний стимулятор	SO1640
9466	Вібратори	13037	Конструкція	select	none		SO1640
9466	Вібратори	10210	Керування через застосунок (Smart)	select	binary		SO1640
9466	Вібратори	9977	Кілька насадок	select	binary		SO1640
9466	Вібратори	12731	Матеріал	select	prom-inval	Силікон | ABS-пластик	SO1640
9466	Вібратори	11988	Кріплення на присоску	select	binary		SO1640
9466	Вібратори	11367	Телескопічний	select	binary		SO1640
5116	Менструальні чаші	12097	Базовий колір	multiselect	none		SO6304
5116	Менструальні чаші	5406	Ароматизовані	select	binary		SO6304
5116	Менструальні чаші	78	Колір виробника	multiselect	text-many	100, ash, mint	SO6304
5116	Менструальні чаші	1098	Об'єм	float	prom-num	35	SO6304
5116	Менструальні чаші	2847	Кількість в упаковці	float	none		SO6304
5116	Менструальні чаші	5408	Розмір	multiselect	none		SO6304
9474	Насадки на член	13039	Вид	select	db	реалістичні	SO1557
9474	Насадки на член	12731	Матеріал	select	prom-inval	UltraSKYN	SO1557
3144	Засоби для інтимної гігієни	51	Вид	multiselect	none		SO7334
3144	Засоби для інтимної гігієни	1098	Об'єм	float	db-num	100	SO7334
3144	Засоби для інтимної гігієни	2907	Аромат	text	none		SO7334
3144	Засоби для інтимної гігієни	3002	Форма випуску	multiselect	none		SO7334
9550	Анальний душ	78	Колір виробника	multiselect	text-many	ash, тан, тис	SO5991
9550	Анальний душ	757	Довжина шланга	float	none		SO5991
9630	Свічки для інтимного масажу	15742	Об’єм	select	none		SO8129
9630	Свічки для інтимного масажу	15741	Кількість	select	none		SO8129
9620	Аксесуари для мастурбаторів	15300	Основний матеріал	select	none		F16258
9620	Аксесуари для мастурбаторів	78	Колір виробника	multiselect	text-many	жито, лайт, приз	F16258
9616	Аксесуари для страпонів	78	Колір виробника	multiselect	text-many	ash, крем, тан	SO9008
9466	Вібратори	10173	Підігрів	select	binary		SO6544
9466	Вібратори	3369	Призначення	select	prom-inval	для покращення ерекції	SO6544
9466	Вібратори	3106	Вид	select	none		SO6544
9466	Вібратори	3103	Тип приладу	select	text	вакуумний стимулятор	SO6544
9466	Вібратори	13037	Конструкція	select	none		SO6544
9466	Вібратори	10210	Керування через застосунок (Smart)	select	binary		SO6544
9466	Вібратори	9977	Кілька насадок	select	binary		SO6544
9466	Вібратори	11988	Кріплення на присоску	select	binary		SO6544
9466	Вібратори	11953	Водонепроникний	select	db-inval	IPX4	SO6544
9466	Вібратори	11367	Телескопічний	select	binary		SO6544
9466	Вібратори	10173	Підігрів	select	binary		SO2988
9466	Вібратори	10210	Керування через застосунок (Smart)	select	binary		SO2988
9466	Вібратори	9977	Кілька насадок	select	binary		SO2988
9466	Вібратори	4212	Кількість режимів роботи	select	db	5	SO2988
9466	Вібратори	11988	Кріплення на присоску	select	binary		SO2988
9466	Вібратори	11953	Водонепроникний	select	binary		SO2988
9466	Вібратори	11367	Телескопічний	select	binary		SO2988
9484	Анальні пробки	12731	Матеріал	select	prom-inval	Акрил	SO6311
9526	Аксесуари до інтимних іграшок	14746	Тип аксесуара	select	none		HM-40-LI
9526	Аксесуари до інтимних іграшок	14747	Основний матеріал	select	none		HM-40-LI
9526	Аксесуари до інтимних іграшок	78	Колір виробника	multiselect	text	тан	HM-40-LI
9526	Аксесуари до інтимних іграшок	2845	Колір	select	none		HM-40-LI
7216	Еротична білизна	13949	Стать	select	none		SO7482
7216	Еротична білизна	13948	Тип товару	select	prom-inval	наліпки	SO7482
7216	Еротична білизна	12923	Розмір	select	none		SO7482
9620	Аксесуари для мастурбаторів	78	Колір виробника	multiselect	text-many	218, беж, грі	SO2025
9628	Засоби для орального сексу	15766	Аромат	select	prom	м'ятний	SO6157
9628	Засоби для орального сексу	15765	Смак	select	prom-inval	м'ятна жуйка	SO6157
9484	Анальні пробки	11098	Тип живлення	select	none		SO2964
9484	Анальні пробки	12891	Форма	select	none		SO2964
9484	Анальні пробки	10173	Підігрів	select	binary		SO2964
9466	Вібратори	10173	Підігрів	select	binary		SO4867
9466	Вібратори	3369	Призначення	select	prom-inval	для покращення ерекції	SO4867
9466	Вібратори	3106	Вид	select	none		SO4867
9466	Вібратори	3103	Тип приладу	select	text	вакуумний стимулятор	SO4867
9466	Вібратори	13037	Конструкція	select	none		SO4867
9466	Вібратори	10210	Керування через застосунок (Smart)	select	binary		SO4867
9466	Вібратори	9977	Кілька насадок	select	binary		SO4867
9466	Вібратори	11988	Кріплення на присоску	select	binary		SO4867
9466	Вібратори	11953	Водонепроникний	select	db-inval	IPX7	SO4867
9466	Вібратори	11367	Телескопічний	select	binary		SO4867
9484	Анальні пробки	13948	Тип товару	select	db	анальний душ	SO1638
9484	Анальні пробки	11098	Тип живлення	select	prom-inval	Батарейки	SO1638
9458	Фетиш та BDSM	12731	Матеріал	select	text	віск	SO5961
9458	Фетиш та BDSM	13948	Тип товару	select	none		SO5961
9484	Анальні пробки	13948	Тип товару	select	none		SO1999
9484	Анальні пробки	11579	Вібрація	select	binary		SO1999
9484	Анальні пробки	11098	Тип живлення	select	none		SO1999
9484	Анальні пробки	12731	Матеріал	select	none		SO1999
9484	Анальні пробки	12891	Форма	select	db-inval	конусна	SO1999
9484	Анальні пробки	10173	Підігрів	select	binary		SO1999
9472	Мастурбатори	12731	Матеріал	select	prom-inval	Поліуретан	SO4553
9458	Фетиш та BDSM	12731	Матеріал	select	text	віск	SO5200
9458	Фетиш та BDSM	13948	Тип товару	select	none		SO5200
9478	Вагінальні кульки та тренажери	13954	Тип товару	select	db	тренажер	AL40563
9484	Анальні пробки	12731	Матеріал	select	prom-inval	Акрил	SO6319
9484	Анальні пробки	11579	Вібрація	select	binary		SO3808
9484	Анальні пробки	11098	Тип живлення	select	none		SO3808
9484	Анальні пробки	12891	Форма	select	none		SO3808
9484	Анальні пробки	10173	Підігрів	select	binary		SO3808
9480	Фалоімітатори	11953	Водонепроникний	select	binary		SO2782
9480	Фалоімітатори	11579	Вібрація	select	binary		SO2782
9480	Фалоімітатори	13039	Вид	select	none		SO2782
9480	Фалоімітатори	13037	Конструкція	select	none		SO2782
9480	Фалоімітатори	12731	Матеріал	select	none		SO2782
9480	Фалоімітатори	11988	Кріплення на присоску	select	binary		SO2782
9458	Фетиш та BDSM	12731	Матеріал	select	db-inval	джут	SO5204
9458	Фетиш та BDSM	13948	Тип товару	select	db	мотузка бандажна	SO5204
9476	Екстендери та помпи	3369	Призначення	select	db	для збільшення члена	E22146
9476	Екстендери та помпи	5249	Тип помпи	multiselect	db	ручна	E22146
9464	Еротичні костюми	12923	Розмір	select	none		SO5396
9466	Вібратори	10173	Підігрів	select	binary		SO6115
9466	Вібратори	3369	Призначення	select	prom-inval	для стимуляції вульви	SO6115
9466	Вібратори	3106	Вид	select	none		SO6115
9466	Вібратори	3103	Тип приладу	select	text	вакуумний стимулятор	SO6115
9466	Вібратори	13037	Конструкція	select	text	двосторонні	SO6115
9466	Вібратори	10210	Керування через застосунок (Smart)	select	binary		SO6115
9466	Вібратори	9977	Кілька насадок	select	binary		SO6115
9466	Вібратори	11988	Кріплення на присоску	select	binary		SO6115
9466	Вібратори	11953	Водонепроникний	select	db-inval	IPX7	SO6115
9466	Вібратори	11367	Телескопічний	select	binary		SO6115
9620	Аксесуари для мастурбаторів	78	Колір виробника	multiselect	text-many	бавовна, тан, тис	SO6588
9472	Мастурбатори	12731	Матеріал	select	db-inval	ніжніше ніжного! він охопить пеніс з усіх боків, немов солодкий дівочий ротик; в	SO5524
9472	Мастурбатори	3106	Вид	select	db	нереалістичні	SO5524
9632	Олія для еротичного масажу	15758	Без ароматизаторів	select	binary		SO1388
9632	Олія для еротичного масажу	15757	Без гліцерину	select	binary		SO1388
9632	Олія для еротичного масажу	15756	Без парабенів	select	binary		SO1388
9632	Олія для еротичного масажу	15755	Органічний продукт	select	binary		SO1388
9632	Олія для еротичного масажу	15754	Їстівна формула	select	db	Так	SO1388
9632	Олія для еротичного масажу	15753	Антистресовий	select	binary		SO1388
9632	Олія для еротичного масажу	15752	Пом'якшуючий	select	binary		SO1388
9632	Олія для еротичного масажу	15750	Зволожуючий	select	db	Так	SO1388
9632	Олія для еротичного масажу	15749	Збуджуючий	select	binary		SO1388
9632	Олія для еротичного масажу	15744	Аромат	select	none		SO1388
9632	Олія для еротичного масажу	15743	Стать	select	none		SO1388
9632	Олія для еротичного масажу	15742	Об’єм	select	db-inval	150	SO1388
9632	Олія для еротичного масажу	15741	Кількість	select	none		SO1388
9632	Олія для еротичного масажу	15745	Зігріваючий	select	binary		SO1388
9632	Олія для еротичного масажу	15746	Охолоджуючий	select	binary		SO1388
9632	Олія для еротичного масажу	15747	Розслаблюючий	select	binary		SO1388
9632	Олія для еротичного масажу	15748	Тонізуючий	select	binary		SO1388
9632	Олія для еротичного масажу	15759	З феромонами	select	binary		SO1388
9466	Вібратори	10173	Підігрів	select	binary		SO7666
9466	Вібратори	3369	Призначення	select	prom-inval	для стимуляції вульви	SO7666
9466	Вібратори	3106	Вид	select	none		SO7666
9466	Вібратори	3103	Тип приладу	select	text	вакуумний стимулятор	SO7666
9466	Вібратори	13037	Конструкція	select	none		SO7666
9466	Вібратори	10210	Керування через застосунок (Smart)	select	binary		SO7666
9466	Вібратори	9977	Кілька насадок	select	binary		SO7666
9466	Вібратори	11988	Кріплення на присоску	select	binary		SO7666
9466	Вібратори	11953	Водонепроникний	select	db-inval	IPX7	SO7666
9466	Вібратори	11367	Телескопічний	select	binary		SO7666
9464	Еротичні костюми	12923	Розмір	select	none		SO5395
9466	Вібратори	10173	Підігрів	select	binary		SO6288
9466	Вібратори	3369	Призначення	select	prom-inval	для стимуляції вульви	SO6288
9466	Вібратори	3106	Вид	select	none		SO6288
9466	Вібратори	3103	Тип приладу	select	text	вакуумний стимулятор	SO6288
9466	Вібратори	13037	Конструкція	select	none		SO6288
9466	Вібратори	10210	Керування через застосунок (Smart)	select	binary		SO6288
9466	Вібратори	9977	Кілька насадок	select	binary		SO6288
9466	Вібратори	12731	Матеріал	select	none		SO6288
9466	Вібратори	11988	Кріплення на присоску	select	binary		SO6288
9466	Вібратори	11367	Телескопічний	select	binary		SO6288
9526	Аксесуари до інтимних іграшок	78	Колір виробника	multiselect	text-many	крем, тан, тис	SO1984
9526	Аксесуари до інтимних іграшок	2845	Колір	select	none		SO1984
9632	Олія для еротичного масажу	15758	Без ароматизаторів	select	binary		SO1386
9632	Олія для еротичного масажу	15757	Без гліцерину	select	binary		SO1386
9632	Олія для еротичного масажу	15756	Без парабенів	select	binary		SO1386
9632	Олія для еротичного масажу	15755	Органічний продукт	select	binary		SO1386
9632	Олія для еротичного масажу	15754	Їстівна формула	select	db	Так	SO1386
9632	Олія для еротичного масажу	15753	Антистресовий	select	binary		SO1386
9632	Олія для еротичного масажу	15752	Пом'якшуючий	select	binary		SO1386
9632	Олія для еротичного масажу	15750	Зволожуючий	select	db	Так	SO1386
9632	Олія для еротичного масажу	15749	Збуджуючий	select	binary		SO1386
9632	Олія для еротичного масажу	15744	Аромат	select	none		SO1386
9632	Олія для еротичного масажу	15743	Стать	select	none		SO1386
9632	Олія для еротичного масажу	15742	Об’єм	select	db-inval	150	SO1386
9632	Олія для еротичного масажу	15741	Кількість	select	none		SO1386
9632	Олія для еротичного масажу	15745	Зігріваючий	select	binary		SO1386
9632	Олія для еротичного масажу	15746	Охолоджуючий	select	binary		SO1386
9632	Олія для еротичного масажу	15747	Розслаблюючий	select	binary		SO1386
9632	Олія для еротичного масажу	15748	Тонізуючий	select	binary		SO1386
9632	Олія для еротичного масажу	15759	З феромонами	select	binary		SO1386
9464	Еротичні костюми	12923	Розмір	select	none		SO5855
3141	Сіль для ванни	2856	Стать	multiselect	none		SO6893
3141	Сіль для ванни	51	Вид	multiselect	text	сіль	SO6893
3141	Сіль для ванни	2854	Призначення	multiselect	text-many	для ванн, розслаблення	SO6893
3141	Сіль для ванни	150	Вага	float	none		SO6893
3141	Сіль для ванни	9502	Клас косметики	multiselect	none		SO6893
3141	Сіль для ванни	6687	Аромат	multiselect	none		SO6893
9466	Вібратори	10173	Підігрів	select	binary		SO7410
9466	Вібратори	3369	Призначення	select	prom-inval	для стимуляції вульви	SO7410
9466	Вібратори	3106	Вид	select	none		SO7410
9466	Вібратори	3103	Тип приладу	select	text	вакуумний стимулятор	SO7410
9466	Вібратори	13037	Конструкція	select	none		SO7410
9466	Вібратори	10210	Керування через застосунок (Smart)	select	binary		SO7410
9466	Вібратори	9977	Кілька насадок	select	binary		SO7410
9466	Вібратори	12731	Матеріал	select	prom-inval	Силікон | ABS-пластик	SO7410
9466	Вібратори	11988	Кріплення на присоску	select	binary		SO7410
9466	Вібратори	11953	Водонепроникний	select	db-inval	IPX7	SO7410
9466	Вібратори	11367	Телескопічний	select	binary		SO7410
9632	Олія для еротичного масажу	15742	Об’єм	select	prom-inval	100	SO2369
9632	Олія для еротичного масажу	15741	Кількість	select	none		SO2369
9578	Меблі для сексу	762	Вага	float	none		SO3746
9578	Меблі для сексу	2470	Довжина	float	none		SO3746
9578	Меблі для сексу	111	Ширина	float	none		SO3746
9578	Меблі для сексу	110	Висота	float	none		SO3746
9466	Вібратори	10173	Підігрів	select	binary		SO3780
9466	Вібратори	3369	Призначення	select	prom-inval	для стимуляції вульви	SO3780
9466	Вібратори	3106	Вид	select	none		SO3780
9466	Вібратори	3103	Тип приладу	select	text	віброяйця	SO3780
9466	Вібратори	13037	Конструкція	select	none		SO3780
9466	Вібратори	10210	Керування через застосунок (Smart)	select	binary-hint	застосун	SO3780
9466	Вібратори	9977	Кілька насадок	select	binary		SO3780
9466	Вібратори	4212	Кількість режимів роботи	select	none		SO3780
9466	Вібратори	11988	Кріплення на присоску	select	binary		SO3780
9466	Вібратори	11953	Водонепроникний	select	db-inval	IPX7	SO3780
9466	Вібратори	11367	Телескопічний	select	binary		SO3780
9466	Вібратори	10173	Підігрів	select	binary		SO1641
9466	Вібратори	3369	Призначення	select	prom-inval	для стимуляції вульви	SO1641
9466	Вібратори	3106	Вид	select	none		SO1641
9466	Вібратори	3103	Тип приладу	select	text	вакуумний стимулятор	SO1641
9466	Вібратори	13037	Конструкція	select	none		SO1641
9466	Вібратори	10210	Керування через застосунок (Smart)	select	binary		SO1641
9466	Вібратори	9977	Кілька насадок	select	binary		SO1641
9466	Вібратори	12731	Матеріал	select	prom-inval	Силікон | ABS-пластик	SO1641
9466	Вібратори	11988	Кріплення на присоску	select	binary		SO1641
9466	Вібратори	11367	Телескопічний	select	binary		SO1641
9474	Насадки на член	13039	Вид	select	db	реалістичні	SO1892
9578	Меблі для сексу	762	Вага	float	none		SO3744
9578	Меблі для сексу	2470	Довжина	float	none		SO3744
9578	Меблі для сексу	111	Ширина	float	none		SO3744
9578	Меблі для сексу	110	Висота	float	none		SO3744
9616	Аксесуари для страпонів	78	Колір виробника	multiselect	text-many	ash, мос, тан	SO5097
9460	Еротичні приколи та сувеніри	13948	Тип товару	select	db	мило	SO4803
9484	Анальні пробки	12731	Матеріал	select	prom-inval	Акрил	SO6309
9616	Аксесуари для страпонів	78	Колір виробника	multiselect	text-many	ash, мос, тан	SO4513
9470	Ерекційні кільця	13037	Конструкція	select	prom-inval	односторонні	SO6080
9470	Ерекційні кільця	3369	Призначення	select	prom-inval	кліторні	SO6080
9472	Мастурбатори	12731	Матеріал	select	prom-inval	Поліуретан	SO5111
9466	Вібратори	10173	Підігрів	select	binary		SO3894
9466	Вібратори	3369	Призначення	select	prom-inval	для стимуляції вульви	SO3894
9466	Вібратори	3106	Вид	select	none		SO3894
9466	Вібратори	3103	Тип приладу	select	none		SO3894
9466	Вібратори	13037	Конструкція	select	none		SO3894
9466	Вібратори	10210	Керування через застосунок (Smart)	select	binary-hint	смартфон	SO3894
9466	Вібратори	9977	Кілька насадок	select	binary		SO3894
9466	Вібратори	11988	Кріплення на присоску	select	binary		SO3894
9466	Вібратори	11953	Водонепроникний	select	binary		SO3894
9466	Вібратори	11367	Телескопічний	select	binary		SO3894
9466	Вібратори	10173	Підігрів	select	binary		SO4296
9466	Вібратори	3369	Призначення	select	prom-inval	для стимуляції вульви	SO4296
9466	Вібратори	3106	Вид	select	none		SO4296
9466	Вібратори	3103	Тип приладу	select	text	вакуумний стимулятор	SO4296
9466	Вібратори	13037	Конструкція	select	none		SO4296
9466	Вібратори	10210	Керування через застосунок (Smart)	select	binary		SO4296
9466	Вібратори	9977	Кілька насадок	select	binary		SO4296
9466	Вібратори	11988	Кріплення на присоску	select	binary		SO4296
9466	Вібратори	11953	Водонепроникний	select	binary		SO4296
9466	Вібратори	11367	Телескопічний	select	binary		SO4296
3142	Піна для ванни	2856	Стать	multiselect	none		SO7849
3142	Піна для ванни	2854	Призначення	multiselect	none		SO7849
3142	Піна для ванни	1098	Об'єм	float	db-num	237	SO7849
3142	Піна для ванни	51	Вид	multiselect	none		SO7849
3142	Піна для ванни	9502	Клас косметики	multiselect	none		SO7849
9460	Еротичні приколи та сувеніри	13948	Тип товару	select	db	мило	SO6364
9466	Вібратори	10173	Підігрів	select	binary		SO6118
9466	Вібратори	3369	Призначення	select	prom-inval	для стимуляції вульви	SO6118
9466	Вібратори	3106	Вид	select	none		SO6118
9466	Вібратори	3103	Тип приладу	select	text	вакуумний стимулятор	SO6118
9466	Вібратори	13037	Конструкція	select	none		SO6118
9466	Вібратори	10210	Керування через застосунок (Smart)	select	binary		SO6118
9466	Вібратори	9977	Кілька насадок	select	binary		SO6118
9466	Вібратори	11988	Кріплення на присоску	select	binary		SO6118
9466	Вібратори	11953	Водонепроникний	select	db-inval	IPX7	SO6118
9466	Вібратори	11367	Телескопічний	select	binary		SO6118
9632	Олія для еротичного масажу	15758	Без ароматизаторів	select	binary		SO5636
9632	Олія для еротичного масажу	15757	Без гліцерину	select	binary		SO5636
9632	Олія для еротичного масажу	15756	Без парабенів	select	binary		SO5636
9632	Олія для еротичного масажу	15755	Органічний продукт	select	binary		SO5636
9632	Олія для еротичного масажу	15754	Їстівна формула	select	db	Так	SO5636
9632	Олія для еротичного масажу	15753	Антистресовий	select	binary		SO5636
9632	Олія для еротичного масажу	15752	Пом'якшуючий	select	binary		SO5636
9632	Олія для еротичного масажу	15750	Зволожуючий	select	binary		SO5636
9632	Олія для еротичного масажу	15749	Збуджуючий	select	binary		SO5636
9632	Олія для еротичного масажу	15744	Аромат	select	none		SO5636
9632	Олія для еротичного масажу	15743	Стать	select	none		SO5636
9632	Олія для еротичного масажу	15742	Об’єм	select	db-inval	150	SO5636
9632	Олія для еротичного масажу	15741	Кількість	select	none		SO5636
9632	Олія для еротичного масажу	15745	Зігріваючий	select	binary		SO5636
9632	Олія для еротичного масажу	15746	Охолоджуючий	select	binary		SO5636
9632	Олія для еротичного масажу	15747	Розслаблюючий	select	binary		SO5636
9632	Олія для еротичного масажу	15748	Тонізуючий	select	binary		SO5636
9632	Олія для еротичного масажу	15759	З феромонами	select	binary		SO5636
9620	Аксесуари для мастурбаторів	15300	Основний матеріал	select	none		SO6145
9620	Аксесуари для мастурбаторів	78	Колір виробника	multiselect	text-many	ash, агат, алюміній	SO6145
9628	Засоби для орального сексу	15766	Аромат	select	db	ягідний	SO3200
9628	Засоби для орального сексу	15743	Стать	select	db	унісекс	SO3200
9628	Засоби для орального сексу	15763	Тип	select	db	олія	SO3200
9628	Засоби для орального сексу	15765	Смак	select	db	без смаку	SO3200
9628	Засоби для орального сексу	15774	Тип упаковки	select	db	пляшка з дозатором	SO3200
9458	Фетиш та BDSM	12731	Матеріал	select	db-inval	джут	SO5203
9458	Фетиш та BDSM	13948	Тип товару	select	db	мотузка бандажна	SO5203
9466	Вібратори	10173	Підігрів	select	binary		SO6545
9466	Вібратори	3369	Призначення	select	prom-inval	для покращення ерекції	SO6545
9466	Вібратори	3106	Вид	select	none		SO6545
9466	Вібратори	3103	Тип приладу	select	text	вакуумний стимулятор	SO6545
9466	Вібратори	13037	Конструкція	select	none		SO6545
9466	Вібратори	10210	Керування через застосунок (Smart)	select	binary		SO6545
9466	Вібратори	9977	Кілька насадок	select	binary		SO6545
9466	Вібратори	11988	Кріплення на присоску	select	binary		SO6545
9466	Вібратори	11953	Водонепроникний	select	db-inval	IPX4	SO6545
9466	Вібратори	11367	Телескопічний	select	binary		SO6545
9628	Засоби для орального сексу	15766	Аромат	select	db	кавовий	SO4542
9628	Засоби для орального сексу	15743	Стать	select	db	унісекс	SO4542
9628	Засоби для орального сексу	15763	Тип	select	db	гель	SO4542
9628	Засоби для орального сексу	15765	Смак	select	db	кавун	SO4542
9628	Засоби для орального сексу	15774	Тип упаковки	select	db	пляшка з дозатором	SO4542
7216	Еротична білизна	13949	Стать	select	none		SO6708
7216	Еротична білизна	13948	Тип товару	select	db-inval	бандаж/фіксатор	SO6708
7216	Еротична білизна	12923	Розмір	select	none		SO6708
9472	Мастурбатори	12731	Матеріал	select	prom-inval	Поліуретан	SO5114
9526	Аксесуари до інтимних іграшок	14746	Тип аксесуара	select	db	насадка	SO4097
9526	Аксесуари до інтимних іграшок	78	Колір виробника	multiselect	none		SO4097
9526	Аксесуари до інтимних іграшок	2845	Колір	select	none		SO4097
3149	Засоби для депіляції	2854	Призначення	multiselect	none		SO7335
3149	Засоби для депіляції	2847	Кількість в упаковці	float	none		SO7335
3149	Засоби для депіляції	9502	Клас косметики	multiselect	none		SO7335
3149	Засоби для депіляції	51	Вид	multiselect	none		SO7335
9460	Еротичні приколи та сувеніри	13948	Тип товару	select	db	мило	SO6355
9616	Аксесуари для страпонів	78	Колір виробника	multiselect	text-many	ash, мос, тан	SO4515
9460	Еротичні приколи та сувеніри	13948	Тип товару	select	db	мило	SO6357
9470	Ерекційні кільця	3369	Призначення	select	prom-inval	вагінальні	SO6300
2479	Подарункові коробки	8276	Кількість	float	none		SO8910
2479	Подарункові коробки	111	Ширина	float	none		SO8910
2479	Подарункові коробки	3997	Розмір	select	none		SO8910
2479	Подарункові коробки	2469	Стать	multiselect	none		SO8910
2479	Подарункові коробки	2470	Довжина	float	none		SO8910
2479	Подарункові коробки	11030	Форма	multiselect	none		SO8910
2479	Подарункові коробки	52	Матеріал	multiselect	prom-inval	щільний картон	SO8910
2479	Подарункові коробки	50	Тип	multiselect	none		SO8910
2479	Подарункові коробки	110	Висота	float	none		SO8910
2479	Подарункові коробки	51	Вид	multiselect	none		SO8910
2479	Подарункові коробки	78	Колір виробника	multiselect	none		SO8910
9616	Аксесуари для страпонів	78	Колір виробника	multiselect	text-many	100, ash, blue	SO7819
9466	Вібратори	10173	Підігрів	select	binary		SO8100
9466	Вібратори	3369	Призначення	select	prom-inval	для стимуляції грудей	SO8100
9466	Вібратори	3106	Вид	select	none		SO8100
9466	Вібратори	3103	Тип приладу	select	text	звуковий стимулятор	SO8100
9466	Вібратори	13037	Конструкція	select	none		SO8100
9466	Вібратори	10210	Керування через застосунок (Smart)	select	binary		SO8100
9466	Вібратори	9977	Кілька насадок	select	binary		SO8100
9466	Вібратори	12731	Матеріал	select	prom-inval	Силікон | ABS-пластик	SO8100
9466	Вібратори	11988	Кріплення на присоску	select	binary		SO8100
9466	Вібратори	11367	Телескопічний	select	binary		SO8100
9628	Засоби для орального сексу	15749	Збуджуючий	select	binary		SX0589
9628	Засоби для орального сексу	15766	Аромат	select	none		SX0589
9628	Засоби для орального сексу	15768	Посилення чутливості	select	binary		SX0589
9628	Засоби для орального сексу	15769	Посилення слиновиділення	select	binary		SX0589
9628	Засоби для орального сексу	15770	Віброефект	select	binary		SX0589
9628	Засоби для орального сексу	15743	Стать	select	none		SX0589
9628	Засоби для орального сексу	15745	Зігріваючий	select	binary		SX0589
9628	Засоби для орального сексу	15750	Зволожуючий	select	binary		SX0589
9628	Засоби для орального сексу	15763	Тип	select	none		SX0589
9628	Засоби для орального сексу	15765	Смак	select	none		SX0589
9628	Засоби для орального сексу	15771	Сумісність з презервативами	select	binary		SX0589
9628	Засоби для орального сексу	15772	Сумісність з секс-іграшками	select	binary		SX0589
9628	Засоби для орального сексу	15774	Тип упаковки	select	none		SX0589
9628	Засоби для орального сексу	15746	Охолоджуючий	select	binary		SX0589
9628	Засоби для орального сексу	15747	Розслаблюючий	select	binary		SX0589
9628	Засоби для орального сексу	15766	Аромат	select	db	ягідний	SO4943
9628	Засоби для орального сексу	15743	Стать	select	db	унісекс	SO4943
9628	Засоби для орального сексу	15763	Тип	select	db	гель	SO4943
9628	Засоби для орального сексу	15765	Смак	select	db	без смаку	SO4943
9628	Засоби для орального сексу	15774	Тип упаковки	select	db	пляшка з дозатором	SO4943
9466	Вібратори	10173	Підігрів	select	binary		SO8106
9466	Вібратори	3369	Призначення	select	prom-inval	для стимуляції вульви	SO8106
9466	Вібратори	3106	Вид	select	none		SO8106
9466	Вібратори	3103	Тип приладу	select	text	звуковий стимулятор	SO8106
9466	Вібратори	13037	Конструкція	select	none		SO8106
9466	Вібратори	10210	Керування через застосунок (Smart)	select	binary		SO8106
9466	Вібратори	9977	Кілька насадок	select	binary		SO8106
9466	Вібратори	12731	Матеріал	select	prom-inval	Силікон | ABS-пластик	SO8106
9466	Вібратори	11988	Кріплення на присоску	select	binary		SO8106
9466	Вібратори	11367	Телескопічний	select	binary		SO8106
9620	Аксесуари для мастурбаторів	78	Колір виробника	multiselect	text-many	агат, бук, оксамитовий	SO6589
9620	Аксесуари для мастурбаторів	78	Колір виробника	multiselect	text-many	ash, агат, кава	SO9394
9526	Аксесуари до інтимних іграшок	14746	Тип аксесуара	select	db	зарядний кабель	SO6941
9526	Аксесуари до інтимних іграшок	78	Колір виробника	multiselect	none		SO6941
9526	Аксесуари до інтимних іграшок	2845	Колір	select	none		SO6941
9466	Вібратори	10173	Підігрів	select	binary		SO7324
9466	Вібратори	3369	Призначення	select	prom-inval	для стимуляції вульви	SO7324
9466	Вібратори	3106	Вид	select	none		SO7324
9466	Вібратори	3103	Тип приладу	select	text	вакуумний стимулятор	SO7324
9466	Вібратори	13037	Конструкція	select	none		SO7324
9466	Вібратори	10210	Керування через застосунок (Smart)	select	binary-hint	застосун	SO7324
9466	Вібратори	9977	Кілька насадок	select	binary		SO7324
9466	Вібратори	11988	Кріплення на присоску	select	binary		SO7324
9466	Вібратори	11953	Водонепроникний	select	db-inval	IPX7	SO7324
9466	Вібратори	11367	Телескопічний	select	binary		SO7324
9470	Ерекційні кільця	13037	Конструкція	select	prom-inval	з мошонкою	SO5546
9470	Ерекційні кільця	3369	Призначення	select	prom-inval	вагінальні	SO5546
9464	Еротичні костюми	12923	Розмір	select	none		SO8676
9482	Страпони	3103	Тип приладу	select	db	нестандартний вібратор	SO6824
9482	Страпони	437	Тип кріплення	select	db	на ременях	SO6824
9482	Страпони	13037	Конструкція	select	db	одинарні	SO6824
9482	Страпони	13039	Вид	select	db	нереалістичні	SO6824
9470	Ерекційні кільця	3369	Призначення	select	prom-inval	кліторні	SO5748
7216	Еротична білизна	13949	Стать	select	none		SO7512
7216	Еротична білизна	13948	Тип товару	select	db-inval	бандаж/фіксатор	SO7512
9464	Еротичні костюми	12923	Розмір	select	none		SO5944
9466	Вібратори	10173	Підігрів	select	binary		SO7801
9466	Вібратори	3369	Призначення	select	prom-inval	для стимуляції грудей	SO7801
9466	Вібратори	3106	Вид	select	none		SO7801
9466	Вібратори	3103	Тип приладу	select	none		SO7801
9466	Вібратори	13037	Конструкція	select	none		SO7801
9466	Вібратори	10210	Керування через застосунок (Smart)	select	binary		SO7801
9466	Вібратори	9977	Кілька насадок	select	binary		SO7801
9466	Вібратори	11988	Кріплення на присоску	select	binary		SO7801
9466	Вібратори	11953	Водонепроникний	select	db-inval	IPX7	SO7801
9466	Вібратори	11367	Телескопічний	select	binary		SO7801
7216	Еротична білизна	13949	Стать	select	none		SO6781
7216	Еротична білизна	13948	Тип товару	select	prom-inval	бандаж/фіксатор	SO6781
7216	Еротична білизна	12923	Розмір	select	prom	XS	SO6781
9466	Вібратори	10173	Підігрів	select	binary		SO8090
9466	Вібратори	3369	Призначення	select	prom-inval	для стимуляції грудей	SO8090
9466	Вібратори	3106	Вид	select	none		SO8090
9466	Вібратори	3103	Тип приладу	select	text	звуковий стимулятор	SO8090
9466	Вібратори	13037	Конструкція	select	none		SO8090
9466	Вібратори	10210	Керування через застосунок (Smart)	select	binary		SO8090
9466	Вібратори	9977	Кілька насадок	select	binary		SO8090
9466	Вібратори	12731	Матеріал	select	prom-inval	Силікон | ABS-пластик	SO8090
9466	Вібратори	11988	Кріплення на присоску	select	binary		SO8090
9466	Вібратори	11367	Телескопічний	select	binary		SO8090
9466	Вібратори	3369	Призначення	select	db	вагінальні	SO7048
9466	Вібратори	3106	Вид	select	db	нереалістичні	SO7048
9466	Вібратори	3103	Тип приладу	select	db	вібратор для пар	SO7048
9466	Вібратори	13037	Конструкція	select	db	односторонні	SO7048
9466	Вібратори	10173	Підігрів	select	binary		SX0537
9466	Вібратори	3369	Призначення	select	prom-inval	для стимуляції вульви	SX0537
9466	Вібратори	3106	Вид	select	none		SX0537
9466	Вібратори	3103	Тип приладу	select	text	вакуумний стимулятор	SX0537
9466	Вібратори	13037	Конструкція	select	none		SX0537
9466	Вібратори	10210	Керування через застосунок (Smart)	select	binary		SX0537
9466	Вібратори	9977	Кілька насадок	select	binary		SX0537
9466	Вібратори	12731	Матеріал	select	prom-inval	Силікон | ABS-пластик	SX0537
9466	Вібратори	11988	Кріплення на присоску	select	binary		SX0537
9466	Вібратори	11953	Водонепроникний	select	db-inval	IPX7	SX0537
9466	Вібратори	11367	Телескопічний	select	binary		SX0537
9466	Вібратори	10173	Підігрів	select	binary		SO8742
9466	Вібратори	3369	Призначення	select	prom-inval	для стимуляції грудей	SO8742
9466	Вібратори	3106	Вид	select	none		SO8742
9466	Вібратори	3103	Тип приладу	select	none		SO8742
9466	Вібратори	13037	Конструкція	select	none		SO8742
9466	Вібратори	10210	Керування через застосунок (Smart)	select	binary-hint	smart	SO8742
9466	Вібратори	9977	Кілька насадок	select	binary		SO8742
9466	Вібратори	12731	Матеріал	select	prom-inval	Силікон | ABS-пластик	SO8742
9466	Вібратори	11988	Кріплення на присоску	select	binary		SO8742
9466	Вібратори	11953	Водонепроникний	select	db-inval	IPX7	SO8742
9466	Вібратори	11367	Телескопічний	select	binary		SO8742
9466	Вібратори	10173	Підігрів	select	binary		SO7331
9466	Вібратори	3369	Призначення	select	prom-inval	для стимуляції грудей	SO7331
9466	Вібратори	3106	Вид	select	none		SO7331
9466	Вібратори	3103	Тип приладу	select	none		SO7331
9466	Вібратори	13037	Конструкція	select	none		SO7331
9466	Вібратори	10210	Керування через застосунок (Smart)	select	binary		SO7331
9466	Вібратори	9977	Кілька насадок	select	binary		SO7331
9466	Вібратори	11988	Кріплення на присоску	select	binary		SO7331
9466	Вібратори	11367	Телескопічний	select	binary		SO7331
9616	Аксесуари для страпонів	78	Колір виробника	multiselect	text-many	ash, black, крем	SO8991
7216	Еротична білизна	13949	Стать	select	none		SO7511
7216	Еротична білизна	13948	Тип товару	select	db-inval	бандаж/фіксатор	SO7511
9466	Вібратори	10173	Підігрів	select	binary		SO7034
9466	Вібратори	3369	Призначення	select	prom-inval	для стимуляції вульви	SO7034
9466	Вібратори	3106	Вид	select	none		SO7034
9466	Вібратори	3103	Тип приладу	select	text	вакуумний стимулятор	SO7034
9466	Вібратори	13037	Конструкція	select	none		SO7034
9466	Вібратори	10210	Керування через застосунок (Smart)	select	binary		SO7034
9466	Вібратори	9977	Кілька насадок	select	binary		SO7034
9466	Вібратори	11988	Кріплення на присоску	select	binary		SO7034
9466	Вібратори	11953	Водонепроникний	select	db-inval	IPX6	SO7034
9466	Вібратори	11367	Телескопічний	select	binary		SO7034
9464	Еротичні костюми	12923	Розмір	select	none		SO9845
9466	Вібратори	3369	Призначення	select	none		SO8410
9466	Вібратори	3106	Вид	select	none		SO8410
9466	Вібратори	3103	Тип приладу	select	none		SO8410
9466	Вібратори	13037	Конструкція	select	none		SO8410
9466	Вібратори	10210	Керування через застосунок (Smart)	select	binary		SO8410
9466	Вібратори	9977	Кілька насадок	select	binary		SO8410
9466	Вібратори	11988	Кріплення на присоску	select	binary		SO8410
9466	Вібратори	11953	Водонепроникний	select	db-inval	IPX5	SO8410
9466	Вібратори	11367	Телескопічний	select	binary		SO8410
9458	Фетиш та BDSM	13948	Тип товару	select	db	ляпалка/тоуза	SO8263
9458	Фетиш та BDSM	13948	Тип товару	select	db	наручники	SO8295
9616	Аксесуари для страпонів	78	Колір виробника	multiselect	text-many	ash, red, wine	SO9464
9466	Вібратори	10173	Підігрів	select	binary		SO7323
9466	Вібратори	3369	Призначення	select	prom-inval	для стимуляції вульви	SO7323
9466	Вібратори	3106	Вид	select	none		SO7323
9466	Вібратори	3103	Тип приладу	select	text	вакуумний стимулятор	SO7323
9466	Вібратори	13037	Конструкція	select	none		SO7323
9466	Вібратори	10210	Керування через застосунок (Smart)	select	binary-hint	застосун	SO7323
9466	Вібратори	9977	Кілька насадок	select	binary		SO7323
9466	Вібратори	11988	Кріплення на присоску	select	binary		SO7323
9466	Вібратори	11953	Водонепроникний	select	db-inval	IPX7	SO7323
9466	Вібратори	11367	Телескопічний	select	binary		SO7323
9466	Вібратори	10173	Підігрів	select	binary		SO8102
9466	Вібратори	3369	Призначення	select	prom-inval	для стимуляції грудей	SO8102
9466	Вібратори	3106	Вид	select	none		SO8102
9466	Вібратори	3103	Тип приладу	select	text	звуковий стимулятор	SO8102
9466	Вібратори	13037	Конструкція	select	none		SO8102
9466	Вібратори	10210	Керування через застосунок (Smart)	select	binary		SO8102
9466	Вібратори	9977	Кілька насадок	select	binary		SO8102
9466	Вібратори	12731	Матеріал	select	prom-inval	Силікон | ABS-пластик	SO8102
9466	Вібратори	11988	Кріплення на присоску	select	binary		SO8102
9466	Вібратори	11367	Телескопічний	select	binary		SO8102
9616	Аксесуари для страпонів	78	Колір виробника	multiselect	text-many	ash, крем, тан	SO9001
9466	Вібратори	10173	Підігрів	select	binary		SO7800
9466	Вібратори	3369	Призначення	select	prom-inval	для стимуляції грудей	SO7800
9466	Вібратори	3106	Вид	select	none		SO7800
9466	Вібратори	3103	Тип приладу	select	text	вакуумний стимулятор	SO7800
9466	Вібратори	13037	Конструкція	select	none		SO7800
9466	Вібратори	10210	Керування через застосунок (Smart)	select	binary		SO7800
9466	Вібратори	9977	Кілька насадок	select	binary		SO7800
9466	Вібратори	11988	Кріплення на присоску	select	binary		SO7800
9466	Вібратори	11953	Водонепроникний	select	db-inval	IPX7	SO7800
9466	Вібратори	11367	Телескопічний	select	binary		SO7800
9466	Вібратори	10173	Підігрів	select	binary		SO6988
9466	Вібратори	3369	Призначення	select	prom-inval	для стимуляції грудей	SO6988
9466	Вібратори	3106	Вид	select	none		SO6988
9466	Вібратори	3103	Тип приладу	select	text	вакуумний стимулятор	SO6988
9466	Вібратори	13037	Конструкція	select	none		SO6988
9466	Вібратори	10210	Керування через застосунок (Smart)	select	binary		SO6988
9466	Вібратори	9977	Кілька насадок	select	binary		SO6988
9466	Вібратори	11988	Кріплення на присоску	select	binary		SO6988
9466	Вібратори	11953	Водонепроникний	select	db-inval	IPX7	SO6988
9466	Вібратори	11367	Телескопічний	select	binary		SO6988
9484	Анальні пробки	12731	Матеріал	select	prom-inval	Акрил	SO6306
9636	Пролонгатори	15764	Основа засобу	select	db	водна	SX0658
9636	Пролонгатори	15780	Тип	select	db	гель	SX0658
7216	Еротична білизна	13949	Стать	select	none		SO9420
7216	Еротична білизна	13948	Тип товару	select	db-inval	бандаж/фіксатор	SO9420
7216	Еротична білизна	12923	Розмір	select	none		SO9420
9460	Еротичні приколи та сувеніри	13948	Тип товару	select	db	мило	SO6369
9458	Фетиш та BDSM	12731	Матеріал	select	db	бамбук	SO7010
9458	Фетиш та BDSM	13948	Тип товару	select	db	ляпалка/тоуза	SO7010
9464	Еротичні костюми	12923	Розмір	select	none		SO8673
9480	Фалоімітатори	13039	Вид	select	db	реалістичні	SO8218
9466	Вібратори	10173	Підігрів	select	binary		SO8533
9466	Вібратори	3369	Призначення	select	prom-inval	для стимуляції грудей	SO8533
9466	Вібратори	3106	Вид	select	none		SO8533
9466	Вібратори	3103	Тип приладу	select	none		SO8533
9466	Вібратори	13037	Конструкція	select	none		SO8533
9466	Вібратори	10210	Керування через застосунок (Smart)	select	binary-hint	застосун	SO8533
9466	Вібратори	9977	Кілька насадок	select	binary		SO8533
9466	Вібратори	11988	Кріплення на присоску	select	binary		SO8533
9466	Вібратори	11953	Водонепроникний	select	db-inval	IPX7	SO8533
9466	Вібратори	11367	Телескопічний	select	binary		SO8533
9526	Аксесуари до інтимних іграшок	14746	Тип аксесуара	select	none		SO6228
9526	Аксесуари до інтимних іграшок	14747	Основний матеріал	select	text	tpe	SO6228
9526	Аксесуари до інтимних іграшок	78	Колір виробника	multiselect	text-many	ash, ніч, тілесний	SO6228
9526	Аксесуари до інтимних іграшок	2845	Колір	select	none		SO6228
9466	Вібратори	10173	Підігрів	select	binary		SO8969
9466	Вібратори	3369	Призначення	select	prom-inval	для стимуляції грудей	SO8969
9466	Вібратори	3106	Вид	select	none		SO8969
9466	Вібратори	3103	Тип приладу	select	text	вакуумний стимулятор	SO8969
9466	Вібратори	13037	Конструкція	select	none		SO8969
9466	Вібратори	10210	Керування через застосунок (Smart)	select	binary		SO8969
9466	Вібратори	9977	Кілька насадок	select	binary		SO8969
9466	Вібратори	11988	Кріплення на присоску	select	binary		SO8969
9466	Вібратори	11953	Водонепроникний	select	db-inval	IPX7	SO8969
9466	Вібратори	11367	Телескопічний	select	binary		SO8969
9458	Фетиш та BDSM	12731	Матеріал	select	none		SX0885
9458	Фетиш та BDSM	13948	Тип товару	select	none		SX0885
7216	Еротична білизна	13949	Стать	select	none		SO8160
7216	Еротична білизна	13948	Тип товару	select	prom-inval	наліпки	SO8160
7216	Еротична білизна	12923	Розмір	select	none		SO8160
9620	Аксесуари для мастурбаторів	78	Колір виробника	multiselect	text-many	ash, змінюваний, тис	SO9393
9466	Вібратори	10173	Підігрів	select	binary		SO8070
9466	Вібратори	3369	Призначення	select	prom-inval	для стимуляції вульви	SO8070
9466	Вібратори	3106	Вид	select	none		SO8070
9466	Вібратори	3103	Тип приладу	select	text	звуковий стимулятор	SO8070
9466	Вібратори	13037	Конструкція	select	text	подвійні	SO8070
9466	Вібратори	10210	Керування через застосунок (Smart)	select	binary		SO8070
9466	Вібратори	9977	Кілька насадок	select	binary		SO8070
9466	Вібратори	12731	Матеріал	select	prom-inval	Силікон | ABS-пластик	SO8070
9466	Вібратори	11988	Кріплення на присоску	select	binary		SO8070
9466	Вібратори	11367	Телескопічний	select	binary		SO8070
9466	Вібратори	10173	Підігрів	select	binary		SO6548
9466	Вібратори	3369	Призначення	select	prom-inval	для стимуляції вульви	SO6548
9466	Вібратори	3106	Вид	select	none		SO6548
9466	Вібратори	3103	Тип приладу	select	none		SO6548
9466	Вібратори	13037	Конструкція	select	none		SO6548
9466	Вібратори	10210	Керування через застосунок (Smart)	select	binary		SO6548
9466	Вібратори	9977	Кілька насадок	select	binary		SO6548
9466	Вібратори	12731	Матеріал	select	prom-inval	Силікон, АБС-пластик	SO6548
9466	Вібратори	11988	Кріплення на присоску	select	binary		SO6548
9466	Вібратори	11953	Водонепроникний	select	db-inval	IPX4	SO6548
9466	Вібратори	11367	Телескопічний	select	binary		SO6548
9470	Ерекційні кільця	13037	Конструкція	select	db-inval	з мошонкою	SO9868
9470	Ерекційні кільця	3369	Призначення	select	db-inval	кліторні	SO9868
7216	Еротична білизна	13949	Стать	select	none		SO9630
7216	Еротична білизна	13948	Тип товару	select	prom-inval	портупея/збруя	SO9630
9466	Вібратори	10173	Підігрів	select	binary		SO8071
9466	Вібратори	3369	Призначення	select	prom-inval	для стимуляції вульви	SO8071
9466	Вібратори	3106	Вид	select	none		SO8071
9466	Вібратори	3103	Тип приладу	select	text	звуковий стимулятор	SO8071
9466	Вібратори	13037	Конструкція	select	text	подвійні	SO8071
9466	Вібратори	10210	Керування через застосунок (Smart)	select	binary		SO8071
9466	Вібратори	9977	Кілька насадок	select	binary		SO8071
9466	Вібратори	12731	Матеріал	select	prom-inval	Силікон | ABS-пластик	SO8071
9466	Вібратори	11988	Кріплення на присоску	select	binary		SO8071
9466	Вібратори	11367	Телескопічний	select	binary		SO8071
9466	Вібратори	10173	Підігрів	select	binary		SO6540
9466	Вібратори	3369	Призначення	select	prom-inval	для покращення ерекції	SO6540
9466	Вібратори	3106	Вид	select	none		SO6540
9466	Вібратори	3103	Тип приладу	select	text	вакуумний стимулятор	SO6540
9466	Вібратори	13037	Конструкція	select	none		SO6540
9466	Вібратори	10210	Керування через застосунок (Smart)	select	binary		SO6540
9466	Вібратори	9977	Кілька насадок	select	binary		SO6540
9466	Вібратори	12731	Матеріал	select	prom-inval	Силікон, АБС-пластик	SO6540
9466	Вібратори	11988	Кріплення на присоску	select	binary		SO6540
9466	Вібратори	11953	Водонепроникний	select	db-inval	IPX7	SO6540
9466	Вібратори	11367	Телескопічний	select	binary		SO6540
9616	Аксесуари для страпонів	78	Колір виробника	multiselect	text-many	ash, неро, тан	SO7005
9616	Аксесуари для страпонів	15304	Основний матеріал	select	none		SO7005
9470	Ерекційні кільця	13037	Конструкція	select	prom-inval	односторонні	SO9690
9470	Ерекційні кільця	3369	Призначення	select	prom-inval	кліторні	SO9690
9464	Еротичні костюми	12923	Розмір	select	none		SO8622
7216	Еротична білизна	13949	Стать	select	none		SO7312
7216	Еротична білизна	13948	Тип товару	select	prom-inval	набір	SO7312
7216	Еротична білизна	12731	Матеріал	select	prom-inval	Поліестер, Тканина	SO7312
7216	Еротична білизна	12923	Розмір	select	none		SO7312
9616	Аксесуари для страпонів	78	Колір виробника	multiselect	text-many	100, ash, blue	SO7818
9470	Ерекційні кільця	13037	Конструкція	select	prom-inval	односторонні	SO6281
9470	Ерекційні кільця	3369	Призначення	select	prom-inval	кліторні	SO6281
9616	Аксесуари для страпонів	78	Колір виробника	multiselect	text-many	100, ash, rose	SO7820
9470	Ерекційні кільця	13037	Конструкція	select	prom-inval	односторонні	SO8120
9470	Ерекційні кільця	3369	Призначення	select	prom-inval	кліторні	SO8120
9466	Вібратори	10173	Підігрів	select	binary		SO8752
9466	Вібратори	3369	Призначення	select	prom-inval	для стимуляції вульви	SO8752
9466	Вібратори	3106	Вид	select	none		SO8752
9466	Вібратори	3103	Тип приладу	select	text	вакуумний стимулятор	SO8752
9466	Вібратори	13037	Конструкція	select	none		SO8752
9466	Вібратори	10210	Керування через застосунок (Smart)	select	binary-hint	smart	SO8752
9466	Вібратори	12731	Матеріал	select	prom-inval	Силікон | ABS-пластик	SO8752
9466	Вібратори	11988	Кріплення на присоску	select	binary		SO8752
9466	Вібратори	11953	Водонепроникний	select	db-inval	IPX7	SO8752
9466	Вібратори	11367	Телескопічний	select	binary		SO8752
3142	Піна для ванни	2856	Стать	multiselect	none		SO7847
3142	Піна для ванни	2854	Призначення	multiselect	none		SO7847
3142	Піна для ванни	1098	Об'єм	float	db-num	237	SO7847
3142	Піна для ванни	51	Вид	multiselect	none		SO7847
3142	Піна для ванни	9502	Клас косметики	multiselect	none		SO7847
9466	Вібратори	10173	Підігрів	select	binary		SO8105
9466	Вібратори	3369	Призначення	select	prom-inval	для стимуляції грудей	SO8105
9466	Вібратори	3106	Вид	select	none		SO8105
9466	Вібратори	3103	Тип приладу	select	text	звуковий стимулятор	SO8105
9466	Вібратори	13037	Конструкція	select	none		SO8105
9466	Вібратори	10210	Керування через застосунок (Smart)	select	binary		SO8105
9466	Вібратори	9977	Кілька насадок	select	binary		SO8105
9466	Вібратори	12731	Матеріал	select	prom-inval	Силікон | ABS-пластик	SO8105
9466	Вібратори	11988	Кріплення на присоску	select	binary		SO8105
9466	Вібратори	11367	Телескопічний	select	binary		SO8105
9526	Аксесуари до інтимних іграшок	14746	Тип аксесуара	select	db	зарядний кабель	SO7771
9526	Аксесуари до інтимних іграшок	78	Колір виробника	multiselect	none		SO7771
9526	Аксесуари до інтимних іграшок	2845	Колір	select	none		SO7771
9478	Вагінальні кульки та тренажери	11098	Тип живлення	select	prom-inval	Батарейки	SO7388
7216	Еротична білизна	13949	Стать	select	none		SO9421
7216	Еротична білизна	13948	Тип товару	select	db-inval	бандаж/фіксатор	SO9421
7216	Еротична білизна	12923	Розмір	select	none		SO9421
9628	Засоби для орального сексу	15749	Збуджуючий	select	binary		SX0588
9628	Засоби для орального сексу	15766	Аромат	select	none		SX0588
9628	Засоби для орального сексу	15768	Посилення чутливості	select	binary		SX0588
9628	Засоби для орального сексу	15769	Посилення слиновиділення	select	binary		SX0588
9628	Засоби для орального сексу	15770	Віброефект	select	binary		SX0588
9628	Засоби для орального сексу	15743	Стать	select	none		SX0588
9628	Засоби для орального сексу	15745	Зігріваючий	select	binary		SX0588
9628	Засоби для орального сексу	15750	Зволожуючий	select	binary		SX0588
9628	Засоби для орального сексу	15763	Тип	select	none		SX0588
9628	Засоби для орального сексу	15765	Смак	select	none		SX0588
9628	Засоби для орального сексу	15771	Сумісність з презервативами	select	binary		SX0588
9628	Засоби для орального сексу	15772	Сумісність з секс-іграшками	select	binary		SX0588
9628	Засоби для орального сексу	15774	Тип упаковки	select	none		SX0588
9628	Засоби для орального сексу	15746	Охолоджуючий	select	binary		SX0588
9628	Засоби для орального сексу	15747	Розслаблюючий	select	binary		SX0588
9464	Еротичні костюми	12923	Розмір	select	none		SO6789
9466	Вібратори	10173	Підігрів	select	binary		SO8103
9466	Вібратори	3369	Призначення	select	prom-inval	для стимуляції грудей	SO8103
9466	Вібратори	3106	Вид	select	none		SO8103
9466	Вібратори	3103	Тип приладу	select	text	звуковий стимулятор	SO8103
9466	Вібратори	13037	Конструкція	select	none		SO8103
9466	Вібратори	10210	Керування через застосунок (Smart)	select	binary		SO8103
9466	Вібратори	9977	Кілька насадок	select	binary		SO8103
9466	Вібратори	12731	Матеріал	select	prom-inval	Силікон | ABS-пластик	SO8103
9466	Вібратори	11988	Кріплення на присоску	select	binary		SO8103
9466	Вібратори	11367	Телескопічний	select	binary		SO8103
9466	Вібратори	10173	Підігрів	select	binary		SX0530
9466	Вібратори	3369	Призначення	select	prom-inval	для стимуляції вульви	SX0530
9466	Вібратори	3106	Вид	select	none		SX0530
9466	Вібратори	3103	Тип приладу	select	text	вакуумний стимулятор	SX0530
9466	Вібратори	13037	Конструкція	select	none		SX0530
9466	Вібратори	10210	Керування через застосунок (Smart)	select	binary-hint	smart	SX0530
9466	Вібратори	12731	Матеріал	select	none		SX0530
9466	Вібратори	11988	Кріплення на присоску	select	binary		SX0530
9466	Вібратори	11953	Водонепроникний	select	db-inval	IPX7	SX0530
9466	Вібратори	11367	Телескопічний	select	binary		SX0530
9466	Вібратори	10173	Підігрів	select	binary		SO8741
9466	Вібратори	3369	Призначення	select	prom-inval	для стимуляції грудей	SO8741
9466	Вібратори	3106	Вид	select	none		SO8741
9466	Вібратори	3103	Тип приладу	select	none		SO8741
9466	Вібратори	13037	Конструкція	select	none		SO8741
9466	Вібратори	10210	Керування через застосунок (Smart)	select	binary-hint	smart	SO8741
9466	Вібратори	9977	Кілька насадок	select	binary		SO8741
9466	Вібратори	12731	Матеріал	select	prom-inval	Силікон | ABS-пластик	SO8741
9466	Вібратори	11988	Кріплення на присоску	select	binary		SO8741
9466	Вібратори	11953	Водонепроникний	select	db-inval	IPX7	SO8741
9466	Вібратори	11367	Телескопічний	select	binary		SO8741
9460	Еротичні приколи та сувеніри	13948	Тип товару	select	db	мило	SO6353
9466	Вібратори	10173	Підігрів	select	binary		SO7783
9466	Вібратори	3369	Призначення	select	prom-inval	для стимуляції вульви	SO7783
9466	Вібратори	3106	Вид	select	none		SO7783
9466	Вібратори	3103	Тип приладу	select	text	вакуумний стимулятор	SO7783
9466	Вібратори	13037	Конструкція	select	none		SO7783
9466	Вібратори	10210	Керування через застосунок (Smart)	select	binary		SO7783
9466	Вібратори	9977	Кілька насадок	select	binary		SO7783
9466	Вібратори	11988	Кріплення на присоску	select	binary		SO7783
9466	Вібратори	11953	Водонепроникний	select	db-inval	IPX7	SO7783
9466	Вібратори	11367	Телескопічний	select	binary		SO7783
9526	Аксесуари до інтимних іграшок	78	Колір виробника	multiselect	text-many	ash, purple, айс	SO5562
9616	Аксесуари для страпонів	78	Колір виробника	multiselect	text-many	100, ash, крем	SO9009
9466	Вібратори	10173	Підігрів	select	binary		SO8146
9466	Вібратори	10210	Керування через застосунок (Smart)	select	binary		SO8146
9466	Вібратори	9977	Кілька насадок	select	binary		SO8146
9466	Вібратори	4212	Кількість режимів роботи	select	db	8	SO8146
9466	Вібратори	11988	Кріплення на присоску	select	binary		SO8146
9466	Вібратори	11367	Телескопічний	select	binary		SO8146
9470	Ерекційні кільця	3369	Призначення	select	prom-inval	кліторні	SO8690
9466	Вібратори	10173	Підігрів	select	binary		SO8143
9466	Вібратори	10210	Керування через застосунок (Smart)	select	binary		SO8143
9466	Вібратори	9977	Кілька насадок	select	binary		SO8143
9466	Вібратори	4212	Кількість режимів роботи	select	db	8	SO8143
9466	Вібратори	11988	Кріплення на присоску	select	binary		SO8143
9466	Вібратори	11367	Телескопічний	select	binary		SO8143
9616	Аксесуари для страпонів	78	Колір виробника	multiselect	text-many	100, ash, rose	SO7821
7216	Еротична білизна	13949	Стать	select	none		SO9279
7216	Еротична білизна	13948	Тип товару	select	prom-inval	наліпки	SO9279
7216	Еротична білизна	12731	Матеріал	select	prom-inval	Поліестер	SO9279
7216	Еротична білизна	12923	Розмір	select	none		SO9279
9466	Вібратори	10173	Підігрів	select	binary		SO8775
9466	Вібратори	3369	Призначення	select	prom-inval	для стимуляції вульви	SO8775
9466	Вібратори	3106	Вид	select	none		SO8775
9466	Вібратори	3103	Тип приладу	select	none		SO8775
9466	Вібратори	13037	Конструкція	select	none		SO8775
9466	Вібратори	10210	Керування через застосунок (Smart)	select	binary		SO8775
9466	Вібратори	12731	Матеріал	select	prom-inval	Силікон | ABS-пластик	SO8775
9466	Вібратори	11988	Кріплення на присоску	select	binary		SO8775
9466	Вібратори	11953	Водонепроникний	select	db-inval	IPX7	SO8775
9466	Вібратори	11367	Телескопічний	select	binary		SO8775
7216	Еротична білизна	13949	Стать	select	none		SO7372
7216	Еротична білизна	13948	Тип товару	select	db-inval	бандаж/фіксатор	SO7372
9460	Еротичні приколи та сувеніри	12731	Матеріал	select	prom-inval	ламінований картон	SO6292
9628	Засоби для орального сексу	15766	Аромат	select	db	без аромату	SO4946
9628	Засоби для орального сексу	15743	Стать	select	db	унісекс	SO4946
9628	Засоби для орального сексу	15763	Тип	select	db	гель	SO4946
9628	Засоби для орального сексу	15765	Смак	select	db	без смаку	SO4946
9628	Засоби для орального сексу	15774	Тип упаковки	select	db	пляшка з дозатором	SO4946
9632	Олія для еротичного масажу	15742	Об’єм	select	prom-inval	120	SO6769
9632	Олія для еротичного масажу	15741	Кількість	select	none		SO6769
9620	Аксесуари для мастурбаторів	78	Колір виробника	multiselect	text-many	ash, кава, мос	SO6984
9470	Ерекційні кільця	13037	Конструкція	select	prom-inval	з мошонкою	SO8725
9470	Ерекційні кільця	3369	Призначення	select	prom-inval	кліторні	SO8725
9470	Ерекційні кільця	13037	Конструкція	select	prom-inval	односторонні	SO6729
9470	Ерекційні кільця	3369	Призначення	select	prom-inval	кліторні	SO6729
9472	Мастурбатори	12731	Матеріал	select	prom-inval	Поліуретан	SO7329
7216	Еротична білизна	13949	Стать	select	none		SO7652
7216	Еротична білизна	13948	Тип товару	select	db-inval	бандаж/фіксатор	SO7652
7216	Еротична білизна	12923	Розмір	select	text	2xl	SO7652
5116	Менструальні чаші	12097	Базовий колір	multiselect	none		SO6289
5116	Менструальні чаші	5406	Ароматизовані	select	binary		SO6289
5116	Менструальні чаші	78	Колір виробника	multiselect	none		SO6289
5116	Менструальні чаші	1098	Об'єм	float	db-num	15	SO6289
5116	Менструальні чаші	2847	Кількість в упаковці	float	none		SO6289
5116	Менструальні чаші	5408	Розмір	multiselect	none		SO6289
9472	Мастурбатори	12731	Матеріал	select	prom-inval	Корпус поліетилен	SO6596
9616	Аксесуари для страпонів	78	Колір виробника	multiselect	text-many	ash, heart, red	SO9314
9616	Аксесуари для страпонів	78	Колір виробника	multiselect	text-many	ash, крем, тан	SO8986
9616	Аксесуари для страпонів	78	Колір виробника	multiselect	text-many	ash, black, крем	SO8998
9466	Вібратори	3369	Призначення	select	prom-inval	стимуляція 3 в 1	SO6645
9466	Вібратори	9977	Кілька насадок	select	binary		SO6645
9466	Вібратори	11988	Кріплення на присоску	select	binary		SO6645
9466	Вібратори	11953	Водонепроникний	select	db-inval	IPX4	SO6645
9466	Вібратори	11367	Телескопічний	select	binary		SO6645
9480	Фалоімітатори	13039	Вид	select	db	реалістичні	SO9014
9480	Фалоімітатори	13037	Конструкція	select	prom-inval	одинарні	SO9014
9480	Фалоімітатори	11988	Кріплення на присоску	select	binary		SO9014
9628	Засоби для орального сексу	15766	Аромат	select	prom	м'ятний	SO7832
9628	Засоби для орального сексу	15765	Смак	select	prom-inval	м'ятна жуйка	SO7832
9458	Фетиш та BDSM	13948	Тип товару	select	db	наручники	SO8293
9480	Фалоімітатори	13039	Вид	select	db	реалістичні	SO9015
9480	Фалоімітатори	13037	Конструкція	select	prom-inval	одинарні	SO9015
9480	Фалоімітатори	11988	Кріплення на присоску	select	binary		SO9015
9472	Мастурбатори	12731	Матеріал	select	prom-inval	Поліуретан	SO7042
9616	Аксесуари для страпонів	78	Колір виробника	multiselect	text-many	ash, blue, мос	SO9621
9616	Аксесуари для страпонів	78	Колір виробника	multiselect	text-many	ash, heart, red	SO9315
9466	Вібратори	10173	Підігрів	select	binary		SO7782
9466	Вібратори	3369	Призначення	select	prom-inval	для стимуляції вульви	SO7782
9466	Вібратори	3106	Вид	select	none		SO7782
9466	Вібратори	3103	Тип приладу	select	text	вакуумний стимулятор	SO7782
9466	Вібратори	13037	Конструкція	select	none		SO7782
9466	Вібратори	10210	Керування через застосунок (Smart)	select	binary		SO7782
9466	Вібратори	9977	Кілька насадок	select	binary		SO7782
9466	Вібратори	11988	Кріплення на присоску	select	binary		SO7782
9466	Вібратори	11953	Водонепроникний	select	db-inval	IPX7	SO7782
9466	Вібратори	11367	Телескопічний	select	binary		SO7782
9632	Олія для еротичного масажу	15744	Аромат	select	db	кокос	SO6768
9632	Олія для еротичного масажу	15743	Стать	select	db	унісекс	SO6768
9632	Олія для еротичного масажу	15742	Об’єм	select	db-inval	120	SO6768
9632	Олія для еротичного масажу	15741	Кількість	select	none		SO6768
9480	Фалоімітатори	11953	Водонепроникний	select	db-inval	IPX8	SO6828
9480	Фалоімітатори	13039	Вид	select	none		SO6828
9480	Фалоімітатори	13037	Конструкція	select	none		SO6828
9480	Фалоімітатори	11988	Кріплення на присоску	select	binary		SO6828
9628	Засоби для орального сексу	15766	Аромат	select	db	без аромату	SO7833
9628	Засоби для орального сексу	15743	Стать	select	db	унісекс	SO7833
9628	Засоби для орального сексу	15763	Тип	select	db	гель	SO7833
9628	Засоби для орального сексу	15765	Смак	select	db	персик	SO7833
9628	Засоби для орального сексу	15774	Тип упаковки	select	db	пляшка з дозатором	SO7833
9616	Аксесуари для страпонів	78	Колір виробника	multiselect	text-many	100, ash, red	SO8280
9616	Аксесуари для страпонів	78	Колір виробника	multiselect	text-many	ash, крем, тан	SO8983
9616	Аксесуари для страпонів	78	Колір виробника	multiselect	text-many	ash, крем, тан	SO9006
9466	Вібратори	10173	Підігрів	select	binary		SO8708
9466	Вібратори	3369	Призначення	select	prom-inval	для стимуляції грудей	SO8708
9466	Вібратори	3106	Вид	select	none		SO8708
9466	Вібратори	3103	Тип приладу	select	text	вакуумний стимулятор	SO8708
9466	Вібратори	13037	Конструкція	select	none		SO8708
9466	Вібратори	10210	Керування через застосунок (Smart)	select	binary-hint	смартфон	SO8708
9466	Вібратори	9977	Кілька насадок	select	binary		SO8708
9466	Вібратори	12731	Матеріал	select	none		SO8708
9466	Вібратори	11988	Кріплення на присоску	select	binary		SO8708
9466	Вібратори	11953	Водонепроникний	select	db-inval	IPX7	SO8708
9466	Вібратори	11367	Телескопічний	select	binary		SO8708
9466	Вібратори	10173	Підігрів	select	binary		SO8091
9466	Вібратори	3369	Призначення	select	prom-inval	для стимуляції грудей	SO8091
9466	Вібратори	3106	Вид	select	none		SO8091
9466	Вібратори	3103	Тип приладу	select	text	звуковий стимулятор	SO8091
9466	Вібратори	13037	Конструкція	select	none		SO8091
9466	Вібратори	10210	Керування через застосунок (Smart)	select	binary		SO8091
9466	Вібратори	9977	Кілька насадок	select	binary		SO8091
9466	Вібратори	12731	Матеріал	select	prom-inval	Силікон | ABS-пластик	SO8091
9466	Вібратори	11988	Кріплення на присоску	select	binary		SO8091
9466	Вібратори	11367	Телескопічний	select	binary		SO8091
7216	Еротична білизна	13949	Стать	select	none		SO9177
7216	Еротична білизна	13948	Тип товару	select	prom-inval	наліпки	SO9177
7216	Еротична білизна	12923	Розмір	select	none		SO9177
9484	Анальні пробки	12731	Матеріал	select	prom-inval	сплав алюмінію	SO7808
9464	Еротичні костюми	12923	Розмір	select	none		SO8675
9466	Вібратори	10173	Підігрів	select	binary		SO7798
9466	Вібратори	3369	Призначення	select	prom-inval	для стимуляції грудей	SO7798
9466	Вібратори	3106	Вид	select	none		SO7798
9466	Вібратори	3103	Тип приладу	select	text	вакуумний стимулятор	SO7798
9466	Вібратори	13037	Конструкція	select	none		SO7798
9466	Вібратори	10210	Керування через застосунок (Smart)	select	binary		SO7798
9466	Вібратори	9977	Кілька насадок	select	binary		SO7798
9466	Вібратори	11988	Кріплення на присоску	select	binary		SO7798
9466	Вібратори	11953	Водонепроникний	select	db-inval	IPX7	SO7798
9466	Вібратори	11367	Телескопічний	select	binary		SO7798
9466	Вібратори	10173	Підігрів	select	binary		SO8404
9466	Вібратори	3369	Призначення	select	prom-inval	для стимуляції вульви	SO8404
9466	Вібратори	3106	Вид	select	none		SO8404
9466	Вібратори	3103	Тип приладу	select	none		SO8404
9466	Вібратори	13037	Конструкція	select	none		SO8404
9466	Вібратори	10210	Керування через застосунок (Smart)	select	binary-hint	застосун	SO8404
9466	Вібратори	11988	Кріплення на присоску	select	binary		SO8404
9466	Вібратори	11953	Водонепроникний	select	db-inval	IPX7	SO8404
9466	Вібратори	11367	Телескопічний	select	binary		SO8404
9526	Аксесуари до інтимних іграшок	14746	Тип аксесуара	select	db	зарядний пристрій	SO9994
9526	Аксесуари до інтимних іграшок	78	Колір виробника	multiselect	none		SO9994
9526	Аксесуари до інтимних іграшок	2845	Колір	select	none		SO9994
9620	Аксесуари для мастурбаторів	78	Колір виробника	multiselect	text-many	ash, кава, крем	SO8772
9466	Вібратори	10173	Підігрів	select	binary		SO6287
9466	Вібратори	3369	Призначення	select	prom-inval	для стимуляції вульви	SO6287
9466	Вібратори	3106	Вид	select	none		SO6287
9466	Вібратори	3103	Тип приладу	select	text	вакуумний стимулятор	SO6287
9466	Вібратори	13037	Конструкція	select	none		SO6287
9466	Вібратори	10210	Керування через застосунок (Smart)	select	binary		SO6287
9466	Вібратори	9977	Кілька насадок	select	binary		SO6287
9466	Вібратори	11988	Кріплення на присоску	select	binary		SO6287
9466	Вібратори	11953	Водонепроникний	select	db-inval	IPX7	SO6287
9466	Вібратори	11367	Телескопічний	select	binary		SO6287
9464	Еротичні костюми	12923	Розмір	select	none		SO8513
7216	Еротична білизна	13949	Стать	select	none		SO7370
7216	Еротична білизна	13948	Тип товару	select	db-inval	бандаж/фіксатор	SO7370
9466	Вібратори	10173	Підігрів	select	binary		SO8104
9466	Вібратори	3369	Призначення	select	prom-inval	для стимуляції грудей	SO8104
9466	Вібратори	3106	Вид	select	none		SO8104
9466	Вібратори	3103	Тип приладу	select	text	звуковий стимулятор	SO8104
9466	Вібратори	13037	Конструкція	select	none		SO8104
9466	Вібратори	10210	Керування через застосунок (Smart)	select	binary		SO8104
9466	Вібратори	9977	Кілька насадок	select	binary		SO8104
9466	Вібратори	4212	Кількість режимів роботи	select	db	12	SO8104
9466	Вібратори	12731	Матеріал	select	prom-inval	Силікон | ABS-пластик	SO8104
9466	Вібратори	11988	Кріплення на присоску	select	binary		SO8104
9466	Вібратори	11367	Телескопічний	select	binary		SO8104
9458	Фетиш та BDSM	13948	Тип товару	select	db	повідець	SO8797
9630	Свічки для інтимного масажу	15742	Об’єм	select	none		SO8128
9630	Свічки для інтимного масажу	15741	Кількість	select	none		SO8128
9466	Вібратори	10173	Підігрів	select	binary		SO9616
9466	Вібратори	3369	Призначення	select	prom-inval	для стимуляції вульви	SO9616
9466	Вібратори	3106	Вид	select	none		SO9616
9466	Вібратори	3103	Тип приладу	select	text-many	вакуумний стимулятор, віброяйця	SO9616
9466	Вібратори	13037	Конструкція	select	none		SO9616
9466	Вібратори	10210	Керування через застосунок (Smart)	select	binary		SO9616
9466	Вібратори	9977	Кілька насадок	select	binary		SO9616
9466	Вібратори	4212	Кількість режимів роботи	select	none		SO9616
9466	Вібратори	11988	Кріплення на присоску	select	binary		SO9616
9466	Вібратори	11953	Водонепроникний	select	db-inval	IPX7	SO9616
9466	Вібратори	11367	Телескопічний	select	binary		SO9616
9466	Вібратори	10173	Підігрів	select	binary		SO8072
9466	Вібратори	3369	Призначення	select	prom-inval	для стимуляції вульви	SO8072
9466	Вібратори	3106	Вид	select	none		SO8072
9466	Вібратори	3103	Тип приладу	select	text	звуковий стимулятор	SO8072
9466	Вібратори	13037	Конструкція	select	text	подвійні	SO8072
9466	Вібратори	10210	Керування через застосунок (Smart)	select	binary		SO8072
9466	Вібратори	9977	Кілька насадок	select	binary		SO8072
9466	Вібратори	12731	Матеріал	select	prom-inval	Силікон | ABS-пластик	SO8072
9466	Вібратори	11988	Кріплення на присоску	select	binary		SO8072
9466	Вібратори	11367	Телескопічний	select	binary		SO8072
7216	Еротична білизна	13949	Стать	select	none		SO7690
7216	Еротична білизна	13948	Тип товару	select	db-inval	бандаж/фіксатор	SO7690
7216	Еротична білизна	12923	Розмір	select	none		SO7690
9458	Фетиш та BDSM	12731	Матеріал	select	prom-inval	плюш	SO8498
7216	Еротична білизна	13949	Стать	select	none		SO7854
7216	Еротична білизна	13948	Тип товару	select	db-inval	бандаж/фіксатор	SO7854
7216	Еротична білизна	12923	Розмір	select	none		SO7854
9632	Олія для еротичного масажу	15742	Об’єм	select	db-inval	120	SO6767
9632	Олія для еротичного масажу	15741	Кількість	select	none		SO6767
9466	Вібратори	10173	Підігрів	select	binary		SO7797
9466	Вібратори	3369	Призначення	select	prom-inval	для стимуляції грудей	SO7797
9466	Вібратори	3106	Вид	select	none		SO7797
9466	Вібратори	3103	Тип приладу	select	text	вакуумний стимулятор	SO7797
9466	Вібратори	13037	Конструкція	select	none		SO7797
9466	Вібратори	10210	Керування через застосунок (Smart)	select	binary		SO7797
9466	Вібратори	9977	Кілька насадок	select	binary		SO7797
9466	Вібратори	11988	Кріплення на присоску	select	binary		SO7797
9466	Вібратори	11953	Водонепроникний	select	db-inval	IPX7	SO7797
9466	Вібратори	11367	Телескопічний	select	binary		SO7797
9466	Вібратори	10173	Підігрів	select	binary		SO7799
9466	Вібратори	3369	Призначення	select	prom-inval	для стимуляції грудей	SO7799
9466	Вібратори	3106	Вид	select	none		SO7799
9466	Вібратори	3103	Тип приладу	select	text	вакуумний стимулятор	SO7799
9466	Вібратори	13037	Конструкція	select	none		SO7799
9466	Вібратори	10210	Керування через застосунок (Smart)	select	binary		SO7799
9466	Вібратори	9977	Кілька насадок	select	binary		SO7799
9466	Вібратори	11988	Кріплення на присоску	select	binary		SO7799
9466	Вібратори	11953	Водонепроникний	select	db-inval	IPX7	SO7799
9466	Вібратори	11367	Телескопічний	select	binary		SO7799
9526	Аксесуари до інтимних іграшок	14746	Тип аксесуара	select	db	зарядний кабель	SO9995
9526	Аксесуари до інтимних іграшок	78	Колір виробника	multiselect	none		SO9995
9526	Аксесуари до інтимних іграшок	2845	Колір	select	none		SO9995
9458	Фетиш та BDSM	13948	Тип товару	select	db	батіг/флогер	SO9460
9466	Вібратори	10173	Підігрів	select	binary		SO8715
9466	Вібратори	3369	Призначення	select	prom-inval	для стимуляції грудей	SO8715
9466	Вібратори	3106	Вид	select	none		SO8715
9466	Вібратори	3103	Тип приладу	select	text	вакуумний стимулятор	SO8715
9466	Вібратори	13037	Конструкція	select	none		SO8715
9466	Вібратори	10210	Керування через застосунок (Smart)	select	binary		SO8715
9466	Вібратори	9977	Кілька насадок	select	binary		SO8715
9466	Вібратори	11988	Кріплення на присоску	select	binary		SO8715
9466	Вібратори	11367	Телескопічний	select	binary		SO8715
9466	Вібратори	3369	Призначення	select	prom-inval	стимуляція 3 в 1	SO6644
9466	Вібратори	9977	Кілька насадок	select	binary		SO6644
9466	Вібратори	11988	Кріплення на присоску	select	binary		SO6644
9466	Вібратори	11953	Водонепроникний	select	db-inval	IPX4	SO6644
9466	Вібратори	11367	Телескопічний	select	binary		SO6644
9630	Свічки для інтимного масажу	15742	Об’єм	select	none		SO8127
9630	Свічки для інтимного масажу	15741	Кількість	select	none		SO8127
9620	Аксесуари для мастурбаторів	78	Колір виробника	multiselect	text-many	він, кава, таш	SO9391
9458	Фетиш та BDSM	13948	Тип товару	select	db	стек	SO7278
9466	Вібратори	10173	Підігрів	select	binary		SX0522
9466	Вібратори	3369	Призначення	select	prom-inval	для стимуляції вульви	SX0522
9466	Вібратори	3106	Вид	select	none		SX0522
9466	Вібратори	3103	Тип приладу	select	none		SX0522
9466	Вібратори	13037	Конструкція	select	none		SX0522
9466	Вібратори	10210	Керування через застосунок (Smart)	select	binary-hint	smart	SX0522
9466	Вібратори	9977	Кілька насадок	select	binary		SX0522
9466	Вібратори	12731	Матеріал	select	prom-inval	Силікон | ABS-пластик	SX0522
9466	Вібратори	11988	Кріплення на присоску	select	binary		SX0522
9466	Вібратори	11953	Водонепроникний	select	db-inval	IPX7	SX0522
9466	Вібратори	11367	Телескопічний	select	binary		SX0522
9526	Аксесуари до інтимних іграшок	14746	Тип аксесуара	select	db	зарядний кабель	SO9685
9526	Аксесуари до інтимних іграшок	78	Колір виробника	multiselect	none		SO9685
9526	Аксесуари до інтимних іграшок	2845	Колір	select	db	Чорний	SO9685
9466	Вібратори	10173	Підігрів	select	binary		SO8740
9466	Вібратори	3369	Призначення	select	prom-inval	для стимуляції грудей	SO8740
9466	Вібратори	3106	Вид	select	none		SO8740
9466	Вібратори	3103	Тип приладу	select	none		SO8740
9466	Вібратори	13037	Конструкція	select	none		SO8740
9466	Вібратори	10210	Керування через застосунок (Smart)	select	binary-hint	smart	SO8740
9466	Вібратори	9977	Кілька насадок	select	binary		SO8740
9466	Вібратори	12731	Матеріал	select	prom-inval	Силікон | ABS-пластик	SO8740
9466	Вібратори	11988	Кріплення на присоску	select	binary		SO8740
9466	Вібратори	11953	Водонепроникний	select	db-inval	IPX7	SO8740
9466	Вібратори	11367	Телескопічний	select	binary		SO8740
9474	Насадки на член	13039	Вид	select	db	нереалістичні	SO8871
9470	Ерекційні кільця	13037	Конструкція	select	prom-inval	односторонні	SX0702
9470	Ерекційні кільця	3369	Призначення	select	prom-inval	кліторні	SX0702
9464	Еротичні костюми	12923	Розмір	select	none		SO7687
9526	Аксесуари до інтимних іграшок	78	Колір виробника	multiselect	text-many	black, айс, вайс	SO8899
3142	Піна для ванни	2856	Стать	multiselect	none		SO7850
3142	Піна для ванни	2854	Призначення	multiselect	none		SO7850
3142	Піна для ванни	1098	Об'єм	float	db-num	237	SO7850
3142	Піна для ванни	51	Вид	multiselect	none		SO7850
3142	Піна для ванни	9502	Клас косметики	multiselect	none		SO7850
9460	Еротичні приколи та сувеніри	12731	Матеріал	select	prom-inval	ламінований картон	SO8919
7216	Еротична білизна	13949	Стать	select	none		SO9039
7216	Еротична білизна	13948	Тип товару	select	db-inval	бандаж/фіксатор	SO9039
9620	Аксесуари для мастурбаторів	15300	Основний матеріал	select	none		SO6146
9620	Аксесуари для мастурбаторів	78	Колір виробника	multiselect	text-many	ash, агат, алюміній	SO6146
9466	Вібратори	10173	Підігрів	select	binary		SO6989
9466	Вібратори	3369	Призначення	select	prom-inval	для стимуляції грудей	SO6989
9466	Вібратори	3106	Вид	select	none		SO6989
9466	Вібратори	3103	Тип приладу	select	text	вакуумний стимулятор	SO6989
9466	Вібратори	13037	Конструкція	select	none		SO6989
9466	Вібратори	10210	Керування через застосунок (Smart)	select	binary		SO6989
9466	Вібратори	9977	Кілька насадок	select	binary		SO6989
9466	Вібратори	11988	Кріплення на присоску	select	binary		SO6989
9466	Вібратори	11953	Водонепроникний	select	db-inval	IPX7	SO6989
9466	Вібратори	11367	Телескопічний	select	binary		SO6989
9526	Аксесуари до інтимних іграшок	14746	Тип аксесуара	select	db	пульт керування	SO7852
9526	Аксесуари до інтимних іграшок	78	Колір виробника	multiselect	none		SO7852
9526	Аксесуари до інтимних іграшок	2845	Колір	select	none		SO7852
9628	Засоби для орального сексу	15766	Аромат	select	db	цукрова вата	SO9820
9628	Засоби для орального сексу	15743	Стать	select	db	унісекс	SO9820
9628	Засоби для орального сексу	15763	Тип	select	db	льодяники	SO9820
9628	Засоби для орального сексу	15765	Смак	select	db	цукрова вата	SO9820
9628	Засоби для орального сексу	15774	Тип упаковки	select	db	пляшка з дозатором	SO9820
9466	Вібратори	3369	Призначення	select	prom-inval	стимуляція 3 в 1	SO6646
9466	Вібратори	9977	Кілька насадок	select	binary		SO6646
9466	Вібратори	11988	Кріплення на присоску	select	binary		SO6646
9466	Вібратори	11953	Водонепроникний	select	db-inval	IPX4	SO6646
9466	Вібратори	11367	Телескопічний	select	binary		SO6646
9466	Вібратори	10173	Підігрів	select	binary		SO8401
9466	Вібратори	3369	Призначення	select	prom-inval	для стимуляції вульви	SO8401
9466	Вібратори	3106	Вид	select	none		SO8401
9466	Вібратори	3103	Тип приладу	select	text	вакуумний стимулятор	SO8401
9466	Вібратори	13037	Конструкція	select	none		SO8401
9466	Вібратори	10210	Керування через застосунок (Smart)	select	binary		SO8401
9466	Вібратори	9977	Кілька насадок	select	binary		SO8401
9466	Вібратори	12731	Матеріал	select	none		SO8401
9466	Вібратори	11988	Кріплення на присоску	select	binary		SO8401
9466	Вібратори	11953	Водонепроникний	select	db-inval	IPX7	SO8401
9466	Вібратори	11367	Телескопічний	select	binary		SO8401
9466	Вібратори	10173	Підігрів	select	binary		SO8970
9466	Вібратори	3369	Призначення	select	prom-inval	для стимуляції грудей	SO8970
9466	Вібратори	3106	Вид	select	none		SO8970
9466	Вібратори	3103	Тип приладу	select	text	вакуумний стимулятор	SO8970
9466	Вібратори	13037	Конструкція	select	none		SO8970
9466	Вібратори	10210	Керування через застосунок (Smart)	select	binary		SO8970
9466	Вібратори	9977	Кілька насадок	select	binary		SO8970
9466	Вібратори	11988	Кріплення на присоску	select	binary		SO8970
9466	Вібратори	11953	Водонепроникний	select	db-inval	IPX7	SO8970
9466	Вібратори	11367	Телескопічний	select	binary		SO8970
9616	Аксесуари для страпонів	78	Колір виробника	multiselect	text-many	ash, heart, white	SO9418
9472	Мастурбатори	12731	Матеріал	select	prom-inval	Поліуретан	SO7327
9466	Вібратори	10173	Підігрів	select	binary		SO8777
9466	Вібратори	3369	Призначення	select	prom-inval	для стимуляції вульви	SO8777
9466	Вібратори	3106	Вид	select	none		SO8777
9466	Вібратори	3103	Тип приладу	select	none		SO8777
9466	Вібратори	13037	Конструкція	select	none		SO8777
9466	Вібратори	10210	Керування через застосунок (Smart)	select	binary		SO8777
9466	Вібратори	9977	Кілька насадок	select	binary		SO8777
9466	Вібратори	12731	Матеріал	select	prom-inval	Силікон | ABS-пластик	SO8777
9466	Вібратори	11988	Кріплення на присоску	select	binary		SO8777
9466	Вібратори	11953	Водонепроникний	select	db-inval	IPX7	SO8777
9466	Вібратори	11367	Телескопічний	select	binary		SO8777
9464	Еротичні костюми	12923	Розмір	select	none		SO7688
9616	Аксесуари для страпонів	78	Колір виробника	multiselect	text-many	ash, black, heart	SO9312
9466	Вібратори	10173	Підігрів	select	binary		SO8776
9466	Вібратори	3369	Призначення	select	prom-inval	для стимуляції вульви	SO8776
9466	Вібратори	3106	Вид	select	none		SO8776
9466	Вібратори	3103	Тип приладу	select	none		SO8776
9466	Вібратори	13037	Конструкція	select	none		SO8776
9466	Вібратори	10210	Керування через застосунок (Smart)	select	binary		SO8776
9466	Вібратори	12731	Матеріал	select	prom-inval	Силікон | ABS-пластик	SO8776
9466	Вібратори	11988	Кріплення на присоску	select	binary		SO8776
9466	Вібратори	11953	Водонепроникний	select	db-inval	IPX7	SO8776
9466	Вібратори	11367	Телескопічний	select	binary		SO8776
9458	Фетиш та BDSM	13948	Тип товару	select	db	бандаж/фіксатор	SO8795
9470	Ерекційні кільця	13037	Конструкція	select	prom-inval	з мошонкою	SO8695
9470	Ерекційні кільця	3369	Призначення	select	prom-inval	кліторні	SO8695
9616	Аксесуари для страпонів	78	Колір виробника	multiselect	text-many	ash, black, heart	SO9417
9620	Аксесуари для мастурбаторів	78	Колір виробника	multiselect	text-many	тан, тис	SO7759
9470	Ерекційні кільця	13037	Конструкція	select	prom-inval	односторонні	SO7437
9470	Ерекційні кільця	3369	Призначення	select	prom-inval	кліторні	SO7437
9448	Догляд за секс-іграшками	14036	Дія	select	db	очищення	SO8126
9448	Догляд за секс-іграшками	14024	Тип засобу	select	db	спрей	SO8126
9466	Вібратори	10173	Підігрів	select	binary		SO8403
9466	Вібратори	3369	Призначення	select	prom-inval	для стимуляції вульви	SO8403
9466	Вібратори	3106	Вид	select	none		SO8403
9466	Вібратори	3103	Тип приладу	select	none		SO8403
9466	Вібратори	13037	Конструкція	select	none		SO8403
9466	Вібратори	10210	Керування через застосунок (Smart)	select	binary		SO8403
9466	Вібратори	11988	Кріплення на присоску	select	binary		SO8403
9466	Вібратори	11953	Водонепроникний	select	db-inval	IPX7	SO8403
9466	Вібратори	11367	Телескопічний	select	binary		SO8403
9466	Вібратори	10173	Підігрів	select	binary		SO7802
9466	Вібратори	3369	Призначення	select	prom-inval	для стимуляції грудей	SO7802
9466	Вібратори	3106	Вид	select	none		SO7802
9466	Вібратори	3103	Тип приладу	select	none		SO7802
9466	Вібратори	13037	Конструкція	select	none		SO7802
9466	Вібратори	10210	Керування через застосунок (Smart)	select	binary		SO7802
9466	Вібратори	9977	Кілька насадок	select	binary		SO7802
9466	Вібратори	11988	Кріплення на присоску	select	binary		SO7802
9466	Вібратори	11953	Водонепроникний	select	db-inval	IPX7	SO7802
9466	Вібратори	11367	Телескопічний	select	binary		SO7802
9480	Фалоімітатори	11953	Водонепроникний	select	db-inval	IPX8	SO6826
9480	Фалоімітатори	13039	Вид	select	none		SO6826
9480	Фалоімітатори	13037	Конструкція	select	none		SO6826
9480	Фалоімітатори	11988	Кріплення на присоску	select	binary		SO6826
9464	Еротичні костюми	12923	Розмір	select	none		SO9178
9466	Вібратори	10173	Підігрів	select	binary		SO8748
9466	Вібратори	3369	Призначення	select	prom-inval	для стимуляції вульви	SO8748
9466	Вібратори	3106	Вид	select	none		SO8748
9466	Вібратори	3103	Тип приладу	select	none		SO8748
9466	Вібратори	13037	Конструкція	select	none		SO8748
9466	Вібратори	10210	Керування через застосунок (Smart)	select	binary-hint	smart	SO8748
9466	Вібратори	12731	Матеріал	select	prom-inval	Силікон | ABS-пластик	SO8748
9466	Вібратори	11988	Кріплення на присоску	select	binary		SO8748
9466	Вібратори	11953	Водонепроникний	select	db-inval	IPX7	SO8748
9466	Вібратори	11367	Телескопічний	select	binary		SO8748
9458	Фетиш та BDSM	12731	Матеріал	select	prom-inval	плюш	SO8497
9458	Фетиш та BDSM	13948	Тип товару	select	db	наручники	SO8497
9466	Вібратори	10173	Підігрів	select	binary		SO7774
9466	Вібратори	3369	Призначення	select	prom-inval	для стимуляції вульви	SO7774
9466	Вібратори	3106	Вид	select	none		SO7774
9466	Вібратори	3103	Тип приладу	select	none		SO7774
9466	Вібратори	13037	Конструкція	select	none		SO7774
9466	Вібратори	10210	Керування через застосунок (Smart)	select	binary-hint	застосун	SO7774
9466	Вібратори	11988	Кріплення на присоску	select	binary		SO7774
9466	Вібратори	11953	Водонепроникний	select	db-inval	IPX7	SO7774
9466	Вібратори	11367	Телескопічний	select	binary		SO7774
9628	Засоби для орального сексу	15766	Аромат	select	db	без аромату	SO7834
9628	Засоби для орального сексу	15743	Стать	select	db	унісекс	SO7834
9628	Засоби для орального сексу	15763	Тип	select	db	гель	SO7834
9628	Засоби для орального сексу	15765	Смак	select	db	персик	SO7834
9628	Засоби для орального сексу	15774	Тип упаковки	select	db	пляшка з дозатором	SO7834
9466	Вібратори	10173	Підігрів	select	binary		SO9427
9466	Вібратори	3369	Призначення	select	prom-inval	для стимуляції грудей	SO9427
9466	Вібратори	3106	Вид	select	none		SO9427
9466	Вібратори	3103	Тип приладу	select	text	вакуумний стимулятор	SO9427
9466	Вібратори	13037	Конструкція	select	none		SO9427
9466	Вібратори	10210	Керування через застосунок (Smart)	select	binary		SO9427
9466	Вібратори	12731	Матеріал	select	prom-inval	Силікон, Метал	SO9427
9466	Вібратори	11988	Кріплення на присоску	select	binary		SO9427
9466	Вібратори	11953	Водонепроникний	select	db-inval	IPX6	SO9427
9466	Вібратори	11367	Телескопічний	select	binary		SO9427
9620	Аксесуари для мастурбаторів	78	Колір виробника	multiselect	text-many	ash, мос, неро	SO6587
9466	Вібратори	10173	Підігрів	select	binary		SO6730
9466	Вібратори	3369	Призначення	select	prom-inval	для стимуляції вульви	SO6730
9466	Вібратори	3106	Вид	select	none		SO6730
9466	Вібратори	3103	Тип приладу	select	text	вакуумний стимулятор	SO6730
9466	Вібратори	13037	Конструкція	select	none		SO6730
9466	Вібратори	10210	Керування через застосунок (Smart)	select	binary		SO6730
9466	Вібратори	9977	Кілька насадок	select	binary		SO6730
9466	Вібратори	12731	Матеріал	select	none		SO6730
9466	Вібратори	11988	Кріплення на присоску	select	binary		SO6730
9466	Вібратори	11367	Телескопічний	select	binary		SO6730
9526	Аксесуари до інтимних іграшок	78	Колір виробника	multiselect	text-many	ash, айс, бренді	SX0547
9464	Еротичні костюми	12923	Розмір	select	none		SO7459
9466	Вібратори	10173	Підігрів	select	binary		SO8975
9466	Вібратори	3369	Призначення	select	prom-inval	для покращення ерекції	SO8975
9466	Вібратори	3106	Вид	select	none		SO8975
9466	Вібратори	3103	Тип приладу	select	text	вакуумний стимулятор	SO8975
9466	Вібратори	13037	Конструкція	select	none		SO8975
9466	Вібратори	10210	Керування через застосунок (Smart)	select	binary		SO8975
9466	Вібратори	9977	Кілька насадок	select	binary		SO8975
9466	Вібратори	11988	Кріплення на присоску	select	binary		SO8975
9466	Вібратори	11953	Водонепроникний	select	db-inval	IPX7	SO8975
9466	Вібратори	11367	Телескопічний	select	binary		SO8975
9466	Вібратори	10173	Підігрів	select	binary		SO7322
9466	Вібратори	3369	Призначення	select	prom-inval	для стимуляції вульви	SO7322
9466	Вібратори	3106	Вид	select	none		SO7322
9466	Вібратори	3103	Тип приладу	select	text	вакуумний стимулятор	SO7322
9466	Вібратори	13037	Конструкція	select	none		SO7322
9466	Вібратори	10210	Керування через застосунок (Smart)	select	binary-hint	застосун	SO7322
9466	Вібратори	9977	Кілька насадок	select	binary		SO7322
9466	Вібратори	11988	Кріплення на присоску	select	binary		SO7322
9466	Вібратори	11953	Водонепроникний	select	db-inval	IPX7	SO7322
9466	Вібратори	11367	Телескопічний	select	binary		SO7322
9466	Вібратори	10173	Підігрів	select	binary		SO6987
9466	Вібратори	3369	Призначення	select	prom-inval	для стимуляції грудей	SO6987
9466	Вібратори	3106	Вид	select	none		SO6987
9466	Вібратори	3103	Тип приладу	select	text	вакуумний стимулятор	SO6987
9466	Вібратори	13037	Конструкція	select	none		SO6987
9466	Вібратори	10210	Керування через застосунок (Smart)	select	binary		SO6987
9466	Вібратори	9977	Кілька насадок	select	binary		SO6987
9466	Вібратори	11988	Кріплення на присоску	select	binary		SO6987
9466	Вібратори	11953	Водонепроникний	select	db-inval	IPX7	SO6987
9466	Вібратори	11367	Телескопічний	select	binary		SO6987
9620	Аксесуари для мастурбаторів	15298	Тип аксесуару	select	db	рукав	SO6948
9620	Аксесуари для мастурбаторів	78	Колір виробника	multiselect	none		SO6948
9472	Мастурбатори	12731	Матеріал	select	prom-inval	Поліуретан	SO7046
9466	Вібратори	10173	Підігрів	select	binary		SO8407
9466	Вібратори	3369	Призначення	select	prom-inval	для стимуляції вульви	SO8407
9466	Вібратори	3106	Вид	select	none		SO8407
9466	Вібратори	3103	Тип приладу	select	text	вакуумний стимулятор	SO8407
9466	Вібратори	13037	Конструкція	select	none		SO8407
9466	Вібратори	10210	Керування через застосунок (Smart)	select	binary		SO8407
9466	Вібратори	9977	Кілька насадок	select	binary		SO8407
9466	Вібратори	12731	Матеріал	select	none		SO8407
9466	Вібратори	11988	Кріплення на присоску	select	binary		SO8407
9466	Вібратори	11953	Водонепроникний	select	db-inval	IPX7	SO8407
9466	Вібратори	11367	Телескопічний	select	binary		SO8407
9466	Вібратори	10173	Підігрів	select	binary		SO8971
9466	Вібратори	3369	Призначення	select	prom-inval	для стимуляції вульви	SO8971
9466	Вібратори	3106	Вид	select	none		SO8971
9466	Вібратори	3103	Тип приладу	select	text	вакуумний стимулятор	SO8971
9466	Вібратори	13037	Конструкція	select	none		SO8971
9466	Вібратори	10210	Керування через застосунок (Smart)	select	binary		SO8971
9466	Вібратори	9977	Кілька насадок	select	binary		SO8971
9466	Вібратори	11988	Кріплення на присоску	select	binary		SO8971
9466	Вібратори	11953	Водонепроникний	select	db-inval	IPX7	SO8971
9466	Вібратори	11367	Телескопічний	select	binary		SO8971
9616	Аксесуари для страпонів	78	Колір виробника	multiselect	text-many	103, ash, gold	SO7812
3142	Піна для ванни	2856	Стать	multiselect	none		SO7851
3142	Піна для ванни	2854	Призначення	multiselect	none		SO7851
3142	Піна для ванни	1098	Об'єм	float	db-num	237	SO7851
3142	Піна для ванни	51	Вид	multiselect	none		SO7851
3142	Піна для ванни	9502	Клас косметики	multiselect	none		SO7851
9466	Вібратори	10173	Підігрів	select	binary		SO8107
9466	Вібратори	3369	Призначення	select	prom-inval	для стимуляції вульви	SO8107
9466	Вібратори	3106	Вид	select	none		SO8107
9466	Вібратори	3103	Тип приладу	select	text	звуковий стимулятор	SO8107
9466	Вібратори	13037	Конструкція	select	none		SO8107
9466	Вібратори	10210	Керування через застосунок (Smart)	select	binary		SO8107
9466	Вібратори	9977	Кілька насадок	select	binary		SO8107
9466	Вібратори	12731	Матеріал	select	prom-inval	Силікон | ABS-пластик	SO8107
9466	Вібратори	11988	Кріплення на присоску	select	binary		SO8107
9466	Вібратори	11367	Телескопічний	select	binary		SO8107
9464	Еротичні костюми	12923	Розмір	select	none		SO7484
9466	Вібратори	3369	Призначення	select	prom-inval	для стимуляції вульви	SO8712
9466	Вібратори	3106	Вид	select	none		SO8712
9466	Вібратори	3103	Тип приладу	select	text-many	вакуумний стимулятор, віброяйця	SO8712
9466	Вібратори	13037	Конструкція	select	none		SO8712
9466	Вібратори	10210	Керування через застосунок (Smart)	select	binary		SO8712
9466	Вібратори	9977	Кілька насадок	select	binary		SO8712
9466	Вібратори	12731	Матеріал	select	prom-inval	Силікон | ABS-пластик	SO8712
9466	Вібратори	11988	Кріплення на присоску	select	binary		SO8712
9466	Вібратори	11953	Водонепроникний	select	db-inval	IPX7	SO8712
9466	Вібратори	11367	Телескопічний	select	binary		SO8712
7216	Еротична білизна	13949	Стать	select	none		SO8629
7216	Еротична білизна	13948	Тип товару	select	prom-inval	наліпки	SO8629
7216	Еротична білизна	12923	Розмір	select	none		SO8629
9464	Еротичні костюми	12923	Розмір	select	none		SO6788
9526	Аксесуари до інтимних іграшок	14746	Тип аксесуара	select	prom	зарядний кабель	SO7792
9526	Аксесуари до інтимних іграшок	78	Колір виробника	multiselect	text-many	ash, black, диня	SO7792
9526	Аксесуари до інтимних іграшок	2845	Колір	select	prom	Чорний	SO7792
9484	Анальні пробки	13948	Тип товару	select	db	анальний душ	SO9019
9484	Анальні пробки	11098	Тип живлення	select	prom-inval	Батарейки	SO9019
9470	Ерекційні кільця	9698	Текстура поверхні	select	db	гладка	SO8864
9470	Ерекційні кільця	13037	Конструкція	select	db	одинарні	SO8864
9470	Ерекційні кільця	3369	Призначення	select	db	підтримка ерекції	SO8864
9470	Ерекційні кільця	9695	Тип	select	db	кільце	SO8864
7216	Еротична білизна	13949	Стать	select	none		SO7657
7216	Еротична білизна	13948	Тип товару	select	db-inval	бандаж/фіксатор	SO7657
9464	Еротичні костюми	12923	Розмір	select	none		SO7458
9616	Аксесуари для страпонів	78	Колір виробника	multiselect	text-many	ash, heart, лак	SO9313
9616	Аксесуари для страпонів	78	Колір виробника	multiselect	text-many	ash, крем, тан	SO9004
9466	Вібратори	10173	Підігрів	select	binary		SO8973
9466	Вібратори	3369	Призначення	select	prom-inval	для покращення ерекції	SO8973
9466	Вібратори	3106	Вид	select	none		SO8973
9466	Вібратори	3103	Тип приладу	select	text	вакуумний стимулятор	SO8973
9466	Вібратори	13037	Конструкція	select	none		SO8973
9466	Вібратори	10210	Керування через застосунок (Smart)	select	binary		SO8973
9466	Вібратори	9977	Кілька насадок	select	binary		SO8973
9466	Вібратори	11988	Кріплення на присоску	select	binary		SO8973
9466	Вібратори	11953	Водонепроникний	select	db-inval	IPX7	SO8973
9466	Вібратори	11367	Телескопічний	select	binary		SO8973
9470	Ерекційні кільця	13037	Конструкція	select	prom-inval	односторонні	SO7440
9470	Ерекційні кільця	3369	Призначення	select	prom-inval	кліторні	SO7440
7216	Еротична білизна	13949	Стать	select	none		SO8300
7216	Еротична білизна	13948	Тип товару	select	db-inval	бандаж/фіксатор	SO8300
9526	Аксесуари до інтимних іграшок	14746	Тип аксесуара	select	db	зарядний кабель	SO8123
9526	Аксесуари до інтимних іграшок	78	Колір виробника	multiselect	none		SO8123
9526	Аксесуари до інтимних іграшок	2845	Колір	select	none		SO8123
7216	Еротична білизна	13949	Стать	select	none		SO7932
7216	Еротична білизна	13948	Тип товару	select	db-inval	бандаж/фіксатор	SO7932
7216	Еротична білизна	12923	Розмір	select	prom-inval	OS	SO7932
9616	Аксесуари для страпонів	78	Колір виробника	multiselect	text-many	ash, black, крем	SO9002
9632	Олія для еротичного масажу	15742	Об’єм	select	prom-inval	100	SO9343
9632	Олія для еротичного масажу	15741	Кількість	select	none		SO9343
9466	Вібратори	10173	Підігрів	select	binary		SO7795
9466	Вібратори	3369	Призначення	select	prom-inval	для стимуляції грудей	SO7795
9466	Вібратори	3106	Вид	select	none		SO7795
9466	Вібратори	3103	Тип приладу	select	text	вакуумний стимулятор	SO7795
9466	Вібратори	13037	Конструкція	select	none		SO7795
9466	Вібратори	10210	Керування через застосунок (Smart)	select	binary		SO7795
9466	Вібратори	9977	Кілька насадок	select	binary		SO7795
9466	Вібратори	11988	Кріплення на присоску	select	binary		SO7795
9466	Вібратори	11953	Водонепроникний	select	db-inval	IPX7	SO7795
9466	Вібратори	11367	Телескопічний	select	binary		SO7795
7216	Еротична білизна	13949	Стать	select	none		SO7760
7216	Еротична білизна	13948	Тип товару	select	db-inval	бандаж/фіксатор	SO7760
9466	Вібратори	10173	Підігрів	select	binary		SO8713
9466	Вібратори	3369	Призначення	select	prom-inval	для стимуляції вульви	SO8713
9466	Вібратори	3106	Вид	select	none		SO8713
9466	Вібратори	3103	Тип приладу	select	text	вакуумний стимулятор	SO8713
9466	Вібратори	13037	Конструкція	select	none		SO8713
9466	Вібратори	10210	Керування через застосунок (Smart)	select	binary		SO8713
9466	Вібратори	9977	Кілька насадок	select	binary		SO8713
9466	Вібратори	11988	Кріплення на присоску	select	binary		SO8713
9466	Вібратори	11953	Водонепроникний	select	db-inval	IPX7	SO8713
9466	Вібратори	11367	Телескопічний	select	binary		SO8713
9470	Ерекційні кільця	13037	Конструкція	select	prom-inval	односторонні	SO7439
9470	Ерекційні кільця	3369	Призначення	select	prom-inval	кліторні	SO7439
7216	Еротична білизна	13949	Стать	select	none		SO7506
7216	Еротична білизна	13948	Тип товару	select	db-inval	бандаж/фіксатор	SO7506
7216	Еротична білизна	12923	Розмір	select	text	2xl	SO7506
9636	Пролонгатори	15764	Основа засобу	select	db	водна	SO8878
9636	Пролонгатори	15780	Тип	select	db	крем	SO8878
7216	Еротична білизна	13949	Стать	select	none		SO9422
7216	Еротична білизна	13948	Тип товару	select	db-inval	бандаж/фіксатор	SO9422
7216	Еротична білизна	12923	Розмір	select	none		SO9422
9464	Еротичні костюми	12923	Розмір	select	none		SO8512
9460	Еротичні приколи та сувеніри	13948	Тип товару	select	db	мило	SO6356
9458	Фетиш та BDSM	12731	Матеріал	select	prom-inval	цинковий сплав	SO9534
9466	Вібратори	10173	Підігрів	select	binary		SO6716
9466	Вібратори	3369	Призначення	select	prom-inval	для стимуляції грудей	SO6716
9466	Вібратори	3106	Вид	select	none		SO6716
9466	Вібратори	3103	Тип приладу	select	none		SO6716
9466	Вібратори	13037	Конструкція	select	none		SO6716
9466	Вібратори	10210	Керування через застосунок (Smart)	select	binary-hint	застосун	SO6716
9466	Вібратори	9977	Кілька насадок	select	binary		SO6716
9466	Вібратори	11988	Кріплення на присоску	select	binary		SO6716
9466	Вібратори	11953	Водонепроникний	select	db-inval	IPX7	SO6716
9466	Вібратори	11367	Телескопічний	select	binary		SO6716
9466	Вібратори	10173	Підігрів	select	binary		SO8905
9466	Вібратори	3369	Призначення	select	prom-inval	для стимуляції вульви	SO8905
9466	Вібратори	3106	Вид	select	none		SO8905
9466	Вібратори	3103	Тип приладу	select	text	вакуумний стимулятор	SO8905
9466	Вібратори	13037	Конструкція	select	none		SO8905
9466	Вібратори	10210	Керування через застосунок (Smart)	select	binary		SO8905
9466	Вібратори	9977	Кілька насадок	select	binary		SO8905
9466	Вібратори	12731	Матеріал	select	prom-inval	Силікон, АБС-пластик	SO8905
9466	Вібратори	11988	Кріплення на присоску	select	binary		SO8905
9466	Вібратори	11953	Водонепроникний	select	db-inval	IPX6	SO8905
9466	Вібратори	11367	Телескопічний	select	binary		SO8905
9458	Фетиш та BDSM	12731	Матеріал	select	prom-inval	цинковий сплав	SO9518
3144	Засоби для інтимної гігієни	51	Вид	multiselect	none		SO8880
3144	Засоби для інтимної гігієни	1098	Об'єм	float	db-num	150	SO8880
3144	Засоби для інтимної гігієни	2907	Аромат	text	none		SO8880
3144	Засоби для інтимної гігієни	3002	Форма випуску	multiselect	none		SO8880
9466	Вібратори	10173	Підігрів	select	binary		SO7796
9466	Вібратори	3369	Призначення	select	prom-inval	для стимуляції грудей	SO7796
9466	Вібратори	3106	Вид	select	none		SO7796
9466	Вібратори	3103	Тип приладу	select	text	вакуумний стимулятор	SO7796
9466	Вібратори	13037	Конструкція	select	none		SO7796
9466	Вібратори	10210	Керування через застосунок (Smart)	select	binary		SO7796
9466	Вібратори	9977	Кілька насадок	select	binary		SO7796
9466	Вібратори	11988	Кріплення на присоску	select	binary		SO7796
9466	Вібратори	11953	Водонепроникний	select	db-inval	IPX7	SO7796
9466	Вібратори	11367	Телескопічний	select	binary		SO7796
7216	Еротична білизна	13949	Стать	select	text	для чоловіків	SO9654
7216	Еротична білизна	13948	Тип товару	select	db-inval	бандаж/фіксатор	SO9654
9472	Мастурбатори	3106	Вид	select	db	нереалістичні	SO7673
9628	Засоби для орального сексу	15766	Аромат	select	db	ягідний	SX0662
9628	Засоби для орального сексу	15743	Стать	select	db	унісекс	SX0662
9628	Засоби для орального сексу	15763	Тип	select	db	олія	SX0662
9628	Засоби для орального сексу	15765	Смак	select	db	без смаку	SX0662
9628	Засоби для орального сексу	15774	Тип упаковки	select	db	пляшка з дозатором	SX0662
9616	Аксесуари для страпонів	78	Колір виробника	multiselect	text-many	ash, black, крем	SO8996
9464	Еротичні костюми	12923	Розмір	select	none		SO5987
7216	Еротична білизна	13949	Стать	select	none		SO7369
7216	Еротична білизна	13948	Тип товару	select	db-inval	бандаж/фіксатор	SO7369
9480	Фалоімітатори	13039	Вид	select	db	реалістичні	SO9017
9480	Фалоімітатори	13037	Конструкція	select	prom-inval	одинарні	SO9017
9480	Фалоімітатори	11988	Кріплення на присоску	select	binary		SO9017
9526	Аксесуари до інтимних іграшок	14746	Тип аксесуара	select	text	насадка	SO6815
9526	Аксесуари до інтимних іграшок	14747	Основний матеріал	select	none		SO6815
9526	Аксесуари до інтимних іграшок	78	Колір виробника	multiselect	text-many	100, ash, крем	SO6815
9526	Аксесуари до інтимних іграшок	2845	Колір	select	none		SO6815
9616	Аксесуари для страпонів	78	Колір виробника	multiselect	text-many	ash, heart, red	SO9419
9632	Олія для еротичного масажу	15744	Аромат	select	db	без аромату	SO7822
9632	Олія для еротичного масажу	15743	Стать	select	db	унісекс	SO7822
9632	Олія для еротичного масажу	15742	Об’єм	select	db-inval	240	SO7822
9632	Олія для еротичного масажу	15741	Кількість	select	none		SO7822
9466	Вібратори	10173	Підігрів	select	binary		SO8714
9466	Вібратори	3369	Призначення	select	prom-inval	для стимуляції вульви	SO8714
9466	Вібратори	3106	Вид	select	none		SO8714
9466	Вібратори	3103	Тип приладу	select	text	вакуумний стимулятор	SO8714
9466	Вібратори	13037	Конструкція	select	none		SO8714
9466	Вібратори	10210	Керування через застосунок (Smart)	select	binary-hint	застосун	SO8714
9466	Вібратори	9977	Кілька насадок	select	binary		SO8714
9466	Вібратори	11988	Кріплення на присоску	select	binary		SO8714
9466	Вібратори	11953	Водонепроникний	select	db-inval	IPX7	SO8714
9466	Вібратори	11367	Телескопічний	select	binary		SO8714
9616	Аксесуари для страпонів	78	Колір виробника	multiselect	text-many	ash, крем, тан	SO8988
9616	Аксесуари для страпонів	78	Колір виробника	multiselect	text-many	ash, black, крем	SO8982
3142	Піна для ванни	2856	Стать	multiselect	none		SO7848
3142	Піна для ванни	2854	Призначення	multiselect	none		SO7848
3142	Піна для ванни	1098	Об'єм	float	db-num	237	SO7848
3142	Піна для ванни	51	Вид	multiselect	none		SO7848
3142	Піна для ванни	9502	Клас косметики	multiselect	none		SO7848
9578	Меблі для сексу	15733	Нековзкі ніжки	select	binary		SO8286
9578	Меблі для сексу	15723	Вібрація	select	binary		SO8286
9578	Меблі для сексу	762	Вага	float	none		SO8286
9578	Меблі для сексу	2470	Довжина	float	none		SO8286
9578	Меблі для сексу	15720	Основний матеріал	select	none		SO8286
9578	Меблі для сексу	15719	Тип	select	none		SO8286
9578	Меблі для сексу	15729	Дзеркальні елементи	select	binary		SO8286
9578	Меблі для сексу	15728	Ремені для фіксації	select	binary		SO8286
9578	Меблі для сексу	15724	Підігрів	select	binary		SO8286
9578	Меблі для сексу	15732	Сумісність з аксесуарами	select	binary		SO8286
9578	Меблі для сексу	15731	Складана конструкція	select	binary		SO8286
9578	Меблі для сексу	15730	Колеса для переміщення	select	binary		SO8286
9578	Меблі для сексу	111	Ширина	float	none		SO8286
9578	Меблі для сексу	110	Висота	float	none		SO8286
9466	Вібратори	10173	Підігрів	select	binary		SO8073
9466	Вібратори	3369	Призначення	select	prom-inval	для стимуляції вульви	SO8073
9466	Вібратори	3106	Вид	select	none		SO8073
9466	Вібратори	3103	Тип приладу	select	text	звуковий стимулятор	SO8073
9466	Вібратори	13037	Конструкція	select	text	подвійні	SO8073
9466	Вібратори	10210	Керування через застосунок (Smart)	select	binary		SO8073
9466	Вібратори	9977	Кілька насадок	select	binary		SO8073
9466	Вібратори	12731	Матеріал	select	prom-inval	Силікон | ABS-пластик	SO8073
9466	Вібратори	11988	Кріплення на присоску	select	binary		SO8073
9466	Вібратори	11367	Телескопічний	select	binary		SO8073
9466	Вібратори	10173	Підігрів	select	binary		SO8108
9466	Вібратори	3369	Призначення	select	prom-inval	для стимуляції вульви	SO8108
9466	Вібратори	3106	Вид	select	none		SO8108
9466	Вібратори	3103	Тип приладу	select	text	звуковий стимулятор	SO8108
9466	Вібратори	13037	Конструкція	select	none		SO8108
9466	Вібратори	10210	Керування через застосунок (Smart)	select	binary		SO8108
9466	Вібратори	9977	Кілька насадок	select	binary		SO8108
9466	Вібратори	12731	Матеріал	select	prom-inval	Силікон, АБС-пластик, Метал	SO8108
9466	Вібратори	11988	Кріплення на присоску	select	binary		SO8108
9466	Вібратори	11367	Телескопічний	select	binary		SO8108
9466	Вібратори	10173	Підігрів	select	binary		SO8758
9466	Вібратори	3369	Призначення	select	prom-inval	для стимуляції вульви	SO8758
9466	Вібратори	3106	Вид	select	none		SO8758
9466	Вібратори	3103	Тип приладу	select	none		SO8758
9466	Вібратори	13037	Конструкція	select	none		SO8758
9466	Вібратори	10210	Керування через застосунок (Smart)	select	binary-hint	smart	SO8758
9466	Вібратори	12731	Матеріал	select	prom-inval	Силікон | ABS-пластик	SO8758
9466	Вібратори	11988	Кріплення на присоску	select	binary		SO8758
9466	Вібратори	11953	Водонепроникний	select	db-inval	IPX7	SO8758
9466	Вібратори	11367	Телескопічний	select	binary		SO8758
9616	Аксесуари для страпонів	78	Колір виробника	multiselect	text-many	100, ash, крем	SO9010
9616	Аксесуари для страпонів	78	Колір виробника	multiselect	text-many	ash, black, крем	SO9003
9470	Ерекційні кільця	13037	Конструкція	select	prom-inval	односторонні	SO7438
9470	Ерекційні кільця	3369	Призначення	select	prom-inval	кліторні	SO7438
9632	Олія для еротичного масажу	15744	Аромат	select	db	кокос	SO9832
9632	Олія для еротичного масажу	15743	Стать	select	db	для чоловіків	SO9832
9632	Олія для еротичного масажу	15742	Об’єм	select	db-inval	59	SO9832
9632	Олія для еротичного масажу	15741	Кількість	select	none		SO9832
9526	Аксесуари до інтимних іграшок	78	Колір виробника	multiselect	text-many	ink, pink, айс	SO8900
9458	Фетиш та BDSM	12731	Матеріал	select	prom-inval	цинковий сплав	SO9516
9464	Еротичні костюми	12923	Розмір	select	none		SO8674
9466	Вібратори	3369	Призначення	select	prom-inval	для покращення ерекції	SO8717
9466	Вібратори	3106	Вид	select	none		SO8717
9466	Вібратори	3103	Тип приладу	select	none		SO8717
9466	Вібратори	13037	Конструкція	select	none		SO8717
9466	Вібратори	10210	Керування через застосунок (Smart)	select	binary		SO8717
9466	Вібратори	9977	Кілька насадок	select	binary		SO8717
9466	Вібратори	4212	Кількість режимів роботи	select	none		SO8717
9466	Вібратори	12731	Матеріал	select	none		SO8717
9466	Вібратори	11988	Кріплення на присоску	select	binary		SO8717
9466	Вібратори	11953	Водонепроникний	select	binary		SO8717
9466	Вібратори	11367	Телескопічний	select	binary		SO8717
7216	Еротична білизна	13949	Стать	select	none		SO9416
7216	Еротична білизна	13948	Тип товару	select	db-inval	бандаж/фіксатор	SO9416
7216	Еротична білизна	12923	Розмір	select	none		SO9416
9616	Аксесуари для страпонів	78	Колір виробника	multiselect	text-many	ash, black, крем	SO9007
9630	Свічки для інтимного масажу	15742	Об’єм	select	none		SO7825
9630	Свічки для інтимного масажу	15741	Кількість	select	none		SO7825
9630	Свічки для інтимного масажу	15761	Час горіння	select	db	до 3 годин	SO7825
9630	Свічки для інтимного масажу	15762	Тип воску	select	db	кокосовий	SO7825
9630	Свічки для інтимного масажу	15744	Аромат	select	db	троянда	SO7825
9630	Свічки для інтимного масажу	15743	Стать	select	db	унісекс	SO7825
9484	Анальні пробки	12731	Матеріал	select	prom-inval	сплав алюмінію	SO7809
9620	Аксесуари для мастурбаторів	78	Колір виробника	multiselect	text-many	ash, він, кава	SO9789
9466	Вібратори	10173	Підігрів	select	binary		SO9619
9466	Вібратори	3369	Призначення	select	prom-inval	для стимуляції вульви	SO9619
9466	Вібратори	3106	Вид	select	none		SO9619
9466	Вібратори	3103	Тип приладу	select	none		SO9619
9466	Вібратори	13037	Конструкція	select	none		SO9619
9466	Вібратори	10210	Керування через застосунок (Smart)	select	binary		SO9619
9466	Вібратори	9977	Кілька насадок	select	binary		SO9619
9466	Вібратори	4212	Кількість режимів роботи	select	none		SO9619
9466	Вібратори	11988	Кріплення на присоску	select	binary		SO9619
9466	Вібратори	11953	Водонепроникний	select	db-inval	IPX7	SO9619
9466	Вібратори	11367	Телескопічний	select	binary		SO9619
9472	Мастурбатори	3106	Вид	select	db	нереалістичні	SO8834
9628	Засоби для орального сексу	15766	Аромат	select	db	ягідний	SO9821
9628	Засоби для орального сексу	15743	Стать	select	db	унісекс	SO9821
9628	Засоби для орального сексу	15763	Тип	select	db	льодяники	SO9821
9628	Засоби для орального сексу	15765	Смак	select	db	полуниця	SO9821
9628	Засоби для орального сексу	15774	Тип упаковки	select	db	пляшка з дозатором	SO9821
9466	Вібратори	10173	Підігрів	select	binary		SO9400
9466	Вібратори	3369	Призначення	select	prom-inval	для стимуляції грудей	SO9400
9466	Вібратори	3106	Вид	select	none		SO9400
9466	Вібратори	3103	Тип приладу	select	text	вакуумний стимулятор	SO9400
9466	Вібратори	13037	Конструкція	select	none		SO9400
9466	Вібратори	10210	Керування через застосунок (Smart)	select	binary		SO9400
9466	Вібратори	12731	Матеріал	select	prom-inval	Силікон, Метал	SO9400
9466	Вібратори	11988	Кріплення на присоску	select	binary		SO9400
9466	Вібратори	11953	Водонепроникний	select	db-inval	IPX6	SO9400
9466	Вібратори	11367	Телескопічний	select	binary		SO9400
9526	Аксесуари до інтимних іграшок	14746	Тип аксесуара	select	prom	зарядний пристрій	SX1008
9526	Аксесуари до інтимних іграшок	78	Колір виробника	multiselect	text-many	ash, айс, вайс	SX1008
9526	Аксесуари до інтимних іграшок	2845	Колір	select	text-many	червоний, чорний	SX1008
9464	Еротичні костюми	12923	Розмір	select	none		SX1186
9466	Вібратори	10173	Підігрів	select	binary		SO8688
9466	Вібратори	3369	Призначення	select	prom-inval	для стимуляції вульви	SO8688
9466	Вібратори	3106	Вид	select	none		SO8688
9466	Вібратори	3103	Тип приладу	select	text	звуковий стимулятор	SO8688
9466	Вібратори	13037	Конструкція	select	none		SO8688
9466	Вібратори	10210	Керування через застосунок (Smart)	select	binary		SO8688
9466	Вібратори	9977	Кілька насадок	select	binary		SO8688
9466	Вібратори	12731	Матеріал	select	prom-inval	Силікон | ABS-пластик	SO8688
9466	Вібратори	11988	Кріплення на присоску	select	binary		SO8688
9466	Вібратори	11367	Телескопічний	select	binary		SO8688
9526	Аксесуари до інтимних іграшок	14746	Тип аксесуара	select	db	зарядний кабель	SO9683
9526	Аксесуари до інтимних іграшок	78	Колір виробника	multiselect	none		SO9683
9526	Аксесуари до інтимних іграшок	2845	Колір	select	none		SO9683
9628	Засоби для орального сексу	15766	Аромат	select	db	ягідний	SX1257
9628	Засоби для орального сексу	15743	Стать	select	db	унісекс	SX1257
9628	Засоби для орального сексу	15763	Тип	select	db	гель	SX1257
9628	Засоби для орального сексу	15765	Смак	select	db	полуниця	SX1257
9628	Засоби для орального сексу	15774	Тип упаковки	select	db	пляшка з дозатором	SX1257
9628	Засоби для орального сексу	15766	Аромат	select	db	без аромату	SX1264
9628	Засоби для орального сексу	15743	Стать	select	db	унісекс	SX1264
9628	Засоби для орального сексу	15763	Тип	select	db	гель	SX1264
9628	Засоби для орального сексу	15765	Смак	select	db	без смаку	SX1264
9628	Засоби для орального сексу	15774	Тип упаковки	select	db	пляшка з дозатором	SX1264
9466	Вібратори	10173	Підігрів	select	binary		SO8716
9466	Вібратори	3369	Призначення	select	prom-inval	для стимуляції грудей	SO8716
9466	Вібратори	3106	Вид	select	none		SO8716
9466	Вібратори	3103	Тип приладу	select	text	вакуумний стимулятор	SO8716
9466	Вібратори	13037	Конструкція	select	none		SO8716
9466	Вібратори	10210	Керування через застосунок (Smart)	select	binary		SO8716
9466	Вібратори	9977	Кілька насадок	select	binary		SO8716
9466	Вібратори	11988	Кріплення на присоску	select	binary		SO8716
9466	Вібратори	11367	Телескопічний	select	binary		SO8716
9616	Аксесуари для страпонів	78	Колір виробника	multiselect	text-many	ash, blue, крем	SO8999
9466	Вібратори	10173	Підігрів	select	binary		SO9429
9466	Вібратори	3369	Призначення	select	prom-inval	для стимуляції грудей	SO9429
9466	Вібратори	3106	Вид	select	none		SO9429
9466	Вібратори	3103	Тип приладу	select	text-many	вакуумний стимулятор, віброяйця	SO9429
9466	Вібратори	13037	Конструкція	select	none		SO9429
9466	Вібратори	10210	Керування через застосунок (Smart)	select	binary		SO9429
9466	Вібратори	9977	Кілька насадок	select	binary		SO9429
9466	Вібратори	11988	Кріплення на присоску	select	binary		SO9429
9466	Вібратори	11953	Водонепроникний	select	db-inval	IPX6	SO9429
9466	Вібратори	11367	Телескопічний	select	binary		SO9429
9616	Аксесуари для страпонів	78	Колір виробника	multiselect	text-many	ash, blue, крем	SO8992
9470	Ерекційні кільця	12731	Матеріал	select	prom-inval	Метал	SO8799
9470	Ерекційні кільця	3369	Призначення	select	prom-inval	кліторні	SO8724
9466	Вібратори	10173	Підігрів	select	binary		SO9430
9466	Вібратори	3369	Призначення	select	prom-inval	для стимуляції грудей	SO9430
9466	Вібратори	3106	Вид	select	none		SO9430
9466	Вібратори	3103	Тип приладу	select	text-many	вакуумний стимулятор, віброяйця	SO9430
9466	Вібратори	13037	Конструкція	select	none		SO9430
9466	Вібратори	10210	Керування через застосунок (Smart)	select	binary		SO9430
9466	Вібратори	9977	Кілька насадок	select	binary		SO9430
9466	Вібратори	11988	Кріплення на присоску	select	binary		SO9430
9466	Вібратори	11953	Водонепроникний	select	db-inval	IPX6	SO9430
9466	Вібратори	11367	Телескопічний	select	binary		SO9430
9480	Фалоімітатори	11953	Водонепроникний	select	db-inval	IPX7	SO7383
9480	Фалоімітатори	11579	Вібрація	select	binary-hint	вібрац	SO7383
9480	Фалоімітатори	13039	Вид	select	none		SO7383
9480	Фалоімітатори	13037	Конструкція	select	none		SO7383
9480	Фалоімітатори	11988	Кріплення на присоску	select	binary-hint	присоск	SO7383
9628	Засоби для орального сексу	15766	Аромат	select	db	без аромату	SO9824
9628	Засоби для орального сексу	15743	Стать	select	db	унісекс	SO9824
9628	Засоби для орального сексу	15763	Тип	select	db	льодяники	SO9824
9628	Засоби для орального сексу	15765	Смак	select	db	без смаку	SO9824
9628	Засоби для орального сексу	15774	Тип упаковки	select	db	пляшка з дозатором	SO9824
9466	Вібратори	10173	Підігрів	select	binary		SX0573
9466	Вібратори	3369	Призначення	select	prom-inval	для стимуляції вульви	SX0573
9466	Вібратори	3106	Вид	select	none		SX0573
9466	Вібратори	3103	Тип приладу	select	none		SX0573
9466	Вібратори	13037	Конструкція	select	none		SX0573
9466	Вібратори	10210	Керування через застосунок (Smart)	select	binary		SX0573
9466	Вібратори	9977	Кілька насадок	select	binary		SX0573
9466	Вібратори	11988	Кріплення на присоску	select	binary		SX0573
9466	Вібратори	11953	Водонепроникний	select	db-inval	IPX7	SX0573
9466	Вібратори	11367	Телескопічний	select	binary		SX0573
9526	Аксесуари до інтимних іграшок	14746	Тип аксесуара	select	prom	чохол для зберігання	SX0551
9526	Аксесуари до інтимних іграшок	78	Колір виробника	multiselect	text-many	ash, айс, бренді	SX0551
9526	Аксесуари до інтимних іграшок	2845	Колір	select	prom	Рожевий	SX0551
9466	Вібратори	10173	Підігрів	select	binary		SO8144
9466	Вібратори	3106	Вид	select	db	реалістичні	SO8144
9466	Вібратори	3103	Тип приладу	select	db	класичний вібратор	SO8144
9466	Вібратори	10210	Керування через застосунок (Smart)	select	binary		SO8144
9466	Вібратори	9977	Кілька насадок	select	binary		SO8144
9466	Вібратори	4212	Кількість режимів роботи	select	db	8	SO8144
9466	Вібратори	11988	Кріплення на присоску	select	binary		SO8144
9466	Вібратори	11367	Телескопічний	select	binary		SO8144
9628	Засоби для орального сексу	15766	Аромат	select	db	цукрова вата	SX0661
9628	Засоби для орального сексу	15743	Стать	select	db	унісекс	SX0661
9628	Засоби для орального сексу	15763	Тип	select	db	льодяники	SX0661
9628	Засоби для орального сексу	15765	Смак	select	db	цукрова вата	SX0661
9628	Засоби для орального сексу	15774	Тип упаковки	select	db	пляшка з дозатором	SX0661
9466	Вібратори	10173	Підігрів	select	binary		SO8092
9466	Вібратори	3369	Призначення	select	prom-inval	для стимуляції грудей	SO8092
9466	Вібратори	3106	Вид	select	none		SO8092
9466	Вібратори	3103	Тип приладу	select	text	звуковий стимулятор	SO8092
9466	Вібратори	13037	Конструкція	select	none		SO8092
9466	Вібратори	10210	Керування через застосунок (Smart)	select	binary		SO8092
9466	Вібратори	9977	Кілька насадок	select	binary		SO8092
9466	Вібратори	12731	Матеріал	select	prom-inval	Силікон | ABS-пластик	SO8092
9466	Вібратори	11988	Кріплення на присоску	select	binary		SO8092
9466	Вібратори	11367	Телескопічний	select	binary		SO8092
9464	Еротичні костюми	12731	Матеріал	select	prom-inval	Натуральне каміння	SO8515
9464	Еротичні костюми	12923	Розмір	select	none		SO8515
9616	Аксесуари для страпонів	78	Колір виробника	multiselect	text-many	ash, black, крем	SO8987
9616	Аксесуари для страпонів	78	Колір виробника	multiselect	none		SO9622
9616	Аксесуари для страпонів	15302	Тип аксесуару	select	db	ремінь	SO9622
9466	Вібратори	10173	Підігрів	select	binary		SO8749
9466	Вібратори	3369	Призначення	select	prom-inval	для стимуляції вульви	SO8749
9466	Вібратори	3106	Вид	select	none		SO8749
9466	Вібратори	3103	Тип приладу	select	text	вакуумний стимулятор	SO8749
9466	Вібратори	13037	Конструкція	select	none		SO8749
9466	Вібратори	10210	Керування через застосунок (Smart)	select	binary-hint	smart	SO8749
9466	Вібратори	12731	Матеріал	select	prom-inval	Силікон | ABS-пластик	SO8749
9466	Вібратори	11988	Кріплення на присоску	select	binary		SO8749
9466	Вібратори	11953	Водонепроникний	select	db-inval	IPX7	SO8749
9466	Вібратори	11367	Телескопічний	select	binary		SO8749
9616	Аксесуари для страпонів	78	Колір виробника	multiselect	text-many	100, ash, крем	SO9011
9620	Аксесуари для мастурбаторів	15300	Основний матеріал	select	none		SX0681
9620	Аксесуари для мастурбаторів	78	Колір виробника	multiselect	text-many	ash, айс, бук	SX0681
9526	Аксесуари до інтимних іграшок	78	Колір виробника	multiselect	text-many	ash, айс, бренді	SX0553
9466	Вібратори	10173	Підігрів	select	binary		SO8753
9466	Вібратори	3369	Призначення	select	db-inval	для стимуляції вульви	SO8753
9466	Вібратори	3106	Вид	select	none		SO8753
9466	Вібратори	3103	Тип приладу	select	none		SO8753
9466	Вібратори	13037	Конструкція	select	none		SO8753
9466	Вібратори	10210	Керування через застосунок (Smart)	select	binary		SO8753
9466	Вібратори	9977	Кілька насадок	select	db	Так	SO8753
9466	Вібратори	4212	Кількість режимів роботи	select	db	14	SO8753
9466	Вібратори	12731	Матеріал	select	db-inval	Силікон, АБС-пластик	SO8753
9466	Вібратори	11988	Кріплення на присоску	select	binary		SO8753
9466	Вібратори	11953	Водонепроникний	select	db-inval	IPX7	SO8753
9466	Вібратори	11367	Телескопічний	select	binary		SO8753
9458	Фетиш та BDSM	12731	Матеріал	select	prom-inval	цинковий сплав	SO9515
9616	Аксесуари для страпонів	78	Колір виробника	multiselect	text-many	ash, black, крем	SO8989
9466	Вібратори	10173	Підігрів	select	binary		SO8142
9466	Вібратори	10210	Керування через застосунок (Smart)	select	binary		SO8142
9466	Вібратори	9977	Кілька насадок	select	binary		SO8142
9466	Вібратори	4212	Кількість режимів роботи	select	db	8	SO8142
9466	Вібратори	11988	Кріплення на присоску	select	binary		SO8142
9466	Вібратори	11367	Телескопічний	select	binary		SO8142
9466	Вібратори	10173	Підігрів	select	binary		SO9428
9466	Вібратори	3369	Призначення	select	prom-inval	для стимуляції грудей	SO9428
9466	Вібратори	3106	Вид	select	none		SO9428
9466	Вібратори	3103	Тип приладу	select	text	вакуумний стимулятор	SO9428
9466	Вібратори	13037	Конструкція	select	none		SO9428
9466	Вібратори	10210	Керування через застосунок (Smart)	select	binary		SO9428
9466	Вібратори	12731	Матеріал	select	prom-inval	Силікон, Метал	SO9428
9466	Вібратори	11988	Кріплення на присоску	select	binary		SO9428
9466	Вібратори	11953	Водонепроникний	select	db-inval	IPX6	SO9428
9466	Вібратори	11367	Телескопічний	select	binary		SO9428
9480	Фалоімітатори	13039	Вид	select	db	реалістичні	SO8217
9458	Фетиш та BDSM	13948	Тип товару	select	db	бандаж/фіксатор	SO8302
9632	Олія для еротичного масажу	15744	Аромат	select	db	троянда	SO9835
9632	Олія для еротичного масажу	15743	Стать	select	db	для чоловіків	SO9835
9632	Олія для еротичного масажу	15742	Об’єм	select	db-inval	59	SO9835
9632	Олія для еротичного масажу	15741	Кількість	select	none		SO9835
7216	Еротична білизна	13949	Стать	select	none		SO9278
7216	Еротична білизна	13948	Тип товару	select	db-inval	еротичні ігри	SO9278
7216	Еротична білизна	12731	Матеріал	select	db-inval	Поліестер	SO9278
7216	Еротична білизна	12923	Розмір	select	none		SO9278
9480	Фалоімітатори	13039	Вид	select	db	реалістичні	SO9016
9480	Фалоімітатори	13037	Конструкція	select	prom-inval	одинарні	SO9016
9480	Фалоімітатори	11988	Кріплення на присоску	select	binary		SO9016
9466	Вібратори	10173	Підігрів	select	binary		SO8747
9466	Вібратори	3369	Призначення	select	prom-inval	для стимуляції вульви	SO8747
9466	Вібратори	3106	Вид	select	none		SO8747
9466	Вібратори	3103	Тип приладу	select	none		SO8747
9466	Вібратори	13037	Конструкція	select	none		SO8747
9466	Вібратори	10210	Керування через застосунок (Smart)	select	binary-hint	smart	SO8747
9466	Вібратори	12731	Матеріал	select	prom-inval	Силікон | ABS-пластик	SO8747
9466	Вібратори	11988	Кріплення на присоску	select	binary		SO8747
9466	Вібратори	11953	Водонепроникний	select	db-inval	IPX7	SO8747
9466	Вібратори	11367	Телескопічний	select	binary		SO8747
9466	Вібратори	10173	Підігрів	select	binary		SO7320
9466	Вібратори	3369	Призначення	select	prom-inval	для стимуляції вульви	SO7320
9466	Вібратори	3106	Вид	select	none		SO7320
9466	Вібратори	3103	Тип приладу	select	none		SO7320
9466	Вібратори	13037	Конструкція	select	none		SO7320
9466	Вібратори	10210	Керування через застосунок (Smart)	select	binary		SO7320
9466	Вібратори	9977	Кілька насадок	select	binary		SO7320
9466	Вібратори	12731	Матеріал	select	prom-inval	Силікон | ABS-пластик	SO7320
9466	Вібратори	11988	Кріплення на присоску	select	binary		SO7320
9466	Вібратори	11953	Водонепроникний	select	db-inval	IPX7	SO7320
9466	Вібратори	11367	Телескопічний	select	binary		SO7320
9464	Еротичні костюми	12923	Розмір	select	none		SO8510
9620	Аксесуари для мастурбаторів	78	Колір виробника	multiselect	text-many	агат, кава, нейтральний	SO8771
9472	Мастурбатори	3106	Вид	select	db	реалістичні	SO9364
9464	Еротичні костюми	12731	Матеріал	select	db-inval	Тканина, Латекс	SX0387
9464	Еротичні костюми	12923	Розмір	select	none		SX0387
7216	Еротична білизна	13949	Стать	select	text	для чоловіків	SO9655
7216	Еротична білизна	13948	Тип товару	select	db-inval	бандаж/фіксатор	SO9655
9466	Вібратори	10173	Підігрів	select	binary		SX0574
9466	Вібратори	3369	Призначення	select	prom-inval	для стимуляції вульви	SX0574
9466	Вібратори	3106	Вид	select	none		SX0574
9466	Вібратори	3103	Тип приладу	select	none		SX0574
9466	Вібратори	13037	Конструкція	select	none		SX0574
9466	Вібратори	10210	Керування через застосунок (Smart)	select	binary		SX0574
9466	Вібратори	9977	Кілька насадок	select	binary		SX0574
9466	Вібратори	11988	Кріплення на присоску	select	binary		SX0574
9466	Вібратори	11953	Водонепроникний	select	db-inval	IPX7	SX0574
9466	Вібратори	11367	Телескопічний	select	binary		SX0574
9466	Вібратори	10173	Підігрів	select	binary		SO8755
9466	Вібратори	3369	Призначення	select	prom-inval	для стимуляції вульви	SO8755
9466	Вібратори	3106	Вид	select	none		SO8755
9466	Вібратори	3103	Тип приладу	select	none		SO8755
9466	Вібратори	13037	Конструкція	select	none		SO8755
9466	Вібратори	10210	Керування через застосунок (Smart)	select	binary-hint	smart	SO8755
9466	Вібратори	12731	Матеріал	select	prom-inval	Силікон | ABS-пластик	SO8755
9466	Вібратори	11988	Кріплення на присоску	select	binary		SO8755
9466	Вібратори	11953	Водонепроникний	select	db-inval	IPX7	SO8755
9466	Вібратори	11367	Телескопічний	select	binary		SO8755
9464	Еротичні костюми	12923	Розмір	select	none		SX1188
9526	Аксесуари до інтимних іграшок	14746	Тип аксесуара	select	db	зарядний кабель	SO9681
9526	Аксесуари до інтимних іграшок	78	Колір виробника	multiselect	none		SO9681
9526	Аксесуари до інтимних іграшок	2845	Колір	select	none		SO9681
9526	Аксесуари до інтимних іграшок	14746	Тип аксесуара	select	text	фіксатор	SX0862
9526	Аксесуари до інтимних іграшок	14747	Основний матеріал	select	text-many	tpe, метал, силікон	SX0862
9526	Аксесуари до інтимних іграшок	78	Колір виробника	multiselect	text-many	ash, ink, агат	SX0862
7216	Еротична білизна	13949	Стать	select	none		SO9631
7216	Еротична білизна	13948	Тип товару	select	prom-inval	портупея/збруя	SO9631
9616	Аксесуари для страпонів	78	Колір виробника	multiselect	text-many	ash, blue, nero	SX0673
9616	Аксесуари для страпонів	78	Колір виробника	multiselect	text-many	100, ash, white	SO8281
9466	Вібратори	10173	Підігрів	select	binary		SX0686
9466	Вібратори	3369	Призначення	select	prom-inval	для стимуляції грудей	SX0686
9466	Вібратори	3106	Вид	select	none		SX0686
9466	Вібратори	3103	Тип приладу	select	text	звуковий стимулятор	SX0686
9466	Вібратори	13037	Конструкція	select	none		SX0686
9466	Вібратори	10210	Керування через застосунок (Smart)	select	binary		SX0686
9466	Вібратори	9977	Кілька насадок	select	binary		SX0686
9466	Вібратори	12731	Матеріал	select	prom-inval	Силікон | ABS-пластик	SX0686
9466	Вібратори	11988	Кріплення на присоску	select	binary		SX0686
9466	Вібратори	11367	Телескопічний	select	binary		SX0686
9526	Аксесуари до інтимних іграшок	14747	Основний матеріал	select	none		SO9468
9526	Аксесуари до інтимних іграшок	78	Колір виробника	multiselect	text-many	ash, red, wine	SO9468
9628	Засоби для орального сексу	15766	Аромат	select	db	цитрусовий	SO9822
9628	Засоби для орального сексу	15743	Стать	select	db	унісекс	SO9822
9628	Засоби для орального сексу	15763	Тип	select	db	льодяники	SO9822
9628	Засоби для орального сексу	15765	Смак	select	db	без смаку	SO9822
9628	Засоби для орального сексу	15774	Тип упаковки	select	db	пляшка з дозатором	SO9822
9628	Засоби для орального сексу	15766	Аромат	select	db	без аромату	SX1260
9628	Засоби для орального сексу	15743	Стать	select	db	унісекс	SX1260
9628	Засоби для орального сексу	15763	Тип	select	db	гель	SX1260
9628	Засоби для орального сексу	15765	Смак	select	db	без смаку	SX1260
9628	Засоби для орального сексу	15774	Тип упаковки	select	db	пляшка з дозатором	SX1260
9466	Вібратори	10173	Підігрів	select	binary		SO9602
9466	Вібратори	3369	Призначення	select	prom-inval	для стимуляції вульви	SO9602
9466	Вібратори	3106	Вид	select	none		SO9602
9466	Вібратори	3103	Тип приладу	select	none		SO9602
9466	Вібратори	13037	Конструкція	select	none		SO9602
9466	Вібратори	10210	Керування через застосунок (Smart)	select	binary-hint	застосун	SO9602
9466	Вібратори	9977	Кілька насадок	select	binary		SO9602
9466	Вібратори	12731	Матеріал	select	prom-inval	Силікон | ABS-пластик	SO9602
9466	Вібратори	11988	Кріплення на присоску	select	binary		SO9602
9466	Вібратори	11367	Телескопічний	select	binary		SO9602
9632	Олія для еротичного масажу	15744	Аромат	select	db	троянда	SO9833
9632	Олія для еротичного масажу	15743	Стать	select	db	для чоловіків	SO9833
9632	Олія для еротичного масажу	15742	Об’єм	select	db-inval	59	SO9833
9632	Олія для еротичного масажу	15741	Кількість	select	none		SO9833
9628	Засоби для орального сексу	15766	Аромат	select	db	без аромату	SX1265
9628	Засоби для орального сексу	15743	Стать	select	db	унісекс	SX1265
9628	Засоби для орального сексу	15763	Тип	select	db	гель	SX1265
9628	Засоби для орального сексу	15765	Смак	select	db	банан	SX1265
9628	Засоби для орального сексу	15774	Тип упаковки	select	db	пляшка з дозатором	SX1265
3139	Гель для душу	9502	Клас косметики	multiselect	none		SX0586
3139	Гель для душу	3002	Форма випуску	multiselect	none		SX0586
3139	Гель для душу	2856	Стать	multiselect	none		SX0586
3139	Гель для душу	1098	Об'єм	float	db-num	370	SX0586
3139	Гель для душу	51	Вид	multiselect	none		SX0586
3139	Гель для душу	2854	Призначення	multiselect	none		SX0586
3139	Гель для душу	3170	Дія	multiselect	none		SX0586
3139	Гель для душу	2868	Вікова група	multiselect	none		SX0586
9628	Засоби для орального сексу	15766	Аромат	select	db	ягідний	SX1266
9628	Засоби для орального сексу	15743	Стать	select	db	унісекс	SX1266
9628	Засоби для орального сексу	15763	Тип	select	db	гель	SX1266
9628	Засоби для орального сексу	15765	Смак	select	db	полуниця	SX1266
9628	Засоби для орального сексу	15774	Тип упаковки	select	db	пляшка з дозатором	SX1266
9466	Вібратори	10173	Підігрів	select	binary		SO8145
9466	Вібратори	10210	Керування через застосунок (Smart)	select	binary		SO8145
9466	Вібратори	9977	Кілька насадок	select	binary		SO8145
9466	Вібратори	4212	Кількість режимів роботи	select	db	8	SO8145
9466	Вібратори	11988	Кріплення на присоску	select	binary		SO8145
9466	Вібратори	11367	Телескопічний	select	binary		SO8145
9472	Мастурбатори	3106	Вид	select	db	реалістичні	SX1111
9466	Вібратори	10173	Підігрів	select	binary		SX1219
9466	Вібратори	3369	Призначення	select	prom-inval	для стимуляції грудей	SX1219
9466	Вібратори	3106	Вид	select	none		SX1219
9466	Вібратори	3103	Тип приладу	select	none		SX1219
9466	Вібратори	13037	Конструкція	select	none		SX1219
9466	Вібратори	10210	Керування через застосунок (Smart)	select	binary		SX1219
9466	Вібратори	9977	Кілька насадок	select	binary		SX1219
9466	Вібратори	11988	Кріплення на присоску	select	binary		SX1219
9466	Вібратори	11953	Водонепроникний	select	db-inval	IPX7	SX1219
9466	Вібратори	11367	Телескопічний	select	binary		SX1219
9466	Вібратори	10173	Підігрів	select	binary		SO9679
9466	Вібратори	3369	Призначення	select	prom-inval	для стимуляції вульви	SO9679
9466	Вібратори	3106	Вид	select	none		SO9679
9466	Вібратори	3103	Тип приладу	select	none		SO9679
9466	Вібратори	13037	Конструкція	select	none		SO9679
9466	Вібратори	10210	Керування через застосунок (Smart)	select	binary-hint	застосун	SO9679
9466	Вібратори	9977	Кілька насадок	select	binary		SO9679
9466	Вібратори	11988	Кріплення на присоску	select	binary		SO9679
9466	Вібратори	11367	Телескопічний	select	binary		SO9679
9466	Вібратори	10173	Підігрів	select	binary		SX1108
9466	Вібратори	3369	Призначення	select	prom-inval	для стимуляції грудей	SX1108
9466	Вібратори	3106	Вид	select	none		SX1108
9466	Вібратори	3103	Тип приладу	select	none		SX1108
9466	Вібратори	13037	Конструкція	select	none		SX1108
9466	Вібратори	10210	Керування через застосунок (Smart)	select	binary		SX1108
9466	Вібратори	9977	Кілька насадок	select	binary		SX1108
9466	Вібратори	11988	Кріплення на присоску	select	binary		SX1108
9466	Вібратори	11953	Водонепроникний	select	db-inval	IPX7	SX1108
9466	Вібратори	11367	Телескопічний	select	binary		SX1108
9616	Аксесуари для страпонів	78	Колір виробника	multiselect	text-many	ash, blue, крем	SO8995
9550	Анальний душ	78	Колір виробника	multiselect	text-many	ash, він, мед	SX0999
9550	Анальний душ	757	Довжина шланга	float	none		SX0999
9620	Аксесуари для мастурбаторів	78	Колір виробника	multiselect	text	ash	SX1308
9526	Аксесуари до інтимних іграшок	14747	Основний матеріал	select	none		SX1009
9526	Аксесуари до інтимних іграшок	78	Колір виробника	multiselect	text-many	100, ash, айс	SX1009
9526	Аксесуари до інтимних іграшок	14746	Тип аксесуара	select	db	зарядний кабель	SO9682
9526	Аксесуари до інтимних іграшок	78	Колір виробника	multiselect	none		SO9682
9526	Аксесуари до інтимних іграшок	2845	Колір	select	none		SO9682
9482	Страпони	4700	Регульовані ремені	select	binary		SO9954
9482	Страпони	4592	Знімний фалос	select	binary		SO9954
9482	Страпони	3103	Тип приладу	select	none		SO9954
9482	Страпони	437	Тип кріплення	select	none		SO9954
9482	Страпони	4758	Вакуумна стимуляція	select	binary		SO9954
9482	Страпони	10173	Підігрів	select	binary		SO9954
9482	Страпони	10210	Керування через застосунок (Smart)	select	binary		SO9954
9482	Страпони	13037	Конструкція	select	prom-inval	з мошонкою	SO9954
9482	Страпони	11098	Тип живлення	select	none		SO9954
9482	Страпони	13039	Вид	select	db	реалістичні	SO9954
9482	Страпони	4738	Ротація	select	binary		SO9954
9466	Вібратори	10173	Підігрів	select	binary		SX0572
9466	Вібратори	3369	Призначення	select	prom-inval	для стимуляції вульви	SX0572
9466	Вібратори	3106	Вид	select	none		SX0572
9466	Вібратори	3103	Тип приладу	select	none		SX0572
9466	Вібратори	13037	Конструкція	select	none		SX0572
9466	Вібратори	10210	Керування через застосунок (Smart)	select	binary		SX0572
9466	Вібратори	9977	Кілька насадок	select	binary		SX0572
9466	Вібратори	11988	Кріплення на присоску	select	binary		SX0572
9466	Вібратори	11953	Водонепроникний	select	db-inval	IPX7	SX0572
9466	Вібратори	11367	Телескопічний	select	binary		SX0572
9526	Аксесуари до інтимних іграшок	78	Колір виробника	multiselect	text-many	ash, айс, бренді	SX0549
9526	Аксесуари до інтимних іграшок	78	Колір виробника	multiselect	text-many	ash, айс, бренді	SX0552
9526	Аксесуари до інтимних іграшок	78	Колір виробника	multiselect	text-many	ash, айс, бренді	SX0546
9458	Фетиш та BDSM	12731	Матеріал	select	prom-inval	цинковий сплав	SO9514
9628	Засоби для орального сексу	15766	Аромат	select	db	без аромату	SX1256
9628	Засоби для орального сексу	15743	Стать	select	db	унісекс	SX1256
9628	Засоби для орального сексу	15763	Тип	select	db	гель	SX1256
9628	Засоби для орального сексу	15765	Смак	select	db	без смаку	SX1256
9628	Засоби для орального сексу	15774	Тип упаковки	select	db	пляшка з дозатором	SX1256
9466	Вібратори	10173	Підігрів	select	binary		SX1107
9466	Вібратори	3369	Призначення	select	prom-inval	для стимуляції грудей	SX1107
9466	Вібратори	3106	Вид	select	none		SX1107
9466	Вібратори	3103	Тип приладу	select	none		SX1107
9466	Вібратори	13037	Конструкція	select	none		SX1107
9466	Вібратори	10210	Керування через застосунок (Smart)	select	binary		SX1107
9466	Вібратори	9977	Кілька насадок	select	binary		SX1107
9466	Вібратори	11988	Кріплення на присоску	select	binary		SX1107
9466	Вібратори	11953	Водонепроникний	select	db-inval	IPX7	SX1107
9466	Вібратори	11367	Телескопічний	select	binary		SX1107
9480	Фалоімітатори	12731	Матеріал	select	prom-inval	нержавка сталь	SX3255
9628	Засоби для орального сексу	15766	Аромат	select	db	кавовий	SX0663
9628	Засоби для орального сексу	15743	Стать	select	db	унісекс	SX0663
9628	Засоби для орального сексу	15763	Тип	select	db	олія	SX0663
9628	Засоби для орального сексу	15765	Смак	select	db	кавун	SX0663
9628	Засоби для орального сексу	15774	Тип упаковки	select	db	пляшка з дозатором	SX0663
9620	Аксесуари для мастурбаторів	78	Колір виробника	multiselect	none		SX3189
9632	Олія для еротичного масажу	15744	Аромат	select	db	троянда	SO9836
9632	Олія для еротичного масажу	15743	Стать	select	db	для чоловіків	SO9836
9632	Олія для еротичного масажу	15742	Об’єм	select	db-inval	59	SO9836
9632	Олія для еротичного масажу	15741	Кількість	select	none		SO9836
9466	Вібратори	10173	Підігрів	select	binary		SO8974
9466	Вібратори	3369	Призначення	select	prom-inval	для покращення ерекції	SO8974
9466	Вібратори	3106	Вид	select	none		SO8974
9466	Вібратори	3103	Тип приладу	select	text	вакуумний стимулятор	SO8974
9466	Вібратори	13037	Конструкція	select	none		SO8974
9466	Вібратори	10210	Керування через застосунок (Smart)	select	binary		SO8974
9466	Вібратори	9977	Кілька насадок	select	binary		SO8974
9466	Вібратори	11988	Кріплення на присоску	select	binary		SO8974
9466	Вібратори	11953	Водонепроникний	select	db-inval	IPX7	SO8974
9466	Вібратори	11367	Телескопічний	select	binary		SO8974
9464	Еротичні костюми	12923	Розмір	select	none		SO9977
9628	Засоби для орального сексу	15766	Аромат	select	prom	м'ятний	SX1262
9628	Засоби для орального сексу	15765	Смак	select	prom-inval	м'ятна жуйка	SX1262
9466	Вібратори	10173	Підігрів	select	binary		SX3544
9466	Вібратори	3369	Призначення	select	prom-inval	для стимуляції вульви	SX3544
9466	Вібратори	3106	Вид	select	none		SX3544
9466	Вібратори	3103	Тип приладу	select	none		SX3544
9466	Вібратори	13037	Конструкція	select	none		SX3544
9466	Вібратори	10210	Керування через застосунок (Smart)	select	binary		SX3544
9466	Вібратори	9977	Кілька насадок	select	binary		SX3544
9466	Вібратори	4212	Кількість режимів роботи	select	none		SX3544
9466	Вібратори	12731	Матеріал	select	none		SX3544
9466	Вібратори	11988	Кріплення на присоску	select	binary		SX3544
9466	Вібратори	11953	Водонепроникний	select	binary		SX3544
9466	Вібратори	11367	Телескопічний	select	binary		SX3544
9464	Еротичні костюми	12923	Розмір	select	none		SX1189
9616	Аксесуари для страпонів	78	Колір виробника	multiselect	text-many	ash, грі, класичний чорний	SO8981
9616	Аксесуари для страпонів	15302	Тип аксесуару	select	text-many	ремінь, трусики	SO8981
9616	Аксесуари для страпонів	15304	Основний матеріал	select	none		SO8981
9460	Еротичні приколи та сувеніри	12731	Матеріал	select	none		SX1584
9526	Аксесуари до інтимних іграшок	14746	Тип аксесуара	select	none		SX1638
9526	Аксесуари до інтимних іграшок	14747	Основний матеріал	select	none		SX1638
9526	Аксесуари до інтимних іграшок	78	Колір виробника	multiselect	none		SX1638
9526	Аксесуари до інтимних іграшок	2845	Колір	select	none		SX1638
9480	Фалоімітатори	11953	Водонепроникний	select	binary		SX0540
9480	Фалоімітатори	11579	Вібрація	select	binary		SX0540
9480	Фалоімітатори	13039	Вид	select	none		SX0540
9480	Фалоімітатори	13037	Конструкція	select	none		SX0540
9480	Фалоімітатори	11988	Кріплення на присоску	select	binary-hint	присоск	SX0540
9466	Вібратори	10173	Підігрів	select	binary		SO8972
9466	Вібратори	3369	Призначення	select	prom-inval	для стимуляції вульви	SO8972
9466	Вібратори	3106	Вид	select	none		SO8972
9466	Вібратори	3103	Тип приладу	select	text	вакуумний стимулятор	SO8972
9466	Вібратори	13037	Конструкція	select	none		SO8972
9466	Вібратори	10210	Керування через застосунок (Smart)	select	binary		SO8972
9466	Вібратори	9977	Кілька насадок	select	binary		SO8972
9466	Вібратори	11988	Кріплення на присоску	select	binary		SO8972
9466	Вібратори	11953	Водонепроникний	select	db-inval	IPX7	SO8972
9466	Вібратори	11367	Телескопічний	select	binary		SO8972
9466	Вібратори	3369	Призначення	select	none		SX2179
9466	Вібратори	3106	Вид	select	none		SX2179
9466	Вібратори	3103	Тип приладу	select	none		SX2179
9466	Вібратори	13037	Конструкція	select	none		SX2179
9466	Вібратори	10210	Керування через застосунок (Smart)	select	binary		SX2179
9466	Вібратори	9977	Кілька насадок	select	binary		SX2179
9466	Вібратори	11988	Кріплення на присоску	select	binary		SX2179
9466	Вібратори	11367	Телескопічний	select	binary		SX2179
9466	Вібратори	10173	Підігрів	select	binary		SX0808
9466	Вібратори	3369	Призначення	select	none		SX0808
9466	Вібратори	3106	Вид	select	none		SX0808
9466	Вібратори	3103	Тип приладу	select	text	віброкулі	SX0808
9466	Вібратори	13037	Конструкція	select	none		SX0808
9466	Вібратори	10210	Керування через застосунок (Smart)	select	binary		SX0808
9466	Вібратори	9977	Кілька насадок	select	binary		SX0808
9466	Вібратори	4212	Кількість режимів роботи	select	none		SX0808
9466	Вібратори	11988	Кріплення на присоску	select	binary		SX0808
9466	Вібратори	11953	Водонепроникний	select	db-inval	IPX5	SX0808
9466	Вібратори	11367	Телескопічний	select	binary		SX0808
9466	Вібратори	10173	Підігрів	select	binary		SX0687
9466	Вібратори	3369	Призначення	select	prom-inval	для стимуляції грудей	SX0687
9466	Вібратори	3106	Вид	select	none		SX0687
9466	Вібратори	3103	Тип приладу	select	text	звуковий стимулятор	SX0687
9466	Вібратори	13037	Конструкція	select	none		SX0687
9466	Вібратори	10210	Керування через застосунок (Smart)	select	binary		SX0687
9466	Вібратори	9977	Кілька насадок	select	binary		SX0687
9466	Вібратори	12731	Матеріал	select	prom-inval	Силікон | ABS-пластик	SX0687
9466	Вібратори	11988	Кріплення на присоску	select	binary		SX0687
9466	Вібратори	11367	Телескопічний	select	binary		SX0687
9464	Еротичні костюми	12923	Розмір	select	none		SO9842
9616	Аксесуари для страпонів	78	Колір виробника	multiselect	text-many	ash, крем, тан	SO8990
9616	Аксесуари для страпонів	78	Колір виробника	multiselect	text-many	100, ash, black	SO8279
9526	Аксесуари до інтимних іграшок	14746	Тип аксесуара	select	db	зарядний кабель	SO9684
9526	Аксесуари до інтимних іграшок	78	Колір виробника	multiselect	none		SO9684
9526	Аксесуари до інтимних іграшок	2845	Колір	select	db	Білий	SO9684
9466	Вібратори	10173	Підігрів	select	binary		SX1210
9466	Вібратори	3369	Призначення	select	prom-inval	для стимуляції грудей	SX1210
9466	Вібратори	3106	Вид	select	none		SX1210
9466	Вібратори	3103	Тип приладу	select	none		SX1210
9466	Вібратори	13037	Конструкція	select	none		SX1210
9466	Вібратори	10210	Керування через застосунок (Smart)	select	binary-hint	додаток	SX1210
9466	Вібратори	9977	Кілька насадок	select	binary		SX1210
9466	Вібратори	11988	Кріплення на присоску	select	binary		SX1210
9466	Вібратори	11953	Водонепроникний	select	db-inval	IPX7	SX1210
9466	Вібратори	11367	Телескопічний	select	binary		SX1210
9628	Засоби для орального сексу	15766	Аромат	select	db	солона карамель	SX0664
9628	Засоби для орального сексу	15743	Стать	select	db	унісекс	SX0664
9628	Засоби для орального сексу	15763	Тип	select	db	олія	SX0664
9628	Засоби для орального сексу	15765	Смак	select	db	солона карамель	SX0664
9628	Засоби для орального сексу	15774	Тип упаковки	select	db	пляшка з дозатором	SX0664
9466	Вібратори	10173	Підігрів	select	binary		SX0520
9466	Вібратори	3369	Призначення	select	prom-inval	для стимуляції вульви	SX0520
9466	Вібратори	3106	Вид	select	none		SX0520
9466	Вібратори	3103	Тип приладу	select	none		SX0520
9466	Вібратори	13037	Конструкція	select	none		SX0520
9466	Вібратори	10210	Керування через застосунок (Smart)	select	binary-hint	smart	SX0520
9466	Вібратори	9977	Кілька насадок	select	binary		SX0520
9466	Вібратори	12731	Матеріал	select	prom-inval	Силікон | ABS-пластик	SX0520
9466	Вібратори	11988	Кріплення на присоску	select	binary		SX0520
9466	Вібратори	11953	Водонепроникний	select	db-inval	IPX7	SX0520
9466	Вібратори	11367	Телескопічний	select	binary		SX0520
9460	Еротичні приколи та сувеніри	13948	Тип товару	select	db	мило	SX2320
9460	Еротичні приколи та сувеніри	12731	Матеріал	select	none		SX1643
9526	Аксесуари до інтимних іграшок	14747	Основний матеріал	select	none		SX1109
9526	Аксесуари до інтимних іграшок	78	Колір виробника	multiselect	text-many	ash, gold, айс	SX1109
9526	Аксесуари до інтимних іграшок	2845	Колір	select	prom-inval	Золотий	SX1109
9464	Еротичні костюми	12923	Розмір	select	prom-inval	S/M	SX3113
9628	Засоби для орального сексу	15766	Аромат	select	db	без аромату	SO9823
9628	Засоби для орального сексу	15743	Стать	select	db	унісекс	SO9823
9628	Засоби для орального сексу	15763	Тип	select	db	льодяники	SO9823
9628	Засоби для орального сексу	15765	Смак	select	db	без смаку	SO9823
9628	Засоби для орального сексу	15774	Тип упаковки	select	db	пляшка з дозатором	SO9823
9620	Аксесуари для мастурбаторів	15300	Основний матеріал	select	none		SX1225
9620	Аксесуари для мастурбаторів	78	Колір виробника	multiselect	text-many	беж, глина, лате	SX1225
9466	Вібратори	10173	Підігрів	select	binary		SX0812
9466	Вібратори	3369	Призначення	select	none		SX0812
9466	Вібратори	3106	Вид	select	none		SX0812
9466	Вібратори	3103	Тип приладу	select	none		SX0812
9466	Вібратори	13037	Конструкція	select	none		SX0812
9466	Вібратори	10210	Керування через застосунок (Smart)	select	binary		SX0812
9466	Вібратори	9977	Кілька насадок	select	binary		SX0812
9466	Вібратори	11988	Кріплення на присоску	select	binary		SX0812
9466	Вібратори	11953	Водонепроникний	select	db-inval	IPX5	SX0812
9466	Вібратори	11367	Телескопічний	select	binary		SX0812
9484	Анальні пробки	12731	Матеріал	select	prom-inval	сплав алюмінію	SO7810
9466	Вібратори	10173	Підігрів	select	binary		SO8757
9466	Вібратори	3369	Призначення	select	db-inval	для стимуляції вульви	SO8757
9466	Вібратори	3106	Вид	select	none		SO8757
9466	Вібратори	3103	Тип приладу	select	none		SO8757
9466	Вібратори	13037	Конструкція	select	none		SO8757
9466	Вібратори	10210	Керування через застосунок (Smart)	select	binary		SO8757
9466	Вібратори	9977	Кілька насадок	select	db	Так	SO8757
9466	Вібратори	4212	Кількість режимів роботи	select	db	14	SO8757
9466	Вібратори	12731	Матеріал	select	db-inval	Силікон, АБС-пластик	SO8757
9466	Вібратори	11988	Кріплення на присоску	select	binary		SO8757
9466	Вібратори	11953	Водонепроникний	select	db-inval	IPX7	SO8757
9466	Вібратори	11367	Телескопічний	select	binary		SO8757
7216	Еротична білизна	13949	Стать	select	none		SO9277
7216	Еротична білизна	13948	Тип товару	select	prom-inval	наліпки	SO9277
7216	Еротична білизна	12731	Матеріал	select	prom-inval	Поліестер	SO9277
7216	Еротична білизна	12923	Розмір	select	none		SO9277
9628	Засоби для орального сексу	15766	Аромат	select	db	без аромату	SX1263
9628	Засоби для орального сексу	15743	Стать	select	db	унісекс	SX1263
9628	Засоби для орального сексу	15763	Тип	select	db	гель	SX1263
9628	Засоби для орального сексу	15765	Смак	select	db	без смаку	SX1263
9628	Засоби для орального сексу	15774	Тип упаковки	select	db	пляшка з дозатором	SX1263
9460	Еротичні приколи та сувеніри	13948	Тип товару	select	db	мило	SX2307
9474	Насадки на член	13039	Вид	select	db	реалістичні	SX1460
9460	Еротичні приколи та сувеніри	13948	Тип товару	select	db	мило	SO9815
9480	Фалоімітатори	13039	Вид	select	db	реалістичні	SO8907
9620	Аксесуари для мастурбаторів	78	Колір виробника	multiselect	text-many	chive, тан	SO9392
9460	Еротичні приколи та сувеніри	12731	Матеріал	select	none		SX1575
7216	Еротична білизна	13949	Стать	select	none		SO9280
7216	Еротична білизна	13948	Тип товару	select	prom-inval	наліпки	SO9280
7216	Еротична білизна	12731	Матеріал	select	prom-inval	Поліестер	SO9280
7216	Еротична білизна	12923	Розмір	select	none		SO9280
9628	Засоби для орального сексу	15749	Збуджуючий	select	binary		SX0591
9628	Засоби для орального сексу	15766	Аромат	select	none		SX0591
9628	Засоби для орального сексу	15768	Посилення чутливості	select	binary		SX0591
9628	Засоби для орального сексу	15769	Посилення слиновиділення	select	binary		SX0591
9628	Засоби для орального сексу	15770	Віброефект	select	binary		SX0591
9628	Засоби для орального сексу	15743	Стать	select	none		SX0591
9628	Засоби для орального сексу	15745	Зігріваючий	select	binary		SX0591
9628	Засоби для орального сексу	15750	Зволожуючий	select	binary		SX0591
9628	Засоби для орального сексу	15763	Тип	select	none		SX0591
9628	Засоби для орального сексу	15765	Смак	select	none		SX0591
9628	Засоби для орального сексу	15771	Сумісність з презервативами	select	binary		SX0591
9628	Засоби для орального сексу	15772	Сумісність з секс-іграшками	select	binary		SX0591
9628	Засоби для орального сексу	15774	Тип упаковки	select	none		SX0591
9628	Засоби для орального сексу	15746	Охолоджуючий	select	binary		SX0591
9628	Засоби для орального сексу	15747	Розслаблюючий	select	binary		SX0591
9466	Вібратори	10173	Підігрів	select	binary		SO9618
9466	Вібратори	3369	Призначення	select	prom-inval	для стимуляції вульви	SO9618
9466	Вібратори	3106	Вид	select	none		SO9618
9466	Вібратори	3103	Тип приладу	select	none		SO9618
9466	Вібратори	13037	Конструкція	select	none		SO9618
9466	Вібратори	10210	Керування через застосунок (Smart)	select	binary		SO9618
9466	Вібратори	9977	Кілька насадок	select	binary		SO9618
9466	Вібратори	4212	Кількість режимів роботи	select	none		SO9618
9466	Вібратори	11988	Кріплення на присоску	select	binary		SO9618
9466	Вібратори	11953	Водонепроникний	select	db-inval	IPX7	SO9618
9466	Вібратори	11367	Телескопічний	select	binary		SO9618
9466	Вібратори	10173	Підігрів	select	binary		SX0539
9466	Вібратори	3369	Призначення	select	prom-inval	для стимуляції грудей	SX0539
9466	Вібратори	3106	Вид	select	none		SX0539
9466	Вібратори	3103	Тип приладу	select	none		SX0539
9466	Вібратори	13037	Конструкція	select	none		SX0539
9466	Вібратори	10210	Керування через застосунок (Smart)	select	binary		SX0539
9466	Вібратори	9977	Кілька насадок	select	binary		SX0539
9466	Вібратори	12731	Матеріал	select	prom-inval	Силікон | ABS-пластик	SX0539
9466	Вібратори	11988	Кріплення на присоску	select	binary		SX0539
9466	Вібратори	11953	Водонепроникний	select	db-inval	IPX7	SX0539
9466	Вібратори	11367	Телескопічний	select	binary		SX0539
9460	Еротичні приколи та сувеніри	13948	Тип товару	select	db	мило	SX2306
3139	Гель для душу	9502	Клас косметики	multiselect	none		SX1028
3139	Гель для душу	3002	Форма випуску	multiselect	none		SX1028
3139	Гель для душу	2856	Стать	multiselect	none		SX1028
3139	Гель для душу	1098	Об'єм	float	db-num	370	SX1028
3139	Гель для душу	51	Вид	multiselect	none		SX1028
3139	Гель для душу	2854	Призначення	multiselect	none		SX1028
3139	Гель для душу	3170	Дія	multiselect	none		SX1028
3139	Гель для душу	2868	Вікова група	multiselect	none		SX1028
9466	Вібратори	3369	Призначення	select	prom-inval	для стимуляції вульви	SO9558
9466	Вібратори	3106	Вид	select	none		SO9558
9466	Вібратори	3103	Тип приладу	select	text	вакуумний стимулятор	SO9558
9466	Вібратори	13037	Конструкція	select	none		SO9558
9466	Вібратори	10210	Керування через застосунок (Smart)	select	binary		SO9558
9466	Вібратори	9977	Кілька насадок	select	binary		SO9558
9466	Вібратори	4212	Кількість режимів роботи	select	none		SO9558
9466	Вібратори	11988	Кріплення на присоску	select	binary		SO9558
9466	Вібратори	11953	Водонепроникний	select	db-inval	IPX6	SO9558
9466	Вібратори	11367	Телескопічний	select	binary		SO9558
9464	Еротичні костюми	12923	Розмір	select	none		SX3604
7216	Еротична білизна	13949	Стать	select	none		SX1372
7216	Еротична білизна	13948	Тип товару	select	prom-inval	наліпки	SX1372
7216	Еротична білизна	12923	Розмір	select	none		SX1372
9526	Аксесуари до інтимних іграшок	78	Колір виробника	multiselect	text-many	ash, айс, бренді	SX0550
9466	Вібратори	10173	Підігрів	select	binary		SX0564
9466	Вібратори	3369	Призначення	select	prom-inval	для стимуляції вульви	SX0564
9466	Вібратори	3106	Вид	select	none		SX0564
9466	Вібратори	3103	Тип приладу	select	none		SX0564
9466	Вібратори	13037	Конструкція	select	none		SX0564
9466	Вібратори	10210	Керування через застосунок (Smart)	select	binary		SX0564
9466	Вібратори	9977	Кілька насадок	select	binary		SX0564
9466	Вібратори	11988	Кріплення на присоску	select	binary		SX0564
9466	Вібратори	11953	Водонепроникний	select	db-inval	IPX7	SX0564
9466	Вібратори	11367	Телескопічний	select	binary		SX0564
9628	Засоби для орального сексу	15766	Аромат	select	db	ванільний	SX1258
9628	Засоби для орального сексу	15743	Стать	select	db	унісекс	SX1258
9628	Засоби для орального сексу	15763	Тип	select	db	гель	SX1258
9628	Засоби для орального сексу	15765	Смак	select	db	ваніль	SX1258
9628	Засоби для орального сексу	15774	Тип упаковки	select	db	пляшка з дозатором	SX1258
9476	Екстендери та помпи	3369	Призначення	select	none		SX3005
9476	Екстендери та помпи	4801	Манометр	select	binary		SX3005
9476	Екстендери та помпи	5249	Тип помпи	multiselect	text	вакуумна	SX3005
9526	Аксесуари до інтимних іграшок	14747	Основний матеріал	select	none		SX1110
9526	Аксесуари до інтимних іграшок	78	Колір виробника	multiselect	text-many	ash, green, айс	SX1110
7216	Еротична білизна	13949	Стать	select	none		SO9643
7216	Еротична білизна	13948	Тип товару	select	db-inval	бандаж/фіксатор	SO9643
9466	Вібратори	10173	Підігрів	select	binary		SO8093
9466	Вібратори	3369	Призначення	select	prom-inval	для стимуляції грудей	SO8093
9466	Вібратори	3106	Вид	select	none		SO8093
9466	Вібратори	3103	Тип приладу	select	text	звуковий стимулятор	SO8093
9466	Вібратори	13037	Конструкція	select	none		SO8093
9466	Вібратори	10210	Керування через застосунок (Smart)	select	binary		SO8093
9466	Вібратори	9977	Кілька насадок	select	binary		SO8093
9466	Вібратори	12731	Матеріал	select	prom-inval	Силікон | ABS-пластик	SO8093
9466	Вібратори	11988	Кріплення на присоску	select	binary		SO8093
9466	Вібратори	11367	Телескопічний	select	binary		SO8093
9616	Аксесуари для страпонів	78	Колір виробника	multiselect	text-many	ash, мос, тан	SX2282
9468	Секс-ляльки	5223	Анальний отвір	select	binary		SX1444
9468	Секс-ляльки	5414	Тип фігури	select	none		SX1444
9468	Секс-ляльки	6092	Позиція тіла	select	none		SX1444
9468	Секс-ляльки	6303	Тип ляльки	select	none		SX1444
9468	Секс-ляльки	6151	Стать ляльки	select	none		SX1444
9468	Секс-ляльки	4251	Сенсорне реагування	select	binary		SX1444
9468	Секс-ляльки	4793	Звукові ефекти	select	binary		SX1444
9468	Секс-ляльки	5255	Вагінальний отвір	select	binary		SX1444
9468	Секс-ляльки	5262	Колір волосся	select	none		SX1444
9468	Секс-ляльки	5024	Сумісність з VR	select	binary		SX1444
9468	Секс-ляльки	5181	Статевий член	select	binary		SX1444
9468	Секс-ляльки	5197	Оральний отвір	select	binary		SX1444
9466	Вібратори	10173	Підігрів	select	binary		SX0521
9466	Вібратори	3369	Призначення	select	prom-inval	для стимуляції вульви	SX0521
9466	Вібратори	3106	Вид	select	none		SX0521
9466	Вібратори	3103	Тип приладу	select	none		SX0521
9466	Вібратори	13037	Конструкція	select	none		SX0521
9466	Вібратори	10210	Керування через застосунок (Smart)	select	binary-hint	smart	SX0521
9466	Вібратори	9977	Кілька насадок	select	binary		SX0521
9466	Вібратори	12731	Матеріал	select	prom-inval	Силікон | ABS-пластик	SX0521
9466	Вібратори	11988	Кріплення на присоску	select	binary		SX0521
9466	Вібратори	11953	Водонепроникний	select	db-inval	IPX7	SX0521
9466	Вібратори	11367	Телескопічний	select	binary		SX0521
9458	Фетиш та BDSM	12731	Матеріал	select	prom-inval	Джут	SX1676
9466	Вібратори	10173	Підігрів	select	binary		SO9620
9466	Вібратори	3369	Призначення	select	prom-inval	для стимуляції вульви	SO9620
9466	Вібратори	3106	Вид	select	none		SO9620
9466	Вібратори	3103	Тип приладу	select	none		SO9620
9466	Вібратори	13037	Конструкція	select	none		SO9620
9466	Вібратори	10210	Керування через застосунок (Smart)	select	binary		SO9620
9466	Вібратори	9977	Кілька насадок	select	binary		SO9620
9466	Вібратори	4212	Кількість режимів роботи	select	none		SO9620
9466	Вібратори	11988	Кріплення на присоску	select	binary		SO9620
9466	Вібратори	11953	Водонепроникний	select	db-inval	IPX7	SO9620
9466	Вібратори	11367	Телескопічний	select	binary		SO9620
9616	Аксесуари для страпонів	78	Колір виробника	multiselect	text-many	ash, black, крем	SO9005
9628	Засоби для орального сексу	15766	Аромат	select	db	м'ятний	SX1259
9628	Засоби для орального сексу	15743	Стать	select	db	унісекс	SX1259
9628	Засоби для орального сексу	15763	Тип	select	db	гель	SX1259
9628	Засоби для орального сексу	15765	Смак	select	db-inval	м'ятна жуйка	SX1259
9628	Засоби для орального сексу	15774	Тип упаковки	select	db	пляшка з дозатором	SX1259
9526	Аксесуари до інтимних іграшок	14747	Основний матеріал	select	none		SO9467
9526	Аксесуари до інтимних іграшок	78	Колір виробника	multiselect	text-many	ash, red, wine	SO9467
9466	Вібратори	10173	Підігрів	select	binary		SO9617
9466	Вібратори	3369	Призначення	select	prom-inval	для стимуляції вульви	SO9617
9466	Вібратори	3106	Вид	select	none		SO9617
9466	Вібратори	3103	Тип приладу	select	text-many	вакуумний стимулятор, віброяйця	SO9617
9466	Вібратори	13037	Конструкція	select	none		SO9617
9466	Вібратори	10210	Керування через застосунок (Smart)	select	binary		SO9617
9466	Вібратори	9977	Кілька насадок	select	binary		SO9617
9466	Вібратори	4212	Кількість режимів роботи	select	none		SO9617
9466	Вібратори	11988	Кріплення на присоску	select	binary		SO9617
9466	Вібратори	11953	Водонепроникний	select	db-inval	IPX7	SO9617
9466	Вібратори	11367	Телескопічний	select	binary		SO9617
9632	Олія для еротичного масажу	15758	Без ароматизаторів	select	binary		SX1492
9632	Олія для еротичного масажу	15757	Без гліцерину	select	binary		SX1492
9632	Олія для еротичного масажу	15756	Без парабенів	select	binary		SX1492
9632	Олія для еротичного масажу	15755	Органічний продукт	select	binary		SX1492
9632	Олія для еротичного масажу	15754	Їстівна формула	select	binary		SX1492
9632	Олія для еротичного масажу	15753	Антистресовий	select	binary		SX1492
9632	Олія для еротичного масажу	15752	Пом'якшуючий	select	binary		SX1492
9632	Олія для еротичного масажу	15749	Збуджуючий	select	binary		SX1492
9632	Олія для еротичного масажу	15744	Аромат	select	none		SX1492
9632	Олія для еротичного масажу	15743	Стать	select	none		SX1492
9632	Олія для еротичного масажу	15742	Об’єм	select	prom-inval	150	SX1492
9632	Олія для еротичного масажу	15741	Кількість	select	none		SX1492
9632	Олія для еротичного масажу	15745	Зігріваючий	select	binary		SX1492
9632	Олія для еротичного масажу	15746	Охолоджуючий	select	binary		SX1492
9632	Олія для еротичного масажу	15747	Розслаблюючий	select	binary		SX1492
9632	Олія для еротичного масажу	15748	Тонізуючий	select	binary		SX1492
9632	Олія для еротичного масажу	15759	З феромонами	select	binary		SX1492
9526	Аксесуари до інтимних іграшок	78	Колір виробника	multiselect	text-many	100, ash, біла	SX1181
9526	Аксесуари до інтимних іграшок	2845	Колір	select	none		SX1181
9464	Еротичні костюми	12923	Розмір	select	none		SX1191
7216	Еротична білизна	13949	Стать	select	none		SO9641
7216	Еротична білизна	13948	Тип товару	select	db-inval	бандаж/фіксатор	SO9641
9474	Насадки на член	13039	Вид	select	db	реалістичні	SX1456
9526	Аксесуари до інтимних іграшок	14746	Тип аксесуара	select	db	зарядний кабель	SX1114
9526	Аксесуари до інтимних іграшок	78	Колір виробника	multiselect	none		SX1114
9526	Аксесуари до інтимних іграшок	2845	Колір	select	none		SX1114
9616	Аксесуари для страпонів	78	Колір виробника	multiselect	text-many	ash, айс, грі	SO9614
9464	Еротичні костюми	12923	Розмір	select	none		SO9179
9628	Засоби для орального сексу	15766	Аромат	select	db	ванільний	SX1267
9628	Засоби для орального сексу	15743	Стать	select	db	унісекс	SX1267
9628	Засоби для орального сексу	15763	Тип	select	db	гель	SX1267
9628	Засоби для орального сексу	15765	Смак	select	db	ваніль	SX1267
9628	Засоби для орального сексу	15774	Тип упаковки	select	db	пляшка з дозатором	SX1267
7216	Еротична білизна	13949	Стать	select	none		SX3067
7216	Еротична білизна	13948	Тип товару	select	prom-inval	портупея/збруя	SX3067
7216	Еротична білизна	12923	Розмір	select	none		SX3067
9474	Насадки на член	13039	Вид	select	db	реалістичні	SX1459
9480	Фалоімітатори	13039	Вид	select	db	реалістичні	SX0593
9470	Ерекційні кільця	13037	Конструкція	select	db-inval	односторонні	SO9692
9470	Ерекційні кільця	3369	Призначення	select	db-inval	кліторні	SO9692
9526	Аксесуари до інтимних іграшок	14746	Тип аксесуара	select	prom	насадка	SX3467
9526	Аксесуари до інтимних іграшок	78	Колір виробника	multiselect	text-many	ніч, нічний	SX3467
9526	Аксесуари до інтимних іграшок	2845	Колір	select	none		SX3467
2479	Подарункові коробки	8276	Кількість	float	none		SO8909
2479	Подарункові коробки	111	Ширина	float	none		SO8909
2479	Подарункові коробки	3997	Розмір	select	none		SO8909
2479	Подарункові коробки	2469	Стать	multiselect	none		SO8909
2479	Подарункові коробки	2470	Довжина	float	none		SO8909
2479	Подарункові коробки	11030	Форма	multiselect	none		SO8909
2479	Подарункові коробки	52	Матеріал	multiselect	prom-inval	щільний картон	SO8909
2479	Подарункові коробки	50	Тип	multiselect	none		SO8909
2479	Подарункові коробки	110	Висота	float	none		SO8909
2479	Подарункові коробки	51	Вид	multiselect	none		SO8909
2479	Подарункові коробки	78	Колір виробника	multiselect	none		SO8909
9466	Вібратори	10173	Підігрів	select	binary		SX0535
9466	Вібратори	3369	Призначення	select	prom-inval	для стимуляції грудей	SX0535
9466	Вібратори	3106	Вид	select	none		SX0535
9466	Вібратори	3103	Тип приладу	select	text	вакуумний стимулятор	SX0535
9466	Вібратори	13037	Конструкція	select	none		SX0535
9466	Вібратори	10210	Керування через застосунок (Smart)	select	binary		SX0535
9466	Вібратори	9977	Кілька насадок	select	binary		SX0535
9466	Вібратори	11988	Кріплення на присоску	select	binary		SX0535
9466	Вібратори	11953	Водонепроникний	select	db-inval	IPX7	SX0535
9466	Вібратори	11367	Телескопічний	select	binary		SX0535
9616	Аксесуари для страпонів	78	Колір виробника	multiselect	text-many	ash, black, крем	SO8993
9464	Еротичні костюми	12923	Розмір	select	none		SX1190
9458	Фетиш та BDSM	12731	Матеріал	select	none		SX0898
9458	Фетиш та BDSM	13948	Тип товару	select	none		SX0898
9466	Вібратори	10173	Підігрів	select	binary		SO9849
9466	Вібратори	3369	Призначення	select	prom-inval	для стимуляції вульви	SO9849
9466	Вібратори	3106	Вид	select	none		SO9849
9466	Вібратори	3103	Тип приладу	select	text	вакуумний стимулятор	SO9849
9466	Вібратори	13037	Конструкція	select	none		SO9849
9466	Вібратори	10210	Керування через застосунок (Smart)	select	binary-hint	застосун	SO9849
9466	Вібратори	9977	Кілька насадок	select	binary		SO9849
9466	Вібратори	11988	Кріплення на присоску	select	binary		SO9849
9466	Вібратори	11953	Водонепроникний	select	db-inval	IPX7	SO9849
9466	Вібратори	11367	Телескопічний	select	binary		SO9849
9632	Олія для еротичного масажу	15744	Аромат	select	db	ваніль	SO9834
9632	Олія для еротичного масажу	15743	Стать	select	db	для чоловіків	SO9834
9632	Олія для еротичного масажу	15742	Об’єм	select	db-inval	59	SO9834
9632	Олія для еротичного масажу	15741	Кількість	select	none		SO9834
9632	Олія для еротичного масажу	15758	Без ароматизаторів	select	binary		SX1494
9632	Олія для еротичного масажу	15757	Без гліцерину	select	binary		SX1494
9632	Олія для еротичного масажу	15756	Без парабенів	select	binary		SX1494
9632	Олія для еротичного масажу	15755	Органічний продукт	select	binary		SX1494
9632	Олія для еротичного масажу	15754	Їстівна формула	select	binary		SX1494
9632	Олія для еротичного масажу	15753	Антистресовий	select	binary		SX1494
9632	Олія для еротичного масажу	15752	Пом'якшуючий	select	binary		SX1494
9632	Олія для еротичного масажу	15749	Збуджуючий	select	binary		SX1494
9632	Олія для еротичного масажу	15744	Аромат	select	none		SX1494
9632	Олія для еротичного масажу	15743	Стать	select	none		SX1494
9632	Олія для еротичного масажу	15742	Об’єм	select	prom-inval	150	SX1494
9632	Олія для еротичного масажу	15741	Кількість	select	none		SX1494
9632	Олія для еротичного масажу	15745	Зігріваючий	select	binary		SX1494
9632	Олія для еротичного масажу	15746	Охолоджуючий	select	binary		SX1494
9632	Олія для еротичного масажу	15747	Розслаблюючий	select	binary		SX1494
9632	Олія для еротичного масажу	15748	Тонізуючий	select	binary		SX1494
9632	Олія для еротичного масажу	15759	З феромонами	select	binary		SX1494
9466	Вібратори	10173	Підігрів	select	binary		SO9678
9466	Вібратори	3369	Призначення	select	prom-inval	для стимуляції вульви	SO9678
9466	Вібратори	3106	Вид	select	none		SO9678
9466	Вібратори	3103	Тип приладу	select	none		SO9678
9466	Вібратори	13037	Конструкція	select	none		SO9678
9466	Вібратори	10210	Керування через застосунок (Smart)	select	binary-hint	застосун	SO9678
9466	Вібратори	9977	Кілька насадок	select	binary		SO9678
9466	Вібратори	11988	Кріплення на присоску	select	binary		SO9678
9466	Вібратори	11367	Телескопічний	select	binary		SO9678
9448	Догляд за секс-іграшками	14036	Дія	select	db	антибактеріальна дезінфекція	SX3224
9448	Догляд за секс-іграшками	14024	Тип засобу	select	db	спрей	SX3224
9466	Вібратори	10173	Підігрів	select	binary		SO9401
9466	Вібратори	3369	Призначення	select	prom-inval	для стимуляції грудей	SO9401
9466	Вібратори	3106	Вид	select	none		SO9401
9466	Вібратори	3103	Тип приладу	select	text-many	вакуумний стимулятор, віброяйця	SO9401
9466	Вібратори	13037	Конструкція	select	none		SO9401
9466	Вібратори	10210	Керування через застосунок (Smart)	select	binary		SO9401
9466	Вібратори	9977	Кілька насадок	select	binary		SO9401
9466	Вібратори	11988	Кріплення на присоску	select	binary		SO9401
9466	Вібратори	11953	Водонепроникний	select	db-inval	IPX6	SO9401
9466	Вібратори	11367	Телескопічний	select	binary		SO9401
9616	Аксесуари для страпонів	78	Колір виробника	multiselect	text-many	black, тан, у кольорі	SX2852
9458	Фетиш та BDSM	12731	Матеріал	select	prom-inval	цинковий сплав	SO9520
9474	Насадки на член	13039	Вид	select	db	реалістичні	SX1462
9616	Аксесуари для страпонів	78	Колір виробника	multiselect	text-many	ash, black, крем	SO8994
9460	Еротичні приколи та сувеніри	12731	Матеріал	select	none		SX3036
9620	Аксесуари для мастурбаторів	15298	Тип аксесуару	select	db	рукав	SX1307
9620	Аксесуари для мастурбаторів	78	Колір виробника	multiselect	none		SX1307
9616	Аксесуари для страпонів	78	Колір виробника	multiselect	text-many	100, ash, black	SX3524
9458	Фетиш та BDSM	13948	Тип товару	select	db	батіг/флогер	SO9461
9578	Меблі для сексу	15733	Нековзкі ніжки	select	binary		SO8287
9578	Меблі для сексу	15723	Вібрація	select	binary		SO8287
9578	Меблі для сексу	762	Вага	float	none		SO8287
9578	Меблі для сексу	2470	Довжина	float	none		SO8287
9578	Меблі для сексу	15720	Основний матеріал	select	none		SO8287
9578	Меблі для сексу	15719	Тип	select	none		SO8287
9578	Меблі для сексу	15729	Дзеркальні елементи	select	binary		SO8287
9578	Меблі для сексу	15728	Ремені для фіксації	select	binary		SO8287
9578	Меблі для сексу	15724	Підігрів	select	binary		SO8287
9578	Меблі для сексу	15732	Сумісність з аксесуарами	select	binary		SO8287
9578	Меблі для сексу	15731	Складана конструкція	select	binary		SO8287
9578	Меблі для сексу	15730	Колеса для переміщення	select	binary		SO8287
9578	Меблі для сексу	111	Ширина	float	none		SO8287
9578	Меблі для сексу	110	Висота	float	none		SO8287
9616	Аксесуари для страпонів	78	Колір виробника	multiselect	text-many	ash, org, red	SO9465
9620	Аксесуари для мастурбаторів	15298	Тип аксесуару	select	db	адаптер	SX3203
9620	Аксесуари для мастурбаторів	78	Колір виробника	multiselect	none		SX3203
9550	Анальний душ	78	Колір виробника	multiselect	text-many	ash, black, приз	SO9858
9550	Анальний душ	757	Довжина шланга	float	none		SO9858
9458	Фетиш та BDSM	12731	Матеріал	select	prom-inval	еластична сітка з малюнком, має дуже еротичний і водночас ніжний вигляд; дизайн:	SX1373
9466	Вібратори	10173	Підігрів	select	binary		SX0536
9466	Вібратори	3369	Призначення	select	prom-inval	для стимуляції грудей	SX0536
9466	Вібратори	3106	Вид	select	none		SX0536
9466	Вібратори	3103	Тип приладу	select	text	вакуумний стимулятор	SX0536
9466	Вібратори	13037	Конструкція	select	none		SX0536
9466	Вібратори	10210	Керування через застосунок (Smart)	select	binary		SX0536
9466	Вібратори	9977	Кілька насадок	select	binary		SX0536
9466	Вібратори	11988	Кріплення на присоску	select	binary		SX0536
9466	Вібратори	11953	Водонепроникний	select	db-inval	IPX4	SX0536
9466	Вібратори	11367	Телескопічний	select	binary		SX0536
9474	Насадки на член	13039	Вид	select	db	реалістичні	SX1465
9460	Еротичні приколи та сувеніри	12731	Матеріал	select	none		SX3039
9466	Вібратори	3369	Призначення	select	db	вагінальні	SX1215
9466	Вібратори	3106	Вид	select	db	нереалістичні	SX1215
9466	Вібратори	3103	Тип приладу	select	db	вібратор для пар	SX1215
9466	Вібратори	13037	Конструкція	select	db	односторонні	SX1215
9630	Свічки для інтимного масажу	15742	Об’єм	select	prom-inval	65	SX2283
9630	Свічки для інтимного масажу	15741	Кількість	select	none		SX2283
9466	Вібратори	10173	Підігрів	select	binary		SX0543
9466	Вібратори	3369	Призначення	select	prom-inval	для стимуляції вульви	SX0543
9466	Вібратори	3106	Вид	select	none		SX0543
9466	Вібратори	3103	Тип приладу	select	text	вакуумний стимулятор	SX0543
9466	Вібратори	13037	Конструкція	select	none		SX0543
9466	Вібратори	10210	Керування через застосунок (Smart)	select	binary		SX0543
9466	Вібратори	9977	Кілька насадок	select	binary		SX0543
9466	Вібратори	11988	Кріплення на присоску	select	binary		SX0543
9466	Вібратори	11953	Водонепроникний	select	db-inval	IPX7	SX0543
9466	Вібратори	11367	Телескопічний	select	binary		SX0543
9630	Свічки для інтимного масажу	15742	Об’єм	select	none		SO9341
9630	Свічки для інтимного масажу	15741	Кількість	select	none		SO9341
7216	Еротична білизна	13949	Стать	select	none		SX1371
7216	Еротична білизна	13948	Тип товару	select	prom-inval	наліпки	SX1371
7216	Еротична білизна	12923	Розмір	select	none		SX1371
9466	Вібратори	10173	Підігрів	select	binary		SO9601
9466	Вібратори	3369	Призначення	select	prom-inval	для стимуляції вульви	SO9601
9466	Вібратори	3106	Вид	select	none		SO9601
9466	Вібратори	3103	Тип приладу	select	none		SO9601
9466	Вібратори	13037	Конструкція	select	none		SO9601
9466	Вібратори	10210	Керування через застосунок (Smart)	select	binary-hint	застосун	SO9601
9466	Вібратори	9977	Кілька насадок	select	binary		SO9601
9466	Вібратори	12731	Матеріал	select	prom-inval	Силікон | ABS-пластик	SO9601
9466	Вібратори	11988	Кріплення на присоску	select	binary		SO9601
9466	Вібратори	11367	Телескопічний	select	binary		SO9601
9466	Вібратори	10173	Підігрів	select	binary		SO9397
9466	Вібратори	3369	Призначення	select	prom-inval	для стимуляції грудей	SO9397
9466	Вібратори	3106	Вид	select	none		SO9397
9466	Вібратори	3103	Тип приладу	select	none		SO9397
9466	Вібратори	13037	Конструкція	select	none		SO9397
9466	Вібратори	10210	Керування через застосунок (Smart)	select	binary		SO9397
9466	Вібратори	9977	Кілька насадок	select	binary		SO9397
9466	Вібратори	11988	Кріплення на присоску	select	binary		SO9397
9466	Вібратори	11953	Водонепроникний	select	db-inval	IPX6	SO9397
9466	Вібратори	11367	Телескопічний	select	binary		SO9397
9466	Вібратори	10173	Підігрів	select	binary		SX2685
9466	Вібратори	3369	Призначення	select	prom-inval	для стимуляції грудей	SX2685
9466	Вібратори	3106	Вид	select	none		SX2685
9466	Вібратори	3103	Тип приладу	select	none		SX2685
9466	Вібратори	13037	Конструкція	select	none		SX2685
9466	Вібратори	10210	Керування через застосунок (Smart)	select	binary		SX2685
9466	Вібратори	11988	Кріплення на присоску	select	binary		SX2685
9466	Вібратори	11953	Водонепроникний	select	db-inval	IPX5	SX2685
9466	Вібратори	11367	Телескопічний	select	binary		SX2685
3139	Гель для душу	9502	Клас косметики	multiselect	none		SX2888
3139	Гель для душу	3002	Форма випуску	multiselect	none		SX2888
3139	Гель для душу	2856	Стать	multiselect	none		SX2888
3139	Гель для душу	1098	Об'єм	float	prom-num	236	SX2888
3139	Гель для душу	51	Вид	multiselect	none		SX2888
3139	Гель для душу	2854	Призначення	multiselect	text	для душу	SX2888
3139	Гель для душу	3170	Дія	multiselect	none		SX2888
3139	Гель для душу	2868	Вікова група	multiselect	none		SX2888
9474	Насадки на член	13039	Вид	select	db	реалістичні	SX1461
9458	Фетиш та BDSM	13948	Тип товару	select	db	батіг/флогер	SO9462
9578	Меблі для сексу	762	Вага	float	none		SX1192
9578	Меблі для сексу	2470	Довжина	float	none		SX1192
9578	Меблі для сексу	15720	Основний матеріал	select	db	текстиль	SX1192
9578	Меблі для сексу	15719	Тип	select	db	позиційна подушка	SX1192
9578	Меблі для сексу	111	Ширина	float	none		SX1192
9578	Меблі для сексу	110	Висота	float	none		SX1192
9466	Вібратори	10173	Підігрів	select	binary		SX1339
9466	Вібратори	3369	Призначення	select	prom-inval	для стимуляції грудей	SX1339
9466	Вібратори	3106	Вид	select	none		SX1339
9466	Вібратори	3103	Тип приладу	select	text	вакуумний стимулятор	SX1339
9466	Вібратори	13037	Конструкція	select	none		SX1339
9466	Вібратори	10210	Керування через застосунок (Smart)	select	binary		SX1339
9466	Вібратори	11988	Кріплення на присоску	select	binary		SX1339
9466	Вібратори	11953	Водонепроникний	select	db-inval	IPX5	SX1339
9466	Вібратори	11367	Телескопічний	select	binary		SX1339
9632	Олія для еротичного масажу	15758	Без ароматизаторів	select	binary		SX1545
9632	Олія для еротичного масажу	15757	Без гліцерину	select	binary		SX1545
9632	Олія для еротичного масажу	15756	Без парабенів	select	binary		SX1545
9632	Олія для еротичного масажу	15755	Органічний продукт	select	binary		SX1545
9632	Олія для еротичного масажу	15754	Їстівна формула	select	binary		SX1545
9632	Олія для еротичного масажу	15753	Антистресовий	select	binary		SX1545
9632	Олія для еротичного масажу	15752	Пом'якшуючий	select	binary		SX1545
9632	Олія для еротичного масажу	15750	Зволожуючий	select	binary		SX1545
9632	Олія для еротичного масажу	15744	Аромат	select	text	мікс	SX1545
9632	Олія для еротичного масажу	15743	Стать	select	none		SX1545
9632	Олія для еротичного масажу	15742	Об’єм	select	prom-inval	30	SX1545
9632	Олія для еротичного масажу	15741	Кількість	select	text	набір	SX1545
9632	Олія для еротичного масажу	15745	Зігріваючий	select	binary		SX1545
9632	Олія для еротичного масажу	15746	Охолоджуючий	select	binary		SX1545
9632	Олія для еротичного масажу	15747	Розслаблюючий	select	binary		SX1545
9632	Олія для еротичного масажу	15748	Тонізуючий	select	binary		SX1545
9632	Олія для еротичного масажу	15759	З феромонами	select	binary		SX1545
9616	Аксесуари для страпонів	78	Колір виробника	multiselect	text-many	ash, black, крем	SO8984
9466	Вібратори	3369	Призначення	select	prom-inval	для стимуляції вульви	SO9559
9466	Вібратори	3106	Вид	select	none		SO9559
9466	Вібратори	3103	Тип приладу	select	text	вакуумний стимулятор	SO9559
9466	Вібратори	13037	Конструкція	select	none		SO9559
9466	Вібратори	10210	Керування через застосунок (Smart)	select	binary		SO9559
9466	Вібратори	9977	Кілька насадок	select	binary		SO9559
9466	Вібратори	4212	Кількість режимів роботи	select	none		SO9559
9466	Вібратори	11988	Кріплення на присоску	select	binary		SO9559
9466	Вібратори	11953	Водонепроникний	select	db-inval	IPX6	SO9559
9466	Вібратори	11367	Телескопічний	select	binary		SO9559
7216	Еротична білизна	13949	Стать	select	none		SO9415
7216	Еротична білизна	13948	Тип товару	select	db-inval	бандаж/фіксатор	SO9415
7216	Еротична білизна	12923	Розмір	select	none		SO9415
9616	Аксесуари для страпонів	78	Колір виробника	multiselect	text-many	ash, айс, грі	SO9613
9632	Олія для еротичного масажу	15758	Без ароматизаторів	select	binary		SX1493
9632	Олія для еротичного масажу	15757	Без гліцерину	select	binary		SX1493
9632	Олія для еротичного масажу	15756	Без парабенів	select	binary		SX1493
9632	Олія для еротичного масажу	15755	Органічний продукт	select	binary		SX1493
9632	Олія для еротичного масажу	15754	Їстівна формула	select	binary		SX1493
9632	Олія для еротичного масажу	15753	Антистресовий	select	binary		SX1493
9632	Олія для еротичного масажу	15752	Пом'якшуючий	select	binary		SX1493
9632	Олія для еротичного масажу	15749	Збуджуючий	select	binary		SX1493
9632	Олія для еротичного масажу	15744	Аромат	select	none		SX1493
9632	Олія для еротичного масажу	15743	Стать	select	none		SX1493
9632	Олія для еротичного масажу	15742	Об’єм	select	prom-inval	150	SX1493
9632	Олія для еротичного масажу	15741	Кількість	select	none		SX1493
9632	Олія для еротичного масажу	15745	Зігріваючий	select	binary		SX1493
9632	Олія для еротичного масажу	15746	Охолоджуючий	select	binary		SX1493
9632	Олія для еротичного масажу	15747	Розслаблюючий	select	binary		SX1493
9632	Олія для еротичного масажу	15748	Тонізуючий	select	binary		SX1493
9632	Олія для еротичного масажу	15759	З феромонами	select	binary		SX1493
9484	Анальні пробки	13948	Тип товару	select	db	анальний душ	SX0519
9484	Анальні пробки	11098	Тип живлення	select	prom-inval	Батарейки	SX0519
9466	Вібратори	10173	Підігрів	select	binary		SX3856
9466	Вібратори	3369	Призначення	select	prom-inval	для покращення ерекції	SX3856
9466	Вібратори	3106	Вид	select	none		SX3856
9466	Вібратори	3103	Тип приладу	select	none		SX3856
9466	Вібратори	13037	Конструкція	select	none		SX3856
9466	Вібратори	10210	Керування через застосунок (Smart)	select	binary-hint	застосун	SX3856
9466	Вібратори	9977	Кілька насадок	select	binary		SX3856
9466	Вібратори	12731	Матеріал	select	none		SX3856
9466	Вібратори	11988	Кріплення на присоску	select	binary		SX3856
9466	Вібратори	11367	Телескопічний	select	binary		SX3856
9474	Насадки на член	13039	Вид	select	db	нереалістичні	SX4040
9466	Вібратори	10173	Підігрів	select	binary		SO8754
9466	Вібратори	3369	Призначення	select	prom-inval	для стимуляції вульви	SO8754
9466	Вібратори	3106	Вид	select	none		SO8754
9466	Вібратори	3103	Тип приладу	select	none		SO8754
9466	Вібратори	13037	Конструкція	select	none		SO8754
9466	Вібратори	10210	Керування через застосунок (Smart)	select	binary-hint	smart	SO8754
9466	Вібратори	12731	Матеріал	select	prom-inval	Силікон | ABS-пластик	SO8754
9466	Вібратори	11988	Кріплення на присоску	select	binary		SO8754
9466	Вібратори	11953	Водонепроникний	select	db-inval	IPX7	SO8754
9466	Вібратори	11367	Телескопічний	select	binary		SO8754
9616	Аксесуари для страпонів	78	Колір виробника	multiselect	text-many	ash, black, крем	SO8985
9526	Аксесуари до інтимних іграшок	14746	Тип аксесуара	select	none		SX2300
9526	Аксесуари до інтимних іграшок	14747	Основний матеріал	select	none		SX2300
9526	Аксесуари до інтимних іграшок	78	Колір виробника	multiselect	text-many	лайт, лід, приз	SX2300
9526	Аксесуари до інтимних іграшок	2845	Колір	select	none		SX2300
9472	Мастурбатори	3106	Вид	select	db	нереалістичні	SO8400
9548	Анальні розширювачі	918	Загальна довжина	float	none		SX0811
9548	Анальні розширювачі	1848	Робоча довжина	float	none		SX0811
9548	Анальні розширювачі	12097	Базовий колір	multiselect	text	чорний	SX0811
9548	Анальні розширювачі	14747	Основний матеріал	select	text	силікон	SX0811
9548	Анальні розширювачі	14795	Призначення	select	none		SX0811
9548	Анальні розширювачі	14796	Формат продажу	select	none		SX0811
9548	Анальні розширювачі	14797	Матеріал покриття	select	none		SX0811
9548	Анальні розширювачі	14798	Текстура поверхні	select	none		SX0811
9548	Анальні розширювачі	14799	Вібрація	select	binary		SX0811
9548	Анальні розширювачі	14800	З можливістю накачування	select	binary		SX0811
9548	Анальні розширювачі	14801	Можна використовувати у воді	select	binary		SX0811
9548	Анальні розширювачі	14802	Наявність шийки	select	binary		SX0811
9548	Анальні розширювачі	14803	Пульт керування	select	binary		SX0811
9548	Анальні розширювачі	14804	Мобільний додаток	select	binary		SX0811
9548	Анальні розширювачі	14805	Без фталатів	select	binary		SX0811
9548	Анальні розширювачі	78	Колір виробника	multiselect	text-many	ash, він, крем	SX0811
9548	Анальні розширювачі	1892	Максимальний діаметр	float	none		SX0811
9548	Анальні розширювачі	8999	Мінімальний діаметр	float	none		SX0811
9548	Анальні розширювачі	5358	Форма	select	prom-inval	фігурна	SX0811
9548	Анальні розширювачі	5260	Тип живлення	select	none		SX0811
9548	Анальні розширювачі	11932	Рівень жорсткості	select	none		SX0811
9548	Анальні розширювачі	918	Загальна довжина	float	none		SX1187
9548	Анальні розширювачі	1848	Робоча довжина	float	none		SX1187
9548	Анальні розширювачі	78	Колір виробника	multiselect	text	stainless	SX1187
9466	Вібратори	10173	Підігрів	select	binary		SX2162
9466	Вібратори	3369	Призначення	select	prom-inval	для стимуляції грудей	SX2162
9466	Вібратори	3106	Вид	select	none		SX2162
9466	Вібратори	3103	Тип приладу	select	text	вакуумний стимулятор	SX2162
9466	Вібратори	13037	Конструкція	select	none		SX2162
9466	Вібратори	10210	Керування через застосунок (Smart)	select	binary		SX2162
9466	Вібратори	9977	Кілька насадок	select	binary		SX2162
9466	Вібратори	11988	Кріплення на присоску	select	binary		SX2162
9466	Вібратори	11953	Водонепроникний	select	db-inval	IPX7	SX2162
9466	Вібратори	11367	Телескопічний	select	binary		SX2162
9632	Олія для еротичного масажу	15742	Об’єм	select	prom-inval	50	SX3010
9632	Олія для еротичного масажу	15741	Кількість	select	none		SX3010
9474	Насадки на член	13039	Вид	select	db	реалістичні	SX1453
9526	Аксесуари до інтимних іграшок	78	Колір виробника	multiselect	text-many	ash, айс, бренді	SX0554
6726	Крем для гоління	9502	Клас косметики	multiselect	none		SX2882
6726	Крем для гоління	3086	Призначення	multiselect	text	для гоління	SX2882
6726	Крем для гоління	1098	Об'єм	float	prom-num	236	SX2882
6726	Крем для гоління	2855	Тип шкіри	multiselect	none		SX2882
6726	Крем для гоління	150	Вага	float	none		SX2882
6726	Крем для гоління	3087	Тип засобу	select	text	крем	SX2882
9478	Вагінальні кульки та тренажери	13954	Тип товару	select	db	кульки	SX3170
9466	Вібратори	10173	Підігрів	select	binary		SO8738
9466	Вібратори	3369	Призначення	select	prom-inval	для стимуляції вульви	SO8738
9466	Вібратори	3106	Вид	select	none		SO8738
9466	Вібратори	3103	Тип приладу	select	none		SO8738
9466	Вібратори	13037	Конструкція	select	none		SO8738
9466	Вібратори	10210	Керування через застосунок (Smart)	select	binary		SO8738
9466	Вібратори	9977	Кілька насадок	select	binary		SO8738
9466	Вібратори	12731	Матеріал	select	prom-inval	Силікон | ABS-пластик	SO8738
9466	Вібратори	11988	Кріплення на присоску	select	binary		SO8738
9466	Вібратори	11953	Водонепроникний	select	db-inval	IPX7	SO8738
9466	Вібратори	11367	Телескопічний	select	binary		SO8738
9628	Засоби для орального сексу	15766	Аромат	select	db	ягідний	SO9819
9628	Засоби для орального сексу	15743	Стать	select	db	унісекс	SO9819
9628	Засоби для орального сексу	15763	Тип	select	db	льодяники	SO9819
9628	Засоби для орального сексу	15765	Смак	select	db	без смаку	SO9819
9628	Засоби для орального сексу	15774	Тип упаковки	select	db	пляшка з дозатором	SO9819
9470	Ерекційні кільця	13037	Конструкція	select	prom-inval	односторонні	SX1608
9470	Ерекційні кільця	3369	Призначення	select	prom-inval	вагінально-кліторні	SX1608
9472	Мастурбатори	12731	Матеріал	select	prom-inval	Поліуретан	SX3180
9448	Догляд за секс-іграшками	14036	Дія	select	db	антибактеріальна дезінфекція	SX1118
9448	Догляд за секс-іграшками	14024	Тип засобу	select	db	спрей	SX1118
9458	Фетиш та BDSM	13948	Тип товару	select	db	нашийник	SX1678
9466	Вібратори	10173	Підігрів	select	binary		SX0698
9466	Вібратори	3369	Призначення	select	prom-inval	для стимуляції вульви	SX0698
9466	Вібратори	3106	Вид	select	none		SX0698
9466	Вібратори	3103	Тип приладу	select	text	звуковий стимулятор	SX0698
9466	Вібратори	13037	Конструкція	select	none		SX0698
9466	Вібратори	10210	Керування через застосунок (Smart)	select	binary		SX0698
9466	Вібратори	9977	Кілька насадок	select	binary		SX0698
9466	Вібратори	12731	Матеріал	select	prom-inval	Силікон | ABS-пластик	SX0698
9466	Вібратори	11988	Кріплення на присоску	select	binary		SX0698
9466	Вібратори	11367	Телескопічний	select	binary		SX0698
9550	Анальний душ	78	Колір виробника	multiselect	text-many	ink, крем, мос	SX0886
9550	Анальний душ	757	Довжина шланга	float	none		SX0886
9458	Фетиш та BDSM	13948	Тип товару	select	db	ляпалка/тоуза	SX3974
9470	Ерекційні кільця	13037	Конструкція	select	prom-inval	з мошонкою	SX3052
9470	Ерекційні кільця	3369	Призначення	select	prom-inval	вагінальні	SX3052
9466	Вібратори	10173	Підігрів	select	binary		SX0699
9466	Вібратори	3369	Призначення	select	prom-inval	для стимуляції вульви	SX0699
9466	Вібратори	3106	Вид	select	none		SX0699
9466	Вібратори	3103	Тип приладу	select	text	звуковий стимулятор	SX0699
9466	Вібратори	13037	Конструкція	select	none		SX0699
9466	Вібратори	10210	Керування через застосунок (Smart)	select	binary		SX0699
9466	Вібратори	9977	Кілька насадок	select	binary		SX0699
9466	Вібратори	12731	Матеріал	select	prom-inval	Силікон | ABS-пластик	SX0699
9466	Вібратори	11988	Кріплення на присоску	select	binary		SX0699
9466	Вібратори	11367	Телескопічний	select	binary		SX0699
5116	Менструальні чаші	12097	Базовий колір	multiselect	none		SX3683
5116	Менструальні чаші	5406	Ароматизовані	select	binary		SX3683
5116	Менструальні чаші	78	Колір виробника	multiselect	text-many	ash, black, агат	SX3683
5116	Менструальні чаші	1098	Об'єм	float	prom-num	20	SX3683
5116	Менструальні чаші	2847	Кількість в упаковці	float	none		SX3683
5116	Менструальні чаші	5408	Розмір	multiselect	none		SX3683
9630	Свічки для інтимного масажу	15742	Об’єм	select	none		SX2599
9630	Свічки для інтимного масажу	15741	Кількість	select	none		SX2599
9632	Олія для еротичного масажу	15744	Аромат	select	db	ваніль	SO9831
9632	Олія для еротичного масажу	15743	Стать	select	db	для чоловіків	SO9831
9632	Олія для еротичного масажу	15742	Об’єм	select	none		SO9831
9632	Олія для еротичного масажу	15741	Кількість	select	none		SO9831
9480	Фалоімітатори	11953	Водонепроникний	select	binary		SX2215
9480	Фалоімітатори	11579	Вібрація	select	binary		SX2215
9480	Фалоімітатори	13039	Вид	select	none		SX2215
9480	Фалоімітатори	13037	Конструкція	select	none		SX2215
9480	Фалоімітатори	12731	Матеріал	select	none		SX2215
9480	Фалоімітатори	11988	Кріплення на присоску	select	binary		SX2215
9466	Вібратори	3369	Призначення	select	none		SX2175
9466	Вібратори	3106	Вид	select	none		SX2175
9466	Вібратори	3103	Тип приладу	select	none		SX2175
9466	Вібратори	13037	Конструкція	select	none		SX2175
9466	Вібратори	10210	Керування через застосунок (Smart)	select	binary		SX2175
9466	Вібратори	9977	Кілька насадок	select	binary		SX2175
9466	Вібратори	11988	Кріплення на присоску	select	binary		SX2175
9466	Вібратори	11367	Телескопічний	select	binary		SX2175
9616	Аксесуари для страпонів	78	Колір виробника	multiselect	text-many	multi, org, світлий	SX4036
3144	Засоби для інтимної гігієни	51	Вид	multiselect	none		SX3125
3144	Засоби для інтимної гігієни	1098	Об'єм	float	db-num	150	SX3125
3144	Засоби для інтимної гігієни	2907	Аромат	text	none		SX3125
3144	Засоби для інтимної гігієни	3002	Форма випуску	multiselect	none		SX3125
9458	Фетиш та BDSM	12731	Матеріал	select	prom-inval	Джут	SX1675
9466	Вібратори	10173	Підігрів	select	binary		SX1209
9466	Вібратори	3369	Призначення	select	prom-inval	для стимуляції грудей	SX1209
9466	Вібратори	3106	Вид	select	none		SX1209
9466	Вібратори	3103	Тип приладу	select	none		SX1209
9466	Вібратори	13037	Конструкція	select	none		SX1209
9466	Вібратори	10210	Керування через застосунок (Smart)	select	binary		SX1209
9466	Вібратори	9977	Кілька насадок	select	binary		SX1209
9466	Вібратори	11988	Кріплення на присоску	select	binary		SX1209
9466	Вібратори	11953	Водонепроникний	select	db-inval	IPX7	SX1209
9466	Вібратори	11367	Телескопічний	select	binary		SX1209
9474	Насадки на член	13039	Вид	select	db	нереалістичні	SX1474
9466	Вібратори	10173	Підігрів	select	binary		SO9862
9466	Вібратори	3369	Призначення	select	none		SO9862
9466	Вібратори	3106	Вид	select	none		SO9862
9466	Вібратори	3103	Тип приладу	select	none		SO9862
9466	Вібратори	13037	Конструкція	select	none		SO9862
9466	Вібратори	10210	Керування через застосунок (Smart)	select	binary		SO9862
9466	Вібратори	9977	Кілька насадок	select	binary		SO9862
9466	Вібратори	11988	Кріплення на присоску	select	binary		SO9862
9466	Вібратори	11953	Водонепроникний	select	binary		SO9862
9466	Вібратори	11367	Телескопічний	select	binary		SO9862
9474	Насадки на член	13039	Вид	select	db	нереалістичні	SX1448
9466	Вібратори	10173	Підігрів	select	binary		SX2519
9466	Вібратори	3369	Призначення	select	prom-inval	для стимуляції вульви	SX2519
9466	Вібратори	3106	Вид	select	none		SX2519
9466	Вібратори	3103	Тип приладу	select	none		SX2519
9466	Вібратори	13037	Конструкція	select	none		SX2519
9466	Вібратори	10210	Керування через застосунок (Smart)	select	binary		SX2519
9466	Вібратори	9977	Кілька насадок	select	binary		SX2519
9466	Вібратори	4212	Кількість режимів роботи	select	none		SX2519
9466	Вібратори	12731	Матеріал	select	none		SX2519
9466	Вібратори	11988	Кріплення на присоску	select	binary		SX2519
9466	Вібратори	11953	Водонепроникний	select	binary		SX2519
9466	Вібратори	11367	Телескопічний	select	binary		SX2519
7216	Еротична білизна	13949	Стать	select	none		SO9414
7216	Еротична білизна	13948	Тип товару	select	db-inval	бандаж/фіксатор	SO9414
7216	Еротична білизна	12923	Розмір	select	none		SO9414
9458	Фетиш та BDSM	13948	Тип товару	select	db	нашийник	SX1681
6529	Косметичні олії	2854	Призначення	multiselect	text-many	для тіла, догляд, зволоження	SX1501
6529	Косметичні олії	9502	Клас косметики	multiselect	none		SX1501
6529	Косметичні олії	1098	Об'єм	float	prom-num	110	SX1501
6529	Косметичні олії	2856	Стать	multiselect	none		SX1501
6529	Косметичні олії	3003	Вид	select	text	олія	SX1501
6529	Косметичні олії	12543	Вік	multiselect	none		SX1501
9470	Ерекційні кільця	3369	Призначення	select	prom-inval	кліторні	SX3703
9628	Засоби для орального сексу	15765	Смак	select	prom-inval	м'ятна жуйка	SX2528
9628	Засоби для орального сексу	15766	Аромат	select	db	м'ятний	SX1268
9628	Засоби для орального сексу	15743	Стать	select	db	унісекс	SX1268
9628	Засоби для орального сексу	15763	Тип	select	db	гель	SX1268
9628	Засоби для орального сексу	15765	Смак	select	db-inval	м'ятна жуйка	SX1268
9628	Засоби для орального сексу	15774	Тип упаковки	select	db	пляшка з дозатором	SX1268
9628	Засоби для орального сексу	15749	Збуджуючий	select	binary		SX2271
9628	Засоби для орального сексу	15766	Аромат	select	none		SX2271
9628	Засоби для орального сексу	15768	Посилення чутливості	select	binary		SX2271
9628	Засоби для орального сексу	15769	Посилення слиновиділення	select	binary		SX2271
9628	Засоби для орального сексу	15770	Віброефект	select	binary		SX2271
9628	Засоби для орального сексу	15743	Стать	select	none		SX2271
9628	Засоби для орального сексу	15745	Зігріваючий	select	binary		SX2271
9628	Засоби для орального сексу	15750	Зволожуючий	select	binary		SX2271
9628	Засоби для орального сексу	15754	Їстівна формула	select	binary		SX2271
9628	Засоби для орального сексу	15763	Тип	select	none		SX2271
9628	Засоби для орального сексу	15765	Смак	select	none		SX2271
9628	Засоби для орального сексу	15771	Сумісність з презервативами	select	binary		SX2271
9628	Засоби для орального сексу	15772	Сумісність з секс-іграшками	select	binary		SX2271
9628	Засоби для орального сексу	15773	Веганський	select	binary		SX2271
9628	Засоби для орального сексу	15774	Тип упаковки	select	none		SX2271
9628	Засоби для орального сексу	15746	Охолоджуючий	select	binary		SX2271
9628	Засоби для орального сексу	15747	Розслаблюючий	select	binary		SX2271
9460	Еротичні приколи та сувеніри	13948	Тип товару	select	db	мило	SX2319
3162	Догляд для ніг	2854	Призначення	multiselect	text-many	для догляду за ногами, для ніг, догляд	SX2878
3162	Догляд для ніг	2496	Тип товару	select	text	скраб	SX2878
3162	Догляд для ніг	9502	Клас косметики	multiselect	none		SX2878
3162	Догляд для ніг	2855	Тип шкіри	multiselect	none		SX2878
9466	Вібратори	10173	Підігрів	select	binary		SX2686
9466	Вібратори	3369	Призначення	select	prom-inval	для стимуляції грудей	SX2686
9466	Вібратори	3106	Вид	select	none		SX2686
9466	Вібратори	3103	Тип приладу	select	none		SX2686
9466	Вібратори	13037	Конструкція	select	none		SX2686
9466	Вібратори	10210	Керування через застосунок (Smart)	select	binary		SX2686
9466	Вібратори	11988	Кріплення на присоску	select	binary		SX2686
9466	Вібратори	11953	Водонепроникний	select	db-inval	IPX5	SX2686
9466	Вібратори	11367	Телескопічний	select	binary		SX2686
9466	Вібратори	10173	Підігрів	select	binary		SX3279
9466	Вібратори	3369	Призначення	select	prom-inval	для стимуляції грудей	SX3279
9466	Вібратори	3106	Вид	select	none		SX3279
9466	Вібратори	3103	Тип приладу	select	text	вакуумний стимулятор	SX3279
9466	Вібратори	13037	Конструкція	select	none		SX3279
9466	Вібратори	10210	Керування через застосунок (Smart)	select	binary-hint	смартфон	SX3279
9466	Вібратори	9977	Кілька насадок	select	binary		SX3279
9466	Вібратори	11988	Кріплення на присоску	select	binary		SX3279
9466	Вібратори	11953	Водонепроникний	select	db-inval	IPX7	SX3279
9466	Вібратори	11367	Телескопічний	select	binary		SX3279
9466	Вібратори	10173	Підігрів	select	binary		SX2163
9466	Вібратори	3369	Призначення	select	prom-inval	для стимуляції вульви	SX2163
9466	Вібратори	3106	Вид	select	none		SX2163
9466	Вібратори	3103	Тип приладу	select	text	вакуумний стимулятор	SX2163
9466	Вібратори	13037	Конструкція	select	none		SX2163
9466	Вібратори	10210	Керування через застосунок (Smart)	select	binary		SX2163
9466	Вібратори	9977	Кілька насадок	select	binary		SX2163
9466	Вібратори	11988	Кріплення на присоску	select	binary		SX2163
9466	Вібратори	11953	Водонепроникний	select	db-inval	IPX7	SX2163
9466	Вібратори	11367	Телескопічний	select	binary		SX2163
3144	Засоби для інтимної гігієни	51	Вид	multiselect	text	засіб для інтимної гігієни	SX3493
3144	Засоби для інтимної гігієни	1098	Об'єм	float	prom-num	150	SX3493
3144	Засоби для інтимної гігієни	2907	Аромат	text	none		SX3493
3144	Засоби для інтимної гігієни	3002	Форма випуску	multiselect	none		SX3493
9448	Догляд за секс-іграшками	14036	Дія	select	db	антибактеріальна дезінфекція	SX3220
9448	Догляд за секс-іграшками	14024	Тип засобу	select	db	спрей	SX3220
7216	Еротична білизна	13949	Стать	select	none		SO9841
7216	Еротична білизна	13948	Тип товару	select	db-inval	бандаж/фіксатор	SO9841
7216	Еротична білизна	12923	Розмір	select	text	2xl	SO9841
9466	Вібратори	10173	Підігрів	select	binary		SX2143
9466	Вібратори	3369	Призначення	select	prom-inval	для стимуляції вульви	SX2143
9466	Вібратори	3106	Вид	select	none		SX2143
9466	Вібратори	3103	Тип приладу	select	none		SX2143
9466	Вібратори	13037	Конструкція	select	none		SX2143
9466	Вібратори	10210	Керування через застосунок (Smart)	select	binary-hint	smart	SX2143
9466	Вібратори	9977	Кілька насадок	select	binary		SX2143
9466	Вібратори	12731	Матеріал	select	none		SX2143
9466	Вібратори	11988	Кріплення на присоску	select	binary		SX2143
9466	Вібратори	11953	Водонепроникний	select	db-inval	IPX7	SX2143
9466	Вібратори	11367	Телескопічний	select	binary		SX2143
9466	Вібратори	10173	Підігрів	select	binary		SO9615
9466	Вібратори	3369	Призначення	select	db-inval	для стимуляції вульви	SO9615
9466	Вібратори	3106	Вид	select	none		SO9615
9466	Вібратори	3103	Тип приладу	select	none		SO9615
9466	Вібратори	13037	Конструкція	select	none		SO9615
9466	Вібратори	10210	Керування через застосунок (Smart)	select	binary		SO9615
9466	Вібратори	9977	Кілька насадок	select	binary		SO9615
9466	Вібратори	4212	Кількість режимів роботи	select	none		SO9615
9466	Вібратори	12731	Матеріал	select	db	Силікон	SO9615
9466	Вібратори	11988	Кріплення на присоску	select	binary		SO9615
9466	Вібратори	11953	Водонепроникний	select	db-inval	IPX7	SO9615
9466	Вібратори	11367	Телескопічний	select	binary		SO9615
9466	Вібратори	12731	Матеріал	select	prom-inval	Тканина	SX2742
9632	Олія для еротичного масажу	15744	Аромат	select	db	без аромату	SX2712
9632	Олія для еротичного масажу	15743	Стать	select	db	унісекс	SX2712
9632	Олія для еротичного масажу	15742	Об’єм	select	db-inval	250	SX2712
9632	Олія для еротичного масажу	15741	Кількість	select	none		SX2712
9448	Догляд за секс-іграшками	14036	Дія	select	db	очищення	SX2732
9448	Догляд за секс-іграшками	14024	Тип засобу	select	db	спрей	SX2732
9470	Ерекційні кільця	13037	Конструкція	select	prom-inval	односторонні	SX2677
9470	Ерекційні кільця	3369	Призначення	select	prom-inval	вагінальні	SX2677
9620	Аксесуари для мастурбаторів	78	Колір виробника	multiselect	text-many	ash, він, мос	SX3182
9474	Насадки на член	13039	Вид	select	db	реалістичні	SX1454
9466	Вібратори	10173	Підігрів	select	binary		SX1106
9466	Вібратори	3369	Призначення	select	prom-inval	для стимуляції грудей	SX1106
9466	Вібратори	3106	Вид	select	none		SX1106
9466	Вібратори	3103	Тип приладу	select	none		SX1106
9466	Вібратори	13037	Конструкція	select	none		SX1106
9466	Вібратори	10210	Керування через застосунок (Smart)	select	binary		SX1106
9466	Вібратори	9977	Кілька насадок	select	binary		SX1106
9466	Вібратори	11988	Кріплення на присоску	select	binary		SX1106
9466	Вібратори	11953	Водонепроникний	select	db-inval	IPX7	SX1106
9466	Вібратори	11367	Телескопічний	select	binary		SX1106
9470	Ерекційні кільця	13037	Конструкція	select	prom-inval	односторонні	SX0700
9470	Ерекційні кільця	3369	Призначення	select	prom-inval	кліторні	SX0700
9460	Еротичні приколи та сувеніри	13948	Тип товару	select	db	мило	SX2312
9620	Аксесуари для мастурбаторів	78	Колір виробника	multiselect	text-many	крем, тан, тис	SX2330
9484	Анальні пробки	13948	Тип товару	select	none		SX2197
9484	Анальні пробки	11579	Вібрація	select	binary		SX2197
9484	Анальні пробки	11098	Тип живлення	select	none		SX2197
9484	Анальні пробки	12731	Матеріал	select	none		SX2197
9484	Анальні пробки	12891	Форма	select	prom-inval	конусна	SX2197
9484	Анальні пробки	10173	Підігрів	select	binary		SX2197
9480	Фалоімітатори	12731	Матеріал	select	prom-inval	нержавка сталь	SX3257
9466	Вібратори	10173	Підігрів	select	binary		SX2554
9466	Вібратори	3369	Призначення	select	prom-inval	для стимуляції вульви	SX2554
9466	Вібратори	3106	Вид	select	none		SX2554
9466	Вібратори	3103	Тип приладу	select	text	звуковий стимулятор	SX2554
9466	Вібратори	13037	Конструкція	select	none		SX2554
9466	Вібратори	10210	Керування через застосунок (Smart)	select	binary		SX2554
9466	Вібратори	9977	Кілька насадок	select	binary		SX2554
9466	Вібратори	4212	Кількість режимів роботи	select	none		SX2554
9466	Вібратори	12731	Матеріал	select	none		SX2554
9466	Вібратори	11988	Кріплення на присоску	select	binary		SX2554
9466	Вібратори	11953	Водонепроникний	select	binary		SX2554
9466	Вібратори	11367	Телескопічний	select	binary		SX2554
5116	Менструальні чаші	12097	Базовий колір	multiselect	none		SX3684
5116	Менструальні чаші	5406	Ароматизовані	select	binary		SX3684
5116	Менструальні чаші	78	Колір виробника	multiselect	text-many	ash, magenta, агат	SX3684
5116	Менструальні чаші	1098	Об'єм	float	prom-num	30	SX3684
5116	Менструальні чаші	2847	Кількість в упаковці	float	none		SX3684
5116	Менструальні чаші	5408	Розмір	multiselect	none		SX3684
9628	Засоби для орального сексу	15766	Аромат	select	db	без аромату	SX3465
9628	Засоби для орального сексу	15743	Стать	select	db	унісекс	SX3465
9628	Засоби для орального сексу	15763	Тип	select	db	спрей	SX3465
9628	Засоби для орального сексу	15765	Смак	select	db	без смаку	SX3465
9628	Засоби для орального сексу	15774	Тип упаковки	select	db	пляшка з розпилювачем	SX3465
9548	Анальні розширювачі	918	Загальна довжина	float	none		SX0810
9548	Анальні розширювачі	1848	Робоча довжина	float	none		SX0810
9548	Анальні розширювачі	12097	Базовий колір	multiselect	text	чорний	SX0810
9548	Анальні розширювачі	14747	Основний матеріал	select	text	силікон	SX0810
9548	Анальні розширювачі	14795	Призначення	select	none		SX0810
9548	Анальні розширювачі	14796	Формат продажу	select	none		SX0810
9548	Анальні розширювачі	14797	Матеріал покриття	select	none		SX0810
9548	Анальні розширювачі	14798	Текстура поверхні	select	none		SX0810
9548	Анальні розширювачі	14799	Вібрація	select	binary		SX0810
9548	Анальні розширювачі	14800	З можливістю накачування	select	binary		SX0810
9548	Анальні розширювачі	14801	Можна використовувати у воді	select	binary		SX0810
9548	Анальні розширювачі	14802	Наявність шийки	select	binary		SX0810
9548	Анальні розширювачі	14803	Пульт керування	select	binary		SX0810
9548	Анальні розширювачі	14804	Мобільний додаток	select	binary		SX0810
9548	Анальні розширювачі	14805	Без фталатів	select	binary		SX0810
9548	Анальні розширювачі	78	Колір виробника	multiselect	text-many	ash, він, крем	SX0810
9548	Анальні розширювачі	1892	Максимальний діаметр	float	none		SX0810
9548	Анальні розширювачі	8999	Мінімальний діаметр	float	none		SX0810
9548	Анальні розширювачі	5358	Форма	select	prom-inval	фігурна	SX0810
9548	Анальні розширювачі	5260	Тип живлення	select	none		SX0810
9548	Анальні розширювачі	11932	Рівень жорсткості	select	none		SX0810
9632	Олія для еротичного масажу	15744	Аромат	select	db	без аромату	SX2711
9632	Олія для еротичного масажу	15743	Стать	select	db	унісекс	SX2711
9632	Олія для еротичного масажу	15742	Об’єм	select	db-inval	250	SX2711
9632	Олія для еротичного масажу	15741	Кількість	select	none		SX2711
9616	Аксесуари для страпонів	78	Колір виробника	multiselect	text-many	106, ash, black	SX3521
9474	Насадки на член	13039	Вид	select	db	нереалістичні	SX1384
9460	Еротичні приколи та сувеніри	12731	Матеріал	select	none		SX1573
9632	Олія для еротичного масажу	15744	Аромат	select	db	без аромату	SX2703
9632	Олія для еротичного масажу	15743	Стать	select	db	унісекс	SX2703
9632	Олія для еротичного масажу	15742	Об’єм	select	db-inval	250	SX2703
9632	Олія для еротичного масажу	15741	Кількість	select	none		SX2703
9480	Фалоімітатори	11953	Водонепроникний	select	binary		SX2201
9480	Фалоімітатори	11579	Вібрація	select	binary		SX2201
9480	Фалоімітатори	13039	Вид	select	none		SX2201
9480	Фалоімітатори	13037	Конструкція	select	none		SX2201
9480	Фалоімітатори	12731	Матеріал	select	none		SX2201
9480	Фалоімітатори	11988	Кріплення на присоску	select	binary		SX2201
9616	Аксесуари для страпонів	78	Колір виробника	multiselect	text-many	100, ash, black	SX3506
9466	Вібратори	12731	Матеріал	select	prom-inval	Тканина	SX2741
9632	Олія для еротичного масажу	15744	Аромат	select	db	без аромату	SX2705
9632	Олія для еротичного масажу	15743	Стать	select	db	унісекс	SX2705
9632	Олія для еротичного масажу	15742	Об’єм	select	db-inval	250	SX2705
9632	Олія для еротичного масажу	15741	Кількість	select	none		SX2705
9632	Олія для еротичного масажу	15744	Аромат	select	db	ваніль	SX1543
9632	Олія для еротичного масажу	15743	Стать	select	db	унісекс	SX1543
9632	Олія для еротичного масажу	15742	Об’єм	select	db-inval	200	SX1543
9632	Олія для еротичного масажу	15741	Кількість	select	none		SX1543
9464	Еротичні костюми	12923	Розмір	select	prom-inval	S/M	SX3112
9620	Аксесуари для мастурбаторів	78	Колір виробника	multiselect	text-many	аніс, грі, лак	SX3132
3161	Крем для тіла	51	Вид	multiselect	text-many	крем, мус	SX1500
3161	Крем для тіла	1098	Об'єм	float	prom-num	250	SX1500
3161	Крем для тіла	9502	Клас косметики	multiselect	none		SX1500
3161	Крем для тіла	2856	Стать	multiselect	none		SX1500
3161	Крем для тіла	2855	Тип шкіри	multiselect	none		SX1500
3161	Крем для тіла	2854	Призначення	multiselect	text-many	для тіла, догляд, зволоження	SX1500
9460	Еротичні приколи та сувеніри	12731	Матеріал	select	none		SX1581
9460	Еротичні приколи та сувеніри	12731	Матеріал	select	none		SX2295
9470	Ерекційні кільця	13037	Конструкція	select	prom-inval	односторонні	SX1609
9470	Ерекційні кільця	3369	Призначення	select	prom-inval	вагінально-кліторні	SX1609
9628	Засоби для орального сексу	15766	Аромат	select	prom	м'ятний	SX2532
9628	Засоби для орального сексу	15765	Смак	select	prom-inval	м'ятна жуйка	SX2532
9632	Олія для еротичного масажу	15742	Об’єм	select	prom-inval	2	SX3009
9632	Олія для еротичного масажу	15741	Кількість	select	none		SX3009
9474	Насадки на член	13039	Вид	select	db	нереалістичні	SX1476
9474	Насадки на член	13039	Вид	select	db	нереалістичні	SX1385
9466	Вібратори	10173	Підігрів	select	binary		SX2517
9466	Вібратори	3369	Призначення	select	prom-inval	для стимуляції вульви	SX2517
9466	Вібратори	3106	Вид	select	none		SX2517
9466	Вібратори	3103	Тип приладу	select	none		SX2517
9466	Вібратори	13037	Конструкція	select	none		SX2517
9466	Вібратори	10210	Керування через застосунок (Smart)	select	binary		SX2517
9466	Вібратори	9977	Кілька насадок	select	binary		SX2517
9466	Вібратори	12731	Матеріал	select	prom-inval	Силікон | ABS-пластик	SX2517
9466	Вібратори	11988	Кріплення на присоску	select	binary		SX2517
9466	Вібратори	11953	Водонепроникний	select	db-inval	IPX7	SX2517
9466	Вібратори	11367	Телескопічний	select	binary		SX2517
9628	Засоби для орального сексу	15766	Аромат	select	db	кавовий	SX1697
9628	Засоби для орального сексу	15743	Стать	select	db	унісекс	SX1697
9628	Засоби для орального сексу	15763	Тип	select	db	гель	SX1697
9628	Засоби для орального сексу	15765	Смак	select	db	кавун	SX1697
9628	Засоби для орального сексу	15774	Тип упаковки	select	db	пляшка з дозатором	SX1697
9474	Насадки на член	13039	Вид	select	db	нереалістичні	SX1475
9474	Насадки на член	13039	Вид	select	db	реалістичні	SX1469
9460	Еротичні приколи та сувеніри	12731	Матеріал	select	none		SX3033
9466	Вібратори	10173	Підігрів	select	binary		SX3278
9466	Вібратори	3369	Призначення	select	prom-inval	для стимуляції грудей	SX3278
9466	Вібратори	3106	Вид	select	none		SX3278
9466	Вібратори	3103	Тип приладу	select	text	вакуумний стимулятор	SX3278
9466	Вібратори	13037	Конструкція	select	none		SX3278
9466	Вібратори	10210	Керування через застосунок (Smart)	select	binary-hint	смартфон	SX3278
9466	Вібратори	9977	Кілька насадок	select	binary		SX3278
9466	Вібратори	11988	Кріплення на присоску	select	binary		SX3278
9466	Вібратори	11953	Водонепроникний	select	db-inval	IPX7	SX3278
9466	Вібратори	11367	Телескопічний	select	binary		SX3278
9470	Ерекційні кільця	13037	Конструкція	select	prom-inval	односторонні	SX3859
9470	Ерекційні кільця	3369	Призначення	select	prom-inval	вагінальні	SX3859
9458	Фетиш та BDSM	13948	Тип товару	select	db	бандаж/фіксатор	SX4578
9466	Вібратори	10173	Підігрів	select	binary		SX2172
9466	Вібратори	3369	Призначення	select	prom-inval	для покращення ерекції	SX2172
9466	Вібратори	3106	Вид	select	none		SX2172
9466	Вібратори	3103	Тип приладу	select	text	вакуумний стимулятор	SX2172
9466	Вібратори	13037	Конструкція	select	none		SX2172
9466	Вібратори	10210	Керування через застосунок (Smart)	select	binary		SX2172
9466	Вібратори	9977	Кілька насадок	select	binary		SX2172
9466	Вібратори	11988	Кріплення на присоску	select	binary		SX2172
9466	Вібратори	11953	Водонепроникний	select	db-inval	IPX7	SX2172
9466	Вібратори	11367	Телескопічний	select	binary		SX2172
9474	Насадки на член	13039	Вид	select	db	нереалістичні	SX1481
9460	Еротичні приколи та сувеніри	12731	Матеріал	select	none		SX1653
9484	Анальні пробки	13948	Тип товару	select	none		SX2216
9484	Анальні пробки	11579	Вібрація	select	binary		SX2216
9484	Анальні пробки	11098	Тип живлення	select	none		SX2216
9484	Анальні пробки	12731	Матеріал	select	none		SX2216
9484	Анальні пробки	12891	Форма	select	prom-inval	конусна	SX2216
9484	Анальні пробки	10173	Підігрів	select	binary		SX2216
9466	Вібратори	10173	Підігрів	select	binary		SX2164
9466	Вібратори	3369	Призначення	select	prom-inval	для стимуляції вульви	SX2164
9466	Вібратори	3106	Вид	select	none		SX2164
9466	Вібратори	3103	Тип приладу	select	text	вакуумний стимулятор	SX2164
9466	Вібратори	13037	Конструкція	select	none		SX2164
9466	Вібратори	10210	Керування через застосунок (Smart)	select	binary		SX2164
9466	Вібратори	9977	Кілька насадок	select	binary		SX2164
9466	Вібратори	11988	Кріплення на присоску	select	binary		SX2164
9466	Вібратори	11953	Водонепроникний	select	db-inval	IPX7	SX2164
9466	Вібратори	11367	Телескопічний	select	binary		SX2164
9460	Еротичні приколи та сувеніри	12731	Матеріал	select	none		SX1572
9460	Еротичні приколи та сувеніри	12731	Матеріал	select	none		SX3032
9466	Вібратори	10173	Підігрів	select	binary		SX0575
9466	Вібратори	3369	Призначення	select	prom-inval	для стимуляції вульви	SX0575
9466	Вібратори	3106	Вид	select	none		SX0575
9466	Вібратори	3103	Тип приладу	select	none		SX0575
9466	Вібратори	13037	Конструкція	select	none		SX0575
9466	Вібратори	10210	Керування через застосунок (Smart)	select	binary		SX0575
9466	Вібратори	9977	Кілька насадок	select	binary		SX0575
9466	Вібратори	11988	Кріплення на присоску	select	binary		SX0575
9466	Вібратори	11953	Водонепроникний	select	db-inval	IPX7	SX0575
9466	Вібратори	11367	Телескопічний	select	binary		SX0575
9484	Анальні пробки	13948	Тип товару	select	none		SX2213
9484	Анальні пробки	11579	Вібрація	select	binary		SX2213
9484	Анальні пробки	11098	Тип живлення	select	none		SX2213
9484	Анальні пробки	12731	Матеріал	select	none		SX2213
9484	Анальні пробки	12891	Форма	select	prom-inval	конусна	SX2213
9484	Анальні пробки	10173	Підігрів	select	binary		SX2213
9460	Еротичні приколи та сувеніри	12731	Матеріал	select	none		SX1580
9474	Насадки на член	13039	Вид	select	db	нереалістичні	SX1473
9484	Анальні пробки	11579	Вібрація	select	binary		SX2655
9484	Анальні пробки	11098	Тип живлення	select	none		SX2655
9484	Анальні пробки	12891	Форма	select	none		SX2655
9484	Анальні пробки	10173	Підігрів	select	binary		SX2655
9466	Вібратори	10173	Підігрів	select	binary		SX3540
9466	Вібратори	3369	Призначення	select	prom-inval	для стимуляції вульви	SX3540
9466	Вібратори	3106	Вид	select	none		SX3540
9466	Вібратори	3103	Тип приладу	select	none		SX3540
9466	Вібратори	13037	Конструкція	select	none		SX3540
9466	Вібратори	10210	Керування через застосунок (Smart)	select	binary		SX3540
9466	Вібратори	9977	Кілька насадок	select	binary		SX3540
9466	Вібратори	4212	Кількість режимів роботи	select	none		SX3540
9466	Вібратори	12731	Матеріал	select	none		SX3540
9466	Вібратори	11988	Кріплення на присоску	select	binary		SX3540
9466	Вібратори	11953	Водонепроникний	select	binary		SX3540
9466	Вібратори	11367	Телескопічний	select	binary		SX3540
9466	Вібратори	10173	Підігрів	select	binary		SX3282
9466	Вібратори	3369	Призначення	select	prom-inval	для стимуляції грудей	SX3282
9466	Вібратори	3106	Вид	select	none		SX3282
9466	Вібратори	3103	Тип приладу	select	text	вакуумний стимулятор	SX3282
9466	Вібратори	13037	Конструкція	select	none		SX3282
9466	Вібратори	10210	Керування через застосунок (Smart)	select	binary-hint	смартфон	SX3282
9466	Вібратори	9977	Кілька насадок	select	binary		SX3282
9466	Вібратори	11988	Кріплення на присоску	select	binary		SX3282
9466	Вібратори	11953	Водонепроникний	select	db-inval	IPX7	SX3282
9466	Вібратори	11367	Телескопічний	select	binary		SX3282
9466	Вібратори	10173	Підігрів	select	binary		SX0544
9466	Вібратори	3369	Призначення	select	prom-inval	для стимуляції вульви	SX0544
9466	Вібратори	3106	Вид	select	none		SX0544
9466	Вібратори	3103	Тип приладу	select	text	вакуумний стимулятор	SX0544
9466	Вібратори	13037	Конструкція	select	none		SX0544
9466	Вібратори	10210	Керування через застосунок (Smart)	select	binary		SX0544
9466	Вібратори	9977	Кілька насадок	select	binary		SX0544
9466	Вібратори	11988	Кріплення на присоску	select	binary		SX0544
9466	Вібратори	11953	Водонепроникний	select	db-inval	IPX7	SX0544
9466	Вібратори	11367	Телескопічний	select	binary		SX0544
9474	Насадки на член	13039	Вид	select	db	реалістичні	SX4618
9460	Еротичні приколи та сувеніри	12731	Матеріал	select	none		SX1644
9460	Еротичні приколи та сувеніри	12731	Матеріал	select	none		SX1652
9470	Ерекційні кільця	13037	Конструкція	select	prom-inval	односторонні	SX2692
9470	Ерекційні кільця	3369	Призначення	select	prom-inval	кліторні	SX2692
9460	Еротичні приколи та сувеніри	13948	Тип товару	select	db	мило	SX2308
9464	Еротичні костюми	12923	Розмір	select	none		SX2437
9470	Ерекційні кільця	3369	Призначення	select	prom-inval	кліторні	SX3728
9466	Вібратори	10173	Підігрів	select	binary		SX2161
9466	Вібратори	3369	Призначення	select	prom-inval	для стимуляції грудей	SX2161
9466	Вібратори	3106	Вид	select	none		SX2161
9466	Вібратори	3103	Тип приладу	select	text	вакуумний стимулятор	SX2161
9466	Вібратори	13037	Конструкція	select	none		SX2161
9466	Вібратори	10210	Керування через застосунок (Smart)	select	binary		SX2161
9466	Вібратори	9977	Кілька насадок	select	binary		SX2161
9466	Вібратори	11988	Кріплення на присоску	select	binary		SX2161
9466	Вібратори	11953	Водонепроникний	select	db-inval	IPX7	SX2161
9466	Вібратори	11367	Телескопічний	select	binary		SX2161
3161	Крем для тіла	51	Вид	multiselect	text	баттер	SX2889
3161	Крем для тіла	1098	Об'єм	float	prom-num	236	SX2889
3161	Крем для тіла	9502	Клас косметики	multiselect	none		SX2889
3161	Крем для тіла	2856	Стать	multiselect	none		SX2889
3161	Крем для тіла	2855	Тип шкіри	multiselect	none		SX2889
3161	Крем для тіла	2854	Призначення	multiselect	text-many	для тіла, догляд	SX2889
9464	Еротичні костюми	12923	Розмір	select	none		SX0388
9466	Вібратори	10173	Підігрів	select	binary		SX3303
9466	Вібратори	3369	Призначення	select	prom-inval	для стимуляції грудей	SX3303
9466	Вібратори	3106	Вид	select	none		SX3303
9466	Вібратори	3103	Тип приладу	select	text	вакуумний стимулятор	SX3303
9466	Вібратори	13037	Конструкція	select	none		SX3303
9466	Вібратори	10210	Керування через застосунок (Smart)	select	binary-hint	смартфон	SX3303
9466	Вібратори	9977	Кілька насадок	select	binary		SX3303
9466	Вібратори	11988	Кріплення на присоску	select	binary		SX3303
9466	Вібратори	11953	Водонепроникний	select	db-inval	IPX7	SX3303
9466	Вібратори	11367	Телескопічний	select	binary		SX3303
9460	Еротичні приколи та сувеніри	13948	Тип товару	select	db	мило	SX2305
9620	Аксесуари для мастурбаторів	78	Колір виробника	multiselect	text-many	агат, кава, нейтральний	SO9788
9460	Еротичні приколи та сувеніри	13948	Тип товару	select	db	мило	SX2313
7216	Еротична білизна	13949	Стать	select	none		SX2594
7216	Еротична білизна	13948	Тип товару	select	db-inval	наліпки	SX2594
7216	Еротична білизна	12731	Матеріал	select	db-inval	Поліуретан	SX2594
7216	Еротична білизна	12923	Розмір	select	db	S	SX2594
9484	Анальні пробки	11579	Вібрація	select	binary-hint	вібрац	SX3194
9484	Анальні пробки	11098	Тип живлення	select	none		SX3194
9484	Анальні пробки	12891	Форма	select	none		SX3194
9484	Анальні пробки	10173	Підігрів	select	binary		SX3194
7216	Еротична білизна	13949	Стать	select	none		SX1724
7216	Еротична білизна	13948	Тип товару	select	prom-inval	портупея/збруя	SX1724
9616	Аксесуари для страпонів	78	Колір виробника	multiselect	text-many	100, 102, 110	SX3509
9460	Еротичні приколи та сувеніри	12731	Матеріал	select	none		SX1582
5116	Менструальні чаші	12097	Базовий колір	multiselect	none		SX3682
5116	Менструальні чаші	5406	Ароматизовані	select	binary		SX3682
5116	Менструальні чаші	78	Колір виробника	multiselect	text-many	ash, purple, агат	SX3682
5116	Менструальні чаші	1098	Об'єм	float	prom-num	20	SX3682
5116	Менструальні чаші	2847	Кількість в упаковці	float	none		SX3682
5116	Менструальні чаші	5408	Розмір	multiselect	none		SX3682
9632	Олія для еротичного масажу	15758	Без ароматизаторів	select	binary		SX1527
9632	Олія для еротичного масажу	15757	Без гліцерину	select	binary		SX1527
9632	Олія для еротичного масажу	15756	Без парабенів	select	binary		SX1527
9632	Олія для еротичного масажу	15755	Органічний продукт	select	binary		SX1527
9632	Олія для еротичного масажу	15754	Їстівна формула	select	binary		SX1527
9632	Олія для еротичного масажу	15753	Антистресовий	select	binary		SX1527
9632	Олія для еротичного масажу	15752	Пом'якшуючий	select	binary		SX1527
9632	Олія для еротичного масажу	15750	Зволожуючий	select	binary		SX1527
9632	Олія для еротичного масажу	15749	Збуджуючий	select	binary		SX1527
9632	Олія для еротичного масажу	15744	Аромат	select	none		SX1527
9632	Олія для еротичного масажу	15743	Стать	select	none		SX1527
9632	Олія для еротичного масажу	15742	Об’єм	select	prom-inval	500	SX1527
9632	Олія для еротичного масажу	15741	Кількість	select	none		SX1527
9632	Олія для еротичного масажу	15745	Зігріваючий	select	binary		SX1527
9632	Олія для еротичного масажу	15746	Охолоджуючий	select	binary		SX1527
9632	Олія для еротичного масажу	15747	Розслаблюючий	select	binary		SX1527
9632	Олія для еротичного масажу	15748	Тонізуючий	select	binary		SX1527
9632	Олія для еротичного масажу	15759	З феромонами	select	binary		SX1527
9458	Фетиш та BDSM	12731	Матеріал	select	prom-inval	цинковий сплав	SX1674
9460	Еротичні приколи та сувеніри	13948	Тип товару	select	db	мило	SX2316
9474	Насадки на член	13039	Вид	select	db	реалістичні	SX4615
9474	Насадки на член	13039	Вид	select	db	реалістичні	SX1458
9460	Еротичні приколи та сувеніри	13948	Тип товару	select	db	набір	SX1649
9460	Еротичні приколи та сувеніри	12731	Матеріал	select	none		SX1649
9632	Олія для еротичного масажу	15744	Аромат	select	db	полуниця	SX2709
9632	Олія для еротичного масажу	15743	Стать	select	db	унісекс	SX2709
9632	Олія для еротичного масажу	15742	Об’єм	select	db-inval	250	SX2709
9632	Олія для еротичного масажу	15741	Кількість	select	none		SX2709
9630	Свічки для інтимного масажу	15742	Об’єм	select	prom-inval	65	SX2284
9630	Свічки для інтимного масажу	15741	Кількість	select	none		SX2284
9616	Аксесуари для страпонів	78	Колір виробника	multiselect	text-many	100, 106, ash	SX3523
9632	Олія для еротичного масажу	15742	Об’єм	select	prom-inval	50	SX3011
9632	Олія для еротичного масажу	15741	Кількість	select	none		SX3011
9464	Еротичні костюми	12923	Розмір	select	none		SX3796
3144	Засоби для інтимної гігієни	51	Вид	multiselect	text	засіб для інтимної гігієни	SX3495
3144	Засоби для інтимної гігієни	1098	Об'єм	float	prom-num	150	SX3495
3144	Засоби для інтимної гігієни	2907	Аромат	text	none		SX3495
3144	Засоби для інтимної гігієни	3002	Форма випуску	multiselect	none		SX3495
9620	Аксесуари для мастурбаторів	78	Колір виробника	multiselect	text-many	агат, кава	SX2333
9460	Еротичні приколи та сувеніри	13948	Тип товару	select	db	мило	SX2318
9616	Аксесуари для страпонів	78	Колір виробника	multiselect	text-many	100, ash, black	SX3512
9466	Вібратори	10173	Підігрів	select	binary		SX3836
9466	Вібратори	3369	Призначення	select	prom-inval	для стимуляції вульви	SX3836
9466	Вібратори	3106	Вид	select	none		SX3836
9466	Вібратори	3103	Тип приладу	select	text	вакуумний стимулятор	SX3836
9466	Вібратори	13037	Конструкція	select	none		SX3836
9466	Вібратори	10210	Керування через застосунок (Smart)	select	binary		SX3836
9466	Вібратори	9977	Кілька насадок	select	binary		SX3836
9466	Вібратори	11988	Кріплення на присоску	select	binary		SX3836
9466	Вібратори	11953	Водонепроникний	select	db-inval	IPX6	SX3836
9466	Вібратори	11367	Телескопічний	select	binary		SX3836
9466	Вібратори	10173	Підігрів	select	binary		SX2142
9466	Вібратори	3369	Призначення	select	db-inval	для стимуляції вульви	SX2142
9466	Вібратори	3106	Вид	select	none		SX2142
9466	Вібратори	3103	Тип приладу	select	none		SX2142
9466	Вібратори	13037	Конструкція	select	none		SX2142
9466	Вібратори	10210	Керування через застосунок (Smart)	select	binary		SX2142
9466	Вібратори	9977	Кілька насадок	select	binary		SX2142
9466	Вібратори	4212	Кількість режимів роботи	select	db	6	SX2142
9466	Вібратори	12731	Матеріал	select	none		SX2142
9466	Вібратори	11988	Кріплення на присоску	select	binary		SX2142
9466	Вібратори	11953	Водонепроникний	select	db-inval	IPX7	SX2142
9466	Вібратори	11367	Телескопічний	select	binary		SX2142
9460	Еротичні приколи та сувеніри	12731	Матеріал	select	none		SX1578
9628	Засоби для орального сексу	15749	Збуджуючий	select	binary		SX1548
9628	Засоби для орального сексу	15766	Аромат	select	text-many	квітковий, фруктовий	SX1548
9628	Засоби для орального сексу	15769	Посилення слиновиділення	select	binary		SX1548
9628	Засоби для орального сексу	15743	Стать	select	none		SX1548
9628	Засоби для орального сексу	15745	Зігріваючий	select	binary		SX1548
9628	Засоби для орального сексу	15750	Зволожуючий	select	binary		SX1548
9628	Засоби для орального сексу	15754	Їстівна формула	select	binary		SX1548
9628	Засоби для орального сексу	15763	Тип	select	none		SX1548
9628	Засоби для орального сексу	15765	Смак	select	none		SX1548
9628	Засоби для орального сексу	15771	Сумісність з презервативами	select	binary		SX1548
9628	Засоби для орального сексу	15772	Сумісність з секс-іграшками	select	binary		SX1548
9628	Засоби для орального сексу	15773	Веганський	select	binary		SX1548
9628	Засоби для орального сексу	15774	Тип упаковки	select	none		SX1548
9628	Засоби для орального сексу	15746	Охолоджуючий	select	binary		SX1548
9628	Засоби для орального сексу	15747	Розслаблюючий	select	binary		SX1548
9466	Вібратори	10173	Підігрів	select	binary		SX3302
9466	Вібратори	3369	Призначення	select	prom-inval	для стимуляції грудей	SX3302
9466	Вібратори	3106	Вид	select	none		SX3302
9466	Вібратори	3103	Тип приладу	select	text	вакуумний стимулятор	SX3302
9466	Вібратори	13037	Конструкція	select	none		SX3302
9466	Вібратори	10210	Керування через застосунок (Smart)	select	binary-hint	смартфон	SX3302
9466	Вібратори	9977	Кілька насадок	select	binary		SX3302
9466	Вібратори	11988	Кріплення на присоску	select	binary		SX3302
9466	Вібратори	11953	Водонепроникний	select	db-inval	IPX7	SX3302
9466	Вібратори	11367	Телескопічний	select	binary		SX3302
9470	Ерекційні кільця	3369	Призначення	select	prom-inval	кліторні	SX2423
9466	Вібратори	10173	Підігрів	select	binary		SX2683
9466	Вібратори	3369	Призначення	select	none		SX2683
9466	Вібратори	3106	Вид	select	none		SX2683
9466	Вібратори	3103	Тип приладу	select	none		SX2683
9466	Вібратори	13037	Конструкція	select	none		SX2683
9466	Вібратори	10210	Керування через застосунок (Smart)	select	binary		SX2683
9466	Вібратори	9977	Кілька насадок	select	binary		SX2683
9466	Вібратори	4212	Кількість режимів роботи	select	none		SX2683
9466	Вібратори	12731	Матеріал	select	none		SX2683
9466	Вібратори	11988	Кріплення на присоску	select	binary		SX2683
9466	Вібратори	11953	Водонепроникний	select	binary		SX2683
9466	Вібратори	11367	Телескопічний	select	binary		SX2683
9474	Насадки на член	13039	Вид	select	db	нереалістичні	SX1477
9460	Еротичні приколи та сувеніри	13948	Тип товару	select	db	мило	SX2309
9526	Аксесуари до інтимних іграшок	78	Колір виробника	multiselect	none		SX2566
9526	Аксесуари до інтимних іграшок	2845	Колір	select	none		SX2566
9460	Еротичні приколи та сувеніри	12731	Матеріал	select	none		SX1574
9458	Фетиш та BDSM	13948	Тип товару	select	db	бандаж/фіксатор	SX4581
9478	Вагінальні кульки та тренажери	13954	Тип товару	select	prom-inval	еротичні ігри	SX2436
9478	Вагінальні кульки та тренажери	11579	Вібрація	select	binary		SX2436
9478	Вагінальні кульки та тренажери	11098	Тип живлення	select	none		SX2436
9620	Аксесуари для мастурбаторів	78	Колір виробника	multiselect	text-many	black, крем, тан	SX1386
9474	Насадки на член	13039	Вид	select	db	нереалістичні	SX4610
3161	Крем для тіла	51	Вид	multiselect	text	баттер	SX2890
3161	Крем для тіла	1098	Об'єм	float	prom-num	236	SX2890
3161	Крем для тіла	9502	Клас косметики	multiselect	none		SX2890
3161	Крем для тіла	2856	Стать	multiselect	none		SX2890
3161	Крем для тіла	2855	Тип шкіри	multiselect	none		SX2890
3161	Крем для тіла	2854	Призначення	multiselect	text-many	для тіла, догляд	SX2890
9460	Еротичні приколи та сувеніри	13948	Тип товару	select	db	мило	SX2317
7216	Еротична білизна	13949	Стать	select	none		SX3760
7216	Еротична білизна	13948	Тип товару	select	prom-inval	наліпки	SX3760
7216	Еротична білизна	12731	Матеріал	select	prom-inval	Поліестер	SX3760
7216	Еротична білизна	12923	Розмір	select	none		SX3760
9616	Аксесуари для страпонів	78	Колір виробника	multiselect	text-many	red, тан, червоний	SX2853
9464	Еротичні костюми	12923	Розмір	select	none		SX3794
9460	Еротичні приколи та сувеніри	12731	Матеріал	select	none		SX1655
9458	Фетиш та BDSM	13948	Тип товару	select	db	нашийник	SX1679
9460	Еротичні приколи та сувеніри	13948	Тип товару	select	db	мило	SX3023
9632	Олія для еротичного масажу	15742	Об’єм	select	prom-inval	200	SX1554
9632	Олія для еротичного масажу	15741	Кількість	select	none		SX1554
9632	Олія для еротичного масажу	15758	Без ароматизаторів	select	binary		SX1556
9632	Олія для еротичного масажу	15757	Без гліцерину	select	binary		SX1556
9632	Олія для еротичного масажу	15756	Без парабенів	select	binary		SX1556
9632	Олія для еротичного масажу	15755	Органічний продукт	select	binary		SX1556
9632	Олія для еротичного масажу	15754	Їстівна формула	select	binary		SX1556
9632	Олія для еротичного масажу	15753	Антистресовий	select	binary		SX1556
9632	Олія для еротичного масажу	15752	Пом'якшуючий	select	binary		SX1556
9632	Олія для еротичного масажу	15750	Зволожуючий	select	binary		SX1556
9632	Олія для еротичного масажу	15749	Збуджуючий	select	binary		SX1556
9632	Олія для еротичного масажу	15744	Аромат	select	none		SX1556
9632	Олія для еротичного масажу	15743	Стать	select	none		SX1556
9632	Олія для еротичного масажу	15742	Об’єм	select	prom-inval	30	SX1556
9632	Олія для еротичного масажу	15741	Кількість	select	text	набір	SX1556
9632	Олія для еротичного масажу	15745	Зігріваючий	select	binary		SX1556
9632	Олія для еротичного масажу	15746	Охолоджуючий	select	binary		SX1556
9632	Олія для еротичного масажу	15747	Розслаблюючий	select	binary		SX1556
9632	Олія для еротичного масажу	15748	Тонізуючий	select	binary		SX1556
9632	Олія для еротичного масажу	15759	З феромонами	select	binary		SX1556
9460	Еротичні приколи та сувеніри	13948	Тип товару	select	db	мило	SX2315
7216	Еротична білизна	13949	Стать	select	none		SX3759
7216	Еротична білизна	13948	Тип товару	select	prom-inval	наліпки	SX3759
7216	Еротична білизна	12731	Матеріал	select	prom-inval	Поліестер	SX3759
7216	Еротична білизна	12923	Розмір	select	none		SX3759
9464	Еротичні костюми	12923	Розмір	select	none		SX3795
9460	Еротичні приколи та сувеніри	13948	Тип товару	select	db	мило	SX2310
9466	Вібратори	10173	Підігрів	select	binary		SX2550
9466	Вібратори	3369	Призначення	select	prom-inval	для стимуляції вульви	SX2550
9466	Вібратори	3106	Вид	select	none		SX2550
9466	Вібратори	3103	Тип приладу	select	text	звуковий стимулятор	SX2550
9466	Вібратори	13037	Конструкція	select	none		SX2550
9466	Вібратори	10210	Керування через застосунок (Smart)	select	binary		SX2550
9466	Вібратори	9977	Кілька насадок	select	binary		SX2550
9466	Вібратори	12731	Матеріал	select	prom-inval	Силікон | ABS-пластик	SX2550
9466	Вібратори	11988	Кріплення на присоску	select	binary		SX2550
9466	Вібратори	11367	Телескопічний	select	binary		SX2550
9474	Насадки на член	13039	Вид	select	db	реалістичні	SX1464
9460	Еротичні приколи та сувеніри	13948	Тип товару	select	db	мило	SX2311
9474	Насадки на член	13039	Вид	select	db	реалістичні	SX1457
9616	Аксесуари для страпонів	78	Колір виробника	multiselect	text-many	ash, мос, тан	SX2281
9616	Аксесуари для страпонів	78	Колір виробника	multiselect	text-many	ash, мос, тан	SX2280
9616	Аксесуари для страпонів	78	Колір виробника	multiselect	text-many	black, multi, org	SX4038
9470	Ерекційні кільця	13037	Конструкція	select	prom-inval	з мошонкою	SX3051
9470	Ерекційні кільця	3369	Призначення	select	prom-inval	вагінальні	SX3051
9466	Вібратори	10173	Підігрів	select	binary		SX3865
9466	Вібратори	3369	Призначення	select	none		SX3865
9466	Вібратори	3106	Вид	select	none		SX3865
9466	Вібратори	3103	Тип приладу	select	text-many	вібратор для пар, віброкулі	SX3865
9466	Вібратори	13037	Конструкція	select	none		SX3865
9466	Вібратори	10210	Керування через застосунок (Smart)	select	binary-hint	застосун	SX3865
9466	Вібратори	4212	Кількість режимів роботи	select	none		SX3865
9466	Вібратори	11988	Кріплення на присоску	select	binary		SX3865
9466	Вібратори	11953	Водонепроникний	select	binary		SX3865
9466	Вібратори	11367	Телескопічний	select	binary		SX3865
9460	Еротичні приколи та сувеніри	12731	Матеріал	select	none		SX3037
9460	Еротичні приколи та сувеніри	12731	Матеріал	select	none		SX3040
9460	Еротичні приколи та сувеніри	12731	Матеріал	select	none		SX1646
9480	Фалоімітатори	12731	Матеріал	select	prom-inval	нержавка сталь	SX3256
9466	Вібратори	10173	Підігрів	select	binary		SX2176
9466	Вібратори	3369	Призначення	select	prom-inval	для стимуляції грудей	SX2176
9466	Вібратори	3106	Вид	select	none		SX2176
9466	Вібратори	3103	Тип приладу	select	text	вакуумний стимулятор	SX2176
9466	Вібратори	13037	Конструкція	select	none		SX2176
9466	Вібратори	10210	Керування через застосунок (Smart)	select	binary		SX2176
9466	Вібратори	9977	Кілька насадок	select	binary		SX2176
9466	Вібратори	11988	Кріплення на присоску	select	binary		SX2176
9466	Вібратори	11953	Водонепроникний	select	db-inval	IPX7	SX2176
9466	Вібратори	11367	Телескопічний	select	binary		SX2176
9464	Еротичні костюми	12731	Матеріал	select	prom-inval	штучні перлини Розмір: XS-2XL	SX2361
9464	Еротичні костюми	12923	Розмір	select	text	2xl	SX2361
9460	Еротичні приколи та сувеніри	13948	Тип товару	select	db	мило	SX3022
9474	Насадки на член	13039	Вид	select	db	реалістичні	SX1468
7216	Еротична білизна	13949	Стать	select	none		SX3091
7216	Еротична білизна	13948	Тип товару	select	prom-inval	наліпки	SX3091
7216	Еротична білизна	12923	Розмір	select	none		SX3091
9526	Аксесуари до інтимних іграшок	14746	Тип аксесуара	select	none		SX2835
9526	Аксесуари до інтимних іграшок	14747	Основний матеріал	select	none		SX2835
9526	Аксесуари до інтимних іграшок	78	Колір виробника	multiselect	none		SX2835
9526	Аксесуари до інтимних іграшок	2845	Колір	select	none		SX2835
9458	Фетиш та BDSM	12731	Матеріал	select	prom-inval	Сітка, Цепочка	SX3461
9526	Аксесуари до інтимних іграшок	78	Колір виробника	multiselect	text-many	ash, тис	SX3201
9526	Аксесуари до інтимних іграшок	2845	Колір	select	none		SX3201
9616	Аксесуари для страпонів	78	Колір виробника	multiselect	text-many	100, ash, black	SX3505
9616	Аксесуари для страпонів	78	Колір виробника	multiselect	text-many	100, 110, ash	SX3517
9616	Аксесуари для страпонів	78	Колір виробника	multiselect	text-many	100, 106, ash	SX3514
9460	Еротичні приколи та сувеніри	12731	Матеріал	select	none		SX1570
9474	Насадки на член	13039	Вид	select	db	нереалістичні	SX3246
9616	Аксесуари для страпонів	78	Колір виробника	multiselect	text-many	black, multi, org	SX4035
9464	Еротичні костюми	12923	Розмір	select	none		SX3605
9616	Аксесуари для страпонів	78	Колір виробника	multiselect	text-many	multi, org, охра	SX4037
9474	Насадки на член	13039	Вид	select	db	реалістичні	SX1452
9460	Еротичні приколи та сувеніри	12731	Матеріал	select	none		SX3038
9484	Анальні пробки	13948	Тип товару	select	none		SX2198
9484	Анальні пробки	11579	Вібрація	select	binary		SX2198
9484	Анальні пробки	11098	Тип живлення	select	none		SX2198
9484	Анальні пробки	12731	Матеріал	select	none		SX2198
9484	Анальні пробки	12891	Форма	select	prom-inval	конусна	SX2198
9484	Анальні пробки	10173	Підігрів	select	binary		SX2198
9480	Фалоімітатори	11953	Водонепроникний	select	binary		SX3154
9480	Фалоімітатори	11579	Вібрація	select	binary		SX3154
9480	Фалоімітатори	13039	Вид	select	none		SX3154
9480	Фалоімітатори	13037	Конструкція	select	none		SX3154
9480	Фалоімітатори	11988	Кріплення на присоску	select	binary		SX3154
9628	Засоби для орального сексу	15749	Збуджуючий	select	binary		SX0590
9628	Засоби для орального сексу	15766	Аромат	select	none		SX0590
9628	Засоби для орального сексу	15768	Посилення чутливості	select	binary		SX0590
9628	Засоби для орального сексу	15769	Посилення слиновиділення	select	binary		SX0590
9628	Засоби для орального сексу	15770	Віброефект	select	binary		SX0590
9628	Засоби для орального сексу	15743	Стать	select	none		SX0590
9628	Засоби для орального сексу	15745	Зігріваючий	select	binary		SX0590
9628	Засоби для орального сексу	15750	Зволожуючий	select	binary		SX0590
9628	Засоби для орального сексу	15763	Тип	select	none		SX0590
9628	Засоби для орального сексу	15765	Смак	select	none		SX0590
9628	Засоби для орального сексу	15771	Сумісність з презервативами	select	binary		SX0590
9628	Засоби для орального сексу	15772	Сумісність з секс-іграшками	select	binary		SX0590
9628	Засоби для орального сексу	15774	Тип упаковки	select	none		SX0590
9628	Засоби для орального сексу	15746	Охолоджуючий	select	binary		SX0590
9628	Засоби для орального сексу	15747	Розслаблюючий	select	binary		SX0590
9468	Секс-ляльки	5223	Анальний отвір	select	binary		SX1442
9468	Секс-ляльки	5414	Тип фігури	select	none		SX1442
9468	Секс-ляльки	6092	Позиція тіла	select	none		SX1442
9468	Секс-ляльки	6303	Тип ляльки	select	none		SX1442
9468	Секс-ляльки	6151	Стать ляльки	select	none		SX1442
9468	Секс-ляльки	4251	Сенсорне реагування	select	binary		SX1442
9468	Секс-ляльки	4793	Звукові ефекти	select	binary		SX1442
9468	Секс-ляльки	5255	Вагінальний отвір	select	binary		SX1442
9468	Секс-ляльки	5262	Колір волосся	select	none		SX1442
9468	Секс-ляльки	5024	Сумісність з VR	select	binary		SX1442
9468	Секс-ляльки	5181	Статевий член	select	binary		SX1442
9468	Секс-ляльки	5197	Оральний отвір	select	binary		SX1442
9466	Вібратори	10173	Підігрів	select	binary		SX3305
9466	Вібратори	3369	Призначення	select	prom-inval	для стимуляції грудей	SX3305
9466	Вібратори	3106	Вид	select	none		SX3305
9466	Вібратори	3103	Тип приладу	select	text	вакуумний стимулятор	SX3305
9466	Вібратори	13037	Конструкція	select	none		SX3305
9466	Вібратори	10210	Керування через застосунок (Smart)	select	binary-hint	смартфон	SX3305
9466	Вібратори	9977	Кілька насадок	select	binary		SX3305
9466	Вібратори	11988	Кріплення на присоску	select	binary		SX3305
9466	Вібратори	11953	Водонепроникний	select	db-inval	IPX7	SX3305
9466	Вібратори	11367	Телескопічний	select	binary		SX3305
9464	Еротичні костюми	12923	Розмір	select	none		SX2366
3144	Засоби для інтимної гігієни	51	Вид	multiselect	none		SX3124
3144	Засоби для інтимної гігієни	1098	Об'єм	float	db-num	50	SX3124
3144	Засоби для інтимної гігієни	2907	Аромат	text	none		SX3124
3144	Засоби для інтимної гігієни	3002	Форма випуску	multiselect	none		SX3124
9474	Насадки на член	13039	Вид	select	db	реалістичні	SX4614
9460	Еротичні приколи та сувеніри	12731	Матеріал	select	none		SX1579
9474	Насадки на член	13039	Вид	select	db	нереалістичні	SX1482
7216	Еротична білизна	13949	Стать	select	none		SX3600
7216	Еротична білизна	13948	Тип товару	select	prom-inval	портупея/збруя	SX3600
7216	Еротична білизна	12923	Розмір	select	prom-inval	S/M	SX3600
3162	Догляд для ніг	2854	Призначення	multiselect	text-many	для ніг, догляд	SX2879
3162	Догляд для ніг	2496	Тип товару	select	text	скраб	SX2879
3162	Догляд для ніг	9502	Клас косметики	multiselect	none		SX2879
3162	Догляд для ніг	2855	Тип шкіри	multiselect	none		SX2879
9472	Мастурбатори	12731	Матеріал	select	prom-inval	мастурбатор як ніжна хмаринка охоплює пеніс з усіх сторін для неймовірного блаже	SX1706
9460	Еротичні приколи та сувеніри	12731	Матеріал	select	none		SX1650
9466	Вібратори	10173	Підігрів	select	binary		SX3546
9466	Вібратори	3369	Призначення	select	prom-inval	для стимуляції вульви	SX3546
9466	Вібратори	3106	Вид	select	none		SX3546
9466	Вібратори	3103	Тип приладу	select	none		SX3546
9466	Вібратори	13037	Конструкція	select	none		SX3546
9466	Вібратори	10210	Керування через застосунок (Smart)	select	binary		SX3546
9466	Вібратори	9977	Кілька насадок	select	binary		SX3546
9466	Вібратори	4212	Кількість режимів роботи	select	none		SX3546
9466	Вібратори	12731	Матеріал	select	none		SX3546
9466	Вібратори	11988	Кріплення на присоску	select	binary		SX3546
9466	Вібратори	11953	Водонепроникний	select	binary		SX3546
9466	Вібратори	11367	Телескопічний	select	binary		SX3546
9474	Насадки на член	13039	Вид	select	db	нереалістичні	SX1480
9458	Фетиш та BDSM	13948	Тип товару	select	db	нашийник	SX1680
9474	Насадки на член	13039	Вид	select	db	нереалістичні	SX1446
9616	Аксесуари для страпонів	78	Колір виробника	multiselect	text-many	106, ash, black	SX3520
9526	Аксесуари до інтимних іграшок	78	Колір виробника	multiselect	text-many	агат, мед, мос	SX3202
9526	Аксесуари до інтимних іграшок	2845	Колір	select	none		SX3202
9632	Олія для еротичного масажу	15744	Аромат	select	db	без аромату	SX2704
9632	Олія для еротичного масажу	15743	Стать	select	db	унісекс	SX2704
9632	Олія для еротичного масажу	15742	Об’єм	select	db-inval	250	SX2704
9632	Олія для еротичного масажу	15741	Кількість	select	none		SX2704
9616	Аксесуари для страпонів	78	Колір виробника	multiselect	text-many	red, wine	SX2812
9474	Насадки на член	13039	Вид	select	db	реалістичні	SX1463
9460	Еротичні приколи та сувеніри	12731	Матеріал	select	none		SX3035
9632	Олія для еротичного масажу	15744	Аромат	select	db	без аромату	SX2702
9632	Олія для еротичного масажу	15743	Стать	select	db	унісекс	SX2702
9632	Олія для еротичного масажу	15742	Об’єм	select	db-inval	250	SX2702
9632	Олія для еротичного масажу	15741	Кількість	select	none		SX2702
9458	Фетиш та BDSM	13948	Тип товару	select	db	нашийник	SX1677
9620	Аксесуари для мастурбаторів	78	Колір виробника	multiselect	text-many	ash, агат, кава	SX2332
7216	Еротична білизна	13949	Стать	select	none		SX3758
7216	Еротична білизна	13948	Тип товару	select	prom-inval	наліпки	SX3758
7216	Еротична білизна	12731	Матеріал	select	prom-inval	Поліестер	SX3758
7216	Еротична білизна	12923	Розмір	select	none		SX3758
9484	Анальні пробки	13948	Тип товару	select	none		SX2210
9484	Анальні пробки	11579	Вібрація	select	binary		SX2210
9484	Анальні пробки	11098	Тип живлення	select	none		SX2210
9484	Анальні пробки	12731	Матеріал	select	none		SX2210
9484	Анальні пробки	12891	Форма	select	prom-inval	конусна	SX2210
9484	Анальні пробки	10173	Підігрів	select	binary		SX2210
9526	Аксесуари до інтимних іграшок	14747	Основний матеріал	select	none		SO9018
9526	Аксесуари до інтимних іграшок	78	Колір виробника	multiselect	text-many	ash, айс, вайс	SO9018
9526	Аксесуари до інтимних іграшок	2845	Колір	select	none		SO9018
9466	Вібратори	10173	Підігрів	select	binary		SX3895
9466	Вібратори	3369	Призначення	select	text	анальні	SX3895
9466	Вібратори	3106	Вид	select	none		SX3895
9466	Вібратори	3103	Тип приладу	select	none		SX3895
9466	Вібратори	13037	Конструкція	select	none		SX3895
9466	Вібратори	10210	Керування через застосунок (Smart)	select	binary		SX3895
9466	Вібратори	9977	Кілька насадок	select	binary		SX3895
9466	Вібратори	4212	Кількість режимів роботи	select	none		SX3895
9466	Вібратори	12731	Матеріал	select	none		SX3895
9466	Вібратори	11988	Кріплення на присоску	select	binary		SX3895
9466	Вібратори	11953	Водонепроникний	select	binary		SX3895
9466	Вібратори	11367	Телескопічний	select	binary		SX3895
9466	Вібратори	10173	Підігрів	select	binary		SX3277
9466	Вібратори	3369	Призначення	select	prom-inval	для стимуляції грудей	SX3277
9466	Вібратори	3106	Вид	select	none		SX3277
9466	Вібратори	3103	Тип приладу	select	text	вакуумний стимулятор	SX3277
9466	Вібратори	13037	Конструкція	select	none		SX3277
9466	Вібратори	10210	Керування через застосунок (Smart)	select	binary-hint	смартфон	SX3277
9466	Вібратори	9977	Кілька насадок	select	binary		SX3277
9466	Вібратори	11988	Кріплення на присоску	select	binary		SX3277
9466	Вібратори	11953	Водонепроникний	select	db-inval	IPX7	SX3277
9466	Вібратори	11367	Телескопічний	select	binary		SX3277
9466	Вібратори	10173	Підігрів	select	binary		SX3866
9466	Вібратори	3369	Призначення	select	prom-inval	для стимуляції вульви	SX3866
9466	Вібратори	3106	Вид	select	none		SX3866
9466	Вібратори	3103	Тип приладу	select	none		SX3866
9466	Вібратори	13037	Конструкція	select	none		SX3866
9466	Вібратори	10210	Керування через застосунок (Smart)	select	binary		SX3866
9466	Вібратори	9977	Кілька насадок	select	binary		SX3866
9466	Вібратори	12731	Матеріал	select	none		SX3866
9466	Вібратори	11988	Кріплення на присоску	select	binary		SX3866
9466	Вібратори	11953	Водонепроникний	select	db-inval	IPX7	SX3866
9466	Вібратори	11367	Телескопічний	select	binary		SX3866
9460	Еротичні приколи та сувеніри	12731	Матеріал	select	none		SX1577
9466	Вібратори	10173	Підігрів	select	binary		SX3308
9466	Вібратори	3369	Призначення	select	prom-inval	для стимуляції грудей	SX3308
9466	Вібратори	3106	Вид	select	none		SX3308
9466	Вібратори	3103	Тип приладу	select	text	вакуумний стимулятор	SX3308
9466	Вібратори	13037	Конструкція	select	none		SX3308
9466	Вібратори	10210	Керування через застосунок (Smart)	select	binary-hint	смартфон	SX3308
9466	Вібратори	9977	Кілька насадок	select	binary		SX3308
9466	Вібратори	11988	Кріплення на присоску	select	binary		SX3308
9466	Вібратори	11953	Водонепроникний	select	db-inval	IPX7	SX3308
9466	Вібратори	11367	Телескопічний	select	binary		SX3308
9466	Вібратори	10173	Підігрів	select	binary		SX2141
9466	Вібратори	3369	Призначення	select	prom-inval	для стимуляції вульви	SX2141
9466	Вібратори	3106	Вид	select	none		SX2141
9466	Вібратори	3103	Тип приладу	select	none		SX2141
9466	Вібратори	13037	Конструкція	select	none		SX2141
9466	Вібратори	10210	Керування через застосунок (Smart)	select	binary-hint	smart	SX2141
9466	Вібратори	9977	Кілька насадок	select	binary		SX2141
9466	Вібратори	12731	Матеріал	select	none		SX2141
9466	Вібратори	11988	Кріплення на присоску	select	binary		SX2141
9466	Вібратори	11953	Водонепроникний	select	db-inval	IPX7	SX2141
9466	Вібратори	11367	Телескопічний	select	binary		SX2141
9616	Аксесуари для страпонів	78	Колір виробника	multiselect	text-many	100, ash, black	SX3511
9460	Еротичні приколи та сувеніри	12731	Матеріал	select	none		SX1571
9460	Еротичні приколи та сувеніри	12731	Матеріал	select	none		SX1648
9616	Аксесуари для страпонів	78	Колір виробника	multiselect	text-many	multi, org, purple	SX4033
9632	Олія для еротичного масажу	15742	Об’єм	select	prom-inval	200	SX1546
9632	Олія для еротичного масажу	15741	Кількість	select	none		SX1546
9484	Анальні пробки	13948	Тип товару	select	none		SX2217
9484	Анальні пробки	11579	Вібрація	select	binary		SX2217
9484	Анальні пробки	11098	Тип живлення	select	none		SX2217
9484	Анальні пробки	12731	Матеріал	select	none		SX2217
9484	Анальні пробки	12891	Форма	select	prom-inval	конусна	SX2217
9484	Анальні пробки	10173	Підігрів	select	binary		SX2217
9460	Еротичні приколи та сувеніри	13948	Тип товару	select	db	мило	SX3030
9470	Ерекційні кільця	13037	Конструкція	select	prom-inval	односторонні	SX3054
9470	Ерекційні кільця	3369	Призначення	select	prom-inval	вагінальні	SX3054
9466	Вібратори	10173	Підігрів	select	binary		SX3298
9466	Вібратори	3369	Призначення	select	prom-inval	для стимуляції грудей	SX3298
9466	Вібратори	3106	Вид	select	none		SX3298
9466	Вібратори	3103	Тип приладу	select	text	вакуумний стимулятор	SX3298
9466	Вібратори	13037	Конструкція	select	none		SX3298
9466	Вібратори	10210	Керування через застосунок (Smart)	select	binary-hint	смартфон	SX3298
9466	Вібратори	9977	Кілька насадок	select	binary		SX3298
9466	Вібратори	11988	Кріплення на присоску	select	binary		SX3298
9466	Вібратори	11953	Водонепроникний	select	db-inval	IPX7	SX3298
9466	Вібратори	11367	Телескопічний	select	binary		SX3298
9474	Насадки на член	13039	Вид	select	db	реалістичні	SX1466
9628	Засоби для орального сексу	15766	Аромат	select	db	кавовий	SX1696
9628	Засоби для орального сексу	15743	Стать	select	db	унісекс	SX1696
9628	Засоби для орального сексу	15763	Тип	select	db	гель	SX1696
9628	Засоби для орального сексу	15765	Смак	select	db	кавун	SX1696
9628	Засоби для орального сексу	15774	Тип упаковки	select	db	пляшка з дозатором	SX1696
9616	Аксесуари для страпонів	78	Колір виробника	multiselect	none		SX3151
9474	Насадки на член	13039	Вид	select	db	нереалістичні	SX4041
9484	Анальні пробки	13948	Тип товару	select	none		SX2200
9484	Анальні пробки	11579	Вібрація	select	binary		SX2200
9484	Анальні пробки	11098	Тип живлення	select	none		SX2200
9484	Анальні пробки	12731	Матеріал	select	none		SX2200
9484	Анальні пробки	12891	Форма	select	prom-inval	конусна	SX2200
9484	Анальні пробки	10173	Підігрів	select	binary		SX2200
9466	Вібратори	10173	Підігрів	select	binary		SX3554
9466	Вібратори	3369	Призначення	select	prom-inval	для стимуляції вульви	SX3554
9466	Вібратори	3106	Вид	select	none		SX3554
9466	Вібратори	3103	Тип приладу	select	text	вакуумний стимулятор	SX3554
9466	Вібратори	13037	Конструкція	select	none		SX3554
9466	Вібратори	10210	Керування через застосунок (Smart)	select	binary		SX3554
9466	Вібратори	9977	Кілька насадок	select	binary		SX3554
9466	Вібратори	11988	Кріплення на присоску	select	binary		SX3554
9466	Вібратори	11953	Водонепроникний	select	db-inval	IPX7	SX3554
9466	Вібратори	11367	Телескопічний	select	binary		SX3554
9458	Фетиш та BDSM	12731	Матеріал	select	prom-inval	Сітка, Цепочка	SX3450
9470	Ерекційні кільця	13037	Конструкція	select	prom-inval	односторонні	SX3053
9470	Ерекційні кільця	3369	Призначення	select	prom-inval	вагінальні	SX3053
9630	Свічки для інтимного масажу	15742	Об’єм	select	none		SX2600
9630	Свічки для інтимного масажу	15741	Кількість	select	none		SX2600
9632	Олія для еротичного масажу	15742	Об’єм	select	prom-inval	250	SX2706
9632	Олія для еротичного масажу	15741	Кількість	select	none		SX2706
9616	Аксесуари для страпонів	78	Колір виробника	multiselect	text-many	100, 102, 106	SX3513
9632	Олія для еротичного масажу	15744	Аромат	select	db	без аромату	SX2708
9632	Олія для еротичного масажу	15743	Стать	select	db	унісекс	SX2708
9632	Олія для еротичного масажу	15742	Об’єм	select	db-inval	250	SX2708
9632	Олія для еротичного масажу	15741	Кількість	select	none		SX2708
9464	Еротичні костюми	12923	Розмір	select	none		SX3793
9466	Вібратори	12731	Матеріал	select	prom-inval	Тканина	SX3860
9628	Засоби для орального сексу	15766	Аромат	select	db	кавовий	SX1695
9628	Засоби для орального сексу	15743	Стать	select	db	унісекс	SX1695
9628	Засоби для орального сексу	15763	Тип	select	db	гель	SX1695
9628	Засоби для орального сексу	15765	Смак	select	db	кавун	SX1695
9628	Засоби для орального сексу	15774	Тип упаковки	select	db	пляшка з дозатором	SX1695
6726	Крем для гоління	9502	Клас косметики	multiselect	none		SX2880
6726	Крем для гоління	3086	Призначення	multiselect	text	для гоління	SX2880
6726	Крем для гоління	1098	Об'єм	float	prom-num	236	SX2880
6726	Крем для гоління	2855	Тип шкіри	multiselect	none		SX2880
6726	Крем для гоління	150	Вага	float	none		SX2880
6726	Крем для гоління	3087	Тип засобу	select	text	крем	SX2880
9616	Аксесуари для страпонів	78	Колір виробника	multiselect	text-many	100, ash, black	SX3510
6726	Крем для гоління	9502	Клас косметики	multiselect	none		SX2881
6726	Крем для гоління	3086	Призначення	multiselect	text	для гоління	SX2881
6726	Крем для гоління	1098	Об'єм	float	prom-num	236	SX2881
6726	Крем для гоління	2855	Тип шкіри	multiselect	none		SX2881
6726	Крем для гоління	150	Вага	float	none		SX2881
6726	Крем для гоління	3087	Тип засобу	select	text	крем	SX2881
9460	Еротичні приколи та сувеніри	12731	Матеріал	select	none		SX1651
9526	Аксесуари до інтимних іграшок	14746	Тип аксесуара	select	none		SX3933
9526	Аксесуари до інтимних іграшок	14747	Основний матеріал	select	none		SX3933
9526	Аксесуари до інтимних іграшок	78	Колір виробника	multiselect	text	тан	SX3933
9526	Аксесуари до інтимних іграшок	2845	Колір	select	none		SX3933
9474	Насадки на член	13039	Вид	select	db	нереалістичні	SX4626
9460	Еротичні приколи та сувеніри	12731	Матеріал	select	none		SX1569
9460	Еротичні приколи та сувеніри	13948	Тип товару	select	db	мило	SX3027
9466	Вібратори	10173	Підігрів	select	binary		SX3868
9466	Вібратори	3369	Призначення	select	prom-inval	для стимуляції вульви	SX3868
9466	Вібратори	3106	Вид	select	none		SX3868
9466	Вібратори	3103	Тип приладу	select	none		SX3868
9466	Вібратори	13037	Конструкція	select	none		SX3868
9466	Вібратори	10210	Керування через застосунок (Smart)	select	binary		SX3868
9466	Вібратори	9977	Кілька насадок	select	binary		SX3868
9466	Вібратори	12731	Матеріал	select	none		SX3868
9466	Вібратори	11988	Кріплення на присоску	select	binary		SX3868
9466	Вібратори	11953	Водонепроникний	select	db-inval	IPX7	SX3868
9466	Вібратори	11367	Телескопічний	select	binary		SX3868
9474	Насадки на член	13039	Вид	select	db	нереалістичні	SX1471
9632	Олія для еротичного масажу	15757	Без гліцерину	select	binary		SX1528
9632	Олія для еротичного масажу	15756	Без парабенів	select	binary		SX1528
9632	Олія для еротичного масажу	15755	Органічний продукт	select	binary		SX1528
9632	Олія для еротичного масажу	15754	Їстівна формула	select	binary		SX1528
9632	Олія для еротичного масажу	15753	Антистресовий	select	binary		SX1528
9632	Олія для еротичного масажу	15752	Пом'якшуючий	select	binary		SX1528
9632	Олія для еротичного масажу	15750	Зволожуючий	select	binary		SX1528
9632	Олія для еротичного масажу	15749	Збуджуючий	select	binary		SX1528
9632	Олія для еротичного масажу	15744	Аромат	select	none		SX1528
9632	Олія для еротичного масажу	15743	Стать	select	none		SX1528
9632	Олія для еротичного масажу	15742	Об’єм	select	prom-inval	500	SX1528
9632	Олія для еротичного масажу	15741	Кількість	select	none		SX1528
9632	Олія для еротичного масажу	15745	Зігріваючий	select	binary		SX1528
9632	Олія для еротичного масажу	15746	Охолоджуючий	select	binary		SX1528
9632	Олія для еротичного масажу	15747	Розслаблюючий	select	binary		SX1528
9632	Олія для еротичного масажу	15748	Тонізуючий	select	binary		SX1528
9632	Олія для еротичного масажу	15759	З феромонами	select	binary		SX1528
9466	Вібратори	12731	Матеріал	select	prom-inval	Тканина	SX2743
9466	Вібратори	10173	Підігрів	select	binary		SX3304
9466	Вібратори	3369	Призначення	select	prom-inval	для стимуляції грудей	SX3304
9466	Вібратори	3106	Вид	select	none		SX3304
9466	Вібратори	3103	Тип приладу	select	text	вакуумний стимулятор	SX3304
9466	Вібратори	13037	Конструкція	select	none		SX3304
9466	Вібратори	10210	Керування через застосунок (Smart)	select	binary-hint	смартфон	SX3304
9466	Вібратори	9977	Кілька насадок	select	binary		SX3304
9466	Вібратори	11988	Кріплення на присоску	select	binary		SX3304
9466	Вібратори	11953	Водонепроникний	select	db-inval	IPX7	SX3304
9466	Вібратори	11367	Телескопічний	select	binary		SX3304
9464	Еротичні костюми	12923	Розмір	select	none		SX3789
9466	Вібратори	10173	Підігрів	select	binary		SX3837
9466	Вібратори	3369	Призначення	select	prom-inval	для стимуляції вульви	SX3837
9466	Вібратори	3106	Вид	select	none		SX3837
9466	Вібратори	3103	Тип приладу	select	text	вакуумний стимулятор	SX3837
9466	Вібратори	13037	Конструкція	select	none		SX3837
9466	Вібратори	10210	Керування через застосунок (Smart)	select	binary		SX3837
9466	Вібратори	9977	Кілька насадок	select	binary		SX3837
9466	Вібратори	12731	Матеріал	select	none		SX3837
9466	Вібратори	11988	Кріплення на присоску	select	binary		SX3837
9466	Вібратори	11367	Телескопічний	select	binary		SX3837
9460	Еротичні приколи та сувеніри	12731	Матеріал	select	none		SX3031
9474	Насадки на член	13039	Вид	select	db	реалістичні	SX1451
9466	Вібратори	10173	Підігрів	select	binary		SX2553
9466	Вібратори	3369	Призначення	select	prom-inval	для стимуляції вульви	SX2553
9466	Вібратори	3106	Вид	select	none		SX2553
9466	Вібратори	3103	Тип приладу	select	text	звуковий стимулятор	SX2553
9466	Вібратори	13037	Конструкція	select	none		SX2553
9466	Вібратори	10210	Керування через застосунок (Smart)	select	binary		SX2553
9466	Вібратори	9977	Кілька насадок	select	binary		SX2553
9466	Вібратори	4212	Кількість режимів роботи	select	none		SX2553
9466	Вібратори	12731	Матеріал	select	none		SX2553
9466	Вібратори	11988	Кріплення на присоску	select	binary		SX2553
9466	Вібратори	11953	Водонепроникний	select	binary		SX2553
9466	Вібратори	11367	Телескопічний	select	binary		SX2553
9458	Фетиш та BDSM	13948	Тип товару	select	db	бандаж/фіксатор	SX2229
9460	Еротичні приколи та сувеніри	13948	Тип товару	select	db	еротичні ігри	SX3048
9526	Аксесуари до інтимних іграшок	14746	Тип аксесуара	select	none		SX2302
9526	Аксесуари до інтимних іграшок	14747	Основний матеріал	select	none		SX2302
9526	Аксесуари до інтимних іграшок	78	Колір виробника	multiselect	text	тан	SX2302
9526	Аксесуари до інтимних іграшок	2845	Колір	select	none		SX2302
9466	Вібратори	10173	Підігрів	select	binary		SX3545
9466	Вібратори	3369	Призначення	select	prom-inval	для стимуляції вульви	SX3545
9466	Вібратори	3106	Вид	select	none		SX3545
9466	Вібратори	3103	Тип приладу	select	none		SX3545
9466	Вібратори	13037	Конструкція	select	none		SX3545
9466	Вібратори	10210	Керування через застосунок (Smart)	select	binary		SX3545
9466	Вібратори	9977	Кілька насадок	select	binary		SX3545
9466	Вібратори	4212	Кількість режимів роботи	select	none		SX3545
9466	Вібратори	12731	Матеріал	select	none		SX3545
9466	Вібратори	11988	Кріплення на присоску	select	binary		SX3545
9466	Вібратори	11953	Водонепроникний	select	binary		SX3545
9466	Вібратори	11367	Телескопічний	select	binary		SX3545
9460	Еротичні приколи та сувеніри	12731	Матеріал	select	none		SX3034
5116	Менструальні чаші	12097	Базовий колір	multiselect	none		SX3681
5116	Менструальні чаші	5406	Ароматизовані	select	binary		SX3681
5116	Менструальні чаші	78	Колір виробника	multiselect	text-many	ash, magenta, агат	SX3681
5116	Менструальні чаші	1098	Об'єм	float	prom-num	20	SX3681
5116	Менструальні чаші	2847	Кількість в упаковці	float	none		SX3681
5116	Менструальні чаші	5408	Розмір	multiselect	none		SX3681
9474	Насадки на член	13039	Вид	select	db	реалістичні	SX1467
9526	Аксесуари до інтимних іграшок	14746	Тип аксесуара	select	db	насадка	SX2653
9526	Аксесуари до інтимних іграшок	78	Колір виробника	multiselect	none		SX2653
9526	Аксесуари до інтимних іграшок	2845	Колір	select	none		SX2653
9470	Ерекційні кільця	13037	Конструкція	select	prom-inval	односторонні	SX2668
9470	Ерекційні кільця	3369	Призначення	select	prom-inval	вагінальні	SX2668
9474	Насадки на член	13039	Вид	select	db	реалістичні	SX4619
9474	Насадки на член	13039	Вид	select	db	нереалістичні	SX1478
9460	Еротичні приколи та сувеніри	13948	Тип товару	select	db	мило	SX3026
9460	Еротичні приколи та сувеніри	12731	Матеріал	select	none		SX1583
9620	Аксесуари для мастурбаторів	78	Колір виробника	multiselect	text-many	ash, він, мос	SX2290
7216	Еротична білизна	13949	Стать	select	none		SX1723
7216	Еротична білизна	13948	Тип товару	select	prom-inval	портупея/збруя	SX1723
9474	Насадки на член	13039	Вид	select	db	нереалістичні	SX1450
9458	Фетиш та BDSM	13948	Тип товару	select	db	бандаж/фіксатор	SX4579
9470	Ерекційні кільця	13037	Конструкція	select	prom-inval	односторонні	SX2450
9470	Ерекційні кільця	3369	Призначення	select	prom-inval	вагінальні	SX2450
3139	Гель для душу	9502	Клас косметики	multiselect	none		SX2887
3139	Гель для душу	3002	Форма випуску	multiselect	none		SX2887
3139	Гель для душу	2856	Стать	multiselect	none		SX2887
3139	Гель для душу	1098	Об'єм	float	prom-num	236	SX2887
3139	Гель для душу	51	Вид	multiselect	none		SX2887
3139	Гель для душу	2854	Призначення	multiselect	text-many	для душу, для щоденного використання	SX2887
3139	Гель для душу	3170	Дія	multiselect	text	для щоденного використання	SX2887
3139	Гель для душу	2868	Вікова група	multiselect	none		SX2887
9466	Вібратори	10173	Підігрів	select	binary		SX2542
9466	Вібратори	3369	Призначення	select	prom-inval	для стимуляції вульви	SX2542
9466	Вібратори	3106	Вид	select	none		SX2542
9466	Вібратори	3103	Тип приладу	select	none		SX2542
9466	Вібратори	13037	Конструкція	select	none		SX2542
9466	Вібратори	10210	Керування через застосунок (Smart)	select	binary		SX2542
9466	Вібратори	9977	Кілька насадок	select	binary		SX2542
9466	Вібратори	4212	Кількість режимів роботи	select	none		SX2542
9466	Вібратори	12731	Матеріал	select	none		SX2542
9466	Вібратори	11988	Кріплення на присоску	select	binary		SX2542
9466	Вібратори	11953	Водонепроникний	select	binary		SX2542
9466	Вібратори	11367	Телескопічний	select	binary		SX2542
9616	Аксесуари для страпонів	78	Колір виробника	multiselect	text-many	100, 110, ash	SX3516
9464	Еротичні костюми	12923	Розмір	select	none		SX3603
9480	Фалоімітатори	12731	Матеріал	select	prom-inval	нержавка сталь	SX3251
3144	Засоби для інтимної гігієни	51	Вид	multiselect	text	засіб для інтимної гігієни	SX3494
3144	Засоби для інтимної гігієни	1098	Об'єм	float	prom-num	150	SX3494
3144	Засоби для інтимної гігієни	2907	Аромат	text	none		SX3494
3144	Засоби для інтимної гігієни	3002	Форма випуску	multiselect	none		SX3494
9628	Засоби для орального сексу	15766	Аромат	select	db	кавовий	SX1694
9628	Засоби для орального сексу	15743	Стать	select	db	унісекс	SX1694
9628	Засоби для орального сексу	15763	Тип	select	db	гель	SX1694
9628	Засоби для орального сексу	15765	Смак	select	db	кавун	SX1694
9628	Засоби для орального сексу	15774	Тип упаковки	select	db	пляшка з дозатором	SX1694
9460	Еротичні приколи та сувеніри	12731	Матеріал	select	none		SX1647
9464	Еротичні костюми	12923	Розмір	select	none		SX2367
9460	Еротичні приколи та сувеніри	13948	Тип товару	select	db	мило	SX2314
9466	Вібратори	10173	Підігрів	select	binary		SX3549
9466	Вібратори	3369	Призначення	select	prom-inval	для стимуляції вульви	SX3549
9466	Вібратори	3106	Вид	select	none		SX3549
9466	Вібратори	3103	Тип приладу	select	none		SX3549
9466	Вібратори	13037	Конструкція	select	none		SX3549
9466	Вібратори	10210	Керування через застосунок (Smart)	select	binary		SX3549
9466	Вібратори	9977	Кілька насадок	select	binary		SX3549
9466	Вібратори	4212	Кількість режимів роботи	select	none		SX3549
9466	Вібратори	12731	Матеріал	select	none		SX3549
9466	Вібратори	11988	Кріплення на присоску	select	binary		SX3549
9466	Вібратори	11953	Водонепроникний	select	binary		SX3549
9466	Вібратори	11367	Телескопічний	select	binary		SX3549
9474	Насадки на член	13039	Вид	select	db	реалістичні	SX1455
9470	Ерекційні кільця	3369	Призначення	select	prom-inval	кліторні	SX3702
9460	Еротичні приколи та сувеніри	13948	Тип товару	select	db	мило	SX3024
9460	Еротичні приколи та сувеніри	12731	Матеріал	select	none		SX1698
9466	Вібратори	10173	Підігрів	select	binary		SX3543
9466	Вібратори	3369	Призначення	select	prom-inval	для стимуляції вульви	SX3543
9466	Вібратори	3106	Вид	select	none		SX3543
9466	Вібратори	3103	Тип приладу	select	none		SX3543
9466	Вібратори	13037	Конструкція	select	none		SX3543
9466	Вібратори	10210	Керування через застосунок (Smart)	select	binary		SX3543
9466	Вібратори	9977	Кілька насадок	select	binary		SX3543
9466	Вібратори	4212	Кількість режимів роботи	select	none		SX3543
9466	Вібратори	12731	Матеріал	select	none		SX3543
9466	Вібратори	11988	Кріплення на присоску	select	binary		SX3543
9466	Вібратори	11953	Водонепроникний	select	binary		SX3543
9466	Вібратори	11367	Телескопічний	select	binary		SX3543
9632	Олія для еротичного масажу	15742	Об’єм	select	prom-inval	100	SX3016
9632	Олія для еротичного масажу	15741	Кількість	select	none		SX3016
9632	Олія для еротичного масажу	15758	Без ароматизаторів	select	binary		SX1491
9632	Олія для еротичного масажу	15757	Без гліцерину	select	binary		SX1491
9632	Олія для еротичного масажу	15756	Без парабенів	select	binary		SX1491
9632	Олія для еротичного масажу	15755	Органічний продукт	select	binary		SX1491
9632	Олія для еротичного масажу	15754	Їстівна формула	select	binary		SX1491
9632	Олія для еротичного масажу	15753	Антистресовий	select	binary		SX1491
9632	Олія для еротичного масажу	15752	Пом'якшуючий	select	binary		SX1491
9632	Олія для еротичного масажу	15749	Збуджуючий	select	binary		SX1491
9632	Олія для еротичного масажу	15744	Аромат	select	none		SX1491
9632	Олія для еротичного масажу	15743	Стать	select	none		SX1491
9632	Олія для еротичного масажу	15742	Об’єм	select	prom-inval	150	SX1491
9632	Олія для еротичного масажу	15741	Кількість	select	none		SX1491
9632	Олія для еротичного масажу	15745	Зігріваючий	select	binary		SX1491
9632	Олія для еротичного масажу	15746	Охолоджуючий	select	binary		SX1491
9632	Олія для еротичного масажу	15747	Розслаблюючий	select	binary		SX1491
9632	Олія для еротичного масажу	15748	Тонізуючий	select	binary		SX1491
9632	Олія для еротичного масажу	15759	З феромонами	select	binary		SX1491
9466	Вібратори	10173	Підігрів	select	binary		SX3724
9466	Вібратори	3369	Призначення	select	prom-inval	для покращення ерекції	SX3724
9466	Вібратори	3106	Вид	select	none		SX3724
9466	Вібратори	3103	Тип приладу	select	text	вакуумний стимулятор	SX3724
9466	Вібратори	13037	Конструкція	select	none		SX3724
9466	Вібратори	10210	Керування через застосунок (Smart)	select	binary		SX3724
9466	Вібратори	9977	Кілька насадок	select	binary		SX3724
9466	Вібратори	4212	Кількість режимів роботи	select	none		SX3724
9466	Вібратори	12731	Матеріал	select	none		SX3724
9466	Вібратори	11988	Кріплення на присоску	select	binary		SX3724
9466	Вібратори	11953	Водонепроникний	select	binary		SX3724
9466	Вібратори	11367	Телескопічний	select	binary		SX3724
9466	Вібратори	10173	Підігрів	select	binary		SX4296
9466	Вібратори	3369	Призначення	select	prom-inval	для стимуляції вульви	SX4296
9466	Вібратори	3106	Вид	select	none		SX4296
9466	Вібратори	3103	Тип приладу	select	text	вакуумний стимулятор	SX4296
9466	Вібратори	13037	Конструкція	select	none		SX4296
9466	Вібратори	10210	Керування через застосунок (Smart)	select	binary		SX4296
9466	Вібратори	9977	Кілька насадок	select	binary		SX4296
9466	Вібратори	11988	Кріплення на присоску	select	binary		SX4296
9466	Вібратори	11367	Телескопічний	select	binary		SX4296
9474	Насадки на член	13039	Вид	select	db	нереалістичні	SX1445
9466	Вібратори	10173	Підігрів	select	binary		SX3126
9466	Вібратори	3369	Призначення	select	prom-inval	для стимуляції вульви	SX3126
9466	Вібратори	3106	Вид	select	none		SX3126
9466	Вібратори	3103	Тип приладу	select	none		SX3126
9466	Вібратори	13037	Конструкція	select	none		SX3126
9466	Вібратори	10210	Керування через застосунок (Smart)	select	binary		SX3126
9466	Вібратори	9977	Кілька насадок	select	binary		SX3126
9466	Вібратори	4212	Кількість режимів роботи	select	none		SX3126
9466	Вібратори	12731	Матеріал	select	none		SX3126
9466	Вібратори	11988	Кріплення на присоску	select	binary		SX3126
9466	Вібратори	11953	Водонепроникний	select	binary		SX3126
9466	Вібратори	11367	Телескопічний	select	binary		SX3126
9480	Фалоімітатори	12731	Матеріал	select	prom-inval	нержавка сталь	SX3258
9470	Ерекційні кільця	13037	Конструкція	select	prom-inval	з мошонкою	SX3897
9470	Ерекційні кільця	3369	Призначення	select	prom-inval	вагінальні	SX3897
9478	Вагінальні кульки та тренажери	13954	Тип товару	select	db	кульки	SX3127
9474	Насадки на член	13039	Вид	select	db	нереалістичні	SX1447
9632	Олія для еротичного масажу	15742	Об’єм	select	prom-inval	200	SX1553
9632	Олія для еротичного масажу	15741	Кількість	select	none		SX1553
3144	Засоби для інтимної гігієни	51	Вид	multiselect	none		SX3249
3144	Засоби для інтимної гігієни	1098	Об'єм	float	prom-num	150	SX3249
3144	Засоби для інтимної гігієни	2907	Аромат	text	none		SX3249
3144	Засоби для інтимної гігієни	3002	Форма випуску	multiselect	none		SX3249
3162	Догляд для ніг	2854	Призначення	multiselect	text-many	для ніг, догляд	SX2893
3162	Догляд для ніг	2496	Тип товару	select	text	скраб	SX2893
3162	Догляд для ніг	9502	Клас косметики	multiselect	none		SX2893
3162	Догляд для ніг	2855	Тип шкіри	multiselect	none		SX2893
9464	Еротичні костюми	12923	Розмір	select	none		SX3791
9466	Вібратори	10173	Підігрів	select	binary		SX3311
9466	Вібратори	10210	Керування через застосунок (Smart)	select	binary		SX3311
9466	Вібратори	9977	Кілька насадок	select	binary		SX3311
9466	Вібратори	4212	Кількість режимів роботи	select	db	7	SX3311
9466	Вібратори	11988	Кріплення на присоску	select	binary		SX3311
9466	Вібратори	11953	Водонепроникний	select	db-inval	IPX7	SX3311
9466	Вібратори	11367	Телескопічний	select	binary		SX3311
9616	Аксесуари для страпонів	78	Колір виробника	multiselect	text-many	ash, black, лак	SX3508
9632	Олія для еротичного масажу	15742	Об’єм	select	prom-inval	200	SX1555
9632	Олія для еротичного масажу	15741	Кількість	select	none		SX1555
9466	Вібратори	10173	Підігрів	select	binary		SX2165
9466	Вібратори	3369	Призначення	select	prom-inval	для стимуляції грудей	SX2165
9466	Вібратори	3106	Вид	select	none		SX2165
9466	Вібратори	3103	Тип приладу	select	text	вакуумний стимулятор	SX2165
9466	Вібратори	13037	Конструкція	select	none		SX2165
9466	Вібратори	10210	Керування через застосунок (Smart)	select	binary		SX2165
9466	Вібратори	9977	Кілька насадок	select	binary		SX2165
9466	Вібратори	11988	Кріплення на присоску	select	binary		SX2165
9466	Вібратори	11953	Водонепроникний	select	db-inval	IPX7	SX2165
9466	Вібратори	11367	Телескопічний	select	binary		SX2165
3144	Засоби для інтимної гігієни	51	Вид	multiselect	none		SX2656
3144	Засоби для інтимної гігієни	1098	Об'єм	float	prom-num	100	SX2656
3144	Засоби для інтимної гігієни	2907	Аромат	text	none		SX2656
3144	Засоби для інтимної гігієни	3002	Форма випуску	multiselect	none		SX2656
9458	Фетиш та BDSM	13948	Тип товару	select	db	бандаж/фіксатор	SX4577
9470	Ерекційні кільця	3369	Призначення	select	prom-inval	кліторні	SX3701
7216	Еротична білизна	13949	Стать	select	none		SX1725
7216	Еротична білизна	13948	Тип товару	select	prom-inval	портупея/збруя	SX1725
9458	Фетиш та BDSM	13948	Тип товару	select	db	бандаж/фіксатор	SX4564
9458	Фетиш та BDSM	13948	Тип товару	select	db	бандаж/фіксатор	SX4572
9480	Фалоімітатори	12731	Матеріал	select	prom-inval	нержавка сталь	SX3254
9628	Засоби для орального сексу	15749	Збуджуючий	select	binary		SX4014
9628	Засоби для орального сексу	15766	Аромат	select	none		SX4014
9628	Засоби для орального сексу	15768	Посилення чутливості	select	binary		SX4014
9628	Засоби для орального сексу	15769	Посилення слиновиділення	select	binary		SX4014
9628	Засоби для орального сексу	15743	Стать	select	none		SX4014
9628	Засоби для орального сексу	15750	Зволожуючий	select	binary		SX4014
9628	Засоби для орального сексу	15763	Тип	select	none		SX4014
9628	Засоби для орального сексу	15765	Смак	select	text	полуниця	SX4014
9628	Засоби для орального сексу	15771	Сумісність з презервативами	select	binary		SX4014
9628	Засоби для орального сексу	15772	Сумісність з секс-іграшками	select	binary		SX4014
9628	Засоби для орального сексу	15774	Тип упаковки	select	none		SX4014
9628	Засоби для орального сексу	15747	Розслаблюючий	select	binary		SX4014
9630	Свічки для інтимного масажу	15742	Об’єм	select	prom-inval	65	SX2285
9630	Свічки для інтимного масажу	15741	Кількість	select	none		SX2285
9470	Ерекційні кільця	13037	Конструкція	select	prom-inval	односторонні	SX2666
9470	Ерекційні кільця	3369	Призначення	select	prom-inval	вагінальні	SX2666
9484	Анальні пробки	13948	Тип товару	select	none		SX2214
9484	Анальні пробки	11579	Вібрація	select	binary		SX2214
9484	Анальні пробки	11098	Тип живлення	select	none		SX2214
9484	Анальні пробки	12731	Матеріал	select	none		SX2214
9484	Анальні пробки	12891	Форма	select	prom-inval	конусна	SX2214
9484	Анальні пробки	10173	Підігрів	select	binary		SX2214
9632	Олія для еротичного масажу	15758	Без ароматизаторів	select	binary		SX3960
9632	Олія для еротичного масажу	15757	Без гліцерину	select	binary		SX3960
9632	Олія для еротичного масажу	15756	Без парабенів	select	binary		SX3960
9632	Олія для еротичного масажу	15755	Органічний продукт	select	binary		SX3960
9632	Олія для еротичного масажу	15754	Їстівна формула	select	db	Так	SX3960
9632	Олія для еротичного масажу	15753	Антистресовий	select	binary		SX3960
9632	Олія для еротичного масажу	15752	Пом'якшуючий	select	binary		SX3960
9632	Олія для еротичного масажу	15750	Зволожуючий	select	binary		SX3960
9632	Олія для еротичного масажу	15749	Збуджуючий	select	binary		SX3960
9632	Олія для еротичного масажу	15744	Аромат	select	none		SX3960
9632	Олія для еротичного масажу	15743	Стать	select	none		SX3960
9632	Олія для еротичного масажу	15742	Об’єм	select	db-inval	150	SX3960
9632	Олія для еротичного масажу	15741	Кількість	select	none		SX3960
9632	Олія для еротичного масажу	15745	Зігріваючий	select	binary		SX3960
9632	Олія для еротичного масажу	15746	Охолоджуючий	select	binary		SX3960
9632	Олія для еротичного масажу	15747	Розслаблюючий	select	binary		SX3960
9632	Олія для еротичного масажу	15748	Тонізуючий	select	binary		SX3960
9632	Олія для еротичного масажу	15759	З феромонами	select	binary		SX3960
9474	Насадки на член	13039	Вид	select	db	нереалістичні	SX3245
9466	Вібратори	10173	Підігрів	select	binary		SX3855
9466	Вібратори	3369	Призначення	select	prom-inval	для покращення ерекції	SX3855
9466	Вібратори	3106	Вид	select	none		SX3855
9466	Вібратори	3103	Тип приладу	select	none		SX3855
9466	Вібратори	13037	Конструкція	select	none		SX3855
9466	Вібратори	10210	Керування через застосунок (Smart)	select	binary-hint	застосун	SX3855
9466	Вібратори	9977	Кілька насадок	select	binary		SX3855
9466	Вібратори	12731	Матеріал	select	none		SX3855
9466	Вібратори	11988	Кріплення на присоску	select	binary		SX3855
9466	Вібратори	11367	Телескопічний	select	binary		SX3855
9550	Анальний душ	78	Колір виробника	multiselect	text-many	ink, pink, агат	SX4344
9550	Анальний душ	757	Довжина шланга	float	none		SX4344
9628	Засоби для орального сексу	15766	Аромат	select	db	ягідний	SX2659
9628	Засоби для орального сексу	15743	Стать	select	db	унісекс	SX2659
9628	Засоби для орального сексу	15763	Тип	select	db	гель	SX2659
9628	Засоби для орального сексу	15765	Смак	select	db	без смаку	SX2659
9628	Засоби для орального сексу	15774	Тип упаковки	select	db	пляшка з дозатором	SX2659
9474	Насадки на член	13039	Вид	select	db	нереалістичні	SX1472
9616	Аксесуари для страпонів	78	Колір виробника	multiselect	text-many	100, 106, ash	SX3519
9466	Вібратори	10173	Підігрів	select	binary		SX3864
9466	Вібратори	3369	Призначення	select	none		SX3864
9466	Вібратори	3106	Вид	select	none		SX3864
9466	Вібратори	3103	Тип приладу	select	text	віброкулі	SX3864
9466	Вібратори	13037	Конструкція	select	none		SX3864
9466	Вібратори	10210	Керування через застосунок (Smart)	select	binary		SX3864
9466	Вібратори	4212	Кількість режимів роботи	select	none		SX3864
9466	Вібратори	11988	Кріплення на присоску	select	binary		SX3864
9466	Вібратори	11953	Водонепроникний	select	binary		SX3864
9466	Вібратори	11367	Телескопічний	select	binary		SX3864
9460	Еротичні приколи та сувеніри	12731	Матеріал	select	prom-inval	ламінований картон	SX4254
9632	Олія для еротичного масажу	15742	Об’єм	select	prom-inval	50	SX3012
9632	Олія для еротичного масажу	15741	Кількість	select	none		SX3012
3139	Гель для душу	9502	Клас косметики	multiselect	none		SX2886
3139	Гель для душу	3002	Форма випуску	multiselect	none		SX2886
3139	Гель для душу	2856	Стать	multiselect	none		SX2886
3139	Гель для душу	1098	Об'єм	float	prom-num	236	SX2886
3139	Гель для душу	51	Вид	multiselect	none		SX2886
3139	Гель для душу	2854	Призначення	multiselect	text	для душу	SX2886
3139	Гель для душу	3170	Дія	multiselect	text	догляд	SX2886
3139	Гель для душу	2868	Вікова група	multiselect	none		SX2886
9466	Вібратори	10173	Підігрів	select	binary		SX3301
9466	Вібратори	3369	Призначення	select	prom-inval	для стимуляції грудей	SX3301
9466	Вібратори	3106	Вид	select	none		SX3301
9466	Вібратори	3103	Тип приладу	select	text	вакуумний стимулятор	SX3301
9466	Вібратори	13037	Конструкція	select	none		SX3301
9466	Вібратори	10210	Керування через застосунок (Smart)	select	binary-hint	смартфон	SX3301
9466	Вібратори	9977	Кілька насадок	select	binary		SX3301
9466	Вібратори	11988	Кріплення на присоску	select	binary		SX3301
9466	Вібратори	11953	Водонепроникний	select	db-inval	IPX7	SX3301
9466	Вібратори	11367	Телескопічний	select	binary		SX3301
9550	Анальний душ	78	Колір виробника	multiselect	text-many	ash, він, крем	SX3501
9550	Анальний душ	757	Довжина шланга	float	none		SX3501
9474	Насадки на член	13039	Вид	select	db	нереалістичні	SX4627
9474	Насадки на член	13039	Вид	select	db	нереалістичні	SX3244
9616	Аксесуари для страпонів	78	Колір виробника	multiselect	text-many	100, 106, ash	SX3518
9474	Насадки на член	13039	Вид	select	db	реалістичні	SX4621
5116	Менструальні чаші	12097	Базовий колір	multiselect	none		SX3675
5116	Менструальні чаші	5406	Ароматизовані	select	binary		SX3675
5116	Менструальні чаші	78	Колір виробника	multiselect	text-many	ash, black, агат	SX3675
5116	Менструальні чаші	1098	Об'єм	float	prom-num	30	SX3675
5116	Менструальні чаші	2847	Кількість в упаковці	float	none		SX3675
5116	Менструальні чаші	5408	Розмір	multiselect	none		SX3675
9616	Аксесуари для страпонів	78	Колір виробника	multiselect	text-many	black, multi, org	SX4039
9474	Насадки на член	13039	Вид	select	db	нереалістичні	SX4611
9470	Ерекційні кільця	3369	Призначення	select	prom-inval	кліторні	SX3697
9474	Насадки на член	13039	Вид	select	db	реалістичні	SX4620
9468	Секс-ляльки	5223	Анальний отвір	select	binary		SX4609
9468	Секс-ляльки	5414	Тип фігури	select	none		SX4609
9468	Секс-ляльки	6092	Позиція тіла	select	none		SX4609
9468	Секс-ляльки	6303	Тип ляльки	select	none		SX4609
9468	Секс-ляльки	6151	Стать ляльки	select	none		SX4609
9468	Секс-ляльки	4251	Сенсорне реагування	select	binary		SX4609
9468	Секс-ляльки	4793	Звукові ефекти	select	binary		SX4609
9468	Секс-ляльки	5255	Вагінальний отвір	select	binary		SX4609
9468	Секс-ляльки	5262	Колір волосся	select	none		SX4609
9468	Секс-ляльки	5024	Сумісність з VR	select	binary		SX4609
9468	Секс-ляльки	5181	Статевий член	select	binary		SX4609
9468	Секс-ляльки	5197	Оральний отвір	select	binary		SX4609
9474	Насадки на член	13039	Вид	select	db	нереалістичні	SX3243
9460	Еротичні приколи та сувеніри	12731	Матеріал	select	none		SX1645
9458	Фетиш та BDSM	13948	Тип товару	select	db	бандаж/фіксатор	SX4565
9458	Фетиш та BDSM	13948	Тип товару	select	db	бандаж/фіксатор	SX4566
9616	Аксесуари для страпонів	78	Колір виробника	multiselect	text-many	multi, org, purple	SX4034
9616	Аксесуари для страпонів	78	Колір виробника	multiselect	text-many	100, 110, ash	SX3515
9484	Анальні пробки	12731	Матеріал	select	prom-inval	сухоцвіт, епоксидна смола	SX3989
9470	Ерекційні кільця	13037	Конструкція	select	prom-inval	односторонні	SX3890
9470	Ерекційні кільця	3369	Призначення	select	prom-inval	вагінальні	SX3890
9620	Аксесуари для мастурбаторів	78	Колір виробника	multiselect	text-many	ash, агат, він	SX3499
7216	Еротична білизна	13949	Стать	select	none		SX3762
7216	Еротична білизна	13948	Тип товару	select	prom-inval	наліпки	SX3762
7216	Еротична білизна	12731	Матеріал	select	prom-inval	Поліестер	SX3762
7216	Еротична білизна	12923	Розмір	select	none		SX3762
5116	Менструальні чаші	12097	Базовий колір	multiselect	none		SX3679
5116	Менструальні чаші	5406	Ароматизовані	select	binary		SX3679
5116	Менструальні чаші	78	Колір виробника	multiselect	text-many	ash, multi, multicolor	SX3679
5116	Менструальні чаші	1098	Об'єм	float	prom-num	30	SX3679
5116	Менструальні чаші	2847	Кількість в упаковці	float	none		SX3679
5116	Менструальні чаші	5408	Розмір	multiselect	none		SX3679
9484	Анальні пробки	12731	Матеріал	select	prom-inval	сухоцвіт, епоксидна смола	SX3987
9616	Аксесуари для страпонів	78	Колір виробника	multiselect	text-many	multi, org, purple	SX4032
9458	Фетиш та BDSM	12731	Матеріал	select	none		SX3907
9458	Фетиш та BDSM	13948	Тип товару	select	none		SX3907
7216	Еротична білизна	13949	Стать	select	none		SX3763
7216	Еротична білизна	13948	Тип товару	select	prom-inval	наліпки	SX3763
7216	Еротична білизна	12731	Матеріал	select	prom-inval	Поліестер	SX3763
7216	Еротична білизна	12923	Розмір	select	none		SX3763
9458	Фетиш та BDSM	13948	Тип товару	select	db	бандаж/фіксатор	SX4563
9620	Аксесуари для мастурбаторів	78	Колір виробника	multiselect	text	кава	SX2331
9470	Ерекційні кільця	13037	Конструкція	select	prom-inval	односторонні	SX4233
9470	Ерекційні кільця	3369	Призначення	select	prom-inval	вагінальні	SX4233
9480	Фалоімітатори	12731	Матеріал	select	prom-inval	нержавка сталь	SX3253
9636	Пролонгатори	15764	Основа засобу	select	db	водна	SX3466
9636	Пролонгатори	15780	Тип	select	db	крем	SX3466
9460	Еротичні приколи та сувеніри	13948	Тип товару	select	db	мило	SX3021
9474	Насадки на член	13039	Вид	select	db	реалістичні	SX1470
9474	Насадки на член	13039	Вид	select	db	реалістичні	SX4617
9464	Еротичні костюми	12923	Розмір	select	none		SX3792
9484	Анальні пробки	12731	Матеріал	select	prom-inval	сухоцвіт, епоксидна смола	SX3988
9470	Ерекційні кільця	13037	Конструкція	select	prom-inval	односторонні	SX2691
9470	Ерекційні кільця	3369	Призначення	select	prom-inval	кліторні	SX2691
9616	Аксесуари для страпонів	78	Колір виробника	multiselect	text-many	black, multi, org	SX4031
9636	Пролонгатори	15764	Основа засобу	select	db	водна	SX4496
9636	Пролонгатори	15780	Тип	select	db	спрей	SX4496
9616	Аксесуари для страпонів	78	Колір виробника	multiselect	text-many	100, 106, ash	SX3507
3144	Засоби для інтимної гігієни	51	Вид	multiselect	none		SX3020
3144	Засоби для інтимної гігієни	1098	Об'єм	float	prom-num	50	SX3020
3144	Засоби для інтимної гігієни	2907	Аромат	text	none		SX3020
3144	Засоби для інтимної гігієни	3002	Форма випуску	multiselect	none		SX3020
9620	Аксесуари для мастурбаторів	15298	Тип аксесуару	select	text-many	адаптер, кріплення	SX3195
9620	Аксесуари для мастурбаторів	15300	Основний матеріал	select	none		SX3195
9620	Аксесуари для мастурбаторів	78	Колір виробника	multiselect	text-many	бук, тан, тис	SX3195
9466	Вібратори	10173	Підігрів	select	binary		SX3542
9466	Вібратори	3369	Призначення	select	prom-inval	для стимуляції вульви	SX3542
9466	Вібратори	3106	Вид	select	none		SX3542
9466	Вібратори	3103	Тип приладу	select	none		SX3542
9466	Вібратори	13037	Конструкція	select	none		SX3542
9466	Вібратори	10210	Керування через застосунок (Smart)	select	binary		SX3542
9466	Вібратори	9977	Кілька насадок	select	binary		SX3542
9466	Вібратори	4212	Кількість режимів роботи	select	none		SX3542
9466	Вібратори	12731	Матеріал	select	none		SX3542
9466	Вібратори	11988	Кріплення на присоску	select	binary		SX3542
9466	Вібратори	11953	Водонепроникний	select	binary		SX3542
9466	Вібратори	11367	Телескопічний	select	binary		SX3542
9460	Еротичні приколи та сувеніри	12731	Матеріал	select	none		SX1699
9466	Вібратори	10173	Підігрів	select	binary		SX3867
9466	Вібратори	3369	Призначення	select	prom-inval	для стимуляції вульви	SX3867
9466	Вібратори	3106	Вид	select	none		SX3867
9466	Вібратори	3103	Тип приладу	select	none		SX3867
9466	Вібратори	13037	Конструкція	select	none		SX3867
9466	Вібратори	10210	Керування через застосунок (Smart)	select	binary		SX3867
9466	Вібратори	9977	Кілька насадок	select	binary		SX3867
9466	Вібратори	12731	Матеріал	select	none		SX3867
9466	Вібратори	11988	Кріплення на присоску	select	binary		SX3867
9466	Вібратори	11953	Водонепроникний	select	db-inval	IPX7	SX3867
9466	Вібратори	11367	Телескопічний	select	binary		SX3867
9458	Фетиш та BDSM	13948	Тип товару	select	db	бандаж/фіксатор	SX4567
9460	Еротичні приколи та сувеніри	12731	Матеріал	select	prom-inval	ламінований картон, дерево	SX4255
9470	Ерекційні кільця	13037	Конструкція	select	prom-inval	односторонні	SX3863
9470	Ерекційні кільця	3369	Призначення	select	prom-inval	вагінально-анальні	SX3863
3144	Засоби для інтимної гігієни	51	Вид	multiselect	none		SX4604
3144	Засоби для інтимної гігієни	1098	Об'єм	float	prom-num	60	SX4604
3144	Засоби для інтимної гігієни	2907	Аромат	text	none		SX4604
3144	Засоби для інтимної гігієни	3002	Форма випуску	multiselect	none		SX4604
9458	Фетиш та BDSM	13948	Тип товару	select	db	бандаж/фіксатор	SX4562
9458	Фетиш та BDSM	13948	Тип товару	select	db	бандаж/фіксатор	SX4570
9470	Ерекційні кільця	13037	Конструкція	select	prom-inval	односторонні	SX3072
9470	Ерекційні кільця	3369	Призначення	select	prom-inval	вагінальні	SX3072
9616	Аксесуари для страпонів	78	Колір виробника	multiselect	text-many	ash, метал, тан	SX4029
9526	Аксесуари до інтимних іграшок	14746	Тип аксесуара	select	none		VPMP06
9526	Аксесуари до інтимних іграшок	14747	Основний матеріал	select	none		VPMP06
9526	Аксесуари до інтимних іграшок	78	Колір виробника	multiselect	none		VPMP06
9526	Аксесуари до інтимних іграшок	2845	Колір	select	none		VPMP06
9466	Вібратори	10173	Підігрів	select	binary		SX3541
9466	Вібратори	3369	Призначення	select	prom-inval	для стимуляції вульви	SX3541
9466	Вібратори	3106	Вид	select	none		SX3541
9466	Вібратори	3103	Тип приладу	select	none		SX3541
9466	Вібратори	13037	Конструкція	select	none		SX3541
9466	Вібратори	10210	Керування через застосунок (Smart)	select	binary		SX3541
9466	Вібратори	9977	Кілька насадок	select	binary		SX3541
9466	Вібратори	4212	Кількість режимів роботи	select	none		SX3541
9466	Вібратори	12731	Матеріал	select	none		SX3541
9466	Вібратори	11988	Кріплення на присоску	select	binary		SX3541
9466	Вібратори	11953	Водонепроникний	select	binary		SX3541
9466	Вібратори	11367	Телескопічний	select	binary		SX3541
9468	Секс-ляльки	5223	Анальний отвір	select	binary		SX1443
9468	Секс-ляльки	5414	Тип фігури	select	none		SX1443
9468	Секс-ляльки	6092	Позиція тіла	select	none		SX1443
9468	Секс-ляльки	6303	Тип ляльки	select	none		SX1443
9468	Секс-ляльки	6151	Стать ляльки	select	none		SX1443
9468	Секс-ляльки	4251	Сенсорне реагування	select	binary		SX1443
9468	Секс-ляльки	4793	Звукові ефекти	select	binary		SX1443
9468	Секс-ляльки	5255	Вагінальний отвір	select	binary		SX1443
9468	Секс-ляльки	5262	Колір волосся	select	none		SX1443
9468	Секс-ляльки	5024	Сумісність з VR	select	binary		SX1443
9468	Секс-ляльки	5181	Статевий член	select	binary		SX1443
9468	Секс-ляльки	5197	Оральний отвір	select	binary		SX1443
9474	Насадки на член	13039	Вид	select	db	реалістичні	SX4613
9474	Насадки на член	13039	Вид	select	db	нереалістичні	SX4629
9458	Фетиш та BDSM	13948	Тип товару	select	db	бандаж/фіксатор	SX4580
9470	Ерекційні кільця	13037	Конструкція	select	prom-inval	односторонні	SX3917
9470	Ерекційні кільця	3369	Призначення	select	prom-inval	для точки G	SX3917
9480	Фалоімітатори	12731	Матеріал	select	prom-inval	нержавка сталь	SX3252
9470	Ерекційні кільця	13037	Конструкція	select	prom-inval	односторонні	SX3906
9470	Ерекційні кільця	3369	Призначення	select	prom-inval	вагінальні	SX3906
7216	Еротична білизна	13949	Стать	select	none		SX3761
7216	Еротична білизна	13948	Тип товару	select	prom-inval	наліпки	SX3761
7216	Еротична білизна	12731	Матеріал	select	prom-inval	Поліестер	SX3761
7216	Еротична білизна	12923	Розмір	select	none		SX3761
9460	Еротичні приколи та сувеніри	13948	Тип товару	select	db	мило	SX3029
9466	Вібратори	10173	Підігрів	select	binary		SX2322
9466	Вібратори	3369	Призначення	select	prom-inval	для стимуляції грудей	SX2322
9466	Вібратори	3106	Вид	select	none		SX2322
9466	Вібратори	3103	Тип приладу	select	text	вакуумний стимулятор	SX2322
9466	Вібратори	13037	Конструкція	select	none		SX2322
9466	Вібратори	10210	Керування через застосунок (Smart)	select	binary		SX2322
9466	Вібратори	11988	Кріплення на присоску	select	binary		SX2322
9466	Вібратори	11953	Водонепроникний	select	db-inval	IPX4	SX2322
9466	Вібратори	11367	Телескопічний	select	binary		SX2322
3161	Крем для тіла	51	Вид	multiselect	text-many	гель, гель для тіла, крем	SX2891
3161	Крем для тіла	1098	Об'єм	float	prom-num	237	SX2891
3161	Крем для тіла	9502	Клас косметики	multiselect	none		SX2891
3161	Крем для тіла	2856	Стать	multiselect	none		SX2891
3161	Крем для тіла	2855	Тип шкіри	multiselect	none		SX2891
3161	Крем для тіла	2854	Призначення	multiselect	text	для тіла	SX2891
9474	Насадки на член	13039	Вид	select	db	реалістичні	SX4622
9466	Вібратори	10173	Підігрів	select	binary		SX4236
9466	Вібратори	3369	Призначення	select	prom-inval	для стимуляції вульви	SX4236
9466	Вібратори	3106	Вид	select	none		SX4236
9466	Вібратори	3103	Тип приладу	select	text	вакуумний стимулятор	SX4236
9466	Вібратори	13037	Конструкція	select	none		SX4236
9466	Вібратори	10210	Керування через застосунок (Smart)	select	binary		SX4236
9466	Вібратори	9977	Кілька насадок	select	binary		SX4236
9466	Вібратори	11988	Кріплення на присоску	select	binary		SX4236
9466	Вібратори	11367	Телескопічний	select	binary		SX4236
9632	Олія для еротичного масажу	15744	Аромат	select	db	без аромату	SX1544
9632	Олія для еротичного масажу	15743	Стать	select	db	унісекс	SX1544
9632	Олія для еротичного масажу	15742	Об’єм	select	db-inval	200	SX1544
9632	Олія для еротичного масажу	15741	Кількість	select	none		SX1544
9620	Аксесуари для мастурбаторів	78	Колір виробника	multiselect	text-many	ash, агат, кава	SX3212
9466	Вібратори	10173	Підігрів	select	binary		SX3840
9466	Вібратори	3369	Призначення	select	prom-inval	для стимуляції вульви	SX3840
9466	Вібратори	3106	Вид	select	none		SX3840
9466	Вібратори	3103	Тип приладу	select	text	вібратор для пар	SX3840
9466	Вібратори	13037	Конструкція	select	none		SX3840
9466	Вібратори	10210	Керування через застосунок (Smart)	select	binary		SX3840
9466	Вібратори	9977	Кілька насадок	select	binary		SX3840
9466	Вібратори	11988	Кріплення на присоску	select	binary		SX3840
9466	Вібратори	11953	Водонепроникний	select	binary		SX3840
9466	Вібратори	11367	Телескопічний	select	binary		SX3840
9480	Фалоімітатори	11953	Водонепроникний	select	binary		SX4470
9480	Фалоімітатори	13039	Вид	select	db	реалістичні	SX4470
9480	Фалоімітатори	13037	Конструкція	select	prom-inval	одинарні	SX4470
9480	Фалоімітатори	12731	Матеріал	select	prom-inval	UltraSKYN	SX4470
9480	Фалоімітатори	11988	Кріплення на присоску	select	binary		SX4470
9480	Фалоімітатори	12731	Матеріал	select	prom-inval	нержавка сталь	SX3259
9460	Еротичні приколи та сувеніри	13948	Тип товару	select	db	мило	SX3025
9526	Аксесуари до інтимних іграшок	78	Колір виробника	multiselect	none		SX3497
9526	Аксесуари до інтимних іграшок	2845	Колір	select	none		SX3497
9460	Еротичні приколи та сувеніри	12731	Матеріал	select	none		SX1654
9464	Еротичні костюми	12923	Розмір	select	none		SX3602
9466	Вібратори	10173	Підігрів	select	binary		SX3500
9466	Вібратори	3106	Вид	select	none		SX3500
9466	Вібратори	3103	Тип приладу	select	none		SX3500
9466	Вібратори	13037	Конструкція	select	none		SX3500
9466	Вібратори	10210	Керування через застосунок (Smart)	select	binary		SX3500
9466	Вібратори	9977	Кілька насадок	select	binary		SX3500
9466	Вібратори	11988	Кріплення на присоску	select	binary		SX3500
9466	Вібратори	11953	Водонепроникний	select	db-inval	IPX6	SX3500
9466	Вібратори	11367	Телескопічний	select	binary		SX3500
9458	Фетиш та BDSM	13948	Тип товару	select	db	бандаж/фіксатор	SX4571
5116	Менструальні чаші	12097	Базовий колір	multiselect	none		SX3674
5116	Менструальні чаші	5406	Ароматизовані	select	binary		SX3674
5116	Менструальні чаші	78	Колір виробника	multiselect	text-many	ash, purple, агат	SX3674
5116	Менструальні чаші	1098	Об'єм	float	prom-num	30	SX3674
5116	Менструальні чаші	2847	Кількість в упаковці	float	none		SX3674
5116	Менструальні чаші	5408	Розмір	multiselect	none		SX3674
7216	Еротична білизна	13949	Стать	select	none		SX3764
7216	Еротична білизна	13948	Тип товару	select	prom-inval	наліпки	SX3764
7216	Еротична білизна	12731	Матеріал	select	prom-inval	Поліестер	SX3764
7216	Еротична білизна	12923	Розмір	select	none		SX3764
9632	Олія для еротичного масажу	15742	Об’єм	select	prom-inval	250	SX2710
9632	Олія для еротичного масажу	15741	Кількість	select	none		SX2710
9470	Ерекційні кільця	3369	Призначення	select	prom-inval	кліторні	SX3727
9460	Еротичні приколи та сувеніри	12731	Матеріал	select	none		SX1576
9480	Фалоімітатори	13039	Вид	select	db	нереалістичні	SX3990
9480	Фалоімітатори	13037	Конструкція	select	db	односторонні	SX3990
9480	Фалоімітатори	12731	Матеріал	select	db-inval	сухоцвіт, епоксидна смола	SX3990
9474	Насадки на член	13039	Вид	select	db	реалістичні	SX4612
9474	Насадки на член	13039	Вид	select	db	нереалістичні	SX4625
9484	Анальні пробки	13948	Тип товару	select	none		SX4487
9484	Анальні пробки	11579	Вібрація	select	binary		SX4487
9484	Анальні пробки	11098	Тип живлення	select	none		SX4487
9484	Анальні пробки	12731	Матеріал	select	none		SX4487
9484	Анальні пробки	12891	Форма	select	prom-inval	конусна	SX4487
9484	Анальні пробки	10173	Підігрів	select	binary		SX4487
9474	Насадки на член	13039	Вид	select	db	нереалістичні	SX1479
9464	Еротичні костюми	12923	Розмір	select	none		SX3790
9466	Вібратори	10173	Підігрів	select	binary		SX3998
9466	Вібратори	3369	Призначення	select	none		SX3998
9466	Вібратори	3106	Вид	select	none		SX3998
9466	Вібратори	3103	Тип приладу	select	none		SX3998
9466	Вібратори	13037	Конструкція	select	none		SX3998
9466	Вібратори	10210	Керування через застосунок (Smart)	select	binary		SX3998
9466	Вібратори	9977	Кілька насадок	select	binary		SX3998
9466	Вібратори	11988	Кріплення на присоску	select	binary		SX3998
9466	Вібратори	11953	Водонепроникний	select	db-inval	IPX7	SX3998
9466	Вібратори	11367	Телескопічний	select	binary		SX3998
3144	Засоби для інтимної гігієни	51	Вид	multiselect	none		SX2657
3144	Засоби для інтимної гігієни	1098	Об'єм	float	prom-num	50	SX2657
3144	Засоби для інтимної гігієни	2907	Аромат	text	none		SX2657
3144	Засоби для інтимної гігієни	3002	Форма випуску	multiselect	none		SX2657
9458	Фетиш та BDSM	13948	Тип товару	select	db	бандаж/фіксатор	SX4560
7216	Еротична білизна	13949	Стать	select	none		SX3446
7216	Еротична білизна	13948	Тип товару	select	db-inval	бандаж/фіксатор	SX3446
7216	Еротична білизна	12731	Матеріал	select	prom-inval	Штучні перли	SX3446
9460	Еротичні приколи та сувеніри	13948	Тип товару	select	db	мило	SX3028
9616	Аксесуари для страпонів	78	Колір виробника	multiselect	text-many	100, ash, black	SX3522
9484	Анальні пробки	13948	Тип товару	select	none		SX4486
9484	Анальні пробки	11579	Вібрація	select	binary		SX4486
9484	Анальні пробки	11098	Тип живлення	select	none		SX4486
9484	Анальні пробки	12731	Матеріал	select	none		SX4486
9484	Анальні пробки	12891	Форма	select	prom-inval	конусна	SX4486
9484	Анальні пробки	10173	Підігрів	select	binary		SX4486
9474	Насадки на член	13039	Вид	select	db	нереалістичні	SX4628
9474	Насадки на член	13039	Вид	select	db	нереалістичні	SX4624
9458	Фетиш та BDSM	13948	Тип товару	select	db	бандаж/фіксатор	SX4568
9470	Ерекційні кільця	13037	Конструкція	select	prom-inval	односторонні	SX4232
9470	Ерекційні кільця	3369	Призначення	select	prom-inval	вагінальні	SX4232
9474	Насадки на член	13039	Вид	select	db	реалістичні	SX4623
9460	Еротичні приколи та сувеніри	12731	Матеріал	select	prom-inval	ламінований картон	SX4257
9474	Насадки на член	13039	Вид	select	db	реалістичні	SX4616
9458	Фетиш та BDSM	13948	Тип товару	select	db	бандаж/фіксатор	SX4561
9526	Аксесуари до інтимних іграшок	14746	Тип аксесуара	select	none		VPMP07
9526	Аксесуари до інтимних іграшок	14747	Основний матеріал	select	none		VPMP07
9526	Аксесуари до інтимних іграшок	78	Колір виробника	multiselect	text-many	ash, лате, мед	VPMP07
9526	Аксесуари до інтимних іграшок	2845	Колір	select	none		VPMP07
9458	Фетиш та BDSM	13948	Тип товару	select	db	бандаж/фіксатор	SX4569
9526	Аксесуари до інтимних іграшок	78	Колір виробника	multiselect	text	ніч	SX3931
9526	Аксесуари до інтимних іграшок	2845	Колір	select	none		SX3931
9620	Аксесуари для мастурбаторів	15298	Тип аксесуару	select	text	сушарка	SX3959
9620	Аксесуари для мастурбаторів	15300	Основний матеріал	select	none		SX3959
9620	Аксесуари для мастурбаторів	78	Колір виробника	multiselect	text-many	вода, тан	SX3959
5116	Менструальні чаші	12097	Базовий колір	multiselect	none		SX3680
5116	Менструальні чаші	5406	Ароматизовані	select	binary		SX3680
5116	Менструальні чаші	78	Колір виробника	multiselect	text-many	ash, multi, multicolor	SX3680
5116	Менструальні чаші	1098	Об'єм	float	prom-num	30	SX3680
5116	Менструальні чаші	2847	Кількість в упаковці	float	none		SX3680
5116	Менструальні чаші	5408	Розмір	multiselect	none		SX3680
3144	Засоби для інтимної гігієни	51	Вид	multiselect	none		SX3019
3144	Засоби для інтимної гігієни	1098	Об'єм	float	prom-num	15	SX3019
3144	Засоби для інтимної гігієни	2907	Аромат	text	none		SX3019
3144	Засоби для інтимної гігієни	3002	Форма випуску	multiselect	none		SX3019
9470	Ерекційні кільця	13037	Конструкція	select	prom-inval	односторонні	SX2690
9470	Ерекційні кільця	3369	Призначення	select	prom-inval	кліторні	SX2690
9632	Олія для еротичного масажу	15744	Аромат	select	db	без аромату	SO1840
9632	Олія для еротичного масажу	15743	Стать	select	db	унісекс	SO1840
9632	Олія для еротичного масажу	15742	Об’єм	select	db-inval	59	SO1840
9632	Олія для еротичного масажу	15741	Кількість	select	none		SO1840
9484	Анальні пробки	13948	Тип товару	select	none		RO2286
9484	Анальні пробки	11098	Тип живлення	select	none		RO2286
9466	Вібратори	10173	Підігрів	select	binary		SO1728
9466	Вібратори	3369	Призначення	select	none		SO1728
9466	Вібратори	3106	Вид	select	none		SO1728
9466	Вібратори	3103	Тип приладу	select	none		SO1728
9466	Вібратори	13037	Конструкція	select	none		SO1728
9466	Вібратори	10210	Керування через застосунок (Smart)	select	binary		SO1728
9466	Вібратори	9977	Кілька насадок	select	binary		SO1728
9466	Вібратори	4212	Кількість режимів роботи	select	none		SO1728
9466	Вібратори	11988	Кріплення на присоску	select	binary		SO1728
9466	Вібратори	11953	Водонепроникний	select	binary		SO1728
9466	Вібратори	11367	Телескопічний	select	binary		SO1728
9620	Аксесуари для мастурбаторів	78	Колір виробника	multiselect	text-many	218, беж, грі	SO2024
