артикул	категорія	чого бракує	назва
EL14701	Еротична білизна	Розмір	Комплект білизни Passion AMORE SET black, стрінги і ліф у вигляді подарункової стрічки з бантом
EL14702	Еротична білизна	Розмір	Комплект білизни Passion AMORE SET red, стрінги і ліф у вигляді подарункової стрічки з бантом
EL14703	Еротична білизна	Розмір	Комплект білизни Passion AMORE SET white, стрінги і ліф у вигляді подарункової стрічки з бантом
EL16001	Еротична білизна	Розмір	Трусики-стрінги Passion MT005 black
EL16003	Еротична білизна	Розмір	Трусики-стрінги Passion MT005 red
EL16004	Еротична білизна	Розмір	Трусики-стрінги Passion MT005 white
EL16011	Еротична білизна	Розмір	Трусики-стрінги Passion MT012 black
EL16012	Еротична білизна	Розмір	Трусики-стрінги Passion MT012 red
EL16013	Еротична білизна	Розмір	Трусики-стрінги Passion MT012 white
EL16014	Еротична білизна	Розмір	Трусики-мікрострінги Passion MT013 black
EL16015	Еротична білизна	Розмір	Трусики мікро стрінги Passion MT013 white
EL16016	Еротична білизна	Розмір	Трусики-стрінги Passion MT018 black
EL16017	Еротична білизна	Розмір	Трусики-стрінги Passion MT018 pink
EL16018	Еротична білизна	Розмір	Трусики-стрінги Passion MT018 red
EL16019	Еротична білизна	Розмір	Трусики-стрінги Passion MT018 white
EL16020	Еротична білизна	Розмір	Трусики мікро стрінги Passion MT001 black
EL16021	Еротична білизна	Розмір	Трусики мікро стрінги Passion MT002 black
EL16022	Еротична білизна	Розмір	Трусики мікро стрінги Passion MT002 white
EL16023	Еротична білизна	Розмір	Трусики-мікрострінги Passion MT003 black
EL16024	Еротична білизна	Розмір	Трусики мікро стрінги Passion MT003 white
EL16025	Еротична білизна	Розмір	Трусики-стрінги Passion MT009 red
EL16026	Еротична білизна	Розмір	Трусики-стрінги Passion MT009 white
EL16027	Еротична білизна	Розмір	Трусики-стрінги Passion MT011 зі шнурівкою
EL16028	Еротична білизна	Розмір	Трусики-стрінги Passion MT015 black
EL16029	Еротична білизна	Розмір	Трусики-стрінги Passion MT015 red
EL16030	Еротична білизна	Розмір	Трусики-стрінги Passion MT015 white
PS1079	Еротична білизна	Розмір	Корсет під латекс з пажами Passion BES CORSET 6XL/7XL, black, стрінги, шнурівка
PS23203	Еротична білизна	Розмір	Колготки в сіточку без виділених трусиків Passion TI019 типу Кабаретка 1/2 (fishnet), nero
PS23204	Еротична білизна	Розмір	Колготки в сіточку без виділених трусиків Passion TI019 типу Кабаретка 3/4 (fishnet), nero
PS23205	Еротична білизна	Розмір	Колготки в сіточку без виділених трусиків Passion TI020 типу Кабаретка 1/2 (fishnet), nero
PS23206	Еротична білизна	Розмір	Колготки в сіточку без виділених трусиків Passion TI020 типу Кабаретка 3/4 (fishnet), nero
PS23600	Еротична білизна	Розмір	Класичні панчохи під пояс із широкою резинкою Passion ST001 5 nero
PS23601	Еротична білизна	Розмір	Класичні панчохи під пояс із широкою резинкою Passion ST001 1/2 nero
PS23602	Еротична білизна	Розмір	Класичні панчохи під пояс із широкою гумкою Passion ST001 3/4 nero
PS23603	Еротична білизна	Розмір	Класичні панчохи під пояс із подвійною резинкою Passion ST002 1/2 nero
PS23604	Еротична білизна	Розмір	Класичні панчохи під пояс із подвійною резинкою Passion ST002 3/4 nero
PS23605	Еротична білизна	Розмір	Панчохи Passion ST003 1/2 nero
PS23606	Еротична білизна	Розмір	Панчохи Passion ST003 3/4 nero
PS23614	Еротична білизна	Розмір	Панчохи Passion ST022 1/2 nero
PS23615	Еротична білизна	Розмір	Панчохи Passion ST022 3/4 nero
PS23623	Еротична білизна	Розмір	Панчохи Passion ST100 1/2 grey
PS23624	Еротична білизна	Розмір	Панчохи Passion ST100 1/2 red
PS23625	Еротична білизна	Розмір	Панчохи Passion ST100 3/4 grey
PS23626	Еротична білизна	Розмір	Панчохи ST100 3/4 red
PS23627	Еротична білизна	Розмір	Панчохи Passion ST101 1/2 nero
PS23628	Еротична білизна	Розмір	Панчохи Passion ST101 3/4 nero
PS23629	Еротична білизна	Розмір	Панчохи Passion ST102 1/2 nero
PS23630	Еротична білизна	Розмір	Панчохи Passion ST102 3/4 nero
PS23631	Еротична білизна	Розмір	Панчохи Passion ST103 1/2 beige
PS23632	Еротична білизна	Розмір	Панчохи Passion ST103 1/2 nero
PS23633	Еротична білизна	Розмір	Панчохи Passion ST103 3/4 beige
PS23634	Еротична білизна	Розмір	Панчохи Passion ST103 3/4 nero
PS23635	Еротична білизна	Розмір	Панчохи Passion ST104 1/2 nero
PS23636	Еротична білизна	Розмір	Панчохи Passion ST104 3/4 nero
PS23637	Еротична білизна	Розмір	Панчохи Passion ST105 1/2 grey
PS23638	Еротична білизна	Розмір	Панчохи Passion ST105 1/2 red
PS23639	Еротична білизна	Розмір	Панчохи Passion ST105 3/4 grey
PS23640	Еротична білизна	Розмір	Панчохи Passion ST105 3/4 red
PS23641	Еротична білизна	Розмір	Панчохи Passion ST106 1/2 beige
PS23642	Еротична білизна	Розмір	Панчохи Passion ST106 3/4 beige
PS23643	Еротична білизна	Розмір	Панчохи Passion ST108 1/2 nero
PS23644	Еротична білизна	Розмір	Панчохи Passion ST108 3/4 nero
PS23646	Еротична білизна	Розмір	Класичні панчохи під пояс із подвійною резинкою Passion ST002 5 nero
PS23650	Еротична білизна	Розмір	Панчохи Passion ST017 1/2 nero
PS23651	Еротична білизна	Розмір	Пончохи Passion ST017 3/4 nero
PS24500	Еротична білизна	Розмір	Еротичні колготки Passion TIOPEN 001 1/2 (20 den), nero, з вирізом і мереживом на поясі
PS24501	Еротична білизна	Розмір	Еротичні колготки Passion TIOPEN 001 3/4 (20 den), nero, з вирізом і мереживом на поясі
PS24502	Еротична білизна	Розмір	Еротичні колготки Passion TIOPEN 002 1/2 (20 den), nero, імітація панчох і пояса
PS24503	Еротична білизна	Розмір	Еротичні колготки Passion TIOPEN 002 3/4 (20 den), black, імітація панчох і пояса
PS24504	Еротична білизна	Розмір	Еротичні колготки Passion TIOPEN 003 1/2 (20/40 den), nero, імітація панчох і пояса
PS24505	Еротична білизна	Розмір	Еротичні колготки Passion TIOPEN 003 3/4 (20/40 den), nero, імітація панчох і пояса
PS24506	Еротична білизна	Розмір	Еротичні колготки Passion TIOPEN 004 1/2 (fishnet 40 den), nero, імітація панчох і пояса
PS24507	Еротична білизна	Розмір	Еротичні колготки Passion TIOPEN 004 3/4 (fishnet 40 den), black, імітація панчох і пояса
PS24508	Еротична білизна	Розмір	Еротичні колготки Passion TIOPEN 005 1/2 (60 den), nero, з вирізом, оригінальний пояс
PS24509	Еротична білизна	Розмір	Еротичні колготки Passion TIOPEN 005 3/4 (60 den), nero, з вирізом, оригінальний пояс
PS24510	Еротична білизна	Розмір	Еротичні колготки Passion TIOPEN 005 1/2 (60 den), roso, з вирізом, оригінальний пояс
PS24511	Еротична білизна	Розмір	Еротичні колготки Passion TIOPEN 005 3/4 (60 den), roso, з вирізом, оригінальний пояс
PS24512	Еротична білизна	Розмір	Еротичні колготки Passion TIOPEN 006 1/2 (30 den), beige, з вирізом, імітація трусиків
PS24513	Еротична білизна	Розмір	Еротичні колготки Passion TIOPEN 006 3/4 (30 den), beige, з вирізом, імітація трусиків
PS24514	Еротична білизна	Розмір	Еротичні колготки Passion TIOPEN 006 1/2 (30 den), white, з вирізом, імітація трусиків
PS24515	Еротична білизна	Розмір	Еротичні колготки Passion TIOPEN 006 3/4 (30 den), white, з вирізом, імітація трусиків
PS24516	Еротична білизна	Розмір	Еротичні колготки Passion TIOPEN 006 1/2 (30 den), black, з вирізом, імітація трусиків
PS24517	Еротична білизна	Розмір	Еротичні колготки Passion TIOPEN 006 3/4 (30 den), nero, з вирізом, імітація трусиків
PS24518	Еротична білизна	Розмір	Еротичні колготки Passion TIOPEN 006 1/2 (30 den), red, з вирізом, імітація трусиків
PS24519	Еротична білизна	Розмір	Еротичні колготки Passion TIOPEN 006 3/4 (30 den), red, з вирізом, імітація трусиків
PS24520	Еротична білизна	Розмір	Еротичні колготки Passion TIOPEN 008 3/4 (30 den), black, з вирізом
PS24521	Еротична білизна	Розмір	Еротичні колготки Passion TIOPEN 008 1/2 (30 den), black, з вирізом
PSS001B	Еротична білизна	Розмір	Еротичні колготки-бодістокінг Passion S001 black,, з доступом та з відкритими стегнами
PSS001R	Еротична білизна	Розмір	Еротичні колготки-бодістокінг Passion S001 red, з доступом і з відкритими стегнами
PSS001W	Еротична білизна	Розмір	Еротичні колготки-бодістокінг Passion S001 white, з доступом і з відкритими стегнами
PSS002B	Еротична білизна	Розмір	Еротичні колготки-бодістокінг Passion S002 black, імітація мереживних панчіх та пояса
PSS002R	Еротична білизна	Розмір	Еротичні колготки-бодістокінг Passion S002 red, імітація мереживних панчіх та пояса
PSS002W	Еротична білизна	Розмір	Еротичні колготки-бодістокінг Passion S002 white, імітація мереживних панчіх та пояса
PSS003B	Еротична білизна	Розмір	Еротичні колготки-бодістокінг Passion S003 black, імітація мереживних панчіх та трусиків
PSS003R	Еротична білизна	Розмір	Еротичні колготки-бодістокінг Passion S003 red, імітація мереживних панчіх та трусиків
PSS003W	Еротична білизна	Розмір	Еротичні колготки-бодістокінг Passion S003 white, імітація мереживних панчіх та трусиків
PSS004B	Еротична білизна	Розмір	Еротичні колготки-бодістокінг Passion S004 black, імітація високих панчіх та тоненького пояска
PSS004R	Еротична білизна	Розмір	Еротичні колготки-бодістокінг Passion S004 red, імітація високих панчіх та тоненького пояска
PSS004W	Еротична білизна	Розмір	Еротичні колготки-бодістокінг Passion S004 white, імітація високих панчіх та тоненького пояска
PSS005B	Еротична білизна	Розмір	Еротичні колготки-бодістокінг Passion S005 black, імітація панчіх та пояса для панчіх
PSS005R	Еротична білизна	Розмір	Еротичні колготки-бодістокінг Passion S005 red, імітація панчіх та пояса для панчіх
PSS005W	Еротична білизна	Розмір	Еротичні колготки-бодістокінг Passion S005 white, імітація панчіх та пояса для панчіх
PSS006B	Еротична білизна	Розмір	Еротичні колготки-бодістокінг Passion S006 black, імітація панчіх у велику сітку та пояса
PSS006R	Еротична білизна	Розмір	Еротичні колготки-бодістокінг Passion S006 red, імітація панчіх у велику сітку та пояса
PSS006W	Еротична білизна	Розмір	Еротичні колготки-бодістокінг Passion S006 white, імітація панчіх у велику сітку та пояса
PSS007B	Еротична білизна	Розмір	Еротичні колготки-бодістокінг Passion S007 black, гарні ажурні колготки з вирізом
PSS007R	Еротична білизна	Розмір	Еротичні колготки-бодістокінг Passion S007 red, гарні ажурні колготки з вирізом
PSS007W	Еротична білизна	Розмір	Еротичні колготки-бодістокінг Passion S007 white, гарні ажурні колготки з вирізом
PSS008B	Еротична білизна	Розмір	Еротичні колготки-бодістокінг Passion S008 black, ажурні колготки з вирізом та лампасами-сіткою
PSS008R	Еротична білизна	Розмір	Еротичні колготки-бодістокінг Passion S008 red, ажурні колготки з вирізом та лампасами-сіткою
PSS008W	Еротична білизна	Розмір	Еротичні колготки-бодістокінг Passion S008 white, ажурні колготки з вирізом та лампасами-сіткою
PSS009B	Еротична білизна	Розмір	Еротичні колготки-бодістокінг Passion S009 black, імітація панчіх та пояса
PSS009R	Еротична білизна	Розмір	Еротичні колготки-бодістокінг Passion S009 red, імітація панчіх та пояса
PSS009W	Еротична білизна	Розмір	Еротичні колготки-бодістокінг Passion S009 white, імітація панчіх та пояса
PSS010B	Еротична білизна	Розмір	Еротичні колготки-бодістокінг Passion S010 black, з доступом, геометричний малюнок
PSS010R	Еротична білизна	Розмір	Еротичні колготки-бодістокінг Passion S010 red, з доступом, геометричний малюнок
PSS010W	Еротична білизна	Розмір	Еротичні колготки-бодістокінг Passion S010 white, з доступом, геометричний малюнок
PSS021B	Еротична білизна	Розмір	Еротичні колготки-бодістокінг Passion S021 black, у велику сітку з високим поясом
PSS021R	Еротична білизна	Розмір	Еротичні колготки-бодістокінг Passion S021 red, в крупну сітку з високим паском
PSS021W	Еротична білизна	Розмір	Еротичні колготки-бодістокінг Passion S021 white, в крупну сітку з високим паском
SO1905	Еротична білизна	Розмір	Панчохи Anne De Ales FLORA T1 Black
SO1906	Еротична білизна	Розмір	Панчохи Anne De Ales FLORA T2 Black
SO1907	Еротична білизна	Розмір	Панчохи Anne De Ales FLORA T3 Black
SO1908	Еротична білизна	Розмір	Панчохи Anne De Ales FLORA T4 Black
SO1909	Еротична білизна	Розмір	Панчохи з поясом Anne De Ales LEA T1 Black, відмінно для pinup стилю
SO1910	Еротична білизна	Розмір	Панчохи з поясом Anne De Ales LEA T2 Black, відмінно для pinup стилю
SO1911	Еротична білизна	Розмір	Панчохи з поясом Anne De Ales LEA T3 Black, відмінно для pinup стилю
SO1912	Еротична білизна	Розмір	Панчохи з поясом Anne De Ales LEA T4 Black, чудово для pinup-образу
SO1913	Еротична білизна	Розмір	Колготки-панчохи з поясом Anne De Ales LOLA T1 Black, з доступом і відкритою попою
SO1914	Еротична білизна	Розмір	Колготки-панчохи з поясом Anne De Ales LOLA T2 Black, з доступом і відкритою попою
SO1915	Еротична білизна	Розмір	Колготки-панчохи з поясом Anne De Ales LOLA T3 Black, з доступом і відкритою попою
SO1916	Еротична білизна	Розмір	Колготки-панчохи з поясом Anne De Ales LOLA T4 Black, з доступом і відкритою попою
SO1917	Еротична білизна	Розмір	Колготки-панчохи з поясом Anne De Ales MORGANE T1 Black, дрібна сіточка, з доступом
SO1918	Еротична білизна	Розмір	Колготки-панчохи з поясом Anne De Ales MORGANE T2 Black, дрібна сіточка, з доступом
SO1919	Еротична білизна	Розмір	Колготки-панчохи з поясом Anne De Ales MORGANE T3 Black, дрібна сіточка, з доступом
SO1920	Еротична білизна	Розмір	Колготки-панчохи з поясом Anne De Ales MORGANE T4 Black, дрібна сіточка, з доступом
SO1921	Еротична білизна	Розмір	Панчохи з поясом Anne De Ales TOSCA T1 Black, середня сіточка, ззаду стрілки, мереживний пояс
SO1922	Еротична білизна	Розмір	Панчохи з поясом Anne De Ales TOSCA T2 Black, середня сіточка, ззаду стрілки, мереживний пояс
SO1923	Еротична білизна	Розмір	Панчохи з поясом Anne De Ales TOSCA T3 Black, середня сіточка, ззаду стрілки, мереживний пояс
SO1924	Еротична білизна	Розмір	Панчохи з поясом Anne De Ales TOSCA T4 Black, середня сіточка, позаду стрілки, мереживний пояс
SO1925	Еротична білизна	Розмір	Панчохи Anne De Ales STELLA T1 Black
SO1926	Еротична білизна	Розмір	Панчохи Anne De Ales STELLA T2 Black
SO1927	Еротична білизна	Розмір	Панчохи Anne De Ales STELLA T3 Black
SO1928	Еротична білизна	Розмір	Панчохи Anne De Ales STELLA T4 Black
SO1929	Еротична білизна	Розмір	Мітенки сітка Anne De Ales Black
SO1930	Еротична білизна	Розмір	Мітенки сітка Anne De Ales White
SO1931	Еротична білизна	Розмір	Мітенки сітка Anne De Ales Red
SO1939	Еротична білизна	Розмір	Колготки Anne De Ales DELPHINE T1 Black
SO1940	Еротична білизна	Розмір	Панчохи Anne De Ales DELPHINE T2 Black
SO1941	Еротична білизна	Розмір	Панчохи Anne De Ales DELPHINE T3 Black
SO1942	Еротична білизна	Розмір	Панчохи Anne De Ales DELPHINE T4 Black
SO1943	Еротична білизна	Розмір	Панчохи Anne De Ales CAMILLA T1 Black
SO1944	Еротична білизна	Розмір	Панчохи Anne De Ales CAMILLA T2 Black
SO1945	Еротична білизна	Розмір	Панчохи Anne De Ales CAMILLA T3 Black
SO1946	Еротична білизна	Розмір	Панчохи Anne De Ales CAMILLA T4 Black
SO1947	Еротична білизна	Розмір	Панчохи Anne De Ales CLOE T1 Black
SO1948	Еротична білизна	Розмір	Панчохи Anne De Ales CLOE T2 Black
SO1949	Еротична білизна	Розмір	Панчохи Anne De Ales CLOE T3 Black
SO1950	Еротична білизна	Розмір	Панчохи Anne De Ales CLOE T4 Black
SO1951	Еротична білизна	Розмір	Панчохи Anne De Ales ERICA T1 Black
SO1952	Еротична білизна	Розмір	Панчохи Anne De Ales ERICA T2 Black
SO1953	Еротична білизна	Розмір	Панчохи Anne De Ales ERICA T3 Black
SO1954	Еротична білизна	Розмір	Панчохи Anne De Ales ERICA T4 Black
SO2240	Еротична білизна	Розмір	Трусики з доступом Fashion Secret JULIA Black
SO2241	Еротична білизна	Розмір	Трусики з доступом Fashion Secret JULIA White
SO2242	Еротична білизна	Розмір	Трусики з доступом Fashion Secret JULIA Red
SO2243	Еротична білизна	Розмір	Трусики-стрінги з доступом Fashion Secret ANGELA Black
SO2244	Еротична білизна	Розмір	Трусики з доступом Fashion Secret ANGELA Red
SO2245	Еротична білизна	Розмір	Трусики-стрінги з перлинною ниткою Fashion Secret KATIA Black
SO2247	Еротична білизна	Розмір	Трусики-стрінги з перлинною ниткою Fashion Secret KATIA Red
SO2248	Еротична білизна	Розмір	Трусики-стрінги з перлинною ниткою Fashion Secret VENUSINA Black
SO2249	Еротична білизна	Розмір	Трусики-стрінги з перлинною ниткою Fashion Secret VENUSINA White
SO2250	Еротична білизна	Розмір	Трусики-стрінги з перлинною ниткою Fashion Secret VENUSINA Red
SO2251	Еротична білизна	Розмір	Трусики Fashion Secret ANNE Black
SO2252	Еротична білизна	Розмір	Трусики Fashion Secret ANNE White
SO2253	Еротична білизна	Розмір	Трусики Fashion Secret ANNE Red
SO2254	Еротична білизна	Розмір	Трусики-стрінги Fashion Secret MYLENE Black з подвійною лінією стегна
SO2255	Еротична білизна	Розмір	Трусики-стрінги Fashion Secret MYLENE White з подвійною лінією стегна
SO2256	Еротична білизна	Розмір	Трусики-стрінги Fashion Secret MYLENE Red з подвійною лінією стегна
SO2257	Еротична білизна	Розмір	Трусики-стрінги з доступом Fashion Secret DANUTA Black
SO2258	Еротична білизна	Розмір	Трусики-стрінги з доступом Fashion Secret DANUTA White
SO2259	Еротична білизна	Розмір	Трусики-стрінги з доступом Fashion Secret DANUTA Red
SO2320	Еротична білизна	Розмір, Тип товару	Пестіс з кристалів Bijoux Indiscrets - Mimi Black, прикраса на груди
SO2321	Еротична білизна	Розмір, Тип товару	Пестіс з кристалів Bijoux Indiscrets - Mimi Red, прикраса на груди
SO2322	Еротична білизна	Розмір, Тип товару	Пестіс з кристалів Bijoux Indiscrets - Mimi Pearl, прикраса на груди
SO2336	Еротична білизна	Розмір, Тип товару	Пестіс стікіні Bijoux Indiscrets Flash Cross Black, наліпки на соски
SO2337	Еротична білизна	Розмір, Тип товару	Прикраса на соски Bijoux Indiscrets – Flash Heart Black
SO2338	Еротична білизна	Розмір, Тип товару	Пестіс - стикини Bijoux Indiscrets - Flash Heart Gold, наклейки на соски
SO2339	Еротична білизна	Розмір, Тип товару	Пестіс - стикини Bijoux Indiscrets - Flash Star Black, наклейки на соски
SO2340	Еротична білизна	Розмір, Тип товару	Пестіс - стикини Bijoux Indiscrets - Flash Star Gold, наклейки на соски
SO2341	Еротична білизна	Розмір, Тип товару	Пестіс - стикини Bijoux Indiscrets - Flash Cross Gold, наклейки на соски
SO2667	Еротична білизна	Розмір, Тип товару	Пестіс Bijoux Indiscrets Burlesque pasties GLITTER and BOW
SO2668	Еротична білизна	Розмір, Тип товару	Пестіс Bijoux Indiscrets Burlesque pasties ORIGINAL BLACK
SO3095	Еротична білизна	Розмір	"Сукня лакована чорна ""Спокусниця Марго"" М, блискавка на всю довжину позаду"
SO3127	Еротична білизна	Розмір, Тип товару	Пестіс з кристалів Petits Joujoux Gloria set of 3 - Black, прикраса на груди та вульву
SO3128	Еротична білизна	Розмір, Тип товару	Пестіс з кристалів Petits Joujoux Gloria set of 3 - Silver, прикраса на груди та вульву
SO3129	Еротична білизна	Розмір, Тип товару	Пестіс з кристалів Petits Joujoux Gloria set of 3 - Black/Purple, прикраса на груди та вульву
SO3130	Еротична білизна	Розмір, Тип товару	Пестіс з кристалів Petits Joujoux Gloria set of 3 - Black/Red, прикраса на груди та вульву
SO3131	Еротична білизна	Розмір, Тип товару	Пестіс з кристалів Petits Joujoux Gloria set of 3 - Black/Pink, прикраса на груди та вульву
SO3132	Еротична білизна	Розмір, Тип товару	Пестіс з кристалів Petits Joujoux Gloria set of 3 - Green/Blue, прикраса на груди та вульву
SO3133	Еротична білизна	Розмір, Тип товару	Пестіс з кристалів Petits Joujoux Gloria set of 2 - Black, прикраса на груди
SO3136	Еротична білизна	Розмір, Тип товару	Пестіс з кристалів Petits Joujoux Gloria set of 2 - Black/Purple, прикраса на груди
SO3137	Еротична білизна	Розмір, Тип товару	Пестіс з кристалів Petits Joujoux Gloria set of 2 - Black/Red, прикраса на груди
SO3138	Еротична білизна	Розмір, Тип товару	Пестіс з кристалів Petits Joujoux Gloria set of 2 - Black/Pink, прикраса на груди
SO3147	Еротична білизна	Розмір, Тип товару	Пестіс з кристалів Petits Joujoux Gloria set of 3 - Red, прикраса на груди та вульву
SO3916	Еротична білизна	Розмір	"Сукня лакована червона ""Спокусниця Марго"" М, блискавка на всю довжину позаду"
SO4050	Еротична білизна	Розмір	Колготки у велику сітку Anne De Ales Ginna T1
SO4051	Еротична білизна	Розмір	Панчохи сітка з вініловим верхом Anne De Ales Domina T1
SO4052	Еротична білизна	Розмір	Колготки-сітка Anne De Ales Melisa T1
SO4053	Еротична білизна	Розмір	Колготки у велику сітку Anne De Ales Ginna T2
SO4054	Еротична білизна	Розмір	Панчохи сітка з вініловим верхом Anne De Ales Domina T2
SO4055	Еротична білизна	Розмір	Панчохи сітка з вініловим верхом Anne De Ales Domina T3
SO4056	Еротична білизна	Розмір	Колготки-сітка Anne De Ales Melisa T3
SO4057	Еротична білизна	Розмір	Колготки у велику сітку Anne De Ales Ginna T3
SO4058	Еротична білизна	Розмір	Панчохи сітка з вініловим верхом Anne De Ales Domina T4
SO4059	Еротична білизна	Розмір	Колготки у велику сітку Anne De Ales Ginna T4
SO4060	Еротична білизна	Розмір	Колготи-сітка Anne De Ales Melisa T4
SO4061	Еротична білизна	Розмір	Трусики з відкритою попкою Fashion Secret Nadia Black
SO4062	Еротична білизна	Розмір	Трусики з відкритою попкою Fashion Secret Nadia Red
SO4063	Еротична білизна	Розмір	Трусики з відкритою попкою Fashion Secret Nadia White
SO4066	Еротична білизна	Розмір	Колготки-сітка Anne De Ales Melisa T2
SO4279	Еротична білизна	Розмір	Чорні панчохи з ефектом тату Passion ST111 1/2 (20 den), nero
SO4280	Еротична білизна	Розмір	Чорні панчохи з ефектом тату Passion ST111 3/4 (20 den), nero
SO4281	Еротична білизна	Розмір	Чорні панчохи з ефектом тату Passion ST111 5 (20 den), nero
SO4282	Еротична білизна	Розмір	Панчохи з візерунковим швом позаду Passion ST114 1/2 (20 den), nero
SO4283	Еротична білизна	Розмір	Панчохи з візерунковим швом позаду Passion ST114 3/4 (20 den), nero
SO4284	Еротична білизна	Розмір	Панчохи з візерунковим швом позаду Passion ST114 5 (20 den), nero
SO4285	Еротична білизна	Розмір	Чорні тонкі колготки з ефектом тату Passion TI110 1/2 (20 den), nero
SO4286	Еротична білизна	Розмір	Чорні тонкі колготки з ефектом тату Passion TI110 3/4 (20 den), nero
SO4287	Еротична білизна	Розмір	Колготки з ефектом панчох на підв'язках Passion TI112 1/2 (60/20 den), nero-gold
SO4288	Еротична білизна	Розмір	Колготки з ефектом панчох на підв'язках Passion TI112 3/4 (60/20 den), nero-gold
SO4289	Еротична білизна	Розмір	Колготки з ефектом панчох на підв'язках Passion TI112 1/2 (60/20 den), nero-roso
SO4290	Еротична білизна	Розмір	Колготки з ефектом панчіх на підв'язках Passion TI112 3/4 (60/20 den), nero-roso
SO4291	Еротична білизна	Розмір	Колготки з ефектом панчох на підв'язках PassionTI112 1/2 (60/20 den), nero-violet
SO4292	Еротична білизна	Розмір	Колготки з ефектом панчох на підв'язках Passion TI112 3/4 (60/20 den), nero-violet
SO4293	Еротична білизна	Розмір	Графітові панчохи на ажурній силіконовій резинці Passion ST003 1/2 grafit
SO4294	Еротична білизна	Розмір	Графітові панчохи на ажурній силіконовій резинці Passion ST003 3/4 grafit
SO4695	Еротична білизна	Розмір	Панчохи у велику сітку Anne De Ales ERICA T1 Red
SO4696	Еротична білизна	Розмір	Панчохи у велику сітку Anne De Ales ERICA T2 Red
SO4697	Еротична білизна	Розмір	Панчохи у велику сітку Anne De Ales ERICA T3 Red
SO4698	Еротична білизна	Розмір	Панчохи в крупну сітку Anne De Ales ERICA T4 Red
SO4699	Еротична білизна	Розмір	Панчохи в крупну сітку Anne De Ales ERICA T1 White
SO4700	Еротична білизна	Розмір	Панчохи в крупну сітку Anne De Ales ERICA T2 White
SO4701	Еротична білизна	Розмір	Панчохи в крупну сітку Anne De Ales ERICA T3 White
SO4702	Еротична білизна	Розмір	Панчохи в крупну сітку Anne De Ales ERICA T4 White
SO4703	Еротична білизна	Розмір	Панчохи Anne De Ales BRUNA T1 Black
SO4704	Еротична білизна	Розмір	Панчохи Anne De Ales BRUNA T2 Black
SO4705	Еротична білизна	Розмір	Панчохи Anne De Ales BRUNA T3 Black
SO4706	Еротична білизна	Розмір	Панчохи Anne De Ales BRUNA T4 Black
SO4707	Еротична білизна	Розмір	Панчохи Anne De Ales ALEXIA T1 Black
SO4708	Еротична білизна	Розмір	Панчохи Anne De Ales ALEXIA T2 Black
SO4709	Еротична білизна	Розмір	Панчохи Anne De Ales ALEXIA T3 Black
SO4710	Еротична білизна	Розмір	Панчохи Anne De Ales ALEXIA T4 Black
SO4711	Еротична білизна	Розмір	Трусики з доступом Fashion Secret STELLA Red
SO4712	Еротична білизна	Розмір	Трусики з доступом Fashion Secret STELLA Black
SO4713	Еротична білизна	Розмір	Трусики з доступом Fashion Secret STELLA White
SO4714	Еротична білизна	Розмір	Трусики з доступом Fashion Secret Annette White
SO4715	Еротична білизна	Розмір	Трусики з доступом Fashion Secret Annette Black
SO4716	Еротична білизна	Розмір	Трусики з доступом Fashion Secret Annette Red
SO4717	Еротична білизна	Розмір	Трусики з перлинами і доступом Fashion Secret Sophie Red
SO4718	Еротична білизна	Розмір	Трусики з перлинами і доступом Fashion Secret Sophie Black
SO4719	Еротична білизна	Розмір	Трусики-стрінги з перлинною ниткою Fashion Secret KATIA White
SO4936	Еротична білизна	Розмір	Лаковане боді зі спідницею «Заводна Сільвія» М
SO4996	Еротична білизна	Розмір	"Чоловічі еротичні труси ""Слоник"" Black"
SO4997	Еротична білизна	Розмір	"Чоловічі еротичні труси ""Слоник"" Red"
SO5000	Еротична білизна	Розмір	Колготки в дрібну сітку T-8000, Black
SO5001	Еротична білизна	Розмір	Колготки в крупну сітку T-8003, Black
SO5002	Еротична білизна	Розмір	Класичні колготки-сетка T-8006, Black
SO5003	Еротична білизна	Розмір	Сексуальні колготки в дуже велику сітку, Black
SO5382	Еротична білизна	Розмір	Класичні панчохи під пояс із широкою гумкою Passion ST001 1/2, bianco
SO5383	Еротична білизна	Розмір	Класичні панчохи під пояс із широкою резинкою Passion ST001 3/4 bianco
SO5384	Еротична білизна	Розмір	Класичні панчохи під пояс із широкою резинкою Passion ST001 1/2 roso
SO5385	Еротична білизна	Розмір	Класичні панчохи під пояс із широкою резинкою Passion ST001 3/4 burgundy
SO5386	Еротична білизна	Розмір	Класичні панчохи під пояс із широкою гумкою Passion ST001 5 roso
SO5387	Еротична білизна	Розмір	Класичні панчохи під пояс із подвійною гумкою Passion ST002 1/2 bianco
SO5388	Еротична білизна	Розмір	Класичні панчохи під пояс із подвійною гумкою Passion ST002 3/4 bianco
SO5389	Еротична білизна	Розмір	Класичні панчохи під пояс із подвійною резинкою Passion ST002 1/2 roso
SO5390	Еротична білизна	Розмір	Класичні панчохи під пояс із подвійною резинкою Passion ST002 3/4 roso
SO5391	Еротична білизна	Розмір	Трусики з перлинами і доступом Fashion Secret Sophie White
SO5392	Еротична білизна	Розмір	Класичні панчохи під пояс із подвійною резинкою Passion ST002 5 roso
SO5617	Еротична білизна	Розмір	Лакований комбідрес рожевий “Зухвала Стелла” М, блискавка на все тіло
SO5774	Еротична білизна	Розмір	Панчохи Passion ST003 5 графітові, класичні, на ажурній силіконовій резинці
SO5775	Еротична білизна	Розмір	Панчохи Passion ST108 3/4 white, на ажурній силіконовій резинці з люрексовою ниткою
SO5776	Еротична білизна	Розмір	Панчохи Passion ST118 1/2 black, на ажурній силіконовій резинці, з бічним вертикальним малюнком
SO5777	Еротична білизна	Розмір	Панчохи Passion ST118 3/4 black, на ажурній силіконовій резинці, з бічним вертикальним малюнком
SO5778	Еротична білизна	Розмір	Панчохи Passion ST118 5 black, на ажурній силіконовій резинці, з бічним вертикальним малюнком
SO5779	Еротична білизна	Розмір	Панчохи Passion ST119 1/2 black, ажурна силіконова резинка з квітковим декором і люрексовою ниткою
SO5780	Еротична білизна	Розмір	Панчохи Passion ST119 3/4 black, ажурна силіконова резинка з квітковим декором і люрексовою ниткою
SO5781	Еротична білизна	Розмір	Панчохи Passion ST119 5 black на ажурній силіконовій резинці з квітковим декором і люрексовою ниткою
SO5782	Еротична білизна	Розмір	Панчохи Passion ST119 1/2 white, ажурна силіконова резинка з квітковим декором і люрексовою ниткою
SO5783	Еротична білизна	Розмір	Панчохи Passion ST119 3/4 white, ажурна силіконова резинка з квітковим декором і люрексовою ниткою
SO5784	Еротична білизна	Розмір	Панчохи Passion ST119 5 white на ажурній силіконовій резинці з квітковим декором і люрексовою ниткою
SO5785	Еротична білизна	Розмір	Панчохи Passion ST120 1/2 black, ажурна силіконова резинка з вишуканим декором і люрексовою ниткою
SO5786	Еротична білизна	Розмір	Панчохи Passion ST120 3/4 black, ажурна силіконова резинка з вишуканим декором і люрексовою ниткою
SO5787	Еротична білизна	Розмір	Панчохи Passion ST120 5 black на ажурній силіконовій резинці з вишуканим декором і люрексовою ниткою
SO5788	Еротична білизна	Розмір	Панчохи Passion ST120 1/2 black-red, на ажурній силіконовій резинці, з вишуканим декором та люре
SO5789	Еротична білизна	Розмір	Панчохи Passion ST120 3/4 black-red, на ажурній силіконовій резинці, вишуканий декор та люрекс
SO5790	Еротична білизна	Розмір	Панчохи Passion ST120 5 black-red, на ажурній силіконовій резинці, вишуканий декор та люрекс
SO5791	Еротична білизна	Розмір	Панчохи Passion ST121 1/2 white на ажурній силіконовій резинці з квітковим орнаментом і вертикальним
SO5792	Еротична білизна	Розмір	Панчохи Passion ST121 3/4 white на ажурній силіконовій резинці з квітковим орнаментом і вертикальним
SO5799	Еротична білизна	Розмір	Колготки з відкритим доступом, імітація ботфорт Passion TIOPEN 009 1/2 (20 den), black
SO5800	Еротична білизна	Розмір	Колготки з відкритим доступом, імітація ботфорт Passion TIOPEN 009 3/4 (20 den), black
SO5801	Еротична білизна	Розмір	Колготки з відкритим доступом, імітація ботфорт Passion TIOPEN 009 5 (20 den), black
SO5802	Еротична білизна	Розмір	Тілесні колготки з відкритим доступом, контрастна лінія Passion TIOPEN 010 1/2 (20 den), beige
SO5803	Еротична білизна	Розмір	Тілесні колготки з відкритим доступом, контрастна лінія Passion TIOPEN 010 3/4 (20 den), beige
SO5804	Еротична білизна	Розмір	Тілесні колготки з відкритим доступом, контрастна лінія Passion TIOPEN 010 5 (20 den), beige
SO5805	Еротична білизна	Розмір	Колготки з відкритим доступом, контрастна лінія Passion TIOPEN 010 1/2 (20 den), black
SO5806	Еротична білизна	Розмір	Колготки з відкритим доступом, контрастна лінія Passion TIOPEN 010 3/4 (20 den), black
SO5807	Еротична білизна	Розмір	Колготки з відкритим доступом, контрастна лінія Passion TIOPEN 010 5 (20 den), black
SO5808	Еротична білизна	Розмір	Тілесні колготки з відкритим доступом, контрастні шортики Passion TIOPEN 011 1/2 (20 den), beige
SO5809	Еротична білизна	Розмір	Тілесні колготки з відкритим доступом, контрастні шортики Passion TIOPEN 011 3/4 (20 den), beige
SO5810	Еротична білизна	Розмір	Тілесні колготки з відкритим доступом, контрастні шортики Passion TIOPEN 011 5 (20 den), beige
SO5811	Еротична білизна	Розмір	Колготки з відкритим доступом, контрастні шортики Passion TIOPEN 011 1/2 (20 den), black
SO5812	Еротична білизна	Розмір	Колготки з відкритим доступом, контрастні шортики Passion TIOPEN 011 3/4 (20 den), black
SO5813	Еротична білизна	Розмір	Колготки з відкритим доступом, контрастні шортики Passion TIOPEN 011 5 (20 den), black
SO5814	Еротична білизна	Розмір	Колготки з відкритим доступом, подвійна щільність Passion TIOPEN 012 1/2 (20/40 den), black
SO5815	Еротична білизна	Розмір	Колготки з відкритим доступом, подвійна щільність Passion TIOPEN 012 3/4 (20/40 den), black
SO5816	Еротична білизна	Розмір	Колготки з відкритим доступом, ажурні трусики та підв‘язки Passion TIOPEN 013 1/2 (20/40 den), black
SO5817	Еротична білизна	Розмір	Колготки з відкритим доступом, ажурні трусики та підв‘язки Passion TIOPEN 013 3/4 (20/40 den), black
SO5818	Еротична білизна	Розмір	Колготки з відкритим доступом, ажурні трусики та підв‘язки Passion TIOPEN 013 5 (20/40 den), black
SO5819	Еротична білизна	Розмір	Тілесні колготки з відкритим доступом, імітація панчіх Passion TIOPEN 014 1/2 (20 den), beige
SO5820	Еротична білизна	Розмір	Тілесні колготки з відкритим доступом, імітація панчіх Passion TIOPEN 014 3/4 (20 den), beige
SO5821	Еротична білизна	Розмір	Тілесні колготки з відкритим доступом, імітація панчіх Passion TIOPEN 014 5 (20 den), beige
SO5822	Еротична білизна	Розмір	Колготки з відкритим доступом, імітація панчіх Passion TIOPEN 014 1/2 (20 den), black
SO5823	Еротична білизна	Розмір	Колготки з відкритим доступом, імітація панчіх Passion TIOPEN 014 3/4 (20 den), black
SO5824	Еротична білизна	Розмір	Колготки з відкритим доступом, імітація панчіх Passion TIOPEN 014 5 (20 den), black
SO5825	Еротична білизна	Розмір	Тілесні колготки з доступом, контрастна подвійна резинка Passion TIOPEN 015 1/2 (20 den) beige
SO5826	Еротична білизна	Розмір	Тілесні колготки з доступом, контрастна подвійна резинка Passion TIOPEN 015 3/4 (20 den) beige
SO5827	Еротична білизна	Розмір	Колготки з відкритим доступом, контрастна подвійна резинка Passion TIOPEN 015 1/2 (20 den), black
SO5828	Еротична білизна	Розмір	Колготки з відкритим доступом, контрастна подвійна резинка Passion TIOPEN 015 3/4 (20 den), black
SO5917	Еротична білизна	Розмір	Колготки з відкритим доступом, подвійна щільність Passion TIOPEN 012 5 (20/40 den), black
SO6423	Еротична білизна	Розмір	Панчохи Passion ST003 5 beige, класичні, на ажурній силіконовій резинці
SO6424	Еротична білизна	Розмір	Панчохи Passion ST003 1/2 beige, класичні, на ажурній силіконовій резинці
SO6425	Еротична білизна	Розмір	Панчохи Passion ST003 3/4 beige, класичні, на ажурній силіконовій резинці
SO6746	Еротична білизна	Розмір	Комбідрес чоловічий лакований «Розпусний Джо» D&A, чорний, М, відкриті сідниці, зручні блискавки
SO6759	Еротична білизна	Розмір	Лакована сукня з сексуальним декольте «Промениста Емілія» D&A, М, червона
SO6788	Еротична білизна	Розмір, Тип товару	Сексуальні наклейки на груди Art of Sex – Ruth. Чорний
SO6789	Еротична білизна	Розмір, Тип товару	Сексуальні наклейки на груди зі стразом Art of Sex - Ruth pestis with Crystal, Чорний
SO7050	Еротична білизна	Розмір	Боді Passion AMBERLY BODY 6XL/7XL black, асиметричний крій, мереживний ліф, золота нитка
SO7052	Еротична білизна	Розмір	Корсет із пажами Passion AMBERLY CORSET 6XL/7XL, black, асиметричний крій, мережива, стрінги
SO7056	Еротична білизна	Розмір	Комплект білизни Passion AMBERLY SET 6XL/7XL black, ліф, трусики бразиліана, люрексова нитка
SO7058	Еротична білизна	Розмір	Комплект з екошкіри Passion CELINE BIKINI 6XL/7XL black, відкритий бра, стрінги зі шнурівкою
SO7060	Еротична білизна	Розмір	Боді з екошкіри Passion CELINE BODY 6XL/7XL black, з доступом, відкритий
SO7084	Еротична білизна	Розмір	Еротичні колготки-бодістокінг Passion ECO S001 black, з доступом, декор метелики, підв’язки
SO7085	Еротична білизна	Розмір	Еротичні колготки-бодістокінг Passion ECO S001 red, з доступом, декор метелики, підв’язки
SO7086	Еротична білизна	Розмір	Еротичні колготки-бодістокінг Passion ECO S001 white, з доступом, декор метелики, підв’язки
SO7087	Еротична білизна	Розмір	Еротичні колготки-бодістокінг Passion ECO S002 black, з доступом, геометричне плетіння
SO7088	Еротична білизна	Розмір	Еротичні колготки-бодістокінг Passion ECO S002 red, з доступом, геометричне плетіння
SO7089	Еротична білизна	Розмір	Еротичні колготки-бодістокінг Passion ECO S002 white, з доступом, геометричне плетіння
SO7090	Еротична білизна	Розмір	Еротичні колготки-бодістокінг Passion ECO S003 black, з доступом, імітація підв’язок
SO7091	Еротична білизна	Розмір	Еротичні колготки-бодістокінг Passion ECO S003 red, з доступом, імітація підв’язок
SO7092	Еротична білизна	Розмір	Еротичні колготки-бодістокінг Passion ECO S003 white, з доступом, імітація підв’язок
SO7093	Еротична білизна	Розмір	Еротичні колготки-бодістокінг Passion ECO S004 black, закриті трусики, декор, підв’язки
SO7094	Еротична білизна	Розмір	Еротичні колготки-бодістокінг Passion ECO S004 red, закриті трусики, декор, підв’язки
SO7095	Еротична білизна	Розмір	Еротичні колготки-бодістокінг Passion ECO S004 white, закриті трусики, декор, підв’язки
SO7097	Еротична білизна	Розмір	Комплект з екошкіри Passion MALWIA BIKINI 6XL/7XL black, з люверсами та ремінцями, бра, трусики
SO7099	Еротична білизна	Розмір	Сітчастий корсет з екошкіри Passion MALWIA CORSET 6XL/7XL black, з люверсами та знімними пажами
SO7101	Еротична білизна	Розмір	Комплект із екошкіри Passion MALWIA SET with Open Bra 6XL/7XL black, топ та трусики з люверсами
SO7103	Еротична білизна	Розмір	Комплект з екошкіри Passion NANCY BIKINI 6XL/7XL black, бра та трусики з імітацією шнурівки
SO7105	Еротична білизна	Розмір	Боді з екошкіри Passion NANCY BODY 6XL/7XL black, з імітацією шнурівки та відкритим доступом
SO7107	Еротична білизна	Розмір	Комплект із екошкіри Passion NANCY SET 6XL/7XL black, імітація шнурівки, топ, пояс для панчіх
SO7109	Еротична білизна	Розмір	Боді Passion Exclusive NORTH BODY 6XL/7XL black, відкриті груди, з доступом, вініл та мережива
SO7112	Еротична білизна	Розмір	Боді Passion VIENA BODY 6XL/7XL, beige, контрастне, бантики, вставка-сітка, відкриті сідниці
SO7114	Еротична білизна	Розмір	Корсет із пажами Passion VIENA CORSET 6XL/7XL, beige, контрастний, бантики, вставка-сітка, стрінги
SO7116	Еротична білизна	Розмір	Комплект білизни Passion VIENA SET 6XL/7XL, beige, ліф, стрінги з доступом, бантики
SO7193	Еротична білизна	Розмір, Тип товару	Накладки-серця на соски зі стразами Obsessive A750 nipple covers, чорні
SO7312	Еротична білизна	Розмір, Тип товару	Еротичні наклейки на соски з пензликами Obsessive Tassel nipple covers black
SO7482	Еротична білизна	Розмір, Тип товару	Пестиси на груди Art of Sex - Fuck me, Чорний
SO7518	Еротична білизна	Розмір	Лаковані довгі рукавички D&A, чорні
SO7649	Еротична білизна	Розмір	Класичні панчохи під пояс із широкою гумкою Passion ST001 5 bianco
SO7650	Еротична білизна	Розмір	Класичні панчохи під пояс із подвійною гумкою Passion ST002 5 bianco
SO7651	Еротична білизна	Розмір	Панчохи Passion ST108 1/2 white, на ажурній силіконовій резинці з люрексовою ниткою
SO7716	Еротична білизна	Розмір	Високі рукавички з каменями та мереживом Obsessive Miamor gloves, black
SO7907	Еротична білизна	Розмір	Панчохи-сітка Leg Avenue Fishnet Thigh Highs Plus size, Black, класична сітка
SO7912	Еротична білизна	Розмір	Прозорі панчохи зі швом Leg Avenue Sheer backseam stockings Black, plus size
SO7914	Еротична білизна	Розмір	Сексуальні панчохи під підв’язки Leg Avenue Sheer Stockings Black, plus size
SO7917	Еротична білизна	Розмір	Щільні непрозорі панчохи Leg Avenue Nylon Thigh Highs Black, plus size
SO7981	Еротична білизна	Розмір	Сексуальні панчохи під підв’язки Leg Avenue Sheer Stockings Red, plus size
SO7987	Еротична білизна	Розмір	Щільні непрозорі панчохи Leg Avenue Nylon Thigh Highs White, plus size
SO8160	Еротична білизна	Тип товару	Пестис на соски Obsessive A770 nipple covers black O/S
SO8324	Еротична білизна	Розмір, Тип товару	Пестис-хрести з чокером та ланцюжками JSY Nipple Sticker RT236101 Gold, стікери
SO8325	Еротична білизна	Розмір, Тип товару	Пестис-сердечка з пензликами та чокером JSY Nipple Sticker RT236102 Silver, стрази
SO8326	Еротична білизна	Розмір, Тип товару	Пестис-стікери з чокером та ланцюжками-каскадом JSY Nipple Sticker RT236103 Red
SO8327	Еротична білизна	Розмір, Тип товару	Пестис-зірки з ланцюжками JSY Nipple Sticker RT236105 Black, стікери
SO8328	Еротична білизна	Розмір, Тип товару	Пестис-сердечка з ланцюжками та стразами JSY Nipple Sticker RT236106 Silver, стікери
SO8329	Еротична білизна	Розмір, Тип товару	Пестис-зірки з бахромою JSY Nipple Sticker RT236112 Silver, стікери
SO8330	Еротична білизна	Розмір, Тип товару	Пестис-зірки з бахромою JSY Nipple Sticker RT236112 Black, стікери
SO8363	Еротична білизна	Розмір	Мереживне боді JSY «Спокуслива Мері» Plus Size, Black, рукави-ліхтарики, дрібна сітка
SO8365	Еротична білизна	Розмір	Латексна сукня JSY «Спокушена Лізі» Plus Size Black, мереживо, люверси, чокер
SO8378	Еротична білизна	Розмір	Сексуальне боді JSY «Пристрасна Лорейн» Plus Size Black, люверси, стрепи, екошкіра, шнурівка
SO8379	Еротична білизна	Розмір	Елегантне боді з екошкіри JSY «Спокуслива Морган» Plus Size, Black, сітка, портупея з гартерами
SO8380	Еротична білизна	Розмір	Сексуальний комплект білизни JSY «Скромниця Брук» Plus Size, Black, мереживо, корсет, стрінги
SO8381	Еротична білизна	Розмір	Ніжний комплект білизни JSY «Мила Бейлі» Plus Size, White, корсет, стрінги, стрепи, мереживо
SO8382	Еротична білизна	Розмір	Сексуальний корсет зі стрепами JSY «Гаряча Тейлор» Plus Size, Red, мереживо, стрінги
SO8383	Еротична білизна	Розмір	Латексний комплект білизни JSY «Пристрасна Ірис» Plus Size, Black, корсет, стрінги, мереживо
SO8384	Еротична білизна	Розмір	Еротичний комплект білизни JSY «Зухвала Ада» Plus Size, Black, корсет з пажами, панчохи, стрінги
SO8493	Еротична білизна	Розмір	Колготки з відкритим доступом, імітація панчіх Passion TIOPEN 019 black 1/2 (20 den)
SO8494	Еротична білизна	Розмір	Колготки з відкритим доступом, імітація панчіх Passion TIOPEN 019 black 3/4 (20 den)
SO8495	Еротична білизна	Розмір	Колготки з відкритим доступом, імітація панчіх Passion TIOPEN 020 black 3/4 (20 den)
SO8518	Еротична білизна	Розмір	Чоловічий пояс вірності Art of Sex – Vartal, натуральна шкіра
SO8575	Еротична білизна	Розмір	Мітенки Leg Avenue Butterfly applique arm warmers Black, метелики
SO8576	Еротична білизна	Розмір	Мітенки Leg Avenue Butterfly applique arm warmers White, метелики
SO8584	Еротична білизна	Розмір	Шкарпетки жіночі в смужку Leg Avenue Pride crew socks Rainbow, 37–43 розмір
SO8585	Еротична білизна	Розмір	Шкарпетки жіночі в смужку Leg Avenue Pride crew socks Pansexual, 37–43 розмір
SO8599	Еротична білизна	Розмір	Панчохи-сітка зі швом Leg Avenue Fishnet thigh highs with bow One sice Black, декор: бантики, стрази
SO8609	Еротична білизна	Розмір	Тедді з відкритим доступом Leg Avenue Net lace crotchless teddy 1X–2X Black, шнурівка на спині
SO8629	Еротична білизна	Тип товару	Пестис на соски Obsessive A770 nipple covers red O/S
SO8691	Еротична білизна	Розмір	Панчохи Anne De Ales CAMILLA T2 Red
SO8947	Еротична білизна	Розмір	Еротичні колготки-бодістокінг Passion S002 white, імітація мереживних панчіх та пояса
SO9083	Еротична білизна	інше	Довгі атласні рукавички Leg Avenue Extra Long Satin Gloves, One Size, жовті
SO9084	Еротична білизна	інше	Довгі атласні рукавички Leg Avenue Extra Long Satin Gloves, One Size, чорні
SO9085	Еротична білизна	інше	Довгі атласні рукавички Leg Avenue Extra Long Satin Gloves, One Size, світло-блакитні
SO9086	Еротична білизна	інше	Довгі атласні рукавички Leg Avenue Extra Long Satin Gloves, One Size, червоні
SO9087	Еротична білизна	інше	Довгі атласні рукавички Leg Avenue Extra Long Satin Gloves, One Size, білі
SO9088	Еротична білизна	інше	Короткі рукавички-гловелети Leg Avenue Wrist length fingerless gloves, One Size, чорні, сітка
SO9089	Еротична білизна	інше	Довгі сітчасті мітенки Leg Avenue Fishnet Arm Warmers, One Size, чорні, з петлею на палець
SO9096	Еротична білизна	інше	Довгі сітчасті рукавички Leg Avenue Rhinestone opera length gloves, з камінням, One Size
SO9149	Еротична білизна	Розмір	Еротичне боді Leg Avenue Top bodysuit with thong back Black
SO9150	Еротична білизна	Розмір	Еротичне боді Leg Avenue Top bodysuit with thong back White
SO9156	Еротична білизна	Розмір	Еротичний комплект Leg Avenue Crop top and garter panty Black, топ, трусики з доступом, панчохи
SO9159	Еротична білизна	Розмір	Панчохи з малюнком Leg Avenue 420 Net thigh highs Black
SO9160	Еротична білизна	Розмір	Панчохи з малюнком Leg Avenue 420 Net thigh highs Green
SO9161	Еротична білизна	Розмір	Короткі рукавички Leg Avenue Floral lace wristlength gloves Black
SO9162	Еротична білизна	Розмір	Короткі рукавички Leg Avenue Floral lace wristlength gloves White
SO9177	Еротична білизна	Розмір, Тип товару	Пестис-метелики з кристалів Leg Avenue Chrysallis nipple sticker, наліпки, світяться у темряві
SO9182	Еротична білизна	Розмір	Довгі рукавички з бантом Leg Avenue Opera length bow top gloves Black, напівпрозорі
SO9183	Еротична білизна	Розмір	Довгі рукавички з бантом Leg Avenue Opera length bow top gloves White, напівпрозорі
SO9277	Еротична білизна	Розмір, Тип товару	Пестис-зірки з прикрасою-чокером JSY Nipple Sticker RT236107 Silver, стікери
SO9278	Еротична білизна	Розмір, Тип товару	Пестис-зірки з ланцюжками та стрепами JSY Nipple Black RT236109 Silver, стікери
SO9279	Еротична білизна	Розмір, Тип товару	Пестис-зірки з бахромою JSY Nipple Sticker RT236112 Gold, стікери
SO9280	Еротична білизна	Розмір, Тип товару	Пестис-сердечка з ланцюжками та чокером JSY Nipple Sticker RT236114 Red
SO9281	Еротична білизна	Розмір, Тип товару	Пестис-сердечка з пензликами та чокером JSY Nipple Sticker RT236114 Black
SO9308	Еротична білизна	Розмір	Ліф Серце Feral Feelings - Hearts Bra Black
SO9309	Еротична білизна	Розмір	Ліф Серце Feral Feelings - Hearts Bra Trasparent
SO9310	Еротична білизна	Розмір	Ліф Серце Feral Feelings - Hearts Bra Red Trasparent
SO9311	Еротична білизна	Розмір	Ліф Серце Feral Feelings - Hearts Bra Red
SO9316	Еротична білизна	Розмір	Ліф класичний Feral Feelings - Bikini Top Black
SO9317	Еротична білизна	Розмір	Ліф класичний Feral Feelings - Bikini Top Trasparent
SO9318	Еротична білизна	Розмір	Ліф класичний Feral Feelings - Bikini Top Red Trasparent
SO9319	Еротична білизна	Розмір	Ліф класичний Feral Feelings - Bikini Top Red
SO9320	Еротична білизна	Розмір	Трусики класичні Feral Feelings - String Bikini Black
SO9321	Еротична білизна	Розмір	Трусики класичні Feral Feelings - String Bikini Trasparent з легким голубим відтінком
SO9331	Еротична білизна	Розмір	Трусики класичні Feral Feelings - String Bikini Red Trasparent
SO9332	Еротична білизна	Розмір	Трусики класичні Feral Feelings - String Bikini Red
SO9423	Еротична білизна	Розмір	Трусики з натуральної шкіри Feral Feelings - String Bikini Black
SO9424	Еротична білизна	Розмір	Трусики з натуральної шкіри Feral Feelings - String Bikini White
SO9425	Еротична білизна	Розмір	Трусики з натуральної шкіри Feral Feelings - String Bikini Red
SO9707	Еротична білизна	Розмір	Еротичні колготки-бодістокінг Passion ECO S006 white
SO9708	Еротична білизна	Розмір	Еротичні колготки-бодістокінг Passion ECO S007 black
SO9709	Еротична білизна	Розмір	Еротичні колготки-бодістокінг Passion ECO S008 black, з імітацією панчіх та пояса
SO9710	Еротична білизна	Розмір	Еротичні колготки-бодістокінг Passion ECO S009 red
SX1043	Еротична білизна	Розмір	Панчохи Leg Avenue Wild rose net thigh highs, 1X/2X, чорні, широка резинка, малюнок-троянди
SX1045	Еротична білизна	Розмір	Панчохи Leg Avenue Lace top opaque thigh highs, 1X/2X, чорні, напівпрозорі, мереживна резинка
SX1046	Еротична білизна	Розмір	Шкарпетки ажурні Leg Avenue Mini Bow Lace Anklet, чорні, з рюшами, декор — бантики
SX1047	Еротична білизна	Розмір	Шкарпетки ажурні Leg Avenue Mini Bow Lace Anklet, білі, з рюшами, декор — бантики
SX1048	Еротична білизна	Розмір	Гольфи ажурні Leg Avenue Sweetheart Ruffle Cuff Knee Highs, чорні, з рюшами, малюнок-сердечка
SX1049	Еротична білизна	Розмір	Гольфи ажурні Leg Avenue Sweetheart Ruffle Cuff Knee Highs, білі, малюнок-сердечка
SX1050	Еротична білизна	Розмір	Колготки Leg Avenue Spandex micro net tights, 1X/2X, чорні, у дрібну сітку, середня посадка
SX1054	Еротична білизна	Розмір	Колготки без стопи Leg Avenue Industrial Net footless tights, 1X/2X, чорні, в сітку
SX1055	Еротична білизна	інше	Рукавички Leg Avenue Lace Opera Length Gloves, One Size, чорні, вище ліктя, сітка з квітковим візерунком
SX1056	Еротична білизна	інше	Рукавички Leg Avenue Lace Opera Length Gloves, One Size, білі, вище ліктя, сітка з квітковим візерунком
SX1057	Еротична білизна	Розмір	Мітенки Leg Avenue Lace Opera Length Fingerless Gloves, чорні, ажурні, довжина вище ліктя
SX1058	Еротична білизна	Розмір	Мітенки Leg Avenue Lace Opera Length Fingerless Gloves, білі, ажурні, довжина вище ліктя
SX1062	Еротична білизна	Розмір	Панчохи Leg Avenue Stokings with O-ring Attached Garter Belt, 1X/2X, чорні, у сітку, імітація пояса
SX1065	Еротична білизна	Розмір	Панчохи зі стразами Leg Avenue Wide Top Rhinestone Sheer Stockings, 1X/2X, чорні, вище коліна
SX1084	Еротична білизна	Розмір	Тедді Leg Avenue Floral lace deep-V teddy, 1X/2X, чорне, мереживне, відкрита спина, високі трусики
SX1371	Еротична білизна	Розмір, Тип товару	Пестис з дзвіночками на соски Paris Hollywood Cache Tetons Clochettes
SX1372	Еротична білизна	Розмір, Тип товару	Пестис з помпончиками на соски Paris Hollywood Cache Tetons Pompoms
SX1727	Еротична білизна	інше	Довгі атласні рукавички Leg Avenue Extra Long Satin Gloves, One Size, фіолетові
SX1729	Еротична білизна	Розмір	Колготки Leg Avenue Rhinestone micro net tights Plus size Black, дрібна сітка, стрази
SX1730	Еротична білизна	Розмір	Колготки Leg Avenue Rhinestone micro net tights Plus size Caramel, дрібна сітка, стрази
SX1732	Еротична білизна	інше	Мітенки зі стразами Leg Avenue Rhinestone Fishnet Arm Warmers Black, One Size
SX1867	Еротична білизна	Розмір	Корсет JSY P61132 White Plus Size
SX1868	Еротична білизна	Розмір	Корсет JSY P61133 Black Plus Size
SX1869	Еротична білизна	Розмір	Боді JSY P61139 Black Plus Size
SX1872	Еротична білизна	Розмір	Боді JSY P61152 Black Plus Size
SX1873	Еротична білизна	Розмір	Боді JSY P61153 Black Plus Size
SX1876	Еротична білизна	Розмір	Боді JSY P61158 Black Plus Size
SX1935	Еротична білизна	Розмір	Колготки Passion TIOPEN 023 1/2 (20 den), black
SX1936	Еротична білизна	Розмір	Колготки Passion TIOPEN 023 3/4 (20 den), black
SX1937	Еротична білизна	Розмір	Колготки Passion TIOPEN 023 5 (20 den), black
SX1938	Еротична білизна	Розмір	Колготки Passion TIOPEN 024 1/2 (20 den), black
SX1939	Еротична білизна	Розмір	Колготки Passion TIOPEN 024 3/4 (20 den), black
SX1940	Еротична білизна	Розмір	Колготки Passion TIOPEN 024 5 (20 den), black
SX1941	Еротична білизна	Розмір	Колготки Passion TIOPEN 025 1/2 (20 den), black
SX1942	Еротична білизна	Розмір	Колготки Passion TIOPEN 025 3/4 (20 den), black
SX1943	Еротична білизна	Розмір	Колготки Passion TIOPEN 026 1/2 (20 den), black
SX1944	Еротична білизна	Розмір	Колготки Passion TIOPEN 026 3/4 (20 den), black
SX1945	Еротична білизна	Розмір	Колготки Passion TIOPEN 026 5 (20 den), black
SX1946	Еротична білизна	Розмір	Колготки Passion TIOPEN 027 1/2 (20 den), black
SX1947	Еротична білизна	Розмір	Колготки Passion TIOPEN 027 3/4 (20 den), black
SX2022	Еротична білизна	Розмір	Корсет Noir Handmade F334 Powerwetlook corset - 6XL
SX2487	Еротична білизна	Розмір	Еротичні колготки Passion TIOPEN 028 1/2 black
SX2488	Еротична білизна	Розмір	Еротичні колготки Passion TIOPEN 028 3/4 black
SX2489	Еротична білизна	Розмір	Еротичні колготки Passion TIOPEN 029 1/2 black
SX2490	Еротична білизна	Розмір	Еротичні колготки Passion TIOPEN 029 3/4 black
SX2491	Еротична білизна	Розмір	Еротичні колготки Passion TIOPEN 030 1/2 black
SX2492	Еротична білизна	Розмір	Еротичні колготки Passion TIOPEN 030 3/4 black
SX2493	Еротична білизна	Розмір	Еротичні колготки Passion TIOPEN 031 1/2 black
SX2494	Еротична білизна	Розмір	Еротичні колготки Passion TIOPEN 031 3/4 black
SX2495	Еротична білизна	Розмір	Еротичні колготки Passion TIOPEN 032 1/2 black
SX2496	Еротична білизна	Розмір	Еротичні колготки Passion TIOPEN 032 3/4 black
SX2497	Еротична білизна	Розмір	Еротичні колготки Passion TIOPEN 033 1/2 black
SX2498	Еротична білизна	Розмір	Еротичні колготки Passion TIOPEN 033 3/4 black
SX2499	Еротична білизна	Розмір	Еротичні колготки Passion TIOPEN 034 1/2 black
SX2500	Еротична білизна	Розмір	Еротичні колготки Passion TIOPEN 034 3/4 black
SX2501	Еротична білизна	Розмір	Еротичні колготки Passion TIOPEN 035 1/2 black
SX2502	Еротична білизна	Розмір	Еротичні колготки Passion TIOPEN 036 1/2 black
SX2503	Еротична білизна	Розмір	Еротичні колготки Passion TIOPEN 036 3/4 black
SX2504	Еротична білизна	Розмір	Еротичні колготки Passion TIOPEN 037 1/2 black
SX2505	Еротична білизна	Розмір	Еротичні колготки Passion TIOPEN 037 3/4 black
SX2506	Еротична білизна	Розмір	Еротичні колготки Passion TIOPEN 038 1/2 black
SX2507	Еротична білизна	Розмір	Еротичні колготки Passion TIOPEN 038 3/4 black
SX2508	Еротична білизна	Розмір	Еротичні колготки Passion TIOPEN 039 1/2 black
SX2509	Еротична білизна	Розмір	Еротичні колготки Passion TIOPEN 039 3/4 black
SX2510	Еротична білизна	Розмір	Еротичні колготки Passion TIOPEN 040 1/2 black
SX2511	Еротична білизна	Розмір	Еротичні колготки Passion TIOPEN 040 3/4 black
SX2594	Еротична білизна	Тип товару	Пестис зі стразами Obsessive Mistiqua nipple covers O/S
SX2606	Еротична білизна	Розмір	Трусики з відкритим доступом Fashion Secret Victoria Black, мереживо
SX2607	Еротична білизна	Розмір	Трусики з відкритим доступом Fashion Secret Victoria White, мереживо
SX2608	Еротична білизна	Розмір	Трусики з відкритим доступом Fashion Secret Victoria Red, мереживо
SX2609	Еротична білизна	Розмір	Трусики з відкритим доступом Fashion Secret Ambre Black, сітка
SX2610	Еротична білизна	Розмір	Трусики з відкритим доступом Fashion Secret Ambre White, сітка
SX2611	Еротична білизна	Розмір	Трусики з відкритим доступом Fashion Secret Ambre Red, сітка
SX2612	Еротична білизна	Розмір	Трусики з відкритим доступом Fashion Secret Celia Black, лямки на талії
SX2613	Еротична білизна	Розмір	Трусики з відкритим доступом Fashion Secret Celia White, лямки на талії
SX2614	Еротична білизна	Розмір	Трусики з відкритим доступом Fashion Secret Celia Red, лямки на талії
SX2615	Еротична білизна	Розмір	Мереживні трусики з доступом Fashion Secret Zoe Black, з бантиком
SX2616	Еротична білизна	Розмір	Мереживні трусики з доступом Fashion Secret Zoe White, з бантиком
SX2617	Еротична білизна	Розмір	Мереживні трусики з доступом Fashion Secret Zoe Red, з бантиком
SX2618	Еротична білизна	Розмір	Трусики-стрінги з відкритим доступом Fashion Secret Alicia Black, з бантиком
SX2619	Еротична білизна	Розмір	Трусики-стрінги з відкритим доступом Fashion Secret Alicia White, з бантиком
SX2620	Еротична білизна	Розмір	Трусики-стрінги з відкритим доступом Fashion Secret Alicia Red, з бантиком
SX2621	Еротична білизна	Розмір	Трусики з відкритим доступом Fashion Secret Cindy Black, мереживо з бантиком
SX2622	Еротична білизна	Розмір	Трусики з відкритим доступом Fashion Secret Cindy White, мереживо з бантиком
SX2623	Еротична білизна	Розмір	Трусики з відкритим доступом Fashion Secret Cindy Red, мереживо з бантиком
SX2749	Еротична білизна	Розмір	Шкарпетки Leg Avenue Bow Net Anklets
SX2761	Еротична білизна	Розмір	Колготки-панчохи Leg Avenue Backseam Net Stockings з поясом для панчіх, один розмір, чорні
SX3091	Еротична білизна	Розмір, Тип товару	Тілесні наліпки на соски Obsessive Intimies nipple covers
SX3116	Еротична білизна	Розмір	Комплект Obsessive Premisis Black 3-pcs crotchless set 2XL/3X
SX3120	Еротична білизна	Розмір	Комплект Obsessive Premisis White 3-pcs crotchless set 2XL/3X
SX3402	Еротична білизна	Розмір	Чоловічі легінси Art of Sex - Matthias, колір чорний з матовим ефектом, розмір М
SX3451	Еротична білизна	Розмір	Панчохи в дрібну сітку з коронкою Art of Sex - Rose, колір чорний з ефектом мокрого оксамиту, М
SX3452	Еротична білизна	Розмір	Панчохи в дрібну сітку з лакованою коронкою Art of Sex - Rose, колір червоний, М
SX3453	Еротична білизна	Розмір	Панчохи в дрібну сітку з лакованою коронкою Art of Sex - Rose, колір чорний з ефектом голограми, М
SX3468	Еротична білизна	Розмір	Панчохи в дрібну сітку з лакованою коронкою Art of Sex - Rose, колір чорний, М
SX3565	Еротична білизна	Розмір	Корсет Obsessive Dominna cupless corset & crotchless thong 2XL/3X
SX3758	Еротична білизна	Розмір, Тип товару	Пестис-сердечка з пензликами та чокером JSY Nipple Sticker RT236114 Golden
SX3759	Еротична білизна	Розмір, Тип товару	Пестис-сердечка з пензликами та чокером JSY Nipple Sticker AC8015 Red
SX3760	Еротична білизна	Розмір, Тип товару	Пестис-сердечка з пензликами та чокером JSY Nipple Sticker AC8016 Gold
SX3761	Еротична білизна	Розмір, Тип товару	Пестис-сердечка з пензликами та чокером JSY Nipple Sticker AC8021 Sliver
SX3762	Еротична білизна	Розмір, Тип товару	Пестис JSY Nipple Sticker RT236144
SX3763	Еротична білизна	Розмір, Тип товару	Пестис JSY Nipple Sticker RT236149
SX3764	Еротична білизна	Розмір, Тип товару	Пестис JSY Nipple Sticker RT236151
SX4283	Еротична білизна	Розмір	Еротичні колготки-бодістокінг Passion S031 black
SX4284	Еротична білизна	Розмір	Еротичні колготки-бодістокінг Passion S031 red
SX4285	Еротична білизна	Розмір	Еротичні колготки-бодістокінг Passion S031 white
SX4286	Еротична білизна	Розмір	Еротичні колготки-бодістокінг Passion S032 black
SX4287	Еротична білизна	Розмір	Еротичні колготки-бодістокінг Passion S032 red
SX4288	Еротична білизна	Розмір	Еротичні колготки-бодістокінг Passion S032 white
SX4289	Еротична білизна	Розмір	Еротичні колготки-бодістокінг Passion S033 black
SX4290	Еротична білизна	Розмір	Еротичні колготки-бодістокінг Passion S033 red
SX4291	Еротична білизна	Розмір	Еротичні колготки-бодістокінг Passion S033 white
PBS001B	Еротичні костюми	Розмір, Тип товару	Бодістокінг Passion BS001 black, комбінезон, велика сітка
PBS001W	Еротичні костюми	Розмір, Тип товару	Бодістокінг Passion BS001 white, комбінезон, велика сітка
PBS002B	Еротичні костюми	Розмір, Тип товару	Бодістокінг Passion BS002 black, імітація панчіх і пояса
PBS002W	Еротичні костюми	Розмір, Тип товару	Бодістокінг Passion BS002 white, імітація панчіх і пояса
PBS003B	Еротичні костюми	Розмір, Тип товару	Бодістокінг Passion BS003 black, комбінезон, дрібна сіточка
PBS003W	Еротичні костюми	Розмір, Тип товару	Бодістокінг Passion BS003 white, комбінезон, дрібна сіточка
PBS004B	Еротичні костюми	Розмір, Тип товару	Бодістокінг Passion BS004 black, комбінезон, імітація ліфа і колгот
PBS006B	Еротичні костюми	Розмір, Тип товару	Бодістокінг Passion BS006 black, комбінезон, імітація панчіх і пояса
PBS006W	Еротичні костюми	Розмір, Тип товару	Бодістокінг Passion BS006 white, комбінезон, імітація панчіх і пояса
PBS007B	Еротичні костюми	Розмір, Тип товару	Бодістокінг Passion BS007 black, комбінезон, закриті плечі, рукав 3/4
PBS007W	Еротичні костюми	Розмір, Тип товару	Бодістокінг Passion BS007 white, комбінезон, закриті плечі, рукав 3/4
PBS008B	Еротичні костюми	Розмір, Тип товару	Бодістокінг Passion BS008 black, комбінезон, імітація панчіх і пояса
PBS008W	Еротичні костюми	Розмір, Тип товару	Бодістокінг Passion BS008 white, комбінезон, імітація панчіх і пояса
PBS010B	Еротичні костюми	Розмір, Тип товару	Бодістокінг Passion BS010 black, комбінезон, дрібна сіточка
PBS010W	Еротичні костюми	Розмір, Тип товару	Бодістокінг Passion BS010 white, комбінезон, дрібна сіточка
PBS011B	Еротичні костюми	Розмір, Тип товару	Бодістокінг Passion BS011 black, комбінезон, імітація панчіх і пояса
PBS011W	Еротичні костюми	Розмір, Тип товару	Бодістокінг Passion BS011 white, комбінезон, імітація панчіх і пояса
PBS012B	Еротичні костюми	Розмір, Тип товару	Бодістокінг Passion BS012 black, комбінезон, імітація панчіх і пояса
PBS013B	Еротичні костюми	Розмір, Тип товару	Бодістокінг Passion BS013 black, комбінезон, імітація панчіх і пояса
PBS013R	Еротичні костюми	Розмір, Тип товару	Бодістокінг Passion BS013 red, комбінезон, імітація панчіх і пояса
PBS013W	Еротичні костюми	Розмір, Тип товару	Бодістокінг Passion BS013 white, комбінезон, імітація панчіх і пояса
PBS014B	Еротичні костюми	Розмір, Тип товару	Бодістокінг Passion BS014 black, комбінезон, велика сітка
PBS014R	Еротичні костюми	Розмір, Тип товару	Бодістокінг Passion BS014 red, комбінезон, велика сітка
PBS014W	Еротичні костюми	Розмір, Тип товару	Бодістокінг Passion BS014 white, комбінезон, велика сітка
PBS016B	Еротичні костюми	Розмір, Тип товару	Бодістокінг Passion BS016 black, комбінезон, імітація топа і панчіх
PBS016R	Еротичні костюми	Розмір, Тип товару	Бодістокинг Passion BS016 red, комбінезон,імітация топа та панчіх
PBS016W	Еротичні костюми	Розмір, Тип товару	Бодістокінг Passion BS016 white, комбінезон, імітація топа і панчіх
PBS017B	Еротичні костюми	Розмір, Тип товару	Бодістокінг Passion BS017 black, комбінезон, імітація панчіх і пояса
PBS017W	Еротичні костюми	Розмір, Тип товару	Бодістокінг Passion BS017 white, комбінезон, імітація панчіх і пояса
PBS019B	Еротичні костюми	Розмір, Тип товару	Бодістокінг Passion BS019 black, комбінезон, імітація панчіх і пояса
PBS019W	Еротичні костюми	Розмір, Тип товару	Бодістокінг Passion BS019 white, комбінезон, імітація панчіх і пояса
PBS020B	Еротичні костюми	Розмір, Тип товару	Бодістокінг Passion BS020 black, комбінезон, фантазійний візерунок
PBS020W	Еротичні костюми	Розмір, Тип товару	Бодістокінг Passion BS020 white, комбінезон, фантазійний візерунок
PBS021B	Еротичні костюми	Розмір, Тип товару	Бодістокінг Passion BS021 black, комбінезон, дрібна сіточка по тілу, велика сітка на ногах
PBS022B	Еротичні костюми	Розмір, Тип товару	Бодістокінг Passion BS022 black, комбінезон
PBS022W	Еротичні костюми	Розмір, Тип товару	Розпродаж!!! Бодістокінг Passion BS022 white, комбінезон
PBS024B	Еротичні костюми	Розмір, Тип товару	Бодістокінг Passion BS024 black, комбінезон, імітація панчіх і пояса
PBS024W	Еротичні костюми	Розмір, Тип товару	Бодістокінг Passion BS024 white, комбінезон, імітація панчох і пояса
PBS025B	Еротичні костюми	Розмір, Тип товару	Бодістокінг Passion BS025 black, сукня-сітка, спущене плече, довгий рукав
PBS025W	Еротичні костюми	Розмір, Тип товару	Бодістокінг Passion BS025 white, сукня-сітка, спущене плече, довгий рукав
PBS026B	Еротичні костюми	Розмір, Тип товару	Бодістокінг Passion BS026 black, сукня-сітка на бретелях
PBS026W	Еротичні костюми	Розмір, Тип товару	Бодістокінг Passion BS026 white, сукня-сітка на бретелях
PBS027B	Еротичні костюми	Розмір, Тип товару	Бодістокінг Passion BS027 black, сукня-сітка на бретелях, дуже відверта
PBS027R	Еротичні костюми	Розмір, Тип товару	Бодістокінг Passion BS027 red, сукня-сітка на бретелях, дуже відверта
PBS027W	Еротичні костюми	Розмір, Тип товару	Бодістокінг Passion BS027 white, сукня-сітка на бретелях, дуже відверта
PBS030W	Еротичні костюми	Розмір, Тип товару	Бодістокінг Passion BS030 white, комбінезон, імітація топа і легінсів
PBS031B	Еротичні костюми	Розмір, Тип товару	Бодістокінг Passion BS031 black, комбінезон з відкритими грудьми
PBS031R	Еротичні костюми	Розмір, Тип товару	Бодістокінг Passion BS031 red, комбінезон з відкритими грудьми
PBS031W	Еротичні костюми	Розмір, Тип товару	Бодістокінг Passion BS031 white, комбінезон з відкритими грудьми
PBS032B	Еротичні костюми	Розмір, Тип товару	Бодістокінг Passion BS032 black, комбінезон, топ і велика сітка
PBS032R	Еротичні костюми	Розмір, Тип товару	Бодістокінг Passion BS032 red, комбінезон, топ і велика сітка
PBS032W	Еротичні костюми	Розмір, Тип товару	Бодістокінг Passion BS032 white, комбінезон, топ і велика сітка
PBS033W	Еротичні костюми	Розмір, Тип товару	Бодістокінг Passion BS033 white, сукня-сітка на бретелях, прозора
PBS034B	Еротичні костюми	Розмір, Тип товару	Бодістокінг Passion BS034 black, комбінезон, імітація боді і панчіх
PBS034R	Еротичні костюми	Розмір, Тип товару	Бодістокінг Passion BS034 red, комбінезон, імітація боді і панчіх
PBS034W	Еротичні костюми	Розмір, Тип товару	Бодістокінг Passion BS034 white, комбінезон, імітація боді і панчіх
PBS035B	Еротичні костюми	Розмір, Тип товару	Бодістокінг Passion BS035 black, боді, імітація топа і трусиків
PBS035P	Еротичні костюми	Розмір, Тип товару	Бодістокінг Passion BS035 pink, боді, імітація топа та трусиків
PBS035R	Еротичні костюми	Розмір, Тип товару	Бодістокінг Passion BS035 red, боді, імітація топа і трусиків
PBS035W	Еротичні костюми	Розмір, Тип товару	Бодістокінг Passion BS035 white, боді, імітація топа і трусиків
PBS036B	Еротичні костюми	Розмір, Тип товару	Бодістокінг Passion BS036 black, комбінезон, лямки через одне плече
PBS036R	Еротичні костюми	Розмір, Тип товару	Бодістокінг Passion BS036 red, комбінезон, лямочка через одне плече
PBS036W	Еротичні костюми	Розмір, Тип товару	Бодістокінг Passion BS036 white, комбінезон, лямки через одне плече
PBS038B	Еротичні костюми	Розмір, Тип товару	Бодістокінг Passion BS038 black, комбінезон, імітація панчіх і пояса
PBS038R	Еротичні костюми	Розмір, Тип товару	Бодістокінг Passion BS038 red, комбінезон, імітація панчіх і пояса
PBS038W	Еротичні костюми	Розмір, Тип товару	Бодістокінг Passion BS038 white, комбінезон, імітація панчіх і пояса
PBS040B	Еротичні костюми	Розмір, Тип товару	Бодістокінг Passion BS040 black, комбінезон з відкритими грудьми
PBS045B	Еротичні костюми	Розмір, Тип товару	Бодістокінг Passion BS045 black, комбінезон, імітація панчіх і боді
PBS045W	Еротичні костюми	Розмір, Тип товару	Бодістокінг Passion BS045 white, комбінезон, імітація панчох і боді
PBS046B	Еротичні костюми	Розмір, Тип товару	Бодістокінг Passion BS046 black, комбінезон з імітацією панчіх
PBS046R	Еротичні костюми	Розмір, Тип товару	Бодістокінг Passion BS046 red, комбінезон з імітацією панчіх
PBS046W	Еротичні костюми	Розмір, Тип товару	Бодістокінг Passion BS046 white, комбінезон з імітацією панчох
PBS047B	Еротичні костюми	Розмір, Тип товару	Бодістокінг Passion BS047 black, комбінезон, імітація топа, панчіх і пояса
PBS047R	Еротичні костюми	Розмір, Тип товару	Бодістокінг Passion BS047 red, комбінезон, імітація топа, панчох і пояса
PBS047W	Еротичні костюми	Розмір, Тип товару	Бодістокінг Passion BS047 white, комбінезон, імітація топа, панчіх і пояса
PBS048B	Еротичні костюми	Розмір, Тип товару	Бодістокінг Passion BS048 black, комбінезон, імітація колгот та відкритого топа
PBS048R	Еротичні костюми	Розмір, Тип товару	Бодістокінг Passion BS048 red, комбінезон, імітація колгот та відкритого топа
PBS048W	Еротичні костюми	Розмір, Тип товару	Бодістокінг Passion BS048 white, комбінезон, імітація колгот та відкритого топа
PBS049B	Еротичні костюми	Розмір, Тип товару	Бодістокінг Passion BS049 black, комбінезон, імітація топа, панчох і пояса
PBS049R	Еротичні костюми	Розмір, Тип товару	Бодістокінг Passion BS049 red, комбінезон, імітація топа, панчох і пояса
PBS049W	Еротичні костюми	Розмір, Тип товару	Бодістокінг Passion BS049 white, комбінезон, імітація топа, панчіх і пояса
PBS050B	Еротичні костюми	Розмір, Тип товару	Бодістокінг Passion BS050 black, комбінезон, імітація панчіх і пояса
PBS050R	Еротичні костюми	Розмір, Тип товару	Бодістокінг Passion BS050 red, комбінезон, імітація панчох і пояса
PBS050W	Еротичні костюми	Розмір, Тип товару	Бодістокінг Passion BS050 white, комбінезон, імітація панчіх і пояса
PBS051B	Еротичні костюми	Розмір, Тип товару	Бодістокінг Passion BS051 black, комбінезон, імітація панчох і боді
PBS051R	Еротичні костюми	Розмір, Тип товару	Бодістокінг Passion BS051 red, комбінезон, імітація панчіх і боді
PBS051W	Еротичні костюми	Розмір, Тип товару	Бодістокінг Passion BS051 white, комбінезон, імітація панчох і боді
PBS052B	Еротичні костюми	Розмір, Тип товару	Бодістокінг Passion BS052 black, комбінезон, імітація корсета з підтяжками, панчіх і трусиків
PBS052R	Еротичні костюми	Розмір, Тип товару	Бодістокінг Passion BS052 red, комбінезон, імітація корсета з підтяжками, панчох і трусиків
PBS052W	Еротичні костюми	Розмір, Тип товару	Бодістокінг Passion BS052 white, комбінезон, імітація корсета з підтяжками, панчох і трусиків
PBS053B	Еротичні костюми	Розмір, Тип товару	Бодістокінг Passion BS053 black, комбінезон, імітація панчіх і пояса
PBS053R	Еротичні костюми	Розмір, Тип товару	Бодістокінг Passion BS053 red, комбінезон, імітація панчіх і пояса
PBS053W	Еротичні костюми	Розмір, Тип товару	Бодістокінг Passion BS053 white, комбінезон, імітація панчох і пояса
PBS054B	Еротичні костюми	Розмір, Тип товару	Бодістокінг Passion BS054 black, комбінезон, імітація панчох, відкритий животик
PBS054R	Еротичні костюми	Розмір, Тип товару	Бодістокінг Passion BS054 red, комбінезон, імітація панчіх, відкритий животик
PBS054W	Еротичні костюми	Розмір, Тип товару	Бодістокінг Passion BS054 white, комбінезон, імітація панчіх, відкритий животик
PBS055B	Еротичні костюми	Розмір, Тип товару	Бодістокінг Passion BS055 black, комбінезон, імітація панчіх і пояса, довгий рукав, закрите плече
PBS055R	Еротичні костюми	Розмір, Тип товару	Бодістокінг Passion BS055 red, комбінезон, імітація панчіх і пояса, довгий рукав, закрите плече
PBS055W	Еротичні костюми	Розмір, Тип товару	Бодістокінг Passion BS055 white, комбінезон, імітація панчіх і пояса, довгий рукав, закрите плече
PBS056B	Еротичні костюми	Розмір, Тип товару	Бодістокінг Passion BS056 black, комбінезон, імітація панчох
PBS056R	Еротичні костюми	Розмір, Тип товару	Бодістокінг Passion BS056 red, комбінезон, імітація панчіх
PBS056W	Еротичні костюми	Розмір, Тип товару	Бодістокінг Passion BS056 white, комбінезон, імітація панчох
PBS057B	Еротичні костюми	Розмір, Тип товару	Бодістокінг Passion BS057 black, комбінезон, імітація панчох і пояса
PBS057R	Еротичні костюми	Розмір, Тип товару	Бодістокінг Passion BS057 red, комбінезон, імітація панчох і пояса
PBS057W	Еротичні костюми	Розмір, Тип товару	Бодістокінг Passion BS057 white, комбінезон, імітація панчіх і пояса
PBS058B	Еротичні костюми	Розмір, Тип товару	Бодістокінг Passion BS058 black, комбінезон, дуже повітряний
PBS058R	Еротичні костюми	Розмір, Тип товару	Бодістокінг Passion BS058 red, комбінезон, дуже повітряний
PBS058W	Еротичні костюми	Розмір, Тип товару	Бодістокінг Passion BS058 white, комбінезон, дуже повітряний
PBS059B	Еротичні костюми	Розмір, Тип товару	Бодістокінг Passion BS059 black, комбінезон, імітація панчіх
PBS059R	Еротичні костюми	Розмір, Тип товару	Бодістокінг Passion BS059 red, комбінезон, імітація панчох
PBS059W	Еротичні костюми	Розмір, Тип товару	Бодістокінг Passion BS059 white, комбінезон, імітація панчох
PBS060B	Еротичні костюми	Розмір, Тип товару	Бодістокінг Passion BS060 black, комбінезон, імітація трусиків і гольфів
PBS060R	Еротичні костюми	Розмір, Тип товару	Бодістокінг Passion BS060 red, комбінезон, імітація трусиків і гольфів
PBS060W	Еротичні костюми	Розмір, Тип товару	Бодістокінг Passion BS060 white, комбінезон, імітація трусиків і гольфів
PBS061B	Еротичні костюми	Розмір, Тип товару	Бодістокінг Passion BS061 black, комбінезон, імітація панчіх
PBS061R	Еротичні костюми	Розмір, Тип товару	Бодістокінг Passion BS061 red, комбінезон, імітація панчіх
PBS061W	Еротичні костюми	Розмір, Тип товару	Бодістокінг Passion BS061 white, комбінезон, імітація панчіх
PBS063B	Еротичні костюми	Розмір, Тип товару	Бодістокінг Passion BS063 black, сукня-сітка халтер
PBS063R	Еротичні костюми	Розмір, Тип товару	Бодистокинг Passion BS063 red, платье-сетка халтер
PBS063W	Еротичні костюми	Розмір, Тип товару	Бодістокінг Passion BS063 white, сукня-сітка халтер
PBS067B	Еротичні костюми	Розмір, Тип товару	Бодістокінг Passion BS067 black, комбінезон, імітація панчіх і топа на бретелях
PBS067R	Еротичні костюми	Розмір, Тип товару	Бодістокінг Passion BS067 red, комбінезон, імітація панчох і топа на бретелях
PBS067W	Еротичні костюми	Розмір, Тип товару	Бодістокінг Passion BS067 white, комбінезон, імітація панчох і топа на бретелях
PBS068B	Еротичні костюми	Розмір, Тип товару	Бодістокінг Passion BS068 black, комбінезон, велика сітка, довгий рукав
PBS068R	Еротичні костюми	Розмір, Тип товару	Бодістокінг Passion BS068 red, комбінезон, велика сітка, довгий рукав
PBS068W	Еротичні костюми	Розмір, Тип товару	Бодістокінг Passion BS068 white, комбінезон, велика сітка, довгий рукав
PBS069B	Еротичні костюми	Розмір, Тип товару	Бодістокінг Passion BS069 black, комбінезон, імітація панчіх і боді
PBS069R	Еротичні костюми	Розмір, Тип товару	Бодістокінг Passion BS069 red, комбінезон, імітація панчох і боді
PBS069W	Еротичні костюми	Розмір, Тип товару	Бодістокінг Passion BS069 white, комбінезон, імітація панчох і боді
PBS070R	Еротичні костюми	Розмір, Тип товару	Бодістокінг Passion BS070 red, комбінезон, імітація панчох і ажурного топа
PBS071B	Еротичні костюми	Розмір, Тип товару	Бодістокінг Passion BS071 black, комбінезон на бретелях
PBS071R	Еротичні костюми	Розмір, Тип товару	Бодістокінг Passion BS071 red, комбінезон на бретелях
PBS071W	Еротичні костюми	Розмір, Тип товару	Бодістокінг Passion BS071 white, комбінезон на бретелях
PS1027	Еротичні костюми	Розмір, Тип товару	Сорочка приталена з відкритою спиною Passion LENA CHEMISE 6XL/7XL, red, трусики
PS1032	Еротичні костюми	Розмір, Тип товару	Сорочка з глибоким декольте Passion MIRACLE CHEMISE 6XL/7XL, black, трусики
PS1064	Еротичні костюми	Розмір, Тип товару	Сукня з відкритою спиною Passion BELTIS DRESS 6XL/7XL, black
SO2326	Еротичні костюми	Розмір, Тип товару	Маска на обличчя Bijoux Indiscrets - Anna Mask, вінілова, клейове кріплення, без зав'язок
SO2327	Еротичні костюми	Розмір, Тип товару	Маска ніжна на очі Bijoux Indiscrets - Blind Passion Mask в подарунковому пакованні
SO2331	Еротичні костюми	Розмір, Тип товару	Маска на обличчя Bijoux Indiscrets - Dalila Mask, вінілова, клейове кріплення, без зав'язок
SO2332	Еротичні костюми	Розмір, Тип товару	Маска на обличчя Bijoux Indiscrets - Erika Mask, вінілова, клейове кріплення, без зав'язок
SO2333	Еротичні костюми	Розмір, Тип товару	Маска на обличчя Bijoux Indiscrets - Kristine Mask, вінілова, клейове кріплення, без зав'язок
SO2334	Еротичні костюми	Розмір, Тип товару	Маска на обличчя Bijoux Indiscrets - Louise Mask, вінілова, клейове кріплення, без зав'язок
SO2335	Еротичні костюми	Розмір, Тип товару	Маска на обличчя Bijoux Indiscrets - Sybille Mask, вінілова, клейове кріплення, без зав'язок
SO2348	Еротичні костюми	Розмір, Тип товару	Маска на обличчя Dorcel - MASK DORCEL, формована екошкіра
SO2654	Еротичні костюми	Розмір	Ланцюжок для тіла Bijoux Indiscrets Magnifique 8 Body Chain - Gold, прикраса для тіла
SO2655	Еротичні костюми	Розмір	Ланцюжок для спини Bijoux Indiscrets Magnifique Back and Cleavage Chain - Silver, прикраса для тіла
SO2656	Еротичні костюми	Розмір	Ланцюжок портупея Bijoux Indiscrets Magnifique Bra Chain - Gold, прикраса на тіло
SO2657	Еротичні костюми	Розмір	Ланцюжок для спини Bijoux Indiscrets Magnifique Back and Cleavage Chain - Gold, прикраса для тіла
SO2658	Еротичні костюми	Розмір	Ланцюжок на шию і пояс Bijoux Indiscrets Magnifique I Body Chain - Gold, прикраса на тіло
SO2659	Еротичні костюми	Розмір	Ланцюжок трусики або ліф Bijoux Indiscrets Magnifique Waist Chain - silver, прикраса на тіло
SO2660	Еротичні костюми	Розмір	Ланцюжок на трусики або ліф Bijoux Indiscrets MAGNIFIQUE Waist Chain - Gold, прикраса на тіло
SO2661	Еротичні костюми	Розмір	Ланцюжок-батіг на шию Bijoux Indiscrets MAGNIFIQUE Necklace Whip - Gold, прикраса для тіла
SO2662	Еротичні костюми	Розмір	Ланцюжок-трусики Bijoux Indiscrets Magnifique Bikini Chain – Gold, прикраса для тіла
SO2665	Еротичні костюми	Розмір	Намисто-комір Bijoux Indiscrets Desir Metallique Collar - Black
SO2666	Еротичні костюми	Розмір	Намисто-комір Bijoux Indiscrets Desir Metallique Collar - Gold
SO2684	Еротичні костюми	Розмір, Тип товару	Маска кішечки Bijoux Indiscrets MAZE - Cat Ears Headpiece Black, екошкіра
SO2850	Еротичні костюми	Розмір, Тип товару	"Еротичний костюм вчительки ""Сувора Ніколетта"" М, спідниця, блуза"
SO2852	Еротичні костюми	Розмір, Тип товару	Еротичний костюм медсестри «Старанна Луїза» М, халатик, шапочка, рукавички, маска
SO2854	Еротичні костюми	Розмір, Тип товару	"Еротичний костюм кішечки ""Грайлива Стефані"" М, боді, рукавички, без маски"
SO2855	Еротичні костюми	Розмір, Тип товару	"Сексуальна маска ""Кішечка"" під латекс, еластична"
SO3312	Еротичні костюми	Розмір, Тип товару	Преміум маска кішечки LOVECRAFT, натуральна шкіра, червона, подарункова упаковка
SO3313	Еротичні костюми	Розмір, Тип товару	Преміум маска кішечки LOVECRAFT, натуральна шкіра, зелена, подарункова упаковка
SO3406	Еротичні костюми	Розмір, Тип товару	Маска кішечки Feral Feelings - Catwoman Mask, натуральна шкіра, чорна
SO3407	Еротичні костюми	Розмір, Тип товару	Маска кішечки Feral Feelings - Catwoman Mask, натуральна шкіра, червона
SO3408	Еротичні костюми	Розмір, Тип товару	Маска кішечки Feral Feelings - Catwoman Mask, натуральна шкіра, біла
SO3409	Еротичні костюми	Розмір, Тип товару	Маска кішечки Feral Feelings - Kitten Mask, натуральна шкіра, чорна
SO3410	Еротичні костюми	Розмір, Тип товару	Маска кішечки Feral Feelings - Kitten Mask, натуральна шкіра, червона
SO3411	Еротичні костюми	Розмір, Тип товару	Маска кішечки Feral Feelings - Kitten Mask, натуральна шкіра, біла
SO3418	Еротичні костюми	Розмір, Тип товару	Маска на лицо Feral Feelings - Mistery Mask, натуральная кожа, черная
SO3419	Еротичні костюми	Розмір, Тип товару	Маска на обличчя Feral Feelings - Mistery Mask натуральна шкіра, червона
SO3420	Еротичні костюми	Розмір, Тип товару	Маска на обличчя Feral Feelings - Mistery Mask, натуральна шкіра, біла
SO3723	Еротичні костюми	Розмір	Кольє зі стразами Bijoux Pour Toi - Audrey Gold
SO3724	Еротичні костюми	Розмір	Кольє зі стразами Bijoux Pour Toi - Audrey Silver
SO3725	Еротичні костюми	Розмір	Кольє зі стразами Bijoux Pour Toi - Emma Gold
SO3726	Еротичні костюми	Розмір	Прикраса на тіло Bijoux Pour Toi - Ambre Black
SO3727	Еротичні костюми	Розмір	Прикраса на тіло Bijoux Pour Toi - Ambre Gold
SO3999	Еротичні костюми	Розмір, Тип товару	"Еротичний костюм-хрест монашки ""Відверта Лана"" М"
SO4033	Еротичні костюми	Розмір	Кольє на спину Bijoux Pour Toi - Julie Gold
SO4034	Еротичні костюми	Розмір	Кольє на спину Bijoux Pour Toi - Lise Gold
SO4035	Еротичні костюми	Розмір	Прикраси на тіло Bijoux Pour Toi - Alison Gold
SO4141	Еротичні костюми	Розмір, Тип товару	Бодістокінг з імітацією панчіх і ажурною вставкою Passion BS072 black
SO4142	Еротичні костюми	Розмір, Тип товару	Бодістокінг з імітацією панчіх і ажурною вставкою Passion BS072 red
SO4143	Еротичні костюми	Розмір, Тип товару	Бодістокінг з імітацією панчіх і ажурною вставкою Passion BS072 white
SO4144	Еротичні костюми	Розмір, Тип товару	Відверта сукня-сітка Passion BS073 black
SO4145	Еротичні костюми	Розмір, Тип товару	Відверта сукня-сітка Passion BS073 red
SO4146	Еротичні костюми	Розмір, Тип товару	Відверта сукня-сітка Passion BS073 white
SO4147	Еротичні костюми	Розмір, Тип товару	Ажурний бодістокінг з імітацією панчіх Passion BS074 black
SO4148	Еротичні костюми	Розмір, Тип товару	Ажурний бодістокінг з імітацією панчіх Passion BS074 red
SO4149	Еротичні костюми	Розмір, Тип товару	Ажурний бодістокінг з імітацією панчіх Passion BS074 white
SO4150	Еротичні костюми	Розмір, Тип товару	Відвертий бодістокінг з глибоким декольте Passion BS075 black
SO4151	Еротичні костюми	Розмір, Тип товару	Відвертий бодістокінг з глибоким декольте Passion BS075 red
SO4152	Еротичні костюми	Розмір, Тип товару	Відвертий бодістокінг з глибоким декольте Passion BS075 white
SO4153	Еротичні костюми	Розмір, Тип товару	Ажурний бодістокінг з інтимними вирізами Passion BS076 black
SO4154	Еротичні костюми	Розмір, Тип товару	Ажурний бодістокінг з інтимними вирізами Passion BS076 red
SO4155	Еротичні костюми	Розмір, Тип товару	Ажурний бодістокінг з інтимними вирізами Passion BS076 white
SO4156	Еротичні костюми	Розмір, Тип товару	Бодістокінг з крупною сіткою Passion BS077 black
SO4157	Еротичні костюми	Розмір, Тип товару	Бодістокінг з великою сіткою Passion BS077 red
SO4158	Еротичні костюми	Розмір, Тип товару	Бодістокінг з крупною сіткою Passion BS077 white
SO4661	Еротичні костюми	Розмір, Тип товару	Маска кішки Fetish Tentation Adjustable Catwoman Diamond Mask
SO4662	Еротичні костюми	Розмір, Тип товару	Вушки зайчика Fetish Tentation Bunny Headband
SO4663	Еротичні костюми	Розмір, Тип товару	Маска зайчика Fetish Tentation Adjustable Bunny Mask
SO4675	Еротичні костюми	Розмір, Тип товару	Перука World Wigs ZARA LONG CHESTNUT
SO4676	Еротичні костюми	Розмір, Тип товару	Перука World Wigs ZARA LONG BLONDE
SO4677	Еротичні костюми	Розмір, Тип товару	Перука World Wigs ZARA LONG BROWN
SO4678	Еротичні костюми	Розмір, Тип товару	Перука World Wigs SOPHIE SHORT REDHEAD
SO4679	Еротичні костюми	Розмір, Тип товару	Перука  World Wigs SOPHIE SHORT CHESTNUT
SO4680	Еротичні костюми	Розмір, Тип товару	Перука World Wigs SOPHIE SHORT BLONDE
SO4681	Еротичні костюми	Розмір, Тип товару	Перука World Wigs SOPHIE SHORT BROWN
SO4682	Еротичні костюми	Розмір, Тип товару	Перука World Wigs OLIVIA LONG BLONDE
SO4683	Еротичні костюми	Розмір, Тип товару	Перука World Wigs OLIVIA LONG CHESTNUT
SO4684	Еротичні костюми	Розмір, Тип товару	Комплект сіток під перуку World Wigs WIG CAPS 2 FILETS SOUS (2 шт.)
SO4685	Еротичні костюми	Розмір, Тип товару	Перука World Wigs OLIVIA LONG REDHEAD
SO4686	Еротичні костюми	Розмір, Тип товару	Перука World Wigs OLIVIA LONG BROWN
SO4687	Еротичні костюми	Розмір, Тип товару	Перука World Wigs CAMILA MID-LENGTH BLONDE
SO4688	Еротичні костюми	Розмір, Тип товару	Перука World Wigs CAMILA MID-LENGTH CHESTNUT
SO4689	Еротичні костюми	Розмір, Тип товару	Перука World Wigs CAMILA MID-LENGTH REDHEAD
SO4690	Еротичні костюми	Розмір, Тип товару	Перука World Wigs CAMILA MID-LENGTH BROWN
SO4691	Еротичні костюми	Розмір, Тип товару	Перука World Wigs AYA LONG TWO-TONE MAUVE
SO4692	Еротичні костюми	Розмір, Тип товару	Перука World Wigs ELVIRA MID-LENGTH TWO-TONE RED
SO4693	Еротичні костюми	Розмір, Тип товару	Перука World Wigs RIHANA LONG REDHEAD
SO4694	Еротичні костюми	Розмір, Тип товару	Перука World Wigs ANGELE LONG BLONDE
SO4723	Еротичні костюми	Розмір, Тип товару	Бодістокінг з доступом до інтимних місць Passion BS078 black
SO4724	Еротичні костюми	Розмір, Тип товару	Бодістокінг з доступом до інтимних місць Passion BS078 red
SO4725	Еротичні костюми	Розмір, Тип товару	Бодістокінг з доступом до інтимних місць Passion BS078 white
SO4726	Еротичні костюми	Розмір, Тип товару	Бодістокінг з імітацією панчох Passion BS079 black
SO4727	Еротичні костюми	Розмір, Тип товару	Бодістокінг з імітацією панчох Passion BS079 red
SO4728	Еротичні костюми	Розмір, Тип товару	Бодістокінг з імітацією панчох Passion BS079 white
SO4729	Еротичні костюми	Розмір, Тип товару	Відкритий бодістокінг Passion BS080 black
SO4730	Еротичні костюми	Розмір, Тип товару	Відкритий бодістокінг Passion BS080 red
SO4731	Еротичні костюми	Розмір, Тип товару	Відкритий бодістокінг Passion BS080 white
SO4732	Еротичні костюми	Розмір, Тип товару	Сітчастий бодістокінг з відкритим животом Passion BS081 black
SO4733	Еротичні костюми	Розмір, Тип товару	Сітчастий бодістокінг з відкритим животом Passion BS081 red
SO4734	Еротичні костюми	Розмір, Тип товару	Сітчастий бодістокінг з відкритим животом Passion BS081 white
SO4735	Еротичні костюми	Розмір, Тип товару	Ажурний бодістокінг з панчохами Passion BS082 black
SO4736	Еротичні костюми	Розмір, Тип товару	Ажурний бодістокінг з панчохами Passion BS082 red
SO4737	Еротичні костюми	Розмір, Тип товару	Ажурний бодістокінг з панчохами Passion BS082 white
SO4738	Еротичні костюми	Розмір, Тип товару	Сексуальний боді з вирізами Passion BS083 black
SO4739	Еротичні костюми	Розмір, Тип товару	Сексуальний боді з вирізами Passion BS083 red
SO4740	Еротичні костюми	Розмір, Тип товару	Сексуальний боді з вирізами Passion BS083 white
SO4741	Еротичні костюми	Розмір, Тип товару	Еротичний бодістокінг Passion BS084 black
SO4742	Еротичні костюми	Розмір, Тип товару	Еротичний бодістокінг Passion BS084 red
SO4743	Еротичні костюми	Розмір, Тип товару	Еротичний бодістокінг Passion BS084 white
SO4744	Еротичні костюми	Розмір, Тип товару	Еротичний бодістокінг з малюнком Passion BS085 black
SO4745	Еротичні костюми	Розмір, Тип товару	Еротичний бодістокінг з малюнком Passion BS085 red
SO4746	Еротичні костюми	Розмір, Тип товару	Еротичний бодістокінг з малюнком Passion BS085 white
SO4991	Еротичні костюми	Розмір, Тип товару	Сукня-сітка з метеликами Size Plus Black
SO4992	Еротичні костюми	Розмір, Тип товару	Бодістокінг з імітацією панчіх Size Plus Black
SO4993	Еротичні костюми	Розмір, Тип товару	Бодістокінг на все тіло з сіткою та мереживом Size Plus Black
SO4994	Еротичні костюми	Розмір, Тип товару	Бодістокінг з декольте і панчохами Size Plus Black
SO4995	Еротичні костюми	Розмір, Тип товару	Ніжний бодістокінг з імітацією панчіх Size Plus Black
SO5044	Еротичні костюми	Розмір, Тип товару	"Мереживна маска ""Кішка"", малюнок мережива може відрізнятися від фото"
SO5045	Еротичні костюми	Розмір, Тип товару	"Лакована маска ""Кішка"""
SO5305	Еротичні костюми	Розмір, Тип товару	Бодістокінг з відкритими плечима та флористично-геометричним орнаментом Penthouse - Top-Notch Black
SO5324	Еротичні костюми	Розмір, Тип товару	Сітчаста тілесна міні-сукня на одне плече з контрастним малюнком Casmir CA001
SO5325	Еротичні костюми	Розмір, Тип товару	Сітчаста чорна міні-сукня на одне плече з контрастним малюнком Casmir CA001
SO5326	Еротичні костюми	Розмір, Тип товару	Бодістокінг з ажурної сітки із вирізами з боків та доступом Casmir CA002 тілесний
SO5327	Еротичні костюми	Розмір, Тип товару	Бодістокінг з ажурної сітки із вирізами з боків та доступом Casmir CA002 чорний
SO5328	Еротичні костюми	Розмір, Тип товару	Сітчастий тілесний бодістокінг, який імітує боді з панчохами на підв'язках Casmir CA003
SO5329	Еротичні костюми	Розмір, Тип товару	Сітчастий чорний бодістокінг, який імітує боді з панчохами на підв'язках Casmir CA003
SO5330	Еротичні костюми	Розмір, Тип товару	Тілесний ажурний бодістокінг зі складним вертикальним плетінням Casmir CA004
SO5331	Еротичні костюми	Розмір, Тип товару	Чорний ажурний бодістокінг зі складним вертикальним плетінням Casmir CA004
SO5332	Еротичні костюми	Розмір, Тип товару	Сітчастий тілесний бодістокінг-боді з симетричним малюнком Casmir CA005
SO5333	Еротичні костюми	Розмір, Тип товару	Сітчастий чорний бодістокінг-боді з симетричним малюнком Casmir CA005
SO5334	Еротичні костюми	Розмір, Тип товару	Сітчастий тілесний бодістокінг з малюнком боді та гетр Casmir CA006
SO5335	Еротичні костюми	Розмір, Тип товару	Сітчастий чорний бодістокінг з малюнком боді та гетр Casmir CA006
SO5336	Еротичні костюми	Розмір, Тип товару	Сітчастий тілесний бодістокінг з подвійним плетінням та підв'язками Casmir CA007
SO5337	Еротичні костюми	Розмір, Тип товару	Сітчастий чорний бодістокінг з подвійним плетінням та підв'язками Casmir CA007
SO5338	Еротичні костюми	Розмір, Тип товару	Сітчастий тілесний бодістокінг з коротким топом та підв'язками Casmir CA008
SO5339	Еротичні костюми	Розмір, Тип товару	Сітчастий чорний бодістокінг з коротким топом та підв'язками Casmir CA008
SO5852	Еротичні костюми	Розмір	Прикраса для сосків Art of Sex - Nipple Clamps Arrow, колір чорний
SO5853	Еротичні костюми	Розмір	Прикраса для сосків Art of Sex - Nipple Clamps Arrow, колір фіолетовий
SO5854	Еротичні костюми	Розмір	Прикраса для сосків Art of Sex - Nipple Clamps Arrow, колір гранатовий
SO5855	Еротичні костюми	Розмір	Прикраса для сосків Art of Sex - Nipple Clamps Arrow, колір м'ятний
SO5919	Еротичні костюми	Розмір	Намисто-комір Bijoux Indiscrets Desir Metallique Collar - Silver
SO5921	Еротичні костюми	Розмір	Ланцюжок для тіла Bijoux Indiscrets Magnifique Tickler Pendant Chain — Gold
SO5922	Еротичні костюми	Розмір	Браслети для ніг Bijoux Indiscrets Magnifique Feet Chain — Gold
SO5923	Еротичні костюми	Розмір	Ланцюжок для тіла Bijoux Indiscrets Magnifique 8 Body Chain — Silver
SO5924	Еротичні костюми	Розмір	Ланцюжок для тіла Bijoux Indiscrets Magnifique Tickler Pendant Chain — Silver
SO5986	Еротичні костюми	Розмір	Золотистий ланцюжок для бюста Bijoux Pour Toi – Elena Gold зі стразами
SO5987	Еротичні костюми	Розмір	Сріблястий ланцюжок для бюста Bijoux Pour Toi – Elena Silver зі стразами
SO6376	Еротичні костюми	Розмір, Тип товару	Бодістокінг з доступом Passion BS086 black, вертикальна сітка, виріз на спинці
SO6377	Еротичні костюми	Розмір, Тип товару	Бодістокінг з доступом Passion BS086 red, вертикальна сітка, виріз на спинці
SO6378	Еротичні костюми	Розмір, Тип товару	Бодістокінг з доступом Passion BS086 white, вертикальна сітка, виріз на спинці
SO6379	Еротичні костюми	Розмір, Тип товару	Бодістокінг у велику сітку Passion BS087 black, відкрита спина, халтер, з доступом
SO6380	Еротичні костюми	Розмір, Тип товару	Бодістокінг у велику сітку Passion BS087 red, відкрита спина, халтер, з доступом
SO6381	Еротичні костюми	Розмір, Тип товару	Бодістокінг у велику сітку Passion BS087 white, відкрита спина, халтер, з доступом
SO6382	Еротичні костюми	Розмір, Тип товару	Бодістокінг з декольте Passion BS088 black, імітація корсетної шнурівки
SO6383	Еротичні костюми	Розмір, Тип товару	Бодістокінг з декольте Passion BS088 red, імітація корсетної шнурівки
SO6384	Еротичні костюми	Розмір, Тип товару	Бодістокінг з декольте Passion BS088 white, імітація корсетної шнурівки
SO6385	Еротичні костюми	Розмір, Тип товару	Бодістокінг-сукня Passion BS089 black, міні, плетіння у вигляді павутини
SO6386	Еротичні костюми	Розмір, Тип товару	Бодістокінг-сукня Passion BS089 red, міні, плетіння у вигляді павутини
SO6387	Еротичні костюми	Розмір, Тип товару	Бодістокінг-сукня Passion BS089 white, міні, плетіння у вигляді павутини
SO6391	Еротичні костюми	Розмір, Тип товару	Бодістокінг у дуже велику сітку Passion BS091 black, з доступом
SO6392	Еротичні костюми	Розмір, Тип товару	Бодістокінг у дуже велику сітку Passion BS091 red, з доступом
SO6393	Еротичні костюми	Розмір, Тип товару	Бодістокінг у дуже велику сітку Passion BS091 white, з доступом
SO6394	Еротичні костюми	Розмір, Тип товару	Бодістокінг-сукня з відкритими грудями Passion BS092 black
SO6395	Еротичні костюми	Розмір, Тип товару	Бодістокінг-сукня з відкритими грудями Passion BS092 red
SO6396	Еротичні костюми	Розмір, Тип товару	Бодістокінг-сукня з відкритими грудями Passion BS092 white
SO6397	Еротичні костюми	Розмір, Тип товару	Бодістокінг-сукня з глибоким коміром Passion BS093 black, довгі рукави
SO6398	Еротичні костюми	Розмір, Тип товару	Бодістокінг-сукня з глибоким коміром Passion BS093 red, довгі рукави
SO6399	Еротичні костюми	Розмір, Тип товару	Бодістокінг-сукня з глибоким коміром Passion BS093 white, довгі рукави
SO6762	Еротичні костюми	Розмір, Тип товару	Лакована чорна маска «Кіт» D&A
SO6792	Еротичні костюми	Розмір	Прикраса на пеніс із перлинами «Подарунок» Art of Sex - Gift
SO7054	Еротичні костюми	Розмір, Тип товару	Пеньюар Passion AMBERLY PEIGNOIR 6XL/7XL, black, ажурні декольте та манжети, широкі рукави
SO7062	Еротичні костюми	Розмір, Тип товару	Мінісукня з екошкіри Passion CELINE CHEMISE 6XL/7XL, black, шнурівка, трусики в комплекті
SO7064	Еротичні костюми	Розмір, Тип товару	Пояс-корсет з екошкіри Passion CELINE SET with Open Bra 6XL/7XL, black, шнурівка, пажі, стрінги
SO7068	Еротичні костюми	Розмір, Тип товару	Бодістокінг Passion ECO BS002 black, з доступом, імітація підв’язок, абстрактний малюнок
SO7069	Еротичні костюми	Розмір, Тип товару	Бодістокінг Passion ECO BS002 red, з доступом, імітація підв’язок, абстрактний малюнок
SO7070	Еротичні костюми	Розмір, Тип товару	Бодістокінг Passion ECO BS002 white, відкритий доступ, імітація підв’язок, абстрактний малюнок
SO7071	Еротичні костюми	Розмір, Тип товару	Бодістокінг Passion ECO BS004 black, відкритий доступ, імітація підв’язок, квітковий декор
SO7072	Еротичні костюми	Розмір, Тип товару	Бодістокінг Passion ECO BS004 red відкритий доступ, імітація підв’язок, квітковий декор
SO7073	Еротичні костюми	Розмір, Тип товару	Бодістокінг Passion ECO BS005 black, щільний, відкритий доступ, імітація підв’язок
SO7074	Еротичні костюми	Розмір, Тип товару	Бодістокінг Passion ECO BS005 red, щільний, відкритий доступ, імітація підв’язок
SO7075	Еротичні костюми	Розмір, Тип товару	Бодістокінг Passion ECO BS005 white, щільний, відкритий доступ, імітація підв’язок
SO7076	Еротичні костюми	Розмір, Тип товару	Бодістокінг Passion ECO BS006 black, з доступом, халтер, імітація підв’язок
SO7077	Еротичні костюми	Розмір, Тип товару	Бодістокінг Passion ECO BS006 red, з доступом, халтер, імітація підв’язок
SO7078	Еротичні костюми	Розмір, Тип товару	Бодістокінг Passion ECO BS006 white, з доступом, халтер, імітація підв’язок
SO7079	Еротичні костюми	Розмір, Тип товару	Бодістокінг Passion ECO BS007 black, з доступом, силуетний малюнок, імітація підв’язок
SO7080	Еротичні костюми	Розмір, Тип товару	Бодістокінг Passion ECO BS007 red, з доступом, силуетний малюнок, імітація підв’язок
SO7081	Еротичні костюми	Розмір, Тип товару	Бодістокінг Passion ECO BS007 white, з доступом, силуетний малюнок, імітація підв’язок
SO7082	Еротичні костюми	Розмір, Тип товару	Бодістокінг Passion ECO BS008 black, з доступом, флористичний декор, імітація підв’язок
SO7083	Еротичні костюми	Розмір, Тип товару	Бодістокінг Passion ECO BS008 red, з доступом, флористичний декор, імітація підв’язок
SO7186	Еротичні костюми	Розмір, Тип товару	Мереживна маска Obsessive A700 mask, єдиний розмір, чорна
SO7187	Еротичні костюми	Розмір, Тип товару	Мереживна маска Obsessive A701 mask, єдиний розмір, чорна
SO7188	Еротичні костюми	Розмір, Тип товару	Мереживна маска Obsessive A710 mask, єдиний розмір, чорна
SO7447	Еротичні костюми	Розмір	Сексуальна прикраса на пеніс та мошонку Art of Sex - Jerome, Срібло
SO7458	Еротичні костюми	Розмір	Прикраси на соски Art of Sex - Crown, Срібло
SO7459	Еротичні костюми	Розмір	Прикраса для сосків Art of Sex - Tenderness, Срібло
SO7479	Еротичні костюми	Розмір, Тип товару	Маска Кішечки Art of Sex - Cat Mask, Чорний
SO7484	Еротичні костюми	Розмір	Прикраса для грудей Art of Sex - Sensual instinct
SO7517	Еротичні костюми	Розмір, Тип товару	"Лакована маска ""Кішка"" D&A червона"
SO7681	Еротичні костюми	Розмір	Намисто під перлини на декольте Obsessive A757 necklace pearl
SO7687	Еротичні костюми	Розмір	Ланцюжок для бюста з кулоном-совою Obsessive Bijou 901
SO7688	Еротичні костюми	Розмір	Ланцюжок для бюста з кулоном-зіркою Obsessive Bijou 902
SO7689	Еротичні костюми	Розмір	Ланцюжок-каскад Obsessive Bijou 903
SO7690	Еротичні костюми	Розмір	Ланцюжок-гартери з каменями Obsessive Bijou 905
SO7691	Еротичні костюми	Розмір	Ланцюжки-наручники з каменями Obsessive Bijou 907
SO7728	Еротичні костюми	Розмір, Тип товару	Атласна маска Obsessive Roseberry mask, pink, прикрашена мереживом, для сну
SO7740	Еротичні костюми	Розмір, Тип товару	Еротична лакована маска D&A Кішечка, червона
SO7769	Еротичні костюми	Розмір, Тип товару	Маска Кішечки Art of Sex - Cat Mask, Червоний
SO7807	Еротичні костюми	Розмір, Тип товару	Маска Кішечки Art of Sex - Cat Mask, Рожевий
SO7933	Еротичні костюми	Розмір, Тип товару	Leg Avenue Allure Multi Color Wig Grey/Black
SO7934	Еротичні костюми	Розмір, Тип товару	Leg Avenue Neon Star Long Wavy Wig Pink
SO7935	Еротичні костюми	Розмір, Тип товару	Хвиляста перука Leg Avenue Misfit Long Wavy Wig Brown, довга, реалістичний вигляд, 61 см
SO7936	Еротичні костюми	Розмір, Тип товару	Перука Дейєнеріс Таргарієн Leg Avenue Braided long wavy wig Blond, платинова, довжина 81 см
SO7937	Еротичні костюми	Розмір, Тип товару	Перука, що світиться в темряві Leg Avenue Pearl short natural bob wig White, коротка, перлинна, 33 с
SO7938	Еротичні костюми	Розмір, Тип товару	Руда перука омбре Leg Avenue Ombre long wavy wig, довга, локони, 61 см
SO7939	Еротичні костюми	Розмір, Тип товару	Перука рок-зірки Leg Avenue Unisex rockstar wig Red, унісекс, 53 см
SO7940	Еротичні костюми	Розмір, Тип товару	Чорна перука із золотими пасмами Leg Avenue Long bang wig with tinsel, 60 см
SO7941	Еротичні костюми	Розмір, Тип товару	Кучерява перука з косою Leg Avenue Long curly bang wig with braid, натуральний блонд, 66 см
SO7942	Еротичні костюми	Розмір, Тип товару	Довга рожева перука Leg Avenue Long straight bang wig Pink, гладенька, 61 см
SO7943	Еротичні костюми	Розмір, Тип товару	Перука Харлі Квін Leg Avenue Harley wavy bob wig, коротка, 36 см
SO7944	Еротичні костюми	Розмір, Тип товару	Пов’язка на голову з крилами Leg Avenue Feather headband Black, пір’я та натуральна шкіра
SO7945	Еротичні костюми	Розмір, Тип товару	Набір аксесуарів «Ангел» Leg Avenue Angel Accessory Kit, крильця з пір’я, німб
SO7946	Еротичні костюми	Розмір, Тип товару	Крила дияволиці Leg Avenue devil wings Red, справжнє пір’я
SO7947	Еротичні костюми	Розмір, Тип товару	Маска кролика Leg Avenue Masquerade Rabbit Mask White, довгі вушка, на резинці
SO7948	Еротичні костюми	Розмір, Тип товару	Набір кішечки Leg Avenue Cat ear headband and choker, чокер та вушка, прикрашений стразами
SO7949	Еротичні костюми	Розмір, Тип товару	Корона зі стразами Leg Avenue Faux rhinestone die cut crown, з резиночками для кріплення
SO7950	Еротичні костюми	Розмір, Тип товару	Корона злої королеви Leg Avenue Faux leather spiked crown Black, штучна шкіра, заклепки
SO7951	Еротичні костюми	Розмір, Тип товару	Диявольські ріжки з паєтками Leg Avenue Sequin devil horns
SO7952	Еротичні костюми	Розмір, Тип товару	Набір кішечки зі стразами Leg Avenue Cat ear headband & choker set, широкий чокер та вушка
SO7953	Еротичні костюми	Розмір, Тип товару	Обруч ріг єдинорога Leg Avenue Magical Unicorn Headband, з райдужною гривою
SO7954	Еротичні костюми	Розмір, Тип товару	Філігранна золота корона Leg Avenue Filigree crown, метал
SO7955	Еротичні костюми	Розмір, Тип товару	Філігранна корона з камінням Leg Avenue Filigree royal crown, метал
SO7956	Еротичні костюми	Розмір, Тип товару	Золотий ріг єдинорога Leg Avenue Golden unicorn flower headband, прикрашений квітами
SO8007	Еротичні костюми	Розмір, Тип товару	Leg Avenue Allure Multi Color Wig Black/Purple
SO8008	Еротичні костюми	Розмір, Тип товару	Leg Avenue Allure Multi Color Wig Grey/Red
SO8009	Еротичні костюми	Розмір, Тип товару	Хвиляста перука Leg Avenue Misfit Long Wavy Wig Green, довга, реалістичний вигляд, 61 см
SO8010	Еротичні костюми	Розмір, Тип товару	Хвиляста перука Leg Avenue Misfit Long Wavy Wig Blue, довга, реалістичний вигляд, 61 см
SO8011	Еротичні костюми	Розмір, Тип товару	Хвиляста перука Leg Avenue Misfit Long Wavy Wig Dark Blonde, довга, реалістичний вигляд, 61 см
SO8012	Еротичні костюми	Розмір, Тип товару	Хвиляста перука Leg Avenue Misfit Long Wavy Wig Ginger, довга, реалістичний вигляд, 61 см
SO8013	Еротичні костюми	Розмір, Тип товару	Пов’язка на голову з крилами Leg Avenue Feather headband White, пір’я та натуральна шкіра
SO8014	Еротичні костюми	Розмір, Тип товару	Корона злої королеви Leg Avenue Faux leather spiked crown White, штучна шкіра, заклепки
SO8357	Еротичні костюми	Розмір, Тип товару	Костюм поліціянтки JSY «Фрау Марта» Plus Size Black, ремінь, кепка, наручники, краватка
SO8358	Еротичні костюми	Розмір, Тип товару	Костюм покоївки JSY «Слухняна Ельма» Plus Size Black, сукня, фартух, головний убір покоївки
SO8359	Еротичні костюми	Розмір, Тип товару	Еротичний костюм черниці JSY «Грішниця Лола» Plus Size Black, сукня, хрест, апостольник
SO8360	Еротичні костюми	Розмір, Тип товару	Еротичний костюм кішечки JSY «Імператриця Кітті» Plus Size, Black, боді, шнурівка, хвіст, вушка
SO8361	Еротичні костюми	Розмір, Тип товару	Еротичний костюм JSY «Армійська красуня» Plus Size, military, сукня, краватка, берет, стрінги
SO8362	Еротичні костюми	Розмір, Тип товару	Сукня з латексними вставками JSY «Пристрасна Ельза» Plus Size, Black, мереживо, стрепи, сітка
SO8364	Еротичні костюми	Розмір, Тип товару	Мереживний корсет JSY «Сексуальна Белла» Plus Size Black, дрібна сітка, гіпюр, чашки з кісточками
SO8366	Еротичні костюми	Розмір, Тип товару	Еротична сукня JSY «Спокуслива Міла» Plus Size Black, прозорі вставки, стрепи, халтер
SO8367	Еротичні костюми	Розмір, Тип товару	Костюм покоївки JSY «Слухняна Альма» Plus Size Black, фартух, трусики, головний убір, метелик, мітел
SO8368	Еротичні костюми	Розмір, Тип товару	Сексуальний пеньюар JSY «Чуттєва Люсі» Plus Size, White, мереживо, дрібна сітка, стрінги
SO8369	Еротичні костюми	Розмір, Тип товару	Сітчаста сукня з метеликами JSY «Сексапільна Емілі» Plus Size, Black, імітація шнурівки, мереживо
SO8370	Еротичні костюми	Розмір, Тип товару	Сітчастий бодістокінг JSY «Гаряча Ебігейл» Plus Size, Black, халтер, імітація панчіх, мереживо
SO8371	Еротичні костюми	Розмір, Тип товару	Сітчастий бодістокінг JSY «Ніжна Люсі» Plus Size, black, імітація боді, імітація шнурівки
SO8372	Еротичні костюми	Розмір, Тип товару	Безшовний бодістокінг JSY «Вульгарна Грейс» Plus Size, Black, довгий рукав, імітація панчіх, дрібна
SO8373	Еротичні костюми	Розмір, Тип товару	Сітчастий бодістокінг JSY «Коханка Зоуї» Plus Size Новинки, Black, імітація панчіх, доступ
SO8374	Еротичні костюми	Розмір, Тип товару	Еротичний костюм зайчика JSY «Пристрасна Медісон» Plus Size, Black, боді, вушка, рукавички, хвіст, ч
SO8375	Еротичні костюми	Розмір, Тип товару	Костюм секс-покоївки JSY «Гаряча Кері» Plus Size Black, боді, спідниця, чокер, головний убір, мітелк
SO8376	Еротичні костюми	Розмір, Тип товару	Еротичний костюм поліціянтки JSY «Зухвала Сюзі» Plus Size, Black, рукави, нунчаки, ремені, ланцюги
SO8377	Еротичні костюми	Розмір, Тип товару	Еротичний костюм поліціянтки JSY «Пустотлива Кетт» Plus Size, blue, боді, головний убір поліціянтки
SO8385	Еротичні костюми	Розмір, Тип товару	Сорочка бебі-дол JSY «Пристрасна Ліліт» Plus Size, Black, халтер, дрібна сітка, мереживо, стрінги
SO8386	Еротичні костюми	Розмір, Тип товару	Елегантна сукня JSY «Леді Софія» Plus Size, black, дрібна сітка, вишивка, екошкіра
SO8387	Еротичні костюми	Розмір, Тип товару	Сексуальна сітчаста сукня JSY «Пристрасна Евелін» Plus Size, Red, мереживо, відкрита спинка
SO8388	Еротичні костюми	Розмір, Тип товару	Відвертий бодістокінг JSY «Фатальна Скарлет» Plus Size, Black, імітація боді, мереживо, доступ
SO8389	Еротичні костюми	Розмір, Тип товару	Сітчастий бодістокінг JSY «Відверта Мадлен» Plus Size, Black, імітація боді, мереживо, доступ
SO8390	Еротичні костюми	Розмір, Тип товару	Мереживний бодістокінг JSY «Гаряча Хейлі» Plus Size, Black, халтер, імітація панчіх, відкритий досту
SO8391	Еротичні костюми	Розмір, Тип товару	Сітчастий бодістокінг-халтер JSY «Сітки Арії» Plus Size, black, комбінезон, відкритий доступ
SO8515	Еротичні костюми	Розмір	Чоловіча прикраса на пеніс Art of Sex - Ardon
SO8573	Еротичні костюми	Розмір, Тип товару	Маска кішки з екошкіри Leg Avenue Vegan leather studded cat mask Black
SO8588	Еротичні костюми	Розмір, Тип товару	Перука Leg Avenue 33″ Long straight center part wig Grey
SO8589	Еротичні костюми	Розмір, Тип товару	Перука Leg Avenue 33″ Long straight center part wig lavender
SO8590	Еротичні костюми	Розмір, Тип товару	Перука Leg Avenue 33″ Long straight center part wig neon pink
SO8591	Еротичні костюми	Розмір, Тип товару	Перука Leg Avenue 33″ Long straight center part wig turquoise
SO8592	Еротичні костюми	Розмір, Тип товару	Перука Leg Avenue 33″ Long straight center part wig Blond
SO8593	Еротичні костюми	Розмір, Тип товару	Перука Leg Avenue 33″ Long straight center part wig Raspberry
SO8594	Еротичні костюми	Розмір, Тип товару	Крила чорного ангела Leg Avenue Angel Accessory Kit Black, крила, німб
SO8595	Еротичні костюми	Розмір, Тип товару	Перука Leg Avenue 12″ Neon short bob wig Neon Green
SO8604	Еротичні костюми	Розмір, Тип товару	Блискуча маска кролика Leg Avenue Glitter masquerade rabbit mask Black
SO8622	Еротичні костюми	Розмір	Прикраса для грудей Art of Sex - Night mood
SO8673	Еротичні костюми	Розмір	Прикраса на руку Art of Sex - Wind Rose star, колір Чорний
SO8674	Еротичні костюми	Розмір	Прикраса на тіло Art of Sex - Long Wear з металевою анальною пробкою М
SO8675	Еротичні костюми	Розмір	Чоловіча прикраса Art of Sex - Anri
SO8676	Еротичні костюми	Розмір	Прикраса на руку Art of Sex - Anet, колір Чорний
SO9024	Еротичні костюми	Розмір, Тип товару	Новорічний комплект білизни з помпонами Obsessive Bobble Girl, червоний
SO9090	Еротичні костюми	Тип товару	Пластикова маска кролика Leg Avenue Masquerade Rabbit Mask, чорна, One Size, на резинці
SO9091	Еротичні костюми	Розмір, Тип товару	Хвиляста перука з косим чубчиком Leg Avenue Long Wavy Wig 68 см, коричнева
SO9092	Еротичні костюми	Розмір, Тип товару	Хвиляста перука з косим чубчиком Leg Avenue Long Wavy Wig 68 см, червона
SO9093	Еротичні костюми	Розмір, Тип товару	Широка корона Leg Avenue Die Cut Royal Crown, чорна
SO9094	Еротичні костюми	Розмір, Тип товару	Широка корона Leg Avenue Die Cut Royal Crown, золота
SO9095	Еротичні костюми	Розмір, Тип товару	Коротка перука каре з чубчиком Leg Avenue Short natural bob wig, чорна
SO9102	Еротичні костюми	Розмір, Тип товару	Сорочка бебі-дол Leg Avenue Rose Lace Flair Chemise Black, Queen Size
SO9103	Еротичні костюми	Розмір, Тип товару	Сорочка бебі-дол Leg Avenue Rose Lace Flair Chemise Red, Queen Size
SO9126	Еротичні костюми	Розмір, Тип товару	Еротичний костюм Червоної шапочки Leg Avenue Gothic Red Riding Hood 1X–2X, сукня, накидка
SO9127	Еротичні костюми	Розмір, Тип товару	Еротичний костюм Червоної шапочки Leg Avenue Gothic Red Riding Hood 3X–4X, сукня, накидка
SO9157	Еротичні костюми	Розмір, Тип товару	Еротичний сітчастий бодістокінг Leg Avenue Racer neck bodystocking Black
SO9158	Еротичні костюми	Розмір, Тип товару	Еротичний сітчастий бодістокінг Leg Avenue Racer neck bodystocking Red
SO9175	Еротичні костюми	Розмір, Тип товару	Прикраса-зірочки для тіла Leg Avenue Celeste face jewels sticker, наліпки, світяться у темряві
SO9176	Еротичні костюми	Розмір, Тип товару	Набір страз-прикрас для тіла Leg Avenue Ayla face jewel sticker, наліпки, світяться у темряві
SO9178	Еротичні костюми	Розмір	Стрази-прикраси для тіла Leg Avenue Fluer body jewels sticker, наліпки
SO9179	Еротичні костюми	Розмір	Стрази-прикраси для тіла Leg Avenue Novalie body jewels sticker, наліпки
SO9180	Еротичні костюми	Розмір, Тип товару	Стрази-прикраси для обличчя Leg Avenue Verity face jewels sticker, наліпки
SO9218	Еротичні костюми	Розмір, Тип товару	Костюм Мортіші Аддамс Leg Avenue Sexy Spooky Morticia 1X–2X
SO9219	Еротичні костюми	Розмір, Тип товару	Костюм Мортіші Аддамс Leg Avenue Sexy Spooky Morticia 3X–4X
SO9233	Еротичні костюми	Розмір, Тип товару	Шапка Санти Leg Avenue Long velvet plush Santa hat
SO9286	Еротичні костюми	Розмір, Тип товару	Маска Feral Feelings - Mystery Mask Black
SO9287	Еротичні костюми	Розмір, Тип товару	Маска Feral Feelings - Mystery Mask Trannsparent
SO9288	Еротичні костюми	Розмір, Тип товару	Маска Feral Feelings - Mystery Mask Red Trannsparent
SO9289	Еротичні костюми	Розмір, Тип товару	Маска Feral Feelings - Mystery Mask Red
SO9578	Еротичні костюми	Розмір, Тип товару	Лакована чоловіча пілотка D&A
SO9644	Еротичні костюми	Розмір, Тип товару	Шкіряна маска Зайчика Art of Sex - Bunny mask, колір Чорний
SO9645	Еротичні костюми	Розмір, Тип товару	Шкіряна маска Зайчика Art of Sex - Bunny mask, колір Червоний
SO9646	Еротичні костюми	Розмір, Тип товару	Шкіряна маска Зайчика Art of Sex - Bunny mask, колір Білий
SO9647	Еротичні костюми	Розмір, Тип товару	Шкіряна маска Зайчика Art of Sex - Bunny mask, колір Рожевий
SO9648	Еротичні костюми	Розмір, Тип товару	Шкіряна маска Зайчика Art of Sex - Bunny mask, колір Лавандовий
SO9649	Еротичні костюми	Розмір, Тип товару	Шкіряна маска мишки Art of Sex - Mouse Mask, колір Чорний
SO9650	Еротичні костюми	Розмір, Тип товару	Шкіряна маска мишки Art of Sex - Mouse Mask, колір Червоний
SO9651	Еротичні костюми	Розмір, Тип товару	Шкіряна маска мишки Art of Sex - Mouse Mask, колір Білий
SO9652	Еротичні костюми	Розмір, Тип товару	Шкіряна маска мишки Art of Sex - Mouse Mask, колір Рожевий
SO9653	Еротичні костюми	Розмір, Тип товару	Шкіряна маска мишки Art of Sex - Mouse Mask, колір Лавандовий
SO9813	Еротичні костюми	Розмір, Тип товару	Шкіряна маска Art of Sex - Lucifer Red&Black
SO9842	Еротичні костюми	Розмір	Прикраса на груди з натуральним камінням Art of Sex - Nipple clamps Lava
SO9845	Еротичні костюми	Розмір	Прикраса для сосків зі стразами Art of Sex - Nipple Clamps Queen
SO9977	Еротичні костюми	Розмір	Прикраса на голову Art of Sex - Helena, золото
SX0609	Еротичні костюми	Тип товару	Бодістокінг Obsessive Bodystocking G310, XL/XXL, імітація пояса з панчохами, круглі вирізи на ногах
SX0669	Еротичні костюми	Розмір, Тип товару	Шкіряна маска Art of Sex - Lucifer Black
SX1041	Еротичні костюми	Розмір, Тип товару	Довга блакитна перука Leg Avenue Long straight bang wig Blue, гладенька, 61 см
SX1085	Еротичні костюми	Розмір, Тип товару	Бодістокінг Leg Avenue Off the shoulder bodystocking Black Queen Size
SX1086	Еротичні костюми	Розмір, Тип товару	Бодістокінг Leg Avenue Racer neck bodystocking Black Queen Size
SX1722	Еротичні костюми	інше	Перлинний комплект Leg Avenue Faux Pearl, One Size, ліф, трусики та наручники
SX1728	Еротичні костюми	Розмір, Тип товару	Крила ангела Leg Avenue Marabou Feather Angel Wings, справжнє пір'я
SX1731	Еротичні костюми	Розмір, Тип товару	Костюм монашки-грішниці Leg Avenue Sultry Sinner 1X-2X, сукня, головний убір, комір
SX1846	Еротичні костюми	Розмір, Тип товару	Еротичний костюм зайчика JSY P61101 Plus Size
SX1847	Еротичні костюми	Розмір, Тип товару	Еротичний костюм зайчика JSY P61102 Plus Size
SX1848	Еротичні костюми	Розмір, Тип товару	Еротичний костюм зайчика JSY P61103 Plus Size
SX1849	Еротичні костюми	Розмір, Тип товару	Еротичний костюм покоївки JSY P61106 Plus Size
SX1850	Еротичні костюми	Розмір, Тип товару	Еротичний костюм покоївки JSY P61107 Plus Size
SX1851	Еротичні костюми	Розмір, Тип товару	Еротичний костюм покоївки JSY P61108 Plus Size
SX1852	Еротичні костюми	Розмір, Тип товару	Еротичний костюм покоївки JSY P61110 Plus Size
SX1853	Еротичні костюми	Розмір, Тип товару	Еротичний костюм JSY P61111 Plus Size
SX1854	Еротичні костюми	Розмір, Тип товару	Еротичний костюм JSY P61112 Plus Size
SX1855	Еротичні костюми	Розмір, Тип товару	Еротичний костюм JSY P61113 Plus Size
SX1856	Еротичні костюми	Розмір, Тип товару	Еротичний костюм медсестри JSY P61115 Plus Size
SX1857	Еротичні костюми	Розмір, Тип товару	Еротичний костюм морячки JSY P61118 Plus Size
SX1858	Еротичні костюми	Розмір, Тип товару	Еротичний костюм поліціянтки JSY P61119 Plus Size
SX1859	Еротичні костюми	Розмір, Тип товару	Еротичний костюм поліціянтки JSY P61120 Plus Size
SX1860	Еротичні костюми	Розмір, Тип товару	Еротичний костюм стюардеси JSY P61122 Plus Size
SX1861	Еротичні костюми	Розмір, Тип товару	Еротичний костюм стюардеси JSY P61123 Plus Size
SX1862	Еротичні костюми	Розмір, Тип товару	Еротичний костюм вчительки JSY P61125 Plus Size
SX1863	Еротичні костюми	Розмір, Тип товару	Еротичний костюм вчительки JSY P61126 Plus Size
SX1864	Еротичні костюми	Розмір, Тип товару	Еротичний костюм кішечки JSY P61127 Plus Size
SX1865	Еротичні костюми	Розмір, Тип товару	Еротичний костюм нареченої JSY P61129 Plus Size
SX1866	Еротичні костюми	Розмір, Тип товару	Еротичний костюм монашки JSY P61130 Plus Size
SX1870	Еротичні костюми	Розмір, Тип товару	Сукня JSY P61150 Black Plus Size
SX1871	Еротичні костюми	Розмір, Тип товару	Сукня JSY P61151 Black Plus Size
SX1874	Еротичні костюми	Розмір, Тип товару	Сукня JSY P61155 Black Plus Size
SX1875	Еротичні костюми	Розмір, Тип товару	Сукня JSY P61156 Black Plus Size
SX1877	Еротичні костюми	Розмір, Тип товару	Сукня JSY P61159 Black Plus Size
SX1989	Еротичні костюми	Розмір, Тип товару	Болеро Noir Handmade F349 Tulle bolero - 6XL
SX2097	Еротичні костюми	Розмір, Тип товару	Сукня Noir Handmade F348 Powerwetlook and tulle dress - 6XL
SX2361	Еротичні костюми	Розмір	Намисто з перлин Art of Sex Star
SX2366	Еротичні костюми	Розмір	Прикраса на шию Art of Sex Two Hearts Short
SX2367	Еротичні костюми	Розмір	Прикраса на шию Art of Sex Two Hearts Long
SX2437	Еротичні костюми	Розмір	Прикраса для грудей Art of Sex Milky Way
SX2646	Еротичні костюми	Тип товару	Бодістокінг JSY WW7203 Barbie Pink One Size
SX2647	Еротичні костюми	Тип товару	Бодістокінг JSY WW7203 Black One Size
SX3062	Еротичні костюми	Розмір, Тип товару	Маска Bedroom Fantasies Kinky Kitty Mask
SX3063	Еротичні костюми	Розмір, Тип товару	Маска Bedroom Fantasies Bold Bunny Mask
SX3121	Еротичні костюми	Розмір, Тип товару	Новорічна шапка Санти Obsessive Santastic cap
SX3602	Еротичні костюми	Розмір	Прикраса на груди Obsessive Kisselie jewelry bra
SX3603	Еротичні костюми	Розмір	Прикраса-трусики Obsessive Lyxa jewelry crotchless panties
SX3604	Еротичні костюми	Розмір	Прикраса на груди Obsessive Lyxa jewelry bra
SX3605	Еротичні костюми	Розмір	Прикраса на груди Obsessive Lyxa jewelry cupless bra
SX3731	Еротичні костюми	Розмір, Тип товару	Костюм покоївки JSY 2105
SX3732	Еротичні костюми	Розмір, Тип товару	Костюм поліцейської JSY 2123
SX3733	Еротичні костюми	Розмір, Тип товару	Костюм кішечки JSY 2126
SX3734	Еротичні костюми	Розмір, Тип товару	Костюм кішечки JSY 2127
SX3735	Еротичні костюми	Розмір, Тип товару	Костюм кішечки JSY 2128
SX3789	Еротичні костюми	Розмір	Прикраса на соски Art of Sex - Giulia, колір червоний
SX3790	Еротичні костюми	Розмір	Прикраса на соски Art of Sex - Giulia, колір темно-фіолетовий
SX3791	Еротичні костюми	Розмір	Прикраса на соски Art of Sex - Giulia, колір чорний
SX3792	Еротичні костюми	Розмір	Прикраса на соски Art of Sex - Golden Night, колір білий
SX3793	Еротичні костюми	Розмір	Прикраса на соски Art of Sex - Golden Night, колір чорний
SX3794	Еротичні костюми	Розмір	Прикраса на соски Art of Sex - Piece of Ice
SX3795	Еротичні костюми	Розмір	Прикраса на соски Art of Sex - Silver Day, колір білий
SX3796	Еротичні костюми	Розмір	Прикраса на соски Art of Sex - Silver Day, колір чорний
SX3797	Еротичні костюми	Розмір	Чокер-удавка металевий Art of Sex – Anaconda, золото
SX3798	Еротичні костюми	Розмір	Чокер-удавка металевий Art of Sex – Anaconda, срібло
SX3799	Еротичні костюми	Розмір	Чокер-удавка металевий Art of Sex – Anaconda, чорний
SX4259	Еротичні костюми	Розмір, Тип товару	Бодістокінг Passion BS116 black
SX4260	Еротичні костюми	Розмір, Тип товару	Бодістокінг Passion BS117 black/red
SX4261	Еротичні костюми	Розмір, Тип товару	Бодістокінг Passion BS118 black/red
SX4262	Еротичні костюми	Розмір, Тип товару	Бодістокінг Passion BS119 black
SX4263	Еротичні костюми	Розмір, Тип товару	Бодістокінг Passion BS119 red
SX4264	Еротичні костюми	Розмір, Тип товару	Бодістокінг Passion BS119 white
SX4265	Еротичні костюми	Розмір, Тип товару	Бодістокінг Passion BS120 black
SX4266	Еротичні костюми	Розмір, Тип товару	Бодістокінг Passion BS120 red
SX4267	Еротичні костюми	Розмір, Тип товару	Бодістокінг Passion BS120 white
SX4268	Еротичні костюми	Розмір, Тип товару	Бодістокінг Passion BS121 black
SX4269	Еротичні костюми	Розмір, Тип товару	Бодістокінг Passion BS121 red
SX4270	Еротичні костюми	Розмір, Тип товару	Бодістокінг Passion BS121 white
SX4271	Еротичні костюми	Розмір, Тип товару	Бодістокінг Passion BS122 black
SX4272	Еротичні костюми	Розмір, Тип товару	Бодістокінг Passion BS122 red
SX4273	Еротичні костюми	Розмір, Тип товару	Бодістокінг Passion BS122 white
SX4274	Еротичні костюми	Розмір, Тип товару	Бодістокінг Passion BS123 black
SX4275	Еротичні костюми	Розмір, Тип товару	Бодістокінг Passion BS123 red
SX4276	Еротичні костюми	Розмір, Тип товару	Бодістокінг Passion BS123 white
SX4277	Еротичні костюми	Розмір, Тип товару	Бодістокінг Passion BS124 black
SX4278	Еротичні костюми	Розмір, Тип товару	Бодістокінг Passion BS124 red
SX4279	Еротичні костюми	Розмір, Тип товару	Бодістокінг Passion BS124 white
SX4280	Еротичні костюми	Розмір, Тип товару	Бодістокінг Passion BS125 black
SX4281	Еротичні костюми	Розмір, Тип товару	Бодістокінг Passion BS125 red
SX4282	Еротичні костюми	Розмір, Тип товару	Бодістокінг Passion BS125 white
