score,sku,url,reason
4,SX0487,https://sexopt.com.ua/content/images/44/sx0487-56812877743938.jpg,"перше фото — скан упаковки; найменше фото в картці"
4,SX0486,https://sexopt.com.ua/content/images/43/sx0486-83904228155024.jpg,"перше фото — скан упаковки; найменше фото в картці"
4,SX0485,https://sexopt.com.ua/content/images/42/sx0485-26167203951987.jpg,"перше фото — скан упаковки; найменше фото в картці"
3,SX4185,https://sexopt.com.ua/content/images/9/sx4185-50515480541811.jpg,"інші пропорції (0.65 проти 0.84); найменше фото в картці"
3,SX4184,https://sexopt.com.ua/content/images/8/sx4184-71077784207932.jpg,"інші пропорції (0.65 проти 0.84); найменше фото в картці"
3,SX4183,https://sexopt.com.ua/content/images/7/sx4183-15544599963508.jpg,"інші пропорції (0.65 проти 0.84); найменше фото в картці"
3,SX4182,https://sexopt.com.ua/content/images/6/sx4182-39689082801455.jpg,"інші пропорції (0.65 проти 0.84); найменше фото в картці"
3,SX3746,https://sexopt.com.ua/content/images/15/sx3746-68195060919094.jpg,"інші пропорції (0.67 проти 0.89); найменше фото в картці"
3,SX3594,https://sexopt.com.ua/content/images/11/sx3594-75441397030708.jpg,"інші пропорції (1.00 проти 1.15); найменше фото в картці"
3,SX3593,https://sexopt.com.ua/content/images/10/sx3593-69027465226361.jpg,"інші пропорції (1.00 проти 1.15); найменше фото в картці"
3,SX3592,https://sexopt.com.ua/content/images/9/sx3592-37045748212469.jpg,"інші пропорції (1.00 проти 1.15); найменше фото в картці"
3,SX3319,https://sexopt.com.ua/content/images/14/sx3319-80742461759849.jpg,"інші пропорції (1.00 проти 1.16); найменше фото в картці"
3,SX2892,https://sexopt.com.ua/content/images/15/sx2892-74644704629707.jpg,"інші пропорції (0.32 проти 0.66); найменше фото в картці"
3,SX2578,https://sexopt.com.ua/content/images/45/sx2578-75525561177339.jpg,"інші пропорції (0.75 проти 0.96); найменше фото в картці"
3,SX2577,https://sexopt.com.ua/content/images/44/sx2577-63075193893374.jpg,"інші пропорції (0.75 проти 0.96); найменше фото в картці"
3,SX2511,https://sexopt.com.ua/content/images/30/sx2511-84838395205763.jpg,"інші пропорції (0.67 проти 0.83); найменше фото в картці"
3,SX2510,https://sexopt.com.ua/content/images/29/sx2510-81344791387391.jpg,"інші пропорції (0.67 проти 0.83); найменше фото в картці"
3,SX2509,https://sexopt.com.ua/content/images/28/sx2509-71774577462184.jpg,"інші пропорції (0.67 проти 0.83); найменше фото в картці"
3,SX2508,https://sexopt.com.ua/content/images/27/sx2508-84673696333325.jpg,"інші пропорції (0.67 проти 0.83); найменше фото в картці"
3,SX2505,https://sexopt.com.ua/content/images/24/sx2505-41469682607816.jpg,"інші пропорції (0.67 проти 0.83); найменше фото в картці"
3,SX2504,https://sexopt.com.ua/content/images/23/sx2504-94682603281509.jpg,"інші пропорції (0.67 проти 0.83); найменше фото в картці"
3,SX2503,https://sexopt.com.ua/content/images/22/sx2503-15808985242114.jpg,"інші пропорції (0.67 проти 0.83); найменше фото в картці"
3,SX2502,https://sexopt.com.ua/content/images/21/sx2502-54275396334724.jpg,"інші пропорції (0.67 проти 0.83); найменше фото в картці"
3,SX2501,https://sexopt.com.ua/content/images/20/sx2501-47960982869672.jpg,"інші пропорції (0.67 проти 0.83); найменше фото в картці"
3,SX2500,https://sexopt.com.ua/content/images/19/sx2500-75179988441042.jpg,"інші пропорції (0.67 проти 0.83); найменше фото в картці"
3,SX2499,https://sexopt.com.ua/content/images/18/sx2499-71793450933514.jpg,"інші пропорції (0.67 проти 0.83); найменше фото в картці"
3,SX2498,https://sexopt.com.ua/content/images/17/sx2498-37829512290312.jpg,"інші пропорції (0.67 проти 0.83); найменше фото в картці"
3,SX2497,https://sexopt.com.ua/content/images/16/sx2497-66505070139609.jpg,"інші пропорції (0.67 проти 0.83); найменше фото в картці"
3,SX2494,https://sexopt.com.ua/content/images/13/sx2494-26980310268733.jpg,"інші пропорції (0.67 проти 0.83); найменше фото в картці"
3,SX2493,https://sexopt.com.ua/content/images/12/sx2493-24106766644619.jpg,"інші пропорції (0.67 проти 0.83); найменше фото в картці"
3,SX2492,https://sexopt.com.ua/content/images/11/sx2492-49249239698263.jpg,"інші пропорції (0.67 проти 0.83); найменше фото в картці"
3,SX2491,https://sexopt.com.ua/content/images/10/sx2491-64568807821455.jpg,"інші пропорції (0.67 проти 0.83); найменше фото в картці"
3,SX2490,https://sexopt.com.ua/content/images/9/sx2490-18107902017554.jpg,"інші пропорції (0.67 проти 0.83); найменше фото в картці"
3,SX2489,https://sexopt.com.ua/content/images/8/sx2489-59592129620213.jpg,"інші пропорції (0.67 проти 0.83); найменше фото в картці"
3,SX2488,https://sexopt.com.ua/content/images/7/sx2488-88197508223212.jpg,"інші пропорції (0.67 проти 0.83); найменше фото в картці"
3,SX2487,https://sexopt.com.ua/content/images/6/sx2487-69144644026282.jpg,"інші пропорції (0.67 проти 0.83); найменше фото в картці"
3,SX1839,https://sexopt.com.ua/content/images/16/sx1839-43462722609813.jpg,"інші пропорції (1.00 проти 0.79); найменше фото в картці"
3,SX1838,https://sexopt.com.ua/content/images/15/sx1838-64286808067168.jpg,"інші пропорції (1.00 проти 0.79); найменше фото в картці"
3,SX1815,https://sexopt.com.ua/content/images/9/sx1815-84160565447949.jpg,"інші пропорції (1.00 проти 0.82); найменше фото в картці"
3,SX0497,https://sexopt.com.ua/content/images/40/sx0497-85820498388141.jpg,"інші пропорції (0.67 проти 0.94); найменше фото в картці"
3,SX0040,https://sexopt.com.ua/content/images/17/sx0040-71221760911278.jpg,"інші пропорції (0.53 проти 0.91); найменше фото в картці"
3,SX0039,https://sexopt.com.ua/content/images/22/sx0039-20801329503591.jpg,"інші пропорції (0.53 проти 0.91); найменше фото в картці"
3,SX0038,https://sexopt.com.ua/content/images/21/sx0038-57800270695770.jpg,"інші пропорції (0.53 проти 0.91); найменше фото в картці"
3,SX0037,https://sexopt.com.ua/content/images/18/sx0037-17239430419227.jpg,"інші пропорції (0.53 проти 0.91); найменше фото в картці"
3,SX0036,https://sexopt.com.ua/content/images/19/sx0036-72724243612846.jpg,"інші пропорції (0.53 проти 0.91); найменше фото в картці"
3,SX0035,https://sexopt.com.ua/content/images/20/sx0035-64026847215500.jpg,"інші пропорції (0.53 проти 0.91); найменше фото в картці"
3,SO9600,https://sexopt.com.ua/content/images/22/44251699382513.jpg,"інші пропорції (1.00 проти 1.45); найменше фото в картці"
3,SO9599,https://sexopt.com.ua/content/images/21/59115754183162.jpg,"інші пропорції (1.00 проти 1.45); найменше фото в картці"
3,SO9597,https://sexopt.com.ua/content/images/17/15291062739281.jpg,"інші пропорції (1.00 проти 1.45); найменше фото в картці"
3,SO9348,https://sexopt.com.ua/content/images/33/88805884224626.jpg,"інші пропорції (0.80 проти 1.06); найменше фото в картці"
3,SO7965,https://sexopt.com.ua/content/images/18/so7965-52952081798181.jpg,"перше фото — скан упаковки"
3,SO6975,https://sexopt.com.ua/content/images/6/91526251883711.jpg,"інші пропорції (0.80 проти 1.06); найменше фото в картці"
3,SO5308,http://sexopt.com.ua/content/images/36/so5308-55158612029741.jpg,"інші пропорції (1.00 проти 1.45); найменше фото в картці"
3,SO5307,http://sexopt.com.ua/content/images/34/so5307-53652906602987.jpg,"інші пропорції (1.00 проти 1.45); найменше фото в картці"
3,SO5306,http://sexopt.com.ua/content/images/32/so5306-87834113329375.jpg,"інші пропорції (1.00 проти 1.45); найменше фото в картці"
3,SO5291,http://sexopt.com.ua/content/images/19/so5291-30683562593104.jpg,"інші пропорції (1.00 проти 1.45); найменше фото в картці"
3,SO5287,http://sexopt.com.ua/content/images/31/so5287-38550307325966.jpg,"інші пропорції (1.00 проти 1.45); найменше фото в картці"
3,SO5286,http://sexopt.com.ua/content/images/29/so5286-72418782393621.jpg,"інші пропорції (1.00 проти 1.45); найменше фото в картці"
3,SO5267,http://sexopt.com.ua/content/images/17/so5267-91618723397658.jpg,"інші пропорції (1.00 проти 1.45); найменше фото в картці"
3,SO5263,http://sexopt.com.ua/content/images/28/so5263-95120478375404.jpg,"інші пропорції (1.00 проти 1.45); найменше фото в картці"
3,SO5247,http://sexopt.com.ua/content/images/42/so5247-47865284044031.jpg,"інші пропорції (1.00 проти 1.45); найменше фото в картці"
3,SO5246,http://sexopt.com.ua/content/images/40/so5246-93273468297824.jpg,"інші пропорції (1.00 проти 1.45); найменше фото в картці"
3,SO5245,http://sexopt.com.ua/content/images/39/so5245-18674931840121.jpg,"інші пропорції (1.00 проти 1.45); найменше фото в картці"
3,SO5244,http://sexopt.com.ua/content/images/37/so5244-33223096600550.jpg,"інші пропорції (1.00 проти 1.45); найменше фото в картці"
3,SO4897,http://sexopt.com.ua/content/images/46/so4897-44774691937019.jpg,"інші пропорції (1.00 проти 0.80); найменше фото в картці"
3,SO4383,http://sexopt.com.ua/content/images/18/so4383-16343231968413.jpg,"інші пропорції (1.00 проти 1.45); найменше фото в картці"
3,SO4381,http://sexopt.com.ua/content/images/27/so4381-81802657121403.jpg,"інші пропорції (1.00 проти 1.45); найменше фото в картці"
3,SO4380,https://sexopt.com.ua/content/images/35/so4380-72534674085374.jpg,"інші пропорції (1.00 проти 1.45); найменше фото в картці"
3,SO4379,https://sexopt.com.ua/content/images/16/33926724561808.jpg,"інші пропорції (1.00 проти 1.45); найменше фото в картці"
3,SO4378,http://sexopt.com.ua/content/images/33/so4378-68681850284355.jpg,"інші пропорції (1.00 проти 1.45); найменше фото в картці"
3,SO4377,http://sexopt.com.ua/content/images/30/so4377-45486092703994.jpg,"інші пропорції (1.00 проти 1.45); найменше фото в картці"
3,SO4370,http://sexopt.com.ua/content/images/41/so4370-30252326315357.jpg,"інші пропорції (1.00 проти 1.45); найменше фото в картці"
3,SO4369,http://sexopt.com.ua/content/images/38/so4369-20491067842582.jpg,"інші пропорції (1.00 проти 1.45); найменше фото в картці"
3,SO3914,https://sexopt.com.ua/content/images/12/30760313642077.jpg,"інші пропорції (0.80 проти 1.06); найменше фото в картці"
3,SO3913,https://sexopt.com.ua/content/images/11/28928713041270.jpg,"інші пропорції (0.80 проти 1.06); найменше фото в картці"
3,SO3912,https://sexopt.com.ua/content/images/10/so3912-16657917935294.jpg,"інші пропорції (0.80 проти 1.06); найменше фото в картці"
3,SO3905,https://sexopt.com.ua/content/images/46/so3905-49757966385693.jpg,"інші пропорції (0.80 проти 1.06); найменше фото в картці"
3,SO3904,https://sexopt.com.ua/content/images/45/so3904-31838678615051.jpg,"інші пропорції (0.80 проти 1.06); найменше фото в картці"
3,SO3903,https://sexopt.com.ua/content/images/44/so3903-53609018466230.jpg,"інші пропорції (0.80 проти 1.06); найменше фото в картці"
3,SO3712,https://sexopt.com.ua/content/images/21/so3712-94784022334681.jpg,"інші пропорції (0.67 проти 1.00); найменше фото в картці"
3,SO3485,https://sexopt.com.ua/content/images/37/70725184604845.jpg,"інші пропорції (0.80 проти 1.06); найменше фото в картці"
3,SO2703,http://sexopt.com.ua/content/images/16/so2703-16653003098308.jpg,"інші пропорції (1.00 проти 0.81); найменше фото в картці"
3,SO2365,https://sexopt.com.ua/content/images/21/so2365-55328323856250.jpg,"інші пропорції (1.33 проти 1.00); найменше фото в картці"
3,SO1951,http://sexopt.com.ua/content/images/46/so1951-60373091402749.jpg,"інші пропорції (0.67 проти 1.44); найменше фото в картці"
3,SO1950,http://sexopt.com.ua/content/images/45/so1950-43975045842573.jpg,"інші пропорції (0.67 проти 1.44); найменше фото в картці"
3,SO1949,http://sexopt.com.ua/content/images/44/so1949-84312300552735.jpg,"інші пропорції (0.67 проти 1.44); найменше фото в картці"
3,SO1947,http://sexopt.com.ua/content/images/42/so1947-13996420790047.jpg,"інші пропорції (0.67 проти 1.44); найменше фото в картці"
3,SO1946,http://sexopt.com.ua/content/images/41/so1946-50495226389097.jpg,"інші пропорції (0.67 проти 1.44); найменше фото в картці"
3,SO1945,http://sexopt.com.ua/content/images/40/so1945-57798820349191.jpg,"інші пропорції (0.67 проти 1.44); найменше фото в картці"
3,SO1944,http://sexopt.com.ua/content/images/39/so1944-65303372498214.jpg,"інші пропорції (0.67 проти 1.44); найменше фото в картці"
3,SO1943,http://sexopt.com.ua/content/images/38/so1943-66256570573621.jpg,"інші пропорції (0.67 проти 1.44); найменше фото в картці"
3,SO1942,http://sexopt.com.ua/content/images/36/so1942-69558202884374.jpg,"інші пропорції (0.67 проти 1.44); найменше фото в картці"
3,SO1941,http://sexopt.com.ua/content/images/35/so1941-75536737114185.jpg,"інші пропорції (0.67 проти 1.44); найменше фото в картці"
3,SO1940,http://sexopt.com.ua/content/images/34/so1940-93721699039057.jpg,"інші пропорції (0.67 проти 1.44); найменше фото в картці"
3,SO1939,http://sexopt.com.ua/content/images/33/so1939-26858231207298.jpg,"інші пропорції (0.67 проти 1.44); найменше фото в картці"
3,SO1928,http://sexopt.com.ua/content/images/23/so1928-34292160237548.jpg,"інші пропорції (0.67 проти 1.44); найменше фото в картці"
3,SO1927,http://sexopt.com.ua/content/images/22/so1927-74097764387779.jpg,"інші пропорції (0.67 проти 1.44); найменше фото в картці"
3,SO1926,http://sexopt.com.ua/content/images/21/so1926-34054945528055.jpg,"інші пропорції (0.67 проти 1.44); найменше фото в картці"
3,SO1925,http://sexopt.com.ua/content/images/20/so1925-38875296401732.jpg,"інші пропорції (0.67 проти 1.44); найменше фото в картці"
3,SO1924,http://sexopt.com.ua/content/images/19/so1924-98312068210579.jpg,"інші пропорції (0.67 проти 1.44); найменше фото в картці"
3,SO1923,http://sexopt.com.ua/content/images/18/so1923-92321128171762.jpg,"інші пропорції (0.67 проти 1.44); найменше фото в картці"
3,SO1922,http://sexopt.com.ua/content/images/17/so1922-84283956952281.jpg,"інші пропорції (0.67 проти 1.44); найменше фото в картці"
3,SO1921,http://sexopt.com.ua/content/images/16/so1921-63631470350233.jpg,"інші пропорції (0.67 проти 1.44); найменше фото в картці"
3,SO1920,http://sexopt.com.ua/content/images/15/so1920-95255805725486.jpg,"інші пропорції (0.67 проти 1.44); найменше фото в картці"
3,SO1919,http://sexopt.com.ua/content/images/14/so1919-96506112783852.jpg,"інші пропорції (0.67 проти 1.44); найменше фото в картці"
3,SO1918,http://sexopt.com.ua/content/images/13/so1918-63549794621365.jpg,"інші пропорції (0.67 проти 1.44); найменше фото в картці"
3,SO1917,http://sexopt.com.ua/content/images/12/so1917-61801688616251.jpg,"інші пропорції (0.67 проти 1.44); найменше фото в картці"
3,SO1916,http://sexopt.com.ua/content/images/11/so1916-89300126957143.jpg,"інші пропорції (0.67 проти 1.44); найменше фото в картці"
3,SO1915,http://sexopt.com.ua/content/images/10/so1915-69316795241414.jpg,"інші пропорції (0.67 проти 1.44); найменше фото в картці"
3,SO1914,http://sexopt.com.ua/content/images/9/so1914-25806837694988.jpg,"інші пропорції (0.67 проти 1.44); найменше фото в картці"
3,SO1913,http://sexopt.com.ua/content/images/8/so1913-20922951573917.jpg,"інші пропорції (0.67 проти 1.44); найменше фото в картці"
3,SO1912,http://sexopt.com.ua/content/images/7/so1912-69468394515982.jpg,"інші пропорції (0.67 проти 1.44); найменше фото в картці"
3,SO1911,http://sexopt.com.ua/content/images/6/so1911-69319519334601.jpg,"інші пропорції (0.67 проти 1.44); найменше фото в картці"
3,SO1910,http://sexopt.com.ua/content/images/5/so1910-62702225326819.jpg,"інші пропорції (0.67 проти 1.44); найменше фото в картці"
3,SO1909,http://sexopt.com.ua/content/images/4/so1909-93096712156387.jpg,"інші пропорції (0.67 проти 1.44); найменше фото в картці"
3,SO1908,http://sexopt.com.ua/content/images/3/so1908-69689479560526.jpg,"інші пропорції (0.67 проти 1.44); найменше фото в картці"
3,SO1907,http://sexopt.com.ua/content/images/2/so1907-25952041141712.jpg,"інші пропорції (0.67 проти 1.44); найменше фото в картці"
3,SO1906,http://sexopt.com.ua/content/images/1/so1906-36435637482864.jpg,"інші пропорції (0.67 проти 1.44); найменше фото в картці"
3,SO1904,http://sexopt.com.ua/content/images/37/so1904-98124113511621.jpg,"інші пропорції (0.67 проти 1.00); найменше фото в картці"
3,SO1901,https://sexopt.com.ua/content/images/35/so1901-85401007800259.jpg,"інші пропорції (0.67 проти 1.00); найменше фото в картці"
3,SO1899,http://sexopt.com.ua/content/images/34/so1899-27415940699650.jpg,"інші пропорції (0.67 проти 1.00); найменше фото в картці"
3,PS21906,https://sexopt.com.ua/content/images/6/ps21906-46249904623082.jpg,"інші пропорції (1.00 проти 0.81); найменше фото в картці"
3,PS21905,https://sexopt.com.ua/content/images/4/ps21905-73146217707304.jpg,"інші пропорції (1.00 проти 0.81); найменше фото в картці"
3,PS21904,https://sexopt.com.ua/content/images/5/ps21904-41139465543826.jpg,"інші пропорції (1.00 проти 0.81); найменше фото в картці"
3,PS21903,https://sexopt.com.ua/content/images/3/ps21903-68953200426778.jpg,"інші пропорції (1.00 проти 0.81); найменше фото в картці"
3,PS21902,https://sexopt.com.ua/content/images/1/ps21902-65647200080747.jpg,"інші пропорції (1.00 проти 0.81); найменше фото в картці"
3,PS21901,https://sexopt.com.ua/content/images/2/ps21901-80129854106497.jpg,"інші пропорції (1.00 проти 0.81); найменше фото в картці"
3,EL11203,https://sexopt.com.ua/content/images/40/el11203-40460853085409.jpg,"інші пропорції (1.00 проти 0.81); найменше фото в картці"
3,EL11202,https://sexopt.com.ua/content/images/38/el11202-29670668768955.jpg,"інші пропорції (1.00 проти 0.81); найменше фото в картці"
3,EL11201,https://sexopt.com.ua/content/images/39/el11201-58831075921047.jpg,"інші пропорції (1.00 проти 0.81); найменше фото в картці"
2,SX4228,https://sexopt.com.ua/content/images/2/sx4228-62688202503296.jpg,"інші пропорції (0.68 проти 0.94)"
2,SX4227,https://sexopt.com.ua/content/images/1/sx4227-70189267959498.jpg,"інші пропорції (0.68 проти 0.94)"
2,SX4226,https://sexopt.com.ua/content/images/50/sx4226-79309006533578.jpg,"інші пропорції (0.68 проти 0.94)"
2,SX4225,https://sexopt.com.ua/content/images/49/sx4225-68245969487478.jpg,"інші пропорції (0.68 проти 0.94)"
2,SX4224,https://sexopt.com.ua/content/images/48/sx4224-90053187406810.jpg,"інші пропорції (0.68 проти 0.94)"
2,SX4223,https://sexopt.com.ua/content/images/47/sx4223-82009638797271.jpg,"інші пропорції (0.68 проти 0.94)"
2,SX4222,https://sexopt.com.ua/content/images/46/sx4222-89259451114659.jpg,"інші пропорції (0.68 проти 0.94)"
2,SX4200,https://sexopt.com.ua/content/images/24/sx4200-20946561314825.jpg,"інші пропорції (0.63 проти 0.79)"
2,SX4199,https://sexopt.com.ua/content/images/23/sx4199-19119589336504.jpg,"інші пропорції (0.63 проти 0.79)"
2,SX4198,https://sexopt.com.ua/content/images/22/sx4198-15709029475123.jpg,"інші пропорції (0.63 проти 0.79)"
2,SX4197,https://sexopt.com.ua/content/images/21/sx4197-15989269433124.jpg,"інші пропорції (0.63 проти 0.79)"
2,SX4181,https://sexopt.com.ua/content/images/5/sx4181-51384896300837.jpg,"інші пропорції (0.65 проти 0.82)"
2,SX4180,https://sexopt.com.ua/content/images/4/sx4180-31370324006101.jpg,"інші пропорції (0.65 проти 0.82)"
2,SX4179,https://sexopt.com.ua/content/images/3/sx4179-42171789480794.jpg,"інші пропорції (0.65 проти 0.82)"
2,SX4178,https://sexopt.com.ua/content/images/2/sx4178-49068099959345.jpg,"інші пропорції (0.65 проти 0.82)"
2,SX4177,https://sexopt.com.ua/content/images/1/sx4177-42940347098672.jpg,"інші пропорції (0.65 проти 0.82)"
2,SX4067,https://sexopt.com.ua/content/images/41/sx4067-73185989443507.jpg,"інші пропорції (0.55 проти 0.77)"
2,SX4066,https://sexopt.com.ua/content/images/40/sx4066-75864270658398.jpg,"інші пропорції (0.55 проти 0.77)"
2,SX4065,https://sexopt.com.ua/content/images/39/sx4065-36904518520163.jpg,"інші пропорції (0.55 проти 0.77)"
2,SX4064,https://sexopt.com.ua/content/images/38/sx4064-81264567034605.jpg,"інші пропорції (0.55 проти 0.77)"
2,SX4063,https://sexopt.com.ua/content/images/37/sx4063-25623827798182.jpg,"інші пропорції (0.55 проти 0.77)"
2,SX3616,https://sexopt.com.ua/content/images/33/sx3616-33145940376971.jpg,"інші пропорції (0.80 проти 1.04)"
2,SX3615,https://sexopt.com.ua/content/images/32/sx3615-12450885500604.jpg,"інші пропорції (0.80 проти 1.04)"
2,SX3614,https://sexopt.com.ua/content/images/31/sx3614-15439557911406.jpg,"інші пропорції (0.80 проти 1.04)"
2,SX3613,https://sexopt.com.ua/content/images/30/sx3613-22726601565247.jpg,"інші пропорції (0.80 проти 1.12)"
2,SX3612,https://sexopt.com.ua/content/images/29/sx3612-91551142579867.jpg,"інші пропорції (0.80 проти 1.12)"
2,SX3611,https://sexopt.com.ua/content/images/28/sx3611-76960566340481.jpg,"інші пропорції (0.80 проти 1.12)"
2,SX3610,https://sexopt.com.ua/content/images/27/sx3610-52781534478461.jpg,"інші пропорції (0.80 проти 1.04)"
2,SX3609,https://sexopt.com.ua/content/images/26/sx3609-67898054148197.jpg,"інші пропорції (0.80 проти 1.04)"
2,SX3608,https://sexopt.com.ua/content/images/25/sx3608-74427607757038.jpg,"інші пропорції (0.80 проти 1.04)"
2,SX3607,https://sexopt.com.ua/content/images/24/sx3607-70410832406738.jpg,"інші пропорції (0.80 проти 0.97)"
2,SX3606,https://sexopt.com.ua/content/images/23/sx3606-19381738335340.jpg,"інші пропорції (0.80 проти 0.97)"
2,SX3588,https://sexopt.com.ua/content/images/5/sx3588-12751313373579.jpg,"інші пропорції (0.80 проти 1.12)"
2,SX3587,https://sexopt.com.ua/content/images/4/sx3587-31496808766150.jpg,"інші пропорції (0.80 проти 1.12)"
2,SX3586,https://sexopt.com.ua/content/images/3/sx3586-39714485514002.jpg,"інші пропорції (0.80 проти 1.12)"
2,SX3585,https://sexopt.com.ua/content/images/2/sx3585-31972378946963.jpg,"інші пропорції (0.80 проти 0.99)"
2,SX3584,https://sexopt.com.ua/content/images/1/sx3584-86096590359126.jpg,"інші пропорції (0.80 проти 0.99)"
2,SX3583,https://sexopt.com.ua/content/images/50/sx3583-52539633973223.jpg,"інші пропорції (0.80 проти 0.99)"
2,SX3582,https://sexopt.com.ua/content/images/49/sx3582-67747888208611.jpg,"інші пропорції (0.80 проти 0.99)"
2,SX3581,https://sexopt.com.ua/content/images/48/sx3581-40035254772212.jpg,"інші пропорції (0.80 проти 0.99)"
2,SX3580,https://sexopt.com.ua/content/images/47/sx3580-34920606448769.jpg,"інші пропорції (0.80 проти 0.99)"
2,SX3579,https://sexopt.com.ua/content/images/46/sx3579-68831170849025.jpg,"інші пропорції (0.80 проти 0.99)"
2,SX3578,https://sexopt.com.ua/content/images/45/sx3578-17614830907045.jpg,"інші пропорції (0.80 проти 0.99)"
2,SX3577,https://sexopt.com.ua/content/images/44/sx3577-36204009947760.jpg,"інші пропорції (0.80 проти 0.99)"
2,SX3576,https://sexopt.com.ua/content/images/43/sx3576-58463600611055.jpg,"інші пропорції (0.80 проти 0.99)"
2,SX3575,https://sexopt.com.ua/content/images/42/sx3575-76941193785130.jpg,"інші пропорції (0.80 проти 0.99)"
2,SX3574,https://sexopt.com.ua/content/images/41/sx3574-76670852096342.jpg,"інші пропорції (0.80 проти 0.99)"
2,SX3573,https://sexopt.com.ua/content/images/40/sx3573-96349132197368.jpg,"інші пропорції (0.80 проти 1.04)"
2,SX3572,https://sexopt.com.ua/content/images/39/sx3572-14036093688923.jpg,"інші пропорції (0.80 проти 1.04)"
2,SX3562,https://sexopt.com.ua/content/images/29/sx3562-16161661644613.jpg,"інші пропорції (0.80 проти 0.99)"
2,SX3560,https://sexopt.com.ua/content/images/27/sx3560-60225090856328.jpg,"інші пропорції (0.80 проти 0.96)"
2,SX3559,https://sexopt.com.ua/content/images/26/sx3559-48819224795278.jpg,"інші пропорції (0.80 проти 0.96)"
2,SX3558,https://sexopt.com.ua/content/images/25/sx3558-47826222366640.jpg,"інші пропорції (0.80 проти 0.96)"
2,SX3557,https://sexopt.com.ua/content/images/24/sx3557-20865869339575.jpg,"інші пропорції (0.80 проти 0.96)"
2,SX3556,https://sexopt.com.ua/content/images/23/sx3556-66684628451586.jpg,"інші пропорції (0.80 проти 0.96)"
2,SX3555,https://sexopt.com.ua/content/images/22/sx3555-68023037900742.jpg,"інші пропорції (0.80 проти 0.96)"
2,SX2877,https://sexopt.com.ua/content/images/2/sx2877-77454082461491.jpg,"інші пропорції (0.85 проти 0.51)"
2,SX2876,https://sexopt.com.ua/content/images/1/sx2876-23752162519323.jpg,"інші пропорції (0.78 проти 0.51)"
2,SX2642,https://sexopt.com.ua/content/images/21/sx2642-18332440192975.jpg,"інші пропорції (1.00 проти 0.75)"
2,SX2584,https://sexopt.com.ua/content/images/1/sx2584-76855353853801.jpg,"інші пропорції (0.80 проти 1.04)"
2,SX2583,https://sexopt.com.ua/content/images/50/sx2583-16928175105711.jpg,"інші пропорції (0.80 проти 1.04)"
2,SX2582,https://sexopt.com.ua/content/images/49/sx2582-86849602977648.jpg,"інші пропорції (0.80 проти 1.04)"
2,SX2580,https://sexopt.com.ua/content/images/47/sx2580-62991984126558.jpg,"інші пропорції (0.80 проти 0.99)"
2,SX2579,https://sexopt.com.ua/content/images/46/sx2579-70357803615108.jpg,"інші пропорції (0.80 проти 0.99)"
2,SX2127,https://sexopt.com.ua/content/images/6/sx2127-81120856265512.jpg,"інші пропорції (0.68 проти 0.86)"
2,SX2126,https://sexopt.com.ua/content/images/11/sx2126-64707190289443.jpg,"інші пропорції (0.68 проти 0.86)"
2,SX2125,https://sexopt.com.ua/content/images/10/sx2125-91603634875906.jpg,"інші пропорції (0.68 проти 0.86)"
2,SX2124,https://sexopt.com.ua/content/images/9/sx2124-14961001589334.jpg,"інші пропорції (0.68 проти 0.86)"
2,SX2123,https://sexopt.com.ua/content/images/8/sx2123-54303607849847.jpg,"інші пропорції (0.68 проти 0.86)"
2,SX2122,https://sexopt.com.ua/content/images/7/sx2122-90006703692948.jpg,"інші пропорції (0.68 проти 0.86)"
2,SX2028,https://sexopt.com.ua/content/images/5/sx2028-95114122788984.jpg,"інші пропорції (0.68 проти 0.85)"
2,SX2027,https://sexopt.com.ua/content/images/10/sx2027-54686743262735.jpg,"інші пропорції (0.68 проти 0.85)"
2,SX2026,https://sexopt.com.ua/content/images/9/sx2026-50280510995057.jpg,"інші пропорції (0.68 проти 0.85)"
2,SX2025,https://sexopt.com.ua/content/images/8/sx2025-23644850246064.jpg,"інші пропорції (0.68 проти 0.85)"
2,SX2024,https://sexopt.com.ua/content/images/7/sx2024-12237875070697.jpg,"інші пропорції (0.68 проти 0.85)"
2,SX2023,https://sexopt.com.ua/content/images/6/sx2023-47110509747344.jpg,"інші пропорції (0.68 проти 0.85)"
2,SX2013,https://sexopt.com.ua/content/images/34/sx2013-68721875744229.jpg,"інші пропорції (0.61 проти 0.77)"
2,SX2012,https://sexopt.com.ua/content/images/39/sx2012-30891601107228.jpg,"інші пропорції (0.61 проти 0.77)"
2,SX2011,https://sexopt.com.ua/content/images/38/sx2011-86574505970505.jpg,"інші пропорції (0.61 проти 0.77)"
2,SX2010,https://sexopt.com.ua/content/images/37/sx2010-28036985054338.jpg,"інші пропорції (0.61 проти 0.77)"
2,SX2009,https://sexopt.com.ua/content/images/36/sx2009-20748415945389.jpg,"інші пропорції (0.61 проти 0.77)"
2,SX2008,https://sexopt.com.ua/content/images/35/sx2008-51820198652736.jpg,"інші пропорції (0.61 проти 0.77)"
2,SX1837,https://sexopt.com.ua/content/images/27/sx1837-59575431697760.jpg,"інші пропорції (1.00 проти 0.79)"
2,SX1824,https://sexopt.com.ua/content/images/14/sx1824-55896513628641.jpg,"інші пропорції (1.00 проти 0.84)"
2,SX1823,https://sexopt.com.ua/content/images/13/sx1823-41095668572686.jpg,"інші пропорції (1.00 проти 0.84)"
2,SX1820,https://sexopt.com.ua/content/images/14/sx1820-90927017476584.jpg,"інші пропорції (0.78 проти 0.96)"
2,SX1239,https://sexopt.com.ua/content/images/24/62425429861780.jpg,"інші пропорції (0.75 проти 0.94)"
2,SX1238,https://sexopt.com.ua/content/images/23/47865124586215.jpg,"інші пропорції (0.75 проти 0.94)"
2,SX1237,https://sexopt.com.ua/content/images/22/sx1237-93402493598915.jpg,"інші пропорції (0.75 проти 0.94)"
2,SX1200,https://sexopt.com.ua/content/images/7/sx1200-68478602102582.jpg,"інші пропорції (0.80 проти 0.97)"
2,SX1180,https://sexopt.com.ua/content/images/42/sx1180-47119231836595.jpg,"інші пропорції (0.80 проти 1.12)"
2,SX1179,https://sexopt.com.ua/content/images/41/sx1179-64083858093661.jpg,"інші пропорції (0.80 проти 1.12)"
2,SX1178,https://sexopt.com.ua/content/images/43/sx1178-43339033902906.jpg,"інші пропорції (0.80 проти 1.12)"
2,SX1177,https://sexopt.com.ua/content/images/39/sx1177-38258040252429.jpg,"інші пропорції (0.80 проти 1.12)"
2,SX1176,https://sexopt.com.ua/content/images/38/sx1176-89517154507029.jpg,"інші пропорції (0.80 проти 1.12)"
2,SX1175,https://sexopt.com.ua/content/images/40/sx1175-87653778630848.jpg,"інші пропорції (0.80 проти 1.12)"
2,SX1174,https://sexopt.com.ua/content/images/36/sx1174-15994052521720.jpg,"інші пропорції (0.80 проти 1.12)"
2,SX1173,https://sexopt.com.ua/content/images/35/sx1173-90794220831059.jpg,"інші пропорції (0.80 проти 1.12)"
2,SX1172,https://sexopt.com.ua/content/images/37/sx1172-18562316775801.jpg,"інші пропорції (0.80 проти 1.12)"
2,SX1171,https://sexopt.com.ua/content/images/27/sx1171-31274475307885.jpg,"інші пропорції (0.80 проти 1.04)"
2,SX1170,https://sexopt.com.ua/content/images/26/sx1170-11888122747077.jpg,"інші пропорції (0.80 проти 1.04)"
2,SX1169,https://sexopt.com.ua/content/images/28/sx1169-15171425294861.jpg,"інші пропорції (0.80 проти 1.04)"
2,SX1168,https://sexopt.com.ua/content/images/33/sx1168-55490153547577.jpg,"інші пропорції (0.80 проти 1.04)"
2,SX1167,https://sexopt.com.ua/content/images/32/sx1167-15534367794286.jpg,"інші пропорції (0.80 проти 1.04)"
2,SX1166,https://sexopt.com.ua/content/images/34/sx1166-51548042164984.jpg,"інші пропорції (0.80 проти 1.04)"
2,SX1038,https://sexopt.com.ua/content/images/16/trusiki-obsessive-blomentis-thong-xl-2xl-70943445441935.jpg,"інші пропорції (0.80 проти 0.99)"
2,SX1037,https://sexopt.com.ua/content/images/15/trusiki-obsessive-blomentis-thong-m-l-82700839019144.jpg,"інші пропорції (0.80 проти 0.99)"
2,SX1036,https://sexopt.com.ua/content/images/17/trusiki-obsessive-blomentis-thong-xs-s-91839158761237.jpg,"інші пропорції (0.80 проти 0.99)"
2,SX1035,https://sexopt.com.ua/content/images/4/komplekt-obsessive-blomentis-3-pcs-set-xl-2xl-80637186506224.jpg,"інші пропорції (0.80 проти 0.96)"
2,SX1034,https://sexopt.com.ua/content/images/3/komplekt-obsessive-blomentis-3-pcs-set-m-l-38546004724124.jpg,"інші пропорції (0.80 проти 0.96)"
2,SX1033,https://sexopt.com.ua/content/images/5/komplekt-obsessive-blomentis-3-pcs-set-xs-s-52783010591311.jpg,"інші пропорції (0.80 проти 0.96)"
2,SX1032,https://sexopt.com.ua/content/images/1/komplekt-obsessive-blomentis-2-pcs-set-xl-2xl-37258542076071.jpg,"інші пропорції (0.80 проти 0.96)"
2,SX1031,https://sexopt.com.ua/content/images/50/komplekt-obsessive-blomentis-2-pcs-set-m-l-15811686384712.jpg,"інші пропорції (0.80 проти 0.96)"
2,SX1030,https://sexopt.com.ua/content/images/2/komplekt-obsessive-blomentis-2-pcs-set-xs-s-38126407887066.jpg,"інші пропорції (0.80 проти 0.96)"
2,SX1029,https://sexopt.com.ua/content/images/45/bodi-obsessive-blomentis-crotchless-teddy-xl-2xl-63765751764627.jpg,"інші пропорції (0.80 проти 0.96)"
2,SX1027,https://sexopt.com.ua/content/images/44/bodi-obsessive-blomentis-crotchless-teddy-m-l-98134203274973.jpg,"інші пропорції (0.80 проти 0.96)"
2,SX1026,https://sexopt.com.ua/content/images/46/bodi-obsessive-blomentis-crotchless-teddy-xs-s-41185494918263.jpg,"інші пропорції (0.80 проти 0.96)"
2,SX1019,https://sexopt.com.ua/content/images/7/komplekt-obsessive-lobellis-3-pcs-set-xl-2xl-77313609978580.jpg,"інші пропорції (0.80 проти 0.96)"
2,SX1018,https://sexopt.com.ua/content/images/6/komplekt-obsessive-lobellis-3-pcs-set-m-l-60342411852003.jpg,"інші пропорції (0.80 проти 0.96)"
2,SX1017,https://sexopt.com.ua/content/images/8/komplekt-obsessive-lobellis-3-pcs-set-xs-s-51695237805405.jpg,"інші пропорції (0.80 проти 0.96)"
2,SX1016,https://sexopt.com.ua/content/images/48/bodi-obsessive-lobellis-teddy-xl-2xl-50461497862265.jpg,"інші пропорції (0.80 проти 0.96)"
2,SX1015,https://sexopt.com.ua/content/images/47/bodi-obsessive-lobellis-teddy-m-l-33536846899315.jpg,"інші пропорції (0.80 проти 0.96)"
2,SX1014,https://sexopt.com.ua/content/images/49/bodi-obsessive-lobellis-teddy-xs-s-54905786405089.jpg,"інші пропорції (0.80 проти 0.96)"
2,SX0466,https://sexopt.com.ua/content/images/50/sx04666-53671289143342.jpg,"інші пропорції (1.00 проти 0.73)"
2,SX0465,https://sexopt.com.ua/content/images/49/sx0465-26138265086264.jpg,"інші пропорції (1.00 проти 0.73)"
2,SX0464,https://sexopt.com.ua/content/images/48/sx0464-95305736299420.jpg,"інші пропорції (1.00 проти 0.73)"
2,SX0460,https://sexopt.com.ua/content/images/15/sx0460-61791458400459.jpg,"інші пропорції (1.00 проти 0.78)"
2,SX0459,https://sexopt.com.ua/content/images/14/sx0459-11698092420198.jpg,"інші пропорції (1.00 проти 0.78)"
2,SX0458,https://sexopt.com.ua/content/images/13/sx0458-80358520957041.jpg,"інші пропорції (1.00 проти 0.78)"
2,SX0457,https://sexopt.com.ua/content/images/38/sx0457-14091705527493.jpg,"інші пропорції (1.00 проти 0.73)"
2,SX0456,https://sexopt.com.ua/content/images/37/sx0456-93936229081181.jpg,"інші пропорції (1.00 проти 0.73)"
2,SX0455,https://sexopt.com.ua/content/images/36/sx0455-92047331921578.jpg,"інші пропорції (1.00 проти 0.73)"
2,SX0386,https://sexopt.com.ua/content/images/15/sx0386-86276338796383.jpg,"інші пропорції (0.69 проти 0.87)"
2,SX0385,https://sexopt.com.ua/content/images/20/sx0385-97916734152026.jpg,"інші пропорції (0.69 проти 0.87)"
2,SX0384,https://sexopt.com.ua/content/images/19/sx0384-36446259336060.jpg,"інші пропорції (0.69 проти 0.87)"
2,SX0383,https://sexopt.com.ua/content/images/16/sx0383-17299576485014.jpg,"інші пропорції (0.69 проти 0.87)"
2,SX0382,https://sexopt.com.ua/content/images/17/sx0382-22613526585599.jpg,"інші пропорції (0.69 проти 0.87)"
2,SX0381,https://sexopt.com.ua/content/images/18/sx0381-40141377008545.jpg,"інші пропорції (0.69 проти 0.87)"
2,SX0380,https://sexopt.com.ua/content/images/11/sx0380-82144997943882.jpg,"інші пропорції (0.68 проти 0.88)"
2,SX0379,https://sexopt.com.ua/content/images/16/sx0379-97452118938402.jpg,"інші пропорції (0.68 проти 0.88)"
2,SX0378,https://sexopt.com.ua/content/images/15/sx0378-48749088982108.jpg,"інші пропорції (0.68 проти 0.88)"
2,SX0377,https://sexopt.com.ua/content/images/12/sx0377-48466880705220.jpg,"інші пропорції (0.68 проти 0.88)"
2,SX0376,https://sexopt.com.ua/content/images/13/sx0376-64060971690803.jpg,"інші пропорції (0.68 проти 0.88)"
2,SX0375,https://sexopt.com.ua/content/images/14/sx0375-18558363544752.jpg,"інші пропорції (0.68 проти 0.88)"
2,SX0374,https://sexopt.com.ua/content/images/2/sx0374-60069063938721.jpg,"інші пропорції (0.67 проти 0.87)"
2,SX0373,https://sexopt.com.ua/content/images/7/sx0373-37477086920387.jpg,"інші пропорції (0.67 проти 0.87)"
2,SX0372,https://sexopt.com.ua/content/images/6/sx0372-50832902090487.jpg,"інші пропорції (0.67 проти 0.87)"
2,SX0371,https://sexopt.com.ua/content/images/3/sx0371-78133241657893.jpg,"інші пропорції (0.67 проти 0.87)"
2,SX0370,https://sexopt.com.ua/content/images/4/sx0370-78276268625646.jpg,"інші пропорції (0.67 проти 0.87)"
2,SX0369,https://sexopt.com.ua/content/images/5/sx0369-28659480852959.jpg,"інші пропорції (0.67 проти 0.87)"
2,SX0368,https://sexopt.com.ua/content/images/47/sx0368-45421240332914.jpg,"інші пропорції (0.70 проти 0.88)"
2,SX0367,https://sexopt.com.ua/content/images/2/sx0367-84337455835664.jpg,"інші пропорції (0.70 проти 0.88)"
2,SX0366,https://sexopt.com.ua/content/images/1/sx0366-61134883853529.jpg,"інші пропорції (0.70 проти 0.88)"
2,SX0365,https://sexopt.com.ua/content/images/48/sx0365-95385094462524.jpg,"інші пропорції (0.70 проти 0.88)"
2,SX0364,https://sexopt.com.ua/content/images/49/sx0364-45256137370296.jpg,"інші пропорції (0.70 проти 0.88)"
2,SX0363,https://sexopt.com.ua/content/images/50/sx0363-86363472050567.jpg,"інші пропорції (0.70 проти 0.88)"
2,SX0362,https://sexopt.com.ua/content/images/41/sx0362-73004648969326.jpg,"інші пропорції (0.67 проти 0.99)"
2,SX0361,https://sexopt.com.ua/content/images/46/sx0361-32621619026064.jpg,"інші пропорції (0.67 проти 0.99)"
2,SX0360,https://sexopt.com.ua/content/images/45/sx0360-43360185508507.jpg,"інші пропорції (0.67 проти 0.99)"
2,SX0359,https://sexopt.com.ua/content/images/42/sx0359-80819406141401.jpg,"інші пропорції (0.67 проти 0.99)"
2,SX0358,https://sexopt.com.ua/content/images/43/sx0358-24320740231123.jpg,"інші пропорції (0.67 проти 0.99)"
2,SX0357,https://sexopt.com.ua/content/images/44/sx0357-70634582450742.jpg,"інші пропорції (0.67 проти 0.99)"
2,SX0350,https://sexopt.com.ua/content/images/40/sx0350-96740376265003.jpg,"інші пропорції (0.65 проти 0.94)"
2,SX0349,https://sexopt.com.ua/content/images/45/sx0349-49535935910868.jpg,"інші пропорції (0.65 проти 0.94)"
2,SX0348,https://sexopt.com.ua/content/images/44/sx0348-38034317295627.jpg,"інші пропорції (0.65 проти 0.94)"
2,SX0347,https://sexopt.com.ua/content/images/41/sx0347-18831415652095.jpg,"інші пропорції (0.65 проти 0.94)"
2,SX0346,https://sexopt.com.ua/content/images/42/sx0346-41487274006239.jpg,"інші пропорції (0.65 проти 0.94)"
2,SX0345,https://sexopt.com.ua/content/images/43/sx0345-18395579807538.jpg,"інші пропорції (0.65 проти 0.94)"
2,SX0338,https://sexopt.com.ua/content/images/9/sx0338-35223059985607.jpg,"інші пропорції (0.67 проти 0.84)"
2,SX0337,https://sexopt.com.ua/content/images/14/sx0337-52173635518097.jpg,"інші пропорції (0.67 проти 0.84)"
2,SX0336,https://sexopt.com.ua/content/images/13/sx0336-27374035937188.jpg,"інші пропорції (0.67 проти 0.84)"
2,SX0335,https://sexopt.com.ua/content/images/10/sx0335-79254337121846.jpg,"інші пропорції (0.67 проти 0.84)"
2,SX0334,https://sexopt.com.ua/content/images/11/sx0334-71294892443224.jpg,"інші пропорції (0.67 проти 0.84)"
2,SX0333,https://sexopt.com.ua/content/images/12/sx0333-26550155772980.jpg,"інші пропорції (0.67 проти 0.84)"
2,SX0326,https://sexopt.com.ua/content/images/35/sx0326-68624939871538.jpg,"інші пропорції (0.69 проти 0.84)"
2,SX0325,https://sexopt.com.ua/content/images/40/sx0325-67975528718082.jpg,"інші пропорції (0.69 проти 0.84)"
2,SX0324,https://sexopt.com.ua/content/images/39/sx0324-80628191762985.jpg,"інші пропорції (0.69 проти 0.84)"
2,SX0323,https://sexopt.com.ua/content/images/36/sx0323-58518744975866.jpg,"інші пропорції (0.69 проти 0.84)"
2,SX0322,https://sexopt.com.ua/content/images/37/sx0322-45927571195069.jpg,"інші пропорції (0.69 проти 0.84)"
2,SX0321,https://sexopt.com.ua/content/images/38/sx0321-19405862849191.jpg,"інші пропорції (0.69 проти 0.84)"
2,SX0296,https://sexopt.com.ua/content/images/19/sx0296-72356773090431.jpg,"інші пропорції (0.67 проти 0.87)"
2,SX0295,https://sexopt.com.ua/content/images/24/sx0295-67745543948757.jpg,"інші пропорції (0.67 проти 0.87)"
2,SX0294,https://sexopt.com.ua/content/images/23/sx0294-67853868949965.jpg,"інші пропорції (0.67 проти 0.87)"
2,SX0293,https://sexopt.com.ua/content/images/20/sx0293-70360287162417.jpg,"інші пропорції (0.67 проти 0.87)"
2,SX0292,https://sexopt.com.ua/content/images/21/sx0292-55617954323103.jpg,"інші пропорції (0.67 проти 0.87)"
2,SX0291,https://sexopt.com.ua/content/images/22/sx0291-48063598600573.jpg,"інші пропорції (0.67 проти 0.87)"
2,SX0290,https://sexopt.com.ua/content/images/13/sx0290-11382519671802.jpg,"інші пропорції (0.67 проти 0.83)"
2,SX0289,https://sexopt.com.ua/content/images/18/sx0289-18050754674401.jpg,"інші пропорції (0.67 проти 0.83)"
2,SX0288,https://sexopt.com.ua/content/images/17/sx0288-89817702994449.jpg,"інші пропорції (0.67 проти 0.83)"
2,SX0287,https://sexopt.com.ua/content/images/14/sx0287-31642610603243.jpg,"інші пропорції (0.67 проти 0.83)"
2,SX0286,https://sexopt.com.ua/content/images/15/sx0286-18341105464326.jpg,"інші пропорції (0.67 проти 0.83)"
2,SX0285,https://sexopt.com.ua/content/images/16/sx0285-22427620399974.jpg,"інші пропорції (0.67 проти 0.83)"
2,SX0284,https://sexopt.com.ua/content/images/7/sx0284-33554833356902.jpg,"інші пропорції (0.67 проти 0.82)"
2,SX0283,https://sexopt.com.ua/content/images/12/sx0283-80363360933445.jpg,"інші пропорції (0.67 проти 0.82)"
2,SX0282,https://sexopt.com.ua/content/images/11/sx0282-84587492316534.jpg,"інші пропорції (0.67 проти 0.82)"
2,SX0281,https://sexopt.com.ua/content/images/8/sx0281-59453100937519.jpg,"інші пропорції (0.67 проти 0.82)"
2,SX0280,https://sexopt.com.ua/content/images/9/sx0280-52529271585089.jpg,"інші пропорції (0.67 проти 0.82)"
2,SX0279,https://sexopt.com.ua/content/images/10/sx0279-96345681378254.jpg,"інші пропорції (0.67 проти 0.82)"
2,SX0278,https://sexopt.com.ua/content/images/34/sx0278-62613283133095.jpg,"інші пропорції (0.67 проти 0.83)"
2,SX0277,https://sexopt.com.ua/content/images/39/sx0277-34452536824517.jpg,"інші пропорції (0.67 проти 0.83)"
2,SX0276,https://sexopt.com.ua/content/images/38/sx0276-39839474788614.jpg,"інші пропорції (0.67 проти 0.83)"
2,SX0275,https://sexopt.com.ua/content/images/35/sx0275-28343883015909.jpg,"інші пропорції (0.67 проти 0.83)"
2,SX0274,https://sexopt.com.ua/content/images/36/sx0274-86609142943216.jpg,"інші пропорції (0.67 проти 0.83)"
2,SX0273,https://sexopt.com.ua/content/images/37/sx0273-52616359846898.jpg,"інші пропорції (0.67 проти 0.83)"
2,SX0236,https://sexopt.com.ua/content/images/28/sx0236-47087139661546.jpg,"інші пропорції (0.67 проти 0.82)"
2,SX0235,https://sexopt.com.ua/content/images/33/sx0235-28764219889188.jpg,"інші пропорції (0.67 проти 0.82)"
2,SX0234,https://sexopt.com.ua/content/images/32/sx0234-29902806944195.jpg,"інші пропорції (0.67 проти 0.82)"
2,SX0233,https://sexopt.com.ua/content/images/29/sx0233-18923195373111.jpg,"інші пропорції (0.67 проти 0.82)"
2,SX0232,https://sexopt.com.ua/content/images/30/sx0232-38752899507537.jpg,"інші пропорції (0.67 проти 0.82)"
2,SX0231,https://sexopt.com.ua/content/images/31/sx0231-80641028575851.jpg,"інші пропорції (0.67 проти 0.82)"
2,SX0230,https://sexopt.com.ua/content/images/22/sx0230-56658092691861.jpg,"інші пропорції (0.67 проти 0.83)"
2,SX0229,https://sexopt.com.ua/content/images/27/sx0229-63236590629376.jpg,"інші пропорції (0.67 проти 0.83)"
2,SX0228,https://sexopt.com.ua/content/images/26/sx0228-68023663401219.jpg,"інші пропорції (0.67 проти 0.83)"
2,SX0227,https://sexopt.com.ua/content/images/23/sx0227-83237326593832.jpg,"інші пропорції (0.67 проти 0.83)"
2,SX0226,https://sexopt.com.ua/content/images/24/sx0226-45103364731953.jpg,"інші пропорції (0.67 проти 0.83)"
2,SX0225,https://sexopt.com.ua/content/images/25/sx0225-86336392997045.jpg,"інші пропорції (0.67 проти 0.83)"
2,SX0224,https://sexopt.com.ua/content/images/29/sx0224-21664425016733.jpg,"інші пропорції (0.67 проти 0.83)"
2,SX0223,https://sexopt.com.ua/content/images/34/sx0223-87547708409943.jpg,"інші пропорції (0.67 проти 0.83)"
2,SX0222,https://sexopt.com.ua/content/images/33/sx0222-97563628991538.jpg,"інші пропорції (0.67 проти 0.83)"
2,SX0221,https://sexopt.com.ua/content/images/30/sx0221-87396301595382.jpg,"інші пропорції (0.67 проти 0.83)"
2,SX0220,https://sexopt.com.ua/content/images/31/sx0220-12432900873902.jpg,"інші пропорції (0.67 проти 0.83)"
2,SX0219,https://sexopt.com.ua/content/images/32/sx0219-28737540142779.jpg,"інші пропорції (0.67 проти 0.83)"
2,SX0206,https://sexopt.com.ua/content/images/29/sx0206-66014054882458.jpg,"інші пропорції (0.76 проти 1.16)"
2,SX0205,https://sexopt.com.ua/content/images/34/sx0205-38048458270486.jpg,"інші пропорції (0.76 проти 1.16)"
2,SX0204,https://sexopt.com.ua/content/images/33/sx0204-85837585992266.jpg,"інші пропорції (0.76 проти 1.16)"
2,SX0203,https://sexopt.com.ua/content/images/30/sx0203-46648013462804.jpg,"інші пропорції (0.76 проти 1.16)"
2,SX0202,https://sexopt.com.ua/content/images/31/sx0202-69859263111158.jpg,"інші пропорції (0.76 проти 1.16)"
2,SX0201,https://sexopt.com.ua/content/images/32/sx0201-85158599385622.jpg,"інші пропорції (0.76 проти 1.16)"
2,SX0200,https://sexopt.com.ua/content/images/17/sx0200-95769895077585.jpg,"інші пропорції (0.69 проти 0.85)"
2,SX0199,https://sexopt.com.ua/content/images/22/sx0199-57175044500464.jpg,"інші пропорції (0.69 проти 0.85)"
2,SX0198,https://sexopt.com.ua/content/images/21/sx0198-59312609081669.jpg,"інші пропорції (0.69 проти 0.85)"
2,SX0197,https://sexopt.com.ua/content/images/18/sx0197-31392897072616.jpg,"інші пропорції (0.69 проти 0.85)"
2,SX0196,https://sexopt.com.ua/content/images/19/sx0196-18135630905927.jpg,"інші пропорції (0.69 проти 0.85)"
2,SX0195,https://sexopt.com.ua/content/images/20/sx0195-22959129599746.jpg,"інші пропорції (0.69 проти 0.85)"
2,SX0194,https://sexopt.com.ua/content/images/16/sx0194-69192947414443.jpg,"інші пропорції (0.67 проти 0.93)"
2,SX0193,https://sexopt.com.ua/content/images/21/sx0193-59252316122943.jpg,"інші пропорції (0.67 проти 0.93)"
2,SX0192,https://sexopt.com.ua/content/images/20/sx0192-59385450698948.jpg,"інші пропорції (0.67 проти 0.93)"
2,SX0191,https://sexopt.com.ua/content/images/17/sx0191-69753774088013.jpg,"інші пропорції (0.67 проти 0.93)"
2,SX0190,https://sexopt.com.ua/content/images/18/sx0190-72724534031819.jpg,"інші пропорції (0.67 проти 0.93)"
2,SX0189,https://sexopt.com.ua/content/images/19/sx0189-91625530341695.jpg,"інші пропорції (0.67 проти 0.93)"
2,SX0182,https://sexopt.com.ua/content/images/11/sx0182-68546986574108.jpg,"інші пропорції (0.67 проти 0.93)"
2,SX0181,https://sexopt.com.ua/content/images/16/sx0181-60329396639214.jpg,"інші пропорції (0.67 проти 0.93)"
2,SX0180,https://sexopt.com.ua/content/images/15/sx0180-82294840350048.jpg,"інші пропорції (0.67 проти 0.93)"
2,SX0179,https://sexopt.com.ua/content/images/12/sx0179-42358054692775.jpg,"інші пропорції (0.67 проти 0.93)"
2,SX0178,https://sexopt.com.ua/content/images/13/sx0178-35486737988133.jpg,"інші пропорції (0.67 проти 0.93)"
2,SX0177,https://sexopt.com.ua/content/images/14/sx0177-17355350974913.jpg,"інші пропорції (0.67 проти 0.93)"
2,SX0176,https://sexopt.com.ua/content/images/23/sx0176-53603459441853.jpg,"інші пропорції (0.73 проти 0.90)"
2,SX0175,https://sexopt.com.ua/content/images/28/sx0175-52859907082535.jpg,"інші пропорції (0.73 проти 0.90)"
2,SX0174,https://sexopt.com.ua/content/images/27/sx0174-56407825414739.jpg,"інші пропорції (0.73 проти 0.90)"
2,SX0173,https://sexopt.com.ua/content/images/24/sx0173-90267176301692.jpg,"інші пропорції (0.73 проти 0.90)"
2,SX0172,https://sexopt.com.ua/content/images/25/sx0172-65534032144178.jpg,"інші пропорції (0.73 проти 0.90)"
2,SX0171,https://sexopt.com.ua/content/images/26/sx0171-82229446534105.jpg,"інші пропорції (0.73 проти 0.90)"
2,SX0120,https://sexopt.com.ua/content/images/49/sx0120-29415452412036.jpg,"інші пропорції (0.67 проти 0.93)"
2,SX0119,https://sexopt.com.ua/content/images/4/sx0119-79187938028440.jpg,"інші пропорції (0.67 проти 0.93)"
2,SX0118,https://sexopt.com.ua/content/images/3/sx0118-16480503436220.jpg,"інші пропорції (0.67 проти 0.93)"
2,SX0117,https://sexopt.com.ua/content/images/50/sx0117-42268025801157.jpg,"інші пропорції (0.67 проти 0.93)"
2,SX0116,https://sexopt.com.ua/content/images/1/sx0116-12869527024732.jpg,"інші пропорції (0.67 проти 0.93)"
2,SX0115,https://sexopt.com.ua/content/images/2/sx0115-72119124876043.jpg,"інші пропорції (0.67 проти 0.93)"
2,SX0114,https://sexopt.com.ua/content/images/39/sx0114-96792301353210.jpg,"інші пропорції (0.67 проти 0.98)"
2,SX0113,https://sexopt.com.ua/content/images/44/sx0113-24448001566672.jpg,"інші пропорції (0.67 проти 0.98)"
2,SX0112,https://sexopt.com.ua/content/images/43/sx0112-58474466576496.jpg,"інші пропорції (0.67 проти 0.98)"
2,SX0111,https://sexopt.com.ua/content/images/40/sx0111-34103419172947.jpg,"інші пропорції (0.67 проти 0.98)"
2,SX0110,https://sexopt.com.ua/content/images/41/sx0110-59553017194644.jpg,"інші пропорції (0.67 проти 0.98)"
2,SX0109,https://sexopt.com.ua/content/images/42/sx0109-16284106590472.jpg,"інші пропорції (0.67 проти 0.98)"
2,SX0108,https://sexopt.com.ua/content/images/11/sx0108-84601703497370.jpg,"інші пропорції (0.67 проти 1.03)"
2,SX0107,https://sexopt.com.ua/content/images/16/sx0107-77100987693448.jpg,"інші пропорції (0.67 проти 1.03)"
2,SX0106,https://sexopt.com.ua/content/images/15/sx0106-47670603585661.jpg,"інші пропорції (0.67 проти 1.03)"
2,SX0105,https://sexopt.com.ua/content/images/12/sx0105-29082467276910.jpg,"інші пропорції (0.67 проти 1.03)"
2,SX0104,https://sexopt.com.ua/content/images/13/sx0104-92268652959839.jpg,"інші пропорції (0.67 проти 1.03)"
2,SX0103,https://sexopt.com.ua/content/images/14/sx0103-72032385701986.jpg,"інші пропорції (0.67 проти 1.03)"
2,SX0102,https://sexopt.com.ua/content/images/47/sx0102-67065925429989.jpg,"інші пропорції (0.64 проти 1.01)"
2,SX0101,https://sexopt.com.ua/content/images/2/sx0101-39973376710171.jpg,"інші пропорції (0.64 проти 1.01)"
2,SX0100,https://sexopt.com.ua/content/images/1/sx0100-82936703268813.jpg,"інші пропорції (0.64 проти 1.01)"
2,SX0099,https://sexopt.com.ua/content/images/48/sx0099-22709171021603.jpg,"інші пропорції (0.64 проти 1.01)"
2,SX0098,https://sexopt.com.ua/content/images/49/sx0098-94528741195456.jpg,"інші пропорції (0.64 проти 1.01)"
2,SX0097,https://sexopt.com.ua/content/images/50/sx0097-58971444236957.jpg,"інші пропорції (0.64 проти 1.01)"
2,SX0096,https://sexopt.com.ua/content/images/41/sx0096-78495590848223.jpg,"інші пропорції (0.63 проти 0.91)"
2,SX0095,https://sexopt.com.ua/content/images/46/sx0095-71324941618142.jpg,"інші пропорції (0.63 проти 0.91)"
2,SX0094,https://sexopt.com.ua/content/images/45/sx0094-95086501560064.jpg,"інші пропорції (0.63 проти 0.91)"
2,SX0093,https://sexopt.com.ua/content/images/42/sx0093-52929122461614.jpg,"інші пропорції (0.63 проти 0.91)"
2,SX0092,https://sexopt.com.ua/content/images/43/sx0092-59711767384549.jpg,"інші пропорції (0.63 проти 0.91)"
2,SX0091,https://sexopt.com.ua/content/images/44/sx0091-54551720962163.jpg,"інші пропорції (0.63 проти 0.91)"
2,SX0090,https://sexopt.com.ua/content/images/17/sx0090-51997288068925.jpg,"інші пропорції (0.67 проти 1.15)"
2,SX0089,https://sexopt.com.ua/content/images/22/sx0089-60951756363385.jpg,"інші пропорції (0.67 проти 1.15)"
2,SX0088,https://sexopt.com.ua/content/images/21/sx0088-96989515649632.jpg,"інші пропорції (0.67 проти 1.15)"
2,SX0087,https://sexopt.com.ua/content/images/18/sx0087-26622703364085.jpg,"інші пропорції (0.67 проти 1.15)"
2,SX0086,https://sexopt.com.ua/content/images/19/sx0086-90725365510904.jpg,"інші пропорції (0.67 проти 1.15)"
2,SX0085,https://sexopt.com.ua/content/images/20/sx0085-58905571391848.jpg,"інші пропорції (0.67 проти 1.15)"
2,SX0084,https://sexopt.com.ua/content/images/11/sx0084-90664309607465.jpg,"інші пропорції (0.70 проти 1.14)"
2,SX0083,https://sexopt.com.ua/content/images/8/sx0083-11473113957947.jpg,"інші пропорції (0.70 проти 1.14)"
2,SX0082,https://sexopt.com.ua/content/images/9/sx0082-27442577096083.jpg,"інші пропорції (0.70 проти 1.14)"
2,SX0081,https://sexopt.com.ua/content/images/10/sx0081-87682123745615.jpg,"інші пропорції (0.70 проти 1.14)"
2,SX0080,https://sexopt.com.ua/content/images/35/sx0080-79052684495514.jpg,"інші пропорції (0.71 проти 1.00)"
2,SX0079,https://sexopt.com.ua/content/images/40/sx0079-79405558883165.jpg,"інші пропорції (0.71 проти 1.00)"
2,SX0078,https://sexopt.com.ua/content/images/39/sx0078-94094649335413.jpg,"інші пропорції (0.71 проти 1.00)"
2,SX0077,https://sexopt.com.ua/content/images/36/sx0077-58922043383760.jpg,"інші пропорції (0.71 проти 1.00)"
2,SX0076,https://sexopt.com.ua/content/images/37/sx0076-89200394923925.jpg,"інші пропорції (0.71 проти 1.00)"
2,SX0075,https://sexopt.com.ua/content/images/38/sx0075-94867304244857.jpg,"інші пропорції (0.71 проти 1.00)"
2,SX0074,https://sexopt.com.ua/content/images/48/sx0074-94880713167845.jpg,"інші пропорції (0.67 проти 0.96)"
2,SX0073,https://sexopt.com.ua/content/images/45/sx0073-61364742545255.jpg,"інші пропорції (0.67 проти 0.96)"
2,SX0072,https://sexopt.com.ua/content/images/46/sx0072-52452907416664.jpg,"інші пропорції (0.67 проти 0.96)"
2,SX0071,https://sexopt.com.ua/content/images/47/sx0071-72679041869474.jpg,"інші пропорції (0.67 проти 0.96)"
2,SX0070,https://sexopt.com.ua/content/images/10/sx0070-61472450175950.jpg,"інші пропорції (0.67 проти 0.94)"
2,SX0069,https://sexopt.com.ua/content/images/15/sx0069-54518626685957.jpg,"інші пропорції (0.67 проти 0.94)"
2,SX0068,https://sexopt.com.ua/content/images/14/sx0068-33550932076008.jpg,"інші пропорції (0.67 проти 0.94)"
2,SX0067,https://sexopt.com.ua/content/images/11/sx0067-15294729524375.jpg,"інші пропорції (0.67 проти 0.94)"
2,SX0066,https://sexopt.com.ua/content/images/12/sx0066-14671838340437.jpg,"інші пропорції (0.67 проти 0.94)"
2,SX0065,https://sexopt.com.ua/content/images/13/sx0065-58437864586074.jpg,"інші пропорції (0.67 проти 0.94)"
2,SX0064,https://sexopt.com.ua/content/images/29/sx0064-90620824915176.jpg,"інші пропорції (0.79 проти 0.95)"
2,SX0063,https://sexopt.com.ua/content/images/34/sx0063-82000430457092.jpg,"інші пропорції (0.79 проти 0.95)"
2,SX0062,https://sexopt.com.ua/content/images/33/sx0062-64641629524067.jpg,"інші пропорції (0.79 проти 0.95)"
2,SX0061,https://sexopt.com.ua/content/images/30/sx0061-51067514211753.jpg,"інші пропорції (0.79 проти 0.95)"
2,SX0060,https://sexopt.com.ua/content/images/31/sx0060-99615858166131.jpg,"інші пропорції (0.79 проти 0.95)"
2,SX0059,https://sexopt.com.ua/content/images/32/sx0059-46225312891903.jpg,"інші пропорції (0.79 проти 0.95)"
2,SX0058,https://sexopt.com.ua/content/images/47/sx0058-27442002792344.jpg,"інші пропорції (0.67 проти 1.01)"
2,SX0057,https://sexopt.com.ua/content/images/2/sx0057-61830118870518.jpg,"інші пропорції (0.67 проти 1.01)"
2,SX0056,https://sexopt.com.ua/content/images/1/sx0056-92028758838410.jpg,"інші пропорції (0.67 проти 1.01)"
2,SX0055,https://sexopt.com.ua/content/images/48/sx0055-74826920387923.jpg,"інші пропорції (0.67 проти 1.01)"
2,SX0054,https://sexopt.com.ua/content/images/49/sx0054-79231857485121.jpg,"інші пропорції (0.67 проти 1.01)"
2,SX0053,https://sexopt.com.ua/content/images/50/sx0053-81131382992312.jpg,"інші пропорції (0.67 проти 1.01)"
2,SX0046,https://sexopt.com.ua/content/images/4/sx0046-21506191696999.jpg,"інші пропорції (0.67 проти 0.93)"
2,SX0045,https://sexopt.com.ua/content/images/9/sx0045-81371225428053.jpg,"інші пропорції (0.67 проти 0.93)"
2,SX0044,https://sexopt.com.ua/content/images/8/sx0044-40328244209749.jpg,"інші пропорції (0.67 проти 0.93)"
2,SX0043,https://sexopt.com.ua/content/images/5/sx0043-27499292363066.jpg,"інші пропорції (0.67 проти 0.93)"
2,SX0042,https://sexopt.com.ua/content/images/6/sx0042-84782587042026.jpg,"інші пропорції (0.67 проти 0.93)"
2,SX0041,https://sexopt.com.ua/content/images/7/sx0041-67277677928368.jpg,"інші пропорції (0.67 проти 0.93)"
2,SX0034,https://sexopt.com.ua/content/images/21/sx0034-12741696987640.jpg,"інші пропорції (0.76 проти 0.96)"
2,SX0033,https://sexopt.com.ua/content/images/26/sx0033-63093540946136.jpg,"інші пропорції (0.76 проти 0.96)"
2,SX0032,https://sexopt.com.ua/content/images/25/sx0032-16334542842989.jpg,"інші пропорції (0.76 проти 0.96)"
2,SX0031,https://sexopt.com.ua/content/images/22/sx0031-12815900558572.jpg,"інші пропорції (0.76 проти 0.96)"
2,SX0030,https://sexopt.com.ua/content/images/23/sx0030-97049018556213.jpg,"інші пропорції (0.76 проти 0.96)"
2,SX0029,https://sexopt.com.ua/content/images/24/sx0029-21745560087331.jpg,"інші пропорції (0.76 проти 0.96)"
2,SX0028,https://sexopt.com.ua/content/images/3/sx0028-80383164953042.jpg,"інші пропорції (0.67 проти 1.15)"
2,SX0027,https://sexopt.com.ua/content/images/8/sx0027-57151748536953.jpg,"інші пропорції (0.67 проти 1.15)"
2,SX0026,https://sexopt.com.ua/content/images/7/sx0026-54615664550910.jpg,"інші пропорції (0.67 проти 1.15)"
2,SX0025,https://sexopt.com.ua/content/images/4/sx0025-60260440363368.jpg,"інші пропорції (0.67 проти 1.15)"
2,SX0024,https://sexopt.com.ua/content/images/5/sx0024-65721918394130.jpg,"інші пропорції (0.67 проти 1.15)"
2,SX0023,https://sexopt.com.ua/content/images/6/sx0023-15914318892980.jpg,"інші пропорції (0.67 проти 1.15)"
2,SX0022,https://sexopt.com.ua/content/images/41/sx0022-95025292517149.jpg,"інші пропорції (0.62 проти 0.94)"
2,SX0021,https://sexopt.com.ua/content/images/46/sx0021-24934436538500.jpg,"інші пропорції (0.62 проти 0.94)"
2,SX0020,https://sexopt.com.ua/content/images/45/sx0020-17762073426889.jpg,"інші пропорції (0.62 проти 0.94)"
2,SX0019,https://sexopt.com.ua/content/images/42/sx0019-27500053122550.jpg,"інші пропорції (0.62 проти 0.94)"
2,SX0018,https://sexopt.com.ua/content/images/43/sx0018-38930997920345.jpg,"інші пропорції (0.62 проти 0.94)"
2,SX0017,https://sexopt.com.ua/content/images/44/sx0017-72573818601568.jpg,"інші пропорції (0.62 проти 0.94)"
2,SX0012,https://sexopt.com.ua/content/images/17/sx0012-92961797858950.jpg,"інші пропорції (0.74 проти 1.18)"
2,SX0011,https://sexopt.com.ua/content/images/22/sx0011-31209528110645.jpg,"інші пропорції (0.74 проти 1.18)"
2,SX0010,https://sexopt.com.ua/content/images/21/sx0010-83584134943062.jpg,"інші пропорції (0.74 проти 1.18)"
2,SX0009,https://sexopt.com.ua/content/images/18/sx0009-15142363540530.jpg,"інші пропорції (0.74 проти 1.18)"
2,SX0008,https://sexopt.com.ua/content/images/19/sx0008-13047034544680.jpg,"інші пропорції (0.74 проти 1.18)"
2,SX0007,https://sexopt.com.ua/content/images/20/sx0007-51280838786370.jpg,"інші пропорції (0.74 проти 1.18)"
2,SX0006,https://sexopt.com.ua/content/images/5/sx0006-29707430320297.jpg,"інші пропорції (0.67 проти 1.06)"
2,SX0005,https://sexopt.com.ua/content/images/10/sx0005-29590029386994.jpg,"інші пропорції (0.67 проти 1.06)"
2,SX0004,https://sexopt.com.ua/content/images/9/sx0004-93930613006176.jpg,"інші пропорції (0.67 проти 1.06)"
2,SX0003,https://sexopt.com.ua/content/images/6/sx0003-45713103063713.jpg,"інші пропорції (0.67 проти 1.06)"
2,SX0002,https://sexopt.com.ua/content/images/7/sx0002-97974304687605.jpg,"інші пропорції (0.67 проти 1.06)"
2,SX0001,https://sexopt.com.ua/content/images/8/sx0001-18393612293411.jpg,"інші пропорції (0.67 проти 1.06)"
2,SO9569,https://sexopt.com.ua/content/images/28/47346431548405.jpg,"інші пропорції (0.67 проти 0.89)"
2,SO9568,https://sexopt.com.ua/content/images/27/39367323289255.jpg,"інші пропорції (0.67 проти 0.89)"
2,SO9567,https://sexopt.com.ua/content/images/26/48116944060610.jpg,"інші пропорції (0.67 проти 0.89)"
2,SO9566,https://sexopt.com.ua/content/images/25/so9566-25585975717499.jpg,"інші пропорції (0.67 проти 0.89)"
2,SO9144,https://sexopt.com.ua/content/images/12/so9144-29252220218759.jpg,"інші пропорції (0.70 проти 0.85)"
2,SO9143,https://sexopt.com.ua/content/images/11/so9143-49927509450213.jpg,"інші пропорції (0.70 проти 0.85)"
2,SO9140,https://sexopt.com.ua/content/images/9/so9140-16783596442634.jpg,"інші пропорції (0.70 проти 0.85)"
2,SO9139,https://sexopt.com.ua/content/images/8/so9139-24848443867189.jpg,"інші пропорції (0.70 проти 0.85)"
2,SO9137,https://sexopt.com.ua/content/images/6/so9137-14798251495415.jpg,"інші пропорції (0.70 проти 0.85)"
2,SO8605,https://sexopt.com.ua/content/images/36/so8605-67438103053884.jpg,"інші пропорції (0.70 проти 0.85)"
2,SO8598,https://sexopt.com.ua/content/images/29/so8598-71492195243455.jpg,"інші пропорції (0.70 проти 1.00)"
2,SO8597,https://sexopt.com.ua/content/images/28/so8597-41528463172735.jpg,"інші пропорції (0.70 проти 1.00)"
2,SO8596,https://sexopt.com.ua/content/images/27/so8596-21790807781657.jpg,"інші пропорції (0.70 проти 1.00)"
2,SO8582,https://sexopt.com.ua/content/images/13/so8582-92467605601128.jpg,"інші пропорції (0.70 проти 0.85)"
2,SO7990,https://sexopt.com.ua/content/images/45/so7990-74507693820197.jpg,"інші пропорції (0.70 проти 1.00)"
2,SO7989,https://sexopt.com.ua/content/images/44/so7989-16462871299028.jpg,"інші пропорції (0.70 проти 1.00)"
2,SO7986,https://sexopt.com.ua/content/images/40/so7986-12953163621068.jpg,"інші пропорції (0.70 проти 1.00)"
2,SO7985,https://sexopt.com.ua/content/images/41/so7985-19819475417579.jpg,"інші пропорції (0.70 проти 1.00)"
2,SO7984,https://sexopt.com.ua/content/images/39/so7984-30910145266238.jpg,"інші пропорції (0.70 проти 1.00)"
2,SO7983,https://sexopt.com.ua/content/images/38/so7983-39332487051329.jpg,"інші пропорції (0.70 проти 1.00)"
2,SO7982,https://sexopt.com.ua/content/images/37/so7982-48609000636385.jpg,"інші пропорції (0.70 проти 1.00)"
2,SO7980,https://sexopt.com.ua/content/images/25/so7980-33806789864654.jpg,"інші пропорції (0.70 проти 1.00)"
2,SO7979,https://sexopt.com.ua/content/images/24/so7979-49678255399408.jpg,"інші пропорції (0.70 проти 1.00)"
2,SO7978,https://sexopt.com.ua/content/images/35/so7978-62896578185467.jpg,"інші пропорції (0.70 проти 1.00)"
2,SO7977,https://sexopt.com.ua/content/images/34/so7977-48050716961070.jpg,"інші пропорції (0.70 проти 1.00)"
2,SO7976,https://sexopt.com.ua/content/images/33/so7976-71963473526178.jpg,"інші пропорції (0.70 проти 1.00)"
2,SO7974,https://sexopt.com.ua/content/images/31/so7974-60237326418951.jpg,"інші пропорції (0.70 проти 1.00)"
2,SO7973,https://sexopt.com.ua/content/images/30/so7973-43743145515760.jpg,"інші пропорції (0.70 проти 1.00)"
2,SO7972,https://sexopt.com.ua/content/images/29/so7972-84853290430040.jpg,"інші пропорції (0.70 проти 1.00)"
2,SO7970,https://sexopt.com.ua/content/images/23/so7970-18215156666018.jpg,"інші пропорції (0.70 проти 1.00)"
2,SO7969,https://sexopt.com.ua/content/images/21/so7969-58584104080697.jpg,"інші пропорції (0.70 проти 1.00)"
2,SO7968,https://sexopt.com.ua/content/images/22/so7968-68727271859435.jpg,"інші пропорції (0.70 проти 1.00)"
2,SO7967,https://sexopt.com.ua/content/images/20/so7967-58566714596734.jpg,"інші пропорції (0.70 проти 1.00)"
2,SO7919,https://sexopt.com.ua/content/images/32/so7919-19189043588104.jpg,"інші пропорції (0.70 проти 1.00)"
2,SO7916,https://sexopt.com.ua/content/images/29/so7916-88990450799283.jpg,"інші пропорції (0.70 проти 1.00)"
2,SO7913,https://sexopt.com.ua/content/images/26/so7913-33111155273975.jpg,"інші пропорції (0.70 проти 1.00)"
2,SO7911,https://sexopt.com.ua/content/images/24/so7911-48533352255178.jpg,"інші пропорції (0.70 проти 0.85)"
2,SO7908,https://sexopt.com.ua/content/images/21/so7908-93283731732002.jpg,"інші пропорції (0.70 проти 1.00)"
2,SO7906,https://sexopt.com.ua/content/images/19/so7906-35062214092828.jpg,"інші пропорції (0.70 проти 1.00)"
2,SO7905,https://sexopt.com.ua/content/images/18/so7905-33480088174248.jpg,"інші пропорції (0.70 проти 1.00)"
2,SO7904,https://sexopt.com.ua/content/images/17/so7904-33440101249706.jpg,"інші пропорції (0.70 проти 1.00)"
2,SO7717,https://sexopt.com.ua/content/images/42/so7717-40313314913284.jpg,"інші пропорції (0.80 проти 1.00)"
2,SO7121,https://sexopt.com.ua/content/images/20/57798767365565.jpg,"інші пропорції (0.75 проти 0.94)"
2,SO6977,https://sexopt.com.ua/content/images/8/84399828955310.jpg,"інші пропорції (0.75 проти 0.94)"
2,SO6757,https://sexopt.com.ua/content/images/4/25020699206205.jpg,"інші пропорції (0.75 проти 0.94)"
2,SO6756,https://sexopt.com.ua/content/images/2/73039076518473.jpg,"інші пропорції (0.75 проти 0.94)"
2,SO6755,https://sexopt.com.ua/content/images/1/62294686595263.jpg,"інші пропорції (0.75 проти 0.94)"
2,SO6561,https://sexopt.com.ua/content/images/10/77244560973485.jpg,"інші пропорції (0.67 проти 0.90)"
2,SO6534,https://sexopt.com.ua/content/images/9/so6534-29974713787457.jpg,"інші пропорції (1.00 проти 1.45)"
2,SO6533,https://sexopt.com.ua/content/images/8/so6533-30507268007367.jpg,"інші пропорції (1.00 проти 1.45)"
2,SO6532,https://sexopt.com.ua/content/images/7/so6532-11673159719596.jpg,"інші пропорції (1.00 проти 1.45)"
2,SO6531,https://sexopt.com.ua/content/images/6/so6531-13092656061261.jpg,"інші пропорції (1.00 проти 1.45)"
2,SO6530,https://sexopt.com.ua/content/images/5/so6530-72008373577699.jpg,"інші пропорції (1.00 проти 1.45)"
2,SO6529,https://sexopt.com.ua/content/images/4/so6529-86036388761557.jpg,"інші пропорції (1.00 проти 1.45)"
2,SO6528,https://sexopt.com.ua/content/images/3/so6528-66293645339638.jpg,"інші пропорції (1.00 проти 1.45)"
2,SO6527,https://sexopt.com.ua/content/images/2/so6527-67600370254857.jpg,"інші пропорції (1.00 проти 1.45)"
2,SO6526,https://sexopt.com.ua/content/images/1/so6526-95073225222333.jpg,"інші пропорції (1.00 проти 1.45)"
2,SO6525,https://sexopt.com.ua/content/images/50/so6525-66077314202770.jpg,"інші пропорції (1.00 проти 1.45)"
2,SO6524,https://sexopt.com.ua/content/images/49/so6524-97723055993086.jpg,"інші пропорції (1.00 проти 1.45)"
2,SO6523,https://sexopt.com.ua/content/images/48/so6523-58609089050987.jpg,"інші пропорції (1.00 проти 1.45)"
2,SO6522,https://sexopt.com.ua/content/images/47/so6522-88686657568975.jpg,"інші пропорції (1.00 проти 1.45)"
2,SO6521,https://sexopt.com.ua/content/images/46/so6521-47498248837878.jpg,"інші пропорції (1.00 проти 1.45)"
2,SO6520,https://sexopt.com.ua/content/images/45/so6520-95352841318615.jpg,"інші пропорції (1.00 проти 1.45)"
2,SO6519,https://sexopt.com.ua/content/images/44/so6519-40243294964763.jpg,"інші пропорції (1.00 проти 1.68)"
2,SO6518,https://sexopt.com.ua/content/images/43/so6518-46338603630445.jpg,"інші пропорції (1.00 проти 1.68)"
2,SO6517,https://sexopt.com.ua/content/images/42/so6517-77348810756854.jpg,"інші пропорції (1.00 проти 1.68)"
2,SO6516,https://sexopt.com.ua/content/images/41/so6516-62789566875222.jpg,"інші пропорції (1.00 проти 1.68)"
2,SO6515,https://sexopt.com.ua/content/images/40/so6515-43665230875859.jpg,"інші пропорції (1.00 проти 1.68)"
2,SO6514,https://sexopt.com.ua/content/images/39/so6514-86559172165078.jpg,"інші пропорції (1.00 проти 1.68)"
2,SO6513,https://sexopt.com.ua/content/images/38/so6513-35738951615989.jpg,"інші пропорції (1.00 проти 1.68)"
2,SO6512,https://sexopt.com.ua/content/images/37/so6512-75964883855160.jpg,"інші пропорції (1.00 проти 1.68)"
2,SO6511,https://sexopt.com.ua/content/images/36/so6511-87076194499824.jpg,"інші пропорції (1.00 проти 1.68)"
2,SO6510,https://sexopt.com.ua/content/images/35/so6510-94006450499887.jpg,"інші пропорції (1.00 проти 1.68)"
2,SO6509,https://sexopt.com.ua/content/images/34/so6509-20814265728851.jpg,"інші пропорції (1.00 проти 1.68)"
2,SO6508,https://sexopt.com.ua/content/images/33/so6508-85749397931602.jpg,"інші пропорції (1.00 проти 1.68)"
2,SO6507,https://sexopt.com.ua/content/images/32/so6507-69605173475992.jpg,"інші пропорції (1.00 проти 1.45)"
2,SO6506,https://sexopt.com.ua/content/images/31/so6506-94690999620073.jpg,"інші пропорції (1.00 проти 1.45)"
2,SO6505,https://sexopt.com.ua/content/images/30/so6505-88571627710342.jpg,"інші пропорції (1.00 проти 1.45)"
2,SO6504,https://sexopt.com.ua/content/images/29/so6504-91994071323501.jpg,"інші пропорції (0.67 проти 1.52)"
2,SO6503,https://sexopt.com.ua/content/images/28/so6503-83924959546302.jpg,"інші пропорції (0.67 проти 1.52)"
2,SO6502,https://sexopt.com.ua/content/images/27/so6502-12202833352865.jpg,"інші пропорції (0.67 проти 1.52)"
2,SO6501,https://sexopt.com.ua/content/images/26/so6501-51433909959253.jpg,"інші пропорції (1.00 проти 1.45)"
2,SO6500,https://sexopt.com.ua/content/images/25/so6500-37365415788719.jpg,"інші пропорції (1.00 проти 1.45)"
2,SO6499,https://sexopt.com.ua/content/images/24/so6499-72490274168373.jpg,"інші пропорції (1.00 проти 1.45)"
2,SO6498,https://sexopt.com.ua/content/images/23/so6498-67260654444979.jpg,"інші пропорції (1.00 проти 1.45)"
2,SO6497,https://sexopt.com.ua/content/images/22/so6497-55899458383290.jpg,"інші пропорції (1.00 проти 1.45)"
2,SO6496,https://sexopt.com.ua/content/images/21/so6496-36880482810918.jpg,"інші пропорції (1.00 проти 1.45)"
2,SO6495,https://sexopt.com.ua/content/images/20/so6495-47552177844930.jpg,"інші пропорції (1.00 проти 1.45)"
2,SO6494,https://sexopt.com.ua/content/images/19/so6494-86868123882511.jpg,"інші пропорції (1.00 проти 1.45)"
2,SO6493,https://sexopt.com.ua/content/images/18/so6493-35689250313970.jpg,"інші пропорції (1.00 проти 1.45)"
2,SO6492,https://sexopt.com.ua/content/images/17/so6492-85062582729416.jpg,"інші пропорції (1.00 проти 1.45)"
2,SO6491,https://sexopt.com.ua/content/images/16/so6491-49617916229478.jpg,"інші пропорції (1.00 проти 1.45)"
2,SO6490,https://sexopt.com.ua/content/images/15/so6490-84741045846616.jpg,"інші пропорції (1.00 проти 1.45)"
2,SO6489,https://sexopt.com.ua/content/images/14/so6489-45306017188804.jpg,"інші пропорції (1.00 проти 1.45)"
2,SO6488,https://sexopt.com.ua/content/images/13/so6488-72168790581851.jpg,"інші пропорції (1.00 проти 1.45)"
2,SO6487,https://sexopt.com.ua/content/images/12/so6487-24308013249581.jpg,"інші пропорції (1.00 проти 1.45)"
2,SO6486,https://sexopt.com.ua/content/images/11/so6486-74865045972748.jpg,"інші пропорції (1.00 проти 1.45)"
2,SO6485,https://sexopt.com.ua/content/images/10/so6485-22538174402370.jpg,"інші пропорції (1.00 проти 1.45)"
2,SO6484,https://sexopt.com.ua/content/images/9/so6484-57968614995829.jpg,"інші пропорції (1.00 проти 1.45)"
2,SO6483,https://sexopt.com.ua/content/images/8/so6483-74781730661611.jpg,"інші пропорції (1.00 проти 1.45)"
2,SO6482,https://sexopt.com.ua/content/images/7/so6482-57077268751835.jpg,"інші пропорції (1.00 проти 1.45)"
2,SO6481,https://sexopt.com.ua/content/images/6/so6481-60829777932995.jpg,"інші пропорції (1.00 проти 1.45)"
2,SO6480,https://sexopt.com.ua/content/images/5/so6480-17490282395638.jpg,"інші пропорції (1.00 проти 1.45)"
2,SO6479,https://sexopt.com.ua/content/images/4/so6479-93062039166688.jpg,"інші пропорції (1.00 проти 1.45)"
2,SO6478,https://sexopt.com.ua/content/images/3/so6478-32815086025057.jpg,"інші пропорції (1.00 проти 1.45)"
2,SO6477,https://sexopt.com.ua/content/images/2/so6477-87339142110623.jpg,"інші пропорції (1.00 проти 1.45)"
2,SO6476,https://sexopt.com.ua/content/images/1/so6476-16975783805502.jpg,"інші пропорції (1.00 проти 1.45)"
2,SO6475,https://sexopt.com.ua/content/images/50/so6475-99856147767595.jpg,"інші пропорції (1.00 проти 1.45)"
2,SO6474,https://sexopt.com.ua/content/images/49/so6474-19539646427466.jpg,"інші пропорції (1.00 проти 1.45)"
2,SO6473,https://sexopt.com.ua/content/images/48/so6473-83896249136332.jpg,"інші пропорції (1.00 проти 1.45)"
2,SO6472,https://sexopt.com.ua/content/images/47/so6472-23077688854886.jpg,"інші пропорції (1.00 проти 1.45)"
2,SO6471,https://sexopt.com.ua/content/images/46/so6471-72600733018954.jpg,"інші пропорції (1.00 проти 1.45)"
2,SO6470,https://sexopt.com.ua/content/images/45/so6470-74214175853204.jpg,"інші пропорції (1.00 проти 1.45)"
2,SO6469,https://sexopt.com.ua/content/images/44/so6469-67281083483445.jpg,"інші пропорції (1.00 проти 1.45)"
2,SO6468,https://sexopt.com.ua/content/images/43/so6468-69604903983137.jpg,"інші пропорції (1.00 проти 1.45)"
2,SO6461,https://sexopt.com.ua/content/images/36/so6461-44509129829606.jpg,"інші пропорції (1.00 проти 1.45)"
2,SO6460,https://sexopt.com.ua/content/images/35/so6460-78481317504983.jpg,"інші пропорції (1.00 проти 1.45)"
2,SO6459,https://sexopt.com.ua/content/images/34/so6459-50417868025570.jpg,"інші пропорції (1.00 проти 1.45)"
2,SO6458,https://sexopt.com.ua/content/images/33/so6458-53368935303320.jpg,"інші пропорції (1.00 проти 1.45)"
2,SO6457,https://sexopt.com.ua/content/images/32/so6457-86466269525047.jpg,"інші пропорції (1.00 проти 1.45)"
2,SO6456,https://sexopt.com.ua/content/images/31/so6456-70629912808603.jpg,"інші пропорції (1.00 проти 1.45)"
2,SO6451,https://sexopt.com.ua/content/images/26/so6451-72534321093424.jpg,"інші пропорції (1.00 проти 1.45)"
2,SO6450,https://sexopt.com.ua/content/images/25/so6450-45854569229294.jpg,"інші пропорції (1.00 проти 1.45)"
2,SO6449,https://sexopt.com.ua/content/images/24/so6449-92304934916090.jpg,"інші пропорції (1.00 проти 1.45)"
2,SO6448,https://sexopt.com.ua/content/images/23/so6448-36109535506203.jpg,"інші пропорції (1.00 проти 1.45)"
2,SO6447,https://sexopt.com.ua/content/images/22/so6447-89255967850399.jpg,"інші пропорції (1.00 проти 1.45)"
2,SO6446,https://sexopt.com.ua/content/images/21/so6446-61530328898499.jpg,"інші пропорції (1.00 проти 1.45)"
2,SO6445,https://sexopt.com.ua/content/images/20/so6445-59828473045646.jpg,"інші пропорції (1.00 проти 1.45)"
2,SO6444,https://sexopt.com.ua/content/images/19/so6444-76875143490177.jpg,"інші пропорції (1.00 проти 1.45)"
2,SO6443,https://sexopt.com.ua/content/images/18/so6443-15045029336444.jpg,"інші пропорції (1.00 проти 1.45)"
2,SO6442,https://sexopt.com.ua/content/images/17/so6442-19368670861878.jpg,"інші пропорції (1.00 проти 1.45)"
2,SO6441,https://sexopt.com.ua/content/images/16/so6441-58762279329392.jpg,"інші пропорції (1.00 проти 1.45)"
2,SO6440,https://sexopt.com.ua/content/images/15/so6440-26836652756575.jpg,"інші пропорції (1.00 проти 1.45)"
2,SO6439,https://sexopt.com.ua/content/images/14/so6439-76504327775070.jpg,"інші пропорції (1.00 проти 1.45)"
2,SO6438,https://sexopt.com.ua/content/images/13/so6438-68294105702595.jpg,"інші пропорції (1.00 проти 1.45)"
2,SO6437,https://sexopt.com.ua/content/images/12/so6437-11252323398363.jpg,"інші пропорції (1.00 проти 1.45)"
2,SO6436,https://sexopt.com.ua/content/images/11/so6436-55548773920487.jpg,"інші пропорції (1.00 проти 1.45)"
2,SO6435,https://sexopt.com.ua/content/images/10/so6435-21155763385047.jpg,"інші пропорції (1.00 проти 1.45)"
2,SO6434,https://sexopt.com.ua/content/images/9/so6434-69281433296615.jpg,"інші пропорції (1.00 проти 1.45)"
2,SO6433,https://sexopt.com.ua/content/images/8/so6433-66710165741881.jpg,"інші пропорції (1.00 проти 1.45)"
2,SO6432,https://sexopt.com.ua/content/images/7/so6432-19216015194335.jpg,"інші пропорції (1.00 проти 1.45)"
2,SO6431,https://sexopt.com.ua/content/images/6/so6431-44055932775003.jpg,"інші пропорції (1.00 проти 1.45)"
2,SO6430,https://sexopt.com.ua/content/images/5/so6430-74669485564610.jpg,"інші пропорції (1.00 проти 1.45)"
2,SO6429,https://sexopt.com.ua/content/images/4/so6429-95315634743320.jpg,"інші пропорції (1.00 проти 1.45)"
2,SO6428,https://sexopt.com.ua/content/images/3/so6428-91397925623492.jpg,"інші пропорції (1.00 проти 1.45)"
2,SO6427,https://sexopt.com.ua/content/images/2/so6427-36893138392312.jpg,"інші пропорції (1.00 проти 1.45)"
2,SO6426,https://sexopt.com.ua/content/images/1/so6426-80787436903358.jpg,"інші пропорції (1.00 проти 1.45)"
2,SO5973,http://sexopt.com.ua/content/images/26/so5973-60297906680150.jpg,"інші пропорції (0.80 проти 0.50)"
2,SO5629,https://sexopt.com.ua/content/images/20/kombidress-lakirovannyy-belyy-derzkaya-stella-l-molniya-na-vse-telo-28721715665636.jpg,"інші пропорції (0.82 проти 1.03)"
2,SO5628,https://sexopt.com.ua/content/images/19/kombidress-lakirovannyy-belyy-derzkaya-stella-m-molniya-na-vse-telo-81800770581709.jpg,"інші пропорції (0.82 проти 1.03)"
2,SO5627,https://sexopt.com.ua/content/images/18/kombidress-lakirovannyy-belyy-derzkaya-stella-xs-s-molniya-na-vse-telo-84149189749056.jpg,"інші пропорції (0.82 проти 1.03)"
2,SO5626,https://sexopt.com.ua/content/images/17/kombidress-lakirovannyy-krasnyy-derzkaya-stella-l-molniya-na-vse-telo-41505230943464.jpg,"інші пропорції (0.79 проти 0.95)"
2,SO5625,https://sexopt.com.ua/content/images/16/kombidress-lakirovannyy-krasnyy-derzkaya-stella-m-molniya-na-vse-telo-95058863709711.jpg,"інші пропорції (0.79 проти 0.95)"
2,SO5624,https://sexopt.com.ua/content/images/15/kombidress-lakirovannyy-krasnyy-derzkaya-stella-xs-s-molniya-na-vse-telo-43416262380213.jpg,"інші пропорції (0.79 проти 0.95)"
2,SO5619,https://sexopt.com.ua/content/images/10/kombidress-lakirovannyy-rozovyy-derzkaya-stellaxl-molniya-na-vse-telo-39422205341587.jpg,"інші пропорції (0.75 проти 0.94)"
2,SO5618,https://sexopt.com.ua/content/images/9/kombidress-lakirovannyy-rozovyy-derzkaya-stella-l-molniya-na-vse-telo-71797467977042.jpg,"інші пропорції (0.75 проти 0.94)"
2,SO5617,https://sexopt.com.ua/content/images/8/kombidress-lakirovannyy-rozovyy-derzkaya-stella-m-molniya-na-vse-telo-54895869651927.jpg,"інші пропорції (0.75 проти 0.94)"
2,SO5616,https://sexopt.com.ua/content/images/7/kombidress-lakirovannyy-rozovyy-derzkaya-stella-xs-s-molniya-na-vse-telo-77131021718931.jpg,"інші пропорції (0.75 проти 0.94)"
2,SO5051,https://sexopt.com.ua/content/images/26/so5051-32339046777276.jpg,"інші пропорції (0.75 проти 0.95)"
2,SO5036,https://sexopt.com.ua/content/images/34/42728397928271.jpg,"інші пропорції (0.75 проти 0.95)"
2,SO5035,https://sexopt.com.ua/content/images/33/12193292778878.jpg,"інші пропорції (0.75 проти 0.95)"
2,SO4937,https://sexopt.com.ua/content/images/21/26059836155507.jpg,"інші пропорції (0.67 проти 0.90)"
2,SO4936,https://sexopt.com.ua/content/images/20/74761360707289.jpg,"інші пропорції (0.67 проти 0.90)"
2,SO4935,https://sexopt.com.ua/content/images/19/57536185054800.jpg,"інші пропорції (0.67 проти 0.90)"
2,SO4934,https://sexopt.com.ua/content/images/18/so4934-63324808264994.jpg,"інші пропорції (0.75 проти 0.95)"
2,SO4705,https://sexopt.com.ua/content/images/36/77103476988144.jpg,"інші пропорції (0.67 проти 1.44)"
2,SO4453,https://sexopt.com.ua/content/images/35/44736675715959.jpg,"інші пропорції (0.75 проти 0.94)"
2,SO4057,https://sexopt.com.ua/content/images/10/so4057-40762222427995.jpg,"інші пропорції (0.67 проти 1.44)"
2,SO4050,https://sexopt.com.ua/content/images/8/so4050-59210595226346.jpg,"інші пропорції (0.67 проти 1.44)"
2,SO3918,https://sexopt.com.ua/content/images/9/so3918-52069781925567.jpg,"інші пропорції (0.75 проти 0.94)"
2,SO3917,https://sexopt.com.ua/content/images/8/so3917-46163996385318.jpg,"інші пропорції (0.75 проти 0.94)"
2,SO3916,https://sexopt.com.ua/content/images/7/so3916-65788039203486.jpg,"інші пропорції (0.75 проти 0.94)"
2,SO3915,https://sexopt.com.ua/content/images/6/so3915-35565258568894.jpg,"інші пропорції (0.75 проти 0.94)"
1,SX4503,https://sexopt.com.ua/content/images/46/46863109375036.jpg,"найменше фото в картці"
1,SX4502,https://sexopt.com.ua/content/images/45/32491571350863.jpg,"найменше фото в картці"
1,SX4322,https://sexopt.com.ua/content/images/20/sx4322-26084981576095.jpg,"найменше фото в картці"
1,SX4291,https://sexopt.com.ua/content/images/25/sx4291-38480534293807.jpg,"найменше фото в картці"
1,SX4287,https://sexopt.com.ua/content/images/21/sx4287-53755787027102.jpg,"найменше фото в картці"
1,SX4171,https://sexopt.com.ua/content/images/45/sx4171-29015729098947.jpg,"найменше фото в картці"
1,SX4170,https://sexopt.com.ua/content/images/44/sx4170-32314966719787.jpg,"найменше фото в картці"
1,SX4169,https://sexopt.com.ua/content/images/43/sx4169-82739344338154.jpg,"найменше фото в картці"
1,SX4168,https://sexopt.com.ua/content/images/42/sx4168-59044821768578.jpg,"найменше фото в картці"
1,SX4167,https://sexopt.com.ua/content/images/41/sx4167-91569351093947.jpg,"найменше фото в картці"
1,SX3750,https://sexopt.com.ua/content/images/50/sx3750-67166720064658.jpg,"найменше фото в картці"
1,SX3749,https://sexopt.com.ua/content/images/49/sx3749-97251419686021.jpg,"найменше фото в картці"
1,SX3748,https://sexopt.com.ua/content/images/48/sx3748-52272319541951.jpg,"найменше фото в картці"
1,SX3747,https://sexopt.com.ua/content/images/44/sx3747-80107916177682.jpg,"найменше фото в картці"
1,SX3745,https://sexopt.com.ua/content/images/43/sx3745-13608809539249.jpg,"найменше фото в картці"
1,SX3744,https://sexopt.com.ua/content/images/42/sx3744-28054241350986.jpg,"найменше фото в картці"
1,SX3738,https://sexopt.com.ua/content/images/36/sx3738-43882847277398.jpg,"найменше фото в картці"
1,SX3535,https://sexopt.com.ua/content/images/44/30170532125658.jpg,"найменше фото в картці"
1,SX3526,https://sexopt.com.ua/content/images/31/sx3526-68307212849480.jpg,"найменше фото в картці"
1,SX3464,https://sexopt.com.ua/content/images/49/sx3464-75048460198552.jpg,"найменше фото в картці"
1,SX3457,https://sexopt.com.ua/content/images/45/sx3457-31228600710511.jpg,"найменше фото в картці"
1,SX3456,https://sexopt.com.ua/content/images/47/sx3456-19385393845682.jpg,"найменше фото в картці"
1,SX3455,https://sexopt.com.ua/content/images/44/sx3455-77983594384696.jpg,"найменше фото в картці"
1,SX3441,https://sexopt.com.ua/content/images/46/33361623223711.jpg,"найменше фото в картці"
1,SX3440,https://sexopt.com.ua/content/images/48/97986616704422.jpg,"найменше фото в картці"
1,SX3427,https://sexopt.com.ua/content/images/7/sx3427-86087423824309.jpg,"найменше фото в картці"
1,SX3425,https://sexopt.com.ua/content/images/50/sx3425-58082949880228.jpg,"найменше фото в картці"
1,SX3424,https://sexopt.com.ua/content/images/44/sx3424-33405851622178.jpg,"найменше фото в картці"
1,SX3395,https://sexopt.com.ua/content/images/9/85658117844906.jpg,"найменше фото в картці"
1,SX3394,https://sexopt.com.ua/content/images/8/81308448258875.jpg,"найменше фото в картці"
1,SX3391,https://sexopt.com.ua/content/images/2/52965700816826.jpg,"найменше фото в картці"
1,SX3390,https://sexopt.com.ua/content/images/1/40264010439230.jpg,"найменше фото в картці"
1,SX3389,https://sexopt.com.ua/content/images/46/79169679530744.jpg,"найменше фото в картці"
1,SX3388,https://sexopt.com.ua/content/images/45/46739146091811.jpg,"найменше фото в картці"
1,SX3338,https://sexopt.com.ua/content/images/33/sx3338-30295831392514.jpg,"найменше фото в картці"
1,SX3337,https://sexopt.com.ua/content/images/32/sx3337-78168940385590.jpg,"найменше фото в картці"
1,SX3336,https://sexopt.com.ua/content/images/31/sx3336-44804880252557.jpg,"найменше фото в картці"
1,SX3335,https://sexopt.com.ua/content/images/30/sx3335-45744757249868.jpg,"найменше фото в картці"
1,SX3334,https://sexopt.com.ua/content/images/29/sx3334-15963851109834.jpg,"найменше фото в картці"
1,SX3329,https://sexopt.com.ua/content/images/24/sx3329-37860438460041.jpg,"найменше фото в картці"
1,SX3326,https://sexopt.com.ua/content/images/21/sx3326-99133063677729.jpg,"найменше фото в картці"
1,SX3325,https://sexopt.com.ua/content/images/20/sx3325-88381996371432.jpg,"найменше фото в картці"
1,SX3324,https://sexopt.com.ua/content/images/19/sx3324-61744594545355.jpg,"найменше фото в картці"
1,SX3323,https://sexopt.com.ua/content/images/18/sx3323-75423655823040.jpg,"найменше фото в картці"
1,SX3322,https://sexopt.com.ua/content/images/17/sx3322-91694017465708.jpg,"найменше фото в картці"
1,SX3318,https://sexopt.com.ua/content/images/13/sx3318-77168446623933.jpg,"найменше фото в картці"
1,SX3017,https://sexopt.com.ua/content/images/2/sx3017-37097113142071.jpg,"найменше фото в картці"
1,SX2964,https://sexopt.com.ua/content/images/42/sx2964-91069268745475.jpg,"найменше фото в картці"
1,SX2963,https://sexopt.com.ua/content/images/41/sx2963-17024439454414.jpg,"найменше фото в картці"
1,SX2962,https://sexopt.com.ua/content/images/40/sx2962-17213073109696.jpg,"найменше фото в картці"
1,SX2507,https://sexopt.com.ua/content/images/26/sx2507-49461283156979.jpg,"найменше фото в картці"
1,SX2506,https://sexopt.com.ua/content/images/25/sx2506-15659676961892.jpg,"найменше фото в картці"
1,SX2442,https://sexopt.com.ua/content/images/39/78120036079370.jpg,"найменше фото в картці"
1,SX2438,https://sexopt.com.ua/content/images/35/73122811088915.jpg,"найменше фото в картці"
1,SX2434,https://sexopt.com.ua/content/images/9/93537111381141.jpg,"найменше фото в картці"
1,SX2397,https://sexopt.com.ua/content/images/36/sx2397-17715572042804.jpg,"найменше фото в картці"
1,SX2376,https://sexopt.com.ua/content/images/4/51671067343872.jpg,"найменше фото в картці"
1,SX2375,https://sexopt.com.ua/content/images/5/sx2375-43398344101287.jpg,"найменше фото в картці"
1,SX2372,https://sexopt.com.ua/content/images/50/sx2372-80019860894694.jpg,"найменше фото в картці"
1,SX2370,https://sexopt.com.ua/content/images/38/98821123056398.jpg,"найменше фото в картці"
1,SX2369,https://sexopt.com.ua/content/images/37/67413896902356.jpg,"найменше фото в картці"
1,SX2359,https://sexopt.com.ua/content/images/19/33389223842435.jpg,"найменше фото в картці"
1,SX2358,https://sexopt.com.ua/content/images/23/sx2358-75153803767747.jpg,"найменше фото в картці"
1,SX2356,https://sexopt.com.ua/content/images/22/sx2356-32752585650523.jpg,"найменше фото в картці"
1,SX2353,https://sexopt.com.ua/content/images/18/sx2353-33939461506142.jpg,"найменше фото в картці"
1,SX2350,https://sexopt.com.ua/content/images/15/30211339393392.jpg,"найменше фото в картці"
1,SX2349,https://sexopt.com.ua/content/images/14/43115134406464.jpg,"найменше фото в картці"
1,SX2348,https://sexopt.com.ua/content/images/13/sx2348-30960657435137.jpg,"найменше фото в картці"
1,SX2347,https://sexopt.com.ua/content/images/12/73251255988106.jpg,"найменше фото в картці"
1,SX2346,https://sexopt.com.ua/content/images/11/36215086823520.jpg,"найменше фото в картці"
1,SX2345,https://sexopt.com.ua/content/images/10/sx2345-22719644468263.jpg,"найменше фото в картці"
1,SX2277,https://sexopt.com.ua/content/images/4/sx2277-40360566994774.jpg,"найменше фото в картці"
1,SX2192,https://sexopt.com.ua/content/images/2/sx2192-74550648406027.jpg,"найменше фото в картці"
1,SX2191,https://sexopt.com.ua/content/images/1/sx2191-81756193830474.jpeg,"найменше фото в картці"
1,SX2190,https://sexopt.com.ua/content/images/50/sx2190-47150334068009.jpg,"найменше фото в картці"
1,SX2151,https://sexopt.com.ua/content/images/24/sx2151-54334845739786.jpg,"найменше фото в картці"
1,SX1948,https://sexopt.com.ua/content/images/33/sx1948-60721803973885.jpg,"найменше фото в картці"
1,SX1947,https://sexopt.com.ua/content/images/36/sx1947-49795451201552.jpg,"найменше фото в картці"
1,SX1946,https://sexopt.com.ua/content/images/35/sx1946-73636131677963.jpg,"найменше фото в картці"
1,SX1944,https://sexopt.com.ua/content/images/33/sx1944-24584797233942.jpg,"найменше фото в картці"
1,SX1943,https://sexopt.com.ua/content/images/32/sx1943-34384959928713.jpg,"найменше фото в картці"
1,SX1942,https://sexopt.com.ua/content/images/31/sx1942-90271203245769.jpg,"найменше фото в картці"
1,SX1941,https://sexopt.com.ua/content/images/30/sx1941-29089107637959.jpg,"найменше фото в картці"
1,SX1939,https://sexopt.com.ua/content/images/28/sx1939-81385747472743.jpg,"найменше фото в картці"
1,SX1938,https://sexopt.com.ua/content/images/27/sx1938-19762243460776.jpg,"найменше фото в картці"
1,SX1936,https://sexopt.com.ua/content/images/25/sx1936-51538911892977.jpg,"найменше фото в картці"
1,SX1935,https://sexopt.com.ua/content/images/24/sx1935-56917052041791.jpg,"найменше фото в картці"
1,SX1910,https://sexopt.com.ua/content/images/39/sx1910-30420705653876.jpg,"найменше фото в картці"
1,SX1909,https://sexopt.com.ua/content/images/38/sx1909-25511096148898.jpg,"найменше фото в картці"
1,SX1908,https://sexopt.com.ua/content/images/37/sx1908-79533598751376.jpg,"найменше фото в картці"
1,SX1818,https://sexopt.com.ua/content/images/10/sx1818-54540556673976.jpg,"найменше фото в картці"
1,SX1814,https://sexopt.com.ua/content/images/8/sx1814-67453103613714.jpg,"найменше фото в картці"
1,SX1813,https://sexopt.com.ua/content/images/13/sx1813-17342886220375.jpg,"найменше фото в картці"
1,SX1811,https://sexopt.com.ua/content/images/12/sx1811-12051759371264.jpg,"найменше фото в картці"
1,SX1810,https://sexopt.com.ua/content/images/11/sx1810-86555386438406.jpg,"найменше фото в картці"
1,SX1809,https://sexopt.com.ua/content/images/10/sx1809-47918726593771.jpg,"найменше фото в картці"
1,SX1807,https://sexopt.com.ua/content/images/9/sx1807-14055431671314.jpg,"найменше фото в картці"
1,SX1806,https://sexopt.com.ua/content/images/8/sx1806-88657265624036.jpg,"найменше фото в картці"
1,SX1795,https://sexopt.com.ua/content/images/47/sx1795-24089973165394.jpg,"найменше фото в картці"
1,SX1789,https://sexopt.com.ua/content/images/7/sx1789-71167548165140.jpg,"найменше фото в картці"
1,SX1788,https://sexopt.com.ua/content/images/6/sx1788-78670723778363.jpg,"найменше фото в картці"
1,SX1785,https://sexopt.com.ua/content/images/43/sx1785-28413910009803.jpg,"найменше фото в картці"
1,SX1784,https://sexopt.com.ua/content/images/42/sx1784-41331672040346.jpg,"найменше фото в картці"
1,SX1783,https://sexopt.com.ua/content/images/41/sx1783-18212941215258.jpg,"найменше фото в картці"
1,SX1782,https://sexopt.com.ua/content/images/40/sx1782-34122113938876.jpg,"найменше фото в картці"
1,SX1781,https://sexopt.com.ua/content/images/39/sx1781-20631735567956.jpg,"найменше фото в картці"
1,SX1778,https://sexopt.com.ua/content/images/36/sx1778-13447309874735.jpg,"найменше фото в картці"
1,SX1777,https://sexopt.com.ua/content/images/5/sx1777-71506669727197.jpg,"найменше фото в картці"
1,SX1776,https://sexopt.com.ua/content/images/35/sx1776-48003451626170.jpg,"найменше фото в картці"
1,SX1775,https://sexopt.com.ua/content/images/4/sx1775-55821688303239.jpg,"найменше фото в картці"
1,SX1769,https://sexopt.com.ua/content/images/29/sx1769-29371479173742.jpg,"найменше фото в картці"
1,SX1768,https://sexopt.com.ua/content/images/3/sx1768-49752148521751.jpg,"найменше фото в картці"
1,SX1711,https://sexopt.com.ua/content/images/45/sx1711-99438189904796.jpg,"найменше фото в картці"
1,SX1709,https://sexopt.com.ua/content/images/43/sx1709-62871902968096.jpg,"найменше фото в картці"
1,SX1555,https://sexopt.com.ua/content/images/48/sx1555-30083355111095.jpg,"найменше фото в картці"
1,SX1554,https://sexopt.com.ua/content/images/47/sx1554-37449698551391.jpg,"найменше фото в картці"
1,SX1553,https://sexopt.com.ua/content/images/46/sx1553-68324162497253.jpg,"найменше фото в картці"
1,SX1546,https://sexopt.com.ua/content/images/39/sx1546-20291321219434.jpg,"найменше фото в картці"
1,SX1545,https://sexopt.com.ua/content/images/38/sx1545-55674598228388.jpg,"найменше фото в картці"
1,SX1544,https://sexopt.com.ua/content/images/37/sx1544-55614171537144.jpg,"найменше фото в картці"
1,SX1543,https://sexopt.com.ua/content/images/36/sx1543-60034419565561.jpg,"найменше фото в картці"
1,SX1535,https://sexopt.com.ua/content/images/28/sx1535-90567762386559.jpg,"найменше фото в картці"
1,SX1534,https://sexopt.com.ua/content/images/27/sx1534-54365681311000.jpg,"найменше фото в картці"
1,SX1533,https://sexopt.com.ua/content/images/26/sx1533-23057935061363.jpg,"найменше фото в картці"
1,SX1526,https://sexopt.com.ua/content/images/19/sx1526-59570887857847.jpg,"найменше фото в картці"
1,SX1524,https://sexopt.com.ua/content/images/17/sx1524-35772608483259.jpg,"найменше фото в картці"
1,SX1523,https://sexopt.com.ua/content/images/16/sx1523-36049493498354.jpg,"найменше фото в картці"
1,SX1521,https://sexopt.com.ua/content/images/14/sx1521-58933441750243.jpg,"найменше фото в картці"
1,SX1510,https://sexopt.com.ua/content/images/3/sx1510-60080423879699.jpg,"найменше фото в картці"
1,SX1509,https://sexopt.com.ua/content/images/2/sx1509-31437386275006.jpg,"найменше фото в картці"
1,SX1508,https://sexopt.com.ua/content/images/1/sx1508-14471894042796.jpg,"найменше фото в картці"
1,SX1507,https://sexopt.com.ua/content/images/50/sx1507-61557728195845.jpg,"найменше фото в картці"
1,SX1506,https://sexopt.com.ua/content/images/49/sx1506-20828035002560.jpg,"найменше фото в картці"
1,SX1504,https://sexopt.com.ua/content/images/47/sx1504-58912835950126.jpg,"найменше фото в картці"
1,SX1502,https://sexopt.com.ua/content/images/45/sx1502-75063550851553.jpg,"найменше фото в картці"
1,SX1497,https://sexopt.com.ua/content/images/40/sx1497-54280447984745.jpg,"найменше фото в картці"
1,SX1495,https://sexopt.com.ua/content/images/38/sx1495-94533094656799.jpg,"найменше фото в картці"
1,SX1494,https://sexopt.com.ua/content/images/37/sx1494-58361559593964.jpg,"найменше фото в картці"
1,SX1493,https://sexopt.com.ua/content/images/36/sx1493-37353179435718.jpg,"найменше фото в картці"
1,SX1492,https://sexopt.com.ua/content/images/35/sx1492-40713516779439.jpg,"найменше фото в картці"
1,SX1491,https://sexopt.com.ua/content/images/34/sx1491-40112224914678.jpg,"найменше фото в картці"
1,SX0765,https://sexopt.com.ua/content/images/31/sx0765-96426289537250.jpg,"найменше фото в картці"
1,SX0743,https://sexopt.com.ua/content/images/9/sx0743-42496238918938.jpg,"найменше фото в картці"
1,SX0742,https://sexopt.com.ua/content/images/8/sx0742-96690386464582.jpg,"найменше фото в картці"
1,SX0741,https://sexopt.com.ua/content/images/7/sx0741-18927703602516.jpg,"найменше фото в картці"
1,SX0740,https://sexopt.com.ua/content/images/6/sx0740-66423073409707.jpg,"найменше фото в картці"
1,SX0511,https://sexopt.com.ua/content/images/12/sx0511-22129282814321.jpg,"найменше фото в картці"
1,SX0510,https://sexopt.com.ua/content/images/11/sx0510-86255687407482.jpg,"найменше фото в картці"
1,SX0509,https://sexopt.com.ua/content/images/10/sx0509-97480448187761.jpg,"найменше фото в картці"
1,SX0502,https://sexopt.com.ua/content/images/47/sx0502-59924580833510.jpg,"найменше фото в картці"
1,SX0501,https://sexopt.com.ua/content/images/46/sx0501-73564948170314.jpg,"найменше фото в картці"
1,SX0500,https://sexopt.com.ua/content/images/45/sx0500-37142371342339.jpg,"найменше фото в картці"
1,SX0499,https://sexopt.com.ua/content/images/42/sx0499-53395674730400.jpg,"найменше фото в картці"
1,SX0498,https://sexopt.com.ua/content/images/41/sx0498-64116930733571.jpg,"найменше фото в картці"
1,SX0496,https://sexopt.com.ua/content/images/9/sx0496-72123629822516.jpg,"найменше фото в картці"
1,SX0495,https://sexopt.com.ua/content/images/8/sx0495-14772477351058.jpg,"найменше фото в картці"
1,SX0494,https://sexopt.com.ua/content/images/7/sx0494-81175772152193.jpg,"найменше фото в картці"
1,SX0493,https://sexopt.com.ua/content/images/6/sx0493-30269067499770.jpg,"найменше фото в картці"
1,SX0492,https://sexopt.com.ua/content/images/5/sx0492-46033127380342.jpg,"найменше фото в картці"
1,SX0491,https://sexopt.com.ua/content/images/4/sx0491-94612047129695.jpg,"найменше фото в картці"
1,SX0484,https://sexopt.com.ua/content/images/39/sx0484-18778742387299.jpg,"найменше фото в картці"
1,SX0483,https://sexopt.com.ua/content/images/38/sx0483-73900409809427.jpg,"найменше фото в картці"
1,SX0482,https://sexopt.com.ua/content/images/37/sx0482-54674430070754.jpg,"найменше фото в картці"
1,SX0481,https://sexopt.com.ua/content/images/3/sx0481-43461012703018.jpg,"найменше фото в картці"
1,SX0480,https://sexopt.com.ua/content/images/2/sx0480-83085836053735.jpg,"найменше фото в картці"
1,SX0479,https://sexopt.com.ua/content/images/1/sx0479-98224560659049.jpg,"найменше фото в картці"
1,SX0478,https://sexopt.com.ua/content/images/18/sx0478-55313004823911.jpg,"найменше фото в картці"
1,SX0477,https://sexopt.com.ua/content/images/17/sx0477-14281006185729.jpg,"найменше фото в картці"
1,SX0476,https://sexopt.com.ua/content/images/16/sx0476-33918942119409.jpg,"найменше фото в картці"
1,SX0472,https://sexopt.com.ua/content/images/41/sx0472-94317173722721.jpg,"найменше фото в картці"
1,SX0471,https://sexopt.com.ua/content/images/40/sx0471-95563488152894.jpg,"найменше фото в картці"
1,SX0470,https://sexopt.com.ua/content/images/39/sx0470-24687721293515.jpg,"найменше фото в картці"
1,SX0469,https://sexopt.com.ua/content/images/36/sx0469-67309580852114.jpg,"найменше фото в картці"
1,SX0468,https://sexopt.com.ua/content/images/35/sx0468-26403688261285.jpg,"найменше фото в картці"
1,SX0467,https://sexopt.com.ua/content/images/34/sx0467-31639769731485.jpg,"найменше фото в картці"
1,SX0454,https://sexopt.com.ua/content/images/3/sx0454-19691395078135.jpg,"найменше фото в картці"
1,SX0441,https://sexopt.com.ua/content/images/40/sx0441-54179181415446.jpg,"найменше фото в картці"
1,SX0440,https://sexopt.com.ua/content/images/39/50361769537323.jpg,"найменше фото в картці"
1,SX0424,https://sexopt.com.ua/content/images/22/53793817336334.jpg,"найменше фото в картці"
1,SX0423,https://sexopt.com.ua/content/images/21/sx0423-19330527052413.jpg,"найменше фото в картці"
1,SX0422,https://sexopt.com.ua/content/images/20/79751285457569.jpg,"найменше фото в картці"
1,SX0416,https://sexopt.com.ua/content/images/14/sx0416-29703816003396.jpg,"найменше фото в картці"
1,SX0411,https://sexopt.com.ua/content/images/9/sx0411-47164156718542.jpg,"найменше фото в картці"
1,SX0409,https://sexopt.com.ua/content/images/7/sx0409-25100675657877.jpg,"найменше фото в картці"
1,SX0408,https://sexopt.com.ua/content/images/6/sx0408-45684185830276.jpg,"найменше фото в картці"
1,SX0407,https://sexopt.com.ua/content/images/5/sx0407-64656155867337.jpg,"найменше фото в картці"
1,SX0406,https://sexopt.com.ua/content/images/4/sx0406-31648976807339.jpg,"найменше фото в картці"
1,SX0405,https://sexopt.com.ua/content/images/3/sx0405-21778260028293.jpg,"найменше фото в картці"
1,SX0404,https://sexopt.com.ua/content/images/50/sx0404-93316155292690.jpg,"найменше фото в картці"
1,SX0403,https://sexopt.com.ua/content/images/49/sx0403-27473284118279.jpg,"найменше фото в картці"
1,SX0402,https://sexopt.com.ua/content/images/48/sx0402-34321532705398.jpg,"найменше фото в картці"
1,SX0401,https://sexopt.com.ua/content/images/47/sx0401-75219378892879.jpg,"найменше фото в картці"
1,SO9708,https://sexopt.com.ua/content/images/39/so9708-34732997110983.jpg,"найменше фото в картці"
1,SO9276,https://sexopt.com.ua/content/images/4/so9276-86587033848710.jpg,"найменше фото в картці"
1,SO9275,https://sexopt.com.ua/content/images/16/so9275-95472895207903.jpg,"найменше фото в картці"
1,SO9269,https://sexopt.com.ua/content/images/6/so9269-88572764796121.jpg,"найменше фото в картці"
1,SO9268,https://sexopt.com.ua/content/images/5/so9268-11952891946228.jpg,"найменше фото в картці"
1,SO9262,https://sexopt.com.ua/content/images/19/so9262-48047679756897.jpg,"найменше фото в картці"
1,SO9259,https://sexopt.com.ua/content/images/12/so9259-79582241216345.jpg,"найменше фото в картці"
1,SO9258,https://sexopt.com.ua/content/images/11/so9258-79856082568197.jpg,"найменше фото в картці"
1,SO9257,https://sexopt.com.ua/content/images/23/so9257-84669605839688.jpg,"найменше фото в картці"
1,SO9256,https://sexopt.com.ua/content/images/24/so9256-44218846527139.jpg,"найменше фото в картці"
1,SO9255,https://sexopt.com.ua/content/images/18/so9255-92224799053729.jpg,"найменше фото в картці"
1,SO9254,https://sexopt.com.ua/content/images/17/so9254-87530041360227.jpg,"найменше фото в картці"
1,SO9252,https://sexopt.com.ua/content/images/10/so9252-20020490497174.jpg,"найменше фото в картці"
1,SO9251,https://sexopt.com.ua/content/images/9/so9251-98660555725809.jpg,"найменше фото в картці"
1,SO9249,https://sexopt.com.ua/content/images/8/so9249-50279410275147.jpg,"найменше фото в картці"
1,SO9248,https://sexopt.com.ua/content/images/7/so9248-94853228361358.jpg,"найменше фото в картці"
1,SO9241,https://sexopt.com.ua/content/images/22/so9241-47729070695730.jpg,"найменше фото в картці"
1,SO9240,https://sexopt.com.ua/content/images/21/so9240-83229203867016.jpg,"найменше фото в картці"
1,SO9239,https://sexopt.com.ua/content/images/20/so9239-35082566171757.jpg,"найменше фото в картці"
1,SO9238,https://sexopt.com.ua/content/images/13/so9238-79522535750927.jpg,"найменше фото в картці"
1,SO9237,https://sexopt.com.ua/content/images/27/so9237-68906634338522.jpg,"найменше фото в картці"
1,SO9236,https://sexopt.com.ua/content/images/26/so9236-72586577297940.jpg,"найменше фото в картці"
1,SO9235,https://sexopt.com.ua/content/images/25/so9235-58291085831818.jpg,"найменше фото в картці"
1,SO8962,https://sexopt.com.ua/content/images/49/so8962-49541262301840.jpg,"найменше фото в картці"
1,SO8961,https://sexopt.com.ua/content/images/48/so8961-89209983419589.jpg,"найменше фото в картці"
1,SO8960,https://sexopt.com.ua/content/images/47/so8960-28753987708681.jpg,"найменше фото в картці"
1,SO8959,https://sexopt.com.ua/content/images/46/so8959-29683261575326.jpg,"найменше фото в картці"
1,SO8958,https://sexopt.com.ua/content/images/45/so8958-17181705272915.jpg,"найменше фото в картці"
1,SO8957,https://sexopt.com.ua/content/images/44/so8957-49209314660971.jpg,"найменше фото в картці"
1,SO8956,https://sexopt.com.ua/content/images/43/so8956-13690992973222.jpg,"найменше фото в картці"
1,SO8955,https://sexopt.com.ua/content/images/42/so8955-81378765419878.jpg,"найменше фото в картці"
1,SO8954,https://sexopt.com.ua/content/images/41/so8954-99295336691892.jpg,"найменше фото в картці"
1,SO8953,https://sexopt.com.ua/content/images/40/so8953-68308283831245.jpg,"найменше фото в картці"
1,SO8952,https://sexopt.com.ua/content/images/39/so8952-58970024870001.jpg,"найменше фото в картці"
1,SO8951,https://sexopt.com.ua/content/images/38/so8951-76161811050715.jpg,"найменше фото в картці"
1,SO8950,https://sexopt.com.ua/content/images/37/so8950-64126689703511.jpg,"найменше фото в картці"
1,SO8949,https://sexopt.com.ua/content/images/36/so8949-68142916343011.jpg,"найменше фото в картці"
1,SO8948,https://sexopt.com.ua/content/images/35/so8948-65804509932568.jpg,"найменше фото в картці"
1,SO8947,https://sexopt.com.ua/content/images/34/so8947-18285344389810.jpg,"найменше фото в картці"
1,SO8531,https://sexopt.com.ua/content/images/19/so8531-15875213075205.jpg,"найменше фото в картці"
1,SO8529,https://sexopt.com.ua/content/images/17/so8529-87886857712615.jpg,"найменше фото в картці"
1,SO8518,https://sexopt.com.ua/content/images/19/so8518-26662914540859.jpg,"найменше фото в картці"
1,SO8505,https://sexopt.com.ua/content/images/49/28803465252845.jpg,"найменше фото в картці"
1,SO8503,https://sexopt.com.ua/content/images/47/11631833918250.jpg,"найменше фото в картці"
1,SO8502,https://sexopt.com.ua/content/images/46/72389615376309.jpg,"найменше фото в картці"
1,SO8501,https://sexopt.com.ua/content/images/45/97061993887828.jpg,"найменше фото в картці"
1,SO8500,https://sexopt.com.ua/content/images/44/so8500-76736401278798.jpg,"найменше фото в картці"
1,SO8495,https://sexopt.com.ua/content/images/15/so8495-93039104847021.jpg,"найменше фото в картці"
1,SO8494,https://sexopt.com.ua/content/images/14/so8494-36318103150092.jpg,"найменше фото в картці"
1,SO8493,https://sexopt.com.ua/content/images/13/so8493-59259759480459.jpg,"найменше фото в картці"
1,SO8131,https://sexopt.com.ua/content/images/33/so8131-77490325601923.jpg,"найменше фото в картці"
1,SO8130,https://sexopt.com.ua/content/images/32/so8130-28355738487734.jpg,"найменше фото в картці"
1,SO8041,https://sexopt.com.ua/content/images/3/so8041-39068521877726.jpg,"найменше фото в картці"
1,SO8040,https://sexopt.com.ua/content/images/2/so8040-99220536461162.jpg,"найменше фото в картці"
1,SO8039,https://sexopt.com.ua/content/images/1/so8039-43379442852079.jpg,"найменше фото в картці"
1,SO7639,https://sexopt.com.ua/content/images/41/so7639-77848204426253.jpg,"найменше фото в картці"
1,SO7481,https://sexopt.com.ua/content/images/26/so7481-87280084501982.jpg,"найменше фото в картці"
1,SO7473,https://sexopt.com.ua/content/images/27/95524176545232.jpg,"найменше фото в картці"
1,SO7366,https://sexopt.com.ua/content/images/29/66009173733350.jpg,"найменше фото в картці"
1,SO7365,https://sexopt.com.ua/content/images/28/so7365-38076251154030.jpg,"найменше фото в картці"
1,SO7129,https://sexopt.com.ua/content/images/46/so7129-14924834253829.jpg,"найменше фото в картці"
1,SO7128,https://sexopt.com.ua/content/images/45/so7128-97370940139057.jpg,"найменше фото в картці"
1,SO7119,https://sexopt.com.ua/content/images/26/so7119-61851189017007.jpg,"найменше фото в картці"
1,SO7118,https://sexopt.com.ua/content/images/25/so7118-15752033772655.jpg,"найменше фото в картці"
1,SO6976,https://sexopt.com.ua/content/images/7/39164357085104.jpg,"найменше фото в картці"
1,SO6882,https://sexopt.com.ua/content/images/6/so6882-40059135159579.jpg,"найменше фото в картці"
1,SO6880,https://sexopt.com.ua/content/images/4/so6880-37712083879918.jpg,"найменше фото в картці"
1,SO6879,https://sexopt.com.ua/content/images/3/so6879-91182727183839.jpg,"найменше фото в картці"
1,SO6878,https://sexopt.com.ua/content/images/2/so6878-43994374903530.jpg,"найменше фото в картці"
1,SO6877,https://sexopt.com.ua/content/images/1/so6877-79946490839674.jpg,"найменше фото в картці"
1,SO6876,https://sexopt.com.ua/content/images/50/so6876-91246374530828.jpg,"найменше фото в картці"
1,SO6875,https://sexopt.com.ua/content/images/49/so6875-93175057822435.jpg,"найменше фото в картці"
1,SO6874,https://sexopt.com.ua/content/images/48/so6874-66298043385760.jpg,"найменше фото в картці"
1,SO6873,https://sexopt.com.ua/content/images/47/so6873-19470217387069.jpg,"найменше фото в картці"
1,SO6872,https://sexopt.com.ua/content/images/46/so6872-43477600895826.jpg,"найменше фото в картці"
1,SO6871,https://sexopt.com.ua/content/images/45/so6871-59358051499884.jpg,"найменше фото в картці"
1,SO6870,https://sexopt.com.ua/content/images/44/so6870-36959414022893.jpg,"найменше фото в картці"
1,SO6607,http://sexopt.com.ua/content/images/40/74805293538814.jpg,"найменше фото в картці"
1,SO6606,http://sexopt.com.ua/content/images/37/20784910057164.jpg,"найменше фото в картці"
1,SO6605,http://sexopt.com.ua/content/images/39/18870869880507.jpg,"найменше фото в картці"
1,SO6604,http://sexopt.com.ua/content/images/36/73725183465019.jpg,"найменше фото в картці"
1,SO6603,http://sexopt.com.ua/content/images/38/so6603-26108136200320.jpg,"найменше фото в картці"
1,SO6602,http://sexopt.com.ua/content/images/35/so6602-70646470624685.jpg,"найменше фото в картці"
1,SO6422,https://sexopt.com.ua/content/images/15/so6422-74703985896331.jpg,"найменше фото в картці"
1,SO6421,https://sexopt.com.ua/content/images/14/so6421-81930331279990.jpg,"найменше фото в картці"
1,SO6420,https://sexopt.com.ua/content/images/13/so6420-99797266521941.jpg,"найменше фото в картці"
1,SO6416,https://sexopt.com.ua/content/images/9/so6416-78335846472111.jpg,"найменше фото в картці"
1,SO6414,https://sexopt.com.ua/content/images/7/so6414-25070995808157.jpg,"найменше фото в картці"
1,SO6013,https://sexopt.com.ua/content/images/49/69443959690280.jpg,"найменше фото в картці"
1,SO5917,https://sexopt.com.ua/content/images/46/so5917-98065213630749.jpg,"найменше фото в картці"
1,SO5879,http://sexopt.com.ua/content/images/33/66713487639172.jpg,"найменше фото в картці"
1,SO5878,http://sexopt.com.ua/content/images/32/36068039283540.jpg,"найменше фото в картці"
1,SO5877,http://sexopt.com.ua/content/images/31/so5877-70411129318420.jpg,"найменше фото в картці"
1,SO5828,https://sexopt.com.ua/content/images/27/so5828-82915066600898.jpg,"найменше фото в картці"
1,SO5827,https://sexopt.com.ua/content/images/26/so5827-31161693702388.jpg,"найменше фото в картці"
1,SO5826,https://sexopt.com.ua/content/images/25/so5826-92343301927111.jpg,"найменше фото в картці"
1,SO5825,https://sexopt.com.ua/content/images/24/so5825-14535642847590.jpg,"найменше фото в картці"
1,SO5824,https://sexopt.com.ua/content/images/23/so5824-54767739478586.jpg,"найменше фото в картці"
1,SO5823,https://sexopt.com.ua/content/images/22/so5823-18274152819940.jpg,"найменше фото в картці"
1,SO5822,https://sexopt.com.ua/content/images/21/so5822-98380719490837.jpg,"найменше фото в картці"
1,SO5821,https://sexopt.com.ua/content/images/20/so5821-17358316298500.jpg,"найменше фото в картці"
1,SO5820,https://sexopt.com.ua/content/images/19/so5820-30193846357995.jpg,"найменше фото в картці"
1,SO5819,https://sexopt.com.ua/content/images/18/so5819-48849042524611.jpg,"найменше фото в картці"
1,SO5818,https://sexopt.com.ua/content/images/17/so5818-97184262410613.jpg,"найменше фото в картці"
1,SO5817,https://sexopt.com.ua/content/images/16/so5817-57205456034046.jpg,"найменше фото в картці"
1,SO5816,https://sexopt.com.ua/content/images/15/so5816-16530552125814.jpg,"найменше фото в картці"
1,SO5815,https://sexopt.com.ua/content/images/14/so5815-84177701735710.jpg,"найменше фото в картці"
1,SO5814,https://sexopt.com.ua/content/images/13/so5814-75464477668499.jpg,"найменше фото в картці"
1,SO5813,https://sexopt.com.ua/content/images/12/so5813-35931394485571.jpg,"найменше фото в картці"
1,SO5812,https://sexopt.com.ua/content/images/11/so5812-86241076216166.jpg,"найменше фото в картці"
1,SO5811,https://sexopt.com.ua/content/images/10/so5811-85359703857842.jpg,"найменше фото в картці"
1,SO5810,https://sexopt.com.ua/content/images/9/so5810-93983274999821.jpg,"найменше фото в картці"
1,SO5809,https://sexopt.com.ua/content/images/8/so5809-30200121971222.jpg,"найменше фото в картці"
1,SO5808,https://sexopt.com.ua/content/images/7/so5808-38544638298193.jpg,"найменше фото в картці"
1,SO5807,https://sexopt.com.ua/content/images/6/so5807-91749985132301.jpg,"найменше фото в картці"
1,SO5806,https://sexopt.com.ua/content/images/5/so5806-89140400186430.jpg,"найменше фото в картці"
1,SO5805,https://sexopt.com.ua/content/images/4/so5805-96659799172397.jpg,"найменше фото в картці"
1,SO5804,https://sexopt.com.ua/content/images/3/so5804-35926738057176.jpg,"найменше фото в картці"
1,SO5803,https://sexopt.com.ua/content/images/2/so5803-65590421283613.jpg,"найменше фото в картці"
1,SO5802,https://sexopt.com.ua/content/images/1/so5802-41735217449919.jpg,"найменше фото в картці"
1,SO5801,https://sexopt.com.ua/content/images/50/so5801-79187759602804.jpg,"найменше фото в картці"
1,SO5800,https://sexopt.com.ua/content/images/49/so5800-55809242738430.jpg,"найменше фото в картці"
1,SO5799,https://sexopt.com.ua/content/images/48/so5799-70714571566062.jpg,"найменше фото в картці"
1,SO5761,https://sexopt.com.ua/content/images/10/so5761-51823894382680.jpg,"найменше фото в картці"
1,SO5760,https://sexopt.com.ua/content/images/9/so5760-71535298943496.jpg,"найменше фото в картці"
1,SO5759,https://sexopt.com.ua/content/images/8/so5759-91883000567113.jpg,"найменше фото в картці"
1,SO5758,https://sexopt.com.ua/content/images/7/so5758-11958203858451.jpg,"найменше фото в картці"
1,SO5757,https://sexopt.com.ua/content/images/6/so5757-25531095004053.jpg,"найменше фото в картці"
1,SO5756,https://sexopt.com.ua/content/images/5/so5756-54409984541423.jpg,"найменше фото в картці"
1,SO5643,https://sexopt.com.ua/content/images/13/so5643-80682037610332.jpg,"найменше фото в картці"
1,SO5188,http://sexopt.com.ua/content/images/40/so5188-30192522403973.jpg,"найменше фото в картці"
1,SO5138,http://sexopt.com.ua/content/images/40/so5138-19851950498583.jpg,"найменше фото в картці"
1,SO5094,https://sexopt.com.ua/content/images/40/so5094-97824281532494.jpg,"найменше фото в картці"
1,SO5003,https://sexopt.com.ua/content/images/31/chulki-t-8007-51984818394483.jpg,"найменше фото в картці"
1,SO5002,https://sexopt.com.ua/content/images/30/chulki-t-8006-82353914664621.jpg,"найменше фото в картці"
1,SO5001,https://sexopt.com.ua/content/images/29/chulki-t-8003-26949966764575.jpg,"найменше фото в картці"
1,SO5000,https://sexopt.com.ua/content/images/28/chulki-t-8000-31888057113654.jpg,"найменше фото в картці"
1,SO4997,https://sexopt.com.ua/content/images/37/trusy-slonik-2066p-krasnye-53527521728697.jpg,"найменше фото в картці"
1,SO4996,https://sexopt.com.ua/content/images/36/trusy-slonik-2066p-chernye-48948040674300.jpg,"найменше фото в картці"
1,SO4987,https://sexopt.com.ua/content/images/18/plate-7036-s-m-16766158973134.jpg,"найменше фото в картці"
1,SO4986,https://sexopt.com.ua/content/images/17/plate-7035-s-m-28638619981748.jpg,"найменше фото в картці"
1,SO4976,https://sexopt.com.ua/content/images/10/bodi-7161-s-m-43510193331270.jpg,"найменше фото в картці"
1,SO4974,https://sexopt.com.ua/content/images/8/komplekt-belya-7156-s-m-67527381590376.jpg,"найменше фото в картці"
1,SO4973,https://sexopt.com.ua/content/images/7/komplekt-belya-7123-s-m-27931706886849.jpg,"найменше фото в картці"
1,SO4933,https://sexopt.com.ua/content/images/12/19173189869350.jpg,"найменше фото в картці"
1,SO4932,https://sexopt.com.ua/content/images/11/95403812154645.jpg,"найменше фото в картці"
1,SO4790,https://sexopt.com.ua/content/images/11/so4790-74209150485675.jpg,"найменше фото в картці"
1,SO4455,https://sexopt.com.ua/content/images/37/33339012735764.jpg,"найменше фото в картці"
1,SO4452,https://sexopt.com.ua/content/images/34/29564210615442.jpg,"найменше фото в картці"
1,SO4292,https://sexopt.com.ua/content/images/29/so4292-81434043197431.jpg,"найменше фото в картці"
1,SO4291,https://sexopt.com.ua/content/images/28/so4291-70683649217657.jpg,"найменше фото в картці"
1,SO4290,https://sexopt.com.ua/content/images/27/so4290-52272654297760.jpg,"найменше фото в картці"
1,SO4289,https://sexopt.com.ua/content/images/26/so4289-97410326567156.jpg,"найменше фото в картці"
1,SO4288,https://sexopt.com.ua/content/images/25/so4288-36891896249963.jpg,"найменше фото в картці"
1,SO4287,https://sexopt.com.ua/content/images/24/so4287-22108620870951.jpg,"найменше фото в картці"
1,SO4286,https://sexopt.com.ua/content/images/23/so4286-34854987512071.jpg,"найменше фото в картці"
1,SO4285,https://sexopt.com.ua/content/images/22/so4285-90160660440504.jpg,"найменше фото в картці"
1,SO4130,https://sexopt.com.ua/content/images/12/so4130-65048953259968.jpg,"найменше фото в картці"
1,SO4129,https://sexopt.com.ua/content/images/11/so4129-85189534985742.jpg,"найменше фото в картці"
1,SO4128,https://sexopt.com.ua/content/images/10/so4128-19142776853485.jpg,"найменше фото в картці"
1,SO4124,https://sexopt.com.ua/content/images/6/so4124-57484698850961.jpg,"найменше фото в картці"
1,SO4123,https://sexopt.com.ua/content/images/5/so4123-40569731018554.jpg,"найменше фото в картці"
1,SO4122,https://sexopt.com.ua/content/images/4/so4122-45825871240774.jpg,"найменше фото в картці"
1,SO4059,https://sexopt.com.ua/content/images/11/so4059-59658093131866.jpg,"найменше фото в картці"
1,SO4053,http://sexopt.com.ua/content/images/9/so4053-30233949298817.jpg,"найменше фото в картці"
1,SO3715,https://sexopt.com.ua/content/images/35/so3715-61600498294345.jpg,"найменше фото в картці"
1,SO3713,https://sexopt.com.ua/content/images/47/so3713-70805039969505.jpg,"найменше фото в картці"
1,SO3710,https://sexopt.com.ua/content/images/27/so3710-47984439466876.jpg,"найменше фото в картці"
1,SO3709,https://sexopt.com.ua/content/images/26/so3709-67330109322015.jpg,"найменше фото в картці"
1,SO3706,https://sexopt.com.ua/content/images/10/so3706-96274515195053.jpg,"найменше фото в картці"
1,SO3705,https://sexopt.com.ua/content/images/5/so3705-53601548226564.jpg,"найменше фото в картці"
1,SO3704,https://sexopt.com.ua/content/images/9/so3704-24765358651025.jpg,"найменше фото в картці"
1,SO3698,https://sexopt.com.ua/content/images/14/so3698-49413963121107.jpg,"найменше фото в картці"
1,SO3693,https://sexopt.com.ua/content/images/2/so3693-58997084521319.jpg,"найменше фото в картці"
1,SO3692,https://sexopt.com.ua/content/images/22/so3692-44701208334348.jpg,"найменше фото в картці"
1,SO3691,https://sexopt.com.ua/content/images/21/so3691-14663245343460.jpg,"найменше фото в картці"
1,SO3690,https://sexopt.com.ua/content/images/4/so3690-85023293460017.jpg,"найменше фото в картці"
1,SO3689,https://sexopt.com.ua/content/images/3/so3689-33201797071688.jpg,"найменше фото в картці"
1,SO3687,https://sexopt.com.ua/content/images/22/so3687-54559993934813.jpg,"найменше фото в картці"
1,SO3686,https://sexopt.com.ua/content/images/20/so3686-55036757386626.jpg,"найменше фото в картці"
1,SO3684,https://sexopt.com.ua/content/images/13/so3684-55062205098700.jpg,"найменше фото в картці"
1,SO3683,https://sexopt.com.ua/content/images/12/so3683-66410972895788.jpg,"найменше фото в картці"
1,SO3682,https://sexopt.com.ua/content/images/11/so3682-35906489389527.jpg,"найменше фото в картці"
1,SO3680,https://sexopt.com.ua/content/images/25/so3680-44704768073032.jpg,"найменше фото в картці"
1,SO3679,https://sexopt.com.ua/content/images/24/so3679-81016223438502.jpg,"найменше фото в картці"
1,SO3678,https://sexopt.com.ua/content/images/23/so3678-11238728824162.jpg,"найменше фото в картці"
1,SO3656,https://sexopt.com.ua/content/images/19/so3656-11600283038549.jpg,"найменше фото в картці"
1,SO3653,https://sexopt.com.ua/content/images/8/so3653-33351898320094.jpg,"найменше фото в картці"
1,SO3652,https://sexopt.com.ua/content/images/7/so3652-39970480580591.jpg,"найменше фото в картці"
1,SO3651,https://sexopt.com.ua/content/images/18/so3651-22423877269145.jpg,"найменше фото в картці"
1,SO3650,https://sexopt.com.ua/content/images/17/so3650-41924857605461.jpg,"найменше фото в картці"
1,SO3649,https://sexopt.com.ua/content/images/16/so3649-72650888119551.jpg,"найменше фото в картці"
1,SO3648,https://sexopt.com.ua/content/images/6/so3648-96960830568082.jpg,"найменше фото в картці"
1,SO3647,https://sexopt.com.ua/content/images/15/so3647-88452000328000.jpg,"найменше фото в картці"
1,SO3519,https://sexopt.com.ua/content/images/6/kombinezon-lakirovannyy-m-52237528347598.jpg,"найменше фото в картці"
1,SO3518,https://sexopt.com.ua/content/images/5/kombinezon-lakirovannyy-xs-s-30004871912639.jpg,"найменше фото в картці"
1,SO3515,https://sexopt.com.ua/content/images/2/so3515-35041205162174.jpg,"найменше фото в картці"
1,SO3514,https://sexopt.com.ua/content/images/1/so3514-67730467596706.jpg,"найменше фото в картці"
1,SO3349,https://sexopt.com.ua/content/images/50/so3349-26766269982705.jpg,"найменше фото в картці"
1,SO3332,https://sexopt.com.ua/content/images/47/so3332-92563398450955.jpg,"найменше фото в картці"
1,SO3097,https://sexopt.com.ua/content/images/20/so3097-93855858975865.jpg,"найменше фото в картці"
1,SO3096,https://sexopt.com.ua/content/images/16/so3096-80600006445023.jpg,"найменше фото в картці"
1,SO3095,https://sexopt.com.ua/content/images/19/so3095-62924892441823.jpg,"найменше фото в картці"
1,SO3094,https://sexopt.com.ua/content/images/15/so3094-26341242117006.jpg,"найменше фото в картці"
1,SO2936,http://sexopt.com.ua/content/images/47/so2936-69685533947281.jpg,"найменше фото в картці"
1,SO2497,http://sexopt.com.ua/content/images/8/so2497-28020985709353.jpg,"найменше фото в картці"
1,SO2381,https://sexopt.com.ua/content/images/37/so2381-72340510328134.jpg,"найменше фото в картці"
1,SO2380,https://sexopt.com.ua/content/images/36/so2380-50733237346091.jpg,"найменше фото в картці"
1,SO2379,https://sexopt.com.ua/content/images/35/so2379-93370044069409.jpg,"найменше фото в картці"
1,SO2378,https://sexopt.com.ua/content/images/34/so2378-96625293381802.jpg,"найменше фото в картці"
1,SO2377,https://sexopt.com.ua/content/images/33/so2377-75964904578698.jpg,"найменше фото в картці"
1,SO2371,https://sexopt.com.ua/content/images/27/so2371-70685142884182.jpg,"найменше фото в картці"
1,SO2370,https://sexopt.com.ua/content/images/26/so2370-72721127573809.jpg,"найменше фото в картці"
1,SO2369,https://sexopt.com.ua/content/images/25/so2369-14896920406625.jpg,"найменше фото в картці"
1,SO2361,https://sexopt.com.ua/content/images/17/so2361-26233369996302.jpg,"найменше фото в картці"
1,SO2360,https://sexopt.com.ua/content/images/16/so2360-45431955202680.jpg,"найменше фото в картці"
1,SO2359,https://sexopt.com.ua/content/images/15/so2359-20729164481938.jpg,"найменше фото в картці"
1,SO2358,https://sexopt.com.ua/content/images/14/so2358-55297766176547.jpg,"найменше фото в картці"
1,SO2357,https://sexopt.com.ua/content/images/13/so2357-54562502002410.jpg,"найменше фото в картці"
1,SO2274,https://sexopt.com.ua/content/images/24/so2274-37193185296022.jpg,"найменше фото в картці"
1,SO2273,https://sexopt.com.ua/content/images/23/so2273-51725421292308.jpg,"найменше фото в картці"
1,SO2271,https://sexopt.com.ua/content/images/21/so2271-18526892803542.jpg,"найменше фото в картці"
1,SO2270,https://sexopt.com.ua/content/images/20/so2270-63733039969389.jpg,"найменше фото в картці"
1,SO1394,https://sexopt.com.ua/content/images/48/so1394-92815666132941.jpg,"найменше фото в картці"
1,SO1391,https://sexopt.com.ua/content/images/45/so1391-77040462183424.jpg,"найменше фото в картці"
1,SO1384,https://sexopt.com.ua/content/images/38/so1384-43192954193424.jpg,"найменше фото в картці"
1,PS27908,https://sexopt.com.ua/content/images/28/ps27908-94404032026454.jpg,"найменше фото в картці"
1,PS27907,https://sexopt.com.ua/content/images/27/ps27907-67410146684039.jpg,"найменше фото в картці"
1,PS27905,https://sexopt.com.ua/content/images/26/ps27905-62603688322899.jpg,"найменше фото в картці"
1,PS27904,https://sexopt.com.ua/content/images/25/ps27904-14281348060929.jpg,"найменше фото в картці"
1,PS27902,https://sexopt.com.ua/content/images/24/ps27902-38824961515403.jpg,"найменше фото в картці"
1,PS27901,https://sexopt.com.ua/content/images/23/ps27901-56526691945428.jpg,"найменше фото в картці"
1,PS27802,https://sexopt.com.ua/content/images/20/ps27802-55760691601201.jpg,"найменше фото в картці"
1,PS27801,https://sexopt.com.ua/content/images/19/ps27801-25236295153655.jpg,"найменше фото в картці"
1,PS27602,https://sexopt.com.ua/content/images/8/ps27602-86166496270038.jpg,"найменше фото в картці"
1,PS27601,https://sexopt.com.ua/content/images/7/ps27601-88924620908710.jpg,"найменше фото в картці"
1,PS27502,https://sexopt.com.ua/content/images/4/ps27502-61214667920304.jpg,"найменше фото в картці"
1,PS27202,https://sexopt.com.ua/content/images/50/ps27202-22010012680614.jpg,"найменше фото в картці"
1,PS27201,https://sexopt.com.ua/content/images/49/ps27201-19838485813770.jpg,"найменше фото в картці"
1,PS27103,https://sexopt.com.ua/content/images/33/ps27103-15841753575010.jpg,"найменше фото в картці"
1,PS27102,https://sexopt.com.ua/content/images/32/ps27102-78280560442865.jpg,"найменше фото в картці"
1,PS27101,https://sexopt.com.ua/content/images/31/ps27101-79962310871795.jpg,"найменше фото в картці"
1,PS26603,https://sexopt.com.ua/content/images/33/ps26603-47086830180420.jpg,"найменше фото в картці"
1,PS26602,https://sexopt.com.ua/content/images/32/ps26602-49763738394279.jpg,"найменше фото в картці"
1,PS26601,https://sexopt.com.ua/content/images/31/ps26601-86988668308939.jpg,"найменше фото в картці"
1,PS26303,https://sexopt.com.ua/content/images/42/ps26303-98076263987040.jpg,"найменше фото в картці"
1,PS26302,https://sexopt.com.ua/content/images/41/ps26302-18476607293598.jpg,"найменше фото в картці"
1,PS26301,https://sexopt.com.ua/content/images/40/ps26301-26602155426084.jpg,"найменше фото в картці"
1,PS26203,https://sexopt.com.ua/content/images/39/ps26203-82317660618548.jpg,"найменше фото в картці"
1,PS26202,https://sexopt.com.ua/content/images/38/ps26202-20241919074496.jpg,"найменше фото в картці"
1,PS26201,https://sexopt.com.ua/content/images/37/ps26201-25193303309529.jpg,"найменше фото в картці"
1,PS26012,https://sexopt.com.ua/content/images/33/ps26012-73944896506538.jpg,"найменше фото в картці"
1,PS26011,https://sexopt.com.ua/content/images/32/ps26011-25237953764011.jpg,"найменше фото в картці"
1,PS26001,https://sexopt.com.ua/content/images/22/ps26001-81080585653813.jpg,"найменше фото в картці"
1,PS25803,https://sexopt.com.ua/content/images/12/ps25803-80947740633112.jpg,"найменше фото в картці"
1,PS25802,https://sexopt.com.ua/content/images/11/ps25802-18497543687774.jpg,"найменше фото в картці"
1,PS25801,https://sexopt.com.ua/content/images/10/ps25801-50553202596877.jpg,"найменше фото в картці"
1,PS25509,https://sexopt.com.ua/content/images/3/ps25509-70908406813719.jpg,"найменше фото в картці"
1,PS25508,https://sexopt.com.ua/content/images/2/ps25508-19782231365930.jpg,"найменше фото в картці"
1,PS25507,https://sexopt.com.ua/content/images/1/ps25507-62714349461824.jpg,"найменше фото в картці"
1,PS25106,https://sexopt.com.ua/content/images/24/ps25106-69353283372816.jpg,"найменше фото в картці"
1,PS25105,https://sexopt.com.ua/content/images/23/ps25105-54999675973250.jpg,"найменше фото в картці"
1,PS25104,https://sexopt.com.ua/content/images/22/ps25104-93825890516861.jpg,"найменше фото в картці"
1,PS25003,https://sexopt.com.ua/content/images/18/ps25003-68474210993833.jpg,"найменше фото в картці"
1,PS25002,https://sexopt.com.ua/content/images/17/ps25002-84220530744116.jpg,"найменше фото в картці"
1,PS25001,https://sexopt.com.ua/content/images/16/ps25001-26806724005811.jpg,"найменше фото в картці"
1,PS24903,https://sexopt.com.ua/content/images/15/ps24903-52230360820006.jpg,"найменше фото в картці"
1,PS24902,https://sexopt.com.ua/content/images/14/ps24902-68752656569568.jpg,"найменше фото в картці"
1,PS24901,https://sexopt.com.ua/content/images/13/ps24901-20552157504555.jpg,"найменше фото в картці"
1,PS24803,https://sexopt.com.ua/content/images/12/ps24803-98678792147265.jpg,"найменше фото в картці"
1,PS24802,https://sexopt.com.ua/content/images/11/ps24802-46603377664262.jpg,"найменше фото в картці"
1,PS24801,https://sexopt.com.ua/content/images/10/ps24801-31087657570546.jpg,"найменше фото в картці"
1,PS24609,https://sexopt.com.ua/content/images/3/ps24609-63545950161295.jpg,"найменше фото в картці"
1,PS24608,https://sexopt.com.ua/content/images/2/ps24608-77384981486076.jpg,"найменше фото в картці"
1,PS24607,https://sexopt.com.ua/content/images/1/ps24607-59581517926565.jpg,"найменше фото в картці"
1,PS24521,https://sexopt.com.ua/content/images/33/ps24521-33221034253231.jpg,"найменше фото в картці"
1,PS24520,https://sexopt.com.ua/content/images/50/ps24520-63248586926282.jpg,"найменше фото в картці"
1,PS24519,https://sexopt.com.ua/content/images/30/ps24519-18559368093613.jpg,"найменше фото в картці"
1,PS24518,https://sexopt.com.ua/content/images/29/ps24518-31269139796802.jpg,"найменше фото в картці"
1,PS24517,https://sexopt.com.ua/content/images/28/ps24517-63649534365615.jpg,"найменше фото в картці"
1,PS24516,https://sexopt.com.ua/content/images/27/ps24516-82333066899202.jpg,"найменше фото в картці"
1,PS24515,https://sexopt.com.ua/content/images/26/ps24515-84681113080773.jpg,"найменше фото в картці"
1,PS24514,https://sexopt.com.ua/content/images/25/ps24514-41137159562215.jpg,"найменше фото в картці"
1,PS24513,https://sexopt.com.ua/content/images/24/ps24513-88282491388875.jpg,"найменше фото в картці"
1,PS24512,https://sexopt.com.ua/content/images/23/ps24512-63178113145517.jpg,"найменше фото в картці"
1,PS24511,https://sexopt.com.ua/content/images/30/ps24511-31295617269604.jpg,"найменше фото в картці"
1,PS24510,https://sexopt.com.ua/content/images/29/ps24510-51753060637817.jpg,"найменше фото в картці"
1,PS24509,https://sexopt.com.ua/content/images/28/ps24509-94797498338036.jpg,"найменше фото в картці"
1,PS24508,https://sexopt.com.ua/content/images/27/ps24508-57545595543547.jpg,"найменше фото в картці"
1,PS24507,https://sexopt.com.ua/content/images/26/ps24507-75524796359867.jpg,"найменше фото в картці"
1,PS24506,https://sexopt.com.ua/content/images/25/ps24506-25027892292952.jpg,"найменше фото в картці"
1,PS24505,https://sexopt.com.ua/content/images/24/ps24505-93555074339819.jpg,"найменше фото в картці"
1,PS24504,https://sexopt.com.ua/content/images/23/ps24504-38466417150802.jpg,"найменше фото в картці"
1,PS24503,https://sexopt.com.ua/content/images/22/ps24503-43956087305798.jpg,"найменше фото в картці"
1,PS24502,https://sexopt.com.ua/content/images/21/ps24502-54499347650064.jpg,"найменше фото в картці"
1,PS24501,https://sexopt.com.ua/content/images/20/ps24501-91719549869232.jpg,"найменше фото в картці"
1,PS24500,https://sexopt.com.ua/content/images/19/ps24500-76937615964803.jpg,"найменше фото в картці"
1,PS24403,https://sexopt.com.ua/content/images/39/ps24403-55619468330752.jpg,"найменше фото в картці"
1,PS24402,https://sexopt.com.ua/content/images/38/ps24402-84243026655895.jpg,"найменше фото в картці"
1,PS24401,https://sexopt.com.ua/content/images/49/ps24401-51778181766387.jpg,"найменше фото в картці"
1,PS23206,https://sexopt.com.ua/content/images/22/ps23206-29442311270270.jpg,"найменше фото в картці"
1,PS23205,https://sexopt.com.ua/content/images/21/ps23205-86918821885105.jpg,"найменше фото в картці"
1,PS23204,https://sexopt.com.ua/content/images/20/ps23204-32757742468216.jpg,"найменше фото в картці"
1,PS23203,https://sexopt.com.ua/content/images/19/ps23203-43865202101208.jpg,"найменше фото в картці"
1,PS22941,https://sexopt.com.ua/content/images/21/ps22941-29384514909332.jpg,"найменше фото в картці"
1,PS22940,https://sexopt.com.ua/content/images/19/ps22940-45848475160480.jpg,"найменше фото в картці"
1,PS22939,https://sexopt.com.ua/content/images/20/ps22939-20942973318584.jpg,"найменше фото в картці"
1,PS22932,https://sexopt.com.ua/content/images/12/ps22932-60326852578912.jpg,"найменше фото в картці"
1,PS22931,https://sexopt.com.ua/content/images/10/ps22931-57232539772869.jpg,"найменше фото в картці"
1,PS22930,https://sexopt.com.ua/content/images/11/ps22930-58231267789723.jpg,"найменше фото в картці"
1,PS21912,https://sexopt.com.ua/content/images/15/ps21912-20504202775167.jpg,"найменше фото в картці"
1,PS21911,https://sexopt.com.ua/content/images/13/ps21911-13944730759842.jpg,"найменше фото в картці"
1,PS21910,https://sexopt.com.ua/content/images/14/ps21910-88909204373072.jpg,"найменше фото в картці"
1,PS21909,https://sexopt.com.ua/content/images/12/ps21909-94694473547888.jpg,"найменше фото в картці"
1,PS21908,https://sexopt.com.ua/content/images/10/ps21908-59316204762360.jpg,"найменше фото в картці"
1,PS21907,https://sexopt.com.ua/content/images/11/ps21907-19774442592944.jpg,"найменше фото в картці"
1,EL14703,https://sexopt.com.ua/content/images/40/el14703-72094264792099.jpg,"найменше фото в картці"
1,EL14702,https://sexopt.com.ua/content/images/39/el14702-50378049496043.jpg,"найменше фото в картці"
1,EL14701,https://sexopt.com.ua/content/images/38/el14701-34269166684780.jpg,"найменше фото в картці"
