article	seller	seller_id	price	pack	price_raw	old_price	status	category_id	id	href	title
SW-00000302	LFcolor	213998	93	1	93	0	available	4629548	600355054	https://build.rozetka.com.ua/ua/600355054/p600355054/	3D панель самоклеюча кладка 700х770х7мм Жовта (037) SW-00000302
SW-00000302	FOUKS	20886	93	1	93	99	available	4629548	276534023	https://build.rozetka.com.ua/ua/276534023/p276534023/	Декоративна 3Д панель стінова Облицювальна цегла Жовтий 700x770x7 мм самоклейка для стін (37) SW-00000302
SW-00000302	Потрібне	274903	115	1	115	0	available	4629548	594897322	https://build.rozetka.com.ua/ua/594897322/p594897322/	3D панель самоклеюча Sticker Wall на стіну, для кухні, ванної кімнати кладка жовта 700х770х7мм SW-00000302
SW-00000302	RMService	15008	195	1	195	299	available	4629548	572808523	https://build.rozetka.com.ua/ua/572808523/p572808523/	3D панель самоклеюча кладка 700х770х7 мм, жовта (037) SW-00000302 (Sticker Wall)
SW-00000302	FOUKS	20886	93.0	10	930	990	available	4629548	276533998	https://build.rozetka.com.ua/ua/276533998/p276533998/	Декоративна 3Д панель стінова Облицювальна цегла Жовтий 10 шт 700x770x7мм самоклейка для стін (37) SW-00000302-10шт
SW-00000302	FOUKS	20886	93.0	5	465	495	available	4629548	276534003	https://build.rozetka.com.ua/ua/276534003/p276534003/	3d панелі для стін Облицювальна цегла Жовтий 5 шт кладка 700x770x7мм (37) SW-00000302-5шт
SW-00000302	Wide Range	211532	107	1	107	0	available	4629548	602615935	https://build.rozetka.com.ua/ua/602615935/p602615935/	3D панель самоклеюча кладка 700х770х7мм Жовта
SW-00000302	MC LitWin	265009	94	1	94	0	available	4629548	597335608	https://build.rozetka.com.ua/ua/597335608/p597335608/	3D панель самоклеюча Sticker Wall SW-00000302 700х770х7 мм цегла жовта
SW-00000302	Bigsylio	266140	93	1	93	0	available	4629548	604054153	https://build.rozetka.com.ua/ua/604054153/p604054153/	3D панелі самоклеючі кладка жовті для стін декорування інтер'єру оздоблення приміщень
SW-00000302	PARADISE	269545	102	1	102	149	available	4629548	594064279	https://build.rozetka.com.ua/ua/594064279/p594064279/	Самоклейна 3D панель ПВХ під цеглу для декорування стін 700х770х7мм Жовтий для спальні та дитячої кімнати оздоблення балкону та лоджії імітація цегляної кладки лофт
SW-00000302	CF_SHOP	125973	182	1	182	0	unavailable	4629548	333921595	https://build.rozetka.com.ua/ua/333921595/p333921595/	Самоклеюча декоративна 3D панель Sticker Wall жовта кладка 700х770х7мм самоклеючі панелі під цеглу
SW-00000302	Spicee	47866	182	1	182	0	unavailable	4629548	334107115	https://build.rozetka.com.ua/ua/334107115/p334107115/	Самоклеюча декоративна 3D панель Sticker Wall жовта кладка 700х770х7мм самоклеючі панелі під цеглу
SW-00000302	Homent	255285	95	1	95	0	unavailable	4629548	578473285	https://build.rozetka.com.ua/ua/578473285/p578473285/	3D панель самоклеюча Sticker Wall кладка 700х770х7мм Жовта 037 (SW-00000302)
SW-00000302	THERMOTRADE	104545	105	1	105	0	unavailable	4629548	578451151	https://build.rozetka.com.ua/ua/578451151/p578451151/	3D панель самоклеюча кладка 700х770х7мм Жовта (037) SW-00000302, Жовтий
SW-00000302	Bass Culture	269902	95	1	95	0	unavailable	4629548	589910143	https://build.rozetka.com.ua/ua/589910143/p589910143/	3D панель самоклеюча кладка 700х770х7мм Жовта (037) SW-00000302
SW-00002204	PROStikerUa	217718	280	1	280	375	available	4629548	466267249	https://build.rozetka.com.ua/ua/466267249/p466267249/	Покриття вінілове самоклеюче 3D Sticker Wall рейки світлий мигдаль 600х600х2,8мм (D) SW-00002204
SW-00002204	D`n`D Group	17032	280	1	280	0	available	4641184	585479167	https://build.rozetka.com.ua/ua/585479167/p585479167/	Покриття вінілове самоклеюче 3D рейки 600х600х2,8мм Світлий мигдаль SW-00002204 (SW-00002204)
SW-00002204	ukriloom	226664	288	1	288	0	available	4641184	585683866	https://build.rozetka.com.ua/ua/585683866/p585683866/	Покриття вінілове самоклеюче 3D рейки 600х600х2,8мм Світлий мигдаль SW-00002204
SW-00002204	AVO-LAVKA	114191	378	1	378	420	available	4648788	598794106	https://build.rozetka.com.ua/ua/598794106/p598794106/	Покриття вінілове самоклеюче 3D рейки 600х600х2,8мм Світлий мигдаль SW-00002204
SW-00002204	Kind Host	272923	280	1	280	0	unavailable	4648788	591064180	https://build.rozetka.com.ua/ua/591064180/p591064180/	Покриття вінілове самоклеюче 3D рейки 600х600х2,8мм Світлий мигдаль SW-00002204
SW-00002204	Bondiar	255267	300	1	300	0	unavailable	4641184	570889573	https://build.rozetka.com.ua/ua/570889573/p570889573/	Покриття вінілове самоклеюче 3D рейки 600х600х2,8мм Світлий мигдаль SW-00002204
SW-00002204	ViDen	265006	290	1	290	0	unavailable	4641184	605310532	https://build.rozetka.com.ua/ua/605310532/p605310532/	Покриття вінілове самоклеюче 3D рейки 600х600х2,8мм Світлий мигдаль SW-00002204
SW-00002204	MC LitWin	265009	288	1	288	0	unavailable	4629548	597334171	https://build.rozetka.com.ua/ua/597334171/p597334171/	3D панель самоклеюча Sticker Wall SW-00002204 600х600х2.8 мм дерево
SW-00002204	GRAND LIFE	39993	350	1	350	0	unavailable	4648788	618717650	https://build.rozetka.com.ua/ua/618717650/p618717650/	Покриття вінілове самоклейне 3D рейки 600х600х2,8 мм Світлий мигдаль SW-00002204 5219529
SW-00002204	Fono Market	79493	300	1	300	0	unavailable	4648788	517456539	https://build.rozetka.com.ua/ua/517456539/p517456539/	Покриття вінілове самоклеюче 3D рейки світлий мигдаль 600*600*2,8мм (D) SW-00002204
SW-00001532	FOUKS	20886	560	1	560	0	available	4629548	423417549	https://build.rozetka.com.ua/ua/423417549/p423417549/	Декоративні 3Д рейки на стіну Антрацит WPC (композит) 16х300см товщина 23мм інтер'єрна стінова під дерево SW-00001532
SW-00001532	Premium Price	148999	616	1	616	0	available	4629548	583292539	https://build.rozetka.com.ua/ua/583292539/p583292539/	Рейка декоративна WPC стінова 3000х165х23мм Антрацит SW-00001532
SW-00001532	Translation tools	112501	560	1	560	610	available	4629548	566740141	https://build.rozetka.com.ua/ua/566740141/p566740141/	Декоративна стінова рейка Sticker Wall WPC Антрацит 160x3000x23 мм (SW-00001532)
SW-00001532	Online Shop	12416	560	1	560	0	available	4629548	423113049	https://build.rozetka.com.ua/ua/423113049/p423113049/	Декоративна стінова рейка антрацит 3000*160*23мм (D) SW-00001532
SW-00001532	Neo	10639	707	1	707	792	available	4629548	565631465	https://build.rozetka.com.ua/ua/565631465/p565631465/	Декоративна стінова рейка Sticker Wall SW-00001532 3000х160х23 мм Антрацит (Niz17061)
SW-00001532	RubiconShop	265480	714	1	714	800	available	4629548	576263170	https://build.rozetka.com.ua/ua/576263170/p576263170/	Декоративна стінова рейка Sticker Wall SW-00001532 3000х160х23 мм Чорний (2852971390)
SW-00001532	Top Buyer	4551	707	1	707	792	available	4629548	565579178	https://build.rozetka.com.ua/ua/565579178/p565579178/	Декоративна стінова рейка Sticker Wall SW-00001532 3000х160х23 мм Антрацит (TBiz17061)
SW-00001532	SUN HEAT	17072	734	1	734	0	available	4629548	591523687	https://build.rozetka.com.ua/ua/591523687/p591523687/	Рейка декоративна WPC 3000х165х23мм обʼємний профіль глибокі тіні темна акцентна стіна лофт індустріальний стиль монтаж на клей вологостійка Антрацит
SW-00001532	LFcolor	213998	560	1	560	0	available	4629548	600355042	https://build.rozetka.com.ua/ua/600355042/p600355042/	Рейка декоративна WPC стінова 3000х165х23мм Антрацит SW-00001532
SW-00001532	AVO-LAVKA	114191	756	1	756	840	available	4629548	596632747	https://build.rozetka.com.ua/ua/596632747/p596632747/	Рейка декоративна WPC стінова 3000х165х23мм Антрацит SW-00001532
SW-00001532	MC LitWin	265009	619	1	619	0	available	4629548	597335350	https://build.rozetka.com.ua/ua/597335350/p597335350/	Декоративна рейка Sticker Wall SW-00001532 3000х165х23 мм дерево
SW-00001532	SКомплект	244934	655	1	655	0	available	4629548	610832651	https://build.rozetka.com.ua/ua/610832651/p610832651/	Рейка декоративна WPC стінова 3000х165х23мм Антрацит SW-00001532
SW-00001532	GrandBuyer	37544	707	1	707	792	available	4629548	565755704	https://build.rozetka.com.ua/ua/565755704/p565755704/	Декоративна стінова рейка Sticker Wall SW-00001532 3000х160х23 мм Антрацит (SHiz17061)
SW-00001532	UNIVERmag	12608	707	1	707	792	available	4629548	565755809	https://build.rozetka.com.ua/ua/565755809/p565755809/	Декоративна стінова рейка Sticker Wall SW-00001532 3000х160х23 мм Антрацит
SW-00001532	ladybug	36972	560	1	560	560	unavailable	4629548	541293770	https://build.rozetka.com.ua/ua/3d-paneli-sticker-wall-149637445/p541293770/	Рейка стінова декоративна WPC 3000х165х23мм Антрацит Sticker Wall (SW-00001532)
SW-00001532	Equipmends	213116	560	1	560	560	unavailable	4629548	463223209	https://build.rozetka.com.ua/ua/463223209/p463223209/	Декоративна стінова рейка 3000*160*23мм (D) SW-00001532
SW-00001532	MegaChoice	249209	695	1	695	0	unavailable	4629548	545516118	https://build.rozetka.com.ua/ua/3d-paneli-sticker-wall-150756187/p545516118/	Рейка декоративна WPC стінова 3000х160х23 мм антрацит
SW-00001532	Norviko	274975	689	1	689	869	unavailable	4629548	604229836	https://build.rozetka.com.ua/ua/604229836/p604229836/	Чорна декоративна рейка під дерево 160×23×3000 мм стінова
SW-00001532	MimiPlay	238949	504	1	504	0	unavailable	4629548	606308308	https://build.rozetka.com.ua/ua/606308308/p606308308/	Рейка декоративна WPC стінова 3000х165х23мм Антрацит SW-00001532
SW-00001532	BINGO	53688	517	1	517	0	unavailable	4629548	502769634	https://build.rozetka.com.ua/ua/502769634/p502769634/	Декоративна WPC-рейка "Антрацит" 3000×160×23 мм
SW-00000753	Happy Valise	44840	125	1	125	0	available	4629548	436145090	https://build.rozetka.com.ua/ua/436145090/p436145090/	Самоклеюча 3D панель цегла біла смужка срібло 700х770х5мм (100-5) SW-00000753
SW-00000753	Wide Range	211532	125	1	125	0	available	4629548	602615926	https://build.rozetka.com.ua/ua/602615926/p602615926/	Самоклеюча 3D панель 700х770х5мм Біла цегла смужка срібло
SW-00000753	FOUKS	20886	109.0	5	545	0	available	4629548	421620537	https://build.rozetka.com.ua/ua/421620537/p421620537/	Декоративна 3Д-панель Цегла біла смужка срібло 700х770х5мм самоклеючі панелі для стін (100-5мм) Набір 5 шт SW-00000753-5шт
SW-00000753	FOUKS	20886	109	1	109	0	available	4629548	421620579	https://build.rozetka.com.ua/ua/421620579/p421620579/	Декоративна 3Д-панель Цегла біла смужка срібло 700х770х5мм самоклеючі панелі для стін (100-5мм) SW-00000753
SW-00000753	RMService	15008	209	1	209	299	available	4629548	573167152	https://build.rozetka.com.ua/ua/573167152/p573167152/	Самоклеюча 3D панель 700х770х5 мм, білий кирпич срібло (100-5) SW-00000753 (Sticker Wall)
SW-00000753	FOUKS	20886	109.0	10	1090	0	available	4629548	421620432	https://build.rozetka.com.ua/ua/421620432/p421620432/	Декоративна 3Д-панель Цегла біла смужка срібло 700х770х5мм самоклеючі панелі для стін (100-5мм) Набір 10 шт SW-00000753-10шт
SW-00000753	DomLoft	139608	140	1	140	0	available	4629548	372633603	https://build.rozetka.com.ua/ua/372633603/p372633603/	Самоклеюча 3D панель цегла біла смужка срібло 700х770х5мм (100-5)
SW-00000753	MC LitWin	265009	128	1	128	0	available	4629548	597334558	https://build.rozetka.com.ua/ua/597334558/p597334558/	3D панель самоклеюча Sticker Wall SW-00000753 700х770х5 мм цегла срібляста
SW-00000753	Потрібне	274903	129	1	129	0	available	4629548	594898294	https://build.rozetka.com.ua/ua/594898294/p594898294/	Самоклеюча 3D панель Sticker Wall 700х770х5мм Біла цегла смужка срібло (100-5) SW-00000753
SW-00000753	GRAND LIFE	39993	169	1	169	0	unavailable	4629548	441104657	https://build.rozetka.com.ua/ua/441104657/p441104657/	Самоклеюча 3D панель цегла біла смужка срібло 700х770х5мм (100-5) SW-00000753 4416239
SW-00000753	Lite	181560	108	1	108	0	unavailable	4629548	450330161	https://build.rozetka.com.ua/ua/450330161/p450330161/	Самоклеюча 3D панель біла цегла срібна смужка 700х770х5мм
SW-00000753	Bass Culture	269902	109	1	109	0	unavailable	4629548	589909432	https://build.rozetka.com.ua/ua/589909432/p589909432/	Самоклеюча 3D панель 700х770х5мм Біла цегла смужка срібло (100-5) SW-00000753
SW-00000753	THERMOTRADE	104545	127	1	127	0	unavailable	4629548	578451424	https://build.rozetka.com.ua/ua/578451424/p578451424/	Самоклеюча 3D панель 700х770х5мм Біла цегла смужка срібло (100-5) SW-00000753, Білий
SW-00000753	Stiker_style	262837	135	1	135	0	unavailable	4629548	580044964	https://build.rozetka.com.ua/ua/580044964/p580044964/	Самоклеюча 3D панель StikerWall 700х770х5мм Біла цегла з срібною смужкою (SW-00000753)
SW-00000148	LoftWall	210021	85	1	85	135	available	4629548	421277832	https://build.rozetka.com.ua/ua/421277832/p421277832/	3D панель самоклеюча цегла М'ята 700х770х5мм (012-5) SW-00000148
SW-00000148	FOUKS	20886	85	1	85	95	available	4629548	249984331	https://build.rozetka.com.ua/ua/249984331/p249984331/	3Д панель декоративна стінна Зелена Трава Цегла (самоклеючі 3d панелі) 700x770x5 мм (12-5) SW-00000148
SW-00000148	FOUKS	20886	85.0	5	425	475	available	4629548	249984071	https://build.rozetka.com.ua/ua/249984071/p249984071/	3Д панель декоративна стінна 5 шт. Зелена Трава Цегла (самоклеючі 3d панелі) 700x770x5 мм (12-5) SW-00000148-5шт
SW-00000148	FOUKS	20886	85.0	10	850	950	available	4629548	249984281	https://build.rozetka.com.ua/ua/249984281/p249984281/	3Д панель декоративна стінна 10 шт. Зелена Трава Цегла (самоклеючі 3d панелі) 700x770x5 мм (12-5) SW-00000148-10шт
SW-00000148	Torg Landiya	92929	89	1	89	94	available	4629548	467620474	https://build.rozetka.com.ua/ua/467620474/p467620474/	3D панель самоклеючий кирпич М'ята 700х770х5мм (012-5) SW-00000148
SW-00000148	Секрети шопінгу	268996	105	1	105	0	available	4629548	580814332	https://build.rozetka.com.ua/ua/580814332/p580814332/	3D панель самоклеюча 700х770х5мм кирпич М'ята (012-5) SW-00000148
SW-00000148	AVO-LAVKA	114191	115	1	115	128	available	4629548	596630992	https://build.rozetka.com.ua/ua/596630992/p596630992/	3D панель самоклеюча 700х770х5мм кирпич М'ята (012-5) SW-00000148
SW-00000148	RMService	15008	195	1	195	299	available	4629548	572808478	https://build.rozetka.com.ua/ua/572808478/p572808478/	3D панель самоклеюча 700х770х5мм кирпич,м'ята (012-5) SW-00000148 (Sticker Wall)
SW-00000148	Wide Range	211532	98	1	98	0	available	4629548	601254202	https://build.rozetka.com.ua/ua/601254202/p601254202/	3D панель самоклеюча 700х770х5мм цегла М'ята
SW-00000148	PARADISE	269545	94	1	94	137	available	4629548	594064276	https://build.rozetka.com.ua/ua/594064276/p594064276/	Самоклейна 3D панель ПВХ під цеглу для декорування стін 700х770х5мм Бірюзовий фонова стінова обробка для вітальні кухні передпокою для спальні та дитячої кімнати
SW-00000148	Знак якості	138753	92	1	92	0	available	4629548	609763682	https://build.rozetka.com.ua/ua/609763682/p609763682/	3D панель самоклеюча 700х770х5мм цегла М'ята (012-5) SW-00000148
SW-00000148	LFcolor	213998	85	1	85	0	available	4629548	600353020	https://build.rozetka.com.ua/ua/600353020/p600353020/	3D панель самоклеюча 700х770х5мм цегла М'ята (012-5) SW-00000148
SW-00000148	MC LitWin	265009	86	1	86	0	available	4629548	597333781	https://build.rozetka.com.ua/ua/597333781/p597333781/	3D панель самоклеюча Sticker Wall SW-00000148 700х770х5 мм цегла зелена
SW-00000148	Bigsylio	266140	85	1	85	0	available	4629548	604053985	https://build.rozetka.com.ua/ua/604053985/p604053985/	3D панелі самоклеючі цегла М'ята для стін інтер'єру декорування обробка
SW-00000148	Потрібне	274903	115	1	115	0	available	4629548	594897238	https://build.rozetka.com.ua/ua/594897238/p594897238/	3D панель самоклеюча Sticker Wall 700х770х5мм цегла М'ята (012-5) SW-00000148
SW-00000148	MiroLends	137263	105	1	105	0	unavailable	4629548	327615400	https://build.rozetka.com.ua/ua/327615400/p327615400/	Самоклеюча декоративна 3D панель Wall Sticker Цегла М'ятний 700х770х5мм
SW-00000148	eDarunok	189795	105	1	105	0	unavailable	4629548	433733927	https://build.rozetka.com.ua/ua/433733927/p433733927/	3D панель самоклеючий кирпич М'ята 700х770х5мм (012-5) SW-00000148
SW-00000148	Lite	181560	78	1	78	0	unavailable	4629548	451455197	https://build.rozetka.com.ua/ua/451455197/p451455197/	Самоклеюча 3D панель Цегла М'ята 700х770х5мм
SW-00000148	In2time	227604	105	1	105	0	unavailable	4629548	550115307	https://build.rozetka.com.ua/ua/3d-paneli-sticker-wall-152318556/p550115307/	3D панель самоклеюча 700х770х5мм цегла М'ята (012-5) SW-00000148
SW-00000148	Bass Culture	269902	85	1	85	0	unavailable	4629548	589908976	https://build.rozetka.com.ua/ua/589908976/p589908976/	3D панель самоклеюча 700х770х5мм цегла М'ята (012-5) SW-00000148
SW-00000148	THERMOTRADE	104545	94	1	94	0	unavailable	4629548	578451313	https://build.rozetka.com.ua/ua/578451313/p578451313/	3D панель самоклеюча 700х770х5мм цегла М'ята (012-5) SW-00000148, М'ятний
SW-00000148	MimiPlay	238949	95	1	95	0	unavailable	4629548	606306043	https://build.rozetka.com.ua/ua/606306043/p606306043/	3D панель самоклеюча 700х770х5мм цегла М'ята (012-5) SW-00000148
SW-00000148	GRAND LIFE	39993	131	1	131	0	unavailable	4629548	524586654	https://build.rozetka.com.ua/ua/524586654/p524586654/	3D панель самоклеюча 700x770x5мм цегла М'ята (012-5) SW-00000148 4391402
SW-00000148	People's composition of the manufacturer	250050	57	1	57	0	unavailable	4629548	565257149	https://build.rozetka.com.ua/ua/565257149/p565257149/	3D панель самоклеюча цегла Sticker Wall М'ята 700х770х5мм (012-5) SW-00000148
SW-00000148	Homent	255285	85	1	85	0	unavailable	4629548	578473294	https://build.rozetka.com.ua/ua/578473294/p578473294/	3D панель самоклеюча Sticker Wall 700х770х5мм кирпич М'ята 012-5 (SW-00000148)
SW-00003255	3DDD	188802	58	1	58	70	available	4629548	593600302	https://build.rozetka.com.ua/ua/593600302/p593600302/	Вінілова плитка що самоклеїться 457х457х1,5мм СВП-115 SW-00003255
SW-00003255	APEYRON	190755	90	1	90	118	available	4629548	601938151	https://build.rozetka.com.ua/ua/601938151/p601938151/	Самоклеюча панель Sticker Wall СВП-115 SW-00003255 45,7*45,7*1,5 мм
SW-00003255	SHEF LIFE	124373	95	1	95	103	available	4657848	584307016	https://build.rozetka.com.ua/ua/584307016/p584307016/	СВП-115 Самоклеюча вінілова плитка 457х457х1,5мм МАТ SW-00003255
SW-00003255	Wide Range	211532	87	1	87	0	available	4629548	602616148	https://build.rozetka.com.ua/ua/602616148/p602616148/	Самоклеюча вінілова плитка 457х457х1,5мм МАТ SW-00003255
SW-00003255	LFcolor	213998	76	1	76	0	available	4629548	600352498	https://build.rozetka.com.ua/ua/600352498/p600352498/	СВП-115 Самоклеюча вінілова плитка 457х457х1,5мм МАТ SW-00003255
SW-00003255	Днепрлюкс	146605	76	1	76	0	available	4629548	559500537	https://build.rozetka.com.ua/ua/plitka-dlya-gilih-pomeshcheniy-sticker-wall-155801409/p559500537/	СВП-115 Самоклеюча вінілова плитка 457х457х1,5мм МАТ SW-00003255
SW-00003255	D`n`D Group	17032	76	1	76	0	available	4629548	562780938	https://build.rozetka.com.ua/ua/pvh-plitka-sticker-wall-157206037/p562780938/	СВП-115 Самоклеюча вінілова плитка 457х457х1,5мм МАТ SW-00003255 (SW-00003255)
SW-00003255	Потрібне	274903	86	1	86	0	available	4641184	595275079	https://build.rozetka.com.ua/ua/595275079/p595275079/	Самоклеюча вінілова плитка Sticker Wall 457х457х1,5мм МАТ SW-00003255
SW-00003255	3dshoping	214967	88	1	88	130	available	4629548	563875752	https://build.rozetka.com.ua/ua/3d-paneli-sticker-wall-157487911/p563875752/	СВП-115 Самоклейна вінілова плитка 457х457х1,5 мм МАТ SW-00003255
SW-00003255	Torg Landiya	92929	80	1	80	84	available	4629548	565888397	https://build.rozetka.com.ua/ua/565888397/p565888397/	СВП-115 Самоклеюча вінілова плитка 457х457х1, 5мм МАТ SW-00003255
SW-00003255	PROStikerUa	217718	76	1	76	102	available	4629548	571627432	https://build.rozetka.com.ua/ua/571627432/p571627432/	СВП-115 Самоклеюча вінілова плитка Природній камінь 457х457х1,5мм МАТ SW-00003255
SW-00003255	Shywon	237919	72	1	72	0	available	4629548	565622495	https://build.rozetka.com.ua/ua/565622495/p565622495/	СВП-115 Самоклеюча вінілова плитка 457х457х1,5мм МАТ SW-00003255
SW-00003255	Happy Valise	44840	87	1	87	130	available	4629548	558946098	https://build.rozetka.com.ua/ua/pvh-plitka-sticker-wall-155676766/p558946098/	Самоклеюча вінілова плитка 457х457х1,5мм МАТ SW-00003255
SW-00003255	RMService	15008	176	1	176	249	available	4629548	577858900	https://build.rozetka.com.ua/ua/577858900/p577858900/	Самоклеюча вінілова плитка 457 х 457 х 1,5 мм МАТ SW-00003255(Sticker Wall)
SW-00003255	TechnoPrime	33201	84	1	84	0	available	4648788	603174022	https://build.rozetka.com.ua/ua/603174022/p603174022/	СВП-115 Самоклеюча вінілова плитка 457х457х1,5мм МАТ SW-00003255
SW-00003255	MC LitWin	265009	69	1	69	0	available	4629548	597335710	https://build.rozetka.com.ua/ua/597335710/p597335710/	Вінілова плитка самоклеюча Sticker Wall SW-00003255 457х457х1.5 мм
SW-00003255	ukriloom	226664	78	1	78	0	available	4648788	594207025	https://build.rozetka.com.ua/ua/594207025/p594207025/	СВП-115 Самоклеюча вінілова плитка 457х457х1,5мм МАТ SW-00003255
SW-00003255	K-Warehouse	217766	66	1	66	0	available	4648788	584403208	https://build.rozetka.com.ua/ua/584403208/p584403208/	СВП-115 Самоклеюча вінілова плитка 457х457х1,5мм МАТ SW-00003255
SW-00003255	Davelia Shop	283358	95	1	95	0	available	4629548	616822367	https://build.rozetka.com.ua/ua/616822367/p616822367/	СВП-115 Самоклеюча вінілова плитка 400х400х1,5мм МАТ SW-00003255
SW-00003255	МАЙЯ	20508	70	1	70	0	available	4648788	592973383	https://build.rozetka.com.ua/ua/592973383/p592973383/	СВП-115 Самоклеюча вінілова плитка 457х457х1,5мм МАТ SW-00003255
SW-00003255	PRIMAVERA_pro	245169	202	1	202	0	available	4648788	593439814	https://build.rozetka.com.ua/ua/593439814/p593439814/	СВП-115 Самоклеюча вінілова плитка 457х457х1,5мм МАТ SW-00003255
SW-00003255	Bravion Store	276091	125	1	125	0	available	4648788	597040984	https://build.rozetka.com.ua/ua/597040984/p597040984/	СВП-115 Самоклеюча вінілова плитка 457х457х1,5мм МАТ SW-00003255
SW-00003255	Lavkamarka	227099	76	1	76	113	available	4641184	595630669	https://build.rozetka.com.ua/ua/595630669/p595630669/	СВП-115 Самоклеюча вінілова плитка 400х400х1,5мм МАТ SW-00003255
SW-00003255	NIVENTO	271966	143	1	143	257	available	4629548	601662214	https://build.rozetka.com.ua/ua/601662214/p601662214/	СВП-115 Самоклеюча вінілова плитка 457х457х1,5мм МАТ SW-00003255
SW-00003255	Декостра	278257	95	1	95	0	available	4629548	603197839	https://build.rozetka.com.ua/ua/603197839/p603197839/	СВП-115 Самоклеюча вінілова плитка 457х457х1,5мм МАТ SW-00003255
SW-00003255	PeRoHome	282119	126	1	126	0	available	4629548	613015904	https://build.rozetka.com.ua/ua/613015904/p613015904/	СВП-115 Самоклеюча вінілова плитка 400х400х1,5мм МАТ SW-00003255
SW-00003255	Bigsylio	266140	76	1	76	0	available	4629548	606381460	https://build.rozetka.com.ua/ua/606381460/p606381460/	Самоклеюча вінілова плитка 457х457х1,5мм світло-сіра для внутрішнього оздоблення підлогове покриття
SW-00003255	TOWER	83595	149	1	149	0	unavailable	4629548	569607511	https://build.rozetka.com.ua/ua/569607511/p569607511/	СВП-115 Вінілова плитка, що самоклеїться, 457х457х1,5мм МАТ SW-00003255
SW-00003255	LFcolor	213998	95	1	95	0	unavailable	4629548	557808606	https://build.rozetka.com.ua/ua/pvh-plitka-sticker-wall-155400512/p557808606/	СВП-115 Самоклеюча вінілова плитка 457х457х1,5мм МАТ SW-00003255
SW-00003255	Рельєф Простір	267658	113	1	113	0	unavailable	4648788	577341442	https://build.rozetka.com.ua/ua/577341442/p577341442/	СВП-115 Самоклеюча вінілова плитка 457х457х1,5мм МАТ SW-00003255
SW-00003255	СКАЙТУЛЗ	153858	130	1	130	0	unavailable	4629548	569056111	https://build.rozetka.com.ua/ua/569056111/p569056111/	СВП-115 Самоклеюча вінілова плитка 457х457х1,5мм МАТ SW-00003255
SW-00003255	Bass Culture	269902	76	1	76	0	unavailable	4629548	591588322	https://build.rozetka.com.ua/ua/591588322/p591588322/	СВП-115 Самоклеюча вінілова плитка 457х457х1,5мм МАТ SW-00003255
SW-00003255	Homent	255285	76	1	76	0	unavailable	4629548	578472181	https://build.rozetka.com.ua/ua/578472181/p578472181/	Самоклеюча вінілова плитка Sticker Wall СВП-115 457х457х1,5мм МАТ (SW-00003255)
SW-00003255	STICO_PANEL	263347	95	1	95	0	unavailable	4629548	569763928	https://build.rozetka.com.ua/ua/569763928/p569763928/	Самоклеюча вінілова плитка 457х457х1,5мм МАТ SW-00003255 СВП-115
SW-00003255	HomeStyle Market	271219	113	1	113	0	unavailable	4629548	585975241	https://build.rozetka.com.ua/ua/585975241/p585975241/	СВП-115 Самоклеюча вінілова плитка 457х457х1,5мм МАТ SW-00003255
SW-00003255	ViDen	265006	70	1	70	0	unavailable	4657848	605312302	https://build.rozetka.com.ua/ua/605312302/p605312302/	СВП-115 Самоклеюча вінілова плитка 400х400х1,5мм МАТ SW-00003255
SW-00003255	MimiPlay	238949	76	1	76	0	unavailable	4629548	606306835	https://build.rozetka.com.ua/ua/606306835/p606306835/	СВП-115 Самоклеюча вінілова плитка 400х400х1,5мм МАТ SW-00003255
SW-00003255	Kind Host	272923	113	1	113	0	unavailable	4641184	591064093	https://build.rozetka.com.ua/ua/591064093/p591064093/	СВП-115 Самоклеюча вінілова плитка 457х457х1,5мм МАТ SW-00003255
SW-00003255	Ентемпс	211401	113	1	113	0	unavailable	4629548	563507694	https://build.rozetka.com.ua/ua/3d-paneli-sticker-wall-157213142/p563507694/	СВП-115 Самоклеюча вінілова плитка 457х457х1,5мм МАТ SW-00003255
SW-00003255	Ентемпс	211401	113	1	113	0	unavailable	4629548	569863924	https://build.rozetka.com.ua/ua/569863924/p569863924/	СВП-115 Самоклеюча вінілова плитка 457х457х1,5мм МАТ SW-00003255
SW-00003255	THERMOTRADE	104545	125	1	125	0	unavailable	4629548	579796174	https://build.rozetka.com.ua/ua/579796174/p579796174/	СВП-115 Самоклеюча вінілова плитка 457х457х1,5мм МАТ SW-00003255
SW-00003397	PROStikerUa	217718	1050	1	1050	1407	available	4629548	610899116	https://build.rozetka.com.ua/ua/610899116/p610899116/	Покриття вінілове самоклеюче 3D рейки в рулоні 600х3000х3мм Темний камінь D SW-00003397
SW-00003397	МАЙЯ	20508	1117	1	1117	0	available	4648788	613534700	https://build.rozetka.com.ua/ua/613534700/p613534700/	Покриття вінілове самоклеюче 3D рейки 600х3000х3мм Темний камінь SW-00003397
SW-00003397	Lavkamarka	227099	1050	1	1050	0	available	4641184	610886651	https://build.rozetka.com.ua/ua/610886651/p610886651/	Покриття вінілове самоклеюче Sticker Wall 3D рейки 3000Х600Х3 мм Темний камінь SW-00003397
SW-00003397	Roomland	241419	1050	1	1050	1325	available	4629548	611237495	https://build.rozetka.com.ua/ua/611237495/p611237495/	Самоклеючі вінілові 3D рейки в рулоні для стін 600×3000×3 мм, 1,8 м² Темний камінь
SW-00003397	Wide Range	211532	1208	1	1208	0	available	4629548	611411009	https://build.rozetka.com.ua/ua/611411009/p611411009/	Покриття вінілове самоклеюче 3D рейки в рулоні 600х3000х3мм Темний камінь
SW-00003397	Kind Host	272923	1200	1	1200	0	unavailable	4629548	613933493	https://build.rozetka.com.ua/ua/613933493/p613933493/	Покриття вінілове самоклеюче 3D рейки 600х3000х3мм Темний камінь SW-00003397
SW-00003397	GRAND LIFE	39993	1313	1	1313	0	unavailable	4629548	609282869	https://build.rozetka.com.ua/ua/609282869/p609282869/	Покриття вінілове самоклейне 3D Рейки в рулоні 600х3000х3мм Темний камінь (D) SW-00003397 5256631
SW-00002330	Юзон	169785	111	1	111	0	available	4648788	545833557	https://build.rozetka.com.ua/ua/samokleyashchiesya-plenki-sticker-wall-150666406/p545833557/	Самоклеюча стінова плитка STICKER WALL 600*300*2мм PET (D) SW-00002330
SW-00002330	Online Shop	12416	87	1	87	79	available	4629548	539828584	https://build.rozetka.com.ua/ua/plitka-dlya-gilih-pomeshcheniy-sticker-wall-149337832/p539828584/	Самоклеюча стінова PET плитка 600*300*2mm (D) SW-00002330
SW-00002330	PRIMAVERA_pro	245169	112	1	112	0	available	4648788	593441179	https://build.rozetka.com.ua/ua/593441179/p593441179/	Самоклеюча стінова PET плитка 600х300х2мм SW-00002330
SW-00002330	Днепрлюкс	146605	65	1	65	0	unavailable	4659004	542923980	https://build.rozetka.com.ua/ua/plitka-dlya-gilih-pomeshcheniy-sticker-wall-147355067/p542923980/	Самоклеюча стінова PET плитка 600*300*2mm (D) SW-00002330
SW-00002330	Shywon	237919	89	1	89	0	unavailable	4629548	544804445	https://build.rozetka.com.ua/ua/3d-paneli-sticker-wall-150158765/p544804445/	Самоклеюча стінова PET плитка 600х300х2мм SW-00002330
SW-00002330	SHEF LIFE	124373	99	1	99	0	unavailable	4629548	557127597	https://build.rozetka.com.ua/ua/3d-paneli-sticker-wall-155007120/p557127597/	Самоклеюча стінова PET плитка 600х300х2мм SW-00002330
SW-00002330	In2time	227604	87	1	87	0	unavailable	4629548	550115016	https://build.rozetka.com.ua/ua/3d-paneli-sticker-wall-152318662/p550115016/	Самоклеюча стінова PET плитка 600х300х2мм SW-00002330
SW-00002330	LoftWall	210021	65	1	65	0	unavailable	4629548	465205134	https://build.rozetka.com.ua/ua/465205134/p465205134/	Самоклеюча стінова PET плитка 600*300*2mm (D) SW-00002330
SW-00002330	Happy Valise	44840	75	1	75	0	unavailable	4629548	465551854	https://build.rozetka.com.ua/ua/465551854/p465551854/	Самоклеюча стінова PET плитка 600x300x2mm (D) SW-00002330
SW-00002330	TechnoPrime	33201	72	1	72	0	unavailable	4657848	556523535	https://build.rozetka.com.ua/ua/vinilovie-oboi-sticker-wall-154713455/p556523535/	Самоклеюча стінова плитка PET 600х300х2мм SW-00002330
SW-00002330	3D Loft	69844	65	1	65	0	unavailable	4659004	466699529	https://build.rozetka.com.ua/ua/466699529/p466699529/	Самоклеюча стінова PET плитка 600*300*2mm (D) SW-00002330
SW-00002330	Torg Landiya	92929	87	1	87	0	unavailable	4629548	467164279	https://build.rozetka.com.ua/ua/467164279/p467164279/	Самоклеюча стінова плитка PET 600*300*2mm (D) SW-00002330
SW-00002330	ItailOil	33267	94	1	94	0	unavailable	4648788	569889736	https://build.rozetka.com.ua/ua/569889736/p569889736/	Самоклеюча стінова PET плитка Sticker Wall SW-00002330 600х300х2 мм
SW-00002330	ВінБудІмперіал	240759	87	1	87	0	unavailable	4648788	572705080	https://build.rozetka.com.ua/ua/572705080/p572705080/	Самоклеюча стінова PET плитка 600х300х2мм SW-00002330
SW-00002330	ItailOil	33267	75	1	75	94	unavailable	4648788	574052596	https://build.rozetka.com.ua/ua/574052596/p574052596/	Самоклеюча стінова PET плитка Sticker Wall SW-00002330 600х300х2 мм
SW-00002330	PFmarket	211413	78	1	78	0	unavailable	4629548	473418224	https://build.rozetka.com.ua/ua/473418224/p473418224/	Самоклеюча стінова PET плитка 600*300*2mm (D) SW-00002330
SW-00002330	Ентемпс	211401	79	1	79	0	unavailable	4641184	573036025	https://build.rozetka.com.ua/ua/573036025/p573036025/	Самоклеюча стінова PET плитка 600х300х2мм SW-00002330
SW-00002330	Crystal sky	250060	79	1	79	0	unavailable	4629548	564020958	https://build.rozetka.com.ua/ua/3d-paneli-sticker-wall-157560135/p564020958/	Самоклеюча стінова PET плитка 600х300х2мм SW-00002330
SW-00002330	МАЙЯ	20508	68	1	68	0	unavailable	4659004	589668397	https://build.rozetka.com.ua/ua/589668397/p589668397/	Самоклеюча стінова PET плитка 600х300х2мм SW-00002330
SW-00002330	Рельєф Простір	267658	79	1	79	0	unavailable	4648788	577342201	https://build.rozetka.com.ua/ua/577342201/p577342201/	Самоклеюча стінова PET плитка 600х300х2мм SW-00002330
SW-00002330	RCMN	136578	110	1	110	0	unavailable	4629548	562209153	https://build.rozetka.com.ua/ua/kovrolin-bez-brenda-157065146/p562209153/	Самоклеюча стінова PET плитка 600х300х2мм SW-00002330
SW-00002330	K-Warehouse	217766	65	1	65	0	unavailable	4629548	476815714	https://build.rozetka.com.ua/ua/476815714/p476815714/	Самоклеюча стінова PET плитка 600*300*2mm (D) SW-00002330
SW-00002330	STICO_PANEL	263347	65	1	65	0	unavailable	4629548	569764228	https://build.rozetka.com.ua/ua/569764228/p569764228/	Самоклеюча стінова PET плитка 600х300х2мм SW-00002330
SW-00002330	NIVENTO	271966	98	1	98	176	unavailable	4629548	601662442	https://build.rozetka.com.ua/ua/601662442/p601662442/	Самоклеюча стінова PET плитка 600х300х2мм SW-00002330
SW-00002330	PROStikerUa	217718	79	1	79	106	unavailable	4629548	477278889	https://build.rozetka.com.ua/ua/477278889/p477278889/	Самоклеюча стінова PET плитка Sticker Wall 600*300*2mm (D) SW-00002330
SW-00002330	TOWER	83595	154	1	154	0	unavailable	4629548	479925269	https://build.rozetka.com.ua/ua/479925269/p479925269/	Самоклеюча стінова плитка PET 600*300*2mm (D) SW-00002330
SW-00002330	Bravion Store	276091	75	1	75	0	unavailable	4648788	597136876	https://build.rozetka.com.ua/ua/597136876/p597136876/	Самоклеюча стінова PET плитка 600х300х2мм SW-00002330
SW-00002330	ВінБудІмперіал	240759	91	1	91	0	unavailable	4629548	583061998	https://build.rozetka.com.ua/ua/583061998/p583061998/	Самоклеюча стінова PET плитка 600х300х2мм SW-00002330
SW-00002330	THERMOTRADE	104545	87	1	87	0	unavailable	4641184	579796453	https://build.rozetka.com.ua/ua/579796453/p579796453/	Самоклеюча стінова PET плитка 600х300х2мм SW-00002330
SW-00002330	AVO-LAVKA	114191	88	1	88	98	unavailable	4648788	596632741	https://build.rozetka.com.ua/ua/596632741/p596632741/	Самоклеюча стінова PET плитка 600х300х2мм SW-00002330
SW-00002330	ViDen	265006	68	1	68	0	unavailable	4658998	605310490	https://build.rozetka.com.ua/ua/605310490/p605310490/	Самоклеюча стінова PET плитка 600х300х2мм SW-00002330
SW-00002330	PeRoHome	282119	115	1	115	0	unavailable	4641184	613017407	https://build.rozetka.com.ua/ua/613017407/p613017407/	Самоклеюча стінова PET плитка 600х300х2мм SW-00002330
SW-00002330	СКАЙТУЛЗ	153858	91	1	91	0	unavailable	4629548	485875864	https://build.rozetka.com.ua/ua/485875864/p485875864/	Самоклеюча стінова PET плитка 600*300*2mm (D) SW-00002330
SW-00002330	Plumbing Assistant	211113	108	1	108	0	unavailable	4629548	484918979	https://build.rozetka.com.ua/ua/484918979/p484918979/	Самоклеюча стінова PET плитка 600*300*2мм (D) SW-00002330
SW-00002330	Знак якості	138753	72	1	72	0	unavailable	4629548	609764003	https://build.rozetka.com.ua/ua/609764003/p609764003/	Самоклеюча стінова PET плитка 600х300х2мм SW-00002330
SW-00002330	eDarunok	189795	87	1	87	0	unavailable	4629548	497034379	https://build.rozetka.com.ua/ua/497034379/p497034379/	Самоклеюча стінова PET плитка 600*300*2mm (D) SW-00002330
SW-00002330	BINGO	53688	133	1	133	0	unavailable	4641184	500793434	https://build.rozetka.com.ua/ua/500793434/p500793434/	Самоклеюча стінова PET плитка 600*300*2mm (D) SW-00002330
SW-00002330	Мережа можливостей	194715	79	1	79	0	unavailable	4629548	506581959	https://build.rozetka.com.ua/ua/506581959/p506581959/	Самоклеюча стінова PET плитка 600х300х2мм SW-00002330
SW-00002330	GZoo	139880	75	1	75	0	unavailable	4629548	508385869	https://build.rozetka.com.ua/ua/508385869/p508385869/	Самоклеюча стінова PET плитка 600*300*2mm (D) SW-00002330
SW-00002330	Fono Market	79493	111	1	111	0	unavailable	4641184	510188659	https://build.rozetka.com.ua/ua/510188659/p510188659/	Самоклеюча стінова PET плитка 600*300*2mm (D) SW-00002330
SW-00002330	MiroLends	137263	75	1	75	0	unavailable	4629548	515609064	https://build.rozetka.com.ua/ua/515609064/p515609064/	Самоклеюча стінова PET плитка 600*300*2mm (D) SW-00002330
SW-00002330	lookoboi	56952	75	1	75	0	unavailable	4641184	527408714	https://build.rozetka.com.ua/ua/527408714/p527408714/	Самоклеюча стінова ПЕТ плитка 600*300*2 мм мармур перетертий сірий (D) SW-00002330
SW-00002330	ukriloom	226664	79	1	79	0	unavailable	4657848	538140979	https://build.rozetka.com.ua/ua/plitka-dlya-gilih-pomeshcheniy-sticker-wall-148806816/p538140979/	Самоклеюча стінова PET плитка 600х300х2мм SW-00002330
SW-00002330	FOUKS	20886	65	1	65	0	unavailable	4641184	468257434	https://build.rozetka.com.ua/ua/468257434/p468257434/	ПЕТ панелі самоклейка декор Під сірий бетон під камінь 300х600х2мм плитка настінна ПВХ покриття
SW-00002330	3DDD	188802	71	1	71	86	unavailable	4629548	478781004	https://build.rozetka.com.ua/ua/478781004/p478781004/	Самоклеюча стінова PET плитка 600 x 300 x 2mm (D) SW-2330
SW-00002330	Wide Range	211532	75	1	75	0	unavailable	4659004	582204343	https://build.rozetka.com.ua/ua/582204343/p582204343/	Самоклеюча стінова PET плитка 600х300х2мм Сірий сланець
SW-00002330	PARADISE	269545	72	1	72	105	unavailable	4648788	603750901	https://build.rozetka.com.ua/ua/603750901/p603750901/	Декоративна плитка ПЕТ для стін під камінь 600х300х2 мм миється зносостійка з рельєфом 3D для акцентної стіни імітація натуральної текстури для офісу Сірий
SW-00002330	The world of ideas	166476	75	1	75	0	unavailable	4629548	493674084	https://build.rozetka.com.ua/ua/493674084/p493674084/	Самоклеюча стінова PET плитка 600 x 300 x 2mm (D) SW-2330
SW-00002330	Lavkamarka	227099	79	1	79	79	unavailable	4641184	494347004	https://build.rozetka.com.ua/ua/494347004/p494347004/	Самоклеюча стінова PET плитка Sticker Wall 600х300х2мм (2330)
SW-00000019	FOUKS	20886	105	1	105	0	available	4629548	179920203	https://build.rozetka.com.ua/ua/179920203/p179920203/	Стінова 3Д Панель декоративна під дерево Скандинавський стиль (самоклеючі 3d панелі для стін) 700x700x4 мм (81) SW-00000019
SW-00000019	FOUKS	20886	105.0	10	1050	0	available	4629548	179920259	https://build.rozetka.com.ua/ua/179920259/p179920259/	Стінова 3Д Панель 10 шт. декоративна під дерево Скандинавський стиль (самоклеючі 3d панелі для стін) 700x700x4 мм (81) SW-00000019-10шт
SW-00000019	FOUKS	20886	105.0	5	525	0	available	4629548	179919965	https://build.rozetka.com.ua/ua/179919965/p179919965/	Стінова 3Д Панель 5 шт. декоративна під дерево Скандинавський стиль (самоклеючі 3d панелі для стін) 700x700x4 мм (81) SW-00000019-5шт
SW-00000019	Потрібне	274903	125	1	125	0	available	4629548	594896887	https://build.rozetka.com.ua/ua/594896887/p594896887/	Декоративна самоклеюча 3Д панель Sticker Wall на стіну, для кухні, ванної під дерево самоклейка Зебра 700х700х6мм SW-00000019
SW-00000019	LoftWall	210021	99	1	99	135	available	4629548	421278312	https://build.rozetka.com.ua/ua/421278312/p421278312/	Декоративна 3D панель самоклейка під дерево Зебра 700х700х6мм (081) SW-00000019
SW-00000019	RMService	15008	205	1	205	299	available	4629548	573167002	https://build.rozetka.com.ua/ua/573167002/p573167002/	Декоративна 3D панель самоклейка 700х700х6 мм, зебра (081) SW-00000019 (Sticker Wall)
SW-00000019	Секрети шопінгу	268996	119	1	119	0	available	4629548	580814635	https://build.rozetka.com.ua/ua/580814635/p580814635/	Декоративна 3D панель самоклейка 700х700х6мм Зебра дерево (081) SW-00000019
SW-00000019	AVO-LAVKA	114191	142	1	142	158	available	4629548	596632822	https://build.rozetka.com.ua/ua/596632822/p596632822/	Декоративна 3D панель самоклейка 700х700х4мм Зебра дерево (081) SW-00000019
SW-00000019	LFcolor	213998	105	1	105	0	available	4629548	600353362	https://build.rozetka.com.ua/ua/600353362/p600353362/	Декоративна 3D панель самоклейка 700х700х4мм Зебра дерево (081) SW-00000019
SW-00000019	MC LitWin	265009	115	1	115	0	available	4629548	597335230	https://build.rozetka.com.ua/ua/597335230/p597335230/	3D панель самоклеюча Sticker Wall SW-00000019 700х700х4 мм дерево коричнева
SW-00000019	Wide Range	211532	121	1	121	0	available	4629548	602616430	https://build.rozetka.com.ua/ua/602616430/p602616430/	Декоративна 3D панель самоклейка 700х700х4мм Зебра дерево
SW-00000019	Bigsylio	266140	105	1	105	0	available	4629548	604054036	https://build.rozetka.com.ua/ua/604054036/p604054036/	Декоративна 3D панель самоклейка під дерево Зебра 700x700x4мм для інтер'єра стін обробка поверхні
SW-00000019	Знак якості	138753	116	1	116	0	available	4629548	609763943	https://build.rozetka.com.ua/ua/609763943/p609763943/	Декоративна 3D панель самоклейка 700х700х4мм Зебра дерево (081) SW-00000019
SW-00000019	PARADISE	269545	116	1	116	169	available	4629548	594064669	https://build.rozetka.com.ua/ua/594064669/p594064669/	Самоклейна 3D панель ПВХ під дерево для декорування стін 700х700х4мм Сірий оздоблення балкону та лоджії оформлення зони телевізора для інтерʼєру квартири дому
SW-00000019	MiroLends	137263	150	1	150	0	unavailable	4629548	317929816	https://build.rozetka.com.ua/ua/317929816/p317929816/	Декоративна 3D панель Sticker Wall самоклейка під дерево Зебра 700x700x6мм (00-00000081СП)
SW-00000019	GRAND LIFE	39993	138	1	138	0	unavailable	4629548	441035627	https://build.rozetka.com.ua/ua/441035627/p441035627/	Декоративна 3D панель самоклейка під дерево Зебра 700x700x6мм (081) SW-00000019 3996347
SW-00000019	Lite	181560	93	1	93	0	unavailable	4629548	451351880	https://build.rozetka.com.ua/ua/451351880/p451351880/	Самоклеюча 3D панель під дерево Зебра 700х700х6мм
SW-00000019	In2time	227604	121	1	121	0	unavailable	4629548	550116573	https://build.rozetka.com.ua/ua/3d-paneli-sticker-wall-152318535/p550116573/	Декоративна 3D панель самоклейка 700х700х6мм Зебра дерево (081) SW-00000019
SW-00000019	Homent	255285	99	1	99	0	unavailable	4629548	578474821	https://build.rozetka.com.ua/ua/578474821/p578474821/	Декоративна 3D панель Sticker Wall самоклейка 700х700х6мм Зебра дерево 081 (SW-00000019)
SW-00000019	Bass Culture	269902	99	1	99	0	unavailable	4629548	589908901	https://build.rozetka.com.ua/ua/589908901/p589908901/	Декоративна 3D панель самоклейка 700х700х4мм Зебра дерево (081) SW-00000019
SW-00000019	MimiPlay	238949	105	1	105	0	unavailable	4629548	606306307	https://build.rozetka.com.ua/ua/606306307/p606306307/	Декоративна 3D панель самоклейка 700х700х4мм Зебра дерево (081) SW-00000019
SW-00000019	THERMOTRADE	104545	109	1	109	0	unavailable	4629548	578451319	https://build.rozetka.com.ua/ua/578451319/p578451319/	Декоративна 3D панель самоклейка 700х700х6мм Зебра дерево (081) SW-00000019, Сірий
SW-00001460	LFcolor	213998	2920	1	2920	0	available	4629548	600352081	https://build.rozetka.com.ua/ua/600352081/p600352081/	Самоклеюча вінілова плитка набір (6 рулонів) 3600х2800х2мм Агат SW-00001460
SW-00001460	LoftWall	210021	2920	1	2920	5500	available	4648788	440116442	https://build.rozetka.com.ua/ua/440116442/p440116442/	Самоклеюча вінілова плитка набір (6 рулонів) агат 3600х2800х2мм SW-00001460
SW-00001460	RSI	48100	3650	1	3650	0	available	4629548	440482355	https://build.rozetka.com.ua/ua/440482355/p440482355/	Самоклеюча вінілова плитка набір (6 рулонів) 3600х2800х2мм Агат SW-00001460
SW-00001460	Секрети шопінгу	268996	4480	1	4480	0	available	4629548	580813984	https://build.rozetka.com.ua/ua/580813984/p580813984/	Самоклеюча вінілова плитка набір (6 рулонів) 3600х2800х2мм Агат SW-00001460
SW-00001460	MC LitWin	265009	3226	1	3226	0	unavailable	4629548	597334804	https://build.rozetka.com.ua/ua/597334804/p597334804/	3D панель стінова самоклеюча у рулоні Sticker Wall SW-00001460 3600х2800х2 мм
SW-00001460	AVO-LAVKA	114191	3942	1	3942	4380	unavailable	4658998	596631544	https://build.rozetka.com.ua/ua/596631544/p596631544/	Самоклеюча вінілова плитка набір (6 рулонів) 3600х2800х2мм Агат SW-00001460
SW-00001460	3DDD	188802	2688	1	2688	3252	unavailable	4629548	409128309	https://build.rozetka.com.ua/ua/409128309/p409128309/	Самоклеюча вінілова плитка Sticker Wall набір (6 рулонів) агат 3600х2800х2мм (WB-SLH-014) SW-00001460
SW-00001460	DKLS	209688	3942	1	3942	0	unavailable	4640928	441651647	https://rozetka.com.ua/ua/441651647/p441651647/	Самоклеюча вінілова плитка набір (6 рулонів) агат 3600х2800х2мм SW-00001460
SW-00001460	In2time	227604	4015	1	4015	0	unavailable	4641184	550116516	https://build.rozetka.com.ua/ua/pvh-plitka-sticker-wall-152319127/p550116516/	Самоклеюча вінілова плитка набір (6 рулонів) 3600х2800х2мм Агат SW-00001460
SW-00001460	Torg Landiya	92929	3051	1	3051	3212	unavailable	4629548	467620924	https://build.rozetka.com.ua/ua/467620924/p467620924/	Самоклеюча вінілова плитка набір (6 рулонів) агат 3600х2800х2мм SW-00001460
SW-00001460	Bass Culture	269902	2920	1	2920	0	unavailable	4641184	591456892	https://build.rozetka.com.ua/ua/591456892/p591456892/	Самоклеюча вінілова плитка набір (6 рулонів) 3600х2800х2мм Агат SW-00001460
SW-00001460	ukriloom	226664	3008	1	3008	0	unavailable	4641184	593090722	https://build.rozetka.com.ua/ua/593090722/p593090722/	Самоклеюча вінілова плитка набір (6 рулонів) 3600х2800х2мм Агат SW-00001460
SW-00001460	Homent	255285	2920	1	2920	0	unavailable	4629548	578472013	https://build.rozetka.com.ua/ua/578472013/p578472013/	Самоклеюча вінілова плитка Sticker Wall 6 рулонів 3600х2800х2мм Агат (SW-00001460)
SW-00001460	MimiPlay	238949	2920	1	2920	0	unavailable	4629548	606305926	https://build.rozetka.com.ua/ua/606305926/p606305926/	Самоклеюча вінілова плитка набір (6 рулонів) 3600х2800х2мм Агат SW-00001460
SW-00001460	МАЙЯ	20508	3248	1	3248	0	unavailable	4629249	592973023	https://rozetka.com.ua/ua/592973023/p592973023/	Самоклеюча вінілова плитка набір (6 рулонів) 3600х2800х2мм Агат SW-00001460
SW-00001460	The world of ideas	166476	3584	1	3584	0	unavailable	4657848	493673489	https://build.rozetka.com.ua/ua/493673489/p493673489/	Самоклеюча вінілова плитка Sticker Wall набір (6 рулонів) агат 3600х2800х2мм (WB-SLH-014) SW-00001460
SW-00001460	ukriloom	226664	4400	1	4400	0	unavailable	4657848	538181499	https://build.rozetka.com.ua/ua/vinilovie-oboi-sticker-wall-148807011/p538181499/	Самоклеюча вінілова плитка набір (6 рулонів) 3600х2800х2мм Агат SW-00001460
SW-00001460	ViDen	265006	3248	1	3248	0	unavailable	4657848	605312974	https://build.rozetka.com.ua/ua/605312974/p605312974/	Самоклеюча вінілова плитка набір (6 рулонів) 3600х2800х2мм Агат SW-00001460
SW-00001460	Wide Range	211532	3358	1	3358	0	unavailable	4629548	579001684	https://build.rozetka.com.ua/ua/579001684/p579001684/	Самоклеюча вінілова картина набір (6 рулонів) 3600х2800х2мм Агат
SW-00001460	Bigsylio	266140	2920	1	2920	0	unavailable	4629548	606381667	https://build.rozetka.com.ua/ua/606381667/p606381667/	Самоклеюча вінілова плитка 6 рулонів 3600х2800х2мм мармурова для стін інтер'єрний декор обробка
SW-00001460	Lavkamarka	227099	2920	1	2920	5500	unavailable	4641184	496148974	https://build.rozetka.com.ua/ua/496148974/p496148974/	Самоклеюча вінілова плитка набір (6 рулонів) Sticker Wall 3600х2800х2мм агат (1460)
SW-00001460	Bambizo	229974	5500	1	5500	0	unavailable	4657848	505370629	https://build.rozetka.com.ua/ua/505370629/p505370629/	Самоклеючі шпалери Sticker Wall вінілова картина набір (6 рулонів) Агат
SW-00000007	LoftWall	210021	99	1	99	135	available	4629548	421277973	https://build.rozetka.com.ua/ua/421277973/p421277973/	Самоклеюча декоративна настінно-стельова 3D панель павутина 700х700х5мм (115) SW-00000007
SW-00000007	Wide Range	211532	125	1	125	0	available	4629548	602616496	https://build.rozetka.com.ua/ua/602616496/p602616496/	Самоклеюча декоративна настінно-стельова 3D панель 700х700х6,5мм Павутина
SW-00000007	FOUKS	20886	109.0	5	545	0	available	4629548	264446196	https://build.rozetka.com.ua/ua/264446196/p264446196/	Стельова панель біла Мозаїка ПВХ 3Д 5 шт самоклеюча м'яка для стелі 700х700х6.5мм (115) SW-00000007-5шт
SW-00000007	FOUKS	20886	109	1	109	0	available	4629548	264445981	https://build.rozetka.com.ua/ua/264445981/p264445981/	Стельова панель біла Мозаїка ПВХ 3Д (самоклеюча м'яка для стелі) 700х700х6,5 мм (115) SW-00000007
SW-00000007	LFcolor	213998	109	1	109	0	available	4629548	600352495	https://build.rozetka.com.ua/ua/600352495/p600352495/	Самоклеюча декоративна настінно-стельова 3D панель 700х700х6,5мм Павутина (115) SW-00000007
SW-00000007	PeRoHome	282119	159	1	159	0	available	4629548	613017719	https://build.rozetka.com.ua/ua/613017719/p613017719/	Самоклеюча декоративна настінно-стельова 3D панель 695х700х5мм Павутина (115) SW-00000007
SW-00000007	MC LitWin	265009	128	1	128	0	available	4629548	597334048	https://build.rozetka.com.ua/ua/597334048/p597334048/	Стельова панель самоклеюча Sticker Wall SW-00000007 700х700х6.5 мм
SW-00000007	Потрібне	274903	129	1	129	0	available	4629548	594897307	https://build.rozetka.com.ua/ua/594897307/p594897307/	Самоклеюча декоративна 3D панель Sticker Wall настінно-стельова 700х700х6,5мм Павутина (115) SW-00000007
SW-00000007	FOUKS	20886	109.0	10	1090	0	available	4629548	264446211	https://build.rozetka.com.ua/ua/264446211/p264446211/	Стельова панель біла Мозаїка ПВХ 3Д 10 шт самоклеюча м'яка для стелі 700х700х6,5 мм (115) SW-00000007-10шт
SW-00000007	RMService	15008	209	1	209	299	available	4629548	573167008	https://build.rozetka.com.ua/ua/573167008/p573167008/	Самоклеюча декоративна настінно-постільна 3D панель 700х700х6,5мм, павутина (115) SW-00000007 (Sticker Wall)
SW-00000007	AVO-LAVKA	114191	147	1	147	164	available	4629548	596630956	https://build.rozetka.com.ua/ua/596630956/p596630956/	Самоклеюча декоративна настінно-постільна 3D панель 700х700х6,5мм Павутина (115) SW-00000007
SW-00000007	PARADISE	269545	120	1	120	175	available	4629548	594065053	https://build.rozetka.com.ua/ua/594065053/p594065053/	Самоклеюча декоративна настінно-стельова 3D панель 700х700х6,5мм Павутина (115) самоклейна 3д рельєф для стін і стелі вологостійка для кухні і ванни декор інтерʼєру
SW-00000007	Davelia Shop	283358	136	1	136	0	available	4629548	616822370	https://build.rozetka.com.ua/ua/616822370/p616822370/	Самоклеюча декоративна настінно-стельова 3D панель 695х700х5мм Павутина (115) SW-00000007
SW-00000007	Знак якості	138753	137	1	137	0	available	4629548	609765269	https://build.rozetka.com.ua/ua/609765269/p609765269/	Самоклеюча декоративна настінно-стельова 3D панель 695х700х5мм Павутина (115) SW-00000007
SW-00000007	ViDen	265006	129	1	129	0	unavailable	4629548	605311435	https://build.rozetka.com.ua/ua/605311435/p605311435/	Самоклеюча декоративна настінно-стельова 3D панель 695х700х5мм Павутина (115) SW-00000007
SW-00000007	3DDD	188802	177	1	177	0	unavailable	4629548	388443219	https://build.rozetka.com.ua/ua/388443219/p388443219/	Самоклеюча декоративна стельова стінна 3D панель Sticker Wall павутина 700x700x10мм 115 SW-00000007
SW-00000007	LiKEO	74783	190	1	190	0	unavailable	4629548	430096895	https://build.rozetka.com.ua/ua/430096895/p430096895/	Самоклеюча декоративна настінно-стельова 3D панель павутина 700х700х5мм (115) SW-00000007
SW-00000007	Ентемпс	211401	135	1	135	0	unavailable	4629548	573035962	https://build.rozetka.com.ua/ua/573035962/p573035962/	Самоклеюча декоративна настінно-стельова 3D панель павутина 700х700х5мм (115) SW-00000007 Sticker Wall (S/W) Біла павутина
SW-00000007	Bass Culture	269902	109	1	109	0	unavailable	4629548	589909435	https://build.rozetka.com.ua/ua/589909435/p589909435/	Самоклеюча декоративна настінно-стельова 3D панель 700х700х6,5мм Павутина (115) SW-00000007
SW-00000007	MimiPlay	238949	109	1	109	0	unavailable	4629548	606306172	https://build.rozetka.com.ua/ua/606306172/p606306172/	Самоклеюча декоративна настінно-стельова 3D панель 695х700х5мм Павутина (115) SW-00000007
SW-00000007	GRAND LIFE	39993	169	1	169	0	unavailable	4629548	524589154	https://build.rozetka.com.ua/ua/524589154/p524589154/	Самоклеюча декоративна стельово-стінова 3D панель 700x700x5мм Павутина (115) SW-00000007 3996094
SW-00002349	Happy Valise	44840	60	1	60	75	available	4629548	463124614	https://build.rozetka.com.ua/ua/463124614/p463124614/	Самоклеюча стінова PET плитка 600*300*2mm (D) SW-000002349
SW-00002349	LoftWall	210021	52	1	52	65	available	4629548	460209899	https://build.rozetka.com.ua/ua/460209899/p460209899/	Самоклеюча стінова PET плитка 600*300*2mm (D) SW-00002349
SW-00002349	PROStikerUa	217718	52	1	52	70	available	4629548	477278859	https://build.rozetka.com.ua/ua/477278859/p477278859/	Самоклеюча стінова PET плитка Sticker Wall 600*300*2mm (D) SW-00002349
SW-00002349	wow	49996	85	1	85	0	available	4658998	599966683	https://build.rozetka.com.ua/ua/599966683/p599966683/	Самоклеюча стінова PET плитка 600*300*2mm (D) SW-00002349
SW-00002349	Днепрлюкс	146605	52	1	52	0	available	4659004	542923865	https://build.rozetka.com.ua/ua/plitka-dlya-gilih-pomeshcheniy-sticker-wall-147286933/p542923865/	Самоклеюча стінова PET плитка 600*300*2mm (D) SW-00002349
SW-00002349	Shywon	237919	57	1	57	0	available	4629548	544803865	https://build.rozetka.com.ua/ua/3d-paneli-sticker-wall-150159805/p544803865/	Самоклеюча стінова PET плитка 600х300х2мм SW-00002349
SW-00002349	3D Loft	69844	52	1	52	0	available	4641184	460729949	https://build.rozetka.com.ua/ua/460729949/p460729949/	Самоклеюча стінова PET плитка 600*300*2mm (D) SW-000002349
SW-00002349	D`n`D Group	17032	52	1	52	0	available	4641184	463543944	https://build.rozetka.com.ua/ua/463543944/p463543944/	Самоклеюча стінова PET плитка 600х300х2мм SW-00002349 (SW-00002349)
SW-00002349	TechnoPrime	33201	57	1	57	0	available	4657848	556523280	https://build.rozetka.com.ua/ua/vinilovie-oboi-sticker-wall-154713610/p556523280/	Самоклеюча стінова плитка PET 600х300х2мм SW-00002349
SW-00002349	Torg Landiya	92929	54	1	54	57	available	4629548	467165174	https://build.rozetka.com.ua/ua/467165174/p467165174/	Самоклеюча стінова плитка PET 600*300*2mm (D) SW-00002349
SW-00002349	ItailOil	33267	61	1	61	94	available	4648788	574052236	https://build.rozetka.com.ua/ua/574052236/p574052236/	Самоклеюча стінова PET плитка Sticker Wall SW-00002349 600х300х2 мм
SW-00002349	SHEF LIFE	124373	65	1	65	70	available	4629548	557127513	https://build.rozetka.com.ua/ua/3d-paneli-sticker-wall-155007075/p557127513/	Самоклеюча стінова PET плитка 600х300х2мм SW-00002349
SW-00002349	K-Warehouse	217766	52	1	52	0	available	4629548	476817439	https://build.rozetka.com.ua/ua/476817439/p476817439/	Самоклеюча стінова PET плитка 600*300*2mm (D) SW-00002349
SW-00002349	AVO-LAVKA	114191	70	1	70	78	available	4648788	596632426	https://build.rozetka.com.ua/ua/596632426/p596632426/	Самоклеюча стінова PET плитка 600х300х2мм SW-00002349
SW-00002349	Знак якості	138753	59	1	59	0	available	4629548	609765062	https://build.rozetka.com.ua/ua/609765062/p609765062/	Самоклеюча стінова PET плитка 600х300х2мм SW-00002349
SW-00002349	ukriloom	226664	54	1	54	0	available	4641184	590520508	https://build.rozetka.com.ua/ua/590520508/p590520508/	Самоклеюча стінова PET плитка 600х300х2мм SW-00002349
SW-00002349	Потрібне	274903	62	1	62	0	available	4641184	594898408	https://build.rozetka.com.ua/ua/594898408/p594898408/	Самоклеюча стінова PET плитка Sticker Wall 600х300х2мм SW-00002349
SW-00002349	Davelia Shop	283358	65	1	65	0	available	4629548	616824230	https://build.rozetka.com.ua/ua/616824230/p616824230/	Самоклеюча стінова PET плитка 600х300х2мм SW-00002349
SW-00002349	PeRoHome	282119	102	1	102	0	available	4641184	613016738	https://build.rozetka.com.ua/ua/613016738/p613016738/	Самоклеюча стінова PET плитка 600х300х2мм SW-00002349
SW-00002349	MiroLends	137263	61	1	61	0	available	4629548	515609104	https://build.rozetka.com.ua/ua/515609104/p515609104/	Самоклеюча стінова PET плитка 600*300*2mm (D) SW-00002349
SW-00002349	Online Shop	12416	94	1	94	79	available	4629548	539828624	https://build.rozetka.com.ua/ua/plitka-dlya-gilih-pomeshcheniy-sticker-wall-149337858/p539828624/	Самоклеюча стінова PET плитка 600*300*2mm (D) SW-00002349
SW-00002349	МАЙЯ	20508	55	1	55	0	available	4659004	589668514	https://build.rozetka.com.ua/ua/589668514/p589668514/	Самоклеюча стінова PET плитка 600х300х2мм SW-00002349
SW-00002349	PRIMAVERA_pro	245169	112	1	112	0	available	4648788	593440789	https://build.rozetka.com.ua/ua/593440789/p593440789/	Самоклеюча стінова PET плитка 600х300х2мм SW-00002349
SW-00002349	Bravion Store	276091	69	1	69	0	available	4648788	597137719	https://build.rozetka.com.ua/ua/597137719/p597137719/	Самоклеюча стінова PET плитка 600х300х2мм SW-00002349
SW-00002349	NIVENTO	271966	89	1	89	160	available	4629548	601663444	https://build.rozetka.com.ua/ua/601663444/p601663444/	Самоклеюча стінова PET плитка 600х300х2мм SW-00002349
SW-00002349	Декостра	278257	59	1	59	0	available	4629548	603197659	https://build.rozetka.com.ua/ua/603197659/p603197659/	Самоклеюча стінова PET плитка 600х300х2мм SW-00002349
SW-00002349	FOUKS	20886	52	1	52	65	available	4641184	468257404	https://build.rozetka.com.ua/ua/468257404/p468257404/	Пластикові панелі стін ПЕТ Дикий мармур сірий під камінь 300х600х2мм плитка самоклейка ПВХ покриття
SW-00002349	PARADISE	269545	57	1	57	83	available	4648788	603751393	https://build.rozetka.com.ua/ua/603751393/p603751393/	PET панель для стін декоративна під камінь 600х300х2 мм гнучка зносостійка миється проста у догляді надійна у користуванні легкий монтаж без клею для вітальні Графітовий
SW-00002349	3DDD	188802	46	1	46	56	available	4629548	478782209	https://build.rozetka.com.ua/ua/478782209/p478782209/	Самоклеюча стінова PET плитка 600 x 300 x 2mm (D) SW-2349
SW-00002349	SUN HEAT	17072	80	1	80	0	available	4641184	591523933	https://build.rozetka.com.ua/ua/591523933/p591523933/	Самоклеюча ПЕТ плитка для стін 600х300х2мм без свердління декор стін спальні вітальні під мрамур вологостійка PET самоклеюча Темно-графітовий
SW-00002349	Lavkamarka	227099	52	1	52	65	available	4641184	493235149	https://build.rozetka.com.ua/ua/493235149/p493235149/	Самоклеюча стінова PET плитка Sticker Wall 600х300х2мм (2349)
SW-00002349	In2time	227604	87	1	87	0	unavailable	4629548	550115520	https://build.rozetka.com.ua/ua/3d-paneli-sticker-wall-152318861/p550115520/	Самоклеюча стінова PET плитка 600х300х2мм SW-00002349
SW-00002349	RCMN	136578	110	1	110	0	unavailable	4629548	562209027	https://build.rozetka.com.ua/ua/kovrolin-bez-brenda-157065194/p562209027/	Самоклеюча стінова PET плитка 600х300х2мм SW-00002349
SW-00002349	ItailOil	33267	94	1	94	0	unavailable	4648788	569889760	https://build.rozetka.com.ua/ua/569889760/p569889760/	Самоклеюча стінова PET плитка Sticker Wall SW-00002349 600х300х2 мм
SW-00002349	STICO_PANEL	263347	59	1	59	0	unavailable	4629548	569765086	https://build.rozetka.com.ua/ua/569765086/p569765086/	Самоклеюча стінова PET плитка 600х300х2мм SW-00002349
SW-00002349	THERMOTRADE	104545	72	1	72	0	unavailable	4641184	579796477	https://build.rozetka.com.ua/ua/579796477/p579796477/	Самоклеюча стінова PET плитка 600х300х2мм SW-00002349
SW-00002349	Crystal sky	250060	52	1	52	0	unavailable	4629548	564020943	https://build.rozetka.com.ua/ua/3d-paneli-sticker-wall-157560191/p564020943/	Самоклеюча стінова PET плитка 600х300х2мм SW-00002349
SW-00002349	Kind Host	272923	59	1	59	0	unavailable	4641184	591064006	https://build.rozetka.com.ua/ua/591064006/p591064006/	Самоклеюча стінова PET плитка 600х300х2мм SW-00002349
SW-00002349	Bondiar	255267	79	1	79	0	unavailable	4629548	570872203	https://build.rozetka.com.ua/ua/570872203/p570872203/	Самоклеюча стінова PET плитка 600х300х2мм SW-00002349
SW-00002349	Рельєф Простір	267658	79	1	79	0	unavailable	4648788	577342033	https://build.rozetka.com.ua/ua/577342033/p577342033/	Самоклеюча стінова PET плитка 600х300х2мм SW-00002349
SW-00002349	Homent	255285	52	1	52	0	unavailable	4629548	578473453	https://build.rozetka.com.ua/ua/578473453/p578473453/	Самоклеюча стінова PET плитка Sticker Wall 600х300х2мм (SW-00002349)
SW-00002349	ViDen	265006	55	1	55	0	unavailable	4658998	605312650	https://build.rozetka.com.ua/ua/605312650/p605312650/	Самоклеюча стінова PET плитка 600х300х2мм SW-00002349
SW-00002349	СКАЙТУЛЗ	153858	79	1	79	0	unavailable	4629548	485877014	https://build.rozetka.com.ua/ua/485877014/p485877014/	Самоклеюча стінова PET плитка 600*300*2mm (D) SW-00002349
SW-00002349	Plumbing Assistant	211113	119	1	119	0	unavailable	4629548	484918409	https://build.rozetka.com.ua/ua/484918409/p484918409/	Самоклеюча стінова PET плитка 600*300*2мм (D) SW-00002349
SW-00002349	MimiPlay	238949	52	1	52	0	unavailable	4629548	606306445	https://build.rozetka.com.ua/ua/606306445/p606306445/	Самоклеюча стінова PET плитка 600х300х2мм SW-00002349
SW-00002349	eDarunok	189795	94	1	94	0	unavailable	4629548	497032384	https://build.rozetka.com.ua/ua/497032384/p497032384/	Самоклеюча стінова PET плитка 600*300*2mm (D) SW-00002349
SW-00002349	BINGO	53688	133	1	133	0	unavailable	4641184	500793604	https://build.rozetka.com.ua/ua/500793604/p500793604/	Самоклеюча стінова PET плитка 600*300*2mm (D) SW-00002349
SW-00002349	Мережа можливостей	194715	79	1	79	0	unavailable	4629548	506581859	https://build.rozetka.com.ua/ua/506581859/p506581859/	Самоклеюча стінова PET плитка 600х300х2мм SW-00002349
SW-00002349	GZoo	139880	69	1	69	0	unavailable	4629548	508385214	https://build.rozetka.com.ua/ua/508385214/p508385214/	Самоклеюча стінова PET плитка 600*300*2mm (D) SW-00002349
SW-00002349	Fono Market	79493	111	1	111	0	unavailable	4641184	510189739	https://build.rozetka.com.ua/ua/510189739/p510189739/	Самоклеюча стінова PET плитка 600*300*2mm (D) SW-00002349
SW-00002349	lookoboi	56952	75	1	75	0	unavailable	4641184	527409799	https://build.rozetka.com.ua/ua/527409799/p527409799/	Самоклеюча стінова ПЕТ плитка 600*300*2 мм мармур темний антрацит (D) SW-00002349
SW-00002349	ukriloom	226664	79	1	79	0	unavailable	4657848	538141939	https://build.rozetka.com.ua/ua/plitka-dlya-gilih-pomeshcheniy-sticker-wall-148807545/p538141939/	Самоклеюча стінова PET плитка 600х300х2мм SW-00002349
SW-00002349	Ентемпс	211401	79	1	79	0	unavailable	4641184	573036049	https://build.rozetka.com.ua/ua/573036049/p573036049/	Самоклеюча стінова PET плитка 600х300х2мм SW-00002349
SW-00002349	Bass Culture	269902	52	1	52	0	unavailable	4629548	589908964	https://build.rozetka.com.ua/ua/589908964/p589908964/	Самоклеюча стінова PET плитка 600х300х2мм SW-00002349
SW-00002349	IWantAll	265288	97	1	97	0	unavailable	4641184	613326764	https://build.rozetka.com.ua/ua/613326764/p613326764/	Самоклеюча ПЕТ плитка SW-00002349 для стін 600х300х2мм вологостійка графіт Sticker Wall DPO_SW-00002349
SW-00002349	The world of ideas	166476	61	1	61	0	unavailable	4629548	493675689	https://build.rozetka.com.ua/ua/493675689/p493675689/	Самоклеюча стінова PET плитка 600 x 300 x 2mm (D) SW-2349
SW-00002298	Секрети шопінгу	268996	69	1	69	0	available	4648788	580813708	https://build.rozetka.com.ua/ua/580813708/p580813708/	Самоклеюча стінова PET плитка 600х300х2мм SW-00002298
SW-00002298	ZHOSAR	275845	59	1	59	0	available	4629548	603699193	https://build.rozetka.com.ua/ua/603699193/p603699193/	Самоклеюча стінова PET плитка 600х300х2мм SW-00002298
SW-00002298	LoftWall	210021	59	1	59	65	available	4629548	465205289	https://build.rozetka.com.ua/ua/465205289/p465205289/	Самоклеюча стінова PET плитка 600*300*2mm (D) SW-00002298
SW-00002298	PROStikerUa	217718	59	1	59	79	available	4629548	477278604	https://build.rozetka.com.ua/ua/477278604/p477278604/	Самоклеюча стінова PET плитка Sticker Wall 600*300*2mm (D) SW-00002298
SW-00002298	Днепрлюкс	146605	59	1	59	0	available	4659004	542924035	https://build.rozetka.com.ua/ua/plitka-dlya-gilih-pomeshcheniy-sticker-wall-147381770/p542924035/	Самоклеюча стінова PET плитка 600*300*2mm (D) SW-00002298
SW-00002298	Юзон	169785	111	1	111	0	available	4648788	545833560	https://build.rozetka.com.ua/ua/samokleyashchiesya-plenki-sticker-wall-150666390/p545833560/	Самоклеюча стінова плитка STICKER WALL 600*300*2мм PET (D) SW-00002298
SW-00002298	Shywon	237919	63	1	63	0	available	4629548	544804175	https://build.rozetka.com.ua/ua/3d-paneli-sticker-wall-150159120/p544804175/	Самоклеюча стінова PET плитка 600х300х2мм SW-00002298
SW-00002298	SHEF LIFE	124373	74	1	74	80	available	4629548	557127267	https://build.rozetka.com.ua/ua/3d-paneli-sticker-wall-155006954/p557127267/	Самоклеюча стінова PET плитка 600х300х2мм SW-00002298
SW-00002298	3D Loft	69844	59	1	59	0	available	4659004	466699494	https://build.rozetka.com.ua/ua/466699494/p466699494/	Самоклеюча стінова PET плитка 600*300*2mm (D) SW-00002298
SW-00002298	Torg Landiya	92929	62	1	62	65	available	4629548	467164854	https://build.rozetka.com.ua/ua/467164854/p467164854/	Самоклеюча стінова плитка PET 600*300*2mm (D) SW-00002298
SW-00002298	Happy Valise	44840	68	1	68	75	available	4629548	467225974	https://build.rozetka.com.ua/ua/467225974/p467225974/	Самоклеюча стінова PET плитка 600x300x2mm (D) SW-00002298
SW-00002298	TechnoPrime	33201	65	1	65	0	available	4657848	556523751	https://build.rozetka.com.ua/ua/vinilovie-oboi-sticker-wall-154713514/p556523751/	Самоклеюча стінова PET плитка 600х300х2мм SW-00002298
SW-00002298	ItailOil	33267	67	1	67	78	available	4648788	574052632	https://build.rozetka.com.ua/ua/574052632/p574052632/	Самоклеюча стінова PET плитка Sticker Wall SW-00002298 600х300х2 мм
SW-00002298	AVO-LAVKA	114191	80	1	80	89	available	4648788	596631502	https://build.rozetka.com.ua/ua/596631502/p596631502/	Самоклеюча стінова PET плитка 600х300х2мм SW-00002298
SW-00002298	ukriloom	226664	61	1	61	0	available	4629548	593090497	https://build.rozetka.com.ua/ua/593090497/p593090497/	Самоклеюча стінова PET плитка 600х300х2мм SW-00002298
SW-00002298	D`n`D Group	17032	59	1	59	0	available	4641184	478366464	https://build.rozetka.com.ua/ua/478366464/p478366464/	Самоклеюча стінова PET плитка 600х300х2мм SW-00002298 (SW-00002298)
SW-00002298	K-Warehouse	217766	58	1	58	0	available	4629548	476817539	https://build.rozetka.com.ua/ua/476817539/p476817539/	Самоклеюча стінова PET плитка 600*300*2mm (D) SW-00002298
SW-00002298	МАЙЯ	20508	61	1	61	0	available	4659004	589668430	https://build.rozetka.com.ua/ua/589668430/p589668430/	Самоклеюча стінова PET плитка 600х300х2мм SW-00002298
SW-00002298	Декостра	278257	55	1	55	0	available	4629548	603197812	https://build.rozetka.com.ua/ua/603197812/p603197812/	Самоклеюча стінова PET плитка 600х300х2мм SW-00002298
SW-00002298	Bravion Store	276091	75	1	75	0	available	4648788	597040846	https://build.rozetka.com.ua/ua/597040846/p597040846/	Самоклеюча стінова PET плитка 600х300х2мм SW-00002298
SW-00002298	PeRoHome	282119	115	1	115	0	available	4641184	613016507	https://build.rozetka.com.ua/ua/613016507/p613016507/	Самоклеюча стінова PET плитка 600х300х2мм SW-00002298
SW-00002298	NIVENTO	271966	83	1	83	149	available	4629548	601662811	https://build.rozetka.com.ua/ua/601662811/p601662811/	Самоклеюча стінова PET плитка 600х300х2мм SW-00002298
SW-00002298	Знак якості	138753	72	1	72	0	available	4629548	609764936	https://build.rozetka.com.ua/ua/609764936/p609764936/	Самоклеюча стінова PET плитка 600х300х2мм SW-00002298
SW-00002298	MC LitWin	265009	60	1	60	0	available	4629548	597336208	https://build.rozetka.com.ua/ua/597336208/p597336208/	Вінілова плитка самоклеюча Sticker Wall SW-00002298 600х300х2 мм камінь
SW-00002298	PRIMAVERA_pro	245169	112	1	112	0	available	4648788	593439373	https://build.rozetka.com.ua/ua/593439373/p593439373/	Самоклеюча стінова PET плитка 600х300х2мм SW-00002298
SW-00002298	Davelia Shop	283358	74	1	74	0	available	4629548	616821746	https://build.rozetka.com.ua/ua/616821746/p616821746/	Самоклеюча стінова PET плитка 600х300х2мм SW-00002298
SW-00002298	eDarunok	189795	59	1	59	0	available	4629548	497031779	https://build.rozetka.com.ua/ua/497031779/p497031779/	Самоклеюча стінова PET плитка 600*300*2mm (D) SW-00002298
SW-00002298	MiroLends	137263	67	1	67	0	available	4629548	515608849	https://build.rozetka.com.ua/ua/515608849/p515608849/	Самоклеюча стінова PET плитка 600*300*2mm (D) SW-00002298
SW-00002298	Online Shop	12416	87	1	87	79	available	4629548	539828534	https://build.rozetka.com.ua/ua/plitka-dlya-gilih-pomeshcheniy-sticker-wall-149337112/p539828534/	Самоклеюча стінова PET плитка 600*300*2mm (D) SW-00002298
SW-00002298	Потрібне	274903	69	1	69	0	available	4629548	594897049	https://build.rozetka.com.ua/ua/594897049/p594897049/	Самоклеюча стінова PET плитка Sticker Wall 600х300х2мм SW-00002298
SW-00002298	3DDD	188802	50	1	50	61	available	4629548	478781749	https://build.rozetka.com.ua/ua/478781749/p478781749/	Самоклеюча стінова PET плитка 600 x 300 x 2mm (D) SW-2298
SW-00002298	FOUKS	20886	59	1	59	65	available	4641184	468257444	https://build.rozetka.com.ua/ua/468257444/p468257444/	Пластикові стінові панелі ПЕТ Чорний мармур з білими включеннями 300х600х2мм плитка самоклейка ПВХ покриття
SW-00002298	SUN HEAT	17072	80	1	80	0	available	4641184	591523474	https://build.rozetka.com.ua/ua/591523474/p591523474/	Самоклеюча ПЕТ плитка для стін 600х300х2мм під мрамур самоклеюча без клею кухня ванна інтерʼєрна PET плитка декор стін Чорний
SW-00002298	Lavkamarka	227099	59	1	59	65	available	4641184	493235174	https://build.rozetka.com.ua/ua/493235174/p493235174/	Самоклеюча стінова PET плитка Sticker Wall 600х300х2мм (2298)
SW-00002298	Bigsylio	266140	59	1	59	0	available	4629548	606381397	https://build.rozetka.com.ua/ua/606381397/p606381397/	Самоклеюча PET плитка 600х300х2мм чорнобіла для стін для внутрішньої обробки декорування приміщень
SW-00002298	PARADISE	269545	65	1	65	95	available	4648788	603751228	https://build.rozetka.com.ua/ua/603751228/p603751228/	Самоклейна 3D плитка PET з 3D візерунком 600х300х2 мм зносостійка вологостійка миється імітація натуральної текстури легкий монтаж без клею для санвузла Чорно-білий
SW-00002298	The world of ideas	166476	67	1	67	0	available	4629548	493674984	https://build.rozetka.com.ua/ua/493674984/p493674984/	Самоклеюча стінова PET плитка 600 x 300 x 2mm (D) SW-2298
SW-00002298	ViDen	265006	68	1	68	0	unavailable	4658998	605313043	https://build.rozetka.com.ua/ua/605313043/p605313043/	Самоклеюча стінова PET плитка 600х300х2мм SW-00002298
SW-00002298	In2time	227604	87	1	87	0	unavailable	4629548	550114662	https://build.rozetka.com.ua/ua/3d-paneli-sticker-wall-152318576/p550114662/	Самоклеюча стінова PET плитка 600х300х2мм SW-00002298
SW-00002298	STICO_PANEL	263347	55	1	55	0	unavailable	4629548	569763667	https://build.rozetka.com.ua/ua/569763667/p569763667/	Самоклеюча стінова PET плитка 600х300х2мм SW-00002298
SW-00002298	ItailOil	33267	78	1	78	0	unavailable	4648788	569892487	https://build.rozetka.com.ua/ua/569892487/p569892487/	Самоклеюча стінова PET плитка Sticker Wall SW-00002298 600х300х2 мм
SW-00002298	Ентемпс	211401	69	1	69	0	unavailable	4641184	573036547	https://build.rozetka.com.ua/ua/573036547/p573036547/	Самоклеюча стінова PET плитка 600х300х2мм SW-00002298
SW-00002298	RCMN	136578	110	1	110	0	unavailable	4629548	562208991	https://build.rozetka.com.ua/ua/kovrolin-bez-brenda-157065162/p562208991/	Самоклеюча стінова PET плитка 600х300х2мм SW-00002298
SW-00002298	Crystal sky	250060	59	1	59	0	unavailable	4629548	563400981	https://build.rozetka.com.ua/ua/3d-paneli-sticker-wall-157319929/p563400981/	Самоклеюча стінова PET плитка 600х300х2мм SW-00002298
SW-00002298	Homent	255285	65	1	65	0	unavailable	4629548	578472127	https://build.rozetka.com.ua/ua/578472127/p578472127/	Самоклеюча стінова PET плитка Sticker Wall 600х300х2мм (SW-00002298)
SW-00002298	ВінБудІмперіал	240759	87	1	87	0	unavailable	4648788	572705386	https://build.rozetka.com.ua/ua/572705386/p572705386/	Самоклеюча стінова PET плитка 600х300х2мм SW-00002298
SW-00002298	Рельєф Простір	267658	69	1	69	79	unavailable	4648788	577341790	https://build.rozetka.com.ua/ua/577341790/p577341790/	Самоклеюча стінова PET плитка 600х300х2мм SW-00002298
SW-00002298	THERMOTRADE	104545	72	1	72	0	unavailable	4641184	579796420	https://build.rozetka.com.ua/ua/579796420/p579796420/	Самоклеюча стінова PET плитка 600х300х2мм SW-00002298
SW-00002298	TOWER	83595	80	1	80	0	unavailable	4629548	479924269	https://build.rozetka.com.ua/ua/479924269/p479924269/	Самоклеюча стінова плитка PET 600*300*2mm (D) SW-00002298
SW-00002298	Букаляба	266473	65	1	65	0	unavailable	4629548	590727721	https://build.rozetka.com.ua/ua/590727721/p590727721/	Самоклеюча стінова PET плитка 600х300х2мм SW-00002298
SW-00002298	СКАЙТУЛЗ	153858	79	1	79	0	unavailable	4629548	485877354	https://build.rozetka.com.ua/ua/485877354/p485877354/	Самоклеюча стінова PET плитка 600*300*2mm (D) SW-00002298
SW-00002298	LFcolor	213998	65	1	65	0	unavailable	4629548	485901524	https://build.rozetka.com.ua/ua/485901524/p485901524/	Самоклеюча стінова PET плитка 600х300х2мм SW-00002298
SW-00002298	Plumbing Assistant	211113	119	1	119	0	unavailable	4629548	484919099	https://build.rozetka.com.ua/ua/484919099/p484919099/	Самоклеюча стінова PET плитка 600*300*2мм (D) SW-00002298
SW-00002298	Bass Culture	269902	65	1	65	0	unavailable	4629548	589909543	https://build.rozetka.com.ua/ua/589909543/p589909543/	Самоклеюча стінова PET плитка 600х300х2мм SW-00002298
SW-00002298	MimiPlay	238949	59	1	59	0	unavailable	4629548	606307771	https://build.rozetka.com.ua/ua/606307771/p606307771/	Самоклеюча стінова PET плитка 600х300х2мм SW-00002298
SW-00002298	IWantAll	265288	80	1	80	0	unavailable	4629548	613326710	https://build.rozetka.com.ua/ua/613326710/p613326710/	Самоклеюча стінова PET плитка SW-00002298 600х300х2мм PE+PET для внутрішніх робіт Sticker Wall DPO_SW-00002298
SW-00002298	Kind Host	272923	55	1	55	0	unavailable	4641184	591063643	https://build.rozetka.com.ua/ua/591063643/p591063643/	Самоклеюча стінова PET плитка 600х300х2мм SW-00002298
SW-00002298	BINGO	53688	133	1	133	0	unavailable	4641184	500793389	https://build.rozetka.com.ua/ua/500793389/p500793389/	Самоклеюча стінова PET плитка 600*300*2mm (D) SW-00002298
SW-00002298	Мережа можливостей	194715	98	1	98	0	unavailable	4629548	506581984	https://build.rozetka.com.ua/ua/506581984/p506581984/	Самоклеюча стінова PET плитка 600*300*2mm (D) SW-00002298
SW-00002298	GZoo	139880	75	1	75	0	unavailable	4629548	508385764	https://build.rozetka.com.ua/ua/508385764/p508385764/	Самоклеюча стінова PET плитка 600*300*2mm (D) SW-00002298
SW-00002298	Fono Market	79493	111	1	111	0	unavailable	4641184	510191784	https://build.rozetka.com.ua/ua/510191784/p510191784/	Самоклеюча стінова PET плитка 600*300*2mm (D) SW-00002298
SW-00002298	lookoboi	56952	75	1	75	0	unavailable	4641184	527408949	https://build.rozetka.com.ua/ua/527408949/p527408949/	Самоклеюча стінова ПЕТ плитка 600*300*2 мм марморіно чорний (D) SW-00002298
SW-00002298	ukriloom	226664	79	1	79	0	unavailable	4657848	538141699	https://build.rozetka.com.ua/ua/plitka-dlya-gilih-pomeshcheniy-sticker-wall-148806983/p538141699/	Самоклеюча стінова PET плитка 600х300х2мм SW-00002298
SW-00002298	Юзон	169785	111	1	111	0	unavailable	4648788	562516869	https://build.rozetka.com.ua/ua/samokleyashchiesya-plenki-sticker-wall-156655461/p562516869/	Самоклеюча PET плитка STICKER WALL 600*300мм * 2мм стінова SW-00002298
SW-00002298	ВінБудІмперіал	240759	91	1	91	0	unavailable	4629548	583062334	https://build.rozetka.com.ua/ua/583062334/p583062334/	Самоклеюча стінова PET плитка 600х300х2мм SW-00002298
SW-00003019	PRIMAVERA_pro	245169	1045	1	1045	0	available	4629548	593440972	https://build.rozetka.com.ua/ua/593440972/p593440972/	Рейка декоративна WPC стінова 205х14х2900мм SW-00003019
SW-00003019	MC LitWin	265009	576	1	576	0	available	4629548	597335377	https://build.rozetka.com.ua/ua/597335377/p597335377/	Декоративна рейка Sticker Wall SW-00003019 205х14х2900 мм дерево
SW-00003019	LFcolor	213998	560	1	560	0	available	4629548	600352177	https://build.rozetka.com.ua/ua/600352177/p600352177/	Рейка декоративна WPC стінова 205х14х2900мм SW-00003019
SW-00003019	SUN HEAT	17072	750	1	750	0	available	4629548	591523258	https://build.rozetka.com.ua/ua/591523258/p591523258/	Рейка декоративна WPC стінова 205×14×2900мм 3D панель для оздоблення стін Вишня
SW-00003019	RubiconShop	265480	560	1	560	840	available	4629548	596363938	https://build.rozetka.com.ua/ua/596363938/p596363938/	Декоративна стінова рейка Sticker Wall WPC 205х14х2900 мм Дуб (SW-00003019)
SW-00003019	Happy Valise	44840	644	1	644	805	available	4629548	618264410	https://build.rozetka.com.ua/ua/618264410/p618264410/	Рейка декоративна стінова WPC із дерево-полімерного композиту 205х14х2900мм SW-00003019
SW-00003019	Torg Landiya	92929	585	1	585	616	available	4629548	575291569	https://build.rozetka.com.ua/ua/575291569/p575291569/	Рейка декоративна WPC стінова 205х14х2900мм SW-00003019
SW-00003019	MimiPlay	238949	700	1	700	0	unavailable	4629548	606308047	https://build.rozetka.com.ua/ua/606308047/p606308047/	Рейка декоративна WPC стінова 205х14х2900мм SW-00003019
SW-00003019	Stiker_style	262837	700	1	700	0	unavailable	4629548	570043954	https://build.rozetka.com.ua/ua/570043954/p570043954/	Рейка декоративна стінова StikerWall 205х14х2900мм Мокко (SW-00003019)
SW-00003242	3DDD	188802	180	1	180	218	available	4629548	593599852	https://build.rozetka.com.ua/ua/593599852/p593599852/	Покриття вінілове самоклеюче 3D рейки 600х600х2,8мм сірий SW-00003242
SW-00003242	SHEF LIFE	124373	263	1	263	284	available	4657848	584305426	https://build.rozetka.com.ua/ua/584305426/p584305426/	Покриття вінілове самоклеюче 3D рейки 600х600х2,8мм SW-00003242
SW-00003242	K-Warehouse	217766	207	1	207	0	available	4648788	584403274	https://build.rozetka.com.ua/ua/584403274/p584403274/	Покриття вінілове самоклеюче 3D рейки 600х600х2,8мм SW-00003242
SW-00003242	Потрібне	274903	380	1	380	0	available	4629548	594897781	https://build.rozetka.com.ua/ua/594897781/p594897781/	Покриття вінілове самоклеюче 3D рейки 600х600х2,8мм SW-00003242
SW-00003242	Юзон	169785	375	1	375	0	available	4657848	562517133	https://build.rozetka.com.ua/ua/vinilovie-oboi-sticker-wall-156655470/p562517133/	Покриття вінілове самоклеюче 3D рейки STICKER WALL 600*600*2,8мм SW-00003242
SW-00003242	D`n`D Group	17032	210	1	210	0	available	4641184	562781295	https://build.rozetka.com.ua/ua/pvh-plitka-sticker-wall-157206117/p562781295/	Покриття вінілове самоклеюче 3D рейки 600х600х2,8мм SW-00003242 (SW-00003242)
SW-00003242	AVO-LAVKA	114191	284	1	284	315	available	4648788	598793722	https://build.rozetka.com.ua/ua/598793722/p598793722/	Покриття вінілове самоклеюче 3D рейки 600х600х2,8мм SW-00003242
SW-00003242	Stiker_style	262837	300	1	300	0	unavailable	4629548	568381276	https://build.rozetka.com.ua/ua/568381276/p568381276/	Покриття вінілове самоклеюче 3D рейка StikerWall 600Х600Х2,8ММ Світло-Сірий (SW-00003242)
SW-00003242	Bass Culture	269902	280	1	280	0	unavailable	4629548	590658622	https://build.rozetka.com.ua/ua/590658622/p590658622/	Покриття вінілове самоклеюче 3D рейки 600х600х2,8мм SW-00003242
SW-00003242	THERMOTRADE	104545	308	1	308	0	unavailable	4641184	579796351	https://build.rozetka.com.ua/ua/579796351/p579796351/	Покриття вінілове самоклеюче 3D рейки 600х600х2,8мм SW-00003242
SW-00003242	СКАЙТУЛЗ	153858	345	1	345	0	unavailable	4641184	569058793	https://build.rozetka.com.ua/ua/569058793/p569058793/	Покриття вінілове самоклеюче 3D рейки 600х600х2,8мм SW-00003242
SW-00003242	Kind Host	272923	280	1	280	0	unavailable	4648788	591063715	https://build.rozetka.com.ua/ua/591063715/p591063715/	Покриття вінілове самоклеюче 3D рейки 600х600х2,8мм SW-00003242
SW-00003242	MimiPlay	238949	280	1	280	0	unavailable	4641184	606306568	https://build.rozetka.com.ua/ua/606306568/p606306568/	Покриття вінілове самоклеюче 3D рейки 600х600х2,8мм SW-00003242
SW-00003242	ViDen	265006	290	1	290	0	unavailable	4641184	605310403	https://build.rozetka.com.ua/ua/605310403/p605310403/	Покриття вінілове самоклеюче 3D рейки 600х600х2,8мм SW-00003242
SW-00003242	MegaChoice	249209	298	1	298	310	unavailable	4629548	555114063	https://build.rozetka.com.ua/ua/3d-paneli-sticker-wall-154210532/p555114063/	Покриття вінілове самоклеюче 3D рейки 600х600х2,8 мм декоративне настінне з ефектом дерева
SW-00003242	MegaChoice	249209	295	1	295	420	unavailable	4629548	555114069	https://build.rozetka.com.ua/ua/3d-paneli-sticker-wall-154210641/p555114069/	Покриття вінілове самоклеюче 3D рейки 600х600х2,8 мм декоративне настінне з ефектом дерева
SW-00000238	FOUKS	20886	99	1	99	105	available	4629548	312301513	https://build.rozetka.com.ua/ua/312301513/p312301513/	3Д панель під дерево М'ятний Прованс ПВХ (самоклеючі 3d панелі цегла для стін) під дошки 700х700х5 мм (57) SW-00000238
SW-00000238	FOUKS	20886	99.0	10	990	1050	available	4629548	312301543	https://build.rozetka.com.ua/ua/312301543/p312301543/	3Д панель 10 шт. під дошки М'ятний Прованс ПВХ самоклеючі 3d панелі цегла для стін під дерево 700х700х5 мм (57) SW-00000238-10шт
SW-00000238	3DDD	188802	91	1	91	122	available	4629548	409128741	https://build.rozetka.com.ua/ua/409128741/p409128741/	Самоклеюча декоративна 3D панель Sticker Wall м'ятне дерево 700x700x5мм (057) SW-00000238
SW-00000238	FOUKS	20886	99.0	5	495	525	available	4629548	312301510	https://build.rozetka.com.ua/ua/312301510/p312301510/	3Д панель стінова 5 шт. декоративна М'ятний Прованс ПВХ (3d панелі цегла для стін) під дошки 700х700х5 мм (57) SW-00000238-5шт
SW-00000238	RMService	15008	199	1	199	299	available	4629548	572808445	https://build.rozetka.com.ua/ua/572808445/p572808445/	Самоклеюча декоративна 3D панель 700x700x5 мм, м'ятне дерево (057) SW-00000238 (Sticker Wall)
SW-00000238	Потрібне	274903	119	1	119	0	available	4629548	594897265	https://build.rozetka.com.ua/ua/594897265/p594897265/	Самоклеюча декоративна 3D панель Sticker Wall 700x700x5мм М'ятне дерево (057) SW-00000238
SW-00000238	MC LitWin	265009	108	1	108	0	available	4629548	597333808	https://build.rozetka.com.ua/ua/597333808/p597333808/	3D панель самоклеюча Sticker Wall SW-00000238 700х700х5 мм дерево коричнева
SW-00000238	Bigsylio	266140	99	1	99	0	available	4629548	604053718	https://build.rozetka.com.ua/ua/604053718/p604053718/	Самоклеюча 3D панель під м'ятне дерево 700x700x5мм для внутрішньої обробки стін декоративне покриття
SW-00000238	PARADISE	269545	109	1	109	159	available	4629548	594064489	https://build.rozetka.com.ua/ua/594064489/p594064489/	Самоклейна 3D панель ПВХ під дерево для декорування стін 700х700х5мм Зелений декоративна фактура під масив оздоблення балкону та лоджії імітація деревʼяної обробки лофт
SW-00000238	Wide Range	211532	114	1	114	0	available	4629548	602616469	https://build.rozetka.com.ua/ua/602616469/p602616469/	Самоклеюча декоративна 3D панель 700x700x5мм М'ятне дерево
SW-00000238	Знак якості	138753	116	1	116	0	available	4629548	609763739	https://build.rozetka.com.ua/ua/609763739/p609763739/	Самоклеюча декоративна 3D панель 700х700х5мм М'ятне дерево (057) SW-00000238
SW-00000238	MiroLends	137263	109	1	109	0	unavailable	4629548	317929810	https://build.rozetka.com.ua/ua/317929810/p317929810/	Самоклеюча декоративна 3D панель Sticker Wall м'ятне дерево 700x700x5мм (00-00000057СП)
SW-00000238	CF_SHOP	125973	169	1	169	0	unavailable	4629548	333921901	https://build.rozetka.com.ua/ua/333921901/p333921901/	Самоклеюча декоративна Sticker Wall 3D панель м'ятне дерево 700x700x5мм самоклеючі панелі під цеглу
SW-00000238	GRAND LIFE	39993	131	1	131	0	unavailable	4629548	440979446	https://build.rozetka.com.ua/ua/440979446/p440979446/	Самоклеюча декоративна 3D панель м'ятне дерево 700x700x5мм (057) SW-00000238 4484776
SW-00000238	Bass Culture	269902	99	1	99	0	unavailable	4629548	589909981	https://build.rozetka.com.ua/ua/589909981/p589909981/	Самоклеюча декоративна 3D панель 700x700x5мм М'ятне дерево (057) SW-00000238
SW-00000238	THERMOTRADE	104545	109	1	109	0	unavailable	4629548	578451214	https://build.rozetka.com.ua/ua/578451214/p578451214/	Самоклеюча декоративна 3D панель 700x700x5мм М'ятне дерево (057) SW-00000238, Зелений
SW-00003325	Wide Range	211532	293	1	293	0	available	4629548	615204701	https://build.rozetka.com.ua/ua/615204701/p615204701/	Інтер’єрні самоклеючі панелі під шкіру 600х600х6ммТемно-сірий SW-00003325
SW-00003325	3DDD	188802	204	1	204	247	available	4629548	610879940	https://build.rozetka.com.ua/ua/610879940/p610879940/	Інтер'єрні самоклеючі панелі під шкіру квадрат 600х600х6 мм Темно-сірий SW-00003325
SW-00003325	МАЙЯ	20508	247	1	247	0	available	4659004	612264821	https://build.rozetka.com.ua/ua/612264821/p612264821/	Інтер’єрні самоклеючі панелі під шкіру 600х600х6ммТемно-сірий SW-00003325
SW-00003325	FOUKS	20886	245	1	245	290	available	4629548	611879033	https://build.rozetka.com.ua/ua/611879033/p611879033/	3Д-панель під шкіру для стін 600х600х6мм Темно-сірий смуги лінії самоклейка фольгована миюча SW-00003325
SW-00003325	MimiPlay	238949	255	1	255	0	unavailable	4629548	606306772	https://build.rozetka.com.ua/ua/606306772/p606306772/	Інтер’єрні самоклеючі панелі під шкіру 600х600х6ммТемно-сірий SW-00003325
SW-00003325	MegaChoice	249209	565	1	565	885	unavailable	4629548	616781117	https://build.rozetka.com.ua/ua/616781117/p616781117/	Інтер’єрні самоклеючі панелі під шкіру 600×600×6 мм, декоративні 3D панелі для стін та меблів SW-00003325
SW-00003325	PROStikerUa	217718	252	1	252	305	unavailable	4629548	610899086	https://build.rozetka.com.ua/ua/610899086/p610899086/	Інтер'єрні самоклеючі панелі під шкіру квадрат 600х600х6 мм Темно-сірий SW-00003325
SW-00000573	LFcolor	213998	58	1	58	0	available	4629548	600354838	https://build.rozetka.com.ua/ua/600354838/p600354838/	3D панель самоклеюча 700х770х3мм цегла Бірюза (002-3) SW-00000573
SW-00000573	Translation tools	112501	70	1	70	78	available	4629548	573004777	https://build.rozetka.com.ua/ua/573004777/p573004777/	3D панель самоклеюча цегла Бірюза 700х770х3мм (002-3) Sticker Wall SW-00000573
SW-00000573	Neo	10639	75	1	75	93	available	4629548	579001102	https://build.rozetka.com.ua/ua/579001102/p579001102/	Самоклейна 3Д панель на стіну Sticker Wall Бірюзова цегла (002-3) SW-00000573 700х770х3 мм (Niz17087)
SW-00000573	RMService	15008	158	1	158	299	available	4629548	572808526	https://build.rozetka.com.ua/ua/572808526/p572808526/	3D панель самоклеюча 700х770х3 мм цегла, бірюза (002-3) SW-00000573 (Sticker Wall)
SW-00000573	Top Buyer	4551	75	1	75	93	available	4629548	579947620	https://build.rozetka.com.ua/ua/579947620/p579947620/	Самоклейна 3Д панель на стіну Sticker Wall Бірюзова цегла (002-3) SW-00000573 700х770х3 мм (TBiz17087)
SW-00000573	PARADISE	269545	64	1	64	93	available	4629548	594064186	https://build.rozetka.com.ua/ua/594064186/p594064186/	Самоклейна 3D панель ПВХ під цеглу для декорування стін 700х770х3мм Бірюзовий облаштування домашнього кабінету фонова стінова обробка імітація цегляної кладки лофт
SW-00000573	MC LitWin	265009	62	1	62	0	available	4629548	597335380	https://build.rozetka.com.ua/ua/597335380/p597335380/	3D панель самоклеюча Sticker Wall SW-00000573 700х770х3 мм цегла блакитна
SW-00000573	Потрібне	274903	78	1	78	0	available	4629548	594897721	https://build.rozetka.com.ua/ua/594897721/p594897721/	3D панель самоклеюча Sticker Wall 700х770х3мм цегла Бірюза (002-3) SW-00000573
SW-00000573	GrandBuyer	37544	75	1	75	93	available	4629548	579870283	https://build.rozetka.com.ua/ua/579870283/p579870283/	Самоклейна 3Д панель на стіну Sticker Wall Бірюзова цегла (002-3) SW-00000573 700х770х3 мм (SHiz17087)
SW-00000573	UNIVERmag	12608	75	1	75	93	available	4629548	579867784	https://build.rozetka.com.ua/ua/579867784/p579867784/	Самоклейна 3Д панель на стіну Sticker Wall Бірюзова цегла (002-3) SW-00000573 700х770х3 мм
SW-00000573	Wide Range	211532	67	1	67	0	available	4629548	600984994	https://build.rozetka.com.ua/ua/600984994/p600984994/	3D панель самоклеюча 700х770х3мм цегла Бірюза
SW-00000573	CF_SHOP	125973	169	1	169	0	unavailable	4629548	332961856	https://build.rozetka.com.ua/ua/332961856/p332961856/	Декоративна 3D панель Sticker Wall самоклейка під цеглу Бірюза 700х770х3мм самоклеючі панелі під цеглу
SW-00000573	Lite	181560	54	1	54	0	unavailable	4629548	451455107	https://build.rozetka.com.ua/ua/451455107/p451455107/	Самоклеюча 3D панель під цеглу Бірюза 700х770х3мм
SW-00000573	GRAND LIFE	39993	106	1	106	0	unavailable	4629548	441011978	https://build.rozetka.com.ua/ua/441011978/p441011978/	3D панель самоклеюча цегла Бірюза 700х770х3мм (002-3) SW-00000573 4235708
SW-00000573	Bass Culture	269902	58	1	58	0	unavailable	4629548	589910005	https://build.rozetka.com.ua/ua/589910005/p589910005/	3D панель самоклеюча 700х770х3мм цегла Бірюза (002-3) SW-00000573
SW-00000573	People's composition of the manufacturer	250050	75	1	75	0	unavailable	4629548	565257269	https://build.rozetka.com.ua/ua/565257269/p565257269/	3D панель самоклеюча цегла Sticker Wall Бірюза 700х770х3мм (002-3) SW-00000573
SW-00001914	FOUKS	20886	62	1	62	0	available	4629548	427899455	https://build.rozetka.com.ua/ua/427899455/p427899455/	Самоклеюча 3Д-панель під цеглу Біла 700х770х2мм стінові панелі декоративні ПВХ цегляна кладка SW-00001914
SW-00001914	Wide Range	211532	71	1	71	0	available	4629548	598778707	https://build.rozetka.com.ua/ua/598778707/p598778707/	Панель стінова 3D 700х770х2мм Білий
SW-00001914	PROStikerUa	217718	62	1	62	83	available	4629548	466268419	https://build.rozetka.com.ua/ua/466268419/p466268419/	Панель стінова самоклеюча декоративна 3D Sticker Wall 700х770х2мм БІЛИЙ (D) SW-00001914
SW-00001914	3DDD	188802	54	1	54	72	available	4629548	475908169	https://build.rozetka.com.ua/ua/475908169/p475908169/	Панель стінова 3D 700х770х2мм БІЛИЙ (D) SW-1914
SW-00001914	DomLoft	139608	55	1	55	90	available	4629548	311423133	https://build.rozetka.com.ua/ua/311423133/p311423133/	Самоклеюча 3D панель Sticker Wall під Білу цеглу 700x770x2мм
SW-00001914	MC LitWin	265009	65	1	65	0	available	4629548	597334375	https://build.rozetka.com.ua/ua/597334375/p597334375/	3D панель самоклеюча Sticker Wall SW-00001914 700х770х2 мм цегла біла
SW-00001914	LFcolor	213998	62	1	62	0	available	4629548	600347215	https://build.rozetka.com.ua/ua/600347215/p600347215/	Панель стінова 3D 700х770х2мм Білий SW-00001914
SW-00001914	Потрібне	274903	77	1	77	0	available	4629548	594898570	https://build.rozetka.com.ua/ua/594898570/p594898570/	Самоклеюча панель 3D Sticker Wall стінова 700х770х2мм Білий SW-00001914
SW-00001914	Translation tools	112501	74	1	74	0	available	4629548	572969050	https://build.rozetka.com.ua/ua/572969050/p572969050/	Панель стінова 3D 700х770х2мм Sticker Wall (D) SW-00001914
SW-00001914	UNIVERmag	12608	75	1	75	91	available	4629548	565755821	https://build.rozetka.com.ua/ua/565755821/p565755821/	3D панель на стіну Sticker Wall Біла цегла SW-00001914 700х770х2 мм
SW-00001914	FOUKS	20886	62.0	5	310	0	available	4629548	427899470	https://build.rozetka.com.ua/ua/427899470/p427899470/	3Д-панель самоклейка 5 шт. під цеглу Біла 700х770х2мм стінові панелі декоративні ПВХ цегляна кладка SW-00001914-5шт
SW-00001914	FOUKS	20886	62.0	10	620	0	available	4629548	427899533	https://build.rozetka.com.ua/ua/427899533/p427899533/	3Д панель на стіну 10 шт. під цеглу Біла 700х770х2мм стінові панелі декоративні ПВХ цегляна кладка SW-00001914-10шт
SW-00001914	GrandBuyer	37544	75	1	75	91	available	4629548	565755722	https://build.rozetka.com.ua/ua/565755722/p565755722/	3D панель на стіну Sticker Wall Біла цегла SW-00001914 700х770х2 мм (SHiz17068)
SW-00001914	Neo	10639	75	1	75	91	available	4629548	565631426	https://build.rozetka.com.ua/ua/565631426/p565631426/	3D панель на стіну Sticker Wall Біла цегла SW-00001914 700х770х2 мм (Niz17068)
SW-00001914	Top Buyer	4551	75	1	75	91	available	4629548	565579235	https://build.rozetka.com.ua/ua/565579235/p565579235/	3D панель на стіну Sticker Wall Біла цегла SW-00001914 700х770х2 мм (TBiz17068)
SW-00001914	Секрети шопінгу	268996	84	1	84	0	available	4629548	580812937	https://build.rozetka.com.ua/ua/580812937/p580812937/	Панель стінова 3D 700х770х2мм Білий SW-00001914
SW-00001914	RMService	15008	157	1	157	239	available	4629548	578464156	https://build.rozetka.com.ua/ua/578464156/p578464156/	Панель стінова 3D 700 х 770 х 2 мм, білий SW-00001914(Sticker Wall)
SW-00001914	AVO-LAVKA	114191	84	1	84	93	available	4629548	596630842	https://build.rozetka.com.ua/ua/596630842/p596630842/	Панель стінова 3D 700х770х2мм Білий SW-00001914
SW-00001914	The world of ideas	166476	72	1	72	0	available	4629548	491986324	https://build.rozetka.com.ua/ua/491986324/p491986324/	Панель стінова 3D 700х770х2мм БІЛИЙ (D) SW-1914
SW-00001914	THERMOTRADE	104545	79	1	79	0	unavailable	4629548	559296297	https://build.rozetka.com.ua/ua/3d-paneli-sticker-wall-153476433/p559296297/	Панель стінова 3D 700х770х2мм Білий SW-00001914
SW-00001914	In2time	227604	87	1	87	0	unavailable	4629548	550115481	https://build.rozetka.com.ua/ua/3d-paneli-sticker-wall-152318846/p550115481/	Панель стінова 3D 700х770х2мм Білий SW-00001914
SW-00001914	Lite	181560	53	1	53	0	unavailable	4629548	451351898	https://build.rozetka.com.ua/ua/451351898/p451351898/	Самоклеюча 3D панель під Білу цеглу 700х770х2мм
SW-00001914	Homent	255285	57	1	57	0	unavailable	4629548	578474641	https://build.rozetka.com.ua/ua/578474641/p578474641/	Панель стінова 3D Sticker Wall 700х770х2мм Білий (SW-00001914)
SW-00001914	Bass Culture	269902	57	1	57	0	unavailable	4629548	589908841	https://build.rozetka.com.ua/ua/589908841/p589908841/	Панель стінова 3D 700х770х2мм Білий SW-00001914
SW-00001914	Norviko	274975	230	1	230	289	unavailable	4629548	604229800	https://build.rozetka.com.ua/ua/604229800/p604229800/	Стінова панель 3D самоклеюча 700×770 мм, 2 мм, біла, ППП
SW-00001914	MimiPlay	238949	57	1	57	0	unavailable	4629548	606308263	https://build.rozetka.com.ua/ua/606308263/p606308263/	Панель стінова 3D 700х770х2мм Білий SW-00001914
SW-00001914	THERMOTRADE	104545	80	1	80	0	unavailable	4629548	578450764	https://build.rozetka.com.ua/ua/578450764/p578450764/	Панель стінова 3D 700х770х2мм Білий SW-00001914, Білий
SW-00002991	FOUKS	20886	1300	1	1300	0	available	4641184	568959520	https://build.rozetka.com.ua/ua/568959520/p568959520/	Гнучке самоклеюче ПВХ покриття під декоративну штукатурку в рулоні 600х3000х2,5мм Світлий граніт SW-00002991
SW-00002991	3DDD	188802	1104	1	1104	1336	available	4648788	593599921	https://build.rozetka.com.ua/ua/593599921/p593599921/	Гнучка самоклеяча штукатурка в рулоні 600х3000х2,5мм Світлий граніт SW-00002991
SW-00002991	PeRoHome	282119	999	1	999	0	available	4629548	613016630	https://build.rozetka.com.ua/ua/613016630/p613016630/	Самоклеюча гнучка штукатурка в рулоні 600х3000х2,5мм Світлий граніт SW-00002991
SW-00002991	D`n`D Group	17032	1300	1	1300	0	available	4648788	565289963	https://build.rozetka.com.ua/ua/565289963/p565289963/	Самоклеюча гнучка штукатурка в рулоні 600х3000х2,5мм Світлий граніт SW-00002991 (SW-00002991)
SW-00002991	APEYRON	190755	895	1	895	1524	available	4629548	601937992	https://build.rozetka.com.ua/ua/601937992/p601937992/	Самоклеюча гнучка штукатурка Sticker Wall WB-3002(R) SW-00002991 0,6*3 м
SW-00002991	RMService	15008	1749	1	1749	1999	available	4648788	577347766	https://build.rozetka.com.ua/ua/577347766/p577347766/	Гнучка самоклеюча штукатурка в рулоні 600 х 3000 х 2,5 мм, світлий граніт SW-00002991(Sticker Wall)
SW-00002991	Декостра	278257	1300	1	1300	0	available	4629548	603197485	https://build.rozetka.com.ua/ua/603197485/p603197485/	Самоклеюча гнучка штукатурка в рулоні 600х3000х2,5мм Світлий граніт SW-00002991
SW-00002991	PRIMAVERA_pro	245169	2185	1	2185	0	available	4640896	593440351	https://build.rozetka.com.ua/ua/593440351/p593440351/	Самоклеюча гнучка штукатурка в рулоні 600х3000х2,5мм Світлий граніт SW-00002991
SW-00002991	Потрібне	274903	1500	1	1500	0	available	4629548	594897859	https://build.rozetka.com.ua/ua/594897859/p594897859/	Самоклеюча гнучка штукатурка Sticker Wall в рулоні 600х3000х2,5мм Світлий граніт SW-00002991
SW-00002991	Happy Valise	44840	1495	1	1495	0	available	4648788	566219012	https://build.rozetka.com.ua/ua/566219012/p566219012/	Самоклеюча гнучка штукатурка в рулоні 600х3000х2,5мм Світлий граніт SW-00002991
SW-00002991	Torg Landiya	92929	1358	1	1358	1430	available	4625668	565888295	https://build.rozetka.com.ua/ua/565888295/p565888295/	Гнучка самоклеюча штукатурка в рулоні 600х3000х2,5мм Світлий граніт SW-00002991
SW-00002991	K-Warehouse	217766	1270	1	1270	0	available	4648788	584402980	https://build.rozetka.com.ua/ua/584402980/p584402980/	Самоклеюча гнучка штукатурка в рулоні 600х3000х2,5мм Світлий граніт SW-00002991
SW-00002991	SHEF LIFE	124373	1625	1	1625	1755	available	4641184	584305606	https://build.rozetka.com.ua/ua/584305606/p584305606/	Самоклеюча гнучка штукатурка в рулоні 600х3000х2,5мм Світлий граніт SW-00002991
SW-00002991	PROStikerUa	217718	1300	1	1300	1742	available	4648788	571627453	https://build.rozetka.com.ua/ua/571627453/p571627453/	Самоклеюча гнучка штукатурка в рулоні 600х3000х2,5мм Світлий граніт SW-00002991
SW-00002991	TechnoPrime	33201	1430	1	1430	0	available	4629548	604312027	https://build.rozetka.com.ua/ua/604312027/p604312027/	Самоклеюча гнучка штукатурка в рулоні 600х3000х2,5мм Світлий граніт SW-00002991
SW-00002991	LFcolor	213998	1300	1	1300	0	available	4629548	600347071	https://build.rozetka.com.ua/ua/600347071/p600347071/	Самоклеюча гнучка штукатурка в рулоні 600х3000х2,5мм Світлий граніт SW-00002991
SW-00002991	MC LitWin	265009	1325	1	1325	0	available	4629548	597335278	https://build.rozetka.com.ua/ua/597335278/p597335278/	3D панель стінова самоклеюча у рулоні Sticker Wall SW-00002991 600х3000х2.5 мм геометрія
SW-00002991	Davelia Shop	283358	1625	1	1625	0	available	4629548	616822598	https://build.rozetka.com.ua/ua/616822598/p616822598/	Самоклеюча гнучка штукатурка в рулоні 600х3000х2,5мм Світлий граніт SW-00002991
SW-00002991	ukriloom	226664	1339	1	1339	0	available	4648788	576839089	https://build.rozetka.com.ua/ua/576839089/p576839089/	Самоклеюча гнучка штукатурка в рулоні 600х3000х2,5мм Світлий граніт SW-00002991
SW-00002991	МАЙЯ	20508	1334	1	1334	0	available	4629548	592993474	https://build.rozetka.com.ua/ua/592993474/p592993474/	Самоклеюча гнучка штукатурка в рулоні 600х3000х2,5мм Світлий граніт SW-00002991
SW-00002991	Bravion Store	276091	1300	1	1300	0	available	4629548	597041149	https://build.rozetka.com.ua/ua/597041149/p597041149/	Самоклеюча гнучка штукатурка в рулоні 600х3000х2,5мм Світлий граніт SW-00002991
SW-00002991	NIVENTO	271966	1950	1	1950	3510	available	4629548	601662934	https://build.rozetka.com.ua/ua/601662934/p601662934/	Самоклеюча гнучка штукатурка в рулоні 600х3000х2,5мм Світлий граніт SW-00002991
SW-00002991	PARADISE	269545	1430	1	1430	2088	available	4629548	603750964	https://build.rozetka.com.ua/ua/603750964/p603750964/	Гнучкий камінь на стіну в рулоні 600х3000х2.5 мм рулонна декоративна штукатурка самоклейна вологостійка миється для оздоблення стін ванної кімнати Світлий граніт
SW-00002991	SUN HEAT	17072	1569	1	1569	0	available	4648788	591523324	https://build.rozetka.com.ua/ua/591523324/p591523324/	Самоклейна гнучка штукатурка в рулоні 600×3000×2,5мм декоративна стінова панель ,5мм Світлий граніт
SW-00002991	Wide Range	211532	1495	1	1495	0	available	4629548	602616235	https://build.rozetka.com.ua/ua/602616235/p602616235/	Самоклеюча гнучка штукатурка в рулоні 600х3000х2,5мм Світлий граніт
SW-00002991	Stiker_style	262837	850	1	850	0	unavailable	4648788	570455080	https://build.rozetka.com.ua/ua/570455080/p570455080/	Самоклеюча гнучка штукатурка в рулоні StikerWall 600х3000х2,5мм Сірий (SW-00002991)
SW-00002991	ВінБудІмперіал	240759	1502	1	1502	0	unavailable	4648788	583064467	https://build.rozetka.com.ua/ua/583064467/p583064467/	Самоклеюча гнучка штукатурка в рулоні 600х3000х2,5мм Світлий граніт SW-00002991
SW-00002991	ВінБудІмперіал	240759	1430	1	1430	0	unavailable	4648788	572848168	https://build.rozetka.com.ua/ua/572848168/p572848168/	Самоклеюча гнучка штукатурка в рулоні 600х3000х2,5мм Світлий граніт SW-00002991
SW-00002991	STICO_PANEL	263347	1300	1	1300	0	unavailable	4641184	569764333	https://build.rozetka.com.ua/ua/569764333/p569764333/	Самоклеюча гнучка штукатурка в рулоні 600х3000х2,5мм Світлий граніт SW-00002991
SW-00002991	TOWER	83595	1748	1	1748	0	unavailable	4640896	569830723	https://build.rozetka.com.ua/ua/569830723/p569830723/	Гнучка самоклеяча штукатурка в рулоні 600х3000х2,5мм Світлий граніт SW-00002991
SW-00002991	MimiPlay	238949	1300	1	1300	0	unavailable	4629548	606306880	https://build.rozetka.com.ua/ua/606306880/p606306880/	Самоклеюча гнучка штукатурка в рулоні 600х3000х2,5мм Світлий граніт SW-00002991
SW-00002991	ViDen	265006	769	1	769	0	unavailable	4648788	605311561	https://build.rozetka.com.ua/ua/605311561/p605311561/	Самоклеюча гнучка штукатурка в рулоні 600х3000х2,5мм Світлий граніт SW-00002991
SW-00002991	Kind Host	272923	1300	1	1300	0	unavailable	4648788	591063703	https://build.rozetka.com.ua/ua/591063703/p591063703/	Самоклеюча гнучка штукатурка в рулоні 600х3000х2,5мм Світлий граніт SW-00002991
SW-00002991	Bass Culture	269902	690	1	690	0	unavailable	4648788	592067743	https://build.rozetka.com.ua/ua/592067743/p592067743/	Самоклеюча гнучка штукатурка в рулоні 600х3000х2,5мм Світлий граніт SW-00002991
SW-00002991	LFcolor	213998	1300	1	1300	0	unavailable	4648788	565291499	https://build.rozetka.com.ua/ua/565291499/p565291499/	Самоклеюча гнучка штукатурка в рулоні 600х3000х2,5мм Світлий граніт SW-00002991
SW-00002991	THERMOTRADE	104545	1430	1	1430	0	unavailable	4640896	578352694	https://build.rozetka.com.ua/ua/578352694/p578352694/	Самоклеюча гнучка штукатурка в рулоні 600х3000х2,5мм Світлий граніт SW-00002991, Сірий
SW-00002534	Wide Range	211532	363	1	363	0	available	4629548	601551976	https://build.rozetka.com.ua/ua/601551976/p601551976/	Панель стінова у рулоні 3D 700х3080х2мм Біла Цегла
SW-00002534	Happy Valise	44840	363	1	363	0	available	4629548	454475159	https://build.rozetka.com.ua/ua/454475159/p454475159/	Панель стінова у рулоні 3D 700мм*3,08м*2мм біла цегла (D) SW-00002534
SW-00002534	RubiconShop	265480	394	1	394	449	available	4629548	576262969	https://build.rozetka.com.ua/ua/576262969/p576262969/	3D панель на стіну Sticker Wall SW-00002534 3080x700x2 мм Білий (2827104058)
SW-00002534	LFcolor	213998	316	1	316	0	available	4629548	600352792	https://build.rozetka.com.ua/ua/600352792/p600352792/	R001-2 Панель стінова у рулоні 3D 700х3080х2мм Біла Цегла SW-00002534
SW-00002534	MC LitWin	265009	346	1	346	0	available	4629548	597334705	https://build.rozetka.com.ua/ua/597334705/p597334705/	3D панель стінова самоклеюча у рулоні Sticker Wall SW-00002534 700х3080х2 мм цегла біла
SW-00002534	PRIMAVERA_pro	245169	540	1	540	0	available	4629548	593441845	https://build.rozetka.com.ua/ua/593441845/p593441845/	R001-2 Панель стінова у рулоні 3D 700х3080х2мм Біла Цегла SW-00002534
SW-00002534	Translation tools	112501	379	1	379	0	available	4629548	566691664	https://build.rozetka.com.ua/ua/566691664/p566691664/	Панель стінова в рулоні 3D Sticker Wall 700х3080х2 мм Білий (D) SW-00002534
SW-00002534	UNIVERmag	12608	390	1	390	444	available	4629548	561549555	https://build.rozetka.com.ua/ua/3d-paneli-sticker-wall-156532484/p561549555/	3D панель на стіну в рулоні Sticker Wall SW-00002534 3080 x 700 x 2 мм
SW-00002534	3DDD	188802	290	1	290	389	available	4629548	475908399	https://build.rozetka.com.ua/ua/475908399/p475908399/	Панель стінова в рулоні 3D R001-2 700мм x 3,08м x 2мм біла цегла (D) SW-2534
SW-00002534	Torg Landiya	92929	331	1	331	348	available	4629548	573878707	https://build.rozetka.com.ua/ua/573878707/p573878707/	R001-2 Панель стінова у рулоні 3D 700мм*3,08м*2мм білий кирпич (D) SW-00002534
SW-00002534	RMService	15008	549	1	549	649	available	4629548	577347628	https://build.rozetka.com.ua/ua/577347628/p577347628/	Панель стінова у рулоні 3D 700 х 3080 х 2 мм, білий Кирпич SW-00002534 (Sticker Wall)
SW-00002534	LoftWall	210021	305	1	305	350	available	4629548	451738862	https://build.rozetka.com.ua/ua/451738862/p451738862/	R001-2 Панель стінова у рулоні 3D 700мм*3,08м*2мм біла цегла (D) SW-00002534
SW-00002534	Shywon	237919	360	1	360	0	available	4629548	544803435	https://build.rozetka.com.ua/ua/3d-paneli-sticker-wall-150159385/p544803435/	R001-2 Панель стінова у рулоні 3D 700х3080х2мм Біла Цегла SW-00002534
SW-00002534	3D Loft	69844	316	1	316	0	available	4629548	453920051	https://build.rozetka.com.ua/ua/453920051/p453920051/	R001-2 Панель стінова у рулоні 3D 700мм*3,08м*2мм біла цегла (D) SW-00002534
SW-00002534	PROStikerUa	217718	316	1	316	423	available	4629548	466268304	https://build.rozetka.com.ua/ua/466268304/p466268304/	Панель стінова в рулоні дизайнерська інтер’єрна 3D Sticker Wall R001-2 700мм х 3,08м х 2мм біла цегла (D) SW-00002534
SW-00002534	D`n`D Group	17032	316	1	316	0	available	4629548	452642048	https://build.rozetka.com.ua/ua/452642048/p452642048/	R001-2 Панель стінова у рулоні 3D 700х3080х2мм Біла Цегла SW-00002534 (SW-00002534)
SW-00002534	Neo	10639	390	1	390	444	available	4629548	561570195	https://build.rozetka.com.ua/ua/3d-paneli-sticker-wall-156626669/p561570195/	3D панель на стіну в рулоні Sticker Wall SW-00002534 3080 x 700 x 2 мм (Niz17039)
SW-00002534	PFmarket	211413	316	1	316	0	available	4629548	474661144	https://build.rozetka.com.ua/ua/474661144/p474661144/	Панель стінова у рулоні 3D 700мм*3,08м*2мм біла цегла (D) SW-00002534
SW-00002534	Top Buyer	4551	390	1	390	444	available	4629548	561222723	https://build.rozetka.com.ua/ua/3d-paneli-sticker-wall-156534207/p561222723/	3D панель на стіну в рулоні Sticker Wall SW-00002534 3080 x 700 x 2 мм (TBiz17039)
SW-00002534	GrandBuyer	37544	390	1	390	444	available	4629548	561549453	https://build.rozetka.com.ua/ua/3d-paneli-sticker-wall-156537158/p561549453/	3D панель на стіну в рулоні Sticker Wall SW-00002534 3080 x 700 x 2 мм (SHiz17039)
SW-00002534	K-Warehouse	217766	331	1	331	0	available	4629548	476815819	https://build.rozetka.com.ua/ua/476815819/p476815819/	R001-2 Панель стінова у рулоні 3D 700мм*3,08м*2мм біла цегла (D) SW-00002534
SW-00002534	Happy deco light	4397	354	1	354	432	available	4629548	586542301	https://build.rozetka.com.ua/ua/586542301/p586542301/	R001-2 Панель стінова в рулоні 3D 700х3080х2мм Біла Цегла SW-00002534
SW-00002534	ukriloom	226664	325	1	325	0	available	4629548	593088700	https://build.rozetka.com.ua/ua/593088700/p593088700/	R001-2 Панель стінова у рулоні 3D 700х3080х2мм Біла Цегла SW-00002534
SW-00002534	Bigsylio	266140	316	1	316	0	available	4629548	604053727	https://build.rozetka.com.ua/ua/604053727/p604053727/	Самоклеюча 3D панель під білий цеглу рулон 3080х700х2мм для стін інтер'єрний декор обробка
SW-00002534	AVO-LAVKA	114191	427	1	427	474	available	4629548	596631085	https://build.rozetka.com.ua/ua/596631085/p596631085/	R001-2 Панель стінова у рулоні 3D 700х3080х2мм Білий Кирпич SW-00002534
SW-00002534	Декостра	278257	316	1	316	0	available	4629548	602309830	https://build.rozetka.com.ua/ua/602309830/p602309830/	R001-2 Панель стінова у рулоні 3D 700х3080х2мм Біла Цегла SW-00002534
SW-00002534	TechnoPrime	33201	348	1	348	0	available	4629548	603173581	https://build.rozetka.com.ua/ua/603173581/p603173581/	R001-2 Панель стінова у рулоні 3D 700х3080х2мм Біла Цегла SW-00002534
SW-00002534	Bravion Store	276091	316	1	316	0	available	4629548	597041308	https://build.rozetka.com.ua/ua/597041308/p597041308/	R001-2 Панель стінова у рулоні 3D 700х3080х2мм Біла Цегла SW-00002534
SW-00002534	The world of ideas	166476	384	1	384	0	available	4629548	491986249	https://build.rozetka.com.ua/ua/491986249/p491986249/	Панель стінова в рулоні 3D R001-2 700мм x 3,08м x 2мм біла цегла (D) SW-2534
SW-00002534	PeRoHome	282119	499	1	499	0	available	4629548	613015988	https://build.rozetka.com.ua/ua/613015988/p613015988/	R001-2 Панель стінова у рулоні 3D 700х3080х2мм Біла Цегла SW-00002534
SW-00002534	Знак якості	138753	370	1	370	0	available	4629548	618563333	https://build.rozetka.com.ua/ua/618563333/p618563333/	R001-2 Панель стінова у рулоні 3D 700х3080х2мм Біла Цегла SW-00002534
SW-00002534	SHEF LIFE	124373	395	1	395	427	available	4629548	557127474	https://build.rozetka.com.ua/ua/3d-paneli-sticker-wall-155007052/p557127474/	R001-2 Панель стінова у рулоні 3D 700х3080х2мм Біла Цегла SW-00002534
SW-00002534	Секрети шопінгу	268996	336	1	336	0	available	4629548	580811524	https://build.rozetka.com.ua/ua/580811524/p580811524/	R001-2 Панель стінова у рулоні 3D 700х3080х2мм Білий Кирпич SW-00002534
SW-00002534	PARADISE	269545	348	1	348	508	available	4629548	594064234	https://build.rozetka.com.ua/ua/594064234/p594064234/	Самоклейна 3D панель ПВХ у рулоні для декоративного оздоблення стін 700х3080х2мм Бежевий декор зони телевізора та бару довгий рулон без частих стиків фонова стінова обробка лофт
SW-00002534	Потрібне	274903	416	1	416	0	available	4629548	594897904	https://build.rozetka.com.ua/ua/594897904/p594897904/	Самоклеюча панель 3D Sticker Wall стінова у рулоні 700х3080х2мм Біла Цегла SW-00002534
SW-00002534	МАЙЯ	20508	348	1	348	0	available	4629548	592979779	https://build.rozetka.com.ua/ua/592979779/p592979779/	R001-2 Панель стінова у рулоні 3D 700х3080х2мм Біла Цегла SW-00002534
SW-00002534	Davelia Shop	283358	395	1	395	0	available	4629548	616823579	https://build.rozetka.com.ua/ua/616823579/p616823579/	R001-2 Панель стінова у рулоні 3D 700х3080х2мм Біла Цегла SW-00002534
SW-00002534	Швидко&Зручно	227904	316	1	316	0	unavailable	4629548	544964727	https://build.rozetka.com.ua/ua/3d-paneli-sticker-wall-150597842/p544964727/	R001-2 Панель стінова у рулоні 3D 700х3080х2мм Біла Цегла SW-00002534
SW-00002534	HomeproUA	234939	383	1	383	0	unavailable	4629548	557147532	https://build.rozetka.com.ua/ua/3d-paneli-sticker-wall-154963758/p557147532/	R001-2 Панель стінова у рулоні 3D 700х3080х2мм Біла Цегла SW-00002534
SW-00002534	TOWER	83595	456	1	456	0	unavailable	4629548	461079894	https://build.rozetka.com.ua/ua/461079894/p461079894/	R001-2 Панель стінова у рулоні 3D 700мм*3,08м*2мм білий кирпич (D) SW-00002534
SW-00002534	In2time	227604	348	1	348	0	unavailable	4629548	550116726	https://build.rozetka.com.ua/ua/3d-paneli-sticker-wall-152318673/p550116726/	R001-2 Панель стінова у рулоні 3D 700х3080х2мм Біла Цегла SW-00002534
SW-00002534	STICO_PANEL	263347	316	1	316	0	unavailable	4629548	569763337	https://build.rozetka.com.ua/ua/569763337/p569763337/	Панель стінова у рулоні 3D 700х3080х2мм Біла Цегла SW-00002534
SW-00002534	ukriloom	226664	316	1	316	0	unavailable	4629548	559056621	https://build.rozetka.com.ua/ua/3d-paneli-sticker-wall-155490777/p559056621/	R001-2 Панель стінова у рулоні 3D 700х3080х2мм Біла Цегла SW-00002534
SW-00002534	Рельєф Простір	267658	316	1	316	0	unavailable	4629548	577343083	https://build.rozetka.com.ua/ua/577343083/p577343083/	R001-2 Панель стінова у рулоні 3D 700х3080х2мм Біла Цегла SW-00002534
SW-00002534	UnimartShop	269563	316	1	316	0	unavailable	4629548	595794715	https://build.rozetka.com.ua/ua/595794715/p595794715/	R001-2 Панель стінова у рулоні 3D 700х3080х2мм Біла Цегла SW-00002534
SW-00002534	ViDen	265006	348	1	348	0	unavailable	4629548	605313226	https://build.rozetka.com.ua/ua/605313226/p605313226/	R001-2 Панель стінова у рулоні 3D 700х3080х2мм Біла Цегла SW-00002534
SW-00002534	СКАЙТУЛЗ	153858	363	1	363	0	unavailable	4629548	485877999	https://build.rozetka.com.ua/ua/485877999/p485877999/	R001-2 Панель стінова у рулоні 3D 700мм*3,08м*2мм біла цегла (D) SW-00002534
SW-00002534	LFcolor	213998	316	1	316	0	unavailable	4629548	485898269	https://build.rozetka.com.ua/ua/485898269/p485898269/	R001-2 Панель стінова у рулоні 3D 700х3080х2мм Біла Цегла SW-00002534
SW-00002534	Plumbing Assistant	211113	546	1	546	0	unavailable	4629548	495941679	https://build.rozetka.com.ua/ua/495941679/p495941679/	R001-2 Панель стінова у рулоні 3D 700мм*3,08м*2мм біла цегла (D) SW-00002534
SW-00002534	Мережа можливостей	194715	316	1	316	0	unavailable	4629548	506583889	https://build.rozetka.com.ua/ua/506583889/p506583889/	R001-2 Панель стінова у рулоні 3D 700х3080х2мм Біла Цегла SW-00002534
SW-00002534	Fono Market	79493	364	1	364	0	unavailable	4629548	519242754	https://build.rozetka.com.ua/ua/519242754/p519242754/	R001-2 Панель стінова у рулоні 3D 700х3080х2мм Біла Цегла SW-00002534
SW-00002534	Ентемпс	211401	316	1	316	0	unavailable	4629548	573032959	https://build.rozetka.com.ua/ua/573032959/p573032959/	R001-2 Панель стінова у рулоні 3D 700х3080х2мм Біла Цегла SW-00002534
SW-00002534	THERMOTRADE	104545	348	1	348	0	unavailable	4629548	578450344	https://build.rozetka.com.ua/ua/578450344/p578450344/	R001-2 Панель стінова у рулоні 3D 700х3080х2мм Біла Цегла SW-00002534, Бежевий
SW-00002534	Homent	255285	316	1	316	0	unavailable	4629548	578473234	https://build.rozetka.com.ua/ua/578473234/p578473234/	Панель стінова у рулоні 3D Sticker Wall R001-2 700х3080х2мм Білий Кирпич (SW-00002534)
SW-00002534	OnlyGuns	203439	348	1	348	0	unavailable	4629548	603745444	https://build.rozetka.com.ua/ua/603745444/p603745444/	R001-2 Панель стінова у рулоні 3D 700х3080х2мм Біла Цегла SW-00002534
SW-00002534	MimiPlay	238949	316	1	316	0	unavailable	4629548	606307474	https://build.rozetka.com.ua/ua/606307474/p606307474/	R001-2 Панель стінова у рулоні 3D 700х3080х2мм Біла Цегла SW-00002534
SW-00000181	Декостра	278257	99	1	99	0	available	4629548	603198604	https://build.rozetka.com.ua/ua/603198604/p603198604/	Самоклеюча декоративна настінно-стельова 3D панель 700x700x4.5мм Плитка (164) SW-00000181
SW-00000181	Wide Range	211532	125	1	125	0	available	4629548	602616520	https://build.rozetka.com.ua/ua/602616520/p602616520/	Самоклеюча декоративна настінно-стельова 3D панель 700x700x4.5мм Плитка
SW-00000181	FOUKS	20886	109	1	109	0	available	4629548	264446316	https://build.rozetka.com.ua/ua/264446316/p264446316/	Стельова панель ПВХ Ромби Орнамент (3Д панелі самоклейка м'яка для стелі стельова плитка) 700х700х5 мм (164) SW-00000181
SW-00000181	FOUKS	20886	109.0	10	1090	0	available	4629548	264446026	https://build.rozetka.com.ua/ua/264446026/p264446026/	Стельова панель ПВХ Ромби Орнамент 10 шт 3Д панелі самоклейка м'яка для стелі плитка 700х700х5 мм (164) SW-00000181-10шт
SW-00000181	FOUKS	20886	109.0	5	545	0	available	4629548	264445966	https://build.rozetka.com.ua/ua/264445966/p264445966/	Стельова панель ПВХ Ромби Орнамент 5 шт 3Д панелі самоклейка м'яка для стелі плитка 700х700х5 мм (164) SW-00000181-5шт
SW-00000181	PARADISE	269545	120	1	120	175	available	4629548	594065059	https://build.rozetka.com.ua/ua/594065059/p594065059/	Самоклеюча декоративна настінно-стельова 3D панель 700x700x4.5мм Плитка (164) самоклейна 3д рельєф для стін і стелі вологостійка для кухні і ванни декор інтерʼєру
SW-00000181	PeRoHome	282119	149	1	149	0	available	4629548	613018046	https://build.rozetka.com.ua/ua/613018046/p613018046/	Самоклеюча декоративна настінно-стельова 3D панель 690x700x4мм Плитка (164) SW-00000181
SW-00000181	K-Warehouse	217766	123	1	123	0	available	4629548	453038279	https://build.rozetka.com.ua/ua/453038279/p453038279/	Самоклеюча декоративна настінно-стельова 3D панель Sticker Wall плитка 700x700x4.5мм (164) SW-00000181
SW-00000181	Потрібне	274903	129	1	129	0	available	4629548	594898192	https://build.rozetka.com.ua/ua/594898192/p594898192/	Самоклеюча декоративна 3D панель Sticker Wall настінно-стельова 700x700x4.5мм Плитка (164) SW-00000181
SW-00000181	LFcolor	213998	109	1	109	0	available	4629548	600352840	https://build.rozetka.com.ua/ua/600352840/p600352840/	Самоклеюча декоративна настінно-стельова 3D панель 700x700x4.5мм Плитка (164) SW-00000181
SW-00000181	Знак якості	138753	116	1	116	0	available	4629548	609763346	https://build.rozetka.com.ua/ua/609763346/p609763346/	Самоклеюча декоративна настінно-стельова 3D панель 690х700х4мм Плитка (164) SW-00000181
SW-00000181	AVO-LAVKA	114191	147	1	147	164	available	4629548	596630683	https://build.rozetka.com.ua/ua/596630683/p596630683/	Самоклеюча декоративна настінно-постільна 3D панель 700x700x4.5мм Плитка (164) SW-00000181
SW-00000181	MC LitWin	265009	128	1	128	0	available	4629548	597334153	https://build.rozetka.com.ua/ua/597334153/p597334153/	Стельова панель самоклеюча Sticker Wall SW-00000181 700х700х4.5 мм
SW-00000181	Davelia Shop	283358	136	1	136	0	available	4629548	616823633	https://build.rozetka.com.ua/ua/616823633/p616823633/	Самоклеюча декоративна настінно-стельова 3D панель 690x700x4мм Плитка (164) SW-00000181
SW-00000181	RMService	15008	209	1	209	299	available	4629548	572808409	https://build.rozetka.com.ua/ua/572808409/p572808409/	Самоклеюча декоративна настінно-постільна 3D панель 700x700x4.5 мм, плитка (164) SW-00000181 (Sticker Wall)
SW-00000181	3DDD	188802	131	1	131	0	unavailable	4629548	388443492	https://build.rozetka.com.ua/ua/388443492/p388443492/	Самоклеюча декоративна стельова стінна 3D панель Sticker Wall плитка 700x700x4.5мм 164 SW-00000181
SW-00000181	ViDen	265006	109	1	109	0	unavailable	4629548	605311135	https://build.rozetka.com.ua/ua/605311135/p605311135/	Самоклеюча декоративна настінно-стельова 3D панель 690x700x4мм Плитка (164) SW-00000181
SW-00000181	Bass Culture	269902	99	1	99	0	unavailable	4629548	589908784	https://build.rozetka.com.ua/ua/589908784/p589908784/	Самоклеюча декоративна настінно-стельова 3D панель 700x700x4.5мм Плитка (164) SW-00000181
SW-00000181	MimiPlay	238949	109	1	109	0	unavailable	4629548	606306289	https://build.rozetka.com.ua/ua/606306289/p606306289/	Самоклеюча декоративна настінно-стельова 3D панель 690x700x4мм Плитка (164) SW-00000181
SW-00002305	Потрібне	274903	75	1	75	0	available	4629548	594898738	https://build.rozetka.com.ua/ua/594898738/p594898738/	Самоклеюча стінова PET плитка Sticker Wall на стіну для кухні, ванної кімнати та інших приміщень 600х300х2мм SW-00002305
SW-00002305	Днепрлюкс	146605	65	1	65	0	available	4659004	542924065	https://build.rozetka.com.ua/ua/plitka-dlya-gilih-pomeshcheniy-sticker-wall-147381780/p542924065/	Самоклеюча стінова PET плитка 600*300*2mm (D) SW-00002305
SW-00002305	Shywon	237919	71	1	71	0	available	4629548	544803125	https://build.rozetka.com.ua/ua/3d-paneli-sticker-wall-150159752/p544803125/	Самоклеюча стінова PET плитка 600х300х2мм SW-00002305
SW-00002305	LoftWall	210021	65	1	65	0	available	4629548	465205224	https://build.rozetka.com.ua/ua/465205224/p465205224/	Самоклеюча стінова PET плитка 600*300*2mm (D) SW-00002305
SW-00002305	Torg Landiya	92929	68	1	68	72	available	4629548	467164454	https://build.rozetka.com.ua/ua/467164454/p467164454/	Самоклеюча стінова плитка PET 600*300*2mm (D) SW-00002305
SW-00002305	TechnoPrime	33201	72	1	72	0	available	4657848	556523811	https://build.rozetka.com.ua/ua/vinilovie-oboi-sticker-wall-154713603/p556523811/	Самоклеюча стінова PET плитка 600х300х2мм SW-00002305
SW-00002305	3D Loft	69844	65	1	65	0	available	4659004	466699629	https://build.rozetka.com.ua/ua/466699629/p466699629/	Самоклеюча стінова PET плитка 600*300*2mm (D) SW-00002305
SW-00002305	Happy Valise	44840	75	1	75	0	available	4629548	466985819	https://build.rozetka.com.ua/ua/466985819/p466985819/	Самоклеюча стінова PET плитка 600x300x2mm (D) SW-00002305
SW-00002305	ItailOil	33267	75	1	75	78	available	4648788	574052557	https://build.rozetka.com.ua/ua/574052557/p574052557/	Самоклеюча стінова PET плитка Sticker Wall SW-00002305 600х300х2 мм
SW-00002305	SHEF LIFE	124373	81	1	81	88	available	4629548	557127453	https://build.rozetka.com.ua/ua/3d-paneli-sticker-wall-155007044/p557127453/	Самоклеюча стінова PET плитка 600х300х2мм SW-00002305
SW-00002305	Юзон	169785	111	1	111	0	available	4648788	562516938	https://build.rozetka.com.ua/ua/samokleyashchiesya-plenki-sticker-wall-156655527/p562516938/	Самоклеюча PET плитка STICKER WALL 600*300мм * 2мм стінова SW-00002305
SW-00002305	K-Warehouse	217766	65	1	65	0	available	4629548	476815654	https://build.rozetka.com.ua/ua/476815654/p476815654/	Самоклеюча стінова PET плитка 600*300*2mm (D) SW-00002305
SW-00002305	D`n`D Group	17032	65	1	65	0	available	4641184	478366654	https://build.rozetka.com.ua/ua/478366654/p478366654/	Самоклеюча стінова PET плитка 600х300х2мм SW-00002305 (SW-00002305)
SW-00002305	PROStikerUa	217718	65	1	65	87	available	4629548	477278839	https://build.rozetka.com.ua/ua/477278839/p477278839/	Самоклеюча стінова PET плитка Sticker Wall 600*300*2mm (D) SW-00002305
SW-00002305	Декостра	278257	59	1	59	0	available	4629548	603197992	https://build.rozetka.com.ua/ua/603197992/p603197992/	Самоклеюча стінова PET плитка 600х300х2мм SW-00002305
SW-00002305	ukriloom	226664	67	1	67	0	available	4629548	593088580	https://build.rozetka.com.ua/ua/593088580/p593088580/	Самоклеюча стінова PET плитка 600х300х2мм SW-00002305
SW-00002305	PRIMAVERA_pro	245169	112	1	112	0	available	4648788	593440855	https://build.rozetka.com.ua/ua/593440855/p593440855/	Самоклеюча стінова PET плитка 600х300х2мм SW-00002305
SW-00002305	MC LitWin	265009	68	1	68	0	available	4629548	597334216	https://build.rozetka.com.ua/ua/597334216/p597334216/	Вінілова плитка самоклеюча Sticker Wall SW-00002305 600х300х2 мм камінь
SW-00002305	Bravion Store	276091	75	1	75	0	available	4648788	597137635	https://build.rozetka.com.ua/ua/597137635/p597137635/	Самоклеюча стінова PET плитка 600х300х2мм SW-00002305
SW-00002305	Знак якості	138753	65	1	65	0	available	4629548	609764117	https://build.rozetka.com.ua/ua/609764117/p609764117/	Самоклеюча стінова PET плитка 600х300х2мм SW-00002305
SW-00002305	МАЙЯ	20508	68	1	68	0	available	4659004	589668508	https://build.rozetka.com.ua/ua/589668508/p589668508/	Самоклеюча стінова PET плитка 600х300х2мм SW-00002305
SW-00002305	PeRoHome	282119	109	1	109	0	available	4641184	613018556	https://build.rozetka.com.ua/ua/613018556/p613018556/	Самоклеюча стінова PET плитка 600х300х2мм SW-00002305
SW-00002305	AVO-LAVKA	114191	88	1	88	98	available	4648788	596632468	https://build.rozetka.com.ua/ua/596632468/p596632468/	Самоклеюча стінова PET плитка 600х300х2мм SW-00002305
SW-00002305	Davelia Shop	283358	81	1	81	0	available	4629548	616824146	https://build.rozetka.com.ua/ua/616824146/p616824146/	Самоклеюча стінова PET плитка 600х300х2мм SW-00002305
SW-00002305	ZHOSAR	275845	65	1	65	0	available	4629548	603699223	https://build.rozetka.com.ua/ua/603699223/p603699223/	Самоклеюча стінова PET плитка 600х300х2мм SW-00002305
SW-00002305	eDarunok	189795	65	1	65	0	available	4629548	497031369	https://build.rozetka.com.ua/ua/497031369/p497031369/	Самоклеюча стінова PET плитка 600*300*2mm (D) SW-00002305
SW-00002305	MiroLends	137263	75	1	75	0	available	4629548	515609339	https://build.rozetka.com.ua/ua/515609339/p515609339/	Самоклеюча стінова PET плитка 600*300*2mm (D) SW-00002305
SW-00002305	Online Shop	12416	87	1	87	79	available	4629548	539828349	https://build.rozetka.com.ua/ua/plitka-dlya-gilih-pomeshcheniy-sticker-wall-149337125/p539828349/	Самоклеюча стінова PET плитка 600*300*2mm (D) SW-00002305
SW-00002305	NIVENTO	271966	89	1	89	160	available	4629548	601664089	https://build.rozetka.com.ua/ua/601664089/p601664089/	Самоклеюча стінова PET плитка 600х300х2мм SW-00002305
SW-00002305	3DDD	188802	56	1	56	68	available	4629548	478781144	https://build.rozetka.com.ua/ua/478781144/p478781144/	Самоклеюча стінова PET плитка 600 x 300 x 2mm (D) SW-2305
SW-00002305	FOUKS	20886	65	1	65	0	available	4641184	468257559	https://build.rozetka.com.ua/ua/468257559/p468257559/	Панель пластикова стінова ПЕТ Скляний мармур Сірий 300х600х2мм плитка самоклейка ПВХ покриття
SW-00002305	Bigsylio	266140	65	1	65	0	available	4629548	606381316	https://build.rozetka.com.ua/ua/606381316/p606381316/	Самоклеюча стенова плитка PET 600х300х2мм графітова для внутрішньої обробки стін декорування інтер'єру
SW-00002305	Wide Range	211532	75	1	75	0	available	4659004	582204325	https://build.rozetka.com.ua/ua/582204325/p582204325/	Самоклеюча стінова PET плитка 600х300х2мм СІра венеціанка
SW-00002305	SUN HEAT	17072	80	1	80	0	available	4641184	591523372	https://build.rozetka.com.ua/ua/591523372/p591523372/	Самоклеюча ПЕТ плитка для стін 600х300х2мм мрамур без клею акцентна стіна кухня ванна декор інтерʼєру PET вологостійка Оливковий
SW-00002305	PARADISE	269545	72	1	72	105	available	4648788	603751372	https://build.rozetka.com.ua/ua/603751372/p603751372/	PET плитка для стін самоклейна під камінь 600х300х2 мм з рельєфом 3D зносостійка гнучка легкий монтаж без клею проста у догляді для коридору Графітовий
SW-00002305	The world of ideas	166476	75	1	75	0	available	4629548	493675644	https://build.rozetka.com.ua/ua/493675644/p493675644/	Самоклеюча стінова PET плитка 600 x 300 x 2mm (D) SW-2305
SW-00002305	Lavkamarka	227099	65	1	65	0	available	4641184	494346964	https://build.rozetka.com.ua/ua/494346964/p494346964/	Самоклеюча стінова PET плитка Sticker Wall 600х300х2мм (2305)
SW-00002305	ItailOil	33267	78	1	78	0	unavailable	4648788	569612242	https://build.rozetka.com.ua/ua/569612242/p569612242/	Самоклеюча стінова PET плитка Sticker Wall SW-00002305 600х300х2 мм
SW-00002305	Crystal sky	250060	65	1	65	0	unavailable	4629548	563401080	https://build.rozetka.com.ua/ua/3d-paneli-sticker-wall-157320032/p563401080/	Самоклеюча стінова PET плитка 600х300х2мм SW-00002305
SW-00002305	ВінБудІмперіал	240759	87	1	87	0	unavailable	4648788	572704957	https://build.rozetka.com.ua/ua/572704957/p572704957/	Самоклеюча стінова PET плитка 600х300х2мм SW-00002305
SW-00002305	Рельєф Простір	267658	69	1	69	79	unavailable	4648788	577342867	https://build.rozetka.com.ua/ua/577342867/p577342867/	Самоклеюча стінова PET плитка 600х300х2мм SW-00002305
SW-00002305	Ентемпс	211401	69	1	69	0	unavailable	4641184	573036970	https://build.rozetka.com.ua/ua/573036970/p573036970/	Самоклеюча стінова PET плитка 600х300х2мм SW-00002305
SW-00002305	ВінБудІмперіал	240759	91	1	91	0	unavailable	4629548	583067497	https://build.rozetka.com.ua/ua/583067497/p583067497/	Самоклеюча стінова PET плитка 600х300х2мм SW-00002305
SW-00002305	Homent	255285	59	1	59	0	unavailable	4629548	578474920	https://build.rozetka.com.ua/ua/578474920/p578474920/	Самоклеюча стінова PET плитка Sticker Wall 600х300х2мм (SW-00002305)
SW-00002305	RCMN	136578	110	1	110	0	unavailable	4629548	562209078	https://build.rozetka.com.ua/ua/kovrolin-bez-brenda-157065189/p562209078/	Самоклеюча стінова PET плитка 600х300х2мм SW-00002305
SW-00002305	THERMOTRADE	104545	72	1	72	0	unavailable	4641184	579796516	https://build.rozetka.com.ua/ua/579796516/p579796516/	Самоклеюча стінова PET плитка 600х300х2мм SW-00002305
SW-00002305	STICO_PANEL	263347	59	1	59	0	unavailable	4629548	569764678	https://build.rozetka.com.ua/ua/569764678/p569764678/	Самоклеюча стінова PET плитка 600х300х2мм SW-00002305
SW-00002305	Bass Culture	269902	59	1	59	0	unavailable	4629548	589909186	https://build.rozetka.com.ua/ua/589909186/p589909186/	Самоклеюча стінова PET плитка 600х300х2мм SW-00002305
SW-00002305	TOWER	83595	90	1	90	0	unavailable	4629548	479926144	https://build.rozetka.com.ua/ua/479926144/p479926144/	Самоклеюча стінова PET плитка 600х300х2мм SW-00002305
SW-00002305	Kind Host	272923	59	1	59	0	unavailable	4641184	591063646	https://build.rozetka.com.ua/ua/591063646/p591063646/	Самоклеюча стінова PET плитка 600х300х2мм SW-00002305
SW-00002305	Букаляба	266473	65	1	65	0	unavailable	4629548	590727715	https://build.rozetka.com.ua/ua/590727715/p590727715/	Самоклеюча стінова PET плитка 600х300х2мм SW-00002305
SW-00002305	MimiPlay	238949	65	1	65	0	unavailable	4629548	606307237	https://build.rozetka.com.ua/ua/606307237/p606307237/	Самоклеюча стінова PET плитка 600х300х2мм SW-00002305
SW-00002305	СКАЙТУЛЗ	153858	79	1	79	0	unavailable	4629548	485876894	https://build.rozetka.com.ua/ua/485876894/p485876894/	Самоклеюча стінова PET плитка 600*300*2mm (D) SW-00002305
SW-00002305	LFcolor	213998	65	1	65	0	unavailable	4629548	485899934	https://build.rozetka.com.ua/ua/485899934/p485899934/	Самоклеюча стінова PET плитка 600х300х2мм SW-00002305
SW-00002305	Plumbing Assistant	211113	108	1	108	0	unavailable	4629548	484919019	https://build.rozetka.com.ua/ua/484919019/p484919019/	Самоклеюча стінова PET плитка 600*300*2мм (D) SW-00002305
SW-00002305	ViDen	265006	61	1	61	0	unavailable	4658998	605312755	https://build.rozetka.com.ua/ua/605312755/p605312755/	Самоклеюча стінова PET плитка 600х300х2мм SW-00002305
SW-00002305	BINGO	53688	133	1	133	0	unavailable	4641184	500792709	https://build.rozetka.com.ua/ua/500792709/p500792709/	Самоклеюча стінова PET плитка 600*300*2mm (D) SW-00002305
SW-00002305	Мережа можливостей	194715	98	1	98	0	unavailable	4629548	506581834	https://build.rozetka.com.ua/ua/506581834/p506581834/	Самоклеюча стінова PET плитка 600*300*2mm (D) SW-00002305
SW-00002305	GZoo	139880	75	1	75	0	unavailable	4629548	508384589	https://build.rozetka.com.ua/ua/508384589/p508384589/	Самоклеюча стінова PET плитка 600*300*2mm (D) SW-00002305
SW-00002305	Fono Market	79493	111	1	111	0	unavailable	4641184	510187899	https://build.rozetka.com.ua/ua/510187899/p510187899/	Самоклеюча стінова PET плитка 600*300*2mm (D) SW-00002305
SW-00002305	lookoboi	56952	68	1	68	0	unavailable	4641184	527409774	https://build.rozetka.com.ua/ua/527409774/p527409774/	Самоклеюча стінова ПЕТ плитка 600*300*2 мм бежево-сірий мармур (D) SW-00002305
SW-00002305	ukriloom	226664	79	1	79	0	unavailable	4657848	538140524	https://build.rozetka.com.ua/ua/plitka-dlya-gilih-pomeshcheniy-sticker-wall-148807343/p538140524/	Самоклеюча стінова PET плитка 600х300х2мм SW-00002305
SW-00002305	In2time	227604	76	1	76	0	unavailable	4629548	550117284	https://build.rozetka.com.ua/ua/3d-paneli-sticker-wall-152319055/p550117284/	Самоклеюча стінова PET плитка 600х300х2мм SW-00002305
SW-00002708	TechnoPrime	33201	484	1	484	0	available	4629548	604311988	https://build.rozetka.com.ua/ua/604311988/p604311988/	Звукоізоляційна панель 600х600х9мм Сірий граніт SW-00002708
SW-00002708	Torg Landiya	92929	460	1	460	484	available	4629548	575292001	https://build.rozetka.com.ua/ua/575292001/p575292001/	Звукоізоляційна панель 600х600х9мм Сірий граніт SW-00002708
SW-00002708	PARADISE	269545	484	1	484	707	available	4629548	603750958	https://build.rozetka.com.ua/ua/603750958/p603750958/	Самоклеюча 3D панель стінова з повсті мʼяка 600х600 мм 9 мм для тепло- та звукоізоляції стін декоративне оздоблення домашнього кінотеатру Сірий граніт
SW-00002708	Секрети шопінгу	268996	420	1	420	0	available	4629548	580812706	https://build.rozetka.com.ua/ua/580812706/p580812706/	Звукоізоляційна панель 600х600х9мм Сірий граніт SW-00002708
SW-00002708	MC LitWin	265009	432	1	432	0	available	4629548	597334585	https://build.rozetka.com.ua/ua/597334585/p597334585/	Декоративна панель Sticker Wall SW-00002708 600х600х9 мм цегла сіра
SW-00002708	LFcolor	213998	440	1	440	0	available	4629548	600352501	https://build.rozetka.com.ua/ua/600352501/p600352501/	Звукоізоляційна панель 600х600х9мм Сірий граніт SW-00002708
SW-00002708	Happy Valise	44840	506	1	506	0	available	4629548	618264440	https://build.rozetka.com.ua/ua/618264440/p618264440/	Панель звукоізоляційна самоклеюча SW-00002708 повстяна 600х600х9 мм Сірий граніт
SW-00002708	MegaChoice	249209	665	1	665	885	unavailable	4629548	616781114	https://build.rozetka.com.ua/ua/616781114/p616781114/	Звукоізоляційна панель самоклеюча 600×600×9 мм, акустична декоративна панель з поліефірного войлоку SW-00002708
SW-00002708	ladybug	36972	440	1	440	0	unavailable	4629548	573308146	https://build.rozetka.com.ua/ua/573308146/p573308146/	Звукоізоляційна панель 60х60х0,9 см Сірий граніт Sticker Wall (SW-00002708)
SW-00002708	STICO_PANEL	263347	440	1	440	0	unavailable	4629548	570721789	https://build.rozetka.com.ua/ua/570721789/p570721789/	Звукоізоляційна панель 60х60х9мм Сірий граніт SW-00002708
SW-00002708	MimiPlay	238949	440	1	440	0	unavailable	4629548	606308104	https://build.rozetka.com.ua/ua/606308104/p606308104/	Звукоізоляційна панель 600х600х9мм Сірий граніт SW-00002708
SW-00000669	3DDD	188802	84	1	84	102	available	4629548	409127376	https://build.rozetka.com.ua/ua/409127376/p409127376/	Декоративна плитка ПВХ Sticker Wall на самоклейці квадрат 300х300х5мм (СПП-602) SW-00000669
SW-00000669	Wide Range	211532	104	1	104	0	available	4629548	602616025	https://build.rozetka.com.ua/ua/602616025/p602616025/	Декоративна ПВХ плитка на самоклейці 300х300х5мм Квадрат SW-00000669
SW-00000669	Секрети шопінгу	268996	84	1	84	0	available	4629548	580811686	https://build.rozetka.com.ua/ua/580811686/p580811686/	Декоративна плитка ПВХ на самоклейці 300х300х5мм Квадрат, ціна за 1 шт. (СПП-602) SW-00000669
SW-00000669	LoftWall	210021	90	1	90	0	available	4629548	477349439	https://build.rozetka.com.ua/ua/477349439/p477349439/	Декоративна ПВХ плитка на самоклейці квадрат 300х300х5мм, ціна за 1 шт. (СПП-602) SW-00000669
SW-00000669	PROStikerUa	217718	90	1	90	121	available	4641184	466517769	https://build.rozetka.com.ua/ua/466517769/p466517769/	Декоративна плитка ПВХ на самоклейці Sticker Wall квадрат 300х300х5мм (СПП-602) SW-00000669
SW-00000669	D`n`D Group	17032	90	1	90	0	available	4641184	430132934	https://build.rozetka.com.ua/ua/430132934/p430132934/	Декоративна ПВХ плитка на самоклейці 300х300х5мм Квадрат, ціна за 1 шт. (СПП-602) SW-00000669 (SW-00000669)
SW-00000669	PFmarket	211413	90	1	90	0	available	4641184	432874844	https://build.rozetka.com.ua/ua/432874844/p432874844/	Декоративна ПВХ плитка на самоклейці квадрат 300х300х5мм, ціна за 1 шт. (СПП-602) SW-00000669
SW-00000669	RSI	48100	90	1	90	0	available	4641184	440480831	https://build.rozetka.com.ua/ua/440480831/p440480831/	Декоративна ПВХ плитка на самоклейці квадрат 300х300х5мм, ціна за 1 шт. (СПП-602) SW-00000669
SW-00000669	3D Loft	69844	90	1	90	0	available	4629548	428258273	https://build.rozetka.com.ua/ua/428258273/p428258273/	Декоративна ПВХ плитка на самоклейці квадрат 300х300х5мм, ціна за 1 шт. (СПП-602) SW-00000669
SW-00000669	Shywon	237919	105	1	105	0	available	4629548	544807465	https://build.rozetka.com.ua/ua/3d-paneli-sticker-wall-150158978/p544807465/	Декоративна ПВХ плитка на самоклейці 300х300х5мм Квадрат, ціна за 1 шт. (СПП-602) SW-00000669
SW-00000669	K-Warehouse	217766	97	1	97	0	available	4629548	453036851	https://build.rozetka.com.ua/ua/453036851/p453036851/	Декоративна ПВХ плитка на самоклейці Sticker Wall квадрат 300х300х5мм, ціна за 1 шт. (СПП-602) SW-00000669
SW-00000669	Torg Landiya	92929	94	1	94	99	available	4641184	467620329	https://build.rozetka.com.ua/ua/467620329/p467620329/	Декоративна плитка ПВХ на самоклейці квадрат 300х300х5мм, ціна за 1 шт. (СПП-602) SW-00000669
SW-00000669	RMService	15008	181	1	181	239	available	4629548	580056835	https://build.rozetka.com.ua/ua/580056835/p580056835/	Декоративна плитка ПВХ на самоклейці 300 х 300 х 5 мм Квадрат (СПП-602) SW-00000669 (Sticker Wall)
SW-00000669	LFcolor	213998	90	1	90	0	available	4629548	600352012	https://build.rozetka.com.ua/ua/600352012/p600352012/	Декоративна ПВХ плитка на самоклейці 300х300х5мм Квадрат, ціна за 1 шт. (СПП-602) SW-00000669
SW-00000669	AVO-LAVKA	114191	122	1	122	135	available	4641184	598793797	https://build.rozetka.com.ua/ua/598793797/p598793797/	Декоративна ПВХ плитка на самоклейці 300х300х5мм Квадрат, ціна за 1 шт. (СПП-602) SW-00000669
SW-00000669	PRIMAVERA_pro	245169	143	1	143	0	available	4629548	593439850	https://build.rozetka.com.ua/ua/593439850/p593439850/	Декоративна ПВХ плитка на самоклейці 300х300х5мм Квадрат, ціна за 1 шт. (СПП-602) SW-00000669
SW-00000669	Bravion Store	276091	100	1	100	0	available	4629548	597040600	https://build.rozetka.com.ua/ua/597040600/p597040600/	Декоративна ПВХ плитка на самоклейці 300х300х5мм Квадрат, ціна за 1 шт. (СПП-602) SW-00000669
SW-00000669	МАЙЯ	20508	102	1	102	0	available	4641184	593018551	https://build.rozetka.com.ua/ua/593018551/p593018551/	Декоративна ПВХ плитка на самоклейці 300х300х5мм Квадрат, ціна за 1 шт. (СПП-602) SW-00000669
SW-00000669	TechnoPrime	33201	89	1	89	0	available	4629548	604312336	https://build.rozetka.com.ua/ua/604312336/p604312336/	Декоративна ПВХ плитка на самоклейці 300х300х5мм Квадрат, ціна за 1 шт. (СПП-602) SW-00000669
SW-00000669	Знак якості	138753	97	1	97	0	available	4629548	618563297	https://build.rozetka.com.ua/ua/618563297/p618563297/	Декоративна ПВХ плитка на самоклейці 300х300х5мм Квадрат, ціна за 1 шт. (СПП-602) SW-00000669
SW-00000669	Davelia Shop	283358	113	1	113	0	available	4629548	616822100	https://build.rozetka.com.ua/ua/616822100/p616822100/	Декоративна ПВХ плитка на самоклейці 300х300х5мм Квадрат, ціна за 1 шт. (СПП-602) SW-00000669
SW-00000669	PeRoHome	282119	131	1	131	0	available	4629548	613016435	https://build.rozetka.com.ua/ua/613016435/p613016435/	Декоративна ПВХ плитка на самоклейці 300х300х5мм Квадрат, ціна за 1 шт. (СПП-602) SW-00000669
SW-00000669	MC LitWin	265009	101	1	101	0	available	4629548	597333763	https://build.rozetka.com.ua/ua/597333763/p597333763/	Вінілова плитка самоклеюча Sticker Wall SW-00000669 300х300х5 мм геометрія
SW-00000669	Декостра	278257	90	1	90	0	available	4629548	602308648	https://build.rozetka.com.ua/ua/602308648/p602308648/	Декоративна ПВХ плитка на самоклейці 300х300х5мм Квадрат, ціна за 1 шт. (СПП-602) SW-00000669
SW-00000669	ukriloom	226664	93	1	93	0	available	4629548	576838264	https://build.rozetka.com.ua/ua/576838264/p576838264/	Декоративна ПВХ плитка на самоклейці 300х300х5мм Квадрат, ціна за 1 шт. (СПП-602) SW-00000669
SW-00000669	SHEF LIFE	124373	113	1	113	122	available	4629548	584306764	https://build.rozetka.com.ua/ua/584306764/p584306764/	Декоративна ПВХ плитка на самоклейці 300х300х5мм Квадрат, ціна за 1 шт. (СПП-602) SW-00000669
SW-00000669	NIVENTO	271966	135	1	135	243	available	4641184	601663744	https://build.rozetka.com.ua/ua/601663744/p601663744/	Декоративна ПВХ плитка на самоклейці 300х300х5мм Квадрат, ціна за 1 шт. (СПП-602) SW-00000669
SW-00000669	FOUKS	20886	90	1	90	0	available	4629548	332949040	https://build.rozetka.com.ua/ua/332949040/p332949040/	Пластикові самоклеючі панелі під цеглу Мармур з прожилками 300*300*5 мм ПВХ декор для стін пластик (СПП-602)
SW-00000669	Happy Valise	44840	104	1	104	0	available	4629548	341094736	https://build.rozetka.com.ua/ua/341094736/p341094736/	Декоративна ПВХ плитка на самоклейці Sticker Wall квадрат 300х300х5мм, ціна за 1 шт. (СПП-602)
SW-00000669	DomLoft	139608	80	1	80	150	available	4629548	429927731	https://build.rozetka.com.ua/ua/429927731/p429927731/	Декоративна ПВХ плитка на самоклейці квадрат 300х300х5мм, ціна за 1 шт. (СПП-602)
SW-00000669	КO&AN	132388	110	1	110	0	unavailable	4629548	398605374	https://build.rozetka.com.ua/ua/398605374/p398605374/	Декоративна плитка ПВХ на самоклейці квадрат 300х300х5мм, ціна за 1 шт. (СПП-602) SW-00000669
SW-00000669	FULL INTERIORS	53490	90	1	90	0	unavailable	4629548	399476910	https://build.rozetka.com.ua/ua/399476910/p399476910/	Декоративна плитка ПВХ на самоклейці квадрат 300х300х5мм, ціна за 1 шт. (СПП-602) SW-00000669
SW-00000669	3DDD	188802	92	1	92	0	unavailable	4629548	388442886	https://build.rozetka.com.ua/ua/388442886/p388442886/	Декоративна плитка ПВХ Sticker Wall на самоклейці квадрат 300х300х5мм ціна за 1 шт СПП-602 SW-00000669
SW-00000669	Regulus Star	157239	116	1	116	0	unavailable	4641184	419761896	https://build.rozetka.com.ua/ua/419761896/p419761896/	Декоративна ПВХ плитка на самоклейці квадрат 300х300х5мм, ціна за 1 шт. (СПП-602) SW-00000669
SW-00000669	DKLS	209688	1394	1	1394	0	unavailable	4629548	441519374	https://build.rozetka.com.ua/ua/441519374/p441519374/	Декоративна ПВХ плитка на самоклейці квадрат 300х300х5мм, ціна за 1 шт. (СПП-602) SW-00000669
SW-00000669	DecoGrip	204264	90	1	90	120	unavailable	4629548	405573798	https://build.rozetka.com.ua/ua/405573798/p405573798/	Декоративна ПВХ плитка Sticker Wall на самоклейці квадрат 300х300х5мм ціна за 1 шт (СПП-602) SW-00000669
SW-00000669	Михалич	102883	90	1	90	0	unavailable	4629548	447702281	https://build.rozetka.com.ua/ua/447702281/p447702281/	Декоративна ПВХ плитка на самоклейці квадрат 300х300х5мм, ціна за 1 шт. (СПП-602) SW-00000669
SW-00000669	TOWER	83595	120	1	120	0	unavailable	4629548	448749551	https://build.rozetka.com.ua/ua/448749551/p448749551/	Декоративна плитка ПВХ на самоклейці квадрат 300х300х5мм, ціна за 1 шт. (СПП-602) SW-00000669
SW-00000669	SpotikachUA	196146	75	1	75	0	unavailable	4629548	449279801	https://build.rozetka.com.ua/ua/449279801/p449279801/	Декоративна ПВХ плитка на самоклейці квадрат 300х300х5мм, ціна за 1 шт. (СПП-602) SW-00000669
SW-00000669	STICO_PANEL	263347	90	1	90	0	unavailable	4641184	569763142	https://build.rozetka.com.ua/ua/569763142/p569763142/	Декоративна ПВХ плитка на самоклейці 300х300х5мм Квадрат, ціна за 1 шт. (СПП-602) SW-00000669
SW-00000669	Ентемпс	211401	80	1	80	0	unavailable	4629548	465564329	https://build.rozetka.com.ua/ua/465564329/p465564329/	Декоративна ПВХ плитка на самоклейці квадрат 300х300х5мм, (СПП-602) SW-00000669 Sticker Wall (S/W) Білий з чорним
SW-00000669	Рельєф Простір	267658	80	1	80	90	unavailable	4629548	577343497	https://build.rozetka.com.ua/ua/577343497/p577343497/	Декоративна ПВХ плитка на самоклейці 300х300х5мм Квадрат, ціна за 1 шт. (СПП-602) SW-00000669
SW-00000669	HomeproUA	234939	119	1	119	0	unavailable	4629548	570481006	https://build.rozetka.com.ua/ua/570481006/p570481006/	Декоративна ПВХ плитка на самоклейці 300х300х5мм Квадрат, ціна за 1 шт. (СПП-602) SW-00000669
SW-00000669	Ентемпс	211401	80	1	80	0	unavailable	4641184	573036310	https://build.rozetka.com.ua/ua/573036310/p573036310/	Декоративна ПВХ плитка на самоклейці квадрат 300х300х5мм, (СПП-602) SW-00000669 Sticker Wall (S/W) Білий з чорним
SW-00000669	THERMOTRADE	104545	88	1	88	0	unavailable	4641184	579796771	https://build.rozetka.com.ua/ua/579796771/p579796771/	Декоративна ПВХ плитка на самоклейці 300х300х5мм Квадрат, ціна за 1 шт. (СПП-602) SW-00000669, Різні кольори
SW-00000669	People's composition of the manufacturer	250050	90	1	90	0	unavailable	4629548	565257593	https://build.rozetka.com.ua/ua/565257593/p565257593/	Декоративна ПВХ плитка Sticker Wall на самоклейці квадрат 300х300х5мм, ціна за 1 шт. (СПП-602) SW-00000669
SW-00000669	ВінБудІмперіал	240759	99	1	99	0	unavailable	4648788	572705398	https://build.rozetka.com.ua/ua/572705398/p572705398/	Декоративна ПВХ плитка на самоклейці 300х300х5мм Квадрат, ціна за 1 шт. (СПП-602) SW-00000669
SW-00000669	Bass Culture	269902	81	1	81	0	unavailable	4629548	589909351	https://build.rozetka.com.ua/ua/589909351/p589909351/	Декоративна ПВХ плитка на самоклейці 300х300х5мм Квадрат, ціна за 1 шт. (СПП-602) SW-00000669
SW-00000669	ViDen	265006	91	1	91	0	unavailable	4629548	605311990	https://build.rozetka.com.ua/ua/605311990/p605311990/	Декоративна ПВХ плитка на самоклейці 300х300х5мм Квадрат, ціна за 1 шт. (СПП-602) SW-00000669
SW-00000669	MimiPlay	238949	81	1	81	0	unavailable	4641184	606305920	https://build.rozetka.com.ua/ua/606305920/p606305920/	Декоративна ПВХ плитка на самоклейці 300х300х5мм Квадрат, ціна за 1 шт. (СПП-602) SW-00000669
SW-00000669	СКАЙТУЛЗ	153858	92	1	92	0	unavailable	4629548	485876299	https://build.rozetka.com.ua/ua/485876299/p485876299/	Декоративна ПВХ плитка на самоклейці квадрат 300х300х5мм, ціна за 1 шт. (СПП-602) SW-00000669
SW-00000669	LFcolor	213998	80	1	80	0	unavailable	4629548	485898679	https://build.rozetka.com.ua/ua/485898679/p485898679/	Декоративна ПВХ плитка на самоклейці 300х300х5мм Квадрат, ціна за 1 шт. (СПП-602) SW-00000669
SW-00000669	Kind Host	272923	80	1	80	0	unavailable	4629548	591063883	https://build.rozetka.com.ua/ua/591063883/p591063883/	Декоративна ПВХ плитка на самоклейці 300х300х5мм Квадрат, ціна за 1 шт. (СПП-602) SW-00000669
SW-00000669	eDarunok	189795	99	1	99	0	unavailable	4629548	497030594	https://build.rozetka.com.ua/ua/497030594/p497030594/	Декоративна ПВХ плитка на самоклейці квадрат 300х300х5мм, ціна за 1 шт. (СПП-602) SW-00000669
SW-00000669	BINGO	53688	139	1	139	0	unavailable	4641184	500793764	https://build.rozetka.com.ua/ua/500793764/p500793764/	Декоративна ПВХ плитка на самоклейці квадрат 300х300х5мм, ціна за 1 шт. (СПП-602) SW-00000669
SW-00000669	Plumbing Assistant	211113	90	1	90	0	unavailable	4629548	504627634	https://build.rozetka.com.ua/ua/504627634/p504627634/	Декоративна ПВХ плитка на самоклейці квадрат 300х300х4мм, ціна за 1 шт. (СПП-602) SW-00000669
SW-00000669	Fono Market	79493	100	1	100	0	unavailable	4641184	510188969	https://build.rozetka.com.ua/ua/510188969/p510188969/	Декоративна ПВХ плитка на самоклейці квадрат 300х300х5мм, ціна за 1 шт. (СПП-602) SW-00000669
SW-00000669	GZoo	139880	92	1	92	0	unavailable	4629548	513581909	https://build.rozetka.com.ua/ua/513581909/p513581909/	Декоративна плитка ПВХ на самоклейці квадрат 300х300х5мм, ціна за 1 шт. (СПП-602) SW-00000669
SW-00000669	UnimartShop	269563	90	1	90	0	unavailable	4629548	593258134	https://build.rozetka.com.ua/ua/593258134/p593258134/	Декоративна ПВХ плитка на самоклейці 300х300х5мм Квадрат, ціна за 1 шт. (СПП-602) SW-00000669
SW-00000669	Amsterdam	157857	126	1	126	0	unavailable	4629548	360489732	https://build.rozetka.com.ua/ua/360489732/p360489732/	Декоративна плитка ПВХ на самоклейці квадрат 300х300х5мм, ціна за 1 шт. (СПП-602)
SW-00000669	Allacro	164115	90	1	90	0	unavailable	4629548	370824591	https://build.rozetka.com.ua/ua/370824591/p370824591/	Декоративна плитка ПВХ на самоклейці квадрат 300х300х5мм, ціна за 1 шт. (СПП-602)
SW-00000669	SkyOne	45932	90	1	90	0	unavailable	4629548	359079528	https://build.rozetka.com.ua/ua/359079528/p359079528/	Декоративна плитка ПВХ на самоклейці Камінь 300*300*4мм СПП-602 1шт
SW-00002329	PRIMAVERA_pro	245169	112	1	112	0	available	4648788	593440237	https://build.rozetka.com.ua/ua/593440237/p593440237/	Самоклеюча стінова PET плитка 600х300х2мм SW-00002329
SW-00002329	Online Shop	12416	94	1	94	79	available	4629548	539828399	https://build.rozetka.com.ua/ua/plitka-dlya-gilih-pomeshcheniy-sticker-wall-149337838/p539828399/	Самоклеюча стінова PET плитка 600*300*2mm (D) SW-00002329
SW-00002329	Юзон	169785	111	1	111	0	available	4648788	545845389	https://build.rozetka.com.ua/ua/samokleyashchiesya-plenki-sticker-wall-150666425/p545845389/	Самоклеюча стінова плитка STICKER WALL 600*300*2мм PET (D) SW-00002329
SW-00002329	Днепрлюкс	146605	52	1	52	0	unavailable	4659004	542923875	https://build.rozetka.com.ua/ua/plitka-dlya-gilih-pomeshcheniy-sticker-wall-147355070/p542923875/	Самоклеюча стінова PET плитка 600*300*2mm (D) SW-00002329
SW-00002329	Shywon	237919	91	1	91	0	unavailable	4629548	544804160	https://build.rozetka.com.ua/ua/3d-paneli-sticker-wall-150159087/p544804160/	Самоклеюча стінова PET плитка 600х300х2мм SW-00002329
SW-00002329	TechnoPrime	33201	72	1	72	0	unavailable	4657848	556523742	https://build.rozetka.com.ua/ua/vinilovie-oboi-sticker-wall-154713508/p556523742/	Самоклеюча стінова PET плитка 600х300х2мм SW-00002329
SW-00002329	LoftWall	210021	79	1	79	0	unavailable	4629548	460209944	https://build.rozetka.com.ua/ua/460209944/p460209944/	Самоклеюча стінова PET плитка 600*300*2mm (D) SW-00002329
SW-00002329	3D Loft	69844	52	1	52	0	unavailable	4641184	460729974	https://build.rozetka.com.ua/ua/460729974/p460729974/	Самоклеюча стінова PET плитка 600*300*2mm (D) SW-000002329
SW-00002329	In2time	227604	87	1	87	0	unavailable	4629548	550115640	https://build.rozetka.com.ua/ua/3d-paneli-sticker-wall-152319080/p550115640/	Самоклеюча стінова PET плитка 600х300х2мм SW-00002329
SW-00002329	RCMN	136578	110	1	110	0	unavailable	4629548	562209057	https://build.rozetka.com.ua/ua/kovrolin-bez-brenda-157065159/p562209057/	Самоклеюча стінова PET плитка 600х300х2мм SW-00002329
SW-00002329	Happy Valise	44840	91	1	91	0	unavailable	4629548	463124599	https://build.rozetka.com.ua/ua/463124599/p463124599/	Самоклеюча стінова PET плитка 600*300*2mm (D) SW-000002329
SW-00002329	SHEF LIFE	124373	99	1	99	0	unavailable	4629548	557127486	https://build.rozetka.com.ua/ua/3d-paneli-sticker-wall-155007060/p557127486/	Самоклеюча стінова PET плитка 600х300х2мм SW-00002329
SW-00002329	STICO_PANEL	263347	65	1	65	0	unavailable	4629548	569764912	https://build.rozetka.com.ua/ua/569764912/p569764912/	Самоклеюча стінова PET плитка 600х300х2мм SW-00002329
SW-00002329	Bondiar	255267	79	1	79	0	unavailable	4629548	570872002	https://build.rozetka.com.ua/ua/570872002/p570872002/	Самоклеюча стінова PET плитка 600х300х2мм SW-00002329
SW-00002329	Torg Landiya	92929	87	1	87	0	unavailable	4629548	467164354	https://build.rozetka.com.ua/ua/467164354/p467164354/	Самоклеюча стінова плитка PET 600*300*2mm (D) SW-00002329
SW-00002329	Crystal sky	250060	83	1	83	0	unavailable	4629548	564020865	https://build.rozetka.com.ua/ua/3d-paneli-sticker-wall-157560153/p564020865/	Самоклеюча стінова PET плитка 600х300х2мм SW-00002329
SW-00002329	ItailOil	33267	94	1	94	0	unavailable	4648788	569612350	https://build.rozetka.com.ua/ua/569612350/p569612350/	Самоклеюча стінова PET плитка Sticker Wall SW-00002329 600х300х2 мм
SW-00002329	Ентемпс	211401	79	1	79	0	unavailable	4641184	573036991	https://build.rozetka.com.ua/ua/573036991/p573036991/	Самоклеюча стінова PET плитка 600х300х2мм SW-00002329
SW-00002329	PROStikerUa	217718	79	1	79	0	unavailable	4629548	477278964	https://build.rozetka.com.ua/ua/477278964/p477278964/	Самоклеюча стінова PET плитка Sticker Wall 600*300*2mm (D) SW-00002329
SW-00002329	K-Warehouse	217766	52	1	52	0	unavailable	4629548	476815519	https://build.rozetka.com.ua/ua/476815519/p476815519/	Самоклеюча стінова PET плитка 600*300*2mm (D) SW-00002329
SW-00002329	ViDen	265006	68	1	68	0	unavailable	4658998	605312272	https://build.rozetka.com.ua/ua/605312272/p605312272/	Самоклеюча стінова PET плитка 600х300х2мм SW-00002329
SW-00002329	NIVENTO	271966	98	1	98	176	unavailable	4629548	601664737	https://build.rozetka.com.ua/ua/601664737/p601664737/	Самоклеюча стінова PET плитка 600х300х2мм SW-00002329
SW-00002329	THERMOTRADE	104545	87	1	87	0	unavailable	4641184	579796528	https://build.rozetka.com.ua/ua/579796528/p579796528/	Самоклеюча стінова PET плитка 600х300х2мм SW-00002329
SW-00002329	AVO-LAVKA	114191	70	1	70	78	unavailable	4648788	596631976	https://build.rozetka.com.ua/ua/596631976/p596631976/	Самоклеюча стінова PET плитка 600х300х2мм SW-00002329
SW-00002329	Homent	255285	79	1	79	0	unavailable	4629548	578473033	https://build.rozetka.com.ua/ua/578473033/p578473033/	Самоклеюча стінова PET плитка Sticker Wall 600х300х2мм (SW-00002329)
SW-00002329	Plumbing Assistant	211113	119	1	119	0	unavailable	4629548	484919004	https://build.rozetka.com.ua/ua/484919004/p484919004/	Самоклеюча стінова PET плитка 600*300*2мм (D) SW-00002329
SW-00002329	СКАЙТУЛЗ	153858	79	1	79	0	unavailable	4629548	485878279	https://build.rozetka.com.ua/ua/485878279/p485878279/	Самоклеюча стінова PET плитка 600*300*2mm (D) SW-00002329
SW-00002329	PeRoHome	282119	115	1	115	0	unavailable	4641184	613016996	https://build.rozetka.com.ua/ua/613016996/p613016996/	Самоклеюча стінова PET плитка 600х300х2мм SW-00002329
SW-00002329	Знак якості	138753	72	1	72	0	unavailable	4629548	609764915	https://build.rozetka.com.ua/ua/609764915/p609764915/	Самоклеюча стінова PET плитка 600х300х2мм SW-00002329
SW-00002329	eDarunok	189795	94	1	94	0	unavailable	4629548	497033229	https://build.rozetka.com.ua/ua/497033229/p497033229/	Самоклеюча стінова PET плитка 600*300*2mm (D) SW-00002329
SW-00002329	GZoo	139880	75	1	75	0	unavailable	4629548	508384604	https://build.rozetka.com.ua/ua/508384604/p508384604/	Самоклеюча стінова PET плитка 600*300*2mm (D) SW-00002329
SW-00002329	Fono Market	79493	111	1	111	0	unavailable	4641184	510189179	https://build.rozetka.com.ua/ua/510189179/p510189179/	Самоклеюча стінова PET плитка 600*300*2mm (D) SW-00002329
SW-00002329	MiroLends	137263	61	1	61	0	unavailable	4629548	515608844	https://build.rozetka.com.ua/ua/515608844/p515608844/	Самоклеюча стінова PET плитка 600*300*2mm (D) SW-00002329
SW-00002329	lookoboi	56952	75	1	75	0	unavailable	4641184	527408939	https://build.rozetka.com.ua/ua/527408939/p527408939/	Самоклеюча стінова ПЕТ плитка 600*300*2 мм стоун-принт рижий (D) SW-00002329
SW-00002329	ukriloom	226664	79	1	79	0	unavailable	4657848	538140504	https://build.rozetka.com.ua/ua/plitka-dlya-gilih-pomeshcheniy-sticker-wall-148806741/p538140504/	Самоклеюча стінова PET плитка 600х300х2мм SW-00002329
SW-00002329	ItailOil	33267	61	1	61	94	unavailable	4648788	574052314	https://build.rozetka.com.ua/ua/574052314/p574052314/	Самоклеюча стінова PET плитка Sticker Wall SW-00002329 600х300х2 мм
SW-00002329	Рельєф Простір	267658	79	1	79	0	unavailable	4648788	577341859	https://build.rozetka.com.ua/ua/577341859/p577341859/	Самоклеюча стінова PET плитка 600х300х2мм SW-00002329
SW-00002329	МАЙЯ	20508	55	1	55	0	unavailable	4659004	589668529	https://build.rozetka.com.ua/ua/589668529/p589668529/	Самоклеюча стінова PET плитка 600х300х2мм SW-00002329
SW-00002329	Bravion Store	276091	75	1	75	0	unavailable	4648788	597136909	https://build.rozetka.com.ua/ua/597136909/p597136909/	Самоклеюча стінова PET плитка 600х300х2мм SW-00002329
SW-00002329	FOUKS	20886	52	1	52	65	unavailable	4641184	468257674	https://build.rozetka.com.ua/ua/468257674/p468257674/	Панель пластикова стінова ПЕТ Піщаник Дикий камінь 300х600х2мм плитка самоклейка ПВХ покриття
SW-00002329	Wide Range	211532	60	1	60	0	unavailable	4659004	582204355	https://build.rozetka.com.ua/ua/582204355/p582204355/	Самоклеюча стінова PET плитка 600х300х2мм Глянсова Цегла
SW-00002329	3DDD	188802	79	1	79	96	unavailable	4629548	478781979	https://build.rozetka.com.ua/ua/478781979/p478781979/	Самоклеюча стінова PET плитка 600 x 300 x 2mm (D) SW-2329
SW-00002329	PARADISE	269545	57	1	57	83	unavailable	4648788	603751225	https://build.rozetka.com.ua/ua/603751225/p603751225/	Декоративна PET плитка для стін 600х300х2 мм миється гнучка з рельєфом 3D легкий монтаж без клею імітація натуральної текстури для оздоблення стін для спальні Цегла
SW-00002329	The world of ideas	166476	61	1	61	0	unavailable	4629548	493674944	https://build.rozetka.com.ua/ua/493674944/p493674944/	Самоклеюча стінова PET плитка 600 x 300 x 2mm (D) SW-2329
SW-00002329	Lavkamarka	227099	79	1	79	0	unavailable	4641184	494347474	https://build.rozetka.com.ua/ua/494347474/p494347474/	Самоклеюча стінова PET плитка Sticker Wall 600х300х2мм (2329)
SW-00002265	LoftWall	210021	369	1	369	0	available	4629548	430493060	https://build.rozetka.com.ua/ua/430493060/p430493060/	Панель стінова в рулоні 3D 700мм*3,08м*3мм зірки (D) SW-00002265
SW-00002265	PROStikerUa	217718	369	1	369	494	available	4629548	466266084	https://build.rozetka.com.ua/ua/466266084/p466266084/	Панель стінова в рулоні дизайнерська інтер’єрна 3D Sticker Wall 700мм х 3,08м х 3мм зірки (D) SW-00002265
SW-00002265	PARADISE	269545	406	1	406	593	available	4629548	594064267	https://build.rozetka.com.ua/ua/594064267/p594064267/	Самоклейна 3D панель ПВХ у рулоні для декоративного оздоблення стін 3080х700х3мм Білий для вітальні кухні передпокою фонова стінова обробка лофт довгий рулон без частих стиків
SW-00002265	Wide Range	211532	424	1	424	0	available	4629548	601551991	https://build.rozetka.com.ua/ua/601551991/p601551991/	Панель стінова в рулоні 3D 700мм*3,08м*3мм зірки
SW-00002265	LFcolor	213998	369	1	369	0	available	4629548	600352954	https://build.rozetka.com.ua/ua/600352954/p600352954/	Панель стінова в рулоні 3D 700мм*3,08м*3мм зірки (D) SW-00002265
SW-00002265	MC LitWin	265009	418	1	418	0	available	4629548	597335251	https://build.rozetka.com.ua/ua/597335251/p597335251/	3D панель стінова самоклеюча у рулоні Sticker Wall SW-00002265 700х3080х3 мм
SW-00002265	PRIMAVERA_pro	245169	653	1	653	0	available	4629548	593441815	https://build.rozetka.com.ua/ua/593441815/p593441815/	Панель стінова в рулоні 3D 700мм*3,08м*3мм зірки (D) SW-00002265
SW-00002265	Bigsylio	266140	369	1	369	0	available	4629548	604053628	https://build.rozetka.com.ua/ua/604053628/p604053628/	Самоклеюча 3D панель в рулоні зірки 3080х700х3мм для внутрішньої обробки стін декоративне покриття
SW-00002265	D`n`D Group	17032	369	1	369	0	available	4629548	438527570	https://build.rozetka.com.ua/ua/438527570/p438527570/	Панель стінова в рулоні 3D 700мм*3,08м*3мм зірки (D) SW-00002265 (SW-00002265)
SW-00002265	PFmarket	211413	369	1	369	0	available	4629548	432876119	https://build.rozetka.com.ua/ua/432876119/p432876119/	Панель стінова в рулоні 3D 700мм*3,08м*3мм зірки (D) SW-00002265
SW-00002265	SHEF LIFE	124373	461	1	461	498	available	4629548	443020622	https://build.rozetka.com.ua/ua/443020622/p443020622/	Панель стінова в рулоні 3D 700мм*3,08м*3мм зірки (D) SW-00002265
SW-00002265	RSI	48100	369	1	369	0	available	4629548	440480435	https://build.rozetka.com.ua/ua/440480435/p440480435/	Панель стінова в рулоні 3D 700мм*3,08м*3мм зірки (D) SW-00002265
SW-00002265	3D Loft	69844	369	1	369	0	available	4629548	442572926	https://build.rozetka.com.ua/ua/442572926/p442572926/	Панель стінова в рулоні 3D 700мм*3,08м*3мм зірки (D) SW-00002265
SW-00002265	3dshoping	214967	432	1	432	0	available	4629548	454857487	https://build.rozetka.com.ua/ua/454857487/p454857487/	Панель стінова в рулоні 3D 700мм*3,08м*3мм зірки (D) SW-00002265
SW-00002265	Таємничий Вибір	205656	396	1	396	0	available	4629548	446768786	https://build.rozetka.com.ua/ua/446768786/p446768786/	Панель стінова в рулоні 3D 700мм*3,08м*3мм зірки (D) SW-00002265
SW-00002265	Shywon	237919	435	1	435	0	available	4629548	544804085	https://build.rozetka.com.ua/ua/3d-paneli-sticker-wall-150159455/p544804085/	Панель стінова в рулоні 3D 700мм*3,08м*3мм зірки (D) SW-00002265
SW-00002265	K-Warehouse	217766	400	1	400	0	available	4629548	453037481	https://build.rozetka.com.ua/ua/453037481/p453037481/	Панель стінова в рулоні 3D Sticker Wall 700мм*3,08м*3мм зірки (D) SW-00002265
SW-00002265	RMService	15008	549	1	549	699	available	4629548	577347625	https://build.rozetka.com.ua/ua/577347625/p577347625/	Панель стінова в рулоні 3D 700 мм * 3,08 м * 3 мм зірки (D) SW-00002265(Sticker Wall)
SW-00002265	Bravion Store	276091	369	1	369	0	available	4629548	597137032	https://build.rozetka.com.ua/ua/597137032/p597137032/	Панель стінова в рулоні 3D 700мм*3,08м*3мм зірки (D) SW-00002265
SW-00002265	Секрети шопінгу	268996	448	1	448	0	available	4629548	580811551	https://build.rozetka.com.ua/ua/580811551/p580811551/	Панель стінова в рулоні 3D 700мм*3,08м*3мм зірки (D) SW-00002265
SW-00002265	3DDD	188802	351	1	351	470	available	4629548	475908179	https://build.rozetka.com.ua/ua/475908179/p475908179/	Панель стінова в рулоні 3D 700мм x 3,08м x 3мм зірки (D) SW-2265
SW-00002265	TechnoPrime	33201	406	1	406	0	available	4629548	603173602	https://build.rozetka.com.ua/ua/603173602/p603173602/	Панель стінова в рулоні 3D 700мм*3,08м*3мм зірки (D) SW-00002265
SW-00002265	МАЙЯ	20508	421	1	421	0	available	4629548	592994110	https://build.rozetka.com.ua/ua/592994110/p592994110/	Панель стінова в рулоні 3D 700мм*3,08м*3мм зірки (D) SW-00002265
SW-00002265	Torg Landiya	92929	386	1	386	406	available	4629548	573878353	https://build.rozetka.com.ua/ua/573878353/p573878353/	Панель стінова в рулоні 3D 700мм*3,08м*3мм зірки (D) SW-00002265
SW-00002265	ukriloom	226664	380	1	380	0	available	4629548	594298111	https://build.rozetka.com.ua/ua/594298111/p594298111/	Панель стінова в рулоні 3D 700мм*3,08м*3мм зірки (D) SW-00002265
SW-00002265	AVO-LAVKA	114191	498	1	498	554	available	4629548	596630971	https://build.rozetka.com.ua/ua/596630971/p596630971/	Панель стінова в рулоні 3D 700мм*3,08м*3мм зірки (D) SW-00002265
SW-00002265	PeRoHome	282119	499	1	499	0	available	4629548	613016027	https://build.rozetka.com.ua/ua/613016027/p613016027/	Панель стінова в рулоні 3D 700мм*3,08м*3мм зірки (D) SW-00002265
SW-00002265	Happy Valise	44840	424	1	424	0	available	4629548	601864645	https://build.rozetka.com.ua/ua/601864645/p601864645/	Панель стінова в рулоні 3D 700ммх3,08мх3мм Зірки (D) SW-00002265
SW-00002265	Happy deco light	4397	413	1	413	504	available	4629548	600412951	https://build.rozetka.com.ua/ua/600412951/p600412951/	Панель стінова в рулоні 3D 700 мм*3,08м*3 мм зірки (D) SW-00002265
SW-00002265	Декостра	278257	369	1	369	0	available	4629548	602309065	https://build.rozetka.com.ua/ua/602309065/p602309065/	Панель стінова в рулоні 3D 700мм*3,08м*3мм зірки (D) SW-00002265
SW-00002265	Потрібне	274903	469	1	469	0	available	4629548	594898318	https://build.rozetka.com.ua/ua/594898318/p594898318/	Самоклеюча панель 3D Sticker Wall стінова в рулоні 700мм*3,08м*3мм зірки (D) SW-00002265
SW-00002265	Davelia Shop	283358	461	1	461	0	available	4629548	616823726	https://build.rozetka.com.ua/ua/616823726/p616823726/	Панель стінова в рулоні 3D 700мм*3,08м*3мм зірки (D) SW-00002265
SW-00002265	NIVENTO	271966	554	1	554	997	available	4629548	601664818	https://build.rozetka.com.ua/ua/601664818/p601664818/	Панель стінова в рулоні 3D 700мм*3,08м*3мм зірки (D) SW-00002265
SW-00002265	The world of ideas	166476	464	1	464	0	available	4629548	491986394	https://build.rozetka.com.ua/ua/491986394/p491986394/	Панель стінова в рулоні 3D 700мм x 3,08м x 3мм зірки (D) SW-2265
SW-00002265	Знак якості	138753	447	1	447	0	available	4629548	618563351	https://build.rozetka.com.ua/ua/618563351/p618563351/	Панель стінова в рулоні 3D 700мм*3,08м*3мм зірки (D) SW-00002265
SW-00002265	SalePanel	208605	374	1	374	550	unavailable	4629548	439742675	https://build.rozetka.com.ua/ua/439742675/p439742675/	Панель стінова в рулоні 3D 700мм*3,08м*3мм зірки (D) SW-00002265
SW-00002265	DKLS	209688	1423	1	1423	0	unavailable	4629548	441684269	https://build.rozetka.com.ua/ua/441684269/p441684269/	Панель стінова в рулоні 3D 700мм*3,08м*3мм зірки (D) SW-00002265
SW-00002265	Михалич	102883	396	1	396	0	unavailable	4629548	447702365	https://build.rozetka.com.ua/ua/447702365/p447702365/	Панель стінова в рулоні 3D 700мм*3,08м*3мм зірки (D) SW-00002265
SW-00002265	TOWER	83595	551	1	551	0	unavailable	4629548	449067899	https://build.rozetka.com.ua/ua/449067899/p449067899/	Панель стінова в рулоні 3D 700мм*3,08м*3мм зірки (D) SW-00002265
SW-00002265	Happy Valise	44840	424	1	424	0	unavailable	4629548	431276588	https://build.rozetka.com.ua/ua/431276588/p431276588/	Панель стінова в рулоні 3D 700мм*3,08м*3мм зірки (D) SW-00002265
SW-00002265	GRAND LIFE	39993	495	1	495	0	unavailable	4629548	443142953	https://build.rozetka.com.ua/ua/443142953/p443142953/	Панель стінова в рулоні 3D 700мм*3,08м*3мм зірки (D) SW-00002265 4817437
SW-00002265	Lite	181560	285	1	285	0	unavailable	4629548	451455188	https://build.rozetka.com.ua/ua/451455188/p451455188/	Самоклеюча 3D панель у рулоні зірки 3080x700x3мм
SW-00002265	HomeproUA	234939	471	1	471	0	unavailable	4629548	557147421	https://build.rozetka.com.ua/ua/3d-paneli-sticker-wall-154963733/p557147421/	Панель стінова в рулоні 3D 700мм*3,08м*3мм зірки (D) SW-00002265
SW-00002265	ukriloom	226664	396	1	396	0	unavailable	4629548	559056021	https://build.rozetka.com.ua/ua/3d-paneli-sticker-wall-155489975/p559056021/	Панель стінова в рулоні 3D 700мм*3,08м*3мм зірки (D) SW-00002265
SW-00002265	ВінБудІмперіал	240759	436	1	436	0	unavailable	4629548	572847967	https://build.rozetka.com.ua/ua/572847967/p572847967/	Панель стінова в рулоні 3D 700мм*3,08м*3мм зірки (D) SW-00002265
SW-00002265	STICO_PANEL	263347	369	1	369	0	unavailable	4629548	569763430	https://build.rozetka.com.ua/ua/569763430/p569763430/	Панель стінова в рулоні 3D 700мм*3,08м*3мм зірки (D) SW-00002265
SW-00002265	THERMOTRADE	104545	406	1	406	0	unavailable	4629548	578450347	https://build.rozetka.com.ua/ua/578450347/p578450347/	Панель стінова в рулоні 3D 700мм*3,08м*3мм зірки (D) SW-00002265, Білий
SW-00002265	Ентемпс	211401	396	1	396	0	unavailable	4629548	573036616	https://build.rozetka.com.ua/ua/573036616/p573036616/	Панель стінова в рулоні 3D 700мм*3,08м*3мм зірки (D) SW-00002265
SW-00002265	Crystal sky	250060	448	1	448	0	unavailable	4629548	564020808	https://build.rozetka.com.ua/ua/3d-paneli-sticker-wall-157557907/p564020808/	Панель стінова в рулоні 3D 700мм*3,08м*3мм зірки (D) SW-00002265
SW-00002265	ВінБудІмперіал	240759	458	1	458	0	unavailable	4629548	583069846	https://build.rozetka.com.ua/ua/583069846/p583069846/	Панель стінова в рулоні 3D 700мм*3,08м*3мм зірки (D) SW-00002265
SW-00002265	UnimartShop	269563	369	1	369	0	unavailable	4629548	593258296	https://build.rozetka.com.ua/ua/593258296/p593258296/	Панель стінова в рулоні 3D 700мм*3,08м*3мм зірки (D) SW-00002265
SW-00002265	Рельєф Простір	267658	396	1	396	0	unavailable	4629548	577343998	https://build.rozetka.com.ua/ua/577343998/p577343998/	Панель стінова в рулоні 3D 700мм*3,08м*3мм зірки (D) SW-00002265
SW-00002265	Bass Culture	269902	369	1	369	0	unavailable	4629548	589909555	https://build.rozetka.com.ua/ua/589909555/p589909555/	Панель стінова в рулоні 3D 700мм*3,08м*3мм зірки (D) SW-00002265
SW-00002265	СКАЙТУЛЗ	153858	455	1	455	0	unavailable	4629548	485876404	https://build.rozetka.com.ua/ua/485876404/p485876404/	Панель стінова в рулоні 3D 700мм*3,08м*3мм зірки (D) SW-00002265
SW-00002265	OnlyGuns	203439	421	1	421	0	unavailable	4629548	603745501	https://build.rozetka.com.ua/ua/603745501/p603745501/	Панель стінова в рулоні 3D 700мм*3,08м*3мм зірки (D) SW-00002265
SW-00002265	LFcolor	213998	369	1	369	0	unavailable	4629548	485898259	https://build.rozetka.com.ua/ua/485898259/p485898259/	Панель стінова в рулоні 3D 700мм*3,08м*3мм зірки (D) SW-00002265
SW-00002265	MimiPlay	238949	369	1	369	0	unavailable	4629548	606306103	https://build.rozetka.com.ua/ua/606306103/p606306103/	Панель стінова в рулоні 3D 700мм*3,08м*3мм зірки (D) SW-00002265
SW-00002265	Plumbing Assistant	211113	559	1	559	0	unavailable	4629548	495941654	https://build.rozetka.com.ua/ua/495941654/p495941654/	Панель стінова в рулоні 3D 700мм*3,08м*3мм зірки (D) SW-00002265
SW-00002265	GZoo	139880	424	1	424	0	unavailable	4629548	508384164	https://build.rozetka.com.ua/ua/508384164/p508384164/	Панель стінова в рулоні 3D 700мм*3,08м*3мм зірки (D) SW-00002265
SW-00002265	In2time	227604	406	1	406	0	unavailable	4629548	550115019	https://build.rozetka.com.ua/ua/3d-paneli-sticker-wall-152318677/p550115019/	Панель стінова в рулоні 3D 700мм*3,08м*3мм зірки (D) SW-00002265
SW-00002265	ukriloom	226664	396	1	396	0	unavailable	4629548	551276019	https://build.rozetka.com.ua/ua/3d-paneli-sticker-wall-149874157/p551276019/	Панель стінова в рулоні 3D 700мм*3,08м*3мм зірки (D) SW-00002265
SW-00002265	Homent	255285	369	1	369	0	unavailable	4629548	578473264	https://build.rozetka.com.ua/ua/578473264/p578473264/	Панель стінова біля рулону 3D Sticker Wall 700мм*3,08м*3мм зірки D (SW-00002265)
SW-00002265	ViDen	265006	421	1	421	0	unavailable	4629548	605311204	https://build.rozetka.com.ua/ua/605311204/p605311204/	Панель стінова в рулоні 3D 700мм*3,08м*3мм зірки (D) SW-00002265
SW-00000580	Швидко&Зручно	227904	120	1	120	0	available	4629548	544964910	https://build.rozetka.com.ua/ua/3d-paneli-sticker-wall-150646677/p544964910/	Декоративна ПВХ панель 960х480х4мм SW-00000580
SW-00000580	Torg Landiya	92929	125	1	125	132	available	4629548	573877753	https://build.rozetka.com.ua/ua/573877753/p573877753/	Декоративна панель ПВХ 960*480*4мм SW-00000580
SW-00000580	LFcolor	213998	120	1	120	0	available	4629548	600355108	https://build.rozetka.com.ua/ua/600355108/p600355108/	Декоративна ПВХ панель 960х480х4мм SW-00000580
SW-00000580	MC LitWin	265009	132	1	132	0	available	4629548	597333748	https://build.rozetka.com.ua/ua/597333748/p597333748/	ПВХ панель декоративна Sticker Wall SW-00000580 960х480х4 мм
SW-00000580	Online Shop	12416	120	1	120	120	available	4641184	420247725	https://build.rozetka.com.ua/ua/420247725/p420247725/	Декоративна панель ПВХ 960*480*4мм SW-00000580
SW-00000580	PFmarket	211413	120	1	120	0	available	4641184	432876170	https://build.rozetka.com.ua/ua/432876170/p432876170/	Декоративна ПВХ панель 960*480*4мм SW-00000580
SW-00000580	D`n`D Group	17032	120	1	120	0	available	4641184	430133657	https://build.rozetka.com.ua/ua/430133657/p430133657/	Декоративна ПВХ панель 960х480х4мм SW-00000580 (SW-00000580)
SW-00000580	RSI	48100	120	1	120	0	available	4641184	440480699	https://build.rozetka.com.ua/ua/440480699/p440480699/	Декоративна ПВХ панель 960х480х4мм SW-00000580
SW-00000580	Днепрлюкс	146605	120	1	120	0	available	4641184	462770419	https://build.rozetka.com.ua/ua/462770419/p462770419/	Декоративна панель ПВХ 960*480*4мм SW-00000580
SW-00000580	PROStikerUa	217718	120	1	120	161	available	4641184	466518549	https://build.rozetka.com.ua/ua/466518549/p466518549/	Декоративна ПВХ панель Sticker Wall 960*480*4мм SW-00000580
SW-00000580	RMService	15008	220	1	220	249	available	4629548	580056763	https://build.rozetka.com.ua/ua/580056763/p580056763/	Декоративна панель ПВХ 960 х 480 х 4 мм SW-00000580(Sticker Wall)
SW-00000580	Секрети шопінгу	268996	101	1	101	0	available	4629548	580812283	https://build.rozetka.com.ua/ua/580812283/p580812283/	Декоративна панель ПВХ 960х480х4мм SW-00000580
SW-00000580	AVO-LAVKA	114191	162	1	162	180	available	4641184	598794331	https://build.rozetka.com.ua/ua/598794331/p598794331/	Декоративна панель ПВХ 960х480х4мм SW-00000580
SW-00000580	Потрібне	274903	170	1	170	0	available	4629548	595274629	https://build.rozetka.com.ua/ua/595274629/p595274629/	Декоративна ПВХ панель Sticker Wall на стіну, для ванної, кухні та інших приміщень 960х480х4мм SW-00000580
SW-00000580	NIVENTO	271966	180	1	180	324	available	4641184	601663204	https://build.rozetka.com.ua/ua/601663204/p601663204/	Декоративна ПВХ панель 960х480х4мм SW-00000580
SW-00000580	SUN HEAT	17072	143	1	143	0	available	4641184	590636200	https://build.rozetka.com.ua/ua/590636200/p590636200/	ПВХ панель декоративна преміум 960x480x4 мм для стін вологостійка гнучка тактильна кухня ванна
SW-00000580	DomLoft	139608	109	1	109	150	available	4641184	428289017	https://build.rozetka.com.ua/ua/428289017/p428289017/	Декоративна ПВХ панель (1060)
SW-00000580	FOUKS	20886	120	1	120	0	available	4641184	432098711	https://build.rozetka.com.ua/ua/432098711/p432098711/	Стінові панелі для ванної ПВХ 3Д Плетенка Квадрати 960*480мм для стін кухні декор Коричневий
SW-00000580	Lavkamarka	227099	120	1	120	0	available	4641184	502372059	https://build.rozetka.com.ua/ua/502372059/p502372059/	Декоративна ПВХ панель Sticker Wall 960х480х4 мм (0580)
SW-00000580	Bigsylio	266140	120	1	120	0	available	4629548	614740379	https://build.rozetka.com.ua/ua/614740379/p614740379/	Декоративна ПВХ панель 960х480х4мм для внутрішньої обробки стін гіпоалергенна стінова панель для дизайну інтер'єру
SW-00000580	DecoGrip	204264	120	1	120	160	unavailable	4641184	405573987	https://build.rozetka.com.ua/ua/405573987/p405573987/	Декоративна ПВХ панель Sticker Wall SW-00000580
SW-00000580	3DDD	188802	121	1	121	0	unavailable	4629548	388443423	https://build.rozetka.com.ua/ua/388443423/p388443423/	Декоративна панель ПВХ Sticker Wall 1060 SW-00000580
SW-00000580	SpotikachUA	196146	138	1	138	0	unavailable	4641184	449279816	https://build.rozetka.com.ua/ua/449279816/p449279816/	Декоративна ПВХ панель 960*480*4мм SW-00000580
SW-00000580	GRAND LIFE	39993	150	1	150	0	unavailable	4641184	441171983	https://build.rozetka.com.ua/ua/441171983/p441171983/	Декоративна ПВХ панель 960*480*4мм SW-00000580 4415956
SW-00000580	HomeproUA	234939	152	1	152	0	unavailable	4641184	557147211	https://build.rozetka.com.ua/ua/3d-paneli-sticker-wall-154962545/p557147211/	Декоративна ПВХ панель 960х480х4мм SW-00000580
SW-00000580	Homent	255285	108	1	108	0	unavailable	4629548	578473306	https://build.rozetka.com.ua/ua/578473306/p578473306/	Декоративна ПВХ панель Sticker Wall 960х480х4мм (SW-00000580)
SW-00000580	Bass Culture	269902	108	1	108	0	unavailable	4629548	589909477	https://build.rozetka.com.ua/ua/589909477/p589909477/	Декоративна ПВХ панель 960х480х4мм SW-00000580
SW-00000580	People's composition of the manufacturer	250050	120	1	120	0	unavailable	4641184	565257143	https://build.rozetka.com.ua/ua/565257143/p565257143/	Декоративна ПВХ панель Sticker Wall 960*480*4мм SW-00000580
SW-00000580	MimiPlay	238949	120	1	120	0	unavailable	4641184	606306361	https://build.rozetka.com.ua/ua/606306361/p606306361/	Декоративна ПВХ панель 960х480х4мм SW-00000580
SW-00000580	Fono Market	79493	168	1	168	0	unavailable	4641184	510189409	https://build.rozetka.com.ua/ua/510189409/p510189409/	Декоративна ПВХ панель 960*480*4мм SW-00000580
SW-00000580	ukriloom	226664	120	1	120	0	unavailable	4641184	538141744	https://build.rozetka.com.ua/ua/pvh-plitka-sticker-wall-148806889/p538141744/	Декоративна ПВХ панель 960х480х4мм SW-00000580
SW-00000580	In2time	227604	132	1	132	0	unavailable	4629548	550117149	https://build.rozetka.com.ua/ua/3d-paneli-sticker-wall-152318958/p550117149/	Декоративна ПВХ панель 960х480х4мм SW-00000580
SW-00000580	STICO_PANEL	263347	120	1	120	0	unavailable	4641184	572924449	https://build.rozetka.com.ua/ua/572924449/p572924449/	Декоративна ПВХ панель 960х480х4мм SW-00000580
SW-00000580	FlamesShop	162732	90	1	90	120	unavailable	4641184	367046490	https://build.rozetka.com.ua/ua/367046490/p367046490/	Декоративна ПВХ панель 960ммх480мм швидкий ремонт
SW-00000580	Allacro	164115	110	1	110	0	unavailable	4629548	370824543	https://build.rozetka.com.ua/ua/370824543/p370824543/	Декоративна панель ПВХ (1060)
SW-00000580	Портьєрний гном	30826	120	1	120	0	unavailable	4629548	423530535	https://build.rozetka.com.ua/ua/423530535/p423530535/	Декоративна ПВХ панель 960*480*4мм СW-00000580
SW-00001186	3DDD	188802	72	1	72	87	available	4629548	409129215	https://build.rozetka.com.ua/ua/409129215/p409129215/	Самоклеюча поліуретанова плитка Sticker Wall чорна цегла 305х305х1мм (D) SW-00001186
SW-00001186	MC LitWin	265009	86	1	86	0	available	4629548	597334291	https://build.rozetka.com.ua/ua/597334291/p597334291/	Декоративна панель Sticker Wall SW-00001186 305х305х1 мм цегла чорна
SW-00001186	Online Shop	12416	165	1	165	165	available	4659004	420158184	https://build.rozetka.com.ua/ua/420158184/p420158184/	Самоклеюча поліуретанова плитка чорна цегла 305х305х1мм (D) SW-00001186
SW-00001186	RMService	15008	189	1	189	410	available	4629548	580056793	https://build.rozetka.com.ua/ua/580056793/p580056793/	Самоклеюча поліуретанова плитка, чорний кирпич 305 х 305 х 1 мм (D) SW-00001186 (Sticker Wall)
SW-00001186	wow	49996	133	1	133	0	available	4659004	607098295	https://build.rozetka.com.ua/ua/607098295/p607098295/	Самоклеюча поліуретанова плитка чорна цегла 305х305х1мм (D) SW-00001186
SW-00001186	AVO-LAVKA	114191	120	1	120	134	available	4648788	598794229	https://build.rozetka.com.ua/ua/598794229/p598794229/	Самоклеюча поліуретанова плитка чорна цегла 305х305х1мм (D) SW-00001186
SW-00001186	Bigsylio	266140	89	1	89	0	available	4629548	614741219	https://build.rozetka.com.ua/ua/614741219/p614741219/	Самоклеюча поліуретанова плитка чорна цегла 305х305 мм для внутрішнього оздоблення стін декор плитка
SW-00001186	Wide Range	211532	102	1	102	0	available	4648788	572902510	https://build.rozetka.com.ua/ua/572902510/p572902510/	Самоклеюча поліуретанова плитка Sticker Wall 305х305х1мм чорна цегла
SW-00001186	Lavkamarka	227099	89	1	89	165	available	4641184	518129799	https://build.rozetka.com.ua/ua/518129799/p518129799/	Самоклеюча поліуретанова плитка Sticker Wall 305х305х1мм чорна цегла (1186)
SW-00001186	КO&AN	132388	170	1	170	0	unavailable	4641184	398605335	https://build.rozetka.com.ua/ua/398605335/p398605335/	Самоклеюча поліуретанова плитка чорна цегла 305х305х1мм (D) SW-00001186
SW-00001186	DKLS	209688	1465	1	1465	0	unavailable	4641184	441663524	https://build.rozetka.com.ua/ua/441663524/p441663524/	Самоклеюча поліуретанова плитка чорна цегла 305х305х1мм (D) SW-00001186
SW-00001186	GRAND LIFE	39993	166	1	166	0	unavailable	4641184	443150006	https://build.rozetka.com.ua/ua/443150006/p443150006/	Самоклеюча поліуретанова плитка чорна цегла 305х305х1мм (D) SW-00001186 4760577
SW-00001186	Plumbing Assistant	211113	180	1	180	0	unavailable	4659004	542702330	https://build.rozetka.com.ua/ua/plitka-dlya-gilih-pomeshcheniy-sticker-wall-149466263/p542702330/	Самоклеюча поліуретанова плитка чорна цегла 305х305х1мм (D) SW-00001186
SW-00001186	Михалич	102883	133	1	133	0	unavailable	4641184	416473953	https://build.rozetka.com.ua/ua/416473953/p416473953/	Самоклеюча поліуретанова плитка чорна цегла 305х305х1мм (D) SW-00001186
SW-00001186	PFmarket	211413	165	1	165	0	unavailable	4641184	432875513	https://build.rozetka.com.ua/ua/432875513/p432875513/	Самоклеюча поліуретанова плитка чорна цегла 305х305х1мм (D) SW-00001186
SW-00001186	lookoboi	56952	165	1	165	0	unavailable	4641184	557085126	https://build.rozetka.com.ua/ua/plitka-dlya-gilih-pomeshcheniy-sticker-wall-155034013/p557085126/	Самоклеюча поліуретанова плитка чорна цегла 305х305х1мм (D) SW-00001186
SW-00001186	HomeproUA	234939	166	1	166	0	unavailable	4641184	557148006	https://build.rozetka.com.ua/ua/3d-paneli-sticker-wall-154963430/p557148006/	Самоклеюча поліуретанова плитка чорна цегла 305х305х1мм (D) SW-00001186
SW-00001186	ВінБудІмперіал	240759	182	1	182	0	unavailable	4648788	572704966	https://build.rozetka.com.ua/ua/572704966/p572704966/	Самоклеюча поліуретанова плитка чорна цегла 305х305х1мм (D) SW-00001186
SW-00001186	STICO_PANEL	263347	110	1	110	0	unavailable	4641184	570231718	https://build.rozetka.com.ua/ua/570231718/p570231718/	Самоклеюча поліуретанова плитка чорна цегла 305х305х1мм (D) SW-00001186
SW-00001186	Bass Culture	269902	89	1	89	0	unavailable	4629548	589908970	https://build.rozetka.com.ua/ua/589908970/p589908970/	Самоклеюча поліуретанова плитка чорна цегла 305х305х1мм (D) SW-00001186
SW-00001186	Рельєф Простір	267658	125	1	125	165	unavailable	4648788	577343233	https://build.rozetka.com.ua/ua/577343233/p577343233/	Самоклеюча поліуретанова плитка чорна цегла 305х305х1мм (D) SW-00001186
SW-00001186	Kind Host	272923	110	1	110	0	unavailable	4641184	591066508	https://build.rozetka.com.ua/ua/591066508/p591066508/	Самоклеюча поліуретанова плитка чорна цегла 305х305х1мм (D) SW-00001186
SW-00001621	MC LitWin	265009	230	1	230	0	available	4629548	597334969	https://build.rozetka.com.ua/ua/597334969/p597334969/	ПВХ панель декоративна Sticker Wall SW-00001621 600х600х3 мм камінь
SW-00001621	PRIMAVERA_pro	245169	380	1	380	0	available	4629548	593440573	https://build.rozetka.com.ua/ua/593440573/p593440573/	Декоративна ПВХ плита 600х600х3мм Онікс (S) SW-00001621
SW-00001621	Секрети шопінгу	268996	224	1	224	0	available	4629548	580811395	https://build.rozetka.com.ua/ua/580811395/p580811395/	Декоративна плита ПВХ 600х600х3мм Онікс (S) SW-00001621
SW-00001621	3DDD	188802	192	1	192	232	available	4641184	409128711	https://build.rozetka.com.ua/ua/409128711/p409128711/	Декоративна плита ПВХ Sticker Wall онікс 600 х 600 х 3mm (S) SW-00001621
SW-00001621	Lavkamarka	227099	220	1	220	360	available	4641184	611439923	https://build.rozetka.com.ua/ua/611439923/p611439923/	Декоративна ПВХ плита Sticker Wall Онікс 600Х600Х3 мм SW-00001621
SW-00001621	AVO-LAVKA	114191	297	1	297	330	available	4629548	596632204	https://build.rozetka.com.ua/ua/596632204/p596632204/	Декоративна плита ПВХ 600х600х3мм Онікс (S) SW-00001621
SW-00001621	3D Loft	69844	220	1	220	0	available	4641184	427405406	https://build.rozetka.com.ua/ua/427405406/p427405406/	Декоративна ПВХ плита онікс 600*600*3mm (S) SW-00001621
SW-00001621	RSI	48100	220	1	220	0	available	4641184	440480579	https://build.rozetka.com.ua/ua/440480579/p440480579/	Декоративна ПВХ плита 600х600х3мм Онікс (S) SW-00001621
SW-00001621	SHEF LIFE	124373	275	1	275	297	available	4629548	440491367	https://build.rozetka.com.ua/ua/440491367/p440491367/	Декоративна ПВХ плита 600х600х3мм Онікс (S) SW-00001621
SW-00001621	Днепрлюкс	146605	220	1	220	0	available	4641184	454107542	https://build.rozetka.com.ua/ua/454107542/p454107542/	Декоративна плита ПВХ онікс 600*600*3mm (S) SW-00001621
SW-00001621	K-Warehouse	217766	221	1	221	0	available	4629548	453037109	https://build.rozetka.com.ua/ua/453037109/p453037109/	Декоративна ПВХ плита Sticker Wall онікс 600*600*3mm (S) SW-00001621
SW-00001621	D`n`D Group	17032	220	1	220	0	available	4641184	430135118	https://build.rozetka.com.ua/ua/430135118/p430135118/	Декоративна ПВХ плита 600х600х3мм Онікс (S) SW-00001621 (SW-00001621)
SW-00001621	Shywon	237919	240	1	240	0	available	4629548	544808025	https://build.rozetka.com.ua/ua/3d-paneli-sticker-wall-150158670/p544808025/	Декоративна ПВХ плита 600х600х3мм Онікс (S) SW-00001621
SW-00001621	Таємничий Вибір	205656	280	1	280	0	available	4641184	446768558	https://build.rozetka.com.ua/ua/446768558/p446768558/	Декоративна ПВХ плита онікс 600*600*3mm (S) SW-00001621
SW-00001621	TechnoPrime	33201	242	1	242	0	available	4629548	571305922	https://build.rozetka.com.ua/ua/571305922/p571305922/	Декоративна плита ПВХ 600х600х3мм Онікс (S) SW-00001621
SW-00001621	PROStikerUa	217718	220	1	220	295	available	4641184	466517159	https://build.rozetka.com.ua/ua/466517159/p466517159/	Декоративна плита ПВХ Sticker Wall онікс 600*600*3mm (S) SW-00001621
SW-00001621	Bravion Store	276091	270	1	270	0	available	4629548	598420237	https://build.rozetka.com.ua/ua/598420237/p598420237/	Декоративна ПВХ плита 600х600х3мм Онікс (S) SW-00001621
SW-00001621	Torg Landiya	92929	230	1	230	242	available	4641184	478766509	https://build.rozetka.com.ua/ua/478766509/p478766509/	Декоративна ПВХ плита воникс 600*600*3mm (S) SW-00001621
SW-00001621	Davelia Shop	283358	275	1	275	0	available	4629548	616821902	https://build.rozetka.com.ua/ua/616821902/p616821902/	Декоративна ПВХ плита 600х600х3мм Онікс (S) SW-00001621
SW-00001621	LFcolor	213998	220	1	220	0	available	4629548	600353671	https://build.rozetka.com.ua/ua/600353671/p600353671/	Декоративна ПВХ плита 600х600х3мм Онікс (S) SW-00001621
SW-00001621	Декостра	278257	220	1	220	0	available	4629548	602308705	https://build.rozetka.com.ua/ua/602308705/p602308705/	Декоративна ПВХ плита 600х600х3мм Онікс (S) SW-00001621
SW-00001621	Happy Valise	44840	253	1	253	414	available	4629548	589720303	https://build.rozetka.com.ua/ua/589720303/p589720303/	Декоративна ПВХ плита 600х600х3мм Онікс (S) SW-00001621
SW-00001621	Потрібне	274903	220	1	220	0	available	4629548	594897298	https://build.rozetka.com.ua/ua/594897298/p594897298/	Декоративна ПВХ плита Sticker Wall 600х600х3мм Онікс (S) SW-00001621
SW-00001621	Знак якості	138753	246	1	246	0	available	4629548	609764435	https://build.rozetka.com.ua/ua/609764435/p609764435/	Декоративна ПВХ плита 600х600х3мм Онікс (S) SW-00001621
SW-00001621	PeRoHome	282119	499	1	499	0	available	4629548	613015601	https://build.rozetka.com.ua/ua/613015601/p613015601/	Декоративна ПВХ плита 600х600х3мм Онікс (S) SW-00001621
SW-00001621	NIVENTO	271966	330	1	330	594	available	4629548	601662358	https://build.rozetka.com.ua/ua/601662358/p601662358/	Декоративна ПВХ плита 600х600х3мм Онікс (S) SW-00001621
SW-00001621	The world of ideas	166476	256	1	256	0	available	4641184	493672944	https://build.rozetka.com.ua/ua/493672944/p493672944/	Декоративна плита ПВХ Sticker Wall онікс 600 х 600 х 3mm (S) SW-00001621
SW-00001621	Wide Range	211532	253	1	253	0	available	4629548	600292078	https://build.rozetka.com.ua/ua/600292078/p600292078/	Декоративна ПВХ плита 600х600х3мм Онікс
SW-00001621	PARADISE	269545	242	1	242	353	available	4629548	594064732	https://build.rozetka.com.ua/ua/594064732/p594064732/	Самоклеюча 3D панель ПВХ під онікс 600х600х3мм вологостійка миється стильне оформлення інтерʼєру і зонування для стін санвузла підходить для житлових і комерційних приміщень Бежевий
SW-00001621	Happy Valise	44840	253	1	253	414	unavailable	4629548	381070887	https://build.rozetka.com.ua/ua/381070887/p381070887/	Декоративна ПВХ плита Sticker Wall SW-00001621 Онікс 600х600х3мм
SW-00001621	DecoGrip	204264	280	1	280	373	unavailable	4641184	405573582	https://build.rozetka.com.ua/ua/405573582/p405573582/	Декоративна ПВХ плита Sticker Wall онікс 600 х 600 х 3mm (S) SW-00001621
SW-00001621	GRAND LIFE	39993	350	1	350	0	unavailable	4641184	441053072	https://build.rozetka.com.ua/ua/441053072/p441053072/	Декоративна плита ПВХ онікс 600*600*3mm (S) SW-00001621 4760556
SW-00001621	TOWER	83595	304	1	304	0	unavailable	4648788	448767872	https://build.rozetka.com.ua/ua/448767872/p448767872/	Декоративна плита ПВХ воникс 600*600*3mm (S) SW-00001621
SW-00001621	Михалич	102883	280	1	280	0	unavailable	4641184	447701795	https://build.rozetka.com.ua/ua/447701795/p447701795/	Декоративна ПВХ плита онікс 600*600*3mm (S) SW-00001621
SW-00001621	SpotikachUA	196146	368	1	368	0	unavailable	4659004	449052206	https://build.rozetka.com.ua/ua/449052206/p449052206/	Декоративна ПВХ плита онікс 600*600*3mm (S) SW-00001621
SW-00001621	Палітра_комфорту	211610	280	1	280	0	unavailable	4641184	428239838	https://build.rozetka.com.ua/ua/428239838/p428239838/	Декоративна ПВХ плита онікс 600*600*3mm (S) SW-00001621
SW-00001621	Equipmends	213116	380	1	380	350	unavailable	4641184	460272099	https://build.rozetka.com.ua/ua/460272099/p460272099/	Декоративна ПВХ плита онікс 600*600*3mm (S) SW-00001621
SW-00001621	DKLS	209688	1403	1	1403	0	unavailable	4629548	441662858	https://build.rozetka.com.ua/ua/441662858/p441662858/	Декоративна ПВХ плита онікс 600*600*3mm (S) SW-00001621
SW-00001621	ukriloom	226664	280	1	280	0	unavailable	4641184	559057167	https://build.rozetka.com.ua/ua/pvh-plitka-sticker-wall-155490437/p559057167/	Декоративна ПВХ плита 600х600х3мм Онікс (S) SW-00001621
SW-00001621	In2time	227604	308	1	308	0	unavailable	4641184	550116405	https://build.rozetka.com.ua/ua/pvh-plitka-sticker-wall-152319201/p550116405/	Декоративна ПВХ плита 600х600х3мм Онікс (S) SW-00001621
SW-00001621	Homent	255285	220	1	220	0	unavailable	4629548	578472817	https://build.rozetka.com.ua/ua/578472817/p578472817/	Декоративна плита ПВХ Sticker Wall 600х600х3мм Онікс S (SW-00001621)
SW-00001621	HomeproUA	234939	328	1	328	0	unavailable	4641184	557148048	https://build.rozetka.com.ua/ua/3d-paneli-sticker-wall-154963624/p557148048/	Декоративна ПВХ плита 600х600х3мм Онікс (S) SW-00001621
SW-00001621	STICO_PANEL	263347	220	1	220	0	unavailable	4641184	569762791	https://build.rozetka.com.ua/ua/569762791/p569762791/	Декоративна ПВХ плита 600х600х3мм Онікс (S) SW-00001621
SW-00001621	RCMN	136578	392	1	392	360	unavailable	4629548	562208763	https://build.rozetka.com.ua/ua/3d-paneli-bez-brenda-157061924/p562208763/	Декоративна плита ПВХ 600х600х3мм Онікс (S) SW-00001621
SW-00001621	THERMOTRADE	104545	242	1	242	0	unavailable	4641184	579796915	https://build.rozetka.com.ua/ua/579796915/p579796915/	Декоративна ПВХ плита 600х600х3мм Онікс (S) SW-00001621
SW-00001621	Bass Culture	269902	220	1	220	0	unavailable	4629548	589909906	https://build.rozetka.com.ua/ua/589909906/p589909906/	Декоративна ПВХ плита 600х600х3мм Онікс (S) SW-00001621
SW-00001621	ViDen	265006	232	1	232	0	unavailable	4659004	605311846	https://build.rozetka.com.ua/ua/605311846/p605311846/	Декоративна ПВХ плита 600х600х3мм Онікс (S) SW-00001621
SW-00001621	LFcolor	213998	220	1	220	0	unavailable	4629548	485898294	https://build.rozetka.com.ua/ua/485898294/p485898294/	Декоративна ПВХ плита 600х600х3мм Онікс (S) SW-00001621
SW-00001621	СКАЙТУЛЗ	153858	253	1	253	0	unavailable	4629548	485875749	https://build.rozetka.com.ua/ua/485875749/p485875749/	Декоративна ПВХ плита онікс 600*600*3mm (S) SW-00001621
SW-00001621	MimiPlay	238949	220	1	220	0	unavailable	4629548	606306028	https://build.rozetka.com.ua/ua/606306028/p606306028/	Декоративна ПВХ плита 600х600х3мм Онікс (S) SW-00001621
SW-00001621	Мережа можливостей	194715	280	1	280	0	unavailable	4629548	506583659	https://build.rozetka.com.ua/ua/506583659/p506583659/	Декоративна ПВХ плита 600х600х3мм Онікс (S) SW-00001621
SW-00001621	Fono Market	79493	392	1	392	0	unavailable	4641184	510189884	https://build.rozetka.com.ua/ua/510189884/p510189884/	Декоративна ПВХ плита онікс 600*600*3mm (S) SW-00001621
SW-00001621	GZoo	139880	253	1	253	0	unavailable	4629548	513582349	https://build.rozetka.com.ua/ua/513582349/p513582349/	Декоративна плита ПВХ онікс 600*600*3mm (S) SW-00001621
SW-00001621	ukriloom	226664	280	1	280	0	unavailable	4641184	538177499	https://build.rozetka.com.ua/ua/pvh-plitka-sticker-wall-148806763/p538177499/	Декоративна ПВХ плита 600х600х3мм Онікс (S) SW-00001621
SW-00001621	People's composition of the manufacturer	250050	240	1	240	0	unavailable	4641184	565257209	https://build.rozetka.com.ua/ua/565257209/p565257209/	Декоративна ПВХ плита Sticker Wall онікс 600*600*3mm (S) SW-00001621
SW-00001621	ВінБудІмперіал	240759	396	1	396	0	unavailable	4641184	572770084	https://build.rozetka.com.ua/ua/572770084/p572770084/	Декоративна ПВХ плита 600х600х3мм Онікс (S) SW-00001621
SW-00001621	ВінБудІмперіал	240759	416	1	416	0	unavailable	4629548	583064809	https://build.rozetka.com.ua/ua/583064809/p583064809/	Декоративна ПВХ плита 600х600х3мм Онікс (S) SW-00001621
SW-00001621	LiKEO	74783	305	1	305	0	unavailable	4641184	430095650	https://build.rozetka.com.ua/ua/430095650/p430095650/	Декоративна ПВХ плита онікс 600*600*3mm (S) SW-00001622
SW-00000873	3DDD	188802	351	1	351	470	available	4629548	475908444	https://build.rozetka.com.ua/ua/475908444/p475908444/	Самоклеюча 3D панель фігури в рулоні 2800x700x3мм (R114-3) SW-0873
SW-00000873	Wide Range	211532	436	1	436	0	available	4629548	601552015	https://build.rozetka.com.ua/ua/601552015/p601552015/	Самоклеюча 3D панель фігури в рулоні 2800x700x3мм
SW-00000873	Bigsylio	266140	379	1	379	0	available	4629548	604053775	https://build.rozetka.com.ua/ua/604053775/p604053775/	Самоклеюча 3D панель рулон 2800x700x3мм для внутрішньої обробки декорування стін
SW-00000873	PARADISE	269545	417	1	417	609	available	4629548	594064378	https://build.rozetka.com.ua/ua/594064378/p594064378/	Самоклейна 3D панель ПВХ у рулоні для декоративного оздоблення стін 2800х700х3мм Білий для офісу кафе та студії для вітальні кухні передпокою імітація цегли та каменю
SW-00000873	FOUKS	20886	379	1	379	396	available	4629548	367010343	https://build.rozetka.com.ua/ua/367010343/p367010343/	Рулонні 3Д-панелі Квадрати Візерунки рулон 2800*700*3 мм декор стін шпалери-панелі текстура під цеглу (R114-3) SW-00000873
SW-00000873	LoftWall	210021	379	1	379	0	available	4629548	421276953	https://build.rozetka.com.ua/ua/421276953/p421276953/	Самоклеюча 3D панель фігури в рулоні 2800x700x3мм (R114-3) SW-00000873
SW-00000873	Happy Valise	44840	436	1	436	455	available	4629548	573372745	https://build.rozetka.com.ua/ua/573372745/p573372745/	Панель декоративна 3D самоклеюча в рулоні 280x70 см Фігури звукоізоляція
SW-00000873	MC LitWin	265009	418	1	418	0	available	4629548	597336100	https://build.rozetka.com.ua/ua/597336100/p597336100/	3D панель стінова самоклеюча у рулоні Sticker Wall SW-00000873 2800х700х3 мм
SW-00000873	Потрібне	274903	496	1	496	0	available	4629548	594897565	https://build.rozetka.com.ua/ua/594897565/p594897565/	Самоклеюча 3D панель Sticker Wall фігури в рулоні 2800x700x3мм (R114-3) SW-00000873
SW-00000873	The world of ideas	166476	464	1	464	0	available	4629548	491984384	https://build.rozetka.com.ua/ua/491984384/p491984384/	Самоклеюча 3D панель фігури в рулоні 2800x700x3мм (R114-3) SW-0873
SW-00000873	Знак якості	138753	493	1	493	0	available	4629548	618563444	https://build.rozetka.com.ua/ua/618563444/p618563444/	Самоклеюча 3D панель фігури в рулоні 2800х700х3мм (R114-3) SW-00000873
SW-00000873	Stiker_style	262837	450	1	450	0	unavailable	4629548	580044910	https://build.rozetka.com.ua/ua/580044910/p580044910/	Самоклеюча 3D панель в рулоні StikerWall 2800x700x3мм Білий Квадрат (SW-00000873)
SW-00000873	GRAND LIFE	39993	500	1	500	0	unavailable	4629548	440966045	https://build.rozetka.com.ua/ua/440966045/p440966045/	Самоклеюча 3D панель фігури в рулоні 2800x700x3мм (R114-3) SW-00000873 4415979
SW-00000873	Lite	181560	355	1	355	0	unavailable	4629548	451455323	https://build.rozetka.com.ua/ua/451455323/p451455323/	Самоклеюча 3D панель фігури в рулоні 2800x700x3мм
SW-00000873	Bass Culture	269902	396	1	396	0	unavailable	4629548	589910116	https://build.rozetka.com.ua/ua/589910116/p589910116/	Самоклеюча 3D панель фігури в рулоні 2800x700x3мм (R114-3) SW-00000873
SW-00001623	Знак якості	138753	393	1	393	0	available	4629548	609763919	https://build.rozetka.com.ua/ua/609763919/p609763919/	Декоративна ПВХ плита 600х600х3мм Білий грецький мармур (S) SW-00001623
SW-00001623	Потрібне	274903	430	1	430	0	available	4629548	594898513	https://build.rozetka.com.ua/ua/594898513/p594898513/	Декоративна ПВХ плита Sticker Wall 600х600х3мм Білий грецький мармур (S) SW-00001623
SW-00001623	APEYRON	190755	296	1	296	370	available	4629548	601937326	https://build.rozetka.com.ua/ua/601937326/p601937326/	Самоклеюча стінова плитка Sticker Wall Грецький мармур SW-00001623 60*60 см
SW-00001623	3DDD	188802	306	1	306	370	available	4641184	409128105	https://build.rozetka.com.ua/ua/409128105/p409128105/	Декоративна плита ПВХ Sticker Wall грецький білий мармур 600 х 600 х 3mm (S) SW-00001623
SW-00001623	Torg Landiya	92929	376	1	376	396	available	4641184	478765719	https://build.rozetka.com.ua/ua/478765719/p478765719/	Декоративна плита ПВХ грецький білий мрамор 600*600*3mm (S) SW-00001623
SW-00001623	3D Loft	69844	360	1	360	0	available	4641184	427405730	https://build.rozetka.com.ua/ua/427405730/p427405730/	Декоративна ПВХ плита грецький білий мармур 600*600*3mm (S) SW-00001623
SW-00001623	AVO-LAVKA	114191	486	1	486	540	available	4629548	596631676	https://build.rozetka.com.ua/ua/596631676/p596631676/	Декоративна плита ПВХ 600х600х3мм Білий грецький мрамор (S) SW-00001623
SW-00001623	LoftWall	210021	360	1	360	0	available	4629548	444022805	https://build.rozetka.com.ua/ua/444022805/p444022805/	Декоративна ПВХ плита грецький білий мармур 600*600*3mm (S) SW-00001623
SW-00001623	D`n`D Group	17032	360	1	360	0	available	4641184	430132658	https://build.rozetka.com.ua/ua/430132658/p430132658/	Декоративна ПВХ плита 600х600х3мм Білий грецький мармур (S) SW-00001623 (SW-00001623)
SW-00001623	Секрети шопінгу	268996	357	1	357	0	available	4629548	580813117	https://build.rozetka.com.ua/ua/580813117/p580813117/	Декоративна плита ПВХ 600х600х3мм Білий грецький мрамор (S) SW-00001623
SW-00001623	МАЙЯ	20508	370	1	370	0	available	4648560	592809187	https://build.rozetka.com.ua/ua/592809187/p592809187/	Декоративна ПВХ плита 600х600х3мм Білий грецький мармур (S) SW-00001623
SW-00001623	Shywon	237919	383	1	383	0	available	4629548	565597493	https://build.rozetka.com.ua/ua/565597493/p565597493/	Декоративна ПВХ плита 600х600х3мм Білий грецький мармур (S) SW-00001623
SW-00001623	K-Warehouse	217766	352	1	352	0	available	4629548	584402905	https://build.rozetka.com.ua/ua/584402905/p584402905/	Декоративна ПВХ плита грецький білий мармур 600*600*3mm (S) SW-00001623
SW-00001623	LFcolor	213998	360	1	360	0	available	4629548	600345922	https://build.rozetka.com.ua/ua/600345922/p600345922/	Декоративна ПВХ плита 600х600х3мм Білий грецький мармур (S) SW-00001623
SW-00001623	PRIMAVERA_pro	245169	606	1	606	0	available	4629548	593438893	https://build.rozetka.com.ua/ua/593438893/p593438893/	Декоративна ПВХ плита 600х600х3мм Білий грецький мармур (S) SW-00001623
SW-00001623	Bravion Store	276091	410	1	410	0	available	4629548	598420288	https://build.rozetka.com.ua/ua/598420288/p598420288/	Декоративна ПВХ плита 600х600х3мм Білий грецький мармур (S) SW-00001623
SW-00001623	Davelia Shop	283358	450	1	450	0	available	4629548	616824221	https://build.rozetka.com.ua/ua/616824221/p616824221/	Декоративна ПВХ плита 600х600х3мм Білий грецький мармур (S) SW-00001623
SW-00001623	Lavkamarka	227099	360	1	360	0	available	4641184	611439968	https://build.rozetka.com.ua/ua/611439968/p611439968/	Декоративна ПВХ плита Sticker Wall 600Х600Х3 мм Білий грецький мармур SW-00001623
SW-00001623	PeRoHome	282119	499	1	499	0	available	4629548	613016243	https://build.rozetka.com.ua/ua/613016243/p613016243/	Декоративна ПВХ плита 600х600х3мм Білий грецький мармур (S) SW-00001623
SW-00001623	Happy Valise	44840	414	1	414	0	available	4629548	564538259	https://build.rozetka.com.ua/ua/564538259/p564538259/	Декоративна ПВХ плита грецький білий мармур 600*600*3mm (S) SW-00001623
SW-00001623	ukriloom	226664	371	1	371	0	available	4629548	576838354	https://build.rozetka.com.ua/ua/576838354/p576838354/	Декоративна ПВХ плита 600х600х3мм Білий грецький мармур (S) SW-00001623
SW-00001623	NIVENTO	271966	540	1	540	972	available	4629548	601652764	https://build.rozetka.com.ua/ua/601652764/p601652764/	Декоративна ПВХ плита 600х600х3мм Білий грецький мармур (S) SW-00001623
SW-00001623	Декостра	278257	360	1	360	0	available	4629548	602308879	https://build.rozetka.com.ua/ua/602308879/p602308879/	Декоративна ПВХ плита 600х600х3мм Білий грецький мармур (S) SW-00001623
SW-00001623	PARADISE	269545	396	1	396	578	available	4629548	594065023	https://build.rozetka.com.ua/ua/594065023/p594065023/	Декоративна панель ПВХ під грецький мармур 600х600х3мм миється стійка до вологи декоративне настінне покриття для інтерʼєру для оздоблення стін ванної кімнати Білий
SW-00001623	Wide Range	211532	414	1	414	0	available	4629548	600292270	https://build.rozetka.com.ua/ua/600292270/p600292270/	Декоративна ПВХ плита 600х600х3мм Білий грецький мармур
SW-00001623	Happy Valise	44840	427	1	427	0	unavailable	4629548	381070884	https://build.rozetka.com.ua/ua/381070884/p381070884/	Декоративна плита ПВХ Sticker Wall SW-00001623 Грецький білий мармур 600х600х3мм
SW-00001623	DecoGrip	204264	360	1	360	480	unavailable	4641184	405572637	https://build.rozetka.com.ua/ua/405572637/p405572637/	Декоративна ПВХ плита Sticker Wall грецький білий мармур 600 х 600 х 3mm (S) SW-00001623
SW-00001623	LiKEO	74783	368	1	368	0	unavailable	4641184	430096670	https://build.rozetka.com.ua/ua/430096670/p430096670/	Декоративна ПВХ плита коричневий мармур 600*600*3mm (S) SW-00001623
SW-00001623	SpotikachUA	196146	368	1	368	0	unavailable	4659004	449052242	https://build.rozetka.com.ua/ua/449052242/p449052242/	Декоративна ПВХ плита грецький білий мармур 600*600*3mm (S) SW-00001623
SW-00001623	Regulus Star	157239	380	1	380	0	unavailable	4641184	419761893	https://build.rozetka.com.ua/ua/419761893/p419761893/	Декоративна ПВХ плита грецький білий мармур 600*600*3mm (S) SW-00001623
SW-00001623	LFcolor	213998	360	1	360	0	unavailable	4629548	564316047	https://build.rozetka.com.ua/ua/564316047/p564316047/	Декоративна ПВХ плита 600х600х3мм Білий грецький мармур (S) SW-00001623
SW-00001623	STICO_PANEL	263347	360	1	360	0	unavailable	4641184	569762992	https://build.rozetka.com.ua/ua/569762992/p569762992/	Декоративна ПВХ плита 600х600х3мм Білий грецький мармур (S) SW-00001623
SW-00001623	ВінБудІмперіал	240759	396	1	396	0	unavailable	4641184	572770093	https://build.rozetka.com.ua/ua/572770093/p572770093/	Декоративна ПВХ плита 600х600х3мм Білий грецький мармур (S) SW-00001623
SW-00001623	THERMOTRADE	104545	396	1	396	0	unavailable	4641184	579796798	https://build.rozetka.com.ua/ua/579796798/p579796798/	Декоративна ПВХ плита 600х600х3мм Білий грецький мармур (S) SW-00001623
SW-00001623	ВінБудІмперіал	240759	416	1	416	0	unavailable	4629548	583066558	https://build.rozetka.com.ua/ua/583066558/p583066558/	Декоративна ПВХ плита 600х600х3мм Білий грецький мармур (S) SW-00001623
SW-00001623	СКАЙТУЛЗ	153858	414	1	414	0	unavailable	4629548	485877009	https://build.rozetka.com.ua/ua/485877009/p485877009/	Декоративна ПВХ плита грецький білий мармур 600*600*3mm (S) SW-00001623
SW-00001623	MimiPlay	238949	360	1	360	0	unavailable	4629548	606307258	https://build.rozetka.com.ua/ua/606307258/p606307258/	Декоративна ПВХ плита 600х600х3мм Білий грецький мармур (S) SW-00001623
SW-00001623	ViDen	265006	370	1	370	0	unavailable	4659004	605312653	https://build.rozetka.com.ua/ua/605312653/p605312653/	Декоративна ПВХ плита 600х600х3мм Білий грецький мармур (S) SW-00001623
SW-00001623	Мережа можливостей	194715	414	1	414	0	unavailable	4641184	521821189	https://build.rozetka.com.ua/ua/521821189/p521821189/	Декоративна ПВХ плита грецький білий мармур 600*600*3mm (S) SW-00001623
SW-00001623	Bass Culture	269902	360	1	360	0	unavailable	4629548	591566989	https://build.rozetka.com.ua/ua/591566989/p591566989/	Декоративна ПВХ плита 600х600х3мм Білий грецький мармур (S) SW-00001623
SW-00001623	3DDD	188802	301	1	301	0	unavailable	4641184	388443303	https://build.rozetka.com.ua/ua/388443303/p388443303/	Декоративная ПВХ плита Sticker Wall греческий белый мрамор 600х600х3mm OS-KL8038 S
SW-00001676	LoftWall	210021	59	1	59	79	available	4629548	422947932	https://build.rozetka.com.ua/ua/422947932/p422947932/	Самоклеюча стінова PET плитка 600*300*2mm (D) SW-00001676
SW-00001676	Neo	10639	71	1	71	87	available	4629548	561570138	https://build.rozetka.com.ua/ua/3d-paneli-sticker-wall-156626686/p561570138/	Декоративна стінова PET панель Sticker Wall SW-00001676 600 х 300 х 2 мм (Niz17047)
SW-00001676	MC LitWin	265009	60	1	60	0	available	4629548	597334831	https://build.rozetka.com.ua/ua/597334831/p597334831/	Вінілова плитка самоклеюча Sticker Wall SW-00001676 600х300х2 мм камінь
SW-00001676	Bravion Store	276091	75	1	75	0	available	4648788	597041269	https://build.rozetka.com.ua/ua/597041269/p597041269/	Самоклеюча стінова PET плитка 600х300х2мм SW-00001676
SW-00001676	Top Buyer	4551	71	1	71	87	available	4629548	561222780	https://build.rozetka.com.ua/ua/3d-paneli-sticker-wall-156534213/p561222780/	Декоративна стінова PET панель Sticker Wall SW-00001676 600 х 300 х 2 мм (TBiz17047)
SW-00001676	TechnoPrime	33201	61	1	61	0	available	4657848	556523592	https://build.rozetka.com.ua/ua/vinilovie-oboi-sticker-wall-154713546/p556523592/	Самоклеюча стінова PET плитка 600х300х2мм SW-00001676
SW-00001676	UNIVERmag	12608	71	1	71	87	available	4641184	561549582	https://build.rozetka.com.ua/ua/3d-paneli-sticker-wall-156532492/p561549582/	Декоративна стінова PET панель Sticker Wall SW-00001676 600 х 300 х 2 мм
SW-00001676	GrandBuyer	37544	71	1	71	87	available	4641184	561549522	https://build.rozetka.com.ua/ua/3d-paneli-sticker-wall-156537150/p561549522/	Декоративна стінова PET панель Sticker Wall SW-00001676 600 х 300 х 2 мм (SHiz17047)
SW-00001676	D`n`D Group	17032	59	1	59	0	available	4641184	430132790	https://build.rozetka.com.ua/ua/430132790/p430132790/	Самоклеюча стінова PET плитка 600х300х2мм SW-00001676 (SW-00001676)
SW-00001676	RSI	48100	65	1	65	0	available	4641184	440482490	https://build.rozetka.com.ua/ua/440482490/p440482490/	Самоклеюча стінова PET плитка 600х300х2мм SW-00001676
SW-00001676	Таємничий Вибір	205656	79	1	79	0	available	4641184	446388887	https://build.rozetka.com.ua/ua/446388887/p446388887/	Самоклеюча стінова PET плитка 600*300*2mm (D) SW-00001676
SW-00001676	Днепрлюкс	146605	59	1	59	0	available	4641184	453957137	https://build.rozetka.com.ua/ua/453957137/p453957137/	Самоклеюча стінова PET плитка 600*300*2mm (D) SW-00001676
SW-00001676	МАЙЯ	20508	61	1	61	0	available	4659004	589668721	https://build.rozetka.com.ua/ua/589668721/p589668721/	Самоклеюча стінова PET плитка 600х300х2мм SW-00001676
SW-00001676	ItailOil	33267	67	1	67	94	available	4648788	574052683	https://build.rozetka.com.ua/ua/574052683/p574052683/	Самоклеюча стінова PET плитка Sticker Wall SW-00001676 600х300х2 мм
SW-00001676	Секрети шопінгу	268996	83	1	83	0	available	4648788	580812058	https://build.rozetka.com.ua/ua/580812058/p580812058/	Самоклеюча стінова плитка PET 600х300х2мм SW-00001676
SW-00001676	Потрібне	274903	65	1	65	0	available	4641184	594897835	https://build.rozetka.com.ua/ua/594897835/p594897835/	Самоклеюча стінова PET плитка Sticker Wall на стіну для кухні, ванної кімнати та інших приміщень 600х300х2мм SW-00001676
SW-00001676	AVO-LAVKA	114191	80	1	80	89	available	4648788	596632465	https://build.rozetka.com.ua/ua/596632465/p596632465/	Самоклеюча стінова PET плитка 600х300х2мм SW-00001676
SW-00001676	PeRoHome	282119	109	1	109	0	available	4641184	613017959	https://build.rozetka.com.ua/ua/613017959/p613017959/	Самоклеюча стінова PET плитка 600х300х2мм SW-00001676
SW-00001676	FOUKS	20886	59	1	59	65	available	4641184	422996748	https://build.rozetka.com.ua/ua/422996748/p422996748/	Плитка PET самоклейка Кольоровий Камінь 300х600х2 мм панелі самоклеючі для кухні кам'яна крихта
SW-00001676	PARADISE	269545	65	1	65	95	available	4648788	603751267	https://build.rozetka.com.ua/ua/603751267/p603751267/	Декоративна стінова панель PET з 3D візерунком 600х300х2 мм гнучка зносостійка з рельєфом 3D для оздоблення стін для кухонного фартуха Різнокольоровий
SW-00001676	Wide Range	211532	68	1	68	0	available	4659004	582204376	https://build.rozetka.com.ua/ua/582204376/p582204376/	Самоклеюча стінова PET плитка 600х300х2мм Білий мармур
SW-00001676	Bigsylio	266140	59	1	59	0	available	4629548	606381895	https://build.rozetka.com.ua/ua/606381895/p606381895/	Самоклеюча стенова PET плитка 600х300х2мм для внутрішньої обробки декорування стін плитка для кухні ванної
SW-00001676	Lavkamarka	227099	59	1	59	65	available	4641184	508588719	https://build.rozetka.com.ua/ua/508588719/p508588719/	Самоклеюча стінова PET плитка Sticker Wall 600х300х2 мм (1676)
SW-00001676	Regulus Star	157239	107	1	107	0	unavailable	4641184	415402194	https://build.rozetka.com.ua/ua/415402194/p415402194/	Самоклеюча стінова PET плитка 600*300*2mm (D) SW-00001676
SW-00001676	DKLS	209688	1470	1	1470	0	unavailable	4641184	441553916	https://build.rozetka.com.ua/ua/441553916/p441553916/	Самоклеюча стінова PET плитка 600*300*2mm (D) SW-00001676
SW-00001676	Рельєф Простір	267658	79	1	79	0	unavailable	4648788	577342267	https://build.rozetka.com.ua/ua/577342267/p577342267/	Самоклеюча стінова PET плитка 600х300х2мм SW-00001676
SW-00001676	Homent	255285	59	1	59	0	unavailable	4629548	578472337	https://build.rozetka.com.ua/ua/578472337/p578472337/	Самоклеюча стінова PET плитка Sticker Wall 600х300х2мм (SW-00001676)
SW-00001676	Ентемпс	211401	79	1	79	0	unavailable	4641184	573035545	https://build.rozetka.com.ua/ua/573035545/p573035545/	Самоклеюча стінова PET плитка 600х300х2мм SW-00001676
SW-00001676	Kind Host	272923	65	1	65	0	unavailable	4641184	591064117	https://build.rozetka.com.ua/ua/591064117/p591064117/	Самоклеюча стінова PET плитка 600х300х2мм SW-00001676
SW-00001676	THERMOTRADE	104545	72	1	72	0	unavailable	4641184	579796678	https://build.rozetka.com.ua/ua/579796678/p579796678/	Самоклеюча стінова PET плитка 600х300х2мм SW-00001676
SW-00001676	ViDen	265006	61	1	61	0	unavailable	4658998	605313190	https://build.rozetka.com.ua/ua/605313190/p605313190/	Самоклеюча стінова PET плитка 600х300х2мм SW-00001676
SW-00001676	Bass Culture	269902	59	1	59	0	unavailable	4629548	589909888	https://build.rozetka.com.ua/ua/589909888/p589909888/	Самоклеюча стінова PET плитка 600х300х2мм SW-00001676
SW-00001676	MimiPlay	238949	55	1	55	0	unavailable	4629548	606308236	https://build.rozetka.com.ua/ua/606308236/p606308236/	Самоклеюча стінова PET плитка 600х300х2мм SW-00001676
SW-00001676	Plumbing Assistant	211113	119	1	119	0	unavailable	4629548	484919139	https://build.rozetka.com.ua/ua/484919139/p484919139/	Самоклеюча стінова PET плитка 600*300*2мм (D) SW-00001676
SW-00001676	BINGO	53688	133	1	133	0	unavailable	4641184	500792659	https://build.rozetka.com.ua/ua/500792659/p500792659/	Самоклеюча стінова PET плитка 600*300*2mm (D) SW-00001676
SW-00001676	Fono Market	79493	111	1	111	0	unavailable	4641184	510187584	https://build.rozetka.com.ua/ua/510187584/p510187584/	Самоклеюча стінова PET плитка 600*300*2mm (D) SW-00001676
SW-00001676	lookoboi	56952	75	1	75	0	unavailable	4641184	527409894	https://build.rozetka.com.ua/ua/527409894/p527409894/	Самоклеюча стінова ПET плитка 600*300*2 мм біла кольорова крихта (D) SW-00001676
SW-00001676	ukriloom	226664	79	1	79	0	unavailable	4657848	538140539	https://build.rozetka.com.ua/ua/plitka-dlya-gilih-pomeshcheniy-sticker-wall-148807456/p538140539/	Самоклеюча стінова PET плитка 600х300х2мм SW-00001676
SW-00001676	In2time	227604	87	1	87	0	unavailable	4629548	550115154	https://build.rozetka.com.ua/ua/3d-paneli-sticker-wall-152318294/p550115154/	Самоклеюча стінова PET плитка 600х300х2мм SW-00001676
SW-00001676	ItailOil	33267	94	1	94	0	unavailable	4648788	569892439	https://build.rozetka.com.ua/ua/569892439/p569892439/	Самоклеюча стінова PET плитка Sticker Wall SW-00001676 600х300х2 мм
SW-00001910	Happy Valise	44840	81	1	81	0	available	4629548	452865170	https://build.rozetka.com.ua/ua/452865170/p452865170/	Панель стінова 3D 700мм*770мм*2мм BROWN (D) SW-00001910
SW-00001910	Torg Landiya	92929	73	1	73	77	available	4629548	573876877	https://build.rozetka.com.ua/ua/573876877/p573876877/	Панель стінова 3D 700мм*770мм*2мм BROWN (D) SW-00001910
SW-00001910	PROStikerUa	217718	70	1	70	94	available	4629548	466265479	https://build.rozetka.com.ua/ua/466265479/p466265479/	Панель стінова самоклеюча декоративна 3D Sticker Wall 700х770х2мм BROWN (D) SW-00001910
SW-00001910	D`n`D Group	17032	70	1	70	0	available	4629548	452642069	https://build.rozetka.com.ua/ua/452642069/p452642069/	Панель стінова 3D 700мм*770мм*2мм Коричневий SW-00001910 (SW-00001910)
SW-00001910	Shywon	237919	83	1	83	0	available	4629548	544808310	https://build.rozetka.com.ua/ua/3d-paneli-sticker-wall-150158622/p544808310/	Панель стінова 3D 700мм*770мм*2мм Коричневий SW-00001910
SW-00001910	3D Loft	69844	70	1	70	0	available	4629548	453920033	https://build.rozetka.com.ua/ua/453920033/p453920033/	Панель стінова 3D 700мм*770мм*2мм BROWN (D) SW-00001910
SW-00001910	Happy deco light	4397	78	1	78	96	available	4629548	578021662	https://build.rozetka.com.ua/ua/578021662/p578021662/	Панель стінова 3D 700мм*770мм*2мм BROWN (D) SW-00001910
SW-00001910	RMService	15008	165	1	165	285	available	4629548	578464150	https://build.rozetka.com.ua/ua/578464150/p578464150/	Панель стінова 3D 700 мм * 770 мм * 2 мм, коричневий SW-00001910(Sticker Wall)
SW-00001910	Translation tools	112501	84	1	84	0	available	4629548	583197646	https://build.rozetka.com.ua/ua/583197646/p583197646/	Панель стінова 3D Sticker Wall 700х770х2 мм Коричневий (D) SW-00001910
SW-00001910	GrandBuyer	37544	93	1	93	111	available	4629548	579870355	https://build.rozetka.com.ua/ua/579870355/p579870355/	Самоклейна 3Д панель на стіну Sticker Wall Коричнева цегла SW-00001910 700х770х2 мм (SHiz17089)
SW-00001910	PFmarket	211413	70	1	70	0	available	4629548	474661599	https://build.rozetka.com.ua/ua/474661599/p474661599/	Панель стінова 3D 700мм*770мм*2мм BROWN (D) SW-00001910
SW-00001910	K-Warehouse	217766	76	1	76	0	available	4629548	476815494	https://build.rozetka.com.ua/ua/476815494/p476815494/	Панель стінова 3D 700мм*770мм*2мм BROWN (D) SW-00001910
SW-00001910	Секрети шопінгу	268996	91	1	91	0	available	4629548	580812061	https://build.rozetka.com.ua/ua/580812061/p580812061/	Панель стінова 3D 700мм*770мм*2мм Коричневий SW-00001910
SW-00001910	AVO-LAVKA	114191	95	1	95	105	available	4629548	598794490	https://build.rozetka.com.ua/ua/598794490/p598794490/	Панель стінова 3D 700мм*770мм*2мм Коричневий SW-00001910
SW-00001910	Wide Range	211532	81	1	81	0	available	4629548	598778701	https://build.rozetka.com.ua/ua/598778701/p598778701/	Панель стінова 3D 700мм*770мм*2мм Коричнева цегла
SW-00001910	LFcolor	213998	70	1	70	0	available	4629548	600353605	https://build.rozetka.com.ua/ua/600353605/p600353605/	Панель стінова 3D 700мм*770мм*2мм Коричневий SW-00001910
SW-00001910	NIVENTO	271966	98	1	98	176	available	4629548	601653811	https://build.rozetka.com.ua/ua/601653811/p601653811/	Панель стінова 3D 700мм*770мм*2мм Коричневий SW-00001910
SW-00001910	Davelia Shop	283358	88	1	88	0	available	4629548	616821887	https://build.rozetka.com.ua/ua/616821887/p616821887/	Панель стінова 3D 700мм*770мм*2мм Коричневий SW-00001910
SW-00001910	Знак якості	138753	77	1	77	0	available	4629548	609764426	https://build.rozetka.com.ua/ua/609764426/p609764426/	Панель стінова 3D 700мм*770мм*2мм Коричневий SW-00001910
SW-00001910	Потрібне	274903	85	1	85	0	available	4629548	594897118	https://build.rozetka.com.ua/ua/594897118/p594897118/	Панель 3D Sticker Wall стінова 700мм*770мм*2мм Коричневий SW-00001910
SW-00001910	Bravion Store	276091	70	1	70	0	available	4629548	597039928	https://build.rozetka.com.ua/ua/597039928/p597039928/	Панель стінова 3D 700мм*770мм*2мм Коричневий SW-00001910
SW-00001910	PeRoHome	282119	115	1	115	0	available	4629548	613015571	https://build.rozetka.com.ua/ua/613015571/p613015571/	Панель стінова 3D 700мм*770мм*2мм Коричневий SW-00001910
SW-00001910	MC LitWin	265009	79	1	79	0	available	4629548	597334363	https://build.rozetka.com.ua/ua/597334363/p597334363/	3D панель самоклеюча Sticker Wall SW-00001910 700х770х2 мм цегла коричнева
SW-00001910	Декостра	278257	65	1	65	0	available	4629548	602309128	https://build.rozetka.com.ua/ua/602309128/p602309128/	Панель стінова 3D 700мм*770мм*2мм Коричневий SW-00001910
SW-00001910	Neo	10639	93	1	93	111	available	4629548	579000994	https://build.rozetka.com.ua/ua/579000994/p579000994/	Самоклейна 3Д панель на стіну Sticker Wall Коричнева цегла SW-00001910 700х770х2 мм (Niz17089)
SW-00001910	Top Buyer	4551	93	1	93	111	available	4629548	579947674	https://build.rozetka.com.ua/ua/579947674/p579947674/	Самоклейна 3Д панель на стіну Sticker Wall Коричнева цегла SW-00001910 700х770х2 мм (TBiz17089)
SW-00001910	UNIVERmag	12608	93	1	93	111	available	4629548	579867769	https://build.rozetka.com.ua/ua/579867769/p579867769/	Самоклейна 3Д панель на стіну Sticker Wall Коричнева цегла SW-00001910 700х770х2 мм
SW-00001910	МАЙЯ	20508	80	1	80	0	available	4629548	592993624	https://build.rozetka.com.ua/ua/592993624/p592993624/	Панель стінова 3D 700мм*770мм*2мм Коричневий SW-00001910
SW-00001910	PRIMAVERA_pro	245169	155	1	155	0	available	4629548	593439184	https://build.rozetka.com.ua/ua/593439184/p593439184/	Панель стінова 3D 700мм*770мм*2мм Коричневий SW-00001910
SW-00001910	TOWER	83595	95	1	95	0	unavailable	4629548	461079889	https://build.rozetka.com.ua/ua/461079889/p461079889/	Панель стінова 3D 700мм*770мм*2мм BROWN (D) SW-00001910
SW-00001910	Ентемпс	211401	85	1	85	0	unavailable	4629548	465563594	https://build.rozetka.com.ua/ua/465563594/p465563594/	Панель стінова 3D 700мм*770мм*2мм Коричневий SW-00001910
SW-00001910	Crystal sky	250060	91	1	91	0	unavailable	4629548	564020691	https://build.rozetka.com.ua/ua/3d-paneli-sticker-wall-157557829/p564020691/	Панель стінова 3D 700мм*770мм*2мм Коричневий SW-00001910
SW-00001910	THERMOTRADE	104545	94	1	94	0	unavailable	4629548	578450740	https://build.rozetka.com.ua/ua/578450740/p578450740/	Панель стінова 3D 700мм*770мм*2мм Коричневий SW-00001910, Бежевий
SW-00001910	ukriloom	226664	85	1	85	0	unavailable	4629548	556717083	https://build.rozetka.com.ua/ua/3d-paneli-sticker-wall-154325031/p556717083/	Панель стінова 3D 700мм*770мм*2мм Коричневий SW-00001910
SW-00001910	Bass Culture	269902	65	1	65	0	unavailable	4629548	589908862	https://build.rozetka.com.ua/ua/589908862/p589908862/	Панель стінова 3D 700мм*770мм*2мм Коричневий SW-00001910
SW-00001910	Рельєф Простір	267658	85	1	85	0	unavailable	4629548	577342435	https://build.rozetka.com.ua/ua/577342435/p577342435/	Панель стінова 3D 700мм*770мм*2мм Коричневий SW-00001910
SW-00001910	ВінБудІмперіал	240759	94	1	94	0	unavailable	4629548	572848108	https://build.rozetka.com.ua/ua/572848108/p572848108/	Панель стінова 3D 700мм*770мм*2мм Коричневий SW-00001910
SW-00001910	STICO_PANEL	263347	65	1	65	0	unavailable	4629548	569764093	https://build.rozetka.com.ua/ua/569764093/p569764093/	Панель стінова 3D 700мм*770мм*2мм Коричневий SW-00001910
SW-00001910	Norviko	274975	249	1	249	319	unavailable	4629548	604229887	https://build.rozetka.com.ua/ua/604229887/p604229887/	3D-панель ПП самоклеюча тонка 2 мм 700×770 мм бежева
SW-00001910	СКАЙТУЛЗ	153858	98	1	98	0	unavailable	4629548	485873784	https://build.rozetka.com.ua/ua/485873784/p485873784/	Панель стінова 3D 700мм*770мм*2мм BROWN (D) SW-00001910
SW-00001910	Plumbing Assistant	211113	155	1	155	0	unavailable	4629548	506023724	https://build.rozetka.com.ua/ua/506023724/p506023724/	Панель стінова 3D 700мм*770мм*2мм BROWN (D) SW-00001910
SW-00001910	Мережа можливостей	194715	90	1	90	0	unavailable	4629548	506583754	https://build.rozetka.com.ua/ua/506583754/p506583754/	Панель стінова 3D 700мм*770мм*2мм Коричневий SW-00001910
SW-00001910	GZoo	139880	80	1	80	0	unavailable	4629548	508384314	https://build.rozetka.com.ua/ua/508384314/p508384314/	Панель стінова 3D 700мм*770мм*2мм BROWN (D) SW-00001910
SW-00001910	Fono Market	79493	86	1	86	0	unavailable	4629548	514153634	https://build.rozetka.com.ua/ua/514153634/p514153634/	Панель стінова 3D 700мм*770мм*2мм Коричневий SW-00001910
SW-00001910	LFcolor	213998	70	1	70	0	unavailable	4629548	514159854	https://build.rozetka.com.ua/ua/514159854/p514159854/	Панель стінова 3D 700мм*770мм*2мм Коричневий SW-00001910
SW-00001910	ukriloom	226664	85	1	85	0	unavailable	4629548	559056114	https://build.rozetka.com.ua/ua/3d-paneli-sticker-wall-155490058/p559056114/	Панель стінова 3D 700мм*770мм*2мм Коричневий SW-00001910
SW-00001910	HomeproUA	234939	114	1	114	0	unavailable	4629548	557148699	https://build.rozetka.com.ua/ua/3d-paneli-sticker-wall-154962539/p557148699/	Панель стінова 3D 700мм*770мм*2мм Коричневий SW-00001910
SW-00001910	ViDen	265006	73	1	73	0	unavailable	4629548	605310934	https://build.rozetka.com.ua/ua/605310934/p605310934/	Панель стінова 3D 700мм*770мм*2мм Коричневий SW-00001910
SW-00001910	MimiPlay	238949	65	1	65	0	unavailable	4629548	606306499	https://build.rozetka.com.ua/ua/606306499/p606306499/	Панель стінова 3D 700мм*770мм*2мм Коричневий SW-00001910
SW-00001362	LoftWall	210021	79	1	79	109	available	4629548	421278861	https://build.rozetka.com.ua/ua/421278861/p421278861/	Самоклеюча 3D панель блакитні кульбаби 700х770х4мм (322) SW-00001362
SW-00001362	FOUKS	20886	79.0	10	790	1090	available	4629548	367962276	https://build.rozetka.com.ua/ua/367962276/p367962276/	ПВХ панелі 3Д стінові Блакитна цегла Кульбаби 10шт. 700х770х4мм м'які 3Д-панелі для декору дитячої самоклейки (322) SW-00001362-10шт
SW-00001362	Wide Range	211532	91	1	91	0	available	4629548	602615812	https://build.rozetka.com.ua/ua/602615812/p602615812/	Самоклеюча 3D панель 700х770х4мм Блакитні кульбаби
SW-00001362	MC LitWin	265009	79	1	79	0	available	4629548	597336127	https://build.rozetka.com.ua/ua/597336127/p597336127/	3D панель самоклеюча Sticker Wall SW-00001362 700х770х4 мм блакитна
SW-00001362	FOUKS	20886	79.0	5	395	545	available	4629548	367010532	https://build.rozetka.com.ua/ua/367010532/p367010532/	ПВХ панелі 3Д стінові Блакитна цегла Кульбаби 5шт. 700х770х4мм м'які 3Д-панелі для декору дитячої самоклейки (322) SW-00001362-5шт
SW-00001362	FOUKS	20886	79	1	79	109	available	4629548	367010556	https://build.rozetka.com.ua/ua/367010556/p367010556/	ПВХ панелі 3Д стінові Блакитна цегла Кульбаби 700х770х4мм м'які 3Д-панелі для декору дитячої самоклейки (322) SW-00001362
SW-00001362	Потрібне	274903	102	1	102	0	available	4629548	594897211	https://build.rozetka.com.ua/ua/594897211/p594897211/	Самоклеюча 3D панель Sticker Wall 700х770х4мм Блакитні кульбаби (322) SW-00001362
SW-00001362	Bigsylio	266140	79	1	79	0	available	4629548	604053616	https://build.rozetka.com.ua/ua/604053616/p604053616/	Самоклеюча 3D панель блакитні одуванчики для внутрішньої обробки декоративна панель на стіну
SW-00001362	PARADISE	269545	87	1	87	127	available	4629548	594064438	https://build.rozetka.com.ua/ua/594064438/p594064438/	Самоклейна 3D панель ПВХ декоративна для оздоблення стін 700х770х4мм Різнобарвний для спальні та дитячої кімнати оздоблення балкону та лоджії для оформлення стін в офісі кафе
SW-00001362	RMService	15008	182	1	182	299	available	4629548	573167254	https://build.rozetka.com.ua/ua/573167254/p573167254/	Самоклеюча 3D панель 700 х 770 х 4 мм Блакитні кульбабі (322) SW-00001362 (Sticker Wall)
SW-00001362	GRAND LIFE	39993	125	1	125	0	unavailable	4629548	443148392	https://build.rozetka.com.ua/ua/443148392/p443148392/	Самоклеюча 3D панель блакитні кульбаби 700х770х4мм (322) SW-00001362 4760536
SW-00001362	Lite	181560	78	1	78	0	unavailable	4629548	450330269	https://build.rozetka.com.ua/ua/450330269/p450330269/	Самоклеюча 3D панель під цегла Кульбаба 700х770х4мм
SW-00001362	Bass Culture	269902	82	1	82	0	unavailable	4629548	589909513	https://build.rozetka.com.ua/ua/589909513/p589909513/	Самоклеюча 3D панель 700х770х4мм Блакитні кульбаби (322) SW-00001362
SW-00001868	Translation tools	112501	514	1	514	570	available	4629548	573014878	https://build.rozetka.com.ua/ua/573014878/p573014878/	Декоративна рейка WPC стінова капучіно 3000*150*9мм (D) SW-00001868 Sticker Wall
SW-00001868	3DDD	188802	395	1	395	478	available	4629548	475908949	https://build.rozetka.com.ua/ua/475908949/p475908949/	Декоративна рейка WPC стінова капучино 3000 x 150 x 9мм (D) SW-1868
SW-00001868	FOUKS	20886	428	1	428	475	available	4629548	423417573	https://build.rozetka.com.ua/ua/423417573/p423417573/	Стінові рейки декоративні плоскі Каштан WPC (композит) 15х300см товщина 9мм 3Д панелі інтер'єрні SW-00001868
SW-00001868	Потрібне	274903	575	1	575	0	available	4629548	594898210	https://build.rozetka.com.ua/ua/594898210/p594898210/	Рейка декоративна WPC Sticker Wall стінова 3000х150х9мм Капучино SW-00001868
SW-00001868	Bigsylio	266140	428	1	428	0	available	4629548	614741420	https://build.rozetka.com.ua/ua/614741420/p614741420/	Декоративна стенова рейка WPC 3000х150х9мм Капучино для внутрішньої обробки імітація дерева декорування стін
SW-00001868	The world of ideas	166476	526	1	526	0	available	4629548	491986739	https://build.rozetka.com.ua/ua/491986739/p491986739/	Декоративна рейка WPC стінова капучино 3000 x 150 x 9мм (D) SW-1868
SW-00001868	For the home	103153	428	1	428	599	available	4629548	488511204	https://build.rozetka.com.ua/ua/488511204/p488511204/	Декоративна стінова рейка Sticker Wall WPC Капучіно 3000*150*9мм (D)
SW-00001868	Wide Range	211532	492	1	492	0	available	4629548	600292333	https://build.rozetka.com.ua/ua/600292333/p600292333/	Рейка декоративна WPC стінова 3000х150х9мм Капучино
SW-00001868	PROStikerUa	217718	428	1	428	574	available	4629548	466269114	https://build.rozetka.com.ua/ua/466269114/p466269114/	Декоративна інтер’єрна рейка WPC стінова Sticker Wall капучино 3000х150х9мм (D) SW-00001868
SW-00001868	TechnoPrime	33201	523	1	523	0	available	4629548	571305862	https://build.rozetka.com.ua/ua/571305862/p571305862/	Рейка декоративна WPC стінова 3000х150х9мм Капучіно SW-00001868
SW-00001868	AVO-LAVKA	114191	578	1	578	642	available	4629548	596632408	https://build.rozetka.com.ua/ua/596632408/p596632408/	Рейка декоративна WPC стінова 3000х150х9мм Капучино SW-00001868
SW-00001868	LFcolor	213998	428	1	428	0	available	4629548	600355213	https://build.rozetka.com.ua/ua/600355213/p600355213/	Рейка декоративна WPC стінова 3000х150х9мм Капучино SW-00001868
SW-00001868	Translation tools	112501	428	1	428	560	available	4629548	512386904	https://build.rozetka.com.ua/ua/512386904/p512386904/	Декоративна стінова рейка Sticker Wall WPC 3000x150x9 мм Капучіно (SW-00001868)
SW-00001868	MC LitWin	265009	474	1	474	0	available	4629548	597334009	https://build.rozetka.com.ua/ua/597334009/p597334009/	Декоративна рейка Sticker Wall SW-00001868 3000х150х9 мм дерево
SW-00001868	GRAND LIFE	39993	594	1	594	0	unavailable	4629548	443141564	https://build.rozetka.com.ua/ua/443141564/p443141564/	Декоративна рейка WPC стінова капучино 3000*150*9мм (D) SW-00001868 4760797
SW-00001868	Lite	181560	475	1	475	600	unavailable	4629548	450155099	https://build.rozetka.com.ua/ua/450155099/p450155099/	Декоративна стінова рейка WPC капучіно 3000*150*9мм
SW-00001868	RCMN	136578	618	1	618	0	unavailable	4629548	548307480	https://build.rozetka.com.ua/ua/3d-paneli-bez-brenda-151602639/p548307480/	Рейка декоративна WPC стінова 3000х150х9мм Капучіно
SW-00001868	MegaChoice	249209	465	1	465	885	unavailable	4629548	545301378	https://build.rozetka.com.ua/ua/3d-paneli-sticker-wall-150745896/p545301378/	Рейка декоративна WPC стінова 3000х150х9мм Капучіна
SW-00001868	Homent	255285	475	1	475	0	unavailable	4629548	578474875	https://build.rozetka.com.ua/ua/578474875/p578474875/	Рейка декоративна WPC Sticker Wall стінова 3000х150х9мм Капучіно (SW-00001868)
SW-00001868	Stiker_style	262837	475	1	475	0	unavailable	4629548	570043978	https://build.rozetka.com.ua/ua/570043978/p570043978/	Рейка декоративна стінова StikerWall 3000х150х9мм Капучино (SW-00001868)
SW-00001868	ladybug	36972	425	1	425	520	unavailable	4629548	545697399	https://build.rozetka.com.ua/ua/3d-paneli-sticker-wall-150778294/p545697399/	Рейка стінова декоративна WPC 3000х150х9мм Капучино Sticker Wall (SW-00001868)
SW-00001868	In2time	227604	468	1	468	0	unavailable	4629548	550117344	https://build.rozetka.com.ua/ua/3d-paneli-sticker-wall-152319101/p550117344/	Рейка декоративна WPC стінова 3000х150х9мм Капучино SW-00001868
SW-00001868	MimiPlay	238949	475	1	475	0	unavailable	4629548	606307204	https://build.rozetka.com.ua/ua/606307204/p606307204/	Рейка декоративна WPC стінова 3000х150х9мм Капучино SW-00001868
SW-00001138	3DDD	188802	41	1	41	50	available	4629548	409129230	https://build.rozetka.com.ua/ua/409129230/p409129230/	Декоративна плитка ПВХ Sticker Wall на самоклейці масляні фарби 300х300х5мм (СПП-608) SW-00001138
SW-00001138	K-Warehouse	217766	47	1	47	0	available	4629548	453036896	https://build.rozetka.com.ua/ua/453036896/p453036896/	Декоративна ПВХ плитка на самоклейці Sticker Wall масляные краски 300х300х5мм, SW-00001138
SW-00001138	MC LitWin	265009	49	1	49	0	available	4629548	597333700	https://build.rozetka.com.ua/ua/597333700/p597333700/	Вінілова плитка самоклеюча Sticker Wall SW-00001138 300х300х5 мм
SW-00001138	LoftWall	210021	47	1	47	90	available	4629548	477349444	https://build.rozetka.com.ua/ua/477349444/p477349444/	Декоративна ПВХ плитка на самоклейці масляные краски 300х300х5мм, ціна за 1 шт. (СПП-608) SW-00001138
SW-00001138	PROStikerUa	217718	47	1	47	63	available	4629548	466517539	https://build.rozetka.com.ua/ua/466517539/p466517539/	Декоративна плитка ПВХ на самоклейці Sticker Wall масляні фарби 300х300х5мм (СПП-608) SW-00001138
SW-00001138	Швидко&Зручно	227904	47	1	47	0	available	4629548	560130984	https://build.rozetka.com.ua/ua/3d-paneli-sticker-wall-156083227/p560130984/	Декоративна ПВХ плитка на самоклейці 300х300х5мм Масляні фарби, ціна за 1 шт. (СПП-608) SW-00001138
SW-00001138	LFcolor	213998	47	1	47	0	available	4629548	600353116	https://build.rozetka.com.ua/ua/600353116/p600353116/	Декоративна ПВХ плитка на самоклейці 300х300х5мм Масляні фарби, ціна за 1 шт. (СПП-608) SW-00001138
SW-00001138	RSI	48100	55	1	55	0	available	4641184	440480684	https://build.rozetka.com.ua/ua/440480684/p440480684/	Декоративна ПВХ плитка на самоклейці 300х300х5мм Масляні фарби, ціна за 1 шт. (СПП-608) SW-00001138
SW-00001138	3D Loft	69844	47	1	47	0	available	4629548	428258216	https://build.rozetka.com.ua/ua/428258216/p428258216/	Декоративна ПВХ плитка на самоклейці масляные краски 300х300х5мм, ціна за 1 шт. (СПП-608) SW-00001138
SW-00001138	PFmarket	211413	47	1	47	0	available	4641184	432876671	https://build.rozetka.com.ua/ua/432876671/p432876671/	Декоративна ПВХ плитка на самоклейці масляные краски 300х300х5мм, ціна за 1 шт. (СПП-608) SW-00001138
SW-00001138	D`n`D Group	17032	47	1	47	0	available	4641184	430134548	https://build.rozetka.com.ua/ua/430134548/p430134548/	Декоративна ПВХ плитка на самоклейці 300х300х5мм Масляні фарби, ціна за 1 шт. (СПП-608) SW-00001138 (SW-00001138)
SW-00001138	Shywon	237919	51	1	51	0	available	4629548	544807515	https://build.rozetka.com.ua/ua/3d-paneli-sticker-wall-150159542/p544807515/	Декоративна ПВХ плитка на самоклейці 300х300х5мм Масляні фарби, ціна за 1 шт. (СПП-608) SW-00001138
SW-00001138	Днепрлюкс	146605	47	1	47	0	available	4641184	462341904	https://build.rozetka.com.ua/ua/462341904/p462341904/	Декоративна ПВХ плитка на самоклейці 300х300х5мм Масляні фарби, (СПП-608) SW-00001138
SW-00001138	SHEF LIFE	124373	59	1	59	63	available	4641184	557127405	https://build.rozetka.com.ua/ua/3d-paneli-sticker-wall-155007023/p557127405/	Декоративна ПВХ плитка на самоклейці 300х300х5мм Масляні фарби, ціна за 1 шт. (СПП-608) SW-00001138
SW-00001138	Torg Landiya	92929	49	1	49	52	available	4641184	467620534	https://build.rozetka.com.ua/ua/467620534/p467620534/	Декоративна плитка ПВХ на самоклейці масляні фарби 300х300х5мм, ціна за 1 шт. (СПП-608) SW-00001138
SW-00001138	Секрети шопінгу	268996	56	1	56	0	available	4629548	580812295	https://build.rozetka.com.ua/ua/580812295/p580812295/	Декоративна плитка ПВХ на самоклейці 300х300х5мм Масляні фарби, ціна за 1 шт. (СПП-608) SW-00001138
SW-00001138	RMService	15008	147	1	147	199	available	4648788	581808925	https://build.rozetka.com.ua/ua/581808925/p581808925/	Декоративна плитка ПВХ на самоклейці 300 х 300 х 5 мм Масляні фарби(СПП-608) SW-00001138 (Sticker Wall)
SW-00001138	ukriloom	226664	48	1	48	0	available	4629548	593088976	https://build.rozetka.com.ua/ua/593088976/p593088976/	Декоративна ПВХ плитка на самоклейці 300х300х5мм Масляні фарби, ціна за 1 шт. (СПП-608) SW-00001138
SW-00001138	Bravion Store	276091	75	1	75	0	available	4629548	597137200	https://build.rozetka.com.ua/ua/597137200/p597137200/	Декоративна ПВХ плитка на самоклейці 300х300х5мм Масляні фарби, ціна за 1 шт. (СПП-608) SW-00001138
SW-00001138	МАЙЯ	20508	49	1	49	0	available	4641184	593018821	https://build.rozetka.com.ua/ua/593018821/p593018821/	Декоративна ПВХ плитка на самоклейці 300х300х5мм Масляні фарби, ціна за 1 шт. (СПП-608) SW-00001138
SW-00001138	Потрібне	274903	57	1	57	0	available	4629548	595274575	https://build.rozetka.com.ua/ua/595274575/p595274575/	Декоративна ПВХ плитка Sticker Wall на самоклейці 300х300х5мм Масляні фарби, ціна за 1 шт. (СПП-608) SW-00001138
SW-00001138	Декостра	278257	55	1	55	0	available	4629548	602309056	https://build.rozetka.com.ua/ua/602309056/p602309056/	Декоративна ПВХ плитка на самоклейці 300х300х5мм Масляні фарби, ціна за 1 шт. (СПП-608) SW-00001138
SW-00001138	AVO-LAVKA	114191	63	1	63	71	available	4641184	598794151	https://build.rozetka.com.ua/ua/598794151/p598794151/	Декоративна ПВХ плитка на самоклейці 300х300х5мм Масляні фарби, ціна за 1 шт. (СПП-608) SW-00001138
SW-00001138	NIVENTO	271966	83	1	83	149	available	4641184	601663201	https://build.rozetka.com.ua/ua/601663201/p601663201/	Декоративна ПВХ плитка на самоклейці 300х300х5мм Масляні фарби, ціна за 1 шт. (СПП-608) SW-00001138
SW-00001138	PeRoHome	282119	97	1	97	0	available	4629548	613016060	https://build.rozetka.com.ua/ua/613016060/p613016060/	Декоративна ПВХ плитка на самоклейці 300х300х5мм Масляні фарби, ціна за 1 шт. (СПП-608) SW-00001138
SW-00001138	Davelia Shop	283358	59	1	59	0	available	4629548	616823810	https://build.rozetka.com.ua/ua/616823810/p616823810/	Декоративна ПВХ плитка на самоклейці 300х300х5мм Масляні фарби, ціна за 1 шт. (СПП-608) SW-00001138
SW-00001138	Знак якості	138753	52	1	52	0	available	4629548	618563360	https://build.rozetka.com.ua/ua/618563360/p618563360/	Декоративна ПВХ плитка на самоклейці 300х300х5мм Масляні фарби, ціна за 1 шт. (СПП-608) SW-00001138
SW-00001138	The world of ideas	166476	54	1	54	0	available	4629548	493675424	https://build.rozetka.com.ua/ua/493675424/p493675424/	Декоративна плитка ПВХ Sticker Wall на самоклейці масляні фарби 300х300х5мм (СПП-608) SW-00001138
SW-00001138	PRIMAVERA_pro	245169	95	1	95	0	available	4629548	593439199	https://build.rozetka.com.ua/ua/593439199/p593439199/	Декоративна ПВХ плитка на самоклейці 300х300х5мм Масляні фарби, ціна за 1 шт. (СПП-608) SW-00001138
SW-00001138	TechnoPrime	33201	52	1	52	0	available	4629548	604312564	https://build.rozetka.com.ua/ua/604312564/p604312564/	Декоративна ПВХ плитка на самоклейці 300х300х5мм Масляні фарби, ціна за 1 шт. (СПП-608) SW-00001138
SW-00001138	FOUKS	20886	47	1	47	90	available	4641184	367010691	https://build.rozetka.com.ua/ua/367010691/p367010691/	Пластикова ПВХ панель Плитка Квіти Квадрати 300*300*5мм самоклеюча для декору стн під камінь плитку
SW-00001138	Happy Valise	44840	54	1	54	104	available	4629548	358948137	https://build.rozetka.com.ua/ua/358948137/p358948137/	Декоративна ПВХ плитка на самоклейці фарби Sticker Wall 300х300х5мм (ціна за 1 шт.)
SW-00001138	Wide Range	211532	54	1	54	0	available	4629548	602616043	https://build.rozetka.com.ua/ua/602616043/p602616043/	Декоративна ПВХ плитка на самоклейці 300х300х5мм Масляні фарби
SW-00001138	DomLoft	139608	55	1	55	150	available	4629548	429927749	https://build.rozetka.com.ua/ua/429927749/p429927749/	Декоративна ПВХ плитка на самоклейці масляные краски 300х300х5мм, ціна за 1 шт. (СПП-608)
SW-00001138	SUN HEAT	17072	62	1	62	0	available	4641184	590636074	https://build.rozetka.com.ua/ua/590636074/p590636074/	Декоративна ПВХ плитка самоклейна 300х300х5мм масляні фарби арт-ефект без клею вологостійка рельєф декор кафе ресторан студія
SW-00001138	DecoGrip	204264	70	1	70	93	unavailable	4629548	405572112	https://build.rozetka.com.ua/ua/405572112/p405572112/	Декоративна ПВХ плитка Sticker Wall на самоклейці масляные краски 300х300х5мм ціна за 1 шт (СПП-608)
SW-00001138	Михалич	102883	70	1	70	0	unavailable	4629548	416473992	https://build.rozetka.com.ua/ua/416473992/p416473992/	Декоративна ПВХ плитка на самоклейці масляные краски 300х300х5мм, ціна за 1 шт. (СПП-608) SW-00001138
SW-00001138	TOWER	83595	65	1	65	0	unavailable	4629548	448748777	https://build.rozetka.com.ua/ua/448748777/p448748777/	Декоративна плитка ПВХ на самоклейці масляні фарби 300х300х5мм, ціна за 1 шт. (СПП-608) SW-00001138
SW-00001138	DKLS	209688	1694	1	1694	0	unavailable	4629548	441519401	https://build.rozetka.com.ua/ua/441519401/p441519401/	Декоративна ПВХ плитка на самоклейці масляные краски 300х300х5мм, ціна за 1 шт. (СПП-608) SW-00001138
SW-00001138	In2time	227604	61	1	61	0	unavailable	4629548	550115040	https://build.rozetka.com.ua/ua/3d-paneli-sticker-wall-152318767/p550115040/	Декоративна ПВХ плитка на самоклейці 300х300х5мм Масляні фарби, ціна за 1 шт. (СПП-608) SW-00001138
SW-00001138	SpotikachUA	196146	75	1	75	0	unavailable	4629548	449279888	https://build.rozetka.com.ua/ua/449279888/p449279888/	Декоративна ПВХ плитка на самоклейці масляные краски 300х300х5мм, ціна за 1 шт. (СПП-608) SW-00001138
SW-00001138	HomeproUA	234939	97	1	97	0	unavailable	4641184	557148375	https://build.rozetka.com.ua/ua/3d-paneli-sticker-wall-154963122/p557148375/	Декоративна ПВХ плитка на самоклейці 300х300х5мм Масляні фарби, ціна за 1 шт. (СПП-608) SW-00001138
SW-00001138	People's composition of the manufacturer	250050	56	1	56	0	unavailable	4629548	565257140	https://build.rozetka.com.ua/ua/565257140/p565257140/	Декоративна ПВХ плитка Sticker Wall на самоклейці масляные краски 300х300х5мм, ціна за 1 шт. (СПП-608) SW-00001138
SW-00001138	STICO_PANEL	263347	55	1	55	0	unavailable	4641184	569762830	https://build.rozetka.com.ua/ua/569762830/p569762830/	Декоративна ПВХ плитка на самоклейці 300х300х5мм Масляні фарби, ціна за 1 шт. (СПП-608) SW-00001138
SW-00001138	ВінБудІмперіал	240759	99	1	99	0	unavailable	4648788	572705500	https://build.rozetka.com.ua/ua/572705500/p572705500/	Декоративна ПВХ плитка на самоклейці 300х300х5мм Масляні фарби, ціна за 1 шт. (СПП-608) SW-00001138
SW-00001138	Bass Culture	269902	47	1	47	0	unavailable	4629548	589909417	https://build.rozetka.com.ua/ua/589909417/p589909417/	Декоративна ПВХ плитка на самоклейці 300х300х5мм Масляні фарби, ціна за 1 шт. (СПП-608) SW-00001138
SW-00001138	THERMOTRADE	104545	61	1	61	0	unavailable	4641184	579796855	https://build.rozetka.com.ua/ua/579796855/p579796855/	Декоративна ПВХ плитка на самоклейці 300х300х5мм Масляні фарби, ціна за 1 шт. (СПП-608) SW-00001138
SW-00001138	Рельєф Простір	267658	55	1	55	90	unavailable	4629548	577342348	https://build.rozetka.com.ua/ua/577342348/p577342348/	Декоративна ПВХ плитка на самоклейці 300х300х5мм Масляні фарби, ціна за 1 шт. (СПП-608) SW-00001138
SW-00001138	ViDen	265006	49	1	49	0	unavailable	4629548	605312407	https://build.rozetka.com.ua/ua/605312407/p605312407/	Декоративна ПВХ плитка на самоклейці 300х300х5мм Масляні фарби, ціна за 1 шт. (СПП-608) SW-00001138
SW-00001138	СКАЙТУЛЗ	153858	63	1	63	0	unavailable	4629548	485876534	https://build.rozetka.com.ua/ua/485876534/p485876534/	Декоративна ПВХ плитка на самоклейці масляные краски 300х300х5мм, ціна за 1 шт. (СПП-608) SW-00001138
SW-00001138	LFcolor	213998	55	1	55	0	unavailable	4629548	485902124	https://build.rozetka.com.ua/ua/485902124/p485902124/	Декоративна ПВХ плитка на самоклейці 300х300х5мм Масляні фарби, ціна за 1 шт. (СПП-608) SW-00001138
SW-00001138	MimiPlay	238949	47	1	47	0	unavailable	4641184	606306355	https://build.rozetka.com.ua/ua/606306355/p606306355/	Декоративна ПВХ плитка на самоклейці 300х300х5мм Масляні фарби, ціна за 1 шт. (СПП-608) SW-00001138
SW-00001138	eDarunok	189795	77	1	77	0	unavailable	4629548	497031074	https://build.rozetka.com.ua/ua/497031074/p497031074/	Декоративна ПВХ плитка на самоклейці масляные краски 300х300х5мм, ціна за 1 шт. (СПП-608) SW-00001138
SW-00001138	BINGO	53688	121	1	121	0	unavailable	4641184	500793744	https://build.rozetka.com.ua/ua/500793744/p500793744/	Декоративна ПВХ плитка на самоклейці масляные краски 300х300х5мм, ціна за 1 шт. (СПП-608) SW-00001138
SW-00001138	Plumbing Assistant	211113	83	1	83	0	unavailable	4629548	504627584	https://build.rozetka.com.ua/ua/504627584/p504627584/	Декоративна ПВХ плитка на самоклейці масляные краски 300х300х4мм, ціна за 1 шт. (СПП-608) SW-00001138
SW-00001138	Мережа можливостей	194715	70	1	70	0	unavailable	4629548	506584189	https://build.rozetka.com.ua/ua/506584189/p506584189/	Декоративна ПВХ плитка на самоклейці 300х300х5мм Масляні фарби, ціна за 1 шт. (СПП-608) SW-00001138
SW-00001138	Fono Market	79493	98	1	98	0	unavailable	4641184	510190609	https://build.rozetka.com.ua/ua/510190609/p510190609/	Декоративна ПВХ плитка на самоклейці масляные краски 300х300х5мм, ціна за 1 шт. (СПП-608) SW-00001138
SW-00001138	GZoo	139880	63	1	63	0	unavailable	4629548	513582239	https://build.rozetka.com.ua/ua/513582239/p513582239/	Декоративна плитка ПВХ на самоклейці масляні фарби 300х300х5мм, ціна за 1 шт. (СПП-608) SW-00001138
SW-00001138	Color	153828	55	1	55	0	unavailable	4629548	536981519	https://build.rozetka.com.ua/ua/3d-paneli-sticker-wall-148585861/p536981519/	Декоративна ПВХ плитка на самоклейці 300х300х5мм Масляні фарби, ціна за 1 шт. (СПП-608) SW-00001138
SW-00001138	Homent	255285	47	1	47	0	unavailable	4629548	578472514	https://build.rozetka.com.ua/ua/578472514/p578472514/	Декоративна плитка ПВХ Sticker Wall на самоклейці 300х300х5мм Масляні фарби, ціна за 1 шт. СПП-608 (SW-00001138)
SW-00001138	Kind Host	272923	55	1	55	0	unavailable	4629548	591063979	https://build.rozetka.com.ua/ua/591063979/p591063979/	Декоративна ПВХ плитка на самоклейці 300х300х5мм Масляні фарби, ціна за 1 шт. (СПП-608) SW-00001138
SW-00001138	Allacro	164115	90	1	90	0	unavailable	4629548	370824540	https://build.rozetka.com.ua/ua/370824540/p370824540/	Декоративна плитка ПВХ на самоклейці олійні фарби 300х300х5мм, ціна за 1 шт. (СПП-608)
SW-00001138	SkyOne	45932	90	1	90	0	unavailable	4629548	359079546	https://build.rozetka.com.ua/ua/359079546/p359079546/	Декоративна плитка ПВХ на самоклейці Масляні фарби 300*300*4мм СПП-608 1шт.
SW-00001375	FOUKS	20886	105	1	105	0	available	4629548	421620582	https://build.rozetka.com.ua/ua/421620582/p421620582/	3Д-панель самоклеюча Італійський піщаник 700x770x5мм декоративні панелі під Бежеву цеглу на стіну SW-00001375
SW-00001375	SHEF LIFE	124373	131	1	131	142	available	4629548	440490758	https://build.rozetka.com.ua/ua/440490758/p440490758/	Самоклеюча 3D панель 700x770x5мм Бежева Катиринославська цегла SW-00001375
SW-00001375	FOUKS	20886	105.0	10	1050	0	available	4629548	424391364	https://build.rozetka.com.ua/ua/424391364/p424391364/	3Д-панель самоклеюча Італійський піщаник 700x770x5мм декоративні панелі під Бежеву цеглу на стіну Набір 10 шт SW-00001375-10шт
SW-00001375	MC LitWin	265009	122	1	122	0	available	4629548	597333976	https://build.rozetka.com.ua/ua/597333976/p597333976/	3D панель самоклеюча Sticker Wall SW-00001375 700х770х5 мм цегла бежева
SW-00001375	PARADISE	269545	116	1	116	169	available	4629548	594064600	https://build.rozetka.com.ua/ua/594064600/p594064600/	Самоклейна 3D панель ПВХ під цеглу для декорування стін 700х770х5мм Бежевий декоративна фактура під камінь для вітальні кухні передпокою фонова стінова обробка
SW-00001375	PROStikerUa	217718	105	1	105	141	available	4629548	466265799	https://build.rozetka.com.ua/ua/466265799/p466265799/	Самоклеюча 3D панель Sticker Wall Стильне оздоблення інтер’єру під бежеву цеглу катеринослав 700x770x5мм SW-00001375
SW-00001375	FOUKS	20886	105.0	5	525	0	available	4629548	421620522	https://build.rozetka.com.ua/ua/421620522/p421620522/	3Д-панель самоклеюча Італійський піщаник 700x770x5мм декоративні панелі під Бежеву цеглу на стіну Набір 5 шт SW-00001375-5шт
SW-00001375	RMService	15008	205	1	205	299	available	4629548	573167260	https://build.rozetka.com.ua/ua/573167260/p573167260/	Самоклеюча 3D панель 700 x 770 x 5 мм Бежева Катиринославська кирпич SW-00001375 (Sticker Wall)
SW-00001375	Секрети шопінгу	268996	133	1	133	0	available	4629548	580813576	https://build.rozetka.com.ua/ua/580813576/p580813576/	Самоклеюча 3D панель 700x770x5мм Бежева Катиринославська кирпич SW-00001375
SW-00001375	LFcolor	213998	105	1	105	0	available	4629548	600354952	https://build.rozetka.com.ua/ua/600354952/p600354952/	Самоклеюча 3D панель 700x770x5мм Бежева Катиринославська цегла SW-00001375
SW-00001375	AVO-LAVKA	114191	142	1	142	158	available	4629548	596630791	https://build.rozetka.com.ua/ua/596630791/p596630791/	Самоклеюча 3D панель 700x770x5мм Бежева Катиринославська кирпич SW-00001375
SW-00001375	Bigsylio	266140	105	1	105	0	available	4629548	604054180	https://build.rozetka.com.ua/ua/604054180/p604054180/	Самоклеюча 3D панель Бежевий цегла для стін декорування інтер'єру обробка стін
SW-00001375	Wide Range	211532	121	1	121	0	available	4629548	602616511	https://build.rozetka.com.ua/ua/602616511/p602616511/	Самоклеюча 3D панель 700x770x5мм Бежева Катиринославська цегла
SW-00001375	Знак якості	138753	131	1	131	0	available	4629548	609763865	https://build.rozetka.com.ua/ua/609763865/p609763865/	Самоклеюча 3D панель 700х770х5мм Бежева Катиринославська цегла SW-00001375
SW-00001375	SalePanel	208605	142	1	142	187	unavailable	4629548	415956315	https://build.rozetka.com.ua/ua/415956315/p415956315/	Самоклеюча 3D панель під бежеву цеглу катеринослав 700x770x5мм (SW-00001375)
SW-00001375	LiKEO	74783	173	1	173	0	unavailable	4629548	430097045	https://build.rozetka.com.ua/ua/430097045/p430097045/	Самоклеюча 3D панель під бежеву цеглу катеринослав 700x770x5мм SW-00001375
SW-00001375	GRAND LIFE	39993	169	1	169	0	unavailable	4629548	441140288	https://build.rozetka.com.ua/ua/441140288/p441140288/	Самоклеюча 3D панель під бежеву цеглу катеринослав 700x770x5мм SW-00001375 4569740
SW-00001375	In2time	227604	116	1	116	0	unavailable	4629548	550116678	https://build.rozetka.com.ua/ua/3d-paneli-sticker-wall-152318649/p550116678/	Самоклеюча 3D панель 700x770x5мм Бежева Катиринославська цегла SW-00001375
SW-00001375	Bass Culture	269902	105	1	105	0	unavailable	4629548	589910011	https://build.rozetka.com.ua/ua/589910011/p589910011/	Самоклеюча 3D панель 700x770x5мм Бежева Катиринославська цегла SW-00001375
SW-00001375	MimiPlay	238949	105	1	105	0	unavailable	4629548	606306934	https://build.rozetka.com.ua/ua/606306934/p606306934/	Самоклеюча 3D панель 700x770x5мм Бежева Катиринославська цегла SW-00001375
SW-00001556	Швидко&Зручно	227904	90	1	90	0	available	4629548	544964886	https://build.rozetka.com.ua/ua/3d-paneli-sticker-wall-150648401/p544964886/	Декоративна ПВХ панель 960х480х4мм SW-00001556
SW-00001556	Torg Landiya	92929	94	1	94	99	available	4629548	573878131	https://build.rozetka.com.ua/ua/573878131/p573878131/	Декоративна панель ПВХ 960*480*4мм SW-00001556
SW-00001556	LoftWall	210021	90	1	90	120	available	4629548	447930425	https://build.rozetka.com.ua/ua/447930425/p447930425/	Декоративна ПВХ панель 960*480*4мм SW-00001556
SW-00001556	Потрібне	274903	146	1	146	0	available	4629548	595275874	https://build.rozetka.com.ua/ua/595275874/p595275874/	Декоративна ПВХ панель Sticker Wall на стіну, для ванної, кухні 960*480*4мм SW-00001556
SW-00001556	3D Loft	69844	90	1	90	0	available	4641184	428258300	https://build.rozetka.com.ua/ua/428258300/p428258300/	Декоративна ПВХ панель 960*480*4мм SW-00001556
SW-00001556	PFmarket	211413	90	1	90	0	available	4641184	432875732	https://build.rozetka.com.ua/ua/432875732/p432875732/	Декоративна ПВХ панель 960*480*4мм SW-00001556
SW-00001556	DomLoft	139608	89	1	89	150	available	4641184	428289035	https://build.rozetka.com.ua/ua/428289035/p428289035/	Декоративна ПВХ панель (96*48CM * 4мм) (D) SW-00001556
SW-00001556	D`n`D Group	17032	90	1	90	0	available	4641184	430132946	https://build.rozetka.com.ua/ua/430132946/p430132946/	Декоративна ПВХ панель 960х480х4мм SW-00001556 (SW-00001556)
SW-00001556	RSI	48100	89	1	89	0	available	4641184	440481281	https://build.rozetka.com.ua/ua/440481281/p440481281/	Декоративна ПВХ панель 960х480х4мм SW-00001556
SW-00001556	Днепрлюкс	146605	90	1	90	0	available	4641184	462770469	https://build.rozetka.com.ua/ua/462770469/p462770469/	Декоративна панель ПВХ 960*480*4мм SW-00001556
SW-00001556	PROStikerUa	217718	90	1	90	121	available	4641184	466518114	https://build.rozetka.com.ua/ua/466518114/p466518114/	Декоративна ПВХ панель Sticker Wall 960*480*4мм SW-00001556
SW-00001556	Секрети шопінгу	268996	101	1	101	0	available	4629548	580811401	https://build.rozetka.com.ua/ua/580811401/p580811401/	Декоративна панель ПВХ 960х480х4мм SW-00001556
SW-00001556	LFcolor	213998	90	1	90	0	available	4629548	600353686	https://build.rozetka.com.ua/ua/600353686/p600353686/	Декоративна ПВХ панель 960х480х4мм SW-00001556
SW-00001556	AVO-LAVKA	114191	122	1	122	135	available	4641184	598794424	https://build.rozetka.com.ua/ua/598794424/p598794424/	Декоративна ПВХ панель 960х480х4мм SW-00001556
SW-00001556	MC LitWin	265009	99	1	99	0	available	4629548	597335179	https://build.rozetka.com.ua/ua/597335179/p597335179/	ПВХ панель декоративна Sticker Wall SW-00001556 960х480х4 мм
SW-00001556	NIVENTO	271966	134	1	134	241	available	4641184	601647904	https://build.rozetka.com.ua/ua/601647904/p601647904/	Декоративна ПВХ панель 960х480х4мм SW-00001556
SW-00001556	FOUKS	20886	90	1	90	120	available	4641184	432098786	https://build.rozetka.com.ua/ua/432098786/p432098786/	Стінові панелі для ванної ПВХ 960*480мм Цегла камінь кладка Мікс для стін кухні декор Коричневий
SW-00001556	SUN HEAT	17072	123	1	123	0	available	4641184	590636203	https://build.rozetka.com.ua/ua/590636203/p590636203/	ПВХ декоративна панель ремонт інтер'єру 960x480x4 мм вологостійка гнучка тактильна
SW-00001556	Lavkamarka	227099	90	1	90	120	available	4641184	494347129	https://build.rozetka.com.ua/ua/494347129/p494347129/	Декоративна ПВХ панель Sticker Wall 960х480х4 мм (1556)
SW-00001556	3DDD	188802	121	1	121	0	unavailable	4629548	388443525	https://build.rozetka.com.ua/ua/388443525/p388443525/	Декоративна панель ПВХ Sticker Wall 96х48CM х 4мм D SW-00001556
SW-00001556	DecoGrip	204264	120	1	120	160	unavailable	4641184	405574137	https://build.rozetka.com.ua/ua/405574137/p405574137/	Декоративна ПВХ панель Sticker Wall 96 х 48см х 4мм (D) SW-00001556
SW-00001556	GRAND LIFE	39993	111	1	111	0	unavailable	4641184	440896715	https://build.rozetka.com.ua/ua/440896715/p440896715/	Декоративна ПВХ панель 960*480*4мм SW-00001556 4626240
SW-00001556	SpotikachUA	196146	105	1	105	0	unavailable	4641184	449279822	https://build.rozetka.com.ua/ua/449279822/p449279822/	Декоративна ПВХ панель 960*480*4мм SW-00001556
SW-00001556	In2time	227604	105	1	105	0	unavailable	4629548	550114572	https://build.rozetka.com.ua/ua/3d-paneli-sticker-wall-152318348/p550114572/	Декоративна ПВХ панель 960х480х4мм SW-00001556
SW-00001556	HomeproUA	234939	152	1	152	0	unavailable	4641184	557148501	https://build.rozetka.com.ua/ua/3d-paneli-sticker-wall-154961622/p557148501/	Декоративна ПВХ панель 960х480х4мм SW-00001556
SW-00001556	People's composition of the manufacturer	250050	120	1	120	0	unavailable	4641184	565258436	https://build.rozetka.com.ua/ua/565258436/p565258436/	Декоративна ПВХ панель Sticker Wall 960*480*4мм SW-00001556
SW-00001556	Homent	255285	96	1	96	0	unavailable	4629548	578471731	https://build.rozetka.com.ua/ua/578471731/p578471731/	Декоративна ПВХ панель Sticker Wall 960х480х4мм (SW-00001556)
SW-00001556	Bass Culture	269902	96	1	96	0	unavailable	4629548	589909426	https://build.rozetka.com.ua/ua/589909426/p589909426/	Декоративна ПВХ панель 960х480х4мм SW-00001556
SW-00001556	Fono Market	79493	125	1	125	0	unavailable	4641184	510188414	https://build.rozetka.com.ua/ua/510188414/p510188414/	Декоративна ПВХ панель 960*480*4мм SW-00001556
SW-00001556	ukriloom	226664	89	1	89	0	unavailable	4641184	538141924	https://build.rozetka.com.ua/ua/pvh-plitka-sticker-wall-148807384/p538141924/	Декоративна ПВХ панель 960х480х4мм SW-00001556
SW-00001556	STICO_PANEL	263347	89	1	89	0	unavailable	4641184	570721744	https://build.rozetka.com.ua/ua/570721744/p570721744/	Декоративна ПВХ панель 960х480х4мм SW-00001556
SW-00001556	MimiPlay	238949	96	1	96	0	unavailable	4641184	606307669	https://build.rozetka.com.ua/ua/606307669/p606307669/	Декоративна ПВХ панель 960х480х4мм SW-00001556
SW-00002907	PROStikerUa	217718	893	1	893	1197	available	4629548	610899059	https://build.rozetka.com.ua/ua/610899059/p610899059/	Покриття вінілове самоклеюче 3D рейки в рулоні Тік сивий 600х2900х3мм D SW-00002907
SW-00002907	ukriloom	226664	920	1	920	0	available	4657848	582396931	https://build.rozetka.com.ua/ua/582396931/p582396931/	Покриття вінілове самоклеюче 3D рейки 600х2900х3мм Тік сивий SW-00002907
SW-00002907	3DDD	188802	786	1	786	951	available	4629548	610879949	https://build.rozetka.com.ua/ua/610879949/p610879949/	Покриття вінілове самоклеюче 3D рейки в рулоні Тік сивий 600х2900х3мм D SW-00002907
SW-00002907	Bigsylio	266140	893	1	893	0	available	4629548	614739953	https://build.rozetka.com.ua/ua/614739953/p614739953/	Покриття вінілове самоклеюче 3D рейки 600х3000х3мм Тік сивий SW-00002907
SW-00002907	Lavkamarka	227099	893	1	893	1050	available	4641184	610886621	https://build.rozetka.com.ua/ua/610886621/p610886621/	Покриття вінілове самоклеюче 3D рейки Sticker Wall 3000Х600Х3 мм Тік сивий SW-00002907
SW-00002907	SHEF LIFE	124373	1116	1	1116	1206	available	4657848	584305405	https://build.rozetka.com.ua/ua/584305405/p584305405/	Покриття вінілове самоклеюче 3D рейки 600х2900х3мм Тік сивий SW-00002907
SW-00002907	PRIMAVERA_pro	245169	2256	1	2256	0	available	4629548	593440606	https://build.rozetka.com.ua/ua/593440606/p593440606/	Покриття вінілове самоклеюче 3D рейки 600х2900х3мм Тік сивий SW-00002907
SW-00002907	TechnoPrime	33201	1155	1	1155	0	available	4648788	603173737	https://build.rozetka.com.ua/ua/603173737/p603173737/	Покриття вінілове самоклеюче 3D рейки 600х2900х3мм Тік сивий SW-00002907
SW-00002907	МАЙЯ	20508	950	1	950	0	available	4648788	613534682	https://build.rozetka.com.ua/ua/613534682/p613534682/	Покриття вінілове самоклеюче 3D рейки 600х2900х3мм Тік сивий SW-00002907
SW-00002907	K-Warehouse	217766	904	1	904	0	available	4629548	584403313	https://build.rozetka.com.ua/ua/584403313/p584403313/	Покриття вінілове самоклеюче 3D рейки 600х2900х3мм Тік сивий SW-00002907
SW-00002907	Davelia Shop	283358	1116	1	1116	0	available	4629548	616823027	https://build.rozetka.com.ua/ua/616823027/p616823027/	Покриття вінілове самоклеюче 3D рейки 600х3000х3мм Тік сивий SW-00002907
SW-00002907	wow	49996	1300	1	1300	0	available	4641184	607098391	https://build.rozetka.com.ua/ua/607098391/p607098391/	Покриття вінілове самоклеюче 3D рейки 600х2900х3мм Тік сивий SW-00002907
SW-00002907	PeRoHome	282119	1349	1	1349	0	available	4629548	613017548	https://build.rozetka.com.ua/ua/613017548/p613017548/	Покриття вінілове самоклеюче 3D рейки 600х3000х3мм Тік сивий SW-00002907
SW-00002907	Shywon	237919	983	1	983	0	available	4641184	583953094	https://build.rozetka.com.ua/ua/583953094/p583953094/	Покриття вінілове самоклеюче 3D рейки 600х2900х3мм Тік сивий SW-00002907
SW-00002907	Happy Valise	44840	1027	1	1027	1208	available	4648788	583383829	https://build.rozetka.com.ua/ua/583383829/p583383829/	Покриття вінілове самоклеюче 3D рейки у рулоні 600х2900х3мм Тік Сивий SW-00002907
SW-00002907	Bravion Store	276091	1450	1	1450	0	available	4629548	598420444	https://build.rozetka.com.ua/ua/598420444/p598420444/	Покриття вінілове самоклеюче 3D рейки 600х2900х3мм Тік сивий SW-00002907
SW-00002907	LFcolor	213998	893	1	893	0	available	4629548	600354454	https://build.rozetka.com.ua/ua/600354454/p600354454/	Покриття вінілове самоклеюче 3D рейки 600х2900х3мм Тік сивий SW-00002907
SW-00002907	NIVENTO	271966	1950	1	1950	3510	available	4629548	601664134	https://build.rozetka.com.ua/ua/601664134/p601664134/	Покриття вінілове самоклеюче 3D рейки 600х2900х3мм Тік сивий SW-00002907
SW-00002907	Roomland	241419	1040	1	1040	1325	available	4629548	611237498	https://build.rozetka.com.ua/ua/611237498/p611237498/	Самоклеючі вінілові 3D рейки в рулоні для стін 600×3000×3 мм, 1,8 м² Тік сивий
SW-00002907	Wide Range	211532	1027	1	1027	0	available	4629548	602616178	https://build.rozetka.com.ua/ua/602616178/p602616178/	Покриття вінілове самоклеюче 3D рейки в рулоні 600х2900х3мм Тік сивий
SW-00002907	Stiker_style	262837	1300	1	1300	0	unavailable	4648788	582043231	https://build.rozetka.com.ua/ua/582043231/p582043231/	Самоклеюча 3D панель в рулоні StikerWall 600х2900х3мм Тік Сірий (SW-00002907)
SW-00002907	STICO_PANEL	263347	1300	1	1300	0	unavailable	4648788	582066001	https://build.rozetka.com.ua/ua/582066001/p582066001/	Покриття вінілове самоклеюче 3D рейки 600х2900х3мм Тік сивий SW-00002907
SW-00002907	Kind Host	272923	1300	1	1300	0	unavailable	4648788	591063430	https://build.rozetka.com.ua/ua/591063430/p591063430/	Покриття вінілове самоклеюче 3D рейки 600х2900х3мм Тік сивий SW-00002907
SW-00002907	THERMOTRADE	104545	1430	1	1430	0	unavailable	4641184	582533803	https://build.rozetka.com.ua/ua/582533803/p582533803/	Покриття вінілове самоклеюче 3D рейки 600х2900х3мм Тік сивий SW-00002907
SW-00002907	ViDen	265006	1378	1	1378	0	unavailable	4641184	605310865	https://build.rozetka.com.ua/ua/605310865/p605310865/	Покриття вінілове самоклеюче 3D рейки 600х2900х3мм Тік сивий SW-00002907
SW-00002907	Kind Host	272923	1200	1	1200	0	unavailable	4629548	613933310	https://build.rozetka.com.ua/ua/613933310/p613933310/	Покриття вінілове самоклеюче 3D рейки 600х3000х3мм Тік сивий SW-00002907
SW-00002907	Швидко&Зручно	227904	1300	1	1300	1300	unavailable	4648788	584481514	https://build.rozetka.com.ua/ua/584481514/p584481514/	Покриття вінілове самоклеюче 3D Рейки в рулоні Тік Сивий 600х2900х3мм (D) SW-00002907
SW-00002303	Днепрлюкс	146605	59	1	59	0	available	4659004	542924095	https://build.rozetka.com.ua/ua/plitka-dlya-gilih-pomeshcheniy-sticker-wall-149730526/p542924095/	Самоклеюча стінова PET плитка 600*300*2mm (D) SW-00002303
SW-00002303	Shywon	237919	63	1	63	0	available	4629548	544803185	https://build.rozetka.com.ua/ua/3d-paneli-sticker-wall-150158647/p544803185/	Самоклеюча стінова PET плитка 600х300х2мм SW-00002303
SW-00002303	LoftWall	210021	59	1	59	65	available	4629548	465205264	https://build.rozetka.com.ua/ua/465205264/p465205264/	Самоклеюча стінова PET плитка 600*300*2mm (D) SW-00002303
SW-00002303	TechnoPrime	33201	72	1	72	0	available	4657848	556523526	https://build.rozetka.com.ua/ua/vinilovie-oboi-sticker-wall-154713439/p556523526/	Самоклеюча стінова PET плитка 600х300х2мм SW-00002303
SW-00002303	Happy Valise	44840	68	1	68	75	available	4629548	466985824	https://build.rozetka.com.ua/ua/466985824/p466985824/	Самоклеюча стінова PET плитка 600x300x2mm (D) SW-00002303
SW-00002303	Torg Landiya	92929	62	1	62	65	available	4629548	467164754	https://build.rozetka.com.ua/ua/467164754/p467164754/	Самоклеюча стінова плитка PET 600*300*2mm (D) SW-00002303
SW-00002303	SHEF LIFE	124373	74	1	74	80	available	4629548	557127525	https://build.rozetka.com.ua/ua/3d-paneli-sticker-wall-155007080/p557127525/	Самоклеюча стінова PET плитка 600х300х2мм SW-00002303
SW-00002303	3D Loft	69844	59	1	59	0	available	4659004	466699479	https://build.rozetka.com.ua/ua/466699479/p466699479/	Самоклеюча стінова PET плитка 600*300*2mm (D) SW-00002303
SW-00002303	ItailOil	33267	67	1	67	94	available	4648788	574052137	https://build.rozetka.com.ua/ua/574052137/p574052137/	Самоклеюча стінова PET плитка Sticker Wall SW-00002303 600х300х2 мм
SW-00002303	K-Warehouse	217766	58	1	58	0	available	4629548	476815694	https://build.rozetka.com.ua/ua/476815694/p476815694/	Самоклеюча стінова PET плитка 600*300*2mm (D) SW-00002303
SW-00002303	PROStikerUa	217718	59	1	59	79	available	4629548	477278449	https://build.rozetka.com.ua/ua/477278449/p477278449/	Самоклеюча стінова PET плитка Sticker Wall 600*300*2mm (D) SW-00002303
SW-00002303	D`n`D Group	17032	59	1	59	0	available	4641184	478366429	https://build.rozetka.com.ua/ua/478366429/p478366429/	Самоклеюча стінова PET плитка 600х300х2мм SW-00002303 (SW-00002303)
SW-00002303	ukriloom	226664	61	1	61	0	available	4629548	593088646	https://build.rozetka.com.ua/ua/593088646/p593088646/	Самоклеюча стінова PET плитка 600х300х2мм SW-00002303
SW-00002303	PRIMAVERA_pro	245169	112	1	112	0	available	4648788	593440156	https://build.rozetka.com.ua/ua/593440156/p593440156/	Самоклеюча стінова PET плитка 600х300х2мм SW-00002303
SW-00002303	Потрібне	274903	75	1	75	0	available	4629548	594898735	https://build.rozetka.com.ua/ua/594898735/p594898735/	Самоклеюча стінова PET плитка Sticker Wall на стіну для кухні, ванної кімнати та інших приміщень 600х300х2мм SW-00002303
SW-00002303	NIVENTO	271966	74	1	74	133	available	4629548	601664440	https://build.rozetka.com.ua/ua/601664440/p601664440/	Самоклеюча стінова PET плитка 600х300х2мм SW-00002303
SW-00002303	AVO-LAVKA	114191	80	1	80	89	available	4648788	596632051	https://build.rozetka.com.ua/ua/596632051/p596632051/	Самоклеюча стінова PET плитка 600х300х2мм SW-00002303
SW-00002303	Декостра	278257	49	1	49	0	available	4629548	603197260	https://build.rozetka.com.ua/ua/603197260/p603197260/	Самоклеюча стінова PET плитка 600х300х2мм SW-00002303
SW-00002303	Знак якості	138753	72	1	72	0	available	4629548	609764000	https://build.rozetka.com.ua/ua/609764000/p609764000/	Самоклеюча стінова PET плитка 600х300х2мм SW-00002303
SW-00002303	MC LitWin	265009	60	1	60	0	available	4629548	597335098	https://build.rozetka.com.ua/ua/597335098/p597335098/	Вінілова плитка самоклеюча Sticker Wall SW-00002303 600х300х2 мм камінь
SW-00002303	Davelia Shop	283358	81	1	81	0	available	4629548	616822715	https://build.rozetka.com.ua/ua/616822715/p616822715/	Самоклеюча стінова PET плитка 600х300х2мм SW-00002303
SW-00002303	ZHOSAR	275845	59	1	59	0	available	4629548	603699208	https://build.rozetka.com.ua/ua/603699208/p603699208/	Самоклеюча стінова PET плитка 600х300х2мм SW-00002303
SW-00002303	PeRoHome	282119	115	1	115	0	available	4641184	613015583	https://build.rozetka.com.ua/ua/613015583/p613015583/	Самоклеюча стінова PET плитка 600х300х2мм SW-00002303
SW-00002303	eDarunok	189795	65	1	65	0	available	4629548	497030304	https://build.rozetka.com.ua/ua/497030304/p497030304/	Самоклеюча стінова PET плитка 600*300*2mm (D) SW-00002303
SW-00002303	MiroLends	137263	67	1	67	0	available	4629548	515609269	https://build.rozetka.com.ua/ua/515609269/p515609269/	Самоклеюча стінова PET плитка 600*300*2mm (D) SW-00002303
SW-00002303	Online Shop	12416	94	1	94	79	available	4629548	539828364	https://build.rozetka.com.ua/ua/plitka-dlya-gilih-pomeshcheniy-sticker-wall-149337102/p539828364/	Самоклеюча стінова PET плитка 600*300*2mm (D) SW-00002303
SW-00002303	МАЙЯ	20508	61	1	61	0	available	4659004	589668349	https://build.rozetka.com.ua/ua/589668349/p589668349/	Самоклеюча стінова PET плитка 600х300х2мм SW-00002303
SW-00002303	Bravion Store	276091	75	1	75	0	available	4648788	597039994	https://build.rozetka.com.ua/ua/597039994/p597039994/	Самоклеюча стінова PET плитка 600х300х2мм SW-00002303
SW-00002303	FOUKS	20886	59	1	59	65	available	4641184	468257684	https://build.rozetka.com.ua/ua/468257684/p468257684/	Плитка ПЕТ самоклеюча Іспанський мармур текстурний під камінь 300х600х2мм панель стінова ПВХ покриття
SW-00002303	Wide Range	211532	68	1	68	0	available	4659004	582204295	https://build.rozetka.com.ua/ua/582204295/p582204295/	Самоклеюча стінова PET плитка 600х300х2мм Сіро-білий мармур
SW-00002303	3DDD	188802	50	1	50	61	available	4629548	478781804	https://build.rozetka.com.ua/ua/478781804/p478781804/	Самоклеюча стінова PET плитка 600 x 300 x 2mm (D) SW-2303
SW-00002303	Bigsylio	266140	59	1	59	0	available	4629548	606381388	https://build.rozetka.com.ua/ua/606381388/p606381388/	Самоклеюча стінова плитка з PET 600х300х2мм Мармурова для внутрішньої обробки стін декор плитка
SW-00002303	The world of ideas	166476	67	1	67	0	available	4629548	493673144	https://build.rozetka.com.ua/ua/493673144/p493673144/	Самоклеюча стінова PET плитка 600 x 300 x 2mm (D) SW-2303
SW-00002303	Lavkamarka	227099	59	1	59	65	available	4641184	494346969	https://build.rozetka.com.ua/ua/494346969/p494346969/	Самоклеюча стінова PET плитка Sticker Wall 600х300х2мм (2303)
SW-00002303	SUN HEAT	17072	80	1	80	0	available	4641184	591523174	https://build.rozetka.com.ua/ua/591523174/p591523174/	Самоклеюча ПЕТ плитка для стін 600х300х2мм декор стін без свердління вологостійка самоклейка кухня ванна передпокій інтерʼєр Кремово-білий
SW-00002303	PARADISE	269545	65	1	65	95	available	4648788	603751159	https://build.rozetka.com.ua/ua/603751159/p603751159/	Декоративна плитка ПЕТ для стін 600х300х2 мм гнучка зносостійка з рельєфом 3D стійка до вологи надійна у користуванні легкий монтаж без клею для кухні Мармуровий
SW-00002303	Юзон	169785	111	1	111	0	unavailable	4648788	545845290	https://build.rozetka.com.ua/ua/samokleyashchiesya-plenki-sticker-wall-150666378/p545845290/	Самоклеюча стінова плитка STICKER WALL 600*300*2мм PET (D) SW-00002303
SW-00002303	In2time	227604	87	1	87	0	unavailable	4629548	550115841	https://build.rozetka.com.ua/ua/3d-paneli-sticker-wall-152318374/p550115841/	Самоклеюча стінова PET плитка 600х300х2мм SW-00002303
SW-00002303	Crystal sky	250060	59	1	59	0	unavailable	4629548	563400717	https://build.rozetka.com.ua/ua/3d-paneli-sticker-wall-157319876/p563400717/	Самоклеюча стінова PET плитка 600х300х2мм SW-00002303
SW-00002303	ItailOil	33267	94	1	94	0	unavailable	4648788	569892457	https://build.rozetka.com.ua/ua/569892457/p569892457/	Самоклеюча стінова PET плитка Sticker Wall SW-00002303 600х300х2 мм
SW-00002303	RCMN	136578	110	1	110	0	unavailable	4629548	562208961	https://build.rozetka.com.ua/ua/kovrolin-bez-brenda-157065140/p562208961/	Самоклеюча стінова PET плитка 600х300х2мм SW-00002303
SW-00002303	Рельєф Простір	267658	79	1	79	0	unavailable	4648788	577341787	https://build.rozetka.com.ua/ua/577341787/p577341787/	Самоклеюча стінова PET плитка 600х300х2мм SW-00002303
SW-00002303	Stiker_style	262837	75	1	75	0	unavailable	4629548	567772261	https://build.rozetka.com.ua/ua/567772261/p567772261/	САМОКЛЕЮЧА СТІНОВА PET ПЛИТКА StikerWall 600Х300Х2ММ Ciрий з коричневим (SW-00002303)
SW-00002303	ВінБудІмперіал	240759	87	1	87	0	unavailable	4648788	572705236	https://build.rozetka.com.ua/ua/572705236/p572705236/	Самоклеюча стінова PET плитка 600х300х2мм SW-00002303
SW-00002303	STICO_PANEL	263347	49	1	49	0	unavailable	4629548	569762785	https://build.rozetka.com.ua/ua/569762785/p569762785/	Самоклеюча стінова PET плитка 600х300х2мм SW-00002303
SW-00002303	ВінБудІмперіал	240759	91	1	91	0	unavailable	4629548	583066057	https://build.rozetka.com.ua/ua/583066057/p583066057/	Самоклеюча стінова PET плитка 600х300х2мм SW-00002303
SW-00002303	THERMOTRADE	104545	72	1	72	0	unavailable	4641184	579796636	https://build.rozetka.com.ua/ua/579796636/p579796636/	Самоклеюча стінова PET плитка 600х300х2мм SW-00002303
SW-00002303	Homent	255285	65	1	65	0	unavailable	4629548	578471695	https://build.rozetka.com.ua/ua/578471695/p578471695/	Самоклеюча стінова PET плитка Sticker Wall 600х300х2мм (SW-00002303)
SW-00002303	Ентемпс	211401	79	1	79	0	unavailable	4641184	573035998	https://build.rozetka.com.ua/ua/573035998/p573035998/	Самоклеюча стінова PET плитка 600х300х2мм SW-00002303
SW-00002303	TOWER	83595	90	1	90	0	unavailable	4629548	479924789	https://build.rozetka.com.ua/ua/479924789/p479924789/	Самоклеюча стінова PET плитка 600х300х2мм SW-00002303
SW-00002303	Kind Host	272923	49	1	49	0	unavailable	4641184	591063391	https://build.rozetka.com.ua/ua/591063391/p591063391/	Самоклеюча стінова PET плитка 600х300х2мм SW-00002303
SW-00002303	MimiPlay	238949	65	1	65	0	unavailable	4629548	606307630	https://build.rozetka.com.ua/ua/606307630/p606307630/	Самоклеюча стінова PET плитка 600х300х2мм SW-00002303
SW-00002303	Plumbing Assistant	211113	119	1	119	0	unavailable	4629548	484919079	https://build.rozetka.com.ua/ua/484919079/p484919079/	Самоклеюча стінова PET плитка 600*300*2мм (D) SW-00002303
SW-00002303	СКАЙТУЛЗ	153858	91	1	91	0	unavailable	4629548	485878249	https://build.rozetka.com.ua/ua/485878249/p485878249/	Самоклеюча стінова PET плитка 600*300*2mm (D) SW-00002303
SW-00002303	LFcolor	213998	65	1	65	0	unavailable	4629548	485901239	https://build.rozetka.com.ua/ua/485901239/p485901239/	Самоклеюча стінова PET плитка 600х300х2мм SW-00002303
SW-00002303	ViDen	265006	68	1	68	0	unavailable	4658998	605312848	https://build.rozetka.com.ua/ua/605312848/p605312848/	Самоклеюча стінова PET плитка 600х300х2мм SW-00002303
SW-00002303	BINGO	53688	133	1	133	0	unavailable	4641184	500793454	https://build.rozetka.com.ua/ua/500793454/p500793454/	Самоклеюча стінова PET плитка 600*300*2mm (D) SW-00002303
SW-00002303	Мережа можливостей	194715	98	1	98	0	unavailable	4629548	506581929	https://build.rozetka.com.ua/ua/506581929/p506581929/	Самоклеюча стінова PET плитка 600*300*2mm (D) SW-00002303
SW-00002303	GZoo	139880	75	1	75	0	unavailable	4629548	508385559	https://build.rozetka.com.ua/ua/508385559/p508385559/	Самоклеюча стінова PET плитка 600*300*2mm (D) SW-00002303
SW-00002303	Fono Market	79493	111	1	111	0	unavailable	4641184	510187999	https://build.rozetka.com.ua/ua/510187999/p510187999/	Самоклеюча стінова PET плитка 600*300*2mm (D) SW-00002303
SW-00002303	lookoboi	56952	75	1	75	0	unavailable	4641184	527408629	https://build.rozetka.com.ua/ua/527408629/p527408629/	Самоклеюча стінова ПЕТ плитка 600*300*2 мм карара бежево-темно-коричнева (D) SW-00002303
SW-00002303	ukriloom	226664	79	1	79	0	unavailable	4657848	538142279	https://build.rozetka.com.ua/ua/plitka-dlya-gilih-pomeshcheniy-sticker-wall-148807585/p538142279/	Самоклеюча стінова PET плитка 600х300х2мм SW-00002303
SW-00002303	Bass Culture	269902	65	1	65	0	unavailable	4629548	589908829	https://build.rozetka.com.ua/ua/589908829/p589908829/	Самоклеюча стінова PET плитка 600х300х2мм SW-00002303
SW-00002303	IWantAll	265288	80	1	80	0	unavailable	4629548	613327424	https://build.rozetka.com.ua/ua/613327424/p613327424/	Самоклеюча стінова PET плитка SW-00002303 600х300х2мм водостійка Sticker Wall DPO_SW-00002303
SW-00000673	MC LitWin	265009	55	1	55	0	available	4629548	597336160	https://build.rozetka.com.ua/ua/597336160/p597336160/	Вінілова плитка самоклеюча Sticker Wall SW-00000673 275х285х4 мм геометрія
SW-00000673	Потрібне	274903	62	1	62	0	available	4629548	595274518	https://build.rozetka.com.ua/ua/595274518/p595274518/	Декоративна ПВХ плитка Sticker Wall на самоклейці 280х300х5мм Соти, ціна за 1 шт. (СПП-504) SW-00000673
SW-00000673	3DDD	188802	46	1	46	56	available	4629548	409128495	https://build.rozetka.com.ua/ua/409128495/p409128495/	Декоративна плитка ПВХ Sticker Wall на самоклейці стільники 280х300х5мм (СПП-504) SW-00000673
SW-00000673	LFcolor	213998	52	1	52	0	available	4629548	600352948	https://build.rozetka.com.ua/ua/600352948/p600352948/	Декоративна ПВХ плитка на самоклейці 275х285х4мм Соти, ціна за 1 шт. (СПП-504) SW-00000673
SW-00000673	Wide Range	211532	60	1	60	0	available	4629548	602616037	https://build.rozetka.com.ua/ua/602616037/p602616037/	Декоративна ПВХ плитка на самоклейці 275х285х4мм Соти (СПП-504) SW-00000673
SW-00000673	Швидко&Зручно	227904	52	1	52	0	available	4629548	560130993	https://build.rozetka.com.ua/ua/3d-paneli-sticker-wall-156083234/p560130993/	Декоративна ПВХ плитка на самоклейці 280х300х5мм Соти, ціна за 1 шт. (СПП-504) SW-00000673
SW-00000673	3D Loft	69844	52	1	52	0	available	4629548	428258207	https://build.rozetka.com.ua/ua/428258207/p428258207/	Декоративна ПВХ плитка на самоклейці соти 280х300х5мм, ціна за 1 шт. (СПП-504) SW-00000673
SW-00000673	D`n`D Group	17032	52	1	52	0	available	4641184	430134917	https://build.rozetka.com.ua/ua/430134917/p430134917/	Декоративна ПВХ плитка на самоклейці 280х300х5мм Соти, ціна за 1 шт. (СПП-504) SW-00000673 (SW-00000673)
SW-00000673	PFmarket	211413	52	1	52	0	available	4641184	432877031	https://build.rozetka.com.ua/ua/432877031/p432877031/	Декоративна ПВХ плитка на самоклейці соти 280х300х5мм, ціна за 1 шт. (СПП-504) SW-00000673
SW-00000673	RSI	48100	55	1	55	0	available	4641184	440480426	https://build.rozetka.com.ua/ua/440480426/p440480426/	Декоративна ПВХ плитка на самоклейці 280х300х5мм Соти, ціна за 1 шт. (СПП-504) SW-00000673
SW-00000673	Shywon	237919	57	1	57	0	available	4629548	544807620	https://build.rozetka.com.ua/ua/3d-paneli-sticker-wall-150159443/p544807620/	Декоративна ПВХ плитка на самоклейці 275х285х4мм Соти, ціна за 1 шт. (СПП-504) SW-00000673
SW-00000673	K-Warehouse	217766	52	1	52	0	available	4629548	453036821	https://build.rozetka.com.ua/ua/453036821/p453036821/	Декоративна ПВХ плитка на самоклейці Sticker Wall соти 280х300х5мм, SW-00000673
SW-00000673	Днепрлюкс	146605	52	1	52	0	available	4641184	462341899	https://build.rozetka.com.ua/ua/462341899/p462341899/	Декоративна ПВХ плитка на самоклейці 280х300х5мм Соти, ціна за 1 шт. (СПП-504) SW-00000673
SW-00000673	SHEF LIFE	124373	65	1	65	70	available	4641184	557127690	https://build.rozetka.com.ua/ua/3d-paneli-sticker-wall-155007165/p557127690/	Декоративна ПВХ плитка на самоклейці 280х300х5мм Соти, ціна за 1 шт. (СПП-504) SW-00000673
SW-00000673	PROStikerUa	217718	52	1	52	70	available	4629548	466517504	https://build.rozetka.com.ua/ua/466517504/p466517504/	Декоративна плитка ПВХ на самоклейці Sticker Wall стільники 280х300х5мм (СПП-504) SW-00000673
SW-00000673	Torg Landiya	92929	54	1	54	57	available	4641184	467621359	https://build.rozetka.com.ua/ua/467621359/p467621359/	Декоративна плитка ПВХ на самоклейці соті 280х300х5мм, ціна за 1 шт. (СПП-504) SW-00000673
SW-00000673	ukriloom	226664	54	1	54	0	available	4629548	577160680	https://build.rozetka.com.ua/ua/577160680/p577160680/	Декоративна ПВХ плитка на самоклейці 275х285х4мм Соти, ціна за 1 шт. (СПП-504) SW-00000673
SW-00000673	PRIMAVERA_pro	245169	95	1	95	0	available	4629548	593439922	https://build.rozetka.com.ua/ua/593439922/p593439922/	Декоративна ПВХ плитка на самоклейці 275х285х4мм Соти, ціна за 1 шт. (СПП-504) SW-00000673
SW-00000673	Bravion Store	276091	75	1	75	0	available	4629548	597137002	https://build.rozetka.com.ua/ua/597137002/p597137002/	Декоративна ПВХ плитка на самоклейці 275х285х4мм Соти, ціна за 1 шт. (СПП-504) SW-00000673
SW-00000673	LoftWall	210021	52	1	52	90	available	4629548	477349394	https://build.rozetka.com.ua/ua/477349394/p477349394/	Декоративна ПВХ плитка на самоклейці соти 280х300х5мм, ціна за 1 шт. (СПП-504) SW-00000673
SW-00000673	RMService	15008	152	1	152	199	available	4629548	580056838	https://build.rozetka.com.ua/ua/580056838/p580056838/	Декоративна плитка ПВХ на самоклейці 280 х 300 х 5 мм Соті (СПП-504) SW-00000673 (Sticker Wall)
SW-00000673	МАЙЯ	20508	55	1	55	0	available	4641184	593018761	https://build.rozetka.com.ua/ua/593018761/p593018761/	Декоративна ПВХ плитка на самоклейці 275х285х4мм Соти, ціна за 1 шт. (СПП-504) SW-00000673
SW-00000673	TechnoPrime	33201	57	1	57	0	available	4629548	604312546	https://build.rozetka.com.ua/ua/604312546/p604312546/	Декоративна ПВХ плитка на самоклейці 275х285х4мм Соти, ціна за 1 шт. (СПП-504) SW-00000673
SW-00000673	Знак якості	138753	59	1	59	0	available	4629548	618563342	https://build.rozetka.com.ua/ua/618563342/p618563342/	Декоративна ПВХ плитка на самоклейці 275х285х4мм Соти, ціна за 1 шт. (СПП-504) SW-00000673
SW-00000673	Декостра	278257	55	1	55	0	available	4629548	602309041	https://build.rozetka.com.ua/ua/602309041/p602309041/	Декоративна ПВХ плитка на самоклейці 275х285х4мм Соти, ціна за 1 шт. (СПП-504) SW-00000673
SW-00000673	Davelia Shop	283358	65	1	65	0	available	4629548	616823687	https://build.rozetka.com.ua/ua/616823687/p616823687/	Декоративна ПВХ плитка на самоклейці 275х285х4мм Соти, ціна за 1 шт. (СПП-504) SW-00000673
SW-00000673	NIVENTO	271966	83	1	83	149	available	4641184	601663093	https://build.rozetka.com.ua/ua/601663093/p601663093/	Декоративна ПВХ плитка на самоклейці 275х285х4мм Соти, ціна за 1 шт. (СПП-504) SW-00000673
SW-00000673	The world of ideas	166476	61	1	61	0	available	4629548	493674309	https://build.rozetka.com.ua/ua/493674309/p493674309/	Декоративна плитка ПВХ Sticker Wall на самоклейці стільники 280х300х5мм (СПП-504) SW-00000673
SW-00000673	PeRoHome	282119	102	1	102	0	available	4629548	613016093	https://build.rozetka.com.ua/ua/613016093/p613016093/	Декоративна ПВХ плитка на самоклейці 275х285х4мм Соти, ціна за 1 шт. (СПП-504) SW-00000673
SW-00000673	Секрети шопінгу	268996	56	1	56	0	available	4629548	580812169	https://build.rozetka.com.ua/ua/580812169/p580812169/	Декоративна плитка ПВХ на самоклейці 280х300х5мм Соті, ціна за 1 шт. (СПП-504) SW-00000673
SW-00000673	AVO-LAVKA	114191	70	1	70	78	available	4641184	598793794	https://build.rozetka.com.ua/ua/598793794/p598793794/	Декоративна плитка ПВХ на самоклейці 275х285х4мм Соті, ціна за 1 шт. (СПП-504) SW-00000673
SW-00000673	FOUKS	20886	52	1	52	90	available	4641184	332949046	https://build.rozetka.com.ua/ua/332949046/p332949046/	Пластикові ПВХ Панелі для стін Соти Прованс 280*300*5 мм шестикутники Азулежу орнамент візерунок вінілова плитка
SW-00000673	SUN HEAT	17072	62	1	62	0	available	4641184	590636122	https://build.rozetka.com.ua/ua/590636122/p590636122/	Плитка ПВХ самоклейна декоративна 275х285х4мм стільники для стін без клею вологостійка акцентна стіна рельєф монтаж без інструментів
SW-00000673	DomLoft	139608	55	1	55	0	available	4629548	429927722	https://build.rozetka.com.ua/ua/429927722/p429927722/	Декоративна ПВХ плитка на самоклейці соти 300х300х5мм, ціна за 1 шт. (СПП-504)
SW-00000673	3DDD	188802	92	1	92	0	unavailable	4629548	388442877	https://build.rozetka.com.ua/ua/388442877/p388442877/	Декоративна плитка ПВХ Sticker Wall на самоклейці стільники 300х300х5мм ціна за 1 шт СПП-504 SW-00000673
SW-00000673	КO&AN	132388	110	1	110	0	unavailable	4629548	398605344	https://build.rozetka.com.ua/ua/398605344/p398605344/	Декоративна ПВХ плитка на самоклейці стільники 300х300х5мм, ціна за 1 шт. (СПП-504) SW-00000673
SW-00000673	DecoGrip	204264	70	1	70	93	unavailable	4629548	405573069	https://build.rozetka.com.ua/ua/405573069/p405573069/	Декоративна ПВХ плитка Sticker Wall на самоклейці соти 300х300х5мм ціна за 1 шт (СПП-504) SW-00000673
SW-00000673	Михалич	102883	70	1	70	0	unavailable	4629548	416475477	https://build.rozetka.com.ua/ua/416475477/p416475477/	Декоративна ПВХ плитка на самоклейці соти 280х300х5мм, ціна за 1 шт. (СПП-504) SW-00000673
SW-00000673	Палітра_комфорту	211610	70	1	70	0	unavailable	4629548	428017070	https://build.rozetka.com.ua/ua/428017070/p428017070/	Декоративна ПВХ плитка на самоклейці соти 280х300х5мм, ціна за 1 шт. (СПП-504) SW-00000673
SW-00000673	DKLS	209688	1694	1	1694	0	unavailable	4629548	441519335	https://build.rozetka.com.ua/ua/441519335/p441519335/	Декоративна ПВХ плитка на самоклейці соти 280х300х5мм, ціна за 1 шт. (СПП-504) SW-00000673
SW-00000673	TOWER	83595	72	1	72	0	unavailable	4629548	448749395	https://build.rozetka.com.ua/ua/448749395/p448749395/	Декоративна плитка ПВХ на самоклейці соті 280х300х5мм, ціна за 1 шт. (СПП-504) SW-00000673
SW-00000673	SpotikachUA	196146	75	1	75	0	unavailable	4629548	449279807	https://build.rozetka.com.ua/ua/449279807/p449279807/	Декоративна ПВХ плитка на самоклейці соти 280х300х5мм, ціна за 1 шт. (СПП-504) SW-00000673
SW-00000673	In2time	227604	61	1	61	0	unavailable	4629548	550116486	https://build.rozetka.com.ua/ua/3d-paneli-sticker-wall-152319008/p550116486/	Декоративна ПВХ плитка на самоклейці 280х300х5мм Соти, ціна за 1 шт. (СПП-504) SW-00000673
SW-00000673	ВінБудІмперіал	240759	99	1	99	0	unavailable	4648788	572705482	https://build.rozetka.com.ua/ua/572705482/p572705482/	Декоративна ПВХ плитка на самоклейці 280х300х5мм Соти, ціна за 1 шт. (СПП-504) SW-00000673
SW-00000673	HomeproUA	234939	97	1	97	0	unavailable	4641184	557147748	https://build.rozetka.com.ua/ua/3d-paneli-sticker-wall-154964884/p557147748/	Декоративна ПВХ плитка на самоклейці 280х300х5мм Соти, ціна за 1 шт. (СПП-504) SW-00000673
SW-00000673	STICO_PANEL	263347	55	1	55	0	unavailable	4641184	569763355	https://build.rozetka.com.ua/ua/569763355/p569763355/	Декоративна ПВХ плитка на самоклейці 280х300х5мм Соти, ціна за 1 шт. (СПП-504) SW-00000673
SW-00000673	Рельєф Простір	267658	55	1	55	90	unavailable	4629548	577341976	https://build.rozetka.com.ua/ua/577341976/p577341976/	Декоративна ПВХ плитка на самоклейці 280х300х5мм Соти, ціна за 1 шт. (СПП-504) SW-00000673
SW-00000673	Homent	255285	52	1	52	0	unavailable	4629548	578472421	https://build.rozetka.com.ua/ua/578472421/p578472421/	Декоративна плитка ПВХ Sticker Wall на самоклейці 280х300х5мм Соті, ціна за 1 шт. СПП-504 (SW-00000673)
SW-00000673	Bass Culture	269902	52	1	52	0	unavailable	4629548	589908886	https://build.rozetka.com.ua/ua/589908886/p589908886/	Декоративна ПВХ плитка на самоклейці 275х285х4мм Соти, ціна за 1 шт. (СПП-504) SW-00000673
SW-00000673	Kind Host	272923	55	1	55	0	unavailable	4629548	591063706	https://build.rozetka.com.ua/ua/591063706/p591063706/	Декоративна ПВХ плитка на самоклейці 275х285х4мм Соти, ціна за 1 шт. (СПП-504) SW-00000673
SW-00000673	THERMOTRADE	104545	61	1	61	0	unavailable	4641184	579796888	https://build.rozetka.com.ua/ua/579796888/p579796888/	Декоративна ПВХ плитка на самоклейці 280х300х5мм Соти, ціна за 1 шт. (СПП-504) SW-00000673, Різні кольори
SW-00000673	UnimartShop	269563	55	1	55	0	unavailable	4629548	595794535	https://build.rozetka.com.ua/ua/595794535/p595794535/	Декоративна ПВХ плитка на самоклейці 275х285х4мм Соти, ціна за 1 шт. (СПП-504) SW-00000673
SW-00000673	СКАЙТУЛЗ	153858	63	1	63	0	unavailable	4629548	485873244	https://build.rozetka.com.ua/ua/485873244/p485873244/	Декоративна ПВХ плитка на самоклейці соти 280х300х5мм, ціна за 1 шт. (СПП-504) SW-00000673
SW-00000673	LFcolor	213998	55	1	55	0	unavailable	4629548	485898099	https://build.rozetka.com.ua/ua/485898099/p485898099/	Декоративна ПВХ плитка на самоклейці 275х285х4мм Соти, ціна за 1 шт. (СПП-504) SW-00000673
SW-00000673	MimiPlay	238949	52	1	52	0	unavailable	4641184	606306088	https://build.rozetka.com.ua/ua/606306088/p606306088/	Декоративна ПВХ плитка на самоклейці 275х285х4мм Соти, ціна за 1 шт. (СПП-504) SW-00000673
SW-00000673	ViDen	265006	55	1	55	0	unavailable	4629548	605311183	https://build.rozetka.com.ua/ua/605311183/p605311183/	Декоративна ПВХ плитка на самоклейці 275х285х4мм Соти, ціна за 1 шт. (СПП-504) SW-00000673
SW-00000673	eDarunok	189795	77	1	77	0	unavailable	4629548	497030954	https://build.rozetka.com.ua/ua/497030954/p497030954/	Декоративна ПВХ плитка на самоклейці соти 280х300х5мм, ціна за 1 шт. (СПП-504) SW-00000673
SW-00000673	BINGO	53688	121	1	121	0	unavailable	4641184	500793734	https://build.rozetka.com.ua/ua/500793734/p500793734/	Декоративна ПВХ плитка на самоклейці соти 280х300х5мм, ціна за 1 шт. (СПП-504) SW-00000673
SW-00000673	Plumbing Assistant	211113	83	1	83	0	unavailable	4629548	504627649	https://build.rozetka.com.ua/ua/504627649/p504627649/	Декоративна ПВХ плитка на самоклейці соти 280х300х4мм, ціна за 1 шт. (СПП-504) SW-00000673
SW-00000673	Мережа можливостей	194715	70	1	70	0	unavailable	4629548	506583159	https://build.rozetka.com.ua/ua/506583159/p506583159/	Декоративна ПВХ плитка на самоклейці 280х300х5мм Соти, ціна за 1 шт. (СПП-504) SW-00000673
SW-00000673	Fono Market	79493	98	1	98	0	unavailable	4641184	510189269	https://build.rozetka.com.ua/ua/510189269/p510189269/	Декоративна ПВХ плитка на самоклейці соти 280х300х5мм, ціна за 1 шт. (СПП-504) SW-00000673
SW-00000673	GZoo	139880	63	1	63	0	unavailable	4629548	513582289	https://build.rozetka.com.ua/ua/513582289/p513582289/	Декоративна ПВХ плитка на самоклейці стільники 280х300х5мм, ціна за 1 шт. (СПП-504) SW-00000673
SW-00000673	Color	153828	55	1	55	0	unavailable	4629548	536981959	https://build.rozetka.com.ua/ua/3d-paneli-sticker-wall-148585869/p536981959/	Декоративна ПВХ плитка на самоклейці 280х300х5мм Соти, ціна за 1 шт. (СПП-504) SW-00000673
SW-00000673	People's composition of the manufacturer	250050	55	1	55	0	unavailable	4629548	565258394	https://build.rozetka.com.ua/ua/565258394/p565258394/	Декоративна ПВХ плитка Sticker Wall на самоклейці соти 280х300х5мм, ціна за 1 шт. (СПП-504) SW-00000673
SW-00000673	Happy Valise	44840	63	1	63	104	unavailable	4629548	343287190	https://build.rozetka.com.ua/ua/343287190/p343287190/	Декоративна ПВХ плитка на самоклейці стільники 300х300х5мм
SW-00000673	SkyOne	45932	90	1	90	0	unavailable	4629548	359079525	https://build.rozetka.com.ua/ua/359079525/p359079525/	Декоративна плитка ПВХ на самоклейці Вінтажна соти 300*300*4мм СПП-504 1шт
SW-00000673	Amsterdam	157857	126	1	126	0	unavailable	4629548	360489729	https://build.rozetka.com.ua/ua/360489729/p360489729/	Декоративна ПВХ плитка на самоклейці стільники 300х300х5мм, ціна за 1 шт. (СПП-504)
SW-00000673	Allacro	164115	90	1	90	0	unavailable	4629548	370824648	https://build.rozetka.com.ua/ua/370824648/p370824648/	Декоративна плитка ПВХ на самоклейці соті 300х300х5мм, ціна за 1 шт. (СПП-504)
SW-00001751	Wide Range	211532	513	1	513	0	available	4629548	600292564	https://build.rozetka.com.ua/ua/600292564/p600292564/	Рейка декоративна PS 2900х120х12мм Сірий мармур
SW-00001751	Premium Price	148999	491	1	491	0	available	4629548	583292650	https://build.rozetka.com.ua/ua/583292650/p583292650/	Рейка декоративна PS 2900х118х12мм Сірий мармур SW-00001751
SW-00001751	3DDD	188802	410	1	410	496	available	4629548	475908884	https://build.rozetka.com.ua/ua/475908884/p475908884/	Декоративна PS рейка 2900 x 120 x 12мм (D) SW-1751
SW-00001751	FOUKS	20886	446	1	446	495	available	4629548	423417696	https://build.rozetka.com.ua/ua/423417696/p423417696/	Декоративні рейки для стін PS Текстурний мармур бетон 12х290см товщина 12мм 3Д стінові панелі інтер'єрні SW-00001751
SW-00001751	PROStikerUa	217718	446	1	446	598	available	4629548	466267459	https://build.rozetka.com.ua/ua/466267459/p466267459/	Декоративна PS рейка Оздоблювальна для стін і стелі Sticker Wall 2900х120х12мм (D) SW-00001751
SW-00001751	LFcolor	213998	446	1	446	0	available	4629548	600354832	https://build.rozetka.com.ua/ua/600354832/p600354832/	Рейка декоративна PS 2900х118х12мм Сірий мармур SW-00001751
SW-00001751	TechnoPrime	33201	491	1	491	0	available	4629548	587796493	https://build.rozetka.com.ua/ua/587796493/p587796493/	Рейка декоративна PS 2900х120х12мм Сірий мрамор SW-00001751
SW-00001751	For the home	103153	446	1	446	605	available	4629548	487834334	https://build.rozetka.com.ua/ua/487834334/p487834334/	Декоративна стінова рейка Sticker Wall PS Чорний мармур 2900*120*12мм
SW-00001751	Потрібне	274903	576	1	576	0	available	4629548	594898648	https://build.rozetka.com.ua/ua/594898648/p594898648/	Рейка декоративна PS Sticker Wall на стіну 2900х120х12мм Сірий мармур SW-00001751
SW-00001751	AVO-LAVKA	114191	602	1	602	669	available	4629548	596631853	https://build.rozetka.com.ua/ua/596631853/p596631853/	Рейка декоративна PS 2900х118х12мм Сірий мрамор SW-00001751
SW-00001751	Bigsylio	266140	446	1	446	0	available	4629548	614739995	https://build.rozetka.com.ua/ua/614739995/p614739995/	Рейка декоративна PS 2900х118х12мм Сірий мармур для внутрішніх робіт обробка стін імітація дерева
SW-00001751	The world of ideas	166476	547	1	547	0	available	4629548	491985534	https://build.rozetka.com.ua/ua/491985534/p491985534/	Декоративна PS рейка 2900 x 120 x 12мм (D) SW-1751
SW-00001751	Translation tools	112501	446	1	446	610	available	4629548	512417309	https://build.rozetka.com.ua/ua/512417309/p512417309/	Декоративна стінова рейка Sticker Wall PS 2900x120x12 мм Чорний мармур (SW-00001751)
SW-00001751	SUN HEAT	17072	648	1	648	0	available	4629548	591523789	https://build.rozetka.com.ua/ua/591523789/p591523789/	Рейка декоративна PS 2900х118х12мм ламель під сірий мармур для стін ванної кабінету класика мінімалізм акцентна стіна монтаж рідкі цвяхи Сірий мармур
SW-00001751	MC LitWin	265009	492	1	492	0	available	4629548	597334864	https://build.rozetka.com.ua/ua/597334864/p597334864/	Декоративна рейка Sticker Wall SW-00001751 2900х118х12 мм камінь сіра
SW-00001751	GRAND LIFE	39993	619	1	619	0	unavailable	4629548	443142149	https://build.rozetka.com.ua/ua/443142149/p443142149/	Декоративна PS рейка 2900*120*12мм (D) SW-00001751 4760764
SW-00001751	Lite	181560	446	1	446	650	unavailable	4629548	451275326	https://build.rozetka.com.ua/ua/451275326/p451275326/	Декоративна Чорна стінова PS рейка 120*2900*12мм
SW-00001751	In2time	227604	545	1	545	0	unavailable	4629548	550115490	https://build.rozetka.com.ua/ua/3d-paneli-sticker-wall-152318850/p550115490/	Рейка декоративна PS 2900х120х12мм Сірий мармур SW-00001751
SW-00001751	MegaChoice	249209	495	1	495	995	unavailable	4629548	549115635	https://build.rozetka.com.ua/ua/3d-paneli-sticker-wall-151930880/p549115635/	Рейка декоративна стінова PS 2900х120х12мм Сірий мрамор
SW-00001751	ladybug	36972	495	1	495	550	unavailable	4629548	545697348	https://build.rozetka.com.ua/ua/3d-paneli-sticker-wall-150778291/p545697348/	Рейка стінова декоративна PC 2900х120х12мм Сірий мармур Sticker Wall (SW-00001751)
SW-00001751	Homent	255285	421	1	421	0	unavailable	4629548	578473081	https://build.rozetka.com.ua/ua/578473081/p578473081/	Рейка декоративна PS Sticker Wall 2900х120х12мм Сірий мрамор (SW-00001751)
SW-00001751	MimiPlay	238949	446	1	446	0	unavailable	4629548	606306130	https://build.rozetka.com.ua/ua/606306130/p606306130/	Рейка декоративна PS 2900х118х12мм Сірий мармур SW-00001751
SW-00001751	Lissok	155112	595	1	595	625	unavailable	4629548	520155044	https://build.rozetka.com.ua/ua/520155044/p520155044/	Декоративна PS рейка сірий мармур 2900*120*12мм (D) SW-00001751
SW-00001862	Davelia Shop	283358	560	1	560	0	available	4629548	616822517	https://build.rozetka.com.ua/ua/616822517/p616822517/	Рейка декоративна WPC стінова 3000х165х23мм Мармур SW-00001862
SW-00001862	FOUKS	20886	448	1	448	560	available	4629548	423417516	https://build.rozetka.com.ua/ua/423417516/p423417516/	Декоративні панелі 3Д рейки WPC (композит) Сірий мармур 16х300см товщина 23мм стінова інтер'єрна під камінь SW-00001862
SW-00001862	PROStikerUa	217718	448	1	448	600	available	4629548	466267849	https://build.rozetka.com.ua/ua/466267849/p466267849/	Декоративна інтер'єрна стінова рейка Sticker Wall Стильний декор стін 3000х160х23мм (D) SW-00001862
SW-00001862	SКомплект	244934	524	1	524	0	available	4629548	610832645	https://build.rozetka.com.ua/ua/610832645/p610832645/	Рейка декоративна WPC стінова 3000х165х23мм Мармур SW-00001862
SW-00001862	Wide Range	211532	515	1	515	0	available	4629548	600292567	https://build.rozetka.com.ua/ua/600292567/p600292567/	Рейка декоративна WPC стінова 3000х160х23мм Мармур
SW-00001862	For the home	103153	448	1	448	610	available	4629548	587055517	https://build.rozetka.com.ua/ua/587055517/p587055517/	Декоративна стінова рейка Sticker Wall WPC Мармур 165*3000*23мм
SW-00001862	RubiconShop	265480	448	1	448	610	available	4629548	596368147	https://build.rozetka.com.ua/ua/596368147/p596368147/	Декоративна стінова рейка Sticker Wall WPC 165x3000x23 мм Мрамор (SW-00001862)
SW-00001862	SUN HEAT	17072	734	1	734	0	available	4629548	591523816	https://build.rozetka.com.ua/ua/591523816/p591523816/	Рейка декоративна WPC 3000х165х23мм обʼємний профіль під мармур гламурний сучасний інтерʼєр luxury акцентна стіна монтаж на клей вологостійка Мармур
SW-00001862	TechnoPrime	33201	493	1	493	0	available	4629548	587796181	https://build.rozetka.com.ua/ua/587796181/p587796181/	Рейка декоративна WPC стінова 3000х160х23мм Мармур SW-00001862
SW-00001862	MC LitWin	265009	495	1	495	0	available	4629548	597334876	https://build.rozetka.com.ua/ua/597334876/p597334876/	Декоративна рейка Sticker Wall SW-00001862 3000х165х23 мм камінь
SW-00001862	AVO-LAVKA	114191	605	1	605	672	available	4629548	596632105	https://build.rozetka.com.ua/ua/596632105/p596632105/	Рейка декоративна WPC стінова 3000х165х23мм Мармур SW-00001862
SW-00001862	LFcolor	213998	448	1	448	0	available	4629548	600354898	https://build.rozetka.com.ua/ua/600354898/p600354898/	Рейка декоративна WPC стінова 3000х165х23мм Мармур SW-00001862
SW-00001862	GRAND LIFE	39993	700	1	700	0	unavailable	4629548	542280940	https://build.rozetka.com.ua/ua/golovolomki-antistressy-sticker-wall-149742349/p542280940/	Рейка декоративна WPC стінова 3000х160х23мм Мармур SW-00001862 4760812
SW-00001862	ladybug	36972	499	1	499	600	unavailable	4629548	541895935	https://build.rozetka.com.ua/ua/3d-paneli-sticker-wall-149714696/p541895935/	Рейка стінова декоративна WPC 3000х160х23мм Мармур Sticker Wall (SW-00001862)
SW-00001862	In2time	227604	549	1	549	0	unavailable	4629548	550116258	https://build.rozetka.com.ua/ua/3d-paneli-sticker-wall-152318220/p550116258/	Рейка декоративна WPC стінова 3000х160х23мм Мармур SW-00001862
SW-00001862	Homent	255285	448	1	448	0	unavailable	4629548	578474500	https://build.rozetka.com.ua/ua/578474500/p578474500/	Рейка декоративна WPC Sticker Wall стінова 3000х160х23мм Мармур (SW-00001862)
SW-00001862	3DDD	188802	413	1	413	500	unavailable	4629548	475908624	https://build.rozetka.com.ua/ua/475908624/p475908624/	Декоративна стінова рейка 3000 x 160 x 23мм (D) SW-1862
SW-00001862	MimiPlay	238949	448	1	448	0	unavailable	4629548	606308149	https://build.rozetka.com.ua/ua/606308149/p606308149/	Рейка декоративна WPC стінова 3000х165х23мм Мармур SW-00001862
SW-00000231	3DDD	188802	52	1	52	70	available	4629548	409129005	https://build.rozetka.com.ua/ua/409129005/p409129005/	Декоративна 3D панель Sticker Wall самоклейка під цеглу Рожевий 700х770х3мм (004-3) SW-00000231
SW-00000231	FOUKS	20886	58	1	58	65	available	4629548	275790838	https://build.rozetka.com.ua/ua/275790838/p275790838/	3д панель декор стін Цегла Рожева самоклеючі 3d панелі для стін м'які ПВХ 700x770x3 мм (4-3) SW-00000231
SW-00000231	FOUKS	20886	58.0	10	580	650	available	4629548	275790943	https://build.rozetka.com.ua/ua/275790943/p275790943/	3д панель декор стін Цегла Рожева 10 шт самоклеючі 3d панелі для стін м'які ПВХ 700x770x3 мм (4-3) SW-00000231-10шт
SW-00000231	UNIVERmag	12608	75	1	75	90	available	4629548	579867811	https://build.rozetka.com.ua/ua/579867811/p579867811/	3D панель на стіну Sticker Wall Рожева цегла (004-3) SW-00000231 700х770х3 мм
SW-00000231	Neo	10639	75	1	75	90	available	4629548	579001048	https://build.rozetka.com.ua/ua/579001048/p579001048/	3D панель на стіну Sticker Wall Рожева цегла (004-3) SW-00000231 700х770х3 мм (Niz17088)
SW-00000231	Потрібне	274903	78	1	78	0	available	4629548	594897235	https://build.rozetka.com.ua/ua/594897235/p594897235/	3D панель самоклеюча Sticker Wall 700х770х3мм цегла Рожевий (004-3) SW-00000231
SW-00000231	PARADISE	269545	64	1	64	93	available	4629548	594064183	https://build.rozetka.com.ua/ua/594064183/p594064183/	Самоклейна 3D панель ПВХ під цеглу для декорування стін 700х770х3мм Рожевий облаштування домашнього кабінету для спальні та дитячої кімнати імітація цегляної кладки лофт
SW-00000231	Top Buyer	4551	75	1	75	90	available	4629548	579947704	https://build.rozetka.com.ua/ua/579947704/p579947704/	3D панель на стіну Sticker Wall Рожева цегла (004-3) SW-00000231 700х770х3 мм (TBiz17088)
SW-00000231	Bigsylio	266140	58	1	58	0	available	4629548	604053835	https://build.rozetka.com.ua/ua/604053835/p604053835/	3D панелі самоклеючі цегляні рожеві для стін декорування інтер'єру обробка стін
SW-00000231	FOUKS	20886	58.0	5	290	325	available	4629548	275790763	https://build.rozetka.com.ua/ua/275790763/p275790763/	3д панель декор стін Цегла Рожева 5 шт самоклеючі 3d панелі для стін м'які ПВХ 700x770x3 мм (4-3) SW-00000231-5шт
SW-00000231	RMService	15008	158	1	158	299	available	4629548	572808490	https://build.rozetka.com.ua/ua/572808490/p572808490/	3D панель самоклеюча 700х770х3 мм кирпич розовий (004-3) SW-00000231 (Sticker Wall)
SW-00000231	GrandBuyer	37544	75	1	75	90	available	4629548	579870307	https://build.rozetka.com.ua/ua/579870307/p579870307/	3D панель на стіну Sticker Wall Рожева цегла (004-3) SW-00000231 700х770х3 мм (SHiz17088)
SW-00000231	Wide Range	211532	67	1	67	0	available	4629548	600984997	https://build.rozetka.com.ua/ua/600984997/p600984997/	3D панель самоклеюча 700х770х3мм цегла Рожевий
SW-00000231	MC LitWin	265009	62	1	62	0	available	4629548	597334738	https://build.rozetka.com.ua/ua/597334738/p597334738/	3D панель самоклеюча Sticker Wall SW-00000231 700х770х3 мм цегла рожева
SW-00000231	MiroLends	137263	89	1	89	0	unavailable	4629548	327615391	https://build.rozetka.com.ua/ua/327615391/p327615391/	Декоративная 3D панель самоклейка Sticker Wall под кирпич Розовый 700х770х3мм
SW-00000231	GRAND LIFE	39993	106	1	106	0	unavailable	4629548	441131654	https://build.rozetka.com.ua/ua/441131654/p441131654/	3D панель самоклеюча цегла Рожевий 700х770х3мм (004-3) SW-00000231 3996100
SW-00000231	Lite	181560	54	1	54	0	unavailable	4629548	451351847	https://build.rozetka.com.ua/ua/451351847/p451351847/	Самоклеюча 3D панель під Рожеву цеглу 700х770х3мм
SW-00000231	GRAND LIFE	39993	106	1	106	0	unavailable	4629548	553244811	https://build.rozetka.com.ua/ua/tv-cables-sticker-wall-151360765/p553244811/	3D панель самоклейна 700х770х3мм цегла Рожевий (004-3) SW-00000231 3996100
SW-00000231	THERMOTRADE	104545	83	1	83	0	unavailable	4629548	578451292	https://build.rozetka.com.ua/ua/578451292/p578451292/	3D панель самоклеюча 700х770х3мм цегла Рожевий (004-3) SW-00000231, Рожевий
SW-00000231	Homent	255285	58	1	58	0	unavailable	4629548	578474449	https://build.rozetka.com.ua/ua/578474449/p578474449/	3D панель самоклеюча Sticker Wall 700х770х3мм кирпич Розовий 004-3 (SW-00000231)
SW-00000231	Bass Culture	269902	58	1	58	0	unavailable	4629548	589909039	https://build.rozetka.com.ua/ua/589909039/p589909039/	3D панель самоклеюча 700х770х3мм цегла Рожевий (004-3) SW-00000231
SW-00000231	Norviko	274975	239	1	239	299	unavailable	4629548	604230019	https://build.rozetka.com.ua/ua/604230019/p604230019/	Рожева цегла самоклеюча 3D панель 700×770×3 мм зі спіненого ППП
SW-00000168	Швидко&Зручно	227904	79	1	79	0	available	4629548	544964853	https://build.rozetka.com.ua/ua/3d-paneli-sticker-wall-150646680/p544964853/	Декоративна 3D панель самоклейка 700х770х5мм Глибокий жовтий (цегла) (068) SW-00000168
SW-00000168	FOUKS	20886	79.0	10	790	1050	available	4629548	249984466	https://build.rozetka.com.ua/ua/249984466/p249984466/	3Д панель декоративна стінна 10 шт. цегла Золотий Мармур (самоклеючі 3d панелі для стін) 700x770x5 мм (68) SW-00000168-10шт
SW-00000168	FOUKS	20886	79	1	79	105	available	4629548	249984426	https://build.rozetka.com.ua/ua/249984426/p249984426/	3Д панель декоративна стінна цегла Золотий Мармур (самоклеючі 3d панелі для стін) 700x770x5 мм (68) SW-00000168
SW-00000168	LFcolor	213998	79	1	79	0	available	4629548	600353056	https://build.rozetka.com.ua/ua/600353056/p600353056/	Декоративна 3D панель самоклейка 700х770х5мм Глибокий жовтий (цегла) (068) SW-00000168
SW-00000168	FOUKS	20886	79.0	5	395	525	available	4629548	249984151	https://build.rozetka.com.ua/ua/249984151/p249984151/	3Д панель декоративна стінна 5 шт. цегла Золотий Мармур (самоклеючі 3d панелі для стін) 700x770x5 мм (68) SW-00000168-5шт
SW-00000168	RMService	15008	182	1	182	299	available	4629548	572808382	https://build.rozetka.com.ua/ua/572808382/p572808382/	Декоративна 3D панель самоклейка 700х770х5мм, глибокий жовтий (кирпич) (068) SW-00000168 (Sticker Wall)
SW-00000168	PARADISE	269545	87	1	87	127	available	4629548	594064642	https://build.rozetka.com.ua/ua/594064642/p594064642/	Самоклейна 3D панель ПВХ під цеглу для декорування стін 700х770х5мм Жовтий декоративна фактура під камінь для спальні та дитячої кімнати оздоблення балкону та лоджії
SW-00000168	AVO-LAVKA	114191	107	1	107	119	available	4629548	596631367	https://build.rozetka.com.ua/ua/596631367/p596631367/	Декоративна 3D панель самоклейка 700х770х5мм Глибокий жовтий (кирпич) (068) SW-00000168
SW-00000168	Wide Range	211532	91	1	91	0	available	4629548	602615752	https://build.rozetka.com.ua/ua/602615752/p602615752/	Декоративна 3D панель самоклейка 700х770х5мм Глибокий жовтий (цегла)
SW-00000168	Потрібне	274903	102	1	102	0	available	4629548	594898180	https://build.rozetka.com.ua/ua/594898180/p594898180/	Декоративна 3D панель самоклейка Sticker Wall 700х770х5мм Глибокий жовтий (цегла) (068) SW-00000168
SW-00000168	Секрети шопінгу	268996	84	1	84	0	available	4629548	580812253	https://build.rozetka.com.ua/ua/580812253/p580812253/	Декоративна 3D панель самоклейка 700х770х5мм Глибокий жовтий (кирпич) (068) SW-00000168
SW-00000168	Bigsylio	266140	79	1	79	0	available	4629548	604053811	https://build.rozetka.com.ua/ua/604053811/p604053811/	Декоративна 3D панель самоклейка цегла глибокий жовтий для стін ремонтний матеріал для інтер'єру
SW-00000168	MC LitWin	265009	79	1	79	0	available	4629548	597335194	https://build.rozetka.com.ua/ua/597335194/p597335194/	3D панель самоклеюча Sticker Wall SW-00000168 700х770х5 мм цегла жовта
SW-00000168	MiroLends	137263	99	1	99	0	unavailable	4629548	318327502	https://build.rozetka.com.ua/ua/318327502/p318327502/	Декоративна 3D панель самоклейка Sticker Wall під цеглу DEEP Yellow 700х770х5мм (00-00000068СП)
SW-00000168	CF_SHOP	125973	169	1	169	0	unavailable	4629548	332962243	https://build.rozetka.com.ua/ua/332962243/p332962243/	Декоративна 3D панель Sticker Wall самоклейка під цеглу DEEP Yellow 700х770х5мм самоклеючі панелі під цеглу
SW-00000168	GRAND LIFE	39993	131	1	131	0	unavailable	4629548	441191375	https://build.rozetka.com.ua/ua/441191375/p441191375/	Декоративна 3D панель самоклейка під цеглу DEEP Yellow 700х770х5мм (068) SW-00000168 4415902
SW-00000168	Lite	181560	78	1	78	0	unavailable	4629548	451910039	https://build.rozetka.com.ua/ua/451910039/p451910039/	Самоклеюча 3D панель під цеглу DEEP Yellow 700х770х5мм
SW-00000168	Homent	255285	82	1	82	0	unavailable	4629548	578472472	https://build.rozetka.com.ua/ua/578472472/p578472472/	Декоративна 3D панель Sticker Wall самоклейка 700х770х5мм Глибокий жовтий кирпич 068 (SW-00000168)
SW-00000168	In2time	227604	91	1	91	0	unavailable	4629548	550114623	https://build.rozetka.com.ua/ua/3d-paneli-sticker-wall-152318508/p550114623/	Декоративна 3D панель самоклейка 700х770х5мм Глибокий жовтий (цегла) (068) SW-00000168
SW-00000168	People's composition of the manufacturer	250050	72	1	72	0	unavailable	4629548	565257608	https://build.rozetka.com.ua/ua/565257608/p565257608/	Декоративна 3D панель Sticker Wall самоклейка під цеглу DEEP Yellow (068) SW-00000168
SW-00000168	MegaChoice	249209	135	1	135	150	unavailable	4629548	587088016	https://build.rozetka.com.ua/ua/587088016/p587088016/	3D панель самоклеюча 700×770×5 мм цегла глибокий жовтий SW-00000168
SW-00000168	THERMOTRADE	104545	91	1	91	0	unavailable	4629548	578450539	https://build.rozetka.com.ua/ua/578450539/p578450539/	Декоративна 3D панель самоклейка 700х770х5мм Глибокий жовтий (цегла) (068) SW-00000168, Жовтий
SW-00000168	Bass Culture	269902	82	1	82	0	unavailable	4629548	589910059	https://build.rozetka.com.ua/ua/589910059/p589910059/	Декоративна 3D панель самоклейка 700х770х5мм Глибокий жовтий (цегла) (068) SW-00000168
SW-00000168	MimiPlay	238949	82	1	82	0	unavailable	4629548	606306319	https://build.rozetka.com.ua/ua/606306319/p606306319/	Декоративна 3D панель самоклейка 700х770х5мм Глибокий жовтий (цегла) (068) SW-00000168
SW-00001907	3DDD	188802	54	1	54	72	available	4629548	475908119	https://build.rozetka.com.ua/ua/475908119/p475908119/	Панель стінова 3D 700х770х2мм пудра (D) SW-1907
SW-00001907	FOUKS	20886	62	1	62	0	available	4629548	427899518	https://build.rozetka.com.ua/ua/427899518/p427899518/	Самоклеюча 3Д-панель під цеглу Коричнева Пудра 700х770х2мм стінові панелі декоративні ПВХ цегляна кладка SW-00001907
SW-00001907	Wide Range	211532	71	1	71	0	available	4629548	601551814	https://build.rozetka.com.ua/ua/601551814/p601551814/	Панель стінова 3D 700х770х2мм Пудра
SW-00001907	PROStikerUa	217718	62	1	62	83	available	4629548	466266939	https://build.rozetka.com.ua/ua/466266939/p466266939/	Панель стінова самоклеюча декоративна 3D Sticker Wall 700х770х2мм пудра (D) SW-00001907
SW-00001907	FOUKS	20886	62.0	10	620	0	available	4629548	427899476	https://build.rozetka.com.ua/ua/427899476/p427899476/	3Д панель на стіну 10 шт. під цеглу Коричнева Пудра 700х770х2мм стінові панелі декоративні ПВХ цегляна кладка SW-00001907-10шт
SW-00001907	FOUKS	20886	62.0	5	310	0	available	4629548	427899536	https://build.rozetka.com.ua/ua/427899536/p427899536/	3Д-панель самоклейка 5 шт. під цеглу Коричнева Пудра 700х770х2мм стінові панелі декоративні ПВХ цегляна кладка SW-00001907-5шт
SW-00001907	RSI	48100	57	1	57	0	available	4629548	440483381	https://build.rozetka.com.ua/ua/440483381/p440483381/	Панель стінова 3D 700х770х2мм Пудра SW-00001907
SW-00001907	Секрети шопінгу	268996	84	1	84	0	available	4629548	580813885	https://build.rozetka.com.ua/ua/580813885/p580813885/	Панель стінова 3D 700х770х2мм Пудра SW-00001907
SW-00001907	Translation tools	112501	74	1	74	0	available	4629548	566690743	https://build.rozetka.com.ua/ua/566690743/p566690743/	Панель стінова 3D Sticker Wall 700х770х2 мм Пудровий (D) SW-00001907
SW-00001907	MC LitWin	265009	65	1	65	0	available	4629548	597335527	https://build.rozetka.com.ua/ua/597335527/p597335527/	3D панель самоклеюча Sticker Wall SW-00001907 700х770х2 мм цегла рожева
SW-00001907	Потрібне	274903	77	1	77	0	available	4629548	594898465	https://build.rozetka.com.ua/ua/594898465/p594898465/	Панель 3D Sticker Wall стінова 700х770х2мм Пудра SW-00001907
SW-00001907	LFcolor	213998	62	1	62	0	available	4629548	600351850	https://build.rozetka.com.ua/ua/600351850/p600351850/	Панель стінова 3D 700х770х2мм Пудра SW-00001907
SW-00001907	AVO-LAVKA	114191	84	1	84	93	available	4629548	596630653	https://build.rozetka.com.ua/ua/596630653/p596630653/	Панель стінова 3D 700х770х2мм Пудра SW-00001907
SW-00001907	The world of ideas	166476	72	1	72	0	available	4629548	491985214	https://build.rozetka.com.ua/ua/491985214/p491985214/	Панель стінова 3D 700х770х2мм пудра (D) SW-1907
SW-00001907	RMService	15008	157	1	157	229	available	4629548	578464159	https://build.rozetka.com.ua/ua/578464159/p578464159/	Панель стінова 3D 700 х 770 х 2 мм, пудра SW-00001907(Sticker Wall)
SW-00001907	Lite	181560	53	1	53	0	unavailable	4629548	451910072	https://build.rozetka.com.ua/ua/451910072/p451910072/	Самоклеюча 3D панель під цеглу кольору пудра 700х770х2мм
SW-00001907	SalePanel	208605	161	1	161	165	unavailable	4629548	436510403	https://build.rozetka.com.ua/ua/436510403/p436510403/	Самоклеюча 3D панель цегла кава з молоком 700x700x2мм (SW-00001907)
SW-00001907	In2time	227604	87	1	87	0	unavailable	4629548	550115421	https://build.rozetka.com.ua/ua/3d-paneli-sticker-wall-152318351/p550115421/	Панель стінова 3D 700х770х2мм Пудра SW-00001907
SW-00001907	Homent	255285	57	1	57	0	unavailable	4629548	578472952	https://build.rozetka.com.ua/ua/578472952/p578472952/	Панель стінова 3D Sticker Wall 700х770х2мм Пудра (SW-00001907)
SW-00001907	THERMOTRADE	104545	80	1	80	0	unavailable	4629548	578451037	https://build.rozetka.com.ua/ua/578451037/p578451037/	Панель стінова 3D 700х770х2мм Пудра SW-00001907, Коричневий
SW-00001907	Bass Culture	269902	57	1	57	0	unavailable	4629548	589908802	https://build.rozetka.com.ua/ua/589908802/p589908802/	Панель стінова 3D 700х770х2мм Пудра SW-00001907
SW-00001907	MimiPlay	238949	57	1	57	0	unavailable	4629548	606307882	https://build.rozetka.com.ua/ua/606307882/p606307882/	Панель стінова 3D 700х770х2мм Пудра SW-00001907
SW-00001907	THERMOTRADE	104545	79	1	79	0	unavailable	4629548	559296324	https://build.rozetka.com.ua/ua/3d-paneli-sticker-wall-153476439/p559296324/	Панель стінова 3D 700х770х2мм Пудра SW-00001907
SW-00001625	MC LitWin	265009	367	1	367	0	available	4629548	597334093	https://build.rozetka.com.ua/ua/597334093/p597334093/	ПВХ панель декоративна Sticker Wall SW-00001625 600х600х3 мм камінь чорна
SW-00001625	PRIMAVERA_pro	245169	606	1	606	0	available	4629548	593440969	https://build.rozetka.com.ua/ua/593440969/p593440969/	Декоративна ПВХ плита 600х600х3мм Чорний мармур (S) SW-00001625
SW-00001625	Днепрлюкс	146605	360	1	360	0	available	4641184	454113344	https://build.rozetka.com.ua/ua/454113344/p454113344/	Декоративна плита ПВХ чорний мармур 600*600*3mm (S) SW-00001625
SW-00001625	AVO-LAVKA	114191	486	1	486	540	available	4629548	596631400	https://build.rozetka.com.ua/ua/596631400/p596631400/	Декоративна плита ПВХ 600х600х3мм Чорний мрамор (S) SW-00001625
SW-00001625	Torg Landiya	92929	376	1	376	396	available	4641184	478766534	https://build.rozetka.com.ua/ua/478766534/p478766534/	Декоративна плита ПВХ чорний мрамор 600*600*3mm (S) SW-00001625
SW-00001625	Happy Valise	44840	414	1	414	0	available	4629548	381070869	https://build.rozetka.com.ua/ua/381070869/p381070869/	Декоративна плита ПВХ Sticker Wall SW-00001625 Чорний мармур 600х600х3мм
SW-00001625	3DDD	188802	306	1	306	370	available	4641184	409127730	https://build.rozetka.com.ua/ua/409127730/p409127730/	Декоративна плита ПВХ Sticker Wall чорний мармур 600 х 600 х 3mm (S) SW-00001625
SW-00001625	Online Shop	12416	360	1	360	360	available	4641184	417165492	https://build.rozetka.com.ua/ua/417165492/p417165492/	Декоративна плита ПВХ чорний мармур 600*600*3mm (S) SW-00001625
SW-00001625	D`n`D Group	17032	360	1	360	0	available	4641184	430133942	https://build.rozetka.com.ua/ua/430133942/p430133942/	Декоративна ПВХ плита 600х600х3мм Чорний мармур (S) SW-00001625 (SW-00001625)
SW-00001625	3D Loft	69844	360	1	360	0	available	4641184	427405625	https://build.rozetka.com.ua/ua/427405625/p427405625/	Декоративна ПВХ плита чорний мармур 600*600*3mm (S) SW-00001625
SW-00001625	RSI	48100	360	1	360	0	available	4641184	440481605	https://build.rozetka.com.ua/ua/440481605/p440481605/	Декоративна ПВХ плита 600х600х3мм Чорний мармур (S) SW-00001625
SW-00001625	DKLS	209688	486	1	486	0	available	4629548	441662777	https://build.rozetka.com.ua/ua/441662777/p441662777/	Декоративна ПВХ плита чорний мармур 600*600*3mm (S) SW-00001625
SW-00001625	Таємничий Вибір	205656	360	1	360	0	available	4641184	446768756	https://build.rozetka.com.ua/ua/446768756/p446768756/	Декоративна ПВХ плита чорний мармур 600*600*3mm (S) SW-00001625
SW-00001625	Shywon	237919	383	1	383	0	available	4629548	544808090	https://build.rozetka.com.ua/ua/3d-paneli-sticker-wall-150159363/p544808090/	Декоративна ПВХ плита 600х600х3мм Чорний мармур (S) SW-00001625
SW-00001625	SHEF LIFE	124373	450	1	450	486	available	4629548	440490518	https://build.rozetka.com.ua/ua/440490518/p440490518/	Декоративна ПВХ плита 600х600х3мм Чорний мармур (S) SW-00001625
SW-00001625	PROStikerUa	217718	360	1	360	482	available	4641184	466517484	https://build.rozetka.com.ua/ua/466517484/p466517484/	Декоративна плита ПВХ Sticker Wall чорний мармур 600*600*3mm (S) SW-00001625
SW-00001625	TechnoPrime	33201	396	1	396	0	available	4629548	571305940	https://build.rozetka.com.ua/ua/571305940/p571305940/	Декоративна плита ПВХ 600х600х3мм Чорний мрамор (S) SW-00001625
SW-00001625	LFcolor	213998	360	1	360	0	available	4629548	600352747	https://build.rozetka.com.ua/ua/600352747/p600352747/	Декоративна ПВХ плита 600х600х3мм Чорний мармур (S) SW-00001625
SW-00001625	Потрібне	274903	430	1	430	0	available	4629548	594897055	https://build.rozetka.com.ua/ua/594897055/p594897055/	Декоративна ПВХ плита Sticker Wall 600х600х3мм Чорний мармур (S) SW-00001625
SW-00001625	PeRoHome	282119	499	1	499	0	available	4629548	613015952	https://build.rozetka.com.ua/ua/613015952/p613015952/	Декоративна ПВХ плита 600х600х3мм Чорний мармур (S) SW-00001625
SW-00001625	Знак якості	138753	393	1	393	0	available	4629548	609763850	https://build.rozetka.com.ua/ua/609763850/p609763850/	Декоративна ПВХ плита 600х600х3мм Чорний мармур (S) SW-00001625
SW-00001625	Davelia Shop	283358	450	1	450	0	available	4629548	616821395	https://build.rozetka.com.ua/ua/616821395/p616821395/	Декоративна ПВХ плита 600х600х3мм Чорний мармур (S) SW-00001625
SW-00001625	Декостра	278257	360	1	360	0	available	4629548	602308993	https://build.rozetka.com.ua/ua/602308993/p602308993/	Декоративна ПВХ плита 600х600х3мм Чорний мармур (S) SW-00001625
SW-00001625	Секрети шопінгу	268996	357	1	357	0	available	4629548	580812079	https://build.rozetka.com.ua/ua/580812079/p580812079/	Декоративна плита ПВХ 600х600х3мм Чорний мрамор (S) SW-00001625
SW-00001625	Bravion Store	276091	410	1	410	0	available	4629548	598420264	https://build.rozetka.com.ua/ua/598420264/p598420264/	Декоративна ПВХ плита 600х600х3мм Чорний мармур (S) SW-00001625
SW-00001625	NIVENTO	271966	540	1	540	972	available	4629548	601649674	https://build.rozetka.com.ua/ua/601649674/p601649674/	Декоративна ПВХ плита 600х600х3мм Чорний мармур (S) SW-00001625
SW-00001625	Lavkamarka	227099	360	1	360	0	available	4641184	611439944	https://build.rozetka.com.ua/ua/611439944/p611439944/	Декоративна ПВХ плита Sticker Wall 600Х600Х3 мм Чорний мармур SW-00001625
SW-00001625	PARADISE	269545	396	1	396	578	available	4629548	594064915	https://build.rozetka.com.ua/ua/594064915/p594064915/	Вінілова панель під мармур 600х600х3мм миється стійка до вологи довговічне покриття для оздоблення приміщень для оздоблення спальні підходить для житлових і комерційних приміщень Чорний
SW-00001625	Wide Range	211532	414	1	414	0	available	4629548	600292198	https://build.rozetka.com.ua/ua/600292198/p600292198/	Декоративна ПВХ плита 600х600х3мм Чорний мармур
SW-00001625	TOWER	83595	485	1	485	0	unavailable	4648788	448768352	https://build.rozetka.com.ua/ua/448768352/p448768352/	Декоративна плита ПВХ чорний мрамор 600*600*3mm (S) SW-00001625
SW-00001625	SalePanel	208605	265	1	265	0	unavailable	4629548	431248769	https://build.rozetka.com.ua/ua/431248769/p431248769/	Декоративна плита ПВХ чорний мрамор 600*600*3mm (S) SW-00001625
SW-00001625	Михалич	102883	360	1	360	0	unavailable	4641184	416475441	https://build.rozetka.com.ua/ua/416475441/p416475441/	Декоративна ПВХ плита чорний мармур 600*600*3mm (S) SW-00001625
SW-00001625	GRAND LIFE	39993	450	1	450	0	unavailable	4641184	440962439	https://build.rozetka.com.ua/ua/440962439/p440962439/	Декоративна плита ПВХ чорний мармур 600*600*3mm (S) SW-00001625 4760560
SW-00001625	SpotikachUA	196146	368	1	368	0	unavailable	4659004	449052215	https://build.rozetka.com.ua/ua/449052215/p449052215/	Декоративна ПВХ плита чорний мармур 600*600*3mm (S) SW-00001625
SW-00001625	DecoGrip	204264	360	1	360	480	unavailable	4641184	405572253	https://build.rozetka.com.ua/ua/405572253/p405572253/	Декоративна ПВХ плита Sticker Wall чорний мармур 600 х 600 х 3mm (S) SW-00001625
SW-00001625	HomeproUA	234939	416	1	416	0	unavailable	4641184	557147982	https://build.rozetka.com.ua/ua/3d-paneli-sticker-wall-154963041/p557147982/	Декоративна ПВХ плита 600х600х3мм Чорний мармур (S) SW-00001625
SW-00001625	Equipmends	213116	380	1	380	350	unavailable	4641184	460272109	https://build.rozetka.com.ua/ua/460272109/p460272109/	Декоративна ПВХ плита чорний мармур 600*600*3mm (S) SW-00001625
SW-00001625	In2time	227604	396	1	396	0	unavailable	4641184	550115760	https://build.rozetka.com.ua/ua/pvh-plitka-sticker-wall-152319177/p550115760/	Декоративна ПВХ плита 600х600х3мм Чорний мармур (S) SW-00001625
SW-00001625	RCMN	136578	468	1	468	0	unavailable	4629548	547404405	https://build.rozetka.com.ua/ua/3d-paneli-bez-brenda-151410355/p547404405/	Декоративна плита ПВХ 600х600х3мм Чорний мармур (S) SW-00001625
SW-00001625	STICO_PANEL	263347	360	1	360	0	unavailable	4641184	569763316	https://build.rozetka.com.ua/ua/569763316/p569763316/	Декоративна ПВХ плита 600х600х3мм Чорний мармур (S) SW-00001625
SW-00001625	ВінБудІмперіал	240759	396	1	396	0	unavailable	4641184	572770111	https://build.rozetka.com.ua/ua/572770111/p572770111/	Декоративна ПВХ плита 600х600х3мм Чорний мармур (S) SW-00001625
SW-00001625	ukriloom	226664	360	1	360	0	unavailable	4641184	559056033	https://build.rozetka.com.ua/ua/pvh-plitka-sticker-wall-155489982/p559056033/	Декоративна ПВХ плита 600х600х3мм Чорний мармур (S) SW-00001625
SW-00001625	Bass Culture	269902	360	1	360	0	unavailable	4629548	589908850	https://build.rozetka.com.ua/ua/589908850/p589908850/	Декоративна ПВХ плита 600х600х3мм Чорний мармур (S) SW-00001625
SW-00001625	ВінБудІмперіал	240759	416	1	416	0	unavailable	4629548	583062868	https://build.rozetka.com.ua/ua/583062868/p583062868/	Декоративна ПВХ плита 600х600х3мм Чорний мармур (S) SW-00001625
SW-00001625	Homent	255285	360	1	360	0	unavailable	4629548	578473213	https://build.rozetka.com.ua/ua/578473213/p578473213/	Декоративна плита ПВХ Sticker Wall 600х600х3мм Чорний мрамор S (SW-00001625)
SW-00001625	THERMOTRADE	104545	396	1	396	0	unavailable	4641184	579796903	https://build.rozetka.com.ua/ua/579796903/p579796903/	Декоративна ПВХ плита 600х600х3мм Чорний мармур (S) SW-00001625
SW-00001625	ViDen	265006	370	1	370	0	unavailable	4659004	605312326	https://build.rozetka.com.ua/ua/605312326/p605312326/	Декоративна ПВХ плита 600х600х3мм Чорний мармур (S) SW-00001625
SW-00001625	СКАЙТУЛЗ	153858	414	1	414	0	unavailable	4629548	485875309	https://build.rozetka.com.ua/ua/485875309/p485875309/	Декоративна ПВХ плита чорний мармур 600*600*3mm (S) SW-00001625
SW-00001625	LFcolor	213998	360	1	360	0	unavailable	4629548	502070324	https://build.rozetka.com.ua/ua/502070324/p502070324/	Декоративна ПВХ плита 600х600х3мм Чорний мармур (S) SW-00001625
SW-00001625	Мережа можливостей	194715	360	1	360	0	unavailable	4629548	506583054	https://build.rozetka.com.ua/ua/506583054/p506583054/	Декоративна ПВХ плита 600х600х3мм Чорний мармур (S) SW-00001625
SW-00001625	Fono Market	79493	504	1	504	0	unavailable	4641184	510190504	https://build.rozetka.com.ua/ua/510190504/p510190504/	Декоративна ПВХ плита чорний мармур 600*600*3mm (S) SW-00001625
SW-00001625	GZoo	139880	414	1	414	0	unavailable	4629548	513582344	https://build.rozetka.com.ua/ua/513582344/p513582344/	Декоративна плита ПВХ чорний мармур 600*600*3mm (S) SW-00001625
SW-00001625	ukriloom	226664	360	1	360	0	unavailable	4641184	538177074	https://build.rozetka.com.ua/ua/pvh-plitka-sticker-wall-148807116/p538177074/	Декоративна ПВХ плита 600х600х3мм Чорний мармур (S) SW-00001625
SW-00001625	MimiPlay	238949	360	1	360	0	unavailable	4629548	606306244	https://build.rozetka.com.ua/ua/606306244/p606306244/	Декоративна ПВХ плита 600х600х3мм Чорний мармур (S) SW-00001625
SW-00002198	MC LitWin	265009	288	1	288	0	available	4629548	597334462	https://build.rozetka.com.ua/ua/597334462/p597334462/	3D панель самоклеюча Sticker Wall SW-00002198 600х600х2.8 мм дерево срібляста
SW-00002198	3DDD	188802	240	1	240	290	available	4629548	593600230	https://build.rozetka.com.ua/ua/593600230/p593600230/	Покриття вінілове самоклеюче 3D рейки 600х600х2 8мм Кедр срібний SW-00002198
SW-00002198	TechnoPrime	33201	308	1	308	0	available	4629548	562198818	https://build.rozetka.com.ua/ua/3d-paneli-sticker-wall-156874603/p562198818/	Покриття вінілове самоклеюче 3D рейки 600х600х2, 8мм Кедр срібний SW-00002198
SW-00002198	SHEF LIFE	124373	350	1	350	378	available	4657848	584307037	https://build.rozetka.com.ua/ua/584307037/p584307037/	Покриття вінілове самоклеюче 3D рейки 600х600х2,8мм Кедр срібний SW-00002198
SW-00002198	Happy Valise	44840	322	1	322	0	available	4629548	456263964	https://build.rozetka.com.ua/ua/456263964/p456263964/	Покриття вінілове самоклеюче 3D рейки кедр срібний 600*600*2,8мм (D) SW-00002198
SW-00002198	Shywon	237919	300	1	300	0	available	4629548	544805600	https://build.rozetka.com.ua/ua/3d-paneli-sticker-wall-150159261/p544805600/	Покриття вінілове самоклеюче 3D рейки 600х600х2,8мм Кедр срібний SW-00002198
SW-00002198	3D Loft	69844	280	1	280	0	available	4629548	453919976	https://build.rozetka.com.ua/ua/453919976/p453919976/	Покриття вінілове самоклеюче 3D рейки кедр срібний 600*600*2,8мм (D) SW-00002198
SW-00002198	Днепрлюкс	146605	280	1	280	0	available	4629548	454107476	https://build.rozetka.com.ua/ua/454107476/p454107476/	Покриття вінілове самоклеюче 3D рейки кедр срібний 600*600*2,8мм (D) SW-00002198
SW-00002198	PROStikerUa	217718	280	1	280	375	available	4629548	466267669	https://build.rozetka.com.ua/ua/466267669/p466267669/	Покриття вінілове самоклеюче 3D Sticker Wall рейки кедр срібний 600х600х2,8мм (D) SW-00002198
SW-00002198	Секрети шопінгу	268996	301	1	301	0	available	4629548	580813762	https://build.rozetka.com.ua/ua/580813762/p580813762/	Покриття вінілове самоклеюче 3D рейки 600х600х2, 8мм Кедр срібний SW-00002198
SW-00002198	K-Warehouse	217766	276	1	276	0	available	4629548	476816344	https://build.rozetka.com.ua/ua/476816344/p476816344/	Покриття вінілове самоклеюче 3D рейки кедр срібний 600*600*2,8мм (D) SW-00002198
SW-00002198	Torg Landiya	92929	293	1	293	308	available	4629548	478768754	https://build.rozetka.com.ua/ua/478768754/p478768754/	Покриття вінілове самоклеюче 3D рейки кедр срібний 600*600*2,8мм (D) SW-00002198
SW-00002198	NIVENTO	271966	378	1	378	681	available	4629548	601662052	https://build.rozetka.com.ua/ua/601662052/p601662052/	Покриття вінілове самоклеюче 3D рейки 600х600х2,8мм Кедр срібний SW-00002198
SW-00002198	AVO-LAVKA	114191	378	1	378	420	available	4648788	598793857	https://build.rozetka.com.ua/ua/598793857/p598793857/	Покриття вінілове самоклеюче 3D рейки 600х600х2,8мм Кедр срібний SW-00002198
SW-00002198	Потрібне	274903	380	1	380	0	available	4629548	594898375	https://build.rozetka.com.ua/ua/594898375/p594898375/	Покриття вінілове самоклеюче 3D рейки 600х600х2,8мм Кедр срібний SW-00002198
SW-00002198	RMService	15008	449	1	449	515	available	4629548	577858843	https://build.rozetka.com.ua/ua/577858843/p577858843/	Покриття вінілове самоклеюче 3D рейки 600 х 600 х 2,8 мм Кедр срібний SW-00002198
SW-00002198	Декостра	278257	252	1	252	0	available	4629548	603197470	https://build.rozetka.com.ua/ua/603197470/p603197470/	Покриття вінілове самоклеюче 3D рейки 600х600х2,8мм Кедр срібний SW-00002198
SW-00002198	Bravion Store	276091	310	1	310	0	available	4629548	598420411	https://build.rozetka.com.ua/ua/598420411/p598420411/	Покриття вінілове самоклеюче 3D рейки 600х600х2,8мм Кедр срібний SW-00002198
SW-00002198	PeRoHome	282119	449	1	449	0	available	4629548	613017800	https://build.rozetka.com.ua/ua/613017800/p613017800/	Покриття вінілове самоклеюче 3D рейки 600х600х2,8мм Кедр срібний SW-00002198
SW-00002198	Happy deco light	4397	314	1	314	383	available	4629548	590989393	https://build.rozetka.com.ua/ua/590989393/p590989393/	Покриття вінілове самоклеюче 3D рейки кедр срібний 600*600*2,8мм (D) SW-00002198
SW-00002198	Davelia Shop	283358	350	1	350	0	available	4629548	616822553	https://build.rozetka.com.ua/ua/616822553/p616822553/	Покриття вінілове самоклеюче 3D рейки 600х600х2,8мм Кедр срібний SW-00002198
SW-00002198	D`n`D Group	17032	280	1	280	0	available	4641184	562781259	https://build.rozetka.com.ua/ua/pvh-plitka-sticker-wall-157206080/p562781259/	Покриття вінілове самоклеюче 3D рейки 600х600х2,8мм Кедр срібний SW-00002198 (SW-00002198)
SW-00002198	PRIMAVERA_pro	245169	475	1	475	0	available	4629548	593440714	https://build.rozetka.com.ua/ua/593440714/p593440714/	Покриття вінілове самоклеюче 3D рейки 600х600х2,8мм Кедр срібний SW-00002198
SW-00002198	Wide Range	211532	322	1	322	0	available	4629548	598778905	https://build.rozetka.com.ua/ua/598778905/p598778905/	Покриття вінілове самоклеюче 3D рейки 600х600х2,8мм Кедр срібний
SW-00002198	SUN HEAT	17072	341	1	341	0	available	4629548	591523321	https://build.rozetka.com.ua/ua/591523321/p591523321/	Покриття вінілове 3D рейки 600×600×2,8мм самоклейна настінна панель ,8мм Кедр срібний
SW-00002198	LFcolor	213998	280	1	280	0	unavailable	4629548	546556602	https://build.rozetka.com.ua/ua/3d-paneli-sticker-wall-139853967/p546556602/	Покриття вінілове самоклеюче 3D рейки 600х600х2,8мм Кедр срібний SW-00002198
SW-00002198	HomeproUA	234939	350	1	350	0	unavailable	4629548	557149212	https://build.rozetka.com.ua/ua/3d-paneli-sticker-wall-154963803/p557149212/	Покриття вінілове самоклеюче 3D рейки 600х600х2,8мм Кедр срібний SW-00002198
SW-00002198	Stiker_style	262837	300	1	300	0	unavailable	4629548	568381282	https://build.rozetka.com.ua/ua/568381282/p568381282/	Покриття вінілове самоклеюче 3D рейка StikerWall 600Х600Х2,8ММ Сірий (SW-00002198)
SW-00002198	ukriloom	226664	280	1	280	0	unavailable	4629548	551286531	https://build.rozetka.com.ua/ua/3d-paneli-sticker-wall-151523433/p551286531/	Покриття вінілове самоклеюче 3D рейки 600х600х2,8мм Кедр срібний SW-00002198
SW-00002198	ukriloom	226664	275	1	275	0	unavailable	4629548	559056945	https://build.rozetka.com.ua/ua/3d-paneli-sticker-wall-155489921/p559056945/	Покриття вінілове самоклеюче 3D рейки 600х600х2,8мм Кедр срібний SW-00002198
SW-00002198	TOWER	83595	380	1	380	0	unavailable	4629548	569830780	https://build.rozetka.com.ua/ua/569830780/p569830780/	Покриття вінілове самоклеюче 3D рейки 600х600х2, 8мм Кедр срібний SW-00002198
SW-00002198	Юзон	169785	375	1	375	0	unavailable	4657848	562517163	https://build.rozetka.com.ua/ua/vinilovie-oboi-sticker-wall-156655447/p562517163/	Покриття вінілове самоклеюче 3D рейки STICKER WALL 600*600*2,8мм Кедр срібний SW-00002198
SW-00002198	Homent	255285	280	1	280	0	unavailable	4629548	578474521	https://build.rozetka.com.ua/ua/578474521/p578474521/	Покриття вінілове самоклеюче 3D рейки Sticker Wall 600х600х2,8мм Кедр срібний (SW-00002198)
SW-00002198	ВінБудІмперіал	240759	330	1	330	0	unavailable	4629548	572848213	https://build.rozetka.com.ua/ua/572848213/p572848213/	Покриття вінілове самоклеюче 3D рейки 600х600х2,8мм Кедр срібний SW-00002198
SW-00002198	THERMOTRADE	104545	308	1	308	0	unavailable	4641184	579796318	https://build.rozetka.com.ua/ua/579796318/p579796318/	Покриття вінілове самоклеюче 3D рейки 600х600х2,8мм Кедр срібний SW-00002198
SW-00002198	Рельєф Простір	267658	300	1	300	0	unavailable	4629548	577343383	https://build.rozetka.com.ua/ua/577343383/p577343383/	Покриття вінілове самоклеюче 3D рейки 600х600х2,8мм Кедр срібний SW-00002198
SW-00002198	СКАЙТУЛЗ	153858	345	1	345	0	unavailable	4629548	485877554	https://build.rozetka.com.ua/ua/485877554/p485877554/	Покриття вінілове самоклеюче 3D рейки кедр срібний 600*600*2,8мм (D) SW-00002198
SW-00002198	Kind Host	272923	280	1	280	0	unavailable	4648788	591064318	https://build.rozetka.com.ua/ua/591064318/p591064318/	Покриття вінілове самоклеюче 3D рейки 600х600х2,8мм Кедр срібний SW-00002198
SW-00002198	ViDen	265006	290	1	290	0	unavailable	4641184	605311525	https://build.rozetka.com.ua/ua/605311525/p605311525/	Покриття вінілове самоклеюче 3D рейки 600х600х2,8мм Кедр срібний SW-00002198
SW-00002198	GZoo	139880	322	1	322	0	unavailable	4629548	508385059	https://build.rozetka.com.ua/ua/508385059/p508385059/	Покриття вінілове самоклеюче 3D рейки кедр срібний 600*600*2,8мм (D) SW-00002198
SW-00002198	Мережа можливостей	194715	275	1	275	0	unavailable	4629548	521821774	https://build.rozetka.com.ua/ua/521821774/p521821774/	Покриття вінілове самоклеюче 3D рейки 600х600х2,8мм Кедр срібний SW-00002198
SW-00002198	In2time	227604	308	1	308	0	unavailable	4641184	550115349	https://build.rozetka.com.ua/ua/pvh-plitka-sticker-wall-152318587/p550115349/	Покриття вінілове самоклеюче 3D рейки 600х600х2,8мм Кедр срібний SW-00002198
SW-00002198	STICO_PANEL	263347	252	1	252	0	unavailable	4629548	569765059	https://build.rozetka.com.ua/ua/569765059/p569765059/	Покриття вінілове самоклеюче 3D рейки 600х600х2,8мм Кедр срібний SW-00002198
SW-00002198	Bass Culture	269902	252	1	252	0	unavailable	4629548	589909774	https://build.rozetka.com.ua/ua/589909774/p589909774/	Покриття вінілове самоклеюче 3D рейки 600х600х2,8мм Кедр срібний SW-00002198
SW-00002198	Знак якості	138753	308	1	308	0	unavailable	4629548	609764609	https://build.rozetka.com.ua/ua/609764609/p609764609/	Покриття вінілове самоклеюче 3D рейки 600х600х2,8мм Кедр срібний SW-00002198
SW-00002198	MegaChoice	249209	299	1	299	599	unavailable	4629548	555114075	https://build.rozetka.com.ua/ua/3d-paneli-sticker-wall-154210743/p555114075/	Покриття вінілове самоклеюче 3D рейки 600х600х2,8 мм декоративне настінне з ефектом дерева
SW-00002198	MegaChoice	249209	298	1	298	660	unavailable	4629548	555114078	https://build.rozetka.com.ua/ua/3d-paneli-sticker-wall-154210734/p555114078/	Покриття вінілове самоклеюче 3D рейки 600х600х2,8 мм декоративне настінне з ефектом дерева
SW-00002316	LoftWall	210021	52	1	52	65	available	4629548	465205164	https://build.rozetka.com.ua/ua/465205164/p465205164/	Самоклеюча стінова PET плитка 600*300*2mm (D) SW-00002316
SW-00002316	AVO-LAVKA	114191	70	1	70	78	available	4648788	596632201	https://build.rozetka.com.ua/ua/596632201/p596632201/	Самоклеюча стінова PET плитка 600х300х2мм SW-00002316
SW-00002316	3D Loft	69844	52	1	52	0	available	4659004	466699594	https://build.rozetka.com.ua/ua/466699594/p466699594/	Самоклеюча стінова PET плитка 600*300*2mm (D) SW-00002316
SW-00002316	Днепрлюкс	146605	52	1	52	0	available	4659004	542924055	https://build.rozetka.com.ua/ua/plitka-dlya-gilih-pomeshcheniy-sticker-wall-147381777/p542924055/	Самоклеюча стінова PET плитка 600*300*2mm (D) SW-00002316
SW-00002316	TechnoPrime	33201	57	1	57	0	available	4657848	556523796	https://build.rozetka.com.ua/ua/vinilovie-oboi-sticker-wall-154713564/p556523796/	Самоклеюча стінова PET плитка 600х300х2мм SW-00002316
SW-00002316	ItailOil	33267	61	1	61	94	available	4648788	574052707	https://build.rozetka.com.ua/ua/574052707/p574052707/	Самоклеюча стінова PET плитка Sticker Wall SW-00002316 600х300х2 мм
SW-00002316	Потрібне	274903	62	1	62	0	available	4641184	594897832	https://build.rozetka.com.ua/ua/594897832/p594897832/	Самоклеюча стінова PET плитка Sticker Wall 600х300х2мм SW-00002316
SW-00002316	D`n`D Group	17032	52	1	52	0	available	4641184	478366454	https://build.rozetka.com.ua/ua/478366454/p478366454/	Самоклеюча стінова PET плитка 600х300х2мм SW-00002316 (SW-00002316)
SW-00002316	PRIMAVERA_pro	245169	112	1	112	0	available	4648788	593439391	https://build.rozetka.com.ua/ua/593439391/p593439391/	Самоклеюча стінова PET плитка 600х300х2мм SW-00002316
SW-00002316	MC LitWin	265009	55	1	55	0	available	4629548	597335431	https://build.rozetka.com.ua/ua/597335431/p597335431/	Вінілова плитка самоклеюча Sticker Wall SW-00002316 600х300х2 мм камінь
SW-00002316	МАЙЯ	20508	55	1	55	0	available	4659004	589668478	https://build.rozetka.com.ua/ua/589668478/p589668478/	Самоклеюча стінова PET плитка 600х300х2мм SW-00002316
SW-00002316	Bravion Store	276091	75	1	75	0	available	4648788	597137098	https://build.rozetka.com.ua/ua/597137098/p597137098/	Самоклеюча стінова PET плитка 600х300х2мм SW-00002316
SW-00002316	PeRoHome	282119	102	1	102	0	available	4641184	613016681	https://build.rozetka.com.ua/ua/613016681/p613016681/	Самоклеюча стінова PET плитка 600х300х2мм SW-00002316
SW-00002316	FOUKS	20886	52	1	52	65	available	4641184	468257714	https://build.rozetka.com.ua/ua/468257714/p468257714/	Самоклеюча плитка ПЕТ Сіро-коричневий бетон під мармур камінь 300х600х2мм панель стінова ПВХ покриття
SW-00002316	3DDD	188802	46	1	46	56	available	4629548	478781594	https://build.rozetka.com.ua/ua/478781594/p478781594/	Самоклеюча стінова PET плитка 600 x 300 x 2mm (D) SW-2316
SW-00002316	PARADISE	269545	57	1	57	83	available	4648788	603751312	https://build.rozetka.com.ua/ua/603751312/p603751312/	Декоративна PET плитка для стін під мармур 600х300х2 мм миється зносостійка з рельєфом 3D легкий монтаж без клею надійна у користуванні для коридору Какао
SW-00002316	SUN HEAT	17072	80	1	80	0	available	4641184	591523411	https://build.rozetka.com.ua/ua/591523411/p591523411/	Самоклеюча ПЕТ плитка для стін 600х300х2мм вологостійка декор інтерʼєру під мрамур без клею гнучка монтаж кухня ванна PET пластик Сірий димчастий
SW-00002316	Lavkamarka	227099	52	1	52	65	available	4641184	494347529	https://build.rozetka.com.ua/ua/494347529/p494347529/	Самоклеюча стінова PET плитка Sticker Wall 600х300х2мм (2316)
SW-00002316	Bigsylio	266140	52	1	52	0	available	4629548	606381754	https://build.rozetka.com.ua/ua/606381754/p606381754/	Самоклеюча стенова плитка PET 600х300х2мм для внутрішньої обробки декор для стін
SW-00002316	Homent	255285	52	1	52	0	unavailable	4629548	578472457	https://build.rozetka.com.ua/ua/578472457/p578472457/	Самоклеюча стінова PET плитка Sticker Wall 600х300х2мм (SW-00002316)
SW-00002316	Рельєф Простір	267658	79	1	79	0	unavailable	4648788	577343950	https://build.rozetka.com.ua/ua/577343950/p577343950/	Самоклеюча стінова PET плитка 600х300х2мм SW-00002316
SW-00002316	Kind Host	272923	65	1	65	0	unavailable	4641184	591063472	https://build.rozetka.com.ua/ua/591063472/p591063472/	Самоклеюча стінова PET плитка 600х300х2мм SW-00002316
SW-00002316	THERMOTRADE	104545	72	1	72	0	unavailable	4641184	579796576	https://build.rozetka.com.ua/ua/579796576/p579796576/	Самоклеюча стінова PET плитка 600х300х2мм SW-00002316
SW-00002316	Bass Culture	269902	52	1	52	0	unavailable	4629548	589909147	https://build.rozetka.com.ua/ua/589909147/p589909147/	Самоклеюча стінова PET плитка 600х300х2мм SW-00002316
SW-00002316	ItailOil	33267	94	1	94	0	unavailable	4648788	569892478	https://build.rozetka.com.ua/ua/569892478/p569892478/	Самоклеюча стінова PET плитка Sticker Wall SW-00002316 600х300х2 мм
SW-00002316	MimiPlay	238949	52	1	52	0	unavailable	4629548	606308362	https://build.rozetka.com.ua/ua/606308362/p606308362/	Самоклеюча стінова PET плитка 600х300х2мм SW-00002316
SW-00002316	Plumbing Assistant	211113	119	1	119	0	unavailable	4629548	484918374	https://build.rozetka.com.ua/ua/484918374/p484918374/	Самоклеюча стінова PET плитка 600*300*2мм (D) SW-00002316
SW-00002316	IWantAll	265288	77	1	77	0	unavailable	4629548	613327367	https://build.rozetka.com.ua/ua/613327367/p613327367/	Самоклеюча стінова плитка PET 600х300х2мм для декору SW-00002316 Sticker Wall DPO_SW-00002316
SW-00002316	BINGO	53688	133	1	133	0	unavailable	4641184	500793404	https://build.rozetka.com.ua/ua/500793404/p500793404/	Самоклеюча стінова PET плитка 600*300*2mm (D) SW-00002316
SW-00002316	Fono Market	79493	111	1	111	0	unavailable	4641184	510189789	https://build.rozetka.com.ua/ua/510189789/p510189789/	Самоклеюча стінова PET плитка 600*300*2mm (D) SW-00002316
SW-00002316	lookoboi	56952	75	1	75	0	unavailable	4641184	527409744	https://build.rozetka.com.ua/ua/527409744/p527409744/	Самоклеюча стінова ПЕТ плитка 600*300*2 мм темно-сірий зріз (D) SW-00002316
SW-00002316	ukriloom	226664	79	1	79	0	unavailable	4657848	538142359	https://build.rozetka.com.ua/ua/plitka-dlya-gilih-pomeshcheniy-sticker-wall-148807800/p538142359/	Самоклеюча стінова PET плитка 600х300х2мм SW-00002316
SW-00002316	In2time	227604	76	1	76	0	unavailable	4629548	550115304	https://build.rozetka.com.ua/ua/3d-paneli-sticker-wall-152318511/p550115304/	Самоклеюча стінова PET плитка 600х300х2мм SW-00002316
SW-00002316	Ентемпс	211401	69	1	69	0	unavailable	4641184	573036484	https://build.rozetka.com.ua/ua/573036484/p573036484/	Самоклеюча стінова PET плитка 600х300х2мм SW-00002316
SW-00002316	ВінБудІмперіал	240759	87	1	87	0	unavailable	4648788	572705059	https://build.rozetka.com.ua/ua/572705059/p572705059/	Самоклеюча стінова PET плитка 600х300х2мм SW-00002316
SW-00002316	ViDen	265006	55	1	55	0	unavailable	4658998	605312524	https://build.rozetka.com.ua/ua/605312524/p605312524/	Самоклеюча стінова PET плитка 600х300х2мм SW-00002316
SW-00002316	The world of ideas	166476	61	1	61	0	unavailable	4629548	493673769	https://build.rozetka.com.ua/ua/493673769/p493673769/	Самоклеюча стінова PET плитка 600 x 300 x 2mm (D) SW-2316
SW-00000582	3DDD	188802	94	1	94	114	available	4629548	409128825	https://build.rozetka.com.ua/ua/409128825/p409128825/	Декоративна ПВХ панель Sticker Wall SW-00000582
SW-00000582	Потрібне	274903	152	1	152	0	available	4629548	595274605	https://build.rozetka.com.ua/ua/595274605/p595274605/	Декоративна ПВХ панель Sticker Wall на стіну, для ванної, кухні та інших приміщень 960х480х4мм SW-00000582
SW-00000582	Torg Landiya	92929	106	1	106	112	available	4629548	573878536	https://build.rozetka.com.ua/ua/573878536/p573878536/	Декоративна панель ПВХ 960*480*4мм SW-00000582
SW-00000582	LoftWall	210021	84	1	84	102	available	4629548	488209184	https://build.rozetka.com.ua/ua/488209184/p488209184/	Декоративна ПВХ панель 960*480*4мм SW-00000582
SW-00000582	RMService	15008	202	1	202	290	available	4629548	579797053	https://build.rozetka.com.ua/ua/579797053/p579797053/	Декоративна панель ПВХ 960 х 480 х 4 мм SW-00000582 (Sticker Wall)
SW-00000582	NIVENTO	271966	180	1	180	324	available	4641184	601662493	https://build.rozetka.com.ua/ua/601662493/p601662493/	Декоративна ПВХ панель 960х480х4мм SW-00000582
SW-00000582	RSI	48100	120	1	120	0	available	4641184	440480687	https://build.rozetka.com.ua/ua/440480687/p440480687/	Декоративна ПВХ панель 960х480х4мм SW-00000582
SW-00000582	Online Shop	12416	120	1	120	120	available	4641184	420247752	https://build.rozetka.com.ua/ua/420247752/p420247752/	Декоративна панель ПВХ 960*480*4мм SW-00000582
SW-00000582	3D Loft	69844	102	1	102	0	available	4641184	428258309	https://build.rozetka.com.ua/ua/428258309/p428258309/	Декоративна ПВХ панель 960*480*4мм SW-00000582
SW-00000582	D`n`D Group	17032	102	1	102	0	available	4641184	430132898	https://build.rozetka.com.ua/ua/430132898/p430132898/	Декоративна ПВХ панель 960х480х4мм SW-00000582 (SW-00000582)
SW-00000582	PFmarket	211413	102	1	102	0	available	4641184	432874763	https://build.rozetka.com.ua/ua/432874763/p432874763/	Декоративна ПВХ панель 960*480*4мм SW-00000582
SW-00000582	Днепрлюкс	146605	102	1	102	0	available	4641184	462770624	https://build.rozetka.com.ua/ua/462770624/p462770624/	Декоративна панель ПВХ 960*480*4мм SW-00000582
SW-00000582	PROStikerUa	217718	102	1	102	137	available	4641184	466518184	https://build.rozetka.com.ua/ua/466518184/p466518184/	Декоративна ПВХ панель Sticker Wall 960*480*4мм SW-00000582
SW-00000582	Секрети шопінгу	268996	129	1	129	0	available	4629548	580812346	https://build.rozetka.com.ua/ua/580812346/p580812346/	Декоративна панель ПВХ 960х480х4мм SW-00000582
SW-00000582	MC LitWin	265009	112	1	112	0	available	4629548	597333886	https://build.rozetka.com.ua/ua/597333886/p597333886/	ПВХ панель декоративна Sticker Wall SW-00000582 960х480х4 мм
SW-00000582	LFcolor	213998	102	1	102	0	available	4629548	600351661	https://build.rozetka.com.ua/ua/600351661/p600351661/	Декоративна ПВХ панель 960х480х4мм SW-00000582
SW-00000582	AVO-LAVKA	114191	138	1	138	153	available	4641184	598793953	https://build.rozetka.com.ua/ua/598793953/p598793953/	Декоративна ПВХ панель 960х480х4мм SW-00000582
SW-00000582	FOUKS	20886	102	1	102	120	available	4641184	432098798	https://build.rozetka.com.ua/ua/432098798/p432098798/	Панелі ПВХ для оздоблення Дерев'яні дошки Текстура дерева 960*480мм декоративна стінова Коричневий
SW-00000582	DomLoft	139608	99	1	99	150	available	4641184	428288939	https://build.rozetka.com.ua/ua/428288939/p428288939/	Декоративна ПВХ панель (1096)
SW-00000582	Bigsylio	266140	102	1	102	0	available	4629548	614741276	https://build.rozetka.com.ua/ua/614741276/p614741276/	Декоративна ПВХ панель 960х480х4мм для внутрішніх робіт гіпоалергенна обробка стін інтер'єрна панель
SW-00000582	Lavkamarka	227099	102	1	102	120	available	4641184	502372064	https://build.rozetka.com.ua/ua/502372064/p502372064/	Декоративна ПВХ панель Sticker Wall 960х480х4 мм (0582)
SW-00000582	SUN HEAT	17072	112	1	112	0	available	4641184	590636149	https://build.rozetka.com.ua/ua/590636149/p590636149/	ПВХ панель декоративна ремонт стін 960x480x4 мм вологостійка гнучка без пилу монтаж
SW-00000582	DecoGrip	204264	120	1	120	160	unavailable	4641184	405573306	https://build.rozetka.com.ua/ua/405573306/p405573306/	Декоративна ПВХ панель Sticker Wall SW-00000582
SW-00000582	In2time	227604	132	1	132	0	unavailable	4629548	550114962	https://build.rozetka.com.ua/ua/3d-paneli-sticker-wall-152318331/p550114962/	Декоративна ПВХ панель 960х480х4мм SW-00000582
SW-00000582	GRAND LIFE	39993	150	1	150	0	unavailable	4641184	441085478	https://build.rozetka.com.ua/ua/441085478/p441085478/	Декоративна ПВХ панель 960*480*4мм SW-00000582 4415958
SW-00000582	HomeproUA	234939	152	1	152	0	unavailable	4641184	557148075	https://build.rozetka.com.ua/ua/3d-paneli-sticker-wall-154963806/p557148075/	Декоративна ПВХ панель 960х480х4мм SW-00000582
SW-00000582	Homent	255285	120	1	120	0	unavailable	4629548	578471872	https://build.rozetka.com.ua/ua/578471872/p578471872/	Декоративна ПВХ панель Sticker Wall 960х480х4мм (SW-00000582)
SW-00000582	STICO_PANEL	263347	120	1	120	0	unavailable	4641184	572924416	https://build.rozetka.com.ua/ua/572924416/p572924416/	Декоративна ПВХ панель 960х480х4мм SW-00000582
SW-00000582	Bass Culture	269902	120	1	120	0	unavailable	4629548	589909990	https://build.rozetka.com.ua/ua/589909990/p589909990/	Декоративна ПВХ панель 960х480х4мм SW-00000582
SW-00000582	MimiPlay	238949	102	1	102	0	unavailable	4641184	606305818	https://build.rozetka.com.ua/ua/606305818/p606305818/	Декоративна ПВХ панель 960х480х4мм SW-00000582
SW-00000582	Fono Market	79493	168	1	168	0	unavailable	4641184	510190109	https://build.rozetka.com.ua/ua/510190109/p510190109/	Декоративна ПВХ панель 960*480*4мм SW-00000582
SW-00000582	ukriloom	226664	120	1	120	0	unavailable	4641184	538141614	https://build.rozetka.com.ua/ua/pvh-plitka-sticker-wall-148807808/p538141614/	Декоративна ПВХ панель 960х480х4мм SW-00000582
SW-00000582	People's composition of the manufacturer	250050	120	1	120	0	unavailable	4641184	565258559	https://build.rozetka.com.ua/ua/565258559/p565258559/	Декоративна ПВХ панель Sticker Wall 960*480*4мм SW-00000582
SW-00000582	FlamesShop	162732	90	1	90	120	unavailable	4641184	367046508	https://build.rozetka.com.ua/ua/367046508/p367046508/	Декоративна ПВХ панель темно-сіра під дерево. На пол, стіни. Швидкий ремонт
SW-00001195	3DDD	188802	1888	1	1888	2530	available	4629548	409128171	https://build.rozetka.com.ua/ua/409128171/p409128171/	Самоклеюча 3D панель Sticker Wall під бежеву цеглу в рулоні 20000x700x3мм (R009-3-20) SW-00001195
SW-00001195	FOUKS	20886	2040	1	2040	0	available	4629548	367010352	https://build.rozetka.com.ua/ua/367010352/p367010352/	М'які 3Д-панелі великий рулон Бежева цегла 20000*700*3 мм декор стін під цеглу пісочний (R009-3-20) SW-00001195
SW-00001195	Секрети шопінгу	268996	1904	1	1904	0	available	4629548	580811344	https://build.rozetka.com.ua/ua/580811344/p580811344/	Самоклеюча 3D панель у рулоні 19600x700x3мм Бежева Кирпич (R009-3-20) SW-00001195
SW-00001195	Потрібне	274903	2200	1	2200	0	available	4629548	594897376	https://build.rozetka.com.ua/ua/594897376/p594897376/	Самоклеюча 3D панель Sticker Wall в рулоні 19600x700x3мм Бежева Цегла (R009-3-20) SW-00001195
SW-00001195	LFcolor	213998	2040	1	2040	0	available	4629548	600354007	https://build.rozetka.com.ua/ua/600354007/p600354007/	Самоклеюча 3D панель в рулоні 19600x700x3мм Бежева Цегла (R009-3-20) SW-00001195
SW-00001195	RMService	15008	2699	1	2699	2999	available	4629548	573167257	https://build.rozetka.com.ua/ua/573167257/p573167257/	Самоклеюча 3D панель в рулоні 19600 x 700 x 3 мм, бежевий Кирпич (R009-3-20) SW-00001195 (Sticker Wall)
SW-00001195	MC LitWin	265009	2246	1	2246	0	available	4629548	597333916	https://build.rozetka.com.ua/ua/597333916/p597333916/	3D панель стінова самоклеюча у рулоні Sticker Wall SW-00001195 9600х700х3 мм цегла бежева
SW-00001195	PARADISE	269545	2244	1	2244	3276	available	4629548	594063991	https://build.rozetka.com.ua/ua/594063991/p594063991/	Самоклейна 3D панель ПВХ у рулоні для декоративного оздоблення стін 19600х700х3мм Бежевий зручне економне оздоблення для спальні та дитячої кімнати імітація цегли та каменю
SW-00001195	Знак якості	138753	2402	1	2402	0	available	4629548	618563255	https://build.rozetka.com.ua/ua/618563255/p618563255/	Самоклеюча 3D панель в рулоні 19600х700х3мм Бежева Цегла (R009-3-20) SW-00001195
SW-00001195	Wide Range	211532	2346	1	2346	0	available	4629548	601551913	https://build.rozetka.com.ua/ua/601551913/p601551913/	Самоклеюча 3D панель в рулоні 19600x700x3мм Бежева Цегла
SW-00001195	AVO-LAVKA	114191	2754	1	2754	3060	available	4629548	596630644	https://build.rozetka.com.ua/ua/596630644/p596630644/	Самоклеюча 3D панель у рулоні 19600x700x3мм Бежева Кирпич (R009-3-20) SW-00001195
SW-00001195	Bigsylio	266140	2040	1	2040	0	available	4629548	604053604	https://build.rozetka.com.ua/ua/604053604/p604053604/	Самоклеюча 3D панель рулон бежевий цегла для внутрішньої обробки стін декорування інтер'єру
SW-00001195	SkyOne	45932	2400	1	2400	2865	unavailable	4629548	363146799	https://build.rozetka.com.ua/ua/363146799/p363146799/	Самоклеюча 3D панель під цеглу в рулоні 20 метрів 2000x700x3мм Бежевий (R009-3-20)
SW-00001195	GRAND LIFE	39993	2425	1	2425	0	unavailable	4629548	443149922	https://build.rozetka.com.ua/ua/443149922/p443149922/	Самоклеюча 3D панель під бежеву цеглу в рулоні 19600x700x3мм (R009-3-20) SW-00001195 4760495
SW-00001195	Lite	181560	1795	1	1795	0	unavailable	4629548	451351802	https://build.rozetka.com.ua/ua/451351802/p451351802/	Самоклеюча 3D панель під бежеву цеглу в рулоні 19600х700х3мм
SW-00001195	In2time	227604	2013	1	2013	0	unavailable	4629548	550116306	https://build.rozetka.com.ua/ua/3d-paneli-sticker-wall-152318300/p550116306/	Самоклеюча 3D панель в рулоні 19600x700x3мм Бежева Цегла (R009-3-20) SW-00001195
SW-00001195	Homent	255285	2040	1	2040	0	unavailable	4629548	578472778	https://build.rozetka.com.ua/ua/578472778/p578472778/	Самоклеюча 3D панель Sticker Wall в рулоні 19600x700x3мм Бежева Кирпич R009-3-20 (SW-00001195)
SW-00001195	MimiPlay	238949	1900	1	1900	0	unavailable	4629548	606305995	https://build.rozetka.com.ua/ua/606305995/p606305995/	Самоклеюча 3D панель в рулоні 19600x700x3мм Бежева Цегла (R009-3-20) SW-00001195
SW-00001195	THERMOTRADE	104545	2244	1	2244	0	unavailable	4629548	578450434	https://build.rozetka.com.ua/ua/578450434/p578450434/	Самоклеюча 3D панель в рулоні 19600x700x3мм Бежева Цегла (R009-3-20) SW-00001195, Бежевий
SW-00001195	Bass Culture	269902	2040	1	2040	0	unavailable	4629548	589910029	https://build.rozetka.com.ua/ua/589910029/p589910029/	Самоклеюча 3D панель в рулоні 19600x700x3мм Бежева Цегла (R009-3-20) SW-00001195
SW-00001165	TechnoPrime	33201	76	1	76	0	available	4629548	603174085	https://build.rozetka.com.ua/ua/603174085/p603174085/	Самоклеюча 3D панель 700х770х3мм Катиринославська ценла (48-3) SW-00001165
SW-00001165	FOUKS	20886	79.0	5	395	0	available	4629548	421620507	https://build.rozetka.com.ua/ua/421620507/p421620507/	Самоклеюча 3Д-панель по Цегла Чорний Катеринославська 700х770х3мм стін цегляна кладка (48-3мм) Набір 5 шт SW-00001165-5шт
SW-00001165	FOUKS	20886	69	1	69	79	available	4629548	421651875	https://build.rozetka.com.ua/ua/421651875/p421651875/	Самоклеюча 3Д-панель по Цегла Чорний Катеринославська 700х770х3мм стін цегляна кладка (48-3мм) SW-00001165
SW-00001165	FOUKS	20886	79.0	10	790	0	available	4629548	421620363	https://build.rozetka.com.ua/ua/421620363/p421620363/	Самоклеюча 3Д-панель по Цегла Чорний Катеринославська 700х770х3мм стін цегляна кладка (48-3мм) Набір 10 шт SW-00001165-10шт
SW-00001165	RMService	15008	169	1	169	299	available	4629548	573167068	https://build.rozetka.com.ua/ua/573167068/p573167068/	Самоклеюча 3D панель 700 х 770 х 3 мм Катиринославська цінла (48-3)
SW-00001165	AVO-LAVKA	114191	93	1	93	104	available	4629548	596631100	https://build.rozetka.com.ua/ua/596631100/p596631100/	Самоклеюча 3D панель 700х770х3мм Катиринославська ценла (48-3) SW-00001165
SW-00001165	LFcolor	213998	69	1	69	0	available	4629548	600352846	https://build.rozetka.com.ua/ua/600352846/p600352846/	Самоклеюча 3D панель 700х770х3мм Катиринославська ценла (48-3) SW-00001165
SW-00001165	MC LitWin	265009	72	1	72	0	available	4629548	597335188	https://build.rozetka.com.ua/ua/597335188/p597335188/	3D панель самоклеюча Sticker Wall SW-00001165 700х770х3 мм цегла
SW-00001165	PARADISE	269545	76	1	76	111	available	4629548	594064249	https://build.rozetka.com.ua/ua/594064249/p594064249/	Самоклейна 3D панель ПВХ декоративна для оздоблення стін 700х770х3мм Різнобарвний для вітальні кухні передпокою оздоблення балкону та лоджії для спальні та дитячої кімнати
SW-00001165	Потрібне	274903	89	1	89	0	available	4629548	594897199	https://build.rozetka.com.ua/ua/594897199/p594897199/	Самоклеюча 3D панель Sticker Wall 700х770х3мм Катиринославська ценла (48-3) SW-00001165
SW-00001165	Bigsylio	266140	69	1	69	0	available	4629548	604053754	https://build.rozetka.com.ua/ua/604053754/p604053754/	Самоклеюча 3D панель Екатеринославський цегла 700х770мм декор для стін облицювання для інтер'єру
SW-00001165	LiKEO	74783	115	1	115	0	unavailable	4629548	430097165	https://build.rozetka.com.ua/ua/430097165/p430097165/	Самоклеюча 3D панель під сіро-синю катеринославську цеглу 700х770х3мм (48-3) SW-00001165
SW-00001165	GRAND LIFE	39993	124	1	124	0	unavailable	4629548	443150246	https://build.rozetka.com.ua/ua/443150246/p443150246/	Самоклеюча 3D панель під сіро-синій катеринослав цегла 700х770х3мм (48-3) SW-00001165 4760494
SW-00001165	In2time	227604	98	1	98	0	unavailable	4629548	550115457	https://build.rozetka.com.ua/ua/3d-paneli-sticker-wall-152318756/p550115457/	Самоклеюча 3D панель 700х770х3мм Катиринославська ценла (48-3) SW-00001165
SW-00001165	RCMN	136578	117	1	117	115	unavailable	4629548	548307543	https://build.rozetka.com.ua/ua/3d-paneli-bez-brenda-151541360/p548307543/	Самоклеюча 3D панель 700х770х3мм Катеринославська цегла
SW-00001165	Bass Culture	269902	69	1	69	0	unavailable	4629548	589910155	https://build.rozetka.com.ua/ua/589910155/p589910155/	Самоклеюча 3D панель 700х770х3мм Катиринославська ценла (48-3) SW-00001165
SW-00001165	MimiPlay	238949	69	1	69	0	unavailable	4629548	606308257	https://build.rozetka.com.ua/ua/606308257/p606308257/	Самоклеюча 3D панель 700х770х3мм Катиринославська ценла (48-3) SW-00001165
SW-00001165	Homent	255285	69	1	69	0	unavailable	4629548	578471533	https://build.rozetka.com.ua/ua/578471533/p578471533/	Самоклеюча 3D панель Sticker Wall 700х770х3мм Катиринославська ценла 48-3 (SW-00001165)
SW-00001394	3DDD	188802	278	1	278	373	available	4629548	409129287	https://build.rozetka.com.ua/ua/409129287/p409129287/	Самоклеюча 3D панель Sticker Wall під бежеву цеглу в рулоні 3080x700x3мм (R009-3) SW-00001394
SW-00001394	FOUKS	20886	310	1	310	340	available	4629548	367010319	https://build.rozetka.com.ua/ua/367010319/p367010319/	3Д-панелі в рулоні Бежева цегла 3080*700*3 мм декор стін під цеглу пісочний на стіни ПВХ (R009-3) SW-00001394
SW-00001394	Wide Range	211532	357	1	357	0	available	4629548	601552021	https://build.rozetka.com.ua/ua/601552021/p601552021/	Самоклеюча 3D панель в рулоні 3080x700x3мм Бежева Цегла
SW-00001394	LFcolor	213998	310	1	310	0	available	4629548	600353524	https://build.rozetka.com.ua/ua/600353524/p600353524/	Самоклеюча 3D панель в рулоні 3080x700x3мм Бежева Цегла (R009-3) SW-00001394
SW-00001394	AVO-LAVKA	114191	419	1	419	465	available	4629548	596630674	https://build.rozetka.com.ua/ua/596630674/p596630674/	Самоклеюча 3D панель у рулоні 3080x700x3мм Бежева Кирпич (R009-3) SW-00001394
SW-00001394	Bigsylio	266140	310	1	310	0	available	4629548	604053691	https://build.rozetka.com.ua/ua/604053691/p604053691/	Самоклеюча 3D панель під цеглу бежевий рулон 3080x700 мм для внутрішньої обробки стін декоративне покриття
SW-00001394	RMService	15008	549	1	549	649	available	4629548	573167248	https://build.rozetka.com.ua/ua/573167248/p573167248/	Самоклеюча 3D панель в рулоні 3080 x 700 x 3 мм, бежевий Кирпич (R009-3) SW-00001394 (Sticker Wall)
SW-00001394	Знак якості	138753	354	1	354	0	available	4629548	618563387	https://build.rozetka.com.ua/ua/618563387/p618563387/	Самоклеюча 3D панель в рулоні 3080х700х3мм Бежева Цегла (R009-3) SW-00001394
SW-00001394	PARADISE	269545	341	1	341	498	available	4629548	594064384	https://build.rozetka.com.ua/ua/594064384/p594064384/	Самоклейна 3D панель ПВХ у рулоні для декоративного оздоблення стін 3080х700х3мм Бежевий для офісу кафе та студії для вітальні кухні передпокою фонова стінова обробка лофт
SW-00001394	Потрібне	274903	410	1	410	0	available	4629548	594898324	https://build.rozetka.com.ua/ua/594898324/p594898324/	Самоклеюча 3D панель Sticker Wall в рулоні 3080x700x3мм Бежева Цегла (R009-3) SW-00001394
SW-00001394	MC LitWin	265009	331	1	331	0	available	4629548	597334654	https://build.rozetka.com.ua/ua/597334654/p597334654/	3D панель стінова самоклеюча у рулоні Sticker Wall SW-00001394 3080х700х3 мм цегла бежева
SW-00001394	In2time	227604	336	1	336	0	unavailable	4629548	550116582	https://build.rozetka.com.ua/ua/3d-paneli-sticker-wall-152318553/p550116582/	Самоклеюча 3D панель в рулоні 3080x700x3мм Бежева Цегла (R009-3) SW-00001394
SW-00001394	GRAND LIFE	39993	425	1	425	0	unavailable	4629548	443143268	https://build.rozetka.com.ua/ua/443143268/p443143268/	Самоклеюча 3D панель під бежеву цеглу в рулоні 3080x700x3мм (R009-3) SW-00001394 4760499
SW-00001394	THERMOTRADE	104545	374	1	374	0	unavailable	4629548	578450572	https://build.rozetka.com.ua/ua/578450572/p578450572/	Самоклеюча 3D панель в рулоні 3080x700x3мм Бежева Цегла (R009-3) SW-00001394, Бежевий
SW-00001394	MimiPlay	238949	310	1	310	0	unavailable	4629548	606307222	https://build.rozetka.com.ua/ua/606307222/p606307222/	Самоклеюча 3D панель в рулоні 3080x700x3мм Бежева Цегла (R009-3) SW-00001394
SW-00001394	Homent	255285	310	1	310	0	unavailable	4629548	578472658	https://build.rozetka.com.ua/ua/578472658/p578472658/	Самоклеюча 3D панель Sticker Wall в рулоні 3080x700x3мм Бежева Кирпич R009-3 (SW-00001394)
SW-00001394	Stiker_style	262837	450	1	450	0	unavailable	4629548	580044919	https://build.rozetka.com.ua/ua/580044919/p580044919/	Самоклеюча 3D панель в рулоні StikerWall 3080x700x3мм Бежева цегла ( SW-00001394)
SW-00001394	Bass Culture	269902	310	1	310	0	unavailable	4629548	589909444	https://build.rozetka.com.ua/ua/589909444/p589909444/	Самоклеюча 3D панель в рулоні 3080x700x3мм Бежева Цегла (R009-3) SW-00001394
SW-00000637	Знак якості	138753	92	1	92	0	available	4629548	609763742	https://build.rozetka.com.ua/ua/609763742/p609763742/	Декоративна 3D панель самоклейка 700х770х5мм Мармур коричневий з золотом (цегла) (361) SW-00000637
SW-00000637	RSI	48100	82	1	82	0	available	4629548	440480735	https://build.rozetka.com.ua/ua/440480735/p440480735/	Декоративна 3D панель самоклейка 700х770х5мм Мармур коричневий з золотом (цегла) (361) SW-00000637
SW-00000637	RMService	15008	182	1	182	299	available	4629548	572808439	https://build.rozetka.com.ua/ua/572808439/p572808439/	Декоративна 3D панель самоклейка 700х770х5 мм Мрамор коричневий із золотом (кирпич) (361) SW-00000637 (Sticker Wall)
SW-00000637	Секрети шопінгу	268996	84	1	84	0	unavailable	4629548	580811341	https://build.rozetka.com.ua/ua/580811341/p580811341/	Декоративна 3D панель самоклейка 700х770х5мм Мрамор коричневий із золотом (кирпич) (361) SW-00000637
SW-00000637	MiroLends	137263	99	1	99	0	unavailable	4629548	318327397	https://build.rozetka.com.ua/ua/318327397/p318327397/	Декоративна 3D панель самоклейка Sticker Wall під цеглу Коричнева із золотом мармур 700x770x5мм (00-00000361СП)
SW-00000637	FOUKS	20886	79	1	79	105	unavailable	4629548	311609438	https://build.rozetka.com.ua/ua/311609438/p311609438/	Декоративна 3Д-панель Цегла Коричнева Мармур (самоклеючі 3d панелі для стін) 700x770x5 мм (361) SW-00000637
SW-00000637	FOUKS	20886	79.0	5	395	525	unavailable	4629548	311609273	https://build.rozetka.com.ua/ua/311609273/p311609273/	Декоративна 3Д-панель 5 шт. Цегла Коричнева Мармур (самоклеючі 3d панелі для стін) 700x770x5 мм (361) SW-00000637-5шт
SW-00000637	FOUKS	20886	79.0	10	790	1050	unavailable	4629548	311609313	https://build.rozetka.com.ua/ua/311609313/p311609313/	Декоративна 3Д-панель 10 шт. Цегла Коричнева Мармур (3d панелі для стін) 700x770x5 мм (361) SW-00000637-10шт
SW-00000637	Lite	181560	78	1	78	0	unavailable	4629548	451351892	https://build.rozetka.com.ua/ua/451351892/p451351892/	Самоклеюча 3D панель під Коричневий з золотом Мармур 700х770х5мм
SW-00000637	In2time	227604	91	1	91	0	unavailable	4629548	550115070	https://build.rozetka.com.ua/ua/3d-paneli-sticker-wall-152318873/p550115070/	Декоративна 3D панель самоклейка 700х770х5мм Мармур коричневий з золотом (цегла) (361) SW-00000637
SW-00000637	GRAND LIFE	39993	131	1	131	0	unavailable	4629548	441138068	https://build.rozetka.com.ua/ua/441138068/p441138068/	Декоративна 3D панель самоклейка під цеглу Коричнева із золотом Мармур 700x770x5мм (361) SW-00000637 4194358
SW-00000637	Homent	255285	82	1	82	0	unavailable	4629548	578471902	https://build.rozetka.com.ua/ua/578471902/p578471902/	Декоративна 3D панель Sticker Wall самоклейка 700х770х5мм Мрамор коричневий із золотом кирпич 361 (SW-00000637)
SW-00000637	MC LitWin	265009	86	1	86	0	unavailable	4629548	597335962	https://build.rozetka.com.ua/ua/597335962/p597335962/	3D панель самоклеюча Sticker Wall SW-00000637 700х770х5 мм цегла золота
SW-00000637	LFcolor	213998	79	1	79	0	unavailable	4629548	600351787	https://build.rozetka.com.ua/ua/600351787/p600351787/	Декоративна 3D панель самоклейка 700х770х5мм Мармур коричневий з золотом (цегла) (361) SW-00000637
SW-00000637	Потрібне	274903	102	1	102	0	unavailable	4629548	594896980	https://build.rozetka.com.ua/ua/594896980/p594896980/	Декоративна 3D панель самоклейка Sticker Wall 700х770х5мм Мармур коричневий з золотом (цегла) (361) SW-00000637
SW-00000637	Bass Culture	269902	82	1	82	0	unavailable	4629548	589908781	https://build.rozetka.com.ua/ua/589908781/p589908781/	Декоративна 3D панель самоклейка 700х770х5мм Мармур коричневий з золотом (цегла) (361) SW-00000637
SW-00000637	PARADISE	269545	87	1	87	127	unavailable	4629548	594064495	https://build.rozetka.com.ua/ua/594064495/p594064495/	Самоклейна 3D панель ПВХ декоративна для оздоблення стін 700х770х5мм Коричневий для спальні та дитячої кімнати облаштування домашнього кабінету для інтерʼєру квартири дому
SW-00000637	THERMOTRADE	104545	91	1	91	0	unavailable	4629548	578450773	https://build.rozetka.com.ua/ua/578450773/p578450773/	Декоративна 3D панель самоклейка 700х770х5мм Мармур коричневий з золотом (цегла) (361) SW-00000637, Коричневий
SW-00000637	Bigsylio	266140	82	1	82	0	unavailable	4629548	604054321	https://build.rozetka.com.ua/ua/604054321/p604054321/	Декоративна 3D панель самоклейка коричнева з золотом мармур для стін інтер'єрна обробка цегла
SW-00000637	MimiPlay	238949	82	1	82	0	unavailable	4629548	606305878	https://build.rozetka.com.ua/ua/606305878/p606305878/	Декоративна 3D панель самоклейка 700х770х5мм Мармур коричневий з золотом (цегла) (361) SW-00000637
SW-00000637	MegaChoice	249209	125	1	125	150	unavailable	4629548	587088019	https://build.rozetka.com.ua/ua/587088019/p587088019/	3D панель самоклеюча 700×770×5 мм Мармур коричневий з золотом (цегла) (361) SW-00000637
SW-00000637	AVO-LAVKA	114191	107	1	107	119	unavailable	4629548	596630569	https://build.rozetka.com.ua/ua/596630569/p596630569/	Декоративна 3D панель самоклейка 700х770х5мм Мрамор коричневий із золотом (кирпич) (361) SW-00000637
SW-00000637	Wide Range	211532	91	1	91	0	unavailable	4629548	602615689	https://build.rozetka.com.ua/ua/602615689/p602615689/	Декоративна 3D панель самоклейка 700х770х5мм Мармур коричневий з золотом (цегла)
SW-00001533	FOUKS	20886	560	1	560	0	available	4629548	423417537	https://build.rozetka.com.ua/ua/423417537/p423417537/	Настінні панелі Біла дерев'яна рейка Перламутр WPC (композит) 16х300см товщина 23мм декоративна інтер'єрна SW-00001533
SW-00001533	DomLoft	139608	475	1	475	600	available	4629548	428598647	https://build.rozetka.com.ua/ua/428598647/p428598647/	Декоративна стінова рейка перламутр 160*23*3000мм (D) SW-00001533
SW-00001533	Таємничий Вибір	205656	560	1	560	0	available	4629548	446768780	https://build.rozetka.com.ua/ua/446768780/p446768780/	Декоративна стінова рейка перламутр 3000*160*23мм (D) SW-00001533
SW-00001533	Top Buyer	4551	707	1	707	792	available	4629548	565579166	https://build.rozetka.com.ua/ua/565579166/p565579166/	Декоративна рейкова панель на стіну Sticker Wall SW-00001533 3000х160х23 мм Перламутр (TBiz17062)
SW-00001533	SКомплект	244934	590	1	590	0	available	4629548	610832615	https://build.rozetka.com.ua/ua/610832615/p610832615/	Рейка декоративна WPC стінова 3000х165х23мм Перламутр SW-00001533
SW-00001533	PeRoHome	282119	849	1	849	0	available	4629548	613018094	https://build.rozetka.com.ua/ua/613018094/p613018094/	Рейка декоративна WPC стінова 3000х165х23мм Білий SW-00001533
SW-00001533	RubiconShop	265480	714	1	714	800	available	4629548	576263713	https://build.rozetka.com.ua/ua/576263713/p576263713/	Декоративна рейкова панель на стіну Sticker Wall SW-00001533 3000х160х23 мм Перламутровий (2852987481)
SW-00001533	Neo	10639	707	1	707	792	available	4629548	565631480	https://build.rozetka.com.ua/ua/565631480/p565631480/	Декоративна рейкова панель на стіну Sticker Wall SW-00001533 3000х160х23 мм Перламутр (Niz17062)
SW-00001533	UNIVERmag	12608	707	1	707	792	available	4629548	565755773	https://build.rozetka.com.ua/ua/565755773/p565755773/	Декоративна рейкова панель на стіну Sticker Wall SW-00001533 3000х160х23 мм Перламутр
SW-00001533	GrandBuyer	37544	707	1	707	792	available	4629548	565755731	https://build.rozetka.com.ua/ua/565755731/p565755731/	Декоративна рейкова панель на стіну Sticker Wall SW-00001533 3000х160х23 мм Перламутр (SHiz17062)
SW-00001533	SUN HEAT	17072	734	1	734	0	available	4629548	591523690	https://build.rozetka.com.ua/ua/591523690/p591523690/	Рейка декоративна WPC 3000х165х23мм обʼємний профіль перламутр переливи гламурний інтерʼєр акцентна стіна монтаж на клей вологостійка для спальні Перламутр
SW-00001533	AVO-LAVKA	114191	756	1	756	840	available	4629548	596632270	https://build.rozetka.com.ua/ua/596632270/p596632270/	Рейка декоративна WPC стінова 3000х165х23мм Перламутр SW-00001533
SW-00001533	LFcolor	213998	560	1	560	0	available	4629548	600347236	https://build.rozetka.com.ua/ua/600347236/p600347236/	Рейка декоративна WPC стінова 3000х165х23мм Перламутр SW-00001533
SW-00001533	Davelia Shop	283358	700	1	700	0	available	4629548	616822481	https://build.rozetka.com.ua/ua/616822481/p616822481/	Рейка декоративна WPC стінова 3000х165х23мм Білий SW-00001533
SW-00001533	Translation tools	112501	560	1	560	610	available	4629548	512386454	https://build.rozetka.com.ua/ua/512386454/p512386454/	Декоративна стінова рейка Sticker Wall WPC 160x3000x23 мм Перламутр (SW-00001533)
SW-00001533	MC LitWin	265009	619	1	619	0	available	4629548	597335209	https://build.rozetka.com.ua/ua/597335209/p597335209/	Декоративна рейка Sticker Wall SW-00001533 3000х165х23 мм дерево
SW-00001533	GRAND LIFE	39993	700	1	700	0	unavailable	4629548	443142659	https://build.rozetka.com.ua/ua/443142659/p443142659/	Декоративна стінова рейка перламутр 3000*160*23мм (D) SW-00001533 4760649
SW-00001533	MegaChoice	249209	555	1	555	0	unavailable	4629548	545516160	https://build.rozetka.com.ua/ua/3d-paneli-sticker-wall-150760228/p545516160/	Рейка декоративна WPC стінова 3000х160х23 мм перламутр
SW-00001533	Equipmends	213116	560	1	560	560	unavailable	4629548	463222834	https://build.rozetka.com.ua/ua/463222834/p463222834/	Декоративна стінова рейка 3000*160*23мм (D) SW-00001533
SW-00001533	MimiPlay	238949	560	1	560	0	unavailable	4629548	606308287	https://build.rozetka.com.ua/ua/606308287/p606308287/	Рейка декоративна WPC стінова 3000х165х23мм Перламутр SW-00001533
SW-00002095	D`n`D Group	17032	180	1	180	0	available	4646656	448264505	https://build.rozetka.com.ua/ua/448264505/p448264505/	Підлога-пазл плюшевий 60х60х1см Салатовий (D) SW-00002095 (SW-00002095)
SW-00002095	LoftWall	210021	180	1	180	0	available	4674142	443266403	https://rozetka.com.ua/ua/443266403/p443266403/	Підлога-пазл плюшевий САЛАТОВИЙ 60*60*1cm (D) SW-00002095
SW-00002095	ukriloom	226664	185	1	185	0	available	142254	576838582	https://rozetka.com.ua/ua/576838582/p576838582/	Підлога-пазл плюшевий 60х60х1см Салатовий (D) SW-00002095
SW-00002095	3D Loft	69844	180	1	180	0	available	4674142	448506986	https://rozetka.com.ua/ua/448506986/p448506986/	Підлога-пазл плюшевий САЛАТОВИЙ 60*60*1cm (D) SW-00002095
SW-00002095	SHEF LIFE	124373	225	1	225	243	available	4674142	444838991	https://rozetka.com.ua/ua/444838991/p444838991/	Підлога-пазл плюшевий 60х60х1см Салатовий (D) SW-00002095
SW-00002095	Shywon	237919	195	1	195	0	available	4674142	544805370	https://rozetka.com.ua/ua/3d-paneli-sticker-wall-150158852/p544805370/	Підлога-пазл плюшевий 60х60х1см Салатовий (D) SW-00002095
SW-00002095	Днепрлюкс	146605	180	1	180	0	available	4674142	462578449	https://rozetka.com.ua/ua/462578449/p462578449/	Підлога-пазл плюшевий 60х60х1см Салатовий (D) SW-00002095
SW-00002095	TechnoPrime	33201	198	1	198	0	available	4629548	587796457	https://build.rozetka.com.ua/ua/587796457/p587796457/	Підлога-пазл плюшевий 60х60х1см Салатовий (D) SW-00002095
SW-00002095	K-Warehouse	217766	179	1	179	0	available	4659004	476817014	https://build.rozetka.com.ua/ua/476817014/p476817014/	Підлога-пазл плюшевий САЛАТОВИЙ 60*60*1cm (D) SW-00002095
SW-00002095	Декостра	278257	185	1	185	0	available	4629548	603197032	https://build.rozetka.com.ua/ua/603197032/p603197032/	Підлога-пазл плюшевий 60х60х1см Салатовий (D) SW-00002095
SW-00002095	MC LitWin	265009	187	1	187	0	available	4646656	599108587	https://build.rozetka.com.ua/ua/599108587/p599108587/	Підлога-пазл плюшевий Sticker Wall Салатовий 60х60х1 см (SW-00002095)
SW-00002095	LFcolor	213998	180	1	180	0	available	4674142	600359827	https://rozetka.com.ua/ua/600359827/p600359827/	Підлога-пазл плюшевий 60х60х1см Салатовий (D) SW-00002095
SW-00002095	AVO-LAVKA	114191	243	1	243	270	available	4674142	596632600	https://rozetka.com.ua/ua/596632600/p596632600/	Підлога-пазл плюшевий 60х60х1см Салатовий (D) SW-00002095
SW-00002095	Знак якості	138753	208	1	208	0	available	4674142	610293467	https://rozetka.com.ua/ua/610293467/p610293467/	Підлога-пазл плюшевий 60х60х1см Салатовий (D) SW-00002095
SW-00002095	MiroLends	137263	208	1	208	0	available	4674142	592561288	https://rozetka.com.ua/ua/592561288/p592561288/	Підлога-пазл плюшевий САЛАТОВИЙ 60*60*1cm (D) SW-00002095
SW-00002095	МАЙЯ	20508	189	1	189	0	available	4641184	593017588	https://build.rozetka.com.ua/ua/593017588/p593017588/	Підлога-пазл плюшевий 60х60х1см Салатовий (D) SW-00002095
SW-00002095	Davelia Shop	283358	225	1	225	0	available	4674142	616778540	https://rozetka.com.ua/ua/616778540/p616778540/	Підлога-пазл плюшевий 60х60х1см Салатовий (D) SW-00002095
SW-00002095	RSI	48100	185	1	185	0	available	4674142	531228829	https://rozetka.com.ua/ua/531228829/p531228829/	Підлога-пазл плюшевий 60х60х1см Салатовий (D) SW-00002095
SW-00002095	NIVENTO	271966	278	1	278	500	available	4674142	601664584	https://rozetka.com.ua/ua/601664584/p601664584/	Підлога-пазл плюшевий 60х60х1см Салатовий (D) SW-00002095
SW-00002095	Bravion Store	276091	215	1	215	0	available	4641184	598420309	https://build.rozetka.com.ua/ua/598420309/p598420309/	Підлога-пазл плюшевий 60х60х1см Салатовий (D) SW-00002095
SW-00002095	GRAND LIFE	39993	263	1	263	0	unavailable	4674142	542280780	https://rozetka.com.ua/ua/puzzles-sticker-wall-149742266/p542280780/	Пол-пазл плюшевий 60х60х1см Салатовий (D) SW-00002095 4888608
SW-00002095	Fono Market	79493	240	1	240	0	unavailable	4674142	552711570	https://rozetka.com.ua/ua/pvh-plitka-sticker-wall-153269508/p552711570/	Підлога-пазл плюшевий 60х60х1см Салатовий (D) SW-00002095
SW-00002095	In2time	227604	204	1	204	0	unavailable	102848	550114551	https://rozetka.com.ua/ua/puzzles-sticker-wall-152318231/p550114551/	Підлога-пазл плюшевий 60х60х1см Салатовий (D) SW-00002095
SW-00002095	ladybug	36972	185	1	185	250	unavailable	4674142	551812911	https://rozetka.com.ua/ua/igrovie-kovriki-sticker-wall-152795242/p551812911/	Підлога пазл плюшева 60х60х1см (D) Салатовий Sticker Wall SW-00002095
SW-00002095	ukriloom	226664	200	1	200	0	unavailable	4674142	559056765	https://rozetka.com.ua/ua/igrovie-kovriki-sticker-wall-155489613/p559056765/	Підлога-пазл плюшевий 60х60х1см Салатовий (D) SW-00002095
SW-00002095	Crystal sky	250060	180	1	180	0	unavailable	4674142	564021186	https://rozetka.com.ua/ua/kovrolin-sticker-wall-157566384/p564021186/	Підлога-пазл плюшевий 60х60х1см Салатовий (D) SW-00002095
SW-00002095	ВінБудІмперіал	240759	242	1	242	0	unavailable	4674142	572770390	https://rozetka.com.ua/ua/572770390/p572770390/	Підлога-пазл плюшевий 60х60х1см Салатовий (D) SW-00002095
SW-00002095	STICO_PANEL	263347	185	1	185	0	unavailable	4674142	569763883	https://rozetka.com.ua/ua/569763883/p569763883/	Підлога-пазл плюшевий 60х60х1см Салатовий (D) SW-00002095
SW-00002095	ВінБудІмперіал	240759	254	1	254	0	unavailable	4674142	583059688	https://rozetka.com.ua/ua/583059688/p583059688/	Підлога-пазл плюшевий 60х60х1см Салатовий (D) SW-00002095
SW-00002095	Homent	255285	185	1	185	0	unavailable	4674142	578471563	https://rozetka.com.ua/ua/578471563/p578471563/	Підлога-пазл плюшевий Sticker Wall 60х60х1см Салатовий D (SW-00002095)
SW-00002095	MimiPlay	238949	180	1	180	0	unavailable	4648788	606307831	https://build.rozetka.com.ua/ua/606307831/p606307831/	Підлога-пазл плюшевий 60х60х1см Салатовий (D) SW-00002095
SW-00002095	Bass Culture	269902	185	1	185	0	unavailable	4625993	591955594	https://build.rozetka.com.ua/ua/591955594/p591955594/	Підлога-пазл плюшевий 60х60х1см Салатовий (D) SW-00002095
SW-00002095	Lite	181560	180	1	180	270	unavailable	4674142	449664830	https://rozetka.com.ua/ua/449664830/p449664830/	Підлога-пазл плюшевий САЛАТОВИЙ 60*60*1cm
SW-00002095	Протей	119401	270	1	270	0	unavailable	142254	477534244	https://rozetka.com.ua/ua/477534244/p477534244/	Килимок пазл плюшевий салатовий 1шт, 60*60*1cm (D)
SW-00002095	MegaChoice	249209	220	1	220	260	unavailable	4641184	546431364	https://build.rozetka.com.ua/ua/pvh-plitka-sticker-wall-151089390/p546431364/	Підлогове покриття Пазл плюшевий 60х60х1см салатовий
SW-00002082	SHEF LIFE	124373	79	1	79	85	available	4674142	444838640	https://rozetka.com.ua/ua/444838640/p444838640/	Підлога-пазл плюшевий 30х30х1см Коричневий (D) SW-00002082
SW-00002082	ukriloom	226664	65	1	65	0	available	142254	576838717	https://rozetka.com.ua/ua/576838717/p576838717/	Підлога-пазл плюшевий 30х30х1см Коричневий (D) SW-00002082
SW-00002082	МАЙЯ	20508	65	1	65	0	available	4641184	593017666	https://build.rozetka.com.ua/ua/593017666/p593017666/	Підлога-пазл плюшевий 30х30х1см Коричневий (D) SW-00002082
SW-00002082	LoftWall	210021	63	1	63	75	available	4674142	443266442	https://rozetka.com.ua/ua/443266442/p443266442/	Підлога-пазл плюшевий КОРИЧНЕВИЙ 30*30*1cm (D) SW-00002082
SW-00002082	3dshoping	214967	68	1	68	80	available	4646656	448602170	https://build.rozetka.com.ua/ua/448602170/p448602170/	Підлога-пазл плюшевий КОРИЧНЕВИЙ 30*30*1cm (D) SW-00002082
SW-00002082	Таємничий Вибір	205656	70	1	70	0	available	4641184	446389007	https://build.rozetka.com.ua/ua/446389007/p446389007/	Підлога-пазл плюшевий КОРИЧНЕВИЙ 30*30*1cm (D) SW-00002082
SW-00002082	3D Loft	69844	63	1	63	0	available	4674142	448506989	https://rozetka.com.ua/ua/448506989/p448506989/	Підлога-пазл плюшевий КОРИЧНЕВИЙ 30*30*1cm (D) SW-00002082
SW-00002082	BINGO	53688	113	1	113	0	available	4641184	548935542	https://build.rozetka.com.ua/ua/pvh-plitka-sticker-wall-151933575/p548935542/	Підлога-пазл плюшевий КОРИЧНЕВИЙ 30*30*1cm (D) SW-00002082
SW-00002082	Shywon	237919	68	1	68	0	available	4674142	544805490	https://rozetka.com.ua/ua/3d-paneli-sticker-wall-150158975/p544805490/	Підлога-пазл плюшевий 30х30х1см Коричневий (D) SW-00002082
SW-00002082	TechnoPrime	33201	72	1	72	0	available	4629548	587796472	https://build.rozetka.com.ua/ua/587796472/p587796472/	Підлога-пазл плюшевий 30х30х1см Коричневий (D) SW-00002082
SW-00002082	3DDD	188802	54	1	54	65	available	4674142	593600017	https://rozetka.com.ua/ua/593600017/p593600017/	Підлога-пазл плюшевий Коричневий 30*30*1 см D SW-00002082
SW-00002082	K-Warehouse	217766	62	1	62	0	available	4659004	476816819	https://build.rozetka.com.ua/ua/476816819/p476816819/	Підлога-пазл плюшевий КОРИЧНЕВИЙ 30*30*1cm (D) SW-00002082
SW-00002082	Bravion Store	276091	105	1	105	0	available	4641184	598420627	https://build.rozetka.com.ua/ua/598420627/p598420627/	Підлога-пазл плюшевий 30х30х1см Коричневий (D) SW-00002082
SW-00002082	LFcolor	213998	63	1	63	0	available	4674142	600360301	https://rozetka.com.ua/ua/600360301/p600360301/	Підлога-пазл плюшевий 30х30х1см Коричневий (D) SW-00002082
SW-00002082	NIVENTO	271966	98	1	98	176	available	4674142	601664671	https://rozetka.com.ua/ua/601664671/p601664671/	Підлога-пазл плюшевий 30х30х1см Коричневий (D) SW-00002082
SW-00002082	Знак якості	138753	88	1	88	0	available	4674142	610293476	https://rozetka.com.ua/ua/610293476/p610293476/	Підлога-пазл плюшевий 30х30х1см Коричневий (D) SW-00002082
SW-00002082	MiroLends	137263	72	1	72	0	available	4674142	592561303	https://rozetka.com.ua/ua/592561303/p592561303/	Підлога-пазл плюшевий КОРИЧНЕВИЙ 30*30*1cm (D) SW-00002082
SW-00002082	MC LitWin	265009	65	1	65	0	available	4641184	599109934	https://build.rozetka.com.ua/ua/599109934/p599109934/	Підлога-пазл плюшевий Sticker Wall коричневий 30х30х1 см (SW-00002082)
SW-00002082	Декостра	278257	65	1	65	0	available	4629548	603197374	https://build.rozetka.com.ua/ua/603197374/p603197374/	Підлога-пазл плюшевий 30х30х1см Коричневий (D) SW-00002082
SW-00002082	Davelia Shop	283358	81	1	81	0	available	4674142	616778564	https://rozetka.com.ua/ua/616778564/p616778564/	Підлога-пазл плюшевий 30х30х1см Коричневий (D) SW-00002082
SW-00002082	Lavkamarka	227099	63	1	63	75	available	4646656	520127369	https://build.rozetka.com.ua/ua/520127369/p520127369/	Плюшева підлога пазл-модульне підлогове покриття Sticker Wall 300х300х10мм коричнева (2082)
SW-00002082	eDarunok	189795	83	1	83	0	unavailable	4674142	455024839	https://rozetka.com.ua/ua/455024839/p455024839/	Підлога-Пазл Плюшевий Коричневий 30*30*1Cm (D) Sw-00002082
SW-00002082	In2time	227604	83	1	83	0	unavailable	102848	550114902	https://rozetka.com.ua/ua/puzzles-sticker-wall-152318700/p550114902/	Підлога-пазл плюшевий 30х30х1см Коричневий (D) SW-00002082
SW-00002082	GRAND LIFE	39993	88	1	88	0	unavailable	4674142	444888281	https://rozetka.com.ua/ua/444888281/p444888281/	Підлога-пазл плюшевий КОРИЧНЕВИЙ 30*30*1cm (D) SW-00002082 4888599
SW-00002082	Crystal sky	250060	63	1	63	0	unavailable	4674142	564021150	https://rozetka.com.ua/ua/kovrolin-sticker-wall-157566390/p564021150/	Підлога-пазл плюшевий 30х30х1см Коричневий (D) SW-00002082
SW-00002082	ВінБудІмперіал	240759	82	1	82	0	unavailable	4674142	572770297	https://rozetka.com.ua/ua/572770297/p572770297/	Підлога-пазл плюшевий 30х30х1см Коричневий (D) SW-00002082
SW-00002082	STICO_PANEL	263347	65	1	65	0	unavailable	4674142	569765206	https://rozetka.com.ua/ua/569765206/p569765206/	Підлога-пазл плюшевий 30х30х1см Коричневий (D) SW-00002082
SW-00002082	ukriloom	226664	70	1	70	0	unavailable	4674142	559057773	https://rozetka.com.ua/ua/igrovie-kovriki-sticker-wall-155490164/p559057773/	Підлога-пазл плюшевий 30х30х1см Коричневий (D) SW-00002082
SW-00002082	Homent	255285	75	1	75	0	unavailable	4674142	578471575	https://rozetka.com.ua/ua/578471575/p578471575/	Підлога-пазл плюшевий Sticker Wall 30х30х1см Коричневий D (SW-00002082)
SW-00002082	Букаляба	266473	75	1	75	0	unavailable	4674142	590727607	https://rozetka.com.ua/ua/590727607/p590727607/	Підлога-пазл плюшевий 30х30х1см Коричневий (D) SW-00002082
SW-00002082	ВінБудІмперіал	240759	86	1	86	0	unavailable	4674142	583066963	https://rozetka.com.ua/ua/583066963/p583066963/	Підлога-пазл плюшевий 30х30х1см Коричневий (D) SW-00002082
SW-00002082	MimiPlay	238949	65	1	65	0	unavailable	4648788	606307975	https://build.rozetka.com.ua/ua/606307975/p606307975/	Підлога-пазл плюшевий 30х30х1см Коричневий (D) SW-00002082
SW-00002082	Fono Market	79493	84	1	84	0	unavailable	4641184	518936814	https://build.rozetka.com.ua/ua/518936814/p518936814/	Підлога-пазл плюшевий 30х30х1см Коричневий (D) SW-00002082
SW-00002082	ladybug	36972	75	1	75	85	unavailable	4674142	520039674	https://rozetka.com.ua/ua/520039674/p520039674/	Підлога пазл плюшева 30х30х1см (D) Коричневий Sticker Wall SW-00002082
SW-00002082	Color	153828	65	1	65	0	unavailable	4674142	531268514	https://rozetka.com.ua/ua/531268514/p531268514/	Підлога-пазл плюшевий 30х30х1см Коричневий (D) SW-00002082
SW-00002082	Bass Culture	269902	75	1	75	0	unavailable	4625993	591955639	https://build.rozetka.com.ua/ua/591955639/p591955639/	Підлога-пазл плюшевий 30х30х1см Коричневий (D) SW-00002082
SW-00002082	Lite	181560	65	1	65	120	unavailable	4674142	449664824	https://rozetka.com.ua/ua/449664824/p449664824/	Підлога-пазл плюшевий КОРИЧНЕВИЙ 30*30*1cm
SW-00002082	MegaChoice	249209	79	1	79	120	unavailable	4641184	546431409	https://build.rozetka.com.ua/ua/pvh-plitka-sticker-wall-151097270/p546431409/	Підлогове покриття Пазл плюшевий 30х30х1см коричневий
SW-00001189	3DDD	188802	780	1	780	944	available	4674142	409127016	https://rozetka.com.ua/ua/409127016/p409127016/	Килимок Sticker Wall складаний однотонний 1,5х2,0mх10mm Коричневий (298) SW-00001189
SW-00001189	IWantAll	265288	1302	1	1302	0	available	4674142	613076696	https://rozetka.com.ua/ua/613076696/p613076696/	Дитячий складаний термокилимок SW-00001189 однотонний 2000х1500х10мм Коричневий Sticker Wall DPO_SW-00001189
SW-00001189	FOUKS	20886	870	1	870	950	available	4674142	367010703	https://rozetka.com.ua/ua/367010703/p367010703/	Килимок-трансформер дитячий на підлогу Коричневий 150х200х1 см з сумкою однотонний складний для повзання (298)
SW-00001189	Lavkamarka	227099	970	1	970	0	available	4674142	490063339	https://rozetka.com.ua/ua/490063339/p490063339/	Килимок складаний Mat4baby 2000х1500х10мм коричневый (1189)
SW-00001189	Glorias	145516	1220	1	1220	1220	unavailable	4674142	404295582	https://rozetka.com.ua/ua/404295582/p404295582/	Килимок складаний однотонний 1,5х2,0 м х10 мм Коричневий (298) SW-00001189
SW-00001189	In2time	227604	1045	1	1045	0	unavailable	142254	550116159	https://rozetka.com.ua/ua/kovrovye-izdeliya-sticker-wall-152318243/p550116159/	Дитячий складний термокилимок однотонний 2000х1500х10мм Коричневий (298) SW-00001189
SW-00000284	NIVENTO	271966	120	1	120	216	available	4629548	601664599	https://build.rozetka.com.ua/ua/601664599/p601664599/	Самоклеюча вінілова плитка 152.4х914.4х1.5мм Попелясте дерево, ціна за 1 шт. (СВП-003) Матова SW-00000284
SW-00000284	Потрібне	274903	99	1	99	0	available	4641184	595275271	https://build.rozetka.com.ua/ua/595275271/p595275271/	Самоклеюча вінілова плитка Sticker Wall 152.4х914.4х1.5мм Попелясте дерево, ціна за 1 шт. (СВП-003) Матова SW-00000284
SW-00000284	МАЙЯ	20508	87	1	87	0	available	4625993	592973248	https://build.rozetka.com.ua/ua/592973248/p592973248/	Самоклеюча вінілова плитка 152.4х914.4х1.5мм Попелясте дерево, ціна за 1 шт. (СВП-003) Матова SW-00000284
SW-00000284	3DDD	188802	72	1	72	87	available	4629548	409127289	https://build.rozetka.com.ua/ua/409127289/p409127289/	Вінілова плитка, що самоклеїться, Sticker Wall попільне дерево (СВП-003) Матова SW-00000284
SW-00000284	Happy Valise	44840	92	1	92	0	available	4629548	439440392	https://build.rozetka.com.ua/ua/439440392/p439440392/	Самоклеюча вінілова плитка попелясте дерево, ціна за 1 шт. (СВП-003) Матова SW-00000284
SW-00000284	Таємничий Вибір	205656	80	1	80	0	available	4641184	446388875	https://build.rozetka.com.ua/ua/446388875/p446388875/	Самоклеюча вінілова плитка попелясте дерево, ціна за 1 шт. (СВП-003) Матова SW-00000284
SW-00000284	SHEF LIFE	124373	100	1	100	108	available	4641184	440491121	https://build.rozetka.com.ua/ua/440491121/p440491121/	Самоклеюча вінілова плитка 152.4х914.4х1.5мм Попелясте дерево, ціна за 1 шт. (СВП-003) Матова SW-00000284
SW-00000284	Shywon	237919	90	1	90	0	available	4648788	544807020	https://build.rozetka.com.ua/ua/3d-paneli-sticker-wall-150158886/p544807020/	Самоклеюча вінілова плитка 152.4х914.4х1.5мм Попелясте дерево, ціна за 1 шт. (СВП-003) Матова SW-00000284
SW-00000284	D`n`D Group	17032	80	1	80	0	available	4641184	430134878	https://build.rozetka.com.ua/ua/430134878/p430134878/	Самоклеюча вінілова плитка 152.4х914.4х1.5мм Попелясте дерево, ціна за 1 шт. (СВП-003) Матова SW-00000284 (SW-00000284)
SW-00000284	3D Loft	69844	80	1	80	0	available	4641184	427405943	https://build.rozetka.com.ua/ua/427405943/p427405943/	Самоклеюча вінілова плитка попелясте дерево, ціна за 1 шт. (СВП-003) Матова SW-00000284
SW-00000284	Днепрлюкс	146605	80	1	80	0	available	4641184	454107341	https://build.rozetka.com.ua/ua/454107341/p454107341/	Самоклеюча вінілова плитка 152.4х914.4х1.5мм Попелясте дерево, (СВП-003) Матова SW-00000284
SW-00000284	RSI	48100	80	1	80	0	available	4641184	440483348	https://build.rozetka.com.ua/ua/440483348/p440483348/	Самоклеюча вінілова плитка 152.4х914.4х1.5мм Попелясте дерево, ціна за 1 шт. (СВП-003) Матова SW-00000284
SW-00000284	K-Warehouse	217766	83	1	83	0	available	4629548	453037208	https://build.rozetka.com.ua/ua/453037208/p453037208/	Самоклеюча вінілова плитка Sticker Wall попелясте дерево, Матова SW-00000284
SW-00000284	PROStikerUa	217718	80	1	80	107	available	4641184	466518209	https://build.rozetka.com.ua/ua/466518209/p466518209/	Самоклеюча вінілова плитка Sticker Wall попільне дерево (СВП-003) 914,4*152,5*1,5 мм Матова SW-00000284
SW-00000284	Torg Landiya	92929	84	1	84	88	available	4641184	467620989	https://build.rozetka.com.ua/ua/467620989/p467620989/	Самоклеюча вінілова плитка попелясте дерево, ціна за 1 шт. (СВП-003) Матова SW-00000284
SW-00000284	TechnoPrime	33201	88	1	88	0	available	4641184	562198878	https://build.rozetka.com.ua/ua/pvh-plitka-sticker-wall-156874559/p562198878/	Самоклеюча вінілова плитка 152.4х914.4х1.5мм Попелясте дерево, ціна за 1 шт. (СВП-003) Матова SW-00000284
SW-00000284	Декостра	278257	80	1	80	0	available	4629548	603197752	https://build.rozetka.com.ua/ua/603197752/p603197752/	Самоклеюча вінілова плитка 152.4х914.4х1.5мм Попелясте дерево, ціна за 1 шт. (СВП-003) Матова SW-00000284
SW-00000284	LFcolor	213998	80	1	80	0	available	4629548	600354457	https://build.rozetka.com.ua/ua/600354457/p600354457/	Самоклеюча вінілова плитка 152.4х914.4х1.5мм Попелясте дерево, ціна за 1 шт. (СВП-003) Матова SW-00000284
SW-00000284	Секрети шопінгу	268996	84	1	84	0	available	4648788	580812448	https://build.rozetka.com.ua/ua/580812448/p580812448/	Самоклеюча вінілова плитка 152.4х914.4х1.5мм Попелясте дерево, ціна за 1 шт. (СВП-003) Матова SW-00000284
SW-00000284	PRIMAVERA_pro	245169	143	1	143	0	available	4648788	593441005	https://build.rozetka.com.ua/ua/593441005/p593441005/	Самоклеюча вінілова плитка 152.4х914.4х1.5мм Попелясте дерево, ціна за 1 шт. (СВП-003) Матова SW-00000284
SW-00000284	ukriloom	226664	82	1	82	0	available	4641184	593090431	https://build.rozetka.com.ua/ua/593090431/p593090431/	Самоклеюча вінілова плитка 152.4х914.4х1.5мм Попелясте дерево, ціна за 1 шт. (СВП-003) Матова SW-00000284
SW-00000284	PeRoHome	282119	130	1	130	0	available	4629548	613017572	https://build.rozetka.com.ua/ua/613017572/p613017572/	Самоклеюча вінілова плитка 152.4х914.4х1.5мм Попелясте дерево, ціна за 1 шт. (СВП-003) Матова SW-00000284
SW-00000284	AVO-LAVKA	114191	108	1	108	120	available	4658998	596631703	https://build.rozetka.com.ua/ua/596631703/p596631703/	Самоклеюча вінілова плитка 152.4х914.4х1.5мм Попелясте дерево, ціна за 1 шт. (СВП-003) Матова SW-00000284
SW-00000284	Bravion Store	276091	110	1	110	0	available	4629548	597040453	https://build.rozetka.com.ua/ua/597040453/p597040453/	Самоклеюча вінілова плитка 152.4х914.4х1.5мм Попелясте дерево, ціна за 1 шт. (СВП-003) Матова SW-00000284
SW-00000284	MC LitWin	265009	86	1	86	0	available	4641184	599110393	https://build.rozetka.com.ua/ua/599110393/p599110393/	Самоклеюча вінілова плитка Попелясте дерево СВП-003 Матова мм Sticker Wall сірий 152,4х914,4х1,5 мм (SW-00000284)
SW-00000284	The world of ideas	166476	96	1	96	0	available	4657848	493673379	https://build.rozetka.com.ua/ua/493673379/p493673379/	Вінілова плитка, що самоклеїться, Sticker Wall попільне дерево (СВП-003) Матова SW-00000284
SW-00000284	Davelia Shop	283358	100	1	100	0	available	4629548	616821584	https://build.rozetka.com.ua/ua/616821584/p616821584/	Самоклеюча вінілова плитка 152.4х914.4х1.5мм Попелясте дерево, ціна за 1 шт. (СВП-003) Матова SW-00000284
SW-00000284	FOUKS	20886	80	1	80	0	available	4641184	306705378	https://build.rozetka.com.ua/ua/306705378/p306705378/	Вініловий Ламінат Дерево Сірий Ясен вологостійка самоклейна плитка ПВХ для стін поштучно 15х91см (003)
SW-00000284	Wide Range	211532	92	1	92	0	available	4629548	598778857	https://build.rozetka.com.ua/ua/598778857/p598778857/	Самоклеюча вінілова плитка ПВХ 152.4х914.4х1.5мм Попелясте дерево
SW-00000284	DomLoft	139608	69	1	69	99	available	4629548	428883947	https://build.rozetka.com.ua/ua/428883947/p428883947/	Самоклеюча вінілова плитка попелясте дерево, ціна за 1 шт. (СВП-003) Матова
SW-00000284	Lavkamarka	227099	80	1	80	80	available	4641184	496148954	https://build.rozetka.com.ua/ua/496148954/p496148954/	Самоклеюча вінілова плитка Sticker Wall 914х152х1,5 мм попелясте дерево матова (0284)
SW-00000284	Bigsylio	266140	80	1	80	0	available	4629548	606381439	https://build.rozetka.com.ua/ua/606381439/p606381439/	Самоклеюча вінілова плитка Димчасте дерево 152х914мм для підлоги та стін матове покриття для інтер'єру
SW-00000284	Михалич	102883	80	1	80	0	unavailable	4641184	416475075	https://build.rozetka.com.ua/ua/416475075/p416475075/	Самоклеюча вінілова плитка попелясте дерево, ціна за 1 шт. (СВП-003) Матова SW-00000284
SW-00000284	alfatop	198786	80	1	80	0	unavailable	4648788	413355456	https://build.rozetka.com.ua/ua/413355456/p413355456/	Самоклеюча вінілова плитка попелясте дерево, ціна за 1 шт. (СВП-003) Матова SW-00000284
SW-00000284	GRAND LIFE	39993	100	1	100	0	unavailable	4629548	441184127	https://build.rozetka.com.ua/ua/441184127/p441184127/	Вінілова плитка, що самоклеїться, попільне дерево, ціна за 1 шт. (СВП-003) Матова SW-00000284 4391410
SW-00000284	TOWER	83595	114	1	114	0	unavailable	4641184	448749674	https://build.rozetka.com.ua/ua/448749674/p448749674/	Самоклеюча вінілова плитка попелясте дерево, ціна за 1 шт. (СВП-003) Матова SW-00000284
SW-00000284	DecoGrip	204264	80	1	80	107	unavailable	4641184	405573573	https://build.rozetka.com.ua/ua/405573573/p405573573/	Самоклеюча вінілова плитка Sticker Wall попелясте дерево ціна за 1 шт (СВП-003) Матова SW-00000284
SW-00000284	RCMN	136578	104	1	104	0	unavailable	4629548	548306730	https://build.rozetka.com.ua/ua/kovrolin-bez-brenda-151541287/p548306730/	Самоклеюча вінілова плитка 152.4х914.4х1.5мм Попільне дерево, ціна за 1 шт. (СВП-003) Матова SW-00000284
SW-00000284	In2time	227604	88	1	88	0	unavailable	4641184	550115565	https://build.rozetka.com.ua/ua/pvh-plitka-sticker-wall-152318969/p550115565/	Самоклеюча вінілова плитка 152.4х914.4х1.5мм Попелясте дерево, ціна за 1 шт. (СВП-003) Матова SW-00000284
SW-00000284	THERMOTRADE	104545	88	1	88	0	unavailable	4641184	579796132	https://build.rozetka.com.ua/ua/579796132/p579796132/	Самоклеюча вінілова плитка 152.4х914.4х1.5мм Попелясте дерево, ціна за 1 шт. (СВП-003) Матова SW-00000284, Сірий
SW-00000284	Рельєф Простір	267658	80	1	80	0	unavailable	4641184	577343287	https://build.rozetka.com.ua/ua/577343287/p577343287/	Самоклеюча вінілова плитка 152.4х914.4х1.5мм Попелясте дерево, ціна за 1 шт. (СВП-003) Матова SW-00000284
SW-00000284	ВінБудІмперіал	240759	92	1	92	0	unavailable	4629548	583059997	https://build.rozetka.com.ua/ua/583059997/p583059997/	Самоклеюча вінілова плитка 152.4х914.4х1.5мм Попелясте дерево, ціна за 1 шт. (СВП-003) Матова SW-00000284
SW-00000284	ВінБудІмперіал	240759	88	1	88	0	unavailable	4648788	572705461	https://build.rozetka.com.ua/ua/572705461/p572705461/	Самоклеюча вінілова плитка 152.4х914.4х1.5мм Попелясте дерево, ціна за 1 шт. (СВП-003) Матова SW-00000284
SW-00000284	Bass Culture	269902	80	1	80	0	unavailable	4641184	591456877	https://build.rozetka.com.ua/ua/591456877/p591456877/	Самоклеюча вінілова плитка 152.4х914.4х1.5мм Попелясте дерево, ціна за 1 шт. (СВП-003) Матова SW-00000284
SW-00000284	STICO_PANEL	263347	80	1	80	0	unavailable	4641184	569764738	https://build.rozetka.com.ua/ua/569764738/p569764738/	Самоклеюча вінілова плитка 152.4х914.4х1.5мм Попелясте дерево, ціна за 1 шт. (СВП-003) Матова SW-00000284
SW-00000284	Kind Host	272923	80	1	80	0	unavailable	4641184	591063700	https://build.rozetka.com.ua/ua/591063700/p591063700/	Самоклеюча вінілова плитка 152.4х914.4х1.5мм Попелясте дерево, ціна за 1 шт. (СВП-003) Матова SW-00000284
SW-00000284	SpotikachUA	196146	85	1	85	0	unavailable	4659004	486542074	https://build.rozetka.com.ua/ua/486542074/p486542074/	Самоклеюча вінілова плитка попелясте дерево, ціна за 1 шт. (СВП-003) Матова SW-00000284
SW-00000284	MimiPlay	238949	80	1	80	0	unavailable	4629548	606307855	https://build.rozetka.com.ua/ua/606307855/p606307855/	Самоклеюча вінілова плитка 152.4х914.4х1.5мм Попелясте дерево, ціна за 1 шт. (СВП-003) Матова SW-00000284
SW-00000284	LFcolor	213998	80	1	80	0	unavailable	4641184	485901589	https://build.rozetka.com.ua/ua/485901589/p485901589/	Самоклеюча вінілова плитка 152.4х914.4х1.5мм Попелясте дерево, ціна за 1 шт. (СВП-003) Матова SW-00000284
SW-00000284	Plumbing Assistant	211113	99	1	99	0	unavailable	4641184	497124029	https://build.rozetka.com.ua/ua/497124029/p497124029/	Самоклеюча вінілова плитка попелясте дерево, ціна за 1 шт. (СВП-003) Матова SW-00000284
SW-00000284	BINGO	53688	118	1	118	0	unavailable	4641184	500793619	https://build.rozetka.com.ua/ua/500793619/p500793619/	Самоклеюча вінілова плитка попелясте дерево, ціна за 1 шт. (СВП-003) Матова SW-00000284
SW-00000284	Мережа можливостей	194715	80	1	80	0	unavailable	4641184	521821599	https://build.rozetka.com.ua/ua/521821599/p521821599/	Самоклеюча вінілова плитка 152.4х914.4х1.5мм Попелясте дерево, ціна за 1 шт. (СВП-003) Матова SW-00000284
SW-00000284	ViDen	265006	87	1	87	0	unavailable	4659004	605310274	https://build.rozetka.com.ua/ua/605310274/p605310274/	Самоклеюча вінілова плитка 152.4х914.4х1.5мм Попелясте дерево, ціна за 1 шт. (СВП-003) Матова SW-00000284
SW-00000284	Lite	181560	61	1	61	130	unavailable	4629548	449917604	https://build.rozetka.com.ua/ua/449917604/p449917604/	Вінілова плитка, що самоклеїться, попільне дерево (СВП-003) Матова
SW-00000284	SkyOne	45932	576	1	576	340	unavailable	4641184	290065988	https://build.rozetka.com.ua/ua/290065988/p290065988/	Самоклеюча вінілова плитка під ламінат попільне дерево СВП-003 1 м.кв.
SW-00000284	Happy Valise	44840	78	1	78	0	unavailable	4641184	347563629	https://build.rozetka.com.ua/ua/347563629/p347563629/	Вінілова плитка-ламінат Sticker Wall 15,24х91,44 см 1 шт. Попелясте дерево
SW-00000284	MiroLends	137263	69	1	69	0	unavailable	4641184	431026013	https://build.rozetka.com.ua/ua/431026013/p431026013/	Вінілова плитка, що самоклеїться, попільне дерево, ціна за 1 шт. (СВП-003) Матова
SW-00000285	PROStikerUa	217718	64	1	64	86	available	4641184	466518239	https://build.rozetka.com.ua/ua/466518239/p466518239/	Самоклеюча вінілова плитка Sticker Wall під старовину (СВП-005) 914,4*152,5*1,5 мм Матова SW-00000285
SW-00000285	Shywon	237919	72	1	72	0	available	4648788	544807045	https://build.rozetka.com.ua/ua/3d-paneli-sticker-wall-150158923/p544807045/	Самоклеюча вінілова плитка 152.4х914.4х1.5мм Під старину, ціна за 1 шт. (СВП-005) Матова SW-00000285
SW-00000285	The world of ideas	166476	77	1	77	0	available	4657848	493673419	https://build.rozetka.com.ua/ua/493673419/p493673419/	Вінілова плитка, що самоклеїться, Sticker Wall під старовину (СВП-005) Матова SW-00000285
SW-00000285	МАЙЯ	20508	70	1	70	0	available	4625993	592973266	https://build.rozetka.com.ua/ua/592973266/p592973266/	Самоклеюча вінілова плитка 152.4х914.4х1.5мм Під старину, ціна за 1 шт. (СВП-005) Матова SW-00000285
SW-00000285	AVO-LAVKA	114191	86	1	86	96	available	4658998	596632492	https://build.rozetka.com.ua/ua/596632492/p596632492/	Самоклеюча вінілова плитка 152.4х914.4х1.5мм Під старину, ціна за 1 шт. (СВП-005) Матова SW-00000285
SW-00000285	Online Shop	12416	80	1	80	80	available	4629548	417165642	https://build.rozetka.com.ua/ua/417165642/p417165642/	Вінілова плитка, що самоклеїться під старовину, ціна за 1 шт. (СВП-005) Матова SW-00000285
SW-00000285	3D Loft	69844	64	1	64	0	available	4641184	427405985	https://build.rozetka.com.ua/ua/427405985/p427405985/	Самоклеюча вінілова плитка під старину, ціна за 1 шт. (СВП-5) Матовая SW-00000285
SW-00000285	LoftWall	210021	64	1	64	80	available	4641184	431551289	https://build.rozetka.com.ua/ua/431551289/p431551289/	Самоклеюча вінілова плитка під старину, ціна за 1 шт. (СВП-5) Матовая SW-00000285
SW-00000285	RSI	48100	80	1	80	0	available	4641184	440482124	https://build.rozetka.com.ua/ua/440482124/p440482124/	Самоклеюча вінілова плитка 152.4х914.4х1.5мм Під старину, ціна за 1 шт. (СВП-5) Матовая SW-00000285
SW-00000285	D`n`D Group	17032	64	1	64	0	available	4641184	438527699	https://build.rozetka.com.ua/ua/438527699/p438527699/	Самоклеюча вінілова плитка 152.4х914.4х1.5мм Під старину, ціна за 1 шт. (СВП-5) Матовая SW-00000285 (SW-00000285)
SW-00000285	3DDD	188802	58	1	58	70	available	4629548	409127328	https://build.rozetka.com.ua/ua/409127328/p409127328/	Вінілова плитка, що самоклеїться, Sticker Wall під старовину (СВП-005) Матова SW-00000285
SW-00000285	K-Warehouse	217766	66	1	66	0	available	4629548	453037889	https://build.rozetka.com.ua/ua/453037889/p453037889/	Самоклеюча вінілова плитка Sticker Wall під старину, Матовая SW-00000285
SW-00000285	SHEF LIFE	124373	80	1	80	86	available	4641184	440490791	https://build.rozetka.com.ua/ua/440490791/p440490791/	Самоклеюча вінілова плитка 152.4х914.4х1.5мм Під старину, ціна за 1 шт. (СВП-005) Матова SW-00000285
SW-00000285	Happy Valise	44840	74	1	74	92	available	4629548	439440398	https://build.rozetka.com.ua/ua/439440398/p439440398/	Самоклеюча вінілова плитка під старину, ціна за 1 шт. (СВП-5) Матовая SW-00000285
SW-00000285	Таємничий Вибір	205656	80	1	80	0	available	4641184	446388878	https://build.rozetka.com.ua/ua/446388878/p446388878/	Самоклеюча вінілова плитка під старину, ціна за 1 шт. (СВП-5) Матовая SW-00000285
SW-00000285	Днепрлюкс	146605	64	1	64	0	available	4641184	454107488	https://build.rozetka.com.ua/ua/454107488/p454107488/	Вінілова плитка, що самоклеїться під старовину, ціна за 1 шт. (СВП-005) Матова SW-00000285
SW-00000285	Torg Landiya	92929	66	1	66	70	available	4641184	467620974	https://build.rozetka.com.ua/ua/467620974/p467620974/	Самоклеюча вінілова плитка під старовину, ціна за 1 шт. (СВП-5) Матова SW-00000285
SW-00000285	Секрети шопінгу	268996	84	1	84	0	available	4648788	580812520	https://build.rozetka.com.ua/ua/580812520/p580812520/	Самоклеюча вінілова плитка 152.4х914.4х1.5мм Під старовину, ціна за 1 шт. (СВП-5) Матова SW-00000285
SW-00000285	TechnoPrime	33201	88	1	88	0	available	4641184	562198983	https://build.rozetka.com.ua/ua/pvh-plitka-sticker-wall-156874563/p562198983/	Самоклеюча вінілова плитка 152.4х914.4х1.5мм Під старовину, ціна за 1 шт. (СВП-5) Матова SW-00000285
SW-00000285	MC LitWin	265009	69	1	69	0	available	4641184	599109472	https://build.rozetka.com.ua/ua/599109472/p599109472/	Самоклеюча вінілова плитка Під старину СВП-005 Матова мм Sticker Wall коричневий 152,4х914,4х1,5 мм (SW-00000285)
SW-00000285	ukriloom	226664	66	1	66	0	available	4641184	593089171	https://build.rozetka.com.ua/ua/593089171/p593089171/	Самоклеюча вінілова плитка 152.4х914.4х1.5мм Під старину, ціна за 1 шт. (СВП-005) Матова SW-00000285
SW-00000285	PRIMAVERA_pro	245169	143	1	143	0	available	4648788	593440081	https://build.rozetka.com.ua/ua/593440081/p593440081/	Самоклеюча вінілова плитка 152.4х914.4х1.5мм Під старину, ціна за 1 шт. (СВП-005) Матова SW-00000285
SW-00000285	Bravion Store	276091	110	1	110	0	available	4629548	597040495	https://build.rozetka.com.ua/ua/597040495/p597040495/	Самоклеюча вінілова плитка 152.4х914.4х1.5мм Під старину, ціна за 1 шт. (СВП-005) Матова SW-00000285
SW-00000285	NIVENTO	271966	120	1	120	216	available	4629548	601662610	https://build.rozetka.com.ua/ua/601662610/p601662610/	Самоклеюча вінілова плитка 152.4х914.4х1.5мм Під старину, ціна за 1 шт. (СВП-005) Матова SW-00000285
SW-00000285	PeRoHome	282119	130	1	130	0	available	4629548	613017650	https://build.rozetka.com.ua/ua/613017650/p613017650/	Самоклеюча вінілова плитка 152.4х914.4х1.5мм Під старину, ціна за 1 шт. (СВП-005) Матова SW-00000285
SW-00000285	Davelia Shop	283358	80	1	80	0	available	4629548	616821620	https://build.rozetka.com.ua/ua/616821620/p616821620/	Самоклеюча вінілова плитка 152.4х914.4х1.5мм Під старину, ціна за 1 шт. (СВП-005) Матова SW-00000285
SW-00000285	LFcolor	213998	64	1	64	0	available	4629548	600354523	https://build.rozetka.com.ua/ua/600354523/p600354523/	Самоклеюча вінілова плитка 152.4х914.4х1.5мм Під старину, ціна за 1 шт. (СВП-005) Матова SW-00000285
SW-00000285	Декостра	278257	80	1	80	0	available	4629548	603197359	https://build.rozetka.com.ua/ua/603197359/p603197359/	Самоклеюча вінілова плитка 152.4х914.4х1.5мм Під старину, ціна за 1 шт. (СВП-005) Матова SW-00000285
SW-00000285	FOUKS	20886	64	1	64	80	available	4641184	306705408	https://build.rozetka.com.ua/ua/306705408/p306705408/	Вініловий Ламінат Сірий Дуб вологостійкий самоклейний ПВХ під дерево для стін поштучно 15х91см (005)
SW-00000285	Bigsylio	266140	64	1	64	0	available	4629548	606381463	https://build.rozetka.com.ua/ua/606381463/p606381463/	Самоклеюча вінілова плитка під ламінат 152,4х914,4 мм коричнева для внутрішньої обробки підлоги покриття
SW-00000285	Lavkamarka	227099	64	1	64	80	available	4641184	496149134	https://build.rozetka.com.ua/ua/496149134/p496149134/	Самоклеюча вінілова плитка Sticker Wall 914х152х1,5 мм під старовину матова (0285)
SW-00000285	DomLoft	139608	65	1	65	99	available	4629548	428883935	https://build.rozetka.com.ua/ua/428883935/p428883935/	Самоклеюча вінілова плитка під старину, ціна за 1 шт. (СВП-5) Матовая
SW-00000285	Wide Range	211532	74	1	74	0	available	4629548	598778821	https://build.rozetka.com.ua/ua/598778821/p598778821/	Самоклеюча вінілова плитка ПВХ 152.4х914.4х1.5мм Під старину
SW-00000285	GRAND LIFE	39993	100	1	100	0	unavailable	4629548	359029845	https://build.rozetka.com.ua/ua/359029845/p359029845/	Самоклеящаяся виниловая плитка под старину, цена за 1 шт СВП-005 Матовая SW-00000285
SW-00000285	3DDD	188802	79	1	79	0	unavailable	4629548	388442517	https://build.rozetka.com.ua/ua/388442517/p388442517/	Вінілова плитка, що самоклеїться, Sticker Wall під старовину 914.4х152.4х1.5мм ціна за 1 шт СВП-005 Матова SW-00000285
SW-00000285	alfatop	198786	90	1	90	0	unavailable	4648788	400415196	https://build.rozetka.com.ua/ua/400415196/p400415196/	Самоклеюча вінілова плитка Sticker Wall під старину, ціна за 1 шт. (СВП-5) Матовая SW-00000285
SW-00000285	Палітра_комфорту	211610	80	1	80	0	unavailable	4629548	428016077	https://build.rozetka.com.ua/ua/428016077/p428016077/	Самоклеюча вінілова плитка під старину, ціна за 1 шт. (СВП-5) Матовая SW-00000285
SW-00000285	КO&AN	132388	99	1	99	0	unavailable	4641184	398605338	https://build.rozetka.com.ua/ua/398605338/p398605338/	Вінілова плитка, що самоклеїться під старовину, ціна за 1 шт. (СВП-005) Матова SW-00000285
SW-00000285	TOWER	83595	114	1	114	0	unavailable	4641184	448749554	https://build.rozetka.com.ua/ua/448749554/p448749554/	Самоклеюча вінілова плитка під старовину, ціна за 1 шт. (СВП-5) Матова SW-00000285
SW-00000285	DecoGrip	204264	80	1	80	107	unavailable	4641184	405574803	https://build.rozetka.com.ua/ua/405574803/p405574803/	Самоклеюча вінілова плитка Sticker Wall під старину ціна за 1 шт (СВП-5) Матовая SW-00000285
SW-00000285	GRAND LIFE	39993	100	1	100	0	unavailable	4629548	440944406	https://build.rozetka.com.ua/ua/440944406/p440944406/	Вінілова плитка, що самоклеїться під старовину, ціна за 1 шт. (СВП-005) Матова SW-00000285 4391411
SW-00000285	Михалич	102883	80	1	80	0	unavailable	4641184	416473308	https://build.rozetka.com.ua/ua/416473308/p416473308/	Самоклеюча вінілова плитка під старину, ціна за 1 шт. (СВП-5) Матовая SW-00000285
SW-00000285	In2time	227604	88	1	88	0	unavailable	4641184	550116441	https://build.rozetka.com.ua/ua/pvh-plitka-sticker-wall-152318897/p550116441/	Самоклеюча вінілова плитка 152.4х914.4х1.5мм Під старину, ціна за 1 шт. (СВП-5) Матовая SW-00000285
SW-00000285	DKLS	209688	1489	1	1489	0	unavailable	4629548	441519353	https://build.rozetka.com.ua/ua/441519353/p441519353/	Самоклеюча вінілова плитка під старину, ціна за 1 шт. (СВП-5) Матовая SW-00000285
SW-00000285	THERMOTRADE	104545	88	1	88	0	unavailable	4641184	579796042	https://build.rozetka.com.ua/ua/579796042/p579796042/	Самоклеюча вінілова плитка 152.4х914.4х1.5мм Під старину, ціна за 1 шт. (СВП-5) Матовая SW-00000285, Коричневий
SW-00000285	Homent	255285	80	1	80	0	unavailable	4641184	578474227	https://build.rozetka.com.ua/ua/578474227/p578474227/	Самоклеюча вінілова плитка Sticker Wall 152.4х914.4х1.5мм Під старину, ціна за 1 шт. СВП-5 Матова (SW-00000285)
SW-00000285	ВінБудІмперіал	240759	88	1	88	0	unavailable	4648788	572705530	https://build.rozetka.com.ua/ua/572705530/p572705530/	Самоклеюча вінілова плитка 152.4х914.4х1.5мм Під старину, ціна за 1 шт. (СВП-5) Матовая SW-00000285
SW-00000285	STICO_PANEL	263347	80	1	80	0	unavailable	4641184	569764771	https://build.rozetka.com.ua/ua/569764771/p569764771/	Самоклеюча вінілова плитка 152.4х914.4х1.5мм Під старину, ціна за 1 шт. (СВП-5) Матовая SW-00000285
SW-00000285	Рельєф Простір	267658	80	1	80	0	unavailable	4641184	577342390	https://build.rozetka.com.ua/ua/577342390/p577342390/	Самоклеюча вінілова плитка 152.4х914.4х1.5мм Під старину, ціна за 1 шт. (СВП-5) Матовая SW-00000285
SW-00000285	Kind Host	272923	80	1	80	0	unavailable	4641184	591064270	https://build.rozetka.com.ua/ua/591064270/p591064270/	Самоклеюча вінілова плитка 152.4х914.4х1.5мм Під старину, ціна за 1 шт. (СВП-005) Матова SW-00000285
SW-00000285	ViDen	265006	87	1	87	0	unavailable	4659004	605310742	https://build.rozetka.com.ua/ua/605310742/p605310742/	Самоклеюча вінілова плитка 152.4х914.4х1.5мм Під старину, ціна за 1 шт. (СВП-005) Матова SW-00000285
SW-00000285	LFcolor	213998	80	1	80	0	unavailable	4641184	485899214	https://build.rozetka.com.ua/ua/485899214/p485899214/	Самоклеюча вінілова плитка 152.4х914.4х1.5мм Під старину, ціна за 1 шт. (СВП-005) Матова SW-00000285
SW-00000285	SpotikachUA	196146	85	1	85	0	unavailable	4659004	486542079	https://build.rozetka.com.ua/ua/486542079/p486542079/	Самоклеюча вінілова плитка під старину, ціна за 1 шт. (СВП-5) Матовая SW-00000285
SW-00000285	Bass Culture	269902	80	1	80	0	unavailable	4641184	591456913	https://build.rozetka.com.ua/ua/591456913/p591456913/	Самоклеюча вінілова плитка 152.4х914.4х1.5мм Під старину, ціна за 1 шт. (СВП-005) Матова SW-00000285
SW-00000285	MimiPlay	238949	80	1	80	0	unavailable	4629548	606307888	https://build.rozetka.com.ua/ua/606307888/p606307888/	Самоклеюча вінілова плитка 152.4х914.4х1.5мм Під старину, ціна за 1 шт. (СВП-005) Матова SW-00000285
SW-00000285	Plumbing Assistant	211113	99	1	99	0	unavailable	4641184	497124034	https://build.rozetka.com.ua/ua/497124034/p497124034/	Самоклеюча вінілова плитка під старину, ціна за 1 шт. (СВП-5) Матовая SW-00000285
SW-00000285	BINGO	53688	118	1	118	0	unavailable	4641184	500792759	https://build.rozetka.com.ua/ua/500792759/p500792759/	Самоклеюча вінілова плитка під старину, ціна за 1 шт. (СВП-5) Матовая SW-00000285
SW-00000285	Мережа можливостей	194715	80	1	80	0	unavailable	4641184	521821609	https://build.rozetka.com.ua/ua/521821609/p521821609/	Самоклеюча вінілова плитка 152.4х914.4х1.5мм Під старину, ціна за 1 шт. (СВП-5) Матовая SW-00000285
SW-00000285	ВінБудІмперіал	240759	92	1	92	0	unavailable	4629548	583059499	https://build.rozetka.com.ua/ua/583059499/p583059499/	Самоклеюча вінілова плитка 152.4х914.4х1.5мм Під старину, ціна за 1 шт. (СВП-5) Матовая SW-00000285
SW-00000285	MegaChoice	249209	85	1	85	120	unavailable	4625993	546431433	https://build.rozetka.com.ua/ua/lamynat-sticker-wall-151100192/p546431433/	Самоклеюча вінілова плитка 152.4х914.4х1.5мм дерево під старину
SW-00000285	SkyOne	45932	576	1	576	340	unavailable	4641184	290065948	https://build.rozetka.com.ua/ua/290065948/p290065948/	Самоклеюча вінілова плитка під ламінат дерево СВП-005 1 м.кв.
SW-00000285	Happy Valise	44840	90	1	90	0	unavailable	4629548	294129953	https://build.rozetka.com.ua/ua/294129953/p294129953/	Самоклеящаяся вінілова плитка-ламінат, Під старе дерево, 15,24х91,44 см, ціна за 1 шт.
SW-00000285	Lite	181560	61	1	61	130	unavailable	4629548	449917595	https://build.rozetka.com.ua/ua/449917595/p449917595/	Вінілова плитка, що самоклеїться під старовину (СВП-005) Матова
SW-00001132	3DDD	188802	58	1	58	70	available	4629548	409127799	https://build.rozetka.com.ua/ua/409127799/p409127799/	Самоклеюча вінілова плитка Sticker Wall дика груша (СВП-013) Матова SW-00001132
SW-00001132	D`n`D Group	17032	64	1	64	0	available	4641184	430134287	https://build.rozetka.com.ua/ua/430134287/p430134287/	Самоклеюча вінілова плитка 152.4х914.4х1.5мм Дика груша, ціна за 1 шт. (СВП-013) Матова SW-00001132 (SW-00001132)
SW-00001132	3D Loft	69844	64	1	64	0	available	4641184	427405871	https://build.rozetka.com.ua/ua/427405871/p427405871/	Самоклеюча вінілова плитка дика груша, ціна за 1 шт. (СВП-013) Матова SW-00001132
SW-00001132	K-Warehouse	217766	66	1	66	0	available	4629548	453036800	https://build.rozetka.com.ua/ua/453036800/p453036800/	Самоклеюча вінілова плитка Sticker Wall дика груша, Матова SW-00001132
SW-00001132	Днепрлюкс	146605	64	1	64	0	available	4641184	454107530	https://build.rozetka.com.ua/ua/454107530/p454107530/	Самоклеюча вінілова плитка дика груша, ціна за 1 шт. (СВП-013) Матова SW-00001132
SW-00001132	SHEF LIFE	124373	80	1	80	86	available	4641184	440491391	https://build.rozetka.com.ua/ua/440491391/p440491391/	Самоклеюча вінілова плитка 152.4х914.4х1.5мм Дика груша, ціна за 1 шт. (СВП-013) Матова SW-00001132
SW-00001132	Shywon	237919	72	1	72	0	available	4648788	544806975	https://build.rozetka.com.ua/ua/3d-paneli-sticker-wall-150159435/p544806975/	Самоклеюча вінілова плитка 152.4х914.4х1.5мм Дика груша, ціна за 1 шт. (СВП-013) Матова SW-00001132
SW-00001132	RSI	48100	69	1	69	0	available	4641184	440481668	https://build.rozetka.com.ua/ua/440481668/p440481668/	Самоклеюча вінілова плитка 152.4х914.4х1.5мм Дика груша, ціна за 1 шт. (СВП-013) Матова SW-00001132
SW-00001132	Таємничий Вибір	205656	75	1	75	0	available	4641184	446388848	https://build.rozetka.com.ua/ua/446388848/p446388848/	Самоклеюча вінілова плитка дика груша, ціна за 1 шт. (СВП-013) Матова SW-00001132
SW-00001132	PROStikerUa	217718	64	1	64	86	available	4641184	466517884	https://build.rozetka.com.ua/ua/466517884/p466517884/	Самоклеюча вінілова плитка Sticker Wall дика груша 914,4*152,5*1,5мм (СВП-013) Матова SW-00001132
SW-00001132	Torg Landiya	92929	66	1	66	70	available	4641184	467620829	https://build.rozetka.com.ua/ua/467620829/p467620829/	Самоклеюча вінілова плитка дика груша, ціна за 1 шт. (СВП-013) Матова SW-00001132
SW-00001132	RMService	15008	164	1	164	239	available	4648788	581808910	https://build.rozetka.com.ua/ua/581808910/p581808910/	Самоклеюча вінілова плитка 152.4 х 914.4 х 1.5 мм Дика груша (СВП-013) Матова SW-00001132 (Sticker Wall)
SW-00001132	ukriloom	226664	66	1	66	0	available	4641184	593089972	https://build.rozetka.com.ua/ua/593089972/p593089972/	Самоклеюча вінілова плитка 152.4х914.4х1.5мм Дика груша, ціна за 1 шт. (СВП-013) Матова SW-00001132
SW-00001132	TechnoPrime	33201	70	1	70	0	available	4641184	562199073	https://build.rozetka.com.ua/ua/pvh-plitka-sticker-wall-156874620/p562199073/	Самоклеюча вінілова плитка 152.4х914.4х1.5мм Дика груша, ціна за 1 шт. (СВП-013) Матова SW-00001132
SW-00001132	AVO-LAVKA	114191	86	1	86	96	available	4658998	596631532	https://build.rozetka.com.ua/ua/596631532/p596631532/	Самоклеюча вінілова плитка 152.4х914.4х1.5мм Дика груша, ціна за 1 шт. (СВП-013) Матова SW-00001132
SW-00001132	MC LitWin	265009	69	1	69	0	available	4641184	599110537	https://build.rozetka.com.ua/ua/599110537/p599110537/	Самоклеюча вінілова плитка Дика груша СВП-013 Матова мм Sticker Wall 152,4х914,4х1,5 мм (SW-00001132)
SW-00001132	Bravion Store	276091	110	1	110	0	available	4629548	597136996	https://build.rozetka.com.ua/ua/597136996/p597136996/	Самоклеюча вінілова плитка 152.4х914.4х1.5мм Дика груша, ціна за 1 шт. (СВП-013) Матова SW-00001132
SW-00001132	Декостра	278257	69	1	69	0	available	4629548	603197521	https://build.rozetka.com.ua/ua/603197521/p603197521/	Самоклеюча вінілова плитка 152.4х914.4х1.5мм Дика груша, ціна за 1 шт. (СВП-013) Матова SW-00001132
SW-00001132	PeRoHome	282119	130	1	130	0	available	4629548	613016090	https://build.rozetka.com.ua/ua/613016090/p613016090/	Самоклеюча вінілова плитка 152.4х914.4х1.5мм Дика груша, ціна за 1 шт. (СВП-013) Матова SW-00001132
SW-00001132	LFcolor	213998	64	1	64	0	available	4629548	600355018	https://build.rozetka.com.ua/ua/600355018/p600355018/	Самоклеюча вінілова плитка 152.4х914.4х1.5мм Дика груша, ціна за 1 шт. (СВП-013) Матова SW-00001132
SW-00001132	The world of ideas	166476	77	1	77	0	available	4657848	493675274	https://build.rozetka.com.ua/ua/493675274/p493675274/	Самоклеюча вінілова плитка Sticker Wall дика груша (СВП-013) Матова SW-00001132
SW-00001132	Секрети шопінгу	268996	84	1	84	0	available	4648788	580814299	https://build.rozetka.com.ua/ua/580814299/p580814299/	Самоклеюча вінілова плитка 152.4х914.4х1.5мм Дика груша, ціна за 1 шт. (СВП-013) Матова SW-00001132
SW-00001132	МАЙЯ	20508	70	1	70	0	available	4625993	592973479	https://build.rozetka.com.ua/ua/592973479/p592973479/	Самоклеюча вінілова плитка 152.4х914.4х1.5мм Дика груша, ціна за 1 шт. (СВП-013) Матова SW-00001132
SW-00001132	PRIMAVERA_pro	245169	135	1	135	0	available	4648788	593441779	https://build.rozetka.com.ua/ua/593441779/p593441779/	Самоклеюча вінілова плитка 152.4х914.4х1.5мм Дика груша, ціна за 1 шт. (СВП-013) Матова SW-00001132
SW-00001132	NIVENTO	271966	104	1	104	187	available	4629548	601663084	https://build.rozetka.com.ua/ua/601663084/p601663084/	Самоклеюча вінілова плитка 152.4х914.4х1.5мм Дика груша, ціна за 1 шт. (СВП-013) Матова SW-00001132
SW-00001132	Davelia Shop	283358	80	1	80	0	available	4629548	616823684	https://build.rozetka.com.ua/ua/616823684/p616823684/	Самоклеюча вінілова плитка 152.4х914.4х1.5мм Дика груша, ціна за 1 шт. (СВП-013) Матова SW-00001132
SW-00001132	FOUKS	20886	64	1	64	80	available	4641184	367010820	https://build.rozetka.com.ua/ua/367010820/p367010820/	Гнучкий Ламінат Біла сосна вінілова плитка ПВХ під дерево для стін вологостійка поштучно 15х91см (013)
SW-00001132	Bigsylio	266140	64	1	64	0	available	4629548	606381640	https://build.rozetka.com.ua/ua/606381640/p606381640/	Самоклеюча вінілова плитка Дикая груша 152х914х1,5 мм для підлоги і стін матова підлогове покриття
SW-00001132	Wide Range	211532	74	1	74	0	available	4629548	598778887	https://build.rozetka.com.ua/ua/598778887/p598778887/	Самоклеюча вінілова плитка ПВХ 152.4х914.4х1.5мм Дика груша
SW-00001132	Happy Valise	44840	74	1	74	92	available	4629548	358741476	https://build.rozetka.com.ua/ua/358741476/p358741476/	Самоклеюча вінілова плитка під дику грушу Sticker Wall 15.24x91.44x0.15см Матова (ціна за 1 смугу)
SW-00001132	DomLoft	139608	69	1	69	99	available	4629548	428884010	https://build.rozetka.com.ua/ua/428884010/p428884010/	Самоклеюча вінілова плитка дика груша, ціна за 1 шт. (СВП-013) Матова
SW-00001132	Lavkamarka	227099	64	1	64	80	available	4641184	496149324	https://build.rozetka.com.ua/ua/496149324/p496149324/	Самоклеюча вінілова плитка Sticker Wall 914х152х1,5 мм дика груша матова (1132)
SW-00001132	MimiPlay	238949	64	1	64	0	unavailable	4629548	606308281	https://build.rozetka.com.ua/ua/606308281/p606308281/	Самоклеюча вінілова плитка 152.4х914.4х1.5мм Дика груша, ціна за 1 шт. (СВП-013) Матова SW-00001132
SW-00001132	DecoGrip	204264	75	1	75	100	unavailable	4641184	405573042	https://build.rozetka.com.ua/ua/405573042/p405573042/	Самоклеюча вінілова плитка Sticker Wall дика груша ціна за 1 шт (СВП-013) Матова SW-00001132
SW-00001132	Михалич	102883	69	1	69	0	unavailable	4641184	416473647	https://build.rozetka.com.ua/ua/416473647/p416473647/	Самоклеюча вінілова плитка дика груша, ціна за 1 шт. (СВП-013) Матова SW-00001132
SW-00001132	Палітра_комфорту	211610	75	1	75	0	unavailable	4629548	428017835	https://build.rozetka.com.ua/ua/428017835/p428017835/	Самоклеюча вінілова плитка дика груша, ціна за 1 шт. (СВП-013) Матова SW-00001132
SW-00001132	MiroLends	137263	69	1	69	0	unavailable	4641184	431026355	https://build.rozetka.com.ua/ua/431026355/p431026355/	Самоклеюча вінілова плитка дика груша, ціна за 1 шт. (СВП-013) Матова SW-00001132
SW-00001132	GRAND LIFE	39993	94	1	94	0	unavailable	4629548	441086075	https://build.rozetka.com.ua/ua/441086075/p441086075/	Самоклеюча вінілова плитка дика груша, ціна за 1 шт. (СВП-013) Матова SW-00001132 4484782
SW-00001132	DKLS	209688	1396	1	1396	0	unavailable	4629548	441519311	https://build.rozetka.com.ua/ua/441519311/p441519311/	Самоклеюча вінілова плитка дика груша, ціна за 1 шт. (СВП-013) Матова SW-00001132
SW-00001132	In2time	227604	88	1	88	0	unavailable	4641184	550116645	https://build.rozetka.com.ua/ua/pvh-plitka-sticker-wall-152318623/p550116645/	Самоклеюча вінілова плитка 152.4х914.4х1.5мм Дика груша, ціна за 1 шт. (СВП-013) Матова SW-00001132
SW-00001132	TOWER	83595	91	1	91	0	unavailable	4641184	448749053	https://build.rozetka.com.ua/ua/448749053/p448749053/	Самоклеюча вінілова плитка дика груша, ціна за 1 шт. (СВП-013) Матова SW-00001132
SW-00001132	STICO_PANEL	263347	69	1	69	0	unavailable	4641184	569763451	https://build.rozetka.com.ua/ua/569763451/p569763451/	Самоклеюча вінілова плитка 152.4х914.4х1.5мм Дика груша, ціна за 1 шт. (СВП-013) Матова SW-00001132
SW-00001132	THERMOTRADE	104545	88	1	88	0	unavailable	4641184	579796240	https://build.rozetka.com.ua/ua/579796240/p579796240/	Самоклеюча вінілова плитка 152.4х914.4х1.5мм Дика груша, ціна за 1 шт. (СВП-013) Матова SW-00001132
SW-00001132	ViDen	265006	87	1	87	0	unavailable	4659004	605311162	https://build.rozetka.com.ua/ua/605311162/p605311162/	Самоклеюча вінілова плитка 152.4х914.4х1.5мм Дика груша, ціна за 1 шт. (СВП-013) Матова SW-00001132
SW-00001132	Рельєф Простір	267658	80	1	80	0	unavailable	4641184	577343188	https://build.rozetka.com.ua/ua/577343188/p577343188/	Самоклеюча вінілова плитка 152.4х914.4х1.5мм Дика груша, ціна за 1 шт. (СВП-013) Матова SW-00001132
SW-00001132	ВінБудІмперіал	240759	88	1	88	0	unavailable	4648788	572705203	https://build.rozetka.com.ua/ua/572705203/p572705203/	Самоклеюча вінілова плитка 152.4х914.4х1.5мм Дика груша, ціна за 1 шт. (СВП-013) Матова SW-00001132
SW-00001132	Kind Host	272923	69	1	69	0	unavailable	4641184	591063601	https://build.rozetka.com.ua/ua/591063601/p591063601/	Самоклеюча вінілова плитка 152.4х914.4х1.5мм Дика груша, ціна за 1 шт. (СВП-013) Матова SW-00001132
SW-00001132	ВінБудІмперіал	240759	92	1	92	0	unavailable	4629548	583066078	https://build.rozetka.com.ua/ua/583066078/p583066078/	Самоклеюча вінілова плитка 152.4х914.4х1.5мм Дика груша, ціна за 1 шт. (СВП-013) Матова SW-00001132
SW-00001132	LFcolor	213998	80	1	80	0	unavailable	4641184	485901694	https://build.rozetka.com.ua/ua/485901694/p485901694/	Самоклеюча вінілова плитка 152.4х914.4х1.5мм Дика груша, ціна за 1 шт. (СВП-013) Матова SW-00001132
SW-00001132	Bass Culture	269902	80	1	80	0	unavailable	4641184	591456898	https://build.rozetka.com.ua/ua/591456898/p591456898/	Самоклеюча вінілова плитка 152.4х914.4х1.5мм Дика груша, ціна за 1 шт. (СВП-013) Матова SW-00001132
SW-00001132	СКАЙТУЛЗ	153858	92	1	92	0	unavailable	4648788	485874769	https://build.rozetka.com.ua/ua/485874769/p485874769/	Самоклеюча вінілова плитка дика груша, ціна за 1 шт. (СВП-013) Матова SW-00001132
SW-00001132	Plumbing Assistant	211113	95	1	95	0	unavailable	4641184	497124054	https://build.rozetka.com.ua/ua/497124054/p497124054/	Самоклеюча вінілова плитка дика груша, ціна за 1 шт. (СВП-013) Матова SW-00001132
SW-00001132	BINGO	53688	118	1	118	0	unavailable	4641184	500792789	https://build.rozetka.com.ua/ua/500792789/p500792789/	Самоклеюча вінілова плитка дика груша, ціна за 1 шт. (СВП-013) Матова SW-00001132
SW-00001132	Мережа можливостей	194715	80	1	80	0	unavailable	4641184	521821344	https://build.rozetka.com.ua/ua/521821344/p521821344/	Самоклеюча вінілова плитка 152.4х914.4х1.5мм Дика груша, ціна за 1 шт. (СВП-013) Матова SW-00001132
SW-00001132	Homent	255285	80	1	80	0	unavailable	4641184	578472424	https://build.rozetka.com.ua/ua/578472424/p578472424/	Самоклеюча вінілова плитка Sticker Wall 152.4х914.4х1.5мм Дика груша ціна за 1 шт. СВП-013 Матова (SW-00001132)
SW-00001132	MegaChoice	249209	95	1	95	110	unavailable	4625993	546431439	https://build.rozetka.com.ua/ua/lamynat-sticker-wall-151105731/p546431439/	Самоклеюча вінілова плитка 152.4х914.4х1.5мм дика груша
SW-00001132	Lite	181560	64	1	64	130	unavailable	4629548	449917769	https://build.rozetka.com.ua/ua/449917769/p449917769/	Самоклеюча вінілова плитка дика груша (СВП-013) Матова
SW-00001821	Happy Valise	44840	909	1	909	0	available	4657848	420596712	https://build.rozetka.com.ua/ua/420596712/p420596712/	Підлогове вінілове покриття самоклеюче в рулоні Чорний мармур 3000х600х1,5мм SW-00001821
SW-00001821	Секрети шопінгу	268996	952	1	952	0	available	4648788	580814308	https://build.rozetka.com.ua/ua/580814308/p580814308/	Підлогове вінілове покриття самоклеюче в рулоні 3000х600х1,5мм SW-00001821
SW-00001821	ukriloom	226664	814	1	814	0	available	4648788	576838645	https://build.rozetka.com.ua/ua/576838645/p576838645/	Підлогове вінілове покриття самоклеюче в рулоні 3000х600х1,5мм SW-00001821
SW-00001821	NIVENTO	271966	1185	1	1185	2133	available	4648788	601661941	https://build.rozetka.com.ua/ua/601661941/p601661941/	Підлогове вінілове покриття самоклеюче в рулоні 3000х600х1,5мм SW-00001821
SW-00001821	Bravion Store	276091	850	1	850	0	available	4625998	598420522	https://build.rozetka.com.ua/ua/598420522/p598420522/	Підлогове вінілове покриття самоклеюче в рулоні 3000х600х1,5мм SW-00001821
SW-00001821	LoftWall	210021	790	1	790	0	available	4625998	423565494	https://build.rozetka.com.ua/ua/423565494/p423565494/	Підлогове вінілове покриття самоклеюче в рулоні 3000*600*1,5мм SW-00001821
SW-00001821	DomLoft	139608	1084	1	1084	1300	available	4625998	428288972	https://build.rozetka.com.ua/ua/428288972/p428288972/	Підлогове вінілове покриття самоклеюче в рулоні 3000*600*1,5мм SW-00001821
SW-00001821	wow	49996	1084	1	1084	0	available	4657848	607893896	https://build.rozetka.com.ua/ua/607893896/p607893896/	Підлогове вінілове покриття самоклеюче в рулоні 3000*600*1,5мм SW-00001821
SW-00001821	IWantAll	265288	1098	1	1098	0	available	4629548	613326935	https://build.rozetka.com.ua/ua/613326935/p613326935/	Вінілове самоклеюче покриття для підлоги IXPE в рулоні 3000х600х1.5мм SW-00001821 вологостійке Sticker Wall DPO_SW-00001821
SW-00001821	SHEF LIFE	124373	988	1	988	1067	available	4641184	443052080	https://build.rozetka.com.ua/ua/443052080/p443052080/	Підлогове вінілове покриття самоклеюче в рулоні 3000х600х1,5мм SW-00001821
SW-00001821	MC LitWin	265009	850	1	850	0	available	4641184	599110816	https://build.rozetka.com.ua/ua/599110816/p599110816/	Підлогове вінілове покриття самоклеюче в рулоні Sticker Wall 3000х600х1,5 мм (SW-00001821)
SW-00001821	PROStikerUa	217718	790	1	790	1059	available	4641184	466517519	https://build.rozetka.com.ua/ua/466517519/p466517519/	Вінілове підлогове самоклеюче покриття в рулоні Sticker Wall 3000*600*1,5мм SW-00001821
SW-00001821	Online Shop	12416	1123	1	1123	0	available	4641184	426740792	https://build.rozetka.com.ua/ua/426740792/p426740792/	Підлогове вінілове покриття самоклеюче в рулоні 3000*600*1,5мм SW-00001821
SW-00001821	3D Loft	69844	790	1	790	0	available	4641184	428257166	https://build.rozetka.com.ua/ua/428257166/p428257166/	Підлогове вінілове покриття самоклеюче в рулоні 3000*600*1,5мм SW-00001821
SW-00001821	D`n`D Group	17032	790	1	790	0	available	4641184	430133906	https://build.rozetka.com.ua/ua/430133906/p430133906/	Підлогове вінілове покриття самоклеюче в рулоні 3000х600х1,5мм SW-00001821 (SW-00001821)
SW-00001821	DKLS	209688	1067	1	1067	0	available	4641184	441663746	https://build.rozetka.com.ua/ua/441663746/p441663746/	Підлогове вінілове покриття самоклеюче в рулоні 3000*600*1,5мм SW-00001821
SW-00001821	Shywon	237919	885	1	885	0	available	4641184	544808530	https://build.rozetka.com.ua/ua/3d-paneli-sticker-wall-150159473/p544808530/	Підлогове вінілове покриття самоклеюче в рулоні 3000х600х1,5мм SW-00001821
SW-00001821	Днепрлюкс	146605	790	1	790	0	available	4641184	462578574	https://build.rozetka.com.ua/ua/462578574/p462578574/	Підлогове вінілове покриття самоклеюче в рулоні 3000х600х1,5мм SW-00001821
SW-00001821	RSI	48100	790	1	790	0	available	4641184	440483753	https://build.rozetka.com.ua/ua/440483753/p440483753/	Підлогове вінілове покриття самоклеюче в рулоні 3000х600х1,5мм SW-00001821
SW-00001821	K-Warehouse	217766	814	1	814	0	available	4625998	476817954	https://build.rozetka.com.ua/ua/476817954/p476817954/	Підлогове вінілове покриття самоклеюче в рулоні 3000*600*1,5мм SW-00001821
SW-00001821	МАЙЯ	20508	856	1	856	0	available	4641184	593018785	https://build.rozetka.com.ua/ua/593018785/p593018785/	Підлогове вінілове покриття самоклеюче в рулоні 3000х600х1,5мм SW-00001821
SW-00001821	AVO-LAVKA	114191	1067	1	1067	1185	available	4641184	596632615	https://build.rozetka.com.ua/ua/596632615/p596632615/	Підлогове вінілове покриття самоклеюче в рулоні 3000х600х1,5мм SW-00001821
SW-00001821	TechnoPrime	33201	869	1	869	0	available	4641184	603174136	https://build.rozetka.com.ua/ua/603174136/p603174136/	Підлогове вінілове покриття самоклеюче в рулоні 3000х600х1,5мм SW-00001821
SW-00001821	Davelia Shop	283358	988	1	988	0	available	4641184	616823750	https://build.rozetka.com.ua/ua/616823750/p616823750/	Підлогове вінілове покриття самоклеюче в рулоні 3000х600х1,5мм SW-00001821
SW-00001821	Torg Landiya	92929	826	1	826	869	available	4641184	617255390	https://build.rozetka.com.ua/ua/617255390/p617255390/	Підлогове вінілове покриття самоклеюче в рулоні 3000*600*1,5мм SW-00001821
SW-00001821	GrandBuyer	37544	987	1	987	0	available	4648788	619855910	https://build.rozetka.com.ua/ua/619855910/p619855910/	Підлогове покриття самоклеюче Sticker Wall SW-00001821 в рулоні 3000х600х1,5 мм (SHiz17266)
SW-00001821	UNIVERmag	12608	987	1	987	0	available	4648788	619856120	https://build.rozetka.com.ua/ua/619856120/p619856120/	Підлогове покриття самоклеюче Sticker Wall SW-00001821 в рулоні 3000х600х1,5 мм
SW-00001821	PeRoHome	282119	1449	1	1449	0	available	4641184	613018151	https://build.rozetka.com.ua/ua/613018151/p613018151/	Підлогове вінілове покриття самоклеюче в рулоні 3000х600х1,5мм SW-00001821
SW-00001821	Top Buyer	4551	987	1	987	0	available	4648788	619855958	https://build.rozetka.com.ua/ua/619855958/p619855958/	Підлогове покриття самоклеюче Sticker Wall SW-00001821 в рулоні 3000х600х1,5 мм (TBiz17266)
SW-00001821	Спецуха	150670	1355	1	1355	1455	available	4641184	538607764	https://build.rozetka.com.ua/ua/kovrolin-sticker-wall-148904305/p538607764/	Вінілове підлогове самоклеюче покриття в рулоні 3000х600х1,5мм SW-00001821
SW-00001821	Stiker_style	262837	1050	1	1050	0	available	4641184	567772444	https://build.rozetka.com.ua/ua/567772444/p567772444/	Підлогове вінілове покриття самоклеюче в рулоні StikerWall 3000х600х1,5мм Чорний (SW-00001821)
SW-00001821	Потрібне	274903	990	1	990	0	available	4641184	595276144	https://build.rozetka.com.ua/ua/595276144/p595276144/	Підлогове вінілове покриття самоклеюче Sticker Wall в рулоні 3000х600х1,5мм SW-00001821
SW-00001821	Декостра	278257	790	1	790	0	available	4641184	602309074	https://build.rozetka.com.ua/ua/602309074/p602309074/	Підлогове вінілове покриття самоклеюче в рулоні 3000х600х1,5мм SW-00001821
SW-00001821	ItailOil	33267	944	1	944	0	available	4641184	603721549	https://build.rozetka.com.ua/ua/603721549/p603721549/	Підлогове вінілове покриття самоклеюче в рулоні SW-00001821 3000х600х1,5 мм Чорний Під мармур
SW-00001821	Wide Range	211532	869	1	869	0	available	4657848	575024851	https://build.rozetka.com.ua/ua/575024851/p575024851/	Підлогове вінілове покриття самоклеюче в рулоні Чорний Мармур 3000х600х1,5мм
SW-00001821	PARADISE	269545	869	1	869	1269	available	4641184	603750631	https://build.rozetka.com.ua/ua/603750631/p603750631/	Самоклейна вінілова плитка в рулоні 3000х600х1.5 мм під дерево вологостійке зносостійке покриття для підлоги і стін кухні спальні гнучкий ламінат ПВХ
SW-00001821	FOUKS	20886	790	1	790	0	available	4641184	429449387	https://build.rozetka.com.ua/ua/429449387/p429449387/	Самоклеючий ПВХ ламінат в рулоні 60х300см Чорний мармур з прожилками для підлоги та стін вологостійкий
SW-00001821	SUN HEAT	17072	1008	1	1008	0	available	4641184	590636134	https://build.rozetka.com.ua/ua/590636134/p590636134/	Покриття підлогове вінілове самоклейне рулон 600х3000 15мм під мармур без клею вологостійке ПВХ для ванної передпокою вітальні лофт статусний чорний
SW-00001821	3DDD	188802	708	1	708	857	available	4641184	478782094	https://build.rozetka.com.ua/ua/478782094/p478782094/	Підлогове вінілове Sticker Wall покриття самоклеюче в рулоні 3000*600*1,5мм SW-1821
SW-00001821	Lavkamarka	227099	790	1	790	1084	available	4641184	490063439	https://build.rozetka.com.ua/ua/490063439/p490063439/	Підлогове вінілове самоклеюче покриття в рулоні Sticker Wall 3000х600х1,5 мм чорний мармур (1821)
SW-00001821	The world of ideas	166476	944	1	944	0	available	4641184	493675324	https://build.rozetka.com.ua/ua/493675324/p493675324/	Підлогове вінілове Sticker Wall покриття самоклеюче в рулоні 3000*600*1,5мм SW-1821
SW-00001821	MimiPlay	238949	790	1	790	0	unavailable	4629548	606307435	https://build.rozetka.com.ua/ua/606307435/p606307435/	Підлогове вінілове покриття самоклеюче в рулоні 3000х600х1,5мм SW-00001821
SW-00001821	TOWER	83595	1121	1	1121	0	unavailable	4641184	448768475	https://build.rozetka.com.ua/ua/448768475/p448768475/	Підлогове вінілове покриття самоклеюче в рулоні 3000*600*1,5мм SW-00001821
SW-00001821	GRAND LIFE	39993	1263	1	1263	0	unavailable	4641184	443149976	https://build.rozetka.com.ua/ua/443149976/p443149976/	Вінілове підлогове самоклеюче покриття в рулоні 3000*600*1,5мм SW-00001821 4760792
SW-00001821	In2time	227604	1078	1	1078	0	unavailable	4648788	550114785	https://build.rozetka.com.ua/ua/samokleyashchiesya-plenki-sticker-wall-152319153/p550114785/	Підлогове вінілове покриття самоклеюче в рулоні 3000х600х1,5мм SW-00001821
SW-00001821	Михалич	102883	1084	1	1084	0	unavailable	4641184	447702248	https://build.rozetka.com.ua/ua/447702248/p447702248/	Підлогове вінілове покриття самоклеюче в рулоні 3000*600*1,5мм SW-00001821
SW-00001821	Equipmends	213116	1089	1	1089	1089	unavailable	4641184	463919769	https://build.rozetka.com.ua/ua/463919769/p463919769/	Підлогове вінілове покриття самоклеюче в рулоні 3000*600*1,5мм SW-00001821
SW-00001821	RCMN	136578	1409	1	1409	1084	unavailable	4641184	547404528	https://build.rozetka.com.ua/ua/pvh-plitka-bez-brenda-151410368/p547404528/	Підлогове вінілове самоклейне покриття в рулоні 3000х600х1,5 мм SW-00001821
SW-00001821	ВінБудІмперіал	240759	1192	1	1192	0	unavailable	4641184	572770426	https://build.rozetka.com.ua/ua/572770426/p572770426/	Підлогове вінілове покриття самоклеюче в рулоні 3000х600х1,5мм SW-00001821
SW-00001821	HomeproUA	234939	1164	1	1164	0	unavailable	4641184	557158668	https://build.rozetka.com.ua/ua/prochaya-melkaya-tehnika-sticker-wall-154964002/p557158668/	Підлогове вінілове покриття самоклеюче в рулоні 3000х600х1,5мм SW-00001821
SW-00001821	Kind Host	272923	790	1	790	0	unavailable	4641184	591066712	https://build.rozetka.com.ua/ua/591066712/p591066712/	Підлогове вінілове покриття самоклеюче в рулоні 3000х600х1,5мм SW-00001821
SW-00001821	ВінБудІмперіал	240759	1252	1	1252	0	unavailable	4625988	583064986	https://build.rozetka.com.ua/ua/583064986/p583064986/	Підлогове вінілове покриття самоклеюче в рулоні 3000х600х1,5мм SW-00001821
SW-00001821	STICO_PANEL	263347	790	1	790	0	unavailable	4625988	569764468	https://build.rozetka.com.ua/ua/569764468/p569764468/	Підлогове вінілове покриття самоклеюче в рулоні 3000х600х1,5мм SW-00001821
SW-00001821	Bass Culture	269902	790	1	790	0	unavailable	4641184	591457030	https://build.rozetka.com.ua/ua/591457030/p591457030/	Підлогове вінілове покриття самоклеюче в рулоні 3000х600х1,5мм SW-00001821
SW-00001821	ViDen	265006	856	1	856	0	unavailable	4648788	605311222	https://build.rozetka.com.ua/ua/605311222/p605311222/	Підлогове вінілове покриття самоклеюче в рулоні 3000х600х1,5мм SW-00001821
SW-00001821	Ентемпс	211401	980	1	980	0	unavailable	4641184	573034453	https://build.rozetka.com.ua/ua/573034453/p573034453/	Підлогове вінілове покриття самоклеюче в рулоні 3000х600х1,5мм SW-00001821
SW-00001821	Homent	255285	790	1	790	0	unavailable	4641184	578473288	https://build.rozetka.com.ua/ua/578473288/p578473288/	Підлогове вінілове покриття самоклеюче в рулоні Sticker Wall 3000х600х1,5мм (SW-00001821)
SW-00001821	LFcolor	213998	800	1	800	0	unavailable	4641184	485900144	https://build.rozetka.com.ua/ua/485900144/p485900144/	Підлогове вінілове покриття самоклеюче в рулоні 3000х600х1,5мм SW-00001821
SW-00001821	СКАЙТУЛЗ	153858	1127	1	1127	0	unavailable	4641184	485873369	https://build.rozetka.com.ua/ua/485873369/p485873369/	Підлогове вінілове покриття самоклеюче в рулоні 3000*600*1,5мм SW-00001821
SW-00001821	Kind Host	272923	790	1	790	0	unavailable	4641184	615760220	https://build.rozetka.com.ua/ua/615760220/p615760220/	Підлогове вінілове покриття самоклеюче в рулоні 3000х600х1,5мм SW-00001821
SW-00001821	BINGO	53688	1120	1	1120	0	unavailable	4641184	500792964	https://build.rozetka.com.ua/ua/500792964/p500792964/	Підлогове вінілове покриття самоклеюче в рулоні 3000*600*1,5мм SW-00001821
SW-00001821	Plumbing Assistant	211113	1184	1	1184	0	unavailable	4625998	504627289	https://build.rozetka.com.ua/ua/504627289/p504627289/	Підлогове вінілове покриття самоклеюче в рулоні 3000*600*1,5мм SW-00001821
SW-00001821	Мережа можливостей	194715	1084	1	1084	0	unavailable	4641184	508436769	https://build.rozetka.com.ua/ua/508436769/p508436769/	Підлогове вінілове покриття самоклеюче в рулоні 3000х600х1,5мм SW-00001821
SW-00001821	Fono Market	79493	1414	1	1414	0	unavailable	4641184	510192144	https://build.rozetka.com.ua/ua/510192144/p510192144/	Підлогове вінілове покриття самоклеюче в рулоні 3000*600*1,5мм SW-00001821
SW-00001821	ukriloom	226664	1084	1	1084	0	unavailable	4648788	559058004	https://build.rozetka.com.ua/ua/samokleyashchiesya-plenki-sticker-wall-155490481/p559058004/	Підлогове вінілове покриття самоклеюче в рулоні 3000х600х1,5мм SW-00001821
SW-00001821	Lite	181560	790	1	790	1300	unavailable	4648788	451275356	https://build.rozetka.com.ua/ua/451275356/p451275356/	Вінілове підлогове самоклеюче покриття в рулоні Чорна 3000*600*1,5мм
SW-00001130	Davelia Shop	283358	80	1	80	0	available	4629548	616823897	https://build.rozetka.com.ua/ua/616823897/p616823897/	Самоклеюча вінілова плитка 152.4х914.4х1.5мм Венге, ціна за 1 шт. (СВП-011) Матова SW-00001130
SW-00001130	Секрети шопінгу	268996	84	1	84	0	available	4648788	580812406	https://build.rozetka.com.ua/ua/580812406/p580812406/	Самоклеюча вінілова плитка 152.4х914.4х1.5мм Венге, ціна за 1 шт. (СВП-011) Матова SW-00001130
SW-00001130	RMService	15008	180	1	180	239	available	4648788	581808901	https://build.rozetka.com.ua/ua/581808901/p581808901/	Самоклеюча вінілова плитка 152.4 х 914.4 х 1.5 мм Венге (СВП-011) Матова SW-00001130(Sticker Wall)
SW-00001130	Online Shop	12416	80	1	80	80	available	4629548	417165861	https://build.rozetka.com.ua/ua/417165861/p417165861/	Самоклеюча вінілова плитка венге, ціна за 1 шт. (СВП-011) Матова SW-00001130
SW-00001130	MC LitWin	265009	69	1	69	0	available	4641184	599109382	https://build.rozetka.com.ua/ua/599109382/p599109382/	Самоклеюча вінілова плитка Венге СВП-011 Матова мм Sticker Wall 152,4х914,4х1,5 мм (SW-00001130)
SW-00001130	Днепрлюкс	146605	64	1	64	0	available	4641184	454107497	https://build.rozetka.com.ua/ua/454107497/p454107497/	Самоклеюча вінілова плитка венге, ціна за 1 шт. (СВП-011) Матова SW-00001130
SW-00001130	D`n`D Group	17032	64	1	64	0	available	4641184	430134479	https://build.rozetka.com.ua/ua/430134479/p430134479/	Самоклеюча вінілова плитка 152.4х914.4х1.5мм Венге, ціна за 1 шт. (СВП-011) Матова SW-00001130 (SW-00001130)
SW-00001130	AVO-LAVKA	114191	86	1	86	96	available	4658998	596631673	https://build.rozetka.com.ua/ua/596631673/p596631673/	Самоклеюча вінілова плитка 152.4х914.4х1.5мм Венге, ціна за 1 шт. (СВП-011) Матова SW-00001130
SW-00001130	LoftWall	210021	64	1	64	80	available	4641184	430493210	https://build.rozetka.com.ua/ua/430493210/p430493210/	Самоклеюча вінілова плитка венге, ціна за 1 шт. (СВП-011) Матова SW-00001130
SW-00001130	3D Loft	69844	64	1	64	0	available	4641184	427405895	https://build.rozetka.com.ua/ua/427405895/p427405895/	Самоклеюча вінілова плитка венге, ціна за 1 шт. (СВП-011) Матова SW-00001130
SW-00001130	Таємничий Вибір	205656	80	1	80	0	available	4641184	446388557	https://build.rozetka.com.ua/ua/446388557/p446388557/	Самоклеюча вінілова плитка венге, ціна за 1 шт. (СВП-011) Матова SW-00001130
SW-00001130	SHEF LIFE	124373	80	1	80	86	available	4641184	440490806	https://build.rozetka.com.ua/ua/440490806/p440490806/	Самоклеюча вінілова плитка 152.4х914.4х1.5мм Венге, ціна за 1 шт. (СВП-011) Матова SW-00001130
SW-00001130	Shywon	237919	72	1	72	0	available	4648788	544807240	https://build.rozetka.com.ua/ua/3d-paneli-sticker-wall-150159598/p544807240/	Самоклеюча вінілова плитка 152.4х914.4х1.5мм Венге, ціна за 1 шт. (СВП-011) Матова SW-00001130
SW-00001130	RSI	48100	69	1	69	0	available	4641184	440482778	https://build.rozetka.com.ua/ua/440482778/p440482778/	Самоклеюча вінілова плитка 152.4х914.4х1.5мм Венге, ціна за 1 шт. (СВП-011) Матова SW-00001130
SW-00001130	PROStikerUa	217718	64	1	64	86	available	4641184	466518604	https://build.rozetka.com.ua/ua/466518604/p466518604/	Самоклеюча вінілова плитка Sticker Wall венге 914,4*152,5*1,5мм (СВП-011) Матова SW-00001130
SW-00001130	TechnoPrime	33201	88	1	88	0	available	4641184	562198845	https://build.rozetka.com.ua/ua/pvh-plitka-sticker-wall-156874633/p562198845/	Самоклеюча вінілова плитка 152.4х914.4х1.5мм Венге, ціна за 1 шт. (СВП-011) Матова SW-00001130
SW-00001130	ukriloom	226664	66	1	66	0	available	4641184	593090725	https://build.rozetka.com.ua/ua/593090725/p593090725/	Самоклеюча вінілова плитка 152.4х914.4х1.5мм Венге, ціна за 1 шт. (СВП-011) Матова SW-00001130
SW-00001130	МАЙЯ	20508	70	1	70	0	available	4625993	592973521	https://build.rozetka.com.ua/ua/592973521/p592973521/	Самоклеюча вінілова плитка 152.4х914.4х1.5мм Венге, ціна за 1 шт. (СВП-011) Матова SW-00001130
SW-00001130	PRIMAVERA_pro	245169	119	1	119	0	available	4648788	593441371	https://build.rozetka.com.ua/ua/593441371/p593441371/	Самоклеюча вінілова плитка 152.4х914.4х1.5мм Венге, ціна за 1 шт. (СВП-011) Матова SW-00001130
SW-00001130	FOUKS	20886	64	1	64	80	available	4641184	367010826	https://build.rozetka.com.ua/ua/367010826/p367010826/	ПВХ Ламінат на клейовій основі Дерево Венге плитка ПВХ під дерево для стін поштучно 15х91см (011)
SW-00001130	DecoGrip	204264	80	1	80	107	unavailable	4641184	405572292	https://build.rozetka.com.ua/ua/405572292/p405572292/	Самоклеюча вінілова плитка Sticker Wall венге ціна за 1 шт (СВП-011) Матова SW-00001130
SW-00001130	3DDD	188802	58	1	58	70	unavailable	4629548	409127574	https://build.rozetka.com.ua/ua/409127574/p409127574/	Вінілова плитка, що самоклеїться, Sticker Wall венге (СВП-011) Матова SW-00001130
SW-00001130	Михалич	102883	69	1	69	0	unavailable	4641184	416475609	https://build.rozetka.com.ua/ua/416475609/p416475609/	Самоклеюча вінілова плитка венге, ціна за 1 шт. (СВП-011) Матова SW-00001130
SW-00001130	MiroLends	137263	69	1	69	0	unavailable	4641184	431026100	https://build.rozetka.com.ua/ua/431026100/p431026100/	Самоклеюча вінілова плитка венге, ціна за 1 шт. (СВП-011) Матова SW-00001130
SW-00001130	TOWER	83595	114	1	114	0	unavailable	4641184	448750175	https://build.rozetka.com.ua/ua/448750175/p448750175/	Самоклеюча вінілова плитка Венге, ціна за 1 шт. (СВП-011) Матова SW-00001130
SW-00001130	Fono Market	79493	61	1	61	0	unavailable	4648788	455900794	https://build.rozetka.com.ua/ua/455900794/p455900794/	Самоклеюча вінілова плитка Венге, ціна за 1 шт. (СВП-011) Матова SW-00001130
SW-00001130	In2time	227604	76	1	76	0	unavailable	4641184	550116855	https://build.rozetka.com.ua/ua/pvh-plitka-sticker-wall-152318745/p550116855/	Самоклеюча вінілова плитка 152.4х914.4х1.5мм Венге, ціна за 1 шт. (СВП-011) Матова SW-00001130
SW-00001130	Homent	255285	80	1	80	0	unavailable	4641184	578473342	https://build.rozetka.com.ua/ua/578473342/p578473342/	Самоклеюча вінілова плитка Sticker Wall 152.4х914.4х1.5мм Венге, ціна за 1 шт. СВП-011 Матова (SW-00001130)
SW-00001130	Рельєф Простір	267658	80	1	80	0	unavailable	4641184	577343101	https://build.rozetka.com.ua/ua/577343101/p577343101/	Самоклеюча вінілова плитка 152.4х914.4х1.5мм Венге, ціна за 1 шт. (СВП-011) Матова SW-00001130
SW-00001130	Bass Culture	269902	80	1	80	0	unavailable	4641184	591456967	https://build.rozetka.com.ua/ua/591456967/p591456967/	Самоклеюча вінілова плитка 152.4х914.4х1.5мм Венге, ціна за 1 шт. (СВП-011) Матова SW-00001130
SW-00001130	THERMOTRADE	104545	76	1	76	0	unavailable	4641184	579796123	https://build.rozetka.com.ua/ua/579796123/p579796123/	Самоклеюча вінілова плитка 152.4х914.4х1.5мм Венге, ціна за 1 шт. (СВП-011) Матова SW-00001130
SW-00001130	Kind Host	272923	69	1	69	0	unavailable	4641184	591064108	https://build.rozetka.com.ua/ua/591064108/p591064108/	Самоклеюча вінілова плитка 152.4х914.4х1.5мм Венге, ціна за 1 шт. (СВП-011) Матова SW-00001130
SW-00001130	SpotikachUA	196146	85	1	85	0	unavailable	4659004	486542054	https://build.rozetka.com.ua/ua/486542054/p486542054/	Самоклеюча вінілова плитка венге, ціна за 1 шт. (СВП-011) Матова SW-00001130
SW-00001130	LFcolor	213998	69	1	69	0	unavailable	4641184	485900909	https://build.rozetka.com.ua/ua/485900909/p485900909/	Самоклеюча вінілова плитка 152.4х914.4х1.5мм Венге, ціна за 1 шт. (СВП-011) Матова SW-00001130
SW-00001130	Plumbing Assistant	211113	99	1	99	0	unavailable	4641184	497124069	https://build.rozetka.com.ua/ua/497124069/p497124069/	Самоклеюча вінілова плитка венге, ціна за 1 шт. (СВП-011) Матова SW-00001130
SW-00001130	Мережа можливостей	194715	80	1	80	0	unavailable	4641184	521821949	https://build.rozetka.com.ua/ua/521821949/p521821949/	Самоклеюча вінілова плитка 152.4х914.4х1.5мм Венге, ціна за 1 шт. (СВП-011) Матова SW-00001130
SW-00001130	ВінБудІмперіал	240759	88	1	88	0	unavailable	4648788	572704984	https://build.rozetka.com.ua/ua/572704984/p572704984/	Самоклеюча вінілова плитка 152.4х914.4х1.5мм Венге, ціна за 1 шт. (СВП-011) Матова SW-00001130
SW-00001130	STICO_PANEL	263347	69	1	69	0	unavailable	4641184	569763499	https://build.rozetka.com.ua/ua/569763499/p569763499/	Самоклеюча вінілова плитка 152.4х914.4х1.5мм Венге, ціна за 1 шт. (СВП-011) Матова SW-00001130
SW-00001130	ViDen	265006	87	1	87	0	unavailable	4659004	605311414	https://build.rozetka.com.ua/ua/605311414/p605311414/	Самоклеюча вінілова плитка 152.4х914.4х1.5мм Венге, ціна за 1 шт. (СВП-011) Матова SW-00001130
SW-00001130	MegaChoice	249209	79	1	79	109	unavailable	4625993	546431442	https://build.rozetka.com.ua/ua/lamynat-sticker-wall-151104833/p546431442/	Самоклеюча вінілова плитка 152.4х914.4х1.5мм венге
SW-00001130	SkyOne	45932	576	1	576	580	unavailable	4641184	358670148	https://build.rozetka.com.ua/ua/358670148/p358670148/	Самоклеюча вінілова плитка під ламінат Венге СВП-011 1 м.кв.
SW-00001130	DomLoft	139608	69	1	69	99	unavailable	4629548	428884046	https://build.rozetka.com.ua/ua/428884046/p428884046/	Самоклеюча вінілова плитка венге, ціна за 1 шт. (СВП-011) Матова
SW-00000226	MC LitWin	265009	43	1	43	0	available	267137	599110804	https://rozetka.com.ua/ua/599110804/p599110804/	Манікюрний набір Ведмедик Mat4baby рожевий 7х12х7 см (SW-00000226)
SW-00000226	МАЙЯ	20508	44	1	44	0	available	99674	592973731	https://rozetka.com.ua/ua/592973731/p592973731/	Манікюрний набір "Ведмедик" Рожевий SW-00000226
SW-00000226	RSI	48100	40	1	40	0	available	267137	440480519	https://rozetka.com.ua/ua/440480519/p440480519/	Манікюрний набір "Ведмедик" Рожевий SW-00000226
SW-00000226	K-Warehouse	217766	41	1	41	0	available	4660475	476816039	https://rozetka.com.ua/ua/476816039/p476816039/	Манікюрний набір "Ведмедик" Рожевий SW-00000226
SW-00000226	ukriloom	226664	41	1	41	0	available	4660475	594206899	https://rozetka.com.ua/ua/594206899/p594206899/	Манікюрний набір "Ведмедик" Рожевий SW-00000226
SW-00000226	7k shop	79045	84	1	84	0	available	4660475	619392704	https://rozetka.com.ua/ua/619392704/p619392704/	Манікюрний набір "Ведмедик" Рожевий SW-00000226
SW-00000226	MegaChoice	249209	110	1	110	160	unavailable	4660475	542917540	https://rozetka.com.ua/ua/manikyurniy-nabor-4660475-mat4baby-149826690/p542917540/	Манікюрний набір "Ведмедик" Рожевий SW-00000226
SW-00000226	ukriloom	226664	50	1	50	0	unavailable	99674	559057137	https://rozetka.com.ua/ua/gaming_kits-mat4baby-155490312/p559057137/	Манікюрний набір "Ведмедик" Рожевий SW-00000226
SW-00000226	ВінБудІмперіал	240759	104	1	104	0	unavailable	4660475	572848186	https://rozetka.com.ua/ua/572848186/p572848186/	Манікюрний набір "Ведмедик" Рожевий SW-00000226
SW-00000226	STICO_PANEL	263347	40	1	40	0	unavailable	4660475	569763013	https://rozetka.com.ua/ua/569763013/p569763013/	Манікюрний набір "Ведмедик" Рожевий SW-00000226
SW-00000226	СКАЙТУЛЗ	153858	46	1	46	0	unavailable	4660475	485873739	https://rozetka.com.ua/ua/485873739/p485873739/	Манікюрний набір "Ведмедик" Рожевий SW-00000226
SW-00000226	3D Loft	69844	80	1	80	0	unavailable	267137	324304522	https://rozetka.com.ua/ua/324304522/p324304522/	Манікюрний набір "Мишка" Рожевий
SW-00001159	3DDD	188802	313	1	313	379	available	4657848	409128894	https://build.rozetka.com.ua/ua/409128894/p409128894/	Самоклеючі шпалери Sticker Wall світло-зелено білі 500х2800х2.5мм MC-32 (YM-08) SW-00001159
SW-00001159	LoftWall	210021	333	1	333	370	available	4648788	422947590	https://build.rozetka.com.ua/ua/422947590/p422947590/	Самоклеючі шпалери світло-зелені білі 2800*500*2,5мм SW-00001159
SW-00001159	wow	49996	370	1	370	0	available	4657848	602286637	https://build.rozetka.com.ua/ua/602286637/p602286637/	Самоклеючі шпалери світло-зелені білі 2800*500*2,5мм SW-00001159
SW-00001159	LFcolor	213998	333	1	333	0	available	4648788	600346558	https://build.rozetka.com.ua/ua/600346558/p600346558/	Самоклеючі шпалери 2800х500х1,5мм Світло-салатові SW-00001159
SW-00001159	RMService	15008	649	1	649	749	available	4648788	580056796	https://build.rozetka.com.ua/ua/580056796/p580056796/	Самоклеючі шпалери 2800 х 500 х 1,5 мм, світло-салатові SW-00001159 (Sticker Wall)
SW-00001159	Потрібне	274903	433	1	433	0	available	4657848	595275973	https://build.rozetka.com.ua/ua/595275973/p595275973/	Самоклеючі шпалери Sticker Wall на стіну, для кухні, спальні 2800х500х1,5мм Світло-салатові SW-00001159
SW-00001159	Днепрлюкс	146605	333	1	333	0	available	4657842	500092979	https://build.rozetka.com.ua/ua/500092979/p500092979/	Шпалери самоклеючі світло-зелено білі 2800*500*2,5мм MC-32 (YM-08) SW-00001159
SW-00001159	RSI	48100	320	1	320	0	available	4657842	440483360	https://build.rozetka.com.ua/ua/440483360/p440483360/	Самоклеючі шпалери 2800х500х1,5мм Світло-салатові SW-00001159
SW-00001159	Stiker_style	262837	370	1	370	0	available	4648788	569254426	https://build.rozetka.com.ua/ua/569254426/p569254426/	Шпалери самоклеючі StikerWall 2800x500x1,5мм Світло-салатовий (SW-00001159)
SW-00001159	RMService	15008	799	1	799	1199	available	4657848	564921671	https://build.rozetka.com.ua/ua/564921671/p564921671/	Самоклеючі шпалери 2800х500х1,5мм,світло-салатові(SW-00001159)(WB)
SW-00001159	AVO-LAVKA	114191	450	1	450	500	available	4657848	596631067	https://build.rozetka.com.ua/ua/596631067/p596631067/	Самоклеючі шпалери 2800х500х1,5мм Світло-салатові SW-00001159
SW-00001159	MC LitWin	265009	376	1	376	0	available	4648788	599110876	https://build.rozetka.com.ua/ua/599110876/p599110876/	Самоклеючі шпалери Світло-салатові Sticker Wall 2800х500х1,5 мм (SW-00001159)
SW-00001159	ItailOil	33267	368	1	368	0	available	4648788	603721690	https://build.rozetka.com.ua/ua/603721690/p603721690/	Самоклеючі шпалери з термоізоляцією SW-00001159 2800х500х1,5 мм Світло-салатовий
SW-00001159	PARADISE	269545	366	1	366	534	available	4657848	594064804	https://build.rozetka.com.ua/ua/594064804/p594064804/	Самоклеючі шпалери 2800х500х1,5мм Світло-салатові з термоізоляцією для стін миючі рулон 2.8 м клейова основа для кухні і спальні
SW-00001159	Wide Range	211532	383	1	383	0	available	4657848	578982013	https://build.rozetka.com.ua/ua/578982013/p578982013/	Самоклеючі шпалери 2800х500х1,5мм Світло-салатові
SW-00001159	In2time	227604	381	1	381	0	unavailable	4657848	550117050	https://build.rozetka.com.ua/ua/vinilovie-oboi-sticker-wall-152318887/p550117050/	Самоклеючі шпалери 2800х500х1,5мм Світло-салатові SW-00001159
SW-00001159	HomeproUA	234939	405	1	405	0	unavailable	4657848	557153145	https://build.rozetka.com.ua/ua/prochaya-melkaya-tehnika-sticker-wall-154963325/p557153145/	Самоклеючі шпалери 2800х500х2,5мм Світло-салатові 2800*500*2,5мм SW-00001159
SW-00001159	Homent	255285	315	1	315	0	unavailable	4657848	578474137	https://build.rozetka.com.ua/ua/578474137/p578474137/	Самоклеючі шпалери Sticker Wall 2800х500х1,5мм Світло-салатові (SW-00001159)
SW-00001159	Bass Culture	269902	315	1	315	0	unavailable	4648788	591955420	https://build.rozetka.com.ua/ua/591955420/p591955420/	Самоклеючі шпалери 2800х500х1,5мм Світло-салатові SW-00001159
SW-00001159	Fono Market	79493	518	1	518	0	unavailable	4641184	510188159	https://build.rozetka.com.ua/ua/510188159/p510188159/	Самоклеючі шпалери світло-зелені білі 2800*500*2,5мм SW-00001159
SW-00001159	Kind Host	272923	315	1	315	0	unavailable	4657848	615760244	https://build.rozetka.com.ua/ua/615760244/p615760244/	Самоклеючі шпалери 2800х500х1,5мм Світло-салатові SW-00001159
SW-00001159	BRITSGO	203745	370	1	370	370	unavailable	4657848	574723453	https://build.rozetka.com.ua/ua/574723453/p574723453/	Самоклеючі шпалери 2800х500х1,5мм Світло-салатові
SW-00001786	3D Loft	69844	315	1	315	0	available	4657848	428788052	https://build.rozetka.com.ua/ua/428788052/p428788052/	Самоклеючі шпалери 2800*500*2мм (D) SW-00001786
SW-00001786	PROStikerUa	217718	315	1	315	422	available	4648788	466269254	https://build.rozetka.com.ua/ua/466269254/p466269254/	Шпалери самоклеючі Sticker Wall 2800*500*2мм (D) SW-00001786
SW-00001786	ukriloom	226664	324	1	324	0	available	4648788	576838690	https://build.rozetka.com.ua/ua/576838690/p576838690/	Самоклеючі шпалери 2800х500х1,5мм Коричнева катериновлавська цегла (D) SW-00001786
SW-00001786	LFcolor	213998	315	1	315	0	available	4648788	600347524	https://build.rozetka.com.ua/ua/600347524/p600347524/	Самоклеючі шпалери 2800х500х1,5мм Коричнева катериновлавська цегла (D) SW-00001786
SW-00001786	Neo	10639	393	1	393	460	available	4657848	579252520	https://build.rozetka.com.ua/ua/579252520/p579252520/	Шпалери самоклеючі в рулоні Sticker Wall Коричнева цегла SW-00001786 2800х500х1,5 мм (Niz17127)
SW-00001786	UNIVERmag	12608	393	1	393	460	available	4648788	579868636	https://build.rozetka.com.ua/ua/579868636/p579868636/	Шпалери самоклеючі в рулоні Sticker Wall Коричнева цегла SW-00001786 2800х500х1,5 мм
SW-00001786	Top Buyer	4551	393	1	393	460	available	4657842	579950908	https://build.rozetka.com.ua/ua/579950908/p579950908/	Шпалери самоклеючі в рулоні Sticker Wall Коричнева цегла SW-00001786 2800х500х1,5 мм (TBiz17127)
SW-00001786	GrandBuyer	37544	393	1	393	460	available	4648788	579871192	https://build.rozetka.com.ua/ua/579871192/p579871192/	Шпалери самоклеючі в рулоні Sticker Wall Коричнева цегла SW-00001786 2800х500х1,5 мм (SHiz17127)
SW-00001786	PRIMAVERA_pro	245169	725	1	725	0	available	4648788	593439343	https://build.rozetka.com.ua/ua/593439343/p593439343/	Самоклеючі шпалери 2800х500х1,5мм Коричнева катериновлавська цегла (D) SW-00001786
SW-00001786	Davelia Shop	283358	394	1	394	0	available	4648788	616823219	https://build.rozetka.com.ua/ua/616823219/p616823219/	Самоклеючі шпалери 2800х500х1,5мм Коричнева катериновлавська цегла (D) SW-00001786
SW-00001786	Wide Range	211532	362	1	362	0	available	4657848	578982082	https://build.rozetka.com.ua/ua/578982082/p578982082/	Самоклеючі шпалери 2800х500х1,5мм Коричнева катериновлавська цегла
SW-00001786	PARADISE	269545	347	1	347	507	available	4657848	594064996	https://build.rozetka.com.ua/ua/594064996/p594064996/	Самоклеючі шпалери 2800х500х1,5мм Коричнева катериновлавська цегла (D) з термоізоляцією для стін миючі рулон 2.8 м клейова основа для кухні і спальні
SW-00001786	RSI	48100	370	1	370	0	unavailable	4657842	440481374	https://build.rozetka.com.ua/ua/440481374/p440481374/	Самоклеючі шпалери 2800*500*2мм (D) SW-00001786
SW-00001786	Bondiar	255267	370	1	370	0	unavailable	4648788	571775116	https://build.rozetka.com.ua/ua/571775116/p571775116/	Самоклеючі шпалери 2800х500х1,5мм Коричнева катериновлавська цегла (D) SW-00001786
SW-00001786	ВінБудІмперіал	240759	407	1	407	0	unavailable	4648788	572772505	https://build.rozetka.com.ua/ua/572772505/p572772505/	Самоклеючі шпалери 2800х500х1,5мм Коричнева катериновлавська цегла (D) SW-00001786
SW-00001786	Рельєф Простір	267658	320	1	320	370	unavailable	4657848	577343551	https://build.rozetka.com.ua/ua/577343551/p577343551/	Самоклеючі шпалери 2800х500х1,5мм Коричнева катериновлавська цегла (D) SW-00001786
SW-00001786	ViDen	265006	421	1	421	0	unavailable	4648788	605313400	https://build.rozetka.com.ua/ua/605313400/p605313400/	Самоклеючі шпалери 2800х500х1,5мм Коричнева катериновлавська цегла (D) SW-00001786
SW-00001786	Знак якості	138753	447	1	447	0	unavailable	4648788	609763271	https://build.rozetka.com.ua/ua/609763271/p609763271/	Самоклеючі шпалери 2800х500х1,5мм Коричнева катеринославська цегла (D) SW-00001786
SW-00001786	BRITSGO	203745	370	1	370	0	unavailable	4657848	573120538	https://build.rozetka.com.ua/ua/573120538/p573120538/	Самоклеючі шпалери 2800х500х1,5мм Коричнева катериновлавська цегла
SW-00001523	DomLoft	139608	290	1	290	450	available	4630668	428598530	https://rozetka.com.ua/ua/428598530/p428598530/	Дзеркальна наліпка (акрил) 3D 30*40cm*2mm Silver (S) SW-00001523
SW-00001523	Рельєф Простір	267658	300	1	300	0	available	4640928	577343644	https://rozetka.com.ua/ua/577343644/p577343644/	Дзеркало акрилове самоклеюче 300*400мм*2мм SW-00001523
SW-00001523	Букаляба	266473	300	1	300	0	unavailable	4630668	590727409	https://rozetka.com.ua/ua/590727409/p590727409/	Дзеркало акрилове самоклеюче 300*400мм*2мм SW-00001523
SW-00001523	Glorias	145516	471	1	471	471	unavailable	4640928	404295579	https://rozetka.com.ua/ua/404295579/p404295579/	Дзеркальна наліпка (акрил) 3D 30*40cm*2mm Silver (S) SW-00001523
SW-00001523	3DDD	188802	321	1	321	0	unavailable	4640928	388443681	https://rozetka.com.ua/ua/388443681/p388443681/	Зеркальная наклейка Sticker Wall акрил 3D 30 х 40cm х 2mm OS-HA10 Silver S SW-00001523
SW-00001523	3DDD	188802	294	1	294	356	unavailable	4630668	409127361	https://rozetka.com.ua/ua/409127361/p409127361/	Дзеркальна наклейка Sticker Wall акрил 3D 30 х 40cm х 2mm Silver (S) SW-00001523
SW-00001523	SHEF LIFE	124373	375	1	375	0	unavailable	4627318	443939624	https://rozetka.com.ua/ua/443939624/p443939624/	Дзеркало акрилове самоклеюче 300*400мм*2мм SW-00001523
SW-00001523	DecoGrip	204264	300	1	300	400	unavailable	4640928	405572988	https://rozetka.com.ua/ua/405572988/p405572988/	Дзеркальна наліпка Sticker Wall акрил 3D 30 х 40cm х 2mm Silver (S) SW-00001523
SW-00001523	In2time	227604	330	1	330	0	unavailable	4629548	550116162	https://build.rozetka.com.ua/ua/3d-paneli-sticker-wall-152318255/p550116162/	Дзеркало акрилове самоклеюче 300*400мм*2мм SW-00001523
SW-00001523	lookoboi	56952	368	1	368	0	unavailable	4630668	543807170	https://rozetka.com.ua/ua/zerkala4630668-sticker-wall-149948651/p543807170/	Дзеркало акрилове самоклеюче 300×400×2 мм SW-00001523
SW-00001523	TechnoPrime	33201	264	1	264	0	unavailable	4640928	556523577	https://rozetka.com.ua/ua/nakleyki-na-stenu-sticker-wall-154831268/p556523577/	Зеркало акрилове самоклеюче 300*400мм*2мм SW-00001523
SW-00001523	PROStikerUa	217718	300	1	300	402	unavailable	4640928	466266954	https://rozetka.com.ua/ua/466266954/p466266954/	Дзеркало акрилове самоклеюче Sticker Wall 300х400х2мм SW-00001523
SW-00001523	Torg Landiya	92929	330	1	330	0	unavailable	4630668	467621599	https://rozetka.com.ua/ua/467621599/p467621599/	Зеркало акрилове самоклеюче 300*400мм*2мм SW-00001523
SW-00001523	Status Goods	210996	392	1	392	0	unavailable	4640928	470261449	https://rozetka.com.ua/ua/470261449/p470261449/	Дзеркало акрилове самоклеюче 300*400мм*2мм SW-00001523
SW-00001523	Homent	255285	300	1	300	0	unavailable	4640928	578471980	https://rozetka.com.ua/ua/578471980/p578471980/	Дзеркало акрилове самоклеюче Sticker Wall 300*400мм*2мм (SW-00001523)
SW-00001523	ВінБудІмперіал	240759	330	1	330	0	unavailable	4640928	583068295	https://rozetka.com.ua/ua/583068295/p583068295/	Дзеркало акрилове самоклеюче 300*400мм*2мм SW-00001523
SW-00001523	AVO-LAVKA	114191	324	1	324	360	unavailable	4630668	598794817	https://rozetka.com.ua/ua/598794817/p598794817/	Дзеркало акрилове самоклеюче 300х400х2мм SW-00001523
SW-00001523	TOWER	83595	462	1	462	0	unavailable	4640928	480422844	https://rozetka.com.ua/ua/480422844/p480422844/	Зеркало акрилове самоклеюче 300*400мм*2мм SW-00001523
SW-00001523	ViDen	265006	355	1	355	0	unavailable	4640928	605309407	https://rozetka.com.ua/ua/605309407/p605309407/	Дзеркало акрилове самоклеюче 300х400х2мм SW-00001523
SW-00001523	LFcolor	213998	240	1	240	0	unavailable	4630668	600352006	https://rozetka.com.ua/ua/600352006/p600352006/	Дзеркало акрилове самоклеюче 300х400х2мм SW-00001523
SW-00001523	PeRoHome	282119	499	1	499	0	unavailable	4630668	613272137	https://rozetka.com.ua/ua/613272137/p613272137/	Дзеркало акрилове самоклеюче 300х400х2мм SW-00001523
SW-00001523	lookoboi	56952	368	1	368	0	unavailable	4630668	604587781	https://rozetka.com.ua/ua/604587781/p604587781/	Дзеркало акрилове самоклеюче 300х400х2 мм SW-00001523
SW-00001523	Bass Culture	269902	300	1	300	0	unavailable	4630668	589909153	https://rozetka.com.ua/ua/589909153/p589909153/	Дзеркало акрилове самоклеюче 300*400мм*2мм SW-00001523
SW-00001523	Wide Range	211532	276	1	276	0	unavailable	4630668	616553030	https://rozetka.com.ua/ua/616553030/p616553030/	Дзеркало акрилове самоклеюче 300х400х2мм SW-00001523
SW-00001523	Bravion Store	276091	300	1	300	0	unavailable	4630668	598420333	https://rozetka.com.ua/ua/598420333/p598420333/	Дзеркало акрилове самоклеюче 300х400х2мм SW-00001523
SW-00001523	NIVENTO	271966	450	1	450	810	unavailable	4630668	601664653	https://rozetka.com.ua/ua/601664653/p601664653/	Дзеркало акрилове самоклеюче 300х400х2мм SW-00001523
SW-00001523	ukriloom	226664	300	1	300	0	unavailable	4640928	559057749	https://rozetka.com.ua/ua/nakleyki-na-stenu-sticker-wall-155490132/p559057749/	Дзеркало акрилове самоклеюче 300*400мм*2мм SW-00001523
SW-00001523	7k shop	79045	345	1	345	0	unavailable	4630668	620312969	https://rozetka.com.ua/ua/620312969/p620312969/	Дзеркало акрилове самоклеюче 300х400х2мм SW-00001523
SW-00001523	Lite	181560	300	1	300	450	unavailable	4640928	557465688	https://rozetka.com.ua/ua/zerkala4630668-155206808/p557465688/	Дзеркальна наклейка (акрил) 3D 30*40cm*2mm (1523)
SW-00000756	3DDD	188802	96	1	96	116	available	4640952	409128162	https://build.rozetka.com.ua/ua/409128162/p409128162/	Гнучкий самоклеючий плінтус Sticker Wall багет біла кава (129) SW-00000756
SW-00000756	Wide Range	211532	127	1	127	0	available	4640952	602617705	https://build.rozetka.com.ua/ua/602617705/p602617705/	Гнучкий самоклеючий плінтус 2330х85х5мм Срібне дерево
SW-00000756	FOUKS	20886	110	1	110	140	available	4640952	396640425	https://build.rozetka.com.ua/ua/396640425/p396640425/	Клейкий гнучкий плінтус Під дерево з візерунком для 3Д панелей (пластиковий м'який широкий ПВХ декор) 235*8 см (Плінтус-129)
SW-00000756	ukriloom	226664	113	1	113	0	available	4640952	594297550	https://build.rozetka.com.ua/ua/594297550/p594297550/	Гнучкий самоклеючий плінтус 2330х85х5мм Срібне дерево SW-00000756
SW-00000756	Torg Landiya	92929	115	1	115	121	available	4640952	478766254	https://build.rozetka.com.ua/ua/478766254/p478766254/	Гнучкий самоклеючий плінтус срібне дерево SW-00000756
SW-00000756	PROStikerUa	217718	110	1	110	147	available	4640952	466518049	https://build.rozetka.com.ua/ua/466518049/p466518049/	Гнучкий самоклеючий плінтус Sticker Wall срібне дерево SW-00000756
SW-00000756	Декостра	278257	140	1	140	0	available	4640952	602309104	https://build.rozetka.com.ua/ua/602309104/p602309104/	Гнучкий самоклеючий плінтус 2330х85х5мм Срібне дерево SW-00000756
SW-00000756	TechnoPrime	33201	132	1	132	0	available	4640952	603173707	https://build.rozetka.com.ua/ua/603173707/p603173707/	Гнучкий самоклеючий плінтус 2330х85х5мм Срібне дерево SW-00000756
SW-00000756	AVO-LAVKA	114191	149	1	149	165	available	4640952	596632582	https://build.rozetka.com.ua/ua/596632582/p596632582/	Гнучкий самоклеючий плінтус 2330х85х5мм Срібне дерево SW-00000756
SW-00000756	NIVENTO	271966	210	1	210	378	available	4640952	601663507	https://build.rozetka.com.ua/ua/601663507/p601663507/	Гнучкий самоклеючий плінтус 2330х85х5мм Срібне дерево SW-00000756
SW-00000756	LFcolor	213998	110	1	110	0	available	4640952	600359992	https://build.rozetka.com.ua/ua/600359992/p600359992/	Гнучкий самоклеючий плінтус 2330х85х5мм Срібне дерево SW-00000756
SW-00000756	Потрібне	274903	220	1	220	0	available	4640952	595276552	https://build.rozetka.com.ua/ua/595276552/p595276552/	Гнучкий самоклеючий плінтус Sticker Wall 2350х80х7мм Срібне дерево SW-00000756
SW-00000756	PeRoHome	282119	170	1	170	0	available	4640952	613016330	https://build.rozetka.com.ua/ua/613016330/p613016330/	Гнучкий самоклеючий плінтус 2330х85х5мм Срібне дерево SW-00000756
SW-00000756	Знак якості	138753	139	1	139	0	available	4640952	617228414	https://build.rozetka.com.ua/ua/617228414/p617228414/	Гнучкий самоклеючий плінтус 2330х85х5мм Срібне дерево SW-00000756
SW-00000756	SHEF LIFE	124373	138	1	138	149	available	4640952	440490986	https://build.rozetka.com.ua/ua/440490986/p440490986/	Гнучкий самоклеючий плінтус 2350х80х7мм Срібне дерево SW-00000756
SW-00000756	Shywon	237919	120	1	120	0	available	4640952	544731950	https://build.rozetka.com.ua/ua/plintusa-sticker-wall-150158587/p544731950/	Гнучкий самоклеючий плінтус 2330х85х5мм Срібне дерево SW-00000756
SW-00000756	Bravion Store	276091	160	1	160	0	available	4640952	598420135	https://build.rozetka.com.ua/ua/598420135/p598420135/	Гнучкий самоклеючий плінтус 2330х85х5мм Срібне дерево SW-00000756
SW-00000756	Davelia Shop	283358	138	1	138	0	available	4640952	616821830	https://build.rozetka.com.ua/ua/616821830/p616821830/	Гнучкий самоклеючий плінтус 2330х85х5мм Срібне дерево SW-00000756
SW-00000756	TOWER	83595	152	1	152	200	available	4640952	618468116	https://build.rozetka.com.ua/ua/618468116/p618468116/	Самоклейна декоративна 3D панель Цегла Жовто-пісочна 700 х 770 х 3 мм 0756
SW-00000756	Bo Smv om	51510	120	1	120	0	available	4640952	614545664	https://build.rozetka.com.ua/ua/614545664/p614545664/	Гнучкий самоклеючий плінтус 2330х85х5мм Срібне дерево SW-00000756
SW-00000756	TOWER	83595	235	1	235	0	unavailable	4640952	448645166	https://build.rozetka.com.ua/ua/448645166/p448645166/	Гнучкий самоклеючий плінтус срібне дерево SW-00000756
SW-00000756	STICO_PANEL	263347	140	1	140	0	unavailable	4640952	569764060	https://build.rozetka.com.ua/ua/569764060/p569764060/	Гнучкий самоклеючий плінтус 2350х80х7мм Срібне дерево SW-00000756
SW-00000756	MimiPlay	238949	120	1	120	0	unavailable	4640952	606307315	https://build.rozetka.com.ua/ua/606307315/p606307315/	Гнучкий самоклеючий плінтус 2330х85х5мм Срібне дерево SW-00000756
SW-00000756	LFcolor	213998	140	1	140	0	unavailable	4640952	485898709	https://build.rozetka.com.ua/ua/485898709/p485898709/	Гнучкий самоклеючий плінтус 2350х80х7мм Срібне дерево SW-00000756
SW-00000756	Bass Culture	269902	120	1	120	0	unavailable	4640952	595921078	https://build.rozetka.com.ua/ua/595921078/p595921078/	Гнучкий самоклеючий плінтус 2330х85х5мм Срібне дерево SW-00000756
SW-00000756	ViDen	265006	131	1	131	0	unavailable	4640952	605310883	https://build.rozetka.com.ua/ua/605310883/p605310883/	Гнучкий самоклеючий плінтус 2330х85х5мм Срібне дерево SW-00000756
SW-00000756	ukriloom	226664	140	1	140	0	unavailable	4640952	538079484	https://build.rozetka.com.ua/ua/plintusa-sticker-wall-148807538/p538079484/	Гнучкий самоклеючий плінтус 2350х80х7мм Срібне дерево SW-00000756
SW-00000756	Спецуха	150670	219	1	219	263	unavailable	4640952	538607484	https://build.rozetka.com.ua/ua/kovrolin-sticker-wall-148904254/p538607484/	Гнучкий самоклеючий плінтус 2350х80х7мм Срібне дерево SW-00000756
SW-00001181	LoftWall	210021	790	1	790	0	available	4648788	436214357	https://build.rozetka.com.ua/ua/436214357/p436214357/	Самоклеюча вінілова плитка в рулоні молочна 3000х600х2мм Мат SW-00001181
SW-00001181	The world of ideas	166476	944	1	944	0	available	4657848	493672964	https://build.rozetka.com.ua/ua/493672964/p493672964/	Вінілова плитка, що самоклеїться, Sticker Wall в рулоні молочна 3000х600х2мм SW-00001181
SW-00001181	MC LitWin	265009	850	1	850	0	available	4629548	597334309	https://build.rozetka.com.ua/ua/597334309/p597334309/	3D панель стінова самоклеюча у рулоні Sticker Wall SW-00001181 600х3000х2 мм
SW-00001181	ItailOil	33267	944	1	944	0	available	4648788	574052506	https://build.rozetka.com.ua/ua/574052506/p574052506/	Самоклеюча вінілова плитка в рулоні декоративні панелі SW-00001181 600х3000х2 мм Молочна Під дерево Мат
SW-00001181	Декостра	278257	790	1	790	0	available	4629548	603198376	https://build.rozetka.com.ua/ua/603198376/p603198376/	Самоклеюча вінілова плитка в рулоні 600х3000х2мм Молочна Мат SW-00001181
SW-00001181	3DDD	188802	708	1	708	857	available	4648788	409127625	https://build.rozetka.com.ua/ua/409127625/p409127625/	Вінілова плитка, що самоклеїться, Sticker Wall в рулоні молочна 3000х600х2мм SW-00001181
SW-00001181	NIVENTO	271966	1185	1	1185	2133	available	4629548	601664749	https://build.rozetka.com.ua/ua/601664749/p601664749/	Самоклеюча вінілова плитка в рулоні 600х3000х2мм Молочна Мат SW-00001181
SW-00001181	LFcolor	213998	790	1	790	0	available	4629548	600352540	https://build.rozetka.com.ua/ua/600352540/p600352540/	Самоклеюча вінілова плитка в рулоні 600х3000х2мм Молочна Мат SW-00001181
SW-00001181	Потрібне	274903	990	1	990	0	available	4629548	594897628	https://build.rozetka.com.ua/ua/594897628/p594897628/	Самоклеюча вінілова плитка Sticker Wall в рулоні 600х3000х2мм Молочна Мат SW-00001181
SW-00001181	MiroLends	137263	944	1	944	0	available	4629548	593859829	https://build.rozetka.com.ua/ua/593859829/p593859829/	Самоклеюча вінілова плитка в рулоні молочна 3000х600х2мм SW-00001181
SW-00001181	AVO-LAVKA	114191	1067	1	1067	1185	available	4658998	596631817	https://build.rozetka.com.ua/ua/596631817/p596631817/	Самоклеюча вінілова плитка в рулоні 600х3000х2мм Молочна Мат SW-00001181
SW-00001181	Happy Valise	44840	909	1	909	0	available	4648788	366510318	https://build.rozetka.com.ua/ua/366510318/p366510318/	Самоклеюча вінілова плитка Sticker Wall SW-00001181 Молочна в рулоні 3000х600х2мм
SW-00001181	DomLoft	139608	990	1	990	1200	available	4648788	428883992	https://build.rozetka.com.ua/ua/428883992/p428883992/	Самоклеюча вінілова плитка в рулоні молочна 3000х600х2мм (81117-2-матовий) SW-00001181
SW-00001181	K-Warehouse	217766	814	1	814	0	available	4648788	453038309	https://build.rozetka.com.ua/ua/453038309/p453038309/	Самоклеюча вінілова плитка Sticker Wall в рулоні молочна 3000х600х2мм Мат SW-00001181
SW-00001181	Юзон	169785	1080	1	1080	0	available	4648788	561652236	https://build.rozetka.com.ua/ua/samokleyashchiesya-plenki-sticker-wall-156655578/p561652236/	Самоклеюча вінілова плитка в рулоні STICKER WALL 600*3000*2мм Молочна Мат SW-00001181
SW-00001181	PROStikerUa	217718	790	1	790	1059	available	4648788	466517849	https://build.rozetka.com.ua/ua/466517849/p466517849/	Самоклеюча вінілова плитка в рулоні Sticker Wall молочна 3000х600х2мм Мат SW-00001181
SW-00001181	TechnoPrime	33201	869	1	869	0	available	4641184	562198815	https://build.rozetka.com.ua/ua/pvh-plitka-sticker-wall-156874604/p562198815/	Самоклеюча вінілова плитка у рулоні 600х3000х2мм Молочна Мат SW-00001181
SW-00001181	Секрети шопінгу	268996	882	1	882	0	available	4648788	580811950	https://build.rozetka.com.ua/ua/580811950/p580811950/	Самоклеюча вінілова плитка в рулоні 600х3000х2мм Молочна Мат SW-00001181
SW-00001181	RMService	15008	1190	1	1190	1390	available	4648788	580056823	https://build.rozetka.com.ua/ua/580056823/p580056823/	Самоклеюча вінілова плитка в рулоні 600 х 3000 х 2 мм, молочна Мат SW-00001181 (Sticker Wall)
SW-00001181	PeRoHome	282119	1149	1	1149	0	available	4629548	613017803	https://build.rozetka.com.ua/ua/613017803/p613017803/	Самоклеюча вінілова плитка в рулоні 600х3000х2мм Молочна Мат SW-00001181
SW-00001181	Lavkamarka	227099	790	1	790	0	available	4641184	496149189	https://build.rozetka.com.ua/ua/496149189/p496149189/	Самоклеюча вінілова плитка в рулоні Sticker Wall 3000х600х2мм молочна матова (1181)
SW-00001181	FOUKS	20886	790	1	790	0	available	4641184	439096241	https://build.rozetka.com.ua/ua/439096241/p439096241/	Вінілова плитка в рулоні Сіре Дерево Рулон 0,6*3m*2мм матова Сірий Під дерево ПВХ ламінат самоклейний
SW-00001181	Wide Range	211532	909	1	909	0	available	4648788	584194096	https://build.rozetka.com.ua/ua/584194096/p584194096/	Самоклеюча вінілова плитка в рулоні 600х3000х2мм Молочна Мат
SW-00001181	Bigsylio	266140	790	1	790	0	available	4629548	606381544	https://build.rozetka.com.ua/ua/606381544/p606381544/	Самоклеюча вінілова плитка в рулоні 600х3000х2мм Молочний мат для внутрішньої обробки стін декорування приміщень
SW-00001181	Homent	255285	790	1	790	0	unavailable	4629548	578473147	https://build.rozetka.com.ua/ua/578473147/p578473147/	Самоклеюча вінілова плитка в рулоні Sticker Wall 600х3000х2мм Молочна Мат (SW-00001181)
SW-00001181	3DDD	188802	983	1	983	0	unavailable	4648788	388443204	https://build.rozetka.com.ua/ua/388443204/p388443204/	Вінілова плитка, що самоклеїться, Sticker Wall в рулоні молочна 3000х600х2мм 81117-2-матовий SW-00001181
SW-00001181	DecoGrip	204264	790	1	790	1053	unavailable	4648788	405573888	https://build.rozetka.com.ua/ua/405573888/p405573888/	Самоклеюча вінілова плитка Sticker Wall в рулоні молочна 3000х600х2мм (81117-2-матовий) SW-00001181
SW-00001181	TOWER	83595	1121	1	1121	0	unavailable	4657848	448750658	https://build.rozetka.com.ua/ua/448750658/p448750658/	Самоклеюча вінілова плитка в рулоні молочна 3000х600х2мм Мат SW-00001181
SW-00001181	Ентемпс	211401	790	1	790	0	unavailable	4648788	565273487	https://build.rozetka.com.ua/ua/565273487/p565273487/	Самоклеюча вінілова плитка в рулоні 600х3000х2мм Молочна Мат StickerWall-SW-00001181
SW-00001181	In2time	227604	869	1	869	0	unavailable	4641184	550115013	https://build.rozetka.com.ua/ua/pvh-plitka-sticker-wall-152318183/p550115013/	Самоклеюча вінілова плитка в рулоні 600х3000х2мм Молочна Мат SW-00001181
SW-00001181	Kind Host	272923	790	1	790	0	unavailable	4641184	591064462	https://build.rozetka.com.ua/ua/591064462/p591064462/	Самоклеюча вінілова плитка в рулоні 600х3000х2мм Молочна Мат SW-00001181
SW-00001181	MimiPlay	238949	790	1	790	0	unavailable	4629548	606307432	https://build.rozetka.com.ua/ua/606307432/p606307432/	Самоклеюча вінілова плитка в рулоні 600х3000х2мм Молочна Мат SW-00001181
SW-00001181	Bass Culture	269902	790	1	790	0	unavailable	4641184	591456853	https://build.rozetka.com.ua/ua/591456853/p591456853/	Самоклеюча вінілова плитка в рулоні 600х3000х2мм Молочна Мат SW-00001181
SW-00001181	BINGO	53688	1119	1	1119	0	unavailable	4659004	504817609	https://build.rozetka.com.ua/ua/504817609/p504817609/	Вінілове покриття EasyDeck, самоклейка, молочна 3000х600х2мм Мат SW-00001181
SW-00001181	ViDen	265006	856	1	856	0	unavailable	4659004	605311534	https://build.rozetka.com.ua/ua/605311534/p605311534/	Самоклеюча вінілова плитка в рулоні 600х3000х2мм Молочна Мат SW-00001181
SW-00001181	Lite	181560	695	1	695	1090	unavailable	4648788	449917802	https://build.rozetka.com.ua/ua/449917802/p449917802/	Самоклеюча вінілова плитка в рулоні молочна 3000х600х2мм (матова)
SW-00001181	Norviko	274975	909	1	909	1190	unavailable	4641184	604230004	https://build.rozetka.com.ua/ua/604230004/p604230004/	Самоклеюча вінілова плитка в рулоні 600×3000×2 мм, біле дерево
SW-00002411	Wide Range	211532	219	1	219	0	available	4648788	602617213	https://build.rozetka.com.ua/ua/602617213/p602617213/	Плівка на самоклейці 60см х 3м SW-00002411
SW-00002411	Stiker_style	262837	300	1	300	0	available	4648788	567772369	https://build.rozetka.com.ua/ua/567772369/p567772369/	ПЛІВКА НА САМОКЛЕЙЦІ StikerWall 60СМ Х 3М Білий з золотом (SW-00002411)
SW-00002411	LFcolor	213998	190	1	190	0	available	4648788	600346291	https://build.rozetka.com.ua/ua/600346291/p600346291/	Плівка на самоклейці 60см х 3м SW-00002411
SW-00002411	The world of ideas	166476	208	1	208	0	available	4648788	493674574	https://build.rozetka.com.ua/ua/493674574/p493674574/	Плівка на самоклейці Sticker Wall 60cm*3m SW-2411
SW-00002411	Секрети шопінгу	268996	238	1	238	0	available	4648788	580813189	https://build.rozetka.com.ua/ua/580813189/p580813189/	Плівка на самоклейці 60см х 3м SW-00002411
SW-00002411	AVO-LAVKA	114191	257	1	257	285	available	4648788	598793839	https://build.rozetka.com.ua/ua/598793839/p598793839/	Плівка на самоклейці 60см х 3м SW-00002411
SW-00002411	Homent	255285	220	1	220	0	unavailable	4648788	578473567	https://build.rozetka.com.ua/ua/578473567/p578473567/	Плівка на самоклейці Sticker Wall 60см х 3м (SW-00002411)
SW-00002411	In2time	227604	242	1	242	0	unavailable	4648788	550117113	https://build.rozetka.com.ua/ua/samokleyashchiesya-plenki-sticker-wall-152318927/p550117113/	Плівка на самоклейці 60см х 3м SW-00002411
SW-00002411	3DDD	188802	220	1	220	266	unavailable	4648788	478781799	https://build.rozetka.com.ua/ua/478781799/p478781799/	Плівка на самоклейці Sticker Wall 60cm*3m SW-2411
SW-00002411	KARTOSHKA	143839	220	1	220	0	unavailable	4648788	487567184	https://build.rozetka.com.ua/ua/487567184/p487567184/	Плівка на самоклейці 60cm*3m Білий із золотом
SW-00002411	MimiPlay	238949	195	1	195	0	unavailable	4648788	606305701	https://build.rozetka.com.ua/ua/606305701/p606305701/	Плівка на самоклейці 60см х 3м SW-00002411
SW-00002411	Юзон	169785	254	1	254	0	unavailable	4648788	561652764	https://build.rozetka.com.ua/ua/samokleyashchiesya-plenki-sticker-wall-156655408/p561652764/	Плівка на самоклейці STICKER WALL 60см * 3м SW-00002411
SW-00002910	PeRoHome	282119	549	1	549	0	available	4629548	613016162	https://build.rozetka.com.ua/ua/613016162/p613016162/	Самоклеючий Сатин у рулоні 1,45м х1м х 0.3мм Бежевий (D) SW-00002910
SW-00002910	Torg Landiya	92929	178	1	178	187	available	4648788	597386092	https://build.rozetka.com.ua/ua/597386092/p597386092/	Самоклеючий Сатин у рулоні 1,45м х1м х 0.3мм Бежевий (D) SW-00002910
SW-00002910	Декостра	278257	170	1	170	0	available	4648788	603197980	https://build.rozetka.com.ua/ua/603197980/p603197980/	Самоклеючий Сатин у рулоні 1,45м х1м х 0.3мм Бежевий (D) SW-00002910
SW-00002910	NIVENTO	271966	255	1	255	459	available	4648788	601663327	https://build.rozetka.com.ua/ua/601663327/p601663327/	Самоклеючий Сатин у рулоні 1,45м х1м х 0.3мм Бежевий (D) SW-00002910
SW-00002910	LFcolor	213998	170	1	170	0	available	4648788	600355195	https://build.rozetka.com.ua/ua/600355195/p600355195/	Самоклеючий Сатин у рулоні 1,45м х1м х 0.3мм Бежевий (D) SW-00002910
SW-00002910	МАЙЯ	20508	174	1	174	0	available	4648788	593018275	https://build.rozetka.com.ua/ua/593018275/p593018275/	Самоклеючий Сатин у рулоні 1,45м х1м х 0.3мм Бежевий (D) SW-00002910
SW-00002910	TechnoPrime	33201	275	1	275	0	available	4648788	604313137	https://build.rozetka.com.ua/ua/604313137/p604313137/	Самоклеючий Сатин у рулоні 1,45м х1м х 0.3мм Бежевий (D) SW-00002910
SW-00002910	PRIMAVERA_pro	245169	428	1	428	0	available	4648788	593439721	https://build.rozetka.com.ua/ua/593439721/p593439721/	Самоклеючий Сатин у рулоні 1,45м х1м х 0.3мм Бежевий (D) SW-00002910
SW-00002910	SHEF LIFE	124373	213	1	213	230	available	4648788	588356548	https://build.rozetka.com.ua/ua/588356548/p588356548/	Самоклеючий Сатин у рулоні 1,45м х1м х 0.3мм Бежевий (D) SW-00002910
SW-00002910	Happy Valise	44840	196	1	196	288	available	4657848	618572366	https://build.rozetka.com.ua/ua/618572366/p618572366/	Сатін самоклеючий у рулоні текстильний 1450x1000x0.3 мм Бежевий (D) SW-00002910
SW-00002910	Потрібне	274903	350	1	350	0	available	4648788	595274734	https://build.rozetka.com.ua/ua/595274734/p595274734/	Самоклеючий сатин Sticker Wall у рулоні 1,45м х1м х 0.3мм Бежевий (D) SW-00002910
SW-00002910	Bravion Store	276091	200	1	200	0	available	4648788	600584134	https://build.rozetka.com.ua/ua/600584134/p600584134/	Самоклеючий Сатин у рулоні 1,45м х1м х 0.3мм Бежевий (D) SW-00002910
SW-00002910	Davelia Shop	283358	213	1	213	0	available	4648788	616824029	https://build.rozetka.com.ua/ua/616824029/p616824029/	Самоклеючий Сатин у рулоні 1,45м х1м х 0.3мм Бежевий (D) SW-00002910
SW-00002910	Wide Range	211532	196	1	196	0	available	4648788	602616562	https://build.rozetka.com.ua/ua/602616562/p602616562/	Самоклеючий Сатин у рулоні 1,45м х1м х 0.3мм Бежевий
SW-00002910	MegaChoice	249209	275	1	275	450	unavailable	4648788	589169911	https://build.rozetka.com.ua/ua/589169911/p589169911/	Самоклеючий Сатин для стін у рулоні 1,45×1 м × 0,3 мм бежевий SW-00002910
SW-00002910	ViDen	265006	174	1	174	0	unavailable	4648788	605312632	https://build.rozetka.com.ua/ua/605312632/p605312632/	Самоклеючий Сатин у рулоні 1,45м х1м х 0.3мм Бежевий (D) SW-00002910
SW-00002910	Bass Culture	269902	170	1	170	0	unavailable	4648788	590658535	https://build.rozetka.com.ua/ua/590658535/p590658535/	Самоклеючий Сатин у рулоні 1,45м х1м х 0.3мм Бежевий (D) SW-00002910
SW-00002910	MimiPlay	238949	250	1	250	0	unavailable	4648788	606307195	https://build.rozetka.com.ua/ua/606307195/p606307195/	Самоклеючий Сатин у рулоні 1,45м х1м х 0.3мм Бежевий (D) SW-00002910
SW-00002910	STICO_PANEL	263347	170	1	170	0	unavailable	4648788	589472143	https://build.rozetka.com.ua/ua/589472143/p589472143/	Самоклеючий Сатин у рулоні 1,45м х1м х 0.3мм Бежевий (D) SW-00002910
SW-00002910	LFcolor	213998	200	1	200	0	unavailable	4648788	588043099	https://build.rozetka.com.ua/ua/588043099/p588043099/	Самоклеючий Сатин у рулоні 1,45м х1м х 0.3мм Бежевий (D) SW-00002910
SW-00002434	PRIMAVERA_pro	245169	1188	1	1188	0	available	4648788	593440360	https://build.rozetka.com.ua/ua/593440360/p593440360/	Самоклеюча стінова PET плитка у рулоні 600х3000х2мм SW-00002434
SW-00002434	3D Loft	69844	552	1	552	0	unavailable	4648788	465012284	https://build.rozetka.com.ua/ua/465012284/p465012284/	Самоклеюча стінова PET плитка у рулоні 600*3000*2mm (D) SW-00002434
SW-00002434	RMService	15008	990	1	990	0	unavailable	4648788	577347802	https://build.rozetka.com.ua/ua/577347802/p577347802/	Самоклеюча стінова плитка PET у рулоні 600 х 3000 х 2 мм SW-00002434(Sticker Wall)
SW-00002434	STICO_PANEL	263347	690	1	690	0	unavailable	4648788	569765686	https://build.rozetka.com.ua/ua/569765686/p569765686/	Самоклеюча стінова PET плитка у рулоні 600х3000х2мм SW-00002434
SW-00002434	ItailOil	33267	944	1	944	0	unavailable	4648788	569889766	https://build.rozetka.com.ua/ua/569889766/p569889766/	Самоклеюча стінова PET плитка в рулоні Sticker Wall SW-00002434 600х3000х2 мм
SW-00002434	ItailOil	33267	640	1	640	944	unavailable	4648788	574052206	https://build.rozetka.com.ua/ua/574052206/p574052206/	Самоклеюча стінова PET плитка в рулоні Sticker Wall SW-00002434 600х3000х2 мм
SW-00002434	МАЙЯ	20508	580	1	580	0	unavailable	4659004	589668727	https://build.rozetka.com.ua/ua/589668727/p589668727/	Самоклеюча стінова PET плитка у рулоні 600х3000х2мм SW-00002434
SW-00002434	Bravion Store	276091	710	1	710	0	unavailable	4648788	597136942	https://build.rozetka.com.ua/ua/597136942/p597136942/	Самоклеюча стінова PET плитка у рулоні 600х3000х2мм SW-00002434
SW-00002434	PROStikerUa	217718	790	1	790	0	unavailable	4648788	477279014	https://build.rozetka.com.ua/ua/477279014/p477279014/	Самоклеюча стінова PET плитка Sticker Wall у рулоні 600*3000*2mm (D) SW-00002434
SW-00002434	TechnoPrime	33201	759	1	759	0	unavailable	4648788	586545151	https://build.rozetka.com.ua/ua/586545151/p586545151/	Самоклеюча стінова плитка PET у рулоні 600х3000х2мм SW-00002434
SW-00002434	Рельєф Простір	267658	790	1	790	0	unavailable	4648788	577342273	https://build.rozetka.com.ua/ua/577342273/p577342273/	Самоклеюча стінова PET плитка у рулоні 600х3000х2мм SW-00002434
SW-00002434	PeRoHome	282119	899	1	899	0	unavailable	4641184	613017962	https://build.rozetka.com.ua/ua/613017962/p613017962/	Самоклеюча стінова PET плитка у рулоні 600х3000х2мм SW-00002434
SW-00002434	NIVENTO	271966	1035	1	1035	1863	unavailable	4629548	601663816	https://build.rozetka.com.ua/ua/601663816/p601663816/	Самоклеюча стінова PET плитка у рулоні 600х3000х2мм SW-00002434
SW-00002434	Wide Range	211532	635	1	635	0	unavailable	4629548	602616076	https://build.rozetka.com.ua/ua/602616076/p602616076/	Самоклеюча стінова PET плитка у рулоні 600х3000х2мм SW-00002434
SW-00002434	Знак якості	138753	770	1	770	0	unavailable	4648788	609763385	https://build.rozetka.com.ua/ua/609763385/p609763385/	Самоклеюча стінова PET плитка у рулоні 600х3000х2мм SW-00002434
SW-00002434	Plumbing Assistant	211113	1037	1	1037	0	unavailable	4648788	487033919	https://build.rozetka.com.ua/ua/487033919/p487033919/	Самоклеюча стінова PET плитка у рулоні 600*3000*2мм (D) SW-00002434
SW-00002434	AVO-LAVKA	114191	745	1	745	828	unavailable	4648788	596631973	https://build.rozetka.com.ua/ua/596631973/p596631973/	Самоклеюча стінова PET плитка у рулоні 600х3000х2мм SW-00002434
SW-00002434	ViDen	265006	725	1	725	0	unavailable	4659004	605313193	https://build.rozetka.com.ua/ua/605313193/p605313193/	Самоклеюча стінова PET плитка у рулоні 600х3000х2мм SW-00002434
SW-00002434	BINGO	53688	1059	1	1059	0	unavailable	4641184	500792259	https://build.rozetka.com.ua/ua/500792259/p500792259/	Самоклеюча стінова PET плитка у рулоні 600*3000*2mm (D) SW-00002434
SW-00002434	GZoo	139880	794	1	794	0	unavailable	4648788	508385109	https://build.rozetka.com.ua/ua/508385109/p508385109/	Самоклеюча стінова PET плитка в рулоні 600*3000*2mm (D) SW-00002434
SW-00002434	lookoboi	56952	750	1	750	0	unavailable	4641184	527409094	https://build.rozetka.com.ua/ua/527409094/p527409094/	Самоклеюча стінова ПЕТ плитка у рулоні 600*3000*2 мм вуд-принт сірий (D) SW-00002434
SW-00002434	ukriloom	226664	790	1	790	0	unavailable	4657848	538178854	https://build.rozetka.com.ua/ua/3d-paneli-sticker-wall-148807087/p538178854/	Самоклеюча стінова PET плитка у рулоні 600х3000х2мм SW-00002434
SW-00002434	Crystal sky	250060	826	1	826	0	unavailable	4648788	563401149	https://build.rozetka.com.ua/ua/3d-paneli-sticker-wall-157319966/p563401149/	Самоклеюча стінова PET плитка у рулоні 600х3000х2мм SW-00002434
SW-00002434	FOUKS	20886	552	1	552	690	unavailable	4641184	475305899	https://build.rozetka.com.ua/ua/475305899/p475305899/	Стінові панелі ПЕТ в рулоні Структурне дерево під дошки 60х300 см самоклеюча плитка для стін
SW-00002434	3DDD	188802	790	1	790	956	unavailable	4648788	478781544	https://build.rozetka.com.ua/ua/478781544/p478781544/	Самоклеюча стінова PET плитка у рулоні 600 x 3000 x 2mm (D) SW-2434
SW-00002434	The world of ideas	166476	640	1	640	0	unavailable	4648788	493673669	https://build.rozetka.com.ua/ua/493673669/p493673669/	Самоклеюча стінова PET плитка у рулоні 600 x 3000 x 2mm (D) SW-2434
SW-00002434	Lavkamarka	227099	790	1	790	0	unavailable	4641184	494347109	https://build.rozetka.com.ua/ua/494347109/p494347109/	Самоклейна стінова PET плитка в рулоні Sticker Wall 3000х600х2 мм (2434)
SW-00002434	PARADISE	269545	607	1	607	886	unavailable	4648788	603750874	https://build.rozetka.com.ua/ua/603750874/p603750874/	PET плитка для стін самоклейна 600х3000х2 мм рулон вологостійка зносостійка миється для оздоблення стін надійна у користуванні для акцентної стіни для коридору Дерево
SW-00001267	Потрібне	274903	305	1	305	0	available	4648788	595275064	https://build.rozetka.com.ua/ua/595275064/p595275064/	Самоклеюча плівка Sticker Wall 0,45х10м х 0,07мм Молоде дерево SW-00001267
SW-00001267	LFcolor	213998	205	1	205	0	available	4648788	600354742	https://build.rozetka.com.ua/ua/600354742/p600354742/	Самоклеюча плівка 0,45х10м х 0,07мм Молоде дерево SW-00001267
SW-00001267	Wide Range	211532	236	1	236	0	available	4648788	602617105	https://build.rozetka.com.ua/ua/602617105/p602617105/	Самоклеюча плівка 0,45х10м х 0,07мм Молоде дерево
SW-00001267	SUN HEAT	17072	282	1	282	0	available	4648788	591523507	https://build.rozetka.com.ua/ua/591523507/p591523507/	Самоклеюча плівка під дерево 0,45×10м Молоде дерево для меблів та стін
SW-00001267	MC LitWin	265009	216	1	216	0	available	4648788	599111005	https://build.rozetka.com.ua/ua/599111005/p599111005/	Самоклеюча плівка х 0,07 мм Молоде дерево Sticker Wall 0,45х10 м (SW-00001267)
SW-00001267	RMService	15008	549	1	549	649	available	4648788	581808664	https://build.rozetka.com.ua/ua/581808664/p581808664/	Самоклеюча плівка 0,45 х 10 м х 0,07 мм, молоде дерево SW-00001267 (Sticker Wall)
SW-00001267	AVO-LAVKA	114191	277	1	277	308	available	4648788	598793944	https://build.rozetka.com.ua/ua/598793944/p598793944/	Самоклеюча плівка 0,45х10м х 0,07мм Молоде дерево SW-00001267
SW-00001267	PARADISE	269545	226	1	226	330	available	4648788	603750604	https://build.rozetka.com.ua/ua/603750604/p603750604/	Плівка самоклейна під дерево для кухні меблів стін дверей вологостійка декоративна плівка пвх самоклеюча ширина 45 см рулон 10 м що миється для оновлення поверхонь Молоде дерево
SW-00001267	In2time	227604	237	1	237	0	unavailable	4648788	550115682	https://build.rozetka.com.ua/ua/samokleyashchiesya-plenki-sticker-wall-152318597/p550115682/	Самоклеюча плівка 0,45х10м х 0,07мм Молоде дерево SW-00001267
SW-00001267	Homent	255285	205	1	205	0	unavailable	4648788	578473027	https://build.rozetka.com.ua/ua/578473027/p578473027/	Самоклеюча плівка Sticker Wall 0,45х10м х 0,07мм Молоде дерево (SW-00001267)
SW-00001267	Протей	119401	386	1	386	0	unavailable	4648788	477534314	https://build.rozetka.com.ua/ua/477534314/p477534314/	Самоклеюча плівка для меблів дверей, дерево молоде 10м
SW-00001267	Bass Culture	269902	205	1	205	0	unavailable	4648788	591456748	https://build.rozetka.com.ua/ua/591456748/p591456748/	Самоклеюча плівка 0,45х10м х 0,07мм Молоде дерево SW-00001267
SW-00001267	Lite	181560	205	1	205	510	unavailable	4648788	610088966	https://build.rozetka.com.ua/ua/610088966/p610088966/	Самоклеюча плівка молоде дерево 0,45х10м (1267)
SW-00001267	MegaChoice	249209	440	1	440	600	unavailable	4648788	590392933	https://build.rozetka.com.ua/ua/590392933/p590392933/	Самоклеюча плівка 0,45х10м для відновлення та ремонту меблів, фасадів та стін Молоде дерево SW-00001267
SW-00001267	MimiPlay	238949	205	1	205	0	unavailable	4648788	606308053	https://build.rozetka.com.ua/ua/606308053/p606308053/	Самоклеюча плівка 0,45х10м х 0,07мм Молоде дерево SW-00001267
SW-00002426	3DDD	188802	480	1	480	581	available	4648788	593600371	https://build.rozetka.com.ua/ua/593600371/p593600371/	Самоклеюча стінова PET плитка в рулоні 600*3000*2mm (D) SW-00002426
SW-00002426	Wide Range	211532	635	1	635	0	available	4629548	602616151	https://build.rozetka.com.ua/ua/602616151/p602616151/	Самоклеюча стінова PET плитка у рулоні 600х3000х2мм SW-00002426
SW-00002426	NIVENTO	271966	885	1	885	1593	available	4629548	601662169	https://build.rozetka.com.ua/ua/601662169/p601662169/	Самоклеюча стінова PET плитка у рулоні 600х3000х2мм SW-00002426
SW-00002426	Декостра	278257	590	1	590	0	available	4629548	603197821	https://build.rozetka.com.ua/ua/603197821/p603197821/	Самоклеюча стінова PET плитка у рулоні 600х3000х2мм SW-00002426
SW-00002426	AVO-LAVKA	114191	745	1	745	828	available	4648788	598794622	https://build.rozetka.com.ua/ua/598794622/p598794622/	Самоклеюча стінова PET плитка у рулоні 600х3000х2мм SW-00002426
SW-00002426	Bravion Store	276091	710	1	710	0	available	4648788	597040936	https://build.rozetka.com.ua/ua/597040936/p597040936/	Самоклеюча стінова PET плитка у рулоні 600х3000х2мм SW-00002426
SW-00002426	ukriloom	226664	569	1	569	0	available	4629548	588210157	https://build.rozetka.com.ua/ua/588210157/p588210157/	Самоклеюча стінова PET плитка у рулоні 600х3000х2мм SW-00002426
SW-00002426	ZHOSAR	275845	552	1	552	0	available	4629548	603699217	https://build.rozetka.com.ua/ua/603699217/p603699217/	Самоклеюча стінова PET плитка у рулоні 600х3000х2мм SW-00002426
SW-00002426	TechnoPrime	33201	607	1	607	0	available	4648788	556523010	https://build.rozetka.com.ua/ua/samokleyashchiesya-plenki-sticker-wall-154785575/p556523010/	Самоклеюча стінова плитка PET у рулоні 600х3000х2мм SW-00002426
SW-00002426	3D Loft	69844	552	1	552	0	available	4648788	465012319	https://build.rozetka.com.ua/ua/465012319/p465012319/	Самоклеюча стінова PET плитка у рулоні 600*3000*2mm (D) SW-00002426
SW-00002426	Torg Landiya	92929	577	1	577	607	available	4648788	467164729	https://build.rozetka.com.ua/ua/467164729/p467164729/	Самоклеюча стінова плитка PET у рулоні 600*3000*2mm (D) SW-00002426
SW-00002426	ItailOil	33267	640	1	640	944	available	4648788	574052335	https://build.rozetka.com.ua/ua/574052335/p574052335/	Самоклеюча стінова PET плитка в рулоні Sticker Wall SW-00002426 600х3000х2 мм
SW-00002426	PROStikerUa	217718	552	1	552	740	available	4648788	477278984	https://build.rozetka.com.ua/ua/477278984/p477278984/	Самоклеюча стінова PET плитка Sticker Wall у рулоні 600*3000*2mm (D) SW-00002426
SW-00002426	Потрібне	274903	722	1	722	0	available	4641184	594898447	https://build.rozetka.com.ua/ua/594898447/p594898447/	Самоклеюча стінова PET плитка Sticker Wall у рулоні 600х3000х2мм SW-00002426
SW-00002426	K-Warehouse	217766	552	1	552	0	available	4648788	476817549	https://build.rozetka.com.ua/ua/476817549/p476817549/	Самоклеюча стінова PET плитка у рулоні 600*3000*2mm (D) SW-00002426
SW-00002426	МАЙЯ	20508	580	1	580	0	available	4659004	589668685	https://build.rozetka.com.ua/ua/589668685/p589668685/	Самоклеюча стінова PET плитка у рулоні 600х3000х2мм SW-00002426
SW-00002426	PRIMAVERA_pro	245169	1188	1	1188	0	available	4648788	593440711	https://build.rozetka.com.ua/ua/593440711/p593440711/	Самоклеюча стінова PET плитка у рулоні 600х3000х2мм SW-00002426
SW-00002426	MiroLends	137263	640	1	640	0	available	4629548	593859751	https://build.rozetka.com.ua/ua/593859751/p593859751/	Самоклеюча стінова PET плитка у рулоні 600*3000*2mm (D) SW-00002426
SW-00002426	D`n`D Group	17032	552	1	552	0	available	4641184	482233829	https://build.rozetka.com.ua/ua/482233829/p482233829/	Самоклеюча стінова PET плитка у рулоні 600х3000х2мм SW-00002426 (SW-00002426)
SW-00002426	Знак якості	138753	616	1	616	0	available	4648788	609763367	https://build.rozetka.com.ua/ua/609763367/p609763367/	Самоклеюча стінова PET плитка у рулоні 600х3000х2мм SW-00002426
SW-00002426	PeRoHome	282119	899	1	899	0	available	4641184	613017125	https://build.rozetka.com.ua/ua/613017125/p613017125/	Самоклеюча стінова PET плитка у рулоні 600х3000х2мм SW-00002426
SW-00002426	RMService	15008	899	1	899	1090	available	4648788	577347799	https://build.rozetka.com.ua/ua/577347799/p577347799/	Самоклеюча стінова плитка PET у рулоні 600 х 3000 х 2 мм SW-00002426(Sticker Wall)
SW-00002426	SHEF LIFE	124373	690	1	690	745	available	4629548	588358189	https://build.rozetka.com.ua/ua/588358189/p588358189/	Самоклеюча стінова PET плитка у рулоні 600х3000х2мм SW-00002426
SW-00002426	Davelia Shop	283358	690	1	690	0	available	4629548	616822304	https://build.rozetka.com.ua/ua/616822304/p616822304/	Самоклеюча стінова PET плитка у рулоні 600х3000х2мм SW-00002426
SW-00002426	PARADISE	269545	607	1	607	886	available	4648788	603751240	https://build.rozetka.com.ua/ua/603751240/p603751240/	Стінова плитка PET самоклейна з 3D візерунком 600х3000х2 мм рулон з рельєфом 3D зносостійка гнучка надійна у користуванні імітація натуральної текстури для коридору Синій
SW-00002426	Bigsylio	266140	552	1	552	0	available	4629548	606381805	https://build.rozetka.com.ua/ua/606381805/p606381805/	Самоклеюча стінова плитка PET рулон 600х3000х2мм для внутрішньої обробки декорування стін інтер'єрний матеріал
SW-00002426	FOUKS	20886	552	1	552	690	available	4641184	475305789	https://build.rozetka.com.ua/ua/475305789/p475305789/	Стінові панелі ПЕТ в рулоні Космічний Мармур яскравий 60х300 см самоклеюча плитка для стін
SW-00002426	Lavkamarka	227099	552	1	552	690	available	4641184	520127399	https://build.rozetka.com.ua/ua/520127399/p520127399/	Самоклеюча стінова PET плитка у рулоні Sticker Wall 3000х600х2мм (2426)
SW-00002426	Happy Valise	44840	909	1	909	0	unavailable	4648788	465551954	https://build.rozetka.com.ua/ua/465551954/p465551954/	Самоклеюча стінова PET плитка у рулоні 600*3000*2mm (D) SW-00002426
SW-00002426	ItailOil	33267	944	1	944	0	unavailable	4648788	569889712	https://build.rozetka.com.ua/ua/569889712/p569889712/	Самоклеюча стінова PET плитка в рулоні Sticker Wall SW-00002426 600х3000х2 мм
SW-00002426	Секрети шопінгу	268996	826	1	826	0	unavailable	4648788	580811272	https://build.rozetka.com.ua/ua/580811272/p580811272/	Самоклеюча стінова плитка PET у рулоні 600х3000х2мм SW-00002426
SW-00002426	Crystal sky	250060	552	1	552	0	unavailable	4648788	563401101	https://build.rozetka.com.ua/ua/3d-paneli-sticker-wall-157319939/p563401101/	Самоклеюча стінова PET плитка у рулоні 600х3000х2мм SW-00002426
SW-00002426	STICO_PANEL	263347	590	1	590	0	unavailable	4648788	569765230	https://build.rozetka.com.ua/ua/569765230/p569765230/	Самоклеюча стінова PET плитка у рулоні 600х3000х2мм SW-00002426
SW-00002426	Рельєф Простір	267658	790	1	790	0	unavailable	4648788	577341556	https://build.rozetka.com.ua/ua/577341556/p577341556/	Самоклеюча стінова PET плитка у рулоні 600х3000х2мм SW-00002426
SW-00002426	Kind Host	272923	590	1	590	0	unavailable	4641184	591064141	https://build.rozetka.com.ua/ua/591064141/p591064141/	Самоклеюча стінова PET плитка у рулоні 600х3000х2мм SW-00002426
SW-00002426	Bass Culture	269902	552	1	552	0	unavailable	4648788	590658643	https://build.rozetka.com.ua/ua/590658643/p590658643/	Самоклеюча стінова PET плитка у рулоні 600х3000х2мм SW-00002426
SW-00002426	Plumbing Assistant	211113	1037	1	1037	0	unavailable	4648788	487033849	https://build.rozetka.com.ua/ua/487033849/p487033849/	Самоклеюча стінова PET плитка у рулоні 600*3000*2мм (D) SW-00002426
SW-00002426	GZoo	139880	794	1	794	0	unavailable	4648788	508385049	https://build.rozetka.com.ua/ua/508385049/p508385049/	Самоклеюча стінова PET плитка в рулоні 600*3000*2mm (D) SW-00002426
SW-00002426	lookoboi	56952	600	1	600	0	unavailable	4641184	527409009	https://build.rozetka.com.ua/ua/527409009/p527409009/	Самоклеюча стінова ПЕТ плитка у рулоні 600*3000*2 мм карара кольорова (D) SW-00002426
SW-00002426	ukriloom	226664	790	1	790	0	unavailable	4657848	538179269	https://build.rozetka.com.ua/ua/3d-paneli-sticker-wall-148807764/p538179269/	Самоклеюча стінова PET плитка у рулоні 600х3000х2мм SW-00002426
SW-00002426	ViDen	265006	580	1	580	0	unavailable	4659004	605313079	https://build.rozetka.com.ua/ua/605313079/p605313079/	Самоклеюча стінова PET плитка у рулоні 600х3000х2мм SW-00002426
SW-00002426	MimiPlay	238949	552	1	552	0	unavailable	4629548	606307519	https://build.rozetka.com.ua/ua/606307519/p606307519/	Самоклеюча стінова PET плитка у рулоні 600х3000х2мм SW-00002426
SW-00002426	Kind Host	272923	552	1	552	0	unavailable	4629548	613933304	https://build.rozetka.com.ua/ua/613933304/p613933304/	Самоклеюча стінова PET плитка у рулоні 600х3000х2мм SW-00002426
SW-00002426	Lite	181560	552	1	552	950	unavailable	4629548	605089624	https://build.rozetka.com.ua/ua/605089624/p605089624/	Самоклеюча стінова PET плитка у рулоні 600*3000*2mm (2426)
SW-00002386	LoftWall	210021	580	1	580	0	available	4648788	461900284	https://build.rozetka.com.ua/ua/461900284/p461900284/	Плівка на самоклейці 60cm*10m SW-00002386
SW-00002386	Потрібне	274903	620	1	620	0	available	4648788	595275262	https://build.rozetka.com.ua/ua/595275262/p595275262/	Плівка на самоклейці Sticker Wall 60см х 10м SW-00002386
SW-00002386	Секрети шопінгу	268996	630	1	630	0	available	4648788	580813465	https://build.rozetka.com.ua/ua/580813465/p580813465/	Плівка на самоклейці 60см х 10м SW-00002386
SW-00002386	PROStikerUa	217718	580	1	580	777	available	4648788	477279009	https://build.rozetka.com.ua/ua/477279009/p477279009/	Плівка на самоклейці Sticker Wall 60cm*10m SW-00002386
SW-00002386	AVO-LAVKA	114191	783	1	783	870	available	4648788	598794400	https://build.rozetka.com.ua/ua/598794400/p598794400/	Плівка на самоклейці 60см х 10м SW-00002386
SW-00002386	MC LitWin	265009	648	1	648	0	available	4648788	599110786	https://build.rozetka.com.ua/ua/599110786/p599110786/	Плівка на самоклейці Sticker Wall 60х10 м (SW-00002386)
SW-00002386	LFcolor	213998	580	1	580	0	available	4648788	600352618	https://build.rozetka.com.ua/ua/600352618/p600352618/	Плівка на самоклейці 60см х 10м SW-00002386
SW-00002386	The world of ideas	166476	720	1	720	0	available	4648788	493675154	https://build.rozetka.com.ua/ua/493675154/p493675154/	Плівка на самоклейці Sticker Wall 60cm*10m SW-2386
SW-00002386	IWantAll	265288	828	1	828	0	available	4648788	613301018	https://build.rozetka.com.ua/ua/613301018/p613301018/	Плівка самоклеюча ламінована світловідбиваюча глянцева SW-00002386 60см х 10м для меблів/дверей Sticker Wall DPO_SW-00002386
SW-00002386	Юзон	169785	549	1	549	0	available	4648788	561652809	https://build.rozetka.com.ua/ua/samokleyashchiesya-plenki-sticker-wall-156655484/p561652809/	Плівка на самоклейці STICKER WALL 60см * 10м SW-00002386
SW-00002386	Lite	181560	520	1	520	680	unavailable	4648788	610088996	https://build.rozetka.com.ua/ua/610088996/p610088996/	Ламінована самоклеюча плівка – Надійний захист та стильний декор 60cm*10m (2386)
SW-00002386	In2time	227604	638	1	638	0	unavailable	4648788	550116420	https://build.rozetka.com.ua/ua/samokleyashchiesya-plenki-sticker-wall-152318712/p550116420/	Плівка на самоклейці 60см х 10м SW-00002386
SW-00002386	3DDD	188802	580	1	580	702	unavailable	4648788	478781514	https://build.rozetka.com.ua/ua/478781514/p478781514/	Плівка на самоклейці Sticker Wall 60cm*10m SW-2386
SW-00002386	MimiPlay	238949	520	1	520	0	unavailable	4648788	606306886	https://build.rozetka.com.ua/ua/606306886/p606306886/	Плівка на самоклейці 60см х 10м SW-00002386
SW-00002386	Homent	255285	580	1	580	0	unavailable	4648788	578474539	https://build.rozetka.com.ua/ua/578474539/p578474539/	Плівка на самоклейці Sticker Wall 60см х 10м (SW-00002386)
SW-00001281	RSI	48100	280	1	280	0	available	4648788	440481998	https://build.rozetka.com.ua/ua/440481998/p440481998/	Самоклеюча плівка 0,45х10м х 0,07мм Чорний мармур класичний SW-00001281
SW-00001281	Юзон	169785	460	1	460	0	available	4648788	561652758	https://build.rozetka.com.ua/ua/samokleyashchiesya-plenki-sticker-wall-156655404/p561652758/	Плівка на самоклейці STICKER WALL 45см * 10м 0,07мм Чорний мармур класичний SW-00001281
SW-00001281	SUN HEAT	17072	359	1	359	0	available	4648788	591523177	https://build.rozetka.com.ua/ua/591523177/p591523177/	Самоклеюча декоративна плівка 0,45×10м Чорний мармур класичний для стін
SW-00001281	In2time	227604	308	1	308	0	unavailable	4648788	550116093	https://build.rozetka.com.ua/ua/samokleyashchiesya-plenki-sticker-wall-152318194/p550116093/	Самоклеюча плівка 0,45х10м х 0,07мм Чорний мармур класичний SW-00001281
SW-00001281	Homent	255285	280	1	280	0	unavailable	4648788	578471806	https://build.rozetka.com.ua/ua/578471806/p578471806/	Самоклеюча плівка Sticker Wall 0,45х10м х 0,07мм Чорний мармур класичний (SW-00001281)
SW-00001281	LFcolor	213998	280	1	280	0	unavailable	4648788	600353812	https://build.rozetka.com.ua/ua/600353812/p600353812/	Самоклеюча плівка 0,45х10м х 0,07мм Чорний мармур класичний SW-00001281
SW-00001281	Lite	181560	280	1	280	510	unavailable	4648788	610088987	https://build.rozetka.com.ua/ua/610088987/p610088987/	Самоклеюча плівка чорний мармур класичний 0,45х10мх0,07мм (1281)
SW-00001281	MC LitWin	265009	302	1	302	0	unavailable	4648788	599108545	https://build.rozetka.com.ua/ua/599108545/p599108545/	Самоклеюча плівка х 0,07 мм Sticker Wall чорний мармур класичний 0,45х10 м (SW-00001281)
SW-00001281	MimiPlay	238949	280	1	280	0	unavailable	4648788	606306610	https://build.rozetka.com.ua/ua/606306610/p606306610/	Самоклеюча плівка 0,45х10м х 0,07мм Чорний мармур класичний SW-00001281
SW-00001281	PARADISE	269545	308	1	308	450	unavailable	4648788	603750595	https://build.rozetka.com.ua/ua/603750595/p603750595/	Самоклейна плівка декоративна під мармур для меблів стін та кухні вологостійка плівка пвх самоклеюча ширина 45 см рулон 10 м що миється для оновлення поверхонь Чорний мармур класичний
SW-00001281	AVO-LAVKA	114191	378	1	378	420	unavailable	4648788	598793788	https://build.rozetka.com.ua/ua/598793788/p598793788/	Самоклеюча плівка 0,45х10м х 0,07мм Чорний мармур класичний SW-00001281
SW-00001281	Wide Range	211532	322	1	322	0	unavailable	4648788	602617228	https://build.rozetka.com.ua/ua/602617228/p602617228/	Самоклеюча плівка 0,45х10м х 0,07мм Чорний мармур класичний
SW-00001217	MC LitWin	265009	186	1	186	0	available	4648788	599109592	https://build.rozetka.com.ua/ua/599109592/p599109592/	Самоклеюча плівка х 0,07 мм Сапфірова Sticker Wall 0,45х10 м (SW-00001217)
SW-00001217	PARADISE	269545	197	1	197	288	available	4648788	603750712	https://build.rozetka.com.ua/ua/603750712/p603750712/	Самоклейна плівка для меблів однотонна декоративна плівка пвх самоклеюча вологостійка на стіну кухню двері ширина 45 см рулон 10 м що миється для оздоблення Сапфірова
SW-00001217	SUN HEAT	17072	237	1	237	0	available	4648788	591523855	https://build.rozetka.com.ua/ua/591523855/p591523855/	Самоклеюча плівка однотонна 0,45×10м Сапфірова для стін та меблів
SW-00001217	RMService	15008	549	1	549	649	available	4648788	581808913	https://build.rozetka.com.ua/ua/581808913/p581808913/	Самоклеюча плівка 0,45 х 10 м х 0,07 мм, сапфірова SW-00001217(Sticker Wall)
SW-00001217	Wide Range	211532	206	1	206	0	available	4648788	602617156	https://build.rozetka.com.ua/ua/602617156/p602617156/	Самоклеюча плівка 0,45х10м х 0,07мм Сапфірова
SW-00001217	TechnoPrime	33201	197	1	197	0	available	4648788	604312900	https://build.rozetka.com.ua/ua/604312900/p604312900/	Самоклеюча плівка 0,45х10м х 0,07мм Сапфірова SW-00001217
SW-00001217	AVO-LAVKA	114191	242	1	242	269	available	4648788	598794664	https://build.rozetka.com.ua/ua/598794664/p598794664/	Самоклеюча плівка 0,45х10м х 0,07мм Сапфірова SW-00001217
SW-00001217	LFcolor	213998	179	1	179	0	available	4648788	600354484	https://build.rozetka.com.ua/ua/600354484/p600354484/	Самоклеюча плівка 0,45х10м х 0,07мм Сапфірова SW-00001217
SW-00001217	MegaChoice	249209	440	1	440	600	unavailable	4648788	590392852	https://build.rozetka.com.ua/ua/590392852/p590392852/	Самоклеюча плівка 0,45х10м для відновлення та ремонту меблів, фасадів та стін Сапфір SW-00001217
SW-00001217	Lite	181560	179	1	179	510	unavailable	4648788	605089867	https://build.rozetka.com.ua/ua/605089867/p605089867/	Самоклеюча сапфірова плівка 0,45х10м (1217)
SW-00001217	MimiPlay	238949	179	1	179	0	unavailable	4648788	606306697	https://build.rozetka.com.ua/ua/606306697/p606306697/	Самоклеюча плівка 0,45х10м х 0,07мм Сапфірова SW-00001217
SW-00001217	Homent	255285	179	1	179	0	unavailable	4648788	578472943	https://build.rozetka.com.ua/ua/578472943/p578472943/	Самоклеюча плівка Sticker Wall 0,45х10м х 0,07мм Сапфірова (SW-00001217)
SW-00001217	Bass Culture	269902	179	1	179	0	unavailable	4648788	591456778	https://build.rozetka.com.ua/ua/591456778/p591456778/	Самоклеюча плівка 0,45х10м х 0,07мм Сапфірова SW-00001217
SW-00001217	In2time	227604	237	1	237	0	unavailable	4648788	550115454	https://build.rozetka.com.ua/ua/samokleyashchiesya-plenki-sticker-wall-152318392/p550115454/	Самоклеюча плівка 0,45х10м х 0,07мм Сапфірова SW-00001217
SW-00001221	Wide Range	211532	236	1	236	0	available	4648788	602617243	https://build.rozetka.com.ua/ua/602617243/p602617243/	Самоклеюча плівка 0,45х10м х 0,07мм Срібло
SW-00001221	PROStikerUa	217718	205	1	205	275	available	4648788	466265199	https://build.rozetka.com.ua/ua/466265199/p466265199/	Самоклеюча плівка Sticker Wall срібло 0,45 х10м SW-00001221
SW-00001221	SUN HEAT	17072	282	1	282	0	available	4648788	591523516	https://build.rozetka.com.ua/ua/591523516/p591523516/	Самоклеюча плівка однотонна 0,45×10м Срібло для декору стін та меблів
SW-00001221	AVO-LAVKA	114191	277	1	277	308	available	4648788	598793917	https://build.rozetka.com.ua/ua/598793917/p598793917/	Самоклеюча плівка 0,45х10м х 0,07мм Срібло SW-00001221
SW-00001221	LFcolor	213998	205	1	205	0	available	4648788	600346606	https://build.rozetka.com.ua/ua/600346606/p600346606/	Самоклеюча плівка 0,45х10м х 0,07мм Срібло SW-00001221
SW-00001221	MC LitWin	265009	216	1	216	0	available	4648788	599109295	https://build.rozetka.com.ua/ua/599109295/p599109295/	Самоклеюча плівка х 0,07 мм Срібло Sticker Wall 0,45х10 м (SW-00001221)
SW-00001221	RMService	15008	549	1	549	649	available	4648788	581808844	https://build.rozetka.com.ua/ua/581808844/p581808844/	Самоклеюча плівка 0,45 х 10 м х 0,07 мм, срібло SW-00001221(Sticker Wall)
SW-00001221	MegaChoice	249209	440	1	440	600	unavailable	4648788	590392942	https://build.rozetka.com.ua/ua/590392942/p590392942/	Самоклеюча плівка 0,45х10м для відновлення та ремонту меблів, фасадів та стін Срібло SW-00001221
SW-00001221	In2time	227604	237	1	237	0	unavailable	4648788	550115757	https://build.rozetka.com.ua/ua/samokleyashchiesya-plenki-sticker-wall-152319175/p550115757/	Самоклеюча плівка 0,45х10м х 0,07мм Срібло SW-00001221
SW-00001221	Homent	255285	205	1	205	0	unavailable	4648788	578471935	https://build.rozetka.com.ua/ua/578471935/p578471935/	Самоклеюча плівка Sticker Wall 0,45х10м х 0,07мм Срібло (SW-00001221)
SW-00001221	Bass Culture	269902	205	1	205	0	unavailable	4648788	591456628	https://build.rozetka.com.ua/ua/591456628/p591456628/	Самоклеюча плівка 0,45х10м х 0,07мм Срібло SW-00001221
SW-00001221	MimiPlay	238949	205	1	205	0	unavailable	4648788	606307885	https://build.rozetka.com.ua/ua/606307885/p606307885/	Самоклеюча плівка 0,45х10м х 0,07мм Срібло SW-00001221
SW-00001221	Lite	181560	205	1	205	510	unavailable	4648788	605089894	https://build.rozetka.com.ua/ua/605089894/p605089894/	Самоклеюча плівка срібло 0,45х10м (1221)
SW-00001689	Budscarb	158571	850	1	850	0	available	4648788	445284893	https://build.rozetka.com.ua/ua/445284893/p445284893/	Самоклейна стінова PET плитка в рулоні 600*3000*2mm SW-00001689
SW-00001689	Секрети шопінгу	268996	826	1	826	0	available	4648788	580814320	https://build.rozetka.com.ua/ua/580814320/p580814320/	Самоклеюча стінова плитка PET у рулоні 600х3000х2мм SW-00001689
SW-00001689	Декостра	278257	690	1	690	0	available	4629548	603196867	https://build.rozetka.com.ua/ua/603196867/p603196867/	Самоклеюча стінова PET плитка у рулоні 600х3000х2мм SW-00001689
SW-00001689	3DDD	188802	600	1	600	726	unavailable	4648788	409128507	https://build.rozetka.com.ua/ua/409128507/p409128507/	Самоклеюча стінова PET плитка Sticker Wall в рулоні 600 х 3000 х 2mm SW-00001689
SW-00001689	DecoGrip	204264	790	1	790	1053	unavailable	4648788	405573360	https://build.rozetka.com.ua/ua/405573360/p405573360/	Самоклеюча стінова PET плитка у рулоні Sticker Wall 600 х 3000 х 2mm SW-00001689
SW-00001689	3D Loft	69844	690	1	690	0	unavailable	4657848	442496624	https://build.rozetka.com.ua/ua/442496624/p442496624/	Самоклеюча стінова PET плитка у рулоні 600*3000*2mm SW-00001689
SW-00001689	K-Warehouse	217766	690	1	690	0	unavailable	4648788	453037499	https://build.rozetka.com.ua/ua/453037499/p453037499/	Самоклеюча стінова PET плитка у рулоні Sticker Wall 600*3000*2mm SW-00001689
SW-00001689	SpotikachUA	196146	850	1	850	0	unavailable	4659004	447916226	https://build.rozetka.com.ua/ua/447916226/p447916226/	Самоклеюча стінова PET плитка у рулоні 600*3000*2mm SW-00001689
SW-00001689	In2time	227604	759	1	759	0	unavailable	4648788	550116267	https://build.rozetka.com.ua/ua/3d-paneli-sticker-wall-152318224/p550116267/	Самоклеюча стінова PET плитка у рулоні 600х3000х2мм SW-00001689
SW-00001689	D`n`D Group	17032	690	1	690	0	unavailable	4641184	430132598	https://build.rozetka.com.ua/ua/430132598/p430132598/	Самоклеюча стінова PET плитка у рулоні 600х3000х2мм SW-00001689 (SW-00001689)
SW-00001689	ItailOil	33267	944	1	944	0	unavailable	4648788	569889652	https://build.rozetka.com.ua/ua/569889652/p569889652/	Самоклеюча стінова PET плитка в рулоні Sticker Wall SW-00001689 600х3000х2 мм
SW-00001689	PROStikerUa	217718	690	1	690	925	unavailable	4648788	466268534	https://build.rozetka.com.ua/ua/466268534/p466268534/	Самоклеюча стінова PET плитка в рулоні дизайнерська інтер’єрна Sticker Wall 600х3000х2мм SW-00001689
SW-00001689	Torg Landiya	92929	721	1	721	759	unavailable	4648788	467165379	https://build.rozetka.com.ua/ua/467165379/p467165379/	Самоклеюча стінова плитка PET у рулоні 600*3000*2mm SW-00001689
SW-00001689	Homent	255285	690	1	690	0	unavailable	4629548	578474692	https://build.rozetka.com.ua/ua/578474692/p578474692/	Самоклеюча стінова PET плитка Sticker Wall у рулоні 600х3000х2мм (SW-00001689)
SW-00001689	Рельєф Простір	267658	790	1	790	0	unavailable	4648788	577342147	https://build.rozetka.com.ua/ua/577342147/p577342147/	Самоклеюча стінова PET плитка у рулоні 600х3000х2мм SW-00001689
SW-00001689	МАЙЯ	20508	725	1	725	0	unavailable	4659004	589668742	https://build.rozetka.com.ua/ua/589668742/p589668742/	Самоклеюча стінова PET плитка у рулоні 600х3000х2мм SW-00001689
SW-00001689	THERMOTRADE	104545	759	1	759	0	unavailable	4641184	579796660	https://build.rozetka.com.ua/ua/579796660/p579796660/	Самоклеюча стінова PET плитка у рулоні 600х3000х2мм SW-00001689
SW-00001689	Top Buyer	4551	806	1	806	924	unavailable	4648788	579947626	https://build.rozetka.com.ua/ua/579947626/p579947626/	Самоклеюча PET плитка для стін в рулоні Sticker Wall SW-00001689 600 х 3000 х 2 мм (TBiz17054)
SW-00001689	RubiconShop	265480	814	1	814	934	unavailable	4648788	582659386	https://build.rozetka.com.ua/ua/582659386/p582659386/	Самоклеюча PET плитка для стін Sticker Wall SW-00001689 600 х 3000 х 2 мм Бежевий (2849126727)
SW-00001689	Neo	10639	806	1	806	924	unavailable	4648788	579001015	https://build.rozetka.com.ua/ua/579001015/p579001015/	Самоклеюча PET плитка для стін в рулоні Sticker Wall SW-00001689 600 х 3000 х 2 мм (Niz17054)
SW-00001689	Bass Culture	269902	690	1	690	0	unavailable	4629548	589909300	https://build.rozetka.com.ua/ua/589909300/p589909300/	Самоклеюча стінова PET плитка у рулоні 600х3000х2мм SW-00001689
SW-00001689	MimiPlay	238949	690	1	690	0	unavailable	4629548	606305722	https://build.rozetka.com.ua/ua/606305722/p606305722/	Самоклеюча стінова PET плитка у рулоні 600х3000х2мм SW-00001689
SW-00001689	UNIVERmag	12608	806	1	806	924	unavailable	4648788	579867838	https://build.rozetka.com.ua/ua/579867838/p579867838/	Самоклеюча PET плитка для стін в рулоні Sticker Wall SW-00001689 600 х 3000 х 2 мм
SW-00001689	Kind Host	272923	690	1	690	0	unavailable	4641184	591064171	https://build.rozetka.com.ua/ua/591064171/p591064171/	Самоклеюча стінова PET плитка у рулоні 600х3000х2мм SW-00001689
SW-00001689	Потрібне	274903	790	1	790	0	unavailable	4641184	594898765	https://build.rozetka.com.ua/ua/594898765/p594898765/	Самоклеюча стінова PET плитка Sticker Wall у рулоні 600х3000х2мм SW-00001689
SW-00001689	PeRoHome	282119	899	1	899	0	unavailable	4641184	613018157	https://build.rozetka.com.ua/ua/613018157/p613018157/	Самоклеюча стінова PET плитка у рулоні 600х3000х2мм SW-00001689
SW-00001689	ViDen	265006	725	1	725	0	unavailable	4659004	605311246	https://build.rozetka.com.ua/ua/605311246/p605311246/	Самоклеюча стінова PET плитка у рулоні 600х3000х2мм SW-00001689
SW-00001689	Plumbing Assistant	211113	1037	1	1037	0	unavailable	4648788	487033879	https://build.rozetka.com.ua/ua/487033879/p487033879/	Самоклеюча стінова PET плитка у рулоні 600*3000*2мм SW-00001689
SW-00001689	ZHOSAR	275845	690	1	690	0	unavailable	4629548	603699133	https://build.rozetka.com.ua/ua/603699133/p603699133/	Самоклеюча стінова PET плитка у рулоні 600х3000х2мм SW-00001689
SW-00001689	The world of ideas	166476	800	1	800	0	unavailable	4648788	491986429	https://build.rozetka.com.ua/ua/491986429/p491986429/	Самоклеюча стінова PET плитка Sticker Wall в рулоні 600 х 3000 х 2mm SW-00001689
SW-00001689	BINGO	53688	800	1	800	0	unavailable	4641184	500793339	https://build.rozetka.com.ua/ua/500793339/p500793339/	Самоклеюча стінова PET плитка у рулоні 600*3000*2mm SW-00001689
SW-00001689	lookoboi	56952	750	1	750	0	unavailable	4641184	527409999	https://build.rozetka.com.ua/ua/527409999/p527409999/	Самоклеюча стінова ПЕТ плитка у рулоні 600*3000*2 мм мармур бежевий 2 SW-00001689
SW-00001689	ukriloom	226664	790	1	790	0	unavailable	4657848	538179019	https://build.rozetka.com.ua/ua/3d-paneli-sticker-wall-148807040/p538179019/	Самоклеюча стінова PET плитка у рулоні 600х3000х2мм SW-00001689
SW-00001689	TechnoPrime	33201	759	1	759	0	unavailable	4648788	556523019	https://build.rozetka.com.ua/ua/samokleyashchiesya-plenki-sticker-wall-154785585/p556523019/	Самоклеюча стінова плитка PET у рулоні 600х3000х2мм SW-00001689
SW-00001689	ItailOil	33267	800	1	800	944	unavailable	4648788	574052704	https://build.rozetka.com.ua/ua/574052704/p574052704/	Самоклеюча стінова PET плитка в рулоні Sticker Wall SW-00001689 600х3000х2 мм
SW-00001689	GrandBuyer	37544	806	1	806	924	unavailable	4648788	579870319	https://build.rozetka.com.ua/ua/579870319/p579870319/	Самоклеюча PET плитка для стін в рулоні Sticker Wall SW-00001689 600 х 3000 х 2 мм (SHiz17054)
SW-00001689	AVO-LAVKA	114191	932	1	932	1035	unavailable	4648788	596631844	https://build.rozetka.com.ua/ua/596631844/p596631844/	Самоклеюча стінова плитка PET у рулоні 600х3000х2мм SW-00001689
SW-00001689	MC LitWin	265009	760	1	760	0	unavailable	4629548	597334024	https://build.rozetka.com.ua/ua/597334024/p597334024/	3D панель стінова самоклеюча у рулоні Sticker Wall SW-00001689 600х3000х2 мм камінь
SW-00001689	Wide Range	211532	794	1	794	0	unavailable	4629548	602615674	https://build.rozetka.com.ua/ua/602615674/p602615674/	Самоклеюча стінова PET плитка у рулоні 600х3000х2мм SW-00001689
SW-00001689	NIVENTO	271966	1035	1	1035	1863	unavailable	4629548	601663879	https://build.rozetka.com.ua/ua/601663879/p601663879/	Самоклеюча стінова PET плитка у рулоні 600х3000х2мм SW-00001689
SW-00001689	Kind Host	272923	690	1	690	0	unavailable	4629548	613933334	https://build.rozetka.com.ua/ua/613933334/p613933334/	Самоклеюча стінова PET плитка у рулоні 600х3000х2мм SW-00001689
SW-00001689	Lavkamarka	227099	690	1	690	0	unavailable	4641184	494347254	https://build.rozetka.com.ua/ua/494347254/p494347254/	Самоклейна стінова PET плитка в рулоні Sticker Wall 3000х600х2 мм (1689)
SW-00001689	FOUKS	20886	690	1	690	0	unavailable	4641184	475305854	https://build.rozetka.com.ua/ua/475305854/p475305854/	ПЕТ плитка в рулоні Мармур беж текстурний 60х300 см самоклеючі панелі для стін
SW-00001689	Bigsylio	266140	690	1	690	0	unavailable	4629548	606381832	https://build.rozetka.com.ua/ua/606381832/p606381832/	Самоклеюча стенова плитка PET 600х3000х2мм бежевий рулон для внутрішньої обробки декор стін
SW-00001689	PARADISE	269545	759	1	759	1108	unavailable	4648788	603751300	https://build.rozetka.com.ua/ua/603751300/p603751300/	PET панель для стін декоративна під мармур 600х3000х2 мм рулон зносостійка гнучка миється проста у догляді для оздоблення стін для ванної кімнати Бежевий
SW-00001697	ZHOSAR	275845	690	1	690	0	available	4629548	603699082	https://build.rozetka.com.ua/ua/603699082/p603699082/	Самоклеюча стінова PET плитка у рулоні 600х3000х2мм SW-00001697
SW-00001697	LoftWall	210021	690	1	690	0	available	4648788	430493129	https://build.rozetka.com.ua/ua/430493129/p430493129/	Самоклеюча стінова PET плитка у рулоні 600*3000*2mm SW-00001697
SW-00001697	Потрібне	274903	880	1	880	0	available	4629548	595275853	https://build.rozetka.com.ua/ua/595275853/p595275853/	Самоклеюча стінова PET плитка Sticker Wall для стін, на кухню, для ванної кімнати в рулоні 600х3000х2мм SW-00001697
SW-00001697	The world of ideas	166476	800	1	800	0	available	4648788	491984669	https://build.rozetka.com.ua/ua/491984669/p491984669/	Самоклеюча стінова PET плитка Sticker Wall в рулоні 600 х 3000 х 2mm SW-00001697
SW-00001697	UNIVERmag	12608	806	1	806	924	available	4648788	579867793	https://build.rozetka.com.ua/ua/579867793/p579867793/	Самоклеюча PET плитка для стін в рулоні Sticker Wall SW-00001697 600 х 3000 х 2 мм
SW-00001697	ItailOil	33267	672	1	672	0	available	4648788	574052110	https://build.rozetka.com.ua/ua/574052110/p574052110/	Самоклеюча стінова PET плитка в рулоні декоративні панелі SW-00001697 600х3000х2 мм Білий Під мармур
SW-00001697	GrandBuyer	37544	806	1	806	924	available	4648788	579870388	https://build.rozetka.com.ua/ua/579870388/p579870388/	Самоклеюча PET плитка для стін в рулоні Sticker Wall SW-00001697 600 х 3000 х 2 мм (SHiz17118)
SW-00001697	NIVENTO	271966	885	1	885	1593	available	4629548	601664638	https://build.rozetka.com.ua/ua/601664638/p601664638/	Самоклеюча стінова PET плитка у рулоні 600х3000х2мм SW-00001697
SW-00001697	MC LitWin	265009	720	1	720	0	available	4629548	597334702	https://build.rozetka.com.ua/ua/597334702/p597334702/	3D панель стінова самоклеюча у рулоні Sticker Wall SW-00001697 600х3000х2 мм камінь
SW-00001697	3DDD	188802	600	1	600	726	available	4648788	409127352	https://build.rozetka.com.ua/ua/409127352/p409127352/	Самоклеюча стінова PET плитка Sticker Wall в рулоні 600 х 3000 х 2mm SW-00001697
SW-00001697	D`n`D Group	17032	690	1	690	0	available	4641184	438527243	https://build.rozetka.com.ua/ua/438527243/p438527243/	Самоклеюча стінова PET плитка у рулоні 600х3000х2мм SW-00001697 (SW-00001697)
SW-00001697	3D Loft	69844	690	1	690	0	available	4657848	442496573	https://build.rozetka.com.ua/ua/442496573/p442496573/	Самоклеюча стінова PET плитка у рулоні 600*3000*2mm SW-00001697
SW-00001697	TechnoPrime	33201	759	1	759	0	available	4648788	556522776	https://build.rozetka.com.ua/ua/samokleyashchiesya-plenki-sticker-wall-154785566/p556522776/	Самоклеюча стінова плитка PET у рулоні 600х3000х2мм SW-00001697
SW-00001697	PROStikerUa	217718	690	1	690	925	available	4648788	466267044	https://build.rozetka.com.ua/ua/466267044/p466267044/	Самоклеюча стінова PET плитка в рулоні дизайнерська інтер’єрна Sticker Wall 600х3000х2мм SW-00001697
SW-00001697	K-Warehouse	217766	690	1	690	0	available	4648788	453037238	https://build.rozetka.com.ua/ua/453037238/p453037238/	Самоклеюча стінова PET плитка у рулоні Sticker Wall 600*3000*2mm SW-00001697
SW-00001697	Stiker_style	262837	790	1	790	0	available	4648788	573780982	https://build.rozetka.com.ua/ua/573780982/p573780982/	Самоклеюча стінова плитка у рулоні StikerWall 600х3000х2мм Білий з кремовим (SW-00001697)
SW-00001697	Neo	10639	806	1	806	924	available	4648788	579001000	https://build.rozetka.com.ua/ua/579001000/p579001000/	Самоклеюча PET плитка для стін в рулоні Sticker Wall SW-00001697 600 х 3000 х 2 мм (Niz17118)
SW-00001697	AVO-LAVKA	114191	932	1	932	1035	available	4648788	596632000	https://build.rozetka.com.ua/ua/596632000/p596632000/	Самоклеюча стінова PET плитка у рулоні 600х3000х2мм SW-00001697
SW-00001697	Top Buyer	4551	806	1	806	924	available	4648788	579947713	https://build.rozetka.com.ua/ua/579947713/p579947713/	Самоклеюча PET плитка для стін в рулоні Sticker Wall SW-00001697 600 х 3000 х 2 мм (TBiz17118)
SW-00001697	APEYRON	190755	807	1	807	857	available	4629548	601938256	https://build.rozetka.com.ua/ua/601938256/p601938256/	Самоклеюча стінова плитка Sticker Wall SW-00001697 рулон 0,6*3 м
SW-00001697	IWantAll	265288	1026	1	1026	0	available	4648788	619858292	https://build.rozetka.com.ua/ua/619858292/p619858292/	Самоклеюча стінова ПЕТ плитка SW-00001697 рулон 600х3000х2мм водостійка для кухні та ванної Sticker Wall DODNLVV_SW-00001697
SW-00001697	Декостра	278257	590	1	590	0	available	4629548	603197365	https://build.rozetka.com.ua/ua/603197365/p603197365/	Самоклеюча стінова PET плитка у рулоні 600х3000х2мм SW-00001697
SW-00001697	PeRoHome	282119	899	1	899	0	available	4641184	613016420	https://build.rozetka.com.ua/ua/613016420/p613016420/	Самоклеюча стінова PET плитка у рулоні 600х3000х2мм SW-00001697
SW-00001697	Днепрлюкс	146605	690	1	690	0	available	4641184	490169304	https://build.rozetka.com.ua/ua/490169304/p490169304/	Самоклеюча стінова PET плитка в рулоні 600*3000*2mm SW-00001697
SW-00001697	Юзон	169785	800	1	800	0	available	4648788	562515249	https://build.rozetka.com.ua/ua/samokleyashchiesya-plenki-sticker-wall-156655528/p562515249/	Самоклеюча PET плитка в рулоні STICKER WALL 600 * 3000 * 2мм SW-00001697
SW-00001697	Секрети шопінгу	268996	826	1	826	0	available	4648788	580813939	https://build.rozetka.com.ua/ua/580813939/p580813939/	Самоклеюча стінова плитка PET у рулоні 600х3000х2мм SW-00001697
SW-00001697	МАЙЯ	20508	725	1	725	0	available	4659004	589668409	https://build.rozetka.com.ua/ua/589668409/p589668409/	Самоклеюча стінова PET плитка у рулоні 600х3000х2мм SW-00001697
SW-00001697	Davelia Shop	283358	863	1	863	0	available	4629548	616821644	https://build.rozetka.com.ua/ua/616821644/p616821644/	Самоклеюча стінова PET плитка у рулоні 600х3000х2мм SW-00001697
SW-00001697	Wide Range	211532	794	1	794	0	available	4648788	576368125	https://build.rozetka.com.ua/ua/576368125/p576368125/	Самоклеюча стінова PET плитка у рулоні "Білий мармур" 600х3000х2мм
SW-00001697	Lavkamarka	227099	690	1	690	0	available	4641184	494347074	https://build.rozetka.com.ua/ua/494347074/p494347074/	Самоклейна стінова PET плитка в рулоні Sticker Wall 3000х600х2 мм (1697)
SW-00001697	PARADISE	269545	759	1	759	1108	available	4648788	603750856	https://build.rozetka.com.ua/ua/603750856/p603750856/	Самоклейна стінова PET плитка 600х3000х2 мм рулон вологостійка зносостійка з рельєфом 3D для оздоблення стін надійна у користуванні для спальні Мармуровий
SW-00001697	FOUKS	20886	690	1	690	0	available	4641184	475305874	https://build.rozetka.com.ua/ua/475305874/p475305874/	ПЕТ плитка в рулоні Бежевий мармур Коричневі лінії 60х300 см самоклеючі панелі для стін
SW-00001697	Bigsylio	266140	690	1	690	0	available	4629548	606381910	https://build.rozetka.com.ua/ua/606381910/p606381910/	Самоклеюча стенова плитка PET 600х3000х2мм для внутрішньої обробки мармурова плитка для стін
SW-00001697	DecoGrip	204264	790	1	790	1053	unavailable	4648788	405574101	https://build.rozetka.com.ua/ua/405574101/p405574101/	Самоклеюча стінова PET плитка у рулоні Sticker Wall 600 х 3000 х 2mm SW-00001697
SW-00001697	SpotikachUA	196146	850	1	850	0	unavailable	4659004	447916277	https://build.rozetka.com.ua/ua/447916277/p447916277/	Самоклеюча стінова PET плитка у рулоні 600*3000*2mm SW-00001697
SW-00001697	MegaChoice	249209	785	1	785	1300	unavailable	4657854	556887150	https://build.rozetka.com.ua/ua/flizelinovie-oboi-sticker-wall-154869610/p556887150/	Самоклеюча настінна PET плитка в рулоні 600×3000×2 мм, гнучке стінове покриття з теплоізоляцією та захистом від вологи SW-00001697
SW-00001697	In2time	227604	869	1	869	0	unavailable	4648788	550116393	https://build.rozetka.com.ua/ua/3d-paneli-sticker-wall-152319152/p550116393/	Самоклеюча стінова PET плитка у рулоні 600х3000х2мм SW-00001697
SW-00001697	THERMOTRADE	104545	759	1	759	0	unavailable	4641184	579796540	https://build.rozetka.com.ua/ua/579796540/p579796540/	Самоклеюча стінова PET плитка у рулоні 600х3000х2мм SW-00001697
SW-00001697	Homent	255285	587	1	587	0	unavailable	4629548	578471965	https://build.rozetka.com.ua/ua/578471965/p578471965/	Самоклеюча стінова PET плитка Sticker Wall у рулоні 600х3000х2мм (SW-00001697)
SW-00001697	MimiPlay	238949	690	1	690	0	unavailable	4629548	606307390	https://build.rozetka.com.ua/ua/606307390/p606307390/	Самоклеюча стінова PET плитка у рулоні 600х3000х2мм SW-00001697
SW-00001697	Kind Host	272923	587	1	587	0	unavailable	4629548	613933697	https://build.rozetka.com.ua/ua/613933697/p613933697/	Самоклеюча стінова PET плитка у рулоні 600х3000х2мм SW-00001697
SW-00001697	Kind Host	272923	590	1	590	0	unavailable	4641184	591063673	https://build.rozetka.com.ua/ua/591063673/p591063673/	Самоклеюча стінова PET плитка у рулоні 600х3000х2мм SW-00001697
SW-00001697	Plumbing Assistant	211113	1037	1	1037	0	unavailable	4648788	487033789	https://build.rozetka.com.ua/ua/487033789/p487033789/	Самоклеюча стінова PET плитка у рулоні 600*3000*2мм SW-00001697
SW-00001697	ViDen	265006	616	1	616	0	unavailable	4659004	605310433	https://build.rozetka.com.ua/ua/605310433/p605310433/	Самоклеюча стінова PET плитка у рулоні 600х3000х2мм SW-00001697
SW-00001697	BINGO	53688	1059	1	1059	0	unavailable	4641184	500793274	https://build.rozetka.com.ua/ua/500793274/p500793274/	Самоклеюча стінова PET плитка у рулоні 600*3000*2mm SW-00001697
SW-00001697	lookoboi	56952	750	1	750	0	unavailable	4641184	527408849	https://build.rozetka.com.ua/ua/527408849/p527408849/	Самоклеюча стінова ПЕТ плитка у рулоні 600*3000*2 мм мармурова жилка світла SW-00001697
SW-00001697	ukriloom	226664	790	1	790	0	unavailable	4657848	538179009	https://build.rozetka.com.ua/ua/3d-paneli-sticker-wall-148807656/p538179009/	Самоклеюча стінова PET плитка у рулоні 600х3000х2мм SW-00001697
SW-00001697	ItailOil	33267	944	1	944	0	unavailable	4648788	569612374	https://build.rozetka.com.ua/ua/569612374/p569612374/	Самоклеюча стінова PET плитка в рулоні Sticker Wall SW-00001697 600х3000х2 мм
SW-00001697	Bass Culture	269902	587	1	587	0	unavailable	4629548	589909879	https://build.rozetka.com.ua/ua/589909879/p589909879/	Самоклеюча стінова PET плитка у рулоні 600х3000х2мм SW-00001697
SW-00001697	Norviko	274975	770	1	770	969	unavailable	4641184	604229815	https://build.rozetka.com.ua/ua/604229815/p604229815/	Мармурова рулонна плитка самоклеюча PET 600×3000 мм для стін
SW-00001238	Wide Range	211532	391	1	391	0	available	4648788	602617315	https://build.rozetka.com.ua/ua/602617315/p602617315/	Самоклеюча плівка 0,45х10м х 0,07мм Сірий камінь
SW-00001238	PROStikerUa	217718	340	1	340	456	available	4648788	466269214	https://build.rozetka.com.ua/ua/466269214/p466269214/	Самоклеюча плівка Sticker Wall сірий камінь 0,45х10м SW-00001238
SW-00001238	PARADISE	269545	374	1	374	546	available	4648788	603750808	https://build.rozetka.com.ua/ua/603750808/p603750808/	Плiвка ПВХ самоклеюча пiд камiнь для меблiв стiн кухнi вологостiйка декоративна плiвка на стiну ширина 45 см рулон 10 м що миється для оздоблення Сiрий
SW-00001238	SUN HEAT	17072	443	1	443	0	available	4648788	591523390	https://build.rozetka.com.ua/ua/591523390/p591523390/	Самоклеюча плівка під камінь 0,45×10м Сірий камінь для стін та меблів
SW-00001238	Юзон	169785	460	1	460	0	available	4648788	545845338	https://build.rozetka.com.ua/ua/samokleyashchiesya-plenki-sticker-wall-150666420/p545845338/	Плівка на самоклейці STICKER WALL 45см*10м (S) SW-00001238
SW-00001238	RMService	15008	549	1	549	649	available	4648788	581808838	https://build.rozetka.com.ua/ua/581808838/p581808838/	Самоклеюча плівка 0,45 х 10 м х 0,07 мм, сірий камінь SW-00001238 (Sticker Wall)
SW-00001238	AVO-LAVKA	114191	459	1	459	510	available	4648788	598794610	https://build.rozetka.com.ua/ua/598794610/p598794610/	Самоклеюча плівка 0,45х10м х 0,07мм Сірий камінь SW-00001238
SW-00001238	LFcolor	213998	340	1	340	0	available	4648788	600353368	https://build.rozetka.com.ua/ua/600353368/p600353368/	Самоклеюча плівка 0,45х10м х 0,07мм Сірий камінь SW-00001238
SW-00001238	MC LitWin	265009	346	1	346	0	available	4648788	599108569	https://build.rozetka.com.ua/ua/599108569/p599108569/	Самоклеюча плівка х 0,07 мм Sticker Wall сірий камінь 0,45х10 м (SW-00001238)
SW-00001238	Lite	181560	360	1	360	510	unavailable	4648788	605089789	https://build.rozetka.com.ua/ua/605089789/p605089789/	Самоклеюча плівка сірий камінь 0,45х10м (1238)
SW-00001238	In2time	227604	396	1	396	0	unavailable	4648788	550116861	https://build.rozetka.com.ua/ua/samokleyashchiesya-plenki-sticker-wall-152318759/p550116861/	Самоклеюча плівка 0,45х10м х 0,07мм Сірий камінь SW-00001238
SW-00001238	Homent	255285	360	1	360	0	unavailable	4648788	578473381	https://build.rozetka.com.ua/ua/578473381/p578473381/	Самоклеюча плівка Sticker Wall 0,45х10м х 0,07мм Сірий камінь (SW-00001238)
SW-00001238	Bass Culture	269902	360	1	360	0	unavailable	4648788	591456730	https://build.rozetka.com.ua/ua/591456730/p591456730/	Самоклеюча плівка 0,45х10м х 0,07мм Сірий камінь SW-00001238
SW-00001238	MegaChoice	249209	440	1	440	600	unavailable	4648788	590392798	https://build.rozetka.com.ua/ua/590392798/p590392798/	Самоклеюча плівка 0,45х10м для відновлення та ремонту меблів, фасадів та стін SW-00001238
SW-00001238	MimiPlay	238949	360	1	360	0	unavailable	4648788	606308419	https://build.rozetka.com.ua/ua/606308419/p606308419/	Самоклеюча плівка 0,45х10м х 0,07мм Сірий камінь SW-00001238
SW-00002917	Декостра	278257	170	1	170	0	available	4648788	603198535	https://build.rozetka.com.ua/ua/603198535/p603198535/	Самоклеюча Сатин у рулоні 1,45м х1м х 0.3мм Чорний (D) SW-00002917
SW-00002917	Потрібне	274903	350	1	350	0	available	4648788	595274722	https://build.rozetka.com.ua/ua/595274722/p595274722/	Самоклеючий сатин Sticker Wall у рулоні 1,45м х1м х 0.3мм Чорний (D) SW-00002917
SW-00002917	LoftWall	210021	170	1	170	250	available	4648788	586726345	https://build.rozetka.com.ua/ua/586726345/p586726345/	Самоклеюча Сатин у рулоні 1,45м х1м х 0.3мм Чорний (D) SW-00002917
SW-00002917	PeRoHome	282119	499	1	499	0	available	4629548	613016831	https://build.rozetka.com.ua/ua/613016831/p613016831/	Самоклеюча Сатин у рулоні 1,45м х1м х 0.3мм Чорний (D) SW-00002917
SW-00002917	SHEF LIFE	124373	213	1	213	230	available	4648788	588354673	https://build.rozetka.com.ua/ua/588354673/p588354673/	Самоклеюча Сатин у рулоні 1,45м х1м х 0.3мм Чорний (D) SW-00002917
SW-00002917	PRIMAVERA_pro	245169	428	1	428	0	available	4648788	593440732	https://build.rozetka.com.ua/ua/593440732/p593440732/	Самоклеюча Сатин у рулоні 1,45м х1м х 0.3мм Чорний (D) SW-00002917
SW-00002917	МАЙЯ	20508	174	1	174	0	available	4648788	593028406	https://build.rozetka.com.ua/ua/593028406/p593028406/	Самоклеюча Сатин у рулоні 1,45м х1м х 0.3мм Чорний (D) SW-00002917
SW-00002917	Davelia Shop	283358	213	1	213	0	available	4648788	616821662	https://build.rozetka.com.ua/ua/616821662/p616821662/	Самоклеюча Сатин у рулоні 1,45м х1м х 0.3мм Чорний (D) SW-00002917
SW-00002917	Bravion Store	276091	200	1	200	0	available	4648788	600586795	https://build.rozetka.com.ua/ua/600586795/p600586795/	Самоклеюча Сатин у рулоні 1,45м х1м х 0.3мм Чорний (D) SW-00002917
SW-00002917	LFcolor	213998	170	1	170	0	available	4648788	600354631	https://build.rozetka.com.ua/ua/600354631/p600354631/	Самоклеюча Сатин у рулоні 1,45м х1м х 0.3мм Чорний (D) SW-00002917
SW-00002917	NIVENTO	271966	255	1	255	459	available	4648788	601661908	https://build.rozetka.com.ua/ua/601661908/p601661908/	Самоклеюча Сатин у рулоні 1,45м х1м х 0.3мм Чорний (D) SW-00002917
SW-00002917	TechnoPrime	33201	275	1	275	0	available	4648788	604313119	https://build.rozetka.com.ua/ua/604313119/p604313119/	Самоклеюча Сатин у рулоні 1,45м х1м х 0.3мм Чорний (D) SW-00002917
SW-00002917	Happy Valise	44840	196	1	196	288	available	4657848	618572369	https://build.rozetka.com.ua/ua/618572369/p618572369/	Сатін самоклеючий у рулоні текстильний 1450x1000x0.3 мм Чорний (D) SW-00002917
SW-00002917	Wide Range	211532	196	1	196	0	available	4648788	602616286	https://build.rozetka.com.ua/ua/602616286/p602616286/	Самоклеюча Сатин у рулоні 1,45м х1м х 0.3мм Чорний
SW-00002917	MegaChoice	249209	275	1	275	450	unavailable	4648788	589169902	https://build.rozetka.com.ua/ua/589169902/p589169902/	Самоклеючий Сатин для стін у рулоні 1,45×1 м × 0,3 мм SW-00002917
SW-00002917	IWantAll	265288	252	1	252	0	unavailable	4657842	613326761	https://build.rozetka.com.ua/ua/613326761/p613326761/	Шпалери самоклеючі Сатин Чорні 1.45м х 1м текстильне покриття 0.3мм SW-00002917 Sticker Wall DPO_SW-00002917
SW-00002917	STICO_PANEL	263347	170	1	170	0	unavailable	4648788	589472107	https://build.rozetka.com.ua/ua/589472107/p589472107/	Самоклеюча Сатин у рулоні 1,45м х1м х 0.3мм Чорний (D) SW-00002917
SW-00002917	LFcolor	213998	200	1	200	0	unavailable	4648788	588043060	https://build.rozetka.com.ua/ua/588043060/p588043060/	Самоклеюча Сатин у рулоні 1,45м х1м х 0.3мм Чорний (D) SW-00002917
SW-00002917	Bass Culture	269902	170	1	170	0	unavailable	4648788	592084420	https://build.rozetka.com.ua/ua/592084420/p592084420/	Самоклеюча Сатин у рулоні 1,45м х1м х 0.3мм Чорний (D) SW-00002917
SW-00002917	UnimartShop	269563	170	1	170	0	unavailable	4648788	593258188	https://build.rozetka.com.ua/ua/593258188/p593258188/	Самоклеюча Сатин у рулоні 1,45м х1м х 0.3мм Чорний (D) SW-00002917
SW-00002917	MimiPlay	238949	250	1	250	0	unavailable	4648788	606307981	https://build.rozetka.com.ua/ua/606307981/p606307981/	Самоклеюча Сатин у рулоні 1,45м х1м х 0.3мм Чорний (D) SW-00002917
SW-00002917	ViDen	265006	174	1	174	0	unavailable	4648788	605310538	https://build.rozetka.com.ua/ua/605310538/p605310538/	Самоклеюча Сатин у рулоні 1,45м х1м х 0.3мм Чорний (D) SW-00002917
SW-00002387	LoftWall	210021	580	1	580	0	available	4648788	461900289	https://build.rozetka.com.ua/ua/461900289/p461900289/	Плівка на самоклейці 60cm*10m SW-00002387
SW-00002387	SUN HEAT	17072	698	1	698	0	available	4648788	590636269	https://build.rozetka.com.ua/ua/590636269/p590636269/	Плівка самоклейна декоративна рулон 60х1000см під мармур на стіни меблі двері без клею глянцева ПВХ кухня фартух ванна скло водостійка темно-сірий
SW-00002387	MC LitWin	265009	648	1	648	0	available	4648788	599110252	https://build.rozetka.com.ua/ua/599110252/p599110252/	Плівка на самоклейці Sticker Wall 60х10 м (SW-00002387)
SW-00002387	Потрібне	274903	680	1	680	0	available	4648788	595276357	https://build.rozetka.com.ua/ua/595276357/p595276357/	Плівка на самоклейці Sticker Wall 60см х 10м SW-00002387
SW-00002387	LFcolor	213998	580	1	580	0	available	4648788	600353962	https://build.rozetka.com.ua/ua/600353962/p600353962/	Плівка на самоклейці 60см х 10м SW-00002387
SW-00002387	PROStikerUa	217718	580	1	580	777	available	4648788	477279079	https://build.rozetka.com.ua/ua/477279079/p477279079/	Плівка на самоклейці Sticker Wall 60cm*10m SW-00002387
SW-00002387	AVO-LAVKA	114191	783	1	783	870	available	4648788	598794718	https://build.rozetka.com.ua/ua/598794718/p598794718/	Плівка на самоклейці 60см х 10м SW-00002387
SW-00002387	Homent	255285	580	1	580	0	unavailable	4648788	578474956	https://build.rozetka.com.ua/ua/578474956/p578474956/	Плівка на самоклейці Sticker Wall 60см х 10м (SW-00002387)
SW-00002387	Юзон	169785	549	1	549	0	unavailable	4648788	561652233	https://build.rozetka.com.ua/ua/samokleyashchiesya-plenki-sticker-wall-156655559/p561652233/	Плівка на самоклейці STICKER WALL 60см * 10м SW-00002387
SW-00002387	Секрети шопінгу	268996	630	1	630	0	unavailable	4648788	580812751	https://build.rozetka.com.ua/ua/580812751/p580812751/	Плівка на самоклейці 60см х 10м SW-00002387
SW-00002387	3DDD	188802	580	1	580	702	unavailable	4648788	478782214	https://build.rozetka.com.ua/ua/478782214/p478782214/	Плівка на самоклейці Sticker Wall 60cm*10m SW-2387
SW-00002387	MimiPlay	238949	580	1	580	0	unavailable	4648788	606307303	https://build.rozetka.com.ua/ua/606307303/p606307303/	Плівка на самоклейці 60см х 10м SW-00002387
SW-00002387	In2time	227604	638	1	638	0	unavailable	4648788	550115754	https://build.rozetka.com.ua/ua/samokleyashchiesya-plenki-sticker-wall-152319174/p550115754/	Плівка на самоклейці 60см х 10м SW-00002387
SW-00002488	PROStikerUa	217718	43	1	43	58	available	4641184	570852991	https://build.rozetka.com.ua/ua/570852991/p570852991/	Самоклеюча плитка під ковролін моко 300х300х4,5мм SW-00002488
SW-00002488	LFcolor	213998	43	1	43	0	available	4629548	600360322	https://build.rozetka.com.ua/ua/600360322/p600360322/	Самоклеюча плитка під ковролін моко 300х300х4,5мм SW-00002488
SW-00002488	Секрети шопінгу	268996	45	1	45	0	available	4648788	580813162	https://build.rozetka.com.ua/ua/580813162/p580813162/	Самоклеюча плитка під ковролін моко 300х300х4,5мм SW-00002488
SW-00002488	MC LitWin	265009	43	1	43	0	available	4646656	599110264	https://build.rozetka.com.ua/ua/599110264/p599110264/	Самоклеюча плитка під ковролін моко Sticker Wall 300х300х4,5 мм (SW-00002488)
SW-00002488	Shywon	237919	45	1	45	0	available	4641184	544808190	https://build.rozetka.com.ua/ua/3d-paneli-sticker-wall-150159369/p544808190/	Самоклеюча плитка під ковролін моко 300х300х4,5мм SW-00002488
SW-00002488	The world of ideas	166476	48	1	48	0	available	4641184	493673684	https://build.rozetka.com.ua/ua/493673684/p493673684/	Самоклеюча плитка під ковролін моко 300x300x4,5MM (D) SW-00002488
SW-00002488	Torg Landiya	92929	45	1	45	47	available	4625988	565888406	https://build.rozetka.com.ua/ua/565888406/p565888406/	Самоклеюча плитка під ковролін моко 300*300*4,5MM (D) SW-00002488
SW-00002488	ukriloom	226664	44	1	44	0	available	4648788	576838177	https://build.rozetka.com.ua/ua/576838177/p576838177/	Самоклеюча плитка під ковролін моко 300х300х4,5мм SW-00002488
SW-00002488	SHEF LIFE	124373	54	1	54	58	available	4629548	584307097	https://build.rozetka.com.ua/ua/584307097/p584307097/	Самоклеюча плитка під ковролін моко 300х300х4,5мм SW-00002488
SW-00002488	TechnoPrime	33201	50	1	50	0	available	4625988	587796190	https://build.rozetka.com.ua/ua/587796190/p587796190/	Самоклеюча плитка під ковролін моко 300х300х4,5мм SW-00002488
SW-00002488	МАЙЯ	20508	44	1	44	0	available	4625988	592992856	https://build.rozetka.com.ua/ua/592992856/p592992856/	Самоклеюча плитка під ковролін моко 300х300х4,5мм SW-00002488
SW-00002488	Bravion Store	276091	70	1	70	0	available	4641184	600583747	https://build.rozetka.com.ua/ua/600583747/p600583747/	Самоклеюча плитка під ковролін моко 300х300х4,5мм SW-00002488
SW-00002488	RMService	15008	145	1	145	269	available	4625988	577347718	https://build.rozetka.com.ua/ua/577347718/p577347718/	Самоклеюча плитка під ковролін,мокко 300 х 300 х 4,5 мм SW-00002488(Sticker Wall)
SW-00002488	K-Warehouse	217766	41	1	41	0	available	4625988	491151124	https://build.rozetka.com.ua/ua/491151124/p491151124/	Самоклеюча плитка під ковролін моко 300*300*4,5MM (D) SW-00002488
SW-00002488	3D Loft	69844	43	1	43	0	available	4625988	491080589	https://build.rozetka.com.ua/ua/491080589/p491080589/	Самоклеюча плитка під ковролін моко 300*300*4,5MM (D) SW-00002488
SW-00002488	D`n`D Group	17032	43	1	43	0	available	4641184	491947649	https://build.rozetka.com.ua/ua/491947649/p491947649/	Самоклеюча плитка під ковролін моко 300х300х4,5мм SW-00002488 (SW-00002488)
SW-00002488	Happy Valise	44840	49	1	49	52	available	4625988	492552309	https://build.rozetka.com.ua/ua/492552309/p492552309/	Самоклеюча плитка під ковролін моко 300*300*4,5MM (D) SW-00002488
SW-00002488	PeRoHome	282119	95	1	95	0	available	4625988	613015958	https://build.rozetka.com.ua/ua/613015958/p613015958/	Самоклеюча плитка під ковролін моко 300х300х4,5мм SW-00002488
SW-00002488	Спецуха	150670	56	1	56	73	available	4625988	538607439	https://build.rozetka.com.ua/ua/kovrolin-sticker-wall-148928333/p538607439/	Самоклеюча плитка під ковролін моко 300*300*4,5MM (D) SW-00002488
SW-00002488	NIVENTO	271966	68	1	68	122	available	4648788	601663834	https://build.rozetka.com.ua/ua/601663834/p601663834/	Самоклеюча плитка під ковролін моко 300х300х4,5мм SW-00002488
SW-00002488	Wide Range	211532	49	1	49	0	available	4625988	573559804	https://build.rozetka.com.ua/ua/573559804/p573559804/	Самоклеюча ковролінова плитка Sticker Wall 300х300х4,5мм Моко
SW-00002488	For the home	103153	50	1	50	65	available	4641184	619976555	https://build.rozetka.com.ua/ua/619976555/p619976555/	Самоклеюча плитка під ковролін Sticker Wall 300х300х4,5мм Мокко
SW-00002488	TOWER	83595	57	1	57	75	available	4648788	618640781	https://build.rozetka.com.ua/ua/618640781/p618640781/	Самоклейна плитка під ковролін мокко 300 х 300 х 4.5 мм 2488
SW-00002488	FOUKS	20886	43	1	43	45	available	4625988	502917884	https://build.rozetka.com.ua/ua/502917884/p502917884/	Самоклеючий ковролін Моко Коричневий смужка 300х300х4,5 мм плитка ковролінова підлогова поштучно
SW-00002488	GRAND LIFE	39993	54	1	54	0	unavailable	4648788	613532318	https://build.rozetka.com.ua/ua/613532318/p613532318/	Самоклейна плитка під килимолін моко 300х300х4,5 мм SW-00002488 5046600
SW-00002488	RCMN	136578	59	1	59	0	unavailable	4629548	548307528	https://build.rozetka.com.ua/ua/kovrolin-bez-brenda-151541354/p548307528/	Самоклеюча плитка під ковролін мокко 300*300*4,5MM (D) SW-00002488
SW-00002488	Ентемпс	211401	45	1	45	0	unavailable	4625988	573036526	https://build.rozetka.com.ua/ua/573036526/p573036526/	Самоклеюча плитка під ковролін моко 300х300х4,5мм SW-00002488
SW-00002488	Bondiar	255267	45	1	45	0	unavailable	4641184	570889555	https://build.rozetka.com.ua/ua/570889555/p570889555/	Самоклеюча плитка під ковролін моко 300х300х4,5мм SW-00002488
SW-00002488	GZoo	139880	52	1	52	0	unavailable	4641184	577368130	https://build.rozetka.com.ua/ua/577368130/p577368130/	Самоклеюча плитка під ковролін мокко 300х300х4, 5мм SW-00002488
SW-00002488	HomeproUA	234939	70	1	70	0	unavailable	4625988	557156973	https://build.rozetka.com.ua/ua/prochaya-melkaya-tehnika-sticker-wall-154962066/p557156973/	Самоклеюча плитка під ковролін моко 300*300*4,5MM (D) SW-00002488
SW-00002488	THERMOTRADE	104545	50	1	50	0	unavailable	4625988	578450236	https://build.rozetka.com.ua/ua/578450236/p578450236/	Самоклеюча плитка під ковролін моко 300х300х4,5мм SW-00002488
SW-00002488	Crystal sky	250060	43	1	43	0	unavailable	4625988	563649078	https://build.rozetka.com.ua/ua/kovrolin-sticker-wall-157419481/p563649078/	Самоклеюча плитка під ковролін моко 300х300х4,5мм SW-00002488
SW-00002488	STICO_PANEL	263347	45	1	45	0	unavailable	4625988	569765698	https://build.rozetka.com.ua/ua/569765698/p569765698/	Самоклеюча плитка під ковролін моко 300х300х4,5мм SW-00002488
SW-00002488	TOWER	83595	61	1	61	0	unavailable	4625988	569830888	https://build.rozetka.com.ua/ua/569830888/p569830888/	Самоклеюча плитка під ковролін мокко 300х300х4, 5мм SW-00002488
SW-00002488	ВінБудІмперіал	240759	50	1	50	0	unavailable	4648788	572705488	https://build.rozetka.com.ua/ua/572705488/p572705488/	Самоклеюча плитка під ковролін моко 300х300х4,5мм SW-00002488
SW-00002488	СКАЙТУЛЗ	153858	52	1	52	0	unavailable	4625988	500936449	https://build.rozetka.com.ua/ua/500936449/p500936449/	Самоклеюча плитка під ковролін моко 300*300*4,5MM (D) SW-00002488
SW-00002488	Ентемпс	211401	45	1	45	0	unavailable	4625988	503267549	https://build.rozetka.com.ua/ua/503267549/p503267549/	Самоклеюча плитка під ковролін моко 300*300*4,5MM (D) StickerWall-SW-00002488 Sticker Wall
SW-00002488	Fono Market	79493	42	1	42	0	unavailable	4641184	510189354	https://build.rozetka.com.ua/ua/510189354/p510189354/	Самоклеюча плитка під ковролін моко 300х300х4,5мм SW-00002488
SW-00002488	LFcolor	213998	45	1	45	0	unavailable	4625988	518779969	https://build.rozetka.com.ua/ua/518779969/p518779969/	Самоклеюча плитка під ковролін моко 300х300х4,5мм SW-00002488
SW-00002488	Мережа можливостей	194715	35	1	35	0	unavailable	4625988	521821824	https://build.rozetka.com.ua/ua/521821824/p521821824/	Самоклеюча плитка під ковролін моко 300х300х4,5мм SW-00002488
SW-00002488	BINGO	53688	78	1	78	0	unavailable	4625988	537936224	https://build.rozetka.com.ua/ua/kovrolin-sticker-wall-148733415/p537936224/	Самоклеюча плитка під ковролін моко 300*300*4,5MM (D) SW-00002488
SW-00002488	ViDen	265006	46	1	46	0	unavailable	4641184	605312344	https://build.rozetka.com.ua/ua/605312344/p605312344/	Самоклеюча плитка під ковролін моко 300х300х4,5мм SW-00002488
SW-00002488	MegaChoice	249209	49	1	49	55	unavailable	4625988	546431484	https://build.rozetka.com.ua/ua/kovrolin-sticker-wall-151227924/p546431484/	Самоклеюча плитка під ковролін 300х300х4,5 мм моко
SW-00002488	Lavkamarka	227099	45	1	45	45	unavailable	4625988	491761494	https://build.rozetka.com.ua/ua/491761494/p491761494/	Самоклеюча плитка під ковролін Sticker Wall 300х300х4,5мм моко (2488)
SW-00002711	SHEF LIFE	124373	63	1	63	68	available	4629548	584305654	https://build.rozetka.com.ua/ua/584305654/p584305654/	Плитка під ковролін без клейового шару 500х500х3мм Темно-Сірий SW-00002711
SW-00002711	LFcolor	213998	50	1	50	0	available	4629548	600359938	https://build.rozetka.com.ua/ua/600359938/p600359938/	Плитка під ковролін без клейового шару 500х500х3мм Темно-Сірий SW-00002711
SW-00002711	NIVENTO	271966	83	1	83	149	available	4648788	601662127	https://build.rozetka.com.ua/ua/601662127/p601662127/	Плитка під ковролін без клейового шару 500х500х3мм Темно-Сірий SW-00002711
SW-00002711	D`n`D Group	17032	50	1	50	0	available	4625988	565290011	https://build.rozetka.com.ua/ua/565290011/p565290011/	Плитка під ковролін без клейового шару 500х500х3мм Темно-Сірий SW-00002711 (SW-00002711)
SW-00002711	3DDD	188802	40	1	40	48	available	4641184	593599960	https://build.rozetka.com.ua/ua/593599960/p593599960/	Плитка під ковролін без клейового шару 500х500х3мм Темно-Сірий SW-00002711
SW-00002711	Lavkamarka	227099	50	1	50	85	available	4625988	595630627	https://build.rozetka.com.ua/ua/595630627/p595630627/	Плитка під ковролін без клейового шару 500х500х3мм Темно-Сірий SW-00002711
SW-00002711	Torg Landiya	92929	52	1	52	55	available	4625988	565888322	https://build.rozetka.com.ua/ua/565888322/p565888322/	Плитка під ковролін без клейової кулі 500х500х3мм Темно-Сірий SW-00002711
SW-00002711	PROStikerUa	217718	50	1	50	67	available	4641184	570852934	https://build.rozetka.com.ua/ua/570852934/p570852934/	Плитка під ковролін без клейового шару 500х500х3мм Темно-Сірий SW-00002711
SW-00002711	Shywon	237919	50	1	50	0	available	4625988	565622522	https://build.rozetka.com.ua/ua/565622522/p565622522/	Плитка під ковролін без клейового шару 500х500х3мм Темно-Сірий SW-00002711
SW-00002711	Секрети шопінгу	268996	52	1	52	0	available	4648788	580813702	https://build.rozetka.com.ua/ua/580813702/p580813702/	Плитка під ковролін без клейової кулі 500х500х3мм Темно-Сірий SW-00002711
SW-00002711	K-Warehouse	217766	46	1	46	0	available	4625988	584403067	https://build.rozetka.com.ua/ua/584403067/p584403067/	Плитка під ковролін без клейового шару 500х500х3мм Темно-Сірий SW-00002711
SW-00002711	Happy Valise	44840	58	1	58	98	available	4625988	565054388	https://build.rozetka.com.ua/ua/565054388/p565054388/	Плитка під ковролін без клейового шару 500х500х3мм Темно-Сірий SW-00002711
SW-00002711	ukriloom	226664	52	1	52	0	available	4641184	576838351	https://build.rozetka.com.ua/ua/576838351/p576838351/	Плитка під ковролін без клейового шару 500х500х3мм Темно-Сірий SW-00002711
SW-00002711	MC LitWin	265009	48	1	48	0	available	4646656	599109037	https://build.rozetka.com.ua/ua/599109037/p599109037/	Плитка під ковролін без клейового шару Sticker Wall 500х500х3 мм темно-сірий (SW-00002711)
SW-00002711	Декостра	278257	55	1	55	0	available	4629548	603197107	https://build.rozetka.com.ua/ua/603197107/p603197107/	Плитка під ковролін без клейового шару 500х500х3мм Темно-Сірий SW-00002711
SW-00002711	МАЙЯ	20508	48	1	48	0	available	4625988	592973335	https://build.rozetka.com.ua/ua/592973335/p592973335/	Плитка під ковролін без клейового шару 500х500х3мм Темно-Сірий SW-00002711
SW-00002711	RMService	15008	150	1	150	229	available	4625988	577347853	https://build.rozetka.com.ua/ua/577347853/p577347853/	Плитка під ковролін без клейової кулі 500 х 500 х 3 мм, темно-сірий SW-00002711 (Sticker Wall)
SW-00002711	TechnoPrime	33201	55	1	55	0	available	4625988	603174010	https://build.rozetka.com.ua/ua/603174010/p603174010/	Плитка під ковролін без клейового шару 500х500х3мм Темно-Сірий SW-00002711
SW-00002711	Davelia Shop	283358	63	1	63	0	available	4625988	616822211	https://build.rozetka.com.ua/ua/616822211/p616822211/	Плитка під ковролін без клейового шару 500х500х3мм Темно-Сірий SW-00002711
SW-00002711	PeRoHome	282119	100	1	100	0	available	4625988	613017068	https://build.rozetka.com.ua/ua/613017068/p613017068/	Плитка під ковролін без клейового шару 500х500х3мм Темно-Сірий SW-00002711
SW-00002711	Потрібне	274903	60	1	60	0	available	4625988	595275319	https://build.rozetka.com.ua/ua/595275319/p595275319/	Плитка під ковролін без клейового шару 500х500х3мм Темно-Сірий SW-00002711
SW-00002711	Roomland	241419	50	1	50	85	available	4625988	594029341	https://build.rozetka.com.ua/ua/594029341/p594029341/	Ковролінова плитка 500×500×3 мм без клею Темно-Сірий, для дому та офісу Темно-Сірий
SW-00002711	Wide Range	211532	58	1	58	0	available	4625988	574014790	https://build.rozetka.com.ua/ua/574014790/p574014790/	Ковролінова плитка без клейового шару Sticker Wall 500х500х3мм Темно-сіра
SW-00002711	For the home	103153	60	1	60	99	available	4641184	618228836	https://build.rozetka.com.ua/ua/618228836/p618228836/	Плитка під ковролін без клейового шару Sticker Wall 500х500х3мм Темно-Сірий
SW-00002711	MegaChoice	249209	95	1	95	120	unavailable	4625988	584348470	https://build.rozetka.com.ua/ua/584348470/p584348470/	Плитка ковролінова сірий 500×500×3 мм без клейового шару | ковролін у плитках з щільним ворсом | модульне покриття підлоги SW-00002711
SW-00002711	СКАЙТУЛЗ	153858	63	1	63	0	unavailable	4641184	569055832	https://build.rozetka.com.ua/ua/569055832/p569055832/	Плитка під ковролін без клейового шару 500х500х3мм Темно-Сірий SW-00002711
SW-00002711	LFcolor	213998	55	1	55	0	unavailable	4625988	564316050	https://build.rozetka.com.ua/ua/564316050/p564316050/	Плитка під ковролін без клейового шару 500х500х3мм Темно-Сірий SW-00002711
SW-00002711	MegaChoice	249209	130	1	130	300	unavailable	4625988	561828765	https://build.rozetka.com.ua/ua/kovrolin-sticker-wall-156899115/p561828765/	Плитка під ковролін 500х500х3мм темно-сірий SW-00002711
SW-00002711	STICO_PANEL	263347	55	1	55	0	unavailable	4625988	569765650	https://build.rozetka.com.ua/ua/569765650/p569765650/	Плитка під ковролін без клейового шару 500х500х3мм Темно-Сірий SW-00002711
SW-00002711	Ентемпс	211401	60	1	60	0	unavailable	4625988	573034270	https://build.rozetka.com.ua/ua/573034270/p573034270/	Плитка під ковролін без клейового шару 500х500х3мм Темно-Сірий SW-00002711
SW-00002711	THERMOTRADE	104545	61	1	61	0	unavailable	4625988	578450200	https://build.rozetka.com.ua/ua/578450200/p578450200/	Плитка під ковролін без клейового шару 500х500х3мм Темно-Сірий SW-00002711, Темно-сірий
SW-00002711	Bass Culture	269902	50	1	50	0	unavailable	4625988	591588265	https://build.rozetka.com.ua/ua/591588265/p591588265/	Плитка під ковролін без клейового шару 500х500х3мм Темно-Сірий SW-00002711
SW-00002711	MimiPlay	238949	50	1	50	0	unavailable	4625988	606306073	https://build.rozetka.com.ua/ua/606306073/p606306073/	Плитка під ковролін без клейового шару 500х500х3мм Темно-Сірий SW-00002711
SW-00002711	TOWER	83595	63	1	63	0	unavailable	4625988	569830894	https://build.rozetka.com.ua/ua/569830894/p569830894/	Плитка під ковролін без клейового шару 500х500х3мм Темно-Сірий SW-00002711
SW-00002711	Ентемпс	211401	55	1	55	0	unavailable	4625988	569863984	https://build.rozetka.com.ua/ua/569863984/p569863984/	Плитка під ковролін без клейового шару 500х500х3мм Темно-Сірий SW-00002711
SW-00002711	ВінБудІмперіал	240759	94	1	94	0	unavailable	4648788	572705224	https://build.rozetka.com.ua/ua/572705224/p572705224/	Плитка під ковролін без клейового шару 500х500х3мм Темно-Сірий SW-00002711
SW-00002711	Lite	181560	50	1	50	120	unavailable	4625988	605089705	https://build.rozetka.com.ua/ua/605089705/p605089705/	Плитка під ковролін без клейового шару 500х500х3мм Темно-Сірий (2711)
SW-00001419	ukriloom	226664	34	1	34	0	available	4648788	593090662	https://build.rozetka.com.ua/ua/593090662/p593090662/	Самоклеюча плитка під ковролін синя 300х300х4,5мм SW-00001419
SW-00001419	Секрети шопінгу	268996	35	1	35	0	available	4648788	580814599	https://build.rozetka.com.ua/ua/580814599/p580814599/	Самоклеюча плитка під ковролін синя 300х300х4,5мм SW-00001419
SW-00001419	LFcolor	213998	33	1	33	0	available	4629548	600360349	https://build.rozetka.com.ua/ua/600360349/p600360349/	Самоклеюча плитка під ковролін синя 300х300х4,5мм SW-00001419
SW-00001419	Neo	10639	43	1	43	50	available	4625988	579000982	https://build.rozetka.com.ua/ua/579000982/p579000982/	Самоклеюча плитка під ковролін Sticker Wall SW-00001419 300х300х4,5 мм Синій (Niz17101)
SW-00001419	3DDD	188802	30	1	30	36	available	4625988	409127859	https://build.rozetka.com.ua/ua/409127859/p409127859/	Самоклеюча плитка Sticker Wall під ковролін синя 300х300х4мм SW-00001419
SW-00001419	Декостра	278257	33	1	33	0	available	4629548	603198244	https://build.rozetka.com.ua/ua/603198244/p603198244/	Самоклеюча плитка під ковролін синя 300х300х4,5мм SW-00001419
SW-00001419	Спецуха	150670	38	1	38	49	available	4625988	538607474	https://build.rozetka.com.ua/ua/kovrolin-sticker-wall-148928339/p538607474/	Самоклеюча плитка під ковролін синя 300х300х4,5мм SW-00001419
SW-00001419	DomLoft	139608	30	1	30	50	available	4625988	428289056	https://build.rozetka.com.ua/ua/428289056/p428289056/	Самоклеюча плитка під ковролін синя 300х300х4мм SW-00001419
SW-00001419	D`n`D Group	17032	33	1	33	0	available	4641184	430134941	https://build.rozetka.com.ua/ua/430134941/p430134941/	Самоклеюча плитка під ковролін синя 300х300х4,5мм SW-00001419 (SW-00001419)
SW-00001419	3D Loft	69844	33	1	33	0	available	4625988	427921430	https://build.rozetka.com.ua/ua/427921430/p427921430/	Самоклеюча плитка під ковролін синя 300х300х4мм SW-00001419
SW-00001419	Happy Valise	44840	38	1	38	0	available	4625988	381600786	https://build.rozetka.com.ua/ua/381600786/p381600786/	Самоклеюча плитка під ковролін Sticker Wall SW-00001419 300*300*4мм Синій
SW-00001419	LoftWall	210021	33	1	33	0	available	4641184	430493387	https://build.rozetka.com.ua/ua/430493387/p430493387/	Самоклеюча плитка під ковролін синя 300х300х4,5мм SW-00001419
SW-00001419	PFmarket	211413	33	1	33	0	available	4641184	432876215	https://build.rozetka.com.ua/ua/432876215/p432876215/	Самоклеюча плитка під ковролін синя 300х300х4,5мм SW-00001419
SW-00001419	RSI	48100	33	1	33	0	available	4641184	440481221	https://build.rozetka.com.ua/ua/440481221/p440481221/	Самоклеюча плитка під ковролін синя 300х300х4,5мм SW-00001419
SW-00001419	Shywon	237919	38	1	38	0	available	4641184	544808495	https://build.rozetka.com.ua/ua/3d-paneli-sticker-wall-150159623/p544808495/	Самоклеюча плитка під ковролін синя 300х300х4,5мм SW-00001419
SW-00001419	Torg Landiya	92929	34	1	34	36	available	4641184	467165274	https://build.rozetka.com.ua/ua/467165274/p467165274/	Самоклеюча плитка під ковролін синя 300х300х4, 5мм SW-00001419
SW-00001419	Top Buyer	4551	43	1	43	50	available	4625988	579947695	https://build.rozetka.com.ua/ua/579947695/p579947695/	Самоклеюча плитка під ковролін Sticker Wall SW-00001419 300х300х4,5 мм Синій (TBiz17101)
SW-00001419	K-Warehouse	217766	35	1	35	0	available	4625988	476817739	https://build.rozetka.com.ua/ua/476817739/p476817739/	Самоклеюча плитка під ковролін синя 300х300х4,5мм SW-00001419
SW-00001419	МАЙЯ	20508	36	1	36	0	available	4625988	592973530	https://build.rozetka.com.ua/ua/592973530/p592973530/	Самоклеюча плитка під ковролін синя 300х300х4,5мм SW-00001419
SW-00001419	TechnoPrime	33201	36	1	36	0	available	4625988	587796361	https://build.rozetka.com.ua/ua/587796361/p587796361/	Самоклеюча плитка під ковролін синя 300х300х4,5мм SW-00001419
SW-00001419	UNIVERmag	12608	43	1	43	50	available	4625988	579867718	https://build.rozetka.com.ua/ua/579867718/p579867718/	Самоклеюча плитка під ковролін Sticker Wall SW-00001419 300х300х4,5 мм Синій
SW-00001419	GrandBuyer	37544	43	1	43	50	available	4625988	579871198	https://build.rozetka.com.ua/ua/579871198/p579871198/	Самоклеюча плитка під ковролін Sticker Wall SW-00001419 300х300х4,5 мм Синій (SHiz17101)
SW-00001419	Bravion Store	276091	53	1	53	0	available	4641184	600584116	https://build.rozetka.com.ua/ua/600584116/p600584116/	Самоклеюча плитка під ковролін синя 300х300х4,5мм SW-00001419
SW-00001419	MiroLends	137263	40	1	40	0	available	4641184	591796963	https://build.rozetka.com.ua/ua/591796963/p591796963/	Самоклеюча плитка під ковролін синя 300х300х4мм SW-00001419
SW-00001419	AVO-LAVKA	114191	41	1	41	45	available	4641184	596632603	https://build.rozetka.com.ua/ua/596632603/p596632603/	Самоклеюча плитка під ковролін синя 300х300х4,5мм SW-00001419
SW-00001419	PeRoHome	282119	83	1	83	0	available	4625988	613018394	https://build.rozetka.com.ua/ua/613018394/p613018394/	Самоклеюча плитка під ковролін синя 300х300х4,5мм SW-00001419
SW-00001419	FOUKS	20886	33	1	33	0	available	4625988	400017942	https://build.rozetka.com.ua/ua/400017942/p400017942/	Самоклеючий ковролін Синій 300*300*4,5мм ковролінова плитка для будинку
SW-00001419	Lavkamarka	227099	33	1	33	0	available	4625988	499033624	https://build.rozetka.com.ua/ua/499033624/p499033624/	Самоклеюча плитка під ковролін Sticker Wall 300х300х4мм синя (1419)
SW-00001419	Wide Range	211532	38	1	38	0	available	4625988	573559831	https://build.rozetka.com.ua/ua/573559831/p573559831/	Самоклеюча ковролінова плитка Sticker Wall 300х300х4,5мм Синя
SW-00001419	TOWER	83595	48	1	48	63	available	4648788	618640787	https://build.rozetka.com.ua/ua/618640787/p618640787/	Самоклейна плитка під ковролін синя 300 х 300 х 4.5 мм 1419
SW-00001419	For the home	103153	35	1	35	40	available	4641184	619976561	https://build.rozetka.com.ua/ua/619976561/p619976561/	Самоклеюча плитка під ковролін Sticker Wall 300х300х4,5мм Синя
SW-00001419	LiKEO	74783	150	1	150	0	unavailable	4625988	430097903	https://build.rozetka.com.ua/ua/430097903/p430097903/	Самоклеюча плитка під ковролін сіра 600х600х4мм SW-00001419
SW-00001419	DecoGrip	204264	30	1	30	40	unavailable	4641184	405572334	https://build.rozetka.com.ua/ua/405572334/p405572334/	Самоклеюча плитка Sticker Wall під ковролін синя 300х300х4мм SW-00001419
SW-00001419	3DDD	188802	33	1	33	0	unavailable	4641184	388442361	https://build.rozetka.com.ua/ua/388442361/p388442361/	Самоклеящаяся плитка Sticker Wall под ковролин синяя 300х300х4мм SW-00001419
SW-00001419	Online Shop	12416	33	1	33	0	unavailable	4641184	418926210	https://build.rozetka.com.ua/ua/418926210/p418926210/	Самоклеюча плитка під ковролін синя 300х300х4мм SW-00001419
SW-00001419	Михалич	102883	30	1	30	0	unavailable	4625988	416474055	https://build.rozetka.com.ua/ua/416474055/p416474055/	Самоклеюча плитка під ковролін синя 300х300х4,5мм SW-00001419
SW-00001419	DKLS	209688	1754	1	1754	0	unavailable	4625988	441651950	https://build.rozetka.com.ua/ua/441651950/p441651950/	Самоклеюча плитка під ковролін синя 300х300х4мм SW-00001419
SW-00001419	Палітра_комфорту	211610	33	1	33	0	unavailable	4641184	428016041	https://build.rozetka.com.ua/ua/428016041/p428016041/	Самоклеюча плитка під ковролін синя 300х300х4,5мм SW-00001419
SW-00001419	TOWER	83595	48	1	48	0	unavailable	4625988	448768079	https://build.rozetka.com.ua/ua/448768079/p448768079/	Самоклеюча плитка під ковролін синя 300х300х4,5мм SW-00001419
SW-00001419	Equipmends	213116	55	1	55	55	unavailable	4625988	464283034	https://build.rozetka.com.ua/ua/464283034/p464283034/	Самоклеюча плитка під ковролін синя 300х300х4,5мм SW-00001419
SW-00001419	HomeproUA	234939	53	1	53	0	unavailable	4625988	557156310	https://build.rozetka.com.ua/ua/prochaya-melkaya-tehnika-sticker-wall-154962314/p557156310/	Самоклеюча плитка під ковролін синя 300х300х4,5мм SW-00001419
SW-00001419	ukriloom	226664	30	1	30	0	unavailable	4641184	559056126	https://build.rozetka.com.ua/ua/pvh-plitka-sticker-wall-155490065/p559056126/	Самоклеюча плитка під ковролін синя 300х300х4,5мм SW-00001419
SW-00001419	Crystal sky	250060	33	1	33	0	unavailable	4625988	563649090	https://build.rozetka.com.ua/ua/kovrolin-sticker-wall-157419487/p563649090/	Самоклеюча плитка під ковролін синя 300х300х4,5мм SW-00001419
SW-00001419	Ентемпс	211401	33	1	33	0	unavailable	4625988	573035797	https://build.rozetka.com.ua/ua/573035797/p573035797/	Самоклеюча плитка під ковролін синя 300х300х4,5мм SW-00001419
SW-00001419	THERMOTRADE	104545	33	1	33	0	unavailable	4625988	578450317	https://build.rozetka.com.ua/ua/578450317/p578450317/	Самоклеюча плитка під ковролін синя 300х300х4,5мм SW-00001419
SW-00001419	GZoo	139880	34	1	34	0	unavailable	4641184	577368451	https://build.rozetka.com.ua/ua/577368451/p577368451/	Самоклеюча плитка під ковролін синя 300х300х4, 5мм SW-00001419
SW-00001419	ViDen	265006	36	1	36	0	unavailable	4641184	605311207	https://build.rozetka.com.ua/ua/605311207/p605311207/	Самоклеюча плитка під ковролін синя 300х300х4,5мм SW-00001419
SW-00001419	СКАЙТУЛЗ	153858	38	1	38	0	unavailable	4625988	485873499	https://build.rozetka.com.ua/ua/485873499/p485873499/	Самоклеюча плитка під ковролін синя 300х300х4,5мм SW-00001419
SW-00001419	Plumbing Assistant	211113	37	1	37	0	unavailable	4625988	497124024	https://build.rozetka.com.ua/ua/497124024/p497124024/	Самоклеюча плитка під ковролін синя 300х300х4,5мм SW-00001419
SW-00001419	Fono Market	79493	36	1	36	0	unavailable	4641184	510192289	https://build.rozetka.com.ua/ua/510192289/p510192289/	Самоклеюча плитка під ковролін синя 300х300х4,5мм SW-00001419
SW-00001419	Мережа можливостей	194715	30	1	30	0	unavailable	4625988	521821959	https://build.rozetka.com.ua/ua/521821959/p521821959/	Самоклеюча плитка під ковролін синя 300х300х4,5мм SW-00001419
SW-00001419	BINGO	53688	45	1	45	0	unavailable	4625988	537936229	https://build.rozetka.com.ua/ua/kovrolin-sticker-wall-148733419/p537936229/	Самоклеюча плитка під ковролін синя 300х300х4,5мм SW-00001419
SW-00001419	STICO_PANEL	263347	33	1	33	0	unavailable	4625988	569765719	https://build.rozetka.com.ua/ua/569765719/p569765719/	Самоклеюча плитка під ковролін синя 300х300х4,5мм SW-00001419
SW-00001419	MegaChoice	249209	49	1	49	70	unavailable	4625988	546431469	https://build.rozetka.com.ua/ua/kovrolin-sticker-wall-151224123/p546431469/	Самоклеюча плитка під ковролін 300х300х4,5 мм
SW-00002682	LoftWall	210021	400	1	400	0	available	4633857	536798249	https://rozetka.com.ua/ua/aksessuari-dlya-mebelnoy-furnituri-sticker-wall-148405392/p536798249/	Молдинг 5000х10х7мм Чорний SW-00002682
SW-00002682	Декостра	278257	360	1	360	0	available	4648788	602309140	https://build.rozetka.com.ua/ua/602309140/p602309140/	Молдинг 5000х10х7мм Чорний SW-00002682
SW-00002682	Потрібне	274903	500	1	500	0	available	4640944	595274653	https://build.rozetka.com.ua/ua/595274653/p595274653/	Самоклеючий Молдинг Sticker Wall 5000х10х7мм Чорний SW-00002682
SW-00002682	SHEF LIFE	124373	500	1	500	540	available	4633857	596574502	https://rozetka.com.ua/ua/596574502/p596574502/	Молдинг 5000х10х7мм Чорний SW-00002682
SW-00002682	3DDD	188802	336	1	336	407	available	4633857	593599981	https://rozetka.com.ua/ua/593599981/p593599981/	Молдинг 5000х10х7мм Чорний SW-00002682
SW-00002682	MC LitWin	265009	403	1	403	0	available	4640944	599109628	https://build.rozetka.com.ua/ua/599109628/p599109628/	Молдинг Sticker Wall чорний 5000х10х7 мм (SW-00002682)
SW-00002682	Днепрлюкс	146605	400	1	400	0	available	4640944	559500558	https://build.rozetka.com.ua/ua/karnizi-sticker-wall-155801410/p559500558/	Молдинг 5000х10х7мм Чорний SW-00002682
SW-00002682	PeRoHome	282119	549	1	549	0	available	4633857	613272269	https://rozetka.com.ua/ua/613272269/p613272269/	Молдинг 5000х10х7мм Чорний SW-00002682
SW-00002682	APEYRON	190755	437	1	437	437	available	4640944	601937746	https://build.rozetka.com.ua/ua/601937746/p601937746/	Молдинг SW-00002682 10*7 мм 5 м чорний
SW-00002682	PRIMAVERA_pro	245169	665	1	665	0	available	4633857	593440516	https://rozetka.com.ua/ua/593440516/p593440516/	Молдинг 5000х10х7мм Чорний SW-00002682
SW-00002682	Shywon	237919	420	1	420	0	available	4640944	544804790	https://build.rozetka.com.ua/ua/3d-paneli-sticker-wall-150159569/p544804790/	Молдинг 5000х10х7мм Чорний SW-00002682
SW-00002682	RMService	15008	549	1	549	649	available	4633857	576397282	https://rozetka.com.ua/ua/576397282/p576397282/	Молдинг 5000 х 10 х 7 мм, чорний SW-00002682 (Sticker Wall)
SW-00002682	D`n`D Group	17032	400	1	400	0	available	4633857	562781091	https://rozetka.com.ua/ua/plintusa-sticker-wall-157206101/p562781091/	Молдинг 5000х10х7мм Чорний SW-00002682 (SW-00002682)
SW-00002682	Bravion Store	276091	400	1	400	0	available	4633857	598420162	https://rozetka.com.ua/ua/598420162/p598420162/	Молдинг 5000х10х7мм Чорний SW-00002682
SW-00002682	LFcolor	213998	400	1	400	0	available	4654600	600355135	https://build.rozetka.com.ua/ua/600355135/p600355135/	Молдинг 5000х10х7мм Чорний SW-00002682
SW-00002682	Davelia Shop	283358	500	1	500	0	available	4648788	616823855	https://build.rozetka.com.ua/ua/616823855/p616823855/	Молдинг 5000х10х7мм Чорний SW-00002682
SW-00002682	TechnoPrime	33201	440	1	440	0	available	4633857	604313488	https://rozetka.com.ua/ua/604313488/p604313488/	Молдинг 5000х10х7мм Чорний SW-00002682
SW-00002682	NIVENTO	271966	540	1	540	972	available	4648788	601664893	https://build.rozetka.com.ua/ua/601664893/p601664893/	Молдинг 5000х10х7мм Чорний SW-00002682
SW-00002682	PROStikerUa	217718	400	1	400	536	available	4641184	570853024	https://build.rozetka.com.ua/ua/570853024/p570853024/	Молдинг 5000х10х7мм Шнур кручений Чорний SW-00002682
SW-00002682	Torg Landiya	92929	418	1	418	440	available	4640952	573528109	https://build.rozetka.com.ua/ua/573528109/p573528109/	Молдинг 5000х10х7мм Чорний SW-00002682
SW-00002682	K-Warehouse	217766	386	1	386	0	available	4648788	584403154	https://build.rozetka.com.ua/ua/584403154/p584403154/	Молдинг 5000х10х7мм Чорний SW-00002682
SW-00002682	МАЙЯ	20508	406	1	406	0	available	4648788	593017864	https://build.rozetka.com.ua/ua/593017864/p593017864/	Молдинг 5000х10х7мм Чорний SW-00002682
SW-00002682	Знак якості	138753	388	1	388	0	available	4640952	617228444	https://build.rozetka.com.ua/ua/617228444/p617228444/	Молдинг 5000х10х7мм Чорний SW-00002682
SW-00002682	PARADISE	269545	440	1	440	642	available	4633857	594064318	https://rozetka.com.ua/ua/594064318/p594064318/	Самоклейний декоративний молдинг ПВХ для оформлення стиків та швів 5000х10х7мм Чорний для приховання стиків шпалер для інтерʼєру кімнати гнучкий профіль для дому
SW-00002682	Wide Range	211532	460	1	460	0	available	4640952	602617750	https://build.rozetka.com.ua/ua/602617750/p602617750/	Молдинг 5000х10х7мм Чорний
SW-00002682	Happy Valise	44840	460	1	460	0	unavailable	4640928	560142156	https://rozetka.com.ua/ua/nakleyki-na-stenu-sticker-wall-156318402/p560142156/	Молдинг 5000х10х7мм Чорний SW-00002682
SW-00002682	HomeproUA	234939	460	1	460	0	unavailable	4644256	557155641	https://rozetka.com.ua/ua/prochaya-melkaya-tehnika-sticker-wall-154961785/p557155641/	Молдинг 5000х10х7мм Чорний SW-00002682
SW-00002682	ukriloom	226664	400	1	400	0	unavailable	4648788	559056015	https://build.rozetka.com.ua/ua/samokleyashchiesya-plenki-sticker-wall-155489970/p559056015/	Молдинг 5000х10х7мм Чорний SW-00002682
SW-00002682	ВінБудІмперіал	240759	440	1	440	0	unavailable	4633857	572848036	https://rozetka.com.ua/ua/572848036/p572848036/	Молдинг 5000х10х7мм Чорний SW-00002682
SW-00002682	TOWER	83595	532	1	532	0	unavailable	4644256	569830825	https://rozetka.com.ua/ua/569830825/p569830825/	Молдинг 5000х10х7мм Чорний SW-00002682
SW-00002682	Ентемпс	211401	400	1	400	0	unavailable	4629548	573034045	https://build.rozetka.com.ua/ua/573034045/p573034045/	Молдинг 5000х10х7мм Чорний SW-00002682
SW-00002682	Homent	255285	360	1	360	0	unavailable	4629548	578474746	https://build.rozetka.com.ua/ua/578474746/p578474746/	Молдинг Sticker Wall 5000х10х7мм Чорний (SW-00002682)
SW-00002682	STICO_PANEL	263347	360	1	360	0	unavailable	4633857	569762848	https://rozetka.com.ua/ua/569762848/p569762848/	Молдинг 5000х10х7мм Чорний SW-00002682
SW-00002682	Bass Culture	269902	360	1	360	0	unavailable	4648788	591212281	https://build.rozetka.com.ua/ua/591212281/p591212281/	Молдинг 5000х10х7мм Чорний SW-00002682
SW-00002682	ViDen	265006	365	1	365	0	unavailable	4648788	605311336	https://build.rozetka.com.ua/ua/605311336/p605311336/	Молдинг 5000х10х7мм Чорний SW-00002682
SW-00002682	MimiPlay	238949	400	1	400	0	unavailable	4640944	606184741	https://build.rozetka.com.ua/ua/606184741/p606184741/	Молдинг 5000х10х7мм Чорний SW-00002682
SW-00002682	Kind Host	272923	400	1	400	0	unavailable	4648788	591066523	https://build.rozetka.com.ua/ua/591066523/p591066523/	Молдинг 5000х10х7мм Чорний SW-00002682
SW-00002682	LFcolor	213998	400	1	400	0	unavailable	4648788	536504414	https://build.rozetka.com.ua/ua/samokleyashchiesya-plenki-sticker-wall-148368029/p536504414/	Молдинг 5000х10х7мм Чорний SW-00002682
SW-00002682	ukriloom	226664	400	1	400	0	unavailable	4640952	538177204	https://build.rozetka.com.ua/ua/pvh-plitka-sticker-wall-148806789/p538177204/	Молдинг 5000х10х7мм Чорний SW-00002682
SW-00002682	СКАЙТУЛЗ	153858	460	1	460	0	unavailable	4640952	539953059	https://build.rozetka.com.ua/ua/plintusa-sticker-wall-148936925/p539953059/	Молдинг 5000х10х7мм Чорний SW-00002682
SW-00002682	Мережа можливостей	194715	400	1	400	0	unavailable	4633857	549685704	https://rozetka.com.ua/ua/elementi-tyuninga-sticker-wall-152227201/p549685704/	Молдинг 5000х10х7мм Чорний SW-00002682
SW-00002682	RCMN	136578	507	1	507	0	unavailable	4648788	548307399	https://build.rozetka.com.ua/ua/3d-paneli-bez-brenda-151541371/p548307399/	Молдинг 5000х10х7мм Чорний SW-00002682
SW-00002682	ВінБудІмперіал	240759	462	1	462	0	unavailable	4633857	583062304	https://rozetka.com.ua/ua/583062304/p583062304/	Молдинг 5000х10х7мм Чорний SW-00002682
SW-00002682	UnimartShop	269563	360	1	360	0	unavailable	4633857	593258224	https://rozetka.com.ua/ua/593258224/p593258224/	Молдинг 5000х10х7мм Чорний SW-00002682
SW-00002682	Lite	181560	400	1	400	450	unavailable	4652429	605554801	https://rozetka.com.ua/ua/605554801/p605554801/	Молдинг 5000х10х7мм Чорний (2682)
SW-00002676	3dshoping	214967	935	1	935	935	available	4633857	563876688	https://rozetka.com.ua/ua/3d-paneli-sticker-wall-157487838/p563876688/	Молдинг 5000х30х9,5 мм Чорний SW-00002676
SW-00002676	D`n`D Group	17032	850	1	850	0	available	4633857	562780935	https://rozetka.com.ua/ua/plintusa-sticker-wall-157206028/p562780935/	Молдинг 5000х30х9,5 мм Чорний SW-00002676 (SW-00002676)
SW-00002676	LoftWall	210021	850	1	850	0	available	4633857	536798224	https://rozetka.com.ua/ua/aksessuari-dlya-mebelnoy-furnituri-sticker-wall-148405390/p536798224/	Молдинг 5000х30х9,5 мм Чорний SW-00002676
SW-00002676	3DDD	188802	696	1	696	842	available	4633857	593600398	https://rozetka.com.ua/ua/593600398/p593600398/	Молдинг 5000х30х9 5 мм Чорний SW-00002676
SW-00002676	TechnoPrime	33201	935	1	935	0	available	4633857	604313500	https://rozetka.com.ua/ua/604313500/p604313500/	Молдинг 5000х30х9,5 мм Чорний SW-00002676
SW-00002676	Декостра	278257	700	1	700	0	available	4648788	602309977	https://build.rozetka.com.ua/ua/602309977/p602309977/	Молдинг 5000х30х9,5 мм Чорний SW-00002676
SW-00002676	Днепрлюкс	146605	850	1	850	0	available	4648788	558899688	https://build.rozetka.com.ua/ua/karnizi-sticker-wall-155698532/p558899688/	Молдинг 5000х30х9,5 мм Чорний SW-00002676
SW-00002676	ukriloom	226664	876	1	876	0	available	4648788	593088973	https://build.rozetka.com.ua/ua/593088973/p593088973/	Молдинг 5000х30х9,5 мм Чорний SW-00002676
SW-00002676	Shywon	237919	870	1	870	0	available	4640944	544804840	https://build.rozetka.com.ua/ua/3d-paneli-sticker-wall-150159622/p544804840/	Молдинг 5000х30х9,5 мм Чорний SW-00002676
SW-00002676	SHEF LIFE	124373	1063	1	1063	1148	available	4640952	584307118	https://build.rozetka.com.ua/ua/584307118/p584307118/	Молдинг 5000х30х9,5 мм Чорний SW-00002676
SW-00002676	MC LitWin	265009	835	1	835	0	available	4640944	599110795	https://build.rozetka.com.ua/ua/599110795/p599110795/	Молдинг Sticker Wall чорний 5000х30х9,5 мм (SW-00002676)
SW-00002676	Happy Valise	44840	978	1	978	0	available	4640928	560142144	https://rozetka.com.ua/ua/nakleyki-na-stenu-sticker-wall-156316744/p560142144/	Молдинг 5000х30х9,5 мм Чорний SW-00002676
SW-00002676	PROStikerUa	217718	850	1	850	1139	available	4641184	570853036	https://build.rozetka.com.ua/ua/570853036/p570853036/	Молдинг 5000х30х9,5 мм Чорний Фігурний SW-00002676
SW-00002676	Torg Landiya	92929	888	1	888	935	available	4640952	573528130	https://build.rozetka.com.ua/ua/573528130/p573528130/	Молдинг 5000х30х9,5 мм Чорний SW-00002676
SW-00002676	K-Warehouse	217766	800	1	800	0	available	4648788	584403241	https://build.rozetka.com.ua/ua/584403241/p584403241/	Молдинг 5000х30х9,5 мм Чорний SW-00002676
SW-00002676	Потрібне	274903	950	1	950	0	available	4640944	595274536	https://build.rozetka.com.ua/ua/595274536/p595274536/	Молдинг Sticker Wall 5000х30х9,5 мм Чорний SW-00002676
SW-00002676	Bravion Store	276091	850	1	850	0	available	4633857	598420171	https://rozetka.com.ua/ua/598420171/p598420171/	Молдинг 5000х30х9,5 мм Чорний SW-00002676
SW-00002676	Davelia Shop	283358	1063	1	1063	0	available	4648788	616823942	https://build.rozetka.com.ua/ua/616823942/p616823942/	Молдинг 5000х30х9,5 мм Чорний SW-00002676
SW-00002676	NIVENTO	271966	1050	1	1050	1890	available	4648788	601650295	https://build.rozetka.com.ua/ua/601650295/p601650295/	Молдинг 5000х30х9,5 мм Чорний SW-00002676
SW-00002676	PRIMAVERA_pro	245169	1259	1	1259	0	available	4633857	593439613	https://rozetka.com.ua/ua/593439613/p593439613/	Молдинг 5000х30х9,5 мм Чорний SW-00002676
SW-00002676	LFcolor	213998	850	1	850	0	available	4654600	600353308	https://build.rozetka.com.ua/ua/600353308/p600353308/	Молдинг 5000х30х9,5 мм Чорний SW-00002676
SW-00002676	МАЙЯ	20508	841	1	841	0	available	4648788	593017894	https://build.rozetka.com.ua/ua/593017894/p593017894/	Молдинг 5000х30х9,5 мм Чорний SW-00002676
SW-00002676	PeRoHome	282119	1099	1	1099	0	available	4633857	613272299	https://rozetka.com.ua/ua/613272299/p613272299/	Молдинг 5000х30х9,5 мм Чорний SW-00002676
SW-00002676	Знак якості	138753	804	1	804	0	available	4640952	617228369	https://build.rozetka.com.ua/ua/617228369/p617228369/	Молдинг 5000х30х9,5 мм Чорний SW-00002676
SW-00002676	PARADISE	269545	935	1	935	1365	available	4633857	594064348	https://rozetka.com.ua/ua/594064348/p594064348/	Самоклейний декоративний молдинг ПВХ для оформлення стиків та швів 5000х30х9.5мм Чорний декор стін та стелі для інтерʼєру кімнати окантовка дверей та вікон
SW-00002676	Wide Range	211532	978	1	978	0	available	4640952	602617759	https://build.rozetka.com.ua/ua/602617759/p602617759/	Молдинг 5000х30х9,5 мм Чорний
SW-00002676	Мережа можливостей	194715	800	1	800	0	unavailable	4633857	549685707	https://rozetka.com.ua/ua/elementi-tyuninga-sticker-wall-152227204/p549685707/	Молдинг 5000х30х9,5 мм Чорний SW-00002676
SW-00002676	HomeproUA	234939	955	1	955	0	unavailable	4644256	557156046	https://rozetka.com.ua/ua/prochaya-melkaya-tehnika-sticker-wall-154961454/p557156046/	Молдинг 5000х30х9,5 мм Чорний SW-00002676
SW-00002676	STICO_PANEL	263347	700	1	700	0	unavailable	4633857	569764576	https://rozetka.com.ua/ua/569764576/p569764576/	Молдинг 5000х30х9,5 мм Чорний SW-00002676
SW-00002676	TOWER	83595	1102	1	1102	0	unavailable	4644256	569830855	https://rozetka.com.ua/ua/569830855/p569830855/	Молдинг 5000х30х9, 5 мм Чорний SW-00002676
SW-00002676	Ентемпс	211401	750	1	750	0	unavailable	4629548	573033061	https://build.rozetka.com.ua/ua/573033061/p573033061/	Молдинг 5000х30х9,5 мм Чорний SW-00002676
SW-00002676	Bass Culture	269902	765	1	765	0	unavailable	4648788	591212272	https://build.rozetka.com.ua/ua/591212272/p591212272/	Молдинг 5000х30х9,5 мм Чорний SW-00002676
SW-00002676	ukriloom	226664	800	1	800	0	unavailable	4648788	559057863	https://build.rozetka.com.ua/ua/samokleyashchiesya-plenki-sticker-wall-155490310/p559057863/	Молдинг 5000х30х9,5 мм Чорний SW-00002676
SW-00002676	ВінБудІмперіал	240759	982	1	982	0	unavailable	4633857	583066450	https://rozetka.com.ua/ua/583066450/p583066450/	Молдинг 5000х30х9,5 мм Чорний SW-00002676
SW-00002676	Homent	255285	765	1	765	0	unavailable	4629548	578472595	https://build.rozetka.com.ua/ua/578472595/p578472595/	Молдинг Sticker Wall 5000х30х9,5 мм Чорний (SW-00002676)
SW-00002676	ВінБудІмперіал	240759	935	1	935	0	unavailable	4633857	572848018	https://rozetka.com.ua/ua/572848018/p572848018/	Молдинг 5000х30х9,5 мм Чорний SW-00002676
SW-00002676	Kind Host	272923	780	1	780	0	unavailable	4648788	591066586	https://build.rozetka.com.ua/ua/591066586/p591066586/	Молдинг 5000х30х9,5 мм Чорний SW-00002676
SW-00002676	MimiPlay	238949	850	1	850	0	unavailable	4640944	606184777	https://build.rozetka.com.ua/ua/606184777/p606184777/	Молдинг 5000х30х9,5 мм Чорний SW-00002676
SW-00002676	ViDen	265006	757	1	757	0	unavailable	4648788	605311456	https://build.rozetka.com.ua/ua/605311456/p605311456/	Молдинг 5000х30х9,5 мм Чорний SW-00002676
SW-00002676	LFcolor	213998	850	1	850	0	unavailable	4648788	536504119	https://build.rozetka.com.ua/ua/samokleyashchiesya-plenki-sticker-wall-148368023/p536504119/	Молдинг 5000х30х9,5 мм Чорний SW-00002676
SW-00002676	ukriloom	226664	800	1	800	0	unavailable	4640944	538177699	https://build.rozetka.com.ua/ua/pvh-plitka-sticker-wall-148807481/p538177699/	Молдинг 5000х30х9,5 мм Чорний SW-00002676
SW-00002676	СКАЙТУЛЗ	153858	863	1	863	0	unavailable	4640952	539953049	https://build.rozetka.com.ua/ua/plintusa-sticker-wall-148936930/p539953049/	Молдинг 5000х30х9,5 мм Чорний SW-00002676
SW-00002676	RCMN	136578	1105	1	1105	850	unavailable	4640944	549095574	https://build.rozetka.com.ua/ua/3d-paneli-bez-brenda-151910642/p549095574/	Молдинг 5000х30х9, 5 мм Чорний SW-00002676
SW-00002676	UnimartShop	269563	700	1	700	0	unavailable	4648788	595794754	https://build.rozetka.com.ua/ua/595794754/p595794754/	Молдинг 5000х30х9,5 мм Чорний SW-00002676
SW-00002676	Lite	181560	850	1	850	950	unavailable	4652429	605554813	https://rozetka.com.ua/ua/605554813/p605554813/	Молдинг 5000х30х9, 5 мм Чорний (2676)
SW-00001610	Wide Range	211532	920	1	920	0	available	3130405	616552940	https://rozetka.com.ua/ua/616552940/p616552940/	Складний стілець 46х42,5х86см Білий SW-00001610
SW-00001610	TechnoPrime	33201	880	1	880	0	available	82672	616959443	https://rozetka.com.ua/ua/616959443/p616959443/	Складний стілець 46х42,5х86см Білий SW-00001610
SW-00001610	UNIVERmag	12608	1026	1	1026	0	available	82672	602161540	https://rozetka.com.ua/ua/602161540/p602161540/	Складаний стілець для саду та кемпінгу Sticker Wall SW-00001610 white
SW-00001610	IWantAll	265288	1238	1	1238	0	available	82672	620849822	https://rozetka.com.ua/ua/620849822/p620849822/	Складаний туристичний стілець SW-00001610 Білий 46х42.5х86см сталь до 120кг Sticker Wall DODNLVV_SW-00001610
SW-00001610	MegaChoice	249209	1550	1	1550	3200	unavailable	82672	562185090	https://rozetka.com.ua/ua/furniture-axxis-157020960/p562185090/	Складний стілець 46х42,5х86 см Білий SW-00001610
SW-00001610	ladybug	36972	1190	1	1190	1300	unavailable	3130405	437441420	https://rozetka.com.ua/ua/437441420/p437441420/	Стілець пластиковий складаний 46х42,5х86 см Білий
SW-00001886	MiroLends	137263	432	1	432	0	available	142254	460729624	https://rozetka.com.ua/ua/460729624/p460729624/	Влагопоглощающий коврик 50*80CM*3MM (D) SW-00001886
SW-00001886	FOUKS	20886	370	1	370	550	available	142254	427899452	https://rozetka.com.ua/ua/427899452/p427899452/	антиковзний килимок для ванної Рожева пустеля 50х80смх3мм діатомітовий суперпоглинаючий гумовий
SW-00001886	3D Loft	69844	370	1	370	0	available	142254	428788325	https://rozetka.com.ua/ua/428788325/p428788325/	Влагопоглощающий коврик 50*80CM*3MM (D) SW-00001886
SW-00001886	RSI	48100	300	1	300	0	available	142254	440481110	https://rozetka.com.ua/ua/440481110/p440481110/	Вологопоглинаючий килимок 50х80х3мм SW-00001886
SW-00001886	Happy Valise	44840	447	1	447	483	available	142254	426521391	https://rozetka.com.ua/ua/426521391/p426521391/	Вологопоглинаючий килимок 50*80CM*3MM (D) SW-00001886 Рожевий
SW-00001886	Shywon	237919	405	1	405	0	available	142254	544804850	https://rozetka.com.ua/ua/3d-paneli-sticker-wall-150159263/p544804850/	Вологопоглинаючий килимок 500х800х3мм SW-00001886
SW-00001886	D`n`D Group	17032	370	1	370	0	available	142254	430134428	https://rozetka.com.ua/ua/430134428/p430134428/	Вологопоглинаючий килимок 50х80х3мм SW-00001886 (SW-00001886)
SW-00001886	LoftWall	210021	370	1	370	400	available	142254	425994963	https://rozetka.com.ua/ua/425994963/p425994963/	Вологопоглинаючий килимок 50*80CM*3MM (D) SW-00001886
SW-00001886	DKLS	209688	500	1	500	0	available	142254	441651473	https://rozetka.com.ua/ua/441651473/p441651473/	Влагопоглощающий коврик 50*80CM*3MM (D) SW-00001886
SW-00001886	TechnoPrime	33201	440	1	440	0	available	142254	556522875	https://rozetka.com.ua/ua/kovrovye-izdeliya-sticker-wall-154831292/p556522875/	Вологопоглинаючий коврик 50х80х3мм SW-00001886
SW-00001886	Torg Landiya	92929	387	1	387	407	available	142254	467620854	https://rozetka.com.ua/ua/467620854/p467620854/	Вологопоглинаючий коврик 50*80CM*3MM (D) SW-00001886
SW-00001886	PROStikerUa	217718	370	1	370	496	available	142254	466267689	https://rozetka.com.ua/ua/466267689/p466267689/	Вологопоглинаючий килимок Sticker Wall 50*80см*3мм (D) SW-00001886
SW-00001886	ukriloom	226664	381	1	381	0	available	142254	579878242	https://rozetka.com.ua/ua/579878242/p579878242/	Вологопоглинаючий килимок 500х800х3мм SW-00001886
SW-00001886	RMService	15008	699	1	699	799	available	142254	578464171	https://rozetka.com.ua/ua/578464171/p578464171/	Вологопоглинаючий коврик 50 х 80 х 3 мм SW-00001886(Sticker Wall)
SW-00001886	K-Warehouse	217766	373	1	373	0	available	142254	476815804	https://rozetka.com.ua/ua/476815804/p476815804/	Вологопоглинаючий килимок 50*80CM*3MM (D) SW-00001886
SW-00001886	3DDD	188802	324	1	324	392	available	142254	478781499	https://rozetka.com.ua/ua/478781499/p478781499/	Вологопоглинаючий килимок Sticker Wall 50*80см*3мм (D) SW-1886
SW-00001886	MC LitWin	265009	389	1	389	0	available	142254	599109400	https://rozetka.com.ua/ua/599109400/p599109400/	Вологопоглинаючий килимок Sticker Wall 500х800х3 мм (SW-00001886)
SW-00001886	NIVENTO	271966	450	1	450	810	available	142254	601662916	https://rozetka.com.ua/ua/601662916/p601662916/	Вологопоглинаючий килимок 500х800х3мм SW-00001886
SW-00001886	Bravion Store	276091	320	1	320	0	available	142254	597041101	https://rozetka.com.ua/ua/597041101/p597041101/	Вологопоглинаючий килимок 500х800х3мм SW-00001886
SW-00001886	Декостра	278257	300	1	300	0	available	142254	602309746	https://rozetka.com.ua/ua/602309746/p602309746/	Вологопоглинаючий килимок 500х800х3мм SW-00001886
SW-00001886	7k shop	79045	565	1	565	0	available	142254	618978482	https://rozetka.com.ua/ua/618978482/p618978482/	Вологопоглинаючий килимок 500х800х3мм SW-00001886
SW-00001886	Davelia Shop	283358	463	1	463	0	available	142254	617293757	https://rozetka.com.ua/ua/617293757/p617293757/	Вологопоглинаючий килимок 500х800х3мм SW-00001886
SW-00001886	PARADISE	269545	407	1	407	594	available	142254	594064588	https://rozetka.com.ua/ua/594064588/p594064588/	Вологопоглинаючий килимок з мікрофібри на ПВХ основі для дому 500х800х3мм Різнобарвний швидко сохне після намокання всмоктує воду килимок для ванної неслизька основа з ПВХ
SW-00001886	Wide Range	211532	426	1	426	0	available	142254	616553060	https://rozetka.com.ua/ua/616553060/p616553060/	Вологопоглинаючий килимок 500х800х3мм SW-00001886
SW-00001886	AVO-LAVKA	114191	500	1	500	555	available	142254	598794703	https://rozetka.com.ua/ua/598794703/p598794703/	Вологопоглинаючий коврик 500х800х3мм SW-00001886
SW-00001886	The world of ideas	166476	432	1	432	0	available	142254	491984284	https://rozetka.com.ua/ua/491984284/p491984284/	Вологопоглинаючий килимок Sticker Wall 50x80смx3мм (D) SW-1886
SW-00001886	Знак якості	138753	339	1	339	0	available	142254	610155653	https://rozetka.com.ua/ua/610155653/p610155653/	Вологопоглинаючий килимок 500х800х3мм SW-00001886
SW-00001886	BINGO	53688	470	1	470	0	available	142254	500793699	https://rozetka.com.ua/ua/500793699/p500793699/	Вологопоглинаючий килимок 50*80CM*3MM (D) SW-00001886
SW-00001886	SHEF LIFE	124373	463	1	463	500	available	142254	557127264	https://rozetka.com.ua/ua/kovrovye-izdeliya-sticker-wall-155006949/p557127264/	Вологопоглинаючий килимок 50х80х3мм SW-00001886
SW-00001886	Translation tools	112501	467	1	467	504	available	142254	572952814	https://rozetka.com.ua/ua/572952814/p572952814/	Вологопоглинаючий килимок Sticker Wall 50*80CM*3MM (D) SW-00001886 Рожевий
SW-00001886	МАЙЯ	20508	392	1	392	0	available	142254	592973419	https://rozetka.com.ua/ua/592973419/p592973419/	Вологопоглинаючий килимок 500х800х3мм SW-00001886
SW-00001886	Потрібне	274903	500	1	500	0	available	142254	595274839	https://rozetka.com.ua/ua/595274839/p595274839/	Вологопоглинаючий килимок Sticker Wall 500х800х3мм SW-00001886
SW-00001886	LFcolor	213998	370	1	370	0	available	142254	600352549	https://rozetka.com.ua/ua/600352549/p600352549/	Хвильовий калімок 500х800х3мм SW-00001886
SW-00001886	PeRoHome	282119	649	1	649	0	available	142254	613272194	https://rozetka.com.ua/ua/613272194/p613272194/	Вологопоглинаючий килимок 500х800х3мм SW-00001886
SW-00001886	Михалич	102883	330	1	330	0	unavailable	142254	447702527	https://rozetka.com.ua/ua/447702527/p447702527/	Влагопоглощающий коврик 50*80CM*3MM (D) SW-00001886
SW-00001886	TOWER	83595	580	1	580	0	unavailable	142254	448749017	https://rozetka.com.ua/ua/448749017/p448749017/	Вологопоглинаючий килимок 50*80CM*3MM (D) SW-00001886
SW-00001886	Timeless Touch	245469	400	1	400	404	unavailable	142254	556476462	https://rozetka.com.ua/ua/kovrovye-izdeliya-sticker-wall-154665122/p556476462/	Вологопоглинаючий килимок 50х80х3мм SW-00001886
SW-00001886	ukriloom	226664	330	1	330	0	unavailable	142254	559056237	https://rozetka.com.ua/ua/kovrovye-izdeliya-sticker-wall-155490274/p559056237/	Вологопоглинаючий килимок 50х80х3мм SW-00001886
SW-00001886	STICO_PANEL	263347	300	1	300	0	unavailable	142254	569763772	https://rozetka.com.ua/ua/569763772/p569763772/	Вологопоглинаючий килимок 50х80х3мм SW-00001886
SW-00001886	Днепрлюкс	146605	400	1	400	0	unavailable	142254	453461138	https://rozetka.com.ua/ua/453461138/p453461138/	Вологопоглинаючий килимок 50*80CM*3MM (D) SW-00001886
SW-00001886	ukriloom	226664	400	1	400	0	unavailable	142254	556717065	https://rozetka.com.ua/ua/kovrovye-izdeliya-sticker-wall-154686309/p556717065/	Вологопоглинаючий килимок 50х80х3мм SW-00001886
SW-00001886	HomeproUA	234939	460	1	460	0	unavailable	142254	557157183	https://rozetka.com.ua/ua/prochaya-melkaya-tehnika-sticker-wall-154963392/p557157183/	Вологопоглинаючий килимок 50х80х3мм SW-00001886
SW-00001886	Цікавий	260709	320	1	320	400	unavailable	142254	590796205	https://rozetka.com.ua/ua/590796205/p590796205/	Вологопоглинаючий килимок 500х800х3мм
SW-00001886	ВінБудІмперіал	240759	440	1	440	0	unavailable	142254	583064218	https://rozetka.com.ua/ua/583064218/p583064218/	Вологопоглинаючий килимок 50х80х3мм SW-00001886
SW-00001886	СКАЙТУЛЗ	153858	368	1	368	0	unavailable	142254	485874234	https://rozetka.com.ua/ua/485874234/p485874234/	Вологопоглинаючий килимок 50*80CM*3MM (D) SW-00001886
SW-00001886	Plumbing Assistant	211113	671	1	671	0	unavailable	142254	484918639	https://rozetka.com.ua/ua/484918639/p484918639/	Вологопоглинаючий килимок 50*80CM*3MM (D) SW-00001886
SW-00001886	LFcolor	213998	320	1	320	0	unavailable	142254	485901849	https://rozetka.com.ua/ua/485901849/p485901849/	Вологопоглинаючий килимок 500х800х3мм SW-00001886
SW-00001886	Bass Culture	269902	300	1	300	0	unavailable	142254	591955453	https://rozetka.com.ua/ua/591955453/p591955453/	Вологопоглинаючий килимок 500х800х3мм SW-00001886
SW-00001886	ViDen	265006	319	1	319	0	unavailable	142254	605309278	https://rozetka.com.ua/ua/605309278/p605309278/	Вологопоглинаючий килимок 500х800х3мм SW-00001886
SW-00001886	Fono Market	79493	560	1	560	0	unavailable	142254	510189054	https://rozetka.com.ua/ua/510189054/p510189054/	Вологопоглинаючий килимок 50х80х3мм SW-00001886
SW-00001886	GZoo	139880	368	1	368	0	unavailable	142254	515881499	https://rozetka.com.ua/ua/515881499/p515881499/	Вологопоглинаючий килимок 50*80CM*3MM (D) SW-00001886
SW-00001886	lookoboi	56952	375	1	375	0	unavailable	142254	532561809	https://rozetka.com.ua/ua/532561809/p532561809/	Вологопоглинаючий килимок 500х800х3 мм SW-00001886
SW-00001886	ВінБудІмперіал	240759	440	1	440	0	unavailable	142254	572710009	https://rozetka.com.ua/ua/572710009/p572710009/	Вологопоглинаючий килимок 50х80х3мм SW-00001886
SW-00001886	lookoboi	56952	375	1	375	0	unavailable	142254	604587754	https://rozetka.com.ua/ua/604587754/p604587754/	Вологопоглинаючий килимок 500х800х3 мм SW-00001886
SW-00002545	FOUKS	20886	400	1	400	0	available	142254	491192354	https://rozetka.com.ua/ua/491192354/p491192354/	Діатомітовий килимок вхідний суперпоглинаючий під Сіре дерево дошки 50х80смх3мм антиковзний прогумований
SW-00002545	Потрібне	274903	500	1	500	0	available	142254	595274755	https://rozetka.com.ua/ua/595274755/p595274755/	Килимок Sticker Wall для ванної кімнати, діатомітовий для кухні антиковзний вологопоглинаючий 50х80х3мм SW-00002545
SW-00002545	LFcolor	213998	400	1	400	0	available	142254	600355312	https://rozetka.com.ua/ua/600355312/p600355312/	Хвильовий кілик для вугілля 500х800х3мм SW-00002545
SW-00002545	3DDD	188802	366	1	366	443	available	142254	498966834	https://rozetka.com.ua/ua/498966834/p498966834/	Вологопоглинаючий килимок Sticker Wall 50*80см*3мм (D) SW-2545
SW-00002545	Днепрлюкс	146605	400	1	400	0	available	142254	488031039	https://rozetka.com.ua/ua/488031039/p488031039/	Вологопоглинаючий килимок 50*80CM*3MM (D) SW-00002545
SW-00002545	LoftWall	210021	400	1	400	0	available	142254	484959489	https://rozetka.com.ua/ua/484959489/p484959489/	Вологопоглинаючий килимок 50*80CM*3MM (D) SW-00002545
SW-00002545	Happy Valise	44840	483	1	483	0	available	142254	485882899	https://rozetka.com.ua/ua/485882899/p485882899/	Вологопоглинаючий килимок 50x80CMx3MM (D) SW-00002545
SW-00002545	Shywon	237919	458	1	458	0	available	142254	544805200	https://rozetka.com.ua/ua/3d-paneli-sticker-wall-150158645/p544805200/	Вологопоглинаючий килимок 500х800х3мм SW-00002545
SW-00002545	Translation tools	112501	504	1	504	0	available	142254	566743090	https://rozetka.com.ua/ua/566743090/p566743090/	Вологопоглинаючий килимок Sticker Wall 50х80 см Коричневий (SW-00002545)
SW-00002545	ukriloom	226664	412	1	412	0	available	142254	579878272	https://rozetka.com.ua/ua/579878272/p579878272/	Вологопоглинаючий килимок 500х800х3мм SW-00002545
SW-00002545	RMService	15008	799	1	799	999	available	142254	563987415	https://rozetka.com.ua/ua/kovrovye-izdeliya-wb-157505190/p563987415/	Вологопоглинаючий коврик 50х80х3мм(SW-00002545)(WB)
SW-00002545	SHEF LIFE	124373	500	1	500	540	available	142254	557127693	https://rozetka.com.ua/ua/kovrovye-izdeliya-sticker-wall-155007171/p557127693/	Вологопоглинаючий килимок 50х80х3мм SW-00002545
SW-00002545	Bravion Store	276091	400	1	400	0	available	142254	597039997	https://rozetka.com.ua/ua/597039997/p597039997/	Вологопоглинаючий килимок 500х800х3мм SW-00002545
SW-00002545	PROStikerUa	217718	400	1	400	536	available	142254	569468353	https://rozetka.com.ua/ua/569468353/p569468353/	Вологопоглинаючий килимок Sticker Wall 50*80см*3мм (D) SW-00002545
SW-00002545	D`n`D Group	17032	400	1	400	0	available	142254	487234184	https://rozetka.com.ua/ua/487234184/p487234184/	Вологопоглинаючий килимок 50х80х3мм SW-00002545 (SW-00002545)
SW-00002545	K-Warehouse	217766	421	1	421	0	available	142254	491151174	https://rozetka.com.ua/ua/491151174/p491151174/	Вологопоглинаючий килимок 50*80CM*3MM (D) SW-00002545
SW-00002545	MC LitWin	265009	439	1	439	0	available	142254	599110483	https://rozetka.com.ua/ua/599110483/p599110483/	Вологопоглинаючий килимок Sticker Wall 500х800х3 мм (SW-00002545)
SW-00002545	The world of ideas	166476	488	1	488	0	available	142254	493672929	https://rozetka.com.ua/ua/493672929/p493672929/	Вологопоглинаючий килимок 50x80смx3мм (D) SW-00002545
SW-00002545	Знак якості	138753	470	1	470	0	available	142254	610155623	https://rozetka.com.ua/ua/610155623/p610155623/	Вологопоглинаючий килимок 500х800х3мм SW-00002545
SW-00002545	TechnoPrime	33201	440	1	440	0	available	142254	556522914	https://rozetka.com.ua/ua/kovrovye-izdeliya-sticker-wall-154831231/p556522914/	Вологопоглинаючий коврик 50х80х3мм SW-00002545
SW-00002545	NIVENTO	271966	600	1	600	1080	available	142254	601664434	https://rozetka.com.ua/ua/601664434/p601664434/	Вологопоглинаючий килимок 500х800х3мм SW-00002545
SW-00002545	THERMOTRADE	104545	400	1	400	0	unavailable	142254	547293822	https://rozetka.com.ua/ua/kovrovye-izdeliya-sticker-wall-151299543/p547293822/	Вологопоглинаючий коврик 50х80х3мм SW-00002545
SW-00002545	HomeproUA	234939	383	1	383	0	unavailable	142254	557158080	https://rozetka.com.ua/ua/prochaya-melkaya-tehnika-sticker-wall-154964300/p557158080/	Вологопоглинаючий килимок 50х80х3мм SW-00002545
SW-00002545	In2time	227604	440	1	440	0	unavailable	142254	550116453	https://rozetka.com.ua/ua/kovrovye-izdeliya-sticker-wall-152318908/p550116453/	Вологопоглинаючий килимок 50х80х3мм SW-00002545
SW-00002545	ВінБудІмперіал	240759	440	1	440	0	unavailable	142254	572710231	https://rozetka.com.ua/ua/572710231/p572710231/	Вологопоглинаючий килимок 50х80х3мм SW-00002545
SW-00002545	STICO_PANEL	263347	400	1	400	0	unavailable	142254	569765143	https://rozetka.com.ua/ua/569765143/p569765143/	Вологопоглинаючий килимок 50х80х3мм SW-00002545
SW-00002545	lookoboi	56952	375	1	375	0	unavailable	142254	604587955	https://rozetka.com.ua/ua/604587955/p604587955/	Вологопоглинаючий килимок 500х800х3 мм "Під дерево сірий" SW-00002545
SW-00002545	СКАЙТУЛЗ	153858	368	1	368	0	unavailable	142254	485872059	https://rozetka.com.ua/ua/485872059/p485872059/	Вологопоглинаючий килимок 50*80CM*3MM (D) SW-00002545
SW-00002545	Мережа можливостей	194715	330	1	330	0	unavailable	142254	508332859	https://rozetka.com.ua/ua/508332859/p508332859/	Вологопоглинаючий килимок 50х80х3мм SW-00002545
SW-00002545	Fono Market	79493	462	1	462	0	unavailable	142254	510191164	https://rozetka.com.ua/ua/510191164/p510191164/	Вологопоглинаючий килимок 50х80х3мм SW-00002545
SW-00002545	LFcolor	213998	400	1	400	0	unavailable	142254	518779679	https://rozetka.com.ua/ua/518779679/p518779679/	Вологопоглинаючий килимок 500х800х3мм SW-00002545
SW-00002545	lookoboi	56952	375	1	375	0	unavailable	142254	532561474	https://rozetka.com.ua/ua/532561474/p532561474/	Вологопоглинаючий килимок 500х800х3 мм "Під дерево сірий" SW-00002545
SW-00002557	LFcolor	213998	92	1	92	0	available	142254	600352930	https://rozetka.com.ua/ua/600352930/p600352930/	Хвильовий клімок для гоління 400х600х3мм SW-00002557
SW-00002557	3DDD	188802	83	1	83	100	available	142254	498967029	https://rozetka.com.ua/ua/498967029/p498967029/	Вологопоглинаючий килимок Sticker Wall 40*60см*3мм (D) SW-2557
SW-00002557	FOUKS	20886	92	1	92	260	available	142254	491192359	https://rozetka.com.ua/ua/491192359/p491192359/	Діатомітовий килимок суперпоглинаючий Натуральне дерево дошки 40х60смх3мм антиковзний прогумований вхідний
SW-00002557	MC LitWin	265009	99	1	99	0	available	142254	599107936	https://rozetka.com.ua/ua/599107936/p599107936/	Вологопоглинаючий килимок Sticker Wall 400х600х3 мм (SW-00002557)
SW-00002557	Translation tools	112501	116	1	116	328	available	142254	566744080	https://rozetka.com.ua/ua/566744080/p566744080/	Вологопоглинаючий килимок Sticker Wall 40х60 см Коричневий (SW-00002557)
SW-00002557	NIVENTO	271966	138	1	138	249	available	142254	601661938	https://rozetka.com.ua/ua/601661938/p601661938/	Вологопоглинаючий килимок 400х600х3мм SW-00002557
SW-00002557	The world of ideas	166476	110	1	110	0	available	142254	493675279	https://rozetka.com.ua/ua/493675279/p493675279/	Вологопоглинаючий килимок 40x60смx3мм (D) SW-00002557
SW-00002557	K-Warehouse	217766	95	1	95	0	available	142254	491150754	https://rozetka.com.ua/ua/491150754/p491150754/	Вологопоглинаючий килимок 40*60CM*3MM (D) SW-00002557
SW-00002557	LoftWall	210021	92	1	92	260	available	142254	484959509	https://rozetka.com.ua/ua/484959509/p484959509/	Вологопоглинаючий килимок 40*60CM*3MM (D) SW-00002557
SW-00002557	Shywon	237919	104	1	104	0	available	142254	544804610	https://rozetka.com.ua/ua/3d-paneli-sticker-wall-150159440/p544804610/	Вологопоглинаючий килимок 400х600х3мм SW-00002557
SW-00002557	SHEF LIFE	124373	115	1	115	124	available	142254	557127462	https://rozetka.com.ua/ua/kovrovye-izdeliya-sticker-wall-155007047/p557127462/	Вологопоглинаючий килимок 40х60х3мм SW-00002557
SW-00002557	TechnoPrime	33201	101	1	101	0	available	142254	556522881	https://rozetka.com.ua/ua/kovrovye-izdeliya-sticker-wall-154831308/p556522881/	Вологопоглинаючий коврик 40х60х3мм SW-00002557
SW-00002557	RMService	15008	449	1	449	649	available	142254	574066060	https://rozetka.com.ua/ua/574066060/p574066060/	Вологопоглинаючий коврик 400 х 600 х 3 мм SW-00002557 (Sticker Wall)
SW-00002557	PROStikerUa	217718	92	1	92	123	available	142254	569468233	https://rozetka.com.ua/ua/569468233/p569468233/	Вологопоглинаючий килимок Sticker Wall 40*60см*3мм (D) SW-00002557
SW-00002557	ukriloom	226664	95	1	95	0	available	142254	579878263	https://rozetka.com.ua/ua/579878263/p579878263/	Вологопоглинаючий килимок 400х600х3мм SW-00002557
SW-00002557	Секрети шопінгу	268996	154	1	154	0	available	142254	580813813	https://rozetka.com.ua/ua/580813813/p580813813/	Вологопоглинаючий коврик 40х60х3мм SW-00002557
SW-00002557	Happy Valise	44840	112	1	112	314	available	142254	485883014	https://rozetka.com.ua/ua/485883014/p485883014/	Вологопоглинаючий килимок 40x60CMx3MM (D) SW-00002557
SW-00002557	3D Loft	69844	92	1	92	0	available	142254	486156164	https://rozetka.com.ua/ua/486156164/p486156164/	Вологопоглинаючий килимок 40*60CM*3MM (D) SW-00002557
SW-00002557	Знак якості	138753	106	1	106	0	available	142254	610155650	https://rozetka.com.ua/ua/610155650/p610155650/	Вологопоглинаючий килимок 400х600х3мм SW-00002557
SW-00002557	D`n`D Group	17032	92	1	92	0	available	142254	487234094	https://rozetka.com.ua/ua/487234094/p487234094/	Вологопоглинаючий килимок 40х60х3мм SW-00002557 (SW-00002557)
SW-00002557	Днепрлюкс	146605	92	1	92	0	available	142254	488031074	https://rozetka.com.ua/ua/488031074/p488031074/	Вологопоглинаючий килимок 40*60CM*3MM(D) SW-00002557
SW-00002557	AVO-LAVKA	114191	124	1	124	138	available	142254	598793878	https://rozetka.com.ua/ua/598793878/p598793878/	Вологопоглинаючий коврик 400х600х3мм SW-00002557
SW-00002557	Davelia Shop	283358	115	1	115	0	available	142254	617293745	https://rozetka.com.ua/ua/617293745/p617293745/	Вологопоглинаючий килимок 400х600х3мм SW-00002557
SW-00002557	Torg Landiya	92929	96	1	96	101	available	142254	522505419	https://rozetka.com.ua/ua/522505419/p522505419/	Вологопоглинаючий коврик 40*60CM*3MM (D) SW-00002557
SW-00002557	Потрібне	274903	192	1	192	0	available	142254	595274719	https://rozetka.com.ua/ua/595274719/p595274719/	Вологопоглинаючий килимок Sticker Wall 400х600х3мм SW-00002557
SW-00002557	Bravion Store	276091	92	1	92	0	available	142254	597136999	https://rozetka.com.ua/ua/597136999/p597136999/	Вологопоглинаючий килимок 400х600х3мм SW-00002557
SW-00002557	THERMOTRADE	104545	260	1	260	0	unavailable	142254	547293762	https://rozetka.com.ua/ua/kovrovye-izdeliya-sticker-wall-151299529/p547293762/	Вологопоглинаючий коврик 40х60х3мм SW-00002557
SW-00002557	In2time	227604	116	1	116	0	unavailable	142254	550115985	https://rozetka.com.ua/ua/kovrovye-izdeliya-sticker-wall-152318431/p550115985/	Вологопоглинаючий килимок 40х60х3мм SW-00002557
SW-00002557	Timeless Touch	245469	170	1	170	172	unavailable	142254	551747721	https://rozetka.com.ua/ua/kovrovye-izdeliya-sticker-wall-152582856/p551747721/	Вологопоглинаючий килимок 40х60х3мм SW-00002557
SW-00002557	ukriloom	226664	170	1	170	0	unavailable	142254	559056006	https://rozetka.com.ua/ua/kovrovye-izdeliya-sticker-wall-155489963/p559056006/	Вологопоглинаючий килимок 40х60х3мм SW-00002557
SW-00002557	ВінБудІмперіал	240759	286	1	286	0	unavailable	142254	572710252	https://rozetka.com.ua/ua/572710252/p572710252/	Вологопоглинаючий килимок 40х60х3мм SW-00002557
SW-00002557	STICO_PANEL	263347	92	1	92	0	unavailable	142254	569765296	https://rozetka.com.ua/ua/569765296/p569765296/	Вологопоглинаючий килимок 40х60х3мм SW-00002557
SW-00002557	ВінБудІмперіал	240759	286	1	286	0	unavailable	142254	583064062	https://rozetka.com.ua/ua/583064062/p583064062/	Вологопоглинаючий килимок 40х60х3мм SW-00002557
SW-00002557	MegaChoice	249209	280	1	280	340	unavailable	142254	555997653	https://rozetka.com.ua/ua/kovrovye-izdeliya-sticker-wall-154856484/p555997653/	Вологопоглинальний килимок 40×60×3 мм
SW-00002557	Homent	255285	92	1	92	0	unavailable	142254	578472415	https://rozetka.com.ua/ua/578472415/p578472415/	Вологопоглинаючий коврик Sticker Wall 40х60х3мм (SW-00002557)
SW-00002557	windows&doors shop	208467	150	1	150	0	unavailable	142254	571838338	https://rozetka.com.ua/ua/571838338/p571838338/	Вологопоглинаючий килимок 40х60х3мм SW-00002557
SW-00002557	Декостра	278257	92	1	92	0	unavailable	142254	602309845	https://rozetka.com.ua/ua/602309845/p602309845/	Вологопоглинаючий килимок 400х600х3мм SW-00002557
SW-00002557	СКАЙТУЛЗ	153858	173	1	173	0	unavailable	142254	485872069	https://rozetka.com.ua/ua/485872069/p485872069/	Вологопоглинаючий килимок 40*60CM*3MM (D) SW-00002557
SW-00002557	ViDen	265006	100	1	100	0	unavailable	142254	605309071	https://rozetka.com.ua/ua/605309071/p605309071/	Вологопоглинаючий килимок 400х600х3мм SW-00002557
SW-00002557	TOWER	83595	131	1	131	0	unavailable	142254	491157779	https://rozetka.com.ua/ua/491157779/p491157779/	Вологопоглинаючий коврик 40*60CM*3MM (D) SW-00002557
SW-00002557	lookoboi	56952	195	1	195	0	unavailable	142254	604587853	https://rozetka.com.ua/ua/604587853/p604587853/	Вологопоглинаючий килимок 400х600х3 мм "Під дерево" SW-00002557
SW-00002557	Мережа можливостей	194715	170	1	170	0	unavailable	142254	508333019	https://rozetka.com.ua/ua/508333019/p508333019/	Вологопоглинаючий килимок 40х60х3мм SW-00002557
SW-00002557	Fono Market	79493	238	1	238	0	unavailable	142254	510189264	https://rozetka.com.ua/ua/510189264/p510189264/	Вологопоглинаючий килимок 40х60х3мм SW-00002557
SW-00002557	GZoo	139880	106	1	106	0	unavailable	142254	515881874	https://rozetka.com.ua/ua/515881874/p515881874/	Вологопоглинаючий килимок 40*60CM*3MM(D) SW-00002557
SW-00002557	LFcolor	213998	92	1	92	0	unavailable	142254	518779659	https://rozetka.com.ua/ua/518779659/p518779659/	Вологопоглинаючий килимок 400х600х3мм SW-00002557
SW-00002557	lookoboi	56952	195	1	195	0	unavailable	142254	532561779	https://rozetka.com.ua/ua/532561779/p532561779/	Вологопоглинаючий килимок 400х600х3 мм "Під дерево" SW-00002557
SW-00002557	ukriloom	226664	170	1	170	0	unavailable	142254	538177464	https://rozetka.com.ua/ua/kovrovye-izdeliya-sticker-wall-148807787/p538177464/	Вологопоглинаючий килимок 40х60х3мм SW-00002557
SW-00002557	HomeproUA	234939	207	1	207	0	unavailable	142254	557158524	https://rozetka.com.ua/ua/prochaya-melkaya-tehnika-sticker-wall-154963852/p557158524/	Вологопоглинаючий килимок 40х60х3мм SW-00002557
SW-00002557	IWantAll	265288	145	1	145	0	unavailable	142254	612522389	https://rozetka.com.ua/ua/612522389/p612522389/	Вологопоглинаючий килимок SW-00002557 40х60 см Діатоміт Гума для ванної Sticker Wall DPO_SW-00002557
SW-00001713	ukriloom	226664	201	1	201	0	available	4625415	588396442	https://rozetka.com.ua/ua/588396442/p588396442/	Композитна плитка ДПК 300х300х23мм Вугілля (D) SW-00001713
SW-00001713	NIVENTO	271966	270	1	270	486	available	4625415	601665265	https://rozetka.com.ua/ua/601665265/p601665265/	Композитна плитка ДПК 300х300х23мм Вугілля (D) SW-00001713
SW-00001713	LoftWall	210021	195	1	195	0	available	4641072	430493171	https://build.rozetka.com.ua/ua/430493171/p430493171/	Композитна плитка WPC вугілля 30*30CM*2СM (D) SW-00001713
SW-00001713	Декостра	278257	180	1	180	0	available	4629548	602309740	https://build.rozetka.com.ua/ua/602309740/p602309740/	Композитна плитка ДПК 300х300х23мм Вугілля (D) SW-00001713
SW-00001713	Top Buyer	4551	243	1	243	282	available	4629548	593033125	https://build.rozetka.com.ua/ua/593033125/p593033125/	Модульне покриття для підлоги Sticker Wall SW-00001713 ДПК 300х300х23 мм Вугілля (TBiz17152)
SW-00001713	LFcolor	213998	195	1	195	0	available	4629548	600359830	https://build.rozetka.com.ua/ua/600359830/p600359830/	Композитна плитка ДПК 300х300х23мм Вугілля (D) SW-00001713
SW-00001713	SHEF LIFE	124373	244	1	244	263	available	4629548	588358159	https://build.rozetka.com.ua/ua/588358159/p588358159/	Композитна плитка ДПК 300х300х23мм Вугілля (D) SW-00001713
SW-00001713	Потрібне	274903	295	1	295	0	available	4629548	595276438	https://build.rozetka.com.ua/ua/595276438/p595276438/	Композитна плитка Sticker Wall ДПК 300х300х23мм Вугілля (D) SW-00001713
SW-00001713	Lavkamarka	227099	195	1	195	0	available	4641184	590251315	https://build.rozetka.com.ua/ua/590251315/p590251315/	Композитна плитка ДПК 300х300х23мм Вугілля SW-00001713 — садовий паркет, декінг вельвет темно-сірий
SW-00001713	Neo	10639	243	1	243	282	available	4641184	592843021	https://build.rozetka.com.ua/ua/592843021/p592843021/	Модульне покриття для підлоги Sticker Wall SW-00001713 ДПК 300х300х23 мм Вугілля (Niz17152)
SW-00001713	МАЙЯ	20508	210	1	210	0	available	4641184	592975132	https://build.rozetka.com.ua/ua/592975132/p592975132/	Композитна плитка ДПК 300х300х23мм Вугілля (D) SW-00001713
SW-00001713	UNIVERmag	12608	243	1	243	282	available	4641184	593492857	https://build.rozetka.com.ua/ua/593492857/p593492857/	Модульне покриття для підлоги Sticker Wall SW-00001713 ДПК 300х300х23 мм Вугілля
SW-00001713	GrandBuyer	37544	243	1	243	282	available	4641184	593594956	https://build.rozetka.com.ua/ua/593594956/p593594956/	Модульне покриття для підлоги Sticker Wall SW-00001713 ДПК 300х300х23 мм Вугілля (SHiz17152)
SW-00001713	Premium Price	148999	215	1	215	0	available	4641072	588550807	https://build.rozetka.com.ua/ua/588550807/p588550807/	Композитна плитка ДПК 300х300х23мм Вугілля (D) SW-00001713
SW-00001713	RSI	48100	180	1	180	0	available	4641184	440483780	https://build.rozetka.com.ua/ua/440483780/p440483780/	Композитна плитка WPC вугілля 30*30CM*2СM (D) SW-00001713
SW-00001713	K-Warehouse	217766	200	1	200	0	available	4629548	584403082	https://build.rozetka.com.ua/ua/584403082/p584403082/	Композитна плитка WPC вугілля 30*30CM*2СM (D) SW-00001713
SW-00001713	AVO-LAVKA	114191	263	1	263	293	available	4641184	598794247	https://build.rozetka.com.ua/ua/598794247/p598794247/	Композитна плитка ДПК 300х300х23мм Вугілля (D) SW-00001713
SW-00001713	ZHOSAR	275845	195	1	195	0	available	4641184	603698152	https://build.rozetka.com.ua/ua/603698152/p603698152/	Композитна плитка ДПК 300х300х23мм Вугілля (D) SW-00001713
SW-00001713	MC LitWin	265009	209	1	209	0	available	4641184	604505992	https://build.rozetka.com.ua/ua/604505992/p604505992/	Модульне покриття для підлоги Sticker Wall SW-00001713 ДПК 300х300х23 мм Вугілля
SW-00001713	Shywon	237919	218	1	218	0	available	4629548	588247501	https://build.rozetka.com.ua/ua/588247501/p588247501/	Композитна плитка ДПК 300х300х23мм Вугілля (D) SW-00001713
SW-00001713	TechnoPrime	33201	215	1	215	0	available	4641184	603174037	https://build.rozetka.com.ua/ua/603174037/p603174037/	Композитна плитка ДПК 300х300х23мм Вугілля (D) SW-00001713
SW-00001713	Bravion Store	276091	225	1	225	0	available	4641184	598420660	https://build.rozetka.com.ua/ua/598420660/p598420660/	Композитна плитка ДПК 300х300х23мм Вугілля (D) SW-00001713
SW-00001713	Davelia Shop	283358	244	1	244	0	available	4641184	616822526	https://build.rozetka.com.ua/ua/616822526/p616822526/	Композитна плитка ДПК 300х300х23мм Вугілля (D) SW-00001713
SW-00001713	PeRoHome	282119	299	1	299	0	available	4641184	613016603	https://build.rozetka.com.ua/ua/613016603/p613016603/	Композитна плитка ДПК 300х300х23мм Вугілля (D) SW-00001713
SW-00001713	PARADISE	269545	215	1	215	314	available	4641184	603751018	https://build.rozetka.com.ua/ua/603751018/p603751018/	Пластикова садова плитка ДПК WPC під дерево 300х300х23 мм деревинно-полімерна композитна модульна замкова дошка покриття для підлоги тераси ґанку та доріжок Вугілля
SW-00001713	Wide Range	211532	224	1	224	0	available	4641184	600292924	https://build.rozetka.com.ua/ua/600292924/p600292924/	Композитна плитка WPC 30х30х2см Вугілля
SW-00001713	SUN HEAT	17072	225	1	225	0	available	4641072	590636365	https://build.rozetka.com.ua/ua/590636365/p590636365/	Плитка з ДПК 300х300х23мм Вугілля терасна антиковзаюча замкова для вулиці саду без клею
SW-00001713	3DDD	188802	174	1	174	211	unavailable	4641072	409129071	https://build.rozetka.com.ua/ua/409129071/p409129071/	Композитна плитка Sticker Wall WPC вугілля 30 х 30см х 2см (D) SW-00001713
SW-00001713	SalePanel	208605	129	1	129	0	unavailable	4641072	431248877	https://build.rozetka.com.ua/ua/431248877/p431248877/	Композитна плитка WPC вугілля 30*30CM*2СM SW-00001713
SW-00001713	STICO_PANEL	263347	180	1	180	0	unavailable	4641184	569765056	https://build.rozetka.com.ua/ua/569765056/p569765056/	Композитна плитка WPC 30х30х2см Вугілля (D) SW-00001713
SW-00001713	Ентемпс	211401	188	1	188	0	unavailable	4659010	573034666	https://build.rozetka.com.ua/ua/573034666/p573034666/	Композитна плитка WPC вугілля 30*30CM*2СM (D) SW-00001713
SW-00001713	Eкoimpecks	267547	195	1	195	0	unavailable	4650081	588543460	https://build.rozetka.com.ua/ua/588543460/p588543460/	Композитна плитка ДПК 300х300х23мм Вугілля (D) SW-00001713
SW-00001713	Kind Host	272923	180	1	180	0	unavailable	4629548	591066490	https://build.rozetka.com.ua/ua/591066490/p591066490/	Композитна плитка ДПК 300х300х23мм Вугілля (D) SW-00001713
SW-00001713	ViDen	265006	210	1	210	0	unavailable	4659004	605311510	https://build.rozetka.com.ua/ua/605311510/p605311510/	Композитна плитка ДПК 300х300х23мм Вугілля (D) SW-00001713
SW-00001713	LFcolor	213998	195	1	195	0	unavailable	4629548	588850078	https://build.rozetka.com.ua/ua/588850078/p588850078/	Композитна плитка ДПК 300х300х23мм Вугілля (D) SW-00001713
SW-00001713	Bass Culture	269902	195	1	195	0	unavailable	4650081	589910308	https://build.rozetka.com.ua/ua/589910308/p589910308/	Композитна плитка ДПК 300х300х23мм Вугілля (D) SW-00001713
SW-00001713	Букаляба	266473	195	1	195	0	unavailable	4629548	590727514	https://build.rozetka.com.ua/ua/590727514/p590727514/	Композитна плитка ДПК 300х300х23мм Вугілля (D) SW-00001713
SW-00001713	MimiPlay	238949	195	1	195	0	unavailable	4648788	606306874	https://build.rozetka.com.ua/ua/606306874/p606306874/	Композитна плитка ДПК 300х300х23мм Вугілля (D) SW-00001713
SW-00001713	MegaChoice	249209	235	1	235	335	unavailable	4641072	588347092	https://build.rozetka.com.ua/ua/588347092/p588347092/	Композитна терасна плитка ДПК 300х300х23 мм Вугілля
SW-00001713	FOUKS	20886	148	1	148	0	unavailable	4641072	428238791	https://build.rozetka.com.ua/ua/428238791/p428238791/	Композитна плитка на балкон WPC Графітове дерево під дошки 30х30х2см модульне покриття для підлоги.
SW-00002259	MC LitWin	265009	1875	1	1875	0	available	4641784	599110492	https://rozetka.com.ua/ua/599110492/p599110492/	Стелаж для зберігання триярусний Sticker Wall 60х30х77 см (SW-00002259)
SW-00002259	Декостра	278257	1780	1	1780	0	available	4648182	602649703	https://rozetka.com.ua/ua/602649703/p602649703/	Стелаж універсальний для зберігання триярусний 60х30х77см SW-00002259
SW-00002259	Davelia Shop	283358	2114	1	2114	0	available	4648182	616337255	https://rozetka.com.ua/ua/616337255/p616337255/	Стелаж універсальний для зберігання триярусний 60х30х77см SW-00002259
SW-00002259	PROStikerUa	217718	1691	1	1691	2266	available	4652744	477278579	https://rozetka.com.ua/ua/477278579/p477278579/	Стелаж універсальний для зберігання триярусний 60*30*77см SW-00002259
SW-00002259	TechnoPrime	33201	1860	1	1860	0	available	4629178	556523178	https://rozetka.com.ua/ua/stellaji-i-konsoli-sticker-wall-154831324/p556523178/	Стелаж універсальний для зберігання триярусний 60х30х77см SW-00002259
SW-00002259	Днепрлюкс	146605	1691	1	1691	0	available	4629178	477834029	https://rozetka.com.ua/ua/477834029/p477834029/	Стелаж універсальний для зберігання триярусний 60*30*77см SW-00002259
SW-00002259	Shywon	237919	1953	1	1953	0	available	4629178	544808490	https://rozetka.com.ua/ua/3d-paneli-sticker-wall-150159636/p544808490/	Стелаж універсальний для зберігання триярусний 60х30х77см SW-00002259
SW-00002259	SHEF LIFE	124373	2114	1	2114	2283	available	4629178	557126538	https://rozetka.com.ua/ua/stellaji-i-konsoli-sticker-wall-155006922/p557126538/	Стелаж універсальний для зберігання триярусний 60х30х77см SW-00002259
SW-00002259	D`n`D Group	17032	1691	1	1691	0	available	4629178	478366564	https://rozetka.com.ua/ua/478366564/p478366564/	Стелаж універсальний для зберігання триярусний 60х30х77см SW-00002259 (SW-00002259)
SW-00002259	K-Warehouse	217766	1797	1	1797	0	available	4629178	476815619	https://rozetka.com.ua/ua/476815619/p476815619/	Стелаж універсальний для зберігання триярусний 60*30*77см SW-00002259
SW-00002259	3D Loft	69844	1691	1	1691	0	available	4629178	484507274	https://rozetka.com.ua/ua/484507274/p484507274/	Стелаж універсаньний для зберігання триярусний 60*30*77см SW-00002259
SW-00002259	PeRoHome	282119	3999	1	3999	0	available	4629178	613272290	https://rozetka.com.ua/ua/613272290/p613272290/	Стелаж універсальний для зберігання триярусний 60х30х77см SW-00002259
SW-00002259	LFcolor	213998	1691	1	1691	0	available	4629178	600347488	https://rozetka.com.ua/ua/600347488/p600347488/	Стелаж універсальний для зберігання триярусний 60х30х77см SW-00002259
SW-00002259	RMService	15008	4699	1	4699	5999	available	4629178	577858879	https://rozetka.com.ua/ua/577858879/p577858879/	Стелаж універсальний для зберігання триярусний 60 х 30 х 77 см SW-00002259(Sticker Wall)
SW-00002259	Bo Smv om	51510	1691	1	1691	0	available	4629178	613835969	https://rozetka.com.ua/ua/613835969/p613835969/	Стелаж універсальний для зберігання триярусний 60х30х77см SW-00002259
SW-00002259	Roomland	241419	1691	1	1691	2200	available	4629178	529887894	https://rozetka.com.ua/ua/529887894/p529887894/	Стелаж господарський 60х30х77см універсальний, металевий, 3 полиці, з коліщатками
SW-00002259	For the home	103153	1691	1	1691	2005	available	4629178	608158706	https://rozetka.com.ua/ua/608158706/p608158706/	Стелаж універсальний для зберігання триярусний 60х30х77 см
SW-00002259	3DDD	188802	1562	1	1562	1890	available	4629178	478781669	https://rozetka.com.ua/ua/478781669/p478781669/	Стелаж універсальний Sticker Wall для зберігання триярусний 60*30*77см SW-2259
SW-00002259	TOWER	83595	2474	1	2474	3255	available	4629178	618722099	https://rozetka.com.ua/ua/618722099/p618722099/	Стелаж універсальний для зберігання триярусний 60 х 30 х 77 см 2259
SW-00002259	In2time	227604	1958	1	1958	0	unavailable	4629178	550116972	https://rozetka.com.ua/ua/stellaji-i-konsoli-sticker-wall-152318830/p550116972/	Стелаж універсальний для зберігання триярусний 60х30х77см SW-00002259
SW-00002259	HomeproUA	234939	3320	1	3320	0	unavailable	4629178	557155653	https://rozetka.com.ua/ua/prochaya-melkaya-tehnika-sticker-wall-154961788/p557155653/	Стелаж універсальний для зберігання триярусний 60х30х77см SW-00002259
SW-00002259	Homent	255285	1691	1	1691	0	unavailable	4629178	578474806	https://rozetka.com.ua/ua/578474806/p578474806/	Стелаж універсальний Sticker Wall для зберігання триярусний 60х30х77см (SW-00002259)
SW-00002259	TOWER	83595	2474	1	2474	0	unavailable	4629178	479924749	https://rozetka.com.ua/ua/479924749/p479924749/	Стелаж універсальний для зберігання триярусний 60*30*77см SW-00002259
SW-00002259	LFcolor	213998	1780	1	1780	0	unavailable	4629178	485910829	https://rozetka.com.ua/ua/485910829/p485910829/	Стелаж універсальний для зберігання триярусний 60х30х77см SW-00002259
SW-00002259	ViDen	265006	1888	1	1888	0	unavailable	4629178	605309518	https://rozetka.com.ua/ua/605309518/p605309518/	Стелаж універсальний для зберігання триярусний 60х30х77см SW-00002259
SW-00002259	Plumbing Assistant	211113	3190	1	3190	0	unavailable	4629178	500054044	https://rozetka.com.ua/ua/500054044/p500054044/	Стелаж універсальний для зберігання триярусний 60*30*77см SW-00002259
SW-00002259	Fono Market	79493	4200	1	4200	0	unavailable	4629178	510192334	https://rozetka.com.ua/ua/510192334/p510192334/	Стелаж універсальний для зберігання триярусний 60х30х77см SW-00002259
SW-00002259	Premium Price	148999	3300	1	3300	0	unavailable	4629178	523925029	https://rozetka.com.ua/ua/523925029/p523925029/	Стелаж універсальний для зберігання триярусний 60*30*77см SW-00002259
SW-00002259	Dagaz-shop	83749	3295	1	3295	0	unavailable	4629178	524490199	https://rozetka.com.ua/ua/524490199/p524490199/	Стелаж універсальний для зберігання триярусний 60х30х77см SW-00002259
SW-00002259	Мережа можливостей	194715	3000	1	3000	0	unavailable	4641784	528103824	https://rozetka.com.ua/ua/528103824/p528103824/	Стелаж універсальний для зберігання триярусний 60х30х77см SW-00002259
SW-00002259	ukriloom	226664	3000	1	3000	0	unavailable	4629178	538179194	https://rozetka.com.ua/ua/stellaji-i-konsoli-sticker-wall-148806806/p538179194/	Стелаж універсальний для зберігання триярусний 60х30х77см SW-00002259
SW-00002259	ukriloom	226664	3000	1	3000	0	unavailable	4629178	559055649	https://rozetka.com.ua/ua/stellaji-i-konsoli-sticker-wall-155490404/p559055649/	Стелаж універсальний для зберігання триярусний 60х30х77см SW-00002259
SW-00002259	ВінБудІмперіал	240759	3738	1	3738	0	unavailable	4629178	572770414	https://rozetka.com.ua/ua/572770414/p572770414/	Стелаж універсальний для зберігання триярусний 60х30х77см SW-00002259
SW-00002259	STICO_PANEL	263347	1780	1	1780	0	unavailable	4629178	570721819	https://rozetka.com.ua/ua/570721819/p570721819/	Стелаж універсальний для зберігання триярусний 60х30х77см SW-00002259
SW-00002108	Декостра	278257	650	1	650	0	available	4652744	603157387	https://rozetka.com.ua/ua/603157387/p603157387/	Етажерка мобільна чотириярусна універсальна пластикова 41х25х101см Чорна SW-00002108
SW-00002108	LFcolor	213998	650	1	650	0	unavailable	4629178	600346264	https://rozetka.com.ua/ua/600346264/p600346264/	Етажерка мобільна чотириярусна універсальна пластикова 41х25х101см Чорна SW-00002108
SW-00002108	3D Loft	69844	650	1	650	0	unavailable	4629178	442368827	https://rozetka.com.ua/ua/442368827/p442368827/	Етажерка мобільна чотириярусна універсальна пластикова чорна 41*25*101см SW-00002108
SW-00002108	Bass Culture	269902	650	1	650	0	unavailable	4648806	591955591	https://build.rozetka.com.ua/ua/591955591/p591955591/	Етажерка мобільна чотириярусна універсальна пластикова 41х25х101см Чорна SW-00002108
SW-00002108	SHEF LIFE	124373	813	1	813	0	unavailable	4652751	584305348	https://rozetka.com.ua/ua/584305348/p584305348/	Етажерка мобільна чотириярусна універсальна пластикова 41х25х101см Чорна SW-00002108
SW-00002108	MC LitWin	265009	605	1	605	0	unavailable	4629178	599107945	https://rozetka.com.ua/ua/599107945/p599107945/	Етажерка мобільна чотириярусна універсальна пластикова Sticker Wall чорний 41х25х101 см (SW-00002108)
SW-00002108	Roomland	241419	650	1	650	850	unavailable	4652744	528293449	https://rozetka.com.ua/ua/528293449/p528293449/	Етажерка пластикова чорна 4 яруси 41х25х101 см
SW-00002108	Цікавий	260709	850	1	850	0	unavailable	4652744	580058401	https://rozetka.com.ua/ua/580058401/p580058401/	Етажерка мобільна чотириярусна універсальна пластикова Чорна
SW-00002158	PROStikerUa	217718	850	1	850	1139	available	4648788	466269409	https://build.rozetka.com.ua/ua/466269409/p466269409/	Плівка віконна Sticker Wall 600*10000мм (D) SW-00002158
SW-00002158	Секрети шопінгу	268996	784	1	784	0	available	4648788	580814512	https://build.rozetka.com.ua/ua/580814512/p580814512/	Плівка віконна 600*10000мм (D) SW-00002158
SW-00002158	Потрібне	274903	950	1	950	0	available	4648788	595276330	https://build.rozetka.com.ua/ua/595276330/p595276330/	Плівка віконна 600*10000мм (D) SW-00002158
SW-00002158	MC LitWin	265009	878	1	878	0	available	4648788	599109316	https://build.rozetka.com.ua/ua/599109316/p599109316/	Плівка віконна Sticker Wall 600х10000 мм (SW-00002158)
SW-00002158	LFcolor	213998	850	1	850	0	available	4648788	600353953	https://build.rozetka.com.ua/ua/600353953/p600353953/	Плівка віконна 600*10000мм (D) SW-00002158
SW-00002158	Torg Landiya	92929	888	1	888	935	available	4647678	529569339	https://build.rozetka.com.ua/ua/529569339/p529569339/	Плівка віконна 600*10000мм (D) SW-00002158
SW-00002158	IWantAll	265288	1214	1	1214	0	available	4648788	618939089	https://build.rozetka.com.ua/ua/618939089/p618939089/	Плівка віконна ПВХ SW-00002158 декоративна матова 600x10000мм призматична Sticker Wall DODNLVV_SW-00002158
SW-00002158	Roomland	241419	850	1	850	935	available	4647678	530303929	https://build.rozetka.com.ua/ua/530303929/p530303929/	Плівка для скла ПВХ 6 м², призматична, світлорозсіювальна 600×10000 мм захист від УФ-променів
SW-00002158	In2time	227604	842	1	842	0	unavailable	4648788	550117275	https://build.rozetka.com.ua/ua/samokleyashchiesya-plenki-sticker-wall-152319058/p550117275/	Плівка віконна 600*10000мм (D) SW-00002158
SW-00002164	Happy Valise	44840	288	1	288	345	available	4647678	452448500	https://build.rozetka.com.ua/ua/452448500/p452448500/	Плівка віконна на самоклейці 600*3000 (D) SW-00002164
SW-00002164	Декостра	278257	250	1	250	0	available	4629548	602308759	https://build.rozetka.com.ua/ua/602308759/p602308759/	Плівка віконна 600*3000мм (D) SW-00002164
SW-00002164	Stiker_style	262837	360	1	360	0	available	4647678	567772318	https://build.rozetka.com.ua/ua/567772318/p567772318/	Плівка віконна StikerWall 600*3000мм Вiтражна плiвка з малюнком (SW-00002164)
SW-00002164	LFcolor	213998	250	1	250	0	available	4648788	600354244	https://build.rozetka.com.ua/ua/600354244/p600354244/	Плівка віконна 600*3000мм (D) SW-00002164
SW-00002164	Секрети шопінгу	268996	280	1	280	0	available	4648788	580813246	https://build.rozetka.com.ua/ua/580813246/p580813246/	Плівка віконна 600*3000мм (D) SW-00002164
SW-00002164	PROStikerUa	217718	250	1	250	335	available	4648788	466266429	https://build.rozetka.com.ua/ua/466266429/p466266429/	Плівка віконна Sticker Wall 600*3000мм (D) SW-00002164
SW-00002164	Потрібне	274903	350	1	350	0	available	4648788	595275892	https://build.rozetka.com.ua/ua/595275892/p595275892/	Плівка віконна 600*3000мм (D) SW-00002164
SW-00002164	MC LitWin	265009	266	1	266	0	available	4648788	599110813	https://build.rozetka.com.ua/ua/599110813/p599110813/	Плівка віконна Sticker Wall 600х3000 мм (SW-00002164)
SW-00002164	In2time	227604	297	1	297	0	unavailable	4648788	550116558	https://build.rozetka.com.ua/ua/samokleyashchiesya-plenki-sticker-wall-152319198/p550116558/	Плівка віконна 600*3000мм (D) SW-00002164
SW-00002164	ladybug	36972	280	1	280	340	unavailable	4647678	522233014	https://build.rozetka.com.ua/ua/522233014/p522233014/	Самоклеюча плівка для вікон Sticker Wall 600х3000мм (SW-00002164)
SW-00002291	Wide Range	211532	3520	1	3520	0	available	83646	607016251	https://rozetka.com.ua/ua/607016251/p607016251/	Надувне крісло Коричневе SW-00002291
SW-00002291	Torg Landiya	92929	3678	1	3678	3872	available	83646	573528139	https://rozetka.com.ua/ua/573528139/p573528139/	Надувне крісло коричневе SW-00002291
SW-00002291	TechnoPrime	33201	3872	1	3872	0	available	83646	556523169	https://rozetka.com.ua/ua/naduvnaya-mebel-i-aksessuary-sticker-wall-154831309/p556523169/	Надувне крісло Коричневе SW-00002291
SW-00002291	AVO-LAVKA	114191	4752	1	4752	5280	available	83646	598794910	https://rozetka.com.ua/ua/598794910/p598794910/	Надувне крісло Коричневе SW-00002291
SW-00002291	MC LitWin	265009	4141	1	4141	0	available	83646	599108581	https://rozetka.com.ua/ua/599108581/p599108581/	Надувне крісло Sticker Wall Коричневе 200х430х520 мм (SW-00002291)
SW-00002291	IWantAll	265288	6519	1	6519	0	available	83646	612566606	https://rozetka.com.ua/ua/612566606/p612566606/	Надувне крісло SW-00002291 Коричневе з TPU та поліестеру з насосом Sticker Wall DPO_SW-00002291
SW-00002291	LFcolor	213998	3520	1	3520	0	available	3130405	600355039	https://rozetka.com.ua/ua/600355039/p600355039/	Надувне крісло Коричневе SW-00002291
SW-00002291	In2time	227604	4840	1	4840	0	unavailable	83646	550116252	https://rozetka.com.ua/ua/naduvnaya-mebel-i-aksessuary-sticker-wall-152318218/p550116252/	Надувне крісло Коричневе SW-00002291
SW-00002291	Dagaz-shop	83749	8895	1	8895	0	unavailable	83646	524490189	https://rozetka.com.ua/ua/524490189/p524490189/	Надувне крісло Коричневе SW-00002291
SW-00002291	MegaChoice	249209	5995	1	5995	9300	unavailable	83646	549115659	https://rozetka.com.ua/ua/naduvnaya-mebel-i-aksessuary-sticker-wall-151972528/p549115659/	Надувне крісло коричневе TPU поліестер з насосом
SW-00002366	LoftWall	210021	115	1	115	0	available	4660237	460275154	https://build.rozetka.com.ua/ua/460275154/p460275154/	Мозаїка з декоративного скла шахматка 298х298х4,5мм SW-00002366
SW-00002366	Happy Valise	44840	132	1	132	0	available	4629548	595110634	https://build.rozetka.com.ua/ua/595110634/p595110634/	Мозаїка з декоративного скла Шахматка 298х298х4,5мм SW-00002366
SW-00002366	LFcolor	213998	115	1	115	0	available	4630668	600354601	https://rozetka.com.ua/ua/600354601/p600354601/	Мозаїка з декоративного скла 298х298х4,5мм Шахматка SW-00002366
SW-00002366	Shywon	237919	135	1	135	0	available	4660237	544807800	https://build.rozetka.com.ua/ua/3d-paneli-sticker-wall-150158976/p544807800/	Мозаїка з декоративного скла 298х298х4,5мм Шахматка SW-00002366
SW-00002366	3D Loft	69844	115	1	115	0	available	4660237	460730099	https://build.rozetka.com.ua/ua/460730099/p460730099/	Мозаїка з декоративного скла шахматка 298х298х4,5мм SW-00002366
SW-00002366	Днепрлюкс	146605	115	1	115	0	available	4660237	462578459	https://build.rozetka.com.ua/ua/462578459/p462578459/	Мозаїка з декоративного скла Шахматка 298х298х4,5мм SW-00002366
SW-00002366	D`n`D Group	17032	115	1	115	0	available	4660237	562781220	https://build.rozetka.com.ua/ua/3d-paneli-sticker-wall-157206029/p562781220/	Мозаїка з декоративного скла 298х298х4,5мм Шахматка SW-00002366 (SW-00002366)
SW-00002366	Секрети шопінгу	268996	105	1	105	0	available	4629548	580813630	https://build.rozetka.com.ua/ua/580813630/p580813630/	Мозаїка із декоративного стекла 298х298х4,5мм Шахматка SW-00002366
SW-00002366	МАЙЯ	20508	131	1	131	0	available	4660237	593017672	https://build.rozetka.com.ua/ua/593017672/p593017672/	Мозаїка з декоративного скла 298х298х4,5мм Шахматка SW-00002366
SW-00002366	PRIMAVERA_pro	245169	179	1	179	0	available	4629548	593439712	https://build.rozetka.com.ua/ua/593439712/p593439712/	Мозаїка з декоративного скла 298х298х4,5мм Шахматка SW-00002366
SW-00002366	RMService	15008	215	1	215	299	available	4660237	576397321	https://build.rozetka.com.ua/ua/576397321/p576397321/	Мозаїка із декоративного стекла 298 х 298 х 4,5 мм, шахівниця SW-00002366 (Sticker Wall)
SW-00002366	Юзон	169785	154	1	154	0	available	4660237	562517673	https://build.rozetka.com.ua/ua/plitka-mozaika-sticker-wall-156655508/p562517673/	Мозаїка з декоративного скла STICKER WALL 298*298*4,5мм Шахматка SW-00002366
SW-00002366	SHEF LIFE	124373	144	1	144	155	available	4660237	584306416	https://build.rozetka.com.ua/ua/584306416/p584306416/	Мозаїка з декоративного скла 298х298х4,5мм Шахматка SW-00002366
SW-00002366	PROStikerUa	217718	115	1	115	154	available	4660237	477278614	https://build.rozetka.com.ua/ua/477278614/p477278614/	Мозаїка з декоративного скла Sticker Wall 298х298х4,5мм SW-00002366 шахматка
SW-00002366	K-Warehouse	217766	124	1	124	0	available	4660237	476817329	https://build.rozetka.com.ua/ua/476817329/p476817329/	Мозаїка з декоративного скла шахматка 298х298х4,5мм SW-00002366
SW-00002366	NIVENTO	271966	173	1	173	311	available	4648788	601657702	https://build.rozetka.com.ua/ua/601657702/p601657702/	Мозаїка з декоративного скла 298х298х4,5мм Шахматка SW-00002366
SW-00002366	Декостра	278257	115	1	115	0	available	4629548	602309542	https://build.rozetka.com.ua/ua/602309542/p602309542/	Мозаїка з декоративного скла 298х298х4,5мм Шахматка SW-00002366
SW-00002366	ukriloom	226664	118	1	118	0	available	4660237	593089756	https://build.rozetka.com.ua/ua/593089756/p593089756/	Мозаїка з декоративного скла 298х298х4,5мм Шахматка SW-00002366
SW-00002366	AVO-LAVKA	114191	155	1	155	173	available	4648788	598794070	https://build.rozetka.com.ua/ua/598794070/p598794070/	Мозаїка з декоративного скла 298х298х4,5мм Шахматка SW-00002366
SW-00002366	Потрібне	274903	165	1	165	0	available	4660237	594897898	https://build.rozetka.com.ua/ua/594897898/p594897898/	Мозаїка з декоративного скла Sticker Wall 298х298х4,5мм Шахматка SW-00002366
SW-00002366	Bravion Store	276091	155	1	155	0	available	4629548	598420633	https://build.rozetka.com.ua/ua/598420633/p598420633/	Мозаїка з декоративного скла 298х298х4,5мм Шахматка SW-00002366
SW-00002366	MC LitWin	265009	130	1	130	0	available	4660237	599110453	https://build.rozetka.com.ua/ua/599110453/p599110453/	Мозаїка з декоративного скла Шахматка 2200 Sticker Wall 298х298х4,5 мм (SW-00002366)
SW-00002366	TechnoPrime	33201	127	1	127	0	available	4660237	604313398	https://build.rozetka.com.ua/ua/604313398/p604313398/	Мозаїка з декоративного скла 298х298х4,5мм Шахматка SW-00002366
SW-00002366	Stone Shop	75420	115	1	115	0	available	4660237	604483393	https://build.rozetka.com.ua/ua/604483393/p604483393/	Самоклеюча мозаїка з декоративного скла 298х298х4, 5мм Шахматка SW-00002366
SW-00002366	wow	49996	115	1	115	0	available	4660237	607098373	https://build.rozetka.com.ua/ua/607098373/p607098373/	Мозаїка з декоративного скла шахматка 298х298х4,5мм SW-00002366
SW-00002366	Davelia Shop	283358	144	1	144	0	available	4660237	616823408	https://build.rozetka.com.ua/ua/616823408/p616823408/	Мозаїка з декоративного скла 298х298х4,5мм Шахматка SW-00002366
SW-00002366	3dshoping	214967	135	1	135	0	available	4660237	510514774	https://build.rozetka.com.ua/ua/510514774/p510514774/	Мозаїка із декоративного скла шахівниця 298х298х4,5мм SW-00002366
SW-00002366	PeRoHome	282119	195	1	195	0	available	4629548	613016804	https://build.rozetka.com.ua/ua/613016804/p613016804/	Мозаїка з декоративного скла 298х298х4,5мм Шахматка SW-00002366
SW-00002366	PARADISE	269545	127	1	127	185	available	4660237	603751081	https://build.rozetka.com.ua/ua/603751081/p603751081/	Мозаїка для кухонного фартуха 298х298х4.5 мм на сітці зі скла декоративного для ванної душу басейну хамаму на клейовій основі вологостійке панно чорно-біле
SW-00002366	Wide Range	211532	132	1	132	0	available	4629548	600292882	https://build.rozetka.com.ua/ua/600292882/p600292882/	Дзеркальна скляна мозаїка 298×298×4.5 мм на самоклеючій основі Шахматка
SW-00002366	SUN HEAT	17072	116	1	116	0	available	4660237	590636311	https://build.rozetka.com.ua/ua/590636311/p590636311/	Мозаїка скляна декоративна 298х298х4,5мм самоклейна шахова для стін ванної кухні вологостійка жаростійка геометричний декор акцентна стіна Чорно-біла
SW-00002366	TOWER	83595	171	1	171	225	available	4660237	618467204	https://build.rozetka.com.ua/ua/618467204/p618467204/	Мозаїка з декоративного скла 298 х 298 х 4.5 мм Шахматна 2366
SW-00002366	MegaChoice	249209	125	1	125	250	unavailable	4660237	588404851	https://build.rozetka.com.ua/ua/588404851/p588404851/	Мозаїка скляна самоклеюча 298×298×4,5 мм «Шахматка» для ванної, кухні та декоративних акцентів SW-00002366
SW-00002366	ladybug	36972	115	1	115	125	unavailable	4660237	546576312	https://build.rozetka.com.ua/ua/plitka-mozaika-sticker-wall-151176023/p546576312/	Скляна плитка мозаїка декоративна на клейовій основі Шахматка 298х298х4,5мм Sticker Wall (SW-00002366)
SW-00002366	RCMN	136578	143	1	143	115	unavailable	4660237	548306757	https://build.rozetka.com.ua/ua/plitka-mozaika-bez-brenda-151541298/p548306757/	Мозаїка з декоративного скла 298х298х4, 5мм Шахматка SW-00002366
SW-00002366	HomeproUA	234939	141	1	141	0	unavailable	4641184	557149857	https://build.rozetka.com.ua/ua/3d-paneli-sticker-wall-154963783/p557149857/	Мозаїка з декоративного скла 298х298х4,5мм Шахматка SW-00002366
SW-00002366	lookoboi	56952	128	1	128	0	unavailable	4660237	556426311	https://build.rozetka.com.ua/ua/plitka-mozaika-sticker-wall-154926097/p556426311/	Мозаїка з декоративного скла 298х298х4,5мм Шахматка SW-00002366
SW-00002366	Plumbing Assistant	211113	169	1	169	0	unavailable	4629548	545310663	https://build.rozetka.com.ua/ua/plitka-mozaika-sticker-wall-149940689/p545310663/	Мозаїка з декоративного скла шахматка 298х298х4,5мм SW-00002366
SW-00002366	In2time	227604	113	1	113	0	unavailable	4629548	550116288	https://build.rozetka.com.ua/ua/3d-paneli-sticker-wall-152318248/p550116288/	Мозаїка з декоративного скла 298х298х4,5мм Шахматка SW-00002366
SW-00002366	TOWER	83595	171	1	171	0	unavailable	4660237	569830810	https://build.rozetka.com.ua/ua/569830810/p569830810/	Мозаїка з декоративного скла 298х298х4, 5мм Шахматка SW-00002366
SW-00002366	ukriloom	226664	115	1	115	0	unavailable	4648788	559057278	https://build.rozetka.com.ua/ua/plitka-mozaika-sticker-wall-155490757/p559057278/	Мозаїка з декоративного скла 298х298х4,5мм Шахматка SW-00002366
SW-00002366	Ентемпс	211401	115	1	115	0	unavailable	4660237	573033655	https://build.rozetka.com.ua/ua/573033655/p573033655/	Мозаїка з декоративного скла 298х298х4,5мм Шахматка SW-00002366
SW-00002366	Kind Host	272923	115	1	115	0	unavailable	4660237	591066382	https://build.rozetka.com.ua/ua/591066382/p591066382/	Мозаїка з декоративного скла 298х298х4,5мм Шахматка SW-00002366
SW-00002366	ВінБудІмперіал	240759	132	1	132	0	unavailable	4660237	583061830	https://build.rozetka.com.ua/ua/583061830/p583061830/	Мозаїка з декоративного скла 298х298х4,5мм Шахматка SW-00002366
SW-00002366	THERMOTRADE	104545	113	1	113	0	unavailable	4660237	579796921	https://build.rozetka.com.ua/ua/579796921/p579796921/	Мозаїка з декоративного скла 298х298х4,5мм Шахматка SW-00002366
SW-00002366	IWantAll	265288	156	1	156	0	unavailable	4660237	613327502	https://build.rozetka.com.ua/ua/613327502/p613327502/	Мозаїка скляна самоклеюча Шахматка SW-00002366 298х298х4.5мм глянцева для ванної кухні Sticker Wall DPO_SW-00002366
SW-00002366	LFcolor	213998	115	1	115	0	unavailable	4629548	485901124	https://build.rozetka.com.ua/ua/485901124/p485901124/	Мозаїка з декоративного скла 298х298х4,5мм Шахматка SW-00002366
SW-00002366	СКАЙТУЛЗ	153858	117	1	117	0	unavailable	4660237	485872099	https://build.rozetka.com.ua/ua/485872099/p485872099/	Мозаїка з декоративного скла шахматка 298х298х4,5мм SW-00002366
SW-00002366	ViDen	265006	131	1	131	0	unavailable	4660237	605310511	https://build.rozetka.com.ua/ua/605310511/p605310511/	Мозаїка з декоративного скла 298х298х4,5мм Шахматка SW-00002366
SW-00002366	MimiPlay	238949	115	1	115	0	unavailable	4629548	606307393	https://build.rozetka.com.ua/ua/606307393/p606307393/	Мозаїка з декоративного скла 298х298х4,5мм Шахматка SW-00002366
SW-00002366	Fono Market	79493	154	1	154	0	unavailable	4660237	521569454	https://build.rozetka.com.ua/ua/521569454/p521569454/	Мозаїка з декоративного скла 298х298х4,5мм Шахматка SW-00002366
SW-00002366	ukriloom	226664	110	1	110	0	unavailable	4660237	538177719	https://build.rozetka.com.ua/ua/plitka-mozaika-sticker-wall-148807540/p538177719/	Мозаїка з декоративного скла 298х298х4,5мм Шахматка SW-00002366
SW-00002366	STICO_PANEL	263347	115	1	115	0	unavailable	4660237	569763604	https://build.rozetka.com.ua/ua/569763604/p569763604/	Мозаїка з декоративного скла 298х298х4,5мм Шахматка SW-00002366
SW-00002366	ВінБудІмперіал	240759	126	1	126	0	unavailable	4660237	572848174	https://build.rozetka.com.ua/ua/572848174/p572848174/	Мозаїка з декоративного скла 298х298х4,5мм Шахматка SW-00002366
SW-00002366	Homent	255285	115	1	115	0	unavailable	4660237	578472979	https://build.rozetka.com.ua/ua/578472979/p578472979/	Мозаїка Sticker Wall із декоративного стекла 298х298х4,5мм Шахматка (SW-00002366)
SW-00002366	Lite	181560	115	1	115	240	unavailable	4660237	557465706	https://build.rozetka.com.ua/ua/3d-paneli-155132152/p557465706/	Мозаїка з декоративного скла шахівниця 298х298х4,5мм (2366)
SW-00002366	3DDD	188802	108	1	108	131	unavailable	4629548	478781924	https://build.rozetka.com.ua/ua/478781924/p478781924/	Мозаїка з декоративного скла Sticker Wall шахматка 298х298х4,5мм SW-2366
SW-00002420	Днепрлюкс	146605	455	1	455	0	available	4641744	558899694	https://rozetka.com.ua/ua/plastikovie-konteyneri-sticker-wall-155698529/p558899694/	Контейнер для зберігання білий 45.5х38х31СМ SW-00002420
SW-00002420	3D Loft	69844	455	1	455	0	available	4652702	468344949	https://rozetka.com.ua/ua/468344949/p468344949/	Контейнер для хранения белый 45.5*38*31CM SW-00002420
SW-00002420	TechnoPrime	33201	501	1	501	0	available	4641744	556523631	https://rozetka.com.ua/ua/plastikovie-konteyneri-sticker-wall-154831287/p556523631/	Контейнер для зберігання 45.5х38х31см Білий SW-00002420
SW-00002420	LFcolor	213998	455	1	455	0	available	4641744	600346990	https://rozetka.com.ua/ua/600346990/p600346990/	Контейнер для зберігання 45.5х38х31см Білий SW-00002420
SW-00002420	PROStikerUa	217718	455	1	455	610	available	4652702	477278994	https://rozetka.com.ua/ua/477278994/p477278994/	Контейнер для зберігання Sticker Wall 45.5*38*31см SW-00002420 білий
SW-00002420	NIVENTO	271966	705	1	705	1269	available	4641744	601652875	https://rozetka.com.ua/ua/601652875/p601652875/	Контейнер для зберігання 45.5х38х31см Білий SW-00002420
SW-00002420	3DDD	188802	420	1	420	508	available	4652681	593599924	https://rozetka.com.ua/ua/593599924/p593599924/	Контейнер для зберігання білий 45.5*38*31 см SW-00002420
SW-00002420	Wide Range	211532	455	1	455	0	available	4652702	612805394	https://rozetka.com.ua/ua/612805394/p612805394/	Контейнер для зберігання 45.5х38х31см Білий SW-00002420
SW-00002420	RMService	15008	1449	1	1449	1649	available	4652702	562427943	https://rozetka.com.ua/ua/konteyneri-dlya-hraneniya-wb-157151048/p562427943/	Контейнер для зберігання 45.5х38х31см, білий (SW-00002420) (WB)
SW-00002420	The world of ideas	166476	560	1	560	0	available	4652681	493675079	https://rozetka.com.ua/ua/493675079/p493675079/	Контейнер для зберігання білий 45.5x38x31CM SW-00002420
SW-00002420	МАЙЯ	20508	508	1	508	0	available	4652702	593641648	https://rozetka.com.ua/ua/593641648/p593641648/	Контейнер для зберігання 45.5х38х31см Білий SW-00002420
SW-00002420	Happy Valise	44840	523	1	523	1047	available	4652702	469555189	https://rozetka.com.ua/ua/469555189/p469555189/	Контейнер для хранения белый 45.5x38x31CM SW-00002420
SW-00002420	Shywon	237919	525	1	525	0	available	4652702	544808910	https://rozetka.com.ua/ua/3d-paneli-sticker-wall-150159224/p544808910/	Контейнер для зберігання 45.5х38х31см Білий SW-00002420
SW-00002420	K-Warehouse	217766	483	1	483	0	available	4652702	476817184	https://rozetka.com.ua/ua/476817184/p476817184/	Контейнер для зберігання білий 45.5*38*31CM SW-00002420
SW-00002420	Декостра	278257	470	1	470	0	available	4652702	602309722	https://rozetka.com.ua/ua/602309722/p602309722/	Контейнер для зберігання 45.5х38х31см Білий SW-00002420
SW-00002420	Потрібне	274903	555	1	555	0	available	4652702	595274875	https://rozetka.com.ua/ua/595274875/p595274875/	Контейнер для зберігання Sticker Wall 45.5х38х31см Білий SW-00002420
SW-00002420	MC LitWin	265009	504	1	504	0	available	4641728	599110846	https://rozetka.com.ua/ua/599110846/p599110846/	Контейнер для зберігання Sticker Wall білий см х 45,5х38х31 см (SW-00002420)
SW-00002420	ukriloom	226664	469	1	469	0	available	4652702	594206983	https://rozetka.com.ua/ua/594206983/p594206983/	Контейнер для зберігання 45.5х38х31см Білий SW-00002420
SW-00002420	AVO-LAVKA	114191	614	1	614	683	available	4652702	598794928	https://rozetka.com.ua/ua/598794928/p598794928/	Контейнер для зберігання 45.5х38х31см Білий SW-00002420
SW-00002420	Davelia Shop	283358	569	1	569	0	available	4652702	617293736	https://rozetka.com.ua/ua/617293736/p617293736/	Контейнер для зберігання 45.5х38х31см Білий SW-00002420
SW-00002420	7k shop	79045	643	1	643	0	available	4652681	618978536	https://rozetka.com.ua/ua/618978536/p618978536/	Контейнер для зберігання 45.5х38х31см Білий SW-00002420
SW-00002420	PeRoHome	282119	899	1	899	0	available	4652702	613272188	https://rozetka.com.ua/ua/613272188/p613272188/	Контейнер для зберігання 45.5х38х31см Білий SW-00002420
SW-00002420	D`n`D Group	17032	455	1	455	0	available	4652702	562781289	https://rozetka.com.ua/ua/konteyneri-dlya-hraneniya-sticker-wall-157206113/p562781289/	Контейнер для зберігання 45.5х38х31см Білий SW-00002420 (SW-00002420)
SW-00002420	Bravion Store	276091	470	1	470	0	available	4652681	598420654	https://rozetka.com.ua/ua/598420654/p598420654/	Контейнер для зберігання 45.5х38х31см Білий SW-00002420
SW-00002420	TOWER	83595	665	1	665	0	unavailable	4652702	479929589	https://rozetka.com.ua/ua/479929589/p479929589/	Контейнер для зберігання 45.5х38х31см Білий SW-00002420
SW-00002420	RCMN	136578	910	1	910	910	unavailable	4652702	549095646	https://rozetka.com.ua/ua/konteyneri-dlya-hraneniya-bez-brenda-151910599/p549095646/	Контейнер для зберігання 45.5х38х31см Білий SW-00002420
SW-00002420	ВінБудІмперіал	240759	1001	1	1001	0	unavailable	4641744	572848027	https://rozetka.com.ua/ua/572848027/p572848027/	Контейнер для зберігання 45.5х38х31см Білий SW-00002420
SW-00002420	Homent	255285	455	1	455	0	unavailable	4652702	578474497	https://rozetka.com.ua/ua/578474497/p578474497/	Контейнер для зберігання 45.5х38х31см Білий (SW-00002420)
SW-00002420	HomeproUA	234939	768	1	768	0	unavailable	4652681	557153628	https://rozetka.com.ua/ua/prochaya-melkaya-tehnika-sticker-wall-154963873/p557153628/	Контейнер для зберігання 45.5х38х31см Білий SW-00002420
SW-00002420	STICO_PANEL	263347	470	1	470	0	unavailable	4641728	569829061	https://rozetka.com.ua/ua/569829061/p569829061/	Контейнер для зберігання 45.5х38х31см Білий SW-00002420
SW-00002420	ВінБудІмперіал	240759	1001	1	1001	0	unavailable	4652702	583063528	https://rozetka.com.ua/ua/583063528/p583063528/	Контейнер для зберігання 45.5х38х31см Білий SW-00002420
SW-00002420	СКАЙТУЛЗ	153858	725	1	725	0	unavailable	4652702	485877484	https://rozetka.com.ua/ua/485877484/p485877484/	Контейнер для зберігання білий 45.5*38*31CM SW-00002420
SW-00002420	LFcolor	213998	470	1	470	0	unavailable	4633617	485910984	https://rozetka.com.ua/ua/485910984/p485910984/	Контейнер для зберігання 45.5х38х31см Білий SW-00002420
SW-00002420	ViDen	265006	508	1	508	0	unavailable	4652702	605309155	https://rozetka.com.ua/ua/605309155/p605309155/	Контейнер для зберігання 45.5х38х31см Білий SW-00002420
SW-00002420	Fono Market	79493	771	1	771	0	unavailable	4652702	510187499	https://rozetka.com.ua/ua/510187499/p510187499/	Контейнер для зберігання білий 45.5*38*31CM SW-00002420
SW-00002420	Plumbing Assistant	211113	910	1	910	0	unavailable	4652702	513359454	https://rozetka.com.ua/ua/513359454/p513359454/	Контейнер для зберігання білий Sticker Wall (SW-00002420)
SW-00002420	lookoboi	56952	825	1	825	0	unavailable	4652702	532561459	https://rozetka.com.ua/ua/532561459/p532561459/	Контейнер для зберігання 455х380х310 мм Білий SW-00002420
SW-00002420	ukriloom	226664	680	1	680	0	unavailable	4652681	538187724	https://rozetka.com.ua/ua/organayzeri-dlya-hraneniya-sticker-wall-148806881/p538187724/	Контейнер для зберігання 45.5х38х31см Білий SW-00002420
SW-00002420	In2time	227604	517	1	517	0	unavailable	4652702	550116864	https://rozetka.com.ua/ua/konteyneri-dlya-hraneniya-sticker-wall-152318755/p550116864/	Контейнер для зберігання 45.5х38х31см Білий SW-00002420
SW-00002495	MC LitWin	265009	179	11	179	0	available	4630668	599108350	https://rozetka.com.ua/ua/599108350/p599108350/	Дзеркальний декор акриловий самоклеючий Love срібло 11шт Sticker Wall 130х130 мм (SW-00002495)
SW-00002495	Shywon	237919	186	11	186	0	available	4640928	544805700	https://rozetka.com.ua/ua/nakleyki-na-stenu-sticker-wall-150159519/p544805700/	Дзеркальний декор акриловий самоклеючий Love срібло,11шт (D) SW-00002495
SW-00002495	PROStikerUa	217718	170	11	170	228	available	4640928	569468212	https://rozetka.com.ua/ua/569468212/p569468212/	Дзеркальний декор акриловий Sticker Wall самоклеючий Love Сріблястий 11шт (D) SW-00002495
SW-00002495	Torg Landiya	92929	178	11	178	187	available	4640928	575292736	https://rozetka.com.ua/ua/575292736/p575292736/	Дзеркальний декор акриловий самоклеючий Love срібло,11шт (D) SW-00002495
SW-00002495	Секрети шопінгу	268996	182	11	182	0	available	4640928	580813000	https://rozetka.com.ua/ua/580813000/p580813000/	Дзеркальний декор акриловий самоклеючий Love срібло, 11шт (D) SW-00002495
SW-00002495	RMService	15008	749	1?	749	999	available	4640928	563987358	https://rozetka.com.ua/ua/nakleyki-na-stenu-wb-157505183/p563987358/	Дзеркальний декор акриловий самоклеючий,срібло(SW-00002495)(WB)
SW-00002495	D`n`D Group	17032	170	11	170	0	available	4640928	562780863	https://rozetka.com.ua/ua/pvh-plitka-sticker-wall-157206023/p562780863/	Дзеркальний декор акриловий самоклеючий Love срібло,11шт (D) SW-00002495 (SW-00002495)
SW-00002495	МАЙЯ	20508	180	11	180	0	available	4640928	592994146	https://rozetka.com.ua/ua/592994146/p592994146/	Дзеркальний декор акриловий самоклеючий Love срібло,11шт (D) SW-00002495
SW-00002495	Декостра	278257	179	11	179	0	available	4640928	602309887	https://rozetka.com.ua/ua/602309887/p602309887/	Дзеркальний декор акриловий самоклеючий Love срібло,11шт (D) SW-00002495
SW-00002495	Потрібне	274903	270	11	270	0	available	4640928	595274395	https://rozetka.com.ua/ua/595274395/p595274395/	Дзеркальний декор Sticker Wall акриловий самоклеючий Love срібло,11шт (D) SW-00002495
SW-00002495	3D Loft	69844	170	11	170	0	available	4640928	487316194	https://rozetka.com.ua/ua/487316194/p487316194/	Дзеркальний декор акриловий самоклеючий Love срібло,11шт (D) SW-00002495
SW-00002495	LoftWall	210021	170	11	170	0	available	4640928	486765659	https://rozetka.com.ua/ua/486765659/p486765659/	Дзеркальний декор акриловий самоклеючий Love срібло,11шт (D) SW-00002495
SW-00002495	Wide Range	211532	196	11	196	0	available	4640928	616553090	https://rozetka.com.ua/ua/616553090/p616553090/	Дзеркальний декор акриловий самоклеючий Love срібло,11шт (D) SW-00002495
SW-00002495	LFcolor	213998	170	11	170	0	available	4630668	600355078	https://rozetka.com.ua/ua/600355078/p600355078/	Дзеркальний декор акриловий самоклеючий Love срібло,11шт (D) SW-00002495
SW-00002495	K-Warehouse	217766	171	11	171	0	available	4640928	491150774	https://rozetka.com.ua/ua/491150774/p491150774/	Дзеркальний декор акриловий самоклеючий Love срібло,11шт (D) SW-00002495
SW-00002495	Happy Valise	44840	196	11	196	253	available	4640928	489877109	https://rozetka.com.ua/ua/489877109/p489877109/	Дзеркальний декор акриловий самоклеючий Love срібло 11шт (D) SW-00002495
SW-00002495	The world of ideas	166476	198	11	198	0	available	4640928	493675404	https://rozetka.com.ua/ua/493675404/p493675404/	Дзеркальний декор акриловий самоклеючий Love срібло,11шт (D) SW-00002495
SW-00002495	PeRoHome	282119	399	11	399	0	available	4640928	613271978	https://rozetka.com.ua/ua/613271978/p613271978/	Дзеркальний декор акриловий самоклеючий Love срібло,11шт (D) SW-00002495
SW-00002495	TechnoPrime	33201	187	11	187	0	available	4640928	556523649	https://rozetka.com.ua/ua/nakleyki-na-stenu-sticker-wall-154831313/p556523649/	Дзеркальний декор акриловий самоклеючий Love срібло, 11шт (D) SW-00002495
SW-00002495	SHEF LIFE	124373	213	11	213	230	available	4627374	584306449	https://rozetka.com.ua/ua/584306449/p584306449/	Дзеркальний декор акриловий самоклеючий Love срібло,11шт (D) SW-00002495
SW-00002495	ukriloom	226664	175	11	175	0	available	4648788	593090314	https://build.rozetka.com.ua/ua/593090314/p593090314/	Дзеркальний декор акриловий самоклеючий Love срібло,11шт (D) SW-00002495
SW-00002495	NIVENTO	271966	269	11	269	484	available	4630668	601664869	https://rozetka.com.ua/ua/601664869/p601664869/	Дзеркальний декор акриловий самоклеючий Love срібло,11шт (D) SW-00002495
SW-00002495	Davelia Shop	283358	213	11	213	0	available	4630668	617293919	https://rozetka.com.ua/ua/617293919/p617293919/	Дзеркальний декор акриловий самоклеючий Love срібло,11шт (D) SW-00002495
SW-00002495	7k shop	79045	259	11	259	0	available	4640928	618978419	https://rozetka.com.ua/ua/618978419/p618978419/	Дзеркальний декор акриловий самоклеючий Love срібло,11шт (D) SW-00002495
SW-00002495	3DDD	188802	149	11	149	180	available	4640928	498966779	https://rozetka.com.ua/ua/498966779/p498966779/	Дзеркальний декор акриловий Sticker Wall самоклеючий Love Сріблястий 11шт (D) SW-2495
SW-00002495	TOWER	83595	236	11	236	0	unavailable	4630668	569607556	https://rozetka.com.ua/ua/569607556/p569607556/	Дзеркальний декор акриловий самоклеючий Love срібло, 11шт (D) SW-00002495
SW-00002495	In2time	227604	197	11	197	0	unavailable	4641184	550114566	https://build.rozetka.com.ua/ua/pvh-plitka-sticker-wall-152318226/p550114566/	Дзеркальний декор акриловий самоклеючий Love срібло,11шт (D) SW-00002495
SW-00002495	RCMN	136578	273	11	273	220	unavailable	4672333	548307555	https://rozetka.com.ua/ua/3d-paneli-bez-brenda-151541367/p548307555/	Дзеркальний декор акриловий самоклеючий Love срібло, 11шт (D) SW-00002495
SW-00002495	Юзон	169785	298	11	298	0	unavailable	4648788	562516707	https://build.rozetka.com.ua/ua/samokleyashchiesya-plenki-sticker-wall-156655476/p562516707/	Дзеркальний декор акриловий самоклеючий STICKER WALL Love срібло 11шт (D) SW-00002495
SW-00002495	HomeproUA	234939	251	11	251	0	unavailable	4640928	557158575	https://rozetka.com.ua/ua/prochaya-melkaya-tehnika-sticker-wall-154963908/p557158575/	Дзеркальний декор акриловий самоклеючий Love срібло,11шт (D) SW-00002495
SW-00002495	STICO_PANEL	263347	179	11	179	0	unavailable	4640928	569764507	https://rozetka.com.ua/ua/569764507/p569764507/	Дзеркальний декор акриловий самоклеючий Love срібло,11шт (D) SW-00002495
SW-00002495	Kind Host	272923	179	11	179	0	unavailable	4630668	591065362	https://rozetka.com.ua/ua/591065362/p591065362/	Дзеркальний декор акриловий самоклеючий Love срібло,11шт (D) SW-00002495
SW-00002495	Homent	255285	170	11	170	0	unavailable	4640928	578472481	https://rozetka.com.ua/ua/578472481/p578472481/	Дзеркальний декор акриловий самоклеючий Sticker Wall Love срібло,11шт D (SW-00002495)
SW-00002495	ВінБудІмперіал	240759	242	11	242	0	unavailable	4640928	583066141	https://rozetka.com.ua/ua/583066141/p583066141/	Дзеркальний декор акриловий самоклеючий Love срібло,11шт (D) SW-00002495
SW-00002495	ВінБудІмперіал	240759	242	11	242	0	unavailable	4640928	572770318	https://rozetka.com.ua/ua/572770318/p572770318/	Дзеркальний декор акриловий самоклеючий Love срібло,11шт (D) SW-00002495
SW-00002495	ViDen	265006	180	11	180	0	unavailable	4640928	605309095	https://rozetka.com.ua/ua/605309095/p605309095/	Дзеркальний декор акриловий самоклеючий Love срібло,11шт (D) SW-00002495
SW-00002495	СКАЙТУЛЗ	153858	206	11	206	0	unavailable	4640928	489771164	https://rozetka.com.ua/ua/489771164/p489771164/	Дзеркальний декор акриловий самоклеючий Love срібло,11шт (D) SW-00002495
SW-00002495	Fono Market	79493	252	11	252	0	unavailable	4630668	510189839	https://rozetka.com.ua/ua/510189839/p510189839/	Дзеркальний декор акриловий самоклеючий Love срібло,11шт (D) SW-00002495
SW-00002495	LFcolor	213998	179	11	179	0	unavailable	4640928	518779974	https://rozetka.com.ua/ua/518779974/p518779974/	Дзеркальний декор акриловий самоклеючий Love срібло,11шт (D) SW-00002495
SW-00002495	Мережа можливостей	194715	210	11	210	0	unavailable	4648788	528103734	https://build.rozetka.com.ua/ua/528103734/p528103734/	Дзеркальний декор акриловий самоклеючий Love срібло,11шт (D) SW-00002495
SW-00002495	Color	153828	179	11	179	0	unavailable	4640928	531267719	https://rozetka.com.ua/ua/531267719/p531267719/	Дзеркальний декор акриловий самоклеючий Love срібло,11шт (D) SW-00002495
SW-00002495	ukriloom	226664	210	11	210	0	unavailable	4630668	538141149	https://rozetka.com.ua/ua/nakleyki-na-stenu-sticker-wall-148807047/p538141149/	Дзеркальний декор акриловий самоклеючий Love срібло,11шт (D) SW-00002495
SW-00002495	ukriloom	226664	210	11	210	0	unavailable	4640928	558748749	https://rozetka.com.ua/ua/zerkala4630668-sticker-wall-155490600/p558748749/	Дзеркальний декор акриловий самоклеючий Love срібло,11шт (D) SW-00002495
SW-00002495	Рельєф Простір	267658	179	11	179	220	unavailable	4640928	577344019	https://rozetka.com.ua/ua/577344019/p577344019/	Дзеркальний декор акриловий самоклеючий Love срібло,11шт (D) SW-00002495
SW-00002495	lookoboi	56952	218	11	218	0	unavailable	4630668	604587934	https://rozetka.com.ua/ua/604587934/p604587934/	Дзеркальний декор акриловий самоклейний Love срібло, 11 шт (D) SW-00002495
SW-00002526	The world of ideas	166476	410	6	410	0	available	4640928	493675409	https://rozetka.com.ua/ua/493675409/p493675409/	Дзеркальний декор акриловий самоклеючий срібло,6 шт(D) SW-00002526
SW-00002526	LFcolor	213998	352	6	352	0	available	4630668	600355087	https://rozetka.com.ua/ua/600355087/p600355087/	Дзеркальний декор акриловий самоклеючий срібло,6 шт(D) SW-00002526
SW-00002526	SHEF LIFE	124373	440	6	440	475	available	4629548	607118830	https://build.rozetka.com.ua/ua/607118830/p607118830/	Дзеркальний декор акриловий самоклеючий срібло,6 шт(D) SW-00002526
SW-00002526	Wide Range	211532	405	6	405	0	available	4640928	616553093	https://rozetka.com.ua/ua/616553093/p616553093/	Дзеркальний декор акриловий самоклеючий срібло,6 шт(D) SW-00002526
SW-00002526	Davelia Shop	283358	440	6	440	0	available	4630668	617293922	https://rozetka.com.ua/ua/617293922/p617293922/	Дзеркальний декор акриловий самоклеючий срібло,6 шт(D) SW-00002526
SW-00002526	Happy Valise	44840	405	6	405	506	available	4640928	487556079	https://rozetka.com.ua/ua/487556079/p487556079/	Дзеркальний декор акриловий самоклеючий срібло 6 шт (D) SW-00002526
SW-00002526	NIVENTO	271966	660	6	660	1188	available	4630668	601663189	https://rozetka.com.ua/ua/601663189/p601663189/	Дзеркальний декор акриловий самоклеючий срібло,6 шт(D) SW-00002526
SW-00002526	Shywon	237919	384	6	384	0	available	4640928	544804925	https://rozetka.com.ua/ua/nakleyki-na-stenu-sticker-wall-150159522/p544804925/	Дзеркальний декор акриловий самоклеючий срібло,6 шт(D) SW-00002526
SW-00002526	D`n`D Group	17032	352	6	352	0	available	4640928	562781172	https://rozetka.com.ua/ua/pvh-plitka-sticker-wall-157206077/p562781172/	Дзеркальний декор акриловий самоклеючий срібло,6 шт(D) SW-00002526 (SW-00002526)
SW-00002526	TechnoPrime	33201	387	6	387	0	available	4640928	556523181	https://rozetka.com.ua/ua/nakleyki-na-stenu-sticker-wall-154831314/p556523181/	Дзеркальний декор акриловий самоклеючий срібло, 6 шт(D) SW-00002526
SW-00002526	PROStikerUa	217718	352	6	352	472	available	4640928	569468218	https://rozetka.com.ua/ua/569468218/p569468218/	Дзеркальний декор акриловий Sticker Wall самоклеючий Сріблястий 6 шт(D) SW-00002526
SW-00002526	LoftWall	210021	352	6	352	440	available	4640928	486765619	https://rozetka.com.ua/ua/486765619/p486765619/	Дзеркальний декор акриловий самоклеючий срібло,6 шт(D) SW-00002526
SW-00002526	3D Loft	69844	352	6	352	0	available	4640928	487316199	https://rozetka.com.ua/ua/487316199/p487316199/	Дзеркальний декор акриловий самоклеючий срібло,6 шт(D) SW-00002526
SW-00002526	7k shop	79045	491	6	491	0	available	4640928	618978620	https://rozetka.com.ua/ua/618978620/p618978620/	Дзеркальний декор акриловий самоклеючий срібло,6 шт(D) SW-00002526
SW-00002526	K-Warehouse	217766	353	6	353	0	available	4640928	491150964	https://rozetka.com.ua/ua/491150964/p491150964/	Дзеркальний декор акриловий самоклеючий срібло,6 шт(D) SW-00002526
SW-00002526	Torg Landiya	92929	368	6	368	387	available	4640928	575292919	https://rozetka.com.ua/ua/575292919/p575292919/	Дзеркальний декор акриловий самоклеючий срібло, 6 шт(D) SW-00002526
SW-00002526	МАЙЯ	20508	371	6	371	0	available	4640928	592994149	https://rozetka.com.ua/ua/592994149/p592994149/	Дзеркальний декор акриловий самоклеючий срібло,6 шт(D) SW-00002526
SW-00002526	ukriloom	226664	363	6	363	0	available	4648788	605166754	https://build.rozetka.com.ua/ua/605166754/p605166754/	Дзеркальний декор акриловий самоклеючий срібло,6 шт(D) SW-00002526
SW-00002526	PeRoHome	282119	699	6	699	0	available	4640928	613272254	https://rozetka.com.ua/ua/613272254/p613272254/	Дзеркальний декор акриловий самоклеючий срібло,6 шт(D) SW-00002526
SW-00002526	3DDD	188802	307	6	307	371	available	4640928	498966899	https://rozetka.com.ua/ua/498966899/p498966899/	Дзеркальний декор акриловий Sticker Wall самоклеючий Сріблястий 6 шт(D) SW-2526
SW-00002526	In2time	227604	462	6	462	0	unavailable	4641184	550115322	https://build.rozetka.com.ua/ua/pvh-plitka-sticker-wall-152318573/p550115322/	Дзеркальний декор акриловий самоклеючий срібло,6 шт(D) SW-00002526
SW-00002526	HomeproUA	234939	482	6	482	0	unavailable	4640928	557158200	https://rozetka.com.ua/ua/prochaya-melkaya-tehnika-sticker-wall-154964439/p557158200/	Дзеркальний декор акриловий самоклеючий срібло,6 шт(D) SW-00002526
SW-00002526	ukriloom	226664	410	6	410	0	unavailable	4640928	558748635	https://rozetka.com.ua/ua/zerkala4630668-sticker-wall-155490093/p558748635/	Дзеркальний декор акриловий самоклеючий срібло,6 шт(D) SW-00002526
SW-00002526	Homent	255285	440	1?	440	0	unavailable	4640928	578472487	https://rozetka.com.ua/ua/578472487/p578472487/	Дзеркальний декор акриловий самоклеючий Sticker Wall срібло, 6 штD (SW-00002526)
SW-00002526	STICO_PANEL	263347	440	6	440	0	unavailable	4630668	570721831	https://rozetka.com.ua/ua/570721831/p570721831/	Дзеркальний декор акриловий самоклеючий срібло,6 шт(D) SW-00002526
SW-00002526	Рельєф Простір	267658	440	6	440	0	unavailable	4640928	577342156	https://rozetka.com.ua/ua/577342156/p577342156/	Дзеркальний декор акриловий самоклеючий срібло,6 шт(D) SW-00002526
SW-00002526	Юзон	169785	534	6	534	0	unavailable	4648788	562516683	https://build.rozetka.com.ua/ua/samokleyashchiesya-plenki-sticker-wall-156655534/p562516683/	Дзеркальний декор акриловий самоклеючий STICKER WALL срібло 6 шт(D) SW-00002526
SW-00002526	ViDen	265006	464	6	464	0	unavailable	4640928	605309515	https://rozetka.com.ua/ua/605309515/p605309515/	Дзеркальний декор акриловий самоклеючий срібло,6 шт(D) SW-00002526
SW-00002526	lookoboi	56952	450	6	450	0	unavailable	4630668	604587721	https://rozetka.com.ua/ua/604587721/p604587721/	Дзеркальний декор акриловий самоклейний срібло,6 шт (D) SW-00002526
SW-00002526	СКАЙТУЛЗ	153858	410	6	410	0	unavailable	4640928	489772744	https://rozetka.com.ua/ua/489772744/p489772744/	Дзеркальний декор акриловий самоклеючий срібло,6 шт(D) SW-00002526
SW-00002526	Bass Culture	269902	440	6	440	0	unavailable	4640928	604874368	https://rozetka.com.ua/ua/604874368/p604874368/	Дзеркальний декор акриловий самоклеючий срібло,6 шт(D) SW-00002526
SW-00002526	Fono Market	79493	492	6	492	0	unavailable	4630668	510190644	https://rozetka.com.ua/ua/510190644/p510190644/	Дзеркальний декор акриловий самоклеючий срібло,6 шт(D) SW-00002526
SW-00002526	LFcolor	213998	410	6	410	0	unavailable	4640928	518780324	https://rozetka.com.ua/ua/518780324/p518780324/	Дзеркальний декор акриловий самоклеючий срібло,6 шт(D) SW-00002526
SW-00002526	Мережа можливостей	194715	410	6	410	0	unavailable	4648788	528103739	https://build.rozetka.com.ua/ua/528103739/p528103739/	Дзеркальний декор акриловий самоклеючий срібло,6 шт(D) SW-00002526
SW-00002526	Color	153828	440	6	440	0	unavailable	4640928	531265444	https://rozetka.com.ua/ua/531265444/p531265444/	Дзеркальний декор акриловий самоклеючий срібло,6 шт(D) SW-00002526
SW-00002526	ukriloom	226664	420	6	420	0	unavailable	4630668	538140944	https://rozetka.com.ua/ua/nakleyki-na-stenu-sticker-wall-148807673/p538140944/	Дзеркальний декор акриловий самоклеючий срібло,6 шт(D) SW-00002526
SW-00002526	RCMN	136578	572	6	572	440	unavailable	4630668	547404309	https://rozetka.com.ua/ua/3d-paneli-bez-brenda-151410372/p547404309/	Дзеркальний декор акриловий самоклеючий срібло, 6 шт (D) SW-00002526
SW-00002526	GRAND LIFE	39993	440	6	440	0	unavailable	4629548	607240099	https://build.rozetka.com.ua/ua/607240099/p607240099/	Дзеркальний декор акриловий самоклейний срібло,6 шт (D) SW-00002526 5253435
SW-00002523	LFcolor	213998	159	24	159	0	available	4630668	600354493	https://rozetka.com.ua/ua/600354493/p600354493/	Дзеркальний декор акриловий самоклеючий срібло, 24шт (D) SW-00002523
SW-00002523	ukriloom	226664	164	24	164	0	available	4648788	593089051	https://build.rozetka.com.ua/ua/593089051/p593089051/	Дзеркальний декор акриловий самоклеючий срібло, 24шт (D) SW-00002523
SW-00002523	LoftWall	210021	159	24	159	199	available	4640928	486765699	https://rozetka.com.ua/ua/486765699/p486765699/	Дзеркальний декор акриловий самоклеючий срібло, 24шт (D) SW-00002523
SW-00002523	Torg Landiya	92929	166	24	166	175	available	4640928	575292868	https://rozetka.com.ua/ua/575292868/p575292868/	Дзеркальний декор акриловий самоклеючий срібло, 24шт (D) SW-00002523
SW-00002523	K-Warehouse	217766	163	24	163	0	available	4640928	491151039	https://rozetka.com.ua/ua/491151039/p491151039/	Дзеркальний декор акриловий самоклеючий срібло, 24шт (D) SW-00002523
SW-00002523	MC LitWin	265009	170	24	170	0	available	4630668	599108170	https://rozetka.com.ua/ua/599108170/p599108170/	Дзеркальний декор акриловий самоклеючий срібло 24шт Sticker Wall SW-00002523
SW-00002523	The world of ideas	166476	189	24	189	0	available	4640928	493674769	https://rozetka.com.ua/ua/493674769/p493674769/	Дзеркальний декор акриловий самоклеючий срібло, 24шт (D) SW-00002523
SW-00002523	NIVENTO	271966	299	24	299	538	available	4630668	601651195	https://rozetka.com.ua/ua/601651195/p601651195/	Дзеркальний декор акриловий самоклеючий срібло, 24шт (D) SW-00002523
SW-00002523	3D Loft	69844	159	24	159	0	available	4640928	487316169	https://rozetka.com.ua/ua/487316169/p487316169/	Дзеркальний декор акриловий самоклеючий срібло, 24шт (D) SW-00002523
SW-00002523	МАЙЯ	20508	171	24	171	0	available	4640928	592993798	https://rozetka.com.ua/ua/592993798/p592993798/	Дзеркальний декор акриловий самоклеючий срібло, 24шт (D) SW-00002523
SW-00002523	TechnoPrime	33201	197	24	197	0	available	4640928	556523622	https://rozetka.com.ua/ua/nakleyki-na-stenu-sticker-wall-154831256/p556523622/	Дзеркальний декор акриловий самоклеючий срібло, 24шт (D) SW-00002523
SW-00002523	Shywon	237919	177	24	177	0	available	4640928	544805425	https://rozetka.com.ua/ua/nakleyki-na-stenu-sticker-wall-150158907/p544805425/	Дзеркальний декор акриловий самоклеючий срібло, 24шт (D) SW-00002523
SW-00002523	PROStikerUa	217718	159	24	159	213	available	4640928	569468410	https://rozetka.com.ua/ua/569468410/p569468410/	Дзеркальний декор акриловий Sticker Wall самоклеючий Сріблястий 24шт (D) SW-00002523
SW-00002523	SHEF LIFE	124373	199	24	199	215	available	4640928	584305147	https://rozetka.com.ua/ua/584305147/p584305147/	Дзеркальний декор акриловий самоклеючий срібло, 24шт (D) SW-00002523
SW-00002523	Потрібне	274903	279	24	279	0	available	4640928	595274452	https://rozetka.com.ua/ua/595274452/p595274452/	Дзеркальний декор Sticker Wall акриловий самоклеючий срібло, 24шт (D) SW-00002523
SW-00002523	D`n`D Group	17032	159	24	159	0	available	4641184	562780923	https://build.rozetka.com.ua/ua/pvh-plitka-sticker-wall-157206014/p562780923/	Дзеркальний декор акриловий самоклеючий срібло, 24шт (D) SW-00002523 (SW-00002523)
SW-00002523	Davelia Shop	283358	199	24	199	0	available	4630668	617293832	https://rozetka.com.ua/ua/617293832/p617293832/	Дзеркальний декор акриловий самоклеючий срібло, 24шт (D) SW-00002523
SW-00002523	PeRoHome	282119	399	24	399	0	available	4640928	613271957	https://rozetka.com.ua/ua/613271957/p613271957/	Дзеркальний декор акриловий самоклеючий срібло, 24шт (D) SW-00002523
SW-00002523	7k shop	79045	273	24	273	0	available	4640928	618978557	https://rozetka.com.ua/ua/618978557/p618978557/	Дзеркальний декор акриловий самоклеючий срібло, 24шт (D) SW-00002523
SW-00002523	Happy Valise	44840	183	24	183	229	available	4640928	488886824	https://rozetka.com.ua/ua/488886824/p488886824/	Дзеркальний декор акриловий самоклеючий срібло 24 шт (D) SW-00002523
SW-00002523	Wide Range	211532	183	24	183	0	available	4640928	616553015	https://rozetka.com.ua/ua/616553015/p616553015/	Дзеркальний декор акриловий самоклеючий срібло, 24шт (D) SW-00002523
SW-00002523	Декостра	278257	199	24	199	0	available	4640928	602309203	https://rozetka.com.ua/ua/602309203/p602309203/	Дзеркальний декор акриловий самоклеючий срібло, 24шт (D) SW-00002523
SW-00002523	3DDD	188802	142	24	142	172	available	4640928	498966654	https://rozetka.com.ua/ua/498966654/p498966654/	Дзеркальний декор акриловий Sticker Wall самоклеючий Сріблястий 24шт (D) SW-2523
SW-00002523	RCMN	136578	259	24	259	0	unavailable	4630668	547404276	https://rozetka.com.ua/ua/3d-paneli-bez-brenda-151410310/p547404276/	Дзеркальний декор акриловий самоклейний срібло, 24 шт (D) SW-00002523
SW-00002523	In2time	227604	219	24	219	0	unavailable	4641184	550115010	https://build.rozetka.com.ua/ua/pvh-plitka-sticker-wall-152318182/p550115010/	Дзеркальний декор акриловий самоклеючий срібло, 24шт (D) SW-00002523
SW-00002523	HomeproUA	234939	239	24	239	0	unavailable	4640928	557155026	https://rozetka.com.ua/ua/prochaya-melkaya-tehnika-sticker-wall-154963740/p557155026/	Дзеркальний декор акриловий самоклеючий срібло, 24шт (D) SW-00002523
SW-00002523	Юзон	169785	279	24	279	0	unavailable	4648788	562516605	https://build.rozetka.com.ua/ua/samokleyashchiesya-plenki-sticker-wall-156655551/p562516605/	Дзеркальний декор акриловий самоклеючий STICKER WALL срібло 24шт (D) SW-00002523
SW-00002523	STICO_PANEL	263347	199	24	199	0	unavailable	4640928	569764750	https://rozetka.com.ua/ua/569764750/p569764750/	Дзеркальний декор акриловий самоклеючий срібло, 24шт (D) SW-00002523
SW-00002523	Bondiar	255267	249	24	249	0	unavailable	4640928	571775176	https://rozetka.com.ua/ua/571775176/p571775176/	Дзеркальний декор акриловий самоклеючий срібло, 24шт (D) SW-00002523
SW-00002523	TOWER	83595	251	24	251	0	unavailable	4630668	569830735	https://rozetka.com.ua/ua/569830735/p569830735/	Дзеркальний декор акриловий самоклеючий срібло, 24шт (D) SW-00002523
SW-00002523	ukriloom	226664	199	24	199	0	unavailable	4640928	558748668	https://rozetka.com.ua/ua/zerkala4630668-sticker-wall-155490662/p558748668/	Дзеркальний декор акриловий самоклеючий срібло, 24шт (D) SW-00002523
SW-00002523	Рельєф Простір	267658	199	24	199	0	unavailable	4640928	577342600	https://rozetka.com.ua/ua/577342600/p577342600/	Дзеркальний декор акриловий самоклеючий срібло, 24шт (D) SW-00002523
SW-00002523	ВінБудІмперіал	240759	219	24	219	0	unavailable	4640928	572770351	https://rozetka.com.ua/ua/572770351/p572770351/	Дзеркальний декор акриловий самоклеючий срібло, 24шт (D) SW-00002523
SW-00002523	Homent	255285	199	24	199	0	unavailable	4640928	578474191	https://rozetka.com.ua/ua/578474191/p578474191/	Дзеркальний декор акриловий самоклеючий Sticker Wall срібло, 24шт D (SW-00002523)
SW-00002523	ВінБудІмперіал	240759	219	24	219	0	unavailable	4640928	583064311	https://rozetka.com.ua/ua/583064311/p583064311/	Дзеркальний декор акриловий самоклеючий срібло, 24шт (D) SW-00002523
SW-00002523	lookoboi	56952	221	24	221	0	unavailable	4630668	604587862	https://rozetka.com.ua/ua/604587862/p604587862/	Дзеркальний декор акриловий самоклейний срібло, 24 шт (D) SW-00002523
SW-00002523	UnimartShop	269563	199	24	199	0	unavailable	4640928	595794826	https://rozetka.com.ua/ua/595794826/p595794826/	Дзеркальний декор акриловий самоклеючий срібло, 24шт (D) SW-00002523
SW-00002523	Kind Host	272923	199	24	199	0	unavailable	4630668	591065011	https://rozetka.com.ua/ua/591065011/p591065011/	Дзеркальний декор акриловий самоклеючий срібло, 24шт (D) SW-00002523
SW-00002523	Bass Culture	269902	199	24	199	0	unavailable	4640928	591588688	https://rozetka.com.ua/ua/591588688/p591588688/	Дзеркальний декор акриловий самоклеючий срібло, 24шт (D) SW-00002523
SW-00002523	СКАЙТУЛЗ	153858	229	24	229	0	unavailable	4640928	489769449	https://rozetka.com.ua/ua/489769449/p489769449/	Дзеркальний декор акриловий самоклеючий срібло, 24шт (D) SW-00002523
SW-00002523	Fono Market	79493	239	24	239	0	unavailable	4630668	510188864	https://rozetka.com.ua/ua/510188864/p510188864/	Дзеркальний декор акриловий самоклеючий срібло, 24шт (D) SW-00002523
SW-00002523	LFcolor	213998	199	24	199	0	unavailable	4640928	518780674	https://rozetka.com.ua/ua/518780674/p518780674/	Дзеркальний декор акриловий самоклеючий срібло, 24шт (D) SW-00002523
SW-00002523	Ентемпс	211401	199	24	199	0	unavailable	4630668	519063909	https://rozetka.com.ua/ua/519063909/p519063909/	Дзеркальний декор акриловий самоклеючий срібло, 24шт (D) SW-00002523
SW-00002523	Мережа можливостей	194715	199	24	199	0	unavailable	4648788	528103479	https://build.rozetka.com.ua/ua/528103479/p528103479/	Дзеркальний декор акриловий самоклеючий срібло, 24шт (D) SW-00002523
SW-00002523	Color	153828	199	24	199	0	unavailable	4640928	531267519	https://rozetka.com.ua/ua/531267519/p531267519/	Дзеркальний декор акриловий самоклеючий срібло, 24шт (D) SW-00002523
SW-00002523	ukriloom	226664	199	24	199	0	unavailable	4630668	538140924	https://rozetka.com.ua/ua/nakleyki-na-stenu-sticker-wall-148807455/p538140924/	Дзеркальний декор акриловий самоклеючий срібло, 24шт (D) SW-00002523
SW-00002523	ViDen	265006	213	24	213	0	unavailable	4640928	605308969	https://rozetka.com.ua/ua/605308969/p605308969/	Дзеркальний декор акриловий самоклеючий срібло, 24шт (D) SW-00002523
SW-00002523	IWantAll	265288	250	1?	250	0	unavailable	4640928	612522419	https://rozetka.com.ua/ua/612522419/p612522419/	Дзеркальний акриловий декор SW-00002523 самоклеючий срібний 24 круглих елементи Sticker Wall DPO_SW-00002523
SW-00003361	Davelia Shop	283358	1625	1	1625	0	available	155285	617293742	https://rozetka.com.ua/ua/617293742/p617293742/	Столик приставний для ноутбука 60х40х90см SW-00003361
SW-00003361	МАЙЯ	20508	1407	1	1407	0	available	2798167	615637850	https://rozetka.com.ua/ua/615637850/p615637850/	Столик приставний для ноутбука 60х40х90см SW-00003361
SW-00003361	Domixo	262855	1666	1	1666	1944	available	183690	620120210	https://rozetka.com.ua/ua/620120210/p620120210/	Столик приставний бічний для ноутбука ProDobro SW-00003361 60х40х90 см, ЛДСП, білий
SW-00003361	7k shop	79045	1751	1	1751	0	available	2798167	620312993	https://rozetka.com.ua/ua/620312993/p620312993/	Столик приставний для ноутбука 60х40х90см SW-00003361
SW-00003361	SHEF LIFE	124373	1625	1	1625	1755	available	2798167	616398494	https://rozetka.com.ua/ua/616398494/p616398494/	Столик приставний для ноутбука 60х40х90см SW-00003361
SW-00003361	GRAND LIFE	39993	1625	1	1625	0	unavailable	155285	615749966	https://rozetka.com.ua/ua/615749966/p615749966/	Столик приставний бічний для ноутбука 60х40х90 см SW-00003361 5264168
