sku	причина	rz_id	категорія	характеристик постачальника	характеристик після фільтрів	характеристики	назва
1013891527	менше 3 характеристик	4668955	Знімачі	2	2	Бренд | Кількість захватів зймача	Знімач підшипників тризахопний 75 мм 3" Стандарт (SP303ST)
1013891553	менше 3 характеристик	4668943	Ключі розрізні	2	2	Бренд | Гарантійний термін	Ключ прокачування 10х13мм затискний Без бренда (ПР1013В)
1013891560	менше 3 характеристик	4668955	Знімачі	2	2	Бренд | Кількість захватів зймача	Набір знімачів тризахопних зі зворотним молотком 15-80 мм Стандарт (SK0362)
1013891561	менше 3 характеристик	4644008	Тестери і вимірники автомобільні	2	2	Бренд | Гарантійний термін	Розрядник для перевірки модулів і котушок запалювання Молния (МОЛН220ПЕР)
1013891580	менше 3 характеристик	4654251	Інспекційне світло для СТО	2	2	Бренд | Тип живлення	Лампа-переносна 10 м Стандарт (ПЕР10С)
1013891594	менше 3 характеристик	4668955	Знімачі	2	2	Бренд | Кількість захватів зймача	Знімач 3-х лаповий кований малий Харків Без бренда (СК4ЛКОВМ)
1013891604	менше 3 характеристик	80247	Інфрачервоні обігрівачі	1	1	Бренд	Інфрачервоне сушіння для авто G.I.Kraft (GI15113)
1013891628	менше 3 характеристик	4670626	Аксесуари та супутні товари для зварювального устаткування	1	1	Бренд	Затискач шайби для спотера G.I. KRAFT G.I.Kraft (GI12156)
1013891631	менше 3 характеристик	4660202	Кримпери	2	2	Бренд | Тип інструмента	Кліщі для обтискання клем 7" Стандарт (PLC0701)
1013891652	менше 3 характеристик	154981	Фарбопульти	1	2	Бренд | Тип	Ремонтний комплект для фарбопультів GFG Auarita (RK-GFG)
1013891655	менше 3 характеристик	4668961	Інструмент для змащувальних матеріалів	1	1	Бренд	Гнучкий шланг з наконечником до шприц-оливниці 18" 450 мм G.I. KRAFT G.I.Kraft (K-401-18)
1013891659	менше 3 характеристик	4668943	Ключі розрізні	1	1	Бренд	Ключ прокачки гальм зажимний 7х9 мм Харьков Без бренда (ПР0709Х)
1013891664	менше 3 характеристик	4654188	Рихтувальне обладнання	2	2	Бренд | Розмір	Приспособлення для виправлення автомобіля Toptul (JFBI0113)
1013891675	менше 3 характеристик	4668955	Знімачі	2	2	Бренд | Кількість захватів зймача	Знімач 3-захопний 250 мм 10" Стандарт (SK3L10)
1013891679	менше 3 характеристик	4668955	Знімачі	1	1	Бренд	Знімач рульових наконечників Газель Харків Без бренда (СРТГАЗ)
1013891689	менше 3 характеристик	4668955	Знімачі	1	1	Бренд	Ключ храповика посилений S36 Харків-1 ХРАП36Х Без бренда (RGWR3601)
1013891691	менше 3 характеристик	4668907	Імбусові ключі	2	2	Бренд | Тип ключа	Ключі шестигранні подовжені 9ед. Стандарт (HKS0902)
1013891703	менше 3 характеристик	4668961	Інструмент для змащувальних матеріалів	1	1	Бренд	Гнучкий шланг до шприц-оливниці з металевим обплетенням 12" G.I. KRAFT G.I.Kraft (KW-401-12)
1013891725	менше 3 характеристик	4673713	Пристрої підготовки та очищення повітря	1	1	Бренд	Редуктор тиску повітря для фарбопульта Airkraft (SP024)
1013891726	менше 3 характеристик	154981	Фарбопульти	1	2	Бренд | Тип	Ремонтний комплект для краскопультів H-3003 Italco (RK-H-3003)
1013891733	менше 3 характеристик	4674187	Пневмопістолети для накачки шин	1	1	Бренд	Пістолет для підкачування коліс із манометром 15 бар Airkraft (STG-04)
1013891738	менше 3 характеристик	298224	Набори інструментів	1	1	Бренд	Притирка клапанів із карданом d6 довга ХЗСО (VGT0601)
1013891741	менше 3 характеристик	4668865	Динамометричні ключі	2	2	Бренд | Діапазон вимірювань	Пристосування типу монет для перевірки проміжку Toptul (JDBU0210)
1013891743	менше 3 характеристик	154981	Фарбопульти	1	2	Бренд | Тип	Ремкомплект для фарбувальних пістолетів HD-1 Italco (RK-HD-1)
1013891747	менше 3 характеристик	4668955	Знімачі	1	1	Бренд	Розсухарювач клапанів струбциної МОСКВІЧ ЗАЗ Червоний Луч РАС-МСТРР Без бренда (VSC04MZ)
1013891753	менше 3 характеристик	4668955	Знімачі	1	1	Бренд	Кліщі для зняття хомутів ШРУСа Харків-1 КХШМ Без бренда (CVCP2201)
1013891755	менше 3 характеристик	4668955	Знімачі	1	1	Бренд	Набір знімачів кульових опор і кермових наконечників універсальний 5ед. Стандарт (NSK0501)
1013891877	менше 3 характеристик	4668955	Знімачі	2	2	Бренд | Кількість захватів зймача	Знімач дволапий рейок середній Харків Без бренда (СК2ЛРСР)
1013891898	менше 3 характеристик	4643976	Автосканери	2	2	Бренд | Гарантійний термін	X-431 оновлення програм 1 рік Launch (UPDATE)
1013891927	менше 3 характеристик	4668955	Знімачі	2	2	Бренд | Кількість захватів зймача	Знімач 2-лапий рильс No4 120х130 мм Стандарт (SK2R4)
1013891934	менше 3 характеристик	4650255	Запчастини для компресорів	2	2	Бренд | Гарантійний термін	Компресорна головка AB580 580 л/хв Fiac (3020401000)
1013891935	менше 3 характеристик	4673713	Пристрої підготовки та очищення повітря	1	1	Бренд	Редуктор для фарбувального пістолета цифровий Italco (FR8)
1013891940	менше 3 характеристик	3510485	Патрони та перехідники	2	2	Бренд | Тип інструмента	Удлінитель з карданом для зняття коробки лом Харьков Без бренда (ЛОМХМ)
1013891994	менше 3 характеристик	4668865	Динамометричні ключі	1	2	Бренд | Розмір посадкового квадрата	Динамометричний ключ 6.8-135Нм цифровий 1/2" укорочений Toptul (DT-135S4)
1013892023	менше 3 характеристик	4668955	Знімачі	1	1	Бренд	Знімач кермових тяг Вовга литий Харків Без бренда (СРТВЛ)
1013892033	менше 3 характеристик	298224	Набори інструментів	2	2	Бренд | Гарантійний термін	Набор моториста ХЗСО (ICEMK003)
1013892045	менше 3 характеристик	4668961	Інструмент для змащувальних матеріалів	2	2	Бренд | Об'єм	Шприц для заливання оливи 500 мл гнучки конвінки G.I.Kraft (K-504)
1013892046	менше 3 характеристик	4668955	Знімачі	2	2	Бренд | Кількість захватів зймача	Знімач підшипників 150 мм трилапий 6" Стандарт (SK3L6)
1013892048	менше 3 характеристик	4668961	Інструмент для змащувальних матеріалів	2	2	Бренд | Об'єм	Шприц для змащення 400 мл двохплунжерний Pro-Line G.I.Kraft (KTPL-479)
1013892058	менше 3 характеристик	4654188	Рихтувальне обладнання	2	2	Бренд | Розмір	Оправка рихтувальна Toptul (JFCD0124)
1013892061	менше 3 характеристик	4668943	Ключі розрізні	1	1	Бренд	Ключ прокачування гальмівної системи 7х11 мм затискний Харків Без бренда (ПР0711Х)
1013892066	менше 3 характеристик	4668943	Ключі розрізні	1	1	Бренд	Ключ для гальмівних трубок 10х12 мм затискний Харків Без бренда (ПР1012Х)
1013892069	менше 3 характеристик	4668955	Знімачі	1	1	Бренд	Розсухарювач клапанів струбцина універсальний 3 насадки Червоний Луч СНГ (РАС-УН3НАС)
1013892084	менше 3 характеристик	4668865	Динамометричні ключі	1	1	Бренд	Ремкомплект для динамометричного ключа ANAF1211 Toptul (ALAD1211)
1013892088	менше 3 характеристик	4668865	Динамометричні ключі	1	1	Бренд	Ремкомплект для динамометричного ключа ANAF1203 Toptul (ALAD1203)
1013892113	менше 3 характеристик	4668865	Динамометричні ключі	1	1	Бренд	Ремкомплект до динамометричного ключа ANAF2450 Toptul (ALAD2450)
1013892115	менше 3 характеристик	154981	Фарбопульти	1	2	Бренд | Тип	Ремкомплект для фарбувальних пістолетів K-200 Auarita (RK-K-200)
1013892418	менше 3 характеристик	4654188	Рихтувальне обладнання	2	2	Бренд | Тягове зусилля	Захват для кузовних робіт 3 т Toptul (JFDB0303)
1013892443	менше 3 характеристик	4668955	Знімачі	2	2	Бренд | Кількість захватів зймача	Знімач підшипників тризахопний 100 мм 4" Стандарт (SP304ST)
1013892445	менше 3 характеристик	4654244	Ендоскопи автомобільні	2	2	Бренд | Гарантійний термін	Лінза 60° до ендоскопу JJAU0418 Toptul (JLAB0460)
1013892446	менше 3 характеристик	4668955	Знімачі	2	2	Бренд | Кількість захватів зймача	Знімач трьохзахватний універсальний довжина лап 120 235 285 мм по 3 шт. Стандарт (SK0220-1)
1013892480	менше 3 характеристик	154981	Фарбопульти	1	2	Бренд | Тип	Ремонтний комплект для фарбопультів D-951-MINI Italco (RK-D-951-MINI)
1013892495	менше 3 характеристик	154981	Фарбопульти	1	2	Бренд | Тип	Ремкомплект для фарбопультів TTS-HV30 Italco (RK-TTS-HV30)
1013892531	менше 3 характеристик	4668955	Знімачі	1	1	Бренд	Знімач сайлентблоків Москвіч Червоний Луч ССБМКЛ Без бренда (SBM0704)
1013892537	менше 3 характеристик	4668931	Торцеві головки	1	2	Бренд | Розмір посадкового квадрата	Головка торцева 1/4" 4 5 мм Toptul (BAEA084E)
1013892552	менше 3 характеристик	4668961	Інструмент для змащувальних матеріалів	2	2	Ємність бака | Бренд	Встановлення для зливання олії з пневмонасосом і мірною колбою 80 л G.I. KRAFT G.I.Kraft (HD-855)
1013892564	менше 3 характеристик	4668961	Інструмент для змащувальних матеріалів	2	2	Ємність бака | Бренд	Візок для збирання олії з лійкою G.I.Kraft (TRL-10)
1013892572	менше 3 характеристик	4668955	Знімачі	2	2	Бренд | Кількість захватів зймача	Посилений знімач підшипників двозахопний рельс з фіксацією 40х80 мм Стандарт (SK2R3U)
1013892586	менше 3 характеристик	4668955	Знімачі	2	2	Бренд | Кількість захватів зймача	Знімач із фіксацією двозахопний рельс 38х65мм Без бренда (SK2R2F)
1013892591	менше 3 характеристик	4654188	Рихтувальне обладнання	1	1	Бренд	Рихтувальне пристосування 750 мм 2 упори G.I.Kraft (GI12209)
1013892615	менше 3 характеристик	4668955	Знімачі	2	2	Бренд | Кількість захватів зймача	Знімач 3-х захватний кований 150мм павучок Харків Без бренда (СК3ЛКОВМ)
1013892640	менше 3 характеристик	4668961	Інструмент для змащувальних матеріалів	2	2	Ємність бака | Бренд	Піддон для зливання олії 16 л G.I. KRAFT G.I.Kraft (HM-16L)
1013892641	менше 3 характеристик	4668865	Динамометричні ключі	1	1	Бренд	Ремкомплект до динамометричного ключа ANAF1621 Toptul (ALAD1621)
1013892660	менше 3 характеристик	4670626	Аксесуари та супутні товари для зварювального устаткування	1	1	Бренд	Вуглецевий стрижень G.I. KRAFT G.I.Kraft (GI12159)
1013892662	менше 3 характеристик	4673713	Пристрої підготовки та очищення повітря	1	1	Бренд	Фільтри для фарбопульта у верхній бачок 10шт на блістері Auarita (GRTF-10pcs)
1013892665	менше 3 характеристик	4668955	Знімачі	2	2	Бренд | Кількість захватів зймача	Знімач 3-захопний 300 мм 12" Стандарт (SK3L12)
1013892849	менше 3 характеристик	4668955	Знімачі	1	1	Бренд	Ключ для пробок картера квадрат 8мм Харків КВ8Х Без бренда (SQRT0008)
1013892853	менше 3 характеристик	4654188	Рихтувальне обладнання	1	1	Бренд	Присосок для рихтування кузова пневматична G.I.Kraft (GI12206)
1013892854	менше 3 характеристик	155293	Пускозарядні пристрої	2	2	Бренд | Тип	Пускозарядний пристрій 12/24 V 500 A 220 V G.I.Kraft (GI35112)
1013892855	менше 3 характеристик	4670626	Аксесуари та супутні товари для зварювального устаткування	1	1	Бренд	Болт алюмінієвий для спотера 4 мм 50 шт. G.I. KRAFT G.I.Kraft (GI12167)
1013892857	менше 3 характеристик	4654188	Рихтувальне обладнання	2	2	Бренд | Розмір	Рихтувальне пристосування Toptul (JFBE0215)
1013892864	менше 3 характеристик	4668961	Інструмент для змащувальних матеріалів	2	2	Ємність бака | Бренд	Встановлення для зливання олії пластикове 30 л G.I.Kraft (HDP-30)
1013892870	менше 3 характеристик	4668955	Знімачі	1	1	Бренд	Знімач підшипників маточини ВАЗ 2108-2109 Харків ХЗСО (BHP2108)
1013892898	менше 3 характеристик	4630800	Ремонтні комплекти кермових механізмів	1	1	Бренд	Засухарювач рульових пальців Москвич струбциною Красний Луч ЗРПСТР Без бренда (CSWF0101)
1013892903	менше 3 характеристик	4674187	Пневмопістолети для накачки шин	1	1	Бренд	Манометр для пістолета підкачування шин STG-05 різь знизу Airkraft (MAN-STG-05G)
1013892908	менше 3 характеристик	4644008	Тестери і вимірники автомобільні	2	2	Бренд | Гарантійний термін	Прилад для регулювання світла фар Nitromac (NitroMac)
1013892922	менше 3 характеристик	4668931	Торцеві головки	1	2	Бренд | Розмір посадкового квадрата	Професійний набір інструменту 1/4" 54ед. дюйм+метр. Toptul (GBA54400)
1013892927	менше 3 характеристик	2798752	Молотки	1	1	Бренд	Насадка для молотка рихтувального поліуретанова Toptul (HLAA3501)
1013892928	менше 3 характеристик	4654188	Рихтувальне обладнання	2	2	Бренд | Тягове зусилля	Захват для кузовних робіт 5 т Toptul (JFDE0105)
1013892944	менше 3 характеристик	4654188	Рихтувальне обладнання	2	2	Бренд | Тягове зусилля	З'єднувач ланцюгів Toptul (JFEA0106)
1013892955	менше 3 характеристик	4668955	Знімачі	1	1	Бренд	Знімач рульових тяг Волга Харків Без бренда (СРТВ)
1013892958	менше 3 характеристик	4668955	Знімачі	1	1	Бренд	Ключ стартерний S13 Харків Без бренда (КСТАРТ13Х)
1013892985	менше 3 характеристик	4668961	Інструмент для змащувальних матеріалів	2	2	Бренд | Об'єм	Шприц оливозаливний 500 мл гнучкий коновик G.I.Kraft (K-501)
1013892992	менше 3 характеристик	4654188	Рихтувальне обладнання	2	2	Бренд | Розмір	Пристосування для рихтування кузова автомобіля Toptul (JFBG0412)
1013893007	менше 3 характеристик	4674187	Пневмопістолети для накачки шин	1	1	Бренд	Наконечник для підкачування шин 8 мм Airkraft (ATC-09)
1013893015	менше 3 характеристик	4668865	Динамометричні ключі	1	1	Бренд	Ремкомплект для динамометричного ключа ANAA2498 Toptul (ALAD2498)
1013893021	менше 3 характеристик	4668865	Динамометричні ключі	1	1	Бренд	Ремкомплект до динамометричного ключа ANAM1205 Toptul (ALAH1205)
1013893052	менше 3 характеристик	4644008	Тестери і вимірники автомобільні	2	2	Бренд | Гарантійний термін	Тестер для інжекторів універсальний Trisco (FT-310)
1013893092	менше 3 характеристик	4644008	Тестери і вимірники автомобільні	2	2	Бренд | Тип	Тестер інжекторів професійний Toptul (JGAI8101)
1013893093	менше 3 характеристик	4668865	Динамометричні ключі	1	1	Бренд	Ремкомплект для динамометрических ключей ANAM1610/1620/1630/1640 Toptul (ALAH1610)
1013893095	менше 3 характеристик	4654251	Інспекційне світло для СТО	2	2	Бренд | Тип живлення	Лампа переносна гаражна 15 м Стандарт (ПЕР15С)
1013893412	менше 3 характеристик	80247	Інфрачервоні обігрівачі	1	1	Бренд	Інфрачервона лампа для сушіння авто G.I.Kraft (LK-15130)
1013893424	менше 3 характеристик	154981	Фарбопульти	1	2	Бренд | Тип	Ремкомплект для фарбувальних пістолетів K-350 Auarita (RK-K-350)
1013893434	менше 3 характеристик	4670626	Аксесуари та супутні товари для зварювального устаткування	1	1	Бренд	Болт алюмінієвий для спотера 5 мм 50 шт. G.I. KRAFT G.I.Kraft (GI12168)
1013893449	менше 3 характеристик	4660272	Заклепники	1	1	Бренд	Набір насадок для клепки гальмівних колодок Airkraft (NNZPTN)
1013893453	менше 3 характеристик	4668955	Знімачі	1	1	Бренд	Знімач кермових і кульових Ланос СРТЛАН ХЗСО (TRPL017)
1013893462	менше 3 характеристик	4644008	Тестери і вимірники автомобільні	2	2	Бренд | Гарантійний термін	Стробоскоп автомобільний Trisco (TL-122)
1013893469	менше 3 характеристик	4668955	Знімачі	2	2	Бренд | Кількість захватів зймача	Знімач двозахопний 200 мм 8" Стандарт (SK2L8)
1013893489	менше 3 характеристик	154981	Фарбопульти	1	2	Бренд | Тип	Ремкомплект для фарбувальних пістолетів MP-200 Auarita (RK-MP-200)
1013893520	менше 3 характеристик	298224	Набори інструментів	1	1	Бренд	Набивання сальників клапанів ВАЗ 2110 16 V Харків-1 Без бренда (НСК10ХЦ)
1013893571	менше 3 характеристик	4650255	Запчастини для компресорів	2	2	Бренд | Гарантійний термін	Компресорна головка AB998 998 л/хв Fiac (3021080000)
1013893579	менше 3 характеристик	4668955	Знімачі	2	2	Бренд | Кількість захватів зймача	Знімач 3-х лапий кований великий Харків Без бренда (СК4ЛКОВБ)
1013893590	менше 3 характеристик	2798752	Молотки	1	1	Бренд	Змінний бойок для рихтувального молотка нейлоновий Toptul (HLAA3502)
1013893597	менше 3 характеристик	154981	Фарбопульти	1	2	Бренд | Тип	Ремкомплект для краскопультів H-827B Auarita (RK-H-827B)
1013893600	менше 3 характеристик	4670641	Зварювальні апарати	1	1	Бренд	Індукційна котушка спіраль діам. 1-1/4" для IND-1000W G.I.Kraft (114-COIL)
1013893609	менше 3 характеристик	4668955	Знімачі	1	1	Бренд	Знімач підшипників маточин Москвич 2141" Красний Луч Без бренда (ПОДШ41КрЛ)
1013893725	менше 3 характеристик	4668865	Динамометричні ключі	1	1	Бренд	Ремкомплект до динамометричного ключа ANAF1635 Toptul (ALAD1635)
1013893727	менше 3 характеристик	4670626	Аксесуари та супутні товари для зварювального устаткування	1	1	Бренд	Набір для беззварювального рихтування G.I. KRAFT G.I.Kraft (GI12201)
1013893731	менше 3 характеристик	154981	Фарбопульти	1	2	Бренд | Тип	Ремкомплект для краскопультів ST-3000 Auarita (RK-ST-3000)
1013893737	менше 3 характеристик	4668955	Знімачі	1	1	Бренд	Вилка для зняття кульових опор цементована Харків Без бренда (ВИЛЦХ)
1013893753	менше 3 характеристик	4668955	Знімачі	1	1	Бренд	Знімач пружин 355 мм Стандарт (ST370S)
1013897461	менше 3 характеристик	154981	Фарбопульти	1	2	Бренд | Тип	Ремкомплект для краскопультів H-5005 Italco (RK-H-5005)
1013897462	менше 3 характеристик	4668955	Знімачі	1	1	Бренд	Знімач поршневих пальців Червоний Промінь ЗПС Без бренда (PFRR0024)
1013897463	менше 3 характеристик	3510569	Фрези	2	2	Бренд | Діапазон	Хон для розточування циліндра 51-178мм Toptul (JDBE0718)
1013897468	менше 3 характеристик	4668955	Знімачі	1	1	Бренд	Ключ храповика посилений S38 Харків-1 ХРАП38Х Без бренда (RGWR3801)
1013897512	менше 3 характеристик	4668955	Знімачі	1	1	Бренд	Знімач кермових і кульових опор універсальний 20 мм Стандарт (SRT0314)
1013897523	менше 3 характеристик	4668955	Знімачі	2	2	Бренд | Кількість захватів зймача	Знімач двозахопний рельс No3 80х90мм Стандарт (SK2R3)
1013897525	менше 3 характеристик	154981	Фарбопульти	1	2	Бренд | Тип	Ремкомплект для краскопультів H-4004 Italco (RK-H-4004)
1013897528	менше 3 характеристик	4670626	Аксесуари та супутні товари для зварювального устаткування	1	1	Бренд	Шайба для спотера 50 шт. G.I. KRAFT G.I.Kraft (GI12155)
1013897537	менше 3 характеристик	4670017	Плоскогубці, щипці	2	2	Бренд | Довжина	Пінцет 115 мм Toptul (JJAV0312)
1013897543	менше 3 характеристик	4670466	Гідравлічні насоси та комплектуючі	2	2	Бренд | Тип гідравлічного насоса	Насос пневмогідравлічний TORIN (TRA5200)
1013897548	менше 3 характеристик	154981	Фарбопульти	1	2	Бренд | Тип	Ремкомплект для фарбувальних пістолетів PT-2/PT-8 Auarita (RK-PT-2/PT-8)
1013897549	менше 3 характеристик	4670626	Аксесуари та супутні товари для зварювального устаткування	1	1	Бренд	Болт для спотера 50 шт. G.I. KRAFT G.I.Kraft (GI12154)
1013897558	менше 3 характеристик	4654188	Рихтувальне обладнання	2	2	Бренд | Розмір	Оправка рихтувальна Toptul (JFBF0111)
1013897561	менше 3 характеристик	4668955	Знімачі	1	1	Бренд	Знімач кульових опор ВАЗ 2101-2107 солдатик Харків Україна Без бренда (СШОСОЛД)
1013897566	менше 3 характеристик	3510569	Фрези	1	1	Бренд	Зенкер для CDI форсунок ХЗСО (CDIR1701)
1013897584	менше 3 характеристик	4668955	Знімачі	2	2	Бренд | Кількість захватів зймача	Знімачі 2-захопний знімач підшипників 4" 100 мм Стандарт (SP204ST)
1013897586	менше 3 характеристик	4668955	Знімачі	1	1	Бренд	Ключ для зняття стійок Таврія Ланос Харків Без бренда (СТТАВР)
1013897588	менше 3 характеристик	4668955	Знімачі	2	2	Бренд | Кількість захватів зймача	Знімач 3-лапий 600 мм 24" Стандарт (SK3L24)
1013897590	менше 3 характеристик	4668955	Знімачі	2	2	Бренд | Кількість захватів зймача	Знімач підшипників 3-захопний 150 мм 6" Стандарт (SP306ST)
1013897592	менше 3 характеристик	155293	Пускозарядні пристрої	2	2	Бренд | Тип	Пускозарядний пристрій 12/24 V 600A 220 V G.I.Kraft (GI35111)
1013897600	менше 3 характеристик	80247	Інфрачервоні обігрівачі	1	1	Бренд	Інфрачервоне сушіння G.I.Kraft (GI15112)
1013897629	менше 3 характеристик	4654188	Рихтувальне обладнання	2	2	Бренд | Розмір	Оправка рихтувальна Toptul (JFBB0110)
1013897634	менше 3 характеристик	4668955	Знімачі	2	2	Бренд | Гарантійний термін	Набір для установки фаз ГРМ Газель СТАНДАРТ Без бренда (РЕГГАЗ)
1013897654	менше 3 характеристик	4668907	Імбусові ключі	2	2	Бренд | Тип ключа	Ключі TORX Г-подібні довгі з отвором 9 од. Стандарт (TKS0902)
1013897692	менше 3 характеристик	4668943	Ключі розрізні	2	2	Бренд | Гарантійний термін	Ключ прокачування гальм затискний 7х11мм СНД Без бренда (ПР0711В)
1013897695	менше 3 характеристик	4673722	Пневмопістолети будівельні	1	1	Бренд	Комплект форсунок для штукатурних розпилювачів FR-300/FR-301 4 6 8 мм Auarita (NS-FR-300-301)
1013898032	менше 3 характеристик	4668955	Знімачі	1	1	Бренд	Розсухарювач клапанів ВАЗ 2101-2107 ХЗСО (VSC2101)
1013898034	менше 3 характеристик	4668955	Знімачі	1	1	Бренд	Знімач півосей універсальний Харків-1 Україна Без бренда (СПОЛ)
1013898065	менше 3 характеристик	4650255	Запчастини для компресорів	2	2	Бренд | Гарантійний термін	Компресорна головка AB380 380 л/хв Fiac (9100281000)
1013898067	менше 3 характеристик	154981	Фарбопульти	1	2	Бренд | Тип	Ремонтний комплект для краскопультів H-3003-MINI Italco (RK-H-3003-MINI)
1013898069	менше 3 характеристик	4668961	Інструмент для змащувальних матеріалів	2	2	Ємність бака | Бренд	Пневматичний нагнітач мастила 12 л. G.I. KRAFT G.I.Kraft (AGL-12)
1013898080	менше 3 характеристик	4644008	Тестери і вимірники автомобільні	2	2	Бренд | Тип	Тестер тиску масла Trisco (EA-600)
1013898086	менше 3 характеристик	4668955	Знімачі	1	1	Бренд	Знімач кульових опор ВАЗ 2101-2107 з ручкою Україна Без бренда (СШОРУЧКрЛ)
1013898090	менше 3 характеристик	4644008	Тестери і вимірники автомобільні	2	2	Бренд | Гарантійний термін	Стробоскоп автомобільний Trisco (TL-1100)
1013898096	менше 3 характеристик	4668955	Знімачі	2	2	Бренд | Кількість захватів зймача	Знімач із фіксацією двозахопний рельс 35х45мм Без бренда (SK2R1F)
1013898102	менше 3 характеристик	4668955	Знімачі	1	1	Бренд	Знімач кульових опор і кермових тяг універсальний 20 мм Стандарт (SRT0313-1)
1013898105	менше 3 характеристик	4668955	Знімачі	2	2	Бренд | Кількість захватів зймача	Знімач внутрішніх підшипників 3-захопний Стандарт (SK3VN)
1013898121	менше 3 характеристик	4668955	Знімачі	2	2	Бренд | Кількість захватів зймача	Знімачі 2-захопний знімач підшипників 3" 75 мм Стандарт (SP203ST)
1013898130	менше 3 характеристик	4668955	Знімачі	1	1	Бренд	Пристосування для прочищення поршневих канавок Toptul (JDCV0205)
1013898137	менше 3 характеристик	4654139	Стартові дроти	2	2	Бренд | Гарантійний термін	Тестові затискачі крокодили 2 шт. Херсон Без бренда (КРДЛ)
1013898176	менше 3 характеристик	4668955	Знімачі	1	1	Бренд	Знімач сайлентблоків Газель СБГАЗЦХ ХЗСО (SBG0805)
1013898188	менше 3 характеристик	4668865	Динамометричні ключі	1	1	Бренд	Ремкомплект до динамометричного ключа ANAM0803 Toptul (ALAH0803)
1013898198	менше 3 характеристик	4668961	Інструмент для змащувальних матеріалів	2	2	Бренд | Довжина	Гнучкий шланг з наконечником до шприц-оливниці 12" 310 мм Toptul (JJAC1212)
1013898203	менше 3 характеристик	4668955	Знімачі	1	1	Бренд	Знімач сайлентблоків ВАЗ 2108-2110 ССБ08КРЛ ХЗСО (SBZ0808)
1013898214	менше 3 характеристик	4654188	Рихтувальне обладнання	2	2	Бренд | Розмір	Рихтове приспособлення Toptul (JFBC0113)
1013898219	менше 3 характеристик	4668955	Знімачі	1	1	Бренд	Знімач сайлентблоків Волга ССБВКЛ ХЗСО TOPTUL (SBV0801)
1013898234	менше 3 характеристик	4668943	Ключі розрізні	1	1	Бренд	Ключ прокачування гальм затискний 7х9мм затискний СНД Без бренда (ПР0709В)
1013898242	менше 3 характеристик	4654251	Інспекційне світло для СТО	2	2	Бренд | Тип живлення	Переносна лампа гаражна 5 м Стандарт (ПЕР5С)
1013898267	менше 3 характеристик	4670641	Зварювальні апарати	1	1	Бренд	Індукційна пластина кругла діам. 75мм для IND-1000W G.I.Kraft (ROUND-COIL)
1013898269	менше 3 характеристик	4668961	Інструмент для змащувальних матеріалів	2	2	Ємність бака | Бренд	Зливна ємність для оливи пластикове 75 л G.I.Kraft (HDP-75)
1013898563	менше 3 характеристик	4670466	Гідравлічні насоси та комплектуючі	2	2	Бренд | Тип гідравлічного насоса	Насос гідравлічний із пневмоприводом TORIN (TRA3401)
1013898574	менше 3 характеристик	4668955	Знімачі	1	1	Бренд	Знімач реактивних тяг ВАЗ 2101-2107 Червоний Промінь РЕАКТИВ Без бренда (ERPL0107)
1013898577	менше 3 характеристик	154981	Фарбопульти	1	2	Бренд | Тип	Набір для чищення краскопультів Auarita (ASGCS)
1013898594	менше 3 характеристик	4670017	Плоскогубці, щипці	2	2	Бренд | Довжина	Пінцет 117 мм Toptul (JJAV0112)
1013898604	менше 3 характеристик	4668865	Динамометричні ключі	1	2	Бренд | Розмір посадкового квадрата	Адаптер динамометричний цифровий + шкала довороту 1/2" 10-200Нм Toptul (DTA-200A4)
1013898608	менше 3 характеристик	4670017	Плоскогубці, щипці	2	2	Бренд | Довжина	Пінцет 120 мм Toptul (JJAV0212)
1013898623	менше 3 характеристик	4668955	Знімачі	1	1	Бренд	Знімач підшипників ступиці ВАЗ 2108-2109 з лапами Червоний Промінь Без бренда (ПОДШ08Л)
1013898630	менше 3 характеристик	4668943	Ключі розрізні	1	1	Бренд	Ключ прокачки гальмовної системи 10х13 мм зажимний Харків Без бренда (ПР1013Х)
1013898631	менше 3 характеристик	3510569	Фрези	1	1	Бренд	Ніж для зенкеров розсувних 32.4-3 3шт. Харків Без бренда (НОЖШАР32)
1013898632	менше 3 характеристик	154981	Фарбопульти	1	2	Бренд | Тип	Ремкомплект для фарбувальних пістолетів PT-29B Auarita (RK-PT-29B)
1013898635	менше 3 характеристик	4630800	Ремонтні комплекти кермових механізмів	1	1	Бренд	Засухариватель пальців рульових Москвич будиночком Червоний Промінь ЗРПДОМ Без бренда (CSWF02HS)
1013898649	менше 3 характеристик	4668961	Інструмент для змащувальних матеріалів	2	2	Ємність бака | Бренд	Встановлення для вакуумного відкачування оливи з мірною колбою 80 л G.I.Kraft (B8010KV)
1013898671	менше 3 характеристик	4668955	Знімачі	2	2	Бренд | Кількість захватів зймача	Знімач двозахопний рельс литий 150 мм Харків Без бренда (СК2ЛТСТ)
1013898681	менше 3 характеристик	4644008	Тестери і вимірники автомобільні	2	2	Бренд | Гарантійний термін	Стробоскоп з інтенсивним променем Trisco (TA-2200)
1013898703	менше 3 характеристик	4670626	Аксесуари та супутні товари для зварювального устаткування	1	1	Бренд	Затискач під вуглецевий стрижень G.I. KRAFT G.I.Kraft (GI12158)
1013898706	менше 3 характеристик	4668907	Імбусові ключі	2	2	Бренд | Тип ключа	Набір ключів шестигранних із кулею довгих 9 од. Стандарт (HKS0903)
1013898793	менше 3 характеристик	4644008	Тестери і вимірники автомобільні	2	2	Бренд | Гарантійний термін	Стробоскоп для встановлення запалювання Trisco (DA-3100D)
1013898802	менше 3 характеристик	4668955	Знімачі	1	1	Бренд	Рассухариватель універсальний з ручкою Харків-1 Без бренда (РАС-УР)
1013898806	менше 3 характеристик	4668955	Знімачі	2	2	Бренд | Кількість захватів зймача	Знімач 3-х лапый кований середній Харків Без бренда (СК4ЛКОВСР)
1013899466	менше 3 характеристик	4668961	Інструмент для змащувальних матеріалів	1	1	Бренд	Наконечник для мастильного шприца з кульковим клапаном G.I. KRAFT G.I.Kraft (K-405H)
1013899504	менше 3 характеристик	4654244	Ендоскопи автомобільні	2	2	Бренд | Гарантійний термін	Лінза 45° до ендоскопа JJAU0418 Toptul (JLAB0445)
1013899523	менше 3 характеристик	4670626	Аксесуари та супутні товари для зварювального устаткування	2	2	Бренд | Гарантія	Трикутна шайба для спотера 20 шт. G.I. KRAFT G.I.Kraft (GI12153)
1013899525	менше 3 характеристик	4674549	Пневматичні багатофункціональні інструменти	2	2	Бренд | Тип пилососибірника	Мішок до пневмопылесосу GDAE0701 Toptul (KBEB0070)
1013899529	менше 3 характеристик	4674516	Витратні матеріали для шиномонтажу	1	1	Бренд	Шило для шиномонтажа Airkraft (STR-39-3)
1013899552	менше 3 характеристик	3510478	Мітчики та плашки	2	2	Бренд | Тип	Развертка промежуточного вала Газель 406ДВС Харьков Без бренда (РАЗВПРВ-Г)
1013899578	менше 3 характеристик	4630800	Ремонтні комплекти кермових механізмів	1	1	Бренд	Ключ для підтягування рейки ВАЗ 2108-2109 Харків-1 Без бренда (КПРЕЙ08МС)
1013899579	менше 3 характеристик	4654188	Рихтувальне обладнання	2	2	Бренд | Розмір	Пристосування для рихтування кузова автомобіля Toptul (JFBG0212)
1013899590	менше 3 характеристик	4644008	Тестери і вимірники автомобільні	2	2	Бренд | Гарантійний термін	Індикатор якості суміші ІКС Без бренда (ИКС)
1013899593	менше 3 характеристик	4660202	Кримпери	2	2	Бренд | Тип інструмента	Кримпер для обтискання та зняття ізоляції 8.5" Стандарт (PLM0850)
1013899595	менше 3 характеристик	155293	Пускозарядні пристрої	2	2	Бренд | Тип	Пусковий зарядний пристрій 12/24 V 3600A 380V G.I.Kraft (GI35115)
1013899609	менше 3 характеристик	4668955	Знімачі	2	2	Бренд | Кількість захватів зймача	Знімач 2-лапий рильс No5 160х170 мм Стандарт (SK2R5)
1013899612	менше 3 характеристик	4654188	Рихтувальне обладнання	2	2	Бренд | Розмір	Пристосування для рихтування автомобіля Toptul (JFBJ0108)
1013899619	менше 3 характеристик	155534	Універсальні мийки	1	1	Бренд	Ванна для миття деталей 75 л TORIN (TRG4001-20)
1013899621	менше 3 характеристик	307032	Анемометри	1	1	Бренд	Манометр для шин металевий корпус Airkraft (SDG-5243)
1013899629	менше 3 характеристик	154981	Фарбопульти	1	2	Бренд | Тип	Ремонтний комплект для краскопультів H-2000P Auarita (RK-H-2000P)
1013899639	менше 3 характеристик	4668943	Ключі розрізні	2	2	Бренд | Гарантійний термін	Ключ прокачки 10х12мм зажимний СНГ Без бренда (ПР1012В)
1013899641	менше 3 характеристик	4668955	Знімачі	2	2	Бренд | Кількість захватів зймача	Знімач двозахопний рельс з фіксацією посилений 70х120мм Стандарт (SK2R5U)
1013899649	менше 3 характеристик	4670626	Аксесуари та супутні товари для зварювального устаткування	2	2	Бренд | Гарантія	OT-шайба для спотера 50 шт. G.I. KRAFT G.I.Kraft (GI12152)
1013899679	менше 3 характеристик	4668955	Знімачі	1	1	Бренд	Знімачі пружин двозахопні 250 мм Стандарт (ST250D)
1013899684	менше 3 характеристик	4668955	Знімачі	2	2	Бренд | Гарантійний термін	Знімач ТНВД BMW Opel Omega B 2.5TD СТНВД ХЗСО (IPRT25TD)
1013899696	менше 3 характеристик	4668955	Знімачі	2	2	Бренд | Кількість захватів зймача	Знімач підшипників 300 мм двозахопний 12" Стандарт (SP212ST)
1013899976	менше 3 характеристик	4668955	Знімачі	2	2	Бренд | Кількість захватів зймача	Знімач із двома захватами рельс з фіксацією 55х90мм Стандарт (SK2R4F)
1013900001	менше 3 характеристик	4644008	Тестери і вимірники автомобільні	2	2	Бренд | Тип	Навантажувальна Вилка 100-200А Херсон Без бренда (ВНАГР200)
1013900011	менше 3 характеристик	4668907	Імбусові ключі	2	2	Бренд | Тип ключа	Набір шестигранників Г-подібних 9ед. Стандарт (HKS0901)
1013900012	менше 3 характеристик	4668955	Знімачі	2	2	Бренд | Кількість захватів зймача	Знімач із двома захватами 4" 100 мм Стандарт (SK2L4)
1013900015	менше 3 характеристик	4668865	Динамометричні ключі	1	2	Бренд | Розмір посадкового квадрата	Цифровий динамометричний адаптер + шкала довороту 1/2" 6.8-135Нм Toptul (DTA-135A4)
1013900026	менше 3 характеристик	4630800	Ремонтні комплекти кермових механізмів	1	1	Бренд	Ключ для підтягування рейки Ланос 41 мм ХЗСО (STRT41L)
1013900034	менше 3 характеристик	4668955	Знімачі	2	2	Бренд | Кількість захватів зймача	Знімач із двома захватами рельс з фіксацією 70х120мм Стандарт (SK2R5F)
1013900035	менше 3 характеристик	4669237	Гайковерти	1	1	Бренд	Акумулятор для гайковерта 18V Toptul (KALD0302E)
1013900053	менше 3 характеристик	4668955	Знімачі	1	1	Бренд	Ключ для передкамер прекамер Mercedes Харків Без бренда (ФОРКАМ)
1013900064	менше 3 характеристик	154981	Фарбопульти	1	2	Бренд | Тип	Ремкомплект для фарбувальних пістолетів MP-500 Auarita (RK-MP-500)
1013900077	менше 3 характеристик	4654244	Ендоскопи автомобільні	2	2	Бренд | Гарантійний термін	Магніт до ендоскопа JJAU0418 Toptul (JLAD0406)
1013900086	менше 3 характеристик	4630800	Ремонтні комплекти кермових механізмів	1	1	Бренд	Ключ для підтягування рейки Ланос 46 мм ХЗСО (STRT46L)
1013900098	менше 3 характеристик	4668955	Знімачі	1	1	Бренд	Знятник підшипників напівосі ВАЗ 2101-2107 Червоний Луч СКППЖКрЛ Без бренда (SABP0107)
1013900106	менше 3 характеристик	4668955	Знімачі	1	1	Бренд	Ключ для зняття передніх стійок ВАЗ 2108-2109 ХЗСО (FSSW2108)
1013900107	менше 3 характеристик	4670466	Гідравлічні насоси та комплектуючі	2	2	Бренд | Тип гідравлічного насоса	Насос гідравлічний 10т TORIN (T71001B1)
1013900127	менше 3 характеристик	4668955	Знімачі	2	2	Бренд | Розмір	Клин для зняття пластикових деталей обшивки Toptul (JJAP1219)
1013900136	менше 3 характеристик	4644008	Тестери і вимірники автомобільні	2	2	Бренд | Гарантійний термін	Стробоскоп для виставлення запалювання Trisco (DA-5100)
1013900159	менше 3 характеристик	4668931	Торцеві головки	1	2	Бренд | Розмір посадкового квадрата	Головка торцева 1/4" 5 5 мм Toptul (BAEA085E)
1013900183	менше 3 характеристик	4654188	Рихтувальне обладнання	2	2	Бренд | Розмір	Оправка рихтувальна Toptul (JFCC0251)
1013900189	менше 3 характеристик	4670626	Аксесуари та супутні товари для зварювального устаткування	1	1	Бренд	Затискач для OT-шайби G.I. KRAFT G.I.Kraft (GI12163)
1013900212	менше 3 характеристик	4668955	Знімачі	2	2	Бренд | Кількість захватів зймача	Знімач із двома захватами рельс з фіксацією посилений 38х65мм Стандарт (SK2R2U)
1013900217	менше 3 характеристик	3510569	Фрези	2	2	Бренд | Кількість у наборі	Комплект каменів до хону L= 100 мм 3 од. Toptul (JLAF1804)
1013900220	менше 3 характеристик	4668955	Знімачі	1	1	Бренд	Зйомник рульових і кульових ВАЗ 2108-2110 ХЗСО СРТ08КрЛ Без бренда (TRP2108)
1013900736	менше 3 характеристик	4630800	Ремонтні комплекти кермових механізмів	1	1	Бренд	Ключ для підтягування рейки ВАЗ 2110 ХЗСО (STRT211)
1013900748	менше 3 характеристик	4673722	Пневмопістолети будівельні	1	1	Бренд	Продувний пістолет 100 мм Airkraft (ABG-01)
1013900753	менше 3 характеристик	4668955	Знімачі	1	1	Бренд	Знімач сайлентблоків ВАЗ 2101-2107 Червоний Промінь Без бренда (ССБЖКрЛ)
1013900759	менше 3 характеристик	4668955	Знімачі	2	2	Бренд | Кількість захватів зймача	Знімач тризахопний 500 мм 20" Стандарт (SK3L20)
1013900777	менше 3 характеристик	4668955	Знімачі	2	2	Бренд | Кількість захватів зймача	Знімач підшипників 300 мм тризахопний 12" Стандарт (SP312ST)
1013900785	менше 3 характеристик	4668955	Знімачі	2	2	Бренд | Тип	Інструмент для установки стрічкових хомутів ШРУСа Toptul (JEAE0423)
1013900788	менше 3 характеристик	298224	Набори інструментів	1	1	Бренд	Притирка клапанів із карданом d5 довга ХЗСО (VGT0501)
1013900802	менше 3 характеристик	2798762	Викрутки	2	2	Бренд | Матеріал ручки	Викрутка для ніпелів 30 мм Airkraft (VTC-03A)
1013900809	менше 3 характеристик	4668955	Знімачі	2	2	Бренд | Кількість захватів зймача	Знімач тризахопний 400 мм 16" Стандарт (SK3L16)
1013900810	менше 3 характеристик	3510569	Фрези	1	1	Бренд	Ніж для зенкеров розсувних 25.4-3 3шт. Харків Без бренда (НОЖШАР25)
1013900816	менше 3 характеристик	4670023	Кліщі	1	1	Бренд	Кліщі для балансувальних тягарців Стандарт (KLBAL)
1013900829	менше 3 характеристик	4668865	Динамометричні ключі	1	1	Бренд	Ремкомплект для динамометричного ключа ANAS1635 Toptul (ALAL1635)
1013900831	менше 3 характеристик	155534	Універсальні мийки	2	2	Бренд | Гарантійний термін	Мийка деталей для автосервісу 150 л TORIN (TRG4001-40)
1013900835	менше 3 характеристик	4668865	Динамометричні ключі	2	2	Бренд | Діаметр	Шкала доворотна Toptul (JDAW1602)
1013900849	менше 3 характеристик	4670626	Аксесуари та супутні товари для зварювального устаткування	1	1	Бренд	Електрод для хвилястого дроту G.I. KRAFT G.I.Kraft (GI12165)
1013900882	менше 3 характеристик	4668865	Динамометричні ключі	1	1	Бренд	Ремкомплект для динамометричного ключа ANAF0803 Toptul (ALAD0803)
1013900885	менше 3 характеристик	4668955	Знімачі	2	2	Бренд | Кількість захватів зймача	Знімач двозахопний кований великий 250 мм Харків СК2ЛБКІВ Без бренда (СК2ЛБКОВ)
1013900887	менше 3 характеристик	4668955	Знімачі	2	2	Бренд | Кількість захватів зймача	Знімач підшипників 100 мм трилапий 4" Стандарт (SK3L4)
1013900899	менше 3 характеристик	4654188	Рихтувальне обладнання	2	2	Бренд | Тип	Стенд для відновлення геометрії кузова стапель Без бренда (VE-800B)
1013900900	менше 3 характеристик	2798757	Зубило, керн, пробійник	1	1	Бренд	Набір зубил для пневмолотка RP7621 4 шт Airkraft (RP7002)
1013900901	менше 3 характеристик	4654188	Рихтувальне обладнання	2	2	Бренд | Розмір	Пристосування для рихтування кузова автомобіля Toptul (JFBG0112)
1013900906	менше 3 характеристик	4654188	Рихтувальне обладнання	2	2	Бренд | Тягове зусилля	Захоплення рихтувальний 5 т Toptul (JFDC0105)
1013900909	менше 3 характеристик	4668955	Знімачі	2	2	Бренд | Стан	Стяжка пружин стаціонарна механічна TORIN (TRK1500-3)
1013900950	менше 3 характеристик	4668907	Імбусові ключі	2	2	Бренд | Тип ключа	Набір ключів TORX Г-обр. з отвором 9 од. Стандарт (TKS0901)
1013900968	менше 3 характеристик	4668955	Знімачі	2	2	Бренд | Кількість захватів зймача	Знімач із фіксацією двозахопний рельс 40х80мм Без бренда (SK2R3F)
1013900971	менше 3 характеристик	4644008	Тестери і вимірники автомобільні	2	2	Бренд | Гарантійний термін	Лампа для автоскладоскопа Trisco (TL-020)
1013900979	менше 3 характеристик	4649526	Паяльники для пластикових труб	2	2	Бренд | Напруга живлення	Термостеплер для ремонту пластикових деталей Trisco (WS-303)
1013901270	менше 3 характеристик	4668955	Знімачі	2	2	Бренд | Кількість захватів зймача	Знімач підшипників 200 мм трилапий 8" Стандарт (SK3L8)
1013901318	менше 3 характеристик	4668955	Знімачі	1	1	Бренд	Знімач рульової сошки Червоний Промінь Без бренда (СОШККрЛ)
1013901328	менше 3 характеристик	4668961	Інструмент для змащувальних матеріалів	2	2	Бренд | Тип приводу бочкового насоса	Оливний насос для бочок 200 літрів G.I.Kraft (K-490c)
1013901341	менше 3 характеристик	4668955	Знімачі	2	2	Бренд | Кількість захватів зймача	Знімач дволапий рильс малий Харків Без бренда (СК2ЛРМ)
1013901350	менше 3 характеристик	2798762	Викрутки	2	2	Бренд | Матеріал ручки	Викрутка для ніпелей довга 170 мм Airkraft (VTC-03B)
1013901355	менше 3 характеристик	4668943	Ключі розрізні	1	1	Бренд	Ключ прокачування гальм 9х11 мм затискний Харків Без бренда (ПР0911Х)
1013901363	менше 3 характеристик	4668955	Знімачі	2	2	Бренд | Кількість захватів зймача	Знімач 3-лапий 800 мм жовтий СК4ЛЖЕЛ800 ХЗСО (GP3J800)
1013901380	менше 3 характеристик	4673722	Пневмопістолети будівельні	2	2	Бренд | Робочий тиск	Пістолет піскоструминний із нижнім бачком Airkraft (PS-4A)
1013901394	менше 3 характеристик	4670626	Аксесуари та супутні товари для зварювального устаткування	1	1	Бренд	OT-шайба для споттера 20шт. Харків Україна Без бренда (ОТШайба)
1013901415	менше 3 характеристик	4654188	Рихтувальне обладнання	2	2	Бренд | Тип	Пристрій для рихтування автомобіля 850 мм 4 упори G.I.Kraft (GI12205)
1013901436	менше 3 характеристик	4668955	Знімачі	1	1	Бренд	Ключ для маслосливних пробок квадрат 9мм Москвич Харків КВ9Х Без бренда (SQRT0009)
1013901467	менше 3 характеристик	4644008	Тестери і вимірники автомобільні	2	2	Бренд | Гарантійний термін	Стробоскоп для запалювання Квазар Жовті Води Без бренда (СТРОБКВ)
1013901482	менше 3 характеристик	4668943	Ключі розрізні	2	2	Бренд | Гарантійний термін	Ключ прокачки 9х11мм зажимний СНГ Без бренда (ПР0911В)
1013901487	менше 3 характеристик	4668955	Знімачі	1	1	Бренд	Стяжки пружин 370 мм двозахопні Стандарт (ST370D)
1013901501	менше 3 характеристик	4668955	Знімачі	2	2	Бренд | Кількість захватів зймача	Знімач із фіксацією дво-тризахопний 150-200 мм Стандарт (SK23L6)
1013901807	менше 3 характеристик	4673722	Пневмопістолети будівельні	2	2	Бренд | Гарантійний термін	Пневмопістолет продувний короткий 6.2 бар Airkraft (DG-10-1)
1013901814	менше 3 характеристик	4668955	Знімачі	1	1	Бренд	Зйомник шарового Москвич Красний Луч Без бренда (СШОМОСКВ)
1013901854	менше 3 характеристик	4668955	Знімачі	2	2	Бренд | Вид	Знімач поршневих кілець 53-125мм 3" Toptul (JAAA1303)
1013901860	менше 3 характеристик	4674187	Пневмопістолети для накачки шин	2	2	Бренд | Гарантійний термін	Насадка для накачування коліс 250 мм Airkraft (DTC-12)
1013901862	менше 3 характеристик	4668955	Знімачі	2	2	Бренд | Кількість захватів зймача	Знімач дво/тризахопний 8" редукторний 10 т 75-200 мм Стандарт (SK23L8R10)
1013901870	менше 3 характеристик	154981	Фарбопульти	1	2	Бренд | Тип	Ремонтний комплект для краскопультів H-1001A Italco (RK-H-1001A)
1013901877	менше 3 характеристик	154981	Фарбопульти	1	2	Бренд | Тип	Ремкомплект для краскопультів W-871 Auarita (RK-W-871)
1013901878	менше 3 характеристик	4668955	Знімачі	1	1	Бренд	Знімач рульових тяг ВАЗ 2101-2107 Червоний Промінь СРТЖКрЛ Без бренда (TRP2101)
1013901883	менше 3 характеристик	4668955	Знімачі	1	1	Бренд	Знімач крильчатки помпи Харків-1 Без бренда (СКРПОМП)
1013901891	менше 3 характеристик	4668961	Інструмент для змащувальних матеріалів	2	2	Ємність бака | Бренд	Нагнітач консистентного мастила пневматичний TORIN (TRG2095)
1013901901	менше 3 характеристик	4670017	Плоскогубці, щипці	2	2	Бренд | Довжина	Пінцет 110 мм Toptul (JJAV0411)
1013901911	менше 3 характеристик	154981	Фарбопульти	1	2	Бренд | Тип	Ремкомплект для краскопультів H-929 Italco (RK-H-929)
1013901934	менше 3 характеристик	4668955	Знімачі	1	1	Бренд	Ключ амортизаторний універсальний Харків-1 АМУН Без бренда (WSM0202)
1013901943	менше 3 характеристик	4668955	Знімачі	2	2	Бренд | Кількість захватів зймача	Знімач із двома захватами рельс з фіксацією посилений 35х45 мм Стандарт (SK2R1U)
1013901944	менше 3 характеристик	4668955	Знімачі	1	1	Бренд	Стяжки пружин 250 мм бугельні ХЗСО (SCY0250)
1013901946	менше 3 характеристик	4668955	Знімачі	1	1	Бренд	Розсухарювач клапанів МОСКВІЧ Харків РАС-М Без бренда (VSC003M)
1013901952	менше 3 характеристик	4654188	Рихтувальне обладнання	2	2	Бренд | Розмір	Оправка рихтувальна Toptul (JFBE0315)
1013901962	менше 3 характеристик	4654188	Рихтувальне обладнання	2	2	Бренд | Розмір	Пристосування для рихтування кузова автомобіля Toptul (JFBG0312)
1013901965	менше 3 характеристик	4654188	Рихтувальне обладнання	2	2	Бренд | Тип	Підкатний стапель для кузовного ремонту Без бренда (VE-700)
1013901973	менше 3 характеристик	154981	Фарбопульти	1	2	Бренд | Тип	Ремкомплект для краскопультів H-923 Auarita (RK-H-923)
1013901974	менше 3 характеристик	4668943	Ключі розрізні	2	2	Бренд | Гарантійний термін	Ключ для гальмівних трубок 8х10мм затискний СНД Без бренда (ПР0810В)
1013901982	менше 3 характеристик	154981	Фарбопульти	1	2	Бренд | Тип	Ремкомплект для краскопультів H-970 Auarita (RK-H-970)
1013901988	менше 3 характеристик	154981	Фарбопульти	1	2	Бренд | Тип	Ремкомплект для краскопультів TTS-TE10 Italco (RK-TTS-TE10)
1013901995	менше 3 характеристик	4668955	Знімачі	2	2	Бренд | Гарантійний термін	Ключ для розбирання стійок 19мм WV AUDI Київ Без бренда (КРСВК19)
1013902004	менше 3 характеристик	4674187	Пневмопістолети для накачки шин	1	1	Бренд	Манометр для пістолета підкачування шин STG-29 різь ззаду Airkraft (MAN-STG-29G)
1013902011	менше 3 характеристик	4670626	Аксесуари та супутні товари для зварювального устаткування	1	1	Бренд	Затискач болта для спотера G.I. KRAFT G.I.Kraft (GI12157)
1013902027	менше 3 характеристик	4668955	Знімачі	2	2	Бренд | Кількість захватів зймача	Знімач підшипників 250 мм трилапий 10" Стандарт (SP310ST)
1013902033	менше 3 характеристик	298224	Набори інструментів	1	1	Бренд	Притирання клапанів з карданом d8 довга ХЗСО Без бренда (VGT0801)
1013902046	менше 3 характеристик	4668955	Знімачі	2	2	Бренд | Кількість захватів зймача	Знімач двозахопний рельс No1 60х70мм Стандарт (SK2R1)
1013902050	менше 3 характеристик	4670626	Аксесуари та супутні товари для зварювального устаткування	1	1	Бренд	Комплект аксесуарів до спотера G.I. KRAFT G.I.Kraft (GI12150)
1013902372	менше 3 характеристик	2798757	Зубило, керн, пробійник	2	2	Бренд | Довжина інструмента	Крайкогин ХЗСО (HMF0101)
1013902407	менше 3 характеристик	4668955	Знімачі	1	1	Бренд	Ключ для кришки паливного насоса універсальний HESHITOOLS Стандарт (SKTN0349)
1013902409	менше 3 характеристик	4668955	Знімачі	1	1	Бренд	Знімачі пружин 119 мм Стандарт (ST250S)
1013902412	менше 3 характеристик	4668907	Імбусові ключі	2	2	Бренд | Тип ключа	Набір ключів TORX Г-обр. з отвором 7 од. Стандарт (TKS0701)
1013902423	менше 3 характеристик	4668955	Знімачі	1	1	Бренд	Зтягувач шарових опор і рулевих тяг універсальний литий Харьков Без бренда (СРТУЛ)
1013902432	менше 3 характеристик	4654188	Рихтувальне обладнання	2	2	Бренд | Розмір	Пристосування для рихтування автомобіля Toptul (JFCB0229)
1013902438	менше 3 характеристик	4668955	Знімачі	1	1	Бренд	Універсальний знімач підшипників маточини 45-74 мм ХЗСО (MBP0801)
1013902441	менше 3 характеристик	3510569	Фрези	1	1	Бренд	Ніж для зенкеров розсувних 40-3 1 шт. Харків Без бренда (НОЖШАР40)
1013902443	менше 3 характеристик	4668961	Інструмент для змащувальних матеріалів	2	2	Ємність бака | Бренд	Вакуумне встановлення для заміни оливи з мірною колбою 80 л G.I.Kraft (B8010KVS)
1013902455	менше 3 характеристик	4654188	Рихтувальне обладнання	2	2	Бренд | Тип	Стапель платформний для рихтування Без бренда (WT-400)
1013902462	менше 3 характеристик	4668961	Інструмент для змащувальних матеріалів	1	1	Бренд	Шланг для плунжерного шприца 9" 230 мм G.I. KRAFT G.I.Kraft (K-401-9)
1013902478	менше 3 характеристик	4668955	Знімачі	2	2	Бренд | Кількість захватів зймача	Знімач підшипників двозахопний 8" 200 мм Стандарт (SP208ST)
1013902480	менше 3 характеристик	4676159	Автоклімат	2	2	Бренд | Гарантійний термін	Комплект для промивання системи кондиціонування для AC690/790PRO G.I. KRAFT Robinair (ACT550-SFK)
1013902492	менше 3 характеристик	155293	Пускозарядні пристрої	2	2	Бренд | Тип	Пусковий зарядний пристрій 12/24 V 1500 A 380 V G.I.Kraft (GI35113)
1013902493	менше 3 характеристик	4668955	Знімачі	2	2	Бренд | Кількість захватів зймача	Знімач із фіксацією двозахопний 200-250 мм Стандарт (SK23L8)
1013902512	менше 3 характеристик	4668955	Знімачі	1	1	Бренд	Ключ для розбирання дизельних форсунок 10 мм КРФШГР Без бренда (DIDW0101)
1013902522	менше 3 характеристик	4668865	Динамометричні ключі	1	1	Бренд	Ремкомплект для динамометричного ключа ANAA2470 Toptul (ALAD2470)
1013902525	менше 3 характеристик	4654188	Рихтувальне обладнання	2	2	Бренд | Тягове зусилля	Захоплення рихтувальний 3 5 т Toptul (JFDE0205)
1013902532	менше 3 характеристик	4668961	Інструмент для змащувальних матеріалів	2	2	Бренд | Об'єм	Шприц важільно-плунжерний 400 мл G.I.Kraft (KL-467)
1013902553	менше 3 характеристик	4668955	Знімачі	2	2	Бренд | Кількість захватів зймача	Знімач 2-лапий 10" 250 мм Стандарт (SK2L10)
1013902571	менше 3 характеристик	4668955	Знімачі	2	2	Бренд | Тип двигуна	Знімач для дизельних форсунок d28 Без бренда (КРФ28)
1013902578	менше 3 характеристик	154981	Фарбопульти	1	2	Бренд | Тип	Ремонтний комплект для краскопультів AB-17G Auarita (RK-AB-17G)
1013902581	менше 3 характеристик	4654188	Рихтувальне обладнання	2	2	Бренд | Розмір	Рихтове пристосування Toptul (JFBE0113)
1013902589	менше 3 характеристик	4668955	Знімачі	1	1	Бренд	Рассухариватель ВОЛГА Харьков-1 Без бренда (РАС-ВРХ)
1013902889	менше 3 характеристик	4670641	Зварювальні апарати	1	1	Бренд	Індукційна котушка спіраль діам. 3/4" для IND-1000W G.I.Kraft (34-COIL)
1013902892	менше 3 характеристик	4673722	Пневмопістолети будівельні	1	1	Бренд	Насадка керамічна сопло для піскоструминного пістолета Auarita (NS-PS-3)
1013902897	менше 3 характеристик	4668955	Знімачі	1	1	Бренд	Ключ для зняття стійок і розбирання рейки ВАЗ 2108-2109 ХЗСО (SW32108)
1013902906	менше 3 характеристик	4668955	Знімачі	1	1	Бренд	Знімач пиляків ШРУСа пневматичний Toptul (JEBE0111)
1013902922	менше 3 характеристик	4668865	Динамометричні ключі	1	1	Бренд	Ремкомплект для динамометричного ключа ANAS2480 Toptul (ALAL2480)
1013902924	менше 3 характеристик	4654188	Рихтувальне обладнання	2	2	Бренд | Розмір	Пристосування для рихтування автомобіля Toptul (JFCA0127)
1013902944	менше 3 характеристик	4668955	Знімачі	1	1	Бренд	Знімач реактивних тяг ВАЗ 2101-2107 куля Харків-1 РЕАКТИВ-Куля Без бренда (EXRP2101)
1013902952	менше 3 характеристик	4670641	Зварювальні апарати	1	1	Бренд	Індукційний кабель гнучкий довжина 1000мм для IND-1000W G.I.Kraft (FLEX-COIL)
1013902954	менше 3 характеристик	4654244	Ендоскопи автомобільні	2	2	Бренд | Гарантійний термін	Лінза 35° до ендоскопу JJAU0418 Toptul (JLAB0435)
1013902955	менше 3 характеристик	4673713	Пристрої підготовки та очищення повітря	2	2	Бренд | Вага	Регулятор тиску повітря цифровий для фарбопульта Italco (FR7)
1013902956	менше 3 характеристик	4668955	Знімачі	2	2	Бренд | Гарантійний термін	Знімач дизельних форсунок CDI з витяжним шпинделем MB-Sprinter Vito ХЗСО (CDRT0601)
1013902962	менше 3 характеристик	4668955	Знімачі	2	2	Бренд | Кількість захватів зймача	Знімач дволапий 3" 75 мм Стандарт (SK2L3)
1013902965	менше 3 характеристик	4644008	Тестери і вимірники автомобільні	2	2	Бренд | Тип	Тестер інжекторів універсальний Toptul (JGAI0703)
1013949141	менше 3 характеристик	4668955	Знімачі	2	2	Бренд | Кількість захватів зймача	Знімач підшипників тризахопний 75 мм 3" Стандарт (SK3L3)
1013949151	менше 3 характеристик	4660202	Кримпери	2	2	Бренд | Тип інструмента	Знімач ізоляції автоматичний Стандарт (MWS0101)
1013949156	менше 3 характеристик	4668961	Інструмент для змащувальних матеріалів	1	1	Бренд	Набір насадок для шприц-оливки 7 од. G.I.Kraft (K-410)
1013949171	менше 3 характеристик	4668955	Знімачі	1	1	Бренд	Ключ для зняття задніх стійок ВАЗ 2108-2109 ХЗСО (BSSW2108)
1013949179	менше 3 характеристик	154981	Фарбопульти	1	2	Бренд | Тип	Ремкомплект для фарбувальних пістолетів ST-2000 RK-ST-2000 Auarita (RK-H-2002)
1013949193	менше 3 характеристик	4668865	Динамометричні ключі	1	2	Бренд | Розмір посадкового квадрата	Динамометричний ключ з індикацією 10-100Нм цифровий 3/8" DT-100N0 Toptul (DT-100N)
1013949208	менше 3 характеристик	4654188	Рихтувальне обладнання	2	2	Бренд | Розмір	Оправка рихтувальна Toptul (JFBA0108)
1013949209	менше 3 характеристик	2798757	Зубило, керн, пробійник	1	1	Бренд	Пружинний фіксатор для пневмозубила KAHA3217 Toptul (KAEK017A)
1013949210	менше 3 характеристик	4668955	Знімачі	1	1	Бренд	Знімач сепараторного типу великий ХЗСО (BRSP2373)
1013949211	менше 3 характеристик	4668961	Інструмент для змащувальних матеріалів	1	1	Бренд	Комплект щупів до встановлення для заміни оливи B8010KVS G.I. KRAFT G.I.Kraft (XB80KSH)
1013949232	менше 3 характеристик	4668955	Знімачі	1	1	Бренд	Знімач ступинкових підшипників ВАЗ 2101-2107 ПОДШСТЖ ХЗСО (HBP0501)
1013949253	менше 3 характеристик	4668955	Знімачі	2	2	Бренд | Кількість захватів зймача	Знімач 3-х захватний кований 300мм павук Харків Без бренда (СК3ЛКОВСР)
1013949257	менше 3 характеристик	4649526	Паяльники для пластикових труб	2	2	Бренд | Напруга живлення	Апарат для ремонту пластикових деталей GI KRAFT G.I.Kraft (GI12124)
1013949261	менше 3 характеристик	4673722	Пневмопістолети будівельні	1	1	Бренд	Пістолет продувний з подовженим соплом 300 мм Auarita (BG-2)
1013949267	менше 3 характеристик	4668955	Знімачі	2	2	Бренд | Кількість захватів зймача	Дволапий знімач підшипників 10" 250 мм Стандарт (SP210ST)
1013949270	менше 3 характеристик	4668961	Інструмент для змащувальних матеріалів	2	2	Бренд | Об'єм	Шприц важільно-плунжерний для змащення 400 мл G.I.Kraft (KL-451)
1013949282	менше 3 характеристик	298224	Набори інструментів	1	1	Бренд	Регулювання клапанів ВАЗ 2108-2109 Харків Без бренда (РЕГ08Х)
1013949285	менше 3 характеристик	4668955	Знімачі	2	2	Бренд | Кількість захватів зймача	Знімач підшипників універсальний дво-тризахопний з фіксацією 75-100 мм Стандарт (SK23L3)
1013949311	менше 3 характеристик	4673722	Пневмопістолети будівельні	1	1	Бренд	Пістолет продувний короткий із додатковим наконечником 80 мм Airkraft (DG-10-1-3)
1013949316	менше 3 характеристик	4630800	Ремонтні комплекти кермових механізмів	1	1	Бренд	Ключ для розбирання рейки ВАЗ 2108-2109 цементований Харків КРРЕЙ08ХЦ Без бренда (SRDW2108)
1013949320	менше 3 характеристик	4654188	Рихтувальне обладнання	2	2	Бренд | Розмір	Рихтувальне пристосування Toptul (JFCC0140)
1013949322	менше 3 характеристик	4644008	Тестери і вимірники автомобільні	2	2	Бренд | Гарантійний термін	Вакуум тестер Trisco (G-311)
1013949341	менше 3 характеристик	298224	Набори інструментів	1	1	Бренд	Притирка клапанів із карданом d7 довга ХЗСО (VGT0701)
1013949369	менше 3 характеристик	4668955	Знімачі	2	2	Бренд | Кількість захватів зймача	Знімач дво/тризахопний 8" редукторний 5 т 75-200 мм Стандарт (SK23L8R5)
1013949383	менше 3 характеристик	4670641	Зварювальні апарати	1	1	Бренд	Індукційний дріт довжина 600 мм для IND-1000W G.I.Kraft (U-COIL)
1013949779	менше 3 характеристик	4668865	Динамометричні ключі	1	1	Бренд	Ремкомплект для динамометричного ключа ANAA3298 Toptul (ALAD3298)
1013949788	менше 3 характеристик	4668955	Знімачі	1	1	Бренд	Знімач сальників клапанів і підшипників колінвала СКХ+ ХЗСО (SSVP001)
1013949795	менше 3 характеристик	4644008	Тестери і вимірники автомобільні	2	2	Бренд | Гарантійний термін	Набір для чищення інжекторів PRO-Line G.I.Kraft (GI20113)
1013949804	менше 3 характеристик	4674187	Пневмопістолети для накачки шин	2	2	Бренд | Робочий тиск	Пістолет для підкачування коліс із манометром 12 бар Airkraft (STG-08)
1013949807	менше 3 характеристик	4668955	Знімачі	1	1	Бренд	Знімач п'ятиопераційний Волга ХЗСО СК5ОП Без бренда (VLG05OPL)
1013949814	менше 3 характеристик	4668955	Знімачі	1	1	Бренд	Знімач для зняття рульової тяги Бус великий посилений Харків СРТБУСБ_У Без бренда (TRPB035)
1013949815	менше 3 характеристик	4654188	Рихтувальне обладнання	1	1	Бренд	Зажим для кузовних робіт 2 5 т Toptul (JFDC0205)
1013949822	менше 3 характеристик	4654188	Рихтувальне обладнання	1	1	Бренд	Рихтувальний інструмент puller G.I.Kraft (GI12208)
1013949827	менше 3 характеристик	4668955	Знімачі	2	2	Бренд | Тип	Ключ для натяжного ролика Приора ХЗСО (BTTP1403)
1013949831	менше 3 характеристик	155293	Пускозарядні пристрої	2	2	Бренд | Тип	Пускозарядний пристрій 12/24 V 1800A 380V G.I.Kraft (GI35114)
1013949848	менше 3 характеристик	4644008	Тестери і вимірники автомобільні	2	2	Бренд | Гарантійний термін	Вакууметр Trisco (G-310)
1013949867	менше 3 характеристик	2798757	Зубило, керн, пробійник	2	2	Бренд | Тип інструмента	Харків Без бренда (КЕРН)
1013949905	менше 3 характеристик	4654188	Рихтувальне обладнання	2	2	Бренд | Розмір	Пристосування для рихтування кузова автомобіля Toptul (JFBH0107)
1013949909	менше 3 характеристик	3510485	Патрони та перехідники	1	1	Бренд	Перехідник з отвором 3/8"х1/2" Стандарт (PR3812)
1013949925	менше 3 характеристик	4670626	Аксесуари та супутні товари для зварювального устаткування	1	1	Бренд	Хвилястий дріт для спотера 15 шт. G.I. KRAFT G.I.Kraft (GI12151)
1013949937	менше 3 характеристик	4668907	Імбусові ключі	2	2	Бренд | Тип ключа	Набір шестигранників Г-подібних 7ед. Стандарт (HKS0701)
1013949953	менше 3 характеристик	4668955	Знімачі	2	2	Бренд | Кількість захватів зймача	Знімач підшипників 200 мм трилапий 8" Стандарт (SP308ST)
1013949967	менше 3 характеристик	4673722	Пневмопістолети будівельні	1	1	Бренд	Пістолет продувний довгий 300 мм Airkraft (ABG-01A)
1013949993	менше 3 характеристик	4668955	Знімачі	2	2	Бренд | Тип	Ключ для заміни ременя ГРМ 08-09 Харків-1 Без бренда (РОЛ08Х)
1013950001	менше 3 характеристик	298224	Набори інструментів	2	2	Бренд | Довжина	Пристрій для чищення клем АКБ Toptul (JDBV3984)
1013950774	менше 3 характеристик	4668955	Знімачі	1	1	Бренд	Ключ амортизатора ВАЗ Москвіч СНГ ХЗСО (WSA0101)
1013950793	менше 3 характеристик	4673713	Пристрої підготовки та очищення повітря	2	2	Бренд | Вага	Регулятор тиску з манометром для фарбопульта Italco (FR5)
1013950805	менше 3 характеристик	4668955	Знімачі	2	2	Бренд | Кількість захватів зймача	Знімач із двома захватами 6" 150 мм Стандарт (SK2L6)
1013950807	менше 3 характеристик	4673722	Пневмопістолети будівельні	1	1	Бренд	Насадка керамічна сопло для піскоструминного пістолета Auarita (NS-PS-2)
1013950811	менше 3 характеристик	4670626	Аксесуари та супутні товари для зварювального устаткування	1	1	Бренд	Клейовий стрижень для спотера G.I. KRAFT G.I.Kraft (GI12160)
1013950822	менше 3 характеристик	4644008	Тестери і вимірники автомобільні	2	2	Бренд | Гарантійний термін	Цифровий стробоскоп з аналізатором Trisco (DA-3100NS)
1013950832	менше 3 характеристик	4668955	Знімачі	1	1	Бренд	Знімач шарових куточок універсальний Харків-1 Без бренда (УГОЛХ)
1013950862	менше 3 характеристик	4668955	Знімачі	1	1	Бренд	Ключ для розбирання стійок ВАЗ 2108-2109 під ключ ХЗСО (SNS2108)
1013950892	менше 3 характеристик	4654188	Рихтувальне обладнання	2	2	Бренд | Тягове зусилля	Зажим для кузовних робіт 5 т Toptul (JFDA0105)
1013950899	менше 3 характеристик	298224	Набори інструментів	1	1	Бренд	Притирка клапанів з карданом d9 довга Харків ХЗСО (VGT0901)
1013950906	менше 3 характеристик	4654188	Рихтувальне обладнання	1	1	Бренд	Захват для кузовних робіт 2 3 т Toptul (JFDB0203)
1013950948	менше 3 характеристик	4668961	Інструмент для змащувальних матеріалів	1	1	Бренд	Гнучкий шланг до шприц-оливниці 12" 300 мм G.I. KRAFT G.I.Kraft (K-401-12)
1013951124	менше 3 характеристик	154981	Фарбопульти	1	2	Бренд | Тип	Ремкомплект для краскопультів H-921-MINI Auarita (RK-H-921-MINI)
1013951128	менше 3 характеристик	4668955	Знімачі	2	2	Бренд | Гарантійний термін	Ключ для розбирання стійок 22мм WV AUDI Київ Без бренда (КРСВК)
1013951138	менше 3 характеристик	4668955	Знімачі	2	2	Бренд | Сумісність із маркою	Зйемак сайлентблоків НИВА Красний Луч Без бренда (ССБНИВА)
1013951148	менше 3 характеристик	4668955	Знімачі	1	1	Бренд	Стяжка пружин центральна з підшипником ВАЗ ХЗСО (CSC2101)
1013951157	менше 3 характеристик	4668955	Знімачі	2	2	Бренд | Кількість захватів зймача	Знімач 2-лапий 14" 350 мм Стандарт (SK2L14)
1013951177	менше 3 характеристик	4654188	Рихтувальне обладнання	2	2	Бренд | Розмір	Рихтувальне пристосування Toptul (JFBD0208)
1013951186	менше 3 характеристик	4668961	Інструмент для змащувальних матеріалів	2	2	Ємність бака | Бренд	Встановлення для збору відпрацьованої оливи металева 80 л G.I.Kraft (B80S)
1013951197	менше 3 характеристик	154981	Фарбопульти	1	2	Бренд | Тип	Ремкомплект для краскопультів H-891 Auarita (RK-H-891)
1013951209	менше 3 характеристик	4654251	Інспекційне світло для СТО	2	2	Бренд | Тип живлення	Світильник-переноска 20 м Стандарт (ПЕР20С)
1013951211	менше 3 характеристик	80247	Інфрачервоні обігрівачі	1	1	Бренд	ІЧ-сушарка G.I.Kraft (GI15115)
1013951222	менше 3 характеристик	307032	Анемометри	1	1	Бренд	Вимірювач тиску в шинах 4 bar/60 psi Airkraft (SP5101A)
1013951237	менше 3 характеристик	4668955	Знімачі	1	1	Бренд	Знімачі пружин 300 мм горбильні ХЗСО (SCY0300)
1013951244	менше 3 характеристик	4668955	Знімачі	2	2	Бренд | Кількість захватів зймача	Знімач підшипників двозахопний 6" 150 мм Стандарт (SP206ST)
1013951269	менше 3 характеристик	4649526	Паяльники для пластикових труб	2	2	Бренд | Напруга живлення	Паяльник для пластику Trisco (WT-206)
1013951292	менше 3 характеристик	4668955	Знімачі	2	2	Бренд | Тип	Знімач важелів склоочисників Toptul (JFFB0142)
1013951296	менше 3 характеристик	4668955	Знімачі	2	2	Бренд | Кількість захватів зймача	Знімач дволапий 16" 400 мм Стандарт (SK2L16)
1013951302	менше 3 характеристик	4654188	Рихтувальне обладнання	1	1	Бренд	Пристрій для рихтування кузова автомобіля 1 упор G.I.Kraft (GI12207)
1013951303	менше 3 характеристик	155534	Універсальні мийки	1	1	Бренд	Мийка деталей 15 л TORIN (TRG4001-3.5)
1013951304	менше 3 характеристик	4668955	Знімачі	2	2	Бренд | Кількість захватів зймача	Знімач двозахопний рельс No2 70х80мм Стандарт (SK2R2)
1013951307	менше 3 характеристик	4668955	Знімачі	1	1	Бренд	Розсухарювач клапанів ВАЗ 2110" 16V УКРАЇНА Без бренда (VSC1016)
1013951316	менше 3 характеристик	4668961	Інструмент для змащувальних матеріалів	2	2	Ємність бака | Бренд	Солідолонагнітач пневматичний 15 л. G.I. KRAFT G.I.Kraft (AGL-15)
1013951330	менше 3 характеристик	4668955	Знімачі	2	2	Бренд | Кількість захватів зймача	Знімач 3-лапий 350 мм 14" Стандарт (SK3L14)
1013951352	менше 3 характеристик	4668955	Знімачі	1	1	Бренд	Ключ для маслозливних пробок квадрат 10мм Харків-1 ХЗСО (SQRT0010)
1013951365	менше 3 характеристик	4668955	Знімачі	1	1	Бренд	Набір для демонтажу скла 4ед. Toptul (JGAR0403)
1013951744	менше 3 характеристик	4668955	Знімачі	1	1	Бренд	Розсухарювач клапанів ВАЗ 2108-2109 ХЗСО (VSC2108)
1013951747	менше 3 характеристик	4668955	Знімачі	2	2	Бренд | Кількість захватів зймача	Посилений знімач підшипників двозахопний рельс з фіксацією 55х90 мм Стандарт (SK2R4U)
1013951777	менше 3 характеристик	4630800	Ремонтні комплекти кермових механізмів	1	1	Бренд	Знімач хрестовин ВАЗ 2101-2107 Червоний Промінь СККРЕСТ Без бренда (JRMR0107)
1013951795	менше 3 характеристик	4654188	Рихтувальне обладнання	2	2	Бренд | Тягове зусилля	Зажим для рихтування 2 3 т Toptul (JFDF0203)
1013951817	менше 3 характеристик	4668955	Знімачі	2	2	Бренд | Кількість захватів зймача	Знімач 2-х лапий кований середній 150мм Харків Без бренда (СК2ЛСРКОВ)
1013951853	менше 3 характеристик	4668961	Інструмент для змащувальних матеріалів	2	2	Бренд | Об'єм	Шприц важільно-плунжерний 400 мл G.I.Kraft (KL-488N)
1013951860	менше 3 характеристик	4668943	Ключі розрізні	1	1	Бренд	Ключ прокачування гальм затискний 8х10 мм Харків Без бренда (ПР0810Х)
1013951867	менше 3 характеристик	4654188	Рихтувальне обладнання	2	2	Бренд | Тип	Лінійка для рихтування G.I.Kraft (PTP-Gauge)
1013951887	менше 3 характеристик	4654188	Рихтувальне обладнання	2	2	Бренд | Розмір	Пристосування для рихтування автомобіля Toptul (JFCB0125)
1013951937	менше 3 характеристик	154981	Фарбопульти	1	2	Бренд | Тип	Ремкомплект для фарбувальних пістолетів L-897 Auarita (RK-L-897)
1013951946	менше 3 характеристик	4670626	Аксесуари та супутні товари для зварювального устаткування	1	1	Бренд	Електрод для точкового зварювання G.I. KRAFT G.I.Kraft (GI12164)
1013951979	менше 3 характеристик	4644008	Тестери і вимірники автомобільні	2	2	Бренд | Гарантійний термін	Набір для чищення системи інжектора G.I. KRAFT G.I.Kraft (GI20111)
1014004500	менше 3 характеристик	4668961	Інструмент для змащувальних матеріалів	2	2	Бренд | Об'єм	Шприц-оливка натискного типу 100 мл G.I.Kraft (K-103)
1014004507	менше 3 характеристик	4674516	Витратні матеріали для шиномонтажу	1	1	Бренд	Шило для ремонту шин Airkraft (STR-39-1)
1014004510	менше 3 характеристик	4668955	Знімачі	2	2	Бренд | Кількість захватів зймача	Знімач двій лапий рейок великий Харків Без бренда (СК2ЛРБ)
1014004562	менше 3 характеристик	4644008	Тестери і вимірники автомобільні	2	2	Бренд | Гарантійний термін	Стробоскоп з інтенсивним променем Trisco (TL-2200)
1014004566	менше 3 характеристик	4670626	Аксесуари та супутні товари для зварювального устаткування	1	1	Бренд	Тримач електрода для спотера G.I. KRAFT G.I.Kraft (GI12162)
1014004601	менше 3 характеристик	4668955	Знімачі	2	2	Бренд | Кількість захватів зймача	Знімач 3-х захватний кований 300мм величезний Харків Без бренда (СК3ЛКОВБ)
1014004603	менше 3 характеристик	4668955	Знімачі	2	2	Бренд | Кількість захватів зймача	Знімач підшипників 300 мм двозахопний 12" Стандарт (SK2L12)
1014004615	менше 3 характеристик	4670626	Аксесуари та супутні товари для зварювального устаткування	1	1	Бренд	Затискач під вуглецевий стрижень G.I. KRAFT G.I.Kraft (GI12161)
1014062321	менше 3 характеристик	4656900	Гідроциліндри	1	1	Бренд	Гідравлічний циліндр для крана T32002X TORIN (T30806)
1026608858	менше 3 характеристик	4643992	Підіймачі	1	1	Бренд	Олива для гідравлічного підіймача 10 л Launch (MG-OEM)
1044022956	менше 3 характеристик	187716	Скрині та сумки для інструментів	1	1	Бренд	Сумка для інструменту 430x250x360 Toptul (PBW00002900)
1048891452	менше 3 характеристик	4674537	Пневмошліфмашинки	2	2	Бренд | Тип пневмошлифмашини	Відрізний диск по металу для пневмоболгарки 3" 5 шт. Airkraft (ACW-001)
1048891453	менше 3 характеристик	4674537	Пневмошліфмашинки	2	2	Бренд | Тип пневмошлифмашини	Набір шліфувальних каменів 5 шт. Airkraft (MST-003)
1048891462	менше 3 характеристик	4669699	Ножівки	2	2	Бренд | Тип інструмента	Полотно ножівне біметалеве 24Т для пневмоножування Aeropro (BL24-RP7601)
1054348465	менше 3 характеристик	4643976	Автосканери	1	1	Бренд	Діагностичний адаптер для вантажівок і легкого комерційного транспорту Launch (X-431 HDIII)
1071879873	менше 3 характеристик	4668913	Тріскачні ключі	1	1	Бренд	Ремкомплект до воротка CJCK1640 Toptul (CLBB1616)
1083042712	менше 3 характеристик	187716	Скрині та сумки для інструментів	1	1	Бренд	Пересувна інструментальна візок G.I. KRAFT G.I.Kraft (GI37103)
1083042713	менше 3 характеристик	80247	Інфрачервоні обігрівачі	1	1	Бренд	Інфрачервоне короткохвильове сушіння 3x1100W G.I. KRAFT G.I.Kraft (GI15111)
1083042714	менше 3 характеристик	4654188	Рихтувальне обладнання	1	1	Бренд	Комплект для безбарвного видалення вм'ятин G.I. KRAFT G.I.Kraft (GI12225)
1084382893	менше 3 характеристик	4668955	Знімачі	1	1	Бренд	Універсальний знімач рульових тяг і кульових опор ХЗСО (BJP1801)
1084734154	менше 3 характеристик	4668955	Знімачі	2	2	Бренд | Кількість захватів зймача	Набір знімачів підшипників TORIN (TRK203D-M)
1099084014	менше 3 характеристик	154981	Фарбопульти	1	2	Бренд | Тип	Ремкомплект для фарбувальних пістолетів H-3000-PT Italco (RK-H-3000-PT)
1099084027	менше 3 характеристик	154981	Фарбопульти	1	2	Бренд | Тип	Ремкомплект для фарбопультів AB-17-PT Auarita (RK-AB-17-PT)
1099606547	менше 3 характеристик	4668865	Динамометричні ключі	1	1	Бренд	Ремкомплект для динамометричних ключів ANAS1211/DT-100N Toptul (ALAL1211)
1099606548	менше 3 характеристик	4668865	Динамометричні ключі	1	1	Бренд	Ремкомплект для динамометрических ключей ANAS0803/DT-030N Toptul (ALAL0803)
1099606549	менше 3 характеристик	4672238	Лінійки будівельні	1	1	Бренд	Лінійка з неіржавкої сталі 500 мм Toptul (IABA0500)
1099606550	менше 3 характеристик	4672238	Лінійки будівельні	1	1	Бренд	Вимірювальна лінійка неіржавка сталь 150 мм Toptul (IABA0150)
1099606554	менше 3 характеристик	4672238	Лінійки будівельні	1	1	Бренд	Лінійка 1 м із неіржавкої сталі Toptul (IABA1000)
1099606557	менше 3 характеристик	3510569	Фрези	2	2	Бренд | Кількість у наборі	Комплект каменів до хону JDBE0322 L29мм 3ед. Toptul (JLAF2201)
1099606558	менше 3 характеристик	4668865	Динамометричні ключі	1	1	Бренд	Ремкомплект для динамометричного ключа ANAS1621 Toptul (ALAL1621)
1099606562	менше 3 характеристик	3510569	Фрези	1	1	Бренд	Хон для циліндрів 22-70 мм Toptul (JDBE0322)
1099606564	менше 3 характеристик	4670023	Кліщі	2	2	Бренд | Тип вимірюваного струму	Кліщі струмовимірювальні 0-600А Toptul (EAAC0260E)
1099606565	менше 3 характеристик	4672238	Лінійки будівельні	1	1	Бренд	Лінійка металева 30 см із неіржавкої сталі Toptul (IABA0300)
1107801467	менше 3 характеристик	4674552	Пневмостеплери	1	1	Бренд	Пневмопістолет цвяхозабивний Aeropro (RHF9021)
1107801473	менше 3 характеристик	4674552	Пневмостеплери	1	1	Бренд	Пістолет цвяхозабивний пневматичний Aeropro (CN45N)
1107891907	менше 3 характеристик	4674552	Пневмостеплери	1	1	Бренд	Цвяхозабивач пневматичний до 120 мм магнітний наконечник Aeropro (MSN120)
1109190964	менше 3 характеристик	4643976	Автосканери	1	1	Бренд	Автомобільний сканер Creader Professional Launch (CRP-239)
1109386360	менше 3 характеристик	4654244	Ендоскопи автомобільні	1	1	Бренд	Ендоскоп технічний USB Ø5.5 мм Launch (VSP-600)
1109386361	менше 3 характеристик	4643976	Автосканери	2	2	Бренд | Розблокування іммобілайзера	Програматор іммобілайзера Launch (X-PROG)
1111204811	менше 3 характеристик	4668913	Тріскачні ключі	1	1	Бренд	Ремкомплект до воріт CFAC1208 CFAC1210 CFKA1208 CFKA1210 CFAE1210 CLAA121212 Toptul (CLAA1212)
1111204813	менше 3 характеристик	4668955	Знімачі	1	1	Бренд	Насадка для розбирання стійок L92мм 8мм внут. шліц VW Audi Renault Toptul (JEAW0108)
1111204815	менше 3 характеристик	4668955	Знімачі	1	1	Бренд	Насадка HEX 7 мм для розбирання стійок L 100 мм Toptul (JEAW0307)
1111204816	менше 3 характеристик	4668955	Знімачі	1	1	Бренд	Насадка для розбирання стійок L92мм 6мм внут. шліц VW Audi Renault Toptul (JEAW0106)
1111204819	менше 3 характеристик	4668955	Знімачі	1	1	Бренд	Насадка для розбирання стійок L92мм 7мм внут. шліц VW Audi Renault Toptul (JEAW0107)
1111204820	менше 3 характеристик	4674516	Витратні матеріали для шиномонтажу	1	1	Бренд	Ключ для встановлення вентиля колеса Toptul (JEBD0133)
1111204821	менше 3 характеристик	4668955	Знімачі	1	1	Бренд	Головка-насадка для розбирання стійок L92 мм внутр. шестигранник 11 мм Toptul (JEAW0211)
1111204824	менше 3 характеристик	4674516	Витратні матеріали для шиномонтажу	1	1	Бренд	Ключ для вентиля колеса Toptul (JEBD0234)
1111204825	менше 3 характеристик	4668955	Знімачі	1	1	Бренд	Насадка для розбирання стійок L92мм 5 2 мм внут. шліц VW Audi Renault Toptul (JEAW015B)
1111204827	менше 3 характеристик	4668955	Знімачі	1	1	Бренд	Насадка SPLINE M12 для розбирання стійок L100мм Toptul (JEAW0412)
1111204828	менше 3 характеристик	4668955	Знімачі	1	1	Бренд	Насадка TORX T50 для розбирання стійок L100мм Toptul (JEAW0550)
1111204832	менше 3 характеристик	4668955	Знімачі	1	1	Бренд	Насадка для розбирання стійок шестигранник 6мм L100мм Toptul (JEAW0306)
1112854157	менше 3 характеристик	4644024	Стенди для чищення форсунок	1	1	Бренд	Встановлення для чищення форсунок Launch (CNC-603A)
1114601508	менше 3 характеристик	4668955	Знімачі	1	1	Бренд	Розсухарювач клапанів струбцина універсальний ХЗСО (VSC0101)
1117912282	менше 3 характеристик	4644008	Тестери і вимірники автомобільні	1	1	Бренд	Генератор диму для авто 12B Без бренда (MegaFoger)
1120632029	менше 3 характеристик	4672188	Мультиметри	1	1	Бренд	Ватрац цифровий побутовий 10A Benetech (GM86)
1120632042	менше 3 характеристик	4672233	Детектори напруги та фазометри	1	1	Бренд	Тестер електромагнітного випромінювання 1-1999В/м 0.01-19 99μt Benetech (GM3120)
1120632044	менше 3 характеристик	4658102	Товщиноміри фарби	1	1	Бренд	Товщиномір лакофарбових покриттів nFe 0-1500 мкм Benetech (GM280)
1120632048	менше 3 характеристик	4672228	Люксметри	2	2	Бренд | Максимальний діапазон вимірювань	Цифровий люксметр + термометр USB 200000 Lux Benetech (GM1030C)
1120632062	менше 3 характеристик	4658102	Товщиноміри фарби	1	1	Бренд	Цифровий товщиномір лакофарбових покриттів Fe/nFe 0-1800 мкм Benetech (GM211)
1120632063	менше 3 характеристик	307032	Анемометри	1	1	Бренд	Анемометр крильчастий Bluetooth 0 3-30 м/с -10-45 °C wintact (WT82B)
1120632064	менше 3 характеристик	307032	Анемометри	1	1	Бренд	Цифровий анемометр 0 1-30 м/с -10-45 °C Benetech (GM816)
1120632068	менше 3 характеристик	4658899	Тестери для води, повітря, ґрунту	1	1	Бренд	Аналізатор повітря PM2 5 PM10 HCHO 0-50 °C Benetech (GM8804)
1120632069	менше 3 характеристик	307032	Анемометри	1	1	Бренд	Анемометр-термометр USB 0 3-45 м/с 0-45 °C Benetech (GM8902)
1120632077	менше 3 характеристик	307032	Анемометри	1	1	Бренд	Анемометр-термометр 0 8-45 м/с -10-45 °C Benetech (GM8901X)
1120632078	менше 3 характеристик	307032	Анемометри	1	1	Бренд	Анемометр крильчастий 0 3-30 м/с -10-45 °C wintact (WT87A)
1120632080	менше 3 характеристик	4658102	Товщиноміри фарби	1	1	Бренд	Товщиномір ЛКП HD-дисплей Fe/nFe 0-1300 мкм Benetech (GT230)
1120632083	менше 3 характеристик	4658102	Товщиноміри фарби	1	1	Бренд	Товщиномір для авто Fe/nFe 0-1500 мкм wintact (WT2110)
1120632085	менше 3 характеристик	307032	Анемометри	1	1	Бренд	Анемометр крильчастий USB Bluetooth 0 3-30 м/с -10-45 °C wintact (WT87B)
1120632086	менше 3 характеристик	4658102	Товщиноміри фарби	1	1	Бренд	Товщиномір ЛКП для автомобіля Fe 0-1800 мкм Benetech (GM280F)
1120632087	менше 3 характеристик	307032	Анемометри	1	1	Бренд	Цифровий анемометр 0 1-30 м/с -10-45 °C Benetech (GM816A)
1120632092	менше 3 характеристик	4672228	Люксметри	2	2	Бренд | Максимальний діапазон вимірювань	Люксметр 200000 Lux Benetech (GM1010)
1120632096	менше 3 характеристик	4658899	Тестери для води, повітря, ґрунту	1	1	Бренд	Детектор чадного газу CO + термометр 0-1000 ppm 0-50 °C Benetech (GM8805)
1120632097	менше 3 характеристик	307032	Анемометри	1	1	Бренд	Анемометр професійний USB 0 3-45 м/с 0-45 °C Benetech (GT8907)
1120632098	менше 3 характеристик	307032	Анемометри	1	1	Бренд	Цифровий крильчастий анемометр 0 3-30 м/с -10-45 °C wintact (WT82)
1120632101	менше 3 характеристик	307032	Анемометри	1	1	Бренд	Термоанемометр професійний USB 0 3-30 м/с 0-45 °C Benetech (GM8903)
1120632104	менше 3 характеристик	307032	Анемометри	1	1	Бренд	Анемометр цифровий 0 1-30 м/с -10-45 °C wintact (WT816)
1120632105	менше 3 характеристик	4658102	Товщиноміри фарби	1	1	Бренд	Товщиномір ультразвуковий універсальний 1-300 мм Benetech (GM130)
1120632106	менше 3 характеристик	307032	Анемометри	1	1	Бренд	Анемометр цифровий 0 7-30 м/с -10-45 °C wintact (WT816A)
1120632111	менше 3 характеристик	4658899	Тестери для води, повітря, ґрунту	1	1	Бренд	Датчик якості повітря PM2 5 PM10 0-50 °C Benetech (GM8803)
1120632112	менше 3 характеристик	307032	Анемометри	1	1	Бренд	Анемометр крильчатка 0 8-45 м/с 0-50 °C Benetech (GM8904)
1120632113	менше 3 характеристик	4658102	Товщиноміри фарби	1	1	Бренд	Товщиномір ЛКП Fe 0-1800 мкм Benetech (GM210)
1120632116	менше 3 характеристик	4658899	Тестери для води, повітря, ґрунту	1	1	Бренд	Газоаналізатор формальдегіду HCHO 0-50 °C 10-90% Benetech (GM8801)
1120632120	менше 3 характеристик	4658102	Товщиноміри фарби	2	2	Бренд | Живлення	Товщиномір ультразвуковий 1 2-225 мм Benetech (GM100)
1120632122	менше 3 характеристик	4672188	Мультиметри	1	1	Бренд	Вимірювач витрати електроенергії ватметр 1 A Benetech (GM87)
1120632124	менше 3 характеристик	4672233	Детектори напруги та фазометри	2	2	Бренд | Живлення	Детектор електромагнітного випромінювання магнітометр 1-1999В/м 0 01-99 9μt wintact (WT3121)
1120632127	менше 3 характеристик	4658899	Тестери для води, повітря, ґрунту	2	2	Бренд | Форм-фактор	Газоаналізатор кисню O2 0-30% VOL wintact (WT8800)
1120632131	менше 3 характеристик	307032	Анемометри	1	1	Бренд	Анемометр вимірювач потоку повітря 0 3-45 м/с 0-45 °C Benetech (GM8909)
1120632132	менше 3 характеристик	4672228	Люксметри	2	2	Бренд | Максимальний діапазон вимірювань	Люксметр + термометр Bluetooth 200000 Lux Benetech (GM1030)
1120632135	менше 3 характеристик	4658899	Тестери для води, повітря, ґрунту	2	2	Бренд | Форм-фактор	Аналізатор витоку газу 10% LEL Benetech (GM8800A)
1120632140	менше 3 характеристик	307032	Анемометри	1	1	Бренд	Анемометр професійний USB 0 3-45 м/с 0-45 °C Benetech (GM8902X)
1120632143	менше 3 характеристик	4658102	Товщиноміри фарби	1	1	Бренд	Прилад для вимірювання товщини фарби товщиномір Fe 0-1800 мкм wintact (WT2100)
1120632144	менше 3 характеристик	307032	Анемометри	1	1	Бренд	Багатофункціональний анемометр-метеостанція 0 7-30 м/с -20-60 °C Benetech (GM8910)
1120632145	менше 3 характеристик	4672188	Мультиметри	1	1	Бренд	Енергометр ватметр 16 A Benetech (GM89)
1120632152	менше 3 характеристик	4672228	Люксметри	2	2	Бренд | Максимальний діапазон вимірювань	Вимірювач освітленості люксметр + термометр USB 200000 Lux Benetech (GM1020)
1120632154	менше 3 характеристик	4658102	Товщиноміри фарби	2	2	Бренд | Стан	Тестер товщини фарби товщиномір Fe/nFe 0-1800 мкм wintact (WT200A)
1120632155	менше 3 характеристик	4658102	Товщиноміри фарби	1	1	Бренд	Цифровий ультразвуковий товщиномір 1 2-300 мм Benetech (GM100X)
1120632156	менше 3 характеристик	307032	Анемометри	1	1	Бренд	Термоанемометр 0 8-45 м/с -10-45 °C Benetech (GM8901)
1120632161	менше 3 характеристик	4658899	Тестери для води, повітря, ґрунту	2	2	Бренд | Форм-фактор	Детектор горючих газів 10% LEL Benetech (GM8800B)
1120632162	менше 3 характеристик	4658899	Тестери для води, повітря, ґрунту	2	2	Бренд | Форм-фактор	Детектор горючих газів 10% LEL WINTACT Benetech (WT8820)
1120632163	менше 3 характеристик	4658102	Товщиноміри фарби	1	1	Бренд	Товщиномір вимірювач товщини фарби Fe 0-1800 мкм Benetech (GM220)
1120632165	менше 3 характеристик	307032	Анемометри	1	1	Бренд	Цифровий крильчастий анемометр 0 1-30 м/с -10-45 °C Benetech (GM8908)
1122822302	менше 3 характеристик	298224	Набори інструментів	1	1	Бренд	Набір для монтажу/демонтажу втулок напрямних клапанів 7 8 9 мм і монтажу сальників 9 од. ХЗСО (KVS0901)
1137685107	менше 3 характеристик	2798757	Зубило, керн, пробійник	1	1	Бренд	Діркопробивач для металу ХЗСО (MPN0601)
1139019529	менше 3 характеристик	4668955	Знімачі	1	1	Бренд	Знімач форсунок MERCEDES COMMON RAIL MB CDI 611 612 613 ХЗСО (PCR6101)
1140895011	менше 3 характеристик	4649526	Паяльники для пластикових труб	1	1	Бренд	Термостеплер для ремонту пластику Trisco (WSC-301)
1146114690	менше 3 характеристик	4668955	Знімачі	1	1	Бренд	Знімач дизельних форсунок Toptul (JGAI0101)
1166511524	менше 3 характеристик	4670023	Кліщі	1	1	Бренд	Кліщі для перетискання трубопроводів 12" HESHITOOLS (HS-E3408-12)
1166511525	менше 3 характеристик	4668955	Знімачі	1	1	Бренд	Комплект для зняття/установлення кульових опор універсальний HESHITOOLS (HS-E3463)
1166551887	менше 3 характеристик	4668955	Знімачі	2	2	Бренд | Кількість захватів зймача	Знімач двозахопний рильс посилений 20-50 мм HESHITOOLS (HS-E1137)
1166551890	менше 3 характеристик	4668955	Знімачі	2	2	Бренд | Кількість захватів зймача	Знімач підшипників 2-лапий рельс посилений 15-25 мм HESHITOOLS (HS-E1136)
1166604057	менше 3 характеристик	4668961	Інструмент для змащувальних матеріалів	2	2	Ємність бака | Бренд	Піддон для зливу масла 8л Toptul (JDCE0108)
1166604058	менше 3 характеристик	4668961	Інструмент для змащувальних матеріалів	2	2	Ємність бака | Бренд	Ємність для зливу масла піддон 18л Toptul (JDCE0118)
1166604073	менше 3 характеристик	4668961	Інструмент для змащувальних матеріалів	2	2	Ємність бака | Бренд	Бачок для заміни гальмівної рідини 800 мл Toptul (JECF0180)
1166604079	менше 3 характеристик	4668961	Інструмент для змащувальних матеріалів	2	2	Ємність бака | Бренд	Піддон для зливу масла 12л Toptul (JDCE0112)
1166897080	менше 3 характеристик	4674516	Витратні матеріали для шиномонтажу	1	1	Бренд	Шило для ремонту коліс 2 шт. HESHITOOLS (HS-B1037)
1166897081	менше 3 характеристик	4668955	Знімачі	1	1	Бренд	Набір оправ для зняття/установки підшипників і сальників 10 од HESHITOOLS (HS-E2010)
1180875374	менше 3 характеристик	154981	Фарбопульти	1	2	Бренд | Тип	Фільтр для безповітряного розпилювача 818C сітка 0.177 мм Aeropro (AP8645-1-80)
1180875375	менше 3 характеристик	4674537	Пневмошліфмашинки	1	1	Бренд	Цанговий захоплення для зачисний машинки 3мм Airkraft (CFAG3)
1180875376	менше 3 характеристик	154981	Фарбопульти	1	1	Бренд	Зовнішній фільтр очищення фарби для R470 R520 Aeropro (AP8656)
1180875379	менше 3 характеристик	154981	Фарбопульти	2	2	Бренд | Діаметр форсунки	Безповітряна форсунка 818C 0 015"/0 38 мм факел 22 см Aeropro (AP8605-415)
1180875383	менше 3 характеристик	154981	Фарбопульти	1	2	Бренд | Тип	Фільтр для безповітряного розпилювача 818C сітка 0 098 мм Aeropro (AP8645-1-150)
1180875385	менше 3 характеристик	154981	Фарбопульти	1	2	Бренд | Тип	Співзаплідник для безповітряного розпилювача 818C Aeropro (AP8647-1)
1180875386	менше 3 характеристик	154981	Фарбопульти	1	2	Бренд | Тип	Фільтр для безповітряного розпилювача 818C сітка 0.149 мм Aeropro (AP8645-1-100)
1180875387	менше 3 характеристик	154981	Фарбопульти	2	2	Бренд | Діаметр форсунки	Безповітряна форсунка 818C 0 013"/0 33 мм факел 28 см Aeropro (AP8605-513)
1180875389	менше 3 характеристик	154981	Фарбопульти	1	1	Бренд	Зовнішній фільтр очищення фарби для RP8623N Aeropro (AP8656-4)
1180875390	менше 3 характеристик	154981	Фарбопульти	2	2	Бренд | Діаметр форсунки	Безповітряне сопло 818C 0 013"/0 33 мм факел 22 см Aeropro (AP8605-413)
1180875393	менше 3 характеристик	154981	Фарбопульти	1	1	Бренд	Шланг для безповітряного фарбування високого тиску 7 6 м Aeropro (AP8648-7.6)
1180875394	менше 3 характеристик	154981	Фарбопульти	1	2	Бренд | Тип	Подовжувач для фарбопульта безповітряного розпилювача 0.6 м Aeropro (AP8641-2)
1180875395	менше 3 характеристик	154981	Фарбопульти	1	2	Бренд | Тип	Подовжувач для фарбувального пістолета безповітряного розпилювача 0.45 м Aeropro (AP8641-1)
1180875396	менше 3 характеристик	154981	Фарбопульти	1	2	Бренд | Тип	Тримач форсунки для безповітряного розпилювача поворотний 360° 818C -1 Aeropro (AP8642)
1180875398	менше 3 характеристик	154981	Фарбопульти	1	2	Бренд | Тип	Фільтр для безповітряного розпилювача 818C сітка 0 25 мм Aeropro (AP8645-1-60)
1180875400	менше 3 характеристик	154981	Фарбопульти	1	2	Бренд | Тип	Подовжувач для фарбопульта безповітряного розпилювача 1 м Aeropro (AP8641-4)
1180875401	менше 3 характеристик	4674537	Пневмошліфмашинки	1	1	Бренд	Набір шліфувальних каменів 5 шт. 6 мм Airkraft (MST-002)
1180875405	менше 3 характеристик	4674537	Пневмошліфмашинки	1	1	Бренд	Шліфувальні камені 10 шт. 3 мм і 6 мм Airkraft (MST-001)
1180875407	менше 3 характеристик	154981	Фарбопульти	1	2	Бренд | Тип	Подовжувач для фарбувального пістолета безповітряного розпилювача 0.3 м Aeropro (AP8641)
1180875408	менше 3 характеристик	154981	Фарбопульти	2	2	Бренд | Діаметр форсунки	Безповітряне сопло 818C 0 013"/0 33 мм факел 16 см Aeropro (AP8605-313)
1180875409	менше 3 характеристик	154981	Фарбопульти	1	2	Бренд | Тип	Фарбувальний шланг високого тиску 15 м Aeropro (AP8648-15)
1180875410	менше 3 характеристик	4674537	Пневмошліфмашинки	1	1	Бренд	Цанговий захоплення для зачисний машинки 6мм Airkraft (CFAG6)
1180875412	менше 3 характеристик	154981	Фарбопульти	2	2	Бренд | Діаметр форсунки	Безповітряна форсунка 818C 0 015"/0 38 мм факел 16 см Aeropro (AP8605-315)
1181586835	менше 3 характеристик	4668877	Накидні ключі	1	1	Бренд	Ключ накидний односторонній ударний 52мм Toptul (AAAR5252)
1181586837	менше 3 характеристик	4674549	Пневматичні багатофункціональні інструменти	2	2	Бренд | Тип пилососа	Пилосос від компресора + повітродувка 7 од. Toptul (GDAE0702)
1181586839	менше 3 характеристик	4674549	Пневматичні багатофункціональні інструменти	2	2	Бренд | Тип пилососа	Пневмопылесос + повітродувка від компресора 8 од. Toptul (GDAE0801)
1187464181	менше 3 характеристик	4670023	Кліщі	2	2	Бренд | Тип вимірюваного струму	Кліщі струмовимірювальні трифазні PROTESTER (PM2203)
1187464182	менше 3 характеристик	4670023	Кліщі	2	2	Бренд | Тип вимірюваного струму	Токові кліщі з мультиметром PeakMeter PROTESTER (PM2018S)
1187464187	менше 3 характеристик	4670023	Кліщі	2	2	Бренд | Тип вимірюваного струму	Токові кліщі трифазні PROTESTER (PM2205)
1201700881	менше 3 характеристик	4668961	Інструмент для змащувальних матеріалів	2	2	Ємність бака | Бренд	Пристосування для заміни гальмівної рідини 15 л Toptul (JJBZ0115)
1201700889	менше 3 характеристик	298224	Набори інструментів	1	1	Бренд	Притирання клапанів пневматична 12 од. Toptul (JGAI1205)
1201700892	менше 3 характеристик	4668961	Інструмент для змащувальних матеріалів	2	2	Ємність бака | Бренд	Пристрій для заміни гальмівної рідини пневматична Toptul (JEDF01B0E)
1216204820	менше 3 характеристик	4674516	Витратні матеріали для шиномонтажу	1	1	Бренд	Золотник комплект 10шт. короткий з червоним кільцем ущільнювача ніпель Airkraft (VC-9002)
1232057936	менше 3 характеристик	4668913	Тріскачні ключі	1	2	Бренд | Розмір посадкового квадрата	Ремкомплект для тріскачок 3/4" CHWM2451 Toptul (CLDA2424)
1232057937	менше 3 характеристик	4668913	Тріскачні ключі	1	2	Бренд | Розмір посадкового квадрата	Ремкомплект для трещоток 1/4" CJFM0815 Toptul (CLBN0808)
1232057938	менше 3 характеристик	4668913	Тріскачні ключі	1	2	Бренд | Розмір посадкового квадрата	Ремкомплект для тріскачки 1/2" CJFM1627 Toptul (CLBN1616)
1232057941	менше 3 характеристик	4668913	Тріскачні ключі	1	2	Бренд | Розмір посадкового квадрата	Ремкомплект для тріскачки 3/8" CJFM1220 Toptul (CLBN1212)
1241514666	менше 3 характеристик	4628432	Стільці майстра	2	2	Бренд | Особливості	Стілець автослюсаря регульований з інструментальною полицею TORIN (TR6201A)
1241514667	менше 3 характеристик	4656537	Підкатні меблі для СТО	1	1	Бренд	Лежак автослюсаря складаний 2 в 1 TORIN (TR6505)
1246409547	менше 3 характеристик	298224	Набори інструментів	1	1	Бренд	Комплект притиральних насадок 16 20 30 35 мм Airkraft (BS-TP030)
1246409548	менше 3 характеристик	4674187	Пневмопістолети для накачки шин	1	1	Бренд	Шланг для пістолета для накачування шин із наконечником 35 см Airkraft (STG-H35)
1246409549	менше 3 характеристик	4674187	Пневмопістолети для накачки шин	1	1	Бренд	Шланг для пістолета для підкачування шин з наконечником 80 см Airkraft (STG-H80)
1246409555	менше 3 характеристик	4674549	Пневматичні багатофункціональні інструменти	1	1	Бренд	Пістолет для хімчистки салону автомобіля пневматичний Торнадор зі змінною насадкою-щіткою Airkraft (WG-2050)
1246409556	менше 3 характеристик	298224	Набори інструментів	1	1	Бренд	Машинка для притирання клапанів пневматична Airkraft (TP030)
1248230273	менше 3 характеристик	4668931	Торцеві головки	2	2	Бренд | Розмір max	Ступичний ключ посилений для передньої осі MAN 101 мм ХЗСО (WHS101FA)
1248230275	менше 3 характеристик	4668931	Торцеві головки	2	2	Бренд | Розмір max	Ключ маточини посилений для задньої осі MAN 117 мм ХЗСО (WHS117RA)
1248896968	менше 3 характеристик	4668931	Торцеві головки	2	2	Бренд | Розмір max	Ступічний ключ посилений для задньої осі MAN MERCEDES 87 мм ХЗСО (WHS087RA)
1250306360	менше 3 характеристик	4676159	Автоклімат	1	1	Бренд	Озонатор повітря промисловий 20 г/год GIKRAFT G.I.Kraft (GI03020)
1250306361	менше 3 характеристик	4676159	Автоклімат	1	1	Бренд	Автомобільний очисник повітря — озонатор 10 г/год G.I.Kraft (GI03010)
1256563852	менше 3 характеристик	4668955	Знімачі	1	1	Бренд	Ключ для підтягування головки ВАЗ 2101-2107 S19 КПГОЛ19КРЛ ХЗСО (CHBW0107)
1267767374	менше 3 характеристик	2798752	Молотки	2	2	Бренд | Тип	Рихтувальний Молоток для кузовних робіт Toptul (JFAA0433)
1267767377	менше 3 характеристик	4668901	Газові і трубні ключі	1	1	Бренд	Ключ універсальний самозажимних 9-32мм 8ед. Toptul (GNBA0801)
1267767381	менше 3 характеристик	3510485	Патрони та перехідники	2	2	Бренд | Тип	Тримач біт 3/8"х1/4" Toptul (FTAB1208)
1267767390	менше 3 характеристик	154981	Фарбопульти	1	2	Бренд | Тип	Щітки для чищення фарбопульта набір 17ед. Toptul (GDAR1701)
1267767393	менше 3 характеристик	4668961	Інструмент для змащувальних матеріалів	2	2	Бренд | Об'єм	Шприц для змащування пневматичний з гнучким шлангом 12" Toptul (JGAE0204)
1267767396	менше 3 характеристик	4654188	Рихтувальне обладнання	2	2	Бренд | Тип	Зажим для кузовных работ однофункциональный 5 т Toptul (JFDD0105)
1267767408	менше 3 характеристик	2798752	Молотки	2	2	Бренд | Тип	Молоток для рихтування Toptul (JFAA0233)
1269301902	менше 3 характеристик	4649526	Паяльники для пластикових труб	1	1	Бренд	Пластикові стрижні для паяння 6 шт. полістирол Trisco (KTPS06-PS)
1269301903	менше 3 характеристик	4649526	Паяльники для пластикових труб	1	1	Бренд	Сітка для паяння ремонтна неіржавка 5 шт. 115х148 мм Trisco (SN-304)
1269301904	менше 3 характеристик	4649526	Паяльники для пластикових труб	1	1	Бренд	Електроди прутки для зварювання пластику 6 шт. акрилонітрил бутидіен стирол Trisco (KTPS06-ABS)
1269301905	менше 3 характеристик	4649526	Паяльники для пластикових труб	1	1	Бренд	Пластикові стрижні для паяння 6 шт. поліпропілен Trisco (KTPS06-PP)
1269339740	менше 3 характеристик	4649526	Паяльники для пластикових труб	1	1	Бренд	Комплект пластикових стрижнів 6 шт. поліетилен Trisco (KTPS06-PE)
1269339741	менше 3 характеристик	4649526	Паяльники для пластикових труб	1	1	Бренд	Скоби для ремонту пластику 100 шт. V-тип 0.6 мм Trisco (KT100PV-6)
1269339742	менше 3 характеристик	4649526	Паяльники для пластикових труб	1	1	Бренд	Комплект скоб для гарячого степлера 100 шт. U-тип 0.8 мм Trisco (KT100PU-8)
1269339743	менше 3 характеристик	4649526	Паяльники для пластикових труб	1	1	Бренд	Комплект скоб для ремонту пластику 100 шт. U-тип 0.6 мм Trisco (KT100PU-6)
1270966216	менше 3 характеристик	4670023	Кліщі	2	2	Бренд | Вага	Токові кліщі з мультиметром і термопарою PeakMeter PROTESTER (PM2118)
1270966217	менше 3 характеристик	4670023	Кліщі	2	2	Бренд | Вага	Універсальні токові кліщі з функцією мультиметра PROTESTER (PM2118S)
1288200047	менше 3 характеристик	4668955	Знімачі	1	1	Бренд	Знімач кульових опор Mercedes MB W211 W220 W230 ХЗСО (BJIR041MB)
1288347087	менше 3 характеристик	4672188	Мультиметри	1	1	Бренд	Тестер ПЗВ цифровий Benetech (GT5206A)
1294081429	менше 3 характеристик	4660202	Кримпери	1	1	Бренд	Змінні губки для кліщів обтискача клем тип H7 Toptul (DLAH7012)
1294081430	менше 3 характеристик	4668955	Знімачі	1	1	Бренд	Кліщі для зняття втулок кріплення вихлопної труби Toptul (JEAR2906)
1294081431	менше 3 характеристик	4660202	Кримпери	1	1	Бренд	Змінні губки для кліщів обтискача клем тип K2 Toptul (DLAK2012)
1294081432	менше 3 характеристик	4669699	Ножівки	2	2	Бренд | Тип інструмента	Пневмоніж для зрізання скла Toptul (KBHA0120)
1294081434	менше 3 характеристик	4660202	Кримпери	1	1	Бренд	Змінні губки для кліщів обтискача клем тип K6 Toptul (DLAK6012)
1294081437	менше 3 характеристик	4660202	Кримпери	1	1	Бренд	Змінні губки для кліщів обтискача клем тип H2 Toptul (DLAH2016)
1340147548	менше 3 характеристик	4668955	Знімачі	1	1	Бренд	Знімач 2-лапий цементований Харків Без бренда (СК2ЛЦ)
1345758430	менше 3 характеристик	4668961	Інструмент для змащувальних матеріалів	2	2	Бренд | Об'єм	Шприц-маслянка 120мл пістолетного типу Toptul (JJBA0302)
1350226812	менше 3 характеристик	80247	Інфрачервоні обігрівачі	1	1	Бренд	Інфрачервона короткохвильова сушка 2х1000W 0-99хв цифровий дисплей G. I. KRAFT G.I.Kraft (GI15008)
1358193323	менше 3 характеристик	4630800	Ремонтні комплекти кермових механізмів	1	1	Бренд	Набір для зняття і установки втулок універсальний HS2075 Стандарт (BRIS2075)
1370253028	менше 3 характеристик	4644008	Тестери і вимірники автомобільні	2	2	Бренд | Тип	Тестер тиску оливи 6 од. ХЗСО (FPTK0301)
1376179711	менше 3 характеристик	4669699	Ножівки	2	2	Бренд | Тип інструмента	Ніж змінний до пневмоножу для зрізання стекол KBHA0120 Toptul (KAJC54A1)
1376179712	менше 3 характеристик	4669699	Ножівки	2	2	Бренд | Тип інструмента	Ніж змінний до пневмоножу для зрізання стекол KBHA0120 Toptul (KAJC45C1)
1376179713	менше 3 характеристик	4668955	Знімачі	1	1	Бренд	Струна для зрізання стекол 22м нержавіюча сталь Toptul (JLBH0307)
1376179714	менше 3 характеристик	4669699	Ножівки	2	2	Бренд | Тип інструмента	Ніж змінний до пневмоножу для зрізання стекол KBHA0120 Toptul (KAJC21B1)
1376179719	менше 3 характеристик	4669699	Ножівки	2	2	Бренд | Тип інструмента	Ніж змінний до пневмоножу для зрізання стекол KBHA0120 Toptul (KAJC38B1)
1376179721	менше 3 характеристик	4669699	Ножівки	2	2	Бренд | Тип інструмента	Ніж змінний до пневмоножу для зрізання стекол KBHA0120 Toptul (KAJC62B2)
1382807053	менше 3 характеристик	4672233	Детектори напруги та фазометри	1	1	Бренд	Тестер електромагнітного випромінювання 1-1999В/м 0.01-99 99 t wintact (WT3120)
1384355789	менше 3 характеристик	154981	Фарбопульти	1	2	Бренд | Тип	Фарбувальний шланг високого тиску 30м Aeropro (AP8648-30)
1392089003	менше 3 характеристик	4628432	Стільці майстра	1	1	Бренд	Табурет майстерневий на колесах з полицею TORIN (TR6100C)
1420403124	менше 3 характеристик	4654188	Рихтувальне обладнання	1	1	Бренд	Рихтувальний напилок полотно №9 великий Toptul (JLAT0109)
1420403127	менше 3 характеристик	4668961	Інструмент для змащувальних матеріалів	2	2	Ємність бака | Бренд	Піддон для зливу масла з осі колеса 3л Toptul (JDCE0203)
1420403128	менше 3 характеристик	4668961	Інструмент для змащувальних матеріалів	1	1	Бренд	Пристосування для змащення підшипників Toptul (JJBH0110)
1420403132	менше 3 характеристик	4654188	Рихтувальне обладнання	1	1	Бренд	Рихтувальний напилок полотно №12 дрібний Toptul (JLAT0112)
1420403138	менше 3 характеристик	4668955	Знімачі	1	1	Бренд	Ключ для пластикових маслосливных пробок VAG Toptul (JDCR0203)
1420403139	менше 3 характеристик	4668955	Знімачі	1	1	Бренд	Ключ для пластикових маслосливных пробок VAG Toptul (JDCR0109)
1420403141	менше 3 характеристик	4668955	Знімачі	1	1	Бренд	Фіксатор упору капота багажника задній двері універсальний Toptul (JJBG1301)
1420403143	менше 3 характеристик	187716	Скрині та сумки для інструментів	2	2	Бренд | Колір корпуса	Утримувач рулону паперу для інструментальної візки червоний Toptul (TEAL3704)
1424317965	менше 3 характеристик	4658102	Товщиноміри фарби	2	2	Бренд | Живлення	Цифровий індикаторний товщиномір 0-12.7 мм 0.01 мм PROTESTER (5317-10)
1424317972	менше 3 характеристик	4658102	Товщиноміри фарби	2	2	Бренд | Живлення	Цифровий індикаторний товщиномір 0-25.4 мм 0.01 мм PROTESTER (5317-25)
1424317975	менше 3 характеристик	4658102	Товщиноміри фарби	2	2	Бренд | Живлення	Цифровий індикаторний товщиномір 0-10 мм 0.001 мм PROTESTER (5318-10)
1430097764	менше 3 характеристик	4643976	Автосканери	1	1	Бренд	Модуль налаштування системи контролю тиску в шинах TPMS Launch (X-431 TSGUN)
1442596455	менше 3 характеристик	4659561	Оливи та мастила автомобільні	2	2	Бренд | Об’єм рідини	Аерозольна консистентне брудовідштовхуюча змащення 500 мл S477 Forch (65005610)
1451151452	менше 3 характеристик	4654188	Рихтувальне обладнання	1	1	Бренд	Ключ для рихтування легкосплавних дисків ХЗСО (RSTW0401)
1461292352	менше 3 характеристик	4643976	Автосканери	1	1	Бренд	Вантажний комплект адаптерів і для X-431 PAD V Launch (301180746)
1466812642	менше 3 характеристик	4649526	Паяльники для пластикових труб	2	2	Бренд | Напруга живлення	Термостеплер для відновлення і ремонту пластикових деталей Toptul (JGAI0102)
1466812650	менше 3 характеристик	4649526	Паяльники для пластикових труб	1	1	Бренд	Комплект скоб для пайки пластику 100 шт. V-тип 0.6 мм Toptul (JLAV0306)
1466812673	менше 3 характеристик	4649526	Паяльники для пластикових труб	1	1	Бренд	Комплект скоб для пайки пластику 100 шт W-тип 0.6 мм Toptul (JLAV0206)
1466812693	менше 3 характеристик	4649526	Паяльники для пластикових труб	1	1	Бренд	Комплект скоб для пайки пластику 100 шт W-тип 0.8 мм Toptul (JLAV0208)
1480578069	менше 3 характеристик	4643976	Автосканери	1	1	Бренд	Модуль розширення ScopeBox осцилограф для сканерів PAD O2-1 Launch (O2-2)
1480578070	менше 3 характеристик	4643976	Автосканери	1	1	Бренд	Модуль розширення SensorBox імітатор датчиків для сканерів PAD SBS2-2 Launch (S2-2)
1504979290	менше 3 характеристик	4630800	Ремонтні комплекти кермових механізмів	1	1	Бренд	Болт з гайкою M10 L350mm для JGAI2701 Toptul (JLBJ1035)
1525220821	менше 3 характеристик	4643976	Автосканери	1	1	Бренд	RF-датчик TPMS 433/315 МГц програмований універсальний метал. 307110008 Launch (LTR-01)
1531914682	менше 3 характеристик	4658102	Товщиноміри фарби	1	1	Бренд	USB-Кабель для передачі даних на ПК EXCEL PROTESTER (5000-01)
1545647450	менше 3 характеристик	4676159	Автоклімат	2	2	Бренд | Напруга живлення	Озонатор повітря автомобільний 10 р/год від прикурювача 12B генератор озону G. I. KRAFT G.I.Kraft (GI03030-12V)
1572871564	менше 3 характеристик	307032	Анемометри	1	1	Бренд	Термоанемометр USB 0 3-30м/с 0-45°C Benetech (GT8911)
1583097647	менше 3 характеристик	4668955	Знімачі	1	1	Бренд	Кліщі для зняття хомутів Toptul (JDAM0512)
1583097650	менше 3 характеристик	4668955	Знімачі	2	2	Бренд | Стан	Набір для демонтажу скла 7 од. в ложементі тип B Toptul (GEB0708)
1583097661	менше 3 характеристик	4668955	Знімачі	1	1	Бренд	Ніж для демонтажу ущільнювач скла Toptul (JJCD0101)
1583097663	менше 3 характеристик	4668955	Знімачі	1	1	Бренд	Комплект лез до ножа JJCD0101 6шт. Toptul (JLBH0401)
1620220820	менше 3 характеристик	154981	Фарбопульти	1	2	Бренд | Тип	Ремонтний комплект для краскопультів GLOSS-2 Italco (RK-GLOSS-2)
1620220822	менше 3 характеристик	4659561	Оливи та мастила автомобільні	1	1	Бренд	Мастило літієве консистентне в тубі 400 г гладь TOPTUL (DL-H-2)
1620220823	менше 3 характеристик	4659561	Оливи та мастила автомобільні	1	1	Бренд	Мастило літієве консистентне в тубі 400 г Premium gul TOPTUL (DLK-HEP-2)
1620220826	менше 3 характеристик	154981	Фарбопульти	1	2	Бренд | Тип	Ремонтний комплект для краскопультів SHINE-MINI Italco (RK-SHINE-MINI)
1625650712	менше 3 характеристик	4643976	Автосканери	1	1	Бренд	Модуль настроювання системи контролю тиску в шинах TPMS і 4 датчики LTR-01 Launch (X-431 TSGUN PRO)
1625650713	менше 3 характеристик	4643976	Автосканери	1	1	Бренд	Автомобільний сканер для роботи із системою TPMS Launch (CRT-511)
1625650715	менше 3 характеристик	4644008	Тестери і вимірники автомобільні	1	1	Бренд	Генератор диму Turbo Launch (SLD-501)
1625650716	менше 3 характеристик	4643976	Автосканери	2	2	Бренд | Зчитування та стирання кодів несправностей	Автомобільний сканер Creader ELITE Launch (CRE916)
1625650717	менше 3 характеристик	4644008	Тестери і вимірники автомобільні	1	1	Бренд	Димогенератор EVAP Launch (SLD-502)
1631125583	менше 3 характеристик	4668961	Інструмент для змащувальних матеріалів	2	2	Бренд | Об'єм	Шприц-маслянка пневматичний з гнучним шлангом 12" Airkraft (AT-6036)
1631125584	менше 3 характеристик	4668961	Інструмент для змащувальних матеріалів	2	2	Бренд | Об'єм	Шприц-маслянка пневматичний PROFI Airkraft (AT-6036N)
1653305102	менше 3 характеристик	4668961	Інструмент для змащувальних матеріалів	2	2	Ємність бака | Бренд	Пристрій для заміни гальмівної рідини 1000мл JEF01A0 Toptul (JEFF01A0)
1686712489	менше 3 характеристик	4668961	Інструмент для змащувальних матеріалів	1	1	Бренд	Металева трубка пряма з наконечником для шприців G.I.Kraft (K-403B)
1686712490	менше 3 характеристик	4668961	Інструмент для змащувальних матеріалів	1	1	Бренд	Металева трубка зігнута з наконечником для шприців G.I.Kraft (K-403A)
1689979733	менше 3 характеристик	4668907	Імбусові ключі	2	2	Бренд | Тип ключа	Набір Г-обр. ключів TORX T10-T50 9од. довгих Toptul (GSN-09LS)
1689979737	менше 3 характеристик	4668955	Знімачі	1	1	Бренд	Рассухарювач для клапанів верхнього розташування Toptul (JDAN0330)
1700455643	менше 3 характеристик	4668865	Динамометричні ключі	1	1	Бренд	Ремкомплект до ANAU1634 Toptul (ALAM1634)
1700455646	менше 3 характеристик	4668865	Динамометричні ключі	1	1	Бренд	Ремкомплект до ANAU0803 Toptul (ALAM0803)
1700455647	менше 3 характеристик	4668865	Динамометричні ключі	1	1	Бренд	Ремкомплект до ANAU1210 Toptul (ALAM1210)
1700455650	менше 3 характеристик	4668865	Динамометричні ключі	1	1	Бренд	Ремкомплект до ANAU1620 Toptul (ALAM1620)
1700455651	менше 3 характеристик	4668955	Знімачі	1	1	Бренд	Знімач сальників клапанів подовжений L275 мм 11" Toptul (JDAT0110)
1700455652	менше 3 характеристик	4668961	Інструмент для змащувальних матеріалів	2	2	Бренд | Об'єм	Шприц для відкачування та закачування оливи та технічних рідин 1 5 л Toptul (JJDZ0115)
1709941764	менше 3 характеристик	307032	Анемометри	1	1	Бренд	Анемометр із функцією вимірювання об'ємної витрати 0 3-30 м/с -10-45 °C wintact (WT87C)
1715313113	менше 3 характеристик	80247	Інфрачервоні обігрівачі	1	1	Бренд	Інфрачервона короткохвильова сушка 1х1000W 40 °C-100 °C 0-60 хв G.I. KRAFT G.I.Kraft (GI15005)
1732463261	менше 3 характеристик	4670626	Аксесуари та супутні товари для зварювального устаткування	1	1	Бренд	Зварювальний стіл 2000х1000х800 мм ХЗСО (WLDT2010)
1748320900	менше 3 характеристик	1742727	Вантажопідіймальне обладнання	1	1	Бренд	Стенд для вивішування двигуна 1т TORIN (TR29005)
1748642921	менше 3 характеристик	4656012	Промислові меблі	1	1	Бренд	Стелаж для зберігання шин і коліс настінний ХЗСО (TWSR4125)
1755824674	менше 3 характеристик	1742727	Вантажопідіймальне обладнання	1	1	Бренд	Стенд для ДВС поворотний 900 кг TORIN (TR29008)
1792619197	менше 3 характеристик	4668961	Інструмент для змащувальних матеріалів	2	2	Бренд | Об'єм	Шприц пістолетного типу для змащування з гнучким шлангом 12" Toptul (JGAE0207)
1792619201	менше 3 характеристик	4668961	Інструмент для змащувальних матеріалів	2	2	Бренд | Об'єм	Мастильний шприц пістолетного типу 7" Toptul (JJBA1401)
1792619205	менше 3 характеристик	4668961	Інструмент для змащувальних матеріалів	1	1	Бренд	Лійка олійна універсальна Toptul (JDDE0110)
1792619209	менше 3 характеристик	4668955	Знімачі	1	1	Бренд	Кліщі для хомутів ШРУСа посилені Toptul (JEAE0628)
1854156837	менше 3 характеристик	4669237	Гайковерти	1	1	Бренд	Гайколом ручний гідравлічний Стандарт (HNST0024)
1854156838	менше 3 характеристик	4669237	Гайковерти	1	1	Бренд	Гайколом ручний гідравлічний Стандарт (HNST0024A)
1864571554	менше 3 характеристик	4672218	Індикатори	1	1	Бренд	Тримач для індикаторів на магнітній основі 80 кг 380 мм PROTESTER (MAMB8038)
1864571562	менше 3 характеристик	4644008	Тестери і вимірники автомобільні	2	2	Бренд | Гнучка трубка	Авто стетоскоп механічний PROTESTER (SSMC0001)
1864571563	менше 3 характеристик	4658102	Товщиноміри фарби	1	1	Бренд	Товщиномір індикаторний стрілковий 12 7 мм PROTESTER (HDTG0012)
1864571572	менше 3 характеристик	4672218	Індикатори	2	2	Бренд | Діапазон вимірювання	Індикатор важільно-зубчастий 0-0.8 мм PROTESTER (LTTI0008)
1865698624	менше 3 характеристик	4668865	Динамометричні ключі	1	2	Бренд | Розмір посадкового квадрата	Шкала доворотна 1/2" 360° PROTESTER (ATGG0360)
1881009350	менше 3 характеристик	4643976	Автосканери	1	1	Бренд	Набір діагностичних адаптерів OBD-I для X-431 Launch (SPLT-301180930)
1886405908	менше 3 характеристик	4676159	Автоклімат	1	1	Бренд	Комплект заправних муфт і перехідників R1234yf для автокондиціонера VALUE-500PLUS Launch (VALUE1234kit)
1891478028	менше 3 характеристик	4643976	Автосканери	1	1	Бренд	RF-датчик TPMS 433/315 МГц програмований універсальний чорний метал. Launch (LTR-03)
1896590247	менше 3 характеристик	4668955	Знімачі	1	1	Бренд	Пневматичний зворотний молоток для демонтажу дизельних форсунок у кейсі Без бренда (KHAMM)
1896665833	менше 3 характеристик	4668961	Інструмент для змащувальних матеріалів	2	2	Ємність бака | Бренд	Ванна для зливання відпрацьованої оливи 95 л ХЗСО (ODBP9500)
1908421567	менше 3 характеристик	4669717	Труборізи та ножиці для різання труб	2	2	Бренд | Тип інструмента	Запасний ніж до труборіза SEAD0319 d 20 мм Toptul (SLAE2020)
1908421568	менше 3 характеристик	4672203	Рефрактометри	1	1	Бренд	Автомобільний рефрактометр 4-в-1 антифриз електроліт омивач adblue Toptul (JDCT0101)
1908421575	менше 3 характеристик	4668943	Ключі розрізні	1	1	Бренд	Набір ключів для прокачування гальм 7 од. Toptul (JGAI0705)
1964575266	менше 3 характеристик	4643976	Автосканери	1	1	Бренд	Модуль розширення осцилограф та мультиметр для електромобілів для сканерів Launch (EM101N)
1964575268	менше 3 характеристик	4643976	Автосканери	1	1	Бренд	Набір спеціальних конекторів/перехідників для активації сервісного режиму електромобілів TESLA Launch (SPLT-301181046)
1966209305	менше 3 характеристик	4643976	Автосканери	1	1	Бренд	RF-датчик TPMS 433/315 МГц програмований універсальний хром метал. Launch (LTR-03-CHROME)
1985834767	менше 3 характеристик	298224	Набори інструментів	1	1	Бренд	Присоска d20mm для притирання клапанів JGAI1205 Toptul (JAEM0342)
1985834768	менше 3 характеристик	298224	Набори інструментів	1	1	Бренд	Присоска d45mm для притирання клапанів JGAI1205 Toptul (JAEM0345)
1985834772	менше 3 характеристик	298224	Набори інструментів	1	1	Бренд	Присоска d30mm для притирання клапанів JGAI1205 Toptul (JAEM0343)
1985834773	менше 3 характеристик	298224	Набори інструментів	1	1	Бренд	Присоска d35mm для притирання клапанів JGAI1205 Toptul (JAEM0344)
1985834774	менше 3 характеристик	298224	Набори інструментів	1	1	Бренд	Присоска d16mm для притирання клапанів JGAI1205 Toptul (JAEM0341)
1985834776	менше 3 характеристик	4668955	Знімачі	1	1	Бренд	Пристрій для демонтажу поперечного важеля підвіски Toptul (JEAU0111)
1988069830	менше 3 характеристик	4674187	Пневмопістолети для накачки шин	2	2	Бренд | Діаметр вхідного штуцера	Пістолет для підкачування коліс цифровий професійний 0-13 8 бар Toptul (JEBL200A)
1992844684	менше 3 характеристик	4644008	Тестери і вимірники автомобільні	1	1	Бренд	Прилад для регулювання світла фар Італія Spin (HL19D)
2005808726	менше 3 характеристик	4670641	Зварювальні апарати	2	2	Бренд | Напруга живлення	Індукційний нагрівач 1500W з набором насадок Trisco (FIH-1.5KW)
2013948603	менше 3 характеристик	4643976	Автосканери	1	1	Бренд	Діагностичний адаптер для вантажівок і легкого комерційного транспорту X-431 HDIII Launch (X-431 HD SMARTLINK)
2045914166	менше 3 характеристик	4644032	Установки для АКПП	1	1	Бренд	Набір спеціальних конекторів/перехідників 86ед. для встановлення CAT-501S Launch (SP-703020017)
2050620117	менше 3 характеристик	4644024	Стенди для чищення форсунок	1	1	Бренд	Комплект додаткових адаптерів для CNC-605A Launch (ADPTRKIT-CNC-605A)
2091060323	менше 3 характеристик	155293	Пускозарядні пристрої	1	1	Бренд	Модуль заряджання та розрядки АКБ електромобіля Launch (ELP400)
2092437502	менше 3 характеристик	4644024	Стенди для чищення форсунок	1	1	Бренд	Комплект аксесуарів для CNC-605A для тіста форсунок на герметичність стисненим повітрям Launch (TESTKIT-CNC-605A)
2092437505	менше 3 характеристик	4643976	Автосканери	1	1	Бренд	Програматор ключів автомобільний з універсальним чипом і набором смарт-ключів 4 шт. Launch (X-431 307110149)
2092437508	менше 3 характеристик	4643976	Автосканери	1	1	Бренд	Монітор системи тиску в шинах TPMS Solar Display Launch (CRT-100)
2092437509	менше 3 характеристик	4643976	Автосканери	1	1	Бренд	RF-датчик TPMS 433/315 МГц програмований універсальний гумовий вентиль Launch (LTR-03-RUBBER)
2106652188	менше 3 характеристик	4672263	Кутоміри	2	2	Бренд | Тип інструмента	Цифровий багатофункціональний кутомір-рівень 4х90° 2 магніти 5346 PROTESTER (PRO-5346)
2106652189	менше 3 характеристик	4672263	Кутоміри	2	2	Бренд | Тип інструмента	Цифровий кутомір інклінометр на магнітній основі MINI 4х90° 5347 PROTESTER (PRO-5347)
2119094058	менше 3 характеристик	4659561	Оливи та мастила автомобільні	2	2	Бренд | Об’єм рідини	Мастило літієве консистентне в тубі 390 г Mobilux EP 2 Франція -EP2 Mobil (MOBIL-EP2)
2119204144	менше 3 характеристик	4659561	Оливи та мастила автомобільні	2	2	Бренд | Об’єм рідини	Мастило літієве консистентне в тубі 390 г Mobilgrease XHP 220 Франція -XHP220 Mobil (MOBIL-XHP220)
2153714068	менше 3 характеристик	4668955	Знімачі	1	1	Бренд	Знімач кришки паливного насоса 55-199 мм Toptul (JDCB0219)
2153714074	менше 3 характеристик	4668955	Знімачі	1	1	Бренд	Знімач кульових опор вантажних автомобілів 67х78мм Toptul (JEAB0967)
2153714076	менше 3 характеристик	4668955	Знімачі	1	1	Бренд	Знімач кульових опор вантажних автомобілів 58х78мм Toptul (JEAB0958)
2153714079	менше 3 характеристик	4668955	Знімачі	1	1	Бренд	Знімач кульових опор 39х58мм Toptul (JEAB0939)
2153714082	менше 3 характеристик	4668955	Знімачі	1	1	Бренд	Пристосування для зняття/установлення мідних шайб дизельних форсунок Toptul (JGAI0103)
2153714086	менше 3 характеристик	4668955	Знімачі	1	1	Бренд	Стяжка пружин універсальна 5 од. Toptul (JGAI0503)
2153714087	менше 3 характеристик	4670023	Кліщі	1	1	Бренд	Комплект для роз'єднання трубопроводів 7 од. Toptul (JGAR0701)
2153714090	менше 3 характеристик	4668955	Знімачі	1	1	Бренд	Знімач кульових опор вантажних автомобілів 62х78мм Toptul (JEAB0962)
2153714093	менше 3 характеристик	4672243	Розмічувальний інструмент	2	2	Бренд | Тип інструмента	Рисувалка L208мм Toptul (IDAA0208)
2153714094	менше 3 характеристик	4668931	Торцеві головки	2	2	Бренд | Кількість захватів зймача	Ключ універсальний для ступичних гайок 13ед. Toptul (JGAI1305)
2153714099	менше 3 характеристик	4668955	Знімачі	1	1	Бренд	Знімач кульових опор 30х61мм Toptul (JEAB0930)
2153714103	менше 3 характеристик	4668955	Знімачі	1	1	Бренд	Знімач кульових опор 47х58мм Toptul (JEAB0947)
2153799217	менше 3 характеристик	4668865	Динамометричні ключі	1	1	Бренд	Ремкомплект до ANBV1621/1635 і ANAV1621/1637 Toptul (ALAU1621)
2153799218	менше 3 характеристик	4668865	Динамометричні ключі	1	1	Бренд	Ремкомплект ANBV32A0 Toptul (ALAU32A0)
2153799219	менше 3 характеристик	4668913	Тріскачні ключі	1	1	Бренд	Ремкомплект до CJPI0815 CJDI0812 CHDI0809 Toptul (CLBA0801)
2153799220	менше 3 характеристик	4668865	Динамометричні ключі	1	1	Бренд	Ремкомплект до ANBV1206 Toptul (ALAU1206)
2153799221	менше 3 характеристик	4668865	Динамометричні ключі	1	1	Бренд	Ремкомплект до ANBV1211 Toptul (ALAU1211)
2153799223	менше 3 характеристик	4668865	Динамометричні ключі	1	1	Бренд	Ремкомплект до ANBV2480 Toptul (ALAU2480)
2153799224	менше 3 характеристик	4668865	Динамометричні ключі	1	1	Бренд	Ремкомплект до ANBV0803 Toptul (ALAU0803)
2191889366	менше 3 характеристик	329355	Домкрати	1	1	Бренд	Гумова накладка для домкратів T825011CL TORIN (T830003L-5)
2191889367	менше 3 характеристик	329355	Домкрати	1	1	Бренд	Гумова накладка для домкратів TA820050 TA82008 TORIN (T820033E-2)
2191889368	менше 3 характеристик	329355	Домкрати	1	1	Бренд	Гумова накладка для домкратів T83502 T830022 TORIN (T83502T-3a)
2191889369	менше 3 характеристик	329355	Домкрати	1	1	Бренд	Гумова накладка для підйомників T830003XL TZ830027H TZ830026X TZ830023 TZ830018 T830018 T830018 TORIN (T815016CL-1)
2191889370	менше 3 характеристик	329355	Домкрати	1	1	Бренд	Гумова накладка для домкратів універсальна 100 мм TORIN (TRY8011)
2191889372	менше 3 характеристик	329355	Домкрати	1	1	Бренд	Гумова накладка для домкратів T825010 T825010C T820037 T830020 TA825051 TORIN (T825010-9)
2191889373	менше 3 характеристик	4650255	Запчастини для компресорів	2	2	Бренд | Гарантійний термін	Компресорна головка AB808 800л/хв Fiac (1123020556)
2191889374	менше 3 характеристик	329355	Домкрати	1	1	Бренд	Гумова накладка для підйомників T825010 T825010C T820037 T830020 TA825051 TORIN (T825010CE-2)
2202493033	менше 3 характеристик	307032	Анемометри	1	1	Бренд	Анемометр цифровий із виносною крильчаткою 0 3-45 м/с 0-45 °C 10-90% Benetech (GT8915)
2202493036	менше 3 характеристик	307032	Анемометри	1	1	Бренд	Анемометр цифровий вітромер 0 3-45 м/с 0-45 °C 10-90% Benetech (GT8913)
2215442026	менше 3 характеристик	329355	Домкрати	1	1	Бренд	Багатофункціональне сідло для трансмісійної стійки TEL05004S TORIN (TEL05004S-1)
2215442029	менше 3 характеристик	329355	Домкрати	1	1	Бренд	Гумова накладка для трансмісійної стійки TEL05004S TORIN (TEL05004S-2)
2215442032	менше 3 характеристик	4668961	Інструмент для змащувальних матеріалів	2	2	Ємність бака | Бренд	Піддон для зливання олії 10 л для трансмісійної стійки TEL05004S TORIN (TEL05004S-3)
2215442033	менше 3 характеристик	4656012	Промислові меблі	1	1	Бренд	Набір коліс поворотних 4 шт. з гальмом для верстатів серії TRGL209 TORIN (WS-TRGL209)
2215804405	менше 3 характеристик	4650255	Запчастини для компресорів	1	1	Бренд	Блок автоматики компресора пресостат 220 В з 1 виходом у зборі Airkraft (SP038-W)
2215804406	менше 3 характеристик	4650255	Запчастини для компресорів	1	1	Бренд	Блок автоматики компресора пресостат 380В чотири виходи Airkraft (SP039-4)
2215804408	менше 3 характеристик	4650255	Запчастини для компресорів	1	1	Бренд	Прессостат блок автоматики компресора 220 В з 4 виходами в зборі Airkraft (SP038-S-2)
2215804409	менше 3 характеристик	4650255	Запчастини для компресорів	1	1	Бренд	Блок автоматики компресора пресостат 380 В з 4 виходами в зборі Airkraft (SP039-S-2)
2215804411	менше 3 характеристик	4650255	Запчастини для компресорів	1	1	Бренд	Контрольно-розподільний блок компресора редуктор із регулятором тиску зовнішня різь 1/4 і 1/2 Airkraft (SP066)
2215804412	менше 3 характеристик	4650255	Запчастини для компресорів	1	1	Бренд	Автоматика для компрессора пресостат 380 В з 1 виходом у зборі Airkraft (SP039-W)
2215804413	менше 3 характеристик	4650255	Запчастини для компресорів	1	1	Бренд	Блок автоматики компресора пресостат 380В один вихід Airkraft (SP039-1)
2215804414	менше 3 характеристик	4650255	Запчастини для компресорів	1	1	Бренд	Пресостат для компресора блок автоматики 220 В один вихід Airkraft (SP038-1)
2215804415	менше 3 характеристик	4650255	Запчастини для компресорів	1	1	Бренд	Блок автоматики компресора пресостат 220В чотири виходи Airkraft (SP038-4)
2219650526	менше 3 характеристик	4668955	Знімачі	1	1	Бренд	Кліщі для зняття та встановлення поршневих кілець 50-150 мм L170 мм Toptul (JACA0515)
2219650539	менше 3 характеристик	298224	Набори інструментів	1	1	Бренд	Набір ключів комбінованих із тріскачкою 8-19 мм 12 од. в ложементі тип А Toptul (GEA1214)
2221468276	менше 3 характеристик	4643952	Балансувальні стенди	2	2	Бренд | Гарантійний термін	Мобільний балансувальний стенд від 1" до 28" 48 В BRIGHT (CB62 48V)
2233842119	менше 3 характеристик	307032	Анемометри	1	1	Бренд	Термоанемометр USB 0 3-30 м/с 0-45 °C Benetech (GT8916)
2244320514	менше 3 характеристик	4644024	Стенди для чищення форсунок	1	1	Бренд	Очисник для ультразвукових ванн Ultrasonic Cleaner VIEM 1л TOPTUL (UC-VIEM-1L)
2261122904	менше 3 характеристик	4668955	Знімачі	1	1	Бренд	Розсухарувач клапанів універсальний 24 од. Toptul (JGAI2402)
2261122905	менше 3 характеристик	2798757	Зубило, керн, пробійник	2	2	Бренд | Тип хвостовика	Зубило для пневматичного молотка плоскі молоток Toptul (KAJA10G1)
2266903183	менше 3 характеристик	307032	Анемометри	1	1	Бренд	Анемометр 0-30 м/с -10-45 °C wintact (WT9056)
2330511009	менше 3 характеристик	4668865	Динамометричні ключі	1	1	Бренд	Ремкомплект до ANAV0802 Toptul (ALAV0802)
2330511014	менше 3 характеристик	4674549	Пневматичні багатофункціональні інструменти	1	1	Бренд	Мішок до пилососа GDAE0702/GDAE0801 Toptul (KCEP0120)
2330511020	менше 3 характеристик	4668865	Динамометричні ключі	1	1	Бренд	Ремкомплект до ANAV1211 Toptul (ALAV1211)
2363436091	менше 3 характеристик	4668955	Знімачі	1	1	Бренд	Пристрій для зняття та встановлення приводних ременів Toptul (JDED0101)
2363436095	менше 3 характеристик	4668865	Динамометричні ключі	1	1	Бренд	Ремкомплект до динамометричного ключа ANAU2475 Toptul (ALAM2475)
2363436105	менше 3 характеристик	4668865	Динамометричні ключі	1	1	Бренд	Ремкомплект до динамометричного ключа ANAU32A0 Toptul (ALAM32A0)
2378435869	менше 3 характеристик	4670641	Зварювальні апарати	2	2	Бренд | Напруга живлення	Індукційний нагрівач 3.5KW з рідинним охолодженням 220V G.I.Kraft (WCIH-3.5KW)
2378435871	менше 3 характеристик	4670641	Зварювальні апарати	1	1	Бренд	Індукційний нагрівач 1500W з набором насадок G.I.Kraft (IND-1500W)
2378435872	менше 3 характеристик	4670641	Зварювальні апарати	1	1	Бренд	Індукційний нагрівач для видалення вм'ятин G.I.Kraft (IDR0601)
2379592694	менше 3 характеристик	4670641	Зварювальні апарати	1	1	Бренд	Індукційний нагрівач 25.0KW з рідинним охолодженням 380V G.I.Kraft (WCIH-25.0KW)
2379592695	менше 3 характеристик	4670641	Зварювальні апарати	2	2	Бренд | Напруга живлення	Індукційний нагрівач 15.0KW з рідинним охолодженням 220V G.I.Kraft (WCIH-15.0KW)
2415939141	менше 3 характеристик	154981	Фарбопульти	1	2	Бренд | Тип	Ремонтний комплект для фарбопультів NOVA-1 Auarita (RK-NOVA-1)
2415939145	менше 3 характеристик	154981	Фарбопульти	1	2	Бренд | Тип	Ремонтний комплект для фарбопультів NOVA-LIGHT Auarita (RK-NOVA-LIGHT)
2415939146	менше 3 характеристик	4673713	Пристрої підготовки та очищення повітря	1	1	Бренд	Регулятор тиску повітря для фарбопульта Italco (Model-One)
2415939164	менше 3 характеристик	154981	Фарбопульти	1	2	Бренд | Тип	Ремонтний комплект для фарбопультів LION-1 Auarita (RK-LION-1)
2415939175	менше 3 характеристик	154981	Фарбопульти	1	2	Бренд | Тип	Ремонтний комплект для фарбопультів 898-2 Auarita (RK-898-2)
2415939181	менше 3 характеристик	154981	Фарбопульти	1	2	Бренд | Тип	Ремонтний комплект для фарбопультів LION-B Auarita (RK-LION-B)
2425607616	менше 3 характеристик	298224	Набори інструментів	1	1	Бренд	Знімач шестерні розподільного валу універсальний d60-100мм Toptul (JGAI0504)
2425607621	менше 3 характеристик	4668955	Знімачі	2	2	Бренд | Кількість захватів зймача	Знімач підшипників універсальний 10 од. Toptul (JGAI1005)
2425607623	менше 3 характеристик	4645872	Чохли для автомобіля	1	1	Бренд	Накидка вінілова захисна на крило 1050x580 мм з магнітами та присосками Toptul (JJAQ2202)
2425607625	менше 3 характеристик	4645872	Чохли для автомобіля	1	1	Бренд	Накидка вінілова захисна на крило 1050x400 мм з магнітами Toptul (JJAQ1102)
2425607627	менше 3 характеристик	298224	Набори інструментів	1	1	Бренд	Фіксатор розподільного валу універсальний Toptul (JDDT0813)
2443939611	менше 3 характеристик	298224	Набори інструментів	1	1	Бренд	Пристрій для перевірки натягу ременів ГРМ Toptul (JDFD0120)
2443939612	менше 3 характеристик	4668955	Знімачі	2	2	Бренд | Максимальне зусилля	Гідроболт до знімача JGAI2202 Toptul (JAEL00A0)
2443939613	менше 3 характеристик	4668955	Знімачі	1	1	Бренд	Набір для зняття підшипників втулок сальників універсальний 52 од. Toptul (JGAI5201)
2447094070	менше 3 характеристик	4668961	Інструмент для змащувальних матеріалів	2	2	Ємність бака | Бренд	Маслянка металева гнучкий наконечник 500мм STANDART Стандарт (OCPT500ST)
2447094071	менше 3 характеристик	4668955	Знімачі	1	1	Бренд	Ключ для зливних пробок квадрат 8x10 mm STANDART Стандарт (OSW0810ST)
2447094074	менше 3 характеристик	4668961	Інструмент для змащувальних матеріалів	2	2	Ємність бака | Бренд	Маслянка металева жорсткий наконечник 500мл STANDART Стандарт (OCWT500ST)
2447094075	менше 3 характеристик	4668961	Інструмент для змащувальних матеріалів	2	2	Бренд | Об'єм	Шприц для мастила з гнучким шлагом 445 мл STANDART Стандарт (GG450ST)
2447094078	менше 3 характеристик	4668961	Інструмент для змащувальних матеріалів	2	2	Ємність бака | Бренд	Маслянка для змащування металева гнучкий наконечник 300мл STANDART Стандарт (OCPT300ST)
2447094080	менше 3 характеристик	4668961	Інструмент для змащувальних матеріалів	2	2	Ємність бака | Бренд	Металева маслянка жорсткий наконечник 300мл STANDART Стандарт (OCWT300ST)
2447094085	менше 3 характеристик	4672238	Лінійки будівельні	1	1	Бренд	Лінійка з неіржавкої сталі 450mm/18" STANDART Стандарт (SR450ST)
2452899718	менше 3 характеристик	4669699	Ножівки	2	2	Бренд | Матеріал ручки	Пневматична ножівка для металу 10000уд/хв Airkraft (AT-7039)
2539159072	менше 3 характеристик	307032	Анемометри	2	2	Бренд | Максимальний тиск	Цифровий манометр для перевірки тиску в шинах Airkraft (SDTG-08)
2548630926	менше 3 характеристик	4668955	Знімачі	1	1	Бренд	Набір інструментів для зняття подушок безпеки рульового колеса 12од. Toptul (JGAI1206)
2548630927	менше 3 характеристик	2798757	Зубило, керн, пробійник	1	1	Бренд	Голчаста насадка для пневмомолотка KAHA3217 Toptul (KAHD0318)
2548630936	менше 3 характеристик	298224	Набори інструментів	1	1	Бренд	Фіксатор распредвала VAG Toptul (JDDT0111)
2548630938	менше 3 характеристик	4668955	Знімачі	1	1	Бренд	Набір універсальних ключів для натягувачів ременів 11 од. Toptul (JGAI1102)
2561207847	менше 3 характеристик	4670641	Зварювальні апарати	1	1	Бренд	Набір насадок 4 шт. для IND-1500W G.I.Kraft (CS-1.5WH)
2581762757	менше 3 характеристик	4628432	Стільці майстра	1	1	Бренд	Стілець пластиковий багатофункціональний для автосервісу G.I.Kraft (GI36001)
2583047968	менше 3 характеристик	307032	Анемометри	2	2	Бренд | Максимальний тиск	Манометр шинний цифровий Airkraft (SDTG-4271)
2583047969	менше 3 характеристик	307032	Анемометри	2	2	Бренд | Максимальний тиск	Манометр цифровий для перевірки тиску в шинах 0 20–10 0 бар брелок Airkraft (KTPG0001)
2583047971	менше 3 характеристик	307032	Анемометри	2	2	Бренд | Максимальний тиск	Цифровий автомобільний манометр для перевірки тиску в шинах зі шлангом Airkraft (STG-34)
2613268146	менше 3 характеристик	4668961	Інструмент для змащувальних матеріалів	2	2	Бренд | Об'єм	Шприц для заміни гальмівної та інших технічних рідин 0 5 л G.I.Kraft (BB500CC)
2613268147	менше 3 характеристик	4668961	Інструмент для змащувальних матеріалів	2	2	Ємність бака | Бренд	Пневматична установка для заміни гальмівної рідини та рідини зчеплення 1 5Л+1Л G.I.Kraft (PBFC21V1)
2613268150	менше 3 характеристик	4668961	Інструмент для змащувальних матеріалів	2	2	Ємність бака | Бренд	Пневматична/ручна установка для відкачування олії та технічних рідин з комплектом насадок 9 5 л G.I.Kraft (PMFE95L)
2613268152	менше 3 характеристик	4668961	Інструмент для змащувальних матеріалів	2	2	Бренд | Об'єм	Шприц для заміни гальмівної та інших технічних рідин 0 2 л G.I.Kraft (BB200CC)
2613268154	менше 3 характеристик	4668961	Інструмент для змащувальних матеріалів	2	2	Бренд | Об'єм	Шприц для заміни гальмівної та інших технічних рідин 1 5 л G.I.Kraft (BB1500CC)
2613268155	менше 3 характеристик	4668961	Інструмент для змащувальних матеріалів	2	2	Бренд | Тип приводу бочкового насоса	Насос оливний для бочок G.I.Kraft (OP-001H)
2625426231	менше 3 характеристик	307032	Анемометри	2	2	Бренд | Максимальний тиск	Манометр шинний 0-60 psi 4 bar TPGD0060-S Airkraft (TPGA0060-S)
2625426232	менше 3 характеристик	307032	Анемометри	2	2	Бренд | Максимальний тиск	Манометр цифровий для перевірки тиску в шинах зі шлангом 0-250 psi 17 bar Airkraft (TPGD0250-S)
2642269581	менше 3 характеристик	4668961	Інструмент для змащувальних матеріалів	2	2	Ємність бака | Бренд	Піддон для зливання оливи 6 л G.I.Kraft (HM-6L)
2652233583	менше 3 характеристик	4644008	Тестери і вимірники автомобільні	1	1	Бренд	Прилад для вимірювання глибини протектора шин лазерний Launch (TTM-113)
2654067527	менше 3 характеристик	4676159	Автоклімат	2	2	Бренд | Тип комплектуючого	Комплект заправних муфт і перехідників R1234yf для AC519PLUS Launch (SP-603010130)
2662563983	менше 3 характеристик	4644008	Тестери і вимірники автомобільні	2	2	Бренд | Тип	Набір універсальний діагностичний для перевірки вакууму та тиску Toptul (JGAI0706)
2662563986	менше 3 характеристик	4668955	Знімачі	1	1	Бренд	Набір спецключів для паливних трубок дизельних форсунок 1/2" 12-19 мм 6 од. Toptul (JGAI0605)
2662563990	менше 3 характеристик	298224	Набори інструментів	1	1	Бренд	Набір фіксаторів розподівала FORD 16 од. Toptul (JGAI1602)
2680954663	менше 3 характеристик	4668961	Інструмент для змащувальних матеріалів	2	2	Ємність бака | Бренд	Піддон підкатний для зливу оливи з ручним роторним насосом для відкачування оливи 64 л G.I.Kraft (OCP17G)
2694802955	менше 3 характеристик	154981	Фарбопульти	1	2	Бренд | Тип	Ремонтний комплект для фарбопультів S-990P- RK-S-990P- Airkraft (RK-S-990P-AIRKRAFT)
2694802960	менше 3 характеристик	154981	Фарбопульти	1	2	Бренд | Тип	Ремонтний комплект для фарбопультів H827P1 Airkraft (RK-H827P1)
2694802962	менше 3 характеристик	154981	Фарбопульти	1	2	Бренд | Тип	Ремонтний комплект для фарбопультів TE2008 Airkraft (RK-TE2008)
2697878305	менше 3 характеристик	4668961	Інструмент для змащувальних матеріалів	2	2	Бренд | Об'єм	Шприц-екстрактор для відкачування та заправляння технічних рідин багатофункціональний 200 мл G.I.Kraft (MPFE0200)
2697878306	менше 3 характеристик	4668961	Інструмент для змащувальних матеріалів	2	2	Бренд | Об'єм	Шприц-екстрактор для відкачування та заправляння технічних рідин багатофункціональний 500 мл G.I.Kraft (MPFE0500)
2733082302	менше 3 характеристик	154981	Фарбопульти	1	1	Бренд	Запчастина до NDAA0165 Spray Body Set Toptul (NLAA0020)
2733082303	менше 3 характеристик	4668955	Знімачі	1	1	Бренд	Набір знімачів котушок запалювання VAG 4 од. Toptul (JGAI0405)
2733082304	менше 3 характеристик	4644008	Тестери і вимірники автомобільні	1	1	Бренд	Набір індикаторів Noid і тестерів IAC для EFI 11 од. перевірка імпульсу форсунок і сигналу РХХ Toptul (JGAI1103)
2733082309	менше 3 характеристик	298224	Набори інструментів	1	1	Бренд	Набір знімачів шківа розпочила VAG 5 од. VW/Audi/Skoda/SEAT для 5/6-променевих шківів Toptul (JGAI0505)
2733082312	менше 3 характеристик	154981	Фарбопульти	1	1	Бренд	Запчастина до NDAA0165 Spray Nozzle Set Toptul (NLAA0030)
2733806932	менше 3 характеристик	4670641	Зварювальні апарати	1	1	Бренд	Насадка для WCIH-3.5KW G.I.Kraft (COIL-3.5WH)
2733806933	менше 3 характеристик	4643976	Автосканери	1	1	Бренд	Модуль настроювання системи контролю тиску в шинах TPMS Launch (i-TPMS)
2733806936	менше 3 характеристик	155293	Пускозарядні пристрої	2	2	Бренд | Тип	Цифровий інтелектуальний зарядний пристрій Launch (ELA400)
2733806937	менше 3 характеристик	4670641	Зварювальні апарати	1	1	Бренд	Набір насадок 8 шт. для IND-1100W-RMH G.I.Kraft (CS-1.1WH)
2733806940	менше 3 характеристик	4649526	Паяльники для пластикових труб	2	2	Бренд | Напруга живлення	Комплект для ремонту пластику 100W G.I.Kraft (CBRM100DC)
2733806941	менше 3 характеристик	4649526	Паяльники для пластикових труб	2	2	Бренд | Напруга живлення	Комплект для ремонту пластику 70W G.I.Kraft (CBRM70AC)
2735753465	менше 3 характеристик	4643976	Автосканери	1	1	Бренд	RF-датчик тиску в шинах TPMS 433/315 МГц програмований універсальний алюм. вентиль SILVER Launch (LTR-05)
2736946117	менше 3 характеристик	4670641	Зварювальні апарати	1	1	Бренд	Насадка для WCIH-15.0KW G.I.Kraft (COIL-15WH)
2773230804	менше 3 характеристик	4674187	Пневмопістолети для накачки шин	2	2	Бренд | Діаметр вхідного штуцера	Пістолет для підкачування коліс із цифровим манометром PROFESSIONAL Airkraft (SDG-86006)
2773556389	менше 3 характеристик	4668961	Інструмент для змащувальних матеріалів	2	2	Бренд | Об'єм	Шприц-маслянка з гнучким шлангом 400 мл STANDART Стандарт (GG400LM)
2776031162	менше 3 характеристик	155293	Пускозарядні пристрої	1	1	Бренд	Пристрій для діагностики зарядки/разрядки АКБ електромобіля Launch (EVP711)
2825882941	менше 3 характеристик	154981	Фарбопульти	1	2	Бренд | Тип	Ремонтний комплект для фарбопультів LION-2-LIGHT Auarita (RK-LION-2-LIGHT)
2825882947	менше 3 характеристик	154981	Фарбопульти	1	2	Бренд | Тип	Ремонтний комплект для фарбопультів LION-D Auarita (RK-LION-D)
2825882963	менше 3 характеристик	154981	Фарбопульти	1	2	Бренд | Тип	Ремонтний комплект для фарбопультів LION-B-LIGHT Auarita (RK-LION-B-LIGHT)
2825882964	менше 3 характеристик	154981	Фарбопульти	1	2	Бренд | Тип	Ремонтний комплект для фарбопультів SHINE-2 Italco (RK-SHINE-2)
2825882968	менше 3 характеристик	154981	Фарбопульти	1	2	Бренд | Тип	Ремонтний комплект для фарбопультів LION-2 Auarita (RK-LION-2)
2859599439	менше 3 характеристик	4643984	Рухомі платформи	1	1	Бренд	Силіконова захисна накладка на поворотне коло 1шт. Hunter (69-1142-2)
2859766312	менше 3 характеристик	4643984	Рухомі платформи	2	2	Бренд | Фіксатор гальмівної педалі	Фіксатор педалі гальма Hunter (WA15-S)
2863035618	менше 3 характеристик	4668955	Знімачі	1	1	Бренд	Подушка віджимна 200x150мм 2.5-65мм макс.зусилля 100кг Toptul (JJBK0150)
2863035620	менше 3 характеристик	4668955	Знімачі	1	1	Бренд	Знімач зубчастого шківа дизельного паливного насоса VAG VW/Audi/Skoda/SEAT 1.4/1.6/2.0 TDI Toptul (JDGD2415)
2863035625	менше 3 характеристик	4668961	Інструмент для змащувальних матеріалів	2	2	Бренд | Тип приводу бочкового насоса	Насос ручний для перекачування рідин груша Toptul (JDCZ0101)
2863035638	менше 3 характеристик	4668913	Тріскачні ключі	2	2	Бренд | Тип інструмента	Ремкомплект до тріскачок CJCK0819 CJEK0819 Toptul (CLBB0808)
2863035639	менше 3 характеристик	4668913	Тріскачні ключі	2	2	Бренд | Тип інструмента	Ремкомплект до тріскачок CJHM1228 Toptul (CLBC121201)
2863320569	менше 3 характеристик	4644008	Тестери і вимірники автомобільні	1	1	Бренд	Набір для перевірки зворотного потоку палива дизельних форсунок Common Rail Toptul (JGAI2501)
2863836421	менше 3 характеристик	4643984	Рухомі платформи	1	1	Бренд	Рівень для встановлення рульового колеса KPSE ХЗСО (SWLEVEL)
2863896222	менше 3 характеристик	4643976	Автосканери	1	1	Бренд	Перехідник Tesla SRS Airbag для діагностики подушок безпеки до автосканера 105040593 Launch (SP-105040593)
2864606357	менше 3 характеристик	4643984	Рухомі платформи	2	2	Бренд | Поворотні кола	Кола поворотні 50мм і містки прокатування 2 шт. Hunter (20-1849-1)
2864657731	менше 3 характеристик	4673713	Пристрої підготовки та очищення повітря	1	1	Бренд	Регулятор тиску повітря для пневмоінструмента латунний 1/4 Airkraft (SP002)
2864659030	менше 3 характеристик	4643984	Рухомі платформи	2	2	Бренд | Фіксатор керма	Фіксатор керма Hunter (28-75-1)
2864659055	менше 3 характеристик	4673713	Пристрої підготовки та очищення повітря	1	1	Бренд	Регулятор тиску повітря для пневмоінструмента 1/4 Airkraft (SP026)
2910692931	менше 3 характеристик	4674187	Пневмопістолети для накачки шин	2	2	Бренд | Тип	Насадка для підкачування шин зовнішня різьба 8 мм латунна з кліпсовим затискачем і клапаном стравлювання повітря Airkraft (ATC-16)
2910693481	менше 3 характеристик	4673713	Пристрої підготовки та очищення повітря	1	1	Бренд	Блок підготовки повітря 3 ступені PROFI 1/4" Airkraft (AFRLL802)
2910693482	менше 3 характеристик	4673713	Пристрої підготовки та очищення повітря	1	1	Бренд	Блок підготовки повітря 3 ступені PROFI 1/2" Airkraft (AFRLL804)
2910693483	менше 3 характеристик	4673713	Пристрої підготовки та очищення повітря	2	2	Бренд | Вид запчастини	Фільтр очищення повітря PROFI 1/4" Airkraft (AF802)
2910693487	менше 3 характеристик	4673713	Пристрої підготовки та очищення повітря	1	1	Бренд	Блок підготовки повітря PROFI 1/4" Airkraft (AFRL802)
2910694447	менше 3 характеристик	4673713	Пристрої підготовки та очищення повітря	1	1	Бренд	Фільтр очищення повітря з редуктором PROFI 1/4" Airkraft (AFR802)
2956685683	менше 3 характеристик	4650255	Запчастини для компресорів	1	1	Бренд	Повітряний фільтр для безмасляних компресорів Auarita (AF-2-900-1450)
2956685685	менше 3 характеристик	4644032	Установки для АКПП	2	2	Ємність бака | Бренд	Установка для обслуговування АКПП Launch (ATF601PLUS)
3020772067	менше 3 характеристик	4644008	Тестери і вимірники автомобільні	2	2	Бренд | Гнучка трубка	Механічний діагностичний стетоскоп G.I.Kraft (GI-15-0001)
3020772068	менше 3 характеристик	298224	Набори інструментів	1	1	Бренд	Набір фіксаторів розподільчого валу ГРМ дизельного двигуна VAG 1.2 1.4 1.6 1.9 2.0 TDI PD G.I.Kraft (GI-01-0001)
3020772069	менше 3 характеристик	4668955	Знімачі	1	1	Бренд	Набір для зняття та встановлення шківів G.I.Kraft (GI-02-0007)
3020772070	менше 3 характеристик	298224	Набори інструментів	1	1	Бренд	Набір фіксаторів розподільчого валу ГРМ для двигунів Ford EcoBoost 1.0 G.I.Kraft (GI-01-0005)
3020772071	менше 3 характеристик	4644008	Тестери і вимірники автомобільні	1	1	Бренд	Набір для перевірки герметичності детектор системи наддуву турбокомпресора G.I.Kraft (GI-04-0002)
3020772073	менше 3 характеристик	298224	Набори інструментів	1	1	Бренд	Набір фіксаторів розподільчого валу ГРМ для турбованого двигуна Ford 1.0 G.I.Kraft (GI-01-0004)
3020772074	менше 3 характеристик	4668955	Знімачі	1	1	Бренд	Знімач сальників G.I.Kraft (GI-09-0003)
3020772075	менше 3 характеристик	4668955	Знімачі	1	1	Бренд	Набір для випресовування підшипників втулок G.I.Kraft (GI-09-0006)
3020772079	менше 3 характеристик	4668955	Знімачі	1	1	Бренд	Розсухарювач клапанів універсальний G.I.Kraft (GI-02-0002)
3020772080	менше 3 характеристик	4668955	Знімачі	1	1	Бренд	Розсухарювач клапанів універсальний G.I.Kraft (GI-02-0004)
3020772081	менше 3 характеристик	4660209	Круглогубці	2	2	Бренд | Призначення	Набір кліщів для стопорних кілець та хомутів G.I.Kraft (GI-14-0001)
3020772082	менше 3 характеристик	4668955	Знімачі	1	1	Бренд	Розсухарювач клапанів струбцинного типу універсальний G.I.Kraft (GI-02-0005)
3020772083	менше 3 характеристик	4668955	Знімачі	1	1	Бренд	Розсухарювач клапанів верхнього розташування G.I.Kraft (GI-02-0006)
3020772084	менше 3 характеристик	4668955	Знімачі	1	1	Бренд	Набір для зняття підшипників передніх ступиць G.I.Kraft (GI-09-0007)
3020772085	менше 3 характеристик	4668955	Знімачі	1	1	Бренд	Набір для заміни шківа колінчастого вала Ford EcoBoost 1.0 1.1 G.I.Kraft (GI-02-0001)
3020772086	менше 3 характеристик	298224	Набори інструментів	1	1	Бренд	Набір фіксаторів розподільчого валу ГРМ для дизельних двигунів VAG 1.6 2.0 TDI CR G.I.Kraft (GI-01-0003)
3020772087	менше 3 характеристик	4668955	Знімачі	1	1	Бренд	Набір для зняття дизельних форсунок Common Rail MB CDI 611.612.613 G.I.Kraft (GI-03-0003)
3020772089	менше 3 характеристик	4668955	Знімачі	1	1	Бренд	Набір для зняття форсунок пневматичний універсальний G.I.Kraft (GI-03-0002)
3020772090	менше 3 характеристик	4668955	Знімачі	1	1	Бренд	Набір для зняття паливних форсунок пневматичний G.I.Kraft (GI-03-0001)
3020772091	менше 3 характеристик	298224	Набори інструментів	1	1	Бренд	Набір оправок для запресовування сальників підшипників та сайлентблоків G.I.Kraft (GI-09-0005)
3020772092	менше 3 характеристик	4668955	Знімачі	1	1	Бренд	Набір оправок для встановлення підшипників і сальників G.I.Kraft (GI-09-0004)
3020772093	менше 3 характеристик	4668955	Знімачі	1	1	Бренд	Комплект для заміни кульових шарнірів G.I.Kraft (GI-08-0004)
3020772095	менше 3 характеристик	4668955	Знімачі	2	2	Бренд | Тип приводу	Набір для зняття кульових опор гідравлічний зі змінними насадками G.I.Kraft (GI-08-0001)
3020772096	менше 3 характеристик	4668955	Знімачі	1	1	Бренд	Пристрій для заміни захисних чохлів пильовиків ШРУСа пневматичний G.I.Kraft (GI-08-0003)
3083514940	менше 3 характеристик	4668955	Знімачі	1	1	Бренд	Універсальний набір для зняття та встановлення втулок G.I.Kraft (GI-09-0002)
3083514941	менше 3 характеристик	4668955	Знімачі	1	1	Бренд	Універсальний набір для зняття та встановлення втулок G.I.Kraft (GI-09-0001)
3083514969	менше 3 характеристик	4659624	Компресорні оливи	2	2	Бренд | Вид масла	Масло для вакуумного насоса заправки автомобільного кондиціонеру 1л Airkraft (VPO-AIRKRAFT)
