article,name,вердикт,замінити_на_фото,посилання,перевірено_фото,усього_фото,що_на_першому_фото
EL10101,Боді Passion ADARA L/XL Чорний (EL10101),немає придатного фото,,,2,2,жіноча чорна мереживна білизна
EL10102,Боді Passion ADARA S/M Чорний (EL10102),немає придатного фото,,,2,2,жіноча чорна мереживна білизна
EL10103,Боді Passion ADARA XXL/XXXL Чорний (EL10103),немає придатного фото,,,2,2,жіноча еротична білизна
EL10104,Боді Passion ADARA L/XL Червоний (EL10104),немає придатного фото,,,3,3,жінка в червоній мереживній білизні
EL10105,Боді Passion ADARA S/M Червоний (EL10105),немає придатного фото,,,3,3,жіноча червона мереживна білизна
EL10106,Боді Passion ADARA XXL/XXXL Червоний (EL10106),немає придатного фото,,,3,3,жіноча червона білизна
EL11001,Боді Passion CHARMING L/XL Чорний (EL11001),немає придатного фото,,,3,3,жіноче чорне боді
EL11002,Боді Passion CHARMING S/M Чорний (EL11002),немає придатного фото,,,3,3,жіноче чорне боді
EL11003,Боді Passion CHARMING XXL/XXXL Чорний (EL11003),немає придатного фото,,,3,3,жіноче чорне боді
EL11201,Комплект Passion COCTAIL L/XL Червоний (EL11201),немає придатного фото,,,2,2,жіноча білизна
EL11202,Комплект Passion COCTAIL S/M Червоний (EL11202),перше фото придатне,,,1,2,жіноча білизна
EL11203,Комплект Passion COCTAIL XXL/XXXL Червоний (EL11203),немає придатного фото,,,2,2,жіноча білизна
EL11401,Комплект Passion EXPRESSION L/XL Чорний (EL11401),немає придатного фото,,,3,3,жіноча білизна
EL11402,Комплект Passion EXPRESSION S/M Чорний (EL11402),перше фото придатне,,,1,3,жіноча білизна з сітки та екошкіри
EL11403,Комплект Passion EXPRESSION XXL/XXXL Чорний (EL11403),немає придатного фото,,,3,3,жіноча білизна з сітки та шкірозамінника
EL11701,Комплект Passion IMAGINE OpenBra L/XL Чорний (EL11701),немає придатного фото,,,5,5,жіноча чорна білизна
EL11702,Комплект Passion IMAGINE OpenBra S/M Чорний (EL11702),немає придатного фото,,,5,5,жіноча чорна білизна
EL11703,Комплект Passion IMAGINE OpenBra XXL/XXXL Чорний (EL11703),немає придатного фото,,,5,5,жіноча чорна білизна
EL13201,Комплект Passion OFELIA OpenBra L/XL Білий (EL13201),немає придатного фото,,,3,3,жіноча білизна з панчохами
EL13202,Комплект Passion OFELIA OpenBra S/M Білий (EL13202),немає придатного фото,,,3,3,жінка в білій мереживній білизні з панчохами
EL13203,Комплект Passion OFELIA OpenBra XXL/XXXL Білий (EL13203),немає придатного фото,,,3,3,жіноча білизна
EL13401,Комплект Passion RAMONA L/XL Чорний (EL13401),перше фото придатне,,,1,5,жіноча чорна білизна з поясом для панчіх
EL13402,Комплект Passion RAMONA S/M Чорний (EL13402),перше фото придатне,,,1,5,жіноча чорна білизна з поясом для панчіх
EL13403,Комплект Passion RAMONA XXL/XXXL Чорний (EL13403),перше фото придатне,,,1,5,жіноча чорна білизна з поясом для панчіх
EL13901,Комплект Passion ULLA L/XL Чорний (EL13901),немає придатного фото,,,5,5,жіноча чорна білизна з поясом для панчіх
EL13902,Комплект Passion ULLA S/M Чорний (EL13902),немає придатного фото,,,5,5,жіноча білизна
EL13903,Комплект Passion ULLA XXL/XXXL Чорний (EL13903),немає придатного фото,,,5,5,жіноча чорна білизна з панчохами та поясом
EL14501,Корсет Passion HELLEN CORSET S/M Чорний (EL14501),перше фото придатне,,,1,3,жіноча чорна білизна
EL14701,Комплект Passion AMORE Чорний (EL14701),замінити першим фото №2,2,https://sexopt.com.ua/content/images/38/el14701-76595554510052.jpg,3,5,жіноча еротична білизна
EL15401,Боді Passion JUSTINA L/XL Чорний (EL15401),замінити першим фото №2,2,https://sexopt.com.ua/content/images/9/el15401-86367048042841.jpg,3,5,жіноча чорна білизна
EL15402,Боді Passion JUSTINA S/M Чорний (EL15402),замінити першим фото №2,2,https://sexopt.com.ua/content/images/10/el15402-90380025339616.jpg,3,5,жіноча еротична білизна
EL15403,Боді Passion JUSTINA XXL/XXXL Чорний (EL15403),замінити першим фото №2,2,https://sexopt.com.ua/content/images/11/el15403-65764814472386.jpg,3,5,жіноча еротична білизна
EL15804,Комплект Passion PAULINE L/XL Чорний (EL15804),замінити першим фото №4,4,https://sexopt.com.ua/content/images/27/el15804-56208022732791.jpg,5,7,жіноча чорна білизна з панчохами та цензурною зірочкою
EL15805,Комплект Passion PAULINE S/M Чорний (EL15805),замінити першим фото №4,4,https://sexopt.com.ua/content/images/28/el15805-50734715346508.jpg,5,7,жіноча чорна білизна з панчохами
EL15806,Комплект Passion PAULINE XXL/XXXL Чорний (EL15806),замінити першим фото №4,4,https://sexopt.com.ua/content/images/29/el15806-97999466725826.jpg,5,7,жіноча чорна білизна з панчохами
EL16004,Трусики Passion MT005 Білий (EL16004),перше фото придатне,,,1,2,жінка у білих трусиках та з білим боа
EL16014,Трусики Passion MT013 Чорний (EL16014),перше фото придатне,,,1,2,жіночі чорні стрінги
EL16015,Трусики Passion MT013 Білий (EL16015),перше фото придатне,,,1,2,жіноча білизна та біле боа з пір'я
EL16020,Трусики Passion MT001 Чорний (EL16020),перше фото придатне,,,1,2,жіночі трусики-стрінги
EL16021,Трусики Passion MT002 Чорний (EL16021),перше фото придатне,,,1,4,жіночі прозорі трусики з чорною вставкою
EL16024,Трусики Passion MT003 Білий (EL16024),перше фото придатне,,,1,2,жінка у білих трусиках та з пір'ям
EL16028,Трусики Passion MT015 Чорний (EL16028),замінити першим фото №2,2,https://sexopt.com.ua/content/images/13/el16028-56429030075419.jpg,3,4,жіночі чорні трусики-стрінги
PBS064R,Боді Passion BS064 One Size Червоний (PBS064R),немає придатного фото,,,3,3,жінка в червоному ажурному боді
PBS064W,Боді Passion BS064 One Size Білий (PBS064W),перше фото придатне,,,1,3,жіноче біле боді
PS1067,Корсет Passion BES CORSET 4XL/5XL Чорний (PS1067),перше фото придатне,,,1,2,жіночий чорний латексний корсет з шнурівкою спереду та панчохами в сітку
PS1079,Корсет Passion BES CORSET 6XL/7XL Чорний (PS1079),перше фото придатне,,,1,2,жіночий чорний латексний корсет з шнурівкою спереду та панчохи
PS21901,Боді Passion Exclusive ATHENA L/XL Чорний (PS21901),немає придатного фото,,,2,2,жіноча еротична білизна
PS21902,Боді Passion Exclusive ATHENA S/M Чорний (PS21902),немає придатного фото,,,2,2,жіноча еротична білизна
PS21903,Боді Passion Exclusive ATHENA XXL/XXXL Чорний (PS21903),немає придатного фото,,,2,2,жіноча еротична білизна
PS21904,Боді Passion Exclusive ATHENA L/XL Білий (PS21904),перше фото придатне,,,1,2,жіноча біла білизна
PS21905,Боді Passion Exclusive ATHENA S/M Білий (PS21905),перше фото придатне,,,1,2,жіноча біла білизна
PS21906,Боді Passion Exclusive ATHENA XXL/XXXL Білий (PS21906),перше фото придатне,,,1,2,жіноча біла білизна
PS22722,Комплект Passion Exclusive BRIDA OpenBra L/XL Чорний (PS22722),немає придатного фото,,,4,4,жіноча чорна білизна з поясом для панчіх
PS22723,Комплект Passion Exclusive BRIDA OpenBra S/M Чорний (PS22723),немає придатного фото,,,4,4,жіноча еротична білизна
PS22724,Комплект Passion Exclusive BRIDA OpenBra 2XL/3XL Чорний (PS22724),немає придатного фото,,,4,4,жіноча еротична білизна
PS23646,Панчохи Passion ST002 Чорний (PS23646),замінити першим фото №1,1,https://sexopt.com.ua/content/images/37/ps23646-77992673944678.jpg,2,2,чорні панчохи на ногах
PS23801,Комплект Passion Exclusive MAGALI OpenBra L/XL Червоний (PS23801),замінити першим фото №2,2,https://sexopt.com.ua/content/images/9/ps23801-51831678954933.jpg,3,6,жіноча еротична білизна червоного кольору з ремінцями
PS23901,Комплект Passion Exclusive MORGAN OpenBra L/XL Чорний (PS23901),замінити першим фото №2,2,https://sexopt.com.ua/content/images/12/ps23901-36463833201908.jpg,3,7,жінка в чорному комплекті еротичної білизни з ремінців
PS23903,Комплект Passion Exclusive MORGAN OpenBra XXL/XXXL Чорний (PS23903),замінити першим фото №2,2,https://sexopt.com.ua/content/images/14/ps23903-48715302861310.jpg,3,7,жінка в чорному еротичному комплекті з ремінців із цензурними зірочками
PS24001,Боді Passion Exclusive NORTH L/XL Чорний (PS24001),замінити першим фото №2,2,https://sexopt.com.ua/content/images/15/ps24001-79582369119338.jpg,3,5,жіноче чорне еротичне боді
PS24002,Боді Passion Exclusive NORTH S/M Чорний (PS24002),замінити першим фото №2,2,https://sexopt.com.ua/content/images/16/ps24002-94371511876601.jpg,3,5,жіноче чорне еротичне боді
PS24003,Боді Passion Exclusive NORTH XXL/XXXL Чорний (PS24003),замінити першим фото №2,2,https://sexopt.com.ua/content/images/17/ps24003-61392214207338.jpg,3,5,жіноче сексуальне боді з відкритим бюстом
PS24004,Корсет Passion Exclusive NORTH CORSET L/XL Чорний (PS24004),замінити першим фото №4,4,https://sexopt.com.ua/content/images/18/ps24004-65071042645848.jpg,5,7,"жіноча еротична білизна, корсет з панчохами"
PS24005,Корсет Passion Exclusive NORTH CORSET S/M Чорний (PS24005),замінити першим фото №4,4,https://sexopt.com.ua/content/images/19/ps24005-99093338861194.jpg,5,7,жінка в чорному корсеті
PS24006,Корсет Passion Exclusive NORTH CORSET XXL/XXXL Чорний (PS24006),замінити першим фото №4,4,https://sexopt.com.ua/content/images/20/ps24006-18787344725294.jpg,5,7,"жіноча еротична білизна, чорний корсет з панчохами"
PS24301,Трусики Passion Exclusive VIOLANTE THONG L/XL Чорний (PS24301),замінити першим фото №4,4,https://sexopt.com.ua/content/images/35/ps24301-13806169262161.jpg,5,6,жіночі мереживні трусики
PS24302,Трусики Passion Exclusive VIOLANTE THONG S/M Чорний (PS24302),замінити першим фото №4,4,https://sexopt.com.ua/content/images/36/ps24302-58722127205087.jpg,5,6,жіночі чорні мереживні трусики
PS24303,Трусики Passion Exclusive VIOLANTE THONG XXL/XXXL Чорний (PS24303),замінити першим фото №4,4,https://sexopt.com.ua/content/images/37/ps24303-20466519862225.jpg,5,6,жіночі чорні трусики з мереживом на моделі
PS24502,Колготки Passion TIOPEN 1/2 Чорний (PS24502),замінити першим фото №4,4,https://sexopt.com.ua/content/images/21/ps24502-94895465266158.jpg,5,7,жіночі чорні колготки з вирізами
PS24503,Колготки Passion TIOPEN 3/4 Чорний (PS24503),замінити першим фото №4,4,https://sexopt.com.ua/content/images/22/ps24503-94743444846116.jpg,5,7,жіночі чорні колготки з вирізами
PS24504,Колготки Passion TIOPEN 1/2 Чорний (PS24504),замінити першим фото №5,5,https://sexopt.com.ua/content/images/23/ps24504-65761163788068.jpg,6,7,жіночі колготки з імітацією панчіх і пояса
PS24505,Колготки Passion TIOPEN 3/4 Чорний (PS24505),замінити першим фото №5,5,https://sexopt.com.ua/content/images/24/ps24505-46860974942121.jpg,6,7,жіночі колготки з імітацією панчіх і пояса
PS24506,Колготки Passion TIOPEN 1/2 Чорний (PS24506),замінити першим фото №2,2,https://sexopt.com.ua/content/images/25/ps24506-97031502161247.jpg,3,7,жіночі чорні колготки-сітка з імітацією пояса для панчіх
PS24507,Колготки Passion TIOPEN 3/4 Чорний (PS24507),замінити першим фото №2,2,https://sexopt.com.ua/content/images/26/ps24507-13953532231367.jpg,3,7,чорні колготки в сітку з імітацією пояса для панчіх
PS24508,Колготки Passion TIOPEN 1/2 Чорний (PS24508),перше фото придатне,,,1,7,жіночі чорні колготки з імітацією трусиків
PS24510,Колготки Passion TIOPEN 1/2 (PS24510),перше фото придатне,,,1,4,жіночі червоні колготки з імітацією пояса та панчіх
PS24511,Колготки Passion TIOPEN 3/4 (PS24511),перше фото придатне,,,1,4,червоні колготки на модель
PS24512,Колготки Passion TIOPEN 1/2 Бежевий (PS24512),немає придатного фото,,,4,4,жіночі колготки з вирізом
PS24513,Колготки Passion TIOPEN 3/4 Бежевий (PS24513),немає придатного фото,,,4,4,жіночі колготки з вирізом тілесного кольору
PS24514,Колготки Passion TIOPEN 1/2 Білий (PS24514),замінити першим фото №2,2,https://sexopt.com.ua/content/images/25/ps24514-58452805300003.jpg,3,4,білі колготки з вирізом
PS24515,Колготки Passion TIOPEN 3/4 Білий (PS24515),немає придатного фото,,,4,4,білі колготки з вирізом
PS24516,Колготки Passion TIOPEN 1/2 Чорний (PS24516),замінити першим фото №4,4,https://sexopt.com.ua/content/images/27/ps24516-21136996737013.jpg,5,7,чорні колготки з вирізом на модель
PS24517,Колготки Passion TIOPEN 3/4 Чорний (PS24517),замінити першим фото №4,4,https://sexopt.com.ua/content/images/28/ps24517-62646057571440.jpg,5,7,жіночі чорні колготки з вирізом
PS24518,Колготки Passion TIOPEN 1/2 Червоний (PS24518),перше фото придатне,,,1,4,червоні колготки з вирізом
PS24519,Колготки Passion TIOPEN 3/4 Червоний (PS24519),перше фото придатне,,,1,4,червоні колготки з вирізом
PS24520,Колготки Passion TIOPEN 3/4 Чорний (PS24520),замінити першим фото №2,2,https://sexopt.com.ua/content/images/50/ps24520-84514424365245.jpg,3,7,чорні панчохи з вирізом
PS24521,Колготки Passion TIOPEN 1/2 Чорний (PS24521),замінити першим фото №2,2,https://sexopt.com.ua/content/images/33/ps24521-87875327181944.jpg,3,7,чорні колготки з вирізом
PS24701,Боді Passion Exclusive HAGAR L/XL Чорний (PS24701),замінити першим фото №4,4,https://sexopt.com.ua/content/images/4/ps24701-58826142268772.jpg,5,7,жіноче чорне боді з сітки та ремінцями
PS24702,Боді Passion Exclusive HAGAR S/M Чорний (PS24702),замінити першим фото №4,4,https://sexopt.com.ua/content/images/5/ps24702-63804315691145.jpg,5,7,жіноче чорне еротичне боді
PS24703,Боді Passion Exclusive HAGAR XXL/XXXL Чорний (PS24703),замінити першим фото №4,4,https://sexopt.com.ua/content/images/6/ps24703-24674216380453.jpg,5,7,жіноче чорне боді з сітки
PS24706,Комплект Passion Exclusive HAGAR XXL/XXXL Чорний (PS24706),замінити першим фото №2,2,https://sexopt.com.ua/content/images/9/ps24706-63219366376222.jpg,3,7,жіноча чорна білизна з ремінцями
PS25001,Комплект Passion Exclusive SARIA OpenBra L/XL Чорний (PS25001),замінити першим фото №4,4,https://sexopt.com.ua/content/images/16/ps25001-44352504648207.jpg,5,7,жінка в чорній відвертій білизні з панчохами
PS25002,Комплект Passion Exclusive SARIA OpenBra S/M Чорний (PS25002),замінити першим фото №4,4,https://sexopt.com.ua/content/images/17/ps25002-32858116788745.jpg,5,7,жінка в чорній білизні з еротичним дизайном та цензурними зірочками
PS25003,Комплект Passion Exclusive SARIA OpenBra XXL/XXXL Чорний (PS25003),замінити першим фото №4,4,https://sexopt.com.ua/content/images/18/ps25003-50887025130724.jpg,5,7,жінка в чорній відвертій білизні з панчохами
PS25104,Комплект Passion Exclusive VALERY OpenBra L/XL Чорний (PS25104),замінити першим фото №4,4,https://sexopt.com.ua/content/images/22/ps25104-77207970698454.jpg,5,7,жіноча білизна
PS25105,Комплект Passion Exclusive VALERY OpenBra S/M Чорний (PS25105),замінити першим фото №4,4,https://sexopt.com.ua/content/images/23/ps25105-50402663346762.jpg,5,7,жіноча білизна
PS25106,Комплект Passion Exclusive VALERY OpenBra XXL/XXXL Чорний (PS25106),замінити першим фото №4,4,https://sexopt.com.ua/content/images/24/ps25106-83659577440606.jpg,5,7,жіноча білизна
PS25301,Трусики Passion Exclusive ABLA THONG L/XL Чорний (PS25301),замінити першим фото №4,4,https://sexopt.com.ua/content/images/39/ps25301-81527096519349.jpg,5,6,жіночі чорні мереживні трусики
PS25302,Трусики Passion Exclusive ABLA THONG S/M Чорний (PS25302),замінити першим фото №4,4,https://sexopt.com.ua/content/images/40/ps25302-92782918657805.jpg,5,6,жіночі чорні трусики
PS25401,Комплект Passion Exclusive ARIN L/XL Чорний (PS25401),немає придатного фото,,,5,5,жіноча білизна з сітки
PS25402,Комплект Passion Exclusive ARIN S/M Чорний (PS25402),немає придатного фото,,,5,5,жіноча білизна
PS25403,Комплект Passion Exclusive ARIN XXL/XXXL Чорний (PS25403),немає придатного фото,,,5,5,жіноча білизна з сітки
PS25507,Комплект Passion Exclusive CHERRY OpenBra L/XL Червоний (PS25507),замінити першим фото №4,4,https://sexopt.com.ua/content/images/1/ps25507-13160277927855.jpg,5,7,жіноча білизна
PS25508,Комплект Passion Exclusive CHERRY OpenBra S/M Червоний (PS25508),замінити першим фото №4,4,https://sexopt.com.ua/content/images/2/ps25508-38496568693628.jpg,5,7,жіноча білизна
PS25509,Комплект Passion Exclusive CHERRY OpenBra XXL/XXXL Червоний (PS25509),замінити першим фото №4,4,https://sexopt.com.ua/content/images/3/ps25509-11268801765558.jpg,5,7,жіноча білизна
PS25801,Боді Passion DIABOLINA L/XL Чорний (PS25801),замінити першим фото №2,2,https://sexopt.com.ua/content/images/10/ps25801-97569733890276.jpg,3,5,жінка в чорній відвертій білизні
PS25802,Боді Passion DIABOLINA S/M Чорний (PS25802),замінити першим фото №2,2,https://sexopt.com.ua/content/images/11/ps25802-82988415097584.jpg,3,5,жіноча чорна білизна з відкритими чашками та ремінцями
PS25803,Боді Passion DIABOLINA XXL/XXXL Чорний (PS25803),замінити першим фото №2,2,https://sexopt.com.ua/content/images/12/ps25803-50218224775593.jpg,3,5,жіноча еротична білизна
PS25804,Корсет Passion DIABOLINA CORSET L/XL Чорний (PS25804),замінити першим фото №2,2,https://sexopt.com.ua/content/images/13/ps25804-88210359578935.jpg,3,5,жіноча чорна білизна з панчохами
PS25805,Корсет Passion DIABOLINA CORSET S/M Чорний (PS25805),замінити першим фото №2,2,https://sexopt.com.ua/content/images/14/ps25805-43891114951317.jpg,3,5,жіноча еротична білизна
PS25806,Корсет Passion DIABOLINA CORSET XXL/XXXL Чорний (PS25806),замінити першим фото №2,2,https://sexopt.com.ua/content/images/15/ps25806-51743727559754.jpg,3,5,жіноча еротична білизна
PS25901,Трусики Passion Exclusive DONIA THONG L/XL Чорний (PS25901),замінити першим фото №4,4,https://sexopt.com.ua/content/images/19/ps25901-58071942978855.jpg,5,6,жіночі чорні трусики з мереживом та рюшами
PS25902,Трусики Passion Exclusive DONIA THONG S/M Чорний (PS25902),замінити першим фото №4,4,https://sexopt.com.ua/content/images/20/ps25902-33959683906752.jpg,5,6,жіночі трусики
PS25903,Трусики Passion Exclusive DONIA THONG XXL/XXXL Чорний (PS25903),замінити першим фото №4,4,https://sexopt.com.ua/content/images/21/ps25903-27265449663590.jpg,5,6,жіночі трусики
PS26201,Комплект Passion Exclusive INDRA OpenBra L/XL Чорний (PS26201),замінити першим фото №4,4,https://sexopt.com.ua/content/images/37/ps26201-40744825761074.jpg,5,7,жіноча еротична білизна з бахромою
PS26202,Комплект Passion Exclusive INDRA OpenBra S/M Чорний (PS26202),замінити першим фото №4,4,https://sexopt.com.ua/content/images/38/ps26202-74500950182616.jpg,5,7,жіноча еротична білизна з бахромою
PS26203,Комплект Passion Exclusive INDRA OpenBra XXL/XXXL Чорний (PS26203),замінити першим фото №4,4,https://sexopt.com.ua/content/images/39/ps26203-88243003010567.jpg,5,7,жіноча еротична білизна з бахромою
PS26301,Комплект Passion Exclusive KASSANDRA OpenBra L/XL Чорний (PS26301),замінити першим фото №4,4,https://sexopt.com.ua/content/images/40/ps26301-62371296908367.jpg,5,7,жіноча білизна з бахромою
PS26302,Комплект Passion Exclusive KASSANDRA OpenBra S/M Чорний (PS26302),замінити першим фото №4,4,https://sexopt.com.ua/content/images/41/ps26302-55156184358720.jpg,5,7,жіноча білизна з бахромою
PS26303,Комплект Passion Exclusive KASSANDRA OpenBra 2XL/3XL Чорний (PS26303),замінити першим фото №4,4,https://sexopt.com.ua/content/images/42/ps26303-30991905677129.jpg,5,7,жіноча еротична білизна з бахромою
PS26405,Боді Passion Exclusive Mirajane S/M Чорний (PS26405),замінити першим фото №4,4,https://sexopt.com.ua/content/images/29/ps26405-68802221141851.jpg,5,7,жіноче чорне еротичне боді
PS26406,Боді Passion Exclusive Mirajane XXL/XXXL Чорний (PS26406),замінити першим фото №4,4,https://sexopt.com.ua/content/images/30/ps26406-81841612367905.jpg,5,7,жіноче еротичне боді
PS26701,Трусики Passion Exclusive WARDA THONG L/XL Червоний (PS26701),замінити першим фото №4,4,https://sexopt.com.ua/content/images/47/ps26701-52631438448454.jpg,5,6,жіночі червоні трусики
PS26801,Бюстгальтер Passion Exclusive ARMANDA L/XL Чорний (PS26801),замінити першим фото №4,4,https://sexopt.com.ua/content/images/40/ps26801-83178935303511.jpg,5,5,жіноча еротична білизна
PS26802,Бюстгальтер Passion Exclusive ARMANDA S/M Чорний (PS26802),замінити першим фото №4,4,https://sexopt.com.ua/content/images/41/ps26802-37493850979131.jpg,5,5,жіноча еротична білизна з ремінцями
PS26803,Бюстгальтер Passion Exclusive ARMANDA XXL/XXXL Чорний (PS26803),перше фото придатне,,,1,5,чорний портупея-комплект
PS26805,Трусики Passion Exclusive ARMANDA THONG S/M Чорний (PS26805),замінити першим фото №4,4,https://sexopt.com.ua/content/images/44/ps26805-70077920881626.jpg,5,5,жіноча еротична білизна з ремінцями
PS27301,Боді Passion Exclusive IVENA L/XL Чорний (PS27301),замінити першим фото №4,4,https://sexopt.com.ua/content/images/1/ps27301-83311488062390.jpg,5,6,жінка в чорному портупейному боді з цензурою
PS27302,Боді Passion Exclusive IVENA S/M Чорний (PS27302),замінити першим фото №4,4,https://sexopt.com.ua/content/images/2/ps27302-75953774983699.jpg,5,6,жінка в чорному портупейному боді з цензурою
PS27403,Боді Passion Exclusive JADE XXL/XXXL Чорний (PS27403),замінити першим фото №2,2,https://sexopt.com.ua/content/images/27/ps27403-72651772792556.jpg,3,5,жіноче чорне мереживне боді
PS27501,Бюстгальтер Passion Exclusive KELIS L/XL Чорний (PS27501),замінити першим фото №3,3,https://sexopt.com.ua/content/images/3/ps27501-92044649115984.jpg,4,4,жіноча чорна білизна з ремінцями
PS27502,Бюстгальтер Passion Exclusive KELIS S/M Чорний (PS27502),немає придатного фото,,,4,4,жіноча чорна білизна з ремінцями
PS27504,Трусики Passion Exclusive KELIS THONG L/XL Чорний (PS27504),замінити першим фото №4,4,https://sexopt.com.ua/content/images/5/ps27504-97282375670338.jpg,5,5,жіноча чорна білизна з ремінцями
PS27505,Трусики Passion Exclusive KELIS THONG S/M Чорний (PS27505),замінити першим фото №3,3,https://sexopt.com.ua/content/images/6/ps27505-84649514958577.jpg,4,4,жіноча еротична білизна
PS27601,Бюстгальтер Passion Exclusive LORRY L/XL Чорний (PS27601),замінити першим фото №2,2,https://sexopt.com.ua/content/images/7/ps27601-45153270741958.jpg,3,4,жіноча білизна
PS27602,Бюстгальтер Passion Exclusive LORRY S/M Чорний (PS27602),замінити першим фото №2,2,https://sexopt.com.ua/content/images/8/ps27602-70767242705739.jpg,3,4,жіноча білизна з ремінцями
PS27604,Трусики Passion Exclusive LORRY THONG L/XL Чорний (PS27604),замінити першим фото №2,2,https://sexopt.com.ua/content/images/9/ps27604-58943417709783.jpg,3,3,жіноча еротична білизна
PS27605,Трусики Passion Exclusive LORRY THONG S/M Чорний (PS27605),замінити першим фото №2,2,https://sexopt.com.ua/content/images/10/ps27605-40263658693641.jpg,3,3,жіноча еротична білизна
PS27701,Боді Passion Exclusive MEGGY L/XL Чорний (PS27701),замінити першим фото №4,4,https://sexopt.com.ua/content/images/11/ps27701-92319865614190.jpg,5,6,жіноче еротичне боді з ремінцями
PS27702,Боді Passion Exclusive MEGGY S/M Чорний (PS27702),замінити першим фото №4,4,https://sexopt.com.ua/content/images/12/ps27702-48180350576386.jpg,5,6,жінка в чорному ерротичному боді з ремінцями
PS27704,Бюстгальтер Passion Exclusive MEGGY L/XL Чорний (PS27704),замінити першим фото №4,4,https://sexopt.com.ua/content/images/13/ps27704-55262081872577.jpg,5,5,жіноча чорна білизна з поясом для панчіх
PS27705,Бюстгальтер Passion Exclusive MEGGY S/M Чорний (PS27705),замінити першим фото №4,4,https://sexopt.com.ua/content/images/14/ps27705-58269702648491.jpg,5,5,жіноча чорна білизна з панчохами
PS27707,Панчохи Passion Exclusive MEGGY GARTER BELT L/XL Чорний (PS27707),замінити першим фото №4,4,https://sexopt.com.ua/content/images/15/ps27707-87352321993671.jpg,5,5,жіноча білизна
PS27708,Панчохи Passion Exclusive MEGGY GARTER BELT S/M Чорний (PS27708),замінити першим фото №3,3,https://sexopt.com.ua/content/images/16/ps27708-36065139075431.jpg,4,4,жіноча білизна
PS27710,Трусики Passion Exclusive MEGGY THONG L/XL Чорний (PS27710),замінити першим фото №3,3,https://sexopt.com.ua/content/images/17/ps27710-94910925008218.jpg,4,4,жіноча чорна білизна з панчохами
PS27711,Трусики Passion Exclusive MEGGY THONG S/M Чорний (PS27711),замінити першим фото №3,3,https://sexopt.com.ua/content/images/18/ps27711-91624821016838.jpg,4,4,жіноча білизна
PS27801,Бюстгальтер Passion Exclusive NICKY L/XL Чорний (PS27801),замінити першим фото №4,4,https://sexopt.com.ua/content/images/19/ps27801-41285064231862.jpg,5,6,жіноча чорна білизна з ремінцями
PS27802,Бюстгальтер Passion Exclusive NICKY S/M Чорний (PS27802),замінити першим фото №4,4,https://sexopt.com.ua/content/images/20/ps27802-63594816717066.jpg,5,6,жіноча чорна білизна з ремінцями
PS27804,Трусики Passion Exclusive NICKY THONG L/XL Чорний (PS27804),замінити першим фото №3,3,https://sexopt.com.ua/content/images/21/ps27804-77656917229732.jpg,4,4,жіноча білизна
PS27805,Трусики Passion Exclusive NICKY THONG S/M Чорний (PS27805),замінити першим фото №3,3,https://sexopt.com.ua/content/images/22/ps27805-86524701194374.jpg,4,4,жіноча білизна
PS27901,Бюстгальтер Passion Exclusive SHELLY L/XL Чорний (PS27901),замінити першим фото №4,4,https://sexopt.com.ua/content/images/23/ps27901-24612375489819.jpg,5,6,жіноча чорна білизна з портупеєю
PS27902,Бюстгальтер Passion Exclusive SHELLY S/M Чорний (PS27902),замінити першим фото №4,4,https://sexopt.com.ua/content/images/24/ps27902-54067381348643.jpg,5,6,жіноча еротична білизна
PS27905,Панчохи Passion Exclusive SHELLY GARTER BELT S/M Чорний (PS27905),замінити першим фото №3,3,https://sexopt.com.ua/content/images/26/ps27905-47820805852060.jpg,4,5,жіноча чорна білизна з портупеєю
PS27907,Трусики Passion Exclusive SHELLY THONG L/XL Чорний (PS27907),замінити першим фото №3,3,https://sexopt.com.ua/content/images/27/ps27907-73988272619732.jpg,4,5,жіноча чорна білизна з панчохами
PS27908,Трусики Passion Exclusive SHELLY THONG S/M Чорний (PS27908),немає придатного фото,,,6,6,жіноча чорна білизна з панчохами та чокером
PS28001,Бюстгальтер Passion Exclusive SOLON L/XL Чорний (PS28001),перше фото придатне,,,1,5,жіноча чорна білизна на моделі
PS28002,Бюстгальтер Passion Exclusive SOLON S/M Чорний (PS28002),перше фото придатне,,,1,5,жіноча чорна білизна на моделі
PS28005,Трусики Passion Exclusive SOLON THONG S/M Чорний (PS28005),перше фото придатне,,,1,5,жіноча чорна білизна
PSS011R,Панчохи Passion S011 One Size Червоний (PSS011R),перше фото придатне,,,1,4,червоні колготки в сітку з поясом
PSS011W,Панчохи Passion S011 One Size Білий (PSS011W),немає придатного фото,,,4,4,білі панчохи в сітку з поясом
PSS013B,Боді Passion S013 One Size Чорний (PSS013B),перше фото придатне,,,1,8,жіночі чорні колготки-панчохи в сітку
PSS014W,Боді Passion S014 One Size Білий (PSS014W),немає придатного фото,,,5,5,жіночі білі панчохи з поясом
PSS015B,Колготки Passion S015 One Size Чорний (PSS015B),перше фото придатне,,,1,8,жіночі колготки в сітку з вирізом
PSS015R,Колготки Passion S015 One Size Червоний (PSS015R),перше фото придатне,,,1,5,жіночі червоні колготки в сітку
PSS015W,Колготки Passion S015 One Size Білий (PSS015W),перше фото придатне,,,1,5,білі панчохи в сітку
PSS016B,Панчохи Passion S016 One Size Чорний (PSS016B),немає придатного фото,,,8,8,жіночі панчохи-сітка з поясом
PSS016R,Панчохи Passion S016 One Size Червоний (PSS016R),немає придатного фото,,,5,5,червоні колготки в сітку з імітацією пояса для панчіх
PSS016W,Панчохи Passion S016 One Size Білий (PSS016W),немає придатного фото,,,5,5,білі ажурні панчохи з поясом
PSS018B,Панчохи Passion S018 One Size Чорний (PSS018B),немає придатного фото,,,7,7,жіночі чорні колготки-сітка з вирізом та імітацією пояса для панчіх
PSS018R,Панчохи Passion S018 One Size Червоний (PSS018R),немає придатного фото,,,4,4,жіночі червоні колготки з імітацією пояса для панчіх
PSS018W,Панчохи Passion S018 One Size Білий (PSS018W),немає придатного фото,,,4,4,жіночі панчохи
PSS020B,Панчохи Passion S020 One Size Чорний (PSS020B),немає придатного фото,,,7,7,жіночі панчохи з поясом у сіточку
PSS020R,Панчохи Passion S020 One Size Червоний (PSS020R),немає придатного фото,,,4,4,жіночі червоні колготки з імітацією пояса для панчіх
PSS020W,Панчохи Passion S020 One Size Білий (PSS020W),перше фото придатне,,,1,4,жіночі білі панчохи з поясом у сіточку
PSS024B,Панчохи Passion S024 One Size Чорний (PSS024B),перше фото придатне,,,1,7,жіночі панчохи з поясом
PSS024R,Панчохи Passion S024 One Size Червоний (PSS024R),перше фото придатне,,,1,4,червоні панчохи з імітацією пояса
PSS024W,Панчохи Passion S024 One Size Білий (PSS024W),перше фото придатне,,,1,4,білі панчохи з поясом
PSS025B,Боді Passion S025 One Size Чорний (PSS025B),немає придатного фото,,,7,7,чорні панчохи в сітку з поясом
SO1582,Трусики Passion Exclusive ARMANDA THONG XXL/XXXL Чорний (SO1582),замінити першим фото №4,4,https://sexopt.com.ua/content/images/47/so1582-83357384205170.jpg,5,5,жіноча еротична білизна з ремінців
SO2240,Трусики Fashion Secret JULIA Чорний (SO2240),перше фото придатне,,,1,3,жіночі мереживні трусики на манекені
SO2241,Трусики Fashion Secret JULIA Білий (SO2241),перше фото придатне,,,1,3,жіночі мереживні трусики на манекені
SO2243,Трусики Fashion Secret ANGELA Чорний (SO2243),перше фото придатне,,,1,3,чорні лакові стрінги на манекені
SO2244,Трусики Fashion Secret ANGELA Червоний (SO2244),перше фото придатне,,,1,3,червоні трусики-танга на манекені
SO2247,Трусики Fashion Secret KATIA Червоний (SO2247),перше фото придатне,,,1,3,червоні мереживні трусики з перлиною на манекені
SO2248,Трусики Fashion Secret VENUSINA Чорний (SO2248),перше фото придатне,,,1,3,жіночі чорні мереживні трусики
SO2249,Трусики Fashion Secret VENUSINA Білий (SO2249),перше фото придатне,,,1,3,білі мереживні трусики-стрінги на манекені
SO2250,Трусики Fashion Secret VENUSINA Червоний (SO2250),перше фото придатне,,,1,3,червоні мереживні трусики-стрінги на манекені
SO2252,Трусики Fashion Secret ANNE Білий (SO2252),перше фото придатне,,,1,3,білі мереживні трусики з декоративними ремінцями
SO2255,Трусики Fashion Secret MYLENE Білий (SO2255),перше фото придатне,,,1,3,білі мереживні трусики
SO2257,Трусики Fashion Secret DANUTA Чорний (SO2257),перше фото придатне,,,1,3,чорні мереживні трусики-танга на манекені
SO2258,Трусики Fashion Secret DANUTA Білий (SO2258),перше фото придатне,,,1,3,білі мереживні трусики на манекені
SO2259,Трусики Fashion Secret DANUTA Червоний (SO2259),перше фото придатне,,,1,3,червоні мереживні трусики-танга на манекені
SO3095,Плаття D&amp;A Чорний (SO3095),перше фото придатне,,,1,4,жіноча чорна латексна мінісукня без бретелей
SO3485,Боді D&amp;A AGATHA XL XL (SO3485),немає придатного фото,,,3,3,жіноче чорне боді з сітки
SO3689,Панчохи JSY Black One Size Чорний (SO3689),перше фото придатне,,,1,4,жіноча еротична білизна
SO3712,Панчохи JSY One Size Чорний (SO3712),перше фото придатне,,,1,2,жіночий чорний корсет з вишивкою та трусиками
SO3903,Боді D&amp;A AGATHA XS/S (SO3903),немає придатного фото,,,3,3,жіноче чорне прозоре боді
SO3904,Боді D&amp;A AGATHA M M (SO3904),немає придатного фото,,,3,3,жіноче чорне боді з напівпрозорої сітки
SO3905,Боді D&amp;A AGATHA L L (SO3905),немає придатного фото,,,3,3,жіноче чорне прозоре боді
SO3916,Плаття D&amp;A Червоний (SO3916),перше фото придатне,,,1,4,жінка в червоній латексній мінісукні
SO4062,Трусики Fashion Secret Nadia Червоний (SO4062),перше фото придатне,,,1,3,червоні мереживні трусики на манекені
SO4063,Трусики Fashion Secret Nadia Білий (SO4063),перше фото придатне,,,1,3,білі мереживні трусики на моделі
SO4131,Боді Passion AZALIA L/XL Чорний (SO4131),перше фото придатне,,,1,5,жіноче чорне еротичне боді на моделі
SO4132,Боді Passion AZALIA S/M Чорний (SO4132),перше фото придатне,,,1,5,жіноче чорне еротичне боді
SO4133,Боді Passion AZALIA XXL/XXXL Чорний (SO4133),перше фото придатне,,,1,5,жіноче чорне еротичне боді
SO4284,Панчохи Passion ST114 Чорний (SO4284),немає придатного фото,,,2,2,жіночі панчохи
SO4381,Боді Penthouse Go Hotter S/L Чорний (SO4381),перше фото придатне,,,1,4,жінка в чорному сітчастому боді
SO4711,Трусики Fashion Secret STELLA Червоний (SO4711),перше фото придатне,,,1,3,червоні мереживні трусики на зав'язках
SO4714,Трусики Fashion Secret Annette Білий (SO4714),перше фото придатне,,,1,3,білі мереживні трусики з вирізом спереду на манекені
SO4715,Трусики Fashion Secret Annette Чорний (SO4715),перше фото придатне,,,1,3,жіночі чорні мереживні трусики з розрізом спереду на манекені
SO4717,Трусики Fashion Secret Sophie Червоний (SO4717),перше фото придатне,,,1,3,жіночі трусики
SO4718,Трусики Fashion Secret Sophie Чорний (SO4718),перше фото придатне,,,1,3,чорні трусики з вирізом та перлиною на манекені
SO4719,Трусики Fashion Secret KATIA Білий (SO4719),перше фото придатне,,,1,3,білі мереживні трусики на манекені
SO4747,Комплект Passion LOVELIA L/XL Чорний (SO4747),замінити першим фото №2,2,https://sexopt.com.ua/content/images/14/so4747-36871875804367.jpg,3,5,жіноча білизна
SO4749,Комплект Passion LOVELIA XXL/XXXL Чорний (SO4749),замінити першим фото №2,2,https://sexopt.com.ua/content/images/16/so4749-16364928573835.jpg,3,5,жіноча білизна
SO4752,Комплект Passion LOVELIA XXL/XXXL Білий (SO4752),перше фото придатне,,,1,5,жіноча білизна
SO4765,Корсет Passion L/XL Чорний (SO4765),замінити першим фото №3,3,https://sexopt.com.ua/content/images/32/so4765-42343920824210.jpg,4,6,жіноча еротична білизна з панчохами
SO4766,Корсет Passion S/M Чорний (SO4766),замінити першим фото №3,3,https://sexopt.com.ua/content/images/33/so4766-42641597117557.jpg,4,6,жіноча еротична білизна з панчохами
SO4767,Корсет Passion XXL/XXXL Чорний (SO4767),замінити першим фото №3,3,https://sexopt.com.ua/content/images/34/so4767-84791632740065.jpg,4,6,жіноча еротична білизна (боді з пасками для панчіх)
SO4768,Корсет Passion L/XL Білий (SO4768),замінити першим фото №4,4,https://sexopt.com.ua/content/images/35/so4768-25373601045537.jpg,5,7,жіноча білизна
SO4769,Корсет Passion S/M Білий (SO4769),замінити першим фото №4,4,https://sexopt.com.ua/content/images/36/so4769-86349788532791.jpg,5,7,жіноча білизна
SO4770,Корсет Passion XXL/XXXL Білий (SO4770),замінити першим фото №4,4,https://sexopt.com.ua/content/images/37/so4770-15955999809711.jpg,5,7,жіноча білизна
SO4777,Комплект Passion LOVELIA L/XL Чорний (SO4777),замінити першим фото №4,4,https://sexopt.com.ua/content/images/44/so4777-70822086056884.jpg,5,7,жіноча білизна
SO4778,Комплект Passion LOVELIA S/M Чорний (SO4778),замінити першим фото №4,4,https://sexopt.com.ua/content/images/45/so4778-26196590016728.jpg,5,7,жіноча білизна
SO4779,Комплект Passion LOVELIA XXL/XXXL Чорний (SO4779),замінити першим фото №4,4,https://sexopt.com.ua/content/images/46/so4779-93366862158935.jpg,5,7,жіноча білизна
SO4780,Комплект Passion LOVELIA L/XL Білий (SO4780),замінити першим фото №2,2,https://sexopt.com.ua/content/images/47/so4780-53839362188539.jpg,3,7,жіноча білизна з панчохами
SO4781,Комплект Passion LOVELIA S/M Білий (SO4781),замінити першим фото №2,2,https://sexopt.com.ua/content/images/48/so4781-66528018946964.jpg,3,7,жіноча білизна з панчохами
SO4782,Комплект Passion LOVELIA XXL/XXXL Білий (SO4782),замінити першим фото №2,2,https://sexopt.com.ua/content/images/49/so4782-58435948028631.jpg,3,7,жіноча білизна з панчохами
SO4936,Боді D&amp;A (SO4936),перше фото придатне,,,1,5,жіноче латексне боді та довгі рукавички
SO4973,Комплект JSY Black One Size Чорний (SO4973),замінити першим фото №1,1,https://sexopt.com.ua/content/images/7/komplekt-belya-7123-s-m-26447022084914.jpg,2,4,жіноча чорна мереживна білизна
SO4974,Комплект JSY Black One Size Чорний (SO4974),замінити першим фото №1,1,https://sexopt.com.ua/content/images/8/komplekt-belya-7156-s-m-11485953296577.jpg,2,3,жінка в чорній білизні з панчохами в сітку
SO4976,Боді JSY Black One Size Чорний (SO4976),замінити першим фото №1,1,https://sexopt.com.ua/content/images/10/bodi-7161-s-m-56299938239649.jpg,2,4,жінка в чорному боді-сітці
SO4997,Трусики JSY Red Червоний (SO4997),перше фото придатне,,,1,3,червоні чоловічі труси з хоботом і очима
SO5000,Колготки JSY T-8000 Чорний (SO5000),перше фото придатне,,,1,4,жіночі колготки в сітку
SO5001,Колготки JSY T-8003 Чорний (SO5001),перше фото придатне,,,1,4,жіночі колготки в сітку
SO5002,Колготки JSY T-8006 Чорний (SO5002),перше фото придатне,,,1,4,жіночі колготки в сітку
SO5003,Колготки JSY Чорний (SO5003),перше фото придатне,,,1,4,жіночі чорні колготки в сітку
SO5138,Трусики Art of Sex Villa XS Золотий (SO5138),перше фото придатне,,,1,3,жіночі трусики-стрінги з золотистим ланцюжком
SO5139,Трусики Art of Sex Villa XS Срібний (SO5139),перше фото придатне,,,1,3,жіночі трусики-ланцюжок
SO5140,Трусики Art of Sex Bad Bitch XS Чорний (SO5140),замінити першим фото №1,1,https://sexopt.com.ua/content/images/42/so5140-22043545445298.jpg,2,5,жіночі трусики-стрінги з ланцюжком та літерами
SO5141,Трусики Art of Sex Aurora XS Червоний (SO5141),перше фото придатне,,,1,4,жіночі трусики-стрінги з перлинами та червоною трояндою
SO5142,Трусики Art of Sex Fabiana XS Чорний (SO5142),перше фото придатне,,,1,4,чорні мереживні трусики з ланцюжком з перлин
SO5188,Трусики Art of Sex Villa 2XL Золотий (SO5188),перше фото придатне,,,1,3,жіночі трусики-стрінги з золотистим ланцюжком на тілі
SO5189,Трусики Art of Sex Villa XS Золотий (SO5189),перше фото придатне,,,1,3,жіночі трусики бікіні з ланцюжком та ефектом цензури
SO5190,Трусики Art of Sex Villa 2XL Червоний (SO5190),перше фото придатне,,,1,3,жіночі трусики-стрінги з червоними лямками та золотим ланцюжком
SO5191,Трусики Art of Sex Villa 2XL Срібний (SO5191),перше фото придатне,,,1,3,жіночі трусики-ланцюжок з еротичною білизною
SO5192,Трусики Art of Sex Villa XS Срібний (SO5192),перше фото придатне,,,1,4,жіночі трусики з ланцюжком
SO5193,Трусики Art of Sex Villa 2XL Срібний (SO5193),перше фото придатне,,,1,4,еротична білизна з металевим ланцюжком на моделі
SO5194,Трусики Art of Sex Bad Bitch 2XL Чорний (SO5194),замінити першим фото №1,1,https://sexopt.com.ua/content/images/46/so5194-14919338272932.jpg,2,5,жіночі трусики-стрінги з ланцюжком та літерами
SO5195,Трусики Art of Sex Aurora 2XL Червоний (SO5195),перше фото придатне,,,1,4,еротичні трусики бікіні з перлинами та червоною трояндою
SO5196,Трусики Art of Sex Fabiana 2XL Чорний (SO5196),перше фото придатне,,,1,4,жіночі чорні мереживні трусики з прикрасою з перлин спереду
SO5315,Боді Passion Amanda L/XL Чорний (SO5315),замінити першим фото №2,2,https://sexopt.com.ua/content/images/28/so5315-29991232695872.jpg,3,5,жіноче сексуальне боді-сітка з цензурою
SO5316,Боді Passion Amanda S/M Чорний (SO5316),замінити першим фото №2,2,https://sexopt.com.ua/content/images/29/so5316-41027254229533.jpg,3,5,жіноче сексуальне боді з сітки
SO5317,Боді Passion Amanda XXL/XXXL Чорний (SO5317),замінити першим фото №2,2,https://sexopt.com.ua/content/images/30/so5317-47172924842026.jpg,3,5,жіноче сексуальне боді-сітка
SO5318,Комплект Passion L/XL Чорний (SO5318),замінити першим фото №4,4,https://sexopt.com.ua/content/images/31/so5318-74997166369021.jpg,5,7,жіноча еротична білизна
SO5319,Комплект Passion S/M Чорний (SO5319),замінити першим фото №4,4,https://sexopt.com.ua/content/images/32/so5319-86654938583120.jpg,5,7,жіноча еротична білизна
SO5320,Комплект Passion 2XL/3XL Чорний (SO5320),перше фото придатне,,,1,7,жіноче еротичне боді з панчохами
SO5321,Комплект Passion L/XL Чорний (SO5321),замінити першим фото №4,4,https://sexopt.com.ua/content/images/34/so5321-18939647964439.jpg,5,7,жіноча еротична білизна
SO5322,Комплект Passion S/M Чорний (SO5322),замінити першим фото №3,3,https://sexopt.com.ua/content/images/35/so5322-71531998251921.jpg,4,6,жіноча еротична білизна
SO5343,Трусики Passion L/XL Білий (SO5343),замінити першим фото №4,4,https://sexopt.com.ua/content/images/6/so5343-12194906863739.jpg,5,6,жіночі трусики
SO5344,Трусики Passion S/M Білий (SO5344),замінити першим фото №4,4,https://sexopt.com.ua/content/images/7/so5344-66249908505922.jpg,5,6,жіночі трусики
SO5345,Трусики Passion XXL/XXXL Білий (SO5345),замінити першим фото №4,4,https://sexopt.com.ua/content/images/8/so5345-77243035281367.jpg,5,6,жіночі трусики
SO5346,Боді Passion Hima L/XL Чорний (SO5346),перше фото придатне,,,1,5,жіноче чорне боді з геометричним принтом
SO5347,Боді Passion Hima S/M Чорний (SO5347),замінити першим фото №2,2,https://sexopt.com.ua/content/images/10/so5347-52083830077939.jpg,3,5,жіноче боди
SO5348,Боді Passion Hima XXL/XXXL Чорний (SO5348),замінити першим фото №2,2,https://sexopt.com.ua/content/images/11/so5348-58954387784861.jpg,3,5,жіноче чорне боді з геометричним візерунком
SO5364,Трусики Passion NAJA THONG L/XL Чорний (SO5364),замінити першим фото №4,4,https://sexopt.com.ua/content/images/27/so5364-34282448349993.jpg,5,6,жіночі мереживні трусики
SO5365,Трусики Passion NAJA THONG S/M Чорний (SO5365),замінити першим фото №4,4,https://sexopt.com.ua/content/images/28/so5365-52351337528924.jpg,5,6,жіночі мереживні трусики
SO5366,Трусики Passion NAJA THONG XXL/XXXL Чорний (SO5366),замінити першим фото №4,4,https://sexopt.com.ua/content/images/29/so5366-35016728394079.jpg,5,6,жіночі чорні мереживні трусики
SO5379,Трусики Passion SENIA THONG L/XL Чорний (SO5379),замінити першим фото №4,4,https://sexopt.com.ua/content/images/42/so5379-84147608235290.jpg,5,6,жіночі трусики
SO5380,Трусики Passion SENIA THONG S/M Чорний (SO5380),замінити першим фото №4,4,https://sexopt.com.ua/content/images/43/so5380-63582175402782.jpg,5,6,жіночі чорні мереживні трусики на моделі
SO5381,Трусики Passion SENIA THONG XXL/XXXL Чорний (SO5381),замінити першим фото №2,2,https://sexopt.com.ua/content/images/44/so5381-56661897661236.jpg,3,6,жіночі чорні мереживні трусики
SO5391,Трусики Fashion Secret Sophie Білий (SO5391),перше фото придатне,,,1,3,білі мереживні трусики на манекені
SO5398,Трусики Art of Sex Aurora XS Чорний (SO5398),перше фото придатне,,,1,3,жіночі трусики з перлами та чорною квіткою
SO5399,Трусики Art of Sex Aurora 2XL Чорний (SO5399),перше фото придатне,,,1,3,жіночі трусики з перлами та чорною квіткою
SO5400,Трусики Art of Sex Aurora XS Синій (SO5400),перше фото придатне,,,1,3,жіночі трусики з перлами та блакитною квіткою
SO5401,Трусики Art of Sex Aurora 2XL Синій (SO5401),перше фото придатне,,,1,3,жіночі трусики з перлами та блакитною трояндою
SO5402,Трусики Art of Sex Aurora XS (SO5402),перше фото придатне,,,1,3,жіночі трусики з перлами та синьою трояндою
SO5403,Трусики Art of Sex Aurora 2XL (SO5403),перше фото придатне,,,1,3,жіночі трусики з перлами та синьою трояндою
SO5404,Трусики Art of Sex Aurora XS (SO5404),перше фото придатне,,,1,3,жіночі трусики з перлами та трояндою
SO5405,Трусики Art of Sex Aurora 2XL (SO5405),перше фото придатне,,,1,3,еротичні трусики бікіні з перлами та трояндою
SO5502,Трусики Art of Sex Bad Bitch M XS Червоний (SO5502),замінити першим фото №1,1,http://sexopt.com.ua/content/images/8/so5502-25898325438582.jpg,2,5,жіночі трусики-танга з ланцюжком і підвісками
SO5503,Трусики Art of Sex Bad Bitch L- 2XL Червоний (SO5503),замінити першим фото №1,1,http://sexopt.com.ua/content/images/9/so5503-50660890914027.jpg,2,5,жіночі трусики-танга з ланцюжком і підвісками
SO5617,Боді D&amp;A Рожевий (SO5617),перше фото придатне,,,1,4,жіночий лаковий боді рожевого кольору
SO5759,Комплект Passion CHRISTA Open L/XL Чорний (SO5759),перше фото придатне,,,1,6,жіноча еротична білизна
SO5762,Комплект Passion MALWIA L/XL Чорний (SO5762),замінити першим фото №2,2,https://sexopt.com.ua/content/images/11/so5762-88197810381538.jpg,3,5,жіноча чорна білизна з бюстгальтером та трусиками
SO5764,Комплект Passion MALWIA XXL/XXXL Чорний (SO5764),замінити першим фото №2,2,https://sexopt.com.ua/content/images/13/so5764-60894103061826.jpg,3,5,жіноча чорна білизна
SO5765,Корсет Passion MALWIA CORSET L/XL Чорний (SO5765),замінити першим фото №4,4,https://sexopt.com.ua/content/images/14/so5765-16698295243138.jpg,5,7,"жіноча білизна, корсет з панчохами"
SO5766,Корсет Passion MALWIA CORSET S/M Чорний (SO5766),замінити першим фото №4,4,https://sexopt.com.ua/content/images/15/so5766-85849000534959.jpg,5,7,"жіноча білизна, корсет з панчохами"
SO5767,Корсет Passion MALWIA CORSET 2XL/3XL Чорний (SO5767),замінити першим фото №4,4,https://sexopt.com.ua/content/images/16/so5767-98161990039581.jpg,5,7,жіноча еротична білизна
SO5768,Комплект Passion MALWIA Open L/XL Чорний (SO5768),замінити першим фото №2,2,https://sexopt.com.ua/content/images/17/so5768-44591461732105.jpg,3,5,жіноча еротична білизна
SO5769,Комплект Passion S/M Чорний (SO5769),замінити першим фото №2,2,https://sexopt.com.ua/content/images/18/so5769-98588116503671.jpg,3,5,жіноча еротична білизна з відкритими грудьми
SO5770,Комплект Passion MALWIA OpenBra XXL/XXXL Чорний (SO5770),замінити першим фото №2,2,https://sexopt.com.ua/content/images/19/so5770-45761175313763.jpg,3,5,жіноча еротична білизна
SO5781,Панчохи Passion ST119 Чорний (SO5781),перше фото придатне,,,1,3,жіночі панчохи
SO5784,Панчохи Passion ST119 Білий (SO5784),немає придатного фото,,,3,3,жіночі панчохи з мереживом та туфлі на підборах
SO5790,Панчохи Passion ST120 black-red Чорний (SO5790),перше фото придатне,,,1,5,жіночі панчохи
SO5801,Колготки Passion Чорний (SO5801),перше фото придатне,,,1,6,жіночі колготки з імітацією шнурівки та вирізом
SO5802,Колготки Passion 1/2 Бежевий (SO5802),замінити першим фото №2,2,https://sexopt.com.ua/content/images/1/so5802-42954652567198.jpg,3,6,жіночі колготки з вирізом
SO5803,Колготки Passion 3/4 Бежевий (SO5803),перше фото придатне,,,1,6,жіночі колготки з відкритим кроєм
SO5804,Колготки Passion Бежевий (SO5804),замінити першим фото №2,2,https://sexopt.com.ua/content/images/3/so5804-11581651443437.jpg,3,6,жіночі колготки з вирізом
SO5805,Колготки Passion 1/2 Чорний (SO5805),перше фото придатне,,,1,6,чорні прозорі колготки з вирізом
SO5806,Колготки Passion 3/4 Чорний (SO5806),перше фото придатне,,,1,6,чорні прозорі колготки з вирізом спереду
SO5807,Колготки Passion Чорний (SO5807),перше фото придатне,,,1,6,чорні прозорі колготки з вирізом спереду на моделі
SO5808,Колготки Passion 1/2 Бежевий (SO5808),замінити першим фото №2,2,https://sexopt.com.ua/content/images/7/so5808-30022195171995.jpg,3,6,жіночі колготки з вирізом
SO5809,Колготки Passion 3/4 Бежевий (SO5809),перше фото придатне,,,1,6,жіночі панчохи з вирізом та імітацією шкарпеток
SO5810,Колготки Passion Бежевий (SO5810),перше фото придатне,,,1,6,жіночі колготки
SO5811,Колготки Passion 1/2 Чорний (SO5811),замінити першим фото №2,2,https://sexopt.com.ua/content/images/10/so5811-81467719378863.jpg,3,6,жіночі колготки з вирізом
SO5812,Колготки Passion 3/4 Чорний (SO5812),замінити першим фото №4,4,https://sexopt.com.ua/content/images/11/so5812-92181019831192.jpg,5,6,жіночі колготки з вирізом
SO5813,Колготки Passion Чорний (SO5813),замінити першим фото №4,4,https://sexopt.com.ua/content/images/12/so5813-67127296429950.jpg,5,6,жіночі колготки з вирізом
SO5816,Колготки Passion 1/2 Чорний (SO5816),перше фото придатне,,,1,6,жіночі чорні колготки з імітацією панчіх та вирізом
SO5817,Колготки Passion 3/4 Чорний (SO5817),перше фото придатне,,,1,6,жіночі чорні колготки з імітацією панчіх та вирізом
SO5818,Колготки Passion Чорний (SO5818),перше фото придатне,,,1,6,жіночі чорні колготки з імітацією панчіх та вирізом
SO5819,Колготки Passion 1/2 Бежевий (SO5819),перше фото придатне,,,1,6,жіночі колготки з імітацією панчіх у горошок
SO5820,Колготки Passion 3/4 Бежевий (SO5820),перше фото придатне,,,1,6,жіночі колготки
SO5821,Колготки Passion Бежевий (SO5821),перше фото придатне,,,1,6,жіночі колготки з імітацією панчіх у горошок
SO5822,Колготки Passion 1/2 Чорний (SO5822),немає придатного фото,,,6,6,жіночі колготки з вирізом
SO5823,Колготки Passion 3/4 Чорний (SO5823),перше фото придатне,,,1,6,жіночі колготки
SO5824,Колготки Passion Чорний (SO5824),перше фото придатне,,,1,6,жіночі колготки з вирізом
SO5825,Колготки Passion 1/2 Бежевий (SO5825),перше фото придатне,,,1,6,жіночі колготки з імітацією панчіх та вирізом
SO5826,Колготки Passion 3/4 Бежевий (SO5826),перше фото придатне,,,1,6,жіночі колготки з імітацією панчіх
SO5827,Колготки Passion 1/2 Чорний (SO5827),перше фото придатне,,,1,6,жіночі чорні колготки з вирізом
SO5828,Колготки Passion 3/4 Чорний (SO5828),перше фото придатне,,,1,6,чорні жіночі колготки з вирізом
SO5829,Боді Passion URSULA L/XL Чорний (SO5829),перше фото придатне,,,1,5,жіноче чорне боді
SO5830,Боді Passion URSULA S/M Чорний (SO5830),перше фото придатне,,,1,5,жіноче чорне мереживне боді
SO5831,Боді Passion URSULA XXL/XXXL Чорний (SO5831),замінити першим фото №2,2,https://sexopt.com.ua/content/images/30/so5831-91870980043994.jpg,3,5,жіноче чорне боді
SO5832,Боді Passion URSULA L/XL Білий (SO5832),перше фото придатне,,,1,5,жіноче боді
SO5833,Боді Passion URSULA S/M Білий (SO5833),замінити першим фото №2,2,https://sexopt.com.ua/content/images/32/so5833-80606508634048.jpg,3,5,жіноче боді
SO5834,Боді Passion URSULA XXL/XXXL Білий (SO5834),перше фото придатне,,,1,5,жіноче біле боді
SO5835,Корсет Passion L/XL Чорний (SO5835),перше фото придатне,,,1,6,жіноче чорне боді з пасками для панчіх та панчохи
SO5836,Корсет Passion S/M Чорний (SO5836),перше фото придатне,,,1,6,жіноче чорне боді з мереживом та панчохами
SO5837,Корсет Passion XXL/XXXL Чорний (SO5837),перше фото придатне,,,1,6,жінка в чорному мереживному боді з пасками для панчіх
SO5838,Корсет Passion L/XL Білий (SO5838),замінити першим фото №2,2,https://sexopt.com.ua/content/images/37/so5838-47108891563082.jpg,3,5,жіноча білизна та панчохи
SO5839,Корсет Passion S/M Білий (SO5839),перше фото придатне,,,1,5,жіноча білизна
SO5840,Корсет Passion XXL/XXXL Білий (SO5840),перше фото придатне,,,1,5,жіноча біла білизна та панчохи на моделі
SO5841,Комплект Passion L/XL Чорний (SO5841),замінити першим фото №2,2,https://sexopt.com.ua/content/images/40/so5841-13442218430565.jpg,3,5,жіноча білизна
SO5842,Комплект Passion S/M Чорний (SO5842),замінити першим фото №2,2,https://sexopt.com.ua/content/images/41/so5842-41327812439805.jpg,3,5,жіноча чорна білизна
SO5843,Комплект Passion XXL/XXXL Чорний (SO5843),замінити першим фото №2,2,https://sexopt.com.ua/content/images/42/so5843-76210260724352.jpg,3,5,жіноча білизна
SO5844,Комплект Passion L/XL Білий (SO5844),замінити першим фото №2,2,https://sexopt.com.ua/content/images/43/so5844-86175454700572.jpg,3,5,жіноча білизна
SO5845,Комплект Passion S/M Білий (SO5845),замінити першим фото №2,2,https://sexopt.com.ua/content/images/44/so5845-67834878054336.jpg,3,5,жіноча білизна
SO5846,Комплект Passion XXL/XXXL Білий (SO5846),замінити першим фото №2,2,https://sexopt.com.ua/content/images/45/so5846-71738833934592.jpg,3,5,жіноча білизна
SO5874,Трусики Art of Sex Sexy Panties S XS Чорний (SO5874),замінити першим фото №1,1,http://sexopt.com.ua/content/images/28/so5874-11815673245635.jpg,2,3,анальна пробка з камінцем на моделі
SO5875,Трусики Art of Sex Sexy Panties plug size M XS Чорний (SO5875),перше фото придатне,,,1,3,жіночі чорні міні-трусики стрінги на моделі
SO5876,Трусики Art of Sex Sexy Panties plug size L XS Чорний (SO5876),замінити першим фото №1,1,http://sexopt.com.ua/content/images/30/so5876-68491764042906.jpg,2,3,анальна пробка з камінцем на моделі
SO5877,Трусики Art of Sex Sexy Panties plug size S XS Чорний (SO5877),замінити першим фото №1,1,http://sexopt.com.ua/content/images/31/so5877-37279525684442.jpg,2,3,анальна пробка з каменем
SO5878,Трусики Art of Sex Sexy Panties plug size M XS Чорний (SO5878),замінити першим фото №1,1,http://sexopt.com.ua/content/images/32/95201754095253.jpg,2,3,чоловік у сексуальній білизні з анальною пробкою
SO5879,Трусики Art of Sex Sexy Panties plug size L XS Чорний (SO5879),замінити першим фото №1,1,http://sexopt.com.ua/content/images/33/20627846957775.jpg,2,3,чоловік з анальною пробкою у вигляді кристала
SO5917,Колготки Passion Чорний (SO5917),перше фото придатне,,,1,6,жіночі колготки з імітацією панчіх
SO6016,Боді D&amp;A XXXXXL Чорний (SO6016),перше фото придатне,,,1,5,жінка у чорному латексному боді
SO6170,Трусики Art of Sex Joni plug panties size L XS Чорний (SO6170),перше фото придатне,,,1,4,чоловічі труси-танга з анальною пробкою та камінням
SO6171,Трусики Art of Sex Joni plug panties size L XS Червоний (SO6171),перше фото придатне,,,1,4,чоловіча білизна з анальною пробкою
SO6172,Трусики Art of Sex Joni plug panties size S XS Чорний (SO6172),перше фото придатне,,,1,4,чоловіча білизна зі стразом
SO6173,Трусики Art of Sex Joni plug panties size S XS Червоний (SO6173),перше фото придатне,,,1,4,чоловіча білизна з анальною пробкою
SO6174,Трусики Art of Sex Joni plug panties size M XS Чорний (SO6174),перше фото придатне,,,1,4,чоловіча білизна з анальною пробкою
SO6175,Трусики Art of Sex Joni plug panties size M XS Червоний (SO6175),перше фото придатне,,,1,4,чоловіча білизна з анальною пробкою
SO6338,Боді Moonlight Model L XS Чорний (SO6338),немає придатного фото,,,4,4,жінка в чорному сітчастому боді
SO6374,Комплект Passion Exclusive ARMANDA L/XL Чорний (SO6374),замінити першим фото №4,4,https://sexopt.com.ua/content/images/3/so6374-52392544404889.jpg,5,6,жіноча еротична білизна з ремінцями
SO6375,Комплект Passion Exclusive ARMANDA XXL/XXXL Чорний (SO6375),замінити першим фото №4,4,https://sexopt.com.ua/content/images/4/so6375-20817163841284.jpg,5,6,жіноча чорна портупея та трусики
SO6400,Комплект Passion CELINE L/XL Чорний (SO6400),замінити першим фото №2,2,https://sexopt.com.ua/content/images/38/so6400-15234988212626.jpg,3,5,жіноча білизна
SO6401,Комплект Passion CELINE S/M Чорний (SO6401),замінити першим фото №2,2,https://sexopt.com.ua/content/images/39/so6401-77615337351799.jpg,3,5,жіночий комплект білизни з бюстгальтером та трусиками
SO6402,Комплект Passion CELINE 2XL/3XL Чорний (SO6402),замінити першим фото №2,2,https://sexopt.com.ua/content/images/40/so6402-12585788257235.jpg,3,5,жіноча білизна
SO6403,Боді Passion CELIN L/XL Чорний (SO6403),замінити першим фото №4,4,https://sexopt.com.ua/content/images/41/so6403-92576645038642.jpg,5,7,жіноче чорне еротичне боді
SO6404,Боді Passion CELIN S/M Чорний (SO6404),замінити першим фото №4,4,https://sexopt.com.ua/content/images/42/so6404-29360008193841.jpg,5,7,жіноче чорне боді
SO6405,Боді Passion CELINE XXL/XXXL Чорний (SO6405),замінити першим фото №4,4,https://sexopt.com.ua/content/images/43/so6405-99723078775619.jpg,5,7,жіноче чорне боді з вирізами
SO6412,Бюстгальтер Passion Exclusive SOLON XXL/XXXL Чорний (SO6412),перше фото придатне,,,1,5,жіноча чорна білизна
SO6414,Комплект Passion Exclusive KELIS XXL/XXXL Чорний (SO6414),замінити першим фото №3,3,https://sexopt.com.ua/content/images/7/so6414-76781929052616.jpg,4,5,жіноча чорна портупея та білизна
SO6415,Трусики Passion Exclusive KELIS THONG XXL/XXXL Чорний (SO6415),замінити першим фото №4,4,https://sexopt.com.ua/content/images/8/so6415-21589458249444.jpg,5,5,жіноча еротична білизна
SO6416,Комплект Passion Exclusive LORRY XXL/XXXL Чорний (SO6416),замінити першим фото №3,3,https://sexopt.com.ua/content/images/9/so6416-22095365514460.jpg,4,5,жіноча еротична білизна
SO6417,Трусики Passion Exclusive LORRY THONG XXL/XXXL Чорний (SO6417),замінити першим фото №3,3,https://sexopt.com.ua/content/images/10/so6417-49258223143344.jpg,4,4,жіноча чорна білизна з ремінцями
SO6418,Боді Passion Exclusive MEGGY XXL/XXXL Чорний (SO6418),замінити першим фото №3,3,https://sexopt.com.ua/content/images/11/so6418-47363292744191.jpg,4,5,жіноча еротична білизна
SO6419,Бюстгальтер Passion Exclusive Meggy XXL/XXXL Чорний (SO6419),замінити першим фото №4,4,https://sexopt.com.ua/content/images/12/so6419-22460020785522.jpg,5,5,жіноча чорна білизна з панчохами
SO6420,Бюстгальтер Passion Exclusive SHELLY XXL/XXXL Чорний (SO6420),замінити першим фото №4,4,https://sexopt.com.ua/content/images/13/so6420-36301487824024.jpg,5,6,жіноча еротична білизна з поясом для панчіх
SO6422,Трусики Passion Exclusive SHELLY THONG XXL/XXXL Чорний (SO6422),немає придатного фото,,,6,6,жіноча чорна білизна з панчохами та чокером
SO6423,Панчохи Passion ST003 beige Бежевий (SO6423),замінити першим фото №1,1,https://sexopt.com.ua/content/images/50/so6423-17432332067297.jpg,2,5,панчохи на ногах манекену
SO6427,Боді Penthouse Spicy Whisper S/L Чорний (SO6427),перше фото придатне,,,1,4,жіноче чорне боді з довгими рукавами та сітчастим узором на модель
SO6429,Боді Penthouse Enjoy Moment S/L Чорний (SO6429),замінити першим фото №2,2,https://sexopt.com.ua/content/images/4/so6429-57881776994311.jpg,3,4,жінка в чорному сітчастому боді
SO6431,Боді Penthouse Devils Advocate S/L Чорний (SO6431),перше фото придатне,,,1,4,жінка в чорному мереживному боді
SO6433,Боді Penthouse All Way S/L Чорний (SO6433),перше фото придатне,,,1,4,жіноче чорне боді з короткими рукавами на моделі
SO6435,Боді Penthouse Midnight Visit S/L Чорний (SO6435),перше фото придатне,,,1,4,жіноче чорне мереживне боді
SO6437,Боді Penthouse Blooming Era S/L Чорний (SO6437),перше фото придатне,,,1,4,жінка в чорному мереживному боді
SO6441,Боді Penthouse High On Love S/L Чорний (SO6441),перше фото придатне,,,1,4,жіноче чорне боді в сітку
SO6443,Боді Penthouse Be Mine S/L Чорний (SO6443),перше фото придатне,,,1,4,жіноче чорне боді у сітку
SO6445,Боді Penthouse Under My Spell S/L Чорний (SO6445),перше фото придатне,,,1,4,жіноче чорне боді з довгим рукавом на моделі
SO6447,Панчохи Penthouse Hotter Than Hell S/L Чорний (SO6447),перше фото придатне,,,1,4,жінка в чорному боді з вирізами
SO6449,Комплект Penthouse Work it Out S/L Чорний (SO6449),перше фото придатне,,,1,4,жіночий чорний комплект білизни в сітку
SO6457,Боді Penthouse Scandalous S/L Чорний (SO6457),немає придатного фото,,,4,4,жіноче боді-сітка
SO6461,Боді Penthouse Scandalous S/L Червоний (SO6461),перше фото придатне,,,1,4,жінка в червоному боді-сітці
SO6471,Колготки Penthouse No Excuses S/L Чорний (SO6471),замінити першим фото №2,2,https://sexopt.com.ua/content/images/46/so6471-62681216623645.jpg,3,4,жіночі чорні колготки в сітку з імітацією пояса для панчіх
SO6741,D&amp;A XS/S Чорний (SO6741),перше фото придатне,,,1,9,чоловік у чорному латексному боди
SO6742,D&amp;A M Чорний (SO6742),перше фото придатне,,,1,9,чоловік у чорному латексному боді з блискавкою
SO6743,D&amp;A L Чорний (SO6743),перше фото придатне,,,1,9,чоловік у чорному латексному боді з блискавкою спереду
SO6744,D&amp;A XL Чорний (SO6744),перше фото придатне,,,1,9,чоловік у чорному латексному боді
SO6783,Трусики Art of Sex Lina XS (SO6783),перше фото придатне,,,1,4,жіночі чорні мереживні трусики з прикрасою
SO6784,Трусики Art of Sex Lina 2XL (SO6784),перше фото придатне,,,1,4,жіночі чорні мереживні трусики з прикрасою
SO6791,Трусики Art of Sex M Rygina XS (SO6791),замінити першим фото №1,1,https://sexopt.com.ua/content/images/15/so6791-70049686690184.jpg,2,4,жіночі сідниці з еротичною іграшкою
SO6870,Комплект JSY S/M Чорний (SO6870),замінити першим фото №1,1,https://sexopt.com.ua/content/images/44/so6870-73280285063836.jpg,2,4,жінка в сексуальній білизні та панчохах у сітку
SO6872,Боді JSY One Size Чорний (SO6872),замінити першим фото №1,1,https://sexopt.com.ua/content/images/46/so6872-83377257332967.jpg,2,4,жіноче чорне боді з сітки та ремінцями
SO6873,Боді JSY One Size (SO6873),замінити першим фото №1,1,https://sexopt.com.ua/content/images/47/so6873-49444938497945.jpg,2,4,жіноче чорне боді в сітку з червоними ремінцями
SO6874,Комплект JSY Black One Size Чорний (SO6874),замінити першим фото №1,1,https://sexopt.com.ua/content/images/48/so6874-31253496845401.jpg,2,4,жіноча білизна в сіточку з ремінцями
SO6875,Панчохи JSY Black One Size Чорний (SO6875),замінити першим фото №1,1,https://sexopt.com.ua/content/images/49/so6875-38241437163073.jpg,1,4,
SO6876,Панчохи JSY Red One Size Червоний (SO6876),замінити першим фото №1,1,https://sexopt.com.ua/content/images/50/so6876-83763471835021.jpg,2,4,жіночий червоний корсет з панчохами у сітку
SO6880,Боді JSY One Size Чорний (SO6880),замінити першим фото №1,1,https://sexopt.com.ua/content/images/4/so6880-97498441867805.jpg,2,4,жіноча білизна
SO7049,Боді Passion AMBERLY 4XL/5XL Чорний (SO7049),перше фото придатне,,,1,4,жіноче чорне боді на моделі
SO7050,Боді Passion AMBERLY 6XL/7XL Чорний (SO7050),перше фото придатне,,,1,4,жіноче чорне мереживне боді
SO7052,Корсет Passion AMBERLY CORSET 6XL/7XL Чорний (SO7052),перше фото придатне,,,1,2,жіноча чорна білизна з поясом для панчіх
SO7057,Комплект Passion CELINE 4XL/5XL Чорний (SO7057),перше фото придатне,,,1,4,жіноча еротична білизна
SO7058,Комплект Passion CELINE 6XL/7XL Чорний (SO7058),перше фото придатне,,,1,4,жіноча білизна
SO7059,Боді Passion CELINE 4XL/5XL Чорний (SO7059),перше фото придатне,,,1,4,жіноче чорне боді
SO7060,Боді Passion CELINE 6XL/7XL Чорний (SO7060),перше фото придатне,,,1,4,жіноче чорне боді
SO7096,Комплект Passion MALWIA 4XL/5XL Чорний (SO7096),перше фото придатне,,,1,4,жіноча білизна
SO7097,Комплект Passion MALWIA 6XL/7XL Чорний (SO7097),перше фото придатне,,,1,4,жіноча білизна
SO7098,Корсет Passion MALWIA CORSET 4XL/5XL Чорний (SO7098),перше фото придатне,,,1,4,жіноча еротична білизна
SO7099,Корсет Passion MALWIA CORSET 6XL/7XL Чорний (SO7099),перше фото придатне,,,1,4,жіноча еротична білизна
SO7102,Комплект Passion NANCY 4XL/5XL Чорний (SO7102),перше фото придатне,,,1,4,жіноча білизна
SO7103,Комплект Passion NANCY 6XL/7XL Чорний (SO7103),перше фото придатне,,,1,4,жіночий чорний комплект білизни
SO7104,Боді Passion NANCY 4XL/5XL Чорний (SO7104),замінити першим фото №2,2,https://sexopt.com.ua/content/images/32/so7104-67012467232178.jpg,3,4,жіноче чорне боді
SO7105,Боді Passion NANCY 6XL/7XL Чорний (SO7105),замінити першим фото №2,2,https://sexopt.com.ua/content/images/33/so7105-47937641227586.jpg,3,4,жіноче чорне боді
SO7107,Комплект Passion NANCY 6XL/7XL Чорний (SO7107),перше фото придатне,,,1,4,жіноча еротична білизна
SO7108,Боді Passion Exclusive NORTH 4XL/5XL Чорний (SO7108),немає придатного фото,,,2,2,жіноче чорне боді
SO7109,Боді Passion Exclusive NORTH 6XL/7XL Чорний (SO7109),немає придатного фото,,,2,2,жіноче чорне боді
SO7110,Боді Passion TASMINA S/M Чорний (SO7110),замінити першим фото №2,2,https://sexopt.com.ua/content/images/38/so7110-42359020064395.jpg,3,5,жіноча еротична білизна
SO7111,Боді Passion VIENA 4XL/5XL Бежевий (SO7111),перше фото придатне,,,1,2,жіноче бежеве боді
SO7112,Боді Passion VIENA 6XL/7XL Бежевий (SO7112),перше фото придатне,,,1,2,жіноче боді
SO7113,Корсет Passion VIENA CORSET 4XL/5XL Бежевий (SO7113),перше фото придатне,,,1,2,жіноча білизна
SO7116,Комплект Passion VIENA 6XL/7XL Бежевий (SO7116),перше фото придатне,,,1,2,жіноча білизна
SO7169,Боді Obsessive 818-TED-1 teddy S/M Чорний (SO7169),перше фото придатне,,,1,8,жіноче чорне боді
SO7170,Боді Obsessive 818-TED-1 teddy L/XL Чорний (SO7170),перше фото придатне,,,1,8,жіноче чорне боді
SO7173,Obsessive 828-THC-1 crotchless thong S/M Чорний (SO7173),замінити першим фото №2,2,https://sexopt.com.ua/content/images/25/so7173-43963379423623.jpg,3,8,жіночі трусики
SO7174,Obsessive 828-THC-1 crotchless thong L/XL Чорний (SO7174),замінити першим фото №2,2,https://sexopt.com.ua/content/images/26/so7174-54910015704821.jpg,3,8,жіночі трусики
SO7175,Obsessive 831-THC-1 crotchless thong S/M Чорний (SO7175),замінити першим фото №2,2,https://sexopt.com.ua/content/images/27/so7175-99369997311790.jpg,3,8,жіночі чорні мереживні трусики
SO7179,Obsessive 837-THC-1 S/M Чорний (SO7179),замінити першим фото №4,4,https://sexopt.com.ua/content/images/31/so7179-73789786375478.jpg,5,8,жіночі чорні мереживні трусики
SO7180,Obsessive 837-THC-1 L/XL Чорний (SO7180),перше фото придатне,,,1,8,жіночі чорні мереживні трусики
SO7198,Боді Obsessive Amanta teddy S/M Чорний (SO7198),перше фото придатне,,,1,8,жіноче чорне боді з мереживом
SO7199,Боді Obsessive Amanta teddy L/XL Чорний (SO7199),перше фото придатне,,,1,8,жіноче чорне боді з мереживом
SO7200,Боді Obsessive Amanta teddy XXL Чорний (SO7200),перше фото придатне,,,1,8,жіноче чорне боді з мереживом на моделі
SO7341,Плаття Art of Sex Jaklin XS Чорний (SO7341),замінити першим фото №1,1,https://sexopt.com.ua/content/images/31/30271102591130.jpg,2,4,жіноча латексна сукня
SO7353,Плаття Art of Sex Jaklin 2XL Чорний (SO7353),замінити першим фото №1,1,https://sexopt.com.ua/content/images/30/so7353-57603136674430.jpg,2,4,жінка у чорній латексній мінісукні
SO7363,Art of Sex Lora L Чорний (SO7363),перше фото придатне,,,1,4,довгі лакові рукавички без пальців
SO7444,Трусики Art of Sex SEA XS Чорний (SO7444),перше фото придатне,,,1,4,жіночі портупеї трусики з ланцюжком
SO7445,Трусики Art of Sex SEA XS Чорний (SO7445),перше фото придатне,,,1,3,жіночі блискучі ремені з підвіскою на тілі
SO7446,Трусики Art of Sex SEA XS Синій (SO7446),перше фото придатне,,,1,3,жіночі чорні стрінги-портупеї з металевою цепочкою
SO7449,Трусики Art of Sex Selena XS Чорний (SO7449),перше фото придатне,,,1,3,жіночі трусики з ланцюжками
SO7454,Трусики Art of Sex Lea XS Чорний (SO7454),перше фото придатне,,,1,4,жіночі трусики бікіні з ланцюжками з камінням
SO7455,Трусики Art of Sex Lea 2XL Чорний (SO7455),перше фото придатне,,,1,4,жіночі трусики бікіні з блискучим ланцюжком із камінням
SO7456,Трусики Art of Sex Lea XS Білий (SO7456),перше фото придатне,,,1,4,жіночі трусики бікіні з блискучими ланцюжками
SO7457,Трусики Art of Sex Lea 2XL Білий (SO7457),перше фото придатне,,,1,4,жіночі трусики-стрінги з блискучою декоративною бахромою з камінням
SO7461,Трусики Art of Sex Lulu XS Чорний (SO7461),замінити першим фото №1,1,https://sexopt.com.ua/content/images/10/36475597838278.jpg,2,4,жіночі трусики-стрінгі з чорною стрічкою та бантом
SO7462,Трусики Art of Sex Lulu 2XL Чорний (SO7462),замінити першим фото №1,1,https://sexopt.com.ua/content/images/9/so7462-18831721024424.jpg,2,4,жіночі трусики-стрінги з чорною стрічкою та бантом
SO7463,Трусики Art of Sex Lulu XS Червоний (SO7463),замінити першим фото №1,1,https://sexopt.com.ua/content/images/6/so7463-13055621309506.jpg,2,4,жіночі червоні трусики з бантом
SO7464,Трусики Art of Sex Lulu 2XL Червоний (SO7464),немає придатного фото,,,4,4,жіночі трусики-стрінги з червоною стрічкою та бантом ззаду
SO7465,Трусики Art of Sex Mia XS Білий (SO7465),замінити першим фото №2,2,https://sexopt.com.ua/content/images/15/91212226887890.jpg,3,4,жіночі мереживні трусики з вирізом та цензурою
SO7466,Трусики Art of Sex Mia XS Червоний (SO7466),замінити першим фото №2,2,https://sexopt.com.ua/content/images/17/42003981456534.jpg,3,4,жіночі червоні мереживні трусики
SO7467,Трусики Art of Sex Mia XS Чорний (SO7467),перше фото придатне,,,1,4,жіночі чорні мереживні трусики
SO7468,Трусики Art of Sex Mia 2XL Червоний (SO7468),замінити першим фото №2,2,https://sexopt.com.ua/content/images/16/so7468-12167488703106.jpg,3,4,жіночі червоні мереживні трусики
SO7469,Трусики Art of Sex Mia 2XL Чорний (SO7469),замінити першим фото №2,2,https://sexopt.com.ua/content/images/18/so7469-99975803029486.jpg,3,4,жіночі чорні мереживні трусики
SO7470,Панчохи Art of Sex Niks XS Чорний (SO7470),перше фото придатне,,,1,3,жіночі латексні труси з поясом для панчіх
SO7472,Трусики Art of Sex Mia 2XL Білий (SO7472),перше фото придатне,,,1,4,жіночі мереживні трусики
SO7507,Плаття Art of Sex Jaklin XS Червоний (SO7507),замінити першим фото №1,1,https://sexopt.com.ua/content/images/2/so7507-49741829902806.jpg,2,4,жіноча червона мінісукня з латексу вид ззаду
SO7508,Плаття Art of Sex Jaklin 2XL Червоний (SO7508),замінити першим фото №1,1,https://sexopt.com.ua/content/images/3/62371445261274.jpg,2,4,жіноча червона мінісукня з латексу вид ззаду
SO7509,Панчохи Art of Sex Niks XS Червоний (SO7509),перше фото придатне,,,1,4,жіночий червоний латексний пояс для панчіх
SO7510,Панчохи Art of Sex Niks 2XL Червоний (SO7510),перше фото придатне,,,1,4,жіночий червоний лаковий поясок для панчіх
SO7558,Passion THONG COLLIN L/XL Чорний (SO7558),замінити першим фото №4,4,https://sexopt.com.ua/content/images/10/so7558-25597768496094.jpg,5,6,чоловічі прозорі труси
SO7559,Passion THONG COLLIN S/M Чорний (SO7559),замінити першим фото №2,2,https://sexopt.com.ua/content/images/11/so7559-71851907086621.jpg,3,6,чоловіча білизна
SO7560,Passion THONG COLLIN XXL/XXXL Чорний (SO7560),замінити першим фото №2,2,https://sexopt.com.ua/content/images/12/so7560-45766445220048.jpg,3,6,чоловічі труси-стрінги
SO7567,Passion SHORT JAMES L/XL Чорний (SO7567),замінити першим фото №4,4,https://sexopt.com.ua/content/images/19/so7567-17457622418843.jpg,5,6,чоловічі труси-боксерки
SO7568,Passion SHORT JAMES S/M Чорний (SO7568),замінити першим фото №2,2,https://sexopt.com.ua/content/images/20/so7568-13614928978011.jpg,3,6,чоловічі прозорі труси-боксери
SO7569,Passion SHORT JAMES XXL/XXXL Чорний (SO7569),замінити першим фото №2,2,https://sexopt.com.ua/content/images/21/so7569-83916257118115.jpg,3,6,чоловічі прозорі труси-боксери
SO7591,Боді Passion LEON L/XL Чорний (SO7591),замінити першим фото №4,4,https://sexopt.com.ua/content/images/43/so7591-50693852243451.jpg,5,6,чоловічий сітчастий боді
SO7592,Боді Passion LEON S/M Чорний (SO7592),замінити першим фото №4,4,https://sexopt.com.ua/content/images/44/so7592-36824344134324.jpg,5,6,чоловік у чорному сітчастому боді
SO7593,Боді Passion LEON XXL/XXXL Чорний (SO7593),замінити першим фото №4,4,https://sexopt.com.ua/content/images/45/so7593-51447899829350.jpg,5,6,чоловічий чорний сітчастий боди
SO7609,Passion SHORT PARKER L/XL Червоний (SO7609),перше фото придатне,,,1,6,чоловічі червоні труси-боксери з принтом
SO7610,Passion SHORT PARKER S/M Червоний (SO7610),перше фото придатне,,,1,6,чоловічі червоні труси-боксери на моделі
SO7611,Passion SHORT PARKER XXL/XXXL Червоний (SO7611),перше фото придатне,,,1,6,чоловічі червоні труси-боксери з принтом
SO7615,Passion SHORT DAVID L/XL Чорний (SO7615),перше фото придатне,,,1,6,чоловік у чорних шкіряних шортах з кнопками
SO7616,Passion SHORT DAVID S/M Чорний (SO7616),перше фото придатне,,,1,6,чорні короткі шкіряні шорти з металевими ґудзиками з боків на чоловікові
SO7618,Passion SHORT MATT L/XL Чорний (SO7618),перше фото придатне,,,1,5,чоловічі шкіряні шорти з блискавками
SO7619,Passion SHORT MATT S/M Чорний (SO7619),перше фото придатне,,,1,5,чоловічі шкіряні шорти з блискавками
SO7620,Passion SHORT MATT XXL/XXXL Чорний (SO7620),перше фото придатне,,,1,5,чоловічі чорні шкіряні шорти з блискавками
SO7621,Passion SHORT PATRICK L/XL Чорний (SO7621),перше фото придатне,,,1,6,чорні чоловічі труси-боксерки під шкіру
SO7622,Passion SHORT PATRICK S/M Чорний (SO7622),перше фото придатне,,,1,6,чорні чоловічі труси-боксерки
SO7623,Passion SHORT PATRICK XXL/XXXL Чорний (SO7623),перше фото придатне,,,1,6,чоловічі чорні труси-шорти з екошкіри
SO7640,Боді Passion Exclusive Ivena XXL/XXXL Чорний (SO7640),замінити першим фото №2,2,https://sexopt.com.ua/content/images/42/so7640-79184103205566.jpg,3,4,жінка в чорному портупейному комплекті білизни
SO7641,Passion MT001 One size Рожевий (SO7641),перше фото придатне,,,1,2,рожеві жіночі трусики
SO7642,Passion MT019 One size Чорний (SO7642),перше фото придатне,,,1,2,жіночі чорні міні-трусики стрінги на моделі
SO7643,Passion MT019 One size Синій (SO7643),перше фото придатне,,,1,2,жіночі трусики-танга
SO7644,Passion MT019 One size (SO7644),перше фото придатне,,,1,2,жіночі трусики-танга
SO7645,Passion MT019 One size Зелений (SO7645),перше фото придатне,,,1,2,жіночі трусики-танга
SO7646,Passion MT019 One size Оранжевий (SO7646),перше фото придатне,,,1,2,жіночі трусики на моделі
SO7647,Passion MT019 One size Білий (SO7647),перше фото придатне,,,1,2,жіночі трусики міні-стрінги в горошок
SO7648,Трусики Passion Exclusive NICKY THONG XXL/XXXL Чорний (SO7648),замінити першим фото №2,2,https://sexopt.com.ua/content/images/50/so7648-36027916725345.jpg,3,3,жіноча білизна
SO7649,Панчохи Passion ST001 Білий (SO7649),замінити першим фото №2,2,https://sexopt.com.ua/content/images/1/so7649-70497380049859.jpg,3,3,білі панчохи на ногах
SO7655,Трусики Art of Sex SEA XS Білий (SO7655),перше фото придатне,,,1,4,жіночий сріблястий портупея-пояс з камінцями
SO7736,Трусики Art of Sex SEA XS Білий (SO7736),перше фото придатне,,,1,4,жіноча білизна з золотистими стрічками та підвіскою
SO7761,Art of Sex Sweet Angel XS Білий (SO7761),немає придатного фото,,,4,4,жіночий комплект білизни з перлами
SO7762,Art of Sex Sweet Angel 2XL Білий (SO7762),немає придатного фото,,,4,4,жіноча білизна з перлами
SO7866,Комплект Obsessive Celia Noir 2-pcs M/L Прозорий (SO7866),перше фото придатне,,,1,5,жіноча чорна прозора білизна
SO7867,Комплект Obsessive Celia Noir 2-pcs XL/2XL Прозорий (SO7867),перше фото придатне,,,1,5,жіноча чорна прозора білизна
SO7911,Панчохи Leg Avenue Sheer backseam stockings one size Чорний (SO7911),замінити першим фото №1,1,https://sexopt.com.ua/content/images/24/so7911-48118415057411.jpg,2,3,жіночі панчохи з поясом
SO7914,Панчохи Leg Avenue Sheer Stockings Чорний (SO7914),перше фото придатне,,,1,2,чорні панчохи на ніжках з поясом
SO8161,Боді Obsessive B139 crotchless teddy L S/M (SO8161),замінити першим фото №2,2,https://sexopt.com.ua/content/images/34/so8161-78277069176955.jpg,3,4,жіноче чорне еротичне боді в сітку
SO8167,Боді Obsessive Heavenlly crotchless teddy M/L Прозорий (SO8167),перше фото придатне,,,1,5,жіноче біле боді з мереживом на моделі
SO8168,Боді Obsessive Heavenlly crotchless teddy XL/2XL Прозорий (SO8168),перше фото придатне,,,1,5,жіноче біле боді з мереживом на моделі
SO8177,Комплект Obsessive Heavenlly 2-pcs cupless XL/2XL (SO8177),перше фото придатне,,,1,5,жіноча біла білизна
SO8191,Комплект Obsessive K101 skirt L S/M Прозорий (SO8191),замінити першим фото №2,2,https://sexopt.com.ua/content/images/14/so8191-12917270218937.jpg,3,4,жіночий чорний костюм у сітку з топом і спідницею
SO8193,Боді Moonlight Model XL- XXXL Чорний (SO8193),перше фото придатне,,,1,7,жінка в чорному мереживному боді та панчохах
SO8195,Боді Moonlight Model XL- XXXL Чорний (SO8195),перше фото придатне,,,1,6,жіночий чорний костюм у сітку
SO8200,Боді Moonlight Model XL- XXXL Чорний (SO8200),перше фото придатне,,,1,6,жіноче чорне боди в сіточку з блискітками та довгими рукавами
SO8335,Панчохи JSY One Size Чорний (SO8335),перше фото придатне,,,1,5,жіночий чорний корсет із панчохами у сітку
SO8363,Боді JSY Size Чорний (SO8363),перше фото придатне,,,1,5,жіноче чорне мереживне боді з довгими прозорими рукавами
SO8378,Боді JSY Size Чорний (SO8378),перше фото придатне,,,1,2,жіноче чорне боді plus-size
SO8379,Боді JSY Size Чорний (SO8379),перше фото придатне,,,1,2,жіноче чорне боді з латексу та сітки з портупеєю
SO8380,Комплект JSY Size Чорний (SO8380),перше фото придатне,,,1,2,жіноче чорне мереживне боді великого розміру
SO8381,Комплект JSY Size Білий (SO8381),перше фото придатне,,,1,2,жіноче біле мереживне боді на моделі
SO8384,Комплект JSY Size Чорний (SO8384),перше фото придатне,,,1,2,"жіноча білизна, корсет з панчохами на моделі"
SO8423,Комплект Passion DELIENA XXL/XXXL Чорний (SO8423),замінити першим фото №2,2,https://sexopt.com.ua/content/images/44/so8423-54175611271278.jpg,3,6,жіноча чорна мереживна білизна з панчохами
SO8427,Боді Passion DOMINICA L/XL Чорний (SO8427),замінити першим фото №2,2,https://sexopt.com.ua/content/images/48/so8427-72648226526467.jpg,3,5,жіноче чорне боді у горошок з комірцем
SO8428,Боді Passion DOMINICA S/M Чорний (SO8428),замінити першим фото №2,2,https://sexopt.com.ua/content/images/49/so8428-12201188962437.jpg,3,5,жіноче чорне боді в горошок
SO8429,Боді Passion DOMINICA XXL/XXXL Чорний (SO8429),замінити першим фото №2,2,https://sexopt.com.ua/content/images/50/so8429-19072528047351.jpg,3,5,жіноче чорне боді у горошок
SO8430,Корсет Passion DOMINICA CORSET beige L/XL Бежевий (SO8430),замінити першим фото №2,2,https://sexopt.com.ua/content/images/1/so8430-18074431315096.jpg,3,5,жіноча білизна
SO8431,Корсет Passion DOMINICA CORSET beige S/M Бежевий (SO8431),замінити першим фото №2,2,https://sexopt.com.ua/content/images/2/so8431-94713118649625.jpg,3,5,жіноча еротична білизна у горошок
SO8432,Корсет Passion DOMINICA CORSET beige XXL/XXXL Бежевий (SO8432),замінити першим фото №2,2,https://sexopt.com.ua/content/images/3/so8432-14135098218968.jpg,3,5,жіноча еротична білизна в горошок
SO8433,Корсет Passion DOMINICA CORSET L/XL Чорний (SO8433),замінити першим фото №2,2,https://sexopt.com.ua/content/images/4/so8433-27356323708240.jpg,3,4,жіноча еротична білизна
SO8434,Корсет Passion DOMINICA CORSET S/M Чорний (SO8434),замінити першим фото №2,2,https://sexopt.com.ua/content/images/5/so8434-15837457989899.jpg,3,4,жіноча еротична білизна
SO8435,Корсет Passion DOMINICA CORSET XXL/XXXL Чорний (SO8435),замінити першим фото №2,2,https://sexopt.com.ua/content/images/6/so8435-90635956441067.jpg,3,4,жіноча еротична білизна
SO8436,Комплект Passion GABI beige L/XL Бежевий (SO8436),замінити першим фото №2,2,https://sexopt.com.ua/content/images/7/so8436-71539385637001.jpg,3,5,жіноча білизна
SO8437,Комплект Passion GABI beige S/M Бежевий (SO8437),немає придатного фото,,,5,5,жіноча білизна з панчохами
SO8445,Корсет Passion JANNIES CORSET L/XL Чорний (SO8445),замінити першим фото №2,2,https://sexopt.com.ua/content/images/16/so8445-68927042420826.jpg,3,5,жіноча еротична білизна з панчохами
SO8446,Корсет Passion JANNIES CORSET S/M Чорний (SO8446),замінити першим фото №2,2,https://sexopt.com.ua/content/images/17/so8446-64289643202342.jpg,3,5,жіноча еротична білизна
SO8447,Корсет Passion JANNIES CORSET XXL/XXXL Чорний (SO8447),замінити першим фото №2,2,https://sexopt.com.ua/content/images/18/so8447-90955344482923.jpg,3,5,жіноча еротична білизна
SO8448,Боді Passion MOONLIGHT L/XL Чорний (SO8448),замінити першим фото №2,2,https://sexopt.com.ua/content/images/19/so8448-52655896804365.jpg,3,5,жінка в чорному сітчастому боді з цензурою на грудях
SO8449,Боді Passion MOONLIGHT S/M Чорний (SO8449),замінити першим фото №2,2,https://sexopt.com.ua/content/images/20/so8449-55805229482388.jpg,3,5,жіноче чорне боді в сітку
SO8450,Боді Passion MOONLIGHT XXL/XXXL Чорний (SO8450),замінити першим фото №2,2,https://sexopt.com.ua/content/images/21/so8450-62102889409811.jpg,3,5,жіноче чорне боді в сітку
SO8451,Комплект Passion MOONLIGHT L/XL Чорний (SO8451),замінити першим фото №2,2,https://sexopt.com.ua/content/images/22/so8451-16426949748192.jpg,3,5,жіноча секси-білизна з сітки
SO8452,Комплект Passion MOONLIGHT S/M Чорний (SO8452),замінити першим фото №2,2,https://sexopt.com.ua/content/images/23/so8452-50286804170712.jpg,3,5,жіноча білизна з сітки та шкірозамінника
SO8453,Комплект Passion MOONLIGHT XXL/XXXL Чорний (SO8453),замінити першим фото №2,2,https://sexopt.com.ua/content/images/24/so8453-40143354087704.jpg,3,5,жіноча секси-білизна з сітки та екошкіри
SO8454,Корсет Passion NESSY CORSET L/XL Чорний (SO8454),замінити першим фото №2,2,https://sexopt.com.ua/content/images/25/so8454-81215337449176.jpg,3,5,жіноча еротична білизна з корсетом і панчохами
SO8455,Корсет Passion NESSY CORSET S/M Чорний (SO8455),замінити першим фото №2,2,https://sexopt.com.ua/content/images/26/so8455-83547114235496.jpg,3,5,жіноча еротична білизна з корсетом і панчохами
SO8456,Корсет Passion NESSY CORSET XXL/XXXL Чорний (SO8456),замінити першим фото №2,2,https://sexopt.com.ua/content/images/27/so8456-49569633479444.jpg,3,5,жіноча еротична білизна з корсетом і панчохами
SO8457,Комплект Passion NESSY L/XL Чорний (SO8457),замінити першим фото №2,2,https://sexopt.com.ua/content/images/28/so8457-51801135390714.jpg,3,5,жіноча білизна з поясом для панчіх
SO8458,Комплект Passion NESSY S/M Чорний (SO8458),замінити першим фото №2,2,https://sexopt.com.ua/content/images/29/so8458-96480708290236.jpg,3,5,жіноча білизна з поясом для панчіх
SO8459,Комплект Passion NESSY XXL/XXXL Чорний (SO8459),замінити першим фото №2,2,https://sexopt.com.ua/content/images/30/so8459-89926917177643.jpg,3,5,жіноча білизна з поясом для панчіх
SO8463,Корсет Passion PEONIA CORSET L/XL Червоний (SO8463),перше фото придатне,,,1,6,жінка в червоному боді з панчохами
SO8464,Корсет Passion PEONIA CORSET S/M Червоний (SO8464),перше фото придатне,,,1,6,жінка в червоному боді з панчохами
SO8469,Боді Passion SATARA L/XL Чорний (SO8469),перше фото придатне,,,1,5,жіноче боді
SO8470,Боді Passion SATARA S/M Чорний (SO8470),перше фото придатне,,,1,5,жіноче чорне боді
SO8471,Боді Passion SATARA XXL/XXXL Чорний (SO8471),перше фото придатне,,,1,5,жіноче чорне боді
SO8472,Боді Passion SATARA L/XL Червоний (SO8472),замінити першим фото №2,2,https://sexopt.com.ua/content/images/43/so8472-77876535238523.jpg,3,5,жіноче чорне боді з червоною облямівкою та блискітками цензури
SO8473,Боді Passion SATARA S/M Червоний (SO8473),замінити першим фото №2,2,https://sexopt.com.ua/content/images/44/so8473-55945891017836.jpg,3,5,жіноче боді
SO8474,Боді Passion SATARA XXL/XXXL Червоний (SO8474),замінити першим фото №2,2,https://sexopt.com.ua/content/images/45/so8474-14997216268355.jpg,3,5,жіноче чорне боді з червоною окантовкою
SO8475,Корсет Passion SATARA CORSET L/XL Чорний (SO8475),замінити першим фото №2,2,https://sexopt.com.ua/content/images/46/so8475-64966257842064.jpg,3,5,жіноча еротична білизна
SO8476,Корсет Passion SATARA CORSET S/M Чорний (SO8476),замінити першим фото №2,2,https://sexopt.com.ua/content/images/47/so8476-76105235752712.jpg,3,5,жіноча еротична білизна
SO8477,Корсет Passion SATARA CORSET XXL/XXXL Чорний (SO8477),замінити першим фото №2,2,https://sexopt.com.ua/content/images/48/so8477-63790816530992.jpg,3,5,жіноча еротична білизна
SO8478,Корсет Passion SATARA CORSET L/XL Червоний (SO8478),замінити першим фото №2,2,https://sexopt.com.ua/content/images/49/so8478-64681230373793.jpg,3,5,жіноча еротична білизна
SO8479,Корсет Passion SATARA CORSET S/M Червоний (SO8479),замінити першим фото №2,2,https://sexopt.com.ua/content/images/50/so8479-75283869249219.jpg,3,5,жіноча еротична білизна
SO8480,Корсет Passion SATARA CORSET XXL/XXXL Червоний (SO8480),замінити першим фото №2,2,https://sexopt.com.ua/content/images/1/so8480-27982170201705.jpg,3,5,жіноча еротична білизна
SO8484,Комплект Passion SATARA L/XL Червоний (SO8484),замінити першим фото №2,2,https://sexopt.com.ua/content/images/5/so8484-57742148576372.jpg,3,5,жіноча білизна
SO8485,Комплект Passion SATARA S/M Червоний (SO8485),перше фото придатне,,,1,5,жіноча білизна з поясом для панчіх
SO8488,Боді Passion TASMINA L/XL Чорний (SO8488),замінити першим фото №2,2,https://sexopt.com.ua/content/images/8/so8488-26441597823615.jpg,3,5,жіноча еротична білизна
SO8489,Боді Passion TASMINA XXL/XXXL Чорний (SO8489),замінити першим фото №2,2,https://sexopt.com.ua/content/images/9/so8489-99293362777968.jpg,3,5,жіноча еротична білизна
SO8493,Колготки Passion 1/2 Чорний (SO8493),перше фото придатне,,,1,6,чорні колготки з вирізом
SO8494,Колготки Passion 3/4 Чорний (SO8494),перше фото придатне,,,1,6,чорні жіночі колготки з вирізом
SO8495,Колготки Passion 3/4 Чорний (SO8495),перше фото придатне,,,1,6,чорні колготки з імітацією панчіх та вирізом
SO8518,Art of Sex Vartal (SO8518),перше фото придатне,,,1,4,шкіряний чоловічий поясок вірності з замком
SO8553,Комбінезон Leg Avenue Wetlook Catsuit S S Чорний (SO8553),замінити першим фото №3,3,https://sexopt.com.ua/content/images/34/so8553-20715063235326.jpg,4,5,жінка в чорному латексному комбінезоні
SO8554,Комбінезон Leg Avenue Wetlook Catsuit M M Чорний (SO8554),замінити першим фото №3,3,https://sexopt.com.ua/content/images/35/so8554-44472649472179.jpg,4,5,жіночий чорний латексний комбінезон
SO8555,Комбінезон Leg Avenue Wetlook Catsuit L L Чорний (SO8555),замінити першим фото №3,3,https://sexopt.com.ua/content/images/36/so8555-17134525964505.jpg,4,5,жіночий чорний латексний комбінезон на блискавці
SO8556,Комбінезон Leg Avenue Wetlook Catsuit XL XL Чорний (SO8556),замінити першим фото №3,3,https://sexopt.com.ua/content/images/37/so8556-46252958901194.jpg,4,5,жінка в чорному латексному комбінезоні на блискавці
SO8557,Leg Avenue Lace net halter teddy One size Чорний (SO8557),перше фото придатне,,,1,8,жіноче чорне мереживне боді
SO8583,Leg Avenue Strawberry ruffle anklets One size (SO8583),перше фото придатне,,,1,7,білі шкарпетки з мереживом та принтом полуниці на ногах у чорних туфлях
SO8599,Панчохи Leg Avenue thigh highs bow One sice Чорний (SO8599),перше фото придатне,,,1,5,жіночі панчохи в сітку з поясом для панчіх
SO8605,Leg Avenue Rhinestone net hooded teddy One size Чорний (SO8605),перше фото придатне,,,1,3,"жіноче чорне боді в сітку з довгими рукавами та капюшоном, прикрашене стразами"
SO8607,Leg Avenue Teddy strappy open back One size Чорний (SO8607),замінити першим фото №3,3,https://sexopt.com.ua/content/images/38/so8607-91382708213112.jpg,4,6,жіночий чорний латексний комплект білизни
SO8608,Leg Avenue Net lace crotchless teddy One size Чорний (SO8608),перше фото придатне,,,1,4,жіноче чорне мереживне боді-панчоха
SO8651,Корсет Obsessive Lacelove corset XL/2XL Червоний (SO8651),перше фото придатне,,,1,7,жіноче червоне боді з панчохами
SO8666,Боді Obsessive Selinne teddy XL/2XL Чорний (SO8666),перше фото придатне,,,1,7,жіноче чорне боді
SO9020,Боді Obsessive 818-TED-1 teddy XS/S Чорний (SO9020),перше фото придатне,,,1,8,жіноче чорне боді
SO9021,Боді Obsessive 818-TED-1 teddy M/L Чорний (SO9021),перше фото придатне,,,1,8,жіноче чорне боді
SO9027,Боді Obsessive Ingridia crotchless teddy XL/2XL Червоний (SO9027),перше фото придатне,,,1,7,жіноче червоне боді
SO9033,Комплект Obsessive Ingridia 2-pcs crotchless XL/2XL Червоний (SO9033),перше фото придатне,,,1,7,жіноча червона білизна
SO9144,Аксесуари Leg Avenue Strappy Rhinestone Garterbelt One Size Тілесний (SO9144),перше фото придатне,,,1,3,жіноча білизна з поясом для панчіх та панчохи
SO9149,Боді Leg Avenue bodysuit thong back Чорний (SO9149),перше фото придатне,,,1,6,жінка в чорному сітчастому боді
SO9150,Боді Leg Avenue bodysuit thong back Білий (SO9150),перше фото придатне,,,1,6,жіноче біле еротичне боді в сіточку
SO9156,Комплект Leg Avenue Crop garter Чорний (SO9156),перше фото придатне,,,1,7,жінка в чорному мереживному комплекті білизни з панчохами
SO9262,Комплект JSY One Size Чорний (SO9262),замінити першим фото №1,1,https://sexopt.com.ua/content/images/19/so9262-62727323237558.jpg,2,4,жіноча білизна-сітка
SO9320,Трусики Feral Feelings String Чорний (SO9320),перше фото придатне,,,1,2,чорні шкіряні труси-стрінги з металевими кільцями та ремінцями
SO9321,Трусики Feral Feelings String Trasparent (SO9321),перше фото придатне,,,1,2,блакитні прозорі трусики з кільцями та пряжками
SO9331,Трусики Feral Feelings String Trasparent Червоний (SO9331),перше фото придатне,,,1,2,червоні лакові трусики з кільцями та ремінцями
SO9332,Трусики Feral Feelings String Червоний (SO9332),перше фото придатне,,,1,2,червоні латексні труси-стрінги з кільцями та ремінцями
SO9423,Трусики Feral Feelings String Чорний (SO9423),перше фото придатне,,,1,3,шкіряні труси-портупея
SO9424,Трусики Feral Feelings String Білий (SO9424),перше фото придатне,,,1,4,білі шкіряні труси-портупея з металевими кільцями
SO9425,Трусики Feral Feelings String Червоний (SO9425),перше фото придатне,,,1,4,червоні шкіряні труси
SO9566,Комбінезон D&amp;A Annette XS/S Червоний (SO9566),замінити першим фото №2,2,https://sexopt.com.ua/content/images/25/so9566-79457698107884.jpg,3,4,жіночий червоний латексний комбінезон
SO9567,Комбінезон D&amp;A Annette M Червоний (SO9567),замінити першим фото №2,2,https://sexopt.com.ua/content/images/26/80773758424263.jpg,3,4,жіночий червоний латексний комбінезон
SO9568,Комбінезон D&amp;A Annette L Червоний (SO9568),замінити першим фото №2,2,https://sexopt.com.ua/content/images/27/96390980265266.jpg,3,4,жінка в червоному латексному комбінезоні
SO9569,Комбінезон D&amp;A Annette XL Червоний (SO9569),замінити першим фото №2,2,https://sexopt.com.ua/content/images/28/63895479089073.jpg,3,4,жіночий червоний лаковий комбінезон
SO9657,Трусики Art of Sex Cross XS Чорний (SO9657),замінити першим фото №2,2,https://sexopt.com.ua/content/images/48/so9657-38088867612418.jpg,3,5,шкіряна портупея з металевими ланцюжками на тілі
SO9658,Трусики Art of Sex Cross 2XL Чорний (SO9658),замінити першим фото №2,2,https://sexopt.com.ua/content/images/47/so9658-44589656272501.jpg,3,5,шкіряний портупеєчний пояс з ланцюжками на тілі
SO9695,Боді Passion CHIKA L/XL (SO9695),замінити першим фото №2,2,https://sexopt.com.ua/content/images/43/so9695-65898199888969.jpg,3,7,жіноче еротичне боді
SO9696,Боді Passion CHIKA S/M (SO9696),замінити першим фото №2,2,https://sexopt.com.ua/content/images/44/so9696-34278599068208.jpg,3,7,жіноче еротичне боді
SO9697,Боді Passion CHIKA XXL/XXXL (SO9697),замінити першим фото №2,2,https://sexopt.com.ua/content/images/45/so9697-67634661462656.jpg,3,7,жіноче еротичне боді
SO9698,Комплект Passion CHIKA L/XL (SO9698),перше фото придатне,,,1,7,жіноча білизна
SO9699,Комплект Passion CHIKA S/M (SO9699),перше фото придатне,,,1,7,жіноча білизна
SO9700,Комплект Passion CHIKA XXL/XXXL (SO9700),перше фото придатне,,,1,7,жіноча білизна
SO9707,Боді Passion ECO S006 Білий (SO9707),замінити першим фото №2,2,https://sexopt.com.ua/content/images/38/so9707-63071850368876.jpg,3,10,жіночі білі колготки-сітка
SO9714,Боді Passion MARINA L/XL Бежевий (SO9714),замінити першим фото №2,2,https://sexopt.com.ua/content/images/49/so9714-54666897165643.jpg,3,7,жіноче боді
SO9715,Боді Passion MARINA S/M Бежевий (SO9715),замінити першим фото №2,2,https://sexopt.com.ua/content/images/50/so9715-45640769700474.jpg,3,7,жіноче боді в горошок
SO9716,Боді Passion MARINA XXL/XXXL Бежевий (SO9716),замінити першим фото №2,2,https://sexopt.com.ua/content/images/1/so9716-92153201230338.jpg,3,7,жіноче боді в горошок
SO9717,Боді Passion MARINA L/XL Чорний (SO9717),замінити першим фото №2,2,https://sexopt.com.ua/content/images/3/so9717-38005081293018.jpg,3,7,жіноче чорне боді в горошок
SO9718,Боді Passion MARINA S/M Чорний (SO9718),замінити першим фото №2,2,https://sexopt.com.ua/content/images/2/so9718-79188502775863.jpg,3,7,жіноче чорне боді в горошок
SO9719,Боді Passion MARINA XXL/XXXL Чорний (SO9719),замінити першим фото №2,2,https://sexopt.com.ua/content/images/4/so9719-63060452141955.jpg,3,7,жіноче чорне боді в горошок
SO9726,Корсет Passion MARINA CORSET L/XL Бежевий (SO9726),замінити першим фото №2,2,https://sexopt.com.ua/content/images/26/so9726-17898220221870.jpg,3,7,жіноче боді у горошок з поясом для панчіх
SO9727,Корсет Passion MARINA CORSET S/M Бежевий (SO9727),замінити першим фото №2,2,https://sexopt.com.ua/content/images/27/so9727-96806651714425.jpg,3,7,жіноче боді з панчохами у горошок
SO9728,Корсет Passion MARINA CORSET XXL/XXXL Бежевий (SO9728),замінити першим фото №2,2,https://sexopt.com.ua/content/images/28/so9728-73664972374413.jpg,3,7,жіноче боді з панчохами у горошок
SO9729,Корсет Passion MARINA CORSET L/XL Чорний (SO9729),замінити першим фото №2,2,https://sexopt.com.ua/content/images/29/so9729-62432426597781.jpg,3,7,жіноча еротична білизна
SO9730,Корсет Passion MARINA CORSET S/M Чорний (SO9730),замінити першим фото №2,2,https://sexopt.com.ua/content/images/30/so9730-56908091970851.jpg,3,7,жіноча еротична білизна
SO9731,Корсет Passion MARINA CORSET XXL/XXXL Чорний (SO9731),замінити першим фото №2,2,https://sexopt.com.ua/content/images/31/so9731-56160956134058.jpg,3,7,жіноча еротична білизна
SO9732,Комплект Passion MARINA OPEN L/XL Бежевий (SO9732),замінити першим фото №2,2,https://sexopt.com.ua/content/images/20/so9732-74136709801373.jpg,3,7,жіноча білизна в горошок
SO9733,Комплект Passion MARINA OPEN S/M Бежевий (SO9733),замінити першим фото №2,2,https://sexopt.com.ua/content/images/21/so9733-83038374372644.jpg,3,7,жіноча білизна в горошок
SO9734,Комплект Passion MARINA OPEN XXL/XXXL Бежевий (SO9734),замінити першим фото №2,2,https://sexopt.com.ua/content/images/22/so9734-67722292658996.jpg,3,7,жіноча білизна в горошок
SO9735,Комплект Passion MARINA OPEN L/XL Чорний (SO9735),замінити першим фото №2,2,https://sexopt.com.ua/content/images/23/so9735-82003288899858.jpg,3,7,жіноча білизна
SO9736,Комплект Passion MARINA OPEN S/M Чорний (SO9736),замінити першим фото №2,2,https://sexopt.com.ua/content/images/24/so9736-52809572307557.jpg,3,7,жіноча білизна
SO9737,Комплект Passion MARINA OPEN XXL/XXXL Чорний (SO9737),замінити першим фото №2,2,https://sexopt.com.ua/content/images/25/so9737-15708228830518.jpg,3,7,жіноча білизна
SO9738,Боді Passion TRISHA L/XL Бежевий (SO9738),замінити першим фото №2,2,https://sexopt.com.ua/content/images/5/so9738-33163658821818.jpg,3,7,жіноче еротичне боді з комірцем
SO9739,Боді Passion TRISHA S/M Бежевий (SO9739),замінити першим фото №2,2,https://sexopt.com.ua/content/images/6/so9739-59750854270126.jpg,3,7,жіноче еротичне боді з комірцем
SO9740,Боді Passion TRISHA XXL/XXXL Бежевий (SO9740),замінити першим фото №2,2,https://sexopt.com.ua/content/images/7/so9740-42877953352034.jpg,3,7,жіноче еротичне боді з комірцем
SO9741,Боді Passion TRISHA L/XL Чорний (SO9741),замінити першим фото №2,2,https://sexopt.com.ua/content/images/8/so9741-46826931531417.jpg,3,7,жіноче еротичне боді в горошок з комірцем
SO9742,Боді Passion TRISHA S/M Чорний (SO9742),замінити першим фото №2,2,https://sexopt.com.ua/content/images/9/so9742-90312466162017.jpg,3,7,жіноче боди
SO9743,Боді Passion TRISHA XXL/XXXL Чорний (SO9743),замінити першим фото №2,2,https://sexopt.com.ua/content/images/10/so9743-97135915131450.jpg,3,7,жіноче відкрите боді у горошок з комірцем
SO9839,Трусики Art of Sex KISS panties M XS Чорний (SO9839),перше фото придатне,,,1,5,жіночі трусики-стрінги з металевим ланцюжком і підвіскою
SO9840,Трусики Art of Sex KISS panties L- 2XL Чорний (SO9840),перше фото придатне,,,1,5,жіночі трусики-стрінги з металевими ланцюжками
SO9974,Трусики Art of Sex Xena M XS Чорний (SO9974),замінити першим фото №2,2,https://sexopt.com.ua/content/images/44/so9974-83607671273011.jpg,3,4,шкіряний портупея-пояс з ланцюжками
SO9998,Трусики Art of Sex Xena 2XL Чорний (SO9998),замінити першим фото №2,2,https://sexopt.com.ua/content/images/15/so9998-11590596750774.jpg,3,4,шкіряний портупейний пояс з ланцюжками на тілі
SX0010,Noir Handmade P005 Panties XL XL (SX0010),замінити першим фото №3,3,https://sexopt.com.ua/content/images/21/sx0010-39307377293043.jpg,4,6,жіночі трусики
SX0029,Спідниця Noir Handmade F152 Powerwetlook pencil skirt S (SX0029),замінити першим фото №1,1,https://sexopt.com.ua/content/images/24/sx0029-27457813379220.jpg,2,6,жіноча чорна спідниця з екошкіри з шнурівкою та блискавкою ззаду
SX0030,Спідниця Noir Handmade F152 Powerwetlook pencil skirt M (SX0030),замінити першим фото №1,1,https://sexopt.com.ua/content/images/23/sx0030-52162992214316.jpg,2,6,жіноча чорна спідниця з екошкіри з шнурівкою та блискавкою ззаду
SX0031,Спідниця Noir Handmade F152 Powerwetlook pencil skirt L (SX0031),замінити першим фото №1,1,https://sexopt.com.ua/content/images/22/sx0031-86287012138015.jpg,2,6,чорна шкіряна спідниця з шнурівкою ззаду
SX0032,Спідниця Noir Handmade F152 Powerwetlook pencil skirt XL (SX0032),замінити першим фото №1,1,https://sexopt.com.ua/content/images/25/sx0032-18069746258134.jpg,2,6,жіноча чорна спідниця з екошкіри з шнурівкою та блискавкою ззаду
SX0033,Спідниця Noir Handmade F152 Powerwetlook pencil skirt XXL (SX0033),замінити першим фото №1,1,https://sexopt.com.ua/content/images/26/sx0033-91457381374126.jpg,2,6,чорна шкіряна спідниця з шнурівкою
SX0034,Спідниця Noir Handmade F152 Powerwetlook pencil skirt 3XL (SX0034),замінити першим фото №1,1,https://sexopt.com.ua/content/images/21/sx0034-56851290605545.jpg,2,6,жіноча чорна шкіряна спідниця з шнурівкою та блискавкою ззаду
SX0053,Боді Noir Handmade F183 Powerwetlook S (SX0053),перше фото придатне,,,1,5,жіноче чорне боді з латексу та прозорої сітки
SX0054,Боді Noir Handmade F183 Powerwetlook M (SX0054),перше фото придатне,,,1,5,жіноче чорне боді з латексу та сітки
SX0055,Боді Noir Handmade F183 Powerwetlook L (SX0055),перше фото придатне,,,1,5,жіноче чорне боді з латексу та сітки
SX0056,Боді Noir Handmade F183 Powerwetlook XL (SX0056),перше фото придатне,,,1,5,жіноче чорне боді з латексу та сітки
SX0057,Боді Noir Handmade F183 Powerwetlook XXL (SX0057),перше фото придатне,,,1,5,жіноче чорне боді з латексу та сітки
SX0058,Боді Noir Handmade F183 Powerwetlook 3XL (SX0058),перше фото придатне,,,1,5,жіноче чорне боді з латексу та сітки
SX0321,Боді Noir Handmade F314 Ego S Чорний (SX0321),перше фото придатне,,,1,7,жіноче чорне прозоре боді з візерунками та блискавкою
SX0322,Боді Noir Handmade F314 Ego M Чорний (SX0322),перше фото придатне,,,1,7,жіноче чорне прозоре боді з візерунками та блискавкою спереду
SX0323,Боді Noir Handmade F314 Ego L Чорний (SX0323),перше фото придатне,,,1,7,жіноче чорне прозоре боді з візерунками та блискавкою спереду
SX0324,Боді Noir Handmade F314 Ego XL Чорний (SX0324),перше фото придатне,,,1,7,жіноче чорне прозоре боді з візерунками та блискавкою
SX0325,Боді Noir Handmade F314 Ego XXL Чорний (SX0325),перше фото придатне,,,1,7,жіноче чорне прозоре боді з візерунками та блискавкою
SX0326,Боді Noir Handmade F314 Ego 3XL Чорний (SX0326),перше фото придатне,,,1,7,жіноче чорне прозоре боді з візерунками та блискавкою спереду
SX0363,Боді Noir Handmade F322 Paparazzi S Прозорий (SX0363),перше фото придатне,,,1,10,жіноче чорне прозоре боді на моделі
SX0364,Боді Noir Handmade F322 Paparazzi M Прозорий (SX0364),перше фото придатне,,,1,10,жіноче чорне прозоре боді
SX0365,Боді Noir Handmade F322 Paparazzi L Прозорий (SX0365),перше фото придатне,,,1,10,жінка в чорному прозорому боді
SX0366,Боді Noir Handmade F322 Paparazzi XL Прозорий (SX0366),перше фото придатне,,,1,10,жінка в чорному прозорому боді
SX0367,Боді Noir Handmade F322 Paparazzi XXL Прозорий (SX0367),перше фото придатне,,,1,10,жінка в чорному прозорому боді
SX0368,Боді Noir Handmade F322 Paparazzi 3XL Прозорий (SX0368),перше фото придатне,,,1,10,жінка в чорному прозорому боді
SX0403,Панчохи JSY One Size (SX0403),замінити першим фото №1,1,https://sexopt.com.ua/content/images/49/sx0403-82337351033219.jpg,2,7,жіночий чорний корсет з панчохами та стрінгами
SX0404,Панчохи JSY One Size (SX0404),перше фото придатне,,,1,7,"жіноча білизна, корсет з поясом для панчіх та трусики"
SX0440,Комплект JSY Black L/XL Чорний (SX0440),замінити першим фото №1,1,https://sexopt.com.ua/content/images/39/28196913032645.jpg,2,4,жінка в чорній білизні та панчохах у сітку
SX0441,Комплект JSY Red One Size Червоний (SX0441),немає придатного фото,,,2,2,жіноча еротична білизна з ланцюжками
SX0455,Боді Passion AMBERLY L/XL Чорний (SX0455),перше фото придатне,,,1,6,жіноче чорне боді
SX0456,Боді Passion AMBERLY S/M Чорний (SX0456),перше фото придатне,,,1,6,жіноче чорне боді
SX0596,Боді Obsessive Alissium Teddy XL/2XL Білий (SX0596),перше фото придатне,,,1,6,жіноче біле боді
SX0599,Боді Obsessive Alissium crotchless teddy XL/2XL (SX0599),перше фото придатне,,,1,4,жіноче біле боді на моделі
SX0610,Боді Obsessive Novenes teddy XS/S Прозорий (SX0610),перше фото придатне,,,1,7,жіноче чорне боді
SX0611,Боді Obsessive Novenes teddy M/L Прозорий (SX0611),перше фото придатне,,,1,7,жіноче чорне боді з сітки
SX0612,Боді Obsessive Novenes teddy XL/2XL Прозорий (SX0612),перше фото придатне,,,1,7,жіноче чорне боді з напівпрозорої сітки
SX0613,Комплект Obsessive Novenes corset thong XS/S Прозорий (SX0613),перше фото придатне,,,1,5,жіноча чорна прозора білизна-боді з панчохами
SX0614,Комплект Obsessive Novenes corset thong M/L Прозорий (SX0614),перше фото придатне,,,1,5,жінка в чорному прозорому боді з поясом для панчіх
SX0615,Комплект Obsessive Novenes corset thong XL/2XL Прозорий (SX0615),перше фото придатне,,,1,5,жіноча чорна прозора комбінація з підв'язками
SX1027,Трусики Obsessive Blomentis crotchless teddy M/L Прозорий (SX1027),перше фото придатне,,,1,7,жіноче чорне прозоре боді
SX1029,Боді Obsessive Blomentis crotchless teddy XL/2XL (SX1029),перше фото придатне,,,1,7,жіноче чорне прозоре боді
SX1043,Панчохи Leg Avenue Wild rose net thigh highs Чорний (SX1043),перше фото придатне,,,1,5,жіночі панчохи з поясом
SX1046,Leg Avenue Mini Bow Lace Anklet Чорний (SX1046),замінити першим фото №1,1,https://sexopt.com.ua/content/images/19/sx1046-25593547298446.jpg,2,8,жіночі чорні шкарпетки з мереживом та бантами на ногах
SX1048,Leg Avenue Sweetheart Ruffle Cuff Knee Highs Чорний (SX1048),замінити першим фото №1,1,https://sexopt.com.ua/content/images/21/sx1048-81474170309124.jpg,2,6,чорні ажурні гольфи на ногах моделі
SX1050,Колготки Leg Avenue Spandex micro net tights Чорний (SX1050),перше фото придатне,,,1,5,жіночі чорні колготки в сітку
SX1054,Колготки Leg Avenue Industrial Net footless tights Чорний (SX1054),перше фото придатне,,,1,5,жіночі колготки в сітку з трусиками
SX1065,Панчохи Leg Avenue Wide Rhinestone Sheer Stockings Чорний (SX1065),перше фото придатне,,,1,4,жіночі панчохи з поясом
SX1084,Трусики Leg Avenue Floral lace deep-V teddy Чорний (SX1084),перше фото придатне,,,1,5,жіноче чорне мереживне боді великого розміру
SX1729,Колготки Leg Avenue Rhinestone micro net tights size Чорний (SX1729),замінити першим фото №2,2,https://sexopt.com.ua/content/images/49/sx1729-34497889191255.jpg,3,6,жіночі колготки в сіточку зі стразами та чорна спідниця
SX1730,Колготки Leg Avenue Rhinestone micro net tights size Caramel (SX1730),перше фото придатне,,,1,5,жіночі колготки в сітку з блискітками та коротка срібляста спідниця
SX1784,Комплект JSY One Size Чорний (SX1784),перше фото придатне,,,1,4,жіноча білизна з поясом для панчіх та панчохи
SX1785,Комплект JSY One Size Чорний (SX1785),перше фото придатне,,,1,5,жіноча білизна з поясом для панчіх та панчохи у сітку
SX1821,Боді JSY JS228160 S/M Чорний (SX1821),замінити першим фото №1,1,https://sexopt.com.ua/content/images/11/sx1821-32762910588760.jpg,2,5,жіноче чорне мереживне боді
SX1822,Боді JSY JS228160 L/XL Чорний (SX1822),замінити першим фото №1,1,https://sexopt.com.ua/content/images/12/sx1822-69918136543210.jpg,2,5,жінка в чорному мереживному боді
SX1823,Боді JSY JS228161 S/M Чорний (SX1823),замінити першим фото №1,1,https://sexopt.com.ua/content/images/13/sx1823-86296521850629.jpg,2,6,жіноча чорна мереживна білизна з панчохами
SX1824,Боді JSY JS228161 L/XL Чорний (SX1824),замінити першим фото №1,1,https://sexopt.com.ua/content/images/14/sx1824-25842037033154.jpg,2,6,жіноча чорна мереживна білизна з панчохами
SX1868,Корсет JSY P61133 Size Чорний (SX1868),перше фото придатне,,,1,6,жіноче чорне боді з мереживом на модель
SX1869,Боді JSY P61139 Size Чорний (SX1869),перше фото придатне,,,1,6,жіноче чорне мереживне боді з довгими рукавами
SX1872,Боді JSY P61152 Size Чорний (SX1872),перше фото придатне,,,1,5,жіноче чорне боді
SX1873,Боді JSY P61153 Size Чорний (SX1873),перше фото придатне,,,1,6,жіноче чорне боді з латексу та мережива
SX1876,Боді JSY P61158 Size Чорний (SX1876),перше фото придатне,,,1,6,жіноче чорне міні-плаття з латексу та сітки
SX1913,Боді Passion KESMINA L/XL Чорний (SX1913),перше фото придатне,,,1,4,жіноче чорне боді
SX1914,Боді Passion KESMINA S/M Чорний (SX1914),перше фото придатне,,,1,4,жіноче чорне боді
SX1915,Боді Passion KESMINA XXL/XXXL Чорний (SX1915),перше фото придатне,,,1,4,жіноче чорне боді
SX1919,Корсет Passion KESMINA CORSET L/XL Чорний (SX1919),перше фото придатне,,,1,4,жіночий чорний комплект білизни з корсетом і панчохами
SX1920,Корсет Passion KESMINA CORSET S/M Чорний (SX1920),перше фото придатне,,,1,4,"жіноча білизна, корсет з поясом для панчіх та трусики"
SX1921,Корсет Passion KESMINA CORSET XXL/XXXL Чорний (SX1921),перше фото придатне,,,1,4,жіноча еротична білизна
SX1922,Комплект Passion KESMINA L/XL Чорний (SX1922),перше фото придатне,,,1,3,жіноча білизна
SX1923,Комплект Passion KESMINA S/M Чорний (SX1923),перше фото придатне,,,1,3,жіночий чорний комплект білизни
SX1924,Комплект Passion KESMINA XXL/XXXL Чорний (SX1924),перше фото придатне,,,1,3,жіноча чорна білизна на моделі
SX1934,Панчохи Passion S011 One Size Чорний (SX1934),замінити першим фото №1,1,https://sexopt.com.ua/content/images/1/sx1934-33037698975626.jpg,2,6,жіночі панчохи в сітку з поясом
SX1937,Колготки Passion TIOPEN Чорний (SX1937),перше фото придатне,,,1,4,жіночі колготки з леопардовим принтом та імітацією пояса
SX1940,Колготки Passion TIOPEN Чорний (SX1940),перше фото придатне,,,1,4,жіночі колготки в клітинку
SX2116,Шорти Noir Handmade F335 Powerwetlook shorts L L (SX2116),замінити першим фото №1,1,https://sexopt.com.ua/content/images/1/sx2116-69631335892318.jpg,2,9,жіночі чорні латексні шорти
SX2117,Шорти Noir Handmade F335 Powerwetlook shorts M M (SX2117),замінити першим фото №1,1,https://sexopt.com.ua/content/images/2/sx2117-60820947919257.jpg,2,9,жіночі чорні латексні шорти
SX2118,Шорти Noir Handmade F335 Powerwetlook shorts S S (SX2118),замінити першим фото №1,1,https://sexopt.com.ua/content/images/3/sx2118-97250209091166.jpg,2,9,жіночі чорні латексні шорти
SX2119,Шорти Noir Handmade F335 Powerwetlook shorts XL XL (SX2119),замінити першим фото №1,1,https://sexopt.com.ua/content/images/4/sx2119-57672137499623.jpg,2,9,жіночі чорні латексні шорти на моделі
SX2120,Шорти Noir Handmade F335 Powerwetlook shorts XXL (SX2120),замінити першим фото №1,1,https://sexopt.com.ua/content/images/5/sx2120-86199450150335.jpg,2,9,жіночі чорні латексні шорти
SX2121,Шорти Noir Handmade F335 Powerwetlook shorts 3XL (SX2121),замінити першим фото №1,1,https://sexopt.com.ua/content/images/50/sx2121-70789734153272.jpg,2,9,жіночі чорні латексні шорти
SX2122,Шорти Noir Handmade F356 powerwetlook shorts L L Червоний (SX2122),замінити першим фото №1,1,https://sexopt.com.ua/content/images/7/sx2122-27734193930450.jpg,2,9,жіночі латексні шорти червоного кольору ззаду
SX2123,Шорти Noir Handmade F356 powerwetlook shorts M M Червоний (SX2123),замінити першим фото №1,1,https://sexopt.com.ua/content/images/8/sx2123-32833548556458.jpg,2,9,жіночі латексні шорти червоного кольору ззаду
SX2124,Шорти Noir Handmade F356 powerwetlook shorts S S Червоний (SX2124),замінити першим фото №1,1,https://sexopt.com.ua/content/images/9/sx2124-99081146159525.jpg,2,9,жіночі червоні латексні шорти
SX2125,Шорти Noir Handmade F356 powerwetlook shorts XL XL Червоний (SX2125),замінити першим фото №1,1,https://sexopt.com.ua/content/images/10/sx2125-97803376625551.jpg,2,9,жіночі латексні шорти червоного кольору вид ззаду
SX2126,Шорти Noir Handmade F356 powerwetlook shorts XXL Червоний (SX2126),замінити першим фото №1,1,https://sexopt.com.ua/content/images/11/sx2126-50115294584154.jpg,2,9,жіночі латексні шорти червоного кольору
SX2127,Шорти Noir Handmade F356 powerwetlook shorts 3XL Червоний (SX2127),замінити першим фото №1,1,https://sexopt.com.ua/content/images/6/sx2127-33409977646823.jpg,2,9,жіночі латексні шорти червоного кольору ззаду
SX2345,Спідниця Art of Sex My Love S S Червоний (SX2345),замінити першим фото №1,1,https://sexopt.com.ua/content/images/10/sx2345-72846891248819.jpg,2,4,червона латексна мініспідниця з ланцюжком ззаду
SX2346,Спідниця Art of Sex My Love M M Червоний (SX2346),замінити першим фото №1,1,https://sexopt.com.ua/content/images/11/55946917450108.jpg,2,4,червона лакована мініспідниця з ланцюжком ззаду
SX2347,Спідниця Art of Sex My Love L L Червоний (SX2347),замінити першим фото №1,1,https://sexopt.com.ua/content/images/12/55855473961449.jpg,2,4,еротична латексна мініспідниця з ланцюжком
SX2348,Спідниця Art of Sex My Love S S Чорний (SX2348),замінити першим фото №1,1,https://sexopt.com.ua/content/images/13/sx2348-65154481949483.jpg,2,4,латексна спідниця з вирізом та ланцюжком
SX2349,Спідниця Art of Sex My Love M M Чорний (SX2349),замінити першим фото №1,1,https://sexopt.com.ua/content/images/14/73136637320461.jpg,2,4,жіноча міні-спідниця з латексу з ланцюжком ззаду
SX2350,Спідниця Art of Sex My Love L L Чорний (SX2350),замінити першим фото №1,1,https://sexopt.com.ua/content/images/15/78700619158565.jpg,2,4,жіноча чорна лакована міні-спідниця з вирізом та ланцюжком ззаду
SX2353,Art of Sex Deily M XS Чорний (SX2353),немає придатного фото,,,4,4,жіноча білизна в сіточку
SX2359,Art of Sex Deily L- 2XL Чорний (SX2359),немає придатного фото,,,4,4,жіноча білизна в сіточку
SX2606,Трусики Fashion Secret Victoria Чорний (SX2606),перше фото придатне,,,1,3,жіночі чорні мереживні трусики
SX2607,Трусики Fashion Secret Victoria Білий (SX2607),перше фото придатне,,,1,3,білі мереживні трусики на манекені
SX2608,Трусики Fashion Secret Victoria Червоний (SX2608),перше фото придатне,,,1,3,жіночі червоні мереживні трусики на манекені
SX2609,Трусики Fashion Secret Ambre Чорний (SX2609),перше фото придатне,,,1,3,жіночі чорні трусики з вирізом
SX2611,Трусики Fashion Secret Ambre Червоний (SX2611),перше фото придатне,,,1,3,жіночі трусики
SX2612,Трусики Fashion Secret Celia Чорний (SX2612),перше фото придатне,,,1,3,чорні мереживні трусики на манекені
SX2613,Трусики Fashion Secret Celia Білий (SX2613),перше фото придатне,,,1,3,білі мереживні трусики на манекені
SX2614,Трусики Fashion Secret Celia Червоний (SX2614),перше фото придатне,,,1,3,червоні мереживні трусики
SX2615,Трусики Fashion Secret Zoe Чорний (SX2615),перше фото придатне,,,1,3,чорні мереживні трусики на манекені
SX2616,Трусики Fashion Secret Zoe Білий (SX2616),перше фото придатне,,,1,3,жіночі білі мереживні трусики з відкритим промежком
SX2617,Трусики Fashion Secret Zoe Червоний (SX2617),перше фото придатне,,,1,3,жіночі червоні мереживні трусики на манекені
SX2618,Трусики Fashion Secret Alicia Чорний (SX2618),перше фото придатне,,,1,3,жіночі чорні трусики з мереживом на манекені
SX2619,Трусики Fashion Secret Alicia Білий (SX2619),перше фото придатне,,,1,3,білі мереживні трусики з вирізом на манекені
SX2620,Трусики Fashion Secret Alicia Червоний (SX2620),перше фото придатне,,,1,3,жіночі трусики червоного кольору з вирізом
SX2621,Трусики Fashion Secret Cindy Чорний (SX2621),перше фото придатне,,,1,3,жіночі чорні мереживні трусики
SX2622,Трусики Fashion Secret Cindy Білий (SX2622),перше фото придатне,,,1,3,білі мереживні трусики на манекені
SX2623,Трусики Fashion Secret Cindy Червоний (SX2623),перше фото придатне,,,1,3,червоні мереживні трусики
SX2632,Комплект JSY One Size (SX2632),замінити першим фото №1,1,https://sexopt.com.ua/content/images/12/sx2632-59399929838555.jpg,2,6,жіноча білизна
SX2641,Трусики JSY 9171T One Size (SX2641),перше фото придатне,,,1,4,чоловіча білизна
SX3098,Комплект Obsessive Keira Lise 2-pcs 2XL/3XL (SX3098),перше фото придатне,,,1,4,жіноча чорна латексна білизна
SX3108,Комплект Obsessive Lecille 3-pcs crotchless 2XL/3XL (SX3108),перше фото придатне,,,1,5,жіноча білизна
SX3372,Art of Sex Jeyson M Чорний (SX3372),перше фото придатне,,,1,3,чорні латексні рукавички без пальців на руках
SX3373,Art of Sex Jeyson S Чорний (SX3373),перше фото придатне,,,1,3,чорні латексні рукавички без пальців
SX3402,Штани Art of Sex Matthias Чорний (SX3402),перше фото придатне,,,1,3,чоловічі чорні блискучі лосини
SX3417,Art of Sex Jeyson L Чорний (SX3417),перше фото придатне,,,1,3,чорні латексні рукавички без пальців на руках
SX3468,Панчохи Art of Sex Rose Чорний (SX3468),перше фото придатне,,,1,4,чорні панчохи з латексним верхом на ногах моделі
SX3576,Боді Obsessive Euridia crotchless teddy XL/2XL (SX3576),перше фото придатне,,,1,6,жіноча чорна білизна
SX3585,Комплект Obsessive Euridia 2-pcs crotchless XL/2XL (SX3585),перше фото придатне,,,1,6,жіноча білизна
SX3610,Комплект Obsessive Matildea 2-pcs crotchless 2XL/3XL (SX3610),перше фото придатне,,,1,4,жіноча білизна червоного кольору
SX3621,Боді Obsessive Soranna long-sleeved teddy 2XL/3XL (SX3621),перше фото придатне,,,1,9,жіноче боді
SX3786,Трусики Art of Sex Isabell XS Білий (SX3786),перше фото придатне,,,1,4,жіночі трусики з перловою підвіскою
SX3787,Трусики Art of Sex Isabell XS Червоний (SX3787),перше фото придатне,,,1,4,жіночі червоні мереживні трусики з прикрасами
SX3788,Трусики Art of Sex Isabell XS Чорний (SX3788),перше фото придатне,,,1,4,жіночі чорні мереживні трусики з прикрасами з перлин
SX3820,Трусики Art of Sex Isabell 2XL Білий (SX3820),замінити першим фото №1,1,https://sexopt.com.ua/content/images/32/27674690688961.jpg,2,4,жіночі мереживні трусики з перловим прикрашанням
SX3821,Трусики Art of Sex Isabell 2XL Червоний (SX3821),перше фото придатне,,,1,4,жіночі червоні мереживні трусики
SX3877,Трусики Art of Sex Demir 2XL Чорний (SX3877),перше фото придатне,,,1,4,чоловічі труси-сіточка
SX3878,Трусики Art of Sex Demir XS Чорний (SX3878),замінити першим фото №2,2,https://sexopt.com.ua/content/images/29/99918663681147.jpg,3,4,чоловічі чорні труси-сіточка з цензурою
SX3889,Трусики Art of Sex Isabell 2XL Чорний (SX3889),перше фото придатне,,,1,4,жіночі чорні мереживні трусики з перловою підвіскою на моделі
SX4172,Noir Handmade H082 Onyx veil polo S S (SX4172),перше фото придатне,,,1,9,чоловік у чорній прозорій сорочці поло
SX4173,Noir Handmade H082 Onyx veil polo M M (SX4173),перше фото придатне,,,1,9,чоловік у чорній прозорій сорочці поло
SX4174,Noir Handmade H082 Onyx veil polo L L (SX4174),перше фото придатне,,,1,9,чоловік у чорній прозорій сорочці поло та чорних штанах
SX4175,Noir Handmade H082 Onyx veil polo XL XL (SX4175),перше фото придатне,,,1,9,чоловік у чорній прозорій сорочці поло
SX4176,Noir Handmade H082 Onyx veil polo XXL (SX4176),перше фото придатне,,,1,9,чоловік у чорній прозорій сорочці поло
SX4177,Noir Handmade H083 Onyx skin tank S S Тілесний (SX4177),перше фото придатне,,,1,9,чоловік у чорній прозорій майці
SX4178,Noir Handmade H083 Onyx skin tank M M Тілесний (SX4178),перше фото придатне,,,1,9,чоловік у чорній прозорій майці
SX4179,Noir Handmade H083 Onyx skin tank L L Тілесний (SX4179),перше фото придатне,,,1,9,чоловік у чорній прозорій майці
SX4180,Noir Handmade H083 Onyx skin tank XL XL Тілесний (SX4180),перше фото придатне,,,1,9,чоловік у чорній прозорій майці
SX4181,Noir Handmade H083 Onyx skin tank XXL Тілесний (SX4181),перше фото придатне,,,1,9,чоловік у чорній прозорій майці
SX4193,Noir Handmade H086 Vexen hooded jacket M M (SX4193),замінити першим фото №2,2,https://sexopt.com.ua/content/images/17/sx4193-84090571065024.jpg,3,9,чорний лаковий чоловічий світшот з капюшоном на блискавці
SX4194,Noir Handmade H086 Vexen hooded jacket L L (SX4194),перше фото придатне,,,1,9,чоловік у чорній латексній кофті з капюшоном
SX4195,Noir Handmade H086 Vexen hooded jacket XL XL (SX4195),перше фото придатне,,,1,9,чоловік у чорній латексній кофті з капюшоном
SX4196,Noir Handmade H086 Vexen hooded jacket XXL (SX4196),перше фото придатне,,,1,9,чоловік у чорній латексній кофті з капюшоном
SX4212,Noir Handmade H096 Ignite hooded vest S S (SX4212),перше фото придатне,,,1,8,чоловік у червоному латексному жилеті з капюшоном та шортах
SX4213,Noir Handmade H096 Ignite hooded vest M M (SX4213),перше фото придатне,,,1,8,чоловік у червоному латексному жилеті з капюшоном та шортах
SX4214,Noir Handmade H096 Ignite hooded vest L L (SX4214),перше фото придатне,,,1,8,чоловік у червоному латексному жилеті з капюшоном та шортах
SX4215,Noir Handmade H096 Ignite hooded vest XL XL (SX4215),перше фото придатне,,,1,8,чоловік у червоному шкіряному жилеті з капюшоном та шортах
SX4216,Noir Handmade H096 Ignite hooded vest XXL (SX4216),перше фото придатне,,,1,8,чоловік у червоному латексному жилеті з капюшоном та шортах
